sample_index,solve_status,semantic_outcome,adversarial_example_objective,witness_available,witness_target_verified,witness_perturbation_verified,witness_verified,witness_margin,witness_output,perturbed_input_value,total_time_seconds,solve_time_seconds,objective_value,objective_bound,formulation_time_seconds,bound_tightening_time_seconds,bound_solver_wall_time_seconds,bound_solver_reported_time_seconds,formulation_excluding_bound_solver_time_seconds,formulation_residual_time_seconds,main_solve_wall_time_seconds,bound_request_count,bound_solver_call_count,bound_optimal_count,bound_time_limit_count,bound_interval_arithmetic_count,bound_constant_expression_count,bound_interval_cutoff_count,bound_upper_skipped_count,bound_lower_skipped_count,bound_simplex_iterations,bound_barrier_iterations,bound_node_count,relu_layer_count,relu_total_count,relu_stable_count,relu_unstable_count,relu_zero_output_count,relu_linear_in_input_count,relu_constant_output_count,num_variables,num_binary_variables,num_structural_constraints,num_total_constraints,main_node_count,main_simplex_iterations,main_barrier_iterations,main_relative_gap
1,INFEASIBLE,certified_no_adversarial_example,feasibility,false,false,false,false,,,,13.41113553,0.029875993728637695,0.0,0.0,12.026792506,3.2972689510000004,0.6726087759999999,0.2505652904510498,11.354183729999999,8.729523555,0.058781425,9626,197,197,0,4023,0,1575,645,3186,6063,0,0,3,4804,4689,115,3186,1503,0,1801,117,1250,4735,,639,0,
2,INFEASIBLE,certified_no_adversarial_example,feasibility,false,false,false,false,,,,0.593748481,0.02573251724243164,0.0,0.0,0.554638513,0.302027675,0.19224436699999994,0.18074989318847656,0.3623941460000001,0.252610838,0.036777881,9626,177,177,0,4059,0,1586,696,3108,4152,0,0,3,4804,4690,114,3108,1582,0,1800,117,1248,4731,,592,0,
3,INFEASIBLE,certified_no_adversarial_example,feasibility,false,false,false,false,,,,0.665305117,0.023486614227294922,0.0,0.0,0.630630822,0.299211756,0.19730795,0.18656349182128906,0.43332287199999997,0.331419066,0.032341677,9626,166,166,0,3974,0,1592,623,3271,3823,0,0,3,4804,4725,79,3271,1454,0,1730,82,1108,4486,,546,0,
4,INFEASIBLE,certified_no_adversarial_example,feasibility,false,false,false,false,,,,0.632831898,0.02349090576171875,0.0,0.0,0.597134167,0.298556209,0.19143074400000004,0.17964959144592285,0.40570342299999995,0.298577958,0.033268069,9626,169,169,0,4089,0,1591,686,3091,4601,0,0,3,4804,4691,113,3091,1600,0,1797,115,1242,4721,,597,0,
5,INFEASIBLE,certified_no_adversarial_example,feasibility,false,false,false,false,,,,0.688552043,0.024647235870361328,0.0,0.0,0.651761856,0.385112777,0.271814816,0.2578442096710205,0.37994704,0.266649079,0.034487067,9626,248,248,0,4033,0,1546,660,3139,5551,0,0,3,4804,4676,128,3139,1537,0,1824,128,1297,4817,,588,0,
6,INFEASIBLE,certified_no_adversarial_example,feasibility,false,false,false,false,,,,0.507639908,0.013920783996582031,0.0,0.0,0.483602745,0.249709082,0.15635852000000003,0.14648938179016113,0.32724422499999994,0.233893663,0.021712741,9626,143,143,0,3993,0,1604,639,3247,3502,0,0,3,4804,4724,80,3247,1477,0,1731,82,1110,4490,,422,0,
7,INFEASIBLE,certified_no_adversarial_example,feasibility,false,false,false,false,,,,0.739843641,0.04718303680419922,0.0,0.0,0.679352189,0.437089595,0.296255842,0.2820322513580322,0.38309634700000006,0.24226259400000005,0.05815136,9626,245,245,0,4041,0,1551,646,3143,6424,0,0,3,4804,4663,141,3143,1520,0,1853,143,1354,4917,,854,0,
8,INFEASIBLE,certified_no_adversarial_example,feasibility,false,false,false,false,,,,0.604061828,0.032913923263549805,0.0,0.0,0.559479196,0.32445087699999997,0.20960166200000002,0.1977236270904541,0.34987753399999993,0.23502831899999999,0.042304112,9626,182,182,0,4029,0,1584,651,3180,4760,0,0,3,4804,4688,116,3180,1508,0,1800,116,1249,4733,,765,0,
9,OPTIMAL,adversarial_example_found_or_best_known,feasibility,true,true,true,true,-1.509903313490213e-14,-8.988394582478872;-29.386527848283805;-13.563467484995744;-11.101319450198575;-10.40562753164517;3.9940954968087867;3.9940954968087716;-20.130401736460676;-1.9644460507331312;-6.6814477380359065,0.0;0.1;0.1;0.0;0.0;0.0;0.0;0.0;0.0;0.1;0.1;0.1;0.1;0.1;0.1;0.0;0.0;0.0;0.1;0.1;0.1;0.0;0.1;0.1;0.1;0.0;0.0;0.1;0.0;0.1;0.0;0.0;0.0;0.1;0.1;0.0;0.1;0.1;0.1;0.1;0.1;0.0;0.0;0.0;0.0;0.0;0.1;0.1;0.1;0.1;0.1;0.1;0.1;0.0;0.0;0.1;0.0;0.1;0.1;0.0;0.0;0.0;0.1;0.0;0.0;0.1;0.1;0.1;0.1;0.1;0.1;0.0;0.0;0.0;0.0;0.1;0.1;0.0;0.1;0.1;0.1;0.0;0.0;0.1;0.0;0.0;0.0;0.0;0.1;0.0;0.1;0.0;0.1;0.0;0.0;0.1;0.1;0.1;0.0;0.1;0.1;0.0;0.1;0.1;0.1;0.0;0.1;0.0;0.1;0.0;0.0;0.0;0.0;0.1;0.1;0.0;0.0;0.1;0.1;0.1;0.1;0.1;0.1;0.1;0.1;0.1;0.1;0.1;0.1;0.0;0.0;0.1;0.1;0.1;0.1;0.1;0.1;0.0;0.0;0.1;0.0;0.0;0.0;0.0;0.1;0.1;0.1;0.1;0.1;0.0;0.0;0.13568887197727467;0.4607843137254902;0.6882352941176471;0.8176470588235294;1.0;0.6450980392156862;0.11176470588235295;0.1;0.0;0.1;0.0;0.1;0.1;0.1;0.0;0.004010933005828101;0.1;0.1;0.0;0.0;0.0;0.0;0.1;0.1;0.1;0.1;0.1;0.09951618255620492;0.42156862745098045;0.8921568627450981;1.0;0.8921568627450981;1.0;1.0;0.10784313725490197;0.0;0.1;0.1;0.0;0.1;0.1;0.1;0.0;0.0;0.1;0.0;0.0;0.0;0.0;0.0;0.1;0.1;0.0;0.1;0.14313725490196078;0.7941176470588235;0.8921568627450981;0.8867329016058523;0.7823529411764706;0.8734448656899467;0.9203698839179386;0.8921568627450981;0.7549019607843137;0.0;0.1;0.0;0.1;0.1;0.1;0.0;0.0;0.0;0.0;0.1;0.0;0.0;0.0;0.0;0.1;0.1;0.1;0.1784313725490196;0.907843137254902;0.8921568627450981;1.0;0.20980392156862746;0.1;0.5980392156862745;1.0;0.8921568627450981;0.9705882352941176;0.1;0.1;0.0;0.1;0.0;0.1;0.1;0.0;0.0;0.0;0.0;0.0;0.0;0.0;0.1;0.0;0.0;0.0;0.43176057715601035;1.0;0.6176470588235294;0.1588235294117647;0.0;0.0;0.29215686274509806;0.884313725490196;1.0;0.884313725490196;0.36274509803921573;0.0;0.1;0.0;0.1;0.1;0.0;0.0;0.0;0.1;0.0;0.0;0.0;0.1;0.1;0.1;0.1;0.0;0.18235294117647058;0.2058823529411765;0.1009434443134438;0.0;0.0;0.0;0.1;0.676470588235294;1.0;1.0;0.38235294117647056;0.1;0.1;0.1;0.1;0.1;0.0;0.0;0.0;0.0;0.1;0.0;0.0;0.1;0.1;0.1;0.1;0.1;0.1;0.0;0.0;0.1;0.0;0.0;0.0;0.2970448555830826;0.8921568627450981;1.0;0.8685810469961565;0.5705882352941176;0.296078431372549;0.10214148815195778;0.1;0.1;0.0;0.0;0.0;0.0;0.1;0.0;0.0;0.1;0.1;0.0;0.10502540011476258;0.34705882352941175;0.12352941176470589;0.0;0.0;0.1;0.0;0.0;0.1;0.5745098039215686;0.8921568627450981;0.8921568627450981;1.0;1.0;1.0;0.7549019607843137;0.10127669028062705;0.1;0.1;0.0;0.0;0.0;0.0;0.0;0.0;0.1;0.0;0.0;0.45686274509803926;0.8921568627450981;0.8333333333333334;0.22549019607843138;0.0;0.0;0.0;0.0;0.0;0.37864639056155835;0.8921568627450981;0.8921568627450981;0.8921568627450981;1.0;0.8921568627450981;1.0;0.8058823529411765;0.1;0.0;0.1;0.0;0.0;0.0;0.0;0.0;0.1;0.1;0.0;0.8568627450980393;1.0;0.7901960784313725;0.0;0.0;0.1;0.0;0.0;0.0;0.2647058823529412;0.8921568627450981;1.0;0.8921568627450981;0.49607843137254903;0.8921568627450981;0.8921568627450981;0.9506890321336674;0.4647058823529412;0.1;0.1;0.0;0.0;0.1;0.0;0.1;0.0;0.1;0.3469201606398334;1.0;1.0;0.8333333333333334;0.21764705882352942;0.0;0.1;0.0;0.0;0.0;0.24490748089166567;0.8921568627450981;1.0;1.0;0.10394985612231936;0.6372549019607844;1.0;1.0;0.48431372549019613;0.0;0.1;0.0;0.0;0.0;0.0;0.0;0.1;0.09978531250853878;0.5;0.8921568627450981;1.0;0.5588235294117647;0.0;0.0;0.1;0.0;0.0;0.0;0.43333333333333335;1.0;1.0;0.8921568627450981;0.7431372549019608;0.8882352941176471;1.0;0.7666666666666667;0.18627450980392157;0.0;0.1;0.0;0.0;0.0;0.0;0.0;0.0;0.16666666666666669;0.7986151116345698;1.0;0.8921568627450981;0.38627450980392153;0.0;0.0;0.0;0.0;0.0;0.1;0.20980392156862746;0.8659215717275596;0.8921568627450981;0.8921568627450981;1.0;1.0;1.0;0.6019607843137255;0.1;0.0;0.1;0.0;0.1;0.0;0.0;0.0;0.1;0.15928526532365586;0.8921568627450981;0.8921568627450981;1.0;0.17058823529411762;0.0;0.0;0.0;0.0;0.0;0.0;0.1;0.7588235294117647;0.8882352941176471;0.8921568627450981;1.0;1.0;0.7862745098039216;0.1;0.1;0.1;0.1;0.0;0.0;0.0;0.0;0.0;0.0;0.28431372549019607;1.0;1.0;0.8921568627450981;0.10369224340578165;0.1;0.0;0.0;0.1;0.0;0.1;0.1;0.1;0.5862745098039216;0.7862745098039216;0.6466128256116729;0.6803921568627451;0.10410613088884876;0.0;0.0;0.0;0.0;0.0;0.0;0.0;0.0;0.0;0.1;0.28431372549019607;0.8921568627450981;0.8921568627450981;0.9352941176470588;0.14313725490196078;0.1;0.1;0.0;0.0;0.0;0.1;0.1;0.1;0.1;0.0990741581978598;0.1;0.09854084397218055;0.1;0.1;0.0;0.0;0.0;0.0;0.0;0.0;0.0;0.0;0.1;0.1627450980392157;0.7918765786186254;0.8921568627450981;0.5666666666666667;0.1;0.1;0.1;0.1;0.1;0.0;0.1;0.0;0.1;0.0;0.1;0.1;0.1;0.1;0.0;0.1;0.0;0.04000415986279829;0.0;0.1;0.0;0.0;0.0;0.1;0.6058823529411764;1.0;0.8921568627450981;0.7666666666666666;0.1;0.1;0.1;0.0;0.1;0.0;0.0;0.1;0.1;0.0;0.0;0.1;0.1;0.1;0.1;0.0;0.0;0.0;0.0;0.0;0.1;0.0;0.1;0.1;0.43333333333333335;0.8921568627450981;0.8921568627450981;0.5666666666666667;0.1;0.0;0.1;0.0;0.0;0.0;0.1;0.1;0.1;0.0;0.1;0.0;0.1;0.1;0.0;0.1;0.0;0.0;0.0;0.0;0.0;0.0;0.0;0.1;0.09572272495183785;1.0;0.8921568627450981;0.7666666666666666;0.1;0.0;0.1;0.0;0.0;0.1;0.1;0.1;0.1;0.0;0.0;0.0;0.1;0.1;0.1;0.1;0.0;0.0;0.0;0.1;0.0;0.0;0.1;0.1;0.1;0.1;0.1;0.1;0.1;0.1;0.0;0.0;0.0;0.0;0.0;0.0;0.09174825650513325;0.0;0.1;0.0;0.1;0.1;0.1;0.1;0.0;0.1;0.0;0.1;0.0;0.1;0.1;0.1;0.1;0.0;0.09886223915251663;0.1;0.1;0.0;0.0;0.1;0.0;0.0;0.0;0.1;0.1;0.1;0.1;0.0;0.0;0.1;0.1;0.1;0.1;0.0;0.0;0.1;0.1;0.1;0.1;0.1;0.1;0.0;0.1;0.1;0.1;0.1;0.0;0.0;0.0;0.0;0.0;0.0;0.0;0.0;0.0;0.1;0.0;0.1;0.0;0.0;0.0;0.0;0.0;0.0,4.503472276,3.356079578399658,0.0,0.0,0.616736422,0.336568841,0.23360194900000006,0.22075390815734863,0.3831344729999999,0.280167581,3.365953601,9626,204,204,0,4072,0,1574,684,3092,5293,0,0,3,4804,4666,138,3092,1574,0,1844,138,1337,4887,1,36396,,0.0
10,INFEASIBLE,certified_no_adversarial_example,feasibility,false,false,false,false,,,,0.806501399,0.04056572914123535,0.0,0.0,0.752103414,0.46735828300000004,0.323689366,0.3083329200744629,0.42841404800000005,0.284745131,0.052070027,9626,244,244,0,4076,0,1552,655,3099,7709,0,0,3,4804,4654,150,3099,1555,0,1871,152,1390,4980,,712,0,
11,INFEASIBLE,certified_no_adversarial_example,feasibility,false,false,false,false,,,,0.690797794,0.02363896369934082,0.0,0.0,0.653660549,0.37880533299999997,0.25732655600000004,0.24426817893981934,0.396333993,0.27485521600000007,0.03470938,9626,220,220,0,4068,0,1560,679,3099,5263,0,0,3,4804,4682,122,3099,1583,0,1816,125,1280,4787,,528,0,
12,INFEASIBLE,certified_no_adversarial_example,feasibility,false,false,false,false,,,,1.055655329,0.052217960357666016,0.0,0.0,0.986856362,0.677208902,0.524598364,0.505974292755127,0.462257998,0.3096474600000001,0.066411101,9626,337,337,0,4078,0,1504,656,3051,10621,0,0,3,4804,4610,194,3051,1559,0,1961,198,1570,5294,,738,0,
13,INFEASIBLE,certified_no_adversarial_example,feasibility,false,false,false,false,,,,1.254217695,0.03397512435913086,0.0,0.0,1.207171303,0.39084375600000004,0.270624789,0.2570209503173828,0.936546514,0.816327547,0.044669462,9626,219,219,0,4036,0,1565,655,3151,5790,0,0,3,4804,4681,123,3151,1530,0,1819,127,1286,4797,,638,0,
14,INFEASIBLE,certified_no_adversarial_example,feasibility,false,false,false,false,,,,0.703850367,0.02354145050048828,0.0,0.0,0.665729026,0.40925060300000005,0.287397068,0.2735927104949951,0.37833195799999997,0.2564784229999999,0.03582582,9626,227,227,0,4076,0,1561,683,3079,6619,0,0,3,4804,4659,145,3079,1580,0,1863,149,1374,4951,,516,0,
15,INFEASIBLE,certified_no_adversarial_example,feasibility,false,false,false,false,,,,0.399518015,0.009979486465454102,0.0,0.0,0.380097421,0.167547263,0.081836699,0.07407402992248535,0.298260722,0.212550158,0.017162618,9626,96,96,0,3986,0,1628,661,3255,1339,0,0,3,4804,4757,47,3255,1502,0,1662,47,973,4250,,404,0,
16,INFEASIBLE,certified_no_adversarial_example,feasibility,false,false,false,false,,,,0.844095053,0.032979726791381836,0.0,0.0,0.797486205,0.534126113,0.3331456870000001,0.31778573989868164,0.4643405179999999,0.263360092,0.044273982,9626,270,270,0,4050,0,1536,700,3070,7917,0,0,3,4804,4648,156,3070,1578,0,1880,156,1409,5013,,651,0,
17,INFEASIBLE,certified_no_adversarial_example,feasibility,false,false,false,false,,,,0.707401147,0.03179335594177246,0.0,0.0,0.662893504,0.390421216,0.267763171,0.25447511672973633,0.395130333,0.272472288,0.042228259,9626,213,213,0,4052,0,1565,660,3136,6908,0,0,3,4804,4676,128,3136,1540,0,1828,131,1304,4829,,664,0,
18,INFEASIBLE,certified_no_adversarial_example,feasibility,false,false,false,false,,,,0.52244816,0.015933752059936523,0.0,0.0,0.494794985,0.26355939700000003,0.172344487,0.16173481941223145,0.32245049800000003,0.231235588,0.025287752,9626,152,152,0,4038,0,1600,672,3164,3990,0,0,3,4804,4698,106,3164,1534,0,1780,106,1209,4663,,470,0,
19,INFEASIBLE,certified_no_adversarial_example,feasibility,false,false,false,false,,,,29.987554489,29.20333170890808,,0.0,0.769190122,0.479896785,0.354231469,0.3384675979614258,0.414958653,0.28929333700000004,29.215936548,9626,267,267,0,4102,0,1540,691,3026,7509,0,0,3,4804,4633,171,3026,1607,0,1913,173,1474,5127,,1676,0,
20,INFEASIBLE,certified_no_adversarial_example,feasibility,false,false,false,false,,,,0.846840423,0.03659868240356445,0.0,0.0,0.797229634,0.5245783340000001,0.362203357,0.34602999687194824,0.435026277,0.27265129999999993,0.047248508,9626,296,296,0,4021,0,1526,639,3144,7206,0,0,3,4804,4639,165,3144,1495,0,1898,165,1445,5076,,754,0,
21,INFEASIBLE,certified_no_adversarial_example,feasibility,false,false,false,false,,,,0.623252236,0.023344755172729492,0.0,0.0,0.588285156,0.325379503,0.22453840700000005,0.21362566947937012,0.3637467489999999,0.26290565299999996,0.032575095,9626,162,162,0,4052,0,1595,664,3153,5139,0,0,3,4804,4695,109,3153,1542,0,1790,112,1228,4696,,549,0,
22,INFEASIBLE,certified_no_adversarial_example,feasibility,false,false,false,false,,,,0.646545308,0.024135112762451172,0.0,0.0,0.610570653,0.375292705,0.26998657499999995,0.2406759262084961,0.34058407800000007,0.23527794800000001,0.033736697,9626,180,180,0,4041,0,1586,673,3146,6376,0,0,3,4804,4687,117,3146,1541,0,1802,117,1253,4740,,558,0,
23,INFEASIBLE,certified_no_adversarial_example,feasibility,false,false,false,false,,,,0.775725433,0.03325939178466797,0.0,0.0,0.728047314,0.462677248,0.32182716899999997,0.308138370513916,0.40622014500000003,0.265370066,0.045341483,9626,255,255,0,4047,0,1546,670,3108,6195,0,0,3,4804,4662,142,3108,1554,0,1857,146,1362,4930,,551,0,
24,INFEASIBLE,certified_no_adversarial_example,feasibility,false,false,false,false,,,,0.689687419,0.021396636962890625,0.0,0.0,0.65516424,0.39447487999999997,0.264292848,0.25107693672180176,0.39087139199999993,0.26068936,0.032222568,9626,208,208,0,4045,0,1571,678,3124,6447,0,0,3,4804,4668,136,3124,1544,0,1844,139,1336,4885,,511,0,
25,INFEASIBLE,certified_no_adversarial_example,feasibility,false,false,false,false,,,,0.720227208,0.03125929832458496,0.0,0.0,0.675676239,0.41207294399999994,0.28719857700000007,0.2734532356262207,0.3884776619999999,0.263603295,0.042148139,9626,226,226,0,4011,0,1560,665,3164,6484,0,0,3,4804,4670,134,3164,1506,0,1839,136,1326,4868,,639,0,
26,INFEASIBLE,certified_no_adversarial_example,feasibility,false,false,false,false,,,,0.764628022,0.0246584415435791,0.0,0.0,0.726995232,0.375450453,0.24796022399999995,0.23419189453125,0.4790350080000001,0.35154477900000003,0.035285502,9626,218,218,0,4145,0,1563,715,2985,5002,0,0,3,4804,4667,137,2985,1682,0,1842,137,1333,4880,,598,0,
27,INFEASIBLE,certified_no_adversarial_example,feasibility,false,false,false,false,,,,1.083300191,0.02622532844543457,0.0,0.0,1.045313756,0.8033889780000001,0.234000331,0.2212841510772705,0.811313425,0.241924778,0.035694636,9626,204,204,0,4006,0,1573,662,3181,4748,0,0,3,4804,4691,113,3181,1510,0,1794,113,1237,4712,,641,0,
28,INFEASIBLE,certified_no_adversarial_example,feasibility,false,false,false,false,,,,0.562567562,0.02572035789489746,0.0,0.0,0.525099701,0.28957324199999995,0.18422810799999997,0.17363929748535156,0.34087159300000003,0.23552645900000008,0.035145577,9626,166,166,0,4023,0,1593,674,3170,3649,0,0,3,4804,4709,95,3170,1539,0,1758,95,1165,4586,,660,0,
29,INFEASIBLE,certified_no_adversarial_example,feasibility,false,false,false,false,,,,0.736598521,0.026827573776245117,0.0,0.0,0.696235973,0.380328161,0.256495661,0.24366044998168945,0.43974031199999997,0.31590781199999995,0.038077181,9626,216,216,0,4088,0,1568,691,3063,5388,0,0,3,4804,4661,143,3063,1598,0,1858,146,1364,4934,,606,0,
30,INFEASIBLE,certified_no_adversarial_example,feasibility,false,false,false,false,,,,0.468117073,0.014223098754882812,0.0,0.0,0.443564699,0.22970362199999997,0.14359124399999995,0.13393306732177734,0.29997345500000006,0.21386107700000004,0.022163801,9626,156,156,0,3985,0,1597,638,3250,2773,0,0,3,4804,4728,76,3250,1478,0,1720,76,1089,4453,,454,0,
31,INFEASIBLE,certified_no_adversarial_example,feasibility,false,false,false,false,,,,0.601133883,0.02193617820739746,0.0,0.0,0.567027958,0.323618202,0.196966755,0.18609285354614258,0.37006120300000006,0.24340975600000003,0.031841945,9626,174,174,0,4040,0,1589,665,3158,4204,0,0,3,4804,4696,108,3158,1538,0,1787,110,1222,4686,,519,0,
32,INFEASIBLE,certified_no_adversarial_example,feasibility,false,false,false,false,,,,0.442897392,0.013723134994506836,0.0,0.0,0.419647195,0.20960109799999999,0.104631736,0.09650492668151855,0.31501545899999994,0.210046097,0.020761569,9626,110,110,0,3971,0,1621,646,3278,1914,0,0,3,4804,4746,58,3278,1468,0,1684,58,1017,4327,,496,0,
33,INFEASIBLE,certified_no_adversarial_example,feasibility,false,false,false,false,,,,0.601703425,0.01850104331970215,0.0,0.0,0.571472103,0.33336734399999995,0.20976248300000003,0.19833636283874512,0.36170961999999995,0.238104759,0.027924386,9626,182,182,0,4054,0,1580,687,3123,4905,0,0,3,4804,4696,108,3123,1573,0,1784,108,1217,4677,,505,0,
34,INFEASIBLE,certified_no_adversarial_example,feasibility,false,false,false,false,,,,0.906821229,0.16706061363220215,0.0,0.0,0.725105521,0.433223439,0.31575511300000003,0.3010225296020508,0.409350408,0.29188208200000004,0.179288291,9626,255,255,0,4053,0,1547,681,3090,6879,0,0,3,4804,4642,162,3090,1552,0,1895,164,1438,5064,,847,0,
35,INFEASIBLE,certified_no_adversarial_example,feasibility,false,false,false,false,,,,0.618830712,0.030343294143676758,0.0,0.0,0.576738044,0.318698691,0.19790381000000004,0.18665480613708496,0.37883423399999994,0.25803935299999997,0.039758385,9626,165,165,0,4047,0,1593,679,3142,4721,0,0,3,4804,4695,109,3142,1553,0,1790,112,1228,4696,,775,0,
36,INFEASIBLE,certified_no_adversarial_example,feasibility,false,false,false,false,,,,0.720680912,0.023769855499267578,0.0,0.0,0.683607828,0.422268468,0.2866512349999999,0.27325892448425293,0.3969565930000001,0.26133935999999997,0.034831333,9626,225,225,0,4078,0,1561,691,3071,6619,0,0,3,4804,4658,146,3071,1587,0,1864,149,1376,4955,,530,0,
37,INFEASIBLE,certified_no_adversarial_example,feasibility,false,false,false,false,,,,0.666672989,0.04915666580200195,0.0,0.0,0.604928412,0.349865525,0.227921767,0.21617507934570312,0.37700664500000003,0.255062887,0.059425113,9626,187,187,0,4039,0,1583,686,3131,5390,0,0,3,4804,4682,122,3131,1551,0,1816,125,1280,4787,,1007,0,
38,INFEASIBLE,certified_no_adversarial_example,feasibility,false,false,false,false,,,,0.573419078,0.017733335494995117,0.0,0.0,0.545000601,0.307970749,0.20934578399999998,0.19894647598266602,0.33565481700000005,0.23702985200000004,0.026133775,9626,156,156,0,3996,0,1597,646,3231,4656,0,0,3,4804,4716,88,3231,1485,0,1747,90,1142,4546,,474,0,
39,INFEASIBLE,certified_no_adversarial_example,feasibility,false,false,false,false,,,,0.718866762,0.04514956474304199,0.0,0.0,0.660001232,0.39882888899999996,0.278187144,0.26514673233032227,0.38181408800000005,0.2611723430000001,0.056551612,9626,207,207,0,4037,0,1573,673,3136,6958,0,0,3,4804,4664,140,3136,1528,0,1852,143,1352,4913,,795,0,
40,INFEASIBLE,certified_no_adversarial_example,feasibility,false,false,false,false,,,,1.133815397,0.019181013107299805,0.0,0.0,1.103213726,0.31146102200000003,0.209086322,0.1978929042816162,0.8941274039999999,0.7917527039999999,0.028209083,9626,161,161,0,4012,0,1596,644,3213,4879,0,0,3,4804,4702,102,3213,1489,0,1772,102,1193,4635,,486,0,
41,INFEASIBLE,certified_no_adversarial_example,feasibility,false,false,false,false,,,,0.59584313,0.03688192367553711,0.0,0.0,0.546534208,0.318821652,0.21528197400000001,0.20438051223754883,0.3312522339999999,0.22771255599999995,0.04700388,9626,195,195,0,3964,0,1579,622,3266,3537,0,0,3,4804,4704,100,3266,1438,0,1771,102,1190,4630,,723,0,
42,INFEASIBLE,certified_no_adversarial_example,feasibility,false,false,false,false,,,,0.774597062,0.049324750900268555,0.0,0.0,0.711046174,0.45527532700000006,0.317683371,0.30435872077941895,0.39336280300000004,0.25577084699999997,0.061124233,9626,227,227,0,4017,0,1561,651,3170,7328,0,0,3,4804,4671,133,3170,1501,0,1838,136,1324,4864,,927,0,
43,INFEASIBLE,certified_no_adversarial_example,feasibility,false,false,false,false,,,,0.565563754,0.01954054832458496,0.0,0.0,0.535521933,0.301214215,0.135969591,0.12674570083618164,0.39955234199999995,0.23430771799999994,0.027622043,9626,134,134,0,4027,0,1608,675,3182,2779,0,0,3,4804,4730,74,3182,1548,0,1716,74,1081,4439,,581,0,
44,INFEASIBLE,certified_no_adversarial_example,feasibility,false,false,false,false,,,,0.624658409,0.030541658401489258,0.0,0.0,0.581307559,0.33293834,0.225863304,0.212921142578125,0.355444255,0.24836921899999997,0.040935195,9626,202,202,0,4006,0,1572,651,3195,4917,0,0,3,4804,4689,115,3195,1494,0,1804,120,1256,4744,,667,0,
45,INFEASIBLE,certified_no_adversarial_example,feasibility,false,false,false,false,,,,0.605525192,0.029813289642333984,0.0,0.0,0.56321916,0.328514038,0.19847844499999998,0.1873469352722168,0.36474071500000005,0.23470512200000004,0.039967355,9626,181,181,0,4020,0,1586,650,3189,4272,0,0,3,4804,4690,114,3189,1501,0,1796,114,1241,4719,,687,0,
46,INFEASIBLE,certified_no_adversarial_example,feasibility,false,false,false,false,,,,14.903480793,13.93384861946106,,0.0,0.954253735,0.683893812,0.511246474,0.4935035705566406,0.443007261,0.270359923,13.94687179,9626,302,302,0,4045,0,1522,657,3100,10546,0,0,3,4804,4622,182,3100,1522,0,1937,186,1522,5210,,1697,0,
47,INFEASIBLE,certified_no_adversarial_example,feasibility,false,false,false,false,,,,0.549076949,0.01604437828063965,0.0,0.0,0.521590372,0.287559934,0.175018811,0.1644151210784912,0.34657156100000003,0.234030438,0.025138769,9626,173,173,0,4009,0,1588,641,3215,3614,0,0,3,4804,4709,95,3215,1494,0,1762,98,1172,4598,,422,0,
48,INFEASIBLE,certified_no_adversarial_example,feasibility,false,false,false,false,,,,0.824728893,0.04074501991271973,0.0,0.0,0.770085487,0.502836642,0.353781362,0.3390388488769531,0.416304125,0.267248845,0.052281853,9626,259,259,0,4032,0,1544,656,3135,8220,0,0,3,4804,4652,152,3135,1517,0,1877,156,1402,5000,,740,0,
49,INFEASIBLE,certified_no_adversarial_example,feasibility,false,false,false,false,,,,0.654805933,0.027405261993408203,0.0,0.0,0.614337805,0.33248320099999995,0.22124263899999996,0.2079603672027588,0.39309516600000005,0.28185460400000006,0.038206703,9626,193,193,0,4087,0,1578,670,3098,4769,0,0,3,4804,4684,120,3098,1586,0,1808,120,1265,4761,,619,0,
50,INFEASIBLE,certified_no_adversarial_example,feasibility,false,false,false,false,,,,0.823841183,0.05016160011291504,0.0,0.0,0.759209937,0.5005745349999999,0.336351101,0.3216567039489746,0.42285883599999996,0.258635402,0.062249951,9626,257,257,0,4048,0,1547,659,3115,7226,0,0,3,4804,4641,163,3115,1526,0,1894,163,1437,5062,,872,0,
51,INFEASIBLE,certified_no_adversarial_example,feasibility,false,false,false,false,,,,0.71180423,0.02228069305419922,0.0,0.0,0.676979252,0.42353855800000006,0.29002179799999994,0.2770202159881592,0.38695745400000003,0.2534406939999999,0.032477241,9626,214,214,0,4039,0,1563,649,3161,6926,0,0,3,4804,4682,122,3161,1521,0,1815,124,1278,4784,,468,0,
52,INFEASIBLE,certified_no_adversarial_example,feasibility,false,false,false,false,,,,0.737020224,0.019531965255737305,0.0,0.0,0.704074643,0.44475375,0.300707333,0.28675198554992676,0.40336731,0.259320893,0.030508613,9626,228,228,0,4097,0,1561,692,3048,6391,0,0,3,4804,4665,139,3048,1617,0,1850,142,1348,4906,,478,0,
53,INFEASIBLE,certified_no_adversarial_example,feasibility,false,false,false,false,,,,0.977907649,0.02289867401123047,0.0,0.0,0.940605269,0.558107024,0.42861984900000005,0.41445374488830566,0.5119854199999999,0.38249824499999996,0.034934883,9626,245,245,0,4063,0,1551,681,3086,8866,0,0,3,4804,4646,158,3086,1560,0,1887,160,1422,5036,,505,0,
54,INFEASIBLE,certified_no_adversarial_example,feasibility,false,false,false,false,,,,1.5172,0.1889479160308838,0.0,0.0,1.311987717,0.5149355680000001,0.3832827270000001,0.36701416969299316,0.92870499,0.797052149,0.202755636,9626,283,283,0,4041,0,1531,663,3108,7546,0,0,3,4804,4632,172,3108,1524,0,1917,176,1482,5140,,773,0,
55,INFEASIBLE,certified_no_adversarial_example,feasibility,false,false,false,false,,,,0.879980198,0.06390643119812012,0.0,0.0,0.798909117,0.521685408,0.369783953,0.35451507568359375,0.429125164,0.27722370900000004,0.078737532,9626,253,253,0,4098,0,1546,677,3052,8644,0,0,3,4804,4643,161,3052,1591,0,1894,164,1436,5060,,1094,0,
56,INFEASIBLE,certified_no_adversarial_example,feasibility,false,false,false,false,,,,0.654338764,0.027401208877563477,0.0,0.0,0.615024053,0.301039477,0.19024594299999997,0.17707061767578125,0.42477811,0.31398457599999996,0.036983688,9626,176,176,0,4051,0,1586,690,3123,4240,0,0,3,4804,4698,106,3123,1575,0,1780,106,1209,4663,,652,0,
57,INFEASIBLE,certified_no_adversarial_example,feasibility,false,false,false,false,,,,0.623927094,0.01869344711303711,0.0,0.0,0.592709127,0.341059458,0.23133384199999998,0.2193901538848877,0.36137528500000005,0.251649669,0.028824098,9626,191,191,0,4059,0,1579,674,3123,5100,0,0,3,4804,4691,113,3123,1568,0,1794,113,1237,4712,,516,0,
58,INFEASIBLE,certified_no_adversarial_example,feasibility,false,false,false,false,,,,0.499867573,0.015791893005371094,0.0,0.0,0.473496323,0.256367273,0.138647166,0.12730979919433594,0.334849157,0.21712905,0.023967401,9626,140,140,0,3974,0,1607,641,3264,2654,0,0,3,4804,4728,76,3264,1464,0,1725,80,1098,4468,,426,0,
59,INFEASIBLE,certified_no_adversarial_example,feasibility,false,false,false,false,,,,0.729940635,0.024519681930541992,0.0,0.0,0.692178681,0.4397564,0.299336369,0.2870461940765381,0.392842312,0.252422281,0.035461949,9626,202,202,0,4058,0,1575,664,3127,6930,0,0,3,4804,4676,128,3127,1549,0,1828,131,1304,4829,,533,0,
60,INFEASIBLE,certified_no_adversarial_example,feasibility,false,false,false,false,,,,0.701842395,0.027904987335205078,0.0,0.0,0.660294536,0.415900057,0.27368876799999997,0.26062965393066406,0.386605768,0.244394479,0.039055002,9626,213,213,0,4006,0,1566,642,3199,6745,0,0,3,4804,4678,126,3199,1479,0,1829,134,1306,4830,,545,0,
61,INFEASIBLE,certified_no_adversarial_example,feasibility,false,false,false,false,,,,0.530803439,0.019318342208862305,0.0,0.0,0.501135641,0.241838498,0.146866595,0.13709545135498047,0.354269046,0.25929714299999995,0.027279652,9626,160,160,0,4028,0,1597,670,3171,2369,0,0,3,4804,4724,80,3171,1553,0,1728,80,1105,4481,,556,0,
62,INFEASIBLE,certified_no_adversarial_example,feasibility,false,false,false,false,,,,0.726533238,0.03412437438964844,0.0,0.0,0.676204228,0.423734146,0.29153989599999997,0.2772951126098633,0.38466433200000005,0.25247008200000004,0.047973924,9626,238,238,0,4081,0,1555,668,3084,6482,0,0,3,4804,4657,147,3084,1573,0,1868,152,1384,4968,,626,0,
63,OPTIMAL,adversarial_example_found_or_best_known,feasibility,true,true,true,true,-1.1102230246251565e-14,-10.131085260243953;-16.796820361088436;-7.991526175365337;-7.576858503212641;-7.213492742352816;-2.374790695725715;-7.141517350012165;-6.203341876556133;-1.7080880921750605;-1.7080880921750494,0.1;0.0;0.0;0.1;0.0;0.0;0.0;0.1;0.1;0.0;0.0;0.0;0.0;0.1;0.1;0.1;0.1;0.0;0.0;0.1;0.1;0.0;0.0;0.1;0.1;0.0;0.0;0.1;0.1;0.0;0.0;0.1;0.0;0.0;0.0;0.1;0.1;0.0;0.0;0.0;0.0;0.0;0.0;0.1;0.0;0.0;0.0;0.1;0.0;0.0;0.0;0.1;0.0;0.0;0.0;0.0;0.1;0.0;0.0;0.1;0.1;0.0;0.0;0.1;0.1;0.0;0.0;0.0;0.0;0.1;0.1;0.1;0.1;0.1;0.0;0.0;0.1;0.0;0.0;0.1;0.1;0.0;0.0;0.0;0.1;0.1;0.0;0.1;0.0;0.1;0.1;0.1;0.0;0.1;0.0;0.1;0.0;0.1;0.1;0.1;0.1;0.1;0.1;0.1;0.1;0.1;0.1;0.1;0.0;0.1;0.0;0.0;0.1;0.1;0.1;0.0;0.0;0.0;0.0;0.0;0.0;0.1;0.0;0.0;0.0;0.1;0.0;0.1;0.0;0.0;0.1;0.0;0.0;0.1;0.1;0.1;0.1;0.0;0.0;0.0;0.0;0.0;0.0;0.1;0.1;0.1;0.1;0.1;0.1;0.1;0.0;0.1;0.0;0.1;0.1;0.1;0.1;0.0;0.1;0.0;0.1;0.1;0.1;0.1;0.04044836856193163;0.1;0.0;0.0;0.0;0.0;0.0;0.0;0.0;0.0;0.0;0.0;0.1;0.1;0.1;0.1;0.0;0.1;0.1;0.1;0.1;0.0;0.1;0.0;0.0;0.1;0.1;0.1;0.1;0.1;0.1;0.0;0.0;0.1;0.0;0.0;0.0;0.0;0.1;0.0;0.1;0.0;0.1;0.0;0.0;0.0;0.054063132039246765;0.1;0.1;0.0;0.1;0.1;0.1;0.0;0.1;0.1;0.1;0.1;0.1;0.0;0.1;0.0;0.0;0.0;0.0;0.0;0.0;0.0;0.0;0.0;0.10389129106003858;0.23333333333333334;0.1;0.1;0.1;0.1;0.1;0.0;0.0;0.1;0.1;0.1;0.1;0.0;0.1;0.1;0.1;0.0;0.0;0.0;0.0;0.0;0.1;0.1;0.0;0.3532650179502658;0.7509803921568627;0.9352941176470588;0.7627450980392158;0.8647058823529412;0.621987941934342;0.5352484669731764;0.2215686274509804;0.10214993514230461;0.1;0.0;0.1;0.0;0.1;0.0;0.1;0.0;0.1;0.1;0.1;0.1;0.0;0.0;0.0;0.1;0.1;0.1;0.6568627450980392;0.9705882352941176;0.6686274509803922;0.5235294117647059;0.3595071233264986;0.40980392156862744;0.8647058823529412;1.0;0.8960784313725491;0.8686274509803922;0.3313725490196079;0.0;0.0;0.1;0.1;0.0;0.0;0.0;0.0;0.1;0.1;0.0;0.0;0.0;0.0;0.1;0.0;0.1;0.8960784313725491;0.2176470588235294;0.0;0.0;0.0;0.1;0.1605388981097947;0.28823529411764703;0.4463434389343676;0.9941176470588236;0.8960784313725491;0.7050623340988387;0.16666666666666669;0.1;0.1;0.0;0.1;0.0;0.1;0.0;0.1;0.0;0.1;0.0;0.0;0.1;0.0;0.1;0.8632365226728325;0.3901960784313726;0.1;0.0;0.0;0.0;0.099952411714513;0.0;0.097517832707973;0.0;0.40588235294117647;1.0;0.5549019607843138;0.1;0.1;0.0;0.1;0.0;0.0;0.1;0.1;0.0;0.0;0.0;0.0;0.1;0.0;0.1;0.5745098039215687;0.5;0.0;0.0;0.0;0.0;0.1;0.0;0.0;0.0;0.10392156862745099;0.6176470588235294;0.676470588235294;0.1;0.0;0.1;0.1;0.1;0.1;0.1;0.0;0.0;0.1;0.0;0.0;0.1;0.1;0.0;0.6803921568627451;0.8254901960784313;0.0;0.0;0.0;0.1;0.1;0.0;0.0;0.1;0.09644337471261988;0.8372549019607843;0.18627450980392157;0.1;0.1;0.0;0.1;0.0;0.1;0.0;0.1;0.0;0.0;0.0;0.0;0.0;0.1;0.1;0.6490196078431373;0.8294117647058824;0.0;0.1;0.1;0.0;0.0;0.1;0.43333333333333335;0.5113165537972008;0.8767599482531815;0.6097713678697151;0.6725490196078431;0.48665230116790437;0.4882352941176471;0.672276237491639;0.4294117647058824;0.28823529411764703;0.28823529411764703;0.3941176470588236;0.0;0.0;0.1;0.0;0.0;0.1;0.1;0.1;0.45686274509803926;0.8294117647058824;0.09986371444900717;0.1;0.1;0.1;0.6411764705882352;0.8411764705882353;0.7980392156862746;0.8960784313725491;0.9;0.8960784313725491;0.9866570623753618;1.0;0.8960784313725491;0.8960784313725491;0.8098039215686275;0.884313725490196;0.8647058823529412;0.9980392156862745;0.0;0.0;0.0;0.0;0.0;0.0;0.1;0.1;0.20588235294117646;0.8803921568627451;0.5509803921568628;0.1;0.0;0.1;0.17058823529411762;0.44509803921568625;0.24901960784313723;0.12352941176470589;0.12352941176470589;0.12352941176470589;0.12352941176470589;0.3235294117647059;0.22851073109617162;0.21435152799006799;0.13137254901960785;0.1835992768240515;0.10476071616209995;0.1;0.0;0.1;0.1;0.0;0.0;0.0;0.1;0.1;0.10784313725490197;0.6607843137254902;0.25299223238867263;0.1;0.1;0.0;0.0;0.0;0.0;0.0;0.0;0.0;0.0;0.1;0.0;0.1;0.09977589131519679;0.1;0.09944216743961988;0.1;0.1;0.0;0.1;0.0;0.0;0.0;0.1;0.1;0.1;0.19110614568115786;0.10637052206055617;0.0;0.1;0.0;0.1;0.0;0.1;0.0;0.1;0.0;0.0;0.0;0.1;0.0;0.0;0.1;0.1;0.0;0.1;0.1;0.1;0.0;0.0;0.0;0.0;0.1;0.1;0.0;0.0;0.1;0.1;0.1;0.0;0.1;0.1;0.0;0.1;0.0;0.0;0.0;0.0;0.0;0.0;0.1;0.1;0.0;0.1;0.1;0.0;0.0;0.0;0.0;0.1;0.1;0.1;0.0;0.0;0.1;0.1;0.0;0.1;0.1;0.1;0.1;0.0;0.0;0.0;0.0;0.0;0.0;0.1;0.0;0.1;0.0;0.0888518797069722;0.1;0.1;0.0;0.0;0.0;0.0;0.1;0.1;0.0;0.0;0.0;0.0;0.1;0.1;0.1;0.1;0.0;0.0;0.0;0.0;0.0;0.0;0.0;0.0;0.1;0.1;0.0;0.0;0.0;0.0;0.0;0.0;0.0;0.1;0.0;0.0;0.0;0.0;0.0;0.0;0.0;0.0;0.1;0.0;0.1;0.0;0.0;0.0;0.1;0.0;0.1;0.0;0.1;0.0;0.0;0.0;0.1;0.1;0.0;0.0;0.0;0.0;0.1;0.1;0.0;0.0;0.1;0.1;0.1;0.1;0.1;0.1;0.1;0.0;0.0;0.0;0.1;0.1;0.0;0.0;0.1;0.0;0.0;0.0;0.1;0.0;0.1;0.0;0.1;0.0;0.1;0.0;0.1;0.0;0.0;0.0;0.0;0.0;0.1;0.0;0.1;0.0;0.1;0.0;0.1;0.0;0.0;0.0;0.1;0.0;0.1;0.0;0.1;0.1;0.1;0.1;0.1;0.1;0.1;0.1;0.1;0.0;0.0;0.0;0.1;0.1;0.1;0.1;0.0;0.0;0.1;0.0;0.1;0.1;0.0;0.0;0.0;0.0;0.0;0.0;0.1;0.0;0.0;0.0;0.1;0.1;0.0;0.0;0.1;0.0;0.0;0.0;0.1;0.0;0.0;0.0;0.1;0.0;0.1;0.1;0.1;0.1;0.1;0.1;0.0;0.1;0.0;0.0;0.0,36.144494755,35.374958992004395,0.0,0.0,0.748638089,0.47117831,0.33729597200000005,0.3224916458129883,0.4113421169999999,0.27745977899999996,35.391011427,9626,268,268,0,4012,0,1541,629,3176,6371,0,0,3,4804,4657,147,3176,1481,0,1867,151,1382,4965,1,447298,,0.0
64,INFEASIBLE,certified_no_adversarial_example,feasibility,false,false,false,false,,,,0.667727871,0.03151655197143555,0.0,0.0,0.623658964,0.36231183200000006,0.257329346,0.24422430992126465,0.36632961799999997,0.2613471319999999,0.041865736,9626,222,222,0,4044,0,1564,659,3137,6198,0,0,3,4804,4666,138,3137,1529,0,1844,138,1337,4887,,661,0,
65,INFEASIBLE,certified_no_adversarial_example,feasibility,false,false,false,false,,,,0.790679288,0.04674124717712402,0.0,0.0,0.729999838,0.460719965,0.318292746,0.304157018661499,0.411707092,0.269279873,0.058384344,9626,244,244,0,4078,0,1553,678,3073,6906,0,0,3,4804,4648,156,3073,1575,0,1884,159,1416,5025,,913,0,
66,INFEASIBLE,certified_no_adversarial_example,feasibility,false,false,false,false,,,,0.99858067,0.25605082511901855,,0.0,0.729450481,0.40327805600000005,0.28163684,0.26833605766296387,0.447813641,0.32617242499999993,0.26681635,9626,262,262,0,4001,0,1546,613,3204,5629,0,0,3,4804,4660,144,3204,1456,0,1859,146,1366,4938,,1638,0,
67,INFEASIBLE,certified_no_adversarial_example,feasibility,false,false,false,false,,,,1.338173526,0.06704282760620117,0.0,0.0,1.256971298,1.001243492,0.41479947100000003,0.39989328384399414,0.842171827,0.2557278060000001,0.078867301,9626,253,253,0,4062,0,1546,655,3110,9240,0,0,3,4804,4647,157,3110,1537,0,1885,159,1418,5029,,1118,0,
68,INFEASIBLE,certified_no_adversarial_example,feasibility,false,false,false,false,,,,0.692951346,0.02309274673461914,0.0,0.0,0.655703329,0.401067076,0.271070636,0.2577171325683594,0.38463269299999997,0.2546362529999999,0.034912642,9626,245,245,0,4049,0,1550,665,3117,6517,0,0,3,4804,4658,146,3117,1541,0,1860,146,1369,4943,,519,0,
69,INFEASIBLE,certified_no_adversarial_example,feasibility,false,false,false,false,,,,0.627885013,0.020284652709960938,0.0,0.0,0.594457577,0.344561207,0.19329139300000003,0.18254661560058594,0.401166184,0.24989637000000003,0.031006103,9626,192,192,0,4067,0,1581,694,3092,3152,0,0,3,4804,4703,101,3092,1611,0,1775,105,1198,4643,,428,0,
70,INFEASIBLE,certified_no_adversarial_example,feasibility,false,false,false,false,,,,0.72772689,0.024280786514282227,0.0,0.0,0.69033445,0.431053543,0.279251396,0.2657899856567383,0.41108305400000006,0.25928090700000006,0.034785527,9626,220,220,0,4073,0,1564,690,3079,6291,0,0,3,4804,4662,142,3079,1583,0,1855,144,1358,4924,,546,0,
71,INFEASIBLE,certified_no_adversarial_example,feasibility,false,false,false,false,,,,0.552668973,0.019217967987060547,0.0,0.0,0.521890542,0.290769276,0.17876424100000005,0.1680920124053955,0.3431263009999999,0.23112126599999994,0.028552545,9626,165,165,0,4042,0,1590,669,3160,4061,0,0,3,4804,4696,108,3160,1536,0,1787,110,1222,4686,,493,0,
72,INFEASIBLE,certified_no_adversarial_example,feasibility,false,false,false,false,,,,0.664972367,0.021146535873413086,0.0,0.0,0.631284841,0.367029667,0.239089014,0.2267310619354248,0.39219582700000005,0.26425517400000004,0.03136663,9626,218,218,0,4104,0,1562,696,3046,4845,0,0,3,4804,4677,127,3046,1631,0,1825,129,1298,4819,,549,0,
73,INFEASIBLE,certified_no_adversarial_example,feasibility,false,false,false,false,,,,0.756539912,0.02420186996459961,0.0,0.0,0.718770977,0.45661337799999996,0.31874101600000004,0.30451393127441406,0.400029961,0.2621575990000001,0.035494286,9626,242,242,0,4067,0,1553,687,3077,7297,0,0,3,4804,4646,158,3077,1569,0,1884,158,1417,5027,,571,0,
74,INFEASIBLE,certified_no_adversarial_example,feasibility,false,false,false,false,,,,0.514363189,0.016881465911865234,0.0,0.0,0.48691643,0.263703145,0.15272858,0.1430203914642334,0.33418785,0.22321328499999998,0.02519853,9626,144,144,0,4046,0,1604,660,3172,3490,0,0,3,4804,4719,85,3172,1547,0,1741,87,1130,4525,,483,0,
75,INFEASIBLE,certified_no_adversarial_example,feasibility,false,false,false,false,,,,0.551306492,0.017079591751098633,0.0,0.0,0.523886773,0.272409613,0.18057091300000006,0.17122387886047363,0.3433158599999999,0.25147716,0.025152353,9626,137,137,0,3995,0,1607,660,3227,3921,0,0,3,4804,4725,79,3227,1498,0,1729,81,1106,4483,,464,0,
76,INFEASIBLE,certified_no_adversarial_example,feasibility,false,false,false,false,,,,0.819247695,0.029325485229492188,0.0,0.0,0.77622106,0.520732982,0.362926958,0.3490326404571533,0.413294102,0.25548807800000006,0.040770282,9626,242,242,0,4048,0,1553,660,3123,7651,0,0,3,4804,4647,157,3123,1524,0,1882,157,1413,5020,,545,0,
77,INFEASIBLE,certified_no_adversarial_example,feasibility,false,false,false,false,,,,0.907740648,0.032652854919433594,0.0,0.0,0.861526858,0.526416026,0.38736477299999994,0.3733510971069336,0.474162085,0.3351108319999999,0.043976351,9626,243,243,0,4035,0,1552,659,3137,8608,0,0,3,4804,4655,149,3137,1518,0,1870,152,1388,4976,,624,0,
78,INFEASIBLE,certified_no_adversarial_example,feasibility,false,false,false,false,,,,1.231107206,0.03246808052062988,0.0,0.0,1.184023533,0.934367926,0.3420367889999999,0.3274545669555664,0.8419867440000001,0.249655607,0.044808095,9626,263,263,0,4028,0,1543,661,3131,7242,0,0,3,4804,4642,162,3131,1511,0,1898,167,1444,5073,,581,0,
79,INFEASIBLE,certified_no_adversarial_example,feasibility,false,false,false,false,,,,0.659702769,0.12102484703063965,0.0,0.0,0.526976448,0.304706555,0.19585067099999998,0.18492674827575684,0.331125777,0.222269893,0.130391426,9626,184,184,0,4031,0,1583,641,3187,5264,0,0,3,4804,4692,112,3187,1505,0,1795,114,1238,4714,,827,0,
80,INFEASIBLE,certified_no_adversarial_example,feasibility,false,false,false,false,,,,0.595309109,0.02842259407043457,0.0,0.0,0.505928117,0.270232469,0.16532376699999998,0.15474963188171387,0.34060435,0.23569564799999998,0.087073161,9626,169,169,0,4094,0,1591,683,3089,3912,0,0,3,4804,4694,110,3089,1605,0,1791,112,1230,4700,,704,0,
81,INFEASIBLE,certified_no_adversarial_example,feasibility,false,false,false,false,,,,0.487549714,0.01890730857849121,0.0,0.0,0.458371026,0.23682990199999998,0.146615589,0.1378176212310791,0.311755437,0.22154112400000003,0.026919875,9626,139,139,0,4009,0,1605,675,3198,3182,0,0,3,4804,4723,81,3198,1525,0,1730,81,1109,4488,,553,0,
82,INFEASIBLE,certified_no_adversarial_example,feasibility,false,false,false,false,,,,0.610078477,0.018180131912231445,0.0,0.0,0.580521192,0.340786304,0.200035275,0.18967485427856445,0.38048591699999995,0.23973488799999998,0.027259368,9626,169,169,0,4047,0,1592,680,3138,4624,0,0,3,4804,4694,110,3138,1556,0,1788,110,1225,4691,,530,0,
83,INFEASIBLE,certified_no_adversarial_example,feasibility,false,false,false,false,,,,0.682791905,0.02220320701599121,0.0,0.0,0.647537228,0.399338103,0.2548955620000001,0.24137449264526367,0.39264166599999994,0.24819912500000002,0.032951203,9626,220,220,0,4078,0,1564,693,3071,5885,0,0,3,4804,4665,139,3071,1594,0,1850,142,1348,4906,,557,0,
84,INFEASIBLE,certified_no_adversarial_example,feasibility,false,false,false,false,,,,0.575840794,0.018749713897705078,0.0,0.0,0.545643538,0.321003939,0.202517803,0.1921217441558838,0.343125735,0.22463959899999997,0.027852721,9626,169,169,0,4018,0,1590,661,3188,4513,0,0,3,4804,4699,105,3188,1511,0,1778,105,1205,4656,,525,0,
85,INFEASIBLE,certified_no_adversarial_example,feasibility,false,false,false,false,,,,0.814042335,0.0334012508392334,0.0,0.0,0.766304507,0.49667338800000005,0.35134575799999995,0.3368241786956787,0.414958749,0.2696311189999999,0.045357121,9626,248,248,0,4088,0,1545,672,3073,9872,0,0,3,4804,4642,162,3073,1569,0,1899,168,1446,5076,,638,0,
86,INFEASIBLE,certified_no_adversarial_example,feasibility,false,false,false,false,,,,0.674529467,0.01912665367126465,0.0,0.0,0.642990073,0.3794709,0.25077536,0.2387242317199707,0.392214713,0.263519173,0.029322256,9626,204,204,0,4083,0,1573,676,3090,5583,0,0,3,4804,4675,129,3090,1585,0,1826,129,1301,4824,,516,0,
87,INFEASIBLE,certified_no_adversarial_example,feasibility,false,false,false,false,,,,0.642306594,0.021252870559692383,0.0,0.0,0.609136457,0.357597755,0.234480809,0.2231142520904541,0.37465564799999995,0.25153870199999995,0.030857441,9626,178,178,0,4044,0,1585,659,3160,5206,0,0,3,4804,4694,110,3160,1534,0,1791,112,1230,4700,,533,0,
88,INFEASIBLE,certified_no_adversarial_example,feasibility,false,false,false,false,,,,0.729550744,0.04541158676147461,0.0,0.0,0.670334142,0.419603525,0.28326628000000004,0.2699930667877197,0.38706786199999993,0.250730617,0.056891829,9626,213,213,0,4068,0,1567,675,3103,6397,0,0,3,4804,4662,142,3103,1559,0,1858,147,1364,4933,,849,0,
89,INFEASIBLE,certified_no_adversarial_example,feasibility,false,false,false,false,,,,0.9268953,0.040398597717285156,0.0,0.0,0.870096309,0.587737411,0.43512109600000004,0.420041561126709,0.43497521299999997,0.282358898,0.054460445,9626,259,259,0,4068,0,1547,665,3087,8589,0,0,3,4804,4641,163,3087,1554,0,1899,167,1446,5077,,609,0,
90,INFEASIBLE,certified_no_adversarial_example,feasibility,false,false,false,false,,,,0.468220801,0.012270450592041016,0.0,0.0,0.446254549,0.199593191,0.11613636099999998,0.1071929931640625,0.33011818800000003,0.246661358,0.019399013,9626,131,131,0,3994,0,1609,643,3249,2202,0,0,3,4804,4741,63,3249,1492,0,1698,66,1044,4374,,421,0,
91,INFEASIBLE,certified_no_adversarial_example,feasibility,false,false,false,false,,,,1.232069986,0.020081520080566406,0.0,0.0,1.199400733,0.377291555,0.266688136,0.2543764114379883,0.9327125970000001,0.822109178,0.030414284,9626,189,189,0,4056,0,1582,682,3117,5069,0,0,3,4804,4682,122,3117,1565,0,1816,125,1280,4787,,457,0,
92,INFEASIBLE,certified_no_adversarial_example,feasibility,false,false,false,false,,,,0.754317252,0.032308340072631836,0.0,0.0,0.708119823,0.45902445199999997,0.332758855,0.31916379928588867,0.37536096799999996,0.249095371,0.043825076,9626,243,243,0,4044,0,1551,653,3135,7694,0,0,3,4804,4668,136,3135,1533,0,1843,138,1334,4882,,710,0,
93,OPTIMAL,adversarial_example_found_or_best_known,feasibility,true,true,true,true,-3.9968028886505635e-15,-7.974939060553639;-6.239612122661442;-5.964869537523205;-3.451954099628548;1.2689060386597184;-7.2267445469299005;-10.663745322050048;-2.7514218738840563;-1.292473333792655;1.2689060386597224,0.1;0.0;0.0;0.1;0.0;0.0;0.0;0.0;0.0;0.1;0.1;0.0;0.0;0.1;0.1;0.0;0.0;0.1;0.1;0.0;0.0;0.1;0.1;0.0;0.0;0.0;0.0;0.1;0.0;0.1;0.0;0.1;0.0;0.0;0.0;0.0;0.1;0.1;0.0;0.006335113192785608;0.1;0.1;0.1;0.1;0.1;0.1;0.1;0.1;0.1;0.1;0.1;0.1;0.1;0.0;0.1;0.1;0.1;0.1;0.0;0.1;0.1;0.1;0.1;0.0;0.0;0.1;0.1;0.0;0.0;0.0;0.0;0.1;0.1;0.0;0.1;0.1;0.1;0.1;0.1;0.0;0.0;0.0;0.0;0.1;0.0;0.0;0.0;0.1;0.0;0.1;0.1;0.0;0.1;0.1;0.1;0.0;0.1;0.0;0.1;0.1;0.1;0.0;0.0;0.0;0.1;0.0;0.1;0.0;0.0;0.0;0.0;0.0;0.0;0.1;0.1;0.1;0.1;0.1;0.1;0.0;0.1;0.1;0.1;0.0;0.0;0.0;0.0;0.1;0.1;0.0;0.0;0.1;0.1;0.0;0.1;0.0;0.0;0.0;0.0;0.0;0.0;0.1;0.1;0.0;0.1;0.1;0.1;0.0;0.1;0.0;0.1;0.0;0.1;0.0;0.1;0.1;0.1;0.0;0.0;0.1;0.1;0.1;0.0;0.0;0.0;0.1;0.0;0.0;0.1;0.0;0.0;0.0;0.0;0.1;0.1;0.1;0.1;0.0;0.1;0.0;0.0;0.0;0.0;0.1;0.1;0.0;0.0;0.1;0.1;0.0;0.0;0.0;0.1;0.1;0.1;0.0;0.0;0.1;0.1;0.0;0.1;0.1;0.1;0.1;0.0;0.0;0.1;0.1;0.1;0.1;0.0;0.1;0.1;0.1;0.1;0.1;0.1;0.1;0.1;0.0;0.0;0.0;0.0;0.0;0.0;0.1;0.1;0.0;0.0;0.1;0.1;0.1;0.1;0.0;0.0;0.0;0.1;0.0;0.0;0.1;0.1;0.0;0.0;0.0;0.0;0.1;0.0;0.1;0.0;0.19411764705882353;0.1;0.0;0.0;0.0;0.0;0.1;0.0;0.1;0.1;0.1;0.0;0.1;0.0;0.0;0.1;0.10236970626589419;0.10191603180926279;0.17322551604979158;0.0;0.0;0.0;0.0;0.1;0.1;0.2686274509803922;0.7909326779484163;0.8883959019294562;0.28600416927024447;0.1;0.1;0.0;0.0;0.0;0.1;0.1;0.1;0.1;0.1;0.1;0.0;0.0;0.1;0.25201795736930777;0.9823529411764705;0.9980392156862745;0.8764705882352941;0.515686274509804;0.0;0.0;0.0;0.0;0.3509803921568627;1.0;0.9705882352941176;0.5901960784313726;0.10784313725490197;0.1;0.1;0.0;0.1;0.0;0.1;0.0;0.0;0.1;0.0;0.1;0.0;0.0;0.45533881232443185;0.8990266122719702;0.4764705882352941;0.0;0.707843137254902;0.6941278777838312;0.1;0.0;0.0;0.5392156862745098;1.0;0.5431372549019609;0.0;0.1;0.0;0.1;0.0;0.1;0.0;0.0;0.1;0.1;0.0;0.0;0.1;0.15490196078431373;0.23725490196078433;0.4843988966333859;0.888235294117647;0.1392156862745098;0.0;0.09523745271709848;0.8921568627450981;0.38235294117647056;0.0;0.21372549019607845;0.9588235294117646;0.8860408059589207;0.38627450980392153;0.0;0.0;0.0;0.0;0.0;0.1;0.0;0.0;0.0;0.1;0.1;0.1;0.1;0.0;0.7784313725490196;0.80032612171821;0.47021173518203774;0.0;0.1;0.0;0.33529411764705885;0.9666666666666667;0.0;0.46637794151951883;1.0;0.7950648636896805;0.0;0.0;0.0;0.0;0.1;0.1;0.1;0.0;0.0;0.0;0.0;0.1;0.0;0.1;0.0;0.6843137254901961;0.6843137254901961;0.0;0.0;0.0;0.0;0.0;0.49215686274509807;0.907843137254902;0.6294117647058823;0.8960784313725491;0.8294117647058824;0.19411764705882353;0.1;0.0;0.0;0.1;0.1;0.1;0.1;0.0;0.0;0.0;0.0;0.0;0.0;0.1;0.4602995971240428;0.6490196078431373;0.1196078431372549;0.0;0.0;0.1;0.0;0.16666666666666666;0.9;0.8647058823529412;0.8813561007170788;0.6764705882352942;0.10618603331012358;0.0;0.1;0.0;0.09595124950610853;0.1;0.0;0.1;0.0;0.0;0.0;0.0;0.0;0.0;0.0;0.0;0.8529411764705882;0.27254901960784317;0.0;0.0;0.0;0.0;0.0;0.6607843137254902;0.8764705882352941;0.692156862745098;0.45686274509803926;0.0;0.0;0.0;0.0;0.1;0.1;0.1;0.0;0.1;0.1;0.0;0.0;0.0;0.0;0.0;0.1;0.1;0.7784313725490196;0.10353261604489829;0.0;0.0;0.0;0.1;0.6699011378020886;0.9784313725490196;0.2002765087317998;0.0;0.0;0.1;0.1;0.1;0.1;0.1;0.1;0.0;0.0;0.1;0.1;0.0;0.0;0.0;0.0;0.1;0.1;0.0;0.8647058823529412;0.5196078431372549;0.1392156862745098;0.0;0.09846381690181837;0.6843137254901961;1.0;0.3313725490196079;0.0;0.0;0.0;0.1;0.1;0.0;0.0;0.0;0.0;0.0;0.0;0.1;0.1;0.0;0.0;0.0;0.0;0.1;0.0;0.1;0.13137254901960785;0.1437149910061571;0.0;0.19795991062615192;1.0;0.8882352941176471;0.44509803921568625;0.0;0.0;0.0;0.1;0.0;0.0;0.0;0.1;0.0;0.1;0.1;0.1;0.1;0.0;0.0;0.1;0.0;0.0;0.1;0.1;0.1;0.09819962668321956;0.16666666666666669;0.6764705882352942;0.696078431372549;1.0;0.4294117647058824;0.0;0.0;0.0;0.0;0.0;0.1;0.1;0.0;0.1;0.1;0.1;0.1;0.1;0.1;0.1;0.0;0.1;0.0;0.0;0.0;0.1;0.1;0.18672803768554821;0.9588235294117646;0.9941176470588236;0.22707878782340166;0.2161027174069053;0.0;0.0;0.1;0.0;0.1;0.1;0.1;0.0;0.1;0.1;0.0;0.1;0.0;0.0;0.1;0.0326966540838685;0.1;0.1;0.0;0.0;0.0;0.0;0.1;0.5745098039215686;0.9941176470588236;0.27254901960784317;0.1;0.1;0.0;0.1;0.0;0.0;0.0;0.0;0.1;0.1;0.1;0.0;0.0;0.0;0.1;0.1;0.1;0.1;0.0;0.0;0.1;0.1;0.0;0.1;0.0;0.1041560575612329;0.159036199868474;0.1;0.1;0.1;0.1;0.1;0.1;0.1;0.1;0.0;0.0;0.0;0.1;0.0;0.0;0.0;0.1;0.0;0.1;0.0;0.0;0.1;0.1;0.1;0.0;0.0;0.0;0.1;0.1;0.1;0.1;0.1;0.0;0.0;0.1;0.1;0.1;0.1;0.1;0.1;0.1;0.1;0.0;0.0;0.1;0.0;0.0;0.0;0.0;0.0;0.1;0.0;0.0;0.1;0.0;0.1;0.0;0.1;0.1;0.1;0.0;0.06574301492085417;0.0;0.1;0.1;0.0;0.1;0.0;0.1;0.0;0.0;0.0;0.0;0.1;0.1;0.0;0.1;0.1;0.1;0.1;0.0;0.0;0.0;0.0;0.0;0.1;0.1;0.1;0.0;0.0;0.1;0.1;0.1;0.1;0.1;0.1;0.0;0.1;0.0;0.0;0.0;0.0;0.0;0.0;0.1;0.0;0.1;0.1;0.1;0.1;0.0;0.1;0.0;0.1;0.1;0.1;0.1;0.0;0.0;0.0;0.0;0.0;0.1;0.0;0.0;0.1;0.1;0.1;0.0;0.1;0.0;0.0;0.0,2.043952018,1.2788920402526855,0.0,0.0,0.748625949,0.504517755,0.357833989,0.3430452346801758,0.39079196,0.24410819400000006,1.290413367,9626,265,265,0,4026,0,1537,623,3175,8876,0,0,3,4804,4656,148,3175,1481,0,1868,151,1384,4969,1,11826,,0.0
94,INFEASIBLE,certified_no_adversarial_example,feasibility,false,false,false,false,,,,0.559728697,0.016937255859375,0.0,0.0,0.53088904,0.28851487400000003,0.17328014200000003,0.1628890037536621,0.357608898,0.242374166,0.026498133,9626,176,176,0,4065,0,1588,670,3127,3783,0,0,3,4804,4706,98,3127,1579,0,1767,100,1182,4616,,450,0,
95,INFEASIBLE,certified_no_adversarial_example,feasibility,false,false,false,false,,,,0.520253609,0.015098333358764648,0.0,0.0,0.494538467,0.20667797699999998,0.123605351,0.11495852470397949,0.370933116,0.28786049,0.023341066,9626,122,122,0,4016,0,1614,659,3215,2650,0,0,3,4804,4733,71,3215,1518,0,1710,71,1069,4418,,449,0,
96,INFEASIBLE,certified_no_adversarial_example,feasibility,false,false,false,false,,,,0.726123695,0.04947829246520996,0.0,0.0,0.66358177,0.41010526199999997,0.26108863099999996,0.24812960624694824,0.402493139,0.253476508,0.060193463,9626,238,238,0,4099,0,1556,670,3063,5922,0,0,3,4804,4667,137,3063,1604,0,1846,140,1340,4892,,946,0,
97,INFEASIBLE,certified_no_adversarial_example,feasibility,false,false,false,false,,,,0.533116121,0.036649465560913086,0.0,0.0,0.484943302,0.277704873,0.16704024499999998,0.15728521347045898,0.31790305700000004,0.207238429,0.045972394,9626,161,161,0,3991,0,1594,626,3254,4152,0,0,3,4804,4709,95,3254,1455,0,1766,102,1180,4610,,818,0,
98,INFEASIBLE,certified_no_adversarial_example,feasibility,false,false,false,false,,,,0.801140564,0.07068514823913574,0.0,0.0,0.716815954,0.4421836189999999,0.3198340139999999,0.3061668872833252,0.3969819400000001,0.27463233500000006,0.082023639,9626,250,250,0,4066,0,1551,664,3095,6578,0,0,3,4804,4653,151,3095,1558,0,1874,154,1396,4990,,883,0,
99,INFEASIBLE,certified_no_adversarial_example,feasibility,false,false,false,false,,,,0.652235447,0.0165255069732666,0.0,0.0,0.62304577,0.389335608,0.25459870799999995,0.24201130867004395,0.3684470620000001,0.23371016200000005,0.026921578,9626,214,214,0,4047,0,1566,677,3122,6394,0,0,3,4804,4670,134,3122,1548,0,1836,134,1321,4859,,456,0,
100,INFEASIBLE,certified_no_adversarial_example,feasibility,false,false,false,false,,,,0.603057401,0.01605534553527832,0.0,0.0,0.57547657,0.306207535,0.208921339,0.19722723960876465,0.366555231,0.269269035,0.025236224,9626,176,176,0,4063,0,1585,674,3128,4633,0,0,3,4804,4696,108,3128,1568,0,1787,110,1222,4686,,458,0,
101,INFEASIBLE,certified_no_adversarial_example,feasibility,false,false,false,false,,,,0.952021741,0.0417323112487793,0.0,0.0,0.882076485,0.627250179,0.46636780200000005,0.4494478702545166,0.41570868299999997,0.254826306,0.067642722,9626,292,292,0,4052,0,1527,656,3099,10252,0,0,3,4804,4627,177,3099,1528,0,1927,181,1502,5175,,660,0,
102,INFEASIBLE,certified_no_adversarial_example,feasibility,false,false,false,false,,,,0.870040049,0.04538440704345703,0.0,0.0,0.810854861,0.5549076749999999,0.40566019600000003,0.39011144638061523,0.405194665,0.2559471860000001,0.056851027,9626,264,264,0,4072,0,1541,680,3069,8388,0,0,3,4804,4630,174,3069,1561,0,1919,176,1486,5148,,815,0,
103,INFEASIBLE,certified_no_adversarial_example,feasibility,false,false,false,false,,,,0.877574183,0.03249502182006836,0.0,0.0,0.832178288,0.563504868,0.4093130750000001,0.3939089775085449,0.42286521299999996,0.26867342000000005,0.043146721,9626,277,277,0,4071,0,1533,669,3076,8584,0,0,3,4804,4649,155,3076,1573,0,1878,155,1405,5006,,708,0,
104,INFEASIBLE,certified_no_adversarial_example,feasibility,false,false,false,false,,,,0.741499097,0.02818918228149414,0.0,0.0,0.700429087,0.445630144,0.310476302,0.2970409393310547,0.38995278499999997,0.25479894299999994,0.038864131,9626,247,247,0,4048,0,1550,672,3109,6916,0,0,3,4804,4662,142,3109,1553,0,1855,144,1358,4924,,571,0,
105,INFEASIBLE,certified_no_adversarial_example,feasibility,false,false,false,false,,,,1.060553404,0.015804767608642578,0.0,0.0,1.034223707,0.261657354,0.17125127399999998,0.16025233268737793,0.862972433,0.772566353,0.024082329,9626,166,166,0,4039,0,1588,661,3172,3731,0,0,3,4804,4711,93,3172,1539,0,1754,93,1157,4572,,501,0,
106,INFEASIBLE,certified_no_adversarial_example,feasibility,false,false,false,false,,,,0.651504517,0.028076887130737305,0.0,0.0,0.610147134,0.370639024,0.262261964,0.24931073188781738,0.34788516999999997,0.23950811,0.03905369,9626,237,237,0,4030,0,1554,661,3144,6392,0,0,3,4804,4672,132,3144,1528,0,1837,136,1322,4860,,569,0,
107,INFEASIBLE,certified_no_adversarial_example,feasibility,false,false,false,false,,,,0.915313374,0.02911853790283203,0.0,0.0,0.86861441,0.585923113,0.4217768310000001,0.4050750732421875,0.4468375789999999,0.28269129699999995,0.044425954,9626,305,305,0,4087,0,1520,669,3045,9428,0,0,3,4804,4620,184,3045,1575,0,1940,187,1528,5221,,518,0,
108,INFEASIBLE,certified_no_adversarial_example,feasibility,false,false,false,false,,,,0.492565062,0.018520593643188477,0.0,0.0,0.463294232,0.22520051300000002,0.118680566,0.10961365699768066,0.344613666,0.23809371899999995,0.026912307,9626,125,125,0,3990,0,1614,646,3251,2303,0,0,3,4804,4734,70,3251,1483,0,1714,75,1076,4429,,486,0,
109,INFEASIBLE,certified_no_adversarial_example,feasibility,false,false,false,false,,,,0.589884608,0.02818751335144043,0.0,0.0,0.550368929,0.256781306,0.166538005,0.15667247772216797,0.383830924,0.293587623,0.037251603,9626,153,153,0,4035,0,1600,650,3188,4189,0,0,3,4804,4704,100,3188,1516,0,1772,103,1192,4633,,638,0,
110,INFEASIBLE,certified_no_adversarial_example,feasibility,false,false,false,false,,,,0.618439091,0.017447471618652344,0.0,0.0,0.590008572,0.32468224900000003,0.21087684100000004,0.19921875,0.37913173099999997,0.265326323,0.026171925,9626,213,213,0,4018,0,1565,668,3162,4281,0,0,3,4804,4709,95,3162,1547,0,1761,97,1170,4595,,436,0,
111,INFEASIBLE,certified_no_adversarial_example,feasibility,false,false,false,false,,,,0.754875996,0.025409460067749023,0.0,0.0,0.716849551,0.449030366,0.32219707100000006,0.30832386016845703,0.39465247999999997,0.267819185,0.035739022,9626,240,240,0,4082,0,1552,655,3097,8891,0,0,3,4804,4653,151,3097,1556,0,1873,153,1394,4987,,550,0,
112,INFEASIBLE,certified_no_adversarial_example,feasibility,false,false,false,false,,,,0.433962257,0.018750905990600586,0.0,0.0,0.405013775,0.20070013600000003,0.12288696200000002,0.11446285247802734,0.282126813,0.204313639,0.026753494,9626,134,134,0,4009,0,1609,645,3229,2955,0,0,3,4804,4722,82,3229,1493,0,1736,85,1120,4507,,534,0,
113,INFEASIBLE,certified_no_adversarial_example,feasibility,false,false,false,false,,,,0.546174194,0.01797938346862793,0.0,0.0,0.517140536,0.267983333,0.173960289,0.16424965858459473,0.343180247,0.249157203,0.026740398,9626,157,157,0,4018,0,1598,660,3193,4167,0,0,3,4804,4706,98,3193,1513,0,1767,100,1182,4616,,489,0,
114,INFEASIBLE,certified_no_adversarial_example,feasibility,false,false,false,false,,,,0.680496168,0.03541398048400879,0.0,0.0,0.632471798,0.37472538,0.262253876,0.2502400875091553,0.370217922,0.257746418,0.045769362,9626,208,208,0,4041,0,1571,663,3143,6662,0,0,3,4804,4674,130,3143,1531,0,1833,134,1314,4846,,673,0,
115,INFEASIBLE,certified_no_adversarial_example,feasibility,false,false,false,false,,,,0.558749749,0.021353483200073242,0.0,0.0,0.526005014,0.296409029,0.181309565,0.1708664894104004,0.344695449,0.229595985,0.030437873,9626,161,161,0,4019,0,1594,655,3197,4143,0,0,3,4804,4709,95,3197,1512,0,1761,97,1170,4595,,505,0,
116,OPTIMAL,adversarial_example_found_or_best_known,feasibility,true,true,true,true,2.6645352591003757e-15,-8.845612762974493;-9.991634774667762;-8.256103697367001;-4.891382136797153;1.937249153793517;-3.02707421126705;-2.896980489806923;-8.07565997224275;-3.263104181749658;1.9372491537935197,0.0;0.1;0.1;0.0;0.1;0.1;0.1;0.1;0.1;0.0;0.0;0.1;0.1;0.0;0.0;0.1;0.1;0.0;0.0;0.1;0.1;0.0;0.0;0.1;0.1;0.1;0.1;0.0;0.1;0.0;0.1;0.0;0.1;0.1;0.1;0.1;0.0;0.0;0.0;0.1;0.0;0.0;0.0;0.0;0.0;0.0;0.0;0.0;0.0;0.0;0.0;0.0;0.1;0.1;0.0;0.0;0.0;0.0;0.0;0.0;0.0;0.1;0.1;0.1;0.1;0.0;0.0;0.1;0.1;0.0;0.0;0.1;0.1;0.0;0.0;0.1;0.1;0.0;0.0;0.1;0.1;0.1;0.1;0.0;0.1;0.1;0.1;0.0;0.0;0.0;0.0;0.0;0.0;0.0;0.1;0.1;0.0;0.1;0.1;0.1;0.1;0.1;0.0;0.1;0.0;0.1;0.0;0.0;0.1;0.1;0.1;0.0;0.1;0.1;0.0;0.0;0.0;0.1;0.1;0.0;0.0;0.0;0.0;0.1;0.1;0.0;0.0;0.1;0.1;0.1;0.1;0.1;0.0;0.0;0.0;0.0;0.0;0.1;0.1;0.0;0.1;0.0;0.0;0.1;0.0;0.0;0.0;0.0;0.0;0.1;0.1;0.1;0.1;0.0;0.1;0.0;0.0;0.0;0.0;0.0;0.0;0.1;0.0;0.0;0.1;0.0;0.0;0.1;0.0;0.1;0.1;0.1;0.1;0.1;0.1;0.0;0.0;0.0;0.0;0.1;0.1;0.1;0.0;0.0;0.1;0.0;0.0;0.0;0.0;0.1;0.1;0.0;0.0;0.1;0.1;0.1;0.0;0.1;0.0;0.1;0.0;0.1;0.0;0.0;0.1;0.1;0.1;0.1;0.0;0.1;0.1;0.1;0.0;0.0;0.1;0.0;0.0;0.0;0.0;0.1;0.1;0.0;0.1;0.1;0.1;0.0;0.0;0.1;0.1;0.1;0.0;0.0;0.0;0.1;0.1;0.1;0.1;0.2411764705882353;0.3431372549019608;0.2647058823529412;0.1;0.0;0.0;0.0;0.0;0.1;0.1;0.1;0.1;0.0;0.0;0.1;0.0;0.0;0.1;0.0;0.1;0.1;0.1;0.0;0.1;0.1;0.1;0.22156862745098038;0.6882352941176471;0.8686274509803922;1.0;0.8803921568627451;0.409433080987559;0.0;0.0;0.0;0.0;0.1;0.0;0.0;0.1;0.0;0.1;0.1;0.1;0.0;0.0;0.0;0.0;0.0;0.0;0.0;0.0;0.11568627450980393;0.5549019607843138;0.9823529411764705;0.8960784313725491;0.6019607843137255;0.6058823529411765;1.0;0.8921568627450981;0.24509803921568626;0.0;0.0;0.0;0.1;0.0;0.0;0.0;0.0;0.0;0.1;0.0;0.0;0.1;0.0;0.0;0.0;0.1;0.1;0.22549019607843138;0.7784313725490196;1.0;0.7529353629463551;0.33529411764705885;0.0;0.10392156862745099;0.5784313725490197;1.0;0.7957328977712748;0.100830100198119;0.0;0.0;0.0;0.1;0.0;0.1;0.0;0.1;0.1;0.1;0.0;0.0;0.0;0.0;0.0;0.1;0.2647058823529412;0.9862745098039215;0.8882352941176471;0.5509803921568628;0.2568627450980392;0.1;0.0;0.0;0.303921568627451;1.0;1.0;0.0;0.0;0.0;0.28823529411764703;0.3313725490196079;0.24901960784313726;0.1;0.0;0.1;0.1;0.0;0.1;0.1;0.1;0.0;0.1;0.32745098039215687;0.7823529411764706;0.884313725490196;0.44509803921568625;0.0;0.1;0.1;0.0;0.1;0.1;0.8215686274509804;1.0;0.10392156862745097;0.15098039215686274;0.6058823529411765;0.8764705882352941;0.8960784313725491;0.8568627450980393;0.1;0.0;0.1;0.1;0.1;0.1;0.1;0.1;0.09923035603040807;0.515686274509804;1.0;1.0;0.3313725490196079;0.0;0.0;0.1;0.1;0.1;0.0;0.2450980392156863;1.0;1.0;0.8960784313725491;0.8960784313725491;0.8960784313725491;1.0;1.0;0.8490196078431372;0.1;0.0;0.0;0.1;0.0;0.1;0.1;0.1;0.307843137254902;0.8882352941176471;1.0;0.43353385622862556;0.0;0.1;0.1;0.0;0.10372117456314485;0.23333333333333334;0.5666666666666667;1.0;1.0;1.0;0.887950213078749;0.7990765944464826;0.676470588235294;0.550898424155395;0.12352941176470589;0.0;0.0;0.0;0.0;0.1;0.1;0.1;0.1;0.1;0.8971854515018076;1.0;0.4254901960784314;0.1;0.1;0.1;0.0;0.017647058823529405;0.5352941176470588;1.0;0.8960784313725491;1.0;1.0;0.8450980392156863;0.15685774398019262;0.0;0.0;0.1;0.0;0.1;0.0;0.0;0.0;0.1;0.0;0.1;0.0;0.1;0.42156862745098045;0.37058823529411766;0.1;0.1;0.1;0.11176470588235295;0.5666666666666667;1.0;0.8960784313725491;1.0;0.8960784313725491;0.503921568627451;0.10765408828471282;0.0;0.0;0.0;0.0;0.0;0.0;0.1;0.0;0.0;0.0;0.1;0.1;0.1;0.1;0.1;0.1;0.1;0.1;0.1;0.1;0.0;0.292156862745098;0.7274509803921568;0.8333333333333333;0.5274509803921569;0.12865090873201301;0.10784313725490197;0.0;0.1;0.1;0.0;0.0;0.1;0.1;0.1;0.1;0.0;0.0;0.1;0.1;0.0;0.1;0.0;0.1;0.0;0.0;0.1;0.1;0.0;0.0;0.11471361039093382;0.0;0.1;0.0;0.1;0.0;0.1;0.0;0.0;0.0;0.0;0.0;0.1;0.0;0.0;0.0;0.1;0.0;0.1;0.1;0.0;0.0;0.0;0.1;0.1;0.1;0.0;0.0;0.0;0.0;0.1;0.1;0.1;0.1;0.1;0.1;0.0;0.0;0.0;0.0;0.1;0.1;0.0;0.0;0.1;0.07900452035416121;0.1;0.1;0.1;0.1;0.1;0.0;0.1;0.1;0.1;0.0;0.0;0.1;0.0;0.0;0.1;0.07654202501010453;0.1;0.0;0.1;0.1;0.1;0.0;0.1;0.0;0.0;0.0;0.0;0.0;0.1;0.1;0.1;0.1;0.0;0.0;0.1;0.1;0.0;0.0;0.0;0.0;0.1;0.1;0.1;0.1;0.1;0.1;0.0;0.0;0.1;0.1;0.1;0.1;0.0;0.0;0.1;0.0;0.1;0.1;0.1;0.0;0.1;0.1;0.0;0.1;0.0;0.1;0.1;0.045927572022880545;0.0;0.1;0.1;0.06559471324438523;0.0;0.1;0.0;0.0;0.1;0.1;0.0;0.1;0.06836866113065013;0.1;0.0;0.0;0.0;0.0;0.1;0.0;0.1;0.1;0.0;0.0;0.0;0.0;0.1;0.1;0.0;0.0;0.0;0.0;0.0;0.0;0.0;0.0;0.1;0.1;0.1;0.1;0.0;0.1;0.0;0.1;0.0;0.1;0.0;0.0;0.1;0.0;0.1;0.1;0.1;0.1;0.0;0.1;0.0;0.1;0.1;0.1;0.0;0.1;0.0;0.0;0.1;0.0;0.1;0.0;0.1;0.1;0.0;0.0;0.0;0.0;0.0;0.1;0.1;0.1;0.0;0.0;0.0;0.0;0.0;0.1;0.0;0.0;0.1;0.1;0.0;0.0;0.1;0.1;0.1;0.1;0.1;0.1;0.1;0.0;0.0;0.0;0.1;0.1;0.1;0.1;0.0;0.1;0.1;0.0;0.1;0.1;0.0;0.0;0.0;0.1;0.1;0.1;0.0;0.1;0.1;0.1;0.0;0.0;0.0;0.0;0.1;0.1;0.1,3.259013971,2.7332706451416016,0.0,0.0,0.512913599,0.27922786,0.168770866,0.15898895263671875,0.344142733,0.233685739,2.741385676,9626,155,155,0,4014,0,1593,656,3208,3734,0,0,3,4804,4718,86,3208,1510,0,1740,86,1129,4523,1,43432,,0.0
117,INFEASIBLE,certified_no_adversarial_example,feasibility,false,false,false,false,,,,0.615661096,0.02167057991027832,0.0,0.0,0.582966237,0.345754106,0.221575451,0.21000266075134277,0.3613907860000001,0.23721213100000005,0.03052574,9626,200,200,0,3999,0,1573,636,3218,4850,0,0,3,4804,4703,101,3218,1485,0,1770,101,1189,4628,,542,0,
118,INFEASIBLE,certified_no_adversarial_example,feasibility,false,false,false,false,,,,0.695768271,0.028330564498901367,0.0,0.0,0.655627603,0.41938084200000003,0.28703943600000004,0.2740614414215088,0.36858816699999997,0.23624676099999997,0.037872445,9626,241,241,0,4049,0,1551,668,3117,6699,0,0,3,4804,4666,138,3117,1549,0,1844,138,1337,4887,,677,0,
119,INFEASIBLE,certified_no_adversarial_example,feasibility,false,false,false,false,,,,0.718382909,0.030556440353393555,0.0,0.0,0.674883087,0.41979166,0.29169500299999995,0.27888965606689453,0.38318808400000004,0.255091427,0.041327582,9626,243,243,0,4022,0,1552,642,3167,6997,0,0,3,4804,4670,134,3167,1503,0,1841,138,1330,4874,,603,0,
120,INFEASIBLE,certified_no_adversarial_example,feasibility,false,false,false,false,,,,0.705517287,0.03191113471984863,0.0,0.0,0.661585547,0.406570504,0.205053861,0.19396400451660156,0.45653168600000005,0.25501504300000005,0.041708908,9626,158,158,0,4065,0,1596,698,3109,4809,0,0,3,4804,4694,110,3109,1585,0,1792,113,1232,4703,,737,0,
121,INFEASIBLE,certified_no_adversarial_example,feasibility,false,false,false,false,,,,1.193382345,0.03046870231628418,0.0,0.0,1.148775905,0.884586904,0.303136028,0.2885870933532715,0.845639877,0.264189001,0.042356519,9626,229,229,0,4092,0,1561,692,3052,6316,0,0,3,4804,4659,145,3052,1607,0,1862,148,1372,4948,,551,0,
122,INFEASIBLE,certified_no_adversarial_example,feasibility,false,false,false,false,,,,0.908376296,0.21494722366333008,0.0,0.0,0.678628412,0.426292548,0.29523201099999996,0.2811305522918701,0.38339640100000005,0.252335864,0.227328489,9626,256,256,0,4035,0,1548,649,3138,6213,0,0,3,4804,4653,151,3138,1515,0,1874,154,1396,4990,,1336,0,
123,INFEASIBLE,certified_no_adversarial_example,feasibility,false,false,false,false,,,,0.611915568,0.017195701599121094,0.0,0.0,0.582984419,0.341837115,0.21847912599999997,0.20637869834899902,0.364505293,0.24114730399999995,0.026516034,9626,180,180,0,3997,0,1585,634,3230,5024,0,0,3,4804,4700,104,3230,1470,0,1779,106,1206,4658,,462,0,
124,INFEASIBLE,certified_no_adversarial_example,feasibility,false,false,false,false,,,,0.740865107,0.026003360748291016,0.0,0.0,0.701308074,0.455209288,0.264141886,0.25143933296203613,0.43716618799999996,0.24609878599999996,0.037375357,9626,209,209,0,4062,0,1568,668,3119,7211,0,0,3,4804,4663,141,3119,1544,0,1854,144,1356,4920,,541,0,
125,INFEASIBLE,certified_no_adversarial_example,feasibility,false,false,false,false,,,,0.547674604,0.013689994812011719,0.0,0.0,0.521870343,0.28388670699999996,0.186487205,0.17519617080688477,0.335383138,0.23798363600000005,0.023429758,9626,177,177,0,4046,0,1587,673,3143,4064,0,0,3,4804,4694,110,3143,1551,0,1788,110,1225,4691,,453,0,
126,INFEASIBLE,certified_no_adversarial_example,feasibility,false,false,false,false,,,,0.645819146,0.02929067611694336,0.0,0.0,0.604954391,0.36887827100000004,0.22737754299999996,0.21556329727172852,0.3775768480000001,0.23607612,0.038566869,9626,188,188,0,4032,0,1577,662,3167,5368,0,0,3,4804,4690,114,3167,1523,0,1796,114,1241,4719,,668,0,
127,INFEASIBLE,certified_no_adversarial_example,feasibility,false,false,false,false,,,,0.714468909,0.046608686447143555,0.0,0.0,0.654743742,0.373068136,0.25250698200000005,0.23950982093811035,0.4022367599999999,0.28167560599999997,0.057367754,9626,221,221,0,4078,0,1566,708,3053,5698,0,0,3,4804,4665,139,3053,1612,0,1852,144,1352,4912,,886,0,
128,INFEASIBLE,certified_no_adversarial_example,feasibility,false,false,false,false,,,,0.657883333,0.018441438674926758,0.0,0.0,0.627075269,0.36518119000000004,0.255994338,0.24405670166015625,0.371080931,0.26189407899999995,0.028534576,9626,189,189,0,4057,0,1579,688,3113,5677,0,0,3,4804,4685,119,3113,1572,0,1811,123,1270,4769,,442,0,
129,INFEASIBLE,certified_no_adversarial_example,feasibility,false,false,false,false,,,,0.682312236,0.0319361686706543,0.0,0.0,0.637428765,0.386337764,0.251637214,0.23901009559631348,0.385791551,0.25109100100000004,0.04252704,9626,202,202,0,4093,0,1574,678,3079,5875,0,0,3,4804,4680,124,3079,1601,0,1821,128,1290,4804,,634,0,
130,INFEASIBLE,certified_no_adversarial_example,feasibility,false,false,false,false,,,,0.644348768,0.018256664276123047,0.0,0.0,0.613233851,0.33377220500000004,0.23017554700000004,0.21744894981384277,0.383058304,0.279461646,0.028733618,9626,191,191,0,4051,0,1581,673,3130,5173,0,0,3,4804,4676,128,3130,1546,0,1828,131,1304,4829,,462,0,
131,INFEASIBLE,certified_no_adversarial_example,feasibility,false,false,false,false,,,,0.697657323,0.026256084442138672,0.0,0.0,0.658969349,0.405771241,0.276878475,0.2646656036376953,0.382090874,0.25319810800000003,0.036304131,9626,196,196,0,4074,0,1579,675,3102,5624,0,0,3,4804,4679,125,3102,1577,0,1818,125,1285,4796,,647,0,
132,INFEASIBLE,certified_no_adversarial_example,feasibility,false,false,false,false,,,,0.748772311,0.027630329132080078,0.0,0.0,0.707970373,0.43042062000000003,0.310939222,0.2973330020904541,0.39703115099999997,0.27754975299999995,0.038510022,9626,214,214,0,4102,0,1567,680,3063,7613,0,0,3,4804,4660,144,3063,1597,0,1856,144,1361,4929,,586,0,
133,INFEASIBLE,certified_no_adversarial_example,feasibility,false,false,false,false,,,,0.58073048,0.015642166137695312,0.0,0.0,0.554780005,0.326336761,0.13615549999999998,0.12669062614440918,0.41862450500000004,0.22844324400000005,0.023622081,9626,136,136,0,4070,0,1607,700,3113,2397,0,0,3,4804,4730,74,3113,1617,0,1716,74,1081,4439,,506,0,
134,INFEASIBLE,certified_no_adversarial_example,feasibility,false,false,false,false,,,,1.100642241,0.028916597366333008,0.0,0.0,1.059557064,0.35624260199999996,0.244210247,0.2321033477783203,0.815346817,0.703314462,0.038729952,9626,188,188,0,4061,0,1579,677,3121,4904,0,0,3,4804,4693,111,3121,1572,0,1793,113,1234,4707,,707,0,
135,INFEASIBLE,certified_no_adversarial_example,feasibility,false,false,false,false,,,,0.686787937,0.020377635955810547,0.0,0.0,0.652459044,0.40053113199999996,0.269529318,0.2560124397277832,0.38292972599999997,0.25192791200000003,0.032088337,9626,225,225,0,4074,0,1562,666,3099,6903,0,0,3,4804,4660,144,3099,1561,0,1860,147,1368,4941,,509,0,
136,INFEASIBLE,certified_no_adversarial_example,feasibility,false,false,false,false,,,,0.483969818,0.014196634292602539,0.0,0.0,0.459098476,0.230896894,0.129576077,0.12076568603515625,0.32952239899999997,0.228201582,0.022596209,9626,126,126,0,4001,0,1614,661,3224,2839,0,0,3,4804,4729,75,3224,1505,0,1718,75,1085,4446,,438,0,
137,INFEASIBLE,certified_no_adversarial_example,feasibility,false,false,false,false,,,,0.724181685,0.020911693572998047,0.0,0.0,0.690389469,0.434018565,0.23567508799999998,0.22318339347839355,0.454714381,0.25637090399999996,0.031493172,9626,208,208,0,4053,0,1570,686,3109,5991,0,0,3,4804,4676,128,3109,1567,0,1827,130,1302,4826,,560,0,
138,INFEASIBLE,certified_no_adversarial_example,feasibility,false,false,false,false,,,,0.45462224,0.011849164962768555,0.0,0.0,0.433111521,0.22212611,0.13226078800000002,0.12306427955627441,0.300850733,0.210985411,0.019254955,9626,129,129,0,4011,0,1608,647,3231,3007,0,0,3,4804,4738,66,3231,1507,0,1703,68,1054,4392,,394,0,
139,INFEASIBLE,certified_no_adversarial_example,feasibility,false,false,false,false,,,,0.726011207,0.019527673721313477,0.0,0.0,0.69316739,0.446353446,0.29178379499999996,0.27788567543029785,0.4013835950000001,0.24681394400000006,0.030707446,9626,243,243,0,4064,0,1553,666,3100,6330,0,0,3,4804,4657,147,3100,1557,0,1868,152,1384,4968,,456,0,
140,INFEASIBLE,certified_no_adversarial_example,feasibility,false,false,false,false,,,,0.680226943,0.02501511573791504,0.0,0.0,0.642254911,0.38110004599999997,0.269977076,0.25803089141845703,0.372277835,0.261154865,0.03573675,9626,195,195,0,4056,0,1578,670,3127,6344,0,0,3,4804,4675,129,3127,1548,0,1826,129,1301,4824,,544,0,
141,INFEASIBLE,certified_no_adversarial_example,feasibility,false,false,false,false,,,,0.845438999,0.03756523132324219,0.0,0.0,0.793729749,0.5235800150000001,0.39015736599999995,0.37493371963500977,0.4035723830000001,0.270149734,0.049340783,9626,250,250,0,4021,0,1548,634,3173,8288,0,0,3,4804,4659,145,3173,1486,0,1862,148,1372,4948,,620,0,
142,INFEASIBLE,certified_no_adversarial_example,feasibility,false,false,false,false,,,,0.592685922,0.019676685333251953,0.0,0.0,0.560339992,0.301947986,0.19222043500000002,0.1802520751953125,0.36811955699999993,0.25839200599999995,0.030034681,9626,180,180,0,4025,0,1586,670,3165,3842,0,0,3,4804,4700,104,3165,1535,0,1779,106,1206,4658,,439,0,
143,INFEASIBLE,certified_no_adversarial_example,feasibility,false,false,false,false,,,,0.770538349,0.02562236785888672,0.0,0.0,0.730561944,0.467790845,0.324397186,0.310136079788208,0.40616475799999996,0.26277109899999995,0.03735677,9626,248,248,0,4053,0,1551,686,3088,7340,0,0,3,4804,4644,160,3088,1556,0,1891,162,1430,5050,,498,0,
144,INFEASIBLE,certified_no_adversarial_example,feasibility,false,false,false,false,,,,0.479512932,0.014055252075195312,0.0,0.0,0.45602963,0.216293157,0.129739712,0.12090516090393066,0.326289918,0.239736473,0.021159822,9626,131,131,0,3977,0,1610,639,3269,2461,0,0,3,4804,4734,70,3269,1465,0,1708,70,1065,4411,,454,0,
145,INFEASIBLE,certified_no_adversarial_example,feasibility,false,false,false,false,,,,0.783897167,0.033544063568115234,0.0,0.0,0.643030671,0.40065101200000003,0.27076551899999995,0.25800085067749023,0.37226515200000004,0.24237965899999997,0.138672252,9626,215,215,0,4045,0,1566,674,3126,6371,0,0,3,4804,4679,125,3126,1553,0,1821,127,1290,4805,,719,0,
146,INFEASIBLE,certified_no_adversarial_example,feasibility,false,false,false,false,,,,0.904607928,0.013567686080932617,0.0,0.0,0.881000101,0.215962231,0.135114833,0.12567996978759766,0.7458852680000001,0.66503787,0.021364791,9626,136,136,0,3976,0,1609,649,3256,2825,0,0,3,4804,4727,77,3256,1471,0,1722,77,1093,4460,,461,0,
147,INFEASIBLE,certified_no_adversarial_example,feasibility,false,false,false,false,,,,0.602845333,0.020107746124267578,0.0,0.0,0.569233095,0.32473483300000006,0.21970333300000003,0.20726728439331055,0.34952976199999997,0.2444982619999999,0.031357838,9626,193,193,0,4081,0,1576,685,3091,5312,0,0,3,4804,4674,130,3091,1583,0,1833,134,1314,4846,,495,0,
148,INFEASIBLE,certified_no_adversarial_example,feasibility,false,false,false,false,,,,0.700638661,0.018878936767578125,0.0,0.0,0.668365936,0.40126574400000004,0.269620366,0.25658679008483887,0.39874557000000005,0.267100192,0.029999071,9626,199,199,0,4111,0,1575,711,3030,6486,0,0,3,4804,4671,133,3030,1641,0,1837,135,1322,4861,,502,0,
149,INFEASIBLE,certified_no_adversarial_example,feasibility,false,false,false,false,,,,0.81586722,0.0481107234954834,0.0,0.0,0.753066148,0.490702776,0.3520995739999999,0.337573766708374,0.40096657400000013,0.26236337200000004,0.060479888,9626,251,251,0,4052,0,1549,664,3110,7720,0,0,3,4804,4654,150,3110,1544,0,1872,153,1392,4983,,894,0,
150,OPTIMAL,adversarial_example_found_or_best_known,feasibility,true,true,true,true,7.028821968901866e-13,-10.881063902687046;-8.9406952357762;0.46745631982785385;-3.298896041464518;-4.252153417241769;-6.719737575920465;-8.597495096983412;-8.895841755772153;-6.530468911181662;0.46745631982855673,0.0;0.1;0.1;0.0;0.0;0.1;0.1;0.1;0.1;0.0;0.0;0.1;0.1;0.0;0.0;0.0;0.0;0.1;0.1;0.0;0.0;0.1;0.1;0.0;0.0;0.1;0.1;0.0;0.0;0.1;0.1;0.0;0.1;0.1;0.1;0.0;0.1;0.0;0.1;0.1;0.1;0.1;0.1;0.0;0.0;0.0;0.0;0.0;0.0;0.0;0.1;0.0;0.1;0.1;0.1;0.0;0.0;0.1;0.1;0.0;0.0;0.1;0.1;0.0;0.1;0.0;0.0;0.1;0.1;0.1;0.1;0.0;0.0;0.1;0.1;0.0;0.0;0.0;0.1;0.0;0.0;0.1;0.1;0.0;0.0;0.0;0.0;0.0;0.0;0.1;0.0;0.0;0.1;0.0;0.1;0.0;0.1;0.1;0.1;0.1;0.0;0.1;0.0;0.0;0.0;0.0;0.1;0.0;0.1;0.0;0.1;0.0;0.0;0.1;0.0;0.0;0.0;0.1;0.1;0.0;0.1;0.0;0.0;0.0;0.0;0.1;0.1;0.1;0.1;0.1;0.1;0.1;0.0;0.0;0.0;0.0;0.0;0.1;0.1;0.1;0.1;0.1;0.1;0.0;0.1;0.1;0.1;0.1;0.1;0.0;0.1;0.0;0.1;0.0;0.0;0.0;0.0;0.0;0.1;0.1;0.0;0.0;0.0;0.0;0.0;0.0;0.1;0.0;0.0;0.1;0.1;0.0;0.0;0.0;0.0;0.1;0.1;0.0;0.0;0.1;0.1;0.1;0.3313725490196079;0.6803921568627451;0.5975497510199732;0.10784313725490197;0.0;0.1;0.1;0.0;0.0;0.0;0.0;0.1;0.1;0.0;0.1;0.1;0.1;0.0;0.0;0.0;0.0;0.1;0.1;0.0;0.0;0.1;0.15098039215686276;0.40588235294117647;1.0;0.7769519006316425;0.5235294117647059;0.9745098039215686;0.43076787462469474;0.10256318162297978;0.0;0.1;0.0;0.011569626222401751;0.038183773077912334;0.0;0.1;0.0;0.0;0.1;0.1;0.0;0.0;0.0;0.0;0.1;0.1;0.0;0.1;0.1;0.48431372549019613;0.5588235294117647;0.19411764705882353;0.0;0.0;0.20196078431372547;0.8921568627450981;0.8490196078431372;0.10179638681048664;0.1;0.0;0.1;0.1;0.0;0.0;0.0;0.09790394617308994;0.1;0.1;0.1;0.0;0.0;0.0;0.1;0.1;0.0;0.1;0.14441797791512778;1.0;0.4019607843137255;0.0;0.0;0.1;0.1;0.7705882352941176;0.7196078431372549;0.0;0.1;0.1;0.1;0.0;0.1;0.1;0.0;0.1;0.1;0.1;0.1;0.0;0.0;0.0;0.1;0.1;0.0;0.1;0.5470588235294118;0.8450980392156863;0.017647058823529405;0.0;0.0;0.0;0.3941176470588236;1.0;0.4764705882352941;0.1;0.1;0.1;0.1;0.1;0.1;0.0;0.0;0.1;0.1;0.1;0.1;0.0;0.0;0.1980392156862745;0.18534200220915137;0.1;0.0;0.1;0.7313249223226163;0.8596234626423686;0.1;0.0;0.0;0.21764705882352942;0.7794181319483277;0.8871856166294798;0.0;0.0;0.0;0.0;0.0;0.07000766169974694;0.1;0.1;0.1;0.0;0.1;0.1;0.1;0.1;0.0;1.0;0.44509803921568625;0.0;0.0;0.0;0.5235294117647059;0.9823529411764705;0.12352941176470589;0.0;0.18627450980392155;0.7901960784313725;0.896078431372549;0.0959383012892234;0.1;0.0;0.0;0.0;0.1;0.1;0.1;0.1;0.0;0.0;0.1;0.1;0.1;0.1;0.0;0.9549019607843137;0.7784313725490196;0.0;0.0;0.0;0.3941176470588236;0.8960784313725491;0.20196078431372547;0.24901960784313723;0.7941176470588236;0.8940706242454198;0.17922869075935965;0.0;0.0;0.1;0.0;0.0;0.1;0.1;0.1;0.1;0.0;0.0;0.1;0.1;0.0;0.0;0.0;0.40733032957571613;0.8882352941176471;0.17450980392156865;0.0;0.0;0.1627450980392157;0.9980392156862745;0.8960784313725491;0.8960784313725491;0.703921568627451;0.0;0.1;0.1;0.0;0.0;0.0;0.0;0.0;0.0;0.1;0.1;0.0;0.0;0.1;0.1;0.0;0.1;0.0;0.0;0.6568627450980392;1.0;0.3937463851654939;0.0;0.17577570036366819;0.872744801336644;1.0;0.862083154980073;0.0;0.1;0.1;0.0;0.0;0.0;0.0;0.0;0.0;0.0;0.1;0.1;0.1;0.0;0.1;0.1;0.0;0.0;0.0;0.09712826593813884;0.04901960784313725;0.8958776428403717;0.884313725490196;0.9352941176470588;0.7823529411764706;0.5666666666666667;0.6294117647058823;0.8725490196078431;0.2058823529411765;0.0;0.1;0.1;0.1;0.0;0.0;0.0;0.0;0.0;0.1;0.1;0.1;0.0;0.1;0.1;0.0;0.1;0.1;0.1;0.0;0.005882352941176464;0.32146614808682883;0.5745098039215686;0.2568627450980392;0.1;0.10386583070258353;0.9687585441190063;0.800748791536467;0.04117647058823529;0.1;0.1;0.1;0.0;0.0;0.0;0.0;0.0;0.0;0.0;0.0;0.0;0.1;0.1;0.0;0.0;0.1;0.1;0.0;0.0;0.1;0.0;0.0;0.0;0.0;0.3156862745098039;0.8647058823529412;0.7666666666666667;0.2411764705882353;0.1;0.1;0.1;0.0;0.0;0.0;0.0;0.0;0.1;0.1;0.1;0.1;0.1;0.1;0.09323977479018734;0.0;0.1;0.0;0.1;0.1;0.1;0.0;0.1;0.0;0.0;0.05686274509803921;0.8953277767041882;0.7877594312284986;0.10141098086904564;0.1;0.0;0.1;0.0;0.1;0.01527688229549048;0.0;0.0;0.1;0.0;0.1;0.1;0.1;0.1;0.1;0.1;0.0;0.0;0.1;0.1;0.0;0.0;0.1;0.0;0.1;0.017647058823529405;0.7431372549019608;0.8450980392156863;0.3784313725490196;0.1;0.1;0.0;0.1;0.1;0.0;0.0;0.1;0.1;0.1;0.1;0.1;0.0;0.1;0.0;0.0;0.1;0.1;0.1;0.1;0.0;0.0;0.0;0.0;0.1;0.0;0.6019607843137255;1.0;0.0607843137254902;0.1;0.0;0.1;0.0;0.0;0.016084410831898485;0.0;0.0;0.1;0.1;0.0;0.0;0.1;0.0;0.0;0.0;0.1;0.1;0.1;0.0;0.1;0.004138268975816281;0.0;0.0;0.1;0.13529411764705884;0.9156862745098039;0.8607843137254902;0.2529411764705882;0.0;0.1;0.1;0.0;0.0;0.0;0.1;0.0;0.0380748142781523;0.0;0.1;0.0;0.1;0.0;0.1;0.1;0.1;0.1;0.1;0.0;0.08694798564441801;0.0;0.1;0.0;0.0;0.0;0.6294117647058823;1.0;0.47285628952586967;0.10241997506204238;0.0;0.0;0.1;0.1;0.0;0.0;0.1;0.1;0.0;0.0;0.0;0.0;0.0;0.0;0.0;0.0;0.1;0.1;0.1;0.0;0.0;0.0;0.0;0.0;0.0;0.3313725490196079;1.0;0.8647058823529411;0.0;0.1;0.0;0.0;0.1;0.0;0.0;0.0;0.1;0.1;0.1;0.0;0.0059147687327189575;0.0;0.1;0.1;0.0;0.1;0.1;0.1;0.1;0.0;0.0;0.0;0.0;0.0;0.41764705882352937;0.7831618207530874;0.0;0.1;0.1;0.0;0.0;0.0;0.1;0.1;0.0;0.1;0.1;0.0;0.0;0.1;0.1;0.1;0.1;0.1;0.0;0.0;0.0;0.0;0.0;0.0;0.0;0.0;0.0;0.0;0.0;0.0;0.1;0.1;0.1;0.0;0.1;0.0;0.0;0.1;0.0;0.0;0.0;0.1;0.0;0.1;0.0;0.0;0.0;0.0;0.1;0.1;0.0;0.1;0.0;0.0;0.0;0.0;0.0;0.0;0.0;0.0,1.798527809,0.9206104278564453,0.0,0.0,0.86141983,0.513880646,0.38113293299999995,0.36467599868774414,0.48028689700000005,0.34753918399999995,0.932107407,9626,279,279,0,4041,0,1527,632,3147,10028,0,0,3,4804,4645,159,3147,1498,0,1886,159,1421,5034,1,11452,,0.0
151,INFEASIBLE,certified_no_adversarial_example,feasibility,false,false,false,false,,,,0.606758202,0.025638818740844727,0.0,0.0,0.566228682,0.33496428,0.23184902999999998,0.21924996376037598,0.33437965199999997,0.23126440199999998,0.036447052,9626,198,198,0,4041,0,1573,667,3147,5264,0,0,3,4804,4682,122,3147,1535,0,1816,125,1280,4787,,553,0,
152,INFEASIBLE,certified_no_adversarial_example,feasibility,false,false,false,false,,,,0.962690022,0.19608616828918457,0.0,0.0,0.751718478,0.454483624,0.33419178200000005,0.3192329406738281,0.417526696,0.29723485400000005,0.208666583,9626,247,247,0,4084,0,1552,689,3054,7188,0,0,3,4804,4639,165,3054,1585,0,1901,167,1450,5085,,990,0,
153,INFEASIBLE,certified_no_adversarial_example,feasibility,false,false,false,false,,,,0.71411823,0.018523693084716797,0.0,0.0,0.682258276,0.403030219,0.260012352,0.24633073806762695,0.422245924,0.279228057,0.029497876,9626,199,199,0,4039,0,1577,696,3115,5663,0,0,3,4804,4673,131,3115,1558,0,1834,134,1316,4850,,478,0,
154,INFEASIBLE,certified_no_adversarial_example,feasibility,false,false,false,false,,,,0.796804527,0.02447223663330078,0.0,0.0,0.758295424,0.5017799549999999,0.3516963129999999,0.33657193183898926,0.4065991110000001,0.2565154690000001,0.036132499,9626,260,260,0,4032,0,1545,676,3113,6320,0,0,3,4804,4660,144,3113,1547,0,1860,147,1368,4941,,502,0,
155,INFEASIBLE,certified_no_adversarial_example,feasibility,false,false,false,false,,,,0.56636147,0.03471088409423828,0.0,0.0,0.520041035,0.26786551000000003,0.17619791700000004,0.1655580997467041,0.34384311799999995,0.25217552499999996,0.043943056,9626,178,178,0,3978,0,1586,624,3260,3532,0,0,3,4804,4706,98,3260,1446,0,1770,103,1188,4625,,730,0,
156,INFEASIBLE,certified_no_adversarial_example,feasibility,false,false,false,false,,,,0.641878041,0.018910884857177734,0.0,0.0,0.610452199,0.34842208199999997,0.242273595,0.2292766571044922,0.368178604,0.26203011700000006,0.029126017,9626,209,209,0,4073,0,1566,670,3108,5599,0,0,3,4804,4680,124,3108,1572,0,1821,128,1290,4804,,473,0,
157,INFEASIBLE,certified_no_adversarial_example,feasibility,false,false,false,false,,,,0.794227199,0.022046327590942383,0.0,0.0,0.758162033,0.485363054,0.3377837189999999,0.3228626251220703,0.42037831400000003,0.27279897899999994,0.033735279,9626,249,249,0,4043,0,1549,662,3123,8406,0,0,3,4804,4649,155,3123,1526,0,1883,159,1414,5021,,436,0,
158,INFEASIBLE,certified_no_adversarial_example,feasibility,false,false,false,false,,,,0.701092719,0.03491353988647461,0.0,0.0,0.653095442,0.389902646,0.25961064300000003,0.24651646614074707,0.393484799,0.263192796,0.045629849,9626,218,218,0,4037,0,1564,671,3136,5671,0,0,3,4804,4675,129,3136,1539,0,1832,134,1312,4842,,723,0,
159,INFEASIBLE,certified_no_adversarial_example,feasibility,false,false,false,false,,,,0.660133125,0.02541184425354004,0.0,0.0,0.621666172,0.375622833,0.24374834400000003,0.23074960708618164,0.37791782799999996,0.24604333899999997,0.036150894,9626,204,204,0,4037,0,1572,679,3134,5294,0,0,3,4804,4684,120,3134,1550,0,1808,120,1265,4761,,546,0,
160,INFEASIBLE,certified_no_adversarial_example,feasibility,false,false,false,false,,,,0.695883733,0.024658679962158203,0.0,0.0,0.66019352,0.317065381,0.209896058,0.19888758659362793,0.450297462,0.343128139,0.033230633,9626,158,158,0,4004,0,1594,647,3223,5083,0,0,3,4804,4710,94,3223,1487,0,1759,96,1166,4588,,649,0,
161,INFEASIBLE,certified_no_adversarial_example,feasibility,false,false,false,false,,,,1.019216361,0.021589994430541992,0.0,0.0,0.985960969,0.754184111,0.19866936899999996,0.18700313568115234,0.7872916,0.23177685799999992,0.030924258,9626,186,186,0,4044,0,1581,675,3140,5041,0,0,3,4804,4692,112,3140,1552,0,1796,115,1240,4717,,523,0,
162,INFEASIBLE,certified_no_adversarial_example,feasibility,false,false,false,false,,,,0.702370151,0.022552490234375,0.0,0.0,0.666864622,0.436868982,0.312880287,0.2993495464324951,0.353984335,0.22999563999999995,0.033298036,9626,225,225,0,4066,0,1560,664,3111,8084,0,0,3,4804,4667,137,3111,1556,0,1842,137,1333,4880,,565,0,
163,INFEASIBLE,certified_no_adversarial_example,feasibility,false,false,false,false,,,,0.56784726,0.01817178726196289,0.0,0.0,0.537256858,0.296136406,0.180361257,0.16907596588134766,0.356895601,0.24112045199999999,0.028337778,9626,175,175,0,4077,0,1586,710,3078,4037,0,0,3,4804,4694,110,3078,1616,0,1791,112,1230,4700,,483,0,
164,INFEASIBLE,certified_no_adversarial_example,feasibility,false,false,false,false,,,,0.543670903,0.01725482940673828,0.0,0.0,0.515214809,0.278594176,0.168696197,0.15837717056274414,0.34651861200000006,0.23662063300000002,0.026179022,9626,161,161,0,4049,0,1596,689,3131,3461,0,0,3,4804,4707,97,3131,1576,0,1762,97,1173,4600,,522,0,
165,INFEASIBLE,certified_no_adversarial_example,feasibility,false,false,false,false,,,,0.874132065,0.04375863075256348,0.0,0.0,0.816684165,0.5668359900000001,0.3575262980000001,0.3431065082550049,0.4591578669999999,0.2498481749999999,0.055158417,9626,264,264,0,4044,0,1539,653,3126,8357,0,0,3,4804,4657,147,3126,1531,0,1868,152,1384,4968,,823,0,
166,INFEASIBLE,certified_no_adversarial_example,feasibility,false,false,false,false,,,,0.702177445,0.023447513580322266,0.0,0.0,0.665735393,0.41146514599999995,0.25320503000000005,0.2409365177154541,0.4125303629999999,0.254270247,0.03418199,9626,196,196,0,4075,0,1578,695,3082,5431,0,0,3,4804,4673,131,3082,1591,0,1834,134,1316,4850,,532,0,
167,INFEASIBLE,certified_no_adversarial_example,feasibility,false,false,false,false,,,,0.736621239,0.037035226821899414,0.0,0.0,0.684921886,0.426097681,0.3050891889999999,0.28998899459838867,0.3798326970000001,0.25882420500000003,0.049452447,9626,238,238,0,4053,0,1554,652,3129,7136,0,0,3,4804,4659,145,3129,1530,0,1861,147,1370,4945,,611,0,
168,INFEASIBLE,certified_no_adversarial_example,feasibility,false,false,false,false,,,,0.785832512,0.14417457580566406,0.0,0.0,0.628760601,0.360441071,0.24463147400000002,0.2319183349609375,0.38412912699999996,0.26831953,0.154480023,9626,212,212,0,4030,0,1566,655,3163,5524,0,0,3,4804,4684,120,3163,1521,0,1811,122,1270,4770,,912,0,
169,INFEASIBLE,certified_no_adversarial_example,feasibility,false,false,false,false,,,,0.544092341,0.015020132064819336,0.0,0.0,0.518866434,0.287502207,0.170154623,0.15982723236083984,0.348711811,0.23136422699999998,0.022867399,9626,166,166,0,3994,0,1591,646,3229,3467,0,0,3,4804,4716,88,3229,1487,0,1744,88,1137,4537,,470,0,
170,INFEASIBLE,certified_no_adversarial_example,feasibility,false,false,false,false,,,,0.593210529,0.019919872283935547,0.0,0.0,0.5626979,0.29849673600000004,0.192817524,0.18166041374206543,0.369880376,0.26420116399999993,0.028279372,9626,184,184,0,4025,0,1579,667,3171,4134,0,0,3,4804,4708,96,3171,1537,0,1760,96,1169,4593,,546,0,
171,INFEASIBLE,certified_no_adversarial_example,feasibility,false,false,false,false,,,,0.52131827,0.01922321319580078,0.0,0.0,0.492128892,0.26475021899999995,0.15287928199999995,0.14298057556152344,0.33924961000000003,0.22737867300000003,0.026883479,9626,150,150,0,4017,0,1601,667,3191,2956,0,0,3,4804,4715,89,3191,1524,0,1746,89,1141,4544,,584,0,
172,INFEASIBLE,certified_no_adversarial_example,feasibility,false,false,false,false,,,,0.552457805,0.021582365036010742,0.0,0.0,0.520094726,0.266666306,0.16905070299999997,0.15897655487060547,0.351044023,0.25342841999999993,0.030036952,9626,168,168,0,4072,0,1591,654,3141,4263,0,0,3,4804,4702,102,3141,1561,0,1777,106,1202,4650,,537,0,
173,INFEASIBLE,certified_no_adversarial_example,feasibility,false,false,false,false,,,,0.712270482,0.03447914123535156,0.0,0.0,0.652481518,0.406447196,0.27510440999999997,0.26251912117004395,0.377377108,0.24603432199999997,0.057489145,9626,207,207,0,4090,0,1570,707,3052,7196,0,0,3,4804,4656,148,3052,1604,0,1867,150,1382,4966,,754,0,
174,INFEASIBLE,certified_no_adversarial_example,feasibility,false,false,false,false,,,,1.069903325,0.06766438484191895,0.0,0.0,0.986187761,0.698495474,0.536799225,0.5193359851837158,0.44938853600000006,0.28769228700000005,0.081421647,9626,308,308,0,4061,0,1518,667,3072,11029,0,0,3,4804,4607,197,3072,1535,0,1969,203,1586,5321,,980,0,
175,INFEASIBLE,certified_no_adversarial_example,feasibility,false,false,false,false,,,,0.54440074,0.016479969024658203,0.0,0.0,0.516712554,0.288735653,0.179823595,0.1692204475402832,0.33688895900000004,0.22797690100000007,0.025358757,9626,164,164,0,4044,0,1592,680,3146,4352,0,0,3,4804,4702,102,3146,1556,0,1772,102,1193,4635,,486,0,
176,INFEASIBLE,certified_no_adversarial_example,feasibility,false,false,false,false,,,,1.312403646,0.210221529006958,,0.0,1.090909199,0.31828770100000003,0.214139252,0.2025928497314453,0.8767699469999999,0.7726214979999999,0.219213225,9626,195,195,0,3975,0,1579,626,3251,4781,0,0,3,4804,4698,106,3251,1447,0,1784,109,1216,4675,,1287,0,
177,INFEASIBLE,certified_no_adversarial_example,feasibility,false,false,false,false,,,,0.594271806,0.029140949249267578,0.0,0.0,0.55185931,0.329507546,0.22379534299999998,0.21242690086364746,0.328063967,0.222351764,0.040099672,9626,228,228,0,3971,0,1561,619,3247,4332,0,0,3,4804,4686,118,3247,1439,0,1812,125,1272,4771,,538,0,
178,INFEASIBLE,certified_no_adversarial_example,feasibility,false,false,false,false,,,,0.688852172,0.03861737251281738,0.0,0.0,0.635995763,0.380014106,0.258808829,0.24615883827209473,0.37718693400000003,0.25598165700000003,0.050506868,9626,221,221,0,4056,0,1565,669,3115,6392,0,0,3,4804,4662,142,3115,1547,0,1860,149,1368,4939,,716,0,
179,INFEASIBLE,certified_no_adversarial_example,feasibility,false,false,false,false,,,,0.515349142,0.022077322006225586,0.0,0.0,0.482371765,0.256963901,0.15190957100000002,0.14288115501403809,0.330462194,0.225407864,0.03063337,9626,146,146,0,3992,0,1602,642,3244,4121,0,0,3,4804,4717,87,3244,1473,0,1747,91,1142,4545,,543,0,
180,INFEASIBLE,certified_no_adversarial_example,feasibility,false,false,false,false,,,,0.683837895,0.019777536392211914,0.0,0.0,0.651315052,0.325289243,0.21407508799999997,0.20213818550109863,0.437239964,0.32602580899999994,0.030230172,9626,190,190,0,4089,0,1580,692,3075,5456,0,0,3,4804,4674,130,3075,1599,0,1828,130,1305,4831,,518,0,
181,INFEASIBLE,certified_no_adversarial_example,feasibility,false,false,false,false,,,,0.462700629,0.015959978103637695,0.0,0.0,0.436433688,0.21604257,0.126531865,0.11758041381835938,0.309901823,0.220391118,0.023997407,9626,136,136,0,3983,0,1608,648,3251,2288,0,0,3,4804,4734,70,3251,1483,0,1711,72,1070,4420,,435,0,
182,INFEASIBLE,certified_no_adversarial_example,feasibility,false,false,false,false,,,,0.739361217,0.021395444869995117,0.0,0.0,0.704715201,0.449427453,0.276512976,0.2631525993347168,0.42820222499999994,0.255287748,0.032300609,9626,218,218,0,4070,0,1562,680,3096,6076,0,0,3,4804,4672,132,3096,1576,0,1837,136,1322,4860,,491,0,
183,INFEASIBLE,certified_no_adversarial_example,feasibility,false,false,false,false,,,,0.560057242,0.018219470977783203,0.0,0.0,0.530269679,0.272605462,0.177928564,0.16763758659362793,0.352341115,0.257664217,0.027466226,9626,173,173,0,4017,0,1590,661,3185,4354,0,0,3,4804,4696,108,3185,1511,0,1788,111,1224,4689,,477,0,
184,INFEASIBLE,certified_no_adversarial_example,feasibility,false,false,false,false,,,,0.549716063,0.0193939208984375,0.0,0.0,0.519947699,0.258346028,0.169251976,0.15891814231872559,0.35069572300000007,0.26160167100000004,0.027398747,9626,169,169,0,4084,0,1591,724,3058,3080,0,0,3,4804,4706,98,3058,1648,0,1767,100,1182,4616,,577,0,
185,INFEASIBLE,certified_no_adversarial_example,feasibility,false,false,false,false,,,,0.991037799,0.21256089210510254,0.0,0.0,0.765172182,0.4938764440000001,0.36609742,0.35170888900756836,0.399074762,0.27129573799999995,0.223640761,9626,252,252,0,4064,0,1547,678,3085,8130,0,0,3,4804,4652,152,3085,1567,0,1875,154,1398,4994,,1121,0,
186,INFEASIBLE,certified_no_adversarial_example,feasibility,false,false,false,false,,,,0.714208041,0.03382515907287598,0.0,0.0,0.668886339,0.4108874980000001,0.285208087,0.2717137336730957,0.38367825200000005,0.257998841,0.042981524,9626,221,221,0,4046,0,1559,647,3153,7087,0,0,3,4804,4682,122,3153,1529,0,1812,122,1273,4775,,749,0,
187,INFEASIBLE,certified_no_adversarial_example,feasibility,false,false,false,false,,,,0.658602972,0.032004356384277344,0.0,0.0,0.614409578,0.370024405,0.24379032099999998,0.23244857788085938,0.370619257,0.24438517299999996,0.041855854,9626,193,193,0,4093,0,1580,695,3065,5118,0,0,3,4804,4683,121,3065,1618,0,1813,123,1274,4777,,762,0,
188,INFEASIBLE,certified_no_adversarial_example,feasibility,false,false,false,false,,,,0.690578615,0.02803325653076172,0.0,0.0,0.649774637,0.37375203100000004,0.25939774299999996,0.24705290794372559,0.3903768940000001,0.276022606,0.038593558,9626,208,208,0,4069,0,1567,700,3082,6124,0,0,3,4804,4666,138,3082,1584,0,1847,140,1342,4896,,583,0,
189,INFEASIBLE,certified_no_adversarial_example,feasibility,false,false,false,false,,,,0.659883193,0.02687525749206543,0.0,0.0,0.621148544,0.361477565,0.237138185,0.22538185119628906,0.38401035899999997,0.25967097899999997,0.036405073,9626,174,174,0,4097,0,1586,703,3066,5623,0,0,3,4804,4690,114,3066,1624,0,1799,116,1246,4728,,607,0,
190,INFEASIBLE,certified_no_adversarial_example,feasibility,false,false,false,false,,,,0.513994782,0.020973920822143555,0.0,0.0,0.481964248,0.255296344,0.1684752,0.15908122062683105,0.313489048,0.22666790399999998,0.029745724,9626,157,157,0,3977,0,1598,637,3257,3891,0,0,3,4804,4711,93,3257,1454,0,1754,93,1157,4572,,571,0,
191,INFEASIBLE,certified_no_adversarial_example,feasibility,false,false,false,false,,,,0.475766831,0.014018058776855469,0.0,0.0,0.452146623,0.21455992899999998,0.128130219,0.11943268775939941,0.32401640400000004,0.23758669400000004,0.021444884,9626,125,125,0,4018,0,1612,655,3216,2890,0,0,3,4804,4737,67,3216,1521,0,1702,67,1053,4390,,466,0,
192,INFEASIBLE,certified_no_adversarial_example,feasibility,false,false,false,false,,,,0.460554642,0.014815568923950195,0.0,0.0,0.435639761,0.20783595200000002,0.126745997,0.11771321296691895,0.308893764,0.227803809,0.022671363,9626,147,147,0,3983,0,1603,632,3261,2457,0,0,3,4804,4727,77,3261,1466,0,1726,80,1100,4472,,433,0,
193,INFEASIBLE,certified_no_adversarial_example,feasibility,false,false,false,false,,,,1.153987718,0.0288999080657959,0.0,0.0,1.112887776,0.324398262,0.22624385399999997,0.21386289596557617,0.886643922,0.788489514,0.03881599,9626,197,197,0,4086,0,1576,688,3079,5595,0,0,3,4804,4666,138,3079,1587,0,1844,138,1337,4887,,678,0,
194,INFEASIBLE,certified_no_adversarial_example,feasibility,false,false,false,false,,,,1.018169263,0.25580883026123047,0.0,0.0,0.746934786,0.49848097099999994,0.370733385,0.35608339309692383,0.37620140099999994,0.24845381500000002,0.268952876,9626,266,266,0,4043,0,1542,637,3138,8450,0,0,3,4804,4641,163,3138,1503,0,1900,168,1448,5080,,1023,0,
195,INFEASIBLE,certified_no_adversarial_example,feasibility,false,false,false,false,,,,0.823078095,0.021401166915893555,0.0,0.0,0.786365376,0.5263822890000001,0.385523531,0.3712482452392578,0.40084184500000003,0.25998308699999995,0.034436525,9626,257,257,0,4085,0,1544,667,3073,8409,0,0,3,4804,4641,163,3073,1568,0,1900,168,1448,5080,,412,0,
196,INFEASIBLE,certified_no_adversarial_example,feasibility,false,false,false,false,,,,0.65029481,0.03371858596801758,0.0,0.0,0.60275686,0.359067062,0.243133219,0.23105883598327637,0.35962364099999994,0.24368979799999996,0.04527955,9626,204,204,0,4001,0,1571,632,3218,6476,0,0,3,4804,4673,131,3218,1455,0,1837,137,1322,4859,,625,0,
197,INFEASIBLE,certified_no_adversarial_example,feasibility,false,false,false,false,,,,0.541597521,0.013508081436157227,0.0,0.0,0.518023113,0.21689549400000002,0.12759184699999998,0.11881732940673828,0.39043126600000005,0.301127619,0.021274752,9626,145,145,0,4005,0,1604,648,3224,2679,0,0,3,4804,4728,76,3224,1504,0,1720,76,1089,4453,,444,0,
198,INFEASIBLE,certified_no_adversarial_example,feasibility,false,false,false,false,,,,0.407373254,0.011458635330200195,0.0,0.0,0.386146569,0.17139501999999998,0.09498857399999999,0.0869286060333252,0.291157995,0.214751549,0.018922894,9626,108,108,0,4042,0,1622,688,3166,1670,0,0,3,4804,4744,60,3166,1578,0,1688,60,1025,4341,,447,0,
199,INFEASIBLE,certified_no_adversarial_example,feasibility,false,false,false,false,,,,0.638581126,0.01747894287109375,0.0,0.0,0.609630272,0.383070922,0.236149202,0.22465300559997559,0.37348106999999997,0.22655935,0.026617731,9626,194,194,0,4026,0,1573,649,3184,5669,0,0,3,4804,4700,104,3184,1516,0,1776,104,1201,4649,,512,0,
200,INFEASIBLE,certified_no_adversarial_example,feasibility,false,false,false,false,,,,0.633179948,0.03400230407714844,0.0,0.0,0.587448304,0.349523423,0.21807415200000002,0.20738005638122559,0.369374152,0.23792488100000003,0.043543525,9626,156,156,0,4085,0,1599,680,3106,4604,0,0,3,4804,4698,106,3106,1592,0,1780,106,1209,4663,,733,0,
201,INFEASIBLE,certified_no_adversarial_example,feasibility,false,false,false,false,,,,0.670598688,0.034836769104003906,0.0,0.0,0.623267608,0.329950081,0.216446087,0.20456671714782715,0.406821521,0.293317527,0.044789301,9626,179,179,0,4140,0,1586,714,3007,5033,0,0,3,4804,4685,119,3007,1678,0,1811,123,1270,4769,,766,0,
202,INFEASIBLE,certified_no_adversarial_example,feasibility,false,false,false,false,,,,0.749571574,0.030066490173339844,0.0,0.0,0.705994863,0.45636513300000003,0.314395453,0.30043625831604004,0.39159941000000004,0.24962973,0.041247722,9626,240,240,0,4080,0,1553,675,3078,6923,0,0,3,4804,4656,148,3078,1578,0,1867,150,1382,4966,,622,0,
203,INFEASIBLE,certified_no_adversarial_example,feasibility,false,false,false,false,,,,0.510322647,0.01751565933227539,0.0,0.0,0.482081368,0.244587886,0.155823376,0.14656615257263184,0.326257992,0.237493482,0.026021929,9626,144,144,0,3987,0,1605,636,3254,2977,0,0,3,4804,4723,81,3254,1469,0,1734,84,1116,4500,,470,0,
204,INFEASIBLE,certified_no_adversarial_example,feasibility,false,false,false,false,,,,0.564012439,0.03652834892272949,0.0,0.0,0.515405676,0.30118863900000004,0.191897413,0.18124008178710938,0.323508263,0.21421703699999994,0.046206175,9626,200,200,0,3974,0,1576,623,3253,3597,0,0,3,4804,4699,105,3253,1446,0,1783,109,1214,4671,,683,0,
205,INFEASIBLE,certified_no_adversarial_example,feasibility,false,false,false,false,,,,0.530864973,0.018203020095825195,0.0,0.0,0.502173544,0.279055167,0.171181032,0.16173267364501953,0.330992512,0.22311837700000003,0.026429458,9626,159,159,0,3975,0,1595,631,3266,3802,0,0,3,4804,4723,81,3266,1457,0,1733,83,1114,4497,,495,0,
206,INFEASIBLE,certified_no_adversarial_example,feasibility,false,false,false,false,,,,0.581791026,0.02042412757873535,0.0,0.0,0.549844844,0.328664694,0.21059413600000002,0.199692964553833,0.339250708,0.22118015000000002,0.029747715,9626,189,189,0,4015,0,1580,663,3179,5608,0,0,3,4804,4690,114,3179,1511,0,1802,119,1252,4737,,478,0,
207,INFEASIBLE,certified_no_adversarial_example,feasibility,false,false,false,false,,,,0.659799701,0.01770162582397461,0.0,0.0,0.630868158,0.298296049,0.20550694199999997,0.19498610496520996,0.425361216,0.33257210899999995,0.026638624,9626,178,178,0,4053,0,1587,671,3137,5637,0,0,3,4804,4691,113,3137,1554,0,1797,115,1242,4721,,483,0,
208,INFEASIBLE,certified_no_adversarial_example,feasibility,false,false,false,false,,,,1.223596871,0.0437312126159668,0.0,0.0,1.166405813,0.9154891479999999,0.3301573379999999,0.3155651092529297,0.836248475,0.250916665,0.054938577,9626,256,256,0,4057,0,1544,678,3091,7348,0,0,3,4804,4653,151,3091,1562,0,1875,155,1398,4993,,758,0,
209,INFEASIBLE,certified_no_adversarial_example,feasibility,false,false,false,false,,,,0.734511071,0.022545576095581055,0.0,0.0,0.6971082,0.44161253,0.311265079,0.29766082763671875,0.38584312099999996,0.25549566999999995,0.035127164,9626,239,239,0,4044,0,1556,670,3117,6762,0,0,3,4804,4657,147,3117,1540,0,1867,151,1382,4965,,510,0,
210,INFEASIBLE,certified_no_adversarial_example,feasibility,false,false,false,false,,,,0.499182622,0.027882814407348633,0.0,0.0,0.459974596,0.22775011299999998,0.12465947700000002,0.11556434631347656,0.335315119,0.23222448300000004,0.036838113,9626,128,128,0,4053,0,1612,680,3153,2775,0,0,3,4804,4721,83,3153,1568,0,1737,85,1122,4511,,809,0,
211,INFEASIBLE,certified_no_adversarial_example,feasibility,false,false,false,false,,,,0.619280871,0.03233504295349121,0.0,0.0,0.575029827,0.332498646,0.20869727200000002,0.19701719284057617,0.36633255500000006,0.24253118100000004,0.041907134,9626,189,189,0,4030,0,1578,655,3174,5332,0,0,3,4804,4693,111,3174,1519,0,1793,113,1234,4707,,764,0,
212,OPTIMAL,adversarial_example_found_or_best_known,feasibility,true,true,true,true,1.4654943925052066e-14,-9.908941808419797;-13.203824577045935;-13.06934653922029;0.8077959230542349;-7.10297513969239;0.8077959230542202;-14.299913961466789;-8.856840068113545;-3.462007172932031;-0.9389137629834472,0.0;0.0;0.0;0.1;0.1;0.1;0.1;0.0;0.1;0.0;0.1;0.0;0.0;0.1;0.1;0.0;0.0;0.0;0.0;0.1;0.1;0.0;0.0;0.1;0.1;0.0;0.0;0.1;0.0;0.0;0.0;0.0;0.0;0.0;0.1;0.1;0.1;0.0;0.1;0.0;0.1;0.1;0.1;0.1;0.1;0.1;0.1;0.1;0.1;0.0;0.0;0.0;0.0;0.0;0.1;0.0;0.1;0.0;0.0;0.0;0.1;0.0;0.1;0.1;0.1;0.0;0.0;0.0;0.0;0.1;0.1;0.0;0.0;0.1;0.1;0.1;0.1;0.1;0.0;0.1;0.1;0.0;0.0;0.0;0.04298557083008409;0.1;0.1;0.1;0.1;0.0;0.1;0.0;0.0;0.1;0.0;0.0;0.0;0.0;0.1;0.0;0.0;0.0;0.1;0.0;0.1;0.1;0.0;0.0;0.0;0.1;0.0;0.1;0.1;0.1;0.1;0.1;0.1;0.0;0.0;0.1;0.1;0.1;0.1;0.0;0.0;0.0;0.0;0.0;0.0;0.1;0.1;0.1;0.1;0.1;0.1;0.0;0.0;0.1;0.1;0.1;0.1;0.0;0.1;0.0;0.1;0.1;0.1;0.1;0.0;0.1;0.0;0.0;0.0;0.1;0.0;0.1;0.0;0.1;0.0;0.0;0.1;0.0;0.0;0.0;0.0;0.0;0.0;0.1;0.0;0.1;0.1;0.0;0.1;0.1;0.1;0.1;0.1;0.1;0.1;0.0;0.0;0.1;0.1;0.1;0.0;0.0;0.0;0.1;0.1;0.1;0.2019607843137255;0.04117647058823529;0.0;0.1;0.1;0.1;0.1;0.1;0.1;0.0;0.1;0.0;0.1;0.1;0.0;0.1;0.0;0.0;0.0;0.1;0.1;0.1;0.0;0.0;0.0;0.1;0.0;0.0;0.46862745098039216;0.8490196078431372;0.6294117647058823;0.11568627450980393;0.1;0.1;0.1;0.1;0.1;0.0;0.0;0.0;0.1;0.1;0.1;0.1;0.1;0.0;0.03725490196078432;0.18235294117647058;0.10442487787725453;0.0;0.0;0.0;0.0;0.0;0.0;0.1;0.0;0.1;0.9941176470588236;0.515686274509804;0.0;0.1;0.1;0.1;0.1;0.0;0.1;0.1;0.1;0.1;0.1;0.1;0.1;0.6019607843137255;0.892239278406649;0.8921568627450981;0.7784313725490196;0.6019607843137255;0.0;0.1;0.0;0.1;0.0;0.1;0.0;0.1;0.7620350404900115;0.7901960784313725;0.1;0.0;0.1;0.1;0.1;0.0;0.0;0.1;0.1;0.1;0.1;0.1;0.4019607843137255;0.8803921568627451;0.49215686274509807;0.4764705882352941;0.5431372549019609;0.8921568627450981;0.6647058823529411;0.0;0.0;0.1;0.0;0.1;0.1;0.1;0.5392156862745098;0.896078431372549;0.0;0.1;0.1;0.0;0.1;0.0;0.1;0.1;0.1;0.1;0.1;0.1784313725490196;0.9652693452218775;0.7943653781762925;0.12352941176470589;0.1;0.10568421000616303;0.5901960784313726;0.8882352941176471;0.6843137254901961;0.0;0.1;0.0;0.0;0.0;0.27254901960784317;0.864169283281707;0.6294117647058823;0.0;0.0;0.0;0.1;0.1;0.0;0.0;0.1;0.1;0.1;0.0977212620720253;0.6647058823529411;0.896078431372549;0.0;0.0;0.1;0.09742861232248896;0.0;0.40588235294117647;0.8921568627450981;0.292156862745098;0.10392156862745099;0.1;0.0;0.0;0.707843137254902;0.9694743698927256;0.3666666666666667;0.1;0.0;0.1;0.1;0.1;0.0;0.0;0.1;0.1;0.1;0.4019607843137255;1.0;0.4254901960784314;0.0;0.0;0.1;0.1;0.1;0.21372549019607845;0.7;1.0;0.19803921568627453;0.0;0.10196246882531954;0.692156862745098;1.0;0.20980392156862746;0.1;0.0;0.1;0.1;0.1;0.1;0.0;0.0;0.1;0.09996917154637601;0.307843137254902;0.7980392156862746;0.7039215686274509;0.34705882352941175;0.4019607843137255;0.11176470588235295;0.1;0.1;0.0;0.09515237587860834;0.21372549019607845;1.0;0.7196078431372549;0.13529411764705881;0.6294117647058823;1.0;0.5549019607843138;0.09748140348554726;0.1;0.1;0.0;0.1;0.0;0.1;0.0;0.1;0.0;0.0;0.503921568627451;0.7313725490196079;0.1036881975188949;0.5901960784313726;1.0;0.14313725490196078;0.1;0.1;0.1;0.1;0.1;0.307843137254902;1.0;1.0;1.0;0.5549019607843138;0.10871991560312924;0.0;0.0;0.0;0.1;0.0;0.1;0.1;0.0;0.0;0.1;0.1588235294117647;1.0;0.29607843137254897;0.005882352941176464;0.9784313725490196;0.5431372549019609;0.0;0.1;0.1;0.1;0.1;0.1;0.0;0.05686274509803921;0.5313725490196078;0.42156862745098045;0.14705882352941177;0.1;0.1;0.1;0.0;0.1;0.1;0.1;0.025781088017831875;0.0;0.1;0.1;0.3784313725490196;1.0;0.10256965145153812;0.38627450980392153;1.0;0.4725490196078431;0.1;0.0;0.1;0.1;0.1;0.1;0.0;0.0;0.1;0.1;0.0;0.0;0.0;0.1;0.0;0.1;0.0;0.1;0.1;0.0;0.0;0.1;1.0;0.9313725490196079;0.0;0.6529411764705882;0.7156862745098039;0.0;0.0;0.1;0.1;0.1;0.1;0.1;0.1;0.1;0.1;0.1;0.1;0.0;0.0;0.1;0.0;0.1;0.06625315510673763;0.0;0.1;0.0;0.1;0.1;0.8882352941176471;0.24509803921568626;0.16666666666666666;1.0;0.44743059341283;0.0;0.1;0.0;0.1;0.1;0.1;0.0;0.0;0.0;0.1;0.0;0.0;0.0;0.0;0.0;0.1;0.1;0.0;0.1;0.1;0.0;0.0;0.0;1.0;0.5705882352941176;0.7823529411764706;0.6254901960784314;0.0;0.0;0.0;0.1;0.1;0.1;0.1;0.0;0.0;0.1;0.1;0.0;0.1;0.1;0.0;0.0;0.0;0.1;0.1;0.1;0.1;0.0;0.1;0.1;0.9;0.8921568627450981;0.7196078431372549;0.08823529411764705;0.1;0.0;0.1;0.0;0.1;0.1;0.1;0.0;0.0;0.1;0.1;0.1;0.0;0.1;0.0;0.1;0.005572237635692311;0.0;0.0;0.1;0.1;0.0;0.0;0.0;0.7470588235294118;0.8294117647058823;0.09885457866338866;0.0;0.0;0.0;0.0;0.0;0.1;0.1;0.1;0.0;0.0;0.1;0.1;0.1;0.1;0.1;0.1;0.1;0.0;0.0;0.1;0.0;0.1;0.0;0.1;0.1;0.10524844510272441;0.10391428292462268;0.1;0.0;0.01816592611823152;0.1;0.1;0.0;0.1;0.1;0.1;0.0;0.1;0.0;0.1;0.1;0.1;0.0;0.0;0.1;0.0;0.0;0.0;0.0;0.1;0.1;0.1;0.1;0.1;0.1;0.1;0.0;0.0;0.1;0.1;0.0;0.0;0.1;0.1;0.0;0.0;0.0;0.1;0.1;0.1;0.0;0.0;0.1;0.1;0.0;0.1;0.1;0.1;0.1;0.1;0.1;0.03899496627720962;0.1;0.06851525493109259;0.0;0.1;0.0;0.1;0.1;0.1;0.1;0.0;0.1;0.1;0.0;0.1;0.0;0.0;0.0;0.0;0.1;0.0;0.0;0.0;0.1;0.1;0.1;0.1;0.1;0.1;0.1;0.1;0.0;0.0;0.1;0.1;0.1;0.1;0.1;0.1;0.0;0.0;0.0;0.0;0.1;0.1;0.0;0.0;0.1;0.1;0.0;0.0;0.1;0.1;0.1;0.1;0.1;0.1;0.1;0.0;0.0;0.1;0.0;0.1;0.0;0.0;0.1;0.0;0.0;0.0;0.1;0.1;0.1;0.1;0.0;0.1;0.1;0.1;0.1,65.294904455,64.48241710662842,0.0,0.0,0.796526297,0.5499716450000001,0.34118101700000003,0.3276102542877197,0.45534527999999996,0.24655465199999993,64.493555951,9626,234,234,0,4035,0,1557,653,3147,8290,0,0,3,4804,4654,150,3147,1507,0,1872,153,1392,4983,1944,935537,,0.0
213,INFEASIBLE,certified_no_adversarial_example,feasibility,false,false,false,false,,,,0.779614799,0.03202009201049805,0.0,0.0,0.7341428,0.47864722299999996,0.31015618799999994,0.29739928245544434,0.42398661200000004,0.25549557700000003,0.043113574,9626,214,214,0,4057,0,1570,658,3127,6043,0,0,3,4804,4673,131,3127,1546,0,1836,136,1320,4856,,603,0,
214,INFEASIBLE,certified_no_adversarial_example,feasibility,false,false,false,false,,,,0.648867224,0.02609086036682129,0.0,0.0,0.610739893,0.37428649999999997,0.24684518199999997,0.23540639877319336,0.36389471100000004,0.236453393,0.035729902,9626,179,179,0,4014,0,1583,649,3201,5838,0,0,3,4804,4696,108,3201,1495,0,1787,110,1222,4686,,592,0,
215,INFEASIBLE,certified_no_adversarial_example,feasibility,false,false,false,false,,,,0.583151181,0.02138519287109375,0.0,0.0,0.550650096,0.28332004200000005,0.180388873,0.1698012351989746,0.37026122300000003,0.267330054,0.03011343,9626,163,163,0,4050,0,1593,672,3148,4131,0,0,3,4804,4709,95,3148,1561,0,1761,97,1170,4595,,511,0,
216,INFEASIBLE,certified_no_adversarial_example,feasibility,false,false,false,false,,,,0.652895631,0.02680230140686035,0.0,0.0,0.613604598,0.34665199299999994,0.219661269,0.20785927772521973,0.393943329,0.26695260500000006,0.036922924,9626,180,180,0,4074,0,1584,690,3098,5218,0,0,3,4804,4690,114,3098,1592,0,1800,117,1248,4731,,524,0,
217,INFEASIBLE,certified_no_adversarial_example,feasibility,false,false,false,false,,,,0.72413301,0.022107601165771484,0.0,0.0,0.688319686,0.41875827200000004,0.281532264,0.26839113235473633,0.40678742200000007,0.269561414,0.032647706,9626,208,208,0,4051,0,1569,669,3129,5955,0,0,3,4804,4674,130,3129,1545,0,1832,133,1312,4843,,484,0,
218,INFEASIBLE,certified_no_adversarial_example,feasibility,false,false,false,false,,,,0.586319508,0.025995731353759766,0.0,0.0,0.548769136,0.311082833,0.189522319,0.17839932441711426,0.359246817,0.237686303,0.035212992,9626,176,176,0,4044,0,1588,679,3139,3693,0,0,3,4804,4701,103,3139,1562,0,1774,103,1197,4642,,641,0,
219,INFEASIBLE,certified_no_adversarial_example,feasibility,false,false,false,false,,,,0.758793021,0.024472951889038086,0.0,0.0,0.72090216,0.458361891,0.32454793299999996,0.3112056255340576,0.396354227,0.26254026899999994,0.035512385,9626,226,226,0,4031,0,1562,651,3156,7055,0,0,3,4804,4663,141,3156,1507,0,1855,145,1358,4923,,492,0,
220,INFEASIBLE,certified_no_adversarial_example,feasibility,false,false,false,false,,,,0.834032189,0.031202316284179688,0.0,0.0,0.788910748,0.401661639,0.2800431990000001,0.26642942428588867,0.508867549,0.38724910900000004,0.042755692,9626,216,216,0,4059,0,1568,681,3102,6564,0,0,3,4804,4658,146,3102,1556,0,1864,149,1376,4955,,649,0,
221,INFEASIBLE,certified_no_adversarial_example,feasibility,false,false,false,false,,,,0.954725763,0.013762474060058594,0.0,0.0,0.929848982,0.693570864,0.135827485,0.12642812728881836,0.794021497,0.23627811799999998,0.022509209,9626,130,130,0,4042,0,1612,674,3168,2734,0,0,3,4804,4716,88,3168,1548,0,1744,88,1137,4537,,433,0,
222,INFEASIBLE,certified_no_adversarial_example,feasibility,false,false,false,false,,,,0.729683006,0.0365445613861084,0.0,0.0,0.679775833,0.416157543,0.28331395800000003,0.2696855068206787,0.39646187499999996,0.26361829,0.047488087,9626,235,235,0,4075,0,1555,675,3086,6978,0,0,3,4804,4669,135,3086,1583,0,1841,137,1330,4875,,739,0,
223,INFEASIBLE,certified_no_adversarial_example,feasibility,false,false,false,false,,,,0.691021009,0.031510353088378906,0.0,0.0,0.646713132,0.385357551,0.226398901,0.21354198455810547,0.420314231,0.261355581,0.042029644,9626,186,186,0,4139,0,1583,707,3011,4961,0,0,3,4804,4678,126,3011,1667,0,1820,126,1289,4803,,707,0,
224,INFEASIBLE,certified_no_adversarial_example,feasibility,false,false,false,false,,,,0.637866772,0.021021604537963867,0.0,0.0,0.604976822,0.34052865,0.23083253600000003,0.21928119659423828,0.374144286,0.26444817200000004,0.030575028,9626,177,177,0,4040,0,1587,666,3156,5357,0,0,3,4804,4692,112,3156,1536,0,1792,112,1233,4705,,516,0,
225,INFEASIBLE,certified_no_adversarial_example,feasibility,false,false,false,false,,,,0.544787664,0.024721145629882812,0.0,0.0,0.508682396,0.26521222099999997,0.166569739,0.15594482421875,0.342112657,0.243470175,0.03374385,9626,163,163,0,3970,0,1594,624,3275,3940,0,0,3,4804,4712,92,3275,1437,0,1755,94,1158,4574,,592,0,
226,INFEASIBLE,certified_no_adversarial_example,feasibility,false,false,false,false,,,,0.744356271,0.052033185958862305,0.0,0.0,0.679280001,0.42977710699999994,0.29346651300000004,0.28072595596313477,0.3858134879999999,0.24950289400000003,0.062619565,9626,196,196,0,4069,0,1577,703,3081,5924,0,0,3,4804,4681,123,3081,1600,0,1817,125,1282,4791,,1037,0,
227,INFEASIBLE,certified_no_adversarial_example,feasibility,false,false,false,false,,,,0.726358038,0.03912687301635742,0.0,0.0,0.673641566,0.400143143,0.26925837399999997,0.2568507194519043,0.40438319200000006,0.27349842300000005,0.050287034,9626,200,200,0,4085,0,1575,683,3083,5564,0,0,3,4804,4681,123,3083,1598,0,1821,129,1290,4803,,729,0,
228,INFEASIBLE,certified_no_adversarial_example,feasibility,false,false,false,false,,,,0.702987203,0.050917863845825195,0.0,0.0,0.639686223,0.387733857,0.258737158,0.24619007110595703,0.380949065,0.251952366,0.060866298,9626,218,218,0,3993,0,1566,639,3210,5552,0,0,3,4804,4685,119,3210,1475,0,1812,124,1272,4772,,960,0,
229,INFEASIBLE,certified_no_adversarial_example,feasibility,false,false,false,false,,,,0.454121918,0.011422872543334961,0.0,0.0,0.420307205,0.207627285,0.10821166100000001,0.09982538223266602,0.312095544,0.21267992000000002,0.031588829,9626,115,115,0,3981,0,1617,642,3271,2218,0,0,3,4804,4744,60,3271,1473,0,1688,60,1025,4341,,418,0,
230,INFEASIBLE,certified_no_adversarial_example,feasibility,false,false,false,false,,,,0.705469261,0.024362802505493164,0.0,0.0,0.668929946,0.411816309,0.297436029,0.2852628231048584,0.371493917,0.257113637,0.03419233,9626,206,206,0,3988,0,1574,635,3223,5687,0,0,3,4804,4687,117,3223,1464,0,1802,117,1253,4740,,543,0,
231,INFEASIBLE,certified_no_adversarial_example,feasibility,false,false,false,false,,,,1.192088332,0.018001556396484375,0.0,0.0,1.162150883,0.9209174769999999,0.2527798419999999,0.241316556930542,0.9093710410000001,0.2412334060000001,0.027541111,9626,179,179,0,4037,0,1585,658,3167,5444,0,0,3,4804,4695,109,3167,1528,0,1786,109,1221,4684,,460,0,
232,INFEASIBLE,certified_no_adversarial_example,feasibility,false,false,false,false,,,,0.6900414,0.02254462242126465,0.0,0.0,0.65362285,0.40565128899999997,0.278732908,0.26516127586364746,0.374889942,0.247971561,0.034083149,9626,231,231,0,4026,0,1555,640,3174,7297,0,0,3,4804,4661,143,3174,1487,0,1858,146,1364,4934,,480,0,
233,INFEASIBLE,certified_no_adversarial_example,feasibility,false,false,false,false,,,,1.921876093,1.2520630359649658,,0.0,0.656323944,0.40567674600000003,0.274260305,0.2614858150482178,0.38206363900000007,0.250647198,1.263229392,9626,226,226,0,4070,0,1559,676,3095,5738,0,0,3,4804,4677,127,3095,1582,0,1825,129,1298,4819,,1327,0,
234,INFEASIBLE,certified_no_adversarial_example,feasibility,false,false,false,false,,,,0.73360459,0.04103279113769531,0.0,0.0,0.679118069,0.422278822,0.24862603400000005,0.23652076721191406,0.430492035,0.25683924700000005,0.052106253,9626,201,201,0,4083,0,1574,671,3097,5767,0,0,3,4804,4676,128,3097,1579,0,1829,132,1306,4832,,803,0,
235,INFEASIBLE,certified_no_adversarial_example,feasibility,false,false,false,false,,,,0.580958238,0.029813051223754883,0.0,0.0,0.539672878,0.292297837,0.188326437,0.17753148078918457,0.35134644099999995,0.24737504099999996,0.038802379,9626,169,169,0,4007,0,1589,643,3218,4500,0,0,3,4804,4707,97,3218,1489,0,1765,99,1178,4609,,694,0,
236,INFEASIBLE,certified_no_adversarial_example,feasibility,false,false,false,false,,,,0.684218002,0.028455734252929688,0.0,0.0,0.642743016,0.378055572,0.26806534800000004,0.25464296340942383,0.3746776679999999,0.26468744399999994,0.039178331,9626,227,227,0,4029,0,1562,669,3139,6262,0,0,3,4804,4667,137,3139,1528,0,1845,139,1338,4889,,578,0,
237,INFEASIBLE,certified_no_adversarial_example,feasibility,false,false,false,false,,,,0.469818237,0.013260126113891602,0.0,0.0,0.446697375,0.2052697,0.11852267300000002,0.1097872257232666,0.328174702,0.241427675,0.020725328,9626,136,136,0,4029,0,1608,684,3169,2014,0,0,3,4804,4735,69,3169,1566,0,1706,69,1061,4404,,497,0,
238,INFEASIBLE,certified_no_adversarial_example,feasibility,false,false,false,false,,,,0.547009488,0.019663572311401367,0.0,0.0,0.515632126,0.284271216,0.19210811899999997,0.16381072998046875,0.323524007,0.23136090999999998,0.028946415,9626,167,167,0,4030,0,1591,665,3173,3976,0,0,3,4804,4705,99,3173,1532,0,1766,99,1181,4614,,562,0,
239,INFEASIBLE,certified_no_adversarial_example,feasibility,false,false,false,false,,,,0.706095213,0.029074668884277344,0.0,0.0,0.664745652,0.38406151699999996,0.266919054,0.25443005561828613,0.39782659800000003,0.28068413500000006,0.038907916,9626,201,201,0,4049,0,1572,658,3146,5456,0,0,3,4804,4688,116,3146,1542,0,1800,116,1249,4733,,616,0,
240,INFEASIBLE,certified_no_adversarial_example,feasibility,false,false,false,false,,,,0.61144078,0.028221845626831055,0.0,0.0,0.571739635,0.333647023,0.211144027,0.2004261016845703,0.360595608,0.23809261200000004,0.037336108,9626,172,172,0,3985,0,1589,638,3242,4427,0,0,3,4804,4711,93,3242,1469,0,1759,97,1166,4587,,579,0,
241,INFEASIBLE,certified_no_adversarial_example,feasibility,false,false,false,false,,,,0.783931313,0.02912425994873047,0.0,0.0,0.728362586,0.47471025299999997,0.338680066,0.3251683712005615,0.38968252000000003,0.25365233300000006,0.053144027,9626,229,229,0,4055,0,1558,675,3109,7243,0,0,3,4804,4664,140,3109,1555,0,1852,143,1352,4913,,579,0,
242,OPTIMAL,adversarial_example_found_or_best_known,feasibility,true,true,true,true,1.3877787807814457e-13,-8.285593123528475;-23.82325504571073;-7.89034564766947;-3.3514491999068188;-10.02785940324808;-3.311919224153339;-8.749815522149891;-14.880114986742338;-0.290768775253782;-0.29076877525392075,0.1;0.0;0.0;0.1;0.1;0.0;0.0;0.1;0.1;0.0;0.0;0.0;0.0;0.1;0.1;0.1;0.1;0.0;0.0;0.1;0.1;0.0;0.0;0.1;0.1;0.0;0.0;0.1;0.1;0.1;0.0;0.1;0.1;0.1;0.1;0.1;0.1;0.0;0.0;0.1;0.0;0.0;0.0;0.1;0.0;0.1;0.0;0.1;0.1;0.1;0.1;0.1;0.1;0.1;0.1;0.0;0.1;0.0;0.0;0.0;0.0;0.0;0.0;0.1;0.1;0.0;0.0;0.1;0.1;0.0;0.0;0.1;0.1;0.0;0.0;0.0;0.0;0.1;0.1;0.0;0.0;0.1;0.1;0.0;0.1;0.1;0.1;0.0;0.1;0.1;0.0;0.1;0.0;0.0;0.0;0.1;0.0;0.0;0.0;0.1;0.0;0.0;0.0;0.0;0.1;0.1;0.1;0.0;0.1;0.0;0.1;0.0;0.1;0.0;0.0;0.0;0.0;0.1;0.1;0.1;0.1;0.0;0.0;0.1;0.1;0.0;0.0;0.1;0.1;0.0;0.0;0.0;0.0;0.1;0.1;0.0;0.0;0.1;0.1;0.0;0.1;0.0;0.1;0.0;0.09658728523162198;0.1;0.0;0.1;0.0;0.0;0.0;0.1;0.1;0.1;0.0;0.0;0.0;0.0;0.1;0.0;0.1;0.0;0.1;0.1;0.0;0.1;0.1;0.0;0.1;0.0;0.0;0.0;0.1;0.1;0.0;0.0;0.1;0.0;0.0;0.1;0.1;0.0;0.0;0.1;0.1;0.0;0.0;0.0;0.0;0.1;0.1;0.1;0.1;0.0;0.0;0.0;0.0;0.0;0.1;0.1;0.1;0.1;0.1;0.1;0.24509803921568626;0.48431372549019613;0.6843137254901961;0.512316209138723;0.48431372549019613;0.48431372549019613;0.10392156862745097;0.1;0.0;0.0;0.0;0.10242898485560016;0.10188559081155504;0.1;0.1;0.1;0.0;0.1;0.1;0.0;0.1;0.0;0.0;0.1;0.1;0.1;0.0;0.5;0.9352941176470588;0.8921568627450981;1.0;1.0;0.8921568627450981;0.8921568627450981;0.7980392156862746;0.5784313725490197;0.10374219727619109;0.0;0.0;0.7509803921568627;0.3666666666666667;0.0;0.0;0.0;0.0;0.1;0.1;0.0;0.0;0.0;0.1;0.1;0.0;0.0;0.4399439610640406;1.0;0.8921568627450981;1.0;0.6372549019607843;0.38368669217858015;0.7470588235294118;1.0;1.0;0.8921568627450981;0.25292763290138215;0.1;0.0;0.5448639662928751;1.0;0.7874094094436351;0.017647058823529405;0.0;0.0;0.1;0.1;0.0;0.1;0.0;0.0;0.1;0.1;0.2019607843137255;0.9392156862745098;1.0;0.7431372549019608;0.23333333333333334;0.0976292926334684;0.1;0.09386629019839637;0.14313725490196078;0.7196078431372549;1.0;0.8019607843137254;0.1;0.1;0.025490196078431365;0.692156862745098;1.0;0.9431372549019608;0.013725490196078424;0.0;0.1;0.1;0.0;0.0;0.1;0.0;0.1;0.0;0.5045498884003911;1.0;1.0;0.10624294667527431;0.0;0.1;0.1;0.0;0.0;0.3231815791859723;1.0;0.8670724317545565;0.0;0.1;0.1;0.22549019607843138;0.7982041029515858;0.8921568627450981;0.7196078431372549;0.10083373346092839;0.1;0.0;0.0;0.1;0.0;0.0;0.1;0.09796887961351428;0.7588235294117647;1.0;0.4725490196078431;0.09959881678060639;0.1;0.1;0.1;0.1;0.1;0.34705882352941175;1.0;0.8019607843137254;0.1;0.1;0.1;0.0;0.515686274509804;0.8921568627450981;0.8921568627450981;0.1012850400349998;0.1;0.1;0.0;0.1;0.0;0.0;0.1;0.0;0.8960784313725491;1.0;0.42949923197402684;0.1;0.1;0.1;0.1;0.1;0.1;0.34705882352941175;0.8921568627450981;0.8600977553140132;0.2411764705882353;0.1;0.1;0.1;0.21372549019607842;0.8764705882352941;0.8921568627450981;0.4181119023710948;0.1;0.0;0.1;0.0;0.0;0.0;0.1;0.09854784617671337;0.8960784313725491;0.9145263264758678;0.5352941176470588;0.1;0.1;0.1;0.0;0.1;0.1;0.4764705882352941;0.8921568627450981;1.0;0.04117647058823529;0.0;0.0;0.1;0.0;0.8254901960784314;0.8921568627450981;0.6058823529411764;0.1;0.1;0.0;0.0;0.0;0.0;0.1;0.0;0.5290472554520511;1.0;0.4764705882352941;0.0;0.0;0.0;0.1;0.1;0.1;0.8294117647058823;1.0;0.6153257401573197;0.0;0.1;0.1;0.0;0.1;0.8254901960784314;0.8921568627450981;0.9862745098039216;0.1;0.0;0.0;0.0;0.0;0.0;0.1;0.09964726359133959;0.45686274509803926;1.0;1.0;0.2333333333333333;0.0;0.0;0.1;0.1;0.1;0.8294117647058823;0.8921568627450981;0.40980392156862744;0.0;0.0;0.0;0.0;0.0;0.8254901960784314;1.0;0.8529411764705882;0.1;0.1;0.0;0.0;0.0;0.0;0.1;0.1;0.10330054617380842;0.8920381017548068;0.8921568627450981;0.8160057766584637;0.7963342045677461;0.8793556591615025;0.40588235294117647;0.5745098039215687;0.9274509803921568;0.8631115618163099;1.0;0.38837160475989896;0.24509803921568626;0.24509803921568626;0.24509803921568626;0.24509803921568626;0.4411764705882353;0.8803921568627451;1.0;0.6882352941176471;0.0;0.0;0.0;0.0;0.0;0.0;0.1;0.1;0.1;0.0019607843137254832;0.7549019607843137;0.8921568627450981;0.8921568627450981;0.8921568627450981;0.8921568627450981;0.8921568627450981;1.0;0.8921568627450981;1.0;1.0;0.8921568627450981;0.8921568627450981;0.8921568627450981;0.8921568627450981;0.8921568627450981;0.8921568627450981;0.9235294117647058;0.09520040460339316;0.0;0.1;0.0;0.1;0.0;0.0;0.1;0.1;0.0;0.0;0.11176470588235295;0.10692560958842424;0.017647058823529405;0.10610889487872686;0.3431372549019608;0.7039215686274509;0.6524441865655095;0.5980392156862745;0.8921568627450981;1.0;0.8921568627450981;1.0;1.0;0.8921568627450981;0.7990864321933396;0.49215686274509807;0.1278701219683223;0.1;0.1;0.1;0.0;0.0;0.0;0.0;0.1;0.1;0.1;0.0;0.1;0.1;0.1;0.1;0.0;0.0;0.1;0.09640085080288097;0.19411764705882353;0.0939196712631672;0.15098039215686274;0.515686274509804;0.19411764705882353;0.10028119357497094;0.0;0.1;0.1;0.1;0.1;0.1;0.0;0.0;0.0;0.0;0.0;0.0;0.0;0.0;0.0;0.04892133118764092;0.1;0.1;0.0;0.0;0.1;0.0;0.0;0.0;0.0;0.0;0.0;0.0;0.0;0.1;0.0;0.1;0.1;0.1;0.1;0.0;0.0;0.1;0.0;0.1;0.1;0.0;0.1;0.1;0.1;0.1;0.0;0.0;0.1;0.1;0.0;0.0;0.0;0.0;0.0;0.0;0.0;0.1;0.0;0.0;0.1;0.1;0.1;0.0;0.1;0.1;0.1;0.1;0.1;0.1;0.0;0.1;0.1;0.1;0.0;0.0;0.1;0.0;0.0;0.0;0.0;0.0;0.1;0.0;0.0;0.0;0.0;0.1;0.0;0.1;0.0;0.1;0.1;0.1;0.1;0.1;0.1;0.1;0.0;0.0;0.1;0.1;0.0;0.0;0.1;0.1;0.0;0.0;0.0;0.0;0.1;0.1;0.1;0.1;0.0;0.0;0.0;0.0;0.1;0.0;0.1;0.1;0.1;0.1;0.1;0.1;0.0;0.0;0.0;0.1;0.0;0.1;0.1;0.0;0.1;0.0;0.0;0.0;0.1;0.0;0.1;0.0;0.1;0.07418844902696858;0.1;0.1;0.1;0.1;0.1;0.1;0.1;0.1;0.1;0.1;0.0;0.0;0.0;0.0;0.1;0.1;0.1;0.1;0.0;0.0;0.0;0.0;0.1;0.1;0.1;0.1;0.1;0.1;0.0;0.0;0.1;0.0;0.0;0.1;0.1;0.0;0.1;0.1;0.1;0.0;0.1;0.1;0.1;0.0;0.0;0.0;0.1;0.0;0.1;0.1;0.1;0.1;0.0;0.0;0.0;0.1;0.0;0.0;0.0,4.427472907,3.650012731552124,0.0,0.0,0.761975366,0.5079848119999999,0.29513066100000007,0.2808668613433838,0.46684470499999997,0.25399055400000015,3.660658269,9626,240,240,0,4084,0,1554,679,3069,6640,0,0,3,4804,4649,155,3069,1580,0,1882,158,1412,5018,1,28461,,0.0
243,INFEASIBLE,certified_no_adversarial_example,feasibility,false,false,false,false,,,,1.117959381,0.037847042083740234,0.0,0.0,1.067626229,0.350560346,0.23618313800000001,0.22417306900024414,0.831443091,0.7170658830000001,0.048054944,9626,189,189,0,4088,0,1578,682,3089,5431,0,0,3,4804,4687,117,3089,1598,0,1805,119,1258,4749,,812,0,
244,INFEASIBLE,certified_no_adversarial_example,feasibility,false,false,false,false,,,,0.71290604,0.03908729553222656,0.0,0.0,0.659561161,0.402742284,0.276389706,0.2640397548675537,0.38317145499999994,0.25681887699999995,0.051013745,9626,215,215,0,4036,0,1568,665,3142,6620,0,0,3,4804,4666,138,3142,1524,0,1849,142,1346,4902,,733,0,
245,INFEASIBLE,certified_no_adversarial_example,feasibility,false,false,false,false,,,,0.597711956,0.027303695678710938,0.0,0.0,0.559231212,0.26707121899999997,0.162674341,0.15273523330688477,0.39655687100000003,0.29215999300000006,0.036164149,9626,153,153,0,4015,0,1600,656,3202,3712,0,0,3,4804,4711,93,3202,1509,0,1757,95,1162,4581,,720,0,
246,INFEASIBLE,certified_no_adversarial_example,feasibility,false,false,false,false,,,,21.760846718,20.923762798309326,,0.0,0.820188917,0.553743646,0.41470025499999996,0.39891934394836426,0.405488662,0.26644527099999993,20.938370828,9626,292,292,0,4040,0,1529,661,3104,8895,0,0,3,4804,4622,182,3104,1518,0,1938,187,1524,5213,,1739,0,
247,INFEASIBLE,certified_no_adversarial_example,feasibility,false,false,false,false,,,,0.776978294,0.02334141731262207,0.0,0.0,0.741246717,0.43718816400000005,0.31114703800000004,0.29703259468078613,0.43009967899999996,0.30405855299999995,0.033484591,9626,245,245,0,4090,0,1553,703,3035,5540,0,0,3,4804,4662,142,3035,1627,0,1855,144,1358,4924,,549,0,
248,SKIPPED_PREDICTED_IN_TARGETED,adversarial_example_found_or_best_known,feasibility,true,true,true,true,3.292735486053167,-3.1983125677117146;-7.862744704439692;0.9794937564112143;-6.607636350202855;-0.6142769453788455;-7.99250481794685;2.6784585406743213;-8.92205058273872;-3.3271914533305935;-12.715222537470826,0.0;0.0;0.0;0.0;0.0;0.0;0.0;0.0;0.0;0.0;0.0;0.0;0.0;0.0;0.0;0.0;0.0;0.0;0.0;0.0;0.0;0.0;0.0;0.0;0.0;0.0;0.0;0.0;0.0;0.0;0.0;0.0;0.0;0.0;0.0;0.0;0.0;0.0;0.0;0.0;0.0;0.0;0.0;0.0;0.0;0.0;0.0;0.0;0.0;0.0;0.0;0.0;0.0;0.0;0.0;0.0;0.0;0.0;0.0;0.0;0.0;0.0;0.0;0.0;0.0;0.0;0.0;0.0;0.0;0.0;0.0;0.0;0.0;0.0;0.0;0.0;0.0;0.0;0.0;0.0;0.0;0.0;0.0;0.0;0.0;0.0;0.0;0.0;0.0;0.0;0.0;0.0;0.0;0.0;0.0;0.0;0.0;0.0;0.0;0.0;0.0;0.0;0.0;0.0;0.0;0.0;0.0;0.0;0.0;0.0;0.0;0.0;0.0;0.0;0.0;0.0;0.0;0.0;0.0;0.0;0.0;0.0;0.0;0.0;0.0;0.0;0.0;0.0;0.0;0.0;0.0;0.0;0.0;0.0;0.0;0.0;0.0;0.0;0.0;0.0;0.0;0.0;0.0;0.0;0.0;0.0;0.0;0.0;0.0;0.0;0.0;0.0;0.0;0.0;0.0;0.0;0.0;0.0;0.0;0.0;0.07450980392156863;0.09411764705882353;0.0;0.0;0.0;0.0;0.0;0.0;0.0;0.0;0.0;0.0;0.0;0.0;0.0;0.0;0.0;0.0;0.0;0.0;0.0;0.0;0.0;0.0;0.0;0.0196078431372549;0.16470588235294117;0.6274509803921569;0.8823529411764706;0.9137254901960784;0.0;0.0;0.0;0.0;0.0;0.0;0.0;0.0;0.0;0.0;0.0;0.0;0.0;0.0;0.0;0.0;0.0;0.0;0.0;0.0;0.0;0.0;0.058823529411764705;0.6078431372549019;0.996078431372549;0.996078431372549;0.996078431372549;0.996078431372549;0.0;0.0;0.0;0.0;0.0;0.0;0.0;0.0;0.0;0.0;0.0;0.0;0.0;0.0;0.0;0.0;0.0;0.0;0.0;0.0;0.0;0.058823529411764705;0.6078431372549019;0.996078431372549;0.996078431372549;0.996078431372549;0.9725490196078431;0.2627450980392157;0.0;0.0;0.0;0.0;0.0;0.0;0.0;0.0;0.0;0.0;0.0;0.0;0.0;0.0;0.0;0.0;0.0;0.0;0.0;0.0;0.0196078431372549;0.7450980392156863;0.996078431372549;0.996078431372549;0.996078431372549;0.8666666666666667;0.21568627450980393;0.0;0.0;0.0;0.0;0.0;0.0;0.0;0.0;0.0;0.0;0.0;0.0;0.0;0.0;0.0;0.0;0.0;0.0;0.0;0.0;0.0;0.30196078431372547;0.996078431372549;0.996078431372549;0.996078431372549;0.6352941176470588;0.12156862745098039;0.0;0.0;0.0;0.0;0.0;0.0;0.0;0.0;0.0;0.0;0.0;0.0;0.0;0.0;0.0;0.0;0.0;0.0;0.0;0.0;0.0;0.17254901960784313;0.8941176470588236;0.996078431372549;0.9529411764705882;0.4470588235294118;0.011764705882352941;0.0;0.0;0.0;0.0;0.0;0.0;0.0;0.0;0.0;0.0;0.0;0.0;0.0;0.0;0.0;0.0;0.0;0.0;0.0;0.0;0.043137254901960784;0.48627450980392156;0.8862745098039215;0.996078431372549;0.996078431372549;0.4980392156862745;0.0;0.0;0.0;0.0;0.0;0.0;0.0;0.0;0.0;0.0;0.0;0.0;0.0;0.0;0.0;0.0;0.0;0.0;0.0;0.0;0.08627450980392157;0.37254901960784315;0.7372549019607844;0.996078431372549;0.996078431372549;0.996078431372549;0.996078431372549;0.44313725490196076;0.03137254901960784;0.37254901960784315;0.4549019607843137;0.5607843137254902;0.09803921568627451;0.0;0.0;0.0;0.0;0.0;0.0;0.0;0.0;0.0;0.0;0.0;0.0;0.0;0.11764705882352941;0.3843137254901961;0.8470588235294118;0.996078431372549;0.996078431372549;0.7411764705882353;0.3568627450980392;0.0392156862745098;0.996078431372549;0.792156862745098;0.9294117647058824;1.0;0.996078431372549;0.9686274509803922;0.19215686274509805;0.0;0.0;0.0;0.0;0.0;0.0;0.0;0.0;0.0392156862745098;0.14901960784313725;0.14901960784313725;0.14901960784313725;0.5607843137254902;0.9333333333333333;0.996078431372549;0.9058823529411765;0.6666666666666666;0.20392156862745098;0.0;0.0784313725490196;0.3176470588235294;0.996078431372549;0.996078431372549;0.996078431372549;0.996078431372549;0.6313725490196078;0.2901960784313726;0.0;0.0;0.0;0.0;0.0;0.0;0.0;0.0;0.0;0.6980392156862745;0.996078431372549;0.996078431372549;0.996078431372549;0.9725490196078431;0.9294117647058824;0.4666666666666667;0.09019607843137255;0.0;0.01568627450980392;0.27450980392156865;0.8509803921568627;0.996078431372549;0.996078431372549;0.996078431372549;0.9921568627450981;0.7098039215686275;0.00784313725490196;0.0;0.0;0.0;0.0;0.0;0.0;0.0;0.0;0.0;0.0;0.5647058823529412;0.9607843137254902;0.8745098039215686;0.5882352941176471;0.14901960784313725;0.0;0.0;0.0;0.03529411764705882;0.6941176470588235;0.996078431372549;0.996078431372549;0.996078431372549;0.996078431372549;0.996078431372549;0.8117647058823529;0.0;0.0;0.0;0.0;0.0;0.0;0.0;0.0;0.0;0.0;0.0;0.0;0.0;0.06666666666666667;0.043137254901960784;0.0;0.0;0.0;0.0;0.0;0.050980392156862744;0.7843137254901961;0.996078431372549;0.8980392156862745;0.8862745098039215;0.996078431372549;0.996078431372549;0.5490196078431373;0.0;0.0;0.0;0.0;0.0;0.0;0.0;0.0;0.0;0.0;0.0;0.0;0.0;0.0;0.0;0.0;0.0;0.0;0.0;0.0;0.0;0.07058823529411765;0.1843137254901961;0.09019607843137255;0.10588235294117647;0.996078431372549;0.996078431372549;0.25098039215686274;0.0;0.0;0.0;0.0;0.0;0.0;0.0;0.0;0.0;0.0;0.0;0.0;0.0;0.0;0.0;0.0;0.0;0.0;0.0;0.0;0.0;0.0;0.0;0.0;0.027450980392156862;0.8823529411764706;0.8627450980392157;0.054901960784313725;0.0;0.0;0.0;0.0;0.0;0.0;0.0;0.0;0.0;0.0;0.0;0.0;0.0;0.0;0.0;0.0;0.0;0.0;0.0;0.0;0.0;0.0;0.0;0.0;0.0;0.27058823529411763;0.4666666666666667;0.0;0.0;0.0;0.0;0.0;0.0;0.0;0.0;0.0;0.0;0.0;0.0;0.0;0.0;0.0;0.0;0.0;0.0;0.0;0.0;0.0;0.0;0.0;0.0;0.0;0.0;0.0;0.0;0.0;0.0;0.0;0.0;0.0;0.0;0.0;0.0;0.0;0.0;0.0;0.0;0.0;0.0;0.0;0.0;0.0;0.0;0.0;0.0;0.0;0.0;0.0;0.0;0.0;0.0;0.0;0.0;0.0;0.0;0.0;0.0;0.0;0.0;0.0;0.0;0.0;0.0;0.0;0.0;0.0;0.0;0.0;0.0;0.0;0.0;0.0;0.0;0.0;0.0;0.0;0.0;0.0;0.0;0.0;0.0;0.0;0.0;0.0;0.0;0.0;0.0;0.0;0.0;0.0;0.0;0.0;0.0;0.0;0.0;0.0;0.0;0.0;0.0;0.0;0.0;0.0;0.0;0.0;0.0;0.0;0.0;0.0;0.0;0.0;0.0;0.0;0.0;0.0;0.0;0.0;0.0;0.0;0.0;0.0;0.0;0.0;0.0;0.0;0.0;0.0;0.0;0.0;0.0;0.0;0.0;0.0;0.0;0.0;0.0;0.0;0.0;0.0;0.0;0.0;0.0;0.0;0.0;0.0;0.0;0.0;0.0;0.0;0.0;0.0;0.0;0.0;0.0;0.0;0.0;0.0;0.0;0.0;0.0;0.0;0.0;0.0;0.0;0.0;0.0;0.0;0.0;0.0;0.0;0.0;0.0;0.0;0.0;0.0;0.0;0.0,0.004154493,0.0,0.0,0.0,,,,,,,,,,,,,,,,,,,,,,,,,,,,,,,,,,
249,INFEASIBLE,certified_no_adversarial_example,feasibility,false,false,false,false,,,,0.564707843,0.016985654830932617,0.0,0.0,0.536792615,0.290074719,0.194796224,0.18311095237731934,0.341996391,0.246717896,0.025686335,9626,190,190,0,4070,0,1580,672,3114,4158,0,0,3,4804,4689,115,3114,1575,0,1798,115,1245,4726,,545,0,
250,INFEASIBLE,certified_no_adversarial_example,feasibility,false,false,false,false,,,,0.583580662,0.02091526985168457,0.0,0.0,0.551582706,0.324571447,0.208822561,0.19700145721435547,0.34276014500000007,0.22701125900000002,0.029786423,9626,204,204,0,4019,0,1570,647,3186,4598,0,0,3,4804,4699,105,3186,1513,0,1781,107,1210,4665,,536,0,
251,INFEASIBLE,certified_no_adversarial_example,feasibility,false,false,false,false,,,,0.582097283,0.027750492095947266,0.0,0.0,0.542604387,0.318507596,0.19849591299999997,0.18717002868652344,0.34410847400000005,0.22409679100000002,0.037188838,9626,186,186,0,4070,0,1582,672,3116,4297,0,0,3,4804,4696,108,3116,1580,0,1784,108,1217,4677,,653,0,
252,INFEASIBLE,certified_no_adversarial_example,feasibility,false,false,false,false,,,,0.498717799,0.016994953155517578,0.0,0.0,0.471578813,0.246364694,0.146344004,0.13665342330932617,0.325234809,0.225214119,0.024849672,9626,154,154,0,3972,0,1598,641,3261,2760,0,0,3,4804,4723,81,3261,1462,0,1734,84,1116,4500,,474,0,
253,INFEASIBLE,certified_no_adversarial_example,feasibility,false,false,false,false,,,,0.53666052,0.017437219619750977,0.0,0.0,0.508557042,0.27543386,0.169830553,0.15958404541015625,0.33872648899999996,0.23312318199999998,0.025922827,9626,159,159,0,4057,0,1593,667,3150,4122,0,0,3,4804,4707,97,3150,1557,0,1762,97,1173,4600,,532,0,
254,INFEASIBLE,certified_no_adversarial_example,feasibility,false,false,false,false,,,,0.653987304,0.025708913803100586,0.0,0.0,0.616239795,0.36764452400000003,0.23905436500000005,0.22661280632019043,0.37718543,0.248595271,0.035461471,9626,197,197,0,4031,0,1577,661,3160,5712,0,0,3,4804,4681,123,3160,1521,0,1818,126,1284,4794,,603,0,
255,INFEASIBLE,certified_no_adversarial_example,feasibility,false,false,false,false,,,,0.618700289,0.023487567901611328,0.0,0.0,0.583432897,0.32386546800000005,0.21834401900000006,0.20657944679260254,0.36508887799999995,0.25956742899999996,0.032985084,9626,192,192,0,4015,0,1578,647,3194,5082,0,0,3,4804,4694,110,3194,1500,0,1791,112,1230,4700,,633,0,
256,INFEASIBLE,certified_no_adversarial_example,feasibility,false,false,false,false,,,,0.537009534,0.015847444534301758,0.0,0.0,0.51072755,0.28429915899999997,0.177460895,0.16772818565368652,0.333266655,0.22642839100000006,0.024072287,9626,149,149,0,4012,0,1602,645,3218,3616,0,0,3,4804,4715,89,3218,1497,0,1749,91,1146,4553,,370,0,
257,INFEASIBLE,certified_no_adversarial_example,feasibility,false,false,false,false,,,,1.309401333,0.053835153579711914,0.0,0.0,1.242649921,0.5201945490000001,0.30564366299999995,0.2915675640106201,0.937006258,0.7224553719999999,0.064553236,9626,215,215,0,4054,0,1565,669,3123,6996,0,0,3,4804,4673,131,3123,1550,0,1834,134,1316,4850,,1084,0,
258,INFEASIBLE,certified_no_adversarial_example,feasibility,false,false,false,false,,,,0.677098758,0.0389409065246582,0.0,0.0,0.625057328,0.39298174900000005,0.280875436,0.26797056198120117,0.34418189200000004,0.23207557899999998,0.049765775,9626,219,219,0,4043,0,1565,632,3167,5751,0,0,3,4804,4679,125,3167,1512,0,1823,129,1294,4811,,770,0,
259,INFEASIBLE,certified_no_adversarial_example,feasibility,false,false,false,false,,,,0.626492346,0.021309852600097656,0.0,0.0,0.593021328,0.340286046,0.214238721,0.2026350498199463,0.378782607,0.25273528199999995,0.031186758,9626,175,175,0,4073,0,1587,693,3098,4781,0,0,3,4804,4696,108,3098,1598,0,1784,108,1217,4677,,550,0,
260,SKIPPED_PREDICTED_IN_TARGETED,adversarial_example_found_or_best_known,feasibility,true,true,true,true,0.3002934737537224,7.290348228500029;-22.067922446375803;-9.379877940571268;-10.70022477442401;-11.486169259765942;-0.017832851115525017;6.990054754746307;-12.66962458555858;-4.756892198159106;-11.750407480686617,0.0;0.0;0.0;0.0;0.0;0.0;0.0;0.0;0.0;0.0;0.0;0.0;0.0;0.0;0.0;0.0;0.0;0.0;0.0;0.0;0.0;0.0;0.0;0.0;0.0;0.0;0.0;0.0;0.0;0.0;0.0;0.0;0.0;0.0;0.0;0.0;0.0;0.0;0.0;0.0;0.0;0.0;0.0;0.0;0.0;0.0;0.0;0.0;0.0;0.0;0.0;0.0;0.0;0.0;0.0;0.0;0.0;0.0;0.0;0.0;0.0;0.0;0.0;0.0;0.0;0.0;0.0;0.0;0.0;0.0;0.0;0.0;0.0;0.0;0.0;0.0;0.0;0.0;0.0;0.0;0.0;0.0;0.0;0.0;0.0;0.0;0.0;0.0;0.0;0.0;0.0;0.0;0.0;0.0;0.0;0.0;0.0;0.0;0.0;0.0;0.0;0.0;0.0;0.0;0.0;0.0;0.0;0.0;0.0;0.0;0.0;0.0;0.0;0.0;0.0;0.0;0.0;0.0;0.0;0.0;0.0;0.0;0.0;0.0;0.0;0.0;0.0;0.0;0.0;0.0;0.0;0.0;0.0;0.0;0.0;0.0;0.0;0.0;0.0;0.0;0.0;0.0;0.0;0.0;0.0;0.0;0.0;0.0;0.0;0.0;0.0;0.0;0.0;0.0;0.0;0.0;0.0;0.0;0.0;0.0;0.0;0.0;0.0;0.0;0.0;0.0;0.0;0.0;0.0;0.0;0.0;0.0;0.0;0.0;0.0;0.0;0.0;0.0;0.0;0.0;0.0;0.0;0.0;0.0;0.0;0.0;0.0;0.0;0.0;0.0;0.0;0.0;0.0;0.0;0.0;0.0;0.0;0.0;0.0;0.0;0.0;0.0;0.0;0.0;0.0;0.0;0.0;0.37254901960784315;0.4627450980392157;0.4627450980392157;0.4627450980392157;0.4627450980392157;0.4627450980392157;0.4627450980392157;0.17647058823529413;0.0;0.0;0.0;0.0;0.0;0.0;0.0;0.0;0.0;0.0;0.0;0.0;0.0;0.0;0.0;0.0;0.0;0.3843137254901961;0.4392156862745098;0.8588235294117647;0.984313725490196;0.9921568627450981;0.9921568627450981;0.9921568627450981;0.9921568627450981;0.9921568627450981;0.9921568627450981;0.9647058823529412;0.6431372549019608;0.19215686274509805;0.0;0.0;0.0;0.0;0.0;0.0;0.0;0.0;0.0;0.0;0.0;0.0;0.0;0.5882352941176471;0.9215686274509803;0.984313725490196;0.9921568627450981;0.9921568627450981;0.9921568627450981;0.9921568627450981;0.9921568627450981;0.9921568627450981;0.9921568627450981;0.9921568627450981;0.9921568627450981;0.9921568627450981;0.9921568627450981;0.6392156862745098;0.0;0.0;0.0;0.0;0.0;0.0;0.0;0.0;0.0;0.0;0.0;0.611764705882353;0.8941176470588236;0.984313725490196;0.9921568627450981;0.6549019607843137;0.4392156862745098;0.09803921568627451;0.5490196078431373;0.9921568627450981;0.9921568627450981;0.9137254901960784;0.2549019607843137;0.09803921568627451;0.09803921568627451;0.4549019607843137;0.9921568627450981;0.9607843137254902;0.17647058823529413;0.0;0.0;0.0;0.0;0.0;0.0;0.0;0.0;0.0;0.17647058823529413;0.9803921568627451;0.9921568627450981;0.8431372549019608;0.17647058823529413;0.01568627450980392;0.0;0.2980392156862745;0.8666666666666667;0.9921568627450981;0.9098039215686274;0.5019607843137255;0.0;0.0;0.0;0.06666666666666667;0.8470588235294118;0.9921568627450981;0.6392156862745098;0.0;0.0;0.0;0.0;0.0;0.0;0.0;0.0;0.0;0.9215686274509803;0.9921568627450981;0.8470588235294118;0.12549019607843137;0.0;0.0;0.28627450980392155;0.9686274509803922;0.9921568627450981;0.9058823529411765;0.24705882352941178;0.0;0.0;0.0;0.0;0.0;0.4196078431372549;0.9921568627450981;0.9764705882352941;0.16470588235294117;0.0;0.0;0.0;0.0;0.0;0.0;0.0;0.0;1.0;0.8509803921568627;0.12549019607843137;0.0;0.0;0.0;0.7529411764705882;0.9921568627450981;0.7607843137254902;0.13333333333333333;0.0;0.0;0.0;0.0;0.0;0.0;0.01568627450980392;0.6392156862745098;0.9921568627450981;0.6392156862745098;0.0;0.0;0.0;0.0;0.0;0.0;0.0;0.0;0.20392156862745098;0.10980392156862745;0.0;0.0;0.0;0.10196078431372549;0.8862745098039215;0.9921568627450981;0.3058823529411765;0.0;0.0;0.0;0.0;0.0;0.0;0.0;0.0;0.5607843137254902;0.9921568627450981;0.9921568627450981;0.0;0.0;0.0;0.0;0.0;0.0;0.0;0.0;0.0;0.0;0.0;0.0;0.0;0.3607843137254902;0.9921568627450981;0.9921568627450981;0.2;0.0;0.0;0.0;0.0;0.0;0.0;0.0;0.0;0.5607843137254902;0.9921568627450981;0.9921568627450981;0.0;0.0;0.0;0.0;0.0;0.0;0.0;0.0;0.0;0.0;0.0;0.0;0.0;0.3607843137254902;0.9921568627450981;0.9921568627450981;0.2;0.0;0.0;0.0;0.0;0.0;0.0;0.0;0.0;0.5607843137254902;0.9921568627450981;0.9921568627450981;0.0;0.0;0.0;0.0;0.0;0.0;0.0;0.0;0.0;0.0;0.0;0.0;0.0;0.10196078431372549;0.8862745098039215;0.9921568627450981;0.2;0.0;0.0;0.0;0.0;0.0;0.0;0.0;0.0;0.30196078431372547;0.9921568627450981;0.8862745098039215;0.0;0.0;0.0;0.0;0.0;0.0;0.0;0.0;0.0;0.0;0.0;0.0;0.0;0.0;0.8431372549019608;0.9921568627450981;0.2;0.0;0.0;0.0;0.0;0.0;0.0;0.0;0.01568627450980392;0.6392156862745098;0.9921568627450981;0.4823529411764706;0.0;0.0;0.0;0.0;0.0;0.0;0.0;0.0;0.0;0.0;0.0;0.0;0.0;0.0;0.7647058823529411;0.9921568627450981;0.5411764705882353;0.0;0.0;0.0;0.0;0.0;0.0;0.0;0.1568627450980392;0.9921568627450981;0.8980392156862745;0.1607843137254902;0.0;0.0;0.0;0.0;0.0;0.0;0.0;0.0;0.0;0.0;0.0;0.0;0.0;0.0;0.3333333333333333;0.9921568627450981;0.8941176470588236;0.24705882352941178;0.10196078431372549;0.0;0.0;0.0;0.0196078431372549;0.1843137254901961;0.8470588235294118;0.9215686274509803;0.4;0.0;0.0;0.0;0.0;0.0;0.0;0.0;0.0;0.0;0.0;0.0;0.0;0.0;0.0;0.0;0.12941176470588237;0.8313725490196079;0.9921568627450981;0.9921568627450981;0.9058823529411765;0.24705882352941178;0.10588235294117647;0.1843137254901961;0.6627450980392157;0.9921568627450981;0.9921568627450981;0.43137254901960786;0.0;0.0;0.0;0.0;0.0;0.0;0.0;0.0;0.0;0.0;0.0;0.0;0.0;0.0;0.0;0.0;0.0;0.12549019607843137;0.5490196078431373;0.9764705882352941;0.9921568627450981;0.9921568627450981;0.9921568627450981;0.9921568627450981;0.9921568627450981;0.9450980392156862;0.611764705882353;0.17647058823529413;0.0;0.0;0.0;0.0;0.0;0.0;0.0;0.0;0.0;0.0;0.0;0.0;0.0;0.0;0.0;0.0;0.0;0.0;0.0;0.3333333333333333;0.5490196078431373;0.9411764705882353;0.9411764705882353;0.9411764705882353;0.611764705882353;0.16470588235294117;0.0;0.0;0.0;0.0;0.0;0.0;0.0;0.0;0.0;0.0;0.0;0.0;0.0;0.0;0.0;0.0;0.0;0.0;0.0;0.0;0.0;0.0;0.0;0.0;0.0;0.0;0.0;0.0;0.0;0.0;0.0;0.0;0.0;0.0;0.0;0.0;0.0;0.0;0.0;0.0;0.0;0.0;0.0;0.0;0.0;0.0;0.0;0.0;0.0;0.0;0.0;0.0;0.0;0.0;0.0;0.0;0.0;0.0;0.0;0.0;0.0;0.0;0.0;0.0;0.0;0.0;0.0;0.0;0.0;0.0;0.0;0.0;0.0;0.0;0.0;0.0;0.0;0.0;0.0;0.0;0.0;0.0;0.0;0.0;0.0;0.0;0.0;0.0;0.0;0.0;0.0;0.0;0.0;0.0;0.0;0.0;0.0;0.0;0.0;0.0;0.0;0.0;0.0;0.0;0.0;0.0;0.0;0.0;0.0;0.0;0.0;0.0;0.0;0.0;0.0;0.0;0.0;0.0;0.0;0.0;0.0,0.004223945,0.0,0.0,0.0,,,,,,,,,,,,,,,,,,,,,,,,,,,,,,,,,,
261,INFEASIBLE,certified_no_adversarial_example,feasibility,false,false,false,false,,,,0.85520723,0.036138057708740234,0.0,0.0,0.805087141,0.5464891030000001,0.35675323500000006,0.34063148498535156,0.44833390599999995,0.2585980379999999,0.048021169,9626,270,270,0,4075,0,1540,682,3059,8002,0,0,3,4804,4634,170,3059,1575,0,1913,174,1474,5126,,637,0,
262,INFEASIBLE,certified_no_adversarial_example,feasibility,false,false,false,false,,,,0.755734881,0.02580118179321289,0.0,0.0,0.717426327,0.44000842900000003,0.32050417099999995,0.3070719242095947,0.396922156,0.27741789799999994,0.036072895,9626,231,231,0,4023,0,1559,657,3156,6473,0,0,3,4804,4672,132,3156,1516,0,1835,134,1318,4854,,574,0,
263,INFEASIBLE,certified_no_adversarial_example,feasibility,false,false,false,false,,,,0.555096662,0.016794443130493164,0.0,0.0,0.52716312,0.278860449,0.17740616400000003,0.16686391830444336,0.34975695599999995,0.24830267099999997,0.025687223,9626,164,164,0,4034,0,1594,662,3172,3974,0,0,3,4804,4705,99,3172,1533,0,1769,101,1186,4623,,456,0,
264,INFEASIBLE,certified_no_adversarial_example,feasibility,false,false,false,false,,,,0.553464147,0.01918172836303711,0.0,0.0,0.523454085,0.298242907,0.179597827,0.16879034042358398,0.343856258,0.225211178,0.027692641,9626,162,162,0,4022,0,1595,651,3196,4085,0,0,3,4804,4703,101,3196,1507,0,1773,103,1194,4637,,501,0,
265,INFEASIBLE,certified_no_adversarial_example,feasibility,false,false,false,false,,,,0.635682697,0.11768460273742676,0.0,0.0,0.506825481,0.266759827,0.17557580699999997,0.16487455368041992,0.33124967400000005,0.24006565400000002,0.126728021,9626,152,152,0,4020,0,1596,664,3194,4431,0,0,3,4804,4710,94,3194,1516,0,1759,96,1166,4588,,845,0,
266,INFEASIBLE,certified_no_adversarial_example,feasibility,false,false,false,false,,,,0.49993133,0.015051603317260742,0.0,0.0,0.474308239,0.22889381700000003,0.125460299,0.11683893203735352,0.34884794,0.245414422,0.023208556,9626,115,115,0,3997,0,1619,658,3237,2151,0,0,3,4804,4741,63,3237,1504,0,1694,63,1037,4362,,473,0,
267,INFEASIBLE,certified_no_adversarial_example,feasibility,false,false,false,false,,,,0.686312439,0.032158613204956055,0.0,0.0,0.641227458,0.396457568,0.2703439509999999,0.2570159435272217,0.3708835070000001,0.24476989000000005,0.042642097,9626,227,227,0,4097,0,1560,677,3065,5536,0,0,3,4804,4672,132,3065,1607,0,1835,134,1318,4854,,659,0,
268,INFEASIBLE,certified_no_adversarial_example,feasibility,false,false,false,false,,,,0.471617281,0.013875007629394531,0.0,0.0,0.447369991,0.212250823,0.11281649299999999,0.10435271263122559,0.334553498,0.23511916800000002,0.02190832,9626,116,116,0,4000,0,1619,648,3243,2311,0,0,3,4804,4734,70,3243,1491,0,1711,72,1070,4420,,413,0,
269,INFEASIBLE,certified_no_adversarial_example,feasibility,false,false,false,false,,,,1.027897389,0.031014204025268555,0.0,0.0,0.981030699,0.6966638199999999,0.431919802,0.41435956954956055,0.5491108969999999,0.284366879,0.044468107,9626,282,282,0,4093,0,1529,686,3036,10008,0,0,3,4804,4618,186,3036,1582,0,1945,190,1538,5238,,563,0,
270,INFEASIBLE,certified_no_adversarial_example,feasibility,false,false,false,false,,,,1.270759504,0.04475045204162598,0.0,0.0,1.212241041,0.951296704,0.3513132379999999,0.33689022064208984,0.860927803,0.26094433699999997,0.056207491,9626,249,249,0,4058,0,1552,686,3081,7320,0,0,3,4804,4649,155,3081,1568,0,1883,159,1414,5021,,819,0,
271,INFEASIBLE,certified_no_adversarial_example,feasibility,false,false,false,false,,,,0.666192369,0.02483844757080078,0.0,0.0,0.628823108,0.391874242,0.26994900399999994,0.25734829902648926,0.358874104,0.23694886599999998,0.03512583,9626,207,207,0,4062,0,1569,674,3114,5764,0,0,3,4804,4683,121,3114,1569,0,1810,121,1269,4768,,564,0,
272,INFEASIBLE,certified_no_adversarial_example,feasibility,false,false,false,false,,,,0.728705259,0.03228449821472168,0.0,0.0,0.682311924,0.414978833,0.27571205200000004,0.26171875,0.4065998719999999,0.26733309099999997,0.044018449,9626,229,229,0,4081,0,1561,678,3077,5806,0,0,3,4804,4666,138,3077,1589,0,1847,140,1342,4896,,675,0,
273,INFEASIBLE,certified_no_adversarial_example,feasibility,false,false,false,false,,,,0.746894956,0.04053521156311035,0.0,0.0,0.689963382,0.45310779599999995,0.25964932899999993,0.24677562713623047,0.43031405300000003,0.236855586,0.054575772,9626,204,204,0,3987,0,1572,625,3238,5394,0,0,3,4804,4703,101,3238,1465,0,1774,104,1196,4640,,652,0,
274,INFEASIBLE,certified_no_adversarial_example,feasibility,false,false,false,false,,,,0.641008683,0.024173498153686523,0.0,0.0,0.604214186,0.328556132,0.22012849899999998,0.207780122756958,0.384085687,0.275658054,0.03436506,9626,189,189,0,4053,0,1581,664,3139,4990,0,0,3,4804,4685,119,3139,1546,0,1809,121,1266,4763,,546,0,
275,INFEASIBLE,certified_no_adversarial_example,feasibility,false,false,false,false,,,,0.736293646,0.03363299369812012,0.0,0.0,0.667202685,0.40487862,0.28174605399999997,0.26807093620300293,0.38545663100000005,0.262324065,0.066528502,9626,215,215,0,4080,0,1566,677,3088,6492,0,0,3,4804,4678,126,3088,1590,0,1824,129,1296,4815,,699,0,
276,INFEASIBLE,certified_no_adversarial_example,feasibility,false,false,false,false,,,,0.667576011,0.02673196792602539,0.0,0.0,0.628822682,0.36097490099999996,0.24776439399999994,0.23525381088256836,0.3810582880000001,0.26784778100000006,0.036350496,9626,197,197,0,4044,0,1578,675,3132,4866,0,0,3,4804,4686,118,3132,1554,0,1804,118,1257,4747,,610,0,
277,INFEASIBLE,certified_no_adversarial_example,feasibility,false,false,false,false,,,,0.507430151,0.016366243362426758,0.0,0.0,0.480478172,0.25556927500000004,0.14354580100000003,0.13380098342895508,0.33693237099999995,0.22490889699999994,0.024584681,9626,134,134,0,3989,0,1610,647,3246,2699,0,0,3,4804,4730,74,3246,1484,0,1719,76,1086,4448,,431,0,
278,INFEASIBLE,certified_no_adversarial_example,feasibility,false,false,false,false,,,,0.577285135,0.020099163055419922,0.0,0.0,0.54528301,0.282334699,0.18406446399999996,0.1723649501800537,0.36121854600000003,0.262948311,0.029557056,9626,177,177,0,4077,0,1584,673,3115,3664,0,0,3,4804,4704,100,3115,1589,0,1774,105,1196,4639,,502,0,
279,INFEASIBLE,certified_no_adversarial_example,feasibility,false,false,false,false,,,,0.617698183,0.023848772048950195,0.0,0.0,0.582553039,0.30431103299999995,0.197192975,0.18585896492004395,0.385360064,0.27824200600000004,0.032780802,9626,180,180,0,4053,0,1586,696,3111,3571,0,0,3,4804,4705,99,3111,1594,0,1766,99,1181,4614,,590,0,
280,INFEASIBLE,certified_no_adversarial_example,feasibility,false,false,false,false,,,,0.488542277,0.016269922256469727,0.0,0.0,0.461910822,0.239765889,0.13707612,0.12759613990783691,0.324834702,0.222144933,0.02434409,9626,143,143,0,3972,0,1603,637,3271,2624,0,0,3,4804,4725,79,3271,1454,0,1731,83,1110,4489,,444,0,
281,INFEASIBLE,certified_no_adversarial_example,feasibility,false,false,false,false,,,,0.616020141,0.021392107009887695,0.0,0.0,0.581716667,0.306547464,0.196958989,0.18527722358703613,0.38475767800000005,0.27516920300000003,0.03199462,9626,172,172,0,4057,0,1587,688,3122,4849,0,0,3,4804,4693,111,3122,1571,0,1794,114,1236,4710,,533,0,
282,INFEASIBLE,certified_no_adversarial_example,feasibility,false,false,false,false,,,,0.637337616,0.026132822036743164,0.0,0.0,0.585567117,0.34790709400000003,0.21968558700000002,0.20739245414733887,0.36588152999999995,0.23766002299999994,0.049365909,9626,185,185,0,4043,0,1578,662,3158,4342,0,0,3,4804,4710,94,3158,1552,0,1760,97,1168,4591,,623,0,
283,SKIPPED_PREDICTED_IN_TARGETED,adversarial_example_found_or_best_known,feasibility,true,true,true,true,0.22285015405848352,-7.516663392924261;-0.872521953938235;-0.853122840908195;0.5445518124805913;-8.307060967332022;-6.442983629958491;-13.568858899456988;0.32170165842210774;-1.3078431965389932;-2.188543257688663,0.0;0.0;0.0;0.0;0.0;0.0;0.0;0.0;0.0;0.0;0.0;0.0;0.0;0.0;0.0;0.0;0.0;0.0;0.0;0.0;0.0;0.0;0.0;0.0;0.0;0.0;0.0;0.0;0.0;0.0;0.0;0.0;0.0;0.0;0.0;0.0;0.0;0.0;0.0;0.0;0.0;0.0;0.0;0.0;0.0;0.0;0.0;0.0;0.0;0.0;0.0;0.0;0.0;0.0;0.0;0.0;0.0;0.0;0.0;0.0;0.0;0.0;0.0;0.0;0.0;0.0;0.0;0.0;0.0;0.0;0.0;0.0;0.0;0.0;0.0;0.0;0.0;0.0;0.0;0.0;0.0;0.0;0.0;0.0;0.0;0.0;0.0;0.0;0.0;0.0;0.0;0.0;0.0;0.0;0.0;0.0;0.0;0.0;0.0;0.0;0.0;0.0;0.0;0.0;0.0;0.0;0.0;0.0;0.0;0.0;0.0;0.0;0.0;0.0;0.0;0.0;0.0;0.0;0.0;0.0;0.0;0.0;0.0;0.0;0.0;0.0;0.0;0.0;0.0;0.0;0.0;0.0;0.0;0.0;0.0;0.0;0.0;0.0;0.0;0.0;0.0;0.0;0.0;0.0;0.0;0.0;0.0;0.0;0.0;0.0;0.0;0.0;0.0;0.0;0.0;0.0;0.0;0.0;0.0;0.0;0.0;0.0;0.0;0.0;0.0;0.0;0.0;0.0;0.0;0.0;0.0;0.0;0.0;0.0;0.0;0.0;0.0;0.0;0.0;0.0;0.0;0.0;0.0;0.0;0.0;0.0;0.0;0.0;0.0;0.0;0.0;0.0;0.0;0.0;0.0;0.0;0.0;0.0;0.0;0.0;0.0;0.0;0.0;0.0;0.0;0.0;0.0;0.0;0.0;0.0;0.0;0.0;0.0;0.0;0.0;0.0;0.0;0.0;0.0;0.0;0.0;0.0;0.0;0.0;0.0;0.0;0.0;0.0;0.0;0.0;0.0;0.0;0.0;0.0;0.0;0.0;0.0;0.0;0.0;0.0;0.0;0.0;0.0;0.0;0.0;0.0;0.0;0.0;0.0;0.0;0.0;0.0;0.0;0.0;0.0;0.0;0.0;0.0;0.0;0.0;0.403921568627451;0.8666666666666667;0.23137254901960785;0.0;0.0;0.0;0.0;0.0;0.0;0.0;0.12549019607843137;0.28627450980392155;0.0;0.0;0.0;0.0;0.0;0.0;0.0;0.0;0.0;0.0;0.0;0.0;0.0;0.0;0.0;0.03137254901960784;0.8274509803921568;0.9921568627450981;0.15294117647058825;0.0;0.0;0.0;0.0;0.0;0.0;0.0;0.5019607843137255;0.9921568627450981;0.20784313725490197;0.0;0.0;0.0;0.0;0.0;0.0;0.0;0.0;0.0;0.0;0.0;0.0;0.0;0.0;0.5019607843137255;0.9921568627450981;0.8901960784313725;0.0;0.0;0.0;0.0;0.0;0.0;0.0;0.023529411764705882;0.8117647058823529;0.9411764705882353;0.3058823529411765;0.0;0.0;0.0;0.0;0.0;0.0;0.0;0.0;0.0;0.0;0.0;0.0;0.0;0.19607843137254902;0.9607843137254902;0.9607843137254902;0.1607843137254902;0.0;0.0;0.0;0.0;0.0;0.0;0.0;0.16862745098039217;0.9921568627450981;0.6352941176470588;0.0;0.01568627450980392;0.07450980392156863;0.07450980392156863;0.047058823529411764;0.0;0.0;0.0;0.0;0.0;0.0;0.0;0.0;0.0;0.6941176470588235;0.9921568627450981;0.6627450980392157;0.0;0.0;0.0;0.0;0.0;0.0;0.0;0.0;0.5019607843137255;0.9921568627450981;0.7607843137254902;0.3607843137254902;0.7450980392156863;0.9921568627450981;0.9921568627450981;0.7607843137254902;0.0;0.0;0.0;0.0;0.0;0.0;0.0;0.0;0.0;0.9254901960784314;0.996078431372549;0.21176470588235294;0.0;0.0;0.0;0.1450980392156863;0.28627450980392155;0.28627450980392155;0.38823529411764707;0.7137254901960784;0.996078431372549;0.996078431372549;0.996078431372549;1.0;0.996078431372549;0.996078431372549;0.996078431372549;0.996078431372549;0.0;0.0;0.0;0.0;0.0;0.0;0.0;0.0;0.34509803921568627;0.9882352941176471;0.9411764705882353;0.3058823529411765;0.47058823529411764;0.9254901960784314;0.9215686274509803;0.9568627450980393;0.9921568627450981;0.9921568627450981;0.996078431372549;0.9921568627450981;0.9921568627450981;0.9921568627450981;0.9921568627450981;0.996078431372549;0.9921568627450981;0.9921568627450981;0.8235294117647058;0.4;0.0;0.0;0.0;0.0;0.0;0.0;0.0;0.0;0.6392156862745098;0.9921568627450981;0.9921568627450981;0.9921568627450981;0.9921568627450981;0.996078431372549;0.9921568627450981;0.9921568627450981;0.9921568627450981;0.9921568627450981;0.9019607843137255;0.8470588235294118;0.9725490196078431;0.9921568627450981;0.5058823529411764;0.1411764705882353;0.1411764705882353;0.1411764705882353;0.03137254901960784;0.0;0.0;0.0;0.0;0.0;0.0;0.0;0.0;0.0;0.7647058823529411;0.9921568627450981;0.9921568627450981;0.9921568627450981;0.9921568627450981;0.996078431372549;0.8745098039215686;0.38823529411764707;0.21176470588235294;0.21176470588235294;0.0784313725490196;0.0;0.4235294117647059;0.9607843137254902;0.1607843137254902;0.0;0.0;0.0;0.0;0.0;0.0;0.0;0.0;0.0;0.0;0.0;0.0;0.0;0.1843137254901961;0.5333333333333333;0.4627450980392157;0.6078431372549019;0.2823529411764706;0.2823529411764706;0.12156862745098039;0.0;0.0;0.0;0.0;0.0;0.043137254901960784;0.2627450980392157;0.0;0.0;0.0;0.0;0.0;0.0;0.0;0.0;0.0;0.0;0.0;0.0;0.0;0.0;0.0;0.0;0.0;0.0;0.0;0.0;0.0;0.0;0.0;0.0;0.0;0.0;0.0;0.0;0.0;0.0;0.0;0.0;0.0;0.0;0.0;0.0;0.0;0.0;0.0;0.0;0.0;0.0;0.0;0.0;0.0;0.0;0.0;0.0;0.0;0.0;0.0;0.0;0.0;0.0;0.0;0.0;0.0;0.0;0.0;0.0;0.0;0.0;0.0;0.0;0.0;0.0;0.0;0.0;0.0;0.0;0.0;0.0;0.0;0.0;0.0;0.0;0.0;0.0;0.0;0.0;0.0;0.0;0.0;0.0;0.0;0.0;0.0;0.0;0.0;0.0;0.0;0.0;0.0;0.0;0.0;0.0;0.0;0.0;0.0;0.0;0.0;0.0;0.0;0.0;0.0;0.0;0.0;0.0;0.0;0.0;0.0;0.0;0.0;0.0;0.0;0.0;0.0;0.0;0.0;0.0;0.0;0.0;0.0;0.0;0.0;0.0;0.0;0.0;0.0;0.0;0.0;0.0;0.0;0.0;0.0;0.0;0.0;0.0;0.0;0.0;0.0;0.0;0.0;0.0;0.0;0.0;0.0;0.0;0.0;0.0;0.0;0.0;0.0;0.0;0.0;0.0;0.0;0.0;0.0;0.0;0.0;0.0;0.0;0.0;0.0;0.0;0.0;0.0;0.0;0.0;0.0;0.0;0.0;0.0;0.0;0.0;0.0;0.0;0.0;0.0;0.0;0.0;0.0;0.0;0.0;0.0;0.0;0.0;0.0;0.0;0.0;0.0;0.0;0.0;0.0;0.0;0.0;0.0;0.0;0.0;0.0;0.0;0.0;0.0;0.0;0.0;0.0;0.0;0.0;0.0;0.0;0.0;0.0;0.0;0.0;0.0;0.0;0.0;0.0;0.0;0.0;0.0;0.0;0.0;0.0;0.0;0.0;0.0;0.0;0.0;0.0;0.0;0.0;0.0;0.0;0.0;0.0;0.0;0.0;0.0;0.0;0.0;0.0;0.0;0.0;0.0;0.0;0.0;0.0;0.0;0.0;0.0;0.0;0.0;0.0;0.0;0.0;0.0;0.0;0.0;0.0,0.004185699,0.0,0.0,0.0,,,,,,,,,,,,,,,,,,,,,,,,,,,,,,,,,,
284,INFEASIBLE,certified_no_adversarial_example,feasibility,false,false,false,false,,,,0.7164151,0.020709753036499023,0.0,0.0,0.683534427,0.44695028299999995,0.314263115,0.30100154876708984,0.369271312,0.23658414400000005,0.03076316,9626,217,217,0,4014,0,1565,650,3180,6862,0,0,3,4804,4675,129,3180,1495,0,1826,129,1301,4824,,572,0,
285,INFEASIBLE,certified_no_adversarial_example,feasibility,false,false,false,false,,,,0.794440794,0.023357152938842773,0.0,0.0,0.758144238,0.39032350699999996,0.280785352,0.2671077251434326,0.477358886,0.367820731,0.03404918,9626,224,224,0,4050,0,1561,661,3130,6793,0,0,3,4804,4667,137,3130,1537,0,1846,140,1340,4892,,519,0,
286,INFEASIBLE,certified_no_adversarial_example,feasibility,false,false,false,false,,,,1.17413639,0.02979755401611328,0.0,0.0,1.131104274,0.8859393780000001,0.29902919199999994,0.28498101234436035,0.832075082,0.2451648959999998,0.040701088,9626,240,240,0,4055,0,1552,663,3116,6580,0,0,3,4804,4664,140,3116,1548,0,1851,142,1350,4910,,609,0,
287,INFEASIBLE,certified_no_adversarial_example,feasibility,false,false,false,false,,,,0.565705509,0.027119874954223633,0.0,0.0,0.526092202,0.293808778,0.18849834599999998,0.17714881896972656,0.33759385599999997,0.23228342399999996,0.037237127,9626,176,176,0,4042,0,1584,654,3170,4529,0,0,3,4804,4694,110,3170,1524,0,1791,112,1230,4700,,645,0,
288,INFEASIBLE,certified_no_adversarial_example,feasibility,false,false,false,false,,,,0.629585107,0.020592927932739258,0.0,0.0,0.595605398,0.337624947,0.21882851600000003,0.20651984214782715,0.376776882,0.257980451,0.031624371,9626,209,209,0,4056,0,1571,678,3112,4074,0,0,3,4804,4680,124,3112,1568,0,1819,126,1286,4798,,492,0,
289,INFEASIBLE,certified_no_adversarial_example,feasibility,false,false,false,false,,,,0.52863409,0.01638197898864746,0.0,0.0,0.500496875,0.271948504,0.17869117799999998,0.096588134765625,0.32180569699999995,0.22854837099999997,0.025714442,9626,116,116,0,3990,0,1619,651,3250,1681,0,0,3,4804,4744,60,3250,1494,0,1688,60,1025,4341,,463,0,
290,INFEASIBLE,certified_no_adversarial_example,feasibility,false,false,false,false,,,,0.662614636,0.022467374801635742,0.0,0.0,0.627285142,0.373726319,0.26405525300000005,0.25074315071105957,0.3632298889999999,0.253558823,0.032698903,9626,206,206,0,4025,0,1573,676,3146,5378,0,0,3,4804,4680,124,3146,1534,0,1819,126,1286,4798,,465,0,
291,OPTIMAL,adversarial_example_found_or_best_known,feasibility,true,true,true,true,2.0872192862952943e-14,-13.549148756735889;-19.99812606906189;-11.819771816756925;-8.652663617400158;1.0295779672801966;-1.8384418400159221;-1.872195554207801;-12.910812785606915;1.0295779672801757;-2.1203966947235253,0.1;0.0;0.1;0.1;0.1;0.0;0.1;0.1;0.1;0.1;0.1;0.0;0.0;0.1;0.1;0.0;0.0;0.0;0.1;0.0;0.0;0.1;0.1;0.0;0.0;0.0;0.0;0.1;0.1;0.0;0.0;0.0;0.0;0.1;0.0;0.0;0.0;0.0;0.1;0.1;0.1;0.1;0.1;0.0;0.1;0.1;0.1;0.1;0.1;0.1;0.0;0.1;0.0;0.0;0.0;0.1;0.1;0.0;0.0;0.1;0.1;0.1;0.0;0.1;0.1;0.0;0.0;0.1;0.1;0.1;0.1;0.0;0.0;0.0;0.1;0.0;0.1;0.1;0.1;0.1;0.1;0.0;0.0;0.1;0.0;0.0;0.0;0.0;0.1;0.1;0.0;0.1;0.0;0.0;0.0;0.1;0.1;0.0;0.1;0.0;0.0;0.0;0.1;0.0;0.1;0.1;0.0;0.1;0.0;0.0;0.0;0.0;0.0;0.0;0.0;0.1;0.1;0.1;0.0;0.1;0.1;0.0;0.0;0.1;0.1;0.1;0.1;0.0;0.0;0.1;0.1;0.1;0.1;0.0;0.1;0.1;0.0;0.0;0.0;0.1;0.0;0.1;0.0;0.1;0.1;0.1;0.0;0.1;0.0;0.1;0.1;0.1;0.1;0.1;0.1;0.0;0.0;0.0;0.1;0.1;0.0;0.0;0.0;0.1;0.0;0.1;0.0;0.0;0.1;0.0;0.0;0.0;0.1;0.1;0.1;0.1;0.1;0.0;0.0;0.1;0.10135398373652114;0.5392156862745098;0.3392156862745098;0.3392156862745098;0.10391339919065254;0.1;0.1;0.0;0.0;0.0;0.0;0.0;0.0;0.0;0.0;0.0;0.1;0.0;0.1;0.0;0.1;0.1;0.1;0.0;0.0;0.0;0.04901960784313725;0.5189712722221558;0.8755487329522207;0.8921568627450981;0.8921568627450981;0.8921568627450981;0.3784313725490196;0.1;0.035324241378622404;0.1;0.0;0.0;0.1;0.0;0.0;0.0;0.0;0.0;0.0;0.0;0.0;0.0;0.0;0.1;0.1;0.1;0.09821641995753815;0.7470588235294118;1.0;1.0;0.9488235696757936;1.0;1.0;0.8921568627450981;0.4411764705882353;0.1;0.1;0.1;0.1;0.0;0.0;0.0;0.0;0.1;0.1;0.0;0.0;0.0;0.0;0.0;0.0;0.0;0.0;0.4647058823529412;1.0;1.0;0.8921568627450981;0.7862745098039216;0.7130320934648694;0.7787566347436645;0.8921568627450981;1.0;0.369370909496444;0.0;0.0;0.0;0.0;0.1;0.0;0.09708055059831501;0.05367545284718488;0.1;0.0;0.0;0.0;0.0;0.0;0.1;0.0;0.0;0.6607843137254902;0.884313725490196;1.0;0.7627450980392158;0.5784313725490197;0.12352941176470589;0.09312752066824913;0.6176470588235294;0.8921568627450981;0.696078431372549;0.09804437254649435;0.1;0.1;0.1;0.0;0.1;0.1;0.1;0.1;0.1;0.1;0.0;0.1;0.1;0.0;0.1;0.009449739952178588;0.9235294117647058;0.8882352941176471;1.0;0.8796931696628486;0.1044071699229514;0.1;0.1;0.21613217623843803;0.8568627450980393;0.8921568627450981;0.7906470292958725;0.1;0.0;0.1;0.0;0.1;0.0;0.1;0.0;0.1;0.1;0.1;0.0;0.0;0.1;0.0;0.1;0.09639244698304213;0.8960784313725491;1.0;0.6254901960784314;0.3196078431372549;0.0;0.0;0.0;0.3549019607843137;0.8921568627450981;1.0;1.0;0.692156862745098;0.8019607843137254;0.38235294117647056;0.38235294117647056;0.10301691013745808;0.1;0.1;0.1;0.1;0.1;0.1;0.0;0.1;0.1;0.0;0.1;0.0;0.6411764705882353;0.43359987024107643;0.10416230495041841;0.0;0.0;0.07931899641280529;0.292156862745098;1.0;1.0;0.925291787669798;0.8921568627450981;0.8921568627450981;1.0;1.0;1.0;0.8730386410304485;0.3786584582068729;0.1;0.1;0.08860293219399179;0.1;0.1;0.1;0.0;0.1;0.0;0.0;0.1;0.0;0.0;0.1;0.0;0.307843137254902;0.8411764705882353;1.0;1.0;0.8921568627450981;1.0;0.9196078431372549;0.3549019607843137;0.1549019607843137;0.1549019607843137;0.41764705882352937;0.8058823529411765;0.8725490196078431;0.6137254901960785;0.005882352941176464;0.1;0.1;0.1;0.0;0.0;0.0;0.0;0.1;0.0;0.1;0.1;0.1;0.42193367540862364;1.0;1.0;0.9830351162070078;0.8910451435803223;1.0;1.0;0.907843137254902;0.0;0.0;0.0;0.0;0.3901960784313725;1.0;0.8921568627450981;0.4647058823529412;0.10147509059280412;0.1;0.1;0.0;0.0;0.0;0.0;0.1;0.09773143047166985;0.0;0.09829468227341419;0.49607843137254903;0.8725490196078431;0.8921568627450981;1.0;0.48039215686274506;0.04901960784313725;0.7549019607843137;1.0;1.0;0.27254901960784317;0.1;0.0;0.1;0.094045635808553;0.13529411764705881;0.8921568627450981;0.8921568627450981;0.6030636677449616;0.1;0.1;0.0;0.0;0.0;0.0;0.1;0.1;0.1;0.1;0.8450980392156863;0.8921568627450981;0.483065896194885;0.27330926659462823;0.0;0.0;0.32774589345314586;0.8774651724040627;0.8921568627450981;0.8742569932705035;0.7666666666666666;0.4254901960784314;0.10227221981628905;0.1;0.10347366402636511;0.6725490196078432;0.8921568627450981;1.0;0.1;0.1;0.1;0.0;0.1;0.1;0.0;0.1;0.0;0.09708654764076138;1.0;0.8921568627450981;0.0;0.0;0.0;0.0;0.1;0.41625544654532204;0.9941176470588236;0.8921568627450981;0.8921568627450981;1.0;1.0;0.5392156862745098;0.7666666666666666;0.8921568627450981;0.8921568627450981;0.8921568627450981;0.1;0.1;0.0;0.1;0.0;0.1;0.1;0.08890596644213795;0.0;0.0;1.0;0.6372549019607844;0.1326210274522531;0.0;0.0;0.0;0.1;0.0;0.13353730630340263;0.502536963391794;0.7984913034347765;0.8790529721277636;0.8921568627450981;1.0;0.8921568627450981;1.0;0.9031235659119773;0.6034493505608373;0.1;0.1;0.0;0.1;0.0;0.0;0.1;0.0;0.1;0.0;0.7078431372549019;0.2814424228721043;0.1;0.1;0.0;0.0;0.1;0.1;0.0;0.0;0.0;0.37450980392156863;0.5078431372549019;0.307843137254902;0.5078431372549019;0.5078431372549019;0.307843137254902;0.30000000000000004;0.1;0.1;0.0;0.1;0.1;0.05389543843414565;0.0;0.06744943828631643;0.0;0.0;0.1;0.0;0.1;0.0;0.1;0.0;0.1;0.0;0.0;0.1;0.0;0.1;0.1;0.0;0.0;0.0;0.0;0.0;0.1;0.0;0.1;0.1;0.1;0.0;0.0;0.1;0.0;0.0;0.1;0.1;0.1;0.1;0.1;0.0;0.1;0.1;0.0;0.0;0.0;0.0;0.1;0.1;0.0;0.0;0.1;0.0;0.1;0.1;0.0;0.0;0.1;0.1;0.1;0.1;0.0;0.07022125812676636;0.0;0.1;0.1;0.1;0.1;0.0;0.1;0.1;0.0;0.1;0.0;0.06916068666930722;0.1;0.0;0.0;0.1;0.0;0.1;0.0;0.1;0.0;0.1;0.1;0.1;0.1;0.0;0.0;0.0;0.1;0.0;0.1;0.1;0.1;0.0;0.1;0.1;0.0;0.0;0.0;0.0;0.1;0.1;0.0;0.0;0.0;0.1;0.0;0.0;0.0;0.1;0.1;0.1;0.0;0.0;0.0;0.1;0.0;0.1;0.0;0.1;0.1;0.1;0.1;0.1;0.1;0.0;0.0;0.1;0.1;0.1;0.1;0.1;0.0;0.1;0.0;0.0;0.1;0.1;0.1;0.1;0.0;0.0;0.0;0.1;0.1;0.1;0.1;0.1;0.1;0.1;0.1;0.0;0.0;0.0;0.0;0.0;0.1;0.1;0.0;0.0;0.0;0.0;0.0;0.0;0.0;0.0;0.0;0.0;0.0;0.0;0.1;0.0;0.0;0.1;0.0;0.1;0.1;0.0;0.1;0.1;0.1;0.0;0.1;0.1;0.1;0.0;0.1;0.1;0.1;0.0;0.0;0.1;0.0,1.599486016,0.9356529712677002,0.0,0.0,0.649273247,0.39830157900000007,0.27695730900000004,0.22838735580444336,0.37231593799999996,0.2509716679999999,0.945453512,9626,185,185,0,4073,0,1581,695,3092,5879,0,0,3,4804,4689,115,3092,1597,0,1803,119,1254,4741,1,12857,,0.0
292,INFEASIBLE,certified_no_adversarial_example,feasibility,false,false,false,false,,,,0.725960778,0.03301811218261719,0.0,0.0,0.679715309,0.399310834,0.286058987,0.2720162868499756,0.393656322,0.280404475,0.043994985,9626,232,232,0,4075,0,1558,672,3089,6747,0,0,3,4804,4656,148,3089,1567,0,1868,151,1384,4969,,649,0,
293,INFEASIBLE,certified_no_adversarial_example,feasibility,false,false,false,false,,,,0.492619261,0.01759958267211914,0.0,0.0,0.464572192,0.218728802,0.132965219,0.12346911430358887,0.33160697299999997,0.24584339,0.025838392,9626,138,138,0,4042,0,1607,692,3147,2688,0,0,3,4804,4724,80,3147,1577,0,1731,82,1110,4490,,482,0,
294,INFEASIBLE,certified_no_adversarial_example,feasibility,false,false,false,false,,,,0.592854116,0.019788026809692383,0.0,0.0,0.562091778,0.308163089,0.204032735,0.19277310371398926,0.358059043,0.253928689,0.02840628,9626,169,169,0,4057,0,1592,675,3133,4613,0,0,3,4804,4703,101,3133,1570,0,1770,101,1189,4628,,586,0,
295,INFEASIBLE,certified_no_adversarial_example,feasibility,false,false,false,false,,,,0.77321374,0.032888174057006836,0.0,0.0,0.726602187,0.4689795769999999,0.32329484099999994,0.3085777759552002,0.40330734600000007,0.2576226100000001,0.044270031,9626,245,245,0,4067,0,1551,681,3082,7116,0,0,3,4804,4652,152,3082,1570,0,1876,155,1400,4997,,634,0,
296,INFEASIBLE,certified_no_adversarial_example,feasibility,false,false,false,false,,,,0.706551168,0.03148341178894043,0.0,0.0,0.663366219,0.38403492699999997,0.26974341300000004,0.25731468200683594,0.393622806,0.27933129200000006,0.040874226,9626,218,218,0,4036,0,1567,671,3134,5236,0,0,3,4804,4678,126,3134,1544,0,1820,126,1289,4803,,699,0,
297,INFEASIBLE,certified_no_adversarial_example,feasibility,false,false,false,false,,,,0.67732289,0.01808619499206543,0.0,0.0,0.647460838,0.383483368,0.25510273899999997,0.24236249923706055,0.392358099,0.26397747,0.027606832,9626,198,198,0,4116,0,1575,716,3021,5687,0,0,3,4804,4678,126,3021,1657,0,1823,128,1294,4812,,538,0,
298,INFEASIBLE,certified_no_adversarial_example,feasibility,false,false,false,false,,,,0.916773331,0.04182577133178711,0.0,0.0,0.860260673,0.5050513000000001,0.35459306900000004,0.33861660957336426,0.5056676039999999,0.3552093729999999,0.054205532,9626,283,283,0,4080,0,1533,687,3043,7495,0,0,3,4804,4631,173,3043,1588,0,1914,173,1477,5132,,761,0,
299,INFEASIBLE,certified_no_adversarial_example,feasibility,false,false,false,false,,,,1.190091788,0.023074865341186523,0.0,0.0,1.153801596,0.43602892400000004,0.31025456,0.2958524227142334,0.8435470360000001,0.7177726720000001,0.034037832,9626,220,220,0,4086,0,1563,682,3075,7442,0,0,3,4804,4653,151,3075,1578,0,1873,153,1394,4987,,548,0,
300,INFEASIBLE,certified_no_adversarial_example,feasibility,false,false,false,false,,,,0.702264865,0.02651381492614746,0.0,0.0,0.662845567,0.414860035,0.2913334390000001,0.2780277729034424,0.3715121279999999,0.24798553199999995,0.037093026,9626,222,222,0,4055,0,1559,666,3124,7060,0,0,3,4804,4678,126,3124,1554,0,1820,126,1289,4803,,618,0,
301,INFEASIBLE,certified_no_adversarial_example,feasibility,false,false,false,false,,,,0.642560427,0.03637886047363281,0.0,0.0,0.593224355,0.35040424900000006,0.22759486299999998,0.21594619750976562,0.36562949200000006,0.24282010599999998,0.047047401,9626,188,188,0,4019,0,1581,654,3184,5669,0,0,3,4804,4691,113,3184,1507,0,1801,119,1250,4733,,687,0,
302,INFEASIBLE,certified_no_adversarial_example,feasibility,false,false,false,false,,,,0.648856893,0.029731035232543945,0.0,0.0,0.606084755,0.35449590599999997,0.22932059600000004,0.21719670295715332,0.376764159,0.25158884900000006,0.040280402,9626,180,180,0,4066,0,1585,659,3136,5918,0,0,3,4804,4685,119,3136,1549,0,1809,121,1266,4763,,671,0,
303,INFEASIBLE,certified_no_adversarial_example,feasibility,false,false,false,false,,,,0.633013652,0.015512704849243164,0.0,0.0,0.606700692,0.38211207,0.18548951300000002,0.17479491233825684,0.42121117899999994,0.22458862199999996,0.023963183,9626,151,151,0,3992,0,1598,651,3234,4060,0,0,3,4804,4722,82,3234,1488,0,1732,82,1113,4495,,450,0,
304,INFEASIBLE,certified_no_adversarial_example,feasibility,false,false,false,false,,,,0.864610869,0.032189130783081055,0.0,0.0,0.818165667,0.528005217,0.39456086800000006,0.37972521781921387,0.423604799,0.29016045,0.044076931,9626,255,255,0,4027,0,1548,666,3130,8495,0,0,3,4804,4648,156,3130,1518,0,1886,161,1420,5031,,611,0,
305,INFEASIBLE,certified_no_adversarial_example,feasibility,false,false,false,false,,,,0.630575448,0.023656368255615234,0.0,0.0,0.594346983,0.350063415,0.234834231,0.2223048210144043,0.359512752,0.244283568,0.033914398,9626,197,197,0,4042,0,1577,672,3138,5483,0,0,3,4804,4688,116,3138,1550,0,1803,118,1254,4742,,537,0,
306,INFEASIBLE,certified_no_adversarial_example,feasibility,false,false,false,false,,,,0.698585275,0.021529197692871094,0.0,0.0,0.664125389,0.385251005,0.273578071,0.2596888542175293,0.390547318,0.278874384,0.032117168,9626,223,223,0,4091,0,1563,716,3033,6878,0,0,3,4804,4660,144,3033,1627,0,1860,147,1368,4941,,497,0,
307,INFEASIBLE,certified_no_adversarial_example,feasibility,false,false,false,false,,,,0.694338784,0.033431053161621094,0.0,0.0,0.648425758,0.380746967,0.262506818,0.24941110610961914,0.38591894000000004,0.267678791,0.043584392,9626,203,203,0,4047,0,1573,659,3144,6643,0,0,3,4804,4667,137,3144,1523,0,1846,140,1340,4892,,750,0,
308,INFEASIBLE,certified_no_adversarial_example,feasibility,false,false,false,false,,,,0.62551104,0.0237429141998291,0.0,0.0,0.590605249,0.36516370500000006,0.22474736499999998,0.21375250816345215,0.365857884,0.22544154399999994,0.032725197,9626,174,174,0,4034,0,1589,662,3167,6204,0,0,3,4804,4693,111,3167,1526,0,1793,113,1234,4707,,586,0,
309,INFEASIBLE,certified_no_adversarial_example,feasibility,false,false,false,false,,,,0.671931713,0.02829909324645996,0.0,0.0,0.632134793,0.39238745199999997,0.261273632,0.2490246295928955,0.370861161,0.239747341,0.037529605,9626,196,196,0,4062,0,1575,668,3125,5843,0,0,3,4804,4682,122,3125,1557,0,1815,124,1278,4784,,655,0,
310,INFEASIBLE,certified_no_adversarial_example,feasibility,false,false,false,false,,,,0.688982595,0.0333707332611084,0.0,0.0,0.642642619,0.388539791,0.255871635,0.2427058219909668,0.386770984,0.25410282799999995,0.044115451,9626,233,233,0,4024,0,1558,675,3136,5419,0,0,3,4804,4670,134,3136,1534,0,1839,136,1326,4868,,561,0,
311,INFEASIBLE,certified_no_adversarial_example,feasibility,false,false,false,false,,,,0.689217044,0.03706169128417969,0.0,0.0,0.639177275,0.39744447800000005,0.259565017,0.24590826034545898,0.379612258,0.24173279699999994,0.047253982,9626,246,246,0,4021,0,1549,655,3155,5254,0,0,3,4804,4679,125,3155,1524,0,1823,129,1294,4811,,735,0,
312,INFEASIBLE,certified_no_adversarial_example,feasibility,false,false,false,false,,,,0.664780271,0.01934075355529785,0.0,0.0,0.633731103,0.35454999099999995,0.24386967800000003,0.23160409927368164,0.389861425,0.27918111200000006,0.028821504,9626,185,185,0,4142,0,1580,707,3012,5075,0,0,3,4804,4694,110,3012,1682,0,1791,112,1230,4700,,525,0,
313,INFEASIBLE,certified_no_adversarial_example,feasibility,false,false,false,false,,,,0.711974874,0.0278170108795166,0.0,0.0,0.670801773,0.42357801999999994,0.283401095,0.2697718143463135,0.387400678,0.24722375300000005,0.038823391,9626,225,225,0,4086,0,1563,676,3076,6781,0,0,3,4804,4654,150,3076,1578,0,1873,154,1394,4986,,600,0,
314,INFEASIBLE,certified_no_adversarial_example,feasibility,false,false,false,false,,,,1.298986308,0.03389883041381836,0.0,0.0,1.251263206,0.434653885,0.31912921799999994,0.30423712730407715,0.932133988,0.8166093209999999,0.045512617,9626,252,252,0,4063,0,1547,687,3077,7284,0,0,3,4804,4649,155,3077,1572,0,1878,155,1405,5006,,698,0,
315,INFEASIBLE,certified_no_adversarial_example,feasibility,false,false,false,false,,,,0.450123427,0.017020225524902344,0.0,0.0,0.422371506,0.209611759,0.11862457599999998,0.10974812507629395,0.30374693,0.212759747,0.025295395,9626,139,139,0,3982,0,1605,651,3249,1998,0,0,3,4804,4740,64,3249,1491,0,1699,66,1046,4378,,485,0,
316,INFEASIBLE,certified_no_adversarial_example,feasibility,false,false,false,false,,,,0.661577558,0.022223472595214844,0.0,0.0,0.625932937,0.36601709800000004,0.24136235699999997,0.2278895378112793,0.38457058,0.2599158389999999,0.033270312,9626,211,211,0,4073,0,1564,667,3111,5659,0,0,3,4804,4684,120,3111,1573,0,1813,124,1274,4776,,517,0,
317,INFEASIBLE,certified_no_adversarial_example,feasibility,false,false,false,false,,,,0.684291811,0.0404973030090332,0.0,0.0,0.630764567,0.377870084,0.245418641,0.23237323760986328,0.38534592600000006,0.25289448300000006,0.051279602,9626,216,216,0,4035,0,1565,642,3168,5652,0,0,3,4804,4678,126,3168,1510,0,1823,128,1294,4812,,809,0,
318,INFEASIBLE,certified_no_adversarial_example,feasibility,false,false,false,false,,,,0.670696374,0.02141547203063965,0.0,0.0,0.637531261,0.399857444,0.20379138800000002,0.19113850593566895,0.433739873,0.237673817,0.030800249,9626,188,188,0,4032,0,1577,645,3184,4241,0,0,3,4804,4699,105,3184,1515,0,1778,105,1205,4656,,584,0,
319,INFEASIBLE,certified_no_adversarial_example,feasibility,false,false,false,false,,,,0.985992721,0.20415973663330078,0.0,0.0,0.765746218,0.493291426,0.35188580199999997,0.33638620376586914,0.413860416,0.272454792,0.217922164,9626,248,248,0,4094,0,1547,690,3047,8609,0,0,3,4804,4637,167,3047,1590,0,1905,169,1458,5099,,967,0,
320,INFEASIBLE,certified_no_adversarial_example,feasibility,false,false,false,false,,,,0.844391268,0.04017233848571777,0.0,0.0,0.78932841,0.523667683,0.351947907,0.3362734317779541,0.437380503,0.265660727,0.052596265,9626,254,254,0,4085,0,1546,688,3053,7724,0,0,3,4804,4641,163,3053,1588,0,1898,166,1444,5074,,669,0,
321,OPTIMAL,adversarial_example_found_or_best_known,feasibility,true,true,true,true,1.0602629885170245e-14,-9.666783611798882;-2.539844357464921;-4.105554011269911;-3.682933111667732;-5.4919035490421795;-6.914149408990849;-15.255074264600275;-1.0070757357491409;-0.04153661284066629;-0.04153661284067689,0.1;0.0;0.0;0.1;0.1;0.0;0.0;0.1;0.1;0.0;0.0;0.0;0.0;0.1;0.1;0.1;0.1;0.0;0.0;0.1;0.1;0.0;0.0;0.1;0.1;0.0;0.0;0.1;0.1;0.0;0.0;0.1;0.0;0.0;0.0;0.0;0.1;0.1;0.0;0.0;0.0;0.0;0.0;0.1;0.0;0.1;0.0;0.1;0.1;0.0;0.0;0.1;0.0;0.0;0.0;0.0;0.1;0.0;0.0;0.1;0.1;0.0;0.0;0.0;0.1;0.0;0.0;0.0;0.0;0.1;0.1;0.1;0.1;0.0;0.0;0.1;0.1;0.0;0.0;0.1;0.1;0.0;0.0;0.0;0.1;0.1;0.1;0.1;0.0;0.1;0.0;0.1;0.0;0.1;0.0;0.1;0.0;0.1;0.0;0.0;0.0;0.0;0.0;0.1;0.0;0.0;0.1;0.1;0.0;0.1;0.0;0.0;0.1;0.1;0.1;0.1;0.1;0.0;0.0;0.0;0.0;0.1;0.1;0.1;0.1;0.0;0.0;0.0;0.0;0.0;0.0;0.1;0.1;0.0;0.0;0.1;0.1;0.0;0.0;0.0;0.0;0.0;0.1;0.1;0.1;0.0;0.0;0.0;0.0;0.1;0.0;0.0;0.0;0.1;0.0;0.1;0.1;0.0;0.1;0.0;0.1;0.1;0.1;0.1;0.1;0.1;0.1;0.1;0.1;0.0;0.1;0.0;0.0;0.0;0.0;0.1;0.1;0.1;0.1;0.0;0.0;0.0;0.0;0.1;0.1;0.0;0.0;0.0;0.1;0.0;0.0;0.1;0.1;0.1;0.1;0.0;0.0;0.1;0.0;0.0;0.0;0.0;0.1;0.1;0.1;0.1;0.0;0.0;0.0;0.0;0.0;0.1;0.1;0.0;0.0;0.0;0.1;0.0;0.1;0.0;0.1;0.1;0.0;0.0;0.1;0.0;0.0;0.0;0.0;0.1;0.1;0.1;0.1;0.1;0.1;0.0;0.0;0.0;0.0;0.1;0.1;0.0;0.1;0.0;0.0;0.1;0.1;0.0;0.0;0.1;0.1;0.0;0.0;0.0;0.0;0.0;0.1;0.0;0.0;0.0;0.0;0.1;0.1;0.1;0.1;0.0;0.1;0.1;0.1;0.0;0.0;0.0;0.0;0.1;0.1;0.0;0.1;0.1;0.0;0.1;0.0;0.0;0.0;0.0;0.0;0.1;0.1;0.19803921568627453;0.19019607843137254;0.1;0.1;0.1;0.1;0.0;0.0;0.1;0.1;0.0;0.0;0.1;0.1;0.1;0.1;0.0;0.0;0.1;0.1;0.0;0.0;0.1;0.0;0.1;0.0;0.1;0.307843137254902;0.7983976982692351;0.8716824374742006;0.7941176470588235;0.3605161349456256;0.29902478057184356;0.1;0.1;0.1;0.1;0.1;0.0;0.0;0.0;0.0;0.0;0.1;0.1;0.0;0.1;0.0;0.0;0.1;0.0;0.0;0.1;0.0;0.1;0.7078431372549019;1.0;1.0;1.0;1.0;0.8921568627450981;0.42156862745098045;0.1;0.1;0.1;0.1;0.1;0.0;0.2607843137254902;0.2607843137254903;0.2607843137254902;0.2607843137254902;0.2607843137254902;0.10366661541312859;0.1;0.1;0.0;0.0;0.0;0.0;0.1;0.0;0.1;0.8568627450980392;1.0;0.38235294117647056;0.3666666666666667;0.9823529411764705;0.8960784313725491;0.6098039215686274;0.1;0.0;0.17450980392156862;0.4764705882352941;0.5705882352941176;0.9705882352941176;1.0;0.9;0.8960784313725491;1.0;1.0;0.6960784313725485;0.10243425662899198;0.0;0.0;0.1;0.0;0.0;0.1;0.1;0.1;0.515686274509804;1.0;0.24509803921568626;0.1;0.48039215686274506;0.8960784313725491;1.0;0.8803921568627451;1.0;1.0;1.0;1.0;0.8960784313725491;0.8960784313725491;0.8960784313725491;0.8960784313725491;0.8960784313725491;1.0;0.8960784313725491;1.0;0.1;0.0;0.0;0.0;0.0;0.0;0.1;0.1;0.20318930090380471;0.8960784313725491;0.7745098039215687;0.10302605580572859;0.5862745098039216;0.8960784313725491;0.8960784313725491;1.0;1.0;0.8960784313725491;0.8725490196078431;0.48431372549019613;0.1549019607843137;0.09607843137254901;0.296078431372549;0.296078431372549;0.10710172353073258;0.10365917486812952;0.8686274509803922;0.8921568627450981;0.0;0.0;0.1;0.0;0.0;0.0;0.1;0.1;0.0947640097467366;0.696078431372549;0.8960784313725491;0.6215686274509804;0.7823529411764706;1.0;0.6607843137254902;0.292156862745098;0.28855922061747336;0.39803921568627454;0.09983489416906537;0.0;0.0;0.1;0.0;0.1;0.1;0.1;0.8333333333333333;0.40980392156862744;0.1;0.0;0.0;0.0;0.0;0.0;0.1;0.1;0.1;0.3392156862745098;0.6450980392156862;0.8372549019607843;0.8853222622172441;0.2686274509803922;0.0;0.1;0.1;0.1;0.0;0.1;0.1;0.0;0.1;0.05408229877225258;0.1;0.0;0.0;0.1;0.0;0.0;0.1;0.0;0.0;0.0;0.1;0.1;0.1;0.0;0.09766057412066394;0.41764705882352937;0.2568627450980392;0.0;0.0;0.1;0.1;0.0;0.0;0.0;0.0;0.0;0.0;0.1;0.1;0.0;0.0;0.1;0.1;0.0;0.1;0.0;0.03944186106154126;0.0;0.1;0.1;0.1;0.0;0.1;0.0;0.1;0.0;0.0;0.0;0.1;0.0;0.1;0.0;0.0;0.0;0.1;0.0;0.1;0.0;0.0;0.1;0.0;0.0;0.1;0.0;0.0;0.0;0.0;0.1;0.1;0.0;0.1;0.1;0.1;0.0;0.0;0.1;0.1;0.0;0.0;0.0;0.0;0.0;0.0;0.0;0.0;0.1;0.1;0.1;0.1;0.0;0.1;0.0;0.1;0.0;0.1;0.0;0.1;0.0;0.1;0.0;0.1;0.0;0.0;0.1;0.1;0.1;0.0;0.0;0.0;0.0;0.0;0.0;0.1;0.0;0.0;0.1;0.0;0.0;0.1;0.1;0.1;0.0;0.0;0.0;0.1;0.0;0.0;0.0;0.0;0.0;0.0;0.1;0.1;0.0;0.0;0.0;0.0;0.1;0.1;0.0;0.0;0.1;0.1;0.1;0.1;0.0;0.0;0.1;0.0;0.0;0.0;0.0;0.0;0.0;0.0;0.0;0.0;0.0;0.0;0.1;0.0;0.1;0.0;0.0;0.0;0.1;0.0;0.1;0.0;0.1;0.0;0.1;0.0;0.1;0.1;0.1;0.1;0.0;0.0;0.0;0.0;0.0;0.0;0.1;0.1;0.1;0.1;0.1;0.1;0.1;0.0;0.0;0.0;0.1;0.06011769772139382;0.0;0.0;0.1;0.1;0.0;0.0;0.0;0.1;0.1;0.0;0.1;0.0;0.0;0.0;0.1;0.0;0.0;0.0;0.0;0.0;0.1;0.0;0.1;0.0;0.1;0.0;0.1;0.0;0.0;0.0;0.1;0.0;0.1;0.0;0.1;0.1;0.1;0.1;0.0;0.0;0.0;0.0;0.1;0.1;0.0;0.0;0.1;0.1;0.1;0.1;0.0;0.0;0.1;0.0;0.1;0.1;0.0;0.0;0.1;0.1;0.0;0.0;0.1;0.0;0.0;0.0;0.1;0.1;0.0;0.0;0.1;0.0;0.0;0.0;0.1;0.0;0.0;0.0;0.1;0.0;0.1;0.1;0.1;0.1;0.0;0.1;0.0;0.1;0.0;0.0;0.0,8.131914211,7.597411394119263,0.0,0.0,0.520677,0.285498568,0.16502367399999998,0.15480375289916992,0.355653326,0.23517843199999994,7.606176958,9626,150,150,0,4008,0,1601,641,3226,3756,0,0,3,4804,4713,91,3226,1487,0,1754,94,1156,4570,279,138462,,0.0
322,SKIPPED_PREDICTED_IN_TARGETED,adversarial_example_found_or_best_known,feasibility,true,true,true,true,2.846903114660533,-7.913966580484432;-3.979934130716689;0.5674479509500268;-0.6403658549181954;-12.241826631904123;-8.083758444954368;-18.033394517332248;3.4143510656105596;-0.5432207726818382;-3.026330585529838,0.0;0.0;0.0;0.0;0.0;0.0;0.0;0.0;0.0;0.0;0.0;0.0;0.0;0.0;0.0;0.0;0.0;0.0;0.0;0.0;0.0;0.0;0.0;0.0;0.0;0.0;0.0;0.0;0.0;0.0;0.0;0.0;0.0;0.0;0.0;0.0;0.0;0.0;0.0;0.0;0.0;0.0;0.0;0.0;0.0;0.0;0.0;0.0;0.0;0.0;0.0;0.0;0.0;0.0;0.0;0.0;0.0;0.0;0.0;0.0;0.0;0.0;0.0;0.0;0.0;0.0;0.0;0.0;0.0;0.0;0.0;0.0;0.0;0.0;0.0;0.0;0.0;0.0;0.0;0.0;0.0;0.0;0.0;0.0;0.0;0.0;0.0;0.0;0.0;0.0;0.0;0.0;0.0;0.0;0.0;0.0;0.0;0.0;0.0;0.0;0.0;0.0;0.0;0.0;0.0;0.0;0.0;0.0;0.0;0.0;0.0;0.0;0.0;0.0;0.0;0.0;0.0;0.0;0.0;0.0;0.0;0.0;0.0;0.0;0.0;0.0;0.0;0.0;0.0;0.0;0.0;0.0;0.0;0.0;0.0;0.0;0.0;0.0;0.0;0.0;0.0;0.0;0.0;0.0;0.0;0.0;0.0;0.0;0.0;0.0;0.0;0.0;0.0;0.0;0.0;0.0;0.0;0.0;0.0;0.0;0.0;0.0;0.0;0.0;0.0;0.0;0.0;0.0;0.0;0.0;0.0;0.0;0.0;0.0;0.0;0.0;0.0;0.0;0.0;0.0;0.0;0.0;0.0;0.0;0.0;0.0;0.0;0.0;0.0;0.0;0.0;0.0;0.0;0.0;0.0;0.0;0.0;0.0;0.0;0.0;0.0;0.0;0.0;0.0;0.0;0.0392156862745098;0.0;0.0;0.0;0.0;0.0;0.0;0.0;0.0;0.0;0.0;0.0;0.0;0.0;0.0;0.0;0.0;0.0;0.0;0.0;0.0;0.0;0.0;0.0;0.0;0.0;0.0;0.35294117647058826;0.7411764705882353;0.0;0.0;0.0;0.0;0.0;0.0;0.0;0.0;0.0;0.0;0.0;0.0;0.0;0.0;0.0;0.0;0.0;0.0;0.0;0.0;0.0;0.0;0.0;0.0;0.0;0.3568627450980392;0.9529411764705882;0.7529411764705882;0.0;0.0;0.0;0.0;0.0;0.0;0.0;0.0;0.0;0.0;0.0;0.0;0.0;0.0;0.0;0.0;0.0;0.0;0.0;0.0;0.0;0.0;0.0;0.0;0.06274509803921569;0.8352941176470589;0.9882352941176471;0.26666666666666666;0.0;0.0;0.0;0.0;0.0;0.0;0.0;0.0;0.0;0.00392156862745098;0.32941176470588235;0.47843137254901963;0.6823529411764706;0.9058823529411765;0.5843137254901961;0.08235294117647059;0.0;0.0;0.0;0.0;0.0;0.0;0.0;0.0;0.20784313725490197;0.9882352941176471;0.9215686274509803;0.03529411764705882;0.0;0.0;0.0;0.0;0.0;0.0;0.0;0.0;0.1450980392156863;0.6196078431372549;0.9882352941176471;0.9882352941176471;0.9882352941176471;0.9882352941176471;0.9882352941176471;0.8196078431372549;0.0;0.0;0.0;0.0;0.0;0.0;0.0;0.0;0.5607843137254902;0.9882352941176471;0.6;0.0;0.0;0.0;0.0;0.0;0.0;0.0;0.043137254901960784;0.4196078431372549;0.9450980392156862;0.9882352941176471;0.9882352941176471;0.9882352941176471;0.5019607843137255;0.5725490196078431;0.9882352941176471;0.9882352941176471;0.0;0.0;0.0;0.0;0.0;0.0;0.0;0.0;0.5607843137254902;0.9882352941176471;0.41568627450980394;0.0;0.0;0.0;0.0;0.0;0.0;0.19215686274509805;0.6941176470588235;0.9882352941176471;0.9882352941176471;0.9882352941176471;0.611764705882353;0.12941176470588237;0.011764705882352941;0.17647058823529413;0.9882352941176471;0.8;0.0;0.0;0.0;0.0;0.0;0.0;0.0;0.0;0.996078431372549;0.9921568627450981;0.17254901960784313;0.0;0.0;0.0;0.00784313725490196;0.396078431372549;0.6941176470588235;0.9921568627450981;1.0;0.9607843137254902;0.5058823529411764;0.20784313725490197;0.0;0.0;0.027450980392156862;0.8235294117647058;0.9921568627450981;0.3176470588235294;0.0;0.0;0.0;0.0;0.0;0.0;0.0;0.0;0.9921568627450981;0.807843137254902;0.050980392156862744;0.0;0.0;0.20784313725490197;0.4823529411764706;0.9882352941176471;0.9882352941176471;0.9882352941176471;0.7333333333333333;0.35294117647058826;0.0;0.0;0.0;0.0;0.34901960784313724;0.9450980392156862;0.596078431372549;0.0392156862745098;0.0;0.0;0.0;0.0;0.0;0.0;0.0;0.0;0.9921568627450981;0.8313725490196079;0.06666666666666667;0.03529411764705882;0.48627450980392156;0.9529411764705882;0.9882352941176471;0.9882352941176471;0.8705882352941177;0.41568627450980394;0.0;0.0;0.0;0.0;0.0;0.0;0.8352941176470589;0.4627450980392157;0.0;0.0;0.0;0.0;0.0;0.0;0.0;0.0;0.0;0.0;0.9921568627450981;0.9882352941176471;0.9568627450980393;0.9529411764705882;0.9882352941176471;0.9882352941176471;0.9294117647058824;0.4;0.027450980392156862;0.0;0.0;0.0;0.0;0.0;0.0;0.3411764705882353;0.2627450980392157;0.01568627450980392;0.0;0.0;0.0;0.0;0.0;0.0;0.0;0.0;0.0;0.0;0.8980392156862745;0.9882352941176471;0.9882352941176471;0.9882352941176471;0.8470588235294118;0.43529411764705883;0.1803921568627451;0.0;0.0;0.0;0.0;0.0;0.0;0.0;0.0;0.0;0.0;0.0;0.0;0.0;0.0;0.0;0.0;0.0;0.0;0.0;0.0;0.0;0.12156862745098039;0.21568627450980393;0.5686274509803921;0.23137254901960785;0.07450980392156863;0.0;0.0;0.0;0.0;0.0;0.0;0.0;0.0;0.0;0.0;0.0;0.0;0.0;0.0;0.0;0.0;0.0;0.0;0.0;0.0;0.0;0.0;0.0;0.0;0.0;0.0;0.0;0.0;0.0;0.0;0.0;0.0;0.0;0.0;0.0;0.0;0.0;0.0;0.0;0.0;0.0;0.0;0.0;0.0;0.0;0.0;0.0;0.0;0.0;0.0;0.0;0.0;0.0;0.0;0.0;0.0;0.0;0.0;0.0;0.0;0.0;0.0;0.0;0.0;0.0;0.0;0.0;0.0;0.0;0.0;0.0;0.0;0.0;0.0;0.0;0.0;0.0;0.0;0.0;0.0;0.0;0.0;0.0;0.0;0.0;0.0;0.0;0.0;0.0;0.0;0.0;0.0;0.0;0.0;0.0;0.0;0.0;0.0;0.0;0.0;0.0;0.0;0.0;0.0;0.0;0.0;0.0;0.0;0.0;0.0;0.0;0.0;0.0;0.0;0.0;0.0;0.0;0.0;0.0;0.0;0.0;0.0;0.0;0.0;0.0;0.0;0.0;0.0;0.0;0.0;0.0;0.0;0.0;0.0;0.0;0.0;0.0;0.0;0.0;0.0;0.0;0.0;0.0;0.0;0.0;0.0;0.0;0.0;0.0;0.0;0.0;0.0;0.0;0.0;0.0;0.0;0.0;0.0;0.0;0.0;0.0;0.0;0.0;0.0;0.0;0.0;0.0;0.0;0.0;0.0;0.0;0.0;0.0;0.0;0.0;0.0;0.0;0.0;0.0;0.0;0.0;0.0;0.0;0.0;0.0;0.0;0.0;0.0;0.0;0.0;0.0;0.0;0.0;0.0;0.0;0.0;0.0;0.0;0.0;0.0;0.0;0.0;0.0;0.0;0.0;0.0;0.0;0.0;0.0;0.0;0.0;0.0;0.0;0.0;0.0;0.0;0.0;0.0;0.0;0.0;0.0;0.0;0.0;0.0;0.0;0.0;0.0;0.0;0.0;0.0;0.0;0.0;0.0;0.0;0.0;0.0;0.0;0.0;0.0;0.0;0.0,0.004343286,0.0,0.0,0.0,,,,,,,,,,,,,,,,,,,,,,,,,,,,,,,,,,
323,INFEASIBLE,certified_no_adversarial_example,feasibility,false,false,false,false,,,,0.63616769,0.019696950912475586,0.0,0.0,0.604801682,0.364336351,0.22494160300000002,0.2134857177734375,0.37986007899999996,0.24046533099999995,0.028925895,9626,177,177,0,4037,0,1584,658,3170,4444,0,0,3,4804,4714,90,3170,1544,0,1753,94,1154,4566,,489,0,
324,INFEASIBLE,certified_no_adversarial_example,feasibility,false,false,false,false,,,,0.711889635,0.019146203994750977,0.0,0.0,0.680483508,0.398546785,0.28364400800000006,0.27114272117614746,0.39683949999999996,0.281936723,0.029005246,9626,185,185,0,4040,0,1580,665,3156,6351,0,0,3,4804,4689,115,3156,1533,0,1801,117,1250,4735,,448,0,
325,INFEASIBLE,certified_no_adversarial_example,feasibility,false,false,false,false,,,,0.860636247,0.1622321605682373,0.0,0.0,0.684811834,0.42666338400000003,0.29772178999999993,0.2839047908782959,0.3870900440000001,0.25814845,0.173452228,9626,229,229,0,4038,0,1559,677,3123,6441,0,0,3,4804,4666,138,3123,1543,0,1850,143,1348,4905,,826,0,
326,INFEASIBLE,certified_no_adversarial_example,feasibility,false,false,false,false,,,,0.658616408,0.03392457962036133,0.0,0.0,0.612294654,0.341161029,0.22828220600000004,0.2160031795501709,0.384012448,0.27113362500000004,0.043897419,9626,206,206,0,4024,0,1574,639,3183,4932,0,0,3,4804,4677,127,3183,1494,0,1825,129,1298,4819,,763,0,
327,INFEASIBLE,certified_no_adversarial_example,feasibility,false,false,false,false,,,,0.919425043,0.29271364212036133,,0.0,0.614705244,0.36370377200000004,0.23560064099999994,0.2233133316040039,0.3791046030000001,0.251001472,0.302517917,9626,201,201,0,4036,0,1575,656,3158,5090,0,0,3,4804,4685,119,3158,1527,0,1806,119,1261,4754,,1392,0,
328,INFEASIBLE,certified_no_adversarial_example,feasibility,false,false,false,false,,,,0.571329369,0.01778101921081543,0.0,0.0,0.542124301,0.29582212999999996,0.174947065,0.16379761695861816,0.36717723599999996,0.24630217100000001,0.026789351,9626,164,164,0,4070,0,1593,704,3095,3059,0,0,3,4804,4714,90,3095,1619,0,1752,93,1152,4563,,511,0,
329,INFEASIBLE,certified_no_adversarial_example,feasibility,false,false,false,false,,,,0.684801025,0.018280744552612305,0.0,0.0,0.654110042,0.298476985,0.19818901900000002,0.18619418144226074,0.455921023,0.35563305700000003,0.028322929,9626,181,181,0,4034,0,1585,669,3157,4008,0,0,3,4804,4696,108,3157,1539,0,1789,112,1226,4692,,434,0,
330,INFEASIBLE,certified_no_adversarial_example,feasibility,false,false,false,false,,,,0.986489546,0.015247583389282227,0.0,0.0,0.960383414,0.734721007,0.160335664,0.15032362937927246,0.8000477500000001,0.22566240700000006,0.023717322,9626,163,163,0,3989,0,1593,638,3243,3103,0,0,3,4804,4725,79,3243,1482,0,1729,81,1106,4483,,422,0,
331,INFEASIBLE,certified_no_adversarial_example,feasibility,false,false,false,false,,,,0.516485286,0.01996326446533203,0.0,0.0,0.485289563,0.26187981499999996,0.157641733,0.14764738082885742,0.32764783,0.22340974800000002,0.028844993,9626,158,158,0,3980,0,1597,641,3250,2986,0,0,3,4804,4722,82,3250,1472,0,1736,85,1120,4507,,464,0,
332,INFEASIBLE,certified_no_adversarial_example,feasibility,false,false,false,false,,,,0.773562694,0.04270029067993164,0.0,0.0,0.715955,0.45698019300000003,0.31473108400000005,0.30020713806152344,0.40122391599999996,0.258974807,0.055259564,9626,258,258,0,4036,0,1545,660,3127,6731,0,0,3,4804,4652,152,3127,1525,0,1876,155,1400,4997,,738,0,
333,INFEASIBLE,certified_no_adversarial_example,feasibility,false,false,false,false,,,,0.552674311,0.017191648483276367,0.0,0.0,0.524085558,0.21598583500000001,0.121171527,0.11195111274719238,0.402914031,0.308099723,0.026196329,9626,126,126,0,3981,0,1614,645,3260,2022,0,0,3,4804,4739,65,3260,1479,0,1703,69,1054,4391,,412,0,
334,INFEASIBLE,certified_no_adversarial_example,feasibility,false,false,false,false,,,,0.708162528,0.024678707122802734,0.0,0.0,0.670048358,0.407688435,0.284740443,0.27179813385009766,0.38530791499999995,0.26235992299999994,0.035602132,9626,199,199,0,4048,0,1575,689,3115,6340,0,0,3,4804,4675,129,3115,1560,0,1826,129,1301,4824,,575,0,
335,INFEASIBLE,certified_no_adversarial_example,feasibility,false,false,false,false,,,,0.752259172,0.02130722999572754,0.0,0.0,0.717217904,0.462700131,0.306757678,0.2937626838684082,0.410460226,0.25451777299999995,0.032742452,9626,213,213,0,4046,0,1568,677,3122,6699,0,0,3,4804,4673,131,3122,1551,0,1835,135,1318,4853,,462,0,
336,INFEASIBLE,certified_no_adversarial_example,feasibility,false,false,false,false,,,,0.67270388,0.02724432945251465,0.0,0.0,0.632877013,0.383501371,0.23642536599999994,0.2226865291595459,0.396451647,0.249375642,0.037262389,9626,201,201,0,4031,0,1573,672,3149,5088,0,0,3,4804,4686,118,3149,1537,0,1807,120,1262,4756,,576,0,
337,INFEASIBLE,certified_no_adversarial_example,feasibility,false,false,false,false,,,,0.670519167,0.02567148208618164,0.0,0.0,0.631108402,0.38071677000000004,0.25038796099999994,0.23693466186523438,0.380720441,0.2503916319999999,0.03705971,9626,209,209,0,4062,0,1572,666,3117,5751,0,0,3,4804,4662,142,3117,1545,0,1855,144,1358,4924,,587,0,
338,INFEASIBLE,certified_no_adversarial_example,feasibility,false,false,false,false,,,,0.613388927,0.041761159896850586,0.0,0.0,0.559805472,0.32537472199999995,0.20141605699999998,0.1903841495513916,0.358389415,0.23443075000000002,0.051233033,9626,174,174,0,4025,0,1588,675,3164,4525,0,0,3,4804,4697,107,3164,1533,0,1785,109,1218,4679,,925,0,
339,INFEASIBLE,certified_no_adversarial_example,feasibility,false,false,false,false,,,,0.834883124,0.01650261878967285,0.0,0.0,0.803392798,0.522870808,0.3699440689999999,0.3540802001953125,0.4334487290000001,0.28052199,0.029230873,9626,255,255,0,4107,0,1544,696,3024,7750,0,0,3,4804,4642,162,3024,1618,0,1896,165,1440,5067,,169,0,
340,INFEASIBLE,certified_no_adversarial_example,feasibility,false,false,false,false,,,,0.74667749,0.024359941482543945,0.0,0.0,0.709103438,0.446144247,0.30446395500000006,0.29047083854675293,0.4046394829999999,0.262959191,0.035089925,9626,227,227,0,4052,0,1562,684,3101,6775,0,0,3,4804,4656,148,3101,1555,0,1867,150,1382,4966,,565,0,
341,SKIPPED_PREDICTED_IN_TARGETED,adversarial_example_found_or_best_known,feasibility,true,true,true,true,0.16197722870995257,-9.36350374037776;-4.73728072307982;-5.955382538277586;0.6623982775483936;-3.6996330114362963;0.5004210488384411;-2.457616954322277;-11.920484625312678;-6.050209075033795;-6.59785455868615,0.0;0.0;0.0;0.0;0.0;0.0;0.0;0.0;0.0;0.0;0.0;0.0;0.0;0.0;0.0;0.0;0.0;0.0;0.0;0.0;0.0;0.0;0.0;0.0;0.0;0.0;0.0;0.0;0.0;0.0;0.0;0.0;0.0;0.0;0.0;0.0;0.0;0.0;0.0;0.0;0.0;0.0;0.0;0.0;0.0;0.0;0.0;0.0;0.0;0.0;0.0;0.0;0.0;0.0;0.0;0.0;0.0;0.0;0.0;0.0;0.0;0.0;0.0;0.0;0.0;0.0;0.0;0.0;0.0;0.0;0.0;0.0;0.0;0.0;0.0;0.0;0.0;0.0;0.0;0.0;0.0;0.0;0.0;0.0;0.0;0.0;0.0;0.0;0.0;0.0;0.0;0.0;0.0;0.0;0.0;0.0;0.0;0.0;0.0;0.0;0.0;0.0;0.0;0.0;0.0;0.0;0.0;0.0;0.0;0.0;0.0;0.0;0.0;0.0;0.0;0.0;0.0;0.0;0.0;0.0;0.0;0.0;0.0;0.0;0.0;0.0;0.0;0.0;0.0;0.0;0.0;0.0;0.0;0.0;0.0;0.0;0.0;0.0;0.0;0.0;0.0;0.0;0.0;0.0;0.0;0.0;0.0;0.0;0.0;0.0;0.0;0.0;0.0;0.0;0.0;0.0;0.0;0.0;0.0;0.0;0.0;0.0;0.0;0.0;0.0;0.0;0.0;0.0;0.0;0.0;0.0;0.0;0.0;0.0;0.0;0.0;0.0;0.0;0.0;0.0;0.0;0.0;0.0;0.0;0.0;0.0;0.0;0.0;0.0;0.0;0.0;0.0;0.0;0.0;0.0;0.0;0.0;0.0;0.0;0.0;0.0;0.0;0.0;0.0;0.0;0.0;0.0;0.0;0.0;0.0;0.0;0.0;0.0;0.0;0.0;0.10196078431372549;0.11372549019607843;0.10196078431372549;0.0;0.0;0.0;0.0;0.0;0.0;0.0;0.0;0.0;0.0;0.0;0.0;0.0;0.0;0.0;0.0;0.0;0.0;0.0;0.0;0.0;0.0;0.0;0.0;0.24705882352941178;0.9411764705882353;0.9882352941176471;0.9372549019607843;0.24705882352941178;0.0;0.0;0.0;0.0;0.0;0.0;0.0;0.0;0.0;0.0;0.0;0.0;0.0;0.0;0.0;0.0;0.0;0.0;0.0;0.0;0.0;0.0;0.0;0.24705882352941178;0.6980392156862745;0.9921568627450981;0.9921568627450981;0.4392156862745098;0.0;0.0;0.0;0.0;0.0;0.0;0.0;0.0;0.0;0.0;0.0;0.0;0.0;0.0;0.0;0.0;0.0;0.0;0.0;0.0;0.0;0.0;0.0;0.0;0.3333333333333333;0.9882352941176471;0.9882352941176471;0.4392156862745098;0.0;0.0;0.0;0.0;0.0;0.0;0.0;0.0;0.0;0.0;0.0;0.0;0.0;0.10196078431372549;0.2235294117647059;0.17254901960784313;0.0;0.0;0.0;0.0;0.0;0.0;0.0;0.0;0.3333333333333333;0.9882352941176471;0.9882352941176471;0.8666666666666667;0.0;0.0;0.0;0.0;0.0;0.0;0.0;0.0;0.0;0.0;0.0;0.01568627450980392;0.4196078431372549;0.8117647058823529;0.9882352941176471;0.9137254901960784;0.6;0.11372549019607843;0.0;0.0;0.0;0.0;0.0;0.0;0.3333333333333333;0.9882352941176471;0.9882352941176471;0.615686274509804;0.0;0.0;0.0;0.0;0.0;0.0;0.0;0.0;0.0;0.0;0.43529411764705883;0.6;0.9882352941176471;0.9921568627450981;0.9882352941176471;0.9882352941176471;0.9882352941176471;0.9882352941176471;0.5529411764705883;0.058823529411764705;0.0;0.0;0.0;0.0;0.6392156862745098;0.9882352941176471;0.9882352941176471;0.4392156862745098;0.0;0.0;0.0;0.0;0.0;0.0;0.0;0.0;0.0;0.14901960784313725;0.8705882352941177;0.9921568627450981;0.9921568627450981;1.0;0.9921568627450981;0.9921568627450981;0.9921568627450981;0.9921568627450981;1.0;0.35294117647058826;0.0;0.0;0.0;0.0;0.8862745098039215;0.9921568627450981;0.8823529411764706;0.0;0.0;0.0;0.0;0.0;0.0;0.0;0.0;0.0;0.14901960784313725;0.8588235294117647;0.9882352941176471;0.9882352941176471;0.9882352941176471;0.9921568627450981;0.6901960784313725;0.9137254901960784;0.9882352941176471;0.9882352941176471;0.9921568627450981;0.9529411764705882;0.6862745098039216;0.0;0.0;0.396078431372549;0.9764705882352941;0.9882352941176471;0.6901960784313725;0.0;0.0;0.0;0.0;0.0;0.0;0.0;0.0;0.0;0.7490196078431373;0.9882352941176471;0.9882352941176471;0.8392156862745098;0.7647058823529411;0.2196078431372549;0.023529411764705882;0.16862745098039217;0.5843137254901961;0.8901960784313725;0.9921568627450981;0.9882352941176471;0.9372549019607843;0.403921568627451;0.2235294117647059;0.8705882352941177;0.9882352941176471;0.9372549019607843;0.2549019607843137;0.0;0.0;0.0;0.0;0.0;0.0;0.0;0.0;0.0;0.396078431372549;0.8745098039215686;0.7529411764705882;0.10980392156862745;0.0;0.0;0.0;0.0;0.0;0.1843137254901961;0.8823529411764706;0.9764705882352941;0.9882352941176471;0.9882352941176471;0.9882352941176471;0.9921568627450981;0.9882352941176471;0.4;0.0;0.0;0.0;0.0;0.0;0.0;0.0;0.0;0.0;0.0;0.0;0.0;0.0;0.0;0.0;0.0;0.0;0.0;0.0;0.0;0.0;0.5725490196078431;0.9882352941176471;0.9882352941176471;0.9882352941176471;0.9921568627450981;0.8;0.09803921568627451;0.0;0.0;0.0;0.0;0.0;0.0;0.0;0.0;0.0;0.0;0.0;0.0;0.0;0.0;0.0;0.0;0.0;0.0;0.0;0.0;0.0;0.18823529411764706;0.8980392156862745;0.9921568627450981;0.9921568627450981;1.0;0.10588235294117647;0.0;0.0;0.0;0.0;0.0;0.0;0.0;0.0;0.0;0.0;0.0;0.0;0.0;0.0;0.0;0.0;0.0;0.0;0.0;0.0;0.0;0.0;0.0;0.08235294117647059;0.10588235294117647;0.10588235294117647;0.10588235294117647;0.011764705882352941;0.0;0.0;0.0;0.0;0.0;0.0;0.0;0.0;0.0;0.0;0.0;0.0;0.0;0.0;0.0;0.0;0.0;0.0;0.0;0.0;0.0;0.0;0.0;0.0;0.0;0.0;0.0;0.0;0.0;0.0;0.0;0.0;0.0;0.0;0.0;0.0;0.0;0.0;0.0;0.0;0.0;0.0;0.0;0.0;0.0;0.0;0.0;0.0;0.0;0.0;0.0;0.0;0.0;0.0;0.0;0.0;0.0;0.0;0.0;0.0;0.0;0.0;0.0;0.0;0.0;0.0;0.0;0.0;0.0;0.0;0.0;0.0;0.0;0.0;0.0;0.0;0.0;0.0;0.0;0.0;0.0;0.0;0.0;0.0;0.0;0.0;0.0;0.0;0.0;0.0;0.0;0.0;0.0;0.0;0.0;0.0;0.0;0.0;0.0;0.0;0.0;0.0;0.0;0.0;0.0;0.0;0.0;0.0;0.0;0.0;0.0;0.0;0.0;0.0;0.0;0.0;0.0;0.0;0.0;0.0;0.0;0.0;0.0;0.0;0.0;0.0;0.0;0.0;0.0;0.0;0.0;0.0;0.0;0.0;0.0;0.0;0.0;0.0;0.0;0.0;0.0;0.0;0.0;0.0;0.0;0.0;0.0;0.0;0.0;0.0;0.0;0.0;0.0;0.0;0.0;0.0;0.0;0.0;0.0;0.0;0.0;0.0;0.0;0.0;0.0;0.0;0.0;0.0;0.0;0.0;0.0;0.0;0.0;0.0;0.0;0.0;0.0;0.0;0.0;0.0;0.0;0.0;0.0;0.0;0.0;0.0;0.0;0.0;0.0;0.0;0.0;0.0;0.0;0.0;0.0;0.0;0.0;0.0;0.0;0.0;0.0;0.0;0.0;0.0,0.004128111,0.0,0.0,0.0,,,,,,,,,,,,,,,,,,,,,,,,,,,,,,,,,,
342,INFEASIBLE,certified_no_adversarial_example,feasibility,false,false,false,false,,,,0.943892785,0.03647422790527344,0.0,0.0,0.892343727,0.61508602,0.44784023399999995,0.4302685260772705,0.444503493,0.27725770699999996,0.04944529,9626,314,314,0,4023,0,1514,629,3146,10210,0,0,3,4804,4628,176,3146,1482,0,1925,180,1498,5168,,448,0,
343,INFEASIBLE,certified_no_adversarial_example,feasibility,false,false,false,false,,,,0.613542426,0.023478269577026367,0.0,0.0,0.577747573,0.326792086,0.204694879,0.19383931159973145,0.373052694,0.25095548700000003,0.032503969,9626,159,159,0,3994,0,1595,649,3229,4282,0,0,3,4804,4718,86,3229,1489,0,1743,88,1134,4532,,550,0,
344,INFEASIBLE,certified_no_adversarial_example,feasibility,false,false,false,false,,,,1.365786507,0.02978801727294922,0.0,0.0,1.322361605,0.576322361,0.34778923,0.3328056335449219,0.9745723749999999,0.746039244,0.041030827,9626,234,234,0,4082,0,1556,686,3068,8229,0,0,3,4804,4647,157,3068,1579,0,1882,157,1413,5020,,610,0,
345,INFEASIBLE,certified_no_adversarial_example,feasibility,false,false,false,false,,,,0.905672823,0.1846177577972412,0.0,0.0,0.706191592,0.44920669500000004,0.326937593,0.3115377426147461,0.379253999,0.256984897,0.197266274,9626,255,255,0,4058,0,1547,660,3106,7782,0,0,3,4804,4652,152,3106,1546,0,1875,154,1398,4994,,908,0,
346,INFEASIBLE,certified_no_adversarial_example,feasibility,false,false,false,false,,,,0.413484205,0.009964704513549805,0.0,0.0,0.394282731,0.17373081699999998,0.08343215300000001,0.0759284496307373,0.310850578,0.22055191400000002,0.016851284,9626,88,88,0,3987,0,1632,666,3253,1463,0,0,3,4804,4764,40,3253,1511,0,1648,40,945,4201,,389,0,
347,INFEASIBLE,certified_no_adversarial_example,feasibility,false,false,false,false,,,,0.704298846,0.03404712677001953,0.0,0.0,0.656599512,0.397518091,0.27240110800000006,0.25919389724731445,0.38419840399999994,0.259081421,0.045272989,9626,219,219,0,4058,0,1565,664,3120,5923,0,0,3,4804,4675,129,3120,1555,0,1826,129,1301,4824,,707,0,
348,INFEASIBLE,certified_no_adversarial_example,feasibility,false,false,false,false,,,,0.845077437,0.028963804244995117,0.0,0.0,0.802694961,0.531004757,0.30771434599999997,0.29424571990966797,0.49498061500000007,0.271690204,0.039999161,9626,213,213,0,4094,0,1568,692,3059,5846,0,0,3,4804,4669,135,3059,1610,0,1842,138,1332,4878,,611,0,
349,INFEASIBLE,certified_no_adversarial_example,feasibility,false,false,false,false,,,,0.536877136,0.01362466812133789,0.0,0.0,0.512062539,0.278572772,0.175088032,0.16423535346984863,0.336974507,0.23348976699999996,0.02240581,9626,158,158,0,3992,0,1596,639,3241,3603,0,0,3,4804,4720,84,3241,1479,0,1736,84,1121,4509,,432,0,
350,INFEASIBLE,certified_no_adversarial_example,feasibility,false,false,false,false,,,,0.638494569,0.03228473663330078,0.0,0.0,0.594236895,0.3490816299999999,0.20598710300000006,0.19461321830749512,0.3882497919999999,0.24515526500000007,0.041866478,9626,172,172,0,4034,0,1589,659,3172,4692,0,0,3,4804,4684,120,3172,1512,0,1811,122,1270,4770,,778,0,
351,INFEASIBLE,certified_no_adversarial_example,feasibility,false,false,false,false,,,,0.470585761,0.019665956497192383,0.0,0.0,0.440420851,0.19874076599999999,0.115287008,0.10612320899963379,0.32513384300000003,0.24168008500000002,0.027877976,9626,135,135,0,4000,0,1608,650,3233,2063,0,0,3,4804,4733,71,3233,1500,0,1715,75,1078,4433,,501,0,
352,INFEASIBLE,certified_no_adversarial_example,feasibility,false,false,false,false,,,,0.711985218,0.02318859100341797,0.0,0.0,0.675878526,0.41784277499999994,0.27843762200000005,0.26598310470581055,0.39744090399999993,0.25803575100000004,0.033726484,9626,189,189,0,4071,0,1580,705,3081,5703,0,0,3,4804,4683,121,3081,1602,0,1814,124,1276,4780,,485,0,
353,INFEASIBLE,certified_no_adversarial_example,feasibility,false,false,false,false,,,,0.909175506,0.04649972915649414,0.0,0.0,0.848225818,0.54571289,0.40173662499999996,0.38567590713500977,0.446489193,0.30251292799999996,0.058543564,9626,259,259,0,4106,0,1544,705,3012,8204,0,0,3,4804,4639,165,3012,1627,0,1901,167,1450,5085,,775,0,
354,INFEASIBLE,certified_no_adversarial_example,feasibility,false,false,false,false,,,,0.609883232,0.015724897384643555,0.0,0.0,0.58243612,0.338978373,0.21320149800000004,0.20172619819641113,0.36923462199999996,0.243457747,0.025109369,9626,162,162,0,4123,0,1593,695,3053,5051,0,0,3,4804,4691,113,3053,1638,0,1797,115,1242,4721,,453,0,
355,INFEASIBLE,certified_no_adversarial_example,feasibility,false,false,false,false,,,,0.594158802,0.020726442337036133,0.0,0.0,0.561711381,0.32364673200000005,0.20819097,0.197737455368042,0.353520411,0.2380646489999999,0.030146268,9626,171,171,0,3996,0,1591,638,3230,4447,0,0,3,4804,4699,105,3230,1469,0,1781,107,1210,4665,,495,0,
356,INFEASIBLE,certified_no_adversarial_example,feasibility,false,false,false,false,,,,0.782605799,0.04087567329406738,0.0,0.0,0.727203492,0.462240014,0.313742922,0.2990090847015381,0.41346057,0.26496347800000003,0.053014724,9626,245,245,0,4064,0,1551,663,3103,6930,0,0,3,4804,4653,151,3103,1550,0,1877,157,1402,4999,,685,0,
357,INFEASIBLE,certified_no_adversarial_example,feasibility,false,false,false,false,,,,1.247645928,0.02363300323486328,0.0,0.0,1.211362489,0.5040246740000001,0.29582843100000006,0.28319311141967773,0.915534058,0.707337815,0.033839608,9626,207,207,0,4076,0,1571,685,3087,6025,0,0,3,4804,4671,133,3087,1584,0,1837,135,1322,4861,,569,0,
358,INFEASIBLE,certified_no_adversarial_example,feasibility,false,false,false,false,,,,0.519318357,0.024066925048828125,0.0,0.0,0.482400919,0.258117081,0.16408935400000002,0.15368080139160156,0.31831156499999996,0.22428383799999996,0.034599373,9626,178,178,0,3968,0,1587,621,3272,2997,0,0,3,4804,4711,93,3272,1439,0,1757,95,1162,4581,,543,0,
359,INFEASIBLE,certified_no_adversarial_example,feasibility,false,false,false,false,,,,1.653851706,1.0484862327575684,,0.0,0.593063714,0.345592222,0.21937805299999996,0.20718932151794434,0.37368566100000006,0.24747149200000002,1.058424164,9626,199,199,0,4017,0,1572,653,3185,4815,0,0,3,4804,4701,103,3185,1516,0,1778,106,1204,4654,,1291,0,
360,OPTIMAL,adversarial_example_found_or_best_known,feasibility,true,true,true,true,8.881784197001252e-15,-12.303431265916679;-10.653850588605339;-9.283956420314782;-5.350652375765883;3.5312116691621442;-6.5613525543156435;-13.604555924190887;-6.956625046363289;-2.1952815037958477;3.5312116691621354,0.0;0.0;0.0;0.0;0.0;0.0;0.0;0.0;0.0;0.0;0.0;0.0;0.0;0.0;0.0;0.0;0.0;0.0;0.0;0.0;0.0;0.0;0.0;0.0;0.0;0.0;0.0;0.0;0.1;0.0;0.0;0.1;0.0;0.0;0.0;0.0;0.0;0.1;0.0;0.0;0.0;0.1;0.1;0.1;0.0;0.0;0.0;0.0;0.0;0.0;0.0;0.0;0.0;0.1;0.1;0.0;0.0;0.0;0.0;0.0;0.0;0.0;0.0;0.0;0.0;0.1;0.0;0.0;0.0;0.0;0.0;0.1;0.1;0.1;0.1;0.1;0.04205286493902284;0.0;0.0;0.0;0.0;0.0;0.0;0.0;0.1;0.0;0.0;0.0;0.1;0.0;0.0;0.0;0.0;0.0;0.0;0.0;0.0;0.0;0.0;0.1;0.1;0.1;0.1;0.1;0.0;0.0;0.0;0.1;0.0;0.0;0.0;0.0;0.0;0.0;0.0;0.0;0.0;0.0;0.0;0.0;0.0;0.1;0.0;0.0;0.0;0.0;0.0;0.1;0.1;0.1;0.1;0.1;0.1;0.0;0.0;0.0;0.0;0.0;0.1;0.0;0.0;0.1;0.0;0.0;0.0;0.0;0.0;0.0;0.0;0.0;0.0;0.1;0.0;0.0;0.0;0.0;0.1;0.1;0.1;0.1;0.1;0.1;0.0984094627081941;0.0;0.1;0.1;0.1;0.0;0.1;0.0;0.0;0.0;0.0;0.0;0.0;0.0;0.0;0.0;0.0;0.1;0.0;0.0;0.0;0.0;0.0;0.0;0.1;0.1;0.1;0.1;0.1;0.0;0.0;0.1;0.1;0.0;0.1;0.08207760718276305;0.0;0.0;0.0;0.0;0.0;0.0;0.0;0.1;0.2019607843137255;0.49215686274509807;0.8756753677839919;0.8686274509803922;0.692156862745098;0.1;0.1;0.0;0.1;0.0;0.0;0.0;0.1;0.0;0.1;0.1;0.1;0.0;0.1;0.1;0.0;0.0;0.0;0.0;0.0;0.0;0.0;0.3392156862745098;0.7156862745098039;0.8921568627450981;1.0;0.8921568627450981;1.0;0.6490196078431373;0.0;0.0;0.0;0.0;0.0;0.0;0.1;0.0;0.0;0.1;0.1;0.0;0.1;0.1;0.1;0.0;0.0;0.1;0.0;0.1;0.0019607843137254832;0.9588235294117646;0.8921568627450981;0.884313725490196;0.8893750399058887;1.0;0.8921568627450981;0.8921568627450981;0.14359375189237536;0.1;0.1;0.0;0.0;0.0;0.1;0.1;0.1;0.1;0.037402064879242164;0.0;0.1;0.1;0.1;0.0;0.0;0.1;0.0;0.0;0.7431372549019608;1.0;0.884313725490196;0.37058823529411766;0.09313247931079117;0.12745098039215685;0.8921568627450981;1.0;0.38627450980392153;0.1;0.1;0.0;0.0;0.0;0.0;0.1;0.1;0.1;0.1;0.0;0.1;0.1;0.1;0.1;0.0;0.0;0.0;0.2667180728932343;0.8921568627450981;0.8921568627450981;0.39195002371930165;0.1;0.1;0.0;0.6176470588235294;0.8921568627450981;0.711764705882353;0.1;0.0;0.1;0.0;0.0;0.0;0.1;0.0;0.1;0.0;0.1;0.1;0.1;0.1;0.0;0.0;0.0;0.11960784313725491;0.7431372549019608;0.884313725490196;0.3784313725490196;0.10082107378438512;0.0;0.0;0.1;0.7352941176470588;1.0;0.5980392156862745;0.1;0.1;0.0;0.0;0.0;0.0;0.1;0.1;0.1;0.0;0.1;0.1;0.1;0.1;0.1;0.1;0.0;0.6046755460199876;1.0;0.6333333333333333;0.0;0.0;0.0;0.1;0.0;0.7352941176470588;0.8921568627450981;0.5862745098039216;0.1;0.1;0.10784313725490197;0.11568627450980393;0.11568627450980393;0.11568627450980393;0.2768773127261793;0.10180460161213523;0.0;0.0;0.0;0.0;0.1;0.1;0.1;0.0;0.04901960784313725;0.8921568627450981;0.884313725490196;0.1549019607843137;0.0;0.0;0.1;0.1;0.0;0.8647058823529411;1.0;0.8058823529411765;0.884313725490196;0.6843137254901961;0.884313725490196;0.8921568627450981;0.8921568627450981;0.8921568627450981;0.8921568627450981;0.7352941176470588;0.0;0.0;0.1;0.1;0.0;0.0;0.1;0.0;0.10282310323338907;0.27254901960784317;0.24841094782631234;0.0;0.0;0.18627450980392157;0.4490196078431372;0.7549019607843137;1.0;1.0;1.0;0.8921568627450981;0.8921568627450981;0.8921568627450981;0.8921568627450981;0.8921568627450981;0.8921568627450981;0.8921568627450981;0.8921568627450981;0.8921568627450981;0.0;0.0;0.0;0.0;0.0;0.0;0.1;0.1;0.0;0.4411764705882353;0.5588235294117647;0.5588235294117647;0.6647058823529411;1.0;1.0;1.0;1.0;1.0;1.0;1.0;0.8921568627450981;0.8921568627450981;0.8921568627450981;1.0;1.0;0.8921568627450981;1.0;0.7941176470588236;0.0;0.0;0.0;0.0;0.0;0.0;0.0;0.1;0.652694786977877;0.8921568627450981;0.8921568627450981;0.8921568627450981;0.8921568627450981;0.8921568627450981;0.8921568627450981;0.8921568627450981;0.8921568627450981;0.8818482578162936;0.711764705882353;0.8879563652606283;1.0;0.6176470588235294;0.28823529411764703;0.1557711756677565;0.7945105272625035;0.8921568627450981;0.7945237216327276;0.10615227525113961;0.0;0.1;0.1;0.0;0.0;0.0;0.1;0.0;0.9;0.8607843137254902;0.7862745098039216;0.9862745098039215;0.46862745098039216;0.48251067820185634;0.9313725490196079;0.8568627450980393;0.7784313725490196;0.28431372549019607;0.0;0.09843734368566025;0.1392156862745098;0.09877034500354709;0.11176470588235295;0.22549019607843138;1.0;0.49607843137254903;0.11176470588235295;0.0;0.0;0.0;0.0;0.1;0.1;0.1;0.0;0.0;0.8028488588230006;0.8725490196078431;0.11718576557426551;0.0;0.1774473727495898;0.6843137254901961;0.8450980392156863;0.3901960784313725;0.0;0.1;0.0;0.1;0.0;0.0;0.1823529411764706;0.6372549019607844;0.24589696420071702;0.0;0.1;0.0;0.0;0.0;0.0;0.1;0.1;0.1;0.0;0.0;0.0;0.09746354700030348;0.29607843137254897;0.5274509803921569;0.24509803921568626;0.24901960784313723;0.23725490196078433;0.0;0.1;0.0;0.0;0.0;0.0;0.1;0.0;0.0;0.0;0.0;0.0;0.0;0.0;0.0;0.0;0.1;0.1;0.0;0.0;0.0;0.0;0.1;0.1;0.0;0.0;0.0;0.0;0.0;0.0;0.0;0.1;0.0;0.1;0.0;0.0;0.1;0.0;0.0;0.0;0.0;0.016673671501701;0.0;0.1;0.1;0.1;0.1;0.0;0.0;0.0;0.1;0.1;0.1;0.0;0.0;0.0;0.0;0.1;0.1;0.0;0.0;0.0;0.0;0.0;0.0;0.0;0.0;0.0;0.0;0.0;0.0;0.1;0.0;0.1;0.0;0.0;0.0;0.0;0.0;0.1;0.0;0.0;0.1;0.1;0.1;0.0;0.1;0.0;0.02723045827802725;0.0;0.0;0.1;0.0;0.0;0.1;0.0;0.1;0.0;0.0;0.0;0.0;0.1;0.1;0.0;0.0;0.0;0.0;0.1;0.1;0.0;0.0;0.0;0.1;0.1;0.1;0.0;0.0;0.0;0.0;0.1;0.0;0.0;0.0;0.0;0.0;0.0;0.0;0.1;0.1;0.1;0.0;0.1;0.0;0.0;0.0;0.1;0.0;0.0;0.1;0.0;0.0;0.1;0.1;0.0;0.0;0.0;0.0;0.0;0.0;0.0;0.0;0.0;0.0;0.0;0.0;0.0;0.0;0.1;0.1;0.0;0.0;0.0;0.0;0.1;0.1;0.0;0.0;0.1;0.1;0.1;0.1;0.0;0.0;0.0;0.0;0.0;0.0;0.0;0.0;0.0;0.0;0.0;0.0;0.1;0.1;0.0;0.0;0.0;0.0;0.0;0.0;0.0;0.1;0.0;0.0;0.0;0.0;0.1;0.0;0.0;0.0;0.0;0.0;0.1;0.0;0.0;0.0;0.1;0.0;0.0;0.0;0.0,1.727900436,1.080000638961792,0.0,0.0,0.632396768,0.376551377,0.24785351,0.2354884147644043,0.384543258,0.255845391,1.090637638,9626,198,198,0,4068,0,1575,673,3112,5396,0,0,3,4804,4679,125,3112,1567,0,1818,125,1285,4796,1,12087,,0.0
361,INFEASIBLE,certified_no_adversarial_example,feasibility,false,false,false,false,,,,0.711488727,0.026496171951293945,0.0,0.0,0.672694848,0.42285209199999996,0.216990991,0.2045128345489502,0.45570385700000005,0.24984275600000005,0.036461699,9626,174,174,0,4055,0,1587,683,3127,4771,0,0,3,4804,4693,111,3127,1566,0,1794,114,1236,4710,,603,0,
362,INFEASIBLE,certified_no_adversarial_example,feasibility,false,false,false,false,,,,0.708053604,0.030033588409423828,0.0,0.0,0.634693574,0.379745957,0.256585214,0.24339628219604492,0.37810836000000003,0.254947617,0.070979809,9626,220,220,0,4062,0,1563,657,3124,5592,0,0,3,4804,4671,133,3124,1547,0,1837,135,1322,4861,,615,0,
363,INFEASIBLE,certified_no_adversarial_example,feasibility,false,false,false,false,,,,0.64571587,0.02095794677734375,0.0,0.0,0.611484982,0.355349009,0.23914625899999997,0.22622966766357422,0.37233872300000004,0.256135973,0.031783193,9626,194,194,0,4054,0,1578,691,3109,5550,0,0,3,4804,4676,128,3109,1567,0,1828,131,1304,4829,,506,0,
364,INFEASIBLE,certified_no_adversarial_example,feasibility,false,false,false,false,,,,0.643089104,0.026190519332885742,0.0,0.0,0.604254991,0.334806513,0.22904033899999998,0.2164320945739746,0.37521465200000004,0.26944847800000005,0.036388855,9626,201,201,0,4025,0,1574,667,3159,4721,0,0,3,4804,4685,119,3159,1526,0,1809,121,1266,4763,,575,0,
365,INFEASIBLE,certified_no_adversarial_example,feasibility,false,false,false,false,,,,0.833411681,0.03698897361755371,0.0,0.0,0.782879503,0.517285878,0.36481654900000005,0.35003662109375,0.41806295399999993,0.26559362499999994,0.048138755,9626,233,233,0,4067,0,1556,684,3086,6835,0,0,3,4804,4666,138,3086,1580,0,1849,142,1346,4902,,643,0,
366,INFEASIBLE,certified_no_adversarial_example,feasibility,false,false,false,false,,,,0.781871918,0.04156899452209473,0.0,0.0,0.726357359,0.473799368,0.313259298,0.2990684509277344,0.41309806099999996,0.252557991,0.053146963,9626,242,242,0,4046,0,1553,666,3119,7091,0,0,3,4804,4657,147,3119,1538,0,1866,150,1380,4962,,749,0,
367,INFEASIBLE,certified_no_adversarial_example,feasibility,false,false,false,false,,,,0.917264034,0.1622016429901123,0.0,0.0,0.741872814,0.489686936,0.3404732050000001,0.32514452934265137,0.40139960899999994,0.25218587800000003,0.173030657,9626,267,267,0,4063,0,1540,655,3101,7688,0,0,3,4804,4653,151,3101,1552,0,1873,153,1394,4987,,961,0,
368,INFEASIBLE,certified_no_adversarial_example,feasibility,false,false,false,false,,,,0.723640979,0.033628225326538086,0.0,0.0,0.676304874,0.38750791300000004,0.274057666,0.26019906997680664,0.40224720799999997,0.2887969609999999,0.04508158,9626,247,247,0,4055,0,1550,695,3079,5121,0,0,3,4804,4658,146,3079,1579,0,1865,150,1378,4958,,590,0,
369,INFEASIBLE,certified_no_adversarial_example,feasibility,false,false,false,false,,,,0.644345821,0.021720170974731445,0.0,0.0,0.610326971,0.33108610499999996,0.22731339,0.21471261978149414,0.383013581,0.27924086600000003,0.031649054,9626,196,196,0,4030,0,1577,660,3163,4795,0,0,3,4804,4688,116,3163,1525,0,1803,118,1254,4742,,469,0,
370,INFEASIBLE,certified_no_adversarial_example,feasibility,false,false,false,false,,,,0.732695422,0.028515338897705078,0.0,0.0,0.690024981,0.431740418,0.29614404599999994,0.2810077667236328,0.39388093500000004,0.25828456299999997,0.040313285,9626,246,246,0,4040,0,1550,670,3120,6831,0,0,3,4804,4654,150,3120,1534,0,1873,154,1394,4986,,526,0,
371,INFEASIBLE,certified_no_adversarial_example,feasibility,false,false,false,false,,,,0.565209959,0.02593994140625,0.0,0.0,0.528677162,0.269604481,0.17293014900000003,0.16299867630004883,0.355747013,0.259072681,0.034189794,9626,138,138,0,4003,0,1607,657,3221,3119,0,0,3,4804,4732,72,3221,1511,0,1716,75,1080,4437,,596,0,
372,INFEASIBLE,certified_no_adversarial_example,feasibility,false,false,false,false,,,,1.116379034,0.02774953842163086,0.0,0.0,1.076081795,0.283390264,0.17900856699999998,0.16735172271728516,0.8970732279999999,0.7926915309999999,0.037845176,9626,171,171,0,4052,0,1584,681,3138,4263,0,0,3,4804,4701,103,3138,1563,0,1777,105,1202,4651,,740,0,
373,INFEASIBLE,certified_no_adversarial_example,feasibility,false,false,false,false,,,,0.919337102,0.03655529022216797,0.0,0.0,0.867650394,0.588710537,0.44629564600000005,0.429673433303833,0.42135474799999995,0.278939857,0.049151482,9626,282,282,0,4063,0,1530,681,3070,9113,0,0,3,4804,4638,166,3070,1568,0,1903,168,1454,5092,,645,0,
374,INFEASIBLE,certified_no_adversarial_example,feasibility,false,false,false,false,,,,0.801973102,0.03238558769226074,0.0,0.0,0.750306413,0.474926766,0.326050965,0.3108961582183838,0.424255448,0.275379647,0.0492575,9626,240,240,0,4090,0,1555,672,3069,7490,0,0,3,4804,4655,149,3069,1586,0,1873,155,1394,4985,,560,0,
375,INFEASIBLE,certified_no_adversarial_example,feasibility,false,false,false,false,,,,0.809564369,0.03094029426574707,0.0,0.0,0.762724916,0.487640069,0.34867717200000004,0.333388090133667,0.414047744,0.275084847,0.044429228,9626,259,259,0,4058,0,1547,663,3099,7848,0,0,3,4804,4640,164,3099,1541,0,1901,168,1450,5084,,548,0,
376,INFEASIBLE,certified_no_adversarial_example,feasibility,false,false,false,false,,,,0.833615275,0.026846647262573242,0.0,0.0,0.792377032,0.455073514,0.32376747,0.3091158866882324,0.468609562,0.33730351799999997,0.038832096,9626,246,246,0,4059,0,1548,675,3098,6584,0,0,3,4804,4660,144,3098,1562,0,1861,148,1370,4944,,527,0,
377,SKIPPED_PREDICTED_IN_TARGETED,adversarial_example_found_or_best_known,feasibility,true,true,true,true,0.7384724000999636,-11.31621937437328;-9.62066281841146;-9.93916838203988;-4.053343232921428;5.287578958346149;-6.463668344440133;-15.955117081606602;-3.185804291541266;-5.4249607126192725;6.026051358446113,0.0;0.0;0.0;0.0;0.0;0.0;0.0;0.0;0.0;0.0;0.0;0.0;0.0;0.0;0.0;0.0;0.0;0.0;0.0;0.0;0.0;0.0;0.0;0.0;0.0;0.0;0.0;0.0;0.0;0.0;0.0;0.0;0.0;0.0;0.0;0.0;0.0;0.0;0.0;0.0;0.0;0.0;0.0;0.0;0.0;0.0;0.0;0.0;0.0;0.0;0.0;0.0;0.0;0.0;0.0;0.0;0.0;0.0;0.0;0.0;0.0;0.0;0.0;0.0;0.0;0.0;0.0;0.0;0.0;0.0;0.0;0.0;0.0;0.0;0.0;0.0;0.0;0.0;0.0;0.0;0.0;0.0;0.0;0.0;0.0;0.0;0.0;0.0;0.0;0.0;0.0;0.0;0.0;0.0;0.0;0.0;0.0;0.0;0.0;0.0;0.0;0.0;0.0;0.0;0.0;0.0;0.0;0.0;0.0;0.0;0.0;0.0;0.0;0.0;0.0;0.0;0.0;0.0;0.0;0.0;0.0;0.0;0.0;0.0;0.0;0.0;0.0;0.0;0.0;0.0;0.0;0.0;0.0;0.0;0.0;0.0;0.0;0.0;0.0;0.0;0.0;0.0;0.0;0.0;0.0;0.0;0.0;0.0;0.0;0.0;0.0;0.0;0.0;0.0;0.0;0.0;0.0;0.0;0.0;0.0;0.0;0.0;0.0;0.0;0.0;0.0;0.0;0.0;0.0;0.0;0.0;0.0;0.0;0.0;0.0;0.0;0.0;0.0;0.0;0.0;0.0;0.0;0.0;0.0;0.0;0.0;0.0;0.0;0.0;0.0;0.0;0.0;0.0;0.0;0.0;0.0;0.0;0.0;0.0;0.0;0.0;0.0;0.0;0.0;0.0;0.0;0.0;0.0;0.0;0.0;0.0;0.0;0.0;0.0;0.0;0.0;0.0;0.0;0.0;0.0;0.0;0.0;0.0;0.0;0.0;0.0;0.0;0.0;0.0;0.0;0.0;0.0;0.0;0.0;0.0;0.0;0.0;0.0;0.08627450980392157;0.08235294117647059;0.0;0.0;0.0;0.0;0.0;0.0;0.0;0.0;0.0;0.0;0.0;0.0;0.0;0.0;0.0;0.0;0.0;0.0;0.0;0.0;0.0;0.0;0.0;0.0;0.4470588235294118;0.6941176470588235;0.9490196078431372;0.9372549019607843;0.1411764705882353;0.0;0.0;0.0;0.0;0.0;0.0;0.0;0.0;0.0;0.0;0.0;0.0;0.0;0.0;0.0;0.0;0.0;0.0;0.0;0.0;0.023529411764705882;0.44313725490196076;0.5882352941176471;0.984313725490196;0.996078431372549;0.996078431372549;0.9137254901960784;0.12156862745098039;0.0;0.0;0.0;0.0;0.0;0.0;0.0;0.0;0.0;0.0;0.0;0.0;0.0;0.0;0.0;0.0;0.0;0.0;0.09411764705882353;0.3058823529411765;0.7647058823529411;0.996078431372549;0.996078431372549;0.984313725490196;0.8117647058823529;0.996078431372549;0.996078431372549;0.20392156862745098;0.0;0.0;0.0;0.0;0.0;0.0;0.0;0.0;0.0;0.0;0.0;0.0;0.0;0.0;0.0;0.0;0.0;0.25098039215686274;0.807843137254902;1.0;0.996078431372549;0.9803921568627451;0.8588235294117647;0.3686274509803922;0.1411764705882353;0.9294117647058824;0.996078431372549;0.20392156862745098;0.0;0.0;0.0;0.0;0.0;0.0;0.0;0.0;0.0;0.0;0.0;0.0;0.0;0.0;0.0;0.0;0.0;0.07450980392156863;0.5333333333333333;0.403921568627451;0.38823529411764707;0.03137254901960784;0.0;0.0;0.0;0.8392156862745098;0.996078431372549;0.28627450980392155;0.0;0.0;0.0;0.0;0.0;0.0;0.0;0.0;0.0;0.0;0.0;0.0;0.0;0.0;0.0;0.0;0.0;0.0;0.0;0.0;0.0;0.0;0.0;0.0;0.0;0.8392156862745098;0.996078431372549;0.28627450980392155;0.0;0.0;0.0;0.0;0.0;0.0;0.0;0.0;0.0;0.0;0.0;0.0;0.0;0.0;0.0;0.0;0.0;0.17647058823529413;0.5725490196078431;0.5725490196078431;0.5725490196078431;0.5725490196078431;0.5725490196078431;0.5725490196078431;0.5725490196078431;0.9294117647058824;0.996078431372549;0.6588235294117647;0.5725490196078431;0.5725490196078431;0.5725490196078431;0.5725490196078431;0.7725490196078432;0.9803921568627451;0.9803921568627451;0.9803921568627451;0.7450980392156863;0.0;0.0;0.0;0.0;0.0;0.0;0.0;0.0;0.9019607843137255;0.996078431372549;0.996078431372549;0.996078431372549;0.996078431372549;0.996078431372549;0.996078431372549;0.996078431372549;0.996078431372549;0.996078431372549;0.996078431372549;0.996078431372549;0.996078431372549;0.996078431372549;0.996078431372549;0.996078431372549;0.996078431372549;0.984313725490196;0.6509803921568628;0.2196078431372549;0.0;0.0;0.0;0.0;0.0;0.0;0.0;0.0;0.5411764705882353;0.8745098039215686;0.8745098039215686;0.8745098039215686;0.8745098039215686;0.8745098039215686;0.8745098039215686;0.8745098039215686;0.9294117647058824;0.996078431372549;0.8980392156862745;0.8745098039215686;0.7333333333333333;0.4196078431372549;0.1843137254901961;0.09803921568627451;0.058823529411764705;0.058823529411764705;0.0;0.0;0.0;0.0;0.0;0.0;0.0;0.0;0.0;0.0;0.0;0.0;0.0;0.0;0.0;0.0;0.0;0.0;0.30196078431372547;0.6901960784313725;0.1411764705882353;0.0;0.0;0.0;0.0;0.0;0.0;0.0;0.0;0.0;0.0;0.0;0.0;0.0;0.0;0.0;0.0;0.0;0.0;0.0;0.0;0.0;0.0;0.0;0.0;0.0;0.0;0.0;0.0;0.0;0.0;0.0;0.0;0.0;0.0;0.0;0.0;0.0;0.0;0.0;0.0;0.0;0.0;0.0;0.0;0.0;0.0;0.0;0.0;0.0;0.0;0.0;0.0;0.0;0.0;0.0;0.0;0.0;0.0;0.0;0.0;0.0;0.0;0.0;0.0;0.0;0.0;0.0;0.0;0.0;0.0;0.0;0.0;0.0;0.0;0.0;0.0;0.0;0.0;0.0;0.0;0.0;0.0;0.0;0.0;0.0;0.0;0.0;0.0;0.0;0.0;0.0;0.0;0.0;0.0;0.0;0.0;0.0;0.0;0.0;0.0;0.0;0.0;0.0;0.0;0.0;0.0;0.0;0.0;0.0;0.0;0.0;0.0;0.0;0.0;0.0;0.0;0.0;0.0;0.0;0.0;0.0;0.0;0.0;0.0;0.0;0.0;0.0;0.0;0.0;0.0;0.0;0.0;0.0;0.0;0.0;0.0;0.0;0.0;0.0;0.0;0.0;0.0;0.0;0.0;0.0;0.0;0.0;0.0;0.0;0.0;0.0;0.0;0.0;0.0;0.0;0.0;0.0;0.0;0.0;0.0;0.0;0.0;0.0;0.0;0.0;0.0;0.0;0.0;0.0;0.0;0.0;0.0;0.0;0.0;0.0;0.0;0.0;0.0;0.0;0.0;0.0;0.0;0.0;0.0;0.0;0.0;0.0;0.0;0.0;0.0;0.0;0.0;0.0;0.0;0.0;0.0;0.0;0.0;0.0;0.0;0.0;0.0;0.0;0.0;0.0;0.0;0.0;0.0;0.0;0.0;0.0;0.0;0.0;0.0;0.0;0.0;0.0;0.0;0.0;0.0;0.0;0.0;0.0;0.0;0.0;0.0;0.0;0.0;0.0;0.0;0.0;0.0;0.0;0.0;0.0;0.0;0.0;0.0;0.0;0.0;0.0;0.0;0.0;0.0;0.0;0.0;0.0;0.0;0.0;0.0;0.0;0.0;0.0;0.0;0.0;0.0;0.0;0.0;0.0;0.0;0.0;0.0;0.0,0.00442261,0.0,0.0,0.0,,,,,,,,,,,,,,,,,,,,,,,,,,,,,,,,,,
378,INFEASIBLE,certified_no_adversarial_example,feasibility,false,false,false,false,,,,0.568073442,0.022194862365722656,0.0,0.0,0.534896968,0.271749792,0.16887615800000003,0.15837621688842773,0.36602081,0.263147176,0.030996791,9626,164,164,0,3978,0,1595,640,3249,3546,0,0,3,4804,4711,93,3249,1462,0,1757,95,1162,4581,,511,0,
379,INFEASIBLE,certified_no_adversarial_example,feasibility,false,false,false,false,,,,0.505432513,0.018330097198486328,0.0,0.0,0.475991217,0.253354343,0.15829475000000004,0.14824724197387695,0.317696467,0.22263687400000004,0.027108862,9626,145,145,0,3985,0,1604,641,3251,3489,0,0,3,4804,4717,87,3251,1466,0,1747,91,1142,4545,,449,0,
380,INFEASIBLE,certified_no_adversarial_example,feasibility,false,false,false,false,,,,0.623248267,0.019869565963745117,0.0,0.0,0.591476485,0.325721569,0.21283614499999998,0.20091867446899414,0.3786403400000001,0.26575491600000006,0.029363773,9626,185,185,0,4034,0,1580,663,3164,4922,0,0,3,4804,4696,108,3164,1532,0,1784,108,1217,4677,,539,0,
381,INFEASIBLE,certified_no_adversarial_example,feasibility,false,false,false,false,,,,0.721134249,0.018489360809326172,0.0,0.0,0.689424823,0.428518014,0.273348657,0.2591233253479004,0.41607616599999997,0.26090680899999996,0.029341422,9626,209,209,0,4076,0,1569,703,3069,6361,0,0,3,4804,4669,135,3069,1600,0,1838,135,1325,4866,,511,0,
382,SKIPPED_PREDICTED_IN_TARGETED,adversarial_example_found_or_best_known,feasibility,true,true,true,true,0.8035999846533031,-6.5366797110128925;-7.846000956749322;0.9836872109167376;3.146723197789054;-8.79486037981519;-6.480337466701446;-13.181225210672011;3.9503231824423573;-5.19205743912975;-3.8832690527601956,0.0;0.0;0.0;0.0;0.0;0.0;0.0;0.0;0.0;0.0;0.0;0.0;0.0;0.0;0.0;0.0;0.0;0.0;0.0;0.0;0.0;0.0;0.0;0.0;0.0;0.0;0.0;0.0;0.0;0.0;0.0;0.0;0.0;0.0;0.0;0.0;0.0;0.0;0.0;0.0;0.0;0.0;0.0;0.0;0.0;0.0;0.0;0.0;0.0;0.0;0.0;0.0;0.0;0.0;0.0;0.0;0.0;0.0;0.0;0.0;0.0;0.0;0.0;0.0;0.29411764705882354;0.7764705882352941;0.16470588235294117;0.0;0.0;0.0;0.0;0.0;0.0;0.0;0.0;0.0;0.0;0.0;0.0;0.0;0.0;0.0;0.0;0.0;0.0;0.0;0.0;0.0;0.0;0.0;0.0;0.0;0.8313725490196079;0.996078431372549;0.792156862745098;0.06666666666666667;0.0;0.0;0.0;0.0;0.0;0.0;0.0;0.0;0.0;0.0;0.0;0.0;0.0;0.0;0.0;0.0;0.0;0.0;0.0;0.0;0.0;0.0;0.0;0.0;0.9490196078431372;0.8274509803921568;0.6274509803921569;0.0392156862745098;0.0;0.0;0.0;0.0;0.0;0.0;0.0;0.0;0.0;0.0;0.0;0.0;0.0;0.0;0.0;0.0;0.0;0.0;0.0;0.0;0.0;0.0;0.0;0.08235294117647059;0.9647058823529412;0.7254901960784313;0.0;0.0;0.0;0.0;0.0;0.0;0.0;0.0;0.0;0.0;0.0;0.0;0.0;0.0;0.0;0.0;0.0;0.0;0.0;0.0;0.0;0.0;0.0;0.0;0.0;0.6039215686274509;0.996078431372549;0.5411764705882353;0.0;0.0;0.0;0.0;0.0;0.0;0.0;0.0;0.0;0.0;0.0;0.0;0.0;0.0;0.0;0.0;0.0;0.0;0.0;0.0;0.0;0.0;0.0;0.0;0.0;0.8235294117647058;0.9058823529411765;0.27058823529411763;0.0;0.0;0.0;0.0;0.0;0.0;0.0;0.0;0.0;0.0;0.0;0.0;0.0;0.0;0.0;0.0;0.0;0.0;0.0;0.0;0.0;0.0;0.0;0.0;0.0;0.6627450980392157;0.996078431372549;0.2901960784313726;0.0;0.0;0.0;0.0;0.0;0.0;0.0;0.0;0.0;0.0;0.0;0.0;0.0;0.0;0.0;0.0;0.0;0.0;0.0;0.0;0.0;0.0;0.0;0.0;0.0;0.23137254901960785;0.9803921568627451;0.2235294117647059;0.0;0.0;0.0;0.0;0.0;0.0;0.0;0.0;0.0;0.0;0.0;0.0;0.0;0.0;0.0;0.0;0.0;0.0;0.0;0.0;0.0;0.0;0.0;0.0;0.0;0.23529411764705882;0.9882352941176471;0.24705882352941178;0.0;0.0;0.0;0.0;0.0;0.0;0.0;0.0;0.0;0.0;0.0;0.0;0.0;0.0;0.0;0.0;0.0;0.0;0.0;0.0;0.0;0.0;0.0;0.0;0.0;0.10196078431372549;0.9647058823529412;0.4627450980392157;0.0;0.0;0.0;0.0;0.0;0.0;0.0;0.0;0.0;0.0;0.0;0.3568627450980392;0.050980392156862744;0.0;0.0;0.0;0.0;0.0;0.0;0.0;0.0;0.0;0.0;0.0;0.0;0.0;0.9490196078431372;0.7411764705882353;0.0;0.0;0.0;0.0;0.0;0.0;0.0;0.0;0.0;0.0;0.0;0.611764705882353;0.5686274509803921;0.0;0.0;0.0;0.0;0.0;0.0;0.0;0.0;0.0;0.0;0.0;0.0;0.0;0.6274509803921569;0.7411764705882353;0.0;0.0;0.0;0.0;0.0;0.0;0.0;0.0;0.0;0.0;0.2196078431372549;0.9490196078431372;0.7411764705882353;0.0;0.0;0.0;0.0;0.0;0.0;0.0;0.0;0.0;0.0;0.0;0.0;0.0;0.27450980392156865;0.9450980392156862;0.06666666666666667;0.0;0.29411764705882354;0.396078431372549;0.0196078431372549;0.0;0.0;0.0;0.0;0.0;0.5607843137254902;0.996078431372549;0.5843137254901961;0.0;0.0;0.0;0.0;0.0;0.0;0.0;0.0;0.0;0.0;0.0;0.0;0.0;0.27450980392156865;0.996078431372549;0.23529411764705882;0.023529411764705882;0.8941176470588236;0.996078431372549;0.6392156862745098;0.07450980392156863;0.0;0.0;0.0;0.10196078431372549;0.9450980392156862;0.996078431372549;0.28627450980392155;0.0;0.0;0.0;0.0;0.0;0.0;0.0;0.0;0.0;0.0;0.0;0.0;0.0;0.06666666666666667;0.9215686274509803;0.5647058823529412;0.14901960784313725;0.9568627450980393;0.996078431372549;0.9686274509803922;0.5843137254901961;0.01568627450980392;0.0;0.0;0.4549019607843137;0.996078431372549;0.8313725490196079;0.16470588235294117;0.0;0.0;0.0;0.0;0.0;0.0;0.0;0.0;0.0;0.0;0.0;0.0;0.0;0.0;0.4588235294117647;0.9372549019607843;0.6862745098039216;0.996078431372549;0.8196078431372549;0.28627450980392155;0.8784313725490196;0.28627450980392155;0.0;0.043137254901960784;0.8588235294117647;0.996078431372549;0.6078431372549019;0.0;0.0;0.0;0.0;0.0;0.0;0.0;0.0;0.0;0.0;0.0;0.0;0.0;0.0;0.0;0.1568627450980392;0.8313725490196079;0.996078431372549;0.996078431372549;0.9254901960784314;0.09411764705882353;0.6823529411764706;0.9607843137254902;0.16470588235294117;0.3686274509803922;0.996078431372549;0.996078431372549;0.47843137254901963;0.0;0.0;0.0;0.0;0.0;0.0;0.0;0.0;0.0;0.0;0.0;0.0;0.0;0.0;0.0;0.0;0.24705882352941178;0.7176470588235294;0.9294117647058824;0.4117647058823529;0.0;0.047058823529411764;0.7411764705882353;0.8666666666666667;0.9372549019607843;0.996078431372549;0.9372549019607843;0.0784313725490196;0.0;0.0;0.0;0.0;0.0;0.0;0.0;0.0;0.0;0.0;0.0;0.0;0.0;0.0;0.0;0.0;0.0;0.44313725490196076;0.9882352941176471;0.35294117647058826;0.0;0.0;0.19215686274509805;0.6823529411764706;1.0;0.9686274509803922;0.3843137254901961;0.0;0.0;0.0;0.0;0.0;0.0;0.0;0.0;0.0;0.0;0.0;0.0;0.0;0.0;0.0;0.0;0.0;0.0;0.07450980392156863;0.2627450980392157;0.0;0.0;0.0;0.0;0.08235294117647059;0.8901960784313725;0.6;0.0;0.0;0.0;0.0;0.0;0.0;0.0;0.0;0.0;0.0;0.0;0.0;0.0;0.0;0.0;0.0;0.0;0.0;0.0;0.0;0.0;0.0;0.0;0.0;0.0;0.0;0.0;0.0;0.0;0.0;0.0;0.0;0.0;0.0;0.0;0.0;0.0;0.0;0.0;0.0;0.0;0.0;0.0;0.0;0.0;0.0;0.0;0.0;0.0;0.0;0.0;0.0;0.0;0.0;0.0;0.0;0.0;0.0;0.0;0.0;0.0;0.0;0.0;0.0;0.0;0.0;0.0;0.0;0.0;0.0;0.0;0.0;0.0;0.0;0.0;0.0;0.0;0.0;0.0;0.0;0.0;0.0;0.0;0.0;0.0;0.0;0.0;0.0;0.0;0.0;0.0;0.0;0.0;0.0;0.0;0.0;0.0;0.0;0.0;0.0;0.0;0.0;0.0;0.0;0.0;0.0;0.0;0.0;0.0;0.0;0.0;0.0;0.0;0.0;0.0;0.0;0.0;0.0;0.0;0.0;0.0;0.0;0.0;0.0;0.0;0.0;0.0;0.0;0.0;0.0;0.0;0.0;0.0;0.0;0.0;0.0;0.0;0.0;0.0;0.0;0.0;0.0;0.0;0.0;0.0;0.0;0.0;0.0;0.0;0.0;0.0;0.0;0.0;0.0;0.0;0.0;0.0;0.0;0.0;0.0;0.0;0.0;0.0;0.0;0.0;0.0;0.0;0.0;0.0;0.0;0.0;0.0;0.0;0.0;0.0;0.0,0.004536881,0.0,0.0,0.0,,,,,,,,,,,,,,,,,,,,,,,,,,,,,,,,,,
383,INFEASIBLE,certified_no_adversarial_example,feasibility,false,false,false,false,,,,0.568921819,0.027556180953979492,0.0,0.0,0.530551418,0.272294027,0.173589066,0.16331005096435547,0.35696235200000004,0.25825739100000006,0.036099941,9626,143,143,0,4057,0,1604,683,3139,3092,0,0,3,4804,4725,79,3139,1586,0,1730,82,1108,4486,,627,0,
384,INFEASIBLE,certified_no_adversarial_example,feasibility,false,false,false,false,,,,0.598971445,0.024531841278076172,0.0,0.0,0.563027075,0.332065372,0.19173891599999998,0.18018674850463867,0.37128815900000006,0.23096170300000002,0.033511448,9626,184,184,0,3992,0,1583,648,3219,3674,0,0,3,4804,4712,92,3219,1493,0,1755,94,1158,4574,,616,0,
385,INFEASIBLE,certified_no_adversarial_example,feasibility,false,false,false,false,,,,0.778137006,0.02647113800048828,0.0,0.0,0.737483814,0.484423301,0.33624060600000005,0.32105255126953125,0.4012432079999999,0.253060513,0.038256446,9626,239,239,0,4085,0,1554,677,3071,7882,0,0,3,4804,4642,162,3071,1571,0,1892,162,1433,5055,,569,0,
386,INFEASIBLE,certified_no_adversarial_example,feasibility,false,false,false,false,,,,0.538072101,0.022511005401611328,0.0,0.0,0.505076215,0.266816538,0.15879268200000002,0.14908075332641602,0.346283533,0.238259677,0.030722806,9626,149,149,0,3969,0,1601,642,3265,2888,0,0,3,4804,4726,78,3265,1461,0,1728,81,1104,4479,,561,0,
387,INFEASIBLE,certified_no_adversarial_example,feasibility,false,false,false,false,,,,0.604163832,0.02682185173034668,0.0,0.0,0.565619741,0.339378361,0.22391359699999996,0.21174907684326172,0.34170614400000004,0.22624138,0.036160467,9626,200,200,0,4038,0,1574,665,3149,5293,0,0,3,4804,4686,118,3149,1537,0,1807,120,1262,4756,,563,0,
388,INFEASIBLE,certified_no_adversarial_example,feasibility,false,false,false,false,,,,0.830959127,0.04354500770568848,0.0,0.0,0.773919714,0.5123367329999999,0.369261621,0.35450077056884766,0.40465809300000005,0.2615829810000001,0.054813342,9626,257,257,0,4026,0,1544,648,3151,7762,0,0,3,4804,4658,146,3151,1507,0,1865,150,1378,4958,,742,0,
389,INFEASIBLE,certified_no_adversarial_example,feasibility,false,false,false,false,,,,0.643366199,0.03025650978088379,0.0,0.0,0.60167804,0.359789276,0.170993345,0.15997767448425293,0.43068469500000006,0.24188876400000003,0.039338632,9626,169,169,0,3988,0,1591,633,3245,3593,0,0,3,4804,4710,94,3245,1465,0,1759,96,1166,4588,,666,0,
390,INFEASIBLE,certified_no_adversarial_example,feasibility,false,false,false,false,,,,0.957122663,0.014091253280639648,0.0,0.0,0.932346228,0.241516125,0.15044262099999997,0.14008593559265137,0.7819036070000001,0.690830103,0.022343167,9626,147,147,0,4031,0,1601,673,3174,2930,0,0,3,4804,4722,82,3174,1548,0,1735,84,1118,4504,,421,0,
391,INFEASIBLE,certified_no_adversarial_example,feasibility,false,false,false,false,,,,0.782264531,0.026596546173095703,0.0,0.0,0.741474281,0.48704417400000005,0.243962019,0.2310466766357422,0.497512262,0.25443010699999996,0.038320708,9626,211,210,0,4100,0,1571,677,3067,4711,0,0,3,4804,4669,135,3067,1602,0,1843,139,1334,4881,,532,0,
392,INFEASIBLE,certified_no_adversarial_example,feasibility,false,false,false,false,,,,0.765293369,0.14333844184875488,0.0,0.0,0.608516638,0.347113923,0.226194832,0.21346759796142578,0.382321806,0.261402715,0.15434435,9626,193,193,0,4091,0,1579,681,3082,5130,0,0,3,4804,4674,130,3082,1592,0,1831,132,1310,4840,,742,0,
393,INFEASIBLE,certified_no_adversarial_example,feasibility,false,false,false,false,,,,0.751015912,0.029307842254638672,0.0,0.0,0.707693845,0.45149417599999997,0.31044228,0.2966337203979492,0.397251565,0.256199669,0.040984352,9626,240,240,0,4034,0,1553,656,3143,7530,0,0,3,4804,4665,139,3143,1522,0,1849,141,1346,4903,,636,0,
394,INFEASIBLE,certified_no_adversarial_example,feasibility,false,false,false,false,,,,0.604861848,0.017246484756469727,0.0,0.0,0.576301899,0.345922151,0.165080896,0.1548762321472168,0.411221003,0.23037974799999994,0.02630274,9626,154,154,0,3985,0,1600,645,3242,2957,0,0,3,4804,4718,86,3242,1476,0,1744,89,1136,4535,,435,0,
395,INFEASIBLE,certified_no_adversarial_example,feasibility,false,false,false,false,,,,1.039431747,0.20608735084533691,0.0,0.0,0.818532287,0.519454228,0.36913319200000005,0.3528587818145752,0.44939909499999997,0.29907805900000006,0.218473423,9626,278,278,0,4034,0,1534,636,3144,9197,0,0,3,4804,4638,166,3144,1494,0,1903,168,1454,5092,,1160,0,
396,INFEASIBLE,certified_no_adversarial_example,feasibility,false,false,false,false,,,,0.805068915,0.027621030807495117,0.0,0.0,0.762511768,0.49638289399999996,0.357475675,0.34186410903930664,0.405036093,0.266128874,0.040192679,9626,266,266,0,4080,0,1536,674,3070,8368,0,0,3,4804,4642,162,3070,1572,0,1896,165,1440,5067,,524,0,
397,INFEASIBLE,certified_no_adversarial_example,feasibility,false,false,false,false,,,,0.663777611,0.0175626277923584,0.0,0.0,0.63378311,0.379390991,0.239146763,0.2268986701965332,0.39463634699999994,0.25439211899999997,0.027692622,9626,185,185,0,4065,0,1583,664,3129,5618,0,0,3,4804,4685,119,3129,1556,0,1809,121,1266,4763,,472,0,
398,INFEASIBLE,certified_no_adversarial_example,feasibility,false,false,false,false,,,,0.683569067,0.018286943435668945,0.0,0.0,0.652591366,0.378058226,0.266314065,0.2544260025024414,0.386277301,0.27453314,0.028703051,9626,166,166,0,4041,0,1591,690,3138,5632,0,0,3,4804,4685,119,3138,1547,0,1809,121,1266,4763,,456,0,
399,INFEASIBLE,certified_no_adversarial_example,feasibility,false,false,false,false,,,,0.609616882,0.020022869110107422,0.0,0.0,0.577228149,0.318284027,0.19980755200000003,0.18832921981811523,0.37742059699999997,0.25894412199999994,0.029966301,9626,175,175,0,4029,0,1588,670,3164,4086,0,0,3,4804,4698,106,3164,1534,0,1780,106,1209,4663,,502,0,
400,INFEASIBLE,certified_no_adversarial_example,feasibility,false,false,false,false,,,,0.577827058,0.019806861877441406,0.0,0.0,0.545948635,0.279785779,0.183039516,0.17162418365478516,0.362909119,0.266162856,0.029396766,9626,178,178,0,4038,0,1586,679,3145,3365,0,0,3,4804,4701,103,3145,1556,0,1778,106,1204,4654,,489,0,
401,INFEASIBLE,certified_no_adversarial_example,feasibility,false,false,false,false,,,,0.726900908,0.014497756958007812,0.0,0.0,0.698993641,0.40981985,0.29551966800000007,0.2814633846282959,0.403473973,0.28917379100000007,0.025560111,9626,231,231,0,4088,0,1555,672,3080,6477,0,0,3,4804,4662,142,3080,1582,0,1857,146,1362,4930,,169,0,
402,INFEASIBLE,certified_no_adversarial_example,feasibility,false,false,false,false,,,,0.685012788,0.03690075874328613,0.0,0.0,0.635312776,0.386265053,0.26391648599999995,0.2510030269622803,0.3713962900000001,0.249047723,0.047355392,9626,210,210,0,4048,0,1567,665,3136,6490,0,0,3,4804,4672,132,3136,1536,0,1835,134,1318,4854,,751,0,
403,INFEASIBLE,certified_no_adversarial_example,feasibility,false,false,false,false,,,,0.881702068,0.04654240608215332,0.0,0.0,0.820096359,0.5391150360000001,0.379163455,0.3627793788909912,0.440932904,0.2809813229999999,0.059266717,9626,274,274,0,4094,0,1536,702,3020,8629,0,0,3,4804,4624,180,3020,1604,0,1931,182,1510,5190,,754,0,
404,INFEASIBLE,certified_no_adversarial_example,feasibility,false,false,false,false,,,,1.176233341,0.42384958267211914,,0.0,0.738518748,0.46004594899999995,0.32514543900000004,0.3104252815246582,0.4133733089999999,0.278472799,0.43535856,9626,217,217,0,4057,0,1568,664,3120,7692,0,0,3,4804,4651,153,3120,1531,0,1879,157,1406,5007,,1392,0,
405,INFEASIBLE,certified_no_adversarial_example,feasibility,false,false,false,false,,,,0.906565864,0.1661672592163086,0.0,0.0,0.726968217,0.46593926799999996,0.31647144299999996,0.30188441276550293,0.41049677400000006,0.26102894900000007,0.177139533,9626,218,218,0,4051,0,1566,675,3116,7390,0,0,3,4804,4670,134,3116,1554,0,1839,136,1326,4868,,878,0,
406,INFEASIBLE,certified_no_adversarial_example,feasibility,false,false,false,false,,,,1.142494262,0.020038843154907227,0.0,0.0,1.110659406,0.766776664,0.19137329200000003,0.17894744873046875,0.9192861139999999,0.3438827419999999,0.029458506,9626,181,181,0,4071,0,1585,692,3097,3454,0,0,3,4804,4695,109,3097,1598,0,1786,109,1221,4684,,535,0,
407,INFEASIBLE,certified_no_adversarial_example,feasibility,false,false,false,false,,,,1.412552256,0.8010532855987549,,0.0,0.597508749,0.33819496800000004,0.233289609,0.22076821327209473,0.36421913999999994,0.2593137809999999,0.812659668,9626,188,188,0,4122,0,1580,694,3042,5613,0,0,3,4804,4669,135,3042,1627,0,1843,139,1334,4881,,1241,0,
408,INFEASIBLE,certified_no_adversarial_example,feasibility,false,false,false,false,,,,0.617097028,0.022046804428100586,0.0,0.0,0.582279001,0.323824448,0.200873619,0.1892082691192627,0.38140538199999996,0.258454553,0.032300871,9626,181,181,0,4077,0,1585,694,3089,3756,0,0,3,4804,4699,105,3089,1610,0,1781,107,1210,4665,,558,0,
409,INFEASIBLE,certified_no_adversarial_example,feasibility,false,false,false,false,,,,0.804435498,0.03629040718078613,0.0,0.0,0.752997049,0.484044971,0.34031710600000004,0.3253934383392334,0.41267994299999994,0.268952078,0.049025322,9626,245,245,0,4070,0,1554,682,3075,7912,0,0,3,4804,4644,160,3075,1569,0,1892,163,1432,5053,,668,0,
410,INFEASIBLE,certified_no_adversarial_example,feasibility,false,false,false,false,,,,0.563423596,0.012033700942993164,0.0,0.0,0.540995054,0.224032389,0.126328842,0.11736750602722168,0.41466621200000003,0.31696266500000003,0.020067248,9626,117,117,0,3993,0,1617,660,3239,2754,0,0,3,4804,4736,68,3239,1497,0,1704,68,1057,4397,,410,0,
411,INFEASIBLE,certified_no_adversarial_example,feasibility,false,false,false,false,,,,0.553060584,0.017699480056762695,0.0,0.0,0.523693122,0.28427509100000004,0.177123327,0.16602563858032227,0.34656979499999996,0.23941803099999992,0.026961445,9626,170,170,0,4024,0,1590,669,3173,3757,0,0,3,4804,4709,95,3173,1536,0,1761,97,1170,4595,,504,0,
412,INFEASIBLE,certified_no_adversarial_example,feasibility,false,false,false,false,,,,0.551764813,0.018823623657226562,0.0,0.0,0.522579006,0.296240721,0.158792131,0.14916777610778809,0.36378687499999995,0.22633828499999997,0.026905825,9626,145,145,0,4003,0,1603,644,3231,3434,0,0,3,4804,4724,80,3231,1493,0,1728,80,1105,4481,,520,0,
413,INFEASIBLE,certified_no_adversarial_example,feasibility,false,false,false,false,,,,0.609673711,0.04540705680847168,0.0,0.0,0.553211857,0.28239799,0.173850872,0.16272521018981934,0.379360985,0.270813867,0.05422067,9626,161,161,0,4103,0,1592,706,3064,3901,0,0,3,4804,4708,96,3064,1644,0,1760,96,1169,4593,,630,0,
414,INFEASIBLE,certified_no_adversarial_example,feasibility,false,false,false,false,,,,0.582079291,0.03327369689941406,0.0,0.0,0.537281307,0.288739303,0.183167936,0.17215538024902344,0.35411337099999995,0.24854200399999998,0.042444561,9626,164,164,0,4068,0,1595,685,3114,4288,0,0,3,4804,4693,111,3114,1579,0,1793,113,1234,4707,,776,0,
415,INFEASIBLE,certified_no_adversarial_example,feasibility,false,false,false,false,,,,0.84947715,0.15617895126342773,0.0,0.0,0.680928749,0.44755175599999997,0.309926448,0.29723095893859863,0.371002301,0.23337699300000003,0.166233591,9626,209,209,0,4029,0,1570,639,3179,7034,0,0,3,4804,4686,118,3179,1507,0,1807,120,1262,4756,,899,0,
416,INFEASIBLE,certified_no_adversarial_example,feasibility,false,false,false,false,,,,0.564579468,0.02407073974609375,0.0,0.0,0.529214407,0.27509509699999996,0.172733244,0.1614549160003662,0.356481163,0.25411931000000004,0.03297767,9626,168,168,0,4021,0,1590,657,3190,3555,0,0,3,4804,4707,97,3190,1517,0,1762,97,1173,4600,,623,0,
417,INFEASIBLE,certified_no_adversarial_example,feasibility,false,false,false,false,,,,0.46192112,0.01203298568725586,0.0,0.0,0.439952385,0.218398728,0.118937966,0.11036944389343262,0.321014419,0.22155365700000001,0.019649201,9626,127,127,0,3989,0,1613,658,3239,2308,0,0,3,4804,4734,70,3239,1495,0,1708,70,1065,4411,,424,0,
418,INFEASIBLE,certified_no_adversarial_example,feasibility,false,false,false,false,,,,0.698722006,0.045281171798706055,0.0,0.0,0.640779458,0.36475092099999995,0.24786888200000004,0.23456549644470215,0.392910576,0.2760285370000001,0.055636517,9626,223,223,0,4036,0,1560,641,3166,5525,0,0,3,4804,4685,119,3166,1519,0,1811,123,1270,4769,,851,0,
419,INFEASIBLE,certified_no_adversarial_example,feasibility,false,false,false,false,,,,1.37575514,0.027064085006713867,0.0,0.0,0.869205116,0.613221357,0.37960889200000003,0.3635706901550293,0.489596224,0.25598375900000003,0.504206369,9626,263,263,0,4064,0,1538,654,3107,8402,0,0,3,4804,4652,152,3107,1545,0,1876,155,1400,4997,,544,0,
420,INFEASIBLE,certified_no_adversarial_example,feasibility,false,false,false,false,,,,0.603644122,0.04217672348022461,0.0,0.0,0.549704158,0.324405787,0.217809085,0.20643925666809082,0.33189507300000004,0.22529837100000005,0.051634125,9626,189,189,0,3981,0,1582,629,3245,5177,0,0,3,4804,4694,110,3245,1449,0,1792,113,1232,4703,,863,0,
421,INFEASIBLE,certified_no_adversarial_example,feasibility,false,false,false,false,,,,0.74188165,0.10893464088439941,0.0,0.0,0.619073139,0.37324920600000006,0.254945233,0.24177885055541992,0.36412790600000006,0.245823933,0.120515893,9626,215,215,0,4016,0,1569,654,3172,6338,0,0,3,4804,4669,135,3172,1497,0,1843,139,1334,4881,,718,0,
422,INFEASIBLE,certified_no_adversarial_example,feasibility,false,false,false,false,,,,0.801004099,0.04597020149230957,0.0,0.0,0.740453631,0.469277834,0.32712220399999997,0.3128678798675537,0.413331427,0.27117579699999994,0.058220208,9626,262,262,0,4051,0,1541,688,3084,7029,0,0,3,4804,4657,147,3084,1573,0,1869,153,1386,4971,,773,0,
423,INFEASIBLE,certified_no_adversarial_example,feasibility,false,false,false,false,,,,0.717868697,0.021385908126831055,0.0,0.0,0.684194751,0.43129316999999995,0.23036452200000002,0.21818971633911133,0.45383022900000003,0.2529015810000001,0.031282823,9626,185,185,0,4039,0,1578,650,3174,5500,0,0,3,4804,4697,107,3174,1523,0,1786,110,1220,4682,,482,0,
424,INFEASIBLE,certified_no_adversarial_example,feasibility,false,false,false,false,,,,0.652562341,0.01987004280090332,0.0,0.0,0.619188366,0.371267421,0.252182032,0.23960614204406738,0.36700633400000005,0.24792094500000006,0.030996066,9626,196,196,0,4048,0,1577,667,3138,5612,0,0,3,4804,4678,126,3138,1540,0,1820,126,1289,4803,,539,0,
425,INFEASIBLE,certified_no_adversarial_example,feasibility,false,false,false,false,,,,0.986275724,0.032998085021972656,0.0,0.0,0.938543879,0.626769542,0.4689060599999998,0.44961118698120117,0.46963781900000023,0.311774337,0.045456064,9626,323,323,0,4075,0,1511,667,3050,9558,0,0,3,4804,4619,185,3050,1569,0,1942,188,1532,5228,,619,0,
426,INFEASIBLE,certified_no_adversarial_example,feasibility,false,false,false,false,,,,0.560140788,0.020639419555664062,0.0,0.0,0.528327197,0.29966453400000004,0.174933336,0.16440987586975098,0.353393861,0.22866266299999993,0.029591016,9626,156,156,0,4055,0,1599,726,3090,3900,0,0,3,4804,4701,103,3090,1611,0,1777,105,1202,4651,,568,0,
427,INFEASIBLE,certified_no_adversarial_example,feasibility,false,false,false,false,,,,0.582566866,0.03255033493041992,0.0,0.0,0.538202518,0.31848713900000003,0.200363071,0.1891028881072998,0.33783944699999996,0.21971537899999993,0.042035944,9626,186,186,0,4018,0,1582,642,3198,5389,0,0,3,4804,4691,113,3198,1493,0,1799,117,1246,4727,,676,0,
428,INFEASIBLE,certified_no_adversarial_example,feasibility,false,false,false,false,,,,0.58965177,0.04547762870788574,0.0,0.0,0.532473896,0.32273270499999995,0.20408426399999996,0.19277071952819824,0.328389632,0.209741191,0.054915453,9626,188,188,0,3983,0,1581,641,3233,4375,0,0,3,4804,4706,98,3233,1473,0,1771,104,1190,4628,,992,0,
429,INFEASIBLE,certified_no_adversarial_example,feasibility,false,false,false,false,,,,0.668061747,0.02268242835998535,0.0,0.0,0.632839472,0.385133649,0.251821703,0.23878192901611328,0.381017769,0.247705823,0.032995131,9626,212,212,0,4042,0,1569,666,3137,5807,0,0,3,4804,4677,127,3137,1540,0,1826,130,1300,4822,,573,0,
430,INFEASIBLE,certified_no_adversarial_example,feasibility,false,false,false,false,,,,0.686831478,0.022533178329467773,0.0,0.0,0.651593375,0.383403657,0.27377579300000005,0.26001667976379395,0.377817582,0.268189718,0.033007932,9626,218,218,0,4056,0,1566,675,3111,6647,0,0,3,4804,4667,137,3111,1556,0,1845,139,1338,4889,,554,0,
431,INFEASIBLE,certified_no_adversarial_example,feasibility,false,false,false,false,,,,0.563722293,0.016216278076171875,0.0,0.0,0.536335994,0.28757066600000003,0.187891672,0.1769413948059082,0.348444322,0.24876532799999995,0.025172389,9626,177,177,0,3984,0,1587,638,3240,3866,0,0,3,4804,4707,97,3240,1467,0,1762,97,1173,4600,,446,0,
432,INFEASIBLE,certified_no_adversarial_example,feasibility,false,false,false,false,,,,1.368740428,0.3242366313934326,0.0,0.0,1.027720887,0.732629996,0.565625949,0.5448944568634033,0.4620949380000001,0.2950908910000001,0.338717497,9626,372,372,0,4065,0,1487,661,3041,11867,0,0,3,4804,4581,223,3041,1540,0,2018,226,1684,5494,,1422,0,
433,INFEASIBLE,certified_no_adversarial_example,feasibility,false,false,false,false,,,,0.55854749,0.017910003662109375,0.0,0.0,0.528953021,0.302859431,0.191413194,0.18021464347839355,0.33753982699999996,0.22609358999999996,0.027337051,9626,190,190,0,4011,0,1580,650,3195,3924,0,0,3,4804,4698,106,3195,1503,0,1784,109,1216,4675,,457,0,
434,INFEASIBLE,certified_no_adversarial_example,feasibility,false,false,false,false,,,,0.843466805,0.037299156188964844,0.0,0.0,0.790886287,0.4195159660000001,0.297116559,0.2831134796142578,0.49376972799999996,0.3713703209999999,0.050294648,9626,219,219,0,4055,0,1566,667,3119,6830,0,0,3,4804,4662,142,3119,1543,0,1855,144,1358,4924,,690,0,
435,INFEASIBLE,certified_no_adversarial_example,feasibility,false,false,false,false,,,,1.087480247,0.03130483627319336,0.0,0.0,1.043448555,0.8050461720000001,0.22402720699999995,0.21239542961120605,0.8194213480000001,0.23840238300000005,0.041583443,9626,172,172,0,4020,0,1591,649,3194,5285,0,0,3,4804,4696,108,3194,1502,0,1789,112,1226,4692,,637,0,
436,INFEASIBLE,certified_no_adversarial_example,feasibility,false,false,false,false,,,,0.533809518,0.028609275817871094,0.0,0.0,0.491801595,0.251449582,0.157374568,0.1472623348236084,0.334427027,0.24035201299999998,0.039673919,9626,145,145,0,4048,0,1602,672,3159,3790,0,0,3,4804,4711,93,3159,1552,0,1759,97,1166,4587,,648,0,
437,INFEASIBLE,certified_no_adversarial_example,feasibility,false,false,false,false,,,,0.72922849,0.03236818313598633,0.0,0.0,0.682252119,0.41262472399999994,0.277311207,0.2633519172668457,0.40494091200000004,0.2696273950000001,0.044540871,9626,216,216,0,4059,0,1561,668,3122,7255,0,0,3,4804,4662,142,3122,1540,0,1856,145,1360,4927,,617,0,
438,INFEASIBLE,certified_no_adversarial_example,feasibility,false,false,false,false,,,,0.717304349,0.03026580810546875,0.0,0.0,0.673606969,0.392951641,0.253498984,0.24076342582702637,0.4201079850000001,0.28065532800000004,0.041278381,9626,188,188,0,4130,0,1581,723,3004,5588,0,0,3,4804,4673,131,3004,1669,0,1833,133,1314,4847,,672,0,
439,INFEASIBLE,certified_no_adversarial_example,feasibility,false,false,false,false,,,,0.708245692,0.031336307525634766,0.0,0.0,0.664319729,0.42526107500000004,0.22962825399999998,0.21737980842590332,0.43469147500000005,0.23905865399999998,0.041605688,9626,191,191,0,4020,0,1579,659,3177,5014,0,0,3,4804,4687,117,3177,1510,0,1802,117,1253,4740,,674,0,
440,INFEASIBLE,certified_no_adversarial_example,feasibility,false,false,false,false,,,,0.682538065,0.024513959884643555,0.0,0.0,0.645665488,0.369235471,0.2517934419999999,0.23818254470825195,0.3938720460000001,0.27643001700000003,0.034512711,9626,215,215,0,4030,0,1569,646,3166,5488,0,0,3,4804,4669,135,3166,1503,0,1841,137,1330,4875,,553,0,
441,INFEASIBLE,certified_no_adversarial_example,feasibility,false,false,false,false,,,,0.795328459,0.040019989013671875,0.0,0.0,0.739984149,0.479151304,0.350258269,0.3356137275695801,0.38972587999999997,0.260832845,0.053115055,9626,260,260,0,4159,0,1546,696,2965,7900,0,0,3,4804,4635,169,2965,1670,0,1912,174,1472,5122,,700,0,
442,INFEASIBLE,certified_no_adversarial_example,feasibility,false,false,false,false,,,,0.751202195,0.02950906753540039,0.0,0.0,0.708536018,0.450074588,0.301995251,0.288907527923584,0.40654076699999997,0.25846143,0.040284764,9626,208,208,0,4065,0,1572,683,3098,6406,0,0,3,4804,4666,138,3098,1568,0,1844,138,1337,4887,,668,0,
443,INFEASIBLE,certified_no_adversarial_example,feasibility,false,false,false,false,,,,0.681572744,0.020618677139282227,0.0,0.0,0.648002336,0.375633694,0.261678623,0.24770689010620117,0.386323713,0.272368642,0.031136574,9626,225,225,0,4070,0,1558,667,3106,5789,0,0,3,4804,4679,125,3106,1573,0,1821,127,1290,4805,,515,0,
444,INFEASIBLE,certified_no_adversarial_example,feasibility,false,false,false,false,,,,1.558600175,0.6570782661437988,,0.0,0.886185737,0.5857348600000001,0.45278793799999995,0.4352579116821289,0.4333977990000001,0.30045087699999995,0.669944163,9626,315,315,0,4021,0,1516,612,3162,9101,0,0,3,4804,4627,177,3162,1465,0,1925,179,1498,5169,,1769,0,
445,OPTIMAL,adversarial_example_found_or_best_known,feasibility,true,true,true,true,-8.881784197001252e-16,-8.55843562072786;-10.806293261579578;4.739235595038042;1.3724898539019763;-16.700507248997198;-10.037088552542155;-14.94493802487198;-2.4689963936666666;4.739235595038041;-5.14577924364189,0.0;0.0;0.0;0.1;0.1;0.0;0.1;0.1;0.1;0.1;0.1;0.0;0.0;0.1;0.1;0.0;0.0;0.1;0.1;0.1;0.1;0.1;0.1;0.1;0.1;0.1;0.1;0.0;0.1;0.0;0.1;0.0;0.0;0.0;0.1;0.0;0.1;0.1;0.1;0.0;0.1;0.1;0.1;0.0;0.1;0.1;0.1;0.1;0.1;0.0;0.1;0.0;0.1;0.1;0.1;0.0;0.0;0.0;0.0;0.0;0.0;0.1;0.1;0.0;0.1;0.1;0.1;0.0;0.0;0.1;0.1;0.0;0.0;0.1;0.1;0.1;0.1;0.1;0.1;0.0;0.0;0.1;0.1;0.0;0.0;0.1;0.0;0.0;0.0;0.0;0.0;0.1;0.1;0.1;0.1;0.0;0.0;0.0;0.0;0.0;0.0;0.0;0.1;0.1;0.1;0.0;0.1;0.0;0.1;0.1;0.1;0.0;0.0;0.1;0.0;0.1;0.1;0.1;0.1;0.1;0.1;0.1;0.1;0.1;0.1;0.1;0.1;0.1;0.0;0.1;0.1;0.1;0.1;0.0;0.0;0.0;0.0;0.1;0.1;0.0;0.0;0.0;0.0;0.1;0.1;0.0;0.1;0.0;0.1;0.1;0.1;0.1;0.1;0.0;0.1;0.1;0.0;0.0;0.1;0.0;0.1;0.0;0.0;0.0;0.0;0.0;0.0;0.1;0.0;0.0;0.0;0.1;0.1;0.0;0.0;0.1;0.1;0.1;0.0;0.1;0.1;0.1;0.0;0.1;0.1;0.0;0.0;0.1;0.24901960784313723;0.5313725490196078;0.5313725490196078;0.37058823529411766;0.10366850200003569;0.1;0.1;0.1;0.0;0.0;0.1;0.0;0.0;0.0;0.1;0.10240543889615374;0.17450980392156865;0.12406628659426508;0.0;0.1;0.0;0.1;0.0;0.1;0.0;0.0;0.0;0.025490196078431365;0.8750628882266418;0.8882352941176471;0.8882352941176471;0.8882352941176471;0.2704516114988113;0.0;0.0;0.1;0.1;0.0;0.0;0.1;0.1;0.1;0.09848630590602346;0.7431372549019608;0.8882352941176471;0.3549019607843137;0.0;0.1;0.1;0.1;0.1;0.1;0.0;0.1;0.09830837810708426;0.7235294117647059;0.8921568627450981;0.8882352941176471;1.0;0.8882352941176471;0.6372549019607843;0.0;0.0;0.1;0.09080164790406908;0.0;0.0;0.1;0.1;0.0;0.10169800821489595;1.0;0.8882352941176471;0.5976202087647995;0.0;0.1;0.0;0.0;0.0;0.0;0.0;0.0;0.5055244344544891;0.8803921568627451;1.0;0.45303689600999464;0.8450980392156863;0.8882352941176471;0.6372549019607843;0.0;0.0;0.1;0.0;0.0;0.0;0.1;0.1;0.0;0.09606454721759176;0.8921568627450981;0.8921568627450981;0.6882352941176471;0.0;0.1;0.1;0.0;0.0;0.1;0.0;0.09215686274509804;0.8137254901960784;0.8921568627450981;0.7196078431372549;0.1;0.8254901960784313;1.0;0.7391513563969001;0.0;0.0;0.1;0.1;0.1;0.0;0.1;0.1;0.1;0.37058823529411766;1.0;0.8850264173688728;0.5823529411764706;0.0;0.1;0.1;0.1;0.0;0.0;0.30000000000000004;0.7947606379699339;0.8882352941176471;0.8058823529411765;0.0;0.0;0.6725490196078432;0.8882352941176471;0.4372549019607843;0.0;0.0;0.1;0.0;0.0;0.0;0.1;0.1;0.12745098039215685;0.6294117647058823;0.8882352941176471;0.20196078431372547;0.025490196078431365;0.0;0.1;0.1;0.1;0.0;0.12745098039215685;0.8294117647058823;0.8882352941176471;0.9901960784313725;0.08823529411764705;0.0986268365538245;0.08431372549019608;0.8882352941176471;1.0;0.11176470588235293;0.1;0.0;0.1;0.1;0.0;0.0;0.0;0.1;0.15479473880774625;1.0;0.9901960784313725;0.17277755408330317;0.0;0.0;0.1;0.1;0.0;0.1;0.2579191751728028;0.8882352941176471;0.8882352941176471;0.5513442521534536;0.0;0.0;0.4427753584015251;0.8882352941176471;1.0;0.18627450980392157;0.1;0.1;0.0;0.0;0.0;0.0;0.1;0.0983685267496543;0.6019607843137255;1.0;0.6176470588235294;0.09810080706203554;0.1;0.1;0.1;0.1;0.1;0.10784313725490197;0.8529411764705882;1.0;0.7666666666666667;0.0;0.0;0.0;0.696078431372549;0.7666666666666667;0.4764705882352941;0.10784313725490197;0.1;0.1;0.1;0.1;0.0;0.1;0.0;0.1;0.44509803921568625;1.0;0.7925843738752709;0.0;0.0;0.0;0.0;0.0;0.12658203940313842;0.8098039215686275;0.9;0.8765959535936766;0.2064999840293785;0.0;0.1;0.10121119277671994;1.0;0.7784313725490196;0.1;0.0;0.0;0.0;0.0;0.0;0.1;0.1;0.1;0.1;0.4411764705882353;1.0;0.7352941176470588;0.1;0.0;0.09938088838806879;0.0;0.0;0.7509803921568627;1.0;0.8764705882352941;0.3941176470588236;0.1;0.09980290026502213;0.1;0.5627450980392157;0.8568627450980393;0.13543551725217287;0.1;0.1;0.0;0.0;0.1;0.1;0.1;0.1;0.1;0.1;0.7711905000160064;1.0;0.2600533692086195;0.1;0.0;0.0;0.0;0.6254901960784314;1.0;0.8882352941176471;0.2771245974892071;0.0;0.1;0.0;0.1;0.10504383296813448;0.1196078431372549;0.1;0.1;0.0;0.0;0.0;0.1;0.0;0.1;0.1;0.1;0.09964420159148095;0.6058823529411765;1.0;0.37058823529411766;0.1;0.0;0.13529411764705884;0.5470588235294118;1.0;1.0;0.3549019607843137;0.0;0.0;0.1;0.0;0.1;0.0;0.0;0.0;0.1;0.1;0.0;0.0;0.1;0.1;0.0;0.1;0.0;0.1;0.8921568627450981;1.0;0.1794206178317822;0.1;0.1;0.4019607843137255;1.0;1.0;0.564586813756674;0.10784313725490197;0.1;0.1;0.0;0.0;0.1;0.0;0.0;0.0;0.1;0.0;0.0;0.0;0.1;0.0;0.0;0.1;0.1;0.0989777799397082;0.6490196078431373;1.0;0.40980392156862744;0.09596244612730295;0.6098039215686275;1.0;1.0;0.5784313725490197;0.1;0.1;0.1;0.1;0.1;0.0;0.1;0.1;0.0;0.0;0.1;0.1;0.0;0.0;0.1;0.0;0.1;0.0;0.1;0.1;0.47756649289535535;1.0;0.7934254924387557;0.6607843137254902;1.0;0.8781978512660717;0.46406612674154796;0.14240113324059359;0.0;0.0;0.1;0.1;0.0;0.0;0.0;0.0;0.0;0.1;0.0;0.0;0.1;0.0;0.1;0.1;0.0;0.1;0.0;0.1;0.08823529411764705;0.7901960784313725;1.0;0.7901960784313725;0.6176470588235294;0.3509803921568627;0.1;0.1;0.1;0.1;0.1;0.1;0.1;0.1;0.0;0.1;0.0;0.0;0.1;0.1;0.0;0.0;0.0;0.1;0.1;0.1;0.0;0.1;0.0;0.10585997711960421;0.20995933212554668;0.10681684984122437;0.0;0.1;0.0;0.1;0.0;0.031382598376229844;0.1;0.1;0.1;0.1;0.0;0.1;0.1;0.1;0.0;0.0;0.08749635218314787;0.0;0.1;0.0;0.1;0.1;0.0;0.0;0.1;0.0;0.1;0.1;0.0;0.0;0.1;0.1;0.0;0.0;0.1;0.1;0.1;0.1;0.0;0.0;0.1;0.1;0.0;0.0;0.0;0.1;0.1;0.1;0.1;0.1;0.0;0.0;0.0;0.1;0.1;0.1;0.0;0.1;0.006747095484463607;0.0;0.1;0.1;0.1;0.1;0.1;0.1;0.0;0.0;0.0;0.1;0.0;0.1;0.1;0.0;0.0;0.0;0.1;0.1;0.0;0.0;0.1;0.1;0.0;0.1;0.0;0.0;0.0;0.1;0.1;0.0;0.1;0.1;0.1;0.1;0.0;0.0;0.0;0.0;0.0;0.0;0.1;0.0;0.0;0.0;0.1;0.0;0.1;0.1;0.0;0.1;0.1;0.1;0.1;0.1;0.0;0.1;0.1;0.1;0.1;0.0;0.1;0.1;0.1;0.0;0.1;0.1;0.0;0.1;0.1;0.1;0.1,6.412046388,5.629611492156982,0.0,0.0,0.766547447,0.517049382,0.3706199409999999,0.3557009696960449,0.3959275060000001,0.24949806500000005,5.640674959,9626,240,240,0,4070,0,1552,669,3095,7898,0,0,3,4804,4654,150,3095,1559,0,1868,150,1385,4971,1,41026,,0.0
446,OPTIMAL,adversarial_example_found_or_best_known,feasibility,true,true,true,true,0.07539344919201962,4.8840130221352664;-24.64070571346421;-8.297604344634747;-10.050328542235205;-4.851396550044063;-2.031125717243566;4.808619572943247;-9.542463441467058;-10.017991727196321;-4.987174461180977,0.0;0.1;0.1;0.0;0.0;0.1;0.1;0.0;0.0;0.1;0.1;0.0;0.1;0.0;0.1;0.0;0.0;0.1;0.1;0.1;0.1;0.0;0.0;0.1;0.1;0.0;0.0;0.1;0.0;0.1;0.0;0.0;0.1;0.1;0.1;0.1;0.1;0.0;0.0;0.0;0.0;0.0;0.0;0.0;0.0;0.0;0.0;0.0;0.1;0.1;0.1;0.1;0.1;0.1;0.0;0.1;0.0;0.1;0.1;0.0;0.0;0.0;0.0;0.1;0.1;0.1;0.1;0.0;0.0;0.0;0.0;0.0;0.0;0.1;0.1;0.0;0.0;0.0;0.1;0.1;0.1;0.0;0.0;0.1;0.1;0.0;0.0;0.0;0.1;0.0;0.0;0.1;0.1;0.1;0.0;0.1;0.0;0.0;0.1;0.1;0.1;0.1;0.1;0.1;0.1;0.0;0.0;0.0;0.0;0.1;0.0;0.1;0.0;0.1;0.0;0.0;0.0;0.0;0.0;0.1;0.1;0.1;0.1;0.1;0.0;0.0;0.0;0.0;0.1;0.1;0.1;0.1;0.1;0.0;0.0;0.1;0.0;0.1;0.0;0.1;0.0;0.0;0.0;0.0;0.1;0.0;0.0;0.0;0.0;0.0;0.0;0.0;0.0;0.0;0.0;0.5941176470588235;0.8960784313725491;0.9;1.0;0.7970471582862414;0.1;0.0;0.0;0.1;0.1;0.0;0.0;0.0;0.1;0.0;0.0;0.0;0.0;0.1;0.1;0.1;0.1;0.0;0.0;0.1;0.0;0.11568627450980393;0.6539510800612263;0.8803921568627451;0.8921568627450981;1.0;0.8921568627450981;1.0;0.5196078431372549;0.24901960784313726;0.0;0.0;0.0;0.1;0.0;0.1;0.0;0.0;0.1;0.0;0.1;0.1;0.1;0.1;0.0;0.1;0.0;0.1643732333790231;0.8411764705882353;1.0;0.8921568627450981;0.6568627450980392;0.8490196078431372;0.9;1.0;0.8921568627450981;0.4725490196078431;0.11568627450980393;0.0;0.1;0.0;0.1;0.1;0.1;0.1;0.0;0.0;0.0;0.0;0.1;0.1;0.1;0.1;0.17058823529411762;0.57608316585206;0.8333333333333333;1.0;0.7000000000000001;0.5431372549019607;0.0;0.09577370004355222;0.19411764705882353;0.8254901960784313;1.0;0.892156862745098;0.033333333333333326;0.0;0.1;0.0;0.1;0.0;0.05769628348518908;0.0;0.0;0.0;0.1;0.1;0.1;0.10370531114597208;0.10218548514167201;0.6372549019607844;0.6529411764705882;0.8450980392156863;0.10690920060180001;0.6333333333333333;0.10392628596746242;0.1;0.1;0.0;0.0;0.17058823529411765;0.7970374901024951;1.0;0.9313725490196079;0.0;0.0;0.1;0.0;0.0;0.0;0.0;0.0;0.0;0.1;0.1;0.1;0.4764705882352941;0.8921568627450981;0.9196078431372549;0.0;0.0;0.10392156862745097;0.7509803921568627;0.7470588235294118;0.1;0.1;0.1;0.0;0.0958174165155981;0.04117647058823529;1.0;0.8215686274509804;0.1;0.1;0.0;0.0;0.0;0.1;0.0;0.0;0.0;0.1;0.1;0.3587862207122344;0.6058823529411765;0.11909888470056897;0.2686274509803922;0.0;0.0;0.10336458283184968;0.303921568627451;0.11712605631894896;0.0;0.1;0.0;0.0;0.0;0.5862745098039216;1.0;1.0;0.1;0.1;0.1;0.08045320142805272;0.0;0.1;0.0;0.0;0.0;0.1;0.1;0.0;0.1;0.0;0.0;0.0;0.0;0.0;0.1;0.1;0.0;0.1;0.1;0.0;0.0;0.9274509803921568;0.8921568627450981;0.8215686274509804;0.09933130229304307;0.1;0.1;0.0;0.0;0.0;0.0;0.0;0.0;0.1;0.1;0.1;0.1;0.1;0.1;0.1;0.2019607843137255;0.6693758347538075;0.5745098039215687;0.0;0.0;0.1;0.0;0.1;0.0;0.7987357755365192;0.8765664261492677;0.3156862745098039;0.0;0.1;0.03834296928220198;0.1;0.0;0.0;0.1;0.0;0.0;0.0;0.0;0.0;0.0;0.1;0.0;0.0;0.692156862745098;0.7470588235294118;0.10006559003640583;0.1;0.1;0.1;0.1;0.0;0.20459375071176142;0.7823529411764706;0.4411764705882353;0.1;0.0;0.1;0.1;0.1;0.0;0.1;0.0;0.1;0.0;0.0;0.0;0.0;0.1;0.0;0.1;0.1;0.692156862745098;0.7509803921568627;0.10332381455362298;0.1;0.0;0.0;0.0;0.1;0.4137254901960784;0.542089902036824;0.25454755320508904;0.1;0.1;0.1;0.0;0.1;0.0;0.1;0.1;0.0;0.1;0.1;0.0;0.0;0.0;0.0;0.0;0.03725490196078432;0.7470588235294118;1.0;0.21960547382187412;0.0;0.0;0.0;0.0;0.303921568627451;0.8764705882352941;0.06862745098039216;0.1;0.1;0.1;0.0;0.0;0.0;0.0;0.1;0.0;0.1;0.1;0.1;0.0;0.0;0.0;0.0;0.0;0.1993199985799718;0.7745098039215687;0.8921568627450981;0.17058823529411762;0.0;0.0;0.0;0.0;0.5936483556904222;0.5862745098039216;0.0;0.0;0.1;0.1;0.0;0.030215306455122954;0.0;0.0;0.0;0.1;0.1;0.1;0.1;0.1;0.1;0.0;0.0;0.0;0.0;0.6686274509803922;0.6019607843137255;0.12745098039215685;0.0;0.0;0.0;0.4254901960784314;0.8803921568627451;0.3784313725490196;0.0;0.0;0.1;0.1;0.0;0.0;0.0;0.0;0.0;0.0;0.0;0.1;0.1;0.0;0.1;0.0;0.0;0.0;0.219955169175832;0.8624448577267984;0.4137254901960784;0.2176298693320303;0.0;0.0;0.6019607843137255;0.8811927035356252;0.7987354794392177;0.13137254901960785;0.0;0.0;0.1;0.0;0.1;0.0;0.1;0.1;0.1;0.0;0.1;0.1;0.1;0.1;0.1;0.0;0.0;0.0;0.5862745098039216;1.0;1.0;0.9431372549019608;0.15098039215686276;0.2411764705882353;1.0;0.5476075886086392;0.033333333333333326;0.0;0.1;0.0;0.0;0.1;0.0;0.0;0.1;0.1;0.1;0.0;0.1;0.1;0.1;0.0;0.1;0.0;0.0;0.0;0.520619917920255;0.8921568627450981;0.8921568627450981;0.8725490196078431;0.7352941176470588;1.0;0.6568627450980392;0.3235294117647059;0.1;0.1;0.1;0.1;0.1;0.1;0.0;0.0;0.0;0.000670924922490922;0.0;0.0;0.1;0.1;0.1;0.1;0.1;0.1;0.0;0.1;0.38627450980392153;0.8921568627450981;1.0;1.0;1.0;1.0;0.09681046990470729;0.1;0.1;0.1;0.1;0.0;0.0;0.0;0.0;0.0;0.0;0.1;0.1;0.0;0.0;0.0;0.0;0.1;0.1;0.1;0.0;0.0;0.3715315289614502;0.8619238295468065;1.0;0.6137254901960785;0.5739491952117369;0.511764705882353;0.11072648079805747;0.0;0.1;0.1;0.1;0.0;0.1;0.0;0.1;0.0;0.1;0.0;0.1;0.1;0.0;0.0;0.0;0.0;0.1;0.1;0.1;0.1;0.0;0.892156862745098;0.6019607843137255;0.0975789970293316;0.0;0.1;0.0;0.0;0.1;0.1;0.0;0.0;0.0;0.0;0.1;0.1;0.0;0.0;0.1;0.0;0.0;0.1;0.0;0.1;0.1;0.0;0.0;0.1;0.0;0.1;0.1;0.0;0.0;0.0;0.0;0.0;0.1;0.1;0.0;0.0;0.1;0.0;0.0;0.0;0.0;0.0;0.1;0.0;0.0;0.0;0.0;0.0;0.1;0.1;0.1;0.1;0.0;0.0;0.1;0.1;0.0;0.0;0.0;0.0;0.1;0.1;0.0;0.1;0.1;0.0;0.0;0.0;0.0;0.0;0.1;0.1;0.0;0.0;0.0;0.0;0.1;0.032672497124724295;0.1;0.1;0.0;0.0;0.1;0.0;0.1;0.0;0.0;0.0;0.0;0.1;0.1;0.0;0.1;0.0;0.1;0.0;0.0;0.0;0.0,7.303070724,6.382108449935913,0.0,0.0,0.903823971,0.632526167,0.468336961,0.45076966285705566,0.43548701,0.27129780400000003,6.394554118,9626,316,316,0,4059,0,1514,657,3080,10431,0,0,3,4804,4621,183,3080,1541,0,1937,185,1522,5211,1,47206,,0.0
447,INFEASIBLE,certified_no_adversarial_example,feasibility,false,false,false,false,,,,0.909307344,0.03859090805053711,0.0,0.0,0.857110803,0.5605151610000001,0.4306901939999999,0.41611456871032715,0.42642060900000006,0.2965956419999999,0.04992326,9626,226,226,0,4093,0,1564,666,3077,8649,0,0,3,4804,4644,160,3077,1567,0,1891,162,1430,5050,,707,0,
448,INFEASIBLE,certified_no_adversarial_example,feasibility,false,false,false,false,,,,0.717450066,0.12340879440307617,0.0,0.0,0.582260677,0.321671767,0.206713081,0.19472670555114746,0.375547596,0.26058890999999995,0.13284338,9626,193,193,0,4069,0,1577,659,3128,4516,0,0,3,4804,4689,115,3128,1561,0,1801,117,1250,4735,,720,0,
449,OPTIMAL,adversarial_example_found_or_best_known,feasibility,true,true,true,true,7.882583474838611e-15,-8.374973840043857;-12.340046888907501;-8.58202537625302;-2.735119461551217;-5.532615131061209;-5.537436140169717;-14.599851040985278;-12.541250322190896;0.14433818217593453;0.14433818217592664,0.1;0.0;0.0;0.1;0.1;0.0;0.0;0.1;0.1;0.0;0.0;0.0;0.0;0.1;0.1;0.1;0.1;0.0;0.0;0.1;0.1;0.0;0.0;0.1;0.1;0.0;0.0;0.1;0.1;0.0;0.0;0.1;0.0;0.0;0.0;0.0;0.0;0.0;0.0;0.0;0.0;0.0;0.0;0.1;0.0;0.0;0.0;0.1;0.0;0.1;0.0;0.1;0.0;0.0;0.0;0.0;0.1;0.1;0.0;0.1;0.1;0.0;0.0;0.1;0.1;0.0;0.0;0.0;0.0;0.1;0.1;0.1;0.1;0.0;0.0;0.1;0.1;0.0;0.0;0.1;0.1;0.0;0.0;0.0;0.1;0.1;0.1;0.1;0.0;0.1;0.0;0.1;0.0;0.1;0.0;0.1;0.0;0.1;0.0;0.1;0.0;0.0;0.0;0.1;0.1;0.0;0.1;0.1;0.1;0.1;0.0;0.0;0.1;0.1;0.1;0.1;0.1;0.0;0.0;0.0;0.0;0.1;0.1;0.1;0.1;0.0;0.0;0.1;0.1;0.0;0.0;0.0;0.1;0.0;0.0;0.1;0.1;0.1;0.0;0.0;0.0;0.0;0.1;0.1;0.1;0.0;0.0;0.0;0.0;0.1;0.0;0.1;0.1;0.1;0.0;0.0;0.0;0.1;0.0;0.1;0.1;0.0;0.0;0.1;0.1;0.1;0.0;0.1;0.1;0.0;0.1;0.0;0.0;0.0;0.0;0.0;0.0;0.1;0.1;0.1;0.1;0.1;0.1;0.0;0.1;0.0;0.0;0.1;0.1;0.1;0.0;0.1;0.1;0.1;0.1;0.0;0.0;0.1;0.0;0.0;0.0;0.1;0.1;0.0;0.1;0.0;0.1;0.0;0.1;0.1;0.0;0.0;0.1;0.0;0.1;0.0;0.0;0.1;0.1;0.0;0.0;0.1;0.0;0.0;0.1;0.0;0.0;0.0;0.0;0.1;0.1;0.0;0.0;0.1;0.1;0.0;0.1;0.1;0.1;0.0;0.0;0.1;0.16666666666666669;0.5117647058823529;0.5117647058823529;0.48039215686274506;0.1;0.0;0.0;0.1;0.1;0.0;0.0;0.0;0.0;0.0;0.1;0.1;0.1;0.1;0.1;0.1;0.1;0.42622356242617265;0.4586899169680882;0.1784313725490196;0.0;0.0;0.1;0.1;0.7156862745098039;1.0;1.0;1.0;0.8730350050394099;0.46254995009609856;0.28823529411764703;0.1;0.0;0.0;0.0;0.0;0.0;0.0;0.1;0.1;0.1;0.0;0.1;0.2411764705882353;0.6411764705882352;1.0;1.0;1.0;0.6372549019607844;0.0;0.0;0.1;0.5274509803921569;0.7352941176470588;0.9549019607843137;1.0;1.0;1.0;0.5823529411764706;0.1;0.0;0.0;0.1;0.1;0.0;0.1;0.1;0.1;0.0;0.23561475287454983;0.8780609744536857;1.0;1.0;0.8921568627450981;1.0;1.0;1.0;0.7862745098039216;0.1;0.1;0.1;0.0;0.19411764705882353;0.5739092706240345;1.0;1.0;0.8818538137035973;0.0;0.0;0.0;0.1;0.0;0.0;0.1;0.1;0.1;0.2450980392156863;0.7078431372549019;0.8921568627450981;1.0;0.9823529411764705;0.7862745098039216;0.7634807643603678;1.0;0.8921568627450981;0.9823529411764705;0.2450980392156863;0.1;0.1;0.1;0.13529411764705884;0.8137254901960784;1.0;1.0;0.48075718247392685;0.1;0.0;0.0;0.0;0.0;0.0;0.1;0.1;0.0;0.7039215686274509;1.0;0.8921568627450981;0.8372549019607843;0.09215686274509804;0.0;0.20980392156862746;1.0;0.8921568627450981;0.793419603483607;0.0;0.0;0.1;0.1392156862745098;0.7196078431372549;1.0;1.0;1.0;0.38235294117647056;0.1;0.0;0.0;0.0;0.0;0.0;0.1;0.1;0.1;1.0;0.8921568627450981;0.5745098039215687;0.12352941176470589;0.1;0.0;0.20980392156862746;1.0;0.9588235294117646;0.1392156862745098;0.15490196078431373;0.4490196078431372;0.8686274509803922;0.896078431372549;1.0;0.8921568627450981;1.0;0.9392156862745098;0.09591306191816995;0.1;0.1;0.0;0.0;0.0;0.0;0.0;0.1;0.5862745098039216;1.0;0.8921568627450981;0.4486598280846437;0.1;0.1;0.1784313725490196;0.4944453866138309;1.0;0.8921568627450981;0.903921568627451;0.876997807699402;1.0;1.0;0.8921568627450981;1.0;1.0;0.8372549019607843;0.12487246015137866;0.0;0.1;0.0;0.0;0.0;0.0;0.0;0.1;0.1;1.0;1.0;0.8019607843137255;0.0;0.0;0.09961960002545696;0.3392156862745098;0.8921568627450981;1.0;0.8921568627450981;0.8921568627450981;0.8921568627450981;0.8921568627450981;0.8921568627450981;1.0;0.8725490196078431;0.8254901960784313;0.1;0.1;0.1;0.1;0.1;0.0;0.0;0.0;0.0;0.0;0.0;1.0;1.0;0.7588235294117647;0.7901960784313725;0.6145716225927847;0.5901960784313726;0.8490196078431372;1.0;0.8921568627450981;1.0;1.0;0.7627450980392158;0.6215686274509804;0.2058823529411765;0.39749838005026594;0.37450980392156863;0.1;0.1;0.1;0.0;0.1;0.0;0.0;0.0;0.0;0.0;0.1;0.1;0.8176470588235294;0.8921568627450981;1.0;1.0;1.0;0.8921568627450981;1.0;0.8450980392156863;0.9392156862745098;0.34705882352941175;0.4294117647058824;0.0990197653241585;0.0;0.0;0.0;0.0;0.0;0.0;0.0;0.0;0.1;0.1;0.0;0.1;0.0;0.1;0.0;0.1;0.20426120003657677;0.8911889527380558;1.0;0.8921568627450981;0.8921568627450981;0.8804412863205461;0.6782843749150519;0.17427638831275388;0.1;0.1;0.0;0.1;0.0;0.0;0.0;0.0;0.0;0.1;0.1;0.1;0.1;0.004246593156444784;0.0;0.1;0.0;0.0;0.0;0.1;0.1;0.09258515004568822;0.6843137254901961;0.7901960784313725;0.7901960784313725;0.3431372549019608;0.1;0.0;0.1;0.1;0.0;0.0;0.0;0.0;0.0;0.0;0.0;0.1;0.1;0.1;0.1;0.1;0.0;0.1;0.1;0.0;0.0;0.0;0.0;0.0;0.1;0.0;0.1;0.1;0.1;0.1;0.1;0.1;0.1;0.1;0.0;0.0;0.0;0.0;0.0;0.1;0.0;0.0;0.0;0.0;0.0;0.1;0.1;0.1;0.1;0.1;0.0;0.0;0.1;0.1;0.0;0.0;0.0;0.1;0.1;0.1;0.0;0.0;0.0;0.0;0.1;0.0;0.0;0.0;0.1;0.1;0.1;0.1;0.0;0.0;0.1;0.1;0.1;0.0;0.1;0.0;0.1;0.0;0.0;0.0;0.0;0.0;0.0;0.1;0.0;0.1;0.0;0.0;0.1;0.07924980290466266;0.1;0.0;0.1;0.0;0.1;0.0;0.0;0.1;0.1;0.1;0.1;0.0;0.0;0.0;0.0;0.0;0.1;0.1;0.1;0.0;0.0;0.0;0.1;0.1;0.1;0.1;0.1;0.1;0.0;0.0;0.1;0.1;0.1;0.1;0.0027846587493780346;0.09441775399735185;0.1;0.0;0.0;0.0;0.0;0.0;0.0;0.0;0.0;0.0;0.1;0.0;0.1;0.0;0.1;0.1;0.1;0.1;0.0;0.0;0.0;0.1;0.0;0.0;0.1;0.0;0.1;0.1;0.1;0.1;0.0;0.0;0.0;0.0;0.1;0.1;0.0;0.0;0.1;0.1;0.0;0.0;0.1;0.1;0.1;0.1;0.0;0.0;0.0;0.0;0.0;0.0;0.1;0.1;0.0;0.0;0.0;0.0;0.1;0.1;0.0;0.0;0.1;0.0;0.0;0.0;0.1;0.0;0.0;0.0;0.1;0.0;0.1;0.1;0.1;0.1;0.1;0.1;0.0;0.1;0.0;0.0;0.0,1.082134104,0.45594072341918945,0.0,0.0,0.611711146,0.349319292,0.22885350099999996,0.21578311920166016,0.382857645,0.262391854,0.465696098,9626,191,191,0,4063,0,1581,670,3121,4651,0,0,3,4804,4682,122,3121,1561,0,1815,124,1278,4784,1,3366,,0.0
450,SKIPPED_PREDICTED_IN_TARGETED,adversarial_example_found_or_best_known,feasibility,true,true,true,true,2.2410409404484843,-16.874292785828768;-18.693010771475816;-9.13870824613213;2.4236912277142713;-16.633377721453947;4.664732168162756;-12.837538205061414;-16.288981833070302;-5.341585905311758;-12.060242129602688,0.0;0.0;0.0;0.0;0.0;0.0;0.0;0.0;0.0;0.0;0.0;0.0;0.0;0.0;0.0;0.0;0.0;0.0;0.0;0.0;0.0;0.0;0.0;0.0;0.0;0.0;0.0;0.0;0.0;0.0;0.0;0.0;0.0;0.0;0.0;0.0;0.0;0.0;0.0;0.0;0.0;0.0;0.0;0.0;0.0;0.0;0.0;0.0;0.0;0.0;0.0;0.0;0.0;0.0;0.0;0.0;0.0;0.0;0.0;0.0;0.0;0.0;0.0;0.0;0.0;0.0;0.0;0.0;0.0;0.0;0.0;0.0;0.0;0.0;0.0;0.0;0.0;0.0;0.0;0.0;0.0;0.0;0.0;0.0;0.0;0.0;0.0;0.0;0.0;0.0;0.0;0.0;0.0;0.0;0.0;0.0;0.0;0.0;0.0;0.0;0.0;0.0;0.0;0.0;0.0;0.0;0.0;0.0;0.0;0.0;0.0;0.0;0.0;0.0;0.0;0.0;0.0;0.47843137254901963;0.996078431372549;0.996078431372549;0.40784313725490196;0.0;0.0;0.0;0.0;0.0;0.0;0.0;0.0;0.0;0.0;0.0;0.0;0.0;0.0;0.0;0.0;0.0;0.0;0.0;0.0;0.0;0.0;0.0;0.0;0.4745098039215686;0.9921568627450981;0.9921568627450981;0.6784313725490196;0.0;0.0;0.0;0.0;0.0;0.0;0.0;0.0;0.0;0.0;0.0;0.0;0.0;0.0;0.0;0.0;0.0;0.0;0.0;0.0;0.0;0.0;0.0;0.0;0.30196078431372547;0.9764705882352941;0.9921568627450981;0.6784313725490196;0.0;0.0;0.0;0.0;0.0;0.0;0.0;0.0;0.0;0.0;0.0;0.0784313725490196;0.3137254901960784;0.0;0.0;0.0;0.0;0.0;0.0;0.0;0.0;0.0;0.0;0.0;0.0;0.9450980392156862;0.9921568627450981;0.6784313725490196;0.0;0.0;0.050980392156862744;0.28627450980392155;0.0;0.0;0.0;0.0;0.0;0.0;0.39215686274509803;0.8705882352941177;0.9686274509803922;0.7529411764705882;0.0;0.0;0.0;0.0;0.0;0.0;0.0;0.0;0.0;0.0;0.0;0.9450980392156862;0.9921568627450981;0.7607843137254902;0.26666666666666666;0.3764705882352941;0.8196078431372549;0.9725490196078431;0.48627450980392156;0.12549019607843137;0.0;0.0;0.0;0.0;0.788235294117647;0.9921568627450981;0.9921568627450981;0.9137254901960784;0.11372549019607843;0.0;0.0;0.0;0.0;0.0;0.0;0.0;0.0;0.0;0.0;0.9450980392156862;0.9921568627450981;0.9921568627450981;0.9921568627450981;0.9921568627450981;0.9921568627450981;0.9921568627450981;0.9921568627450981;0.47058823529411764;0.0;0.0;0.0;0.0;0.6196078431372549;0.9372549019607843;0.9921568627450981;0.9921568627450981;0.803921568627451;0.0;0.0;0.0;0.0;0.0;0.0;0.0;0.0;0.0;0.0;0.9450980392156862;0.9921568627450981;0.9921568627450981;0.9921568627450981;0.9921568627450981;0.9921568627450981;0.9921568627450981;0.9921568627450981;0.8274509803921568;0.0;0.0;0.0;0.0;0.0;0.3764705882352941;0.9921568627450981;0.9921568627450981;0.9411764705882353;0.0;0.0;0.0;0.0;0.0;0.0;0.0;0.0;0.0;0.0;0.9450980392156862;0.9921568627450981;0.9921568627450981;0.9921568627450981;0.9921568627450981;0.9215686274509803;0.9529411764705882;0.9921568627450981;0.9921568627450981;0.0;0.0;0.0;0.0;0.0;0.21176470588235294;0.9921568627450981;0.9921568627450981;0.9411764705882353;0.0;0.0;0.0;0.0;0.0;0.0;0.0;0.0;0.0;0.0;0.9450980392156862;0.9921568627450981;0.9921568627450981;0.9921568627450981;0.9803921568627451;0.29411764705882354;0.6313725490196078;0.9921568627450981;0.9921568627450981;0.30980392156862746;0.0;0.0;0.0;0.0;0.21176470588235294;0.9921568627450981;0.9921568627450981;0.6352941176470588;0.0;0.0;0.0;0.0;0.0;0.0;0.0;0.0;0.0;0.0;0.9450980392156862;0.9921568627450981;0.9921568627450981;0.9921568627450981;0.5019607843137255;0.0;0.6313725490196078;0.9921568627450981;0.9921568627450981;0.5254901960784314;0.0;0.0;0.0;0.0;0.49019607843137253;0.9921568627450981;0.9921568627450981;0.4196078431372549;0.0;0.0;0.0;0.0;0.0;0.0;0.0;0.0;0.0;0.0;0.9490196078431372;0.996078431372549;0.996078431372549;0.8745098039215686;0.13725490196078433;0.0;0.3843137254901961;0.996078431372549;0.996078431372549;0.7529411764705882;0.023529411764705882;0.0;0.0;0.0;0.7372549019607844;1.0;1.0;0.4196078431372549;0.0;0.0;0.0;0.0;0.0;0.0;0.0;0.0;0.0;0.0;0.4470588235294118;0.9921568627450981;0.9921568627450981;0.7294117647058823;0.0;0.0;0.00784313725490196;0.596078431372549;0.9921568627450981;0.996078431372549;0.050980392156862744;0.0;0.0;0.0;0.7333333333333333;0.9921568627450981;0.9921568627450981;0.4196078431372549;0.0;0.0;0.0;0.0;0.0;0.0;0.0;0.0;0.0;0.0;0.4235294117647059;0.9921568627450981;0.9921568627450981;0.7294117647058823;0.0;0.0;0.0;0.5764705882352941;0.9921568627450981;0.996078431372549;0.5176470588235295;0.0;0.0;0.23921568627450981;0.9686274509803922;0.9921568627450981;0.9529411764705882;0.2627450980392157;0.0;0.0;0.0;0.0;0.0;0.0;0.0;0.0;0.0;0.0;0.4235294117647059;0.9921568627450981;0.9921568627450981;0.5607843137254902;0.0;0.0;0.0;0.13725490196078433;0.9921568627450981;0.996078431372549;0.7058823529411765;0.03529411764705882;0.0;0.26666666666666666;0.9921568627450981;0.9921568627450981;0.8862745098039215;0.0;0.0;0.0;0.0;0.0;0.0;0.0;0.0;0.0;0.0;0.0;0.6980392156862745;0.9921568627450981;0.9921568627450981;0.48627450980392156;0.0;0.0;0.0;0.054901960784313725;0.9921568627450981;0.996078431372549;0.9921568627450981;0.10196078431372549;0.0;0.6784313725490196;0.9921568627450981;0.9921568627450981;0.4745098039215686;0.0;0.0;0.0;0.0;0.0;0.0;0.0;0.0;0.0;0.0;0.0;0.3333333333333333;0.7803921568627451;0.7803921568627451;0.16470588235294117;0.0;0.0;0.0;0.01568627450980392;0.6470588235294118;0.996078431372549;0.9921568627450981;0.21176470588235294;0.23529411764705882;0.9411764705882353;0.9921568627450981;0.9607843137254902;0.2901960784313726;0.0;0.0;0.0;0.0;0.0;0.0;0.0;0.0;0.0;0.0;0.0;0.0;0.0;0.0;0.0;0.0;0.0;0.0;0.0;0.16470588235294117;1.0;0.9921568627450981;0.8784313725490196;0.7803921568627451;0.9921568627450981;0.9921568627450981;0.8352941176470589;0.0;0.0;0.0;0.0;0.0;0.0;0.0;0.0;0.0;0.0;0.0;0.0;0.0;0.0;0.0;0.0;0.0;0.0;0.0;0.0;0.0;0.6627450980392157;0.9921568627450981;0.9921568627450981;0.9921568627450981;0.9921568627450981;0.9921568627450981;0.7803921568627451;0.0;0.0;0.0;0.0;0.0;0.0;0.0;0.0;0.0;0.0;0.0;0.0;0.0;0.0;0.0;0.0;0.0;0.0;0.0;0.0;0.0;0.45098039215686275;0.9607843137254902;0.9921568627450981;0.9921568627450981;0.9921568627450981;0.9529411764705882;0.29411764705882354;0.0;0.0;0.0;0.0;0.0;0.0;0.0;0.0;0.0;0.0;0.0;0.0;0.0;0.0;0.0;0.0;0.0;0.0;0.0;0.0;0.0;0.0;0.4235294117647059;0.9921568627450981;0.9921568627450981;0.8549019607843137;0.12156862745098039;0.0;0.0;0.0;0.0;0.0;0.0;0.0;0.0;0.0;0.0;0.0;0.0;0.0;0.0;0.0;0.0;0.0;0.0;0.0;0.0;0.0;0.0;0.0;0.0;0.0;0.0;0.0;0.0;0.0;0.0;0.0;0.0;0.0;0.0;0.0;0.0;0.0;0.0;0.0;0.0;0.0;0.0;0.0;0.0;0.0;0.0;0.0;0.0;0.0;0.0;0.0;0.0;0.0;0.0;0.0;0.0;0.0;0.0;0.0;0.0;0.0;0.0;0.0;0.0;0.0;0.0;0.0;0.0;0.0;0.0;0.0;0.0;0.0;0.0;0.0;0.0;0.0;0.0;0.0;0.0;0.0;0.0;0.0;0.0;0.0;0.0;0.0;0.0;0.0;0.0;0.0;0.0;0.0;0.0;0.0;0.0;0.0;0.0;0.0;0.0;0.0;0.0;0.0;0.0;0.0;0.0;0.0;0.0;0.0;0.0;0.0;0.0;0.0;0.0;0.0;0.0;0.0;0.0;0.0,0.00397995,0.0,0.0,0.0,,,,,,,,,,,,,,,,,,,,,,,,,,,,,,,,,,
451,INFEASIBLE,certified_no_adversarial_example,feasibility,false,false,false,false,,,,0.603013218,0.01862502098083496,0.0,0.0,0.574119736,0.34246901100000005,0.154326717,0.14398503303527832,0.419793019,0.23165072499999995,0.026825011,9626,154,154,0,4076,0,1597,690,3109,2867,0,0,3,4804,4716,88,3109,1607,0,1744,88,1137,4537,,571,0,
452,INFEASIBLE,certified_no_adversarial_example,feasibility,false,false,false,false,,,,0.933004191,0.015011787414550781,0.0,0.0,0.907554077,0.6719487399999999,0.12857539,0.11948990821838379,0.778978687,0.23560533700000008,0.02322133,9626,130,130,0,4077,0,1610,713,3096,2224,0,0,3,4804,4727,77,3096,1631,0,1726,80,1100,4472,,451,0,
453,INFEASIBLE,certified_no_adversarial_example,feasibility,false,false,false,false,,,,0.617055905,0.02913641929626465,0.0,0.0,0.57558277,0.343179291,0.22495583400000002,0.21305561065673828,0.350626936,0.23240347900000002,0.039164315,9626,213,213,0,4038,0,1570,668,3137,5365,0,0,3,4804,4675,129,3137,1538,0,1829,131,1306,4833,,660,0,
454,INFEASIBLE,certified_no_adversarial_example,feasibility,false,false,false,false,,,,0.814989551,0.02188706398010254,0.0,0.0,0.779444974,0.44977453599999995,0.30469890899999996,0.28928136825561523,0.47474606500000005,0.32967043800000007,0.033354324,9626,258,258,0,4078,0,1543,698,3049,7301,0,0,3,4804,4648,156,3049,1599,0,1884,159,1416,5025,,479,0,
455,INFEASIBLE,certified_no_adversarial_example,feasibility,false,false,false,false,,,,0.580818728,0.023423194885253906,0.0,0.0,0.545452717,0.30825136799999997,0.208201815,0.1963050365447998,0.33725090199999996,0.237201349,0.03304969,9626,187,187,0,4042,0,1580,680,3137,4667,0,0,3,4804,4690,114,3137,1553,0,1799,116,1246,4728,,567,0,
456,INFEASIBLE,certified_no_adversarial_example,feasibility,false,false,false,false,,,,0.585341325,0.028458356857299805,0.0,0.0,0.54556172,0.31894804599999993,0.21490100600000003,0.16785931587219238,0.33066071399999997,0.2266136740000001,0.03750671,9626,146,146,0,3999,0,1602,638,3241,3711,0,0,3,4804,4722,82,3241,1481,0,1736,85,1120,4507,,608,0,
457,INFEASIBLE,certified_no_adversarial_example,feasibility,false,false,false,false,,,,0.65540728,0.0345003604888916,0.0,0.0,0.608370914,0.344100827,0.238610244,0.22588729858398438,0.36976067,0.264270087,0.044694637,9626,198,198,0,4028,0,1575,665,3160,5874,0,0,3,4804,4675,129,3160,1515,0,1826,129,1301,4824,,766,0,
458,INFEASIBLE,certified_no_adversarial_example,feasibility,false,false,false,false,,,,0.699813657,0.03858518600463867,0.0,0.0,0.648724161,0.385525766,0.27262379,0.2603468894958496,0.376100371,0.263198395,0.048790474,9626,194,194,0,4050,0,1579,672,3131,6730,0,0,3,4804,4667,137,3131,1536,0,1845,139,1338,4889,,744,0,
459,INFEASIBLE,certified_no_adversarial_example,feasibility,false,false,false,false,,,,0.743060052,0.03207111358642578,0.0,0.0,0.697464464,0.4489111149999999,0.312649676,0.29787778854370117,0.38481478799999996,0.24855334900000003,0.043290976,9626,224,224,0,4065,0,1562,648,3127,8084,0,0,3,4804,4659,145,3127,1532,0,1862,148,1372,4948,,633,0,
460,INFEASIBLE,certified_no_adversarial_example,feasibility,false,false,false,false,,,,0.677774923,0.017852306365966797,0.0,0.0,0.647119416,0.38309504699999997,0.250967825,0.23798179626464844,0.396151591,0.26402436900000004,0.028306415,9626,221,221,0,4054,0,1566,682,3103,4674,0,0,3,4804,4675,129,3103,1572,0,1831,133,1310,4839,,259,0,
461,INFEASIBLE,certified_no_adversarial_example,feasibility,false,false,false,false,,,,0.71005278,0.04062318801879883,0.0,0.0,0.657270858,0.40511948200000003,0.280834328,0.26866912841796875,0.37643652999999994,0.2521513759999999,0.050547043,9626,196,196,0,4029,0,1572,658,3171,6077,0,0,3,4804,4690,114,3171,1519,0,1799,116,1246,4728,,902,0,
462,INFEASIBLE,certified_no_adversarial_example,feasibility,false,false,false,false,,,,0.543520663,0.013986825942993164,0.0,0.0,0.518138149,0.281533822,0.163544693,0.15277647972106934,0.35459345600000003,0.236604327,0.023054091,9626,161,161,0,4082,0,1595,693,3095,3493,0,0,3,4804,4714,90,3095,1619,0,1752,93,1152,4563,,407,0,
463,INFEASIBLE,certified_no_adversarial_example,feasibility,false,false,false,false,,,,0.551497077,0.01822638511657715,0.0,0.0,0.522439826,0.25673654300000004,0.16374715499999998,0.15298080444335938,0.3586926710000001,0.265703283,0.026771841,9626,166,166,0,4104,0,1593,702,3061,2732,0,0,3,4804,4719,85,3061,1658,0,1741,87,1130,4525,,478,0,
464,INFEASIBLE,certified_no_adversarial_example,feasibility,false,false,false,false,,,,0.797492936,0.018118619918823242,0.0,0.0,0.766023756,0.49537691399999995,0.277182128,0.2628474235534668,0.4888416279999999,0.270646842,0.028970385,9626,235,235,0,4081,0,1557,675,3078,5834,0,0,3,4804,4668,136,3078,1590,0,1843,138,1334,4882,,472,0,
465,INFEASIBLE,certified_no_adversarial_example,feasibility,false,false,false,false,,,,1.657598262,0.24371552467346191,0.0,0.0,1.398817679,1.1352467,0.518760839,0.5011906623840332,0.88005684,0.26357097900000004,0.256373132,9626,288,288,0,4076,0,1531,651,3080,11278,0,0,3,4804,4631,173,3080,1551,0,1918,176,1484,5144,,1098,0,
466,INFEASIBLE,certified_no_adversarial_example,feasibility,false,false,false,false,,,,0.528097348,0.024971485137939453,0.0,0.0,0.491480312,0.25323497500000003,0.15682214500000002,0.1463303565979004,0.33465816699999995,0.23824533699999995,0.034285398,9626,168,168,0,4073,0,1592,693,3100,2842,0,0,3,4804,4711,93,3100,1611,0,1754,93,1157,4572,,636,0,
467,INFEASIBLE,certified_no_adversarial_example,feasibility,false,false,false,false,,,,0.767137741,0.041951894760131836,0.0,0.0,0.709592541,0.441758508,0.3101804560000001,0.2956657409667969,0.3994120849999999,0.267834033,0.055212873,9626,260,260,0,4065,0,1545,665,3091,7078,0,0,3,4804,4640,164,3091,1549,0,1900,167,1448,5081,,761,0,
468,INFEASIBLE,certified_no_adversarial_example,feasibility,false,false,false,false,,,,0.727947253,0.02521371841430664,0.0,0.0,0.690117498,0.363566995,0.240646748,0.22801852226257324,0.44947075000000003,0.326550503,0.03550106,9626,194,194,0,4061,0,1577,666,3128,5322,0,0,3,4804,4686,118,3128,1558,0,1808,121,1264,4759,,574,0,
469,INFEASIBLE,certified_no_adversarial_example,feasibility,false,false,false,false,,,,0.58177766,0.038008689880371094,0.0,0.0,0.531747597,0.289483932,0.18382142499999998,0.17307019233703613,0.347926172,0.24226366499999996,0.047678523,9626,162,162,0,4061,0,1595,673,3135,3356,0,0,3,4804,4717,87,3135,1582,0,1747,91,1142,4545,,852,0,
470,INFEASIBLE,certified_no_adversarial_example,feasibility,false,false,false,false,,,,0.689615486,0.017059803009033203,0.0,0.0,0.659762039,0.40648298599999994,0.250532077,0.23773860931396484,0.40922996199999995,0.25327905300000003,0.027490968,9626,196,196,0,4070,0,1575,691,3094,5210,0,0,3,4804,4685,119,3094,1591,0,1809,121,1266,4763,,436,0,
471,INFEASIBLE,certified_no_adversarial_example,feasibility,false,false,false,false,,,,0.819518209,0.028995037078857422,0.0,0.0,0.776211859,0.5134101209999999,0.3523966090000001,0.33817458152770996,0.4238152499999999,0.26280173800000006,0.040898056,9626,232,232,0,4067,0,1559,665,3103,7895,0,0,3,4804,4653,151,3103,1550,0,1875,155,1398,4993,,560,0,
472,INFEASIBLE,certified_no_adversarial_example,feasibility,false,false,false,false,,,,0.820764164,0.1598339080810547,0.0,0.0,0.647970225,0.40431455299999997,0.267497514,0.25452685356140137,0.380472711,0.24365567200000005,0.170397647,9626,203,203,0,4012,0,1573,652,3186,5818,0,0,3,4804,4684,120,3186,1498,0,1812,123,1272,4773,,758,0,
473,INFEASIBLE,certified_no_adversarial_example,feasibility,false,false,false,false,,,,0.736146796,0.058597564697265625,0.0,0.0,0.664203382,0.419387516,0.286217231,0.2734708786010742,0.37798615099999994,0.24481586599999994,0.069609905,9626,218,218,0,4049,0,1565,668,3126,5792,0,0,3,4804,4680,124,3126,1554,0,1821,128,1290,4804,,1040,0,
474,INFEASIBLE,certified_no_adversarial_example,feasibility,false,false,false,false,,,,0.6755389,0.024921894073486328,0.0,0.0,0.637840325,0.37263760199999996,0.262165459,0.2495267391204834,0.375674866,0.26520272300000003,0.035264111,9626,218,218,0,3970,0,1567,613,3258,4937,0,0,3,4804,4688,116,3258,1430,0,1804,119,1256,4745,,497,0,
475,INFEASIBLE,certified_no_adversarial_example,feasibility,false,false,false,false,,,,0.779728041,0.030608415603637695,0.0,0.0,0.734862622,0.455385958,0.315717229,0.3005492687225342,0.419145393,0.279476664,0.042507097,9626,242,242,0,4103,0,1551,681,3049,7006,0,0,3,4804,4657,147,3049,1608,0,1869,153,1386,4971,,552,0,
476,INFEASIBLE,certified_no_adversarial_example,feasibility,false,false,false,false,,,,0.662464094,0.02808070182800293,0.0,0.0,0.622181018,0.37123846800000004,0.241428422,0.2288506031036377,0.380752596,0.25094255,0.03799911,9626,206,206,0,4094,0,1573,698,3055,4930,0,0,3,4804,4676,128,3055,1621,0,1824,128,1297,4817,,632,0,
477,INFEASIBLE,certified_no_adversarial_example,feasibility,false,false,false,false,,,,0.716724496,0.029696941375732422,0.0,0.0,0.675474465,0.332666045,0.22825607200000003,0.2174229621887207,0.44721839299999994,0.34280841999999995,0.038836081,9626,186,186,0,3999,0,1578,644,3219,5289,0,0,3,4804,4706,98,3219,1487,0,1767,100,1182,4616,,679,0,
478,INFEASIBLE,certified_no_adversarial_example,feasibility,false,false,false,false,,,,1.001337009,0.01667952537536621,0.0,0.0,0.973397881,0.7365169030000001,0.181219676,0.16965818405151367,0.792178205,0.23688097799999996,0.025599464,9626,190,190,0,4043,0,1580,693,3120,3204,0,0,3,4804,4700,104,3120,1580,0,1776,104,1201,4649,,520,0,
479,INFEASIBLE,certified_no_adversarial_example,feasibility,false,false,false,false,,,,2.002379252,1.4063782691955566,,0.0,0.582884365,0.337035508,0.22976429399999992,0.21729040145874023,0.35312007100000004,0.24584885699999998,1.417301513,9626,216,216,0,4037,0,1562,655,3156,5737,0,0,3,4804,4675,129,3156,1519,0,1830,132,1308,4836,,1647,0,
480,OPTIMAL,adversarial_example_found_or_best_known,feasibility,true,true,true,true,-2.7977620220553945e-14,-8.58153613048147;-19.67328196064298;-9.472552337963606;-3.988156985459593;-5.7058527836729285;-4.163892437199185;-10.879622675771113;-10.247463355887879;-0.24045564083507331;-0.24045564083504534,0.1;0.0;0.0;0.1;0.1;0.0;0.0;0.1;0.1;0.0;0.0;0.0;0.0;0.1;0.1;0.1;0.1;0.0;0.0;0.1;0.1;0.0;0.0;0.1;0.1;0.0;0.0;0.1;0.1;0.0;0.0;0.1;0.0;0.0;0.0;0.1;0.0;0.0;0.0;0.0;0.1;0.1;0.1;0.1;0.1;0.1;0.0;0.1;0.1;0.0;0.0;0.1;0.0;0.0;0.0;0.0;0.1;0.0;0.0;0.1;0.1;0.0;0.0;0.1;0.1;0.0;0.0;0.0;0.0;0.1;0.1;0.1;0.1;0.0;0.0;0.1;0.1;0.0;0.0;0.1;0.1;0.0;0.0;0.0;0.1;0.1;0.0;0.1;0.0;0.1;0.0;0.1;0.0;0.1;0.1;0.1;0.0;0.1;0.0;0.0;0.0;0.0;0.0;0.1;0.0;0.0;0.09607480669430533;0.1;0.0;0.1;0.0;0.0;0.1;0.1;0.0;0.1;0.0;0.0;0.0;0.1;0.0;0.0;0.0;0.1;0.0;0.0;0.0;0.0;0.0;0.0;0.0;0.1;0.1;0.0;0.0;0.1;0.1;0.0;0.0;0.0;0.0;0.0;0.0;0.1;0.1;0.0;0.1;0.0;0.0;0.0;0.0;0.1;0.0;0.1;0.0;0.0;0.0;0.0;0.0;0.1;0.0;0.0;0.0;0.1;0.1;0.1;0.0;0.1;0.1;0.0;0.0;0.0;0.1;0.0;0.0;0.0;0.0;0.0;0.1;0.1;0.1;0.1;0.1;0.0;0.0;0.0;0.0;0.1;0.1;0.0;0.0;0.1;0.1;0.1;0.1;0.0;0.0;0.1;0.0;0.1;0.1;0.1;0.1;0.10234358228261121;0.27254901960784317;0.5748457898901399;0.5050336418657709;0.49215686274509807;0.3509803921568627;0.10220927672017281;0.0;0.1;0.0;0.0;0.1;0.1;0.0;0.1;0.1;0.0;0.03637771962048238;0.0;0.1;0.0;0.1;0.0;0.0;0.1;0.1;0.1;0.12352941176470589;0.7549019607843137;0.8921568627450981;1.0;0.8921568627450981;1.0;0.8921568627450981;0.8372549019607843;0.10222068607327531;0.0;0.0;0.0;0.0;0.1;0.1;0.0;0.0;0.0;0.0;0.1;0.1;0.0;0.0;0.0;0.0;0.0;0.1;0.19019607843137254;0.7124802591873856;0.8921568627450981;0.5980392156862745;0.6254901960784314;0.4254901960784314;0.6254901960784314;0.8941329301596245;1.0;0.7392156862745098;-0.0;0.0;0.0;0.1;0.0;0.0;0.12711456222536446;0.10178924457373915;0.1;0.1;0.1;0.1;0.1;0.1;0.0;0.0;0.1;0.1;0.7549019607843137;1.0;0.707843137254902;0.0;0.1;0.1;0.0;0.0;0.6686274509803921;0.8921568627450981;0.19411764705882353;0.0;0.0;0.0;0.1;0.3431372549019608;1.0;0.46862745098039216;0.0;0.0;0.1;0.1;0.0;0.0;0.1;0.0;0.1;0.1;1.0;0.7901960784313725;0.10372718664385484;0.1;0.0;0.1;0.0;0.1;0.16666666666666669;1.0;0.7313725490196078;0.1;0.0;0.1;0.1392156862745098;0.7980392156862745;0.7549019607843137;1.0;0.5196078431372549;0.0;0.1;0.0;0.0;0.1;0.0;0.0;0.1;0.09848827852065555;1.0;0.5941176470588235;0.0;0.0;0.1;0.1;0.0;0.1;0.10784313725490197;0.7666666666666666;0.5313725490196078;0.0;0.0;0.1;0.11176470588235295;0.1627450980392157;0.1;0.6686274509803922;0.7549019607843137;0.0;0.1;0.1;0.0;0.1;0.0;0.0;0.1;0.1;0.9;0.5941176470588235;0.0;0.0;0.1;0.1;0.1;0.1;0.10302618064894035;0.8661249385701001;0.4647058823529412;0.1;0.0;0.1;0.0;0.0;0.1;0.44107106393861706;1.0;0.4294117647058824;0.1;0.0;0.0;0.0;0.0;0.0;0.1;0.1;0.9431372549019608;0.703921568627451;0.14705882352941177;0.0;0.1;0.1;0.1;0.1;0.15098039215686276;0.8176470588235294;0.11176470588235293;0.0;0.0;0.0;0.1;0.1;0.1;0.22941176470588237;0.8921568627450981;1.0;0.1;0.1;0.0;0.0;0.0;0.0;0.0;0.1;0.2568627450980392;0.8921568627450981;0.48039215686274506;0.18627450980392157;0.10199463938821315;0.1023169864301355;0.1;0.1;0.6019607843137255;0.8568627450980392;0.1036186992611623;0.1;0.0;0.0;0.0;0.0;0.0;0.22941176470588237;1.0;0.8921568627450981;0.1;0.0;0.0;0.0;0.0;0.0;0.1;0.1;0.15098039215686276;0.8137254901960784;1.0;1.0;1.0;0.6386859981904061;0.7588235294117647;0.5784313725490197;1.0;0.4607843137254902;0.1;0.1;0.1;0.1;0.0;0.0;0.1;0.22941176470588237;0.8921568627450981;0.8921568627450981;0.1;0.1;0.0;0.1;0.0;0.0;0.0;0.1;0.1;0.1588235294117647;0.6490196078431373;1.0;0.8921568627450981;1.0;0.8921568627450981;1.0;1.0;0.7745098039215687;0.4152964559803225;0.28823529411764703;0.1;0.1;0.1;0.1;0.10370837682272821;0.7431372549019608;1.0;0.5470588235294118;0.1;0.0;0.0;0.1;0.0;0.0;0.1;0.1;0.1;0.1;0.11960784313725491;0.21372549019607845;0.5666666666666667;0.3666666666666667;0.5666666666666667;0.6882352941176471;0.9941176470588236;0.8921568627450981;1.0;1.0;0.5745098039215687;0.6294117647058823;0.6294117647058823;0.5392156862745098;1.0;1.0;1.0;0.09487943713997743;0.1;0.1;0.0;0.1;0.0;0.0;0.0;0.1;0.1;0.1;0.0;0.1;0.1;0.1;0.1;0.0;0.10387909549048362;0.307843137254902;0.6372549019607844;0.6372549019607844;0.7671220632141474;1.0;1.0;1.0;0.7971856887398302;0.8866690055678296;0.4382132184309286;0.0;0.0;0.0;0.0;0.1;0.0;0.0;0.0;0.0;0.1;0.1;0.1;0.1;0.1;0.1;0.1;0.1;0.1;0.09803074165015412;0.0;0.09725460580216135;0.0;0.43333333333333335;0.6450980392156862;0.2686274509803922;0.13137254901960785;0.09845635124288499;0.1;0.1;0.1;0.0;0.0;0.0;0.0;0.0;0.0;0.1;0.0;0.1;0.0;0.1;0.1;0.1;0.1;0.0;0.1;0.1;0.0;0.0;0.0;0.1;0.0;0.1;0.1;0.1;0.1;0.1;0.1;0.0;0.0;0.1;0.0;0.0;0.0;0.0;0.0;0.1;0.0;0.0;0.0;0.0;0.1;0.1;0.1;0.1;0.0;0.0;0.0;0.0;0.1;0.1;0.1;0.1;0.1;0.1;0.0;0.0;0.0;0.0;0.0;0.0;0.0;0.0;0.0;0.0;0.0;0.0;0.0;0.0;0.0;0.0;0.1;0.0;0.1;0.0;0.0;0.0;0.0;0.1;0.0;0.1;0.1;0.0;0.1;0.0;0.1;0.1;0.1;0.0;0.0;0.0;0.0;0.0;0.1;0.1;0.0;0.1;0.1;0.0;0.1;0.1;0.1;0.1;0.0;0.0;0.1;0.1;0.1;0.1;0.1;0.1;0.0;0.0;0.0;0.0;0.1;0.0;0.1;0.0;0.0;0.0;0.1;0.0;0.0;0.0;0.0;0.0;0.1;0.0;0.1;0.0;0.1;0.0;0.0;0.1;0.0;0.1;0.1;0.1;0.1;0.0;0.1;0.1;0.1;0.1;0.1;0.1;0.0;0.0;0.1;0.1;0.0;0.0;0.1;0.1;0.1;0.1;0.1;0.0;0.0;0.0;0.0;0.1;0.0;0.0;0.1;0.1;0.0;0.0;0.1;0.0;0.0;0.0;0.1;0.1;0.0;0.0;0.1;0.0;0.0;0.0;0.1;0.0;0.0;0.0;0.1;0.0;0.1;0.1;0.1;0.1;0.1;0.1;0.0;0.1;0.0;0.0;0.0,23.013810749,22.329139947891235,0.0,0.0,0.667473758,0.40597150800000004,0.280332202,0.2666442394256592,0.387141556,0.26150224999999994,22.341493501,9626,220,220,0,4053,0,1566,683,3104,7263,0,0,3,4804,4653,151,3104,1549,0,1874,154,1396,4990,1,211015,,0.0
481,INFEASIBLE,certified_no_adversarial_example,feasibility,false,false,false,false,,,,0.531369836,0.020322084426879883,0.0,0.0,0.499259562,0.26382651,0.156559682,0.1467440128326416,0.34269987999999996,0.23543305199999998,0.029838603,9626,148,148,0,3979,0,1603,636,3260,3216,0,0,3,4804,4722,82,3260,1462,0,1737,86,1122,4510,,450,0,
482,INFEASIBLE,certified_no_adversarial_example,feasibility,false,false,false,false,,,,0.677427177,0.02632451057434082,0.0,0.0,0.639363274,0.32833442599999996,0.21780573800000003,0.20617437362670898,0.421557536,0.3110288480000001,0.035654879,9626,187,187,0,4039,0,1582,662,3156,4702,0,0,3,4804,4689,115,3156,1533,0,1798,115,1245,4726,,625,0,
483,INFEASIBLE,certified_no_adversarial_example,feasibility,false,false,false,false,,,,0.641782625,0.02159595489501953,0.0,0.0,0.608666818,0.338137568,0.229889713,0.21823596954345703,0.378777105,0.27052925,0.030845391,9626,190,190,0,4021,0,1580,661,3174,4856,0,0,3,4804,4698,106,3174,1524,0,1783,108,1214,4672,,522,0,
484,INFEASIBLE,certified_no_adversarial_example,feasibility,false,false,false,false,,,,0.606067651,0.022469758987426758,0.0,0.0,0.571394953,0.318144839,0.21809399000000002,0.20568609237670898,0.35330096299999997,0.25325011399999997,0.032310207,9626,198,198,0,4003,0,1576,656,3193,4451,0,0,3,4804,4686,118,3193,1493,0,1810,123,1268,4765,,503,0,
485,INFEASIBLE,certified_no_adversarial_example,feasibility,false,false,false,false,,,,0.621711629,0.022389650344848633,0.0,0.0,0.58799905,0.34988704000000004,0.22525444300000003,0.21408820152282715,0.36274460699999994,0.23811200999999993,0.031483136,9626,161,161,0,4027,0,1594,672,3172,5349,0,0,3,4804,4698,106,3172,1526,0,1780,106,1209,4663,,580,0,
486,INFEASIBLE,certified_no_adversarial_example,feasibility,false,false,false,false,,,,0.686031118,0.029970884323120117,0.0,0.0,0.643432907,0.36115507900000005,0.252233479,0.23903989791870117,0.391199428,0.28227782799999995,0.040194538,9626,204,204,0,4055,0,1570,677,3120,5931,0,0,3,4804,4674,130,3120,1554,0,1832,133,1312,4843,,690,0,
487,INFEASIBLE,certified_no_adversarial_example,feasibility,false,false,false,false,,,,0.651237303,0.026512622833251953,0.0,0.0,0.611853416,0.338534689,0.23539992599999998,0.22267913818359375,0.37645349,0.273318727,0.037040254,9626,201,201,0,4062,0,1574,688,3101,5539,0,0,3,4804,4672,132,3101,1571,0,1838,137,1324,4863,,539,0,
488,INFEASIBLE,certified_no_adversarial_example,feasibility,false,false,false,false,,,,0.747176241,0.042064666748046875,0.0,0.0,0.692058636,0.43072964599999997,0.29478246099999994,0.28138208389282227,0.397276175,0.26132899,0.052818403,9626,209,209,0,4053,0,1567,648,3149,6836,0,0,3,4804,4678,126,3149,1529,0,1820,126,1289,4803,,822,0,
489,INFEASIBLE,certified_no_adversarial_example,feasibility,false,false,false,false,,,,0.657535606,0.025681734085083008,0.0,0.0,0.606051276,0.365767925,0.246536981,0.23364567756652832,0.359514295,0.24028335099999998,0.049136476,9626,198,198,0,4030,0,1576,664,3158,6189,0,0,3,4804,4683,121,3158,1525,0,1810,121,1269,4768,,599,0,
490,INFEASIBLE,certified_no_adversarial_example,feasibility,false,false,false,false,,,,0.519676522,0.016772985458374023,0.0,0.0,0.492361225,0.25296101,0.159681386,0.15007376670837402,0.332679839,0.23940021500000003,0.025006259,9626,153,153,0,3972,0,1599,639,3263,3061,0,0,3,4804,4732,72,3263,1469,0,1717,76,1082,4440,,421,0,
491,INFEASIBLE,certified_no_adversarial_example,feasibility,false,false,false,false,,,,0.652491286,0.02246880531311035,0.0,0.0,0.617578664,0.34085481500000003,0.228071305,0.21516084671020508,0.38950735900000005,0.276723849,0.032561008,9626,205,205,0,4044,0,1568,684,3125,5448,0,0,3,4804,4685,119,3125,1560,0,1809,121,1266,4763,,624,0,
492,INFEASIBLE,certified_no_adversarial_example,feasibility,false,false,false,false,,,,1.30777668,0.029636859893798828,0.0,0.0,1.264695181,0.547726675,0.322417214,0.3080103397369385,0.942277967,0.716968506,0.040751538,9626,219,219,0,4042,0,1564,678,3123,7255,0,0,3,4804,4664,140,3123,1541,0,1851,142,1350,4910,,613,0,
493,OPTIMAL,adversarial_example_found_or_best_known,feasibility,true,true,true,true,2.042810365310288e-14,-7.717538396671643;-14.898556036148129;4.217859446758434;0.275951670179039;-20.46292423663547;-7.4757465324407075;-10.076926937932097;-11.503296195835967;4.217859446758454;-10.70386478145964,0.0;0.1;0.1;0.0;0.0;0.0;0.0;0.1;0.1;0.0;0.0;0.1;0.1;0.0;0.0;0.1;0.0;0.0;0.0;0.0;0.0;0.1;0.1;0.0;0.0;0.1;0.1;0.0;0.1;0.1;0.1;0.0;0.0;0.0;0.0;0.1;0.1;0.0;0.0;0.1;0.1;0.1;0.1;0.1;0.0;0.0;0.0;0.0;0.0;0.0;0.0;0.0;0.0;0.0;0.0;0.0;0.0;0.0;0.1;0.0;0.0;0.1;0.0;0.1;0.1;0.1;0.0;0.1;0.1;0.1;0.1;0.1;0.0;0.0;0.0;0.0;0.0;0.0;0.0;0.0;0.0;0.0;0.0;0.0;0.0;0.0;0.0;0.0;0.0;0.1;0.0;0.1;0.0;0.0;0.1;0.1;0.1;0.0;0.1;0.1;0.1;0.1;0.0;0.0;0.0;0.0;0.0;0.0;0.0;0.0;0.0;0.1;0.0;0.0;0.0;0.1;0.0;0.1;0.0;0.0;0.0;0.0;0.1;0.1;0.1;0.1;0.1;0.0;0.0;0.1;0.0;0.0;0.0;0.4019607843137255;0.6490196078431373;0.0;0.0;0.0;0.0;0.0;0.0;0.0;0.0;0.1;0.1;0.1;0.1;0.1;0.0;0.0;0.0;0.1;0.1;0.1;0.1;0.1;0.1;0.1;0.1;0.20285533147815327;1.0;1.0;0.9;0.0;0.0;0.0;0.0;0.0;0.0;0.0;0.1;0.0;0.1;0.0;0.0;0.1;0.1;0.0;0.0;0.0;0.0;0.1;0.1;0.1;0.1;0.1;0.15098039215686274;1.0;1.0;1.0;0.9;0.4019607843137255;0.0;0.0;0.0;0.0;0.0;0.0;0.0;0.0;0.0;0.0;0.0;0.1;0.0;0.0;0.1;0.0;0.1;0.0;0.1;0.1;0.1;0.1;0.6019607843137255;1.0;0.9;1.0;1.0;0.49088910890687304;0.0;0.1;0.0;0.0;0.0;0.0;0.0;0.1;0.0;0.0;0.0;0.1;0.1;0.0;0.0;0.0;0.0;0.1;0.1;0.1;0.09952451873271682;0.15098039215686274;1.0;0.9;0.9;1.0;0.9;0.1;0.0;0.0;0.0;0.0;0.0;0.1;0.0;0.1;0.0;0.0;0.1;0.0;0.1;0.0;0.1;0.0;0.1;0.0;0.0;0.1;0.1;0.6490196078431373;1.0;0.27048397814163994;0.9;0.9;1.0;0.0;0.1;0.1;0.1;0.0;0.0;0.1;0.0;0.1;0.1;0.0;0.1;0.0;0.1;0.1;0.1;0.1;0.1;0.0;0.0;0.0;0.6019607843137255;1.0;1.0;0.0;0.9;0.9;0.8490196078431372;0.0;0.0;0.1;0.1;0.0;0.0;0.0;0.0;0.1;0.1;0.0;0.1;0.2625826030407867;0.3509803921568627;0.1;0.1;0.0;0.1;0.1;0.0;0.3147176209563963;1.0;1.0;0.1;0.1;0.9;0.9;0.58515194710502;0.0;0.1;0.1;0.0;0.0;0.0;0.0;0.0;0.1;0.0;0.3509803921568627;0.6490196078431373;0.9;0.6019607843137255;0.1;0.1;0.0;0.1;0.0;0.0;0.6490196078431373;1.0;0.6019607843137255;0.0;0.1;0.933261161013687;0.9;0.3509803921568627;0.0;0.0;0.1;0.1;0.0;0.0;0.1;0.0;0.1;0.0;0.7461385391397317;1.0;1.0;0.1;0.1;0.1;0.0;0.1;0.0;0.3509803921568627;1.0;0.8490196078431372;0.1;0.1;0.15098039215686274;0.9;0.9;0.0;0.0;0.0;0.1;0.0;0.0;0.0;0.0;0.0;0.1;0.0;1.0;1.0;0.4019607843137255;0.0;0.1;0.1;0.0;0.0;0.15098039215686274;1.0;0.6490196078431373;0.0;0.0;0.0;0.9;0.9;0.6019607843137255;0.0;0.0;0.0;0.1;0.1;0.0;0.0;0.1;0.0;0.0;0.5698831307166743;0.9;1.0;0.3254902150790306;0.0;0.0;0.0;0.0;0.0;0.7975879557507408;0.9;0.15658508899149542;0.0;0.1;0.3509803921568627;0.9242461326376501;0.9;0.19130166339789517;0.06487908612927244;0.1;0.1;0.1;0.0;0.1;0.0;0.1;0.1;0.1;0.6019607843137255;0.9;1.0;0.0;0.0;0.0;0.0;0.1;0.6019607843137255;0.9;0.6490196078431373;0.0;0.0;0.0;0.4019607843137255;0.9;0.9;0.0;0.0;0.1;0.1;0.0;0.0;0.1;0.0;0.1;0.0;0.0;0.8490196078431372;0.9;1.0;0.509230149926185;0.0;0.1;0.0;0.1;0.9;1.0;0.15098039215686274;0.0;0.0;0.1;0.5293403878222597;0.9;0.0;0.0;0.0;0.0;0.0;0.0;0.1;0.0;0.0;0.1;0.1;0.1;1.0;0.9;1.0;0.0;0.0;0.0;0.09853262767450188;0.6490196078431373;0.9;0.3509803921568627;0.0;0.0;0.0;0.1;1.0;0.6490196078431373;0.0;0.0;0.0;0.0;0.0;0.0;0.0;0.1;0.1;0.1;0.1;0.1;0.9;0.9;0.4019607843137255;0.0;0.0;0.0;0.15098039215686274;1.0;0.5921625140564013;0.1;0.1;0.0;0.1;0.0;0.6490196078431373;0.1;0.1;0.0;0.1;0.0;0.0;0.1;0.1;0.0;0.0;0.1;0.1;0.1;0.9;1.0;0.6490196078431373;0.1;0.0;0.15098039215686274;1.0;1.0;0.0;0.1;0.1;0.0;0.0;0.0;0.15098039215686274;0.0;0.0;0.0;0.1;0.1;0.1;0.1;0.1;0.0;0.0;0.1;0.1;0.1;0.4019607843137255;0.9;0.9;0.4019607843137255;0.43086894649725455;1.0;1.0;0.5237285859092866;0.1;0.1;0.1;0.0;0.0;0.0;0.0;0.0;0.1;0.1;0.0;0.0;0.1;0.1;0.03781268268362243;0.0;0.0;0.1;0.1;0.0;0.15098039215686274;0.9;0.9;1.0;0.9;0.9;0.8490196078431372;0.1;0.1;0.1;0.1;0.0;0.0;0.0;0.1;0.0;0.0;0.1;0.1;0.1;0.1;0.1;0.1;0.0;0.0;0.1;0.1;0.1;0.0;0.17443445559133028;0.9;0.9;0.6617185530668058;0.1;0.1;0.1;0.03616458463898652;0.1;0.1;0.0;0.003611873289014873;0.0;0.1;0.0;0.1;0.1;0.1;0.1;0.014860972153292384;0.1;0.0;0.1;0.0;0.0;0.1;0.1;0.1;0.0;0.09784320914378185;0.1;0.0;0.0;0.0;0.1;0.1;0.1;0.1;0.0;0.0;0.1;0.0;0.0;0.1;0.0;0.1;0.1;0.1;0.1;0.1;0.0;0.0;0.0;0.1;0.1;0.1;0.0;0.0;0.0;0.0;0.0;0.1;0.1;0.1;0.1;0.1;0.0;0.1;0.1;0.1;0.0;0.0;0.1;0.1;0.0;0.0;0.0;0.0;0.0;0.0;0.0;0.1;0.1;0.1;0.0;0.0;0.0;0.0;0.1;0.1;0.1;0.1;0.1;0.1;0.0;0.0;0.1;0.1;0.0;0.0;0.0;0.0;0.0;0.0;0.1;0.1;0.0;0.1;0.1;0.0;0.0;0.0;0.0;0.0;0.0;0.0;0.0;0.0;0.0;0.0;0.1;0.0;0.1;0.0;0.1;0.0;0.0;0.0;0.1;0.1;0.1;0.0;0.0;0.0;0.0,0.719828697,0.215911865234375,0.0,0.0,0.489719273,0.254254212,0.16307657599999997,0.15241289138793945,0.32664269700000004,0.23546506100000003,0.225266286,9626,169,169,0,4052,0,1592,694,3119,3021,0,0,3,4804,4706,98,3119,1587,0,1764,98,1177,4607,1,1294,,0.0
494,INFEASIBLE,certified_no_adversarial_example,feasibility,false,false,false,false,,,,0.850418783,0.026516199111938477,0.0,0.0,0.809118691,0.5414022709999999,0.39394307100000003,0.3786802291870117,0.41517561999999997,0.26771642000000007,0.039029323,9626,242,242,0,4117,0,1554,704,3009,8614,0,0,3,4804,4638,166,3009,1629,0,1903,168,1454,5092,,557,0,
495,INFEASIBLE,certified_no_adversarial_example,feasibility,false,false,false,false,,,,0.779018808,0.044280290603637695,0.0,0.0,0.721042414,0.41270261999999996,0.28877176899999996,0.275559663772583,0.43227064500000006,0.30833979400000006,0.055699886,9626,220,220,0,4045,0,1567,649,3145,5692,0,0,3,4804,4672,132,3145,1527,0,1836,135,1320,4857,,851,0,
496,OPTIMAL,adversarial_example_found_or_best_known,feasibility,true,true,true,true,-6.8833827526759706e-15,-2.6187141603886857;-14.549264337859169;0.07604350001354865;-3.8836380977639227;-8.14544501298775;-7.976831023767598;-2.029881038141726;-16.9483127418868;0.07604350001355553;-8.828294014627533,0.1;0.0;0.0;0.1;0.1;0.1;0.1;0.0;0.0;0.1;0.1;0.1;0.0;0.1;0.1;0.0;0.0;0.0;0.0;0.1;0.1;0.0;0.0;0.1;0.1;0.0;0.0;0.1;0.0;0.0;0.0;0.0;0.1;0.1;0.0;0.1;0.0;0.1;0.1;0.1;0.0;0.0;0.0;0.1;0.1;0.1;0.1;0.1;0.0;0.1;0.0;0.0;0.0;0.1;0.0;0.0;0.1;0.0;0.0;0.1;0.1;0.0;0.0;0.0;0.0;0.0;0.1;0.1;0.1;0.0;0.0;0.0;0.0;0.0;0.0;0.1;0.1;0.1;0.1;0.1;0.1;0.1;0.1;0.0;0.1;0.1;0.0;0.1;0.0;0.0;0.0;0.0;0.0;0.0;0.0;0.1;0.1;0.0;0.0;0.0;0.1;0.0;0.1;0.0;0.0;0.0;0.1;0.1;0.1;0.1;0.1;0.0;0.1;0.0;0.0;0.1;0.1;0.0;0.0;0.0;0.0;0.0;0.0;0.1;0.1;0.0;0.0;0.0;0.0;0.0;0.1;0.1;0.1;0.1;0.1;0.0;0.1;0.1;0.1;0.0;0.0;0.0;0.0;0.0;0.0;0.1;0.0;0.1;0.0;0.0;0.0;0.0;0.0;0.0;0.0;0.0;0.0;0.0;0.0;0.0;0.0;0.0;0.1;0.1;0.1;0.1;0.1;0.0;0.1;0.0;0.0;0.1;0.1;0.1;0.1;0.1;0.1;0.0;0.0;0.1;0.1;0.0;0.0;0.1;0.0;0.28823529411764703;0.4372549019607843;0.2333333333333333;0.2333333333333333;0.009803921568627444;0.1;0.0;0.1;0.1;0.1;0.0;0.1;0.0;0.1;0.0;0.1;0.0;0.1;0.1;0.0;0.0;0.0;0.1;0.0;0.0;0.0;0.27647058823529413;0.6882352941176471;0.9901960784313725;1.0;0.8882352941176471;0.8882352941176471;0.7871780506900083;0.5666666666666667;0.0;0.1;0.1;0.0;0.0;0.1;0.0;0.0;0.0;0.0;0.0;0.0;0.1;0.1;0.0;0.0;0.1;0.0;0.0;0.692156862745098;0.8176470588235294;1.0;1.0;1.0;0.8882352941176471;1.0;0.8882352941176471;1.0;0.0;0.0;0.1;0.1;0.0;0.1;0.0;0.1;0.0;0.1;0.0;0.1;0.1;0.1;0.1;0.0;0.1;0.0;0.4966622131393872;0.8631426578206428;0.8882352941176471;0.8882352941176471;0.8882352941176471;0.8921568627450981;0.8882352941176471;0.8882352941176471;0.8882352941176471;1.0;0.0;0.0;0.0;0.1;0.1;0.1;0.0;0.0;0.0;0.0;0.0;0.0;0.1;0.1;0.5235294117647059;0.8921568627450981;1.0;0.8921568627450981;1.0;1.0;0.8921568627450981;0.8921568627450981;1.0;0.9;0.8450980392156863;1.0;1.0;0.8921568627450981;0.0;0.0;0.1;0.1;0.1;0.0;0.0;0.1;0.0;0.1;0.1;0.10278870227248944;0.4725490196078431;1.0;1.0;1.0;1.0;0.8882352941176471;1.0;0.8882352941176471;0.8882352941176471;0.6647058823529411;0.24901960784313723;0.0;0.5292664714872275;1.0;0.8882352941176471;0.8882352941176471;0.1;0.1;0.1;0.1;0.1;0.0;0.0;0.0;0.0;0.1;0.07647058823529412;0.511764705882353;1.0;0.8921568627450981;0.8882352941176471;1.0;1.0;0.8882352941176471;0.8921568627450981;0.8882352941176471;1.0;0.3549019607843137;0.0;0.09323790400778033;0.9823529411764705;1.0;0.8882352941176471;0.8882352941176471;0.0;0.0;0.0;0.0;0.1;0.0;0.1;0.0;0.1;0.0;0.896078431372549;0.8882352941176471;0.8882352941176471;1.0;0.8882352941176471;0.8764705882352941;0.36143479528018313;0.8635331618442995;1.0;1.0;0.4501716414243484;0.0;0.0;0.1020741369159182;0.9941176470588236;0.8882352941176471;0.8882352941176471;0.515686274509804;0.0;0.0;0.0;0.09925669981766179;0.0;0.0;0.1;0.1;0.0;0.5392156862745098;1.0;0.8882352941176471;1.0;1.0;0.7000000000000001;0.19803921568627453;0.0;0.896078431372549;1.0;1.0;0.42156862745098045;0.0;0.0;0.5431372549019607;0.8882352941176471;1.0;0.8882352941176471;0.38747991201604454;0.0;0.0;0.0;0.0;0.1;0.1;0.1;0.1;0.2712126965222221;0.8692627230920215;0.8921568627450981;0.8921568627450981;0.8921568627450981;1.0;0.10389845615575419;0.0;0.0;0.6490196078431373;0.9;1.0;0.8921568627450981;0.6725490196078431;0.0;0.9;0.8921568627450981;0.8921568627450981;0.7823529411764706;0.0;0.0;0.1;0.0;0.1;0.0;0.0;0.1;0.09641209667087423;1.0;0.8882352941176471;1.0;0.8882352941176471;0.8882352941176471;1.0;0.3901960784313726;0.0993418732094594;0.013725490196078424;0.8882352941176471;1.0;0.8965928086978834;0.8882352941176471;1.0;0.7823529411764706;1.0;0.8882352941176471;0.8882352941176471;0.7745098039215687;0.0;0.0;0.0;0.0;0.0;0.0;0.1;0.1;0.1;0.9705882352941176;1.0;0.8882352941176471;0.8882352941176471;0.8882352941176471;0.8921568627450981;0.7428762668870258;0.3235294117647059;0.5405744881753707;0.8882352941176471;1.0;0.8882352941176471;0.8882352941176471;0.8882352941176471;0.8882352941176471;0.8921568627450981;1.0;0.8882352941176471;0.7745098039215687;0.0;0.1;0.1;0.1;0.003981095508565351;0.1;0.0;0.1;0.09983184696676271;0.24901960784313726;0.9196078431372549;0.6686274509803921;1.0;0.8882352941176471;1.0;0.8882352941176471;1.0;0.8882352941176471;1.0;0.8921568627450981;1.0;0.8882352941176471;1.0;0.8882352941176471;1.0;1.0;0.8607843137254902;0.37450980392156863;0.0;0.1;0.1;0.1;0.1;0.0;0.1;0.0;0.1;0.0;0.1;0.0;0.45686274509803926;0.8882352941176471;1.0;1.0;0.8882352941176471;0.8882352941176471;0.8882352941176471;1.0;0.8895988688564669;1.0;0.8882352941176471;0.8882352941176471;0.8921568627450981;0.8882352941176471;0.36274509803921573;0.0;0.0;0.053129719544308826;0.0;0.1;0.1;0.0;0.1;0.1;0.1;0.0;0.1;0.1;0.0;0.4529411764705883;1.0;0.8921568627450981;0.8921568627450981;0.8921568627450981;1.0;0.20980392156862746;0.09235176771469482;0.4294117647058824;1.0;0.8921568627450981;1.0;0.20588235294117646;0.0;0.1;0.0;0.0;0.0;0.1;0.1;0.0;0.1;0.1;0.1;0.1;0.1;0.0;0.1;0.36922286377087055;0.5588235294117647;0.8529411764705882;0.8865648778272261;0.6223507299575114;0.4490196078431372;0.0;0.1;0.1041592262734159;0.5784313725490197;0.7549019607843137;0.515686274509804;0.0;0.0;0.1;0.1;0.0;0.09450670071205448;0.1;0.1;0.1;0.1;0.0;0.1;0.1;0.1;0.1;0.1;0.0;0.0;0.2803921568627451;0.19019607843137257;0.0;0.0;0.1;0.1;0.0;0.0;0.1;0.09948018720219814;0.1;0.1;0.1;0.1;0.0;0.0;0.1;0.1;0.1;0.1;0.0;0.09617567264796939;0.0;0.0;0.1;0.1;0.1;0.1;0.1;0.0;0.1;0.0;0.0;0.0825143473859541;0.0;0.0;0.0;0.1;0.0;0.1;0.1;0.1;0.0;0.1;0.0;0.1;0.0;0.1;0.0;0.0;0.1;0.1;0.1;0.1;0.1;0.1;0.0;0.0;0.0;0.0;0.0;0.0;0.1;0.1;0.1;0.1;0.0;0.1;0.1;0.1;0.0;0.0;0.0;0.0;0.1;0.1;0.1;0.1;0.0;0.1;0.1;0.1;0.1;0.1;0.1;0.0;0.0;0.0;0.0;0.04147652109648157;0.1;0.1;0.1;0.1;0.0;0.04118450966213464;0.1;0.0;0.1;0.0;0.1;0.1;0.0;0.0;0.1;0.1;0.1;0.1;0.1;0.1;0.1;0.1;0.1;0.0;0.0;0.0;0.0;0.0;0.1;0.1;0.1;0.1;0.0;0.0;0.1;0.1;0.1;0.1;0.0;0.0;0.1;0.0;0.1;0.1;0.1;0.05849286532699499;0.1;0.1;0.1;0.0;0.0;0.1;0.0;0.1;0.0;0.1;0.1;0.1;0.1;0.1;0.1;0.0;0.1;0.0;0.0;0.0;0.1;0.1;0.1,5.436845996,4.869349002838135,0.0,0.0,0.525652716,0.2809892,0.17930212700000003,0.16777849197387695,0.34635058899999993,0.24466351599999997,4.878955906,9626,175,175,0,4110,0,1584,682,3075,3911,0,0,3,4804,4706,98,3075,1631,0,1768,101,1184,4619,1,37668,,0.0
497,INFEASIBLE,certified_no_adversarial_example,feasibility,false,false,false,false,,,,0.647649582,0.027816057205200195,0.0,0.0,0.606706529,0.37248686099999995,0.257469513,0.24488234519958496,0.349237016,0.23421966800000005,0.038558727,9626,203,203,0,4025,0,1573,649,3176,6115,0,0,3,4804,4686,118,3176,1510,0,1807,120,1262,4756,,581,0,
498,INFEASIBLE,certified_no_adversarial_example,feasibility,false,false,false,false,,,,0.712162595,0.14463138580322266,0.0,0.0,0.556089044,0.28289474299999995,0.180698656,0.1703040599822998,0.375390388,0.2731943010000001,0.153709982,9626,153,153,0,4013,0,1600,650,3210,3699,0,0,3,4804,4714,90,3210,1504,0,1751,92,1150,4560,,1054,0,
499,INFEASIBLE,certified_no_adversarial_example,feasibility,false,false,false,false,,,,0.723700936,0.030776262283325195,0.0,0.0,0.679652154,0.410389275,0.291018405,0.27747368812561035,0.38863374900000003,0.269262879,0.041648643,9626,201,201,0,4054,0,1574,675,3122,6427,0,0,3,4804,4671,133,3122,1549,0,1837,135,1322,4861,,651,0,
500,INFEASIBLE,certified_no_adversarial_example,feasibility,false,false,false,false,,,,0.539038386,0.017626047134399414,0.0,0.0,0.509676035,0.284853638,0.176100736,0.16559290885925293,0.33357529900000005,0.224822397,0.026916671,9626,155,155,0,4010,0,1599,653,3209,4286,0,0,3,4804,4700,104,3209,1491,0,1779,106,1206,4658,,467,0,
