sample_index,solve_status,semantic_outcome,adversarial_example_objective,witness_available,witness_target_verified,witness_perturbation_verified,witness_verified,witness_margin,witness_output,perturbed_input_value,total_time_seconds,solve_time_seconds,objective_value,objective_bound,formulation_time_seconds,bound_tightening_time_seconds,bound_solver_wall_time_seconds,bound_solver_reported_time_seconds,formulation_excluding_bound_solver_time_seconds,formulation_residual_time_seconds,main_solve_wall_time_seconds,bound_request_count,bound_solver_call_count,bound_optimal_count,bound_time_limit_count,bound_interval_arithmetic_count,bound_constant_expression_count,bound_interval_cutoff_count,bound_upper_skipped_count,bound_lower_skipped_count,bound_simplex_iterations,bound_barrier_iterations,bound_node_count,relu_layer_count,relu_total_count,relu_stable_count,relu_unstable_count,relu_zero_output_count,relu_linear_in_input_count,relu_constant_output_count,num_variables,num_binary_variables,num_structural_constraints,num_total_constraints,main_node_count,main_simplex_iterations,main_barrier_iterations,main_relative_gap
1,INFEASIBLE,certified_no_adversarial_example,feasibility,false,false,false,false,,,,9.568408413,0.022636890411376953,0.0,0.0,8.484497101,2.5574439809999996,0.547367875,0.17732524871826172,7.937129226000001,5.927053120000001,0.096738346,9626,197,197,0,4023,0,1575,645,3186,6081,0,0,3,4804,4689,115,3186,1503,0,1801,117,1250,4735,,639,0,
2,INFEASIBLE,certified_no_adversarial_example,feasibility,false,false,false,false,,,,0.414534838,0.017305612564086914,0.0,0.0,0.389209109,0.20698162099999998,0.134154218,0.1268002986907959,0.255054891,0.18222748800000002,0.024315469,9626,177,177,0,4059,0,1586,696,3108,4153,0,0,3,4804,4690,114,3108,1582,0,1800,117,1248,4731,,592,0,
3,INFEASIBLE,certified_no_adversarial_example,feasibility,false,false,false,false,,,,0.373188048,0.016050100326538086,0.0,0.0,0.350235782,0.19903303500000002,0.12815390799999998,0.12128782272338867,0.222081874,0.15120274699999997,0.022000243,9626,166,166,0,3974,0,1592,623,3271,3826,0,0,3,4804,4725,79,3271,1454,0,1730,82,1108,4486,,546,0,
4,INFEASIBLE,certified_no_adversarial_example,feasibility,false,false,false,false,,,,0.399819423,0.017000198364257812,0.0,0.0,0.374985835,0.208935222,0.13680741600000002,0.12932181358337402,0.23817841899999997,0.16605061299999999,0.02388459,9626,169,169,0,4089,0,1591,686,3091,4601,0,0,3,4804,4691,113,3091,1600,0,1797,115,1242,4721,,597,0,
5,INFEASIBLE,certified_no_adversarial_example,feasibility,false,false,false,false,,,,0.457922661,0.017740726470947266,0.0,0.0,0.431997049,0.272977676,0.184367704,0.1759028434753418,0.24762934500000003,0.15901937300000002,0.024987891,9626,248,248,0,4033,0,1546,660,3139,5546,0,0,3,4804,4676,128,3139,1537,0,1824,128,1297,4817,,588,0,
6,INFEASIBLE,certified_no_adversarial_example,feasibility,false,false,false,false,,,,0.350608853,0.010699987411499023,0.0,0.0,0.332827082,0.18679372100000002,0.11015472100000001,0.10373616218566895,0.22267236099999999,0.14603336099999997,0.016835487,9626,143,143,0,3993,0,1604,639,3247,3500,0,0,3,4804,4724,80,3247,1477,0,1731,82,1110,4490,,422,0,
7,INFEASIBLE,certified_no_adversarial_example,feasibility,false,false,false,false,,,,0.506902753,0.03253960609436035,0.0,0.0,0.465322132,0.302009593,0.20590990799999995,0.1970081329345703,0.2594122240000001,0.16331253899999998,0.040613386,9626,245,245,0,4041,0,1551,646,3143,6421,0,0,3,4804,4663,141,3143,1520,0,1853,143,1354,4917,,855,0,
8,INFEASIBLE,certified_no_adversarial_example,feasibility,false,false,false,false,,,,0.404251096,0.022766828536987305,0.0,0.0,0.373406116,0.21171739399999998,0.14178077699999994,0.13435077667236328,0.23162533900000007,0.16168872200000003,0.029892405,9626,182,182,0,4029,0,1584,651,3180,4757,0,0,3,4804,4688,116,3180,1508,0,1800,116,1249,4733,,765,0,
9,OPTIMAL,adversarial_example_found_or_best_known,feasibility,true,true,true,true,-8.43769498715119e-14,-8.954645192139795;-29.182656046143027;-13.292399335363116;-10.96671091015303;-10.64014799686884;3.939048069061358;3.9390480690612737;-20.003936508236986;-1.9900572027246186;-6.95653139689109,0.0;0.1;0.1;0.0;0.0;0.1;0.1;0.0;0.0;0.1;0.1;0.1;0.1;0.1;0.1;0.0;0.0;0.1;0.1;0.1;0.1;0.1;0.1;0.1;0.1;0.0;0.0;0.1;0.0;0.1;0.0;0.0;0.0;0.1;0.1;0.0;0.1;0.1;0.1;0.1;0.1;0.0;0.0;0.0;0.0;0.0;0.1;0.1;0.1;0.1;0.1;0.1;0.1;0.0;0.0;0.1;0.0;0.1;0.1;0.0;0.0;0.1;0.1;0.0;0.0;0.1;0.1;0.1;0.1;0.1;0.1;0.0;0.0;0.0;0.0;0.1;0.1;0.0;0.1;0.1;0.1;0.0;0.0;0.1;0.0;0.0;0.0;0.0;0.1;0.0;0.1;0.0;0.1;0.0;0.0;0.1;0.1;0.1;0.0;0.1;0.1;0.0;0.1;0.1;0.1;0.0;0.1;0.1;0.1;0.0;0.0;0.0;0.0;0.1;0.1;0.0;0.0;0.1;0.1;0.1;0.1;0.1;0.1;0.1;0.1;0.1;0.1;0.1;0.1;0.0;0.0;0.1;0.1;0.1;0.1;0.1;0.1;0.0;0.0;0.1;0.0;0.0;0.0;0.0;0.1;0.1;0.1;0.1;0.1;0.0;0.0;0.0;0.32713311919278754;0.6882352941176471;0.8176470588235294;0.9808818187592176;0.6450980392156862;0.11176470588235295;0.1;0.0;0.07005663199869551;0.1;0.1;0.1;0.1;0.0;0.06382867165721799;0.1;0.1;0.0;0.0;0.0;0.0;0.1;0.1;0.1;0.1;0.1;0.0;0.42156862745098045;0.8921568627450981;1.0;0.8921568627450981;1.0;1.0;0.307843137254902;0.1;0.1;0.1;0.1;0.1;0.1;0.1;0.0;0.0;0.1;0.0;0.0;0.0;0.0;0.0;0.1;0.1;0.0;0.1;0.14313725490196078;0.5941176470588235;0.9642733037507816;0.886473774970086;0.7823529411764706;0.8806230203372254;0.8921568627450981;1.0;0.9549019607843137;0.1;0.0;0.1;0.1;0.0;0.1;0.0;0.0;0.0;0.1;0.0;0.0;0.0;0.0;0.0;0.1;0.1;0.1;0.1784313725490196;0.907843137254902;0.8921568627450981;1.0;0.20980392156862746;0.1;0.39803921568627454;1.0;0.8921568627450981;0.9705882352941176;0.1;0.1;0.1;0.1;0.1;0.0;0.0;0.0;0.0;0.1;0.0;0.0;0.0;0.0;0.1;0.0;0.1;0.0;0.4176470588235295;1.0;0.6060324200071754;0.1588235294117647;0.1;0.0;0.29215686274509806;0.884313725490196;1.0;0.884313725490196;0.36274509803921573;0.0;0.1;0.0;0.0;0.1;0.0;0.0;0.0;0.1;0.0;0.0;0.0;0.1;0.1;0.1;0.1;0.0;0.18235294117647058;0.2058823529411765;0.10117370709864941;0.0;0.0;0.1;0.1;0.676470588235294;0.8921568627450981;1.0;0.38235294117647056;0.1;0.1;0.1;0.1;0.0;0.0;0.0;0.0;0.1;0.1;0.0;0.0;0.1;0.1;0.1;0.0;0.1;0.1;0.0;0.1;0.1;0.0;0.0;0.1;0.32612971038101;0.8921568627450981;1.0;0.8685560405962514;0.5705882352941176;0.296078431372549;0.10210707591578351;0.08441355491075873;0.1;0.0;0.0;0.0;0.0;0.1;0.0;0.0;0.1;0.1;0.1;0.10461620715395786;0.34705882352941175;0.12352941176470589;0.0;0.0;0.1;0.1;0.0;0.1;0.5745098039215686;0.9021741168886979;1.0;1.0;1.0;1.0;0.7549019607843137;0.10162385380734446;0.1;0.1;0.0;0.0;0.1;0.0;0.0;0.0;0.1;0.0;0.0;0.45686274509803926;0.8921568627450981;0.8333333333333334;0.22549019607843138;0.1;0.1;0.0;0.1;0.1;0.430222392602254;0.8921568627450981;1.0;0.8921568627450981;1.0;1.0;1.0;0.8058823529411765;0.1;0.0;0.0;0.0;0.0;0.0;0.0;0.0;0.1;0.1;0.0;0.8568627450980393;1.0;0.7901960784313725;0.0;0.0;0.1;0.1;0.1;0.1;0.2647058823529412;0.8921568627450981;1.0;0.8921568627450981;0.49607843137254903;1.0;0.8921568627450981;0.9472063657184634;0.4647058823529412;0.1;0.0;0.0;0.0;0.1;0.0;0.1;0.0;0.1;0.3941176470588236;0.8882352941176471;1.0;0.8333333333333334;0.21764705882352942;0.1;0.0;0.0;0.0;0.1;0.19159738646304075;0.8921568627450981;1.0;1.0;0.10403813166474013;0.6372549019607844;1.0;1.0;0.48431372549019613;0.0;0.1;0.0;0.0;0.0;0.0;0.0;0.1;0.0;0.5;0.8921568627450981;1.0;0.5588235294117647;0.0;0.0;0.1;0.1;0.1;0.0;0.43333333333333335;1.0;0.8921568627450981;0.8921568627450981;0.7431372549019608;0.8882352941176471;1.0;0.7666666666666667;0.18627450980392157;0.1;0.0;0.0;0.0;0.0;0.0;0.0;0.0;0.16666666666666669;0.7987913543467221;1.0;0.8921568627450981;0.38627450980392153;0.1;0.1;0.1;0.0;0.1;0.1;0.20980392156862746;0.8661790935420788;0.8921568627450981;1.0;1.0;1.0;1.0;0.6019607843137255;0.1;0.0;0.1;0.0;0.1;0.0;0.0;0.0;0.1;0.15565881935188744;0.8921568627450981;0.8921568627450981;1.0;0.17058823529411762;0.1;0.1;0.0;0.1;0.1;0.0;0.1;0.7588235294117647;0.8882352941176471;0.8921568627450981;1.0;1.0;0.7862745098039216;0.0;0.1;0.1;0.1;0.0;0.0;0.0;0.0;0.0;0.0;0.28431372549019607;1.0;1.0;0.8921568627450981;0.10369885538934423;0.1;0.1;0.0;0.1;0.0;0.1;0.0;0.1;0.5044731102074124;0.7862745098039216;0.6622574138234556;0.6566557903597533;0.0;0.1;0.1;0.0;0.0;0.0;0.0;0.0;0.0;0.0;0.1;0.28431372549019607;0.8921568627450981;0.8921568627450981;0.9352941176470588;0.14313725490196078;0.1;0.1;0.0;0.0;0.1;0.1;0.1;0.1;0.1;0.09976776779396392;0.0;0.0;0.0;0.0;0.1;0.1;0.1;0.0;0.0;0.0;0.0;0.0;0.1;0.1627450980392157;0.7918765786186254;0.8921568627450981;0.5666666666666667;0.1;0.0;0.1;0.0;0.1;0.1;0.1;0.1;0.1;0.1;0.1;0.1;0.1;0.1;0.1;0.1;0.07981062215262849;0.1;0.1;0.1;0.0;0.0;0.0;0.1;0.6058823529411764;1.0;0.8921568627450981;0.5666666666666667;0.0;0.0;0.1;0.1;0.1;0.1;0.1;0.1;0.1;0.1;0.0;0.0;0.1;0.1;0.1;0.1;0.1;0.1;0.1;0.0;0.1;0.0;0.0;0.1;0.43333333333333335;1.0;0.8921568627450981;0.5852105950157118;0.0;0.0;0.1;0.0;0.1;0.0;0.1;0.0;0.1;0.0;0.1;0.0;0.1;0.0;0.0;0.0;0.0;0.1;0.0;0.0;0.0;0.0;0.0;0.1;0.09567575173897519;1.0;0.8921568627450981;0.7666666666666666;0.0;0.0;0.1;0.0;0.0;0.1;0.1;0.1;0.1;0.1;0.1;0.1;0.1;0.1;0.1;0.0;0.0;0.1;0.1;0.1;0.0;0.0;0.0;0.1;0.1;0.1;0.1;0.1;0.009922704868730156;0.1;0.1;0.0;0.1;0.0;0.0;0.0;0.03473096401133993;0.0;0.1;0.1;0.1;0.1;0.09714823586387547;0.0;0.0;0.1;0.0;0.1;0.0;0.1;0.0;0.1;0.1;0.0;0.0;0.1;0.1;0.0;0.0;0.1;0.0;0.1;0.1;0.1;0.1;0.1;0.1;0.1;0.1;0.1;0.0;0.0;0.0;0.0;0.0;0.1;0.1;0.1;0.1;0.0;0.1;0.0;0.1;0.1;0.1;0.1;0.06619800878611491;0.0;0.0;0.1;0.0;0.0;0.0;0.0;0.1;0.1;0.0;0.1;0.0;0.0;0.0;0.0;0.0;0.0,1.704390016,0.48501157760620117,0.0,0.0,0.414085662,0.234737411,0.15869612700000002,0.1504378318786621,0.255389535,0.17934825100000001,0.492996417,9626,204,204,0,4072,0,1574,684,3092,5293,0,0,3,4804,4666,138,3092,1574,0,1844,138,1337,4887,1,1892,,0.0
10,INFEASIBLE,certified_no_adversarial_example,feasibility,false,false,false,false,,,,0.774053736,0.06573653221130371,0.0,0.0,0.684970366,0.364734249,0.24551036900000006,0.23552703857421875,0.439459997,0.32023611700000004,0.08795368,9626,244,244,0,4076,0,1552,655,3099,7692,0,0,3,4804,4654,150,3099,1555,0,1871,152,1390,4980,,712,0,
11,INFEASIBLE,certified_no_adversarial_example,feasibility,false,false,false,false,,,,0.473688348,0.017315387725830078,0.0,0.0,0.446443208,0.2766355,0.18121638699999995,0.1719989776611328,0.26522682100000006,0.169807708,0.025745361,9626,220,220,0,4068,0,1560,679,3099,5263,0,0,3,4804,4682,122,3099,1583,0,1816,125,1280,4787,,528,0,
12,INFEASIBLE,certified_no_adversarial_example,feasibility,false,false,false,false,,,,0.728384639,0.0369105339050293,0.0,0.0,0.679831899,0.47592572800000005,0.367366281,0.35605788230895996,0.31246561799999995,0.20390617099999991,0.047517009,9626,337,337,0,4078,0,1504,656,3051,10658,0,0,3,4804,4610,194,3051,1559,0,1961,198,1570,5294,,737,0,
13,INFEASIBLE,certified_no_adversarial_example,feasibility,false,false,false,false,,,,0.467874143,0.02296304702758789,0.0,0.0,0.436625357,0.283143521,0.17844145100000003,0.17028093338012695,0.25818390599999996,0.15348183599999998,0.030246117,9626,219,219,0,4036,0,1565,655,3151,5788,0,0,3,4804,4681,123,3151,1530,0,1819,127,1286,4797,,638,0,
14,INFEASIBLE,certified_no_adversarial_example,feasibility,false,false,false,false,,,,0.506642155,0.016959667205810547,0.0,0.0,0.474462536,0.30380848400000005,0.202955825,0.19414377212524414,0.271506711,0.17065405199999995,0.031216919,9626,227,227,0,4076,0,1561,683,3079,6620,0,0,3,4804,4659,145,3079,1580,0,1863,149,1374,4951,,516,0,
15,INFEASIBLE,certified_no_adversarial_example,feasibility,false,false,false,false,,,,0.310696576,0.007162332534790039,0.0,0.0,0.297218645,0.14559337,0.06014560499999999,0.05433368682861328,0.23707304,0.151625275,0.012507121,9626,96,96,0,3986,0,1628,661,3255,1339,0,0,3,4804,4757,47,3255,1502,0,1662,47,973,4250,,404,0,
16,INFEASIBLE,certified_no_adversarial_example,feasibility,false,false,false,false,,,,0.592935889,0.030542850494384766,0.0,0.0,0.552301481,0.36773222699999997,0.2512060690000001,0.24071407318115234,0.3010954119999999,0.18456925400000002,0.039593041,9626,270,270,0,4050,0,1536,700,3070,7915,0,0,3,4804,4648,156,3070,1578,0,1880,156,1409,5013,,652,0,
17,INFEASIBLE,certified_no_adversarial_example,feasibility,false,false,false,false,,,,0.671418785,0.02346038818359375,0.0,0.0,0.637832499,0.38908794300000005,0.25489438400000003,0.24485397338867188,0.382938115,0.248744556,0.03150949,9626,213,213,0,4052,0,1565,660,3136,6910,0,0,3,4804,4676,128,3136,1540,0,1828,131,1304,4829,,664,0,
18,INFEASIBLE,certified_no_adversarial_example,feasibility,false,false,false,false,,,,0.3786402,0.010895967483520508,0.0,0.0,0.359912094,0.19855979699999998,0.11870243,0.1113438606262207,0.24120966400000002,0.16135229700000003,0.017719808,9626,152,152,0,4038,0,1600,672,3164,3983,0,0,3,4804,4698,106,3164,1534,0,1780,106,1209,4663,,470,0,
19,INFEASIBLE,certified_no_adversarial_example,feasibility,false,false,false,false,,,,28.24911157,27.696077346801758,,0.0,0.543192436,0.365764633,0.24033765400000007,0.23062586784362793,0.30285478199999993,0.177427803,27.704948884,9626,267,267,0,4102,0,1540,691,3026,7486,0,0,3,4804,4633,171,3026,1607,0,1913,173,1474,5127,,1675,0,
20,INFEASIBLE,certified_no_adversarial_example,feasibility,false,false,false,false,,,,0.685110233,0.026994943618774414,0.0,0.0,0.648186779,0.481786889,0.24659447199999998,0.23734354972839355,0.40159230700000004,0.16639989,0.035922537,9626,296,296,0,4021,0,1526,639,3144,7196,0,0,3,4804,4639,165,3144,1495,0,1898,165,1445,5076,,754,0,
21,INFEASIBLE,certified_no_adversarial_example,feasibility,false,false,false,false,,,,0.435364451,0.01694488525390625,0.0,0.0,0.41066367,0.260659244,0.16321765000000002,0.15616297721862793,0.24744601999999996,0.15000442599999997,0.023712373,9626,162,162,0,4052,0,1595,664,3153,5129,0,0,3,4804,4695,109,3153,1542,0,1790,112,1228,4696,,550,0,
22,INFEASIBLE,certified_no_adversarial_example,feasibility,false,false,false,false,,,,0.483966136,0.01775217056274414,0.0,0.0,0.4582717,0.288594975,0.198946607,0.1910088062286377,0.259325093,0.16967672500000003,0.024762594,9626,180,180,0,4041,0,1586,673,3146,6377,0,0,3,4804,4687,117,3146,1541,0,1802,117,1253,4740,,558,0,
23,INFEASIBLE,certified_no_adversarial_example,feasibility,false,false,false,false,,,,0.561700241,0.023844242095947266,0.0,0.0,0.523592606,0.337640892,0.24241982200000006,0.23238515853881836,0.28117278399999995,0.185951714,0.037121521,9626,255,255,0,4047,0,1546,670,3108,6195,0,0,3,4804,4662,142,3108,1554,0,1857,146,1362,4930,,551,0,
24,INFEASIBLE,certified_no_adversarial_example,feasibility,false,false,false,false,,,,0.475659676,0.015863656997680664,0.0,0.0,0.450922651,0.28215592300000003,0.18642413500000005,0.17772817611694336,0.26449851599999996,0.16876672799999998,0.023751151,9626,208,208,0,4045,0,1571,678,3124,6434,0,0,3,4804,4668,136,3124,1544,0,1844,139,1336,4885,,511,0,
25,INFEASIBLE,certified_no_adversarial_example,feasibility,false,false,false,false,,,,0.475042817,0.021922826766967773,0.0,0.0,0.444390807,0.284637327,0.191446486,0.1829996109008789,0.25294432099999997,0.15975348,0.029662551,9626,226,226,0,4011,0,1560,665,3164,6493,0,0,3,4804,4670,134,3164,1506,0,1839,136,1326,4868,,639,0,
26,INFEASIBLE,certified_no_adversarial_example,feasibility,false,false,false,false,,,,0.452929754,0.01712512969970703,0.0,0.0,0.42706483,0.243070293,0.16572454,0.15722084045410156,0.26134029000000003,0.183994537,0.024901582,9626,218,218,0,4145,0,1563,715,2985,5001,0,0,3,4804,4667,137,2985,1682,0,1842,137,1333,4880,,598,0,
27,INFEASIBLE,certified_no_adversarial_example,feasibility,false,false,false,false,,,,0.433757367,0.018968582153320312,0.0,0.0,0.406464064,0.23433393000000002,0.15708220700000003,0.1489391326904297,0.24938185699999998,0.172130134,0.026309843,9626,204,204,0,4006,0,1573,662,3181,4739,0,0,3,4804,4691,113,3181,1510,0,1794,113,1237,4712,,641,0,
28,INFEASIBLE,certified_no_adversarial_example,feasibility,false,false,false,false,,,,0.551054252,0.01806640625,0.0,0.0,0.525564104,0.22996046200000003,0.127601349,0.11978816986083984,0.397962755,0.29560364199999994,0.02449493,9626,166,166,0,4023,0,1593,674,3170,3633,0,0,3,4804,4709,95,3170,1539,0,1758,95,1165,4586,,659,0,
29,INFEASIBLE,certified_no_adversarial_example,feasibility,false,false,false,false,,,,0.454660159,0.01856684684753418,0.0,0.0,0.426494452,0.263441755,0.18029723299999995,0.17191004753112793,0.24619721900000008,0.16305269700000002,0.02720473,9626,216,216,0,4088,0,1568,691,3063,5392,0,0,3,4804,4661,143,3063,1598,0,1858,146,1364,4934,,606,0,
30,INFEASIBLE,certified_no_adversarial_example,feasibility,false,false,false,false,,,,0.341960866,0.009666204452514648,0.0,0.0,0.325666031,0.167715479,0.10100174699999999,0.09431862831115723,0.22466428400000005,0.15795055200000002,0.015348038,9626,156,156,0,3985,0,1597,638,3250,2759,0,0,3,4804,4728,76,3250,1478,0,1720,76,1089,4453,,454,0,
31,INFEASIBLE,certified_no_adversarial_example,feasibility,false,false,false,false,,,,0.391783971,0.015379905700683594,0.0,0.0,0.368561947,0.205408183,0.134460394,0.127089262008667,0.234101553,0.163153764,0.022272143,9626,174,174,0,4040,0,1589,665,3158,4197,0,0,3,4804,4696,108,3158,1538,0,1787,110,1222,4686,,519,0,
32,INFEASIBLE,certified_no_adversarial_example,feasibility,false,false,false,false,,,,0.296286848,0.00981450080871582,0.0,0.0,0.280270924,0.138463897,0.06995144000000002,0.06451678276062012,0.21031948399999995,0.14180702699999997,0.015048498,9626,110,110,0,3971,0,1621,646,3278,1914,0,0,3,4804,4746,58,3278,1468,0,1684,58,1017,4327,,496,0,
33,INFEASIBLE,certified_no_adversarial_example,feasibility,false,false,false,false,,,,0.401407871,0.012487649917602539,0.0,0.0,0.381324342,0.23363141999999998,0.140174752,0.13258767127990723,0.24114958999999997,0.147692922,0.019112637,9626,182,182,0,4054,0,1580,687,3123,4905,0,0,3,4804,4696,108,3123,1573,0,1784,108,1217,4677,,505,0,
34,INFEASIBLE,certified_no_adversarial_example,feasibility,false,false,false,false,,,,0.5896743,0.11687755584716797,0.0,0.0,0.463658457,0.29450105000000004,0.20578762799999994,0.1969285011291504,0.2578708290000001,0.16915740699999998,0.125066413,9626,255,255,0,4053,0,1547,681,3090,6879,0,0,3,4804,4642,162,3090,1552,0,1895,164,1438,5064,,834,0,
35,INFEASIBLE,certified_no_adversarial_example,feasibility,false,false,false,false,,,,0.403786242,0.02161383628845215,0.0,0.0,0.374263762,0.208032817,0.132563095,0.1253960132598877,0.241700667,0.166230945,0.028585279,9626,165,165,0,4047,0,1593,679,3142,4721,0,0,3,4804,4695,109,3142,1553,0,1790,112,1228,4696,,775,0,
36,INFEASIBLE,certified_no_adversarial_example,feasibility,false,false,false,false,,,,0.481400009,0.016829967498779297,0.0,0.0,0.455559042,0.278910267,0.19229175099999998,0.18384861946105957,0.263267291,0.17664877500000004,0.024917016,9626,225,225,0,4078,0,1561,691,3071,6622,0,0,3,4804,4658,146,3071,1587,0,1864,149,1376,4955,,530,0,
37,INFEASIBLE,certified_no_adversarial_example,feasibility,false,false,false,false,,,,0.595131967,0.03359484672546387,0.0,0.0,0.553525443,0.261462678,0.156903864,0.1493384838104248,0.39662157899999995,0.29206276499999995,0.040663234,9626,187,187,0,4039,0,1583,686,3131,5401,0,0,3,4804,4682,122,3131,1551,0,1816,125,1280,4787,,1007,0,
38,INFEASIBLE,certified_no_adversarial_example,feasibility,false,false,false,false,,,,0.386355317,0.012829780578613281,0.0,0.0,0.366154212,0.22637362300000002,0.149690174,0.1430954933166504,0.21646403799999997,0.13978058899999996,0.019265206,9626,156,156,0,3996,0,1597,646,3231,4648,0,0,3,4804,4716,88,3231,1485,0,1747,90,1142,4546,,474,0,
39,INFEASIBLE,certified_no_adversarial_example,feasibility,false,false,false,false,,,,0.48705239,0.029295682907104492,0.0,0.0,0.449119346,0.290715381,0.188115261,0.18016386032104492,0.26100408499999994,0.15840396499999998,0.036999016,9626,207,207,0,4037,0,1573,673,3136,6959,0,0,3,4804,4664,140,3136,1528,0,1852,143,1352,4913,,778,0,
40,INFEASIBLE,certified_no_adversarial_example,feasibility,false,false,false,false,,,,0.387004985,0.01386404037475586,0.0,0.0,0.365652207,0.225604861,0.139448072,0.13296818733215332,0.226204135,0.14004734600000002,0.02041786,9626,161,161,0,4012,0,1596,644,3213,4911,0,0,3,4804,4702,102,3213,1489,0,1772,102,1193,4635,,486,0,
41,INFEASIBLE,certified_no_adversarial_example,feasibility,false,false,false,false,,,,0.41813091,0.025594711303710938,0.0,0.0,0.385135533,0.23106024200000003,0.14779780699999998,0.1407942771911621,0.237337726,0.15407529099999995,0.032040139,9626,195,195,0,3964,0,1579,622,3266,3507,0,0,3,4804,4704,100,3266,1438,0,1771,102,1190,4630,,723,0,
42,INFEASIBLE,certified_no_adversarial_example,feasibility,false,false,false,false,,,,0.544502193,0.035188913345336914,0.0,0.0,0.500387595,0.32894827699999996,0.23143964100000003,0.22287368774414062,0.26894795399999993,0.171439318,0.043160832,9626,227,227,0,4017,0,1561,651,3170,7303,0,0,3,4804,4671,133,3170,1501,0,1838,136,1324,4864,,923,0,
43,INFEASIBLE,certified_no_adversarial_example,feasibility,false,false,false,false,,,,0.346591161,0.013847827911376953,0.0,0.0,0.325782192,0.176395353,0.09802839999999999,0.09177970886230469,0.22775379200000004,0.14938683900000002,0.019817086,9626,134,134,0,4027,0,1608,675,3182,2779,0,0,3,4804,4730,74,3182,1548,0,1716,74,1081,4439,,581,0,
44,INFEASIBLE,certified_no_adversarial_example,feasibility,false,false,false,false,,,,0.409136528,0.02123546600341797,0.0,0.0,0.379917146,0.220670248,0.141078826,0.1335899829864502,0.23883832,0.15924689799999997,0.028240848,9626,202,202,0,4006,0,1572,651,3195,4917,0,0,3,4804,4689,115,3195,1494,0,1804,120,1256,4744,,667,0,
45,INFEASIBLE,certified_no_adversarial_example,feasibility,false,false,false,false,,,,0.397102581,0.020224332809448242,0.0,0.0,0.369156135,0.21301341800000004,0.13527065000000002,0.12800240516662598,0.23388548499999998,0.15614271699999996,0.027002394,9626,181,181,0,4020,0,1586,650,3189,4272,0,0,3,4804,4690,114,3189,1501,0,1796,114,1241,4719,,687,0,
46,INFEASIBLE,certified_no_adversarial_example,feasibility,false,false,false,false,,,,3.949563539,3.2964653968811035,,0.0,0.643021271,0.47847312,0.342533133,0.33228254318237305,0.30048813799999996,0.16454815099999998,3.305571897,9626,302,302,0,4045,0,1522,657,3100,10511,0,0,3,4804,4622,182,3100,1522,0,1937,186,1522,5210,,1697,0,
47,INFEASIBLE,certified_no_adversarial_example,feasibility,false,false,false,false,,,,0.482536949,0.011262655258178711,0.0,0.0,0.463985778,0.32666742400000004,0.11734106,0.11072349548339844,0.346644718,0.13731835399999998,0.017593719,9626,173,173,0,4009,0,1588,641,3215,3617,0,0,3,4804,4709,95,3215,1494,0,1762,98,1172,4598,,422,0,
48,INFEASIBLE,certified_no_adversarial_example,feasibility,false,false,false,false,,,,0.542911778,0.0279388427734375,0.0,0.0,0.506103951,0.32855133,0.22662923899999998,0.21767640113830566,0.27947471200000007,0.17755262100000008,0.035848513,9626,259,259,0,4032,0,1544,656,3135,8199,0,0,3,4804,4652,152,3135,1517,0,1877,156,1402,5000,,745,0,
49,INFEASIBLE,certified_no_adversarial_example,feasibility,false,false,false,false,,,,0.418088136,0.017425060272216797,0.0,0.0,0.392985942,0.22903332599999998,0.147866316,0.1405174732208252,0.24511962599999998,0.163952616,0.024175248,9626,193,193,0,4087,0,1578,670,3098,4769,0,0,3,4804,4684,120,3098,1586,0,1808,120,1265,4761,,619,0,
50,INFEASIBLE,certified_no_adversarial_example,feasibility,false,false,false,false,,,,0.526834154,0.03299760818481445,0.0,0.0,0.484661573,0.316231604,0.22567862800000002,0.21687936782836914,0.25898294499999996,0.168429969,0.041232325,9626,257,257,0,4048,0,1547,659,3115,7226,0,0,3,4804,4641,163,3115,1526,0,1894,163,1437,5062,,872,0,
51,INFEASIBLE,certified_no_adversarial_example,feasibility,false,false,false,false,,,,0.459417349,0.01590251922607422,0.0,0.0,0.43543337,0.28530204299999995,0.19383344400000002,0.18605256080627441,0.24159992599999996,0.15013132700000004,0.023044474,9626,214,214,0,4039,0,1563,649,3161,6921,0,0,3,4804,4682,122,3161,1521,0,1815,124,1278,4784,,468,0,
52,INFEASIBLE,certified_no_adversarial_example,feasibility,false,false,false,false,,,,0.485166524,0.014256477355957031,0.0,0.0,0.462241931,0.30296390500000003,0.20030340900000002,0.19198203086853027,0.261938522,0.15927802599999996,0.021951769,9626,228,228,0,4097,0,1561,692,3048,6393,0,0,3,4804,4665,139,3048,1617,0,1850,142,1348,4906,,478,0,
53,INFEASIBLE,certified_no_adversarial_example,feasibility,false,false,false,false,,,,0.581698664,0.01652669906616211,0.0,0.0,0.555668636,0.397083933,0.29006357699999996,0.28093409538269043,0.2656050590000001,0.15858470300000005,0.025056763,9626,245,245,0,4063,0,1551,681,3086,8837,0,0,3,4804,4646,158,3086,1560,0,1887,160,1422,5036,,505,0,
54,INFEASIBLE,certified_no_adversarial_example,feasibility,false,false,false,false,,,,0.65790258,0.13835477828979492,0.0,0.0,0.509916506,0.34294211599999996,0.240634022,0.23113417625427246,0.26928248400000004,0.16697439000000008,0.147003546,9626,283,283,0,4041,0,1531,663,3108,7555,0,0,3,4804,4632,172,3108,1524,0,1917,176,1482,5140,,773,0,
55,INFEASIBLE,certified_no_adversarial_example,feasibility,false,false,false,false,,,,0.606195594,0.04316568374633789,0.0,0.0,0.547004973,0.36774962000000005,0.2640787,0.2546236515045166,0.28292627299999995,0.1792553529999999,0.058233491,9626,253,253,0,4098,0,1546,677,3052,8610,0,0,3,4804,4643,161,3052,1591,0,1894,164,1436,5060,,1103,0,
56,INFEASIBLE,certified_no_adversarial_example,feasibility,false,false,false,false,,,,0.416760588,0.01700901985168457,0.0,0.0,0.392014693,0.235356591,0.128963139,0.12154746055603027,0.263051554,0.15665810200000002,0.023790167,9626,176,176,0,4051,0,1586,690,3123,4240,0,0,3,4804,4698,106,3123,1575,0,1780,106,1209,4663,,652,0,
57,INFEASIBLE,certified_no_adversarial_example,feasibility,false,false,false,false,,,,0.554469611,0.01262521743774414,0.0,0.0,0.534152082,0.379127281,0.15417493599999998,0.14654302597045898,0.379977146,0.155024801,0.019378394,9626,191,191,0,4059,0,1579,674,3123,5111,0,0,3,4804,4691,113,3123,1568,0,1794,113,1237,4712,,516,0,
58,INFEASIBLE,certified_no_adversarial_example,feasibility,false,false,false,false,,,,0.309629351,0.011400461196899414,0.0,0.0,0.29102438,0.156174979,0.08916256699999998,0.08310818672180176,0.20186181300000006,0.13484940100000004,0.017659587,9626,140,140,0,3974,0,1607,641,3264,2660,0,0,3,4804,4728,76,3264,1464,0,1725,80,1098,4468,,426,0,
59,INFEASIBLE,certified_no_adversarial_example,feasibility,false,false,false,false,,,,0.510623951,0.016631364822387695,0.0,0.0,0.485460166,0.32850441399999997,0.21029274900000003,0.20258855819702148,0.275167417,0.15695575200000006,0.024231601,9626,202,202,0,4058,0,1575,664,3127,6942,0,0,3,4804,4676,128,3127,1549,0,1828,131,1304,4829,,533,0,
60,INFEASIBLE,certified_no_adversarial_example,feasibility,false,false,false,false,,,,0.468660104,0.019434690475463867,0.0,0.0,0.440624966,0.286567289,0.18199490699999998,0.17386221885681152,0.258630059,0.154057677,0.027089784,9626,213,213,0,4006,0,1566,642,3199,6764,0,0,3,4804,4678,126,3199,1479,0,1829,134,1306,4830,,545,0,
61,INFEASIBLE,certified_no_adversarial_example,feasibility,false,false,false,false,,,,0.337276854,0.013397932052612305,0.0,0.0,0.317157073,0.173105113,0.09449466,0.08833599090576172,0.222662413,0.14405196,0.019181118,9626,160,160,0,4028,0,1597,670,3171,2354,0,0,3,4804,4724,80,3171,1553,0,1728,80,1105,4481,,556,0,
62,INFEASIBLE,certified_no_adversarial_example,feasibility,false,false,false,false,,,,0.481892835,0.022806167602539062,0.0,0.0,0.450215424,0.272702146,0.19400768000000004,0.1854844093322754,0.2562077439999999,0.177513278,0.030745607,9626,238,238,0,4081,0,1555,668,3084,6482,0,0,3,4804,4657,147,3084,1573,0,1868,152,1384,4968,,626,0,
63,OPTIMAL,adversarial_example_found_or_best_known,feasibility,true,true,true,true,-1.6431300764452317e-14,-10.47494930306167;-17.58397070361318;-8.365641864850035;-7.994449595596805;-7.323441959929384;-2.261638222985611;-7.4925546694888965;-6.969149455101245;-1.8996120402350263;-1.8996120402350098,0.1;0.0;0.0;0.1;0.1;0.0;0.0;0.1;0.1;0.0;0.0;0.0;0.0;0.1;0.1;0.1;0.1;0.0;0.0;0.1;0.1;0.0;0.0;0.1;0.1;0.0;0.0;0.1;0.1;0.0;0.0;0.1;0.0;0.0;0.0;0.1;0.1;0.0;0.0;0.0;0.0;0.0;0.0;0.1;0.1;0.1;0.0;0.1;0.1;0.0;0.0;0.1;0.0;0.0;0.0;0.0;0.1;0.0;0.0;0.1;0.1;0.0;0.0;0.1;0.1;0.0;0.0;0.0;0.0;0.0;0.0;0.1;0.1;0.0;0.0;0.1;0.1;0.0;0.0;0.1;0.1;0.0;0.0;0.0;0.02366637694755408;0.1;0.0;0.1;0.0;0.1;0.0;0.1;0.0;0.1;0.0;0.1;0.0;0.1;0.0;0.0;0.0;0.0;0.0;0.1;0.0;0.0;0.1;0.1;0.0;0.1;0.0;0.0;0.1;0.1;0.0;0.0;0.0;0.0;0.0;0.1;0.0;0.0;0.0;0.1;0.1;0.0;0.0;0.0;0.0;0.0;0.0;0.1;0.1;0.0;0.0;0.1;0.1;0.0;0.0;0.0;0.0;0.0;0.0;0.1;0.1;0.1;0.1;0.1;0.1;0.1;0.0;0.1;0.1;0.1;0.0;0.0;0.0;0.0;0.0;0.1;0.1;0.0;0.1;0.1;0.1;0.1;0.0;0.1;0.0;0.0;0.0;0.0;0.0;0.0;0.0;0.0;0.1;0.0;0.0;0.1;0.1;0.1;0.0;0.1;0.0;0.0;0.0;0.1;0.1;0.0;0.0;0.1;0.1;0.1;0.1;0.0;0.0;0.1;0.0;0.0;0.0;0.0;0.1;0.0;0.1;0.0;0.1;0.0;0.1;0.1;0.0;0.1;0.1;0.0;0.1;0.1;0.1;0.0;0.1;0.1;0.1;0.1;0.1;0.0;0.1;0.0;0.0;0.0;0.0;0.1;0.0;0.0;0.0;0.0;0.0;0.033333333333333326;0.0;0.1;0.1;0.0;0.0;0.0;0.0;0.1;0.1;0.0;0.1;0.1;0.1;0.1;0.1;0.0;0.0;0.0;0.0;0.0;0.0;0.0;0.0;0.3666666666666667;0.7509803921568627;0.7989460154735298;0.8949942343615749;0.8647058823529412;0.7588235294117647;0.4137254901960784;0.2215686274509804;-0.0;0.0;0.0;0.1;0.0;0.0;0.0;0.1;0.1;0.1;0.1;0.1;0.1;0.0;0.0;0.0;0.1;0.1;0.0;0.6568627450980392;0.9705882352941176;0.8232539394210828;0.5235294117647059;0.4516987816800274;0.40980392156862744;0.9027335683345361;0.8960784313725491;0.8960784313725491;0.6686274509803922;0.3313725490196079;0.0;0.0;0.1;0.1;0.0;0.0;0.1;0.1;0.1;0.1;0.0;0.0;0.1;0.0;0.1;0.0;0.1;0.8960784313725491;0.2176470588235294;0.0;0.0;0.1;0.0;0.10573828169733854;0.4882352941176471;0.5196078431372549;0.9941176470588236;0.8960784313725491;0.8022460424409157;0.16666666666666669;0.1;0.0;0.0;0.1;0.1;0.1;0.0;0.1;0.0;0.1;0.0;0.0;0.1;0.1;0.0;0.7000000000000001;0.19019607843137257;0.0;0.0;0.0;0.1;0.1;0.1;0.1;0.0;0.40588235294117647;1.0;0.5549019607843138;0.1;0.1;0.0;0.0;0.1;0.1;0.1;0.1;0.0;0.0;0.0;0.0;0.1;0.0;0.1;0.5745098039215687;0.5;0.0;0.0;0.1;0.0;0.1;0.0;0.0;0.1;0.10392156862745099;0.6176470588235294;0.676470588235294;0.1;0.0;0.0;0.1;0.1;0.1;0.1;0.1;0.0;0.1;0.0;0.0;0.1;0.1;0.0;0.6803921568627451;0.6254901960784314;0.0;0.0;0.0;0.1;0.1;0.0;0.0;0.0;0.09753295817186738;0.6372549019607844;0.18627450980392157;0.1;0.1;0.0;0.0;0.1;0.1;0.1;0.1;0.0;0.0;0.0;0.0;0.0;0.1;0.1;0.6490196078431373;0.8294117647058824;0.0;0.1;0.1;0.1;0.0;0.1;0.2333333333333333;0.503921568627451;0.7117647058823526;0.5862745098039216;0.4725490196078431;0.28823529411764703;0.28823529411764703;0.7549019607843137;0.6294117647058823;0.3077979262247386;0.28823529411764703;0.3941176470588236;0.0;0.0;0.1;0.0;0.0;0.1;0.1;0.1;0.45686274509803926;0.8294117647058824;0.0;0.1;0.1;0.1;0.6411764705882352;0.6411764705882353;0.7980392156862746;0.8960784313725491;0.9;0.8960784313725491;0.8960784313725491;0.8960784313725491;0.9354135103105574;0.8960784313725491;1.0;0.884313725490196;0.8647058823529412;0.7980392156862746;0.0;0.0;0.0;0.0;0.0;0.0;0.1;0.1;0.20588235294117646;0.8803921568627451;0.5509803921568628;0.1;0.1;0.1;0.17058823529411762;0.44509803921568625;0.24901960784313723;0.12352941176470589;0.12352941176470589;0.12352941176470589;0.12352941176470589;0.12352941176470589;0.3235294117647059;0.3235294117647059;0.10581125374718864;0.10392156862745097;0.0607843137254902;0.1;0.0;0.1;0.1;0.0;0.0;0.1;0.1;0.1;0.10784313725490197;0.8607843137254901;0.41764705882352937;0.1;0.1;0.0;0.0;0.0;0.0;0.0;0.0;0.0;0.0;0.1;0.0;0.0;0.0;0.1;0.1;0.1;0.1;0.0;0.1;0.0;0.0;0.0;0.1;0.0;0.1;0.21372549019607867;0.10623858885486773;0.0;0.1;0.0;0.1;0.1;0.1;0.0;0.1;0.0;0.0;0.0;0.1;0.0;0.1;0.1;0.0;0.1;0.0;0.0;0.1;0.0;0.0;0.0;0.0;0.1;0.1;0.1;0.1;0.0;0.1;0.1;0.1;0.1;0.1;0.0;0.0;0.0;0.0;0.0;0.0;0.0;0.0;0.1;0.1;0.1;0.1;0.0;0.0;0.0;0.0;0.0;0.1;0.0;0.1;0.1;0.1;0.0;0.1;0.0;0.1;0.1;0.1;0.0;0.0;0.0;0.0;0.0;0.0;0.0;0.0;0.0;0.0;0.054084178883985055;0.0;0.0;0.1;0.0;0.0;0.0;0.0;0.0;0.1;0.0;0.1;0.0;0.0;0.1;0.1;0.1;0.1;0.0;0.0;0.0;0.0;0.0;0.0;0.0;0.0;0.1;0.1;0.1;0.1;0.0;0.0;0.0;0.0;0.0;0.0;0.0;0.0;0.0;0.0;0.0;0.0;0.0;0.0;0.1;0.0;0.1;0.0;0.0;0.0;0.1;0.0;0.1;0.0;0.1;0.0;0.1;0.0;0.1;0.1;0.1;0.0;0.0;0.0;0.0;0.0;0.0;0.0;0.1;0.1;0.1;0.1;0.1;0.1;0.1;0.0;0.0;0.0;0.1;0.1;0.0;0.0;0.1;0.1;0.0;0.0;0.0;0.0;0.1;0.0;0.1;0.0;0.0;0.0;0.1;0.0;0.0;0.0;0.0;0.0;0.1;0.0;0.1;0.0;0.1;0.0;0.1;0.0;0.0;0.0;0.1;0.0;0.1;0.0;0.1;0.1;0.1;0.1;0.1;0.0;0.0;0.0;0.1;0.1;0.0;0.0;0.1;0.1;0.1;0.1;0.0;0.0;0.1;0.0;0.1;0.1;0.0;0.0;0.1;0.1;0.0;0.0;0.1;0.0;0.0;0.0;0.1;0.1;0.0;0.0;0.1;0.0;0.0;0.0;0.1;0.0;0.0;0.0;0.1;0.0;0.1;0.1;0.1;0.1;0.1;0.1;0.0;0.1;0.0;0.0;0.0,47.857342726,47.38494610786438,0.0,0.0,0.462514631,0.30391,0.21604572099999997,0.20735883712768555,0.24646891000000004,0.158604631,47.392761353,9626,268,268,0,4012,0,1541,629,3176,6361,0,0,3,4804,4657,147,3176,1481,0,1867,151,1382,4965,1429,890989,,0.0
64,INFEASIBLE,certified_no_adversarial_example,feasibility,false,false,false,false,,,,0.485271802,0.02242898941040039,0.0,0.0,0.453748424,0.288292257,0.19047386900000002,0.1811995506286621,0.26327455499999997,0.165456167,0.030519266,9626,222,222,0,4044,0,1564,659,3137,6205,0,0,3,4804,4666,138,3137,1529,0,1844,138,1337,4887,,662,0,
65,INFEASIBLE,certified_no_adversarial_example,feasibility,false,false,false,false,,,,0.546906482,0.03219318389892578,0.0,0.0,0.505197129,0.322480116,0.22814155700000002,0.2186117172241211,0.27705557199999997,0.18271701300000004,0.04071045,9626,244,244,0,4078,0,1553,678,3073,6890,0,0,3,4804,4648,156,3073,1575,0,1884,159,1416,5025,,912,0,
66,INFEASIBLE,certified_no_adversarial_example,feasibility,false,false,false,false,,,,0.797037171,0.1877269744873047,,0.0,0.600210972,0.30227749300000006,0.1962949,0.1875143051147461,0.40391607199999996,0.2979334789999999,0.195847116,9626,262,262,0,4001,0,1546,613,3204,5634,0,0,3,4804,4660,144,3204,1456,0,1859,146,1366,4938,,1638,0,
67,INFEASIBLE,certified_no_adversarial_example,feasibility,false,false,false,false,,,,0.626822394,0.04808688163757324,0.0,0.0,0.569163667,0.410373958,0.29825524499999995,0.2888939380645752,0.27090842200000004,0.158789709,0.056666824,9626,253,253,0,4062,0,1546,655,3110,9427,0,0,3,4804,4647,157,3110,1537,0,1885,159,1418,5029,,1113,0,
68,INFEASIBLE,certified_no_adversarial_example,feasibility,false,false,false,false,,,,0.48715553,0.015568256378173828,0.0,0.0,0.462917183,0.281440584,0.193462406,0.18470001220703125,0.269454777,0.18147659900000002,0.023257891,9626,245,245,0,4049,0,1550,665,3117,6517,0,0,3,4804,4658,146,3117,1541,0,1860,146,1369,4943,,519,0,
69,INFEASIBLE,certified_no_adversarial_example,feasibility,false,false,false,false,,,,0.389719083,0.01177072525024414,0.0,0.0,0.370096184,0.200963984,0.125940583,0.11872005462646484,0.244155601,0.16913219999999998,0.018662033,9626,192,192,0,4067,0,1581,694,3092,3152,0,0,3,4804,4703,101,3092,1611,0,1775,105,1198,4643,,428,0,
70,INFEASIBLE,certified_no_adversarial_example,feasibility,false,false,false,false,,,,0.484806373,0.017512083053588867,0.0,0.0,0.458483398,0.292375143,0.190546199,0.18184471130371094,0.267937199,0.16610825499999998,0.025347496,9626,220,220,0,4073,0,1564,690,3079,6298,0,0,3,4804,4662,142,3079,1583,0,1855,144,1358,4924,,546,0,
71,INFEASIBLE,certified_no_adversarial_example,feasibility,false,false,false,false,,,,0.379092978,0.014028310775756836,0.0,0.0,0.357085779,0.198146989,0.11903360899999998,0.11189007759094238,0.23805217,0.15893879,0.02103135,9626,165,165,0,4042,0,1590,669,3160,4065,0,0,3,4804,4696,108,3160,1536,0,1787,110,1222,4686,,493,0,
72,INFEASIBLE,certified_no_adversarial_example,feasibility,false,false,false,false,,,,0.442962333,0.015407562255859375,0.0,0.0,0.419088474,0.261304042,0.160314063,0.1520848274230957,0.258774411,0.15778443199999997,0.022876227,9626,218,218,0,4104,0,1562,696,3046,4843,0,0,3,4804,4677,127,3046,1631,0,1825,129,1298,4819,,549,0,
73,INFEASIBLE,certified_no_adversarial_example,feasibility,false,false,false,false,,,,0.525725651,0.0172879695892334,0.0,0.0,0.498972028,0.328698006,0.22938976699999997,0.22015023231506348,0.26958226100000005,0.17027402200000002,0.025777324,9626,242,242,0,4067,0,1553,687,3077,7314,0,0,3,4804,4646,158,3077,1569,0,1884,158,1417,5027,,571,0,
74,INFEASIBLE,certified_no_adversarial_example,feasibility,false,false,false,false,,,,0.369433557,0.011940956115722656,0.0,0.0,0.350501908,0.17282437,0.101410038,0.09488487243652344,0.24909187,0.17767753799999997,0.017975299,9626,144,144,0,4046,0,1604,660,3172,3490,0,0,3,4804,4719,85,3172,1547,0,1741,87,1130,4525,,483,0,
75,INFEASIBLE,certified_no_adversarial_example,feasibility,false,false,false,false,,,,0.499025899,0.012888669967651367,0.0,0.0,0.478937739,0.197202009,0.126601714,0.12032032012939453,0.35233602499999994,0.28173572999999996,0.019143478,9626,137,137,0,3995,0,1607,660,3227,3920,0,0,3,4804,4725,79,3227,1498,0,1729,81,1106,4483,,464,0,
76,INFEASIBLE,certified_no_adversarial_example,feasibility,false,false,false,false,,,,0.566407612,0.02096080780029297,0.0,0.0,0.535848049,0.369914942,0.268880795,0.2427806854248047,0.26696725400000004,0.16593310700000002,0.029570894,9626,242,242,0,4048,0,1553,660,3123,7670,0,0,3,4804,4647,157,3123,1524,0,1882,157,1413,5020,,545,0,
77,INFEASIBLE,certified_no_adversarial_example,feasibility,false,false,false,false,,,,0.567760538,0.023205041885375977,0.0,0.0,0.535684973,0.37309932199999996,0.275275459,0.2666513919830322,0.26040951399999995,0.162585651,0.031108639,9626,243,243,0,4035,0,1552,659,3137,8505,0,0,3,4804,4655,149,3137,1518,0,1870,152,1388,4976,,616,0,
78,INFEASIBLE,certified_no_adversarial_example,feasibility,false,false,false,false,,,,0.522210239,0.021991729736328125,0.0,0.0,0.490911333,0.32951738,0.232935026,0.2239091396331787,0.257976307,0.16139395299999998,0.030367584,9626,263,263,0,4028,0,1543,661,3131,7250,0,0,3,4804,4642,162,3131,1511,0,1898,167,1444,5073,,581,0,
79,INFEASIBLE,certified_no_adversarial_example,feasibility,false,false,false,false,,,,0.490023177,0.08898186683654785,0.0,0.0,0.393245302,0.229908997,0.14893003700000002,0.14128780364990234,0.244315265,0.16333630500000001,0.095802146,9626,184,184,0,4031,0,1583,641,3187,5255,0,0,3,4804,4692,112,3187,1505,0,1795,114,1238,4714,,825,0,
80,INFEASIBLE,certified_no_adversarial_example,feasibility,false,false,false,false,,,,0.383742367,0.0204312801361084,0.0,0.0,0.355453963,0.19131694900000001,0.12241162700000001,0.11520767211914062,0.23304233599999996,0.16413701399999997,0.027333387,9626,169,169,0,4094,0,1591,683,3089,3914,0,0,3,4804,4694,110,3089,1605,0,1791,112,1230,4700,,705,0,
81,INFEASIBLE,certified_no_adversarial_example,feasibility,false,false,false,false,,,,0.352325904,0.013198614120483398,0.0,0.0,0.332133748,0.1727765,0.10336475799999997,0.09691333770751953,0.22876899000000003,0.159357248,0.01923119,9626,139,139,0,4009,0,1605,675,3198,3174,0,0,3,4804,4723,81,3198,1525,0,1730,81,1109,4488,,553,0,
82,INFEASIBLE,certified_no_adversarial_example,feasibility,false,false,false,false,,,,0.428715577,0.014517784118652344,0.0,0.0,0.405721293,0.21531816,0.13719086799999997,0.12998318672180176,0.268530425,0.19040313299999997,0.022023833,9626,169,169,0,4047,0,1592,680,3138,4620,0,0,3,4804,4694,110,3138,1556,0,1788,110,1225,4691,,530,0,
83,INFEASIBLE,certified_no_adversarial_example,feasibility,false,false,false,false,,,,0.584223711,0.015573263168334961,0.0,0.0,0.56000905,0.25663827,0.171399156,0.16321539878845215,0.388609894,0.30337078,0.023214867,9626,220,220,0,4078,0,1564,693,3071,5885,0,0,3,4804,4665,139,3071,1594,0,1850,142,1348,4906,,557,0,
84,INFEASIBLE,certified_no_adversarial_example,feasibility,false,false,false,false,,,,0.416263344,0.013326168060302734,0.0,0.0,0.395240759,0.223446034,0.13867894400000003,0.1317005157470703,0.25656181499999997,0.171794725,0.020096121,9626,169,169,0,4018,0,1590,661,3188,4513,0,0,3,4804,4699,105,3188,1511,0,1778,105,1205,4656,,525,0,
85,INFEASIBLE,certified_no_adversarial_example,feasibility,false,false,false,false,,,,0.568370845,0.025250911712646484,0.0,0.0,0.533544556,0.349918135,0.248443128,0.23885679244995117,0.28510142799999993,0.18362642099999993,0.033858924,9626,248,248,0,4088,0,1545,672,3073,9869,0,0,3,4804,4642,162,3073,1569,0,1899,168,1446,5076,,638,0,
86,INFEASIBLE,certified_no_adversarial_example,feasibility,false,false,false,false,,,,0.523699206,0.014155149459838867,0.0,0.0,0.493112154,0.32661280699999995,0.20472888099999995,0.19492077827453613,0.2883832730000001,0.16649934700000008,0.029579497,9626,204,204,0,4083,0,1573,676,3090,5586,0,0,3,4804,4675,129,3090,1585,0,1826,129,1301,4824,,516,0,
87,INFEASIBLE,certified_no_adversarial_example,feasibility,false,false,false,false,,,,0.432107764,0.015534639358520508,0.0,0.0,0.408588614,0.258868959,0.16927484999999998,0.1615920066833496,0.23931376400000004,0.149719655,0.022523933,9626,178,178,0,4044,0,1585,659,3160,5231,0,0,3,4804,4694,110,3160,1534,0,1791,112,1230,4700,,533,0,
88,INFEASIBLE,certified_no_adversarial_example,feasibility,false,false,false,false,,,,0.506756809,0.0314021110534668,0.0,0.0,0.466363876,0.294522653,0.19733818000000003,0.18880701065063477,0.269025696,0.171841223,0.039392999,9626,213,213,0,4068,0,1567,675,3103,6387,0,0,3,4804,4662,142,3103,1559,0,1858,147,1364,4933,,850,0,
89,INFEASIBLE,certified_no_adversarial_example,feasibility,false,false,false,false,,,,0.611196639,0.02683091163635254,0.0,0.0,0.574583522,0.40642379,0.295049953,0.28574109077453613,0.279533569,0.16815973199999995,0.035635677,9626,259,259,0,4068,0,1547,665,3087,8578,0,0,3,4804,4641,163,3087,1554,0,1899,167,1446,5077,,609,0,
90,INFEASIBLE,certified_no_adversarial_example,feasibility,false,false,false,false,,,,0.31322659,0.009836196899414062,0.0,0.0,0.296669283,0.15289775,0.080992335,0.07476496696472168,0.215676948,0.143771533,0.01557518,9626,131,131,0,3994,0,1609,643,3249,2202,0,0,3,4804,4741,63,3249,1492,0,1698,66,1044,4374,,421,0,
91,INFEASIBLE,certified_no_adversarial_example,feasibility,false,false,false,false,,,,0.627883812,0.014330625534057617,0.0,0.0,0.605143663,0.298217493,0.18772096500000002,0.1796247959136963,0.417422698,0.30692617,0.021751331,9626,189,189,0,4056,0,1582,682,3117,5070,0,0,3,4804,4682,122,3117,1565,0,1816,125,1280,4787,,457,0,
92,INFEASIBLE,certified_no_adversarial_example,feasibility,false,false,false,false,,,,0.526142652,0.023639917373657227,0.0,0.0,0.493059704,0.332235405,0.23759596699999996,0.22852683067321777,0.255463737,0.160824299,0.032100319,9626,243,243,0,4044,0,1551,653,3135,7669,0,0,3,4804,4668,136,3135,1533,0,1843,138,1334,4882,,710,0,
93,OPTIMAL,adversarial_example_found_or_best_known,feasibility,true,true,true,true,-1.7763568394002505e-15,-7.9749390605536385;-6.2396121226614465;-5.964869537523206;-3.4519540996285505;1.2689060386597206;-7.226744546929904;-10.663745322050046;-2.751421873884057;-1.2924733337926555;1.2689060386597224,0.1;0.0;0.0;0.1;0.0;0.0;0.0;0.0;0.0;0.1;0.1;0.0;0.0;0.1;0.1;0.0;0.0;0.1;0.1;0.0;0.0;0.1;0.1;0.0;0.0;0.0;0.0;0.1;0.0;0.1;0.0;0.1;0.0;0.0;0.0;0.0;0.1;0.1;0.0;0.00633511319278552;0.1;0.1;0.1;0.1;0.1;0.1;0.1;0.1;0.1;0.1;0.1;0.1;0.1;0.0;0.1;0.1;0.1;0.1;0.0;0.1;0.1;0.1;0.1;0.0;0.0;0.1;0.1;0.0;0.0;0.0;0.0;0.1;0.1;0.0;0.1;0.1;0.1;0.1;0.1;0.0;0.0;0.0;0.0;0.1;0.0;0.0;0.0;0.1;0.0;0.1;0.1;0.0;0.1;0.1;0.1;0.0;0.1;0.0;0.1;0.1;0.1;0.0;0.0;0.0;0.1;0.0;0.1;0.0;0.0;0.0;0.0;0.0;0.0;0.1;0.1;0.1;0.1;0.1;0.1;0.0;0.1;0.1;0.1;0.0;0.0;0.0;0.0;0.1;0.1;0.0;0.0;0.1;0.1;0.0;0.1;0.0;0.0;0.0;0.0;0.0;0.0;0.1;0.1;0.0;0.1;0.1;0.1;0.0;0.1;0.0;0.1;0.0;0.1;0.0;0.1;0.1;0.1;0.0;0.0;0.1;0.1;0.1;0.0;0.0;0.0;0.1;0.0;0.0;0.1;0.0;0.0;0.0;0.0;0.1;0.1;0.1;0.1;0.0;0.1;0.0;0.0;0.0;0.0;0.1;0.1;0.0;0.0;0.1;0.1;0.0;0.0;0.0;0.1;0.1;0.1;0.0;0.0;0.1;0.1;0.0;0.1;0.1;0.1;0.1;0.0;0.0;0.1;0.1;0.1;0.1;0.0;0.1;0.1;0.1;0.1;0.1;0.1;0.1;0.1;0.0;0.0;0.0;0.0;0.0;0.0;0.1;0.1;0.0;0.0;0.1;0.1;0.1;0.1;0.0;0.0;0.0;0.1;0.0;0.0;0.1;0.1;0.0;0.0;0.0;0.0;0.1;0.0;0.1;0.0;0.19411764705882353;0.1;0.0;0.0;0.0;0.0;0.1;0.0;0.1;0.1;0.1;0.0;0.1;0.0;0.0;0.1;0.10236970626589419;0.10191603180926279;0.17322551604979158;0.0;0.0;0.0;0.0;0.1;0.1;0.2686274509803922;0.7909326779484163;0.8883959019294562;0.28600416927024447;0.1;0.1;0.0;0.0;0.0;0.1;0.1;0.1;0.1;0.1;0.1;0.0;0.0;0.1;0.25201795736930777;0.9823529411764705;0.9980392156862745;0.8764705882352941;0.515686274509804;0.0;0.0;0.0;0.0;0.3509803921568627;1.0;0.9705882352941176;0.5901960784313726;0.10784313725490197;0.1;0.1;0.0;0.1;0.0;0.1;0.0;0.0;0.1;0.0;0.1;0.0;0.0;0.45533881232443146;0.8990266122719702;0.4764705882352941;0.0;0.707843137254902;0.694127877783831;0.1;0.0;0.0;0.5392156862745098;1.0;0.5431372549019609;0.0;0.1;0.0;0.1;0.0;0.1;0.0;0.0;0.1;0.1;0.0;0.0;0.1;0.15490196078431373;0.23725490196078433;0.48439889663338764;0.888235294117647;0.1392156862745098;0.0;0.09523745271709848;0.8921568627450981;0.38235294117647056;0.0;0.21372549019607845;0.9588235294117646;0.8860408059589205;0.38627450980392153;0.0;0.0;0.0;0.0;0.0;0.1;0.0;0.0;0.0;0.1;0.1;0.1;0.1;0.0;0.7784313725490196;0.80032612171821;0.4702117351820363;0.0;0.1;0.0;0.33529411764705885;0.9666666666666667;0.0;0.46637794151951845;1.0;0.7950648636896805;0.0;0.0;0.0;0.0;0.1;0.1;0.1;0.0;0.0;0.0;0.0;0.1;0.0;0.1;0.0;0.6843137254901961;0.6843137254901961;0.0;0.0;0.0;0.0;0.0;0.49215686274509807;0.907843137254902;0.6294117647058823;0.8960784313725491;0.8294117647058824;0.19411764705882353;0.1;0.0;0.0;0.1;0.1;0.1;0.1;0.0;0.0;0.0;0.0;0.0;0.0;0.1;0.4602995971240428;0.6490196078431373;0.1196078431372549;0.0;0.0;0.1;0.0;0.16666666666666666;0.9;0.8647058823529412;0.8813561007170788;0.6764705882352942;0.10618603331012358;0.0;0.1;0.0;0.09595124950610853;0.1;0.0;0.1;0.0;0.0;0.0;0.0;0.0;0.0;0.0;0.0;0.8529411764705882;0.27254901960784317;0.0;0.0;0.0;0.0;0.0;0.6607843137254902;0.8764705882352941;0.692156862745098;0.45686274509803926;0.0;0.0;0.0;0.0;0.1;0.1;0.1;0.0;0.1;0.1;0.0;0.0;0.0;0.0;0.0;0.1;0.1;0.7784313725490196;0.10353261604489829;0.0;0.0;0.0;0.1;0.6699011378020895;0.9784313725490196;0.2002765087317998;0.0;0.0;0.1;0.1;0.1;0.1;0.1;0.1;0.0;0.0;0.1;0.1;0.0;0.0;0.0;0.0;0.1;0.1;0.0;0.8647058823529412;0.5196078431372549;0.1392156862745098;0.0;0.09846381690181837;0.6843137254901961;1.0;0.3313725490196079;0.0;0.0;0.0;0.1;0.1;0.0;0.0;0.0;0.0;0.0;0.0;0.1;0.1;0.0;0.0;0.0;0.0;0.1;0.0;0.1;0.13137254901960785;0.1437149910061571;0.0;0.19795991062615192;1.0;0.8882352941176471;0.44509803921568625;0.0;0.0;0.0;0.1;0.0;0.0;0.0;0.1;0.0;0.1;0.1;0.1;0.1;0.0;0.0;0.1;0.0;0.0;0.1;0.1;0.1;0.09819962668321956;0.16666666666666669;0.6764705882352942;0.696078431372549;1.0;0.4294117647058824;0.0;0.0;0.0;0.0;0.0;0.1;0.1;0.0;0.1;0.1;0.1;0.1;0.1;0.1;0.1;0.0;0.1;0.0;0.0;0.0;0.1;0.1;0.18672803768554821;0.9588235294117646;0.9941176470588236;0.22707878782340166;0.2161027174069053;0.0;0.0;0.1;0.0;0.1;0.1;0.1;0.0;0.1;0.1;0.0;0.1;0.0;0.0;0.1;0.0326966540838685;0.1;0.1;0.0;0.0;0.0;0.0;0.1;0.5745098039215686;0.9941176470588236;0.27254901960784317;0.1;0.1;0.0;0.1;0.0;0.0;0.0;0.0;0.1;0.1;0.1;0.0;0.0;0.0;0.1;0.1;0.1;0.1;0.0;0.0;0.1;0.1;0.0;0.1;0.0;0.1041560575612329;0.159036199868474;0.1;0.1;0.1;0.1;0.1;0.1;0.1;0.1;0.0;0.0;0.0;0.1;0.0;0.0;0.0;0.1;0.0;0.1;0.0;0.0;0.1;0.1;0.1;0.0;0.0;0.0;0.1;0.1;0.1;0.1;0.1;0.0;0.0;0.1;0.1;0.1;0.1;0.1;0.1;0.1;0.1;0.0;0.0;0.1;0.0;0.0;0.0;0.0;0.0;0.1;0.0;0.0;0.1;0.0;0.1;0.0;0.1;0.1;0.1;0.0;0.06574301492085417;0.0;0.1;0.1;0.0;0.1;0.0;0.1;0.0;0.0;0.0;0.0;0.1;0.1;0.0;0.1;0.1;0.1;0.1;0.0;0.0;0.0;0.0;0.0;0.1;0.1;0.1;0.0;0.0;0.1;0.1;0.1;0.1;0.1;0.1;0.0;0.1;0.0;0.0;0.0;0.0;0.0;0.0;0.1;0.0;0.1;0.1;0.1;0.1;0.0;0.1;0.0;0.1;0.1;0.1;0.1;0.0;0.0;0.0;0.0;0.0;0.1;0.0;0.0;0.1;0.1;0.1;0.0;0.1;0.0;0.0;0.0,1.016840464,0.4459192752838135,0.0,0.0,0.560235257,0.393112813,0.25524112400000004,0.24565410614013672,0.30499413299999995,0.16712244399999998,0.454050352,9626,265,265,0,4026,0,1537,623,3175,8909,0,0,3,4804,4656,148,3175,1481,0,1868,151,1384,4969,1,1763,,0.0
94,INFEASIBLE,certified_no_adversarial_example,feasibility,false,false,false,false,,,,0.397336698,0.011740446090698242,0.0,0.0,0.378039889,0.207550558,0.12640484,0.11880016326904297,0.251635049,0.17048933100000002,0.018326909,9626,176,176,0,4065,0,1588,670,3127,3783,0,0,3,4804,4706,98,3127,1579,0,1767,100,1182,4616,,450,0,
95,INFEASIBLE,certified_no_adversarial_example,feasibility,false,false,false,false,,,,0.317894041,0.010052204132080078,0.0,0.0,0.301277175,0.149092359,0.085545624,0.07934045791625977,0.21573155100000002,0.152184816,0.015654489,9626,122,122,0,4016,0,1614,659,3215,2650,0,0,3,4804,4733,71,3215,1518,0,1710,71,1069,4418,,449,0,
96,INFEASIBLE,certified_no_adversarial_example,feasibility,false,false,false,false,,,,0.478604639,0.0357356071472168,0.0,0.0,0.434031709,0.261486507,0.18254096899999997,0.17406606674194336,0.25149074000000005,0.172545202,0.043600879,9626,238,238,0,4099,0,1556,670,3063,5922,0,0,3,4804,4667,137,3063,1604,0,1846,140,1340,4892,,946,0,
97,INFEASIBLE,certified_no_adversarial_example,feasibility,false,false,false,false,,,,0.388755538,0.026992321014404297,0.0,0.0,0.353994948,0.19300692200000003,0.12437993999999998,0.11743545532226562,0.229615008,0.16098802599999995,0.033772805,9626,161,161,0,3991,0,1594,626,3254,4152,0,0,3,4804,4709,95,3254,1455,0,1766,102,1180,4610,,819,0,
98,INFEASIBLE,certified_no_adversarial_example,feasibility,false,false,false,false,,,,0.562023427,0.05222153663635254,0.0,0.0,0.500428069,0.324489751,0.22476881400000004,0.2157609462738037,0.275659255,0.17593831800000004,0.060589105,9626,250,250,0,4066,0,1551,664,3095,6612,0,0,3,4804,4653,151,3095,1558,0,1874,154,1396,4990,,885,0,
99,INFEASIBLE,certified_no_adversarial_example,feasibility,false,false,false,false,,,,0.460162747,0.011662960052490234,0.0,0.0,0.439987688,0.274371827,0.18138294100000002,0.1732034683227539,0.25860474699999997,0.16561586099999998,0.019218801,9626,214,214,0,4047,0,1566,677,3122,6393,0,0,3,4804,4670,134,3122,1548,0,1836,134,1321,4859,,456,0,
100,INFEASIBLE,certified_no_adversarial_example,feasibility,false,false,false,false,,,,0.399143299,0.011610031127929688,0.0,0.0,0.379778995,0.219589284,0.139665154,0.1322927474975586,0.240113841,0.160189711,0.018386634,9626,176,176,0,4063,0,1585,674,3128,4638,0,0,3,4804,4696,108,3128,1568,0,1787,110,1222,4686,,458,0,
101,INFEASIBLE,certified_no_adversarial_example,feasibility,false,false,false,false,,,,0.655074011,0.029364585876464844,0.0,0.0,0.615303744,0.433122342,0.323476754,0.31337499618530273,0.29182699,0.182181402,0.038818344,9626,292,292,0,4052,0,1527,656,3099,10257,0,0,3,4804,4627,177,3099,1528,0,1927,181,1502,5175,,660,0,
102,INFEASIBLE,certified_no_adversarial_example,feasibility,false,false,false,false,,,,0.643146081,0.03299117088317871,0.0,0.0,0.600121908,0.402514113,0.290880393,0.2804124355316162,0.30924151499999997,0.19760779499999997,0.041989365,9626,264,264,0,4072,0,1541,680,3069,8422,0,0,3,4804,4630,174,3069,1561,0,1919,176,1486,5148,,814,0,
103,INFEASIBLE,certified_no_adversarial_example,feasibility,false,false,false,false,,,,0.731847902,0.024456262588500977,0.0,0.0,0.698040336,0.533706637,0.29014927499999993,0.27976322174072266,0.4078910610000001,0.16433369900000006,0.032824536,9626,277,277,0,4071,0,1533,669,3076,8574,0,0,3,4804,4649,155,3076,1573,0,1878,155,1405,5006,,708,0,
104,INFEASIBLE,certified_no_adversarial_example,feasibility,false,false,false,false,,,,0.568453444,0.021459102630615234,0.0,0.0,0.537009304,0.35131919300000003,0.247890116,0.2388322353363037,0.289119188,0.185690111,0.030458897,9626,247,247,0,4048,0,1550,672,3109,6916,0,0,3,4804,4662,142,3109,1553,0,1855,144,1358,4924,,571,0,
105,INFEASIBLE,certified_no_adversarial_example,feasibility,false,false,false,false,,,,0.395783883,0.01137089729309082,0.0,0.0,0.376748222,0.230388385,0.11805421299999999,0.11076784133911133,0.25869400900000006,0.14635983700000002,0.01803238,9626,166,166,0,4039,0,1588,661,3172,3731,0,0,3,4804,4711,93,3172,1539,0,1754,93,1157,4572,,501,0,
106,INFEASIBLE,certified_no_adversarial_example,feasibility,false,false,false,false,,,,0.471491319,0.01975274085998535,0.0,0.0,0.443160092,0.26576588100000004,0.18165616099999998,0.1728522777557373,0.261503931,0.17739421099999997,0.02735703,9626,237,237,0,4030,0,1554,661,3144,6402,0,0,3,4804,4672,132,3144,1528,0,1837,136,1322,4860,,569,0,
107,INFEASIBLE,certified_no_adversarial_example,feasibility,false,false,false,false,,,,0.61138685,0.019789934158325195,0.0,0.0,0.581505472,0.40861893400000004,0.2911445530000001,0.2806823253631592,0.29036091899999994,0.17288653799999998,0.028929787,9626,305,305,0,4087,0,1520,669,3045,9438,0,0,3,4804,4620,184,3045,1575,0,1940,187,1528,5221,,518,0,
108,INFEASIBLE,certified_no_adversarial_example,feasibility,false,false,false,false,,,,0.333920615,0.013772726058959961,0.0,0.0,0.313095332,0.154901579,0.08773902099999999,0.08142733573913574,0.22535631100000003,0.158193753,0.019872219,9626,125,125,0,3990,0,1614,646,3251,2314,0,0,3,4804,4734,70,3251,1483,0,1714,75,1076,4429,,486,0,
109,INFEASIBLE,certified_no_adversarial_example,feasibility,false,false,false,false,,,,0.373820808,0.02049994468688965,0.0,0.0,0.345438805,0.200047315,0.13079325100000003,0.1148684024810791,0.214645554,0.14539149,0.027375378,9626,153,153,0,4035,0,1600,650,3188,4189,0,0,3,4804,4704,100,3188,1516,0,1772,103,1192,4633,,638,0,
110,INFEASIBLE,certified_no_adversarial_example,feasibility,false,false,false,false,,,,0.419176378,0.012674808502197266,0.0,0.0,0.399043216,0.23919765,0.150276537,0.14232826232910156,0.248766679,0.15984556599999997,0.01915489,9626,213,213,0,4018,0,1565,668,3162,4279,0,0,3,4804,4709,95,3162,1547,0,1761,97,1170,4595,,436,0,
111,INFEASIBLE,certified_no_adversarial_example,feasibility,false,false,false,false,,,,0.544384962,0.01784038543701172,0.0,0.0,0.517620554,0.340580855,0.24667750500000002,0.23662805557250977,0.27094304899999994,0.17703969899999994,0.025805336,9626,240,240,0,4082,0,1552,655,3097,8889,0,0,3,4804,4653,151,3097,1556,0,1873,153,1394,4987,,550,0,
112,INFEASIBLE,certified_no_adversarial_example,feasibility,false,false,false,false,,,,0.36659133,0.014348030090332031,0.0,0.0,0.34489064,0.189370947,0.09529237700000001,0.08859062194824219,0.24959826300000001,0.15551969300000001,0.020754116,9626,134,134,0,4009,0,1609,645,3229,2955,0,0,3,4804,4722,82,3229,1493,0,1736,85,1120,4507,,534,0,
113,INFEASIBLE,certified_no_adversarial_example,feasibility,false,false,false,false,,,,0.518965257,0.013271093368530273,0.0,0.0,0.497953223,0.20316137700000003,0.12631451800000001,0.11916971206665039,0.37163870499999996,0.29479184599999997,0.020027873,9626,157,157,0,4018,0,1598,660,3193,4172,0,0,3,4804,4706,98,3193,1513,0,1767,100,1182,4616,,489,0,
114,INFEASIBLE,certified_no_adversarial_example,feasibility,false,false,false,false,,,,0.475441372,0.026957988739013672,0.0,0.0,0.439064801,0.280276065,0.186161457,0.17791199684143066,0.25290334400000003,0.15878873599999999,0.035408374,9626,208,208,0,4041,0,1571,663,3143,6662,0,0,3,4804,4674,130,3143,1531,0,1833,134,1314,4846,,673,0,
115,INFEASIBLE,certified_no_adversarial_example,feasibility,false,false,false,false,,,,0.419349488,0.015119314193725586,0.0,0.0,0.396644918,0.24638332899999998,0.12309094899999998,0.11580824851989746,0.27355396900000006,0.15026158900000003,0.021725327,9626,161,161,0,4019,0,1594,655,3197,4143,0,0,3,4804,4709,95,3197,1512,0,1761,97,1170,4595,,505,0,
116,OPTIMAL,adversarial_example_found_or_best_known,feasibility,true,true,true,true,-8.881784197001252e-16,-8.86642360334001;-9.813804254784916;-8.237948255142747;-4.906214816292783;1.9615987372589352;-3.080271305033974;-3.082914840881286;-7.967857211242977;-3.305465168898563;1.9615987372589343,0.0;0.1;0.1;0.0;0.1;0.1;0.1;0.1;0.1;0.0;0.0;0.1;0.1;0.0;0.0;0.1;0.1;0.0;0.0;0.1;0.1;0.0;0.0;0.1;0.1;0.1;0.1;0.0;0.1;0.0;0.1;0.0;0.1;0.1;0.1;0.1;0.0;0.0;0.0;0.1;0.0;0.0;0.0;0.0;0.0;0.0;0.0;0.0;0.0;0.0;0.0;0.0;0.1;0.1;0.0;0.0;0.0;0.0;0.0;0.0;0.0;0.1;0.1;0.1;0.1;0.0;0.0;0.1;0.1;0.0;0.0;0.1;0.1;0.0;0.0;0.1;0.1;0.0;0.0;0.1;0.1;0.1;0.1;0.0;0.1;0.1;0.1;0.0;0.0;0.0;0.0;0.0;0.0;0.0;0.1;0.1;0.0;0.1;0.1;0.1;0.1;0.1;0.0;0.1;0.0;0.1;0.0;0.0;0.1;0.1;0.0;0.0;0.1;0.1;0.0;0.0;0.0;0.1;0.1;0.0;0.0;0.0;0.0;0.1;0.1;0.0;0.0;0.1;0.1;0.1;0.1;0.1;0.0;0.0;0.0;0.0;0.0;0.1;0.1;0.0;0.1;0.0;0.0;0.1;0.0;0.0;0.0;0.0;0.0;0.1;0.1;0.1;0.1;0.0;0.1;0.0;0.0;0.0;0.0;0.0;0.0;0.1;0.0;0.0;0.0;0.0;0.0;0.1;0.0;0.1;0.1;0.1;0.1;0.1;0.1;0.0;0.0;0.0;0.0;0.1;0.1;0.1;0.0;0.0;0.1;0.0;0.0;0.0;0.0;0.1;0.1;0.0;0.0;0.1;0.1;0.1;0.0;0.1;0.0;0.1;0.0;0.1;0.0;0.0;0.1;0.1;0.1;0.0;0.0;0.1;0.1;0.1;0.0;0.0;0.1;0.0;0.0;0.0;0.0;0.1;0.1;0.0;0.1;0.1;0.1;0.0;0.0;0.1;0.1;0.1;0.0;0.0;0.0;0.1;0.1;0.1;0.1;0.2411764705882353;0.3431372549019608;0.2647058823529412;0.1;0.0;0.0;0.0;0.0;0.1;0.1;0.1;0.1;0.0;0.0;0.1;0.0;0.0;0.1;0.1;0.1;0.0;0.0;0.0;0.1;0.0;0.1;0.22156862745098038;0.6882352941176471;0.8686274509803922;1.0;0.8803921568627451;0.409433080987559;0.0;0.0;0.0;0.0;0.1;0.0;0.0;0.1;0.0;0.1;0.1;0.1;0.0;0.0;0.1;0.1;0.0;0.0;0.0;0.0;0.11568627450980393;0.5549019607843138;0.9823529411764705;0.8960784313725491;0.6019607843137255;0.6058823529411765;1.0;0.8921568627450981;0.24509803921568626;0.0;0.0;0.0;0.1;0.0;0.0;0.0;0.0;0.0;0.1;0.0;0.0;0.0;0.1;0.1;0.0;0.1;0.0;0.22549019607843138;0.7784313725490196;1.0;0.7196078431372549;0.33529411764705885;0.0;0.10392156862745099;0.5784313725490197;1.0;0.7959303376785929;0.0;0.0;0.0;0.0;0.1;0.0;0.1;0.0;0.1;0.1;0.1;0.0;0.0;0.1;0.1;0.0;0.0;0.2647058823529412;0.9862745098039215;1.0;0.5509803921568628;0.2568627450980392;0.1;0.0;0.0;0.303921568627451;1.0;1.0;0.0;0.0;0.0;0.28823529411764703;0.3313725490196079;0.24901960784313726;0.1;0.0;0.1;0.1;0.0;0.1;0.1;0.1;0.1;0.1;0.12745098039215685;0.7933889420379535;1.0;0.44509803921568625;0.1;0.0;0.1;0.0;0.1;0.1;0.8215686274509804;1.0;0.10392156862745097;0.15098039215686274;0.6058823529411765;0.8764705882352941;0.8960784313725491;0.8568627450980393;0.1;0.0;0.1;0.1;0.1;0.1;0.1;0.0;0.0990720913442455;0.515686274509804;1.0;1.0;0.5313725490196078;0.1;0.1;0.0;0.0;0.0;0.1;0.2450980392156863;1.0;1.0;0.8960784313725491;1.0;0.8960784313725491;0.8960784313725491;1.0;0.8490196078431372;0.1;0.0;0.0;0.1;0.0;0.1;0.1;0.1;0.307843137254902;0.8882352941176471;0.8755310287698324;0.40720246521682557;0.1;0.1;0.1;0.0;0.11960784313725491;0.23333333333333334;0.5666666666666667;1.0;1.0;1.0;0.8529411764705882;0.799585315779836;0.4764705882352941;0.5467159813831173;0.3235294117647059;0.1;0.0;0.0;0.1;0.1;0.1;0.1;0.1;0.0;0.8960784313725491;1.0;0.4254901960784314;0.1;0.0999894906589993;0.1;0.10237685344120152;0.017647058823529405;0.5352941176470588;0.8960784313725491;0.8960784313725491;1.0;1.0;0.8450980392156863;0.09568048616555294;0.1;0.1;0.1;0.0;0.1;0.1;0.0;0.0;0.1;0.0;0.1;0.1;0.1;0.3147968815041729;0.37058823529411766;0.1;0.0;0.1;0.10250886147079362;0.5666666666666667;1.0;0.8960784313725491;1.0;0.8960784313725491;0.503921568627451;0.0;0.0;0.0;0.0;0.0;0.0;0.0;0.1;0.0;0.0;0.1;0.1;0.1;0.1;0.1;0.1;0.1;0.0;0.0;0.1;0.1;0.0;0.292156862745098;0.7274509803921568;0.8333333333333333;0.3274509803921568;0.10016337551512167;0.0;0.0;0.0;0.0;0.0;0.0;0.0;0.1;0.1;0.1;0.0;0.0;0.1;0.1;0.0;0.1;0.0;0.1;0.0;0.1;0.1;0.1;0.0;0.009500525314589177;0.11502924788574402;0.0;0.1;0.002287610173572694;0.1;0.0;0.1;0.0;0.1;0.0;0.0;0.0;0.1;0.1;0.0;0.1;0.1;0.0;0.1;0.1;0.0;0.0;0.0;0.1;0.1;0.1;0.0;0.0;0.0;0.0;0.1;0.1;0.1;0.1;0.0;0.0;0.0;0.0;0.0;0.0;0.1;0.1;0.0;0.0;0.1;0.08824792564962947;0.1;0.1;0.1;0.0;0.1;0.1;0.1;0.1;0.0;0.0;0.0;0.1;0.1;0.1;0.1;0.1;0.0;0.0;0.1;0.0;0.1;0.0;0.1;0.0;0.0;0.1;0.0;0.0;0.1;0.1;0.1;0.1;0.1;0.0;0.1;0.1;0.0;0.0;0.0;0.0;0.1;0.1;0.0;0.0;0.0;0.0;0.0;0.1;0.1;0.1;0.1;0.1;0.0;0.0;0.1;0.0;0.0;0.1;0.1;0.0;0.1;0.0;0.1;0.0;0.0;0.1;0.1;0.1;0.0;0.1;0.1;0.0;0.0;0.09639200449337701;0.0;0.1;0.1;0.1;0.1;0.1;0.1;0.1;0.0;0.0;0.0;0.0;0.1;0.1;0.1;0.1;0.1;0.1;0.0;0.0;0.1;0.1;0.0;0.0;0.1;0.0;0.0;0.0;0.0;0.0;0.1;0.1;0.1;0.1;0.1;0.1;0.0;0.1;0.0;0.1;0.0;0.1;0.1;0.0;0.1;0.0;0.0;0.09860620196469251;0.0;0.1;0.0;0.1;0.1;0.1;0.0;0.1;0.0;0.1;0.0;0.0;0.1;0.0;0.1;0.1;0.0;0.0;0.0;0.0;0.1;0.1;0.1;0.1;0.1;0.1;0.0;0.0;0.1;0.1;0.0;0.0;0.1;0.1;0.0;0.0;0.1;0.1;0.1;0.1;0.1;0.1;0.1;0.1;0.0;0.0;0.1;0.1;0.1;0.1;0.0;0.0;0.1;0.0;0.1;0.1;0.0;0.1;0.0;0.1;0.1;0.1;0.1;0.1;0.1;0.1;0.0;0.0;0.0;0.0;0.1;0.1;0.1,2.220231151,1.8640763759613037,0.0,0.0,0.347281153,0.197835924,0.12173028600000001,0.11467814445495605,0.225550867,0.149445229,1.870844079,9626,155,155,0,4014,0,1593,656,3208,3734,0,0,3,4804,4718,86,3208,1510,0,1740,86,1129,4523,1,52265,,0.0
117,INFEASIBLE,certified_no_adversarial_example,feasibility,false,false,false,false,,,,0.427144624,0.015123128890991211,0.0,0.0,0.404713667,0.24945299299999998,0.15371729200000003,0.14633393287658691,0.25099637499999994,0.15526067400000002,0.021480517,9626,200,200,0,3999,0,1573,636,3218,4846,0,0,3,4804,4703,101,3218,1485,0,1770,101,1189,4628,,542,0,
118,INFEASIBLE,certified_no_adversarial_example,feasibility,false,false,false,false,,,,0.486175203,0.02206277847290039,0.0,0.0,0.455608156,0.29367882,0.20829193299999998,0.19975662231445312,0.247316223,0.16192933599999998,0.029622706,9626,241,241,0,4049,0,1551,668,3117,6691,0,0,3,4804,4666,138,3117,1549,0,1844,138,1337,4887,,676,0,
119,INFEASIBLE,certified_no_adversarial_example,feasibility,false,false,false,false,,,,0.499615954,0.022371292114257812,0.0,0.0,0.468433522,0.312614858,0.20906489900000003,0.2006361484527588,0.25936862299999996,0.155818664,0.030219855,9626,243,243,0,4022,0,1552,642,3167,6997,0,0,3,4804,4670,134,3167,1503,0,1841,138,1330,4874,,603,0,
120,INFEASIBLE,certified_no_adversarial_example,feasibility,false,false,false,false,,,,0.414568764,0.02277517318725586,0.0,0.0,0.383960585,0.229254917,0.14309813799999999,0.13582968711853027,0.24086244700000004,0.15470566800000002,0.029620363,9626,158,158,0,4065,0,1596,698,3109,4815,0,0,3,4804,4694,110,3109,1585,0,1792,113,1232,4703,,737,0,
121,INFEASIBLE,certified_no_adversarial_example,feasibility,false,false,false,false,,,,0.50768866,0.020077228546142578,0.0,0.0,0.478732907,0.30588264200000004,0.20924588699999996,0.2006986141204834,0.26948702,0.17285026499999995,0.028014187,9626,229,229,0,4092,0,1561,692,3052,6329,0,0,3,4804,4659,145,3052,1607,0,1862,148,1372,4948,,551,0,
122,INFEASIBLE,certified_no_adversarial_example,feasibility,false,false,false,false,,,,0.63354688,0.15186309814453125,0.0,0.0,0.472342353,0.305094311,0.20796354699999994,0.1991417407989502,0.2643788060000001,0.16724804199999999,0.160246535,9626,256,256,0,4035,0,1548,649,3138,6213,0,0,3,4804,4653,151,3138,1515,0,1874,154,1396,4990,,1336,0,
123,INFEASIBLE,certified_no_adversarial_example,feasibility,false,false,false,false,,,,0.479376716,0.013152360916137695,0.0,0.0,0.458551996,0.300663258,0.15982044600000003,0.1472620964050293,0.29873154999999996,0.15788873800000003,0.019868812,9626,180,180,0,3997,0,1585,634,3230,5029,0,0,3,4804,4700,104,3230,1470,0,1779,106,1206,4658,,462,0,
124,INFEASIBLE,certified_no_adversarial_example,feasibility,false,false,false,false,,,,0.609798441,0.020001649856567383,0.0,0.0,0.579962974,0.280428357,0.19543651599999998,0.18694591522216797,0.38452645799999996,0.29953461699999995,0.028888892,9626,209,209,0,4062,0,1568,668,3119,7211,0,0,3,4804,4663,141,3119,1544,0,1854,144,1356,4920,,541,0,
125,INFEASIBLE,certified_no_adversarial_example,feasibility,false,false,false,false,,,,0.443087609,0.009769439697265625,0.0,0.0,0.425168801,0.22968717600000002,0.12478902099999997,0.11703634262084961,0.30037978,0.19548162499999996,0.016960216,9626,177,177,0,4046,0,1587,673,3143,4064,0,0,3,4804,4694,110,3143,1551,0,1788,110,1225,4691,,453,0,
126,INFEASIBLE,certified_no_adversarial_example,feasibility,false,false,false,false,,,,0.451292214,0.020423412322998047,0.0,0.0,0.422958686,0.269462566,0.156708904,0.14943981170654297,0.26624978199999993,0.15349611999999996,0.02735167,9626,188,188,0,4032,0,1577,662,3167,5368,0,0,3,4804,4690,114,3167,1523,0,1796,114,1241,4719,,668,0,
127,INFEASIBLE,certified_no_adversarial_example,feasibility,false,false,false,false,,,,0.492343597,0.03258323669433594,0.0,0.0,0.451056362,0.26590836500000004,0.178035068,0.16945886611938477,0.27302129399999997,0.18514799699999995,0.040315223,9626,221,221,0,4078,0,1566,708,3053,5698,0,0,3,4804,4665,139,3053,1612,0,1852,144,1352,4912,,885,0,
128,INFEASIBLE,certified_no_adversarial_example,feasibility,false,false,false,false,,,,0.452909106,0.013730287551879883,0.0,0.0,0.43089073,0.275055471,0.18292930799999998,0.17530393600463867,0.24796142200000001,0.155835259,0.021079723,9626,189,189,0,4057,0,1579,688,3113,5670,0,0,3,4804,4685,119,3113,1572,0,1811,123,1270,4769,,442,0,
129,INFEASIBLE,certified_no_adversarial_example,feasibility,false,false,false,false,,,,0.466758053,0.02206897735595703,0.0,0.0,0.436360349,0.264990174,0.18046621300000001,0.1724555492401123,0.255894136,0.17137017499999996,0.029427636,9626,202,202,0,4093,0,1574,678,3079,5882,0,0,3,4804,4680,124,3079,1601,0,1821,128,1290,4804,,634,0,
130,INFEASIBLE,certified_no_adversarial_example,feasibility,false,false,false,false,,,,0.421308898,0.012392044067382812,0.0,0.0,0.400583887,0.2420062,0.15742015799999998,0.14963650703430176,0.24316372900000005,0.15857768700000002,0.019762694,9626,191,191,0,4051,0,1581,673,3130,5169,0,0,3,4804,4676,128,3130,1546,0,1828,131,1304,4829,,462,0,
131,INFEASIBLE,certified_no_adversarial_example,feasibility,false,false,false,false,,,,0.47992471,0.018889188766479492,0.0,0.0,0.452673787,0.28040106800000003,0.200301253,0.1925818920135498,0.252372534,0.17227271899999996,0.026305231,9626,196,196,0,4074,0,1579,675,3102,5621,0,0,3,4804,4679,125,3102,1577,0,1818,125,1285,4796,,647,0,
132,INFEASIBLE,certified_no_adversarial_example,feasibility,false,false,false,false,,,,0.50797859,0.019547462463378906,0.0,0.0,0.479619091,0.302195286,0.21428898600000001,0.2057180404663086,0.265330105,0.177423805,0.027374419,9626,214,214,0,4102,0,1567,680,3063,7601,0,0,3,4804,4660,144,3063,1597,0,1856,144,1361,4929,,586,0,
133,INFEASIBLE,certified_no_adversarial_example,feasibility,false,false,false,false,,,,0.359468338,0.010924816131591797,0.0,0.0,0.341763628,0.16292125000000002,0.092934186,0.08652567863464355,0.24882944199999998,0.17884237799999997,0.016718968,9626,136,136,0,4070,0,1607,700,3113,2397,0,0,3,4804,4730,74,3113,1617,0,1716,74,1081,4439,,505,0,
134,INFEASIBLE,certified_no_adversarial_example,feasibility,false,false,false,false,,,,0.573919806,0.02106308937072754,0.0,0.0,0.544968716,0.389009005,0.16837681100000002,0.16053557395935059,0.37659190499999995,0.15595971099999995,0.027999108,9626,188,188,0,4061,0,1579,677,3121,4882,0,0,3,4804,4693,111,3121,1572,0,1793,113,1234,4707,,707,0,
135,INFEASIBLE,certified_no_adversarial_example,feasibility,false,false,false,false,,,,0.470078115,0.015223503112792969,0.0,0.0,0.445154992,0.28582926,0.19564971,0.18690204620361328,0.24950528200000002,0.15932573200000005,0.02395628,9626,225,225,0,4074,0,1562,666,3099,6905,0,0,3,4804,4660,144,3099,1561,0,1860,147,1368,4941,,509,0,
136,INFEASIBLE,certified_no_adversarial_example,feasibility,false,false,false,false,,,,0.369423216,0.010078191757202148,0.0,0.0,0.352630728,0.174099829,0.09325832300000002,0.08697199821472168,0.259372405,0.178530899,0.015801789,9626,126,126,0,4001,0,1614,661,3224,2837,0,0,3,4804,4729,75,3224,1505,0,1718,75,1085,4446,,438,0,
137,INFEASIBLE,certified_no_adversarial_example,feasibility,false,false,false,false,,,,0.445069583,0.014500141143798828,0.0,0.0,0.422120047,0.258250433,0.170248372,0.1621384620666504,0.25187167499999996,0.163869614,0.021965816,9626,208,208,0,4053,0,1570,686,3109,5978,0,0,3,4804,4676,128,3109,1567,0,1827,130,1302,4826,,560,0,
138,INFEASIBLE,certified_no_adversarial_example,feasibility,false,false,false,false,,,,0.32186579,0.008822917938232422,0.0,0.0,0.306667099,0.158308876,0.09187745700000004,0.08602070808410645,0.21478964199999995,0.148358223,0.014269735,9626,129,129,0,4011,0,1608,647,3231,3007,0,0,3,4804,4738,66,3231,1507,0,1703,68,1054,4392,,394,0,
139,INFEASIBLE,certified_no_adversarial_example,feasibility,false,false,false,false,,,,0.522707146,0.01805710792541504,0.0,0.0,0.488028044,0.30803184100000003,0.21780778399999992,0.2086944580078125,0.2702202600000001,0.17999620299999997,0.033742533,9626,243,243,0,4064,0,1553,666,3100,6310,0,0,3,4804,4657,147,3100,1557,0,1868,152,1384,4968,,456,0,
140,INFEASIBLE,certified_no_adversarial_example,feasibility,false,false,false,false,,,,0.518877984,0.01676177978515625,0.0,0.0,0.493917144,0.318659959,0.20561682800000003,0.1974964141845703,0.28830031599999995,0.17525718499999998,0.023952483,9626,195,195,0,4056,0,1578,670,3127,6349,0,0,3,4804,4675,129,3127,1548,0,1826,129,1301,4824,,544,0,
141,INFEASIBLE,certified_no_adversarial_example,feasibility,false,false,false,false,,,,0.561547804,0.02615976333618164,0.0,0.0,0.526392456,0.363618969,0.266751259,0.25806260108947754,0.25964119699999993,0.16277348699999994,0.034220883,9626,250,250,0,4021,0,1548,634,3173,8279,0,0,3,4804,4659,145,3173,1486,0,1862,148,1372,4948,,620,0,
142,INFEASIBLE,certified_no_adversarial_example,feasibility,false,false,false,false,,,,0.386652871,0.0118865966796875,0.0,0.0,0.367097319,0.215953026,0.12874933600000005,0.12165451049804688,0.23834798299999993,0.15114429299999999,0.01858224,9626,180,180,0,4025,0,1586,670,3165,3842,0,0,3,4804,4700,104,3165,1535,0,1779,106,1206,4658,,438,0,
143,INFEASIBLE,certified_no_adversarial_example,feasibility,false,false,false,false,,,,0.517602861,0.017731428146362305,0.0,0.0,0.490632009,0.320050013,0.22128726299999996,0.21268033981323242,0.269344746,0.17058199599999996,0.026012541,9626,248,248,0,4053,0,1551,686,3088,7342,0,0,3,4804,4644,160,3088,1556,0,1891,162,1430,5050,,498,0,
144,INFEASIBLE,certified_no_adversarial_example,feasibility,false,false,false,false,,,,0.30827781,0.010738611221313477,0.0,0.0,0.290808745,0.15710786899999998,0.084920796,0.07912349700927734,0.20588794899999996,0.133700876,0.016517835,9626,131,131,0,3977,0,1610,639,3269,2459,0,0,3,4804,4734,70,3269,1465,0,1708,70,1065,4411,,454,0,
145,INFEASIBLE,certified_no_adversarial_example,feasibility,false,false,false,false,,,,0.506473112,0.023418188095092773,0.0,0.0,0.474804307,0.31361488800000004,0.199530005,0.19107604026794434,0.27527430199999997,0.16118941899999994,0.030722482,9626,215,215,0,4045,0,1566,674,3126,6471,0,0,3,4804,4679,125,3126,1553,0,1821,127,1290,4805,,719,0,
146,INFEASIBLE,certified_no_adversarial_example,feasibility,false,false,false,false,,,,0.454722977,0.01000523567199707,0.0,0.0,0.437796892,0.300766219,0.09584526899999998,0.0896749496459961,0.34195162300000004,0.137030673,0.015977417,9626,136,136,0,3976,0,1609,649,3256,2825,0,0,3,4804,4727,77,3256,1471,0,1722,77,1093,4460,,461,0,
147,INFEASIBLE,certified_no_adversarial_example,feasibility,false,false,false,false,,,,0.431970524,0.015081405639648438,0.0,0.0,0.407579443,0.243225844,0.153278522,0.14524602890014648,0.254300921,0.164353599,0.023419709,9626,193,193,0,4081,0,1576,685,3091,5312,0,0,3,4804,4674,130,3091,1583,0,1833,134,1314,4846,,495,0,
148,INFEASIBLE,certified_no_adversarial_example,feasibility,false,false,false,false,,,,0.52317892,0.013348817825317383,0.0,0.0,0.501094241,0.33247738800000004,0.19404613200000004,0.18504023551940918,0.30704810899999996,0.16861685299999996,0.02109527,9626,199,199,0,4111,0,1575,711,3030,6465,0,0,3,4804,4671,133,3030,1641,0,1837,135,1322,4861,,502,0,
149,INFEASIBLE,certified_no_adversarial_example,feasibility,false,false,false,false,,,,0.581120157,0.03460979461669922,0.0,0.0,0.537252633,0.36854693400000005,0.25714501400000006,0.24794268608093262,0.280107619,0.168705699,0.0429013,9626,251,251,0,4052,0,1549,664,3110,7726,0,0,3,4804,4654,150,3110,1544,0,1872,153,1392,4983,,894,0,
150,OPTIMAL,adversarial_example_found_or_best_known,feasibility,true,true,true,true,-2.0761170560490427e-14,-10.879798654035238;-8.940337491716239;0.4675155938353881;-3.298804743813892;-4.251512926917345;-6.7199891162455145;-8.596462465820661;-8.894608976361882;-6.5301658441409645;0.46751559383536734,0.0;0.1;0.1;0.0;0.0;0.1;0.1;0.1;0.1;0.0;0.0;0.1;0.1;0.0;0.0;0.0;0.0;0.1;0.1;0.0;0.0;0.1;0.1;0.0;0.0;0.1;0.1;0.0;0.0;0.1;0.1;0.0;0.1;0.1;0.1;0.0;0.1;0.0;0.1;0.1;0.1;0.1;0.1;0.0;0.0;0.0;0.0;0.0;0.0;0.0;0.1;0.0;0.1;0.1;0.1;0.1;0.0;0.1;0.1;0.0;0.0;0.1;0.1;0.0;0.1;0.0;0.0;0.1;0.1;0.1;0.1;0.0;0.0;0.1;0.1;0.0;0.0;0.1;0.1;0.0;0.0;0.1;0.1;0.0;0.0;0.0;0.0;0.0;0.0;0.1;0.0;0.0;0.1;0.0;0.1;0.0;0.1;0.1;0.1;0.1;0.0;0.1;0.0;0.0;0.0;0.0;0.1;0.0;0.1;0.0;0.1;0.0;0.0;0.1;0.0;0.0;0.0;0.1;0.1;0.0;0.1;0.0;0.0;0.0;0.0;0.1;0.1;0.1;0.1;0.1;0.1;0.1;0.0;0.0;0.0;0.0;0.0;0.1;0.1;0.1;0.1;0.1;0.1;0.0;0.1;0.1;0.1;0.1;0.1;0.0;0.1;0.0;0.1;0.0;0.0;0.0;0.0;0.0;0.1;0.1;0.0;0.0;0.0;0.0;0.0;0.0;0.1;0.0;0.0;0.1;0.1;0.0;0.0;0.0;0.0;0.1;0.1;0.0;0.0;0.1;0.1;0.1;0.3313725490196079;0.6803921568627451;0.5975497781042575;0.10784313725490197;0.0;0.1;0.1;0.0;0.0;0.0;0.0;0.1;0.1;0.0;0.1;0.1;0.1;0.0;0.0;0.0;0.0;0.1;0.1;0.0;0.0;0.1;0.15098039215686276;0.40588235294117647;1.0;0.7769652713642599;0.5235294117647059;0.9745098039215686;0.43092833489448795;0.10256329882915469;0.0;0.1;0.0;0.02348630156185427;0.04688538116859655;0.0;0.1;0.1;0.0;0.1;0.1;0.0;0.0;0.0;0.0;0.1;0.1;0.0;0.1;0.1;0.48431372549019613;0.5588235294117647;0.19411764705882353;0.0;0.0;0.20196078431372547;0.8921568627450981;0.8490196078431372;0.10179638677537997;0.1;0.0;0.1;0.0;0.0;0.0;0.0;0.09790392560505658;0.1;0.1;0.1;0.0;0.0;0.0;0.1;0.1;0.0;0.1;0.14441894026792923;1.0;0.4019607843137255;0.0;0.0;0.1;0.1;0.7705882352941176;0.7196078431372549;0.0;0.1;0.1;0.1;0.0;0.1;0.1;0.0;0.1;0.1;0.1;0.1;0.0;0.0;0.0;0.1;0.1;0.0;0.1;0.5470588235294118;0.8450980392156863;0.017647058823529405;0.0;0.0;0.0;0.3941176470588236;1.0;0.4764705882352941;0.1;0.1;0.1;0.1;0.1;0.1;0.0;0.0;0.1;0.1;0.1;0.1;0.0;0.0;0.1980392156862745;0.18529351785928483;0.1;0.0;0.1;0.7313285448843986;0.8596234628088945;0.1;0.0;0.0;0.21764705882352942;0.7794062844507679;0.8871856162865377;0.0;0.0;0.0;0.0;0.0;0.06620804646864425;0.1;0.1;0.1;0.0;0.1;0.1;0.1;0.1;0.0;1.0;0.44509803921568625;0.0;0.0;0.0;0.5235294117647059;0.9823529411764705;0.12352941176470589;0.0;0.18627450980392155;0.7901960784313725;0.896078431372549;0.09593830483852225;0.1;0.0;0.0;0.0;0.1;0.1;0.1;0.1;0.0;0.0;0.1;0.1;0.1;0.1;0.0;0.9549019607843137;0.7784313725490196;0.0;0.0;0.0;0.3941176470588236;0.8960784313725491;0.20196078431372547;0.24901960784313723;0.7941176470588236;0.8940706333589197;0.17922512891361067;0.0;0.0;0.1;0.0;0.0;0.1;0.1;0.1;0.1;0.0;0.0;0.1;0.1;0.0;0.0;0.0;0.4073307719533339;0.8882352941176471;0.17450980392156865;0.0;0.0;0.1627450980392157;0.9980392156862745;0.8960784313725491;0.8960784313725491;0.703921568627451;0.0;0.1;0.1;0.0;0.0;0.0;0.0;0.0;0.1;0.1;0.1;0.0;0.0;0.1;0.1;0.0;0.1;0.0;0.0;0.6568627450980392;1.0;0.3937463851588713;0.0;0.17581433744800273;0.8727448020511372;1.0;0.8620831549826306;0.0;0.1;0.1;0.0;0.0;0.0;0.0;0.0;0.0;0.0;0.1;0.1;0.1;0.0;0.1;0.1;0.0;0.0;0.0;0.09712826532720466;0.04901960784313725;0.8958776429442781;0.884313725490196;0.9352941176470588;0.7823529411764706;0.5666666666666667;0.6294117647058823;0.8725490196078431;0.2058823529411765;0.0;0.1;0.1;0.0;0.0;0.0;0.0;0.0;0.0;0.1;0.1;0.1;0.0;0.1;0.1;0.0;0.1;0.1;0.1;0.0;0.005882352941176464;0.32146614814157515;0.5745098039215686;0.2568627450980392;0.09542818960951481;0.10386248521501773;0.968779968462077;0.8007487247448786;0.04117647058823529;0.1;0.1;0.1;0.0;0.0;0.0;0.0;0.0;0.0;0.0;0.0;0.0;0.1;0.1;0.0;0.0;0.1;0.1;0.0;0.0;0.1;0.0;0.0;0.0;0.0;0.3156862745098039;0.8647058823529412;0.7666666666666667;0.2411764705882353;0.1;0.1;0.1;0.0;0.0;0.0;0.0;0.0;0.1;0.1;0.1;0.1;0.1;0.1;0.09323971124732885;0.0;0.1;0.0;0.1;0.1;0.1;0.0;0.1;0.0;0.0;0.05686274509803921;0.8953278289978512;0.7876833192053174;0.10141109446676637;0.1;0.0;0.1;0.0;0.1;0.010029998165705446;0.0;0.0;0.1;0.0;0.1;0.1;0.1;0.1;0.1;0.1;0.0;0.0;0.1;0.1;0.0;0.0;0.1;0.0;0.1;0.017647058823529405;0.7431372549019608;0.8450980392156863;0.3784313725490196;0.1;0.1;0.0;0.1;0.1;0.0;0.0;0.1;0.1;0.1;0.1;0.1;0.0;0.1;0.0;0.0;0.1;0.1;0.1;0.1;0.0;0.0;0.0;0.0;0.1;0.0;0.6019607843137255;1.0;0.0607843137254902;0.1;0.0;0.1;0.0;0.0;0.010267484776122736;0.0;0.0;0.1;0.1;0.0;0.0;0.1;0.0;0.0;0.0;0.1;0.1;0.1;0.0;0.1;0.0;0.0;0.0;0.1;0.13529411764705884;0.9156862745098039;0.8607843137254902;0.2529411764705882;0.1;0.1;0.1;0.0;0.0;0.0;0.1;0.0;0.03807496214028144;0.0;0.1;0.0;0.1;0.0;0.1;0.1;0.1;0.1;0.1;0.0;0.08708866920628222;0.0;0.1;0.0;0.0;0.0;0.6294117647058823;1.0;0.47298480035333906;0.10242061774085363;0.0;0.0;0.1;0.1;0.0;0.0;0.1;0.1;0.0;0.0;0.0;0.0;0.0;0.0;0.0;0.0;0.1;0.1;0.1;0.0;0.0;0.0;0.0;0.0;0.0;0.3313725490196079;1.0;0.8647058823529411;0.0;0.1;0.1;0.0;0.1;0.0;0.0;0.0;0.1;0.1;0.1;0.0;0.005915634584997951;0.0;0.1;0.1;0.0;0.1;0.1;0.1;0.1;0.0;0.0;0.0;0.0;0.0;0.41764705882352937;0.7830581929897312;0.0;0.1;0.1;0.0;0.0;0.0;0.1;0.1;0.0;0.1;0.1;0.0;0.0;0.1;0.1;0.1;0.1;0.1;0.0;0.0;0.0;0.0;0.0;0.0;0.0;0.0;0.0;0.0;0.0;0.0;0.1;0.1;0.1;0.0;0.1;0.0;0.0;0.1;0.0;0.0;0.0;0.1;0.0;0.1;0.0;0.0;0.0;0.0;0.1;0.1;0.0;0.1;0.0;0.0;0.0;0.0;0.0;0.0;0.0;0.0,1.297454804,0.7271356582641602,0.0,0.0,0.56027269,0.37730484,0.282263026,0.2721371650695801,0.27800966400000005,0.18296785000000004,0.735136225,9626,279,279,0,4041,0,1527,632,3147,10051,0,0,3,4804,4645,159,3147,1498,0,1886,159,1421,5034,1,11456,,0.0
151,INFEASIBLE,certified_no_adversarial_example,feasibility,false,false,false,false,,,,0.431983454,0.01781630516052246,0.0,0.0,0.406078695,0.25461061,0.16535162499999997,0.1572401523590088,0.24072707000000002,0.15146808499999997,0.024958805,9626,198,198,0,4041,0,1573,667,3147,5279,0,0,3,4804,4682,122,3147,1535,0,1816,125,1280,4787,,553,0,
152,INFEASIBLE,certified_no_adversarial_example,feasibility,false,false,false,false,,,,0.644402172,0.1432781219482422,0.0,0.0,0.491766392,0.314791519,0.22325536100000004,0.2142777442932129,0.26851103099999996,0.17697487299999998,0.151669336,9626,247,247,0,4084,0,1552,689,3054,7200,0,0,3,4804,4639,165,3054,1585,0,1901,167,1450,5085,,990,0,
153,INFEASIBLE,certified_no_adversarial_example,feasibility,false,false,false,false,,,,0.436994646,0.012745857238769531,0.0,0.0,0.415804593,0.253845278,0.16780110599999998,0.1597154140472412,0.24800348700000002,0.161959315,0.020221104,9626,199,199,0,4039,0,1577,696,3115,5663,0,0,3,4804,4673,131,3115,1558,0,1834,134,1316,4850,,478,0,
154,INFEASIBLE,certified_no_adversarial_example,feasibility,false,false,false,false,,,,0.530876346,0.017304420471191406,0.0,0.0,0.504599447,0.331696189,0.234901755,0.22625327110290527,0.26969769200000004,0.17290325800000006,0.025339979,9626,260,260,0,4032,0,1545,676,3113,6303,0,0,3,4804,4660,144,3113,1547,0,1860,147,1368,4941,,502,0,
155,INFEASIBLE,certified_no_adversarial_example,feasibility,false,false,false,false,,,,0.398425636,0.024163246154785156,0.0,0.0,0.366697212,0.18491211799999996,0.118849841,0.11191582679748535,0.24784737099999998,0.18178509400000004,0.030783162,9626,178,178,0,3978,0,1586,624,3260,3532,0,0,3,4804,4706,98,3260,1446,0,1770,103,1188,4625,,730,0,
156,INFEASIBLE,certified_no_adversarial_example,feasibility,false,false,false,false,,,,0.565732107,0.013478517532348633,0.0,0.0,0.54376164,0.38576466000000004,0.166663432,0.15856504440307617,0.37709820800000005,0.15799698,0.021012706,9626,209,209,0,4073,0,1566,670,3108,5597,0,0,3,4804,4680,124,3108,1572,0,1821,128,1290,4804,,473,0,
157,INFEASIBLE,certified_no_adversarial_example,feasibility,false,false,false,false,,,,0.506443101,0.0154876708984375,0.0,0.0,0.481252417,0.32413038299999997,0.22341696300000002,0.21442413330078125,0.25783545399999996,0.15712203400000002,0.02422444,9626,249,249,0,4043,0,1549,662,3123,8398,0,0,3,4804,4649,155,3123,1526,0,1883,159,1414,5021,,436,0,
158,INFEASIBLE,certified_no_adversarial_example,feasibility,false,false,false,false,,,,0.500726127,0.02572798728942871,0.0,0.0,0.466453383,0.268550305,0.17562143500000002,0.1674051284790039,0.290831948,0.197903078,0.033336304,9626,218,218,0,4037,0,1564,671,3136,5654,0,0,3,4804,4675,129,3136,1539,0,1832,134,1312,4842,,722,0,
159,INFEASIBLE,certified_no_adversarial_example,feasibility,false,false,false,false,,,,0.43877125,0.015950918197631836,0.0,0.0,0.415096417,0.261408723,0.16109518000000003,0.15297746658325195,0.254001237,0.15368769399999999,0.022741819,9626,204,204,0,4037,0,1572,679,3134,5302,0,0,3,4804,4684,120,3134,1550,0,1808,120,1265,4761,,546,0,
160,INFEASIBLE,certified_no_adversarial_example,feasibility,false,false,false,false,,,,0.402769934,0.018097639083862305,0.0,0.0,0.377424047,0.236458711,0.144566059,0.13778400421142578,0.232857988,0.140965336,0.024403268,9626,158,158,0,4004,0,1594,647,3223,5073,0,0,3,4804,4710,94,3223,1487,0,1759,96,1166,4588,,649,0,
161,INFEASIBLE,certified_no_adversarial_example,feasibility,false,false,false,false,,,,0.404808502,0.015755414962768555,0.0,0.0,0.381039621,0.215103653,0.14095714899999998,0.13349246978759766,0.24008247200000002,0.165935968,0.022820344,9626,186,186,0,4044,0,1581,675,3140,5027,0,0,3,4804,4692,112,3140,1552,0,1796,115,1240,4717,,523,0,
162,INFEASIBLE,certified_no_adversarial_example,feasibility,false,false,false,false,,,,0.560479033,0.01670217514038086,0.0,0.0,0.535190936,0.35474588,0.25860946400000007,0.24981904029846191,0.27658147199999994,0.180445056,0.024323436,9626,225,225,0,4066,0,1560,664,3111,8173,0,0,3,4804,4667,137,3111,1556,0,1842,137,1333,4880,,565,0,
163,INFEASIBLE,certified_no_adversarial_example,feasibility,false,false,false,false,,,,0.391008228,0.012836933135986328,0.0,0.0,0.370395785,0.215276581,0.13031655600000003,0.12305092811584473,0.24007922899999995,0.15511920399999998,0.019654691,9626,175,175,0,4077,0,1586,710,3078,4037,0,0,3,4804,4694,110,3078,1616,0,1791,112,1230,4700,,483,0,
164,INFEASIBLE,certified_no_adversarial_example,feasibility,false,false,false,false,,,,0.381351238,0.012369632720947266,0.0,0.0,0.361689115,0.196454595,0.123013695,0.11597871780395508,0.23867542,0.16523452,0.018701096,9626,161,161,0,4049,0,1596,689,3131,3466,0,0,3,4804,4707,97,3131,1576,0,1762,97,1173,4600,,522,0,
165,INFEASIBLE,certified_no_adversarial_example,feasibility,false,false,false,false,,,,0.71428529,0.030593156814575195,0.0,0.0,0.674891751,0.375042947,0.25247345200000004,0.2430722713470459,0.42241829899999994,0.29984880399999997,0.038420425,9626,264,264,0,4044,0,1539,653,3126,8331,0,0,3,4804,4657,147,3126,1531,0,1868,152,1384,4968,,823,0,
166,INFEASIBLE,certified_no_adversarial_example,feasibility,false,false,false,false,,,,0.440980422,0.016794919967651367,0.0,0.0,0.415479665,0.260003878,0.177889083,0.17017698287963867,0.237590582,0.15547578699999998,0.024551259,9626,196,196,0,4075,0,1578,695,3082,5413,0,0,3,4804,4673,131,3082,1591,0,1834,134,1316,4850,,532,0,
167,INFEASIBLE,certified_no_adversarial_example,feasibility,false,false,false,false,,,,0.495961213,0.02214789390563965,0.0,0.0,0.464236592,0.293243589,0.1949516850000001,0.1864910125732422,0.2692849069999999,0.17099300299999998,0.030768562,9626,238,238,0,4053,0,1554,652,3129,7136,0,0,3,4804,4659,145,3129,1530,0,1861,147,1370,4945,,613,0,
168,INFEASIBLE,certified_no_adversarial_example,feasibility,false,false,false,false,,,,0.552778647,0.10195302963256836,0.0,0.0,0.442789515,0.250566108,0.16644750300000002,0.15859556198120117,0.27634201199999997,0.192223407,0.109022148,9626,212,212,0,4030,0,1566,655,3163,5486,0,0,3,4804,4684,120,3163,1521,0,1811,122,1270,4770,,913,0,
169,INFEASIBLE,certified_no_adversarial_example,feasibility,false,false,false,false,,,,0.366961939,0.011068105697631836,0.0,0.0,0.348828947,0.210973609,0.11516522399999997,0.10864496231079102,0.23366372300000005,0.137855338,0.017188641,9626,166,166,0,3994,0,1591,646,3229,3466,0,0,3,4804,4716,88,3229,1487,0,1744,88,1137,4537,,470,0,
170,INFEASIBLE,certified_no_adversarial_example,feasibility,false,false,false,false,,,,0.381716108,0.013913393020629883,0.0,0.0,0.360644575,0.21925894199999998,0.12939525600000001,0.1222677230834961,0.231249319,0.14138563300000004,0.020135996,9626,184,184,0,4025,0,1579,667,3171,4134,0,0,3,4804,4708,96,3171,1537,0,1760,96,1169,4593,,546,0,
171,INFEASIBLE,certified_no_adversarial_example,feasibility,false,false,false,false,,,,0.349005413,0.013604402542114258,0.0,0.0,0.328387582,0.18056687,0.10413391899999999,0.09771370887756348,0.22425366300000002,0.14782071200000002,0.019682413,9626,150,150,0,4017,0,1601,667,3191,2956,0,0,3,4804,4715,89,3191,1524,0,1746,89,1141,4544,,584,0,
172,INFEASIBLE,certified_no_adversarial_example,feasibility,false,false,false,false,,,,0.389114599,0.016542673110961914,0.0,0.0,0.364020033,0.20710241499999998,0.12427633199999999,0.11735820770263672,0.23974370100000003,0.15691761800000004,0.023424664,9626,168,168,0,4072,0,1591,654,3141,4263,0,0,3,4804,4702,102,3141,1561,0,1777,106,1202,4650,,537,0,
173,INFEASIBLE,certified_no_adversarial_example,feasibility,false,false,false,false,,,,0.490844916,0.02434992790222168,0.0,0.0,0.457490282,0.29028704,0.193518722,0.18511486053466797,0.26397156,0.16720324200000003,0.032385255,9626,207,207,0,4090,0,1570,707,3052,7196,0,0,3,4804,4656,148,3052,1604,0,1867,150,1382,4966,,753,0,
174,INFEASIBLE,certified_no_adversarial_example,feasibility,false,false,false,false,,,,0.745162537,0.04621100425720215,0.0,0.0,0.688306915,0.508879498,0.39744552199999994,0.3869783878326416,0.290861393,0.17942741699999998,0.05587747,9626,308,308,0,4061,0,1518,667,3072,11555,0,0,3,4804,4607,197,3072,1535,0,1969,203,1586,5321,,981,0,
175,INFEASIBLE,certified_no_adversarial_example,feasibility,false,false,false,false,,,,0.375550331,0.011319875717163086,0.0,0.0,0.356914452,0.191479498,0.122584476,0.11566424369812012,0.234329976,0.165434954,0.017687712,9626,164,164,0,4044,0,1592,680,3146,4352,0,0,3,4804,4702,102,3146,1556,0,1772,102,1193,4635,,486,0,
176,INFEASIBLE,certified_no_adversarial_example,feasibility,false,false,false,false,,,,0.565660679,0.15483641624450684,,0.0,0.403028603,0.23280757799999996,0.148634272,0.14110112190246582,0.254394331,0.17022102500000003,0.161675787,9626,195,195,0,3975,0,1579,626,3251,4784,0,0,3,4804,4698,106,3251,1447,0,1784,109,1216,4675,,1287,0,
177,INFEASIBLE,certified_no_adversarial_example,feasibility,false,false,false,false,,,,0.564487709,0.021486759185791016,0.0,0.0,0.534201908,0.38380451,0.3040304870000001,0.15142464637756348,0.23017142099999988,0.15039739800000002,0.029306958,9626,228,228,0,3971,0,1561,619,3247,4320,0,0,3,4804,4686,118,3247,1439,0,1812,125,1272,4771,,538,0,
178,INFEASIBLE,certified_no_adversarial_example,feasibility,false,false,false,false,,,,0.470711667,0.028918981552124023,0.0,0.0,0.431938899,0.26870664499999997,0.183945177,0.17546892166137695,0.247993722,0.16323225400000002,0.037785474,9626,221,221,0,4056,0,1565,669,3115,6384,0,0,3,4804,4662,142,3115,1547,0,1860,149,1368,4939,,716,0,
179,INFEASIBLE,certified_no_adversarial_example,feasibility,false,false,false,false,,,,0.415567009,0.0166776180267334,0.0,0.0,0.391384469,0.20559743399999997,0.117865779,0.1108253002166748,0.27351869,0.18578703500000004,0.023187933,9626,146,146,0,3992,0,1602,642,3244,4121,0,0,3,4804,4717,87,3244,1473,0,1747,91,1142,4545,,542,0,
180,INFEASIBLE,certified_no_adversarial_example,feasibility,false,false,false,false,,,,0.430249897,0.014218330383300781,0.0,0.0,0.406970296,0.242363084,0.16098493000000003,0.15287446975708008,0.24598536599999998,0.164607212,0.022271124,9626,190,190,0,4089,0,1580,692,3075,5453,0,0,3,4804,4674,130,3075,1599,0,1828,130,1305,4831,,518,0,
181,INFEASIBLE,certified_no_adversarial_example,feasibility,false,false,false,false,,,,0.332530882,0.011046648025512695,0.0,0.0,0.314804374,0.16051042999999998,0.08972580699999998,0.08356928825378418,0.225078567,0.15429394400000002,0.016727885,9626,136,136,0,3983,0,1608,648,3251,2288,0,0,3,4804,4734,70,3251,1483,0,1711,72,1070,4420,,435,0,
182,INFEASIBLE,certified_no_adversarial_example,feasibility,false,false,false,false,,,,0.471021824,0.01523590087890625,0.0,0.0,0.447445626,0.276314912,0.190344101,0.1822216510772705,0.257101525,0.17113071399999996,0.022629603,9626,218,218,0,4070,0,1562,680,3096,6076,0,0,3,4804,4672,132,3096,1576,0,1837,136,1322,4860,,491,0,
183,INFEASIBLE,certified_no_adversarial_example,feasibility,false,false,false,false,,,,0.374846194,0.012753725051879883,0.0,0.0,0.354110946,0.19994875899999998,0.13061308900000002,0.12339258193969727,0.22349785699999997,0.154162187,0.019764067,9626,173,173,0,4017,0,1590,661,3185,4354,0,0,3,4804,4696,108,3185,1511,0,1788,111,1224,4689,,477,0,
184,INFEASIBLE,certified_no_adversarial_example,feasibility,false,false,false,false,,,,0.376689943,0.01494145393371582,0.0,0.0,0.354450217,0.18194771,0.113497029,0.10673999786376953,0.240953188,0.172502507,0.021295376,9626,169,169,0,4084,0,1591,724,3058,3080,0,0,3,4804,4706,98,3058,1648,0,1767,100,1182,4616,,577,0,
185,INFEASIBLE,certified_no_adversarial_example,feasibility,false,false,false,false,,,,0.676581743,0.15017986297607422,0.0,0.0,0.516957639,0.34695745,0.24837313099999997,0.23927950859069824,0.26858450800000006,0.17000018900000002,0.158646704,9626,252,252,0,4064,0,1547,678,3085,8105,0,0,3,4804,4652,152,3085,1567,0,1875,154,1398,4994,,1118,0,
186,INFEASIBLE,certified_no_adversarial_example,feasibility,false,false,false,false,,,,0.476726205,0.022867202758789062,0.0,0.0,0.445659589,0.289542984,0.191728181,0.18306183815002441,0.253931408,0.15611660500000002,0.030087683,9626,221,221,0,4046,0,1559,647,3153,7096,0,0,3,4804,4682,122,3153,1529,0,1812,122,1273,4775,,749,0,
187,INFEASIBLE,certified_no_adversarial_example,feasibility,false,false,false,false,,,,0.452716356,0.024059295654296875,0.0,0.0,0.420362724,0.26024492800000004,0.171714215,0.1640639305114746,0.24864850900000002,0.16011779599999998,0.031393507,9626,193,193,0,4093,0,1580,695,3065,5118,0,0,3,4804,4683,121,3065,1618,0,1813,123,1274,4777,,762,0,
188,INFEASIBLE,certified_no_adversarial_example,feasibility,false,false,false,false,,,,0.476299273,0.019458532333374023,0.0,0.0,0.448037827,0.277059286,0.182630023,0.17427706718444824,0.26540780399999997,0.17097854099999998,0.02727355,9626,208,208,0,4069,0,1567,700,3082,6120,0,0,3,4804,4666,138,3082,1584,0,1847,140,1342,4896,,583,0,
189,INFEASIBLE,certified_no_adversarial_example,feasibility,false,false,false,false,,,,0.440989654,0.018516063690185547,0.0,0.0,0.414481125,0.25245241100000004,0.164059435,0.15647077560424805,0.25042169000000003,0.16202871399999996,0.025561444,9626,174,174,0,4097,0,1586,703,3066,5634,0,0,3,4804,4690,114,3066,1624,0,1799,116,1246,4728,,607,0,
190,INFEASIBLE,certified_no_adversarial_example,feasibility,false,false,false,false,,,,0.516941354,0.014575958251953125,0.0,0.0,0.49514876,0.1834568,0.11779192299999998,0.11082124710083008,0.37735683700000006,0.31169196,0.020841513,9626,157,157,0,3977,0,1598,637,3257,3891,0,0,3,4804,4711,93,3257,1454,0,1754,93,1157,4572,,571,0,
191,INFEASIBLE,certified_no_adversarial_example,feasibility,false,false,false,false,,,,0.312506667,0.010088682174682617,0.0,0.0,0.295653944,0.160380762,0.08836322,0.08215618133544922,0.20729072399999998,0.135273182,0.015901362,9626,125,125,0,4018,0,1612,655,3216,2886,0,0,3,4804,4737,67,3216,1521,0,1702,67,1053,4390,,466,0,
192,INFEASIBLE,certified_no_adversarial_example,feasibility,false,false,false,false,,,,0.320574735,0.011286258697509766,0.0,0.0,0.30124769,0.158324438,0.08441119200000001,0.07814931869506836,0.216836498,0.142923252,0.01835951,9626,147,147,0,3983,0,1603,632,3261,2457,0,0,3,4804,4727,77,3261,1466,0,1726,80,1100,4472,,433,0,
193,INFEASIBLE,certified_no_adversarial_example,feasibility,false,false,false,false,,,,0.483767578,0.019947052001953125,0.0,0.0,0.455219451,0.287884648,0.15739093600000004,0.14916062355041504,0.29782851499999996,0.16733480299999998,0.027598629,9626,197,197,0,4086,0,1576,688,3079,5568,0,0,3,4804,4666,138,3079,1587,0,1844,138,1337,4887,,678,0,
194,INFEASIBLE,certified_no_adversarial_example,feasibility,false,false,false,false,,,,0.714012943,0.1761627197265625,0.0,0.0,0.528561465,0.351827652,0.256703922,0.24750351905822754,0.27185754300000003,0.17673381300000002,0.18447526,9626,266,266,0,4043,0,1542,637,3138,8473,0,0,3,4804,4641,163,3138,1503,0,1900,168,1448,5080,,1020,0,
195,INFEASIBLE,certified_no_adversarial_example,feasibility,false,false,false,false,,,,0.579600026,0.01607513427734375,0.0,0.0,0.554231439,0.37368306799999995,0.277141003,0.2678544521331787,0.27709043600000005,0.1805483710000001,0.024411536,9626,257,257,0,4085,0,1544,667,3073,8481,0,0,3,4804,4641,163,3073,1568,0,1900,168,1448,5080,,412,0,
196,INFEASIBLE,certified_no_adversarial_example,feasibility,false,false,false,false,,,,0.440447136,0.023456096649169922,0.0,0.0,0.408292931,0.26144872100000005,0.17391598700000005,0.1657099723815918,0.23437694399999998,0.14684420999999998,0.031197084,9626,204,204,0,4001,0,1571,632,3218,6462,0,0,3,4804,4673,131,3218,1455,0,1837,137,1322,4859,,625,0,
197,INFEASIBLE,certified_no_adversarial_example,feasibility,false,false,false,false,,,,0.328927218,0.010259151458740234,0.0,0.0,0.311964599,0.157306221,0.09390099400000002,0.08780193328857422,0.218063605,0.154658378,0.015995865,9626,145,145,0,4005,0,1604,648,3224,2679,0,0,3,4804,4728,76,3224,1504,0,1720,76,1089,4453,,444,0,
198,INFEASIBLE,certified_no_adversarial_example,feasibility,false,false,false,false,,,,0.294673344,0.007852792739868164,0.0,0.0,0.28066564,0.127352519,0.066411812,0.06062912940979004,0.21425382799999998,0.153313121,0.013053939,9626,108,108,0,4042,0,1622,688,3166,1670,0,0,3,4804,4744,60,3166,1578,0,1688,60,1025,4341,,447,0,
199,INFEASIBLE,certified_no_adversarial_example,feasibility,false,false,false,false,,,,0.444086551,0.012793540954589844,0.0,0.0,0.423877758,0.242866474,0.16419648,0.15665555000305176,0.25968127799999996,0.181011284,0.019274988,9626,194,194,0,4026,0,1573,649,3184,5613,0,0,3,4804,4700,104,3184,1516,0,1776,104,1201,4649,,513,0,
200,INFEASIBLE,certified_no_adversarial_example,feasibility,false,false,false,false,,,,0.548143069,0.02171635627746582,0.0,0.0,0.518783149,0.36429779400000006,0.150172802,0.1430199146270752,0.368610347,0.15448535499999994,0.028403472,9626,156,156,0,4085,0,1599,680,3106,4577,0,0,3,4804,4698,106,3106,1592,0,1780,106,1209,4663,,733,0,
201,INFEASIBLE,certified_no_adversarial_example,feasibility,false,false,false,false,,,,0.418406056,0.024165630340576172,0.0,0.0,0.385791148,0.22440043599999998,0.137904066,0.1306009292602539,0.24788708199999998,0.161390712,0.031671108,9626,179,179,0,4140,0,1586,714,3007,5033,0,0,3,4804,4685,119,3007,1678,0,1811,123,1270,4769,,767,0,
202,INFEASIBLE,certified_no_adversarial_example,feasibility,false,false,false,false,,,,0.510130642,0.021248817443847656,0.0,0.0,0.47932813,0.310202216,0.20847282700000003,0.19997358322143555,0.270855303,0.16912591400000004,0.029861034,9626,240,240,0,4080,0,1553,675,3078,6912,0,0,3,4804,4656,148,3078,1578,0,1867,150,1382,4966,,622,0,
203,INFEASIBLE,certified_no_adversarial_example,feasibility,false,false,false,false,,,,0.369898898,0.012466907501220703,0.0,0.0,0.350314935,0.177435121,0.10836219100000001,0.10226130485534668,0.241952744,0.172879814,0.018653293,9626,144,144,0,3987,0,1605,636,3254,2960,0,0,3,4804,4723,81,3254,1469,0,1734,84,1116,4500,,470,0,
204,INFEASIBLE,certified_no_adversarial_example,feasibility,false,false,false,false,,,,0.401425218,0.02603459358215332,0.0,0.0,0.367485377,0.206789458,0.135048643,0.1281416416168213,0.232436734,0.160695919,0.032994299,9626,200,200,0,3974,0,1576,623,3253,3603,0,0,3,4804,4699,105,3253,1446,0,1783,109,1214,4671,,681,0,
205,INFEASIBLE,certified_no_adversarial_example,feasibility,false,false,false,false,,,,0.359765083,0.013171911239624023,0.0,0.0,0.339595659,0.1894673,0.11947163299999998,0.11298537254333496,0.22012402600000003,0.150128359,0.01922953,9626,159,159,0,3975,0,1595,631,3266,3802,0,0,3,4804,4723,81,3266,1457,0,1733,83,1114,4497,,495,0,
206,INFEASIBLE,certified_no_adversarial_example,feasibility,false,false,false,false,,,,0.498400454,0.015123844146728516,0.0,0.0,0.475428523,0.32277888900000007,0.20357371500000007,0.1869966983795166,0.27185480799999995,0.15264963399999992,0.022045977,9626,189,189,0,4015,0,1580,663,3179,5624,0,0,3,4804,4690,114,3179,1511,0,1802,119,1252,4737,,478,0,
207,INFEASIBLE,certified_no_adversarial_example,feasibility,false,false,false,false,,,,0.405939,0.013055562973022461,0.0,0.0,0.385112206,0.23217690200000002,0.15083346900000003,0.14358162879943848,0.234278737,0.152935304,0.019882573,9626,178,178,0,4053,0,1587,671,3137,5633,0,0,3,4804,4691,113,3137,1554,0,1797,115,1242,4721,,483,0,
208,INFEASIBLE,certified_no_adversarial_example,feasibility,false,false,false,false,,,,0.584627004,0.03156256675720215,0.0,0.0,0.543766011,0.365270044,0.26729084999999997,0.2569599151611328,0.276475161,0.17849596699999998,0.039921811,9626,256,256,0,4057,0,1544,678,3091,7372,0,0,3,4804,4653,151,3091,1562,0,1875,155,1398,4993,,760,0,
209,INFEASIBLE,certified_no_adversarial_example,feasibility,false,false,false,false,,,,0.514501767,0.016283750534057617,0.0,0.0,0.48905867,0.319081153,0.22137460800000003,0.21257972717285156,0.26768406199999994,0.16997751699999997,0.02446683,9626,239,239,0,4044,0,1556,670,3117,6767,0,0,3,4804,4657,147,3117,1540,0,1867,151,1382,4965,,510,0,
210,INFEASIBLE,certified_no_adversarial_example,feasibility,false,false,false,false,,,,0.343969769,0.01980423927307129,0.0,0.0,0.316868877,0.171614584,0.09863984000000002,0.08348846435546875,0.21822903699999996,0.145254293,0.026130252,9626,128,128,0,4053,0,1612,680,3153,2775,0,0,3,4804,4721,83,3153,1568,0,1737,85,1122,4511,,809,0,
211,INFEASIBLE,certified_no_adversarial_example,feasibility,false,false,false,false,,,,0.586596912,0.023447513580322266,0.0,0.0,0.555112074,0.23360862599999999,0.15231886199999997,0.14446187019348145,0.40279321199999996,0.32150344799999997,0.030506095,9626,189,189,0,4030,0,1578,655,3174,5332,0,0,3,4804,4693,111,3174,1519,0,1793,113,1234,4707,,764,0,
212,OPTIMAL,adversarial_example_found_or_best_known,feasibility,true,true,true,true,1.4210854715202004e-14,-9.932395831863467;-13.284667946183909;-13.197927333681754;0.8656856664637722;-7.107766451724489;0.865685666463758;-14.427673600642045;-8.944182036408286;-3.49873792366993;-0.8991942089588938,0.0;0.0;0.0;0.1;0.1;0.1;0.1;0.0;0.1;0.0;0.1;0.0;0.0;0.1;0.1;0.0;0.0;0.0;0.0;0.1;0.1;0.0;0.0;0.1;0.1;0.0;0.0;0.1;0.0;0.0;0.0;0.0;0.0;0.0;0.1;0.1;0.1;0.0;0.1;0.0;0.1;0.1;0.1;0.1;0.1;0.1;0.1;0.1;0.1;0.0;0.0;0.0;0.0;0.0;0.1;0.0;0.0;0.0;0.0;0.1;0.1;0.0;0.1;0.1;0.1;0.0;0.0;0.0;0.0;0.1;0.1;0.0;0.0;0.1;0.1;0.1;0.1;0.1;0.0;0.1;0.1;0.0;0.0;0.0;0.06504715577059264;0.1;0.1;0.1;0.1;0.0;0.1;0.0;0.0;0.1;0.0;0.0;0.0;0.0;0.1;0.0;0.0;0.0;0.1;0.0;0.1;0.1;0.0;0.1;0.0;0.1;0.0;0.1;0.1;0.1;0.1;0.1;0.1;0.0;0.0;0.1;0.1;0.1;0.1;0.0;0.0;0.0;0.0;0.0;0.0;0.1;0.1;0.1;0.1;0.1;0.1;0.0;0.0;0.1;0.1;0.1;0.1;0.0;0.1;0.0;0.1;0.1;0.1;0.1;0.0;0.1;0.0;0.0;0.0;0.1;0.0;0.1;0.0;0.1;0.0;0.0;0.1;0.0;0.0;0.0;0.0;0.0;0.1;0.1;0.0;0.1;0.1;0.0;0.1;0.1;0.1;0.1;0.1;0.1;0.1;0.0;0.0;0.1;0.1;0.1;0.0;0.0;0.0;0.1;0.1;0.1;0.2019607843137255;0.04117647058823529;0.11960784313725491;0.1;0.1;0.1;0.08488420348286972;0.1;0.1;0.0;0.1;0.0;0.1;0.1;0.0;0.1;0.0;0.0;0.0;0.1;0.1;0.1;0.0;0.0;0.0;0.1;0.0;0.0;0.46862745098039216;0.8490196078431372;0.6294117647058823;0.11568627450980393;0.1;0.1;0.1;0.1;0.1;0.0;0.0;0.0;0.1;0.1;0.1;0.1;0.1;0.0;0.03725490196078432;0.18235294117647058;0.10442487787725453;0.0;0.0;0.0;0.0;0.0;0.0;0.1;0.0;0.1;0.9941176470588236;0.515686274509804;0.0;0.1;0.0;0.1;0.1;0.0;0.1;0.1;0.1;0.1;0.1;0.1;0.1;0.6019607843137255;0.892239278406649;0.8921568627450981;0.7784313725490196;0.6019607843137255;0.0;0.1;0.0;0.1;0.0;0.1;0.0;0.1;0.7588235294117647;0.7901960784313725;0.1;0.0;0.1;0.1;0.1;0.0;0.0;0.1;0.1;0.1;0.1;0.1;0.4019607843137255;0.8803921568627451;0.49215686274509807;0.4764705882352941;0.5431372549019609;0.8921568627450981;0.6647058823529411;0.0;0.0;0.1;0.0;0.1;0.1;0.1;0.5392156862745098;0.896078431372549;0.0;0.1;0.1;0.0;0.1;0.0;0.1;0.1;0.1;0.1;0.1;0.1784313725490196;1.0;0.7945024009363072;0.0;0.1;0.10568421000616303;0.5901960784313726;0.8882352941176471;0.6843137254901961;0.0;0.1;0.0;0.0;0.0;0.27254901960784317;0.8631302982651848;0.6294117647058823;0.0;0.0;0.0;0.1;0.1;0.0;0.0;0.1;0.1;0.1;0.09761674329795339;0.6871471679778735;0.896078431372549;0.0;0.0;0.1;0.09742861232248896;0.0;0.40588235294117647;0.8921568627450981;0.292156862745098;0.10392156862745099;0.1;0.0;0.0;0.707843137254902;1.0;0.2463277875074634;0.1;0.0;0.1;0.1;0.1;0.0;0.0;0.1;0.1;0.1;0.4019607843137255;1.0;0.4254901960784314;0.0;0.1;0.1;0.1;0.0;0.21372549019607845;0.7;1.0;0.0;0.0;0.1019381936770641;0.692156862745098;1.0;0.40980392156862744;0.0;0.0;0.1;0.0;0.1;0.1;0.0;0.0;0.1;0.09996920807475877;0.307843137254902;0.7980392156862746;0.7039215686274509;0.34705882352941175;0.4019607843137255;0.0;0.1;0.1;0.0;0.0;0.21372549019607845;1.0;0.7196078431372549;0.13529411764705881;0.6294117647058823;1.0;0.5549019607843138;0.0;0.0;0.0;0.1;0.1;0.0;0.1;0.0;0.1;0.0;0.0;0.503921568627451;0.7313725490196079;0.1036881975188949;0.5901960784313726;1.0;0.14313725490196078;0.1;0.1;0.1;0.1;0.1;0.307843137254902;1.0;1.0;1.0;0.5549019607843138;0.10974374409827137;0.0;0.0;0.0;0.1;0.0;0.1;0.1;0.0;0.0;0.1;0.1588235294117647;1.0;0.29607843137254897;0.005882352941176464;0.9784313725490196;0.7431372549019608;0.10784313725490197;0.1;0.1;0.1;0.1;0.1;0.0;0.05686274509803921;0.41216858869532585;0.42156862745098045;0.0;0.0;0.0;0.0;0.0;0.1;0.1;0.1;0.028057312192693123;0.0;0.1;0.1;0.3784313725490196;1.0;0.10256965145153812;0.38627450980392153;1.0;0.4725490196078431;0.1;0.1;0.1;0.0;0.1;0.1;0.0;0.1;0.1;0.1;0.0;0.0;0.0;0.1;0.0;0.1;0.0;0.1;0.1;0.0;0.0;0.1;1.0;0.9313725490196079;0.0;0.6529411764705882;0.7156862745098039;0.0;0.0;0.1;0.1;0.1;0.1;0.1;0.1;0.1;0.1;0.1;0.1;0.0;0.0;0.0;0.1;0.1;0.06623636439041422;0.0;0.1;0.0;0.1;0.1;0.8882352941176471;0.24509803921568626;0.16666666666666666;1.0;0.4764705882352941;0.0;0.1;0.1;0.1;0.0;0.1;0.0;0.0;0.0;0.1;0.0;0.0;0.1;0.0;0.0;0.06726126572330039;0.1;0.0;0.1;0.1;0.0;0.0;0.0;1.0;0.5705882352941176;0.7823529411764706;0.6254901960784314;0.0;0.0;0.1;0.1;0.1;0.0;0.0;0.1;0.1;0.1;0.1;0.1;0.1;0.1;0.0;0.0;0.0;0.1;0.1;0.1;0.1;0.0;0.1;0.1;0.9;0.8921568627450981;0.719607843137255;0.08823529411764705;0.1;0.0;0.1;0.0;0.0;0.0;0.0;0.1;0.0;0.1;0.1;0.1;0.0;0.1;0.0;0.1;0.0;0.0;0.0;0.1;0.1;0.0;0.0;0.0;0.7470588235294118;0.8294117647058823;0.09896001019281421;0.0;0.0;0.1;0.1;0.1;0.1;0.0;0.0;0.1;0.1;0.1;0.1;0.1;0.1;0.1;0.1;0.1;0.0;0.0;0.1;0.0;0.1;0.0;0.1;0.1;0.10524838567446713;0.1039143098027017;0.1;0.0;0.035888787116022405;0.1;0.1;0.0;0.0;0.0;0.1;0.0;0.1;0.0;0.1;0.1;0.1;0.0;0.0;0.1;0.0;0.0;0.0;0.0;0.1;0.1;0.1;0.1;0.1;0.1;0.1;0.0;0.0;0.1;0.1;0.0;0.0;0.0;0.0;0.1;0.1;0.0;0.1;0.1;0.1;0.0;0.0;0.1;0.1;0.0;0.1;0.1;0.1;0.1;0.1;0.1;0.047283898167176354;0.1;0.05861720858457325;0.0;0.1;0.1;0.1;0.1;0.1;0.0;0.0;0.0;0.1;0.0;0.1;0.0;0.0;0.0;0.0;0.1;0.0;0.0;0.0;0.1;0.1;0.1;0.1;0.1;0.1;0.1;0.1;0.0;0.0;0.1;0.1;0.1;0.1;0.0;0.0;0.1;0.1;0.0;0.0;0.1;0.1;0.0;0.0;0.1;0.1;0.0;0.0;0.1;0.1;0.1;0.1;0.1;0.1;0.1;0.1;0.0;0.1;0.0;0.1;0.0;0.0;0.0;0.0;0.0;0.06810840891690895;0.1;0.1;0.1;0.1;0.0;0.1;0.1;0.1;0.1,49.238881107,48.69306039810181,0.0,0.0,0.520407072,0.35197567100000005,0.254750896,0.24558186531066895,0.265656176,0.16843140099999998,48.716341096,9626,234,234,0,4035,0,1557,653,3147,8226,0,0,3,4804,4654,150,3147,1507,0,1872,153,1392,4983,2047,939923,,0.0
213,INFEASIBLE,certified_no_adversarial_example,feasibility,false,false,false,false,,,,0.521396007,0.02345132827758789,0.0,0.0,0.487936788,0.321132025,0.21859321900000003,0.21014809608459473,0.269343569,0.16680476300000002,0.032469199,9626,214,214,0,4057,0,1570,658,3127,6070,0,0,3,4804,4673,131,3127,1546,0,1836,136,1320,4856,,603,0,
214,INFEASIBLE,certified_no_adversarial_example,feasibility,false,false,false,false,,,,0.531573127,0.01839923858642578,0.0,0.0,0.505351794,0.29696738500000003,0.20582908900000002,0.1967480182647705,0.29952270499999994,0.20838440899999994,0.025215219,9626,179,179,0,4014,0,1583,649,3201,5838,0,0,3,4804,4696,108,3201,1495,0,1787,110,1222,4686,,592,0,
215,INFEASIBLE,certified_no_adversarial_example,feasibility,false,false,false,false,,,,0.398323487,0.015141963958740234,0.0,0.0,0.375251334,0.20438788,0.126174053,0.11880612373352051,0.24907728099999998,0.170863454,0.022106699,9626,163,163,0,4050,0,1593,672,3148,4131,0,0,3,4804,4709,95,3148,1561,0,1761,97,1170,4595,,511,0,
216,INFEASIBLE,certified_no_adversarial_example,feasibility,false,false,false,false,,,,0.438675872,0.015009880065917969,0.0,0.0,0.415237799,0.23814308399999998,0.15496570699999998,0.14690518379211426,0.260272092,0.17709471500000004,0.022458499,9626,180,180,0,4074,0,1584,690,3098,5209,0,0,3,4804,4690,114,3098,1592,0,1800,117,1248,4731,,524,0,
217,INFEASIBLE,certified_no_adversarial_example,feasibility,false,false,false,false,,,,0.483000347,0.016001224517822266,0.0,0.0,0.457888454,0.28405873800000003,0.195098771,0.1863720417022705,0.262789683,0.17382971599999997,0.02410724,9626,208,208,0,4051,0,1569,669,3129,5927,0,0,3,4804,4674,130,3129,1545,0,1832,133,1312,4843,,484,0,
218,INFEASIBLE,certified_no_adversarial_example,feasibility,false,false,false,false,,,,0.410134145,0.018635988235473633,0.0,0.0,0.383209845,0.22153391300000003,0.13452776900000002,0.12684917449951172,0.24868207599999997,0.16167593199999997,0.025925478,9626,176,176,0,4044,0,1588,679,3139,3693,0,0,3,4804,4701,103,3139,1562,0,1774,103,1197,4642,,641,0,
219,INFEASIBLE,certified_no_adversarial_example,feasibility,false,false,false,false,,,,0.529659306,0.017412185668945312,0.0,0.0,0.502848526,0.330945657,0.22551027499999998,0.21627068519592285,0.277338251,0.17190286899999996,0.025790675,9626,226,226,0,4031,0,1562,651,3156,6998,0,0,3,4804,4663,141,3156,1507,0,1855,145,1358,4923,,492,0,
220,INFEASIBLE,certified_no_adversarial_example,feasibility,false,false,false,false,,,,0.508258373,0.021628856658935547,0.0,0.0,0.477264366,0.28550653699999995,0.188658725,0.17975139617919922,0.28860564099999997,0.19175782900000005,0.030021373,9626,216,216,0,4059,0,1568,681,3102,6560,0,0,3,4804,4658,146,3102,1556,0,1864,149,1376,4955,,649,0,
221,INFEASIBLE,certified_no_adversarial_example,feasibility,false,false,false,false,,,,0.477808271,0.009369373321533203,0.0,0.0,0.461127771,0.313763082,0.09154397,0.0850217342376709,0.369583801,0.147364689,0.015714607,9626,130,130,0,4042,0,1612,674,3168,2734,0,0,3,4804,4716,88,3168,1548,0,1744,88,1137,4537,,433,0,
222,INFEASIBLE,certified_no_adversarial_example,feasibility,false,false,false,false,,,,0.51706086,0.027410268783569336,0.0,0.0,0.480762208,0.297169151,0.20192389999999996,0.1928253173828125,0.2788383080000001,0.183593057,0.0353271,9626,235,235,0,4075,0,1555,675,3086,6978,0,0,3,4804,4669,135,3086,1583,0,1841,137,1330,4875,,739,0,
223,INFEASIBLE,certified_no_adversarial_example,feasibility,false,false,false,false,,,,0.448614002,0.02146172523498535,0.0,0.0,0.418587741,0.249870968,0.158316802,0.15004682540893555,0.260270939,0.16871677300000001,0.029030362,9626,186,186,0,4139,0,1583,707,3011,4976,0,0,3,4804,4678,126,3011,1667,0,1820,126,1289,4803,,703,0,
224,INFEASIBLE,certified_no_adversarial_example,feasibility,false,false,false,false,,,,0.443246963,0.01632213592529297,0.0,0.0,0.41887206,0.24777984000000003,0.16659084100000005,0.15897536277770996,0.25228121899999995,0.17109221999999996,0.023394358,9626,177,177,0,4040,0,1587,666,3156,5355,0,0,3,4804,4692,112,3156,1536,0,1792,112,1233,4705,,516,0,
225,INFEASIBLE,certified_no_adversarial_example,feasibility,false,false,false,false,,,,0.374969069,0.01734757423400879,0.0,0.0,0.350054303,0.18985499399999997,0.11559016400000001,0.10859918594360352,0.23446413900000002,0.16019930900000004,0.023932678,9626,163,163,0,3970,0,1594,624,3275,3940,0,0,3,4804,4712,92,3275,1437,0,1755,94,1158,4574,,592,0,
226,INFEASIBLE,certified_no_adversarial_example,feasibility,false,false,false,false,,,,0.49815459,0.03477811813354492,0.0,0.0,0.454720364,0.27764346900000003,0.19231532800000004,0.1840653419494629,0.262405036,0.17707689499999996,0.042444576,9626,196,196,0,4069,0,1577,703,3081,5877,0,0,3,4804,4681,123,3081,1600,0,1817,125,1282,4791,,1037,0,
227,INFEASIBLE,certified_no_adversarial_example,feasibility,false,false,false,false,,,,0.474677127,0.02770709991455078,0.0,0.0,0.437873554,0.261449197,0.17968770399999998,0.17177367210388184,0.25818585000000005,0.17642435699999998,0.035836648,9626,200,200,0,4085,0,1575,683,3083,5573,0,0,3,4804,4681,123,3083,1598,0,1821,129,1290,4803,,729,0,
228,INFEASIBLE,certified_no_adversarial_example,feasibility,false,false,false,false,,,,0.663339313,0.038889169692993164,0.0,0.0,0.615546526,0.307522854,0.18830770300000002,0.17924904823303223,0.42723882300000005,0.308023672,0.04676491,9626,218,218,0,3993,0,1566,639,3210,5508,0,0,3,4804,4685,119,3210,1475,0,1812,124,1272,4772,,971,0,
229,INFEASIBLE,certified_no_adversarial_example,feasibility,false,false,false,false,,,,0.289652047,0.007787942886352539,0.0,0.0,0.275461331,0.13898291499999998,0.073569028,0.06763768196105957,0.201892303,0.136478416,0.013192324,9626,115,115,0,3981,0,1617,642,3271,2218,0,0,3,4804,4744,60,3271,1473,0,1688,60,1025,4341,,418,0,
230,INFEASIBLE,certified_no_adversarial_example,feasibility,false,false,false,false,,,,0.516013385,0.01781916618347168,0.0,0.0,0.489479673,0.32809602600000004,0.20899893600000002,0.2004847526550293,0.280480737,0.16138364699999996,0.025562561,9626,206,206,0,3988,0,1574,635,3223,5691,0,0,3,4804,4687,117,3223,1464,0,1802,117,1253,4740,,543,0,
231,INFEASIBLE,certified_no_adversarial_example,feasibility,false,false,false,false,,,,0.456169422,0.013249874114990234,0.0,0.0,0.434749555,0.277296264,0.18074767599999997,0.17275118827819824,0.25400187900000004,0.157453291,0.020396737,9626,179,179,0,4037,0,1585,658,3167,5444,0,0,3,4804,4695,109,3167,1528,0,1786,109,1221,4684,,460,0,
232,INFEASIBLE,certified_no_adversarial_example,feasibility,false,false,false,false,,,,0.512420608,0.016879558563232422,0.0,0.0,0.486380549,0.304146402,0.21226064799999994,0.20310163497924805,0.27411990100000005,0.182234147,0.025013715,9626,231,231,0,4026,0,1555,640,3174,7288,0,0,3,4804,4661,143,3174,1487,0,1858,146,1364,4934,,480,0,
233,INFEASIBLE,certified_no_adversarial_example,feasibility,false,false,false,false,,,,0.968029837,0.47815418243408203,,0.0,0.481172521,0.312018056,0.207010486,0.1984398365020752,0.274162035,0.16915446500000003,0.485821707,9626,226,226,0,4070,0,1559,676,3095,5826,0,0,3,4804,4677,127,3095,1582,0,1825,129,1298,4819,,1327,0,
234,INFEASIBLE,certified_no_adversarial_example,feasibility,false,false,false,false,,,,0.462030923,0.028759002685546875,0.0,0.0,0.42426759,0.256646687,0.17151116,0.16351962089538574,0.25275643000000003,0.16762090300000004,0.036760614,9626,201,201,0,4083,0,1574,671,3097,5761,0,0,3,4804,4676,128,3097,1579,0,1829,132,1306,4832,,804,0,
235,INFEASIBLE,certified_no_adversarial_example,feasibility,false,false,false,false,,,,0.40378885,0.021497488021850586,0.0,0.0,0.374265449,0.226409852,0.13399333200000002,0.12651872634887695,0.24027211699999995,0.14785559699999998,0.028510727,9626,169,169,0,4007,0,1589,643,3218,4500,0,0,3,4804,4707,97,3218,1489,0,1765,99,1178,4609,,695,0,
236,INFEASIBLE,certified_no_adversarial_example,feasibility,false,false,false,false,,,,0.487902539,0.020753145217895508,0.0,0.0,0.458032996,0.288632115,0.192183279,0.1833944320678711,0.26584971700000004,0.169400881,0.028870099,9626,227,227,0,4029,0,1562,669,3139,6270,0,0,3,4804,4667,137,3139,1528,0,1845,139,1338,4889,,578,0,
237,INFEASIBLE,certified_no_adversarial_example,feasibility,false,false,false,false,,,,0.327908093,0.009060382843017578,0.0,0.0,0.312099631,0.16346392899999998,0.08373725299999998,0.07733964920043945,0.228362378,0.148635702,0.014811461,9626,136,136,0,4029,0,1608,684,3169,2013,0,0,3,4804,4735,69,3169,1566,0,1706,69,1061,4404,,497,0,
238,INFEASIBLE,certified_no_adversarial_example,feasibility,false,false,false,false,,,,0.532928282,0.013672590255737305,0.0,0.0,0.511673163,0.21984138599999997,0.12220971600000001,0.11466264724731445,0.38946344699999996,0.291831777,0.020295955,9626,167,167,0,4030,0,1591,665,3173,3976,0,0,3,4804,4705,99,3173,1532,0,1766,99,1181,4614,,562,0,
239,INFEASIBLE,certified_no_adversarial_example,feasibility,false,false,false,false,,,,0.454249463,0.01965498924255371,0.0,0.0,0.426475052,0.268448286,0.18198328400000002,0.17394614219665527,0.244491768,0.15802676600000004,0.026777909,9626,201,201,0,4049,0,1572,658,3146,5458,0,0,3,4804,4688,116,3146,1542,0,1800,116,1249,4733,,617,0,
240,INFEASIBLE,certified_no_adversarial_example,feasibility,false,false,false,false,,,,0.438465788,0.019987106323242188,0.0,0.0,0.410800402,0.231841207,0.14377578400000002,0.13662457466125488,0.267024618,0.17895919500000002,0.026706853,9626,172,172,0,3985,0,1589,638,3242,4431,0,0,3,4804,4711,93,3242,1469,0,1759,97,1166,4587,,579,0,
241,INFEASIBLE,certified_no_adversarial_example,feasibility,false,false,false,false,,,,0.53345845,0.021006107330322266,0.0,0.0,0.503746384,0.341625419,0.23701645500000001,0.2284543514251709,0.26672992900000003,0.16212096500000006,0.028750929,9626,229,229,0,4055,0,1558,675,3109,7247,0,0,3,4804,4664,140,3109,1555,0,1852,143,1352,4913,,578,0,
242,OPTIMAL,adversarial_example_found_or_best_known,feasibility,true,true,true,true,-6.461498003318411e-14,-8.143927031597878;-22.337550328907653;-7.436215251825686;-3.5836966765956495;-10.034568350937462;-3.8642252721708115;-9.847782250551294;-14.617576911757357;-0.6100475767993003;-0.6100475767992357,0.1;0.0;0.0;0.1;0.1;0.0;0.0;0.1;0.1;0.0;0.0;0.0;0.0;0.1;0.1;0.1;0.1;0.0;0.0;0.1;0.1;0.0;0.0;0.1;0.1;0.0;0.0;0.1;0.1;0.0;0.0;0.1;0.0;0.0;0.0;0.1;0.1;0.0;0.0;0.0;0.1;0.1;0.1;0.1;0.0;0.0;0.0;0.1;0.1;0.1;0.1;0.1;0.1;0.1;0.0;0.0;0.1;0.1;0.0;0.1;0.1;0.0;0.0;0.1;0.1;0.0;0.0;0.0;0.0;0.0;0.0;0.1;0.1;0.0;0.0;0.0;0.0;0.1;0.1;0.0;0.1;0.1;0.1;0.0;0.1;0.1;0.0;0.07588351666392477;0.0;0.1;0.1;0.0;0.0;0.1;0.0;0.1;0.0;0.0;0.0;0.1;0.0;0.0;0.1;0.0;0.1;0.0;0.1;0.0;0.1;0.0;0.1;0.0;0.0;0.1;0.1;0.1;0.0;0.0;0.0;0.1;0.0;0.0;0.0;0.1;0.0;0.0;0.0;0.1;0.1;0.0;0.0;0.0;0.0;0.1;0.1;0.1;0.1;0.1;0.1;0.0;0.0;0.0;0.0;0.1;0.1;0.1;0.1;0.0;0.1;0.1;0.0;0.1;0.0;0.1;0.1;0.0;0.1;0.0;0.1;0.0;0.1;0.0;0.1;0.1;0.0;0.1;0.1;0.0;0.1;0.1;0.1;0.0;0.0;0.0;0.0;0.0;0.0;0.1;0.1;0.0;0.1;0.0;0.1;0.0;0.1;0.0;0.1;0.1;0.1;0.0;0.1;0.1;0.1;0.0;0.0;0.0;0.0;0.1;0.0;0.0;0.1;0.1;0.1;0.1;0.42606523491895043;0.48431372549019613;0.48431372549019613;0.48431372549019613;0.5674941023497028;0.48431372549019613;0.1270649497020916;0.1;0.1;0.1;0.1;0.0;0.10212036499996473;0.1;0.1;0.0;0.0;0.1;0.1;0.0;0.1;0.0;0.0;0.0;0.0;0.1;0.10003604142592805;0.5;0.7352941176470589;1.0;0.8921568627450981;1.0;1.0;0.8921568627450981;0.7980392156862746;0.5784313725490197;0.10260014837179285;0.1;0.1;0.7509803921568627;0.3666666666666667;0.0;0.0;0.0;0.0;0.1;0.1;0.0;0.0;0.0;0.0;0.0;0.1;0.1;0.3340542499612415;0.8921568627450981;0.8921568627450981;1.0;0.4372549019607843;0.45175544815383006;0.9470588235294117;1.0;1.0;1.0;0.19019607843137257;0.07899389581574422;0.1;0.5786145904972136;1.0;0.8330095632327396;0.21764705882352942;0.0;0.1;0.1;0.1;0.1;0.1;0.0;0.0;0.0;0.0;0.2019607843137255;0.9392156862745098;1.0;0.7431372549019608;0.23333333333333334;0.09882618202810466;0.1;0.0;0.14313725490196078;0.9196078431372549;1.0;0.6019607843137255;0.1;0.09978387241888902;0.025490196078431365;0.692156862745098;0.8921568627450981;0.9431372549019608;0.013725490196078424;0.0;0.1;0.1;0.0;0.1;0.1;0.0;0.0;0.1;0.6098039215686274;0.8921568627450981;1.0;0.10559211672986007;0.1;0.0;0.0;0.1;0.0;0.3929776105501194;1.0;0.871801759115969;0.19411764705882353;0.0;0.1;0.22549019607843138;0.9352941176470588;1.0;0.6061774502892004;0.0;0.1;0.0;0.0;0.1;0.0;0.0;0.0;0.0;0.7588235294117647;0.8921568627450981;0.6725490196078431;0.0;0.1;0.1;0.0;0.0;0.1;0.34705882352941175;1.0;0.759069003389918;0.0;0.0;0.1;0.0;0.3156862745098039;1.0;0.8921568627450981;0.10135845805368904;0.1;0.1;0.0;0.1;0.0;0.010800284220298743;0.0;0.0;1.0;0.8921568627450981;0.33529411764705885;0.0;0.1;0.1;0.0;0.1;0.0;0.34705882352941175;0.8921568627450981;0.8671189008332755;0.2411764705882353;0.0;0.0;0.1;0.4137254901960784;1.0;1.0;0.48039215686274506;0.1;0.0;0.0;0.0;0.0;0.0;0.0;0.0;0.8960784313725491;0.9700497383404776;0.5352941176470588;0.0;0.1;0.1;0.0;0.0;0.1;0.4764705882352941;0.8921568627450981;0.8137254901960784;0.04117647058823529;0.0;0.1;0.1;0.1;0.8254901960784314;0.8921568627450981;0.6058823529411764;0.1;0.1;0.0;0.0;0.0;0.1;0.1;0.1;0.515686274509804;1.0;0.5014655188808863;0.0;0.0;0.0;0.1;0.1;0.1;0.8294117647058823;1.0;0.8019607843137254;0.1;0.1;0.0;0.1;0.1;0.8661728581699302;1.0;0.8756162492100814;0.1;0.0;0.0;0.0;0.0;0.0;0.1;0.0;0.45686274509803926;0.8921568627450981;0.8803921568627451;0.43333333333333335;0.0;0.0;0.0;0.1;0.1;0.8294117647058823;0.8921568627450981;0.40980392156862744;0.1;0.1;0.0;0.0;0.1;0.8254901960784314;0.8921568627450981;0.6529411764705882;0.1;0.1;0.0;0.0;0.0;0.0;0.1;0.1;0.1033495778834391;0.7352941176470589;1.0;0.8683219549437567;0.794871287891963;0.8793097681403756;0.6002317462201545;0.5745098039215687;0.7922927156671538;0.8595114182065485;1.0;0.445371578478833;0.24509803921568626;0.24509803921568626;0.3559079242366681;0.24509803921568626;0.4742423637638661;1.0;1.0;0.4882352941176471;0.0;0.0;0.0;0.1;0.0;0.0;0.1;0.1;0.0;0.2019607843137255;0.5549019607843138;1.0;0.8921568627450981;0.8921568627450981;0.8921568627450981;0.8921568627450981;1.0;1.0;0.8921568627450981;1.0;1.0;0.8921568627450981;1.0;1.0;0.8921568627450981;1.0;0.9235294117647058;0.09568752702162776;0.1;0.1;0.0;0.0;0.0;0.1;0.1;0.1;0.1;0.1;0.10759081474181768;0.21764705882352942;0.21764705882352942;0.21764705882352942;0.529758567850261;0.7039215686274509;0.6312929780479397;0.5980392156862745;1.0;0.8923734584145226;1.0;1.0;1.0;1.0;0.9313725490196079;0.49215686274509807;0.10405310574054709;0.0;0.1;0.0;0.0;0.1;0.0;0.1;0.1;0.1;0.1;0.1;0.0;0.0;0.1;0.09916648083367505;0.1;0.1;0.1;0.0;0.0;0.0;0.3509803921568627;0.44090307607181656;0.19411764705882353;0.10045302793211613;0.0;0.0;0.1;0.1;0.1;0.1;0.0;0.0;0.0;0.1;0.1;0.1;0.1;0.1;0.0;0.1;0.1;0.1;0.1;0.1;0.1;0.1;0.0;0.0;0.0;0.1;0.0;0.1;0.1;0.1;0.1;0.1;0.1;0.0;0.1;0.0;0.0;0.0;0.1;0.1;0.0;0.0;0.0;0.0;0.0;0.1;0.0;0.1;0.1;0.1;0.0;0.0;0.0;0.1;0.0;0.0;0.1;0.1;0.0;0.0;0.0;0.0;0.0;0.0;0.0;0.0;0.0;0.1;0.0;0.1;0.0;0.1;0.0;0.1;0.0;0.1;0.0;0.1;0.1;0.0;0.0;0.06764858915564906;0.0;0.1;0.0;0.1;0.0;0.1;0.0;0.0017095761858267478;0.1;0.1;0.1;0.0;0.1;0.1;0.1;0.1;0.0;0.1;0.0;0.0;0.1;0.1;0.1;0.1;0.1;0.1;0.0;0.0;0.1;0.1;0.0;0.0;0.0;0.1;0.0;0.0;0.1;0.0;0.1;0.0;0.1;0.1;0.1;0.056973659278085884;0.1;0.1;0.0;0.1;0.0;0.1;0.1;0.0;0.1;0.1;0.1;0.0;0.1;0.1;0.0;0.1;0.1;0.1;0.0;0.0;0.1;0.1;0.1;0.1;0.1;0.1;0.1;0.1;0.1;0.1;0.0;0.017440750035606033;0.1;0.1;0.1;0.1;0.0;0.0;0.0;0.0;0.1;0.0;0.0;0.0;0.1;0.1;0.0;0.0;0.1;0.0;0.0;0.0;0.1;0.1;0.0;0.0;0.1;0.1;0.0;0.0;0.0;0.1;0.0;0.0;0.1;0.0;0.1;0.1;0.1;0.1;0.1;0.1;0.0;0.0;0.0;0.0;0.0,1.593475521,1.1202831268310547,0.0,0.0,0.463175386,0.285159477,0.20047036200000004,0.19145488739013672,0.26270502399999995,0.17801590900000003,1.128277761,9626,240,240,0,4084,0,1554,679,3069,6640,0,0,3,4804,4649,155,3069,1580,0,1882,158,1412,5018,1,12812,,0.0
243,INFEASIBLE,certified_no_adversarial_example,feasibility,false,false,false,false,,,,0.456183462,0.026485919952392578,0.0,0.0,0.421527382,0.252863689,0.17013544100000003,0.15358829498291016,0.25139194099999995,0.168663693,0.033716976,9626,189,189,0,4088,0,1578,682,3089,5431,0,0,3,4804,4687,117,3089,1598,0,1805,119,1258,4749,,813,0,
244,INFEASIBLE,certified_no_adversarial_example,feasibility,false,false,false,false,,,,0.518553466,0.03323173522949219,0.0,0.0,0.476107704,0.30747717100000005,0.21098122900000002,0.20227408409118652,0.265126475,0.16863053299999997,0.041434208,9626,215,215,0,4036,0,1568,665,3142,6599,0,0,3,4804,4666,138,3142,1524,0,1849,142,1346,4902,,733,0,
245,INFEASIBLE,certified_no_adversarial_example,feasibility,false,false,false,false,,,,0.361006165,0.01898789405822754,0.0,0.0,0.334711742,0.18476482700000002,0.11088423800000002,0.10433244705200195,0.22382750399999995,0.14994691499999996,0.025325174,9626,153,153,0,4015,0,1600,656,3202,3712,0,0,3,4804,4711,93,3202,1509,0,1757,95,1162,4581,,720,0,
246,INFEASIBLE,certified_no_adversarial_example,feasibility,false,false,false,false,,,,16.433705465,15.846182584762573,,0.0,0.576435664,0.405680486,0.29152769700000003,0.2816050052642822,0.284907967,0.170755178,15.856295244,9626,292,292,0,4040,0,1529,661,3104,8893,0,0,3,4804,4622,182,3104,1518,0,1938,187,1524,5213,,1740,0,
247,INFEASIBLE,certified_no_adversarial_example,feasibility,false,false,false,false,,,,0.59762015,0.01853179931640625,0.0,0.0,0.569454414,0.40647206,0.264557705,0.2528681755065918,0.304896709,0.16298235399999994,0.027121774,9626,245,245,0,4090,0,1553,703,3035,5540,0,0,3,4804,4662,142,3035,1627,0,1855,144,1358,4924,,549,0,
248,SKIPPED_PREDICTED_IN_TARGETED,adversarial_example_found_or_best_known,feasibility,true,true,true,true,3.292735486053167,-3.1983125677117146;-7.862744704439692;0.9794937564112143;-6.607636350202855;-0.6142769453788455;-7.99250481794685;2.6784585406743213;-8.92205058273872;-3.3271914533305935;-12.715222537470826,0.0;0.0;0.0;0.0;0.0;0.0;0.0;0.0;0.0;0.0;0.0;0.0;0.0;0.0;0.0;0.0;0.0;0.0;0.0;0.0;0.0;0.0;0.0;0.0;0.0;0.0;0.0;0.0;0.0;0.0;0.0;0.0;0.0;0.0;0.0;0.0;0.0;0.0;0.0;0.0;0.0;0.0;0.0;0.0;0.0;0.0;0.0;0.0;0.0;0.0;0.0;0.0;0.0;0.0;0.0;0.0;0.0;0.0;0.0;0.0;0.0;0.0;0.0;0.0;0.0;0.0;0.0;0.0;0.0;0.0;0.0;0.0;0.0;0.0;0.0;0.0;0.0;0.0;0.0;0.0;0.0;0.0;0.0;0.0;0.0;0.0;0.0;0.0;0.0;0.0;0.0;0.0;0.0;0.0;0.0;0.0;0.0;0.0;0.0;0.0;0.0;0.0;0.0;0.0;0.0;0.0;0.0;0.0;0.0;0.0;0.0;0.0;0.0;0.0;0.0;0.0;0.0;0.0;0.0;0.0;0.0;0.0;0.0;0.0;0.0;0.0;0.0;0.0;0.0;0.0;0.0;0.0;0.0;0.0;0.0;0.0;0.0;0.0;0.0;0.0;0.0;0.0;0.0;0.0;0.0;0.0;0.0;0.0;0.0;0.0;0.0;0.0;0.0;0.0;0.0;0.0;0.0;0.0;0.0;0.0;0.07450980392156863;0.09411764705882353;0.0;0.0;0.0;0.0;0.0;0.0;0.0;0.0;0.0;0.0;0.0;0.0;0.0;0.0;0.0;0.0;0.0;0.0;0.0;0.0;0.0;0.0;0.0;0.0196078431372549;0.16470588235294117;0.6274509803921569;0.8823529411764706;0.9137254901960784;0.0;0.0;0.0;0.0;0.0;0.0;0.0;0.0;0.0;0.0;0.0;0.0;0.0;0.0;0.0;0.0;0.0;0.0;0.0;0.0;0.0;0.0;0.058823529411764705;0.6078431372549019;0.996078431372549;0.996078431372549;0.996078431372549;0.996078431372549;0.0;0.0;0.0;0.0;0.0;0.0;0.0;0.0;0.0;0.0;0.0;0.0;0.0;0.0;0.0;0.0;0.0;0.0;0.0;0.0;0.0;0.058823529411764705;0.6078431372549019;0.996078431372549;0.996078431372549;0.996078431372549;0.9725490196078431;0.2627450980392157;0.0;0.0;0.0;0.0;0.0;0.0;0.0;0.0;0.0;0.0;0.0;0.0;0.0;0.0;0.0;0.0;0.0;0.0;0.0;0.0;0.0196078431372549;0.7450980392156863;0.996078431372549;0.996078431372549;0.996078431372549;0.8666666666666667;0.21568627450980393;0.0;0.0;0.0;0.0;0.0;0.0;0.0;0.0;0.0;0.0;0.0;0.0;0.0;0.0;0.0;0.0;0.0;0.0;0.0;0.0;0.0;0.30196078431372547;0.996078431372549;0.996078431372549;0.996078431372549;0.6352941176470588;0.12156862745098039;0.0;0.0;0.0;0.0;0.0;0.0;0.0;0.0;0.0;0.0;0.0;0.0;0.0;0.0;0.0;0.0;0.0;0.0;0.0;0.0;0.0;0.17254901960784313;0.8941176470588236;0.996078431372549;0.9529411764705882;0.4470588235294118;0.011764705882352941;0.0;0.0;0.0;0.0;0.0;0.0;0.0;0.0;0.0;0.0;0.0;0.0;0.0;0.0;0.0;0.0;0.0;0.0;0.0;0.0;0.043137254901960784;0.48627450980392156;0.8862745098039215;0.996078431372549;0.996078431372549;0.4980392156862745;0.0;0.0;0.0;0.0;0.0;0.0;0.0;0.0;0.0;0.0;0.0;0.0;0.0;0.0;0.0;0.0;0.0;0.0;0.0;0.0;0.08627450980392157;0.37254901960784315;0.7372549019607844;0.996078431372549;0.996078431372549;0.996078431372549;0.996078431372549;0.44313725490196076;0.03137254901960784;0.37254901960784315;0.4549019607843137;0.5607843137254902;0.09803921568627451;0.0;0.0;0.0;0.0;0.0;0.0;0.0;0.0;0.0;0.0;0.0;0.0;0.0;0.11764705882352941;0.3843137254901961;0.8470588235294118;0.996078431372549;0.996078431372549;0.7411764705882353;0.3568627450980392;0.0392156862745098;0.996078431372549;0.792156862745098;0.9294117647058824;1.0;0.996078431372549;0.9686274509803922;0.19215686274509805;0.0;0.0;0.0;0.0;0.0;0.0;0.0;0.0;0.0392156862745098;0.14901960784313725;0.14901960784313725;0.14901960784313725;0.5607843137254902;0.9333333333333333;0.996078431372549;0.9058823529411765;0.6666666666666666;0.20392156862745098;0.0;0.0784313725490196;0.3176470588235294;0.996078431372549;0.996078431372549;0.996078431372549;0.996078431372549;0.6313725490196078;0.2901960784313726;0.0;0.0;0.0;0.0;0.0;0.0;0.0;0.0;0.0;0.6980392156862745;0.996078431372549;0.996078431372549;0.996078431372549;0.9725490196078431;0.9294117647058824;0.4666666666666667;0.09019607843137255;0.0;0.01568627450980392;0.27450980392156865;0.8509803921568627;0.996078431372549;0.996078431372549;0.996078431372549;0.9921568627450981;0.7098039215686275;0.00784313725490196;0.0;0.0;0.0;0.0;0.0;0.0;0.0;0.0;0.0;0.0;0.5647058823529412;0.9607843137254902;0.8745098039215686;0.5882352941176471;0.14901960784313725;0.0;0.0;0.0;0.03529411764705882;0.6941176470588235;0.996078431372549;0.996078431372549;0.996078431372549;0.996078431372549;0.996078431372549;0.8117647058823529;0.0;0.0;0.0;0.0;0.0;0.0;0.0;0.0;0.0;0.0;0.0;0.0;0.0;0.06666666666666667;0.043137254901960784;0.0;0.0;0.0;0.0;0.0;0.050980392156862744;0.7843137254901961;0.996078431372549;0.8980392156862745;0.8862745098039215;0.996078431372549;0.996078431372549;0.5490196078431373;0.0;0.0;0.0;0.0;0.0;0.0;0.0;0.0;0.0;0.0;0.0;0.0;0.0;0.0;0.0;0.0;0.0;0.0;0.0;0.0;0.0;0.07058823529411765;0.1843137254901961;0.09019607843137255;0.10588235294117647;0.996078431372549;0.996078431372549;0.25098039215686274;0.0;0.0;0.0;0.0;0.0;0.0;0.0;0.0;0.0;0.0;0.0;0.0;0.0;0.0;0.0;0.0;0.0;0.0;0.0;0.0;0.0;0.0;0.0;0.0;0.027450980392156862;0.8823529411764706;0.8627450980392157;0.054901960784313725;0.0;0.0;0.0;0.0;0.0;0.0;0.0;0.0;0.0;0.0;0.0;0.0;0.0;0.0;0.0;0.0;0.0;0.0;0.0;0.0;0.0;0.0;0.0;0.0;0.0;0.27058823529411763;0.4666666666666667;0.0;0.0;0.0;0.0;0.0;0.0;0.0;0.0;0.0;0.0;0.0;0.0;0.0;0.0;0.0;0.0;0.0;0.0;0.0;0.0;0.0;0.0;0.0;0.0;0.0;0.0;0.0;0.0;0.0;0.0;0.0;0.0;0.0;0.0;0.0;0.0;0.0;0.0;0.0;0.0;0.0;0.0;0.0;0.0;0.0;0.0;0.0;0.0;0.0;0.0;0.0;0.0;0.0;0.0;0.0;0.0;0.0;0.0;0.0;0.0;0.0;0.0;0.0;0.0;0.0;0.0;0.0;0.0;0.0;0.0;0.0;0.0;0.0;0.0;0.0;0.0;0.0;0.0;0.0;0.0;0.0;0.0;0.0;0.0;0.0;0.0;0.0;0.0;0.0;0.0;0.0;0.0;0.0;0.0;0.0;0.0;0.0;0.0;0.0;0.0;0.0;0.0;0.0;0.0;0.0;0.0;0.0;0.0;0.0;0.0;0.0;0.0;0.0;0.0;0.0;0.0;0.0;0.0;0.0;0.0;0.0;0.0;0.0;0.0;0.0;0.0;0.0;0.0;0.0;0.0;0.0;0.0;0.0;0.0;0.0;0.0;0.0;0.0;0.0;0.0;0.0;0.0;0.0;0.0;0.0;0.0;0.0;0.0;0.0;0.0;0.0;0.0;0.0;0.0;0.0;0.0;0.0;0.0;0.0;0.0;0.0;0.0;0.0;0.0;0.0;0.0;0.0;0.0;0.0;0.0;0.0;0.0;0.0;0.0;0.0;0.0;0.0;0.0;0.0,0.001845007,0.0,0.0,0.0,,,,,,,,,,,,,,,,,,,,,,,,,,,,,,,,,,
249,INFEASIBLE,certified_no_adversarial_example,feasibility,false,false,false,false,,,,0.536720152,0.013195514678955078,0.0,0.0,0.515132928,0.361624697,0.14012991500000002,0.13255739212036133,0.37500301299999994,0.153508231,0.02058136,9626,190,190,0,4070,0,1580,672,3114,4158,0,0,3,4804,4689,115,3114,1575,0,1798,115,1245,4726,,545,0,
250,INFEASIBLE,certified_no_adversarial_example,feasibility,false,false,false,false,,,,0.430064341,0.01571059226989746,0.0,0.0,0.406382515,0.230836606,0.14720674100000003,0.13917922973632812,0.25917577399999997,0.175545909,0.022676824,9626,204,204,0,4019,0,1570,647,3186,4591,0,0,3,4804,4699,105,3186,1513,0,1781,107,1210,4665,,536,0,
251,INFEASIBLE,certified_no_adversarial_example,feasibility,false,false,false,false,,,,0.421949327,0.021010875701904297,0.0,0.0,0.392737035,0.238696582,0.144023574,0.13625669479370117,0.24871346100000002,0.15404045300000002,0.028223312,9626,186,186,0,4070,0,1582,672,3116,4297,0,0,3,4804,4696,108,3116,1580,0,1784,108,1217,4677,,652,0,
252,INFEASIBLE,certified_no_adversarial_example,feasibility,false,false,false,false,,,,0.348694132,0.013431072235107422,0.0,0.0,0.328030237,0.17889637200000003,0.103004927,0.09639453887939453,0.22502531,0.14913386499999998,0.019632471,9626,154,154,0,3972,0,1598,641,3261,2760,0,0,3,4804,4723,81,3261,1462,0,1734,84,1116,4500,,474,0,
253,INFEASIBLE,certified_no_adversarial_example,feasibility,false,false,false,false,,,,0.391128165,0.01323390007019043,0.0,0.0,0.370205431,0.21215966,0.13014615599999999,0.12259864807128906,0.240059275,0.15804577099999997,0.019921817,9626,159,159,0,4057,0,1593,667,3150,4122,0,0,3,4804,4707,97,3150,1557,0,1762,97,1173,4600,,532,0,
254,INFEASIBLE,certified_no_adversarial_example,feasibility,false,false,false,false,,,,0.479546473,0.019056081771850586,0.0,0.0,0.452159069,0.286524052,0.18563967500000003,0.17670488357543945,0.266519394,0.16563501700000005,0.026379808,9626,197,197,0,4031,0,1577,661,3160,5708,0,0,3,4804,4681,123,3160,1521,0,1818,126,1284,4794,,603,0,
255,INFEASIBLE,certified_no_adversarial_example,feasibility,false,false,false,false,,,,0.425048562,0.017320871353149414,0.0,0.0,0.399874179,0.23186161500000002,0.153123102,0.14524364471435547,0.24675107699999999,0.16801256399999998,0.024219546,9626,192,192,0,4015,0,1578,647,3194,5119,0,0,3,4804,4694,110,3194,1500,0,1791,112,1230,4700,,633,0,
256,INFEASIBLE,certified_no_adversarial_example,feasibility,false,false,false,false,,,,0.424913228,0.012297868728637695,0.0,0.0,0.404861125,0.225743052,0.153331894,0.1463642120361328,0.251529231,0.179118073,0.019086119,9626,149,149,0,4012,0,1602,645,3218,3604,0,0,3,4804,4715,89,3218,1497,0,1749,91,1146,4553,,370,0,
257,INFEASIBLE,certified_no_adversarial_example,feasibility,false,false,false,false,,,,0.681583323,0.036834001541137695,0.0,0.0,0.635713478,0.295559159,0.20885114600000002,0.2000417709350586,0.426862332,0.340154319,0.044866935,9626,215,215,0,4054,0,1565,669,3123,6993,0,0,3,4804,4673,131,3123,1550,0,1834,134,1316,4850,,1067,0,
258,INFEASIBLE,certified_no_adversarial_example,feasibility,false,false,false,false,,,,0.486783866,0.028743982315063477,0.0,0.0,0.448893233,0.294309041,0.20355396400000003,0.1953120231628418,0.24533926899999997,0.154584192,0.036894705,9626,219,219,0,4043,0,1565,632,3167,5780,0,0,3,4804,4679,125,3167,1512,0,1823,129,1294,4811,,770,0,
259,INFEASIBLE,certified_no_adversarial_example,feasibility,false,false,false,false,,,,0.436847622,0.015141725540161133,0.0,0.0,0.413371615,0.256785167,0.15136204399999997,0.14398479461669922,0.26200957100000005,0.15658644800000004,0.022512306,9626,175,175,0,4073,0,1587,693,3098,4745,0,0,3,4804,4696,108,3098,1598,0,1784,108,1217,4677,,550,0,
260,SKIPPED_PREDICTED_IN_TARGETED,adversarial_example_found_or_best_known,feasibility,true,true,true,true,0.3002934737537224,7.290348228500029;-22.067922446375803;-9.379877940571268;-10.70022477442401;-11.486169259765942;-0.017832851115525017;6.990054754746307;-12.66962458555858;-4.756892198159106;-11.750407480686617,0.0;0.0;0.0;0.0;0.0;0.0;0.0;0.0;0.0;0.0;0.0;0.0;0.0;0.0;0.0;0.0;0.0;0.0;0.0;0.0;0.0;0.0;0.0;0.0;0.0;0.0;0.0;0.0;0.0;0.0;0.0;0.0;0.0;0.0;0.0;0.0;0.0;0.0;0.0;0.0;0.0;0.0;0.0;0.0;0.0;0.0;0.0;0.0;0.0;0.0;0.0;0.0;0.0;0.0;0.0;0.0;0.0;0.0;0.0;0.0;0.0;0.0;0.0;0.0;0.0;0.0;0.0;0.0;0.0;0.0;0.0;0.0;0.0;0.0;0.0;0.0;0.0;0.0;0.0;0.0;0.0;0.0;0.0;0.0;0.0;0.0;0.0;0.0;0.0;0.0;0.0;0.0;0.0;0.0;0.0;0.0;0.0;0.0;0.0;0.0;0.0;0.0;0.0;0.0;0.0;0.0;0.0;0.0;0.0;0.0;0.0;0.0;0.0;0.0;0.0;0.0;0.0;0.0;0.0;0.0;0.0;0.0;0.0;0.0;0.0;0.0;0.0;0.0;0.0;0.0;0.0;0.0;0.0;0.0;0.0;0.0;0.0;0.0;0.0;0.0;0.0;0.0;0.0;0.0;0.0;0.0;0.0;0.0;0.0;0.0;0.0;0.0;0.0;0.0;0.0;0.0;0.0;0.0;0.0;0.0;0.0;0.0;0.0;0.0;0.0;0.0;0.0;0.0;0.0;0.0;0.0;0.0;0.0;0.0;0.0;0.0;0.0;0.0;0.0;0.0;0.0;0.0;0.0;0.0;0.0;0.0;0.0;0.0;0.0;0.0;0.0;0.0;0.0;0.0;0.0;0.0;0.0;0.0;0.0;0.0;0.0;0.0;0.0;0.0;0.0;0.0;0.0;0.37254901960784315;0.4627450980392157;0.4627450980392157;0.4627450980392157;0.4627450980392157;0.4627450980392157;0.4627450980392157;0.17647058823529413;0.0;0.0;0.0;0.0;0.0;0.0;0.0;0.0;0.0;0.0;0.0;0.0;0.0;0.0;0.0;0.0;0.0;0.3843137254901961;0.4392156862745098;0.8588235294117647;0.984313725490196;0.9921568627450981;0.9921568627450981;0.9921568627450981;0.9921568627450981;0.9921568627450981;0.9921568627450981;0.9647058823529412;0.6431372549019608;0.19215686274509805;0.0;0.0;0.0;0.0;0.0;0.0;0.0;0.0;0.0;0.0;0.0;0.0;0.0;0.5882352941176471;0.9215686274509803;0.984313725490196;0.9921568627450981;0.9921568627450981;0.9921568627450981;0.9921568627450981;0.9921568627450981;0.9921568627450981;0.9921568627450981;0.9921568627450981;0.9921568627450981;0.9921568627450981;0.9921568627450981;0.6392156862745098;0.0;0.0;0.0;0.0;0.0;0.0;0.0;0.0;0.0;0.0;0.0;0.611764705882353;0.8941176470588236;0.984313725490196;0.9921568627450981;0.6549019607843137;0.4392156862745098;0.09803921568627451;0.5490196078431373;0.9921568627450981;0.9921568627450981;0.9137254901960784;0.2549019607843137;0.09803921568627451;0.09803921568627451;0.4549019607843137;0.9921568627450981;0.9607843137254902;0.17647058823529413;0.0;0.0;0.0;0.0;0.0;0.0;0.0;0.0;0.0;0.17647058823529413;0.9803921568627451;0.9921568627450981;0.8431372549019608;0.17647058823529413;0.01568627450980392;0.0;0.2980392156862745;0.8666666666666667;0.9921568627450981;0.9098039215686274;0.5019607843137255;0.0;0.0;0.0;0.06666666666666667;0.8470588235294118;0.9921568627450981;0.6392156862745098;0.0;0.0;0.0;0.0;0.0;0.0;0.0;0.0;0.0;0.9215686274509803;0.9921568627450981;0.8470588235294118;0.12549019607843137;0.0;0.0;0.28627450980392155;0.9686274509803922;0.9921568627450981;0.9058823529411765;0.24705882352941178;0.0;0.0;0.0;0.0;0.0;0.4196078431372549;0.9921568627450981;0.9764705882352941;0.16470588235294117;0.0;0.0;0.0;0.0;0.0;0.0;0.0;0.0;1.0;0.8509803921568627;0.12549019607843137;0.0;0.0;0.0;0.7529411764705882;0.9921568627450981;0.7607843137254902;0.13333333333333333;0.0;0.0;0.0;0.0;0.0;0.0;0.01568627450980392;0.6392156862745098;0.9921568627450981;0.6392156862745098;0.0;0.0;0.0;0.0;0.0;0.0;0.0;0.0;0.20392156862745098;0.10980392156862745;0.0;0.0;0.0;0.10196078431372549;0.8862745098039215;0.9921568627450981;0.3058823529411765;0.0;0.0;0.0;0.0;0.0;0.0;0.0;0.0;0.5607843137254902;0.9921568627450981;0.9921568627450981;0.0;0.0;0.0;0.0;0.0;0.0;0.0;0.0;0.0;0.0;0.0;0.0;0.0;0.3607843137254902;0.9921568627450981;0.9921568627450981;0.2;0.0;0.0;0.0;0.0;0.0;0.0;0.0;0.0;0.5607843137254902;0.9921568627450981;0.9921568627450981;0.0;0.0;0.0;0.0;0.0;0.0;0.0;0.0;0.0;0.0;0.0;0.0;0.0;0.3607843137254902;0.9921568627450981;0.9921568627450981;0.2;0.0;0.0;0.0;0.0;0.0;0.0;0.0;0.0;0.5607843137254902;0.9921568627450981;0.9921568627450981;0.0;0.0;0.0;0.0;0.0;0.0;0.0;0.0;0.0;0.0;0.0;0.0;0.0;0.10196078431372549;0.8862745098039215;0.9921568627450981;0.2;0.0;0.0;0.0;0.0;0.0;0.0;0.0;0.0;0.30196078431372547;0.9921568627450981;0.8862745098039215;0.0;0.0;0.0;0.0;0.0;0.0;0.0;0.0;0.0;0.0;0.0;0.0;0.0;0.0;0.8431372549019608;0.9921568627450981;0.2;0.0;0.0;0.0;0.0;0.0;0.0;0.0;0.01568627450980392;0.6392156862745098;0.9921568627450981;0.4823529411764706;0.0;0.0;0.0;0.0;0.0;0.0;0.0;0.0;0.0;0.0;0.0;0.0;0.0;0.0;0.7647058823529411;0.9921568627450981;0.5411764705882353;0.0;0.0;0.0;0.0;0.0;0.0;0.0;0.1568627450980392;0.9921568627450981;0.8980392156862745;0.1607843137254902;0.0;0.0;0.0;0.0;0.0;0.0;0.0;0.0;0.0;0.0;0.0;0.0;0.0;0.0;0.3333333333333333;0.9921568627450981;0.8941176470588236;0.24705882352941178;0.10196078431372549;0.0;0.0;0.0;0.0196078431372549;0.1843137254901961;0.8470588235294118;0.9215686274509803;0.4;0.0;0.0;0.0;0.0;0.0;0.0;0.0;0.0;0.0;0.0;0.0;0.0;0.0;0.0;0.0;0.12941176470588237;0.8313725490196079;0.9921568627450981;0.9921568627450981;0.9058823529411765;0.24705882352941178;0.10588235294117647;0.1843137254901961;0.6627450980392157;0.9921568627450981;0.9921568627450981;0.43137254901960786;0.0;0.0;0.0;0.0;0.0;0.0;0.0;0.0;0.0;0.0;0.0;0.0;0.0;0.0;0.0;0.0;0.0;0.12549019607843137;0.5490196078431373;0.9764705882352941;0.9921568627450981;0.9921568627450981;0.9921568627450981;0.9921568627450981;0.9921568627450981;0.9450980392156862;0.611764705882353;0.17647058823529413;0.0;0.0;0.0;0.0;0.0;0.0;0.0;0.0;0.0;0.0;0.0;0.0;0.0;0.0;0.0;0.0;0.0;0.0;0.0;0.3333333333333333;0.5490196078431373;0.9411764705882353;0.9411764705882353;0.9411764705882353;0.611764705882353;0.16470588235294117;0.0;0.0;0.0;0.0;0.0;0.0;0.0;0.0;0.0;0.0;0.0;0.0;0.0;0.0;0.0;0.0;0.0;0.0;0.0;0.0;0.0;0.0;0.0;0.0;0.0;0.0;0.0;0.0;0.0;0.0;0.0;0.0;0.0;0.0;0.0;0.0;0.0;0.0;0.0;0.0;0.0;0.0;0.0;0.0;0.0;0.0;0.0;0.0;0.0;0.0;0.0;0.0;0.0;0.0;0.0;0.0;0.0;0.0;0.0;0.0;0.0;0.0;0.0;0.0;0.0;0.0;0.0;0.0;0.0;0.0;0.0;0.0;0.0;0.0;0.0;0.0;0.0;0.0;0.0;0.0;0.0;0.0;0.0;0.0;0.0;0.0;0.0;0.0;0.0;0.0;0.0;0.0;0.0;0.0;0.0;0.0;0.0;0.0;0.0;0.0;0.0;0.0;0.0;0.0;0.0;0.0;0.0;0.0;0.0;0.0;0.0;0.0;0.0;0.0;0.0;0.0;0.0;0.0;0.0;0.0;0.0,0.001789734,0.0,0.0,0.0,,,,,,,,,,,,,,,,,,,,,,,,,,,,,,,,,,
261,INFEASIBLE,certified_no_adversarial_example,feasibility,false,false,false,false,,,,0.577930452,0.027042865753173828,0.0,0.0,0.540513589,0.365853722,0.25864649500000003,0.24864721298217773,0.281867094,0.17465986700000002,0.036460952,9626,270,270,0,4075,0,1540,682,3059,7911,0,0,3,4804,4634,170,3059,1575,0,1913,174,1474,5126,,637,0,
262,INFEASIBLE,certified_no_adversarial_example,feasibility,false,false,false,false,,,,0.532567144,0.019994258880615234,0.0,0.0,0.503685409,0.32492773399999997,0.23470319399999998,0.22583699226379395,0.2689822150000001,0.17875767500000006,0.027906713,9626,231,231,0,4023,0,1559,657,3156,6411,0,0,3,4804,4672,132,3156,1516,0,1835,134,1318,4854,,574,0,
263,INFEASIBLE,certified_no_adversarial_example,feasibility,false,false,false,false,,,,0.396891613,0.012171506881713867,0.0,0.0,0.377068223,0.2117946,0.126314291,0.11919808387756348,0.25075393199999996,0.16527362299999998,0.018831174,9626,164,164,0,4034,0,1594,662,3172,3974,0,0,3,4804,4705,99,3172,1533,0,1769,101,1186,4623,,456,0,
264,INFEASIBLE,certified_no_adversarial_example,feasibility,false,false,false,false,,,,0.385141101,0.015168428421020508,0.0,0.0,0.362316814,0.207092481,0.12490557999999996,0.11806797981262207,0.23741123400000003,0.155224333,0.021864249,9626,162,162,0,4022,0,1595,651,3196,4085,0,0,3,4804,4703,101,3196,1507,0,1773,103,1194,4637,,501,0,
265,INFEASIBLE,certified_no_adversarial_example,feasibility,false,false,false,false,,,,0.449696274,0.08931112289428711,0.0,0.0,0.352538477,0.196941869,0.11888225999999999,0.11208510398864746,0.23365621700000003,0.15559660800000003,0.096159141,9626,152,152,0,4020,0,1596,664,3194,4432,0,0,3,4804,4710,94,3194,1516,0,1759,96,1166,4588,,844,0,
266,INFEASIBLE,certified_no_adversarial_example,feasibility,false,false,false,false,,,,0.362681649,0.010660648345947266,0.0,0.0,0.340442893,0.178541575,0.10492865700000001,0.09842157363891602,0.23551423600000002,0.16190131800000002,0.021227444,9626,115,115,0,3997,0,1619,658,3237,2153,0,0,3,4804,4741,63,3237,1504,0,1694,63,1037,4362,,473,0,
267,INFEASIBLE,certified_no_adversarial_example,feasibility,false,false,false,false,,,,0.49473786,0.023371458053588867,0.0,0.0,0.462408559,0.282258518,0.19149580100000005,0.1828320026397705,0.2709127579999999,0.18015004099999998,0.031328525,9626,227,227,0,4097,0,1560,677,3065,5543,0,0,3,4804,4672,132,3065,1607,0,1835,134,1318,4854,,656,0,
268,INFEASIBLE,certified_no_adversarial_example,feasibility,false,false,false,false,,,,0.482254003,0.009984970092773438,0.0,0.0,0.465375144,0.179506298,0.08211395900000001,0.07561874389648438,0.383261185,0.285868846,0.015866337,9626,116,116,0,4000,0,1619,648,3243,2311,0,0,3,4804,4734,70,3243,1491,0,1711,72,1070,4420,,413,0,
269,INFEASIBLE,certified_no_adversarial_example,feasibility,false,false,false,false,,,,0.62750142,0.022480010986328125,0.0,0.0,0.593548596,0.409571258,0.30117622599999994,0.2902224063873291,0.29237237000000005,0.183977338,0.032943405,9626,282,282,0,4093,0,1529,686,3036,10079,0,0,3,4804,4618,186,3036,1582,0,1945,190,1538,5238,,562,0,
270,INFEASIBLE,certified_no_adversarial_example,feasibility,false,false,false,false,,,,0.620521467,0.03544282913208008,0.0,0.0,0.57519706,0.360835864,0.253719991,0.2439897060394287,0.32147706900000006,0.21436119600000003,0.044301047,9626,249,249,0,4058,0,1552,686,3081,7351,0,0,3,4804,4649,155,3081,1568,0,1883,159,1414,5021,,817,0,
271,INFEASIBLE,certified_no_adversarial_example,feasibility,false,false,false,false,,,,0.50775584,0.018829345703125,0.0,0.0,0.480372421,0.31108637100000003,0.201140627,0.1925065517425537,0.279231794,0.16928604999999997,0.026366598,9626,207,207,0,4062,0,1569,674,3114,5763,0,0,3,4804,4683,121,3114,1569,0,1810,121,1269,4768,,564,0,
272,INFEASIBLE,certified_no_adversarial_example,feasibility,false,false,false,false,,,,0.500029363,0.022722244262695312,0.0,0.0,0.468260225,0.285570019,0.19445091199999998,0.18540358543395996,0.273809313,0.18269020599999997,0.03074694,9626,229,229,0,4081,0,1561,678,3077,5806,0,0,3,4804,4666,138,3077,1589,0,1847,140,1342,4896,,675,0,
273,INFEASIBLE,certified_no_adversarial_example,feasibility,false,false,false,false,,,,0.46786525,0.024212360382080078,0.0,0.0,0.435419804,0.283898601,0.185905312,0.17738747596740723,0.24951449200000003,0.15152120300000005,0.031434645,9626,204,204,0,3987,0,1572,625,3238,5388,0,0,3,4804,4703,101,3238,1465,0,1774,104,1196,4640,,652,0,
274,INFEASIBLE,certified_no_adversarial_example,feasibility,false,false,false,false,,,,0.443666205,0.016986846923828125,0.0,0.0,0.418106941,0.24325514400000003,0.15806279600000003,0.15002059936523438,0.26004414499999995,0.17485179699999998,0.024541411,9626,189,189,0,4053,0,1581,664,3139,4995,0,0,3,4804,4685,119,3139,1546,0,1809,121,1266,4763,,546,0,
275,INFEASIBLE,certified_no_adversarial_example,feasibility,false,false,false,false,,,,0.509405593,0.023834228515625,0.0,0.0,0.476817072,0.29928992200000004,0.20136692900000003,0.19269394874572754,0.275450143,0.17752714999999997,0.031576859,9626,215,215,0,4080,0,1566,677,3088,6521,0,0,3,4804,4678,126,3088,1590,0,1824,129,1296,4815,,699,0,
276,INFEASIBLE,certified_no_adversarial_example,feasibility,false,false,false,false,,,,0.485893971,0.018373489379882812,0.0,0.0,0.459542345,0.266078119,0.17044831000000005,0.16245603561401367,0.28909403499999997,0.19346422600000002,0.025376849,9626,197,197,0,4044,0,1578,675,3132,4875,0,0,3,4804,4686,118,3132,1554,0,1804,118,1257,4747,,610,0,
277,INFEASIBLE,certified_no_adversarial_example,feasibility,false,false,false,false,,,,0.477430535,0.011824846267700195,0.0,0.0,0.458356351,0.31525337200000003,0.10011716400000004,0.09337878227233887,0.35823918699999996,0.14310297899999996,0.018125536,9626,134,134,0,3989,0,1610,647,3246,2704,0,0,3,4804,4730,74,3246,1484,0,1719,76,1086,4448,,431,0,
278,INFEASIBLE,certified_no_adversarial_example,feasibility,false,false,false,false,,,,0.388867907,0.01526951789855957,0.0,0.0,0.364854246,0.20659788700000004,0.12633436299999998,0.11881184577941895,0.23851988300000002,0.15825635899999996,0.023006826,9626,177,177,0,4077,0,1584,673,3115,3664,0,0,3,4804,4704,100,3115,1589,0,1774,105,1196,4639,,502,0,
279,INFEASIBLE,certified_no_adversarial_example,feasibility,false,false,false,false,,,,0.452556585,0.01836109161376953,0.0,0.0,0.426129412,0.26348256,0.13888799000000002,0.1311500072479248,0.28724142199999997,0.162646852,0.025406157,9626,180,180,0,4053,0,1586,696,3111,3571,0,0,3,4804,4705,99,3111,1594,0,1766,99,1181,4614,,590,0,
280,INFEASIBLE,certified_no_adversarial_example,feasibility,false,false,false,false,,,,0.351391428,0.012939929962158203,0.0,0.0,0.330985276,0.168828663,0.097304112,0.0905447006225586,0.233681164,0.162156613,0.019375551,9626,143,143,0,3972,0,1603,637,3271,2626,0,0,3,4804,4725,79,3271,1454,0,1731,83,1110,4489,,444,0,
281,INFEASIBLE,certified_no_adversarial_example,feasibility,false,false,false,false,,,,0.425179762,0.01576685905456543,0.0,0.0,0.401157177,0.227248096,0.140556267,0.1326754093170166,0.26060090999999996,0.17390908099999997,0.023006305,9626,172,172,0,4057,0,1587,688,3122,4849,0,0,3,4804,4693,111,3122,1571,0,1794,114,1236,4710,,533,0,
282,INFEASIBLE,certified_no_adversarial_example,feasibility,false,false,false,false,,,,0.469395288,0.020171642303466797,0.0,0.0,0.441282246,0.251961995,0.166318122,0.15784358978271484,0.274964124,0.189320251,0.027100557,9626,185,185,0,4043,0,1578,662,3158,4338,0,0,3,4804,4710,94,3158,1552,0,1760,97,1168,4591,,623,0,
283,SKIPPED_PREDICTED_IN_TARGETED,adversarial_example_found_or_best_known,feasibility,true,true,true,true,0.22285015405848352,-7.516663392924261;-0.872521953938235;-0.853122840908195;0.5445518124805913;-8.307060967332022;-6.442983629958491;-13.568858899456988;0.32170165842210774;-1.3078431965389932;-2.188543257688663,0.0;0.0;0.0;0.0;0.0;0.0;0.0;0.0;0.0;0.0;0.0;0.0;0.0;0.0;0.0;0.0;0.0;0.0;0.0;0.0;0.0;0.0;0.0;0.0;0.0;0.0;0.0;0.0;0.0;0.0;0.0;0.0;0.0;0.0;0.0;0.0;0.0;0.0;0.0;0.0;0.0;0.0;0.0;0.0;0.0;0.0;0.0;0.0;0.0;0.0;0.0;0.0;0.0;0.0;0.0;0.0;0.0;0.0;0.0;0.0;0.0;0.0;0.0;0.0;0.0;0.0;0.0;0.0;0.0;0.0;0.0;0.0;0.0;0.0;0.0;0.0;0.0;0.0;0.0;0.0;0.0;0.0;0.0;0.0;0.0;0.0;0.0;0.0;0.0;0.0;0.0;0.0;0.0;0.0;0.0;0.0;0.0;0.0;0.0;0.0;0.0;0.0;0.0;0.0;0.0;0.0;0.0;0.0;0.0;0.0;0.0;0.0;0.0;0.0;0.0;0.0;0.0;0.0;0.0;0.0;0.0;0.0;0.0;0.0;0.0;0.0;0.0;0.0;0.0;0.0;0.0;0.0;0.0;0.0;0.0;0.0;0.0;0.0;0.0;0.0;0.0;0.0;0.0;0.0;0.0;0.0;0.0;0.0;0.0;0.0;0.0;0.0;0.0;0.0;0.0;0.0;0.0;0.0;0.0;0.0;0.0;0.0;0.0;0.0;0.0;0.0;0.0;0.0;0.0;0.0;0.0;0.0;0.0;0.0;0.0;0.0;0.0;0.0;0.0;0.0;0.0;0.0;0.0;0.0;0.0;0.0;0.0;0.0;0.0;0.0;0.0;0.0;0.0;0.0;0.0;0.0;0.0;0.0;0.0;0.0;0.0;0.0;0.0;0.0;0.0;0.0;0.0;0.0;0.0;0.0;0.0;0.0;0.0;0.0;0.0;0.0;0.0;0.0;0.0;0.0;0.0;0.0;0.0;0.0;0.0;0.0;0.0;0.0;0.0;0.0;0.0;0.0;0.0;0.0;0.0;0.0;0.0;0.0;0.0;0.0;0.0;0.0;0.0;0.0;0.0;0.0;0.0;0.0;0.0;0.0;0.0;0.0;0.0;0.0;0.0;0.0;0.0;0.0;0.0;0.0;0.403921568627451;0.8666666666666667;0.23137254901960785;0.0;0.0;0.0;0.0;0.0;0.0;0.0;0.12549019607843137;0.28627450980392155;0.0;0.0;0.0;0.0;0.0;0.0;0.0;0.0;0.0;0.0;0.0;0.0;0.0;0.0;0.0;0.03137254901960784;0.8274509803921568;0.9921568627450981;0.15294117647058825;0.0;0.0;0.0;0.0;0.0;0.0;0.0;0.5019607843137255;0.9921568627450981;0.20784313725490197;0.0;0.0;0.0;0.0;0.0;0.0;0.0;0.0;0.0;0.0;0.0;0.0;0.0;0.0;0.5019607843137255;0.9921568627450981;0.8901960784313725;0.0;0.0;0.0;0.0;0.0;0.0;0.0;0.023529411764705882;0.8117647058823529;0.9411764705882353;0.3058823529411765;0.0;0.0;0.0;0.0;0.0;0.0;0.0;0.0;0.0;0.0;0.0;0.0;0.0;0.19607843137254902;0.9607843137254902;0.9607843137254902;0.1607843137254902;0.0;0.0;0.0;0.0;0.0;0.0;0.0;0.16862745098039217;0.9921568627450981;0.6352941176470588;0.0;0.01568627450980392;0.07450980392156863;0.07450980392156863;0.047058823529411764;0.0;0.0;0.0;0.0;0.0;0.0;0.0;0.0;0.0;0.6941176470588235;0.9921568627450981;0.6627450980392157;0.0;0.0;0.0;0.0;0.0;0.0;0.0;0.0;0.5019607843137255;0.9921568627450981;0.7607843137254902;0.3607843137254902;0.7450980392156863;0.9921568627450981;0.9921568627450981;0.7607843137254902;0.0;0.0;0.0;0.0;0.0;0.0;0.0;0.0;0.0;0.9254901960784314;0.996078431372549;0.21176470588235294;0.0;0.0;0.0;0.1450980392156863;0.28627450980392155;0.28627450980392155;0.38823529411764707;0.7137254901960784;0.996078431372549;0.996078431372549;0.996078431372549;1.0;0.996078431372549;0.996078431372549;0.996078431372549;0.996078431372549;0.0;0.0;0.0;0.0;0.0;0.0;0.0;0.0;0.34509803921568627;0.9882352941176471;0.9411764705882353;0.3058823529411765;0.47058823529411764;0.9254901960784314;0.9215686274509803;0.9568627450980393;0.9921568627450981;0.9921568627450981;0.996078431372549;0.9921568627450981;0.9921568627450981;0.9921568627450981;0.9921568627450981;0.996078431372549;0.9921568627450981;0.9921568627450981;0.8235294117647058;0.4;0.0;0.0;0.0;0.0;0.0;0.0;0.0;0.0;0.6392156862745098;0.9921568627450981;0.9921568627450981;0.9921568627450981;0.9921568627450981;0.996078431372549;0.9921568627450981;0.9921568627450981;0.9921568627450981;0.9921568627450981;0.9019607843137255;0.8470588235294118;0.9725490196078431;0.9921568627450981;0.5058823529411764;0.1411764705882353;0.1411764705882353;0.1411764705882353;0.03137254901960784;0.0;0.0;0.0;0.0;0.0;0.0;0.0;0.0;0.0;0.7647058823529411;0.9921568627450981;0.9921568627450981;0.9921568627450981;0.9921568627450981;0.996078431372549;0.8745098039215686;0.38823529411764707;0.21176470588235294;0.21176470588235294;0.0784313725490196;0.0;0.4235294117647059;0.9607843137254902;0.1607843137254902;0.0;0.0;0.0;0.0;0.0;0.0;0.0;0.0;0.0;0.0;0.0;0.0;0.0;0.1843137254901961;0.5333333333333333;0.4627450980392157;0.6078431372549019;0.2823529411764706;0.2823529411764706;0.12156862745098039;0.0;0.0;0.0;0.0;0.0;0.043137254901960784;0.2627450980392157;0.0;0.0;0.0;0.0;0.0;0.0;0.0;0.0;0.0;0.0;0.0;0.0;0.0;0.0;0.0;0.0;0.0;0.0;0.0;0.0;0.0;0.0;0.0;0.0;0.0;0.0;0.0;0.0;0.0;0.0;0.0;0.0;0.0;0.0;0.0;0.0;0.0;0.0;0.0;0.0;0.0;0.0;0.0;0.0;0.0;0.0;0.0;0.0;0.0;0.0;0.0;0.0;0.0;0.0;0.0;0.0;0.0;0.0;0.0;0.0;0.0;0.0;0.0;0.0;0.0;0.0;0.0;0.0;0.0;0.0;0.0;0.0;0.0;0.0;0.0;0.0;0.0;0.0;0.0;0.0;0.0;0.0;0.0;0.0;0.0;0.0;0.0;0.0;0.0;0.0;0.0;0.0;0.0;0.0;0.0;0.0;0.0;0.0;0.0;0.0;0.0;0.0;0.0;0.0;0.0;0.0;0.0;0.0;0.0;0.0;0.0;0.0;0.0;0.0;0.0;0.0;0.0;0.0;0.0;0.0;0.0;0.0;0.0;0.0;0.0;0.0;0.0;0.0;0.0;0.0;0.0;0.0;0.0;0.0;0.0;0.0;0.0;0.0;0.0;0.0;0.0;0.0;0.0;0.0;0.0;0.0;0.0;0.0;0.0;0.0;0.0;0.0;0.0;0.0;0.0;0.0;0.0;0.0;0.0;0.0;0.0;0.0;0.0;0.0;0.0;0.0;0.0;0.0;0.0;0.0;0.0;0.0;0.0;0.0;0.0;0.0;0.0;0.0;0.0;0.0;0.0;0.0;0.0;0.0;0.0;0.0;0.0;0.0;0.0;0.0;0.0;0.0;0.0;0.0;0.0;0.0;0.0;0.0;0.0;0.0;0.0;0.0;0.0;0.0;0.0;0.0;0.0;0.0;0.0;0.0;0.0;0.0;0.0;0.0;0.0;0.0;0.0;0.0;0.0;0.0;0.0;0.0;0.0;0.0;0.0;0.0;0.0;0.0;0.0;0.0;0.0;0.0;0.0;0.0;0.0;0.0;0.0;0.0;0.0;0.0;0.0;0.0;0.0;0.0;0.0;0.0;0.0;0.0;0.0;0.0;0.0;0.0;0.0;0.0;0.0;0.0;0.0;0.0;0.0;0.0;0.0,0.001827791,0.0,0.0,0.0,,,,,,,,,,,,,,,,,,,,,,,,,,,,,,,,,,
284,INFEASIBLE,certified_no_adversarial_example,feasibility,false,false,false,false,,,,0.515386247,0.015320539474487305,0.0,0.0,0.49170837,0.329582835,0.229387429,0.22093987464904785,0.26232094100000003,0.162125535,0.022721988,9626,217,217,0,4014,0,1565,650,3180,6864,0,0,3,4804,4675,129,3180,1495,0,1826,129,1301,4824,,572,0,
285,INFEASIBLE,certified_no_adversarial_example,feasibility,false,false,false,false,,,,0.492681885,0.018201589584350586,0.0,0.0,0.46523019,0.293791295,0.20247647000000005,0.19377946853637695,0.26275371999999997,0.17143889499999998,0.026486764,9626,224,224,0,4050,0,1561,661,3130,6793,0,0,3,4804,4667,137,3130,1537,0,1846,140,1340,4892,,519,0,
286,INFEASIBLE,certified_no_adversarial_example,feasibility,false,false,false,false,,,,0.512520122,0.021880149841308594,0.0,0.0,0.481404883,0.31184553800000003,0.21150521900000002,0.20237135887145996,0.269899664,0.16955934499999997,0.030102485,9626,240,240,0,4055,0,1552,663,3116,6575,0,0,3,4804,4664,140,3116,1548,0,1851,142,1350,4910,,610,0,
287,INFEASIBLE,certified_no_adversarial_example,feasibility,false,false,false,false,,,,0.407001062,0.019699573516845703,0.0,0.0,0.378972248,0.219693016,0.13797434199999997,0.13046050071716309,0.24099790600000004,0.15927923200000002,0.027011113,9626,176,176,0,4042,0,1584,654,3170,4529,0,0,3,4804,4694,110,3170,1524,0,1791,112,1230,4700,,645,0,
288,INFEASIBLE,certified_no_adversarial_example,feasibility,false,false,false,false,,,,0.469165442,0.015108585357666016,0.0,0.0,0.445156829,0.25086730599999996,0.156704713,0.14836812019348145,0.288452116,0.19428952300000002,0.02301598,9626,209,209,0,4056,0,1571,678,3112,4074,0,0,3,4804,4680,124,3112,1568,0,1819,126,1286,4798,,492,0,
289,INFEASIBLE,certified_no_adversarial_example,feasibility,false,false,false,false,,,,0.43887238,0.009563446044921875,0.0,0.0,0.422798969,0.134181899,0.07158995600000001,0.06547760963439941,0.351209013,0.28861707000000003,0.015068889,9626,116,116,0,3990,0,1619,651,3250,1681,0,0,3,4804,4744,60,3250,1494,0,1688,60,1025,4341,,463,0,
290,INFEASIBLE,certified_no_adversarial_example,feasibility,false,false,false,false,,,,0.454253149,0.016748666763305664,0.0,0.0,0.428219928,0.261911049,0.178242216,0.16999602317810059,0.24997771200000002,0.16630887900000002,0.025034548,9626,206,206,0,4025,0,1573,676,3146,5345,0,0,3,4804,4680,124,3146,1534,0,1819,126,1286,4798,,465,0,
291,OPTIMAL,adversarial_example_found_or_best_known,feasibility,true,true,true,true,2.9753977059954195e-14,-14.048288615879084;-19.309403408954637;-11.940577192902415;-8.350184503515226;0.9372303487500813;-1.547636088946394;-2.247778132180418;-13.058795851673295;0.9372303487500515;-2.433336897891587,0.1;0.0;0.1;0.1;0.1;0.0;0.0;0.0;0.0;0.0;0.0;0.0;0.0;0.1;0.1;0.0;0.0;0.1;0.0;0.0;0.0;0.1;0.1;0.0;0.0;0.0;0.0;0.1;0.1;0.1;0.0;0.0;0.0;0.1;0.0;0.1;0.1;0.0;0.0;0.0;0.1;0.1;0.1;0.0;0.1;0.1;0.1;0.1;0.1;0.1;0.1;0.1;0.0;0.0;0.0;0.1;0.1;0.1;0.1;0.0;0.1;0.0;0.0;0.1;0.1;0.0;0.0;0.0;0.0;0.1;0.1;0.0;0.0;0.0;0.0;0.0;0.1;0.1;0.1;0.1;0.0;0.0;0.0;0.1;0.0;0.0;0.0;0.0;0.1;0.1;0.0;0.1;0.0;0.0;0.0;0.0;0.1;0.1;0.1;0.0;0.0;0.1;0.1;0.1;0.1;0.0;0.0;0.1;0.0;0.0;0.0;0.0;0.0;0.1;0.1;0.0;0.1;0.0;0.0;0.1;0.1;0.0;0.0;0.1;0.1;0.1;0.1;0.0;0.0;0.1;0.1;0.0;0.1;0.0;0.1;0.1;0.1;0.0;0.0;0.1;0.0;0.1;0.0;0.1;0.1;0.1;0.0;0.1;0.0;0.0;0.0;0.1;0.1;0.1;0.1;0.0;0.1;0.0;0.1;0.1;0.0;0.0;0.0;0.1;0.0;0.1;0.0;0.1;0.1;0.0;0.0;0.0;0.1;0.0;0.0;0.1;0.1;0.0;0.0;0.0;0.10180699851884058;0.5392156862745098;0.3392156862745098;0.3392156862745098;0.10407545989472412;0.0;0.1;0.0;0.0;0.0;0.0;0.0;0.0;0.0;0.0;0.0;0.1;0.0;0.1;0.0;0.1;0.1;0.1;0.1;0.1;0.0;0.24901960784313726;0.48039215686274517;0.8736187562519816;0.8921568627450981;0.8921568627450981;1.0;0.18984175323129984;0.1;0.0;0.1;0.1;0.0;0.0;0.0;0.0;0.0;0.0;0.1;0.0;0.0;0.0;0.0;0.0;0.1;0.1;0.1;0.09755894633529887;0.7470588235294118;1.0;1.0;1.0;1.0;0.8921568627450981;0.8921568627450981;0.4411764705882353;0.0;0.0;0.1;0.1;0.0;0.0;0.0;0.0;0.0;0.0;0.1;0.0;0.0;0.0;0.1;0.1;0.1;0.0;0.5495036543033173;1.0;0.8921568627450981;0.8921568627450981;0.7641614118658903;0.5360299114256524;0.7941632704469853;1.0;1.0;0.1784313725490196;0.0;0.1;0.1;0.1;0.0;0.0;0.0;0.0;0.0;0.0;0.1;0.1;0.0;0.0;0.1;0.1;0.1;0.6607843137254902;0.884313725490196;0.8921568627450981;0.7627450980392158;0.5784313725490197;0.12352941176470589;0.09215628862315826;0.8176470588235294;1.0;0.896078431372549;0.0;0.0;0.0;0.0;0.1;0.0;0.0;0.0;0.0;0.0;0.0;0.1;0.1;0.1;0.0;0.1;0.1;0.9235294117647058;1.0;1.0;0.8816147628098162;0.21664639868177907;0.1;0.0;0.253241387525014;0.8568627450980393;1.0;0.7916948520890336;0.1;0.1;0.1;0.1;0.0;0.1;0.1;0.0;0.1;0.0;0.0;0.0;0.1;0.0;0.0;0.0;0.09558773680639328;1.0;1.0;0.6254901960784314;0.3196078431372549;0.0;0.0;0.1;0.5549019607843138;1.0;0.8921568627450981;0.8450980392156863;0.692156862745098;0.6019607843137255;0.18235294117647058;0.18235294117647058;0.10431105013313134;0.0;0.1;0.0;0.0;0.0;0.0;0.0;0.1;0.0;0.1;0.1;0.1;0.6411764705882353;0.4019607843137255;0.10413903226654506;0.1;0.1;0.0;0.3541971793154571;1.0;1.0;0.8921568627450981;0.8921568627450981;0.8921568627450981;0.8921568627450981;0.8956339261913487;0.8921568627450981;0.8730829930050883;0.45387997148025294;0.1;0.0;0.1;0.0;0.09568501131374883;0.0;0.0;0.0;0.0;0.1;0.1;0.0;0.0;0.1;0.0;0.5078431372549019;0.6411764705882353;1.0;1.0;0.8921568627450981;0.8921568627450981;0.9196078431372549;0.1549019607843137;0.3549019607843137;0.345454408021035;0.41764705882352937;1.0;0.8725490196078431;0.8137254901960784;0.005882352941176464;0.0;0.1;0.1;0.0;0.1;0.0;0.1;0.1;0.09490316486743028;0.1;0.0;0.0;0.3364991201561573;0.8647058823529412;0.8921568627450981;1.0;0.7862745098039216;1.0;0.8921568627450981;0.907843137254902;0.0;0.0;0.0;0.0;0.5901960784313726;0.8098039215686275;0.8921568627450981;0.4647058823529412;0.10104293014108;0.1;0.1;0.0;0.0;0.0;0.0;0.1;0.1;0.1;0.09876751609899662;0.29607843137254897;1.0;0.8921568627450981;1.0;0.48039215686274506;0.1941948910947554;0.9549019607843137;1.0;0.8921568627450981;0.4725490196078431;0.1;0.0;0.1;0.09349672337432953;0.13529411764705881;0.8921568627450981;1.0;0.4725490196078431;0.1;0.1;0.0;0.1;0.0;0.1;0.0;0.0;0.0;0.0;1.0;1.0;0.47451310574672834;0.17018790656178373;0.1;0.1;0.1627450980392157;0.8544621542416011;1.0;0.8254901960784314;0.7666666666666666;0.4254901960784314;0.23725490196078433;0.1;0.0;0.8594921266739198;0.8921568627450981;1.0;0.1;0.0;0.0;0.1;0.0;0.0;0.1;0.08651100835648766;0.1;0.09689887363599618;0.8450980392156863;1.0;0.0;0.1;0.1;0.1;0.0;0.3690120834545555;0.7941176470588236;1.0;0.8921568627450981;1.0;1.0;0.6663982206497363;0.7666666666666666;1.0;0.8921568627450981;1.0;0.1;0.1;0.0;0.1;0.0;0.1;0.0;0.09946605623717993;0.1;0.0;1.0;0.7707483745383699;0.0;0.0;0.1;0.0;0.1;0.1;0.0;0.5862745098039216;0.7980290614385893;0.8790721899934633;0.8921568627450981;1.0;0.8921568627450981;0.8921568627450981;0.9372194210241479;0.6455788343981143;0.0;0.1;0.0;0.1;0.0;0.1;0.1;0.1;0.1;0.0;0.5078431372549019;0.1784313725490196;0.0;0.0;0.1;0.1;0.1;0.1;0.0;0.0;0.0;0.37450980392156863;0.307843137254902;0.307843137254902;0.307843137254902;0.5078431372549019;0.307843137254902;0.30000000000000004;0.1;0.1;0.0;0.1;0.1;0.1;0.0;0.0;0.0;0.0;0.1;0.0;0.0;0.0;0.0;0.0;0.1;0.1;0.0;0.0;0.0;0.0;0.1;0.1;0.0;0.0;0.0;0.0;0.1;0.0;0.1;0.1;0.1;0.1;0.1;0.1;0.1;0.1;0.1;0.1;0.0;0.0;0.0;0.1;0.1;0.1;0.0;0.0;0.0;0.0;0.1;0.1;0.0;0.0;0.1;0.0;0.1;0.1;0.0;0.0;0.1;0.0;0.1;0.03734191064572628;0.1;0.0;0.1;0.0;0.0;0.08526798380784212;0.0;0.1;0.1;0.0;0.0;0.1;0.0;0.0;0.1;0.0;0.0;0.0;0.0;0.0;0.0;0.1;0.0;0.1;0.0;0.0;0.1;0.1;0.1;0.1;0.0;0.0;0.1;0.1;0.0;0.1;0.1;0.1;0.0;0.0;0.0;0.0;0.1;0.0;0.0;0.0;0.0;0.1;0.0;0.0;0.0;0.1;0.0;0.0;0.0;0.0;0.0;0.1;0.0;0.0;0.0;0.0;0.0;0.1;0.0;0.1;0.1;0.0;0.1;0.0;0.1;0.0;0.0;0.0;0.0;0.1;0.1;0.0;0.1;0.1;0.0;0.0;0.0;0.0;0.1;0.1;0.0;0.0;0.0;0.0;0.0;0.0;0.1;0.1;0.0;0.0;0.0;0.0;0.0;0.0;0.0;0.0;0.1;0.1;0.0;0.0;0.1;0.0;0.0;0.0;0.0;0.0;0.1;0.1;0.0;0.1;0.0;0.1;0.1;0.0;0.1;0.0;0.1;0.0;0.1;0.0;0.0;0.0;0.0;0.0;0.0;0.1;0.0;0.1;0.0,1.853656214,1.4079294204711914,0.0,0.0,0.435600376,0.268833295,0.168627389,0.1603868007659912,0.26697298700000005,0.16676708099999998,1.41592338,9626,185,185,0,4073,0,1581,695,3092,5955,0,0,3,4804,4689,115,3092,1597,0,1803,119,1254,4741,1,22041,,0.0
292,INFEASIBLE,certified_no_adversarial_example,feasibility,false,false,false,false,,,,0.529664035,0.023019075393676758,0.0,0.0,0.497556562,0.288605603,0.20438982099999997,0.1952979564666748,0.293166741,0.208950959,0.031123072,9626,232,232,0,4075,0,1558,672,3089,6743,0,0,3,4804,4656,148,3089,1567,0,1868,151,1384,4969,,649,0,
293,INFEASIBLE,certified_no_adversarial_example,feasibility,false,false,false,false,,,,0.342688847,0.012543678283691406,0.0,0.0,0.323050136,0.163136009,0.09483139899999998,0.08847546577453613,0.228218737,0.159914127,0.018694239,9626,138,138,0,4042,0,1607,692,3147,2688,0,0,3,4804,4724,80,3147,1577,0,1731,82,1110,4490,,482,0,
294,INFEASIBLE,certified_no_adversarial_example,feasibility,false,false,false,false,,,,0.427235621,0.015333414077758789,0.0,0.0,0.404290507,0.22885590100000003,0.14920137299999997,0.1419827938079834,0.25508913400000005,0.175434606,0.021966342,9626,169,169,0,4057,0,1592,675,3133,4613,0,0,3,4804,4703,101,3133,1570,0,1770,101,1189,4628,,586,0,
295,INFEASIBLE,certified_no_adversarial_example,feasibility,false,false,false,false,,,,0.540635695,0.0239408016204834,0.0,0.0,0.506988775,0.33296755499999997,0.22818386399999996,0.21896910667419434,0.278804911,0.17402121999999998,0.032633838,9626,245,245,0,4067,0,1551,681,3082,7117,0,0,3,4804,4652,152,3082,1570,0,1876,155,1400,4997,,634,0,
296,INFEASIBLE,certified_no_adversarial_example,feasibility,false,false,false,false,,,,0.483269856,0.02350926399230957,0.0,0.0,0.451279578,0.28387779199999996,0.19101606699999998,0.1829240322113037,0.260263511,0.16740178600000005,0.030984085,9626,218,218,0,4036,0,1567,671,3134,5243,0,0,3,4804,4678,126,3134,1544,0,1820,126,1289,4803,,699,0,
297,INFEASIBLE,certified_no_adversarial_example,feasibility,false,false,false,false,,,,0.518972259,0.013599634170532227,0.0,0.0,0.497137045,0.298176653,0.198441286,0.18932676315307617,0.298695759,0.19896039199999999,0.020851765,9626,198,198,0,4116,0,1575,716,3021,5676,0,0,3,4804,4678,126,3021,1657,0,1823,128,1294,4812,,538,0,
298,INFEASIBLE,certified_no_adversarial_example,feasibility,false,false,false,false,,,,0.564742437,0.02853989601135254,0.0,0.0,0.526403017,0.35163647400000003,0.24301485599999997,0.23311686515808105,0.2833881610000001,0.174766543,0.037377263,9626,283,283,0,4080,0,1533,687,3043,7495,0,0,3,4804,4631,173,3043,1588,0,1914,173,1477,5132,,761,0,
299,INFEASIBLE,certified_no_adversarial_example,feasibility,false,false,false,false,,,,0.526332841,0.016997575759887695,0.0,0.0,0.500059942,0.31081584500000004,0.212876179,0.20396113395690918,0.28718376300000004,0.189244097,0.025304692,9626,220,220,0,4086,0,1563,682,3075,7442,0,0,3,4804,4653,151,3075,1578,0,1873,153,1394,4987,,548,0,
300,INFEASIBLE,certified_no_adversarial_example,feasibility,false,false,false,false,,,,0.635043102,0.022151470184326172,0.0,0.0,0.602080219,0.43976709999999997,0.20948459599999997,0.2011566162109375,0.392595623,0.162313119,0.031989027,9626,222,222,0,4055,0,1559,666,3124,7059,0,0,3,4804,4678,126,3124,1554,0,1820,126,1289,4803,,618,0,
301,INFEASIBLE,certified_no_adversarial_example,feasibility,false,false,false,false,,,,0.443946236,0.02582693099975586,0.0,0.0,0.409460293,0.253083677,0.16270857200000002,0.15488815307617188,0.24675172099999995,0.15637661599999997,0.033507481,9626,188,188,0,4019,0,1581,654,3184,5667,0,0,3,4804,4691,113,3184,1507,0,1801,119,1250,4733,,690,0,
302,INFEASIBLE,certified_no_adversarial_example,feasibility,false,false,false,false,,,,0.474464632,0.020565271377563477,0.0,0.0,0.445855809,0.286375871,0.158596514,0.15095067024230957,0.287259295,0.159479938,0.027670932,9626,180,180,0,4066,0,1585,659,3136,5900,0,0,3,4804,4685,119,3136,1549,0,1809,121,1266,4763,,671,0,
303,INFEASIBLE,certified_no_adversarial_example,feasibility,false,false,false,false,,,,0.353861823,0.010740995407104492,0.0,0.0,0.33583656,0.196207423,0.12099859499999999,0.11436772346496582,0.21483796500000002,0.13962913700000001,0.017076926,9626,151,151,0,3992,0,1598,651,3234,4061,0,0,3,4804,4722,82,3234,1488,0,1732,82,1113,4495,,450,0,
304,INFEASIBLE,certified_no_adversarial_example,feasibility,false,false,false,false,,,,0.580885759,0.022737741470336914,0.0,0.0,0.54894912,0.364125842,0.27188749599999995,0.2628791332244873,0.277061624,0.18482327799999998,0.030985948,9626,255,255,0,4027,0,1548,666,3130,8427,0,0,3,4804,4648,156,3130,1518,0,1886,161,1420,5031,,611,0,
305,INFEASIBLE,certified_no_adversarial_example,feasibility,false,false,false,false,,,,0.420647301,0.01641702651977539,0.0,0.0,0.396206878,0.238192877,0.15642889699999998,0.14874696731567383,0.239777981,0.158014001,0.023466969,9626,197,197,0,4042,0,1577,672,3138,5483,0,0,3,4804,4688,116,3138,1550,0,1803,118,1254,4742,,537,0,
306,INFEASIBLE,certified_no_adversarial_example,feasibility,false,false,false,false,,,,0.479489971,0.015867233276367188,0.0,0.0,0.454925551,0.27362354,0.19347951200000002,0.18485403060913086,0.26144603899999996,0.18130201099999999,0.023608421,9626,223,223,0,4091,0,1563,716,3033,6983,0,0,3,4804,4660,144,3033,1627,0,1860,147,1368,4941,,497,0,
307,INFEASIBLE,certified_no_adversarial_example,feasibility,false,false,false,false,,,,0.461197445,0.024758338928222656,0.0,0.0,0.427805659,0.268350882,0.177912838,0.17003273963928223,0.24989282100000001,0.159454777,0.032439355,9626,203,203,0,4047,0,1573,659,3144,6639,0,0,3,4804,4667,137,3144,1523,0,1846,140,1340,4892,,750,0,
308,INFEASIBLE,certified_no_adversarial_example,feasibility,false,false,false,false,,,,0.433515286,0.017096281051635742,0.0,0.0,0.402514591,0.250467351,0.16131422399999998,0.1538844108581543,0.241200367,0.15204723999999997,0.030025308,9626,174,174,0,4034,0,1589,662,3167,6194,0,0,3,4804,4693,111,3167,1526,0,1793,113,1234,4707,,586,0,
309,INFEASIBLE,certified_no_adversarial_example,feasibility,false,false,false,false,,,,0.467132965,0.022539854049682617,0.0,0.0,0.436040121,0.27113576,0.18193126599999998,0.17419004440307617,0.254108855,0.164904361,0.030142214,9626,196,196,0,4062,0,1575,668,3125,5839,0,0,3,4804,4682,122,3125,1557,0,1815,124,1278,4784,,655,0,
310,INFEASIBLE,certified_no_adversarial_example,feasibility,false,false,false,false,,,,0.453189256,0.019893169403076172,0.0,0.0,0.424808843,0.264729951,0.17203673,0.1635606288909912,0.252772113,0.16007889199999997,0.027395641,9626,233,233,0,4024,0,1558,675,3136,5433,0,0,3,4804,4670,134,3136,1534,0,1839,136,1326,4868,,561,0,
311,INFEASIBLE,certified_no_adversarial_example,feasibility,false,false,false,false,,,,0.616967077,0.027811288833618164,0.0,0.0,0.580501226,0.28906000200000004,0.17601094199999998,0.1673140525817871,0.404490284,0.29144122399999994,0.035516063,9626,246,246,0,4021,0,1549,655,3155,5254,0,0,3,4804,4679,125,3155,1524,0,1823,129,1294,4811,,735,0,
312,INFEASIBLE,certified_no_adversarial_example,feasibility,false,false,false,false,,,,0.430138947,0.013427734375,0.0,0.0,0.408737467,0.24690872199999997,0.16542979700000002,0.15765738487243652,0.24330767,0.16182874500000005,0.020410217,9626,185,185,0,4142,0,1580,707,3012,5078,0,0,3,4804,4694,110,3012,1682,0,1791,112,1230,4700,,525,0,
313,INFEASIBLE,certified_no_adversarial_example,feasibility,false,false,false,false,,,,0.491723974,0.02120518684387207,0.0,0.0,0.460629477,0.29133765899999997,0.18896335099999997,0.18067336082458496,0.27166612600000006,0.16929181800000004,0.03015275,9626,225,225,0,4086,0,1563,676,3076,6781,0,0,3,4804,4654,150,3076,1578,0,1873,154,1394,4986,,601,0,
314,INFEASIBLE,certified_no_adversarial_example,feasibility,false,false,false,false,,,,0.546854728,0.022209644317626953,0.0,0.0,0.515526598,0.34565828199999993,0.217310591,0.2081902027130127,0.298216007,0.16986831600000007,0.03037827,9626,252,252,0,4063,0,1547,687,3077,7284,0,0,3,4804,4649,155,3077,1572,0,1878,155,1405,5006,,702,0,
315,INFEASIBLE,certified_no_adversarial_example,feasibility,false,false,false,false,,,,0.3194449,0.011905431747436523,0.0,0.0,0.301121303,0.149384236,0.07970821600000001,0.07364821434020996,0.221413087,0.151737067,0.017376712,9626,139,139,0,3982,0,1605,651,3249,1998,0,0,3,4804,4740,64,3249,1491,0,1699,66,1046,4378,,485,0,
316,INFEASIBLE,certified_no_adversarial_example,feasibility,false,false,false,false,,,,0.434585881,0.015483617782592773,0.0,0.0,0.410916417,0.23888279099999998,0.16134619500000003,0.15330719947814941,0.24957022199999995,0.172033626,0.022715498,9626,211,211,0,4073,0,1564,667,3111,5664,0,0,3,4804,4684,120,3111,1573,0,1813,124,1274,4776,,517,0,
317,INFEASIBLE,certified_no_adversarial_example,feasibility,false,false,false,false,,,,0.452310466,0.02835392951965332,0.0,0.0,0.415474788,0.268865838,0.17202879099999996,0.1635723114013672,0.24344599700000003,0.14660894999999996,0.035852389,9626,216,216,0,4035,0,1565,642,3168,5632,0,0,3,4804,4678,126,3168,1510,0,1823,128,1294,4812,,809,0,
318,INFEASIBLE,certified_no_adversarial_example,feasibility,false,false,false,false,,,,0.400293009,0.01520681381225586,0.0,0.0,0.377356459,0.206458433,0.13565974699999997,0.12815189361572266,0.241696712,0.17089802599999998,0.021973851,9626,188,188,0,4032,0,1577,645,3184,4241,0,0,3,4804,4699,105,3184,1515,0,1778,105,1205,4656,,584,0,
319,INFEASIBLE,certified_no_adversarial_example,feasibility,false,false,false,false,,,,0.675348352,0.14210867881774902,0.0,0.0,0.523555351,0.35070554899999995,0.24561436899999994,0.2360823154449463,0.277940982,0.172849802,0.150808199,9626,248,248,0,4094,0,1547,690,3047,8598,0,0,3,4804,4637,167,3047,1590,0,1905,169,1458,5099,,967,0,
320,INFEASIBLE,certified_no_adversarial_example,feasibility,false,false,false,false,,,,0.56406626,0.027889251708984375,0.0,0.0,0.519500479,0.344022972,0.24759653300000004,0.22881293296813965,0.2719039459999999,0.17547750699999998,0.043574321,9626,254,254,0,4085,0,1546,688,3053,7730,0,0,3,4804,4641,163,3053,1588,0,1898,166,1444,5074,,669,0,
321,OPTIMAL,adversarial_example_found_or_best_known,feasibility,true,true,true,true,2.7200464103316335e-15,-9.523559243001921;-2.401413233676301;-3.6459025148165805;-3.296598364968867;-5.770158298959311;-7.064466508000358;-15.365947648586474;-0.4245069274910658;-0.07602890051914296;-0.07602890051914568,0.1;0.0;0.0;0.1;0.1;0.0;0.0;0.1;0.1;0.0;0.0;0.0;0.0;0.1;0.1;0.1;0.1;0.0;0.0;0.1;0.1;0.0;0.0;0.1;0.1;0.0;0.0;0.1;0.1;0.0;0.0;0.1;0.0;0.0;0.0;0.0;0.1;0.1;0.0;0.0;0.0;0.0;0.0;0.1;0.0;0.1;0.0;0.1;0.1;0.0;0.0;0.1;0.0;0.0;0.0;0.0;0.1;0.1;0.0;0.1;0.1;0.0;0.0;0.0;0.1;0.0;0.0;0.0;0.0;0.1;0.1;0.1;0.1;0.0;0.0;0.1;0.1;0.0;0.0;0.1;0.1;0.0;0.0;0.0;0.1;0.1;0.0;0.1;0.0;0.1;0.0;0.1;0.0;0.1;0.0;0.1;0.0;0.1;0.0;0.0;0.0;0.0;0.0;0.1;0.0;0.0;0.1;0.1;0.1;0.1;0.0;0.1;0.1;0.1;0.1;0.1;0.1;0.0;0.0;0.0;0.0;0.1;0.1;0.1;0.1;0.0;0.0;0.0;0.0;0.0;0.0;0.1;0.1;0.0;0.0;0.1;0.1;0.0;0.0;0.0;0.0;0.0;0.1;0.1;0.1;0.1;0.0;0.0;0.0;0.1;0.0;0.03602119426873546;0.1;0.1;0.0;0.0;0.0;0.0;0.0;0.0;0.1;0.1;0.0735359074929256;0.1;0.0;0.0;0.0;0.0;0.1;0.0;0.1;0.0;0.0;0.0;0.0;0.1;0.1;0.1;0.1;0.0;0.1;0.1;0.0;0.0;0.0;0.0;0.0;0.0;0.1;0.1;0.0;0.1;0.1;0.1;0.0;0.0;0.0;0.1;0.0;0.1;0.0;0.0;0.1;0.1;0.1;0.1;0.0;0.0;0.0;0.1;0.0;0.1;0.1;0.1;0.1;0.0;0.1;0.0;0.1;0.1;0.1;0.1;0.0;0.0;0.1;0.0;0.0;0.0;0.0;0.1;0.1;0.1;0.1;0.1;0.1;0.0;0.1;0.1;0.0;0.1;0.1;0.1;0.1;0.0;0.0;0.1;0.1;0.0;0.0;0.1;0.1;0.0;0.0;0.0;0.0;0.0;0.1;0.1;0.1;0.1;0.0;0.1;0.1;0.1;0.0;0.0;0.0;0.1;0.1;0.0;0.1;0.0;0.0;0.0;0.1;0.0;0.1;0.1;0.0;0.1;0.0;0.0;0.0;0.0;0.1;0.1;0.1;0.19803921568627453;0.19019607843137254;0.0;0.1;0.0;0.0;0.0;0.0;0.1;0.1;0.0;0.0;0.0;0.0;0.1;0.1;0.0;0.0;0.1;0.1;0.0;0.0;0.1;0.0;0.1;0.0;0.1;0.28660537401180936;0.8004834574079279;0.8294117647058824;0.5941176470588235;0.25051010511768673;0.1980392156862745;0.0;0.1;0.1;0.0;0.1;0.0;0.0;0.0;0.0;0.1;0.1;0.1;0.0;0.1;0.0;0.0;0.1;0.0;0.0;0.1;0.0;0.0;0.5078431372549019;0.8960784313725491;0.8372549019607843;1.0;1.0;0.8921568627450981;0.2215686274509804;0.0;0.0;0.1;0.0;0.1;0.17450980392156862;0.0607843137254902;0.2607843137254902;0.0607843137254902;0.24364297289817216;0.2607843137254902;0.10366661541312859;0.1;0.1;0.0;0.0;0.0;0.0;0.1;0.1;0.1;0.6568627450980392;1.0;0.38235294117647056;0.3666666666666667;0.8748590301112205;0.8960784313725491;0.40980392156862744;0.1;0.0;0.17450980392156862;0.4764705882352941;0.5705882352941176;0.8763087860788725;1.0;0.9;0.8960784313725491;1.0;1.0;0.8721267915453883;0.0;0.0;0.0;0.1;0.0;0.0;0.1;0.1;0.0;0.515686274509804;0.8960784313725491;0.24509803921568626;0.1;0.48039215686274506;0.8960784313725491;0.8921568627450981;0.8803921568627451;1.0;1.0;1.0;1.0;0.8960784313725491;0.8960784313725491;0.8960784313725491;0.8960784313725491;0.8960784313725491;1.0;1.0;1.0;0.1;0.0;0.0;0.0;0.0;0.0;0.1;0.0;0.19411764705882353;0.8960784313725491;0.8718478626731727;0.10304807800389125;0.5862745098039216;1.0;0.8960784313725491;1.0;0.8960784313725491;0.9386906262343602;0.8875362834673349;0.48431372549019613;0.2957165456875628;0.10404348291185717;0.296078431372549;0.264621445232337;0.10706126441144091;0.1037480395846793;0.8686274509803922;0.8921568627450981;0.0;0.0;0.1;0.0;0.0;0.0;0.0;0.1;0.09415216299794794;0.896078431372549;1.0;0.42156862745098045;0.7823529411764706;1.0;0.6607843137254902;0.292156862745098;0.2838851580365324;0.39803921568627454;0.09937222484761998;0.0;0.0;0.1;0.1;0.1;0.1;0.1;0.8333333333333333;0.40980392156862744;0.1;0.0;0.0;0.0;0.0;0.0;0.1;0.1;0.1;0.3214309039327953;0.6450980392156862;0.8372549019607843;0.8852964957612979;0.2686274509803922;0.0;0.1;0.1;0.1;0.0;0.0;0.0;0.0;0.0;0.1;0.1;0.0;0.1;0.1;0.0;0.0;0.1;0.0;0.0;0.0;0.1;0.1;0.1;0.0;0.09818916434703749;0.2176470588235294;0.2568627450980392;0.0;0.0;0.1;0.1;0.1;0.0;0.0;0.0;0.0;0.0;0.0;0.1;0.0;0.1;0.1;0.1;0.0;0.1;0.0;0.0;0.0;0.1;0.0;0.1;0.0;0.1;0.0;0.1;0.0;0.1;0.1;0.0;0.1;0.0;0.0;0.0;0.0;0.1;0.0;0.1;0.1;0.0;0.1;0.0;0.0;0.1;0.0;0.0;0.0;0.0;0.1;0.1;0.0;0.1;0.1;0.1;0.0;0.0;0.1;0.1;0.1;0.1;0.0;0.0;0.0;0.0;0.1;0.1;0.1;0.1;0.1;0.1;0.0;0.0;0.0;0.0;0.0;0.1;0.0;0.1;0.0;0.1;0.1;0.1;0.0;0.0;0.0;0.0;0.06435542448846496;0.0;0.0;0.0;0.0;0.1;0.0;0.0575111357618913;0.0;0.0;0.0;0.0;0.0;0.1;0.0;0.0;0.0;0.0;0.0;0.0;0.0;0.1;0.0;0.0;0.0;0.0;0.1;0.0;0.1;0.0;0.0;0.0;0.0;0.0;0.0;0.0;0.1;0.1;0.1;0.1;0.0;0.0;0.0;0.0;0.0;0.0;0.0;0.0;0.0;0.0;0.0;0.0;0.0;0.0;0.1;0.0;0.1;0.0;0.0;0.0;0.1;0.0;0.1;0.0;0.1;0.0;0.1;0.0;0.1;0.1;0.1;0.0;0.0;0.0;0.0;0.0;0.1;0.0;0.1;0.1;0.1;0.1;0.1;0.1;0.1;0.0;0.0;0.0;0.1;0.1;0.0;0.0;0.1;0.1;0.0;0.0;0.0;0.0;0.1;0.0;0.1;0.0;0.0;0.0;0.1;0.0;0.0;0.0;0.0;0.0;0.1;0.0;0.1;0.0;0.1;0.0;0.1;0.0;0.0;0.0;0.0;0.0;0.1;0.0;0.1;0.1;0.1;0.1;0.1;0.0;0.0;0.0;0.1;0.1;0.0;0.0;0.1;0.1;0.1;0.1;0.0;0.0;0.1;0.0;0.1;0.1;0.0;0.0;0.0;0.1;0.0;0.0;0.1;0.0;0.0;0.0;0.1;0.1;0.0;0.0;0.1;0.0;0.0;0.0;0.1;0.0;0.0;0.0;0.1;0.0;0.1;0.1;0.1;0.1;0.1;0.1;0.0;0.1;0.0;0.0;0.0,3.778646832,3.439688205718994,0.0,0.0,0.330196563,0.186184148,0.11046872399999999,0.10361647605895996,0.219727839,0.144012415,3.446392934,9626,150,150,0,4008,0,1601,641,3226,3756,0,0,3,4804,4713,91,3226,1487,0,1754,94,1156,4570,1,60717,,0.0
322,SKIPPED_PREDICTED_IN_TARGETED,adversarial_example_found_or_best_known,feasibility,true,true,true,true,2.846903114660533,-7.913966580484432;-3.979934130716689;0.5674479509500268;-0.6403658549181954;-12.241826631904123;-8.083758444954368;-18.033394517332248;3.4143510656105596;-0.5432207726818382;-3.026330585529838,0.0;0.0;0.0;0.0;0.0;0.0;0.0;0.0;0.0;0.0;0.0;0.0;0.0;0.0;0.0;0.0;0.0;0.0;0.0;0.0;0.0;0.0;0.0;0.0;0.0;0.0;0.0;0.0;0.0;0.0;0.0;0.0;0.0;0.0;0.0;0.0;0.0;0.0;0.0;0.0;0.0;0.0;0.0;0.0;0.0;0.0;0.0;0.0;0.0;0.0;0.0;0.0;0.0;0.0;0.0;0.0;0.0;0.0;0.0;0.0;0.0;0.0;0.0;0.0;0.0;0.0;0.0;0.0;0.0;0.0;0.0;0.0;0.0;0.0;0.0;0.0;0.0;0.0;0.0;0.0;0.0;0.0;0.0;0.0;0.0;0.0;0.0;0.0;0.0;0.0;0.0;0.0;0.0;0.0;0.0;0.0;0.0;0.0;0.0;0.0;0.0;0.0;0.0;0.0;0.0;0.0;0.0;0.0;0.0;0.0;0.0;0.0;0.0;0.0;0.0;0.0;0.0;0.0;0.0;0.0;0.0;0.0;0.0;0.0;0.0;0.0;0.0;0.0;0.0;0.0;0.0;0.0;0.0;0.0;0.0;0.0;0.0;0.0;0.0;0.0;0.0;0.0;0.0;0.0;0.0;0.0;0.0;0.0;0.0;0.0;0.0;0.0;0.0;0.0;0.0;0.0;0.0;0.0;0.0;0.0;0.0;0.0;0.0;0.0;0.0;0.0;0.0;0.0;0.0;0.0;0.0;0.0;0.0;0.0;0.0;0.0;0.0;0.0;0.0;0.0;0.0;0.0;0.0;0.0;0.0;0.0;0.0;0.0;0.0;0.0;0.0;0.0;0.0;0.0;0.0;0.0;0.0;0.0;0.0;0.0;0.0;0.0;0.0;0.0;0.0;0.0392156862745098;0.0;0.0;0.0;0.0;0.0;0.0;0.0;0.0;0.0;0.0;0.0;0.0;0.0;0.0;0.0;0.0;0.0;0.0;0.0;0.0;0.0;0.0;0.0;0.0;0.0;0.0;0.35294117647058826;0.7411764705882353;0.0;0.0;0.0;0.0;0.0;0.0;0.0;0.0;0.0;0.0;0.0;0.0;0.0;0.0;0.0;0.0;0.0;0.0;0.0;0.0;0.0;0.0;0.0;0.0;0.0;0.3568627450980392;0.9529411764705882;0.7529411764705882;0.0;0.0;0.0;0.0;0.0;0.0;0.0;0.0;0.0;0.0;0.0;0.0;0.0;0.0;0.0;0.0;0.0;0.0;0.0;0.0;0.0;0.0;0.0;0.0;0.06274509803921569;0.8352941176470589;0.9882352941176471;0.26666666666666666;0.0;0.0;0.0;0.0;0.0;0.0;0.0;0.0;0.0;0.00392156862745098;0.32941176470588235;0.47843137254901963;0.6823529411764706;0.9058823529411765;0.5843137254901961;0.08235294117647059;0.0;0.0;0.0;0.0;0.0;0.0;0.0;0.0;0.20784313725490197;0.9882352941176471;0.9215686274509803;0.03529411764705882;0.0;0.0;0.0;0.0;0.0;0.0;0.0;0.0;0.1450980392156863;0.6196078431372549;0.9882352941176471;0.9882352941176471;0.9882352941176471;0.9882352941176471;0.9882352941176471;0.8196078431372549;0.0;0.0;0.0;0.0;0.0;0.0;0.0;0.0;0.5607843137254902;0.9882352941176471;0.6;0.0;0.0;0.0;0.0;0.0;0.0;0.0;0.043137254901960784;0.4196078431372549;0.9450980392156862;0.9882352941176471;0.9882352941176471;0.9882352941176471;0.5019607843137255;0.5725490196078431;0.9882352941176471;0.9882352941176471;0.0;0.0;0.0;0.0;0.0;0.0;0.0;0.0;0.5607843137254902;0.9882352941176471;0.41568627450980394;0.0;0.0;0.0;0.0;0.0;0.0;0.19215686274509805;0.6941176470588235;0.9882352941176471;0.9882352941176471;0.9882352941176471;0.611764705882353;0.12941176470588237;0.011764705882352941;0.17647058823529413;0.9882352941176471;0.8;0.0;0.0;0.0;0.0;0.0;0.0;0.0;0.0;0.996078431372549;0.9921568627450981;0.17254901960784313;0.0;0.0;0.0;0.00784313725490196;0.396078431372549;0.6941176470588235;0.9921568627450981;1.0;0.9607843137254902;0.5058823529411764;0.20784313725490197;0.0;0.0;0.027450980392156862;0.8235294117647058;0.9921568627450981;0.3176470588235294;0.0;0.0;0.0;0.0;0.0;0.0;0.0;0.0;0.9921568627450981;0.807843137254902;0.050980392156862744;0.0;0.0;0.20784313725490197;0.4823529411764706;0.9882352941176471;0.9882352941176471;0.9882352941176471;0.7333333333333333;0.35294117647058826;0.0;0.0;0.0;0.0;0.34901960784313724;0.9450980392156862;0.596078431372549;0.0392156862745098;0.0;0.0;0.0;0.0;0.0;0.0;0.0;0.0;0.9921568627450981;0.8313725490196079;0.06666666666666667;0.03529411764705882;0.48627450980392156;0.9529411764705882;0.9882352941176471;0.9882352941176471;0.8705882352941177;0.41568627450980394;0.0;0.0;0.0;0.0;0.0;0.0;0.8352941176470589;0.4627450980392157;0.0;0.0;0.0;0.0;0.0;0.0;0.0;0.0;0.0;0.0;0.9921568627450981;0.9882352941176471;0.9568627450980393;0.9529411764705882;0.9882352941176471;0.9882352941176471;0.9294117647058824;0.4;0.027450980392156862;0.0;0.0;0.0;0.0;0.0;0.0;0.3411764705882353;0.2627450980392157;0.01568627450980392;0.0;0.0;0.0;0.0;0.0;0.0;0.0;0.0;0.0;0.0;0.8980392156862745;0.9882352941176471;0.9882352941176471;0.9882352941176471;0.8470588235294118;0.43529411764705883;0.1803921568627451;0.0;0.0;0.0;0.0;0.0;0.0;0.0;0.0;0.0;0.0;0.0;0.0;0.0;0.0;0.0;0.0;0.0;0.0;0.0;0.0;0.0;0.12156862745098039;0.21568627450980393;0.5686274509803921;0.23137254901960785;0.07450980392156863;0.0;0.0;0.0;0.0;0.0;0.0;0.0;0.0;0.0;0.0;0.0;0.0;0.0;0.0;0.0;0.0;0.0;0.0;0.0;0.0;0.0;0.0;0.0;0.0;0.0;0.0;0.0;0.0;0.0;0.0;0.0;0.0;0.0;0.0;0.0;0.0;0.0;0.0;0.0;0.0;0.0;0.0;0.0;0.0;0.0;0.0;0.0;0.0;0.0;0.0;0.0;0.0;0.0;0.0;0.0;0.0;0.0;0.0;0.0;0.0;0.0;0.0;0.0;0.0;0.0;0.0;0.0;0.0;0.0;0.0;0.0;0.0;0.0;0.0;0.0;0.0;0.0;0.0;0.0;0.0;0.0;0.0;0.0;0.0;0.0;0.0;0.0;0.0;0.0;0.0;0.0;0.0;0.0;0.0;0.0;0.0;0.0;0.0;0.0;0.0;0.0;0.0;0.0;0.0;0.0;0.0;0.0;0.0;0.0;0.0;0.0;0.0;0.0;0.0;0.0;0.0;0.0;0.0;0.0;0.0;0.0;0.0;0.0;0.0;0.0;0.0;0.0;0.0;0.0;0.0;0.0;0.0;0.0;0.0;0.0;0.0;0.0;0.0;0.0;0.0;0.0;0.0;0.0;0.0;0.0;0.0;0.0;0.0;0.0;0.0;0.0;0.0;0.0;0.0;0.0;0.0;0.0;0.0;0.0;0.0;0.0;0.0;0.0;0.0;0.0;0.0;0.0;0.0;0.0;0.0;0.0;0.0;0.0;0.0;0.0;0.0;0.0;0.0;0.0;0.0;0.0;0.0;0.0;0.0;0.0;0.0;0.0;0.0;0.0;0.0;0.0;0.0;0.0;0.0;0.0;0.0;0.0;0.0;0.0;0.0;0.0;0.0;0.0;0.0;0.0;0.0;0.0;0.0;0.0;0.0;0.0;0.0;0.0;0.0;0.0;0.0;0.0;0.0;0.0;0.0;0.0;0.0;0.0;0.0;0.0;0.0;0.0;0.0;0.0;0.0;0.0;0.0;0.0;0.0;0.0;0.0;0.0;0.0;0.0;0.0;0.0,0.00169495,0.0,0.0,0.0,,,,,,,,,,,,,,,,,,,,,,,,,,,,,,,,,,
323,INFEASIBLE,certified_no_adversarial_example,feasibility,false,false,false,false,,,,0.427629969,0.01425933837890625,0.0,0.0,0.405684144,0.23325915600000002,0.14920812900000002,0.14198613166809082,0.256476015,0.172424988,0.021046553,9626,177,177,0,4037,0,1584,658,3170,4443,0,0,3,4804,4714,90,3170,1544,0,1753,94,1154,4566,,489,0,
324,INFEASIBLE,certified_no_adversarial_example,feasibility,false,false,false,false,,,,0.594368404,0.013245344161987305,0.0,0.0,0.572809711,0.267925162,0.18410329499999997,0.17618060111999512,0.388706416,0.304884549,0.020543817,9626,185,185,0,4040,0,1580,665,3156,6175,0,0,3,4804,4689,115,3156,1533,0,1801,117,1250,4735,,446,0,
325,INFEASIBLE,certified_no_adversarial_example,feasibility,false,false,false,false,,,,0.589336075,0.12397956848144531,0.0,0.0,0.455656089,0.290824805,0.19730140399999999,0.18868780136108398,0.25835468500000003,0.16483128399999997,0.132704409,9626,229,229,0,4038,0,1559,677,3123,6415,0,0,3,4804,4666,138,3123,1543,0,1850,143,1348,4905,,854,0,
326,INFEASIBLE,certified_no_adversarial_example,feasibility,false,false,false,false,,,,0.4702449,0.025188922882080078,0.0,0.0,0.436009822,0.28210271400000003,0.16351490400000002,0.15549612045288086,0.272494918,0.15390710799999996,0.033254944,9626,206,206,0,4024,0,1574,639,3183,4932,0,0,3,4804,4677,127,3183,1494,0,1825,129,1298,4819,,763,0,
327,INFEASIBLE,certified_no_adversarial_example,feasibility,false,false,false,false,,,,0.587021003,0.16042494773864746,,0.0,0.418466708,0.264681455,0.15992324399999996,0.15232133865356445,0.25854346400000006,0.153785253,0.167542354,9626,201,201,0,4036,0,1575,656,3158,5082,0,0,3,4804,4685,119,3158,1527,0,1806,119,1261,4754,,1391,0,
328,INFEASIBLE,certified_no_adversarial_example,feasibility,false,false,false,false,,,,0.37516833,0.012989521026611328,0.0,0.0,0.354487538,0.200018949,0.11464204899999998,0.10774946212768555,0.23984548900000002,0.154468589,0.019712397,9626,164,164,0,4070,0,1593,704,3095,3059,0,0,3,4804,4714,90,3095,1619,0,1752,93,1152,4563,,511,0,
329,INFEASIBLE,certified_no_adversarial_example,feasibility,false,false,false,false,,,,0.398525778,0.013526439666748047,0.0,0.0,0.376588857,0.21133222899999998,0.13130550399999996,0.12407445907592773,0.24528335300000004,0.16525662800000002,0.020927744,9626,181,181,0,4034,0,1585,669,3157,4009,0,0,3,4804,4696,108,3157,1539,0,1789,112,1226,4692,,434,0,
330,INFEASIBLE,certified_no_adversarial_example,feasibility,false,false,false,false,,,,0.36502791,0.011596202850341797,0.0,0.0,0.3459713,0.196221735,0.111794944,0.10478448867797852,0.23417635599999997,0.14974956499999997,0.018035464,9626,163,163,0,3989,0,1593,638,3243,3103,0,0,3,4804,4725,79,3243,1482,0,1729,81,1106,4483,,422,0,
331,INFEASIBLE,certified_no_adversarial_example,feasibility,false,false,false,false,,,,0.3799092,0.019160985946655273,0.0,0.0,0.350714643,0.19015718399999998,0.11600755400000001,0.10901904106140137,0.23470708899999998,0.160557459,0.02816569,9626,158,158,0,3980,0,1597,641,3250,2978,0,0,3,4804,4722,82,3250,1472,0,1736,85,1120,4507,,464,0,
332,INFEASIBLE,certified_no_adversarial_example,feasibility,false,false,false,false,,,,0.647885019,0.028767824172973633,0.0,0.0,0.609409064,0.348267153,0.239058326,0.2285311222076416,0.37035073799999996,0.26114191099999995,0.037204954,9626,258,258,0,4036,0,1545,660,3127,6723,0,0,3,4804,4652,152,3127,1525,0,1876,155,1400,4997,,738,0,
333,INFEASIBLE,certified_no_adversarial_example,feasibility,false,false,false,false,,,,0.299283724,0.010501623153686523,0.0,0.0,0.281863585,0.137021249,0.07674728600000001,0.07074880599975586,0.205116299,0.14484233600000002,0.016460586,9626,126,126,0,3981,0,1614,645,3260,2022,0,0,3,4804,4739,65,3260,1479,0,1703,69,1054,4391,,412,0,
334,INFEASIBLE,certified_no_adversarial_example,feasibility,false,false,false,false,,,,0.651493602,0.018019676208496094,0.0,0.0,0.624797798,0.43058495500000005,0.20023008100000003,0.19166970252990723,0.42456771699999996,0.19421284299999997,0.025715099,9626,199,199,0,4048,0,1575,689,3115,6367,0,0,3,4804,4675,129,3115,1560,0,1826,129,1301,4824,,575,0,
335,INFEASIBLE,certified_no_adversarial_example,feasibility,false,false,false,false,,,,0.480873609,0.014162540435791016,0.0,0.0,0.457409828,0.29532933100000003,0.20536344900000003,0.19682955741882324,0.252046379,0.162080497,0.022465158,9626,213,213,0,4046,0,1568,677,3122,6667,0,0,3,4804,4673,131,3122,1551,0,1835,135,1318,4853,,462,0,
336,INFEASIBLE,certified_no_adversarial_example,feasibility,false,false,false,false,,,,0.431760198,0.018772363662719727,0.0,0.0,0.404089466,0.24103148,0.15280981,0.14470243453979492,0.251279656,0.16305798600000002,0.026702435,9626,201,201,0,4031,0,1573,672,3149,5088,0,0,3,4804,4686,118,3149,1537,0,1807,120,1262,4756,,576,0,
337,INFEASIBLE,certified_no_adversarial_example,feasibility,false,false,false,false,,,,0.539456099,0.01781916618347168,0.0,0.0,0.512632678,0.302557103,0.212010678,0.20232009887695312,0.300622,0.21007557500000001,0.025855553,9626,209,209,0,4062,0,1572,666,3117,5754,0,0,3,4804,4662,142,3117,1545,0,1855,144,1358,4924,,586,0,
338,INFEASIBLE,certified_no_adversarial_example,feasibility,false,false,false,false,,,,0.449345448,0.029285192489624023,0.0,0.0,0.411858638,0.258688912,0.152545862,0.14432120323181152,0.259312776,0.153169726,0.036509349,9626,174,174,0,4025,0,1588,675,3164,4524,0,0,3,4804,4697,107,3164,1533,0,1785,109,1218,4679,,925,0,
339,INFEASIBLE,certified_no_adversarial_example,feasibility,false,false,false,false,,,,0.542178146,0.011297464370727539,0.0,0.0,0.521286963,0.358167943,0.249708759,0.2401876449584961,0.271578204,0.16311902,0.019908143,9626,255,255,0,4107,0,1544,696,3024,7777,0,0,3,4804,4642,162,3024,1618,0,1896,165,1440,5067,,169,0,
340,INFEASIBLE,certified_no_adversarial_example,feasibility,false,false,false,false,,,,0.510631476,0.01795196533203125,0.0,0.0,0.483549056,0.307681577,0.21137858499999995,0.2026505470275879,0.272170471,0.175867479,0.026123917,9626,227,227,0,4052,0,1562,684,3101,6772,0,0,3,4804,4656,148,3101,1555,0,1867,150,1382,4966,,565,0,
341,SKIPPED_PREDICTED_IN_TARGETED,adversarial_example_found_or_best_known,feasibility,true,true,true,true,0.16197722870995257,-9.36350374037776;-4.73728072307982;-5.955382538277586;0.6623982775483936;-3.6996330114362963;0.5004210488384411;-2.457616954322277;-11.920484625312678;-6.050209075033795;-6.59785455868615,0.0;0.0;0.0;0.0;0.0;0.0;0.0;0.0;0.0;0.0;0.0;0.0;0.0;0.0;0.0;0.0;0.0;0.0;0.0;0.0;0.0;0.0;0.0;0.0;0.0;0.0;0.0;0.0;0.0;0.0;0.0;0.0;0.0;0.0;0.0;0.0;0.0;0.0;0.0;0.0;0.0;0.0;0.0;0.0;0.0;0.0;0.0;0.0;0.0;0.0;0.0;0.0;0.0;0.0;0.0;0.0;0.0;0.0;0.0;0.0;0.0;0.0;0.0;0.0;0.0;0.0;0.0;0.0;0.0;0.0;0.0;0.0;0.0;0.0;0.0;0.0;0.0;0.0;0.0;0.0;0.0;0.0;0.0;0.0;0.0;0.0;0.0;0.0;0.0;0.0;0.0;0.0;0.0;0.0;0.0;0.0;0.0;0.0;0.0;0.0;0.0;0.0;0.0;0.0;0.0;0.0;0.0;0.0;0.0;0.0;0.0;0.0;0.0;0.0;0.0;0.0;0.0;0.0;0.0;0.0;0.0;0.0;0.0;0.0;0.0;0.0;0.0;0.0;0.0;0.0;0.0;0.0;0.0;0.0;0.0;0.0;0.0;0.0;0.0;0.0;0.0;0.0;0.0;0.0;0.0;0.0;0.0;0.0;0.0;0.0;0.0;0.0;0.0;0.0;0.0;0.0;0.0;0.0;0.0;0.0;0.0;0.0;0.0;0.0;0.0;0.0;0.0;0.0;0.0;0.0;0.0;0.0;0.0;0.0;0.0;0.0;0.0;0.0;0.0;0.0;0.0;0.0;0.0;0.0;0.0;0.0;0.0;0.0;0.0;0.0;0.0;0.0;0.0;0.0;0.0;0.0;0.0;0.0;0.0;0.0;0.0;0.0;0.0;0.0;0.0;0.0;0.0;0.0;0.0;0.0;0.0;0.0;0.0;0.0;0.0;0.10196078431372549;0.11372549019607843;0.10196078431372549;0.0;0.0;0.0;0.0;0.0;0.0;0.0;0.0;0.0;0.0;0.0;0.0;0.0;0.0;0.0;0.0;0.0;0.0;0.0;0.0;0.0;0.0;0.0;0.0;0.24705882352941178;0.9411764705882353;0.9882352941176471;0.9372549019607843;0.24705882352941178;0.0;0.0;0.0;0.0;0.0;0.0;0.0;0.0;0.0;0.0;0.0;0.0;0.0;0.0;0.0;0.0;0.0;0.0;0.0;0.0;0.0;0.0;0.0;0.24705882352941178;0.6980392156862745;0.9921568627450981;0.9921568627450981;0.4392156862745098;0.0;0.0;0.0;0.0;0.0;0.0;0.0;0.0;0.0;0.0;0.0;0.0;0.0;0.0;0.0;0.0;0.0;0.0;0.0;0.0;0.0;0.0;0.0;0.0;0.3333333333333333;0.9882352941176471;0.9882352941176471;0.4392156862745098;0.0;0.0;0.0;0.0;0.0;0.0;0.0;0.0;0.0;0.0;0.0;0.0;0.0;0.10196078431372549;0.2235294117647059;0.17254901960784313;0.0;0.0;0.0;0.0;0.0;0.0;0.0;0.0;0.3333333333333333;0.9882352941176471;0.9882352941176471;0.8666666666666667;0.0;0.0;0.0;0.0;0.0;0.0;0.0;0.0;0.0;0.0;0.0;0.01568627450980392;0.4196078431372549;0.8117647058823529;0.9882352941176471;0.9137254901960784;0.6;0.11372549019607843;0.0;0.0;0.0;0.0;0.0;0.0;0.3333333333333333;0.9882352941176471;0.9882352941176471;0.615686274509804;0.0;0.0;0.0;0.0;0.0;0.0;0.0;0.0;0.0;0.0;0.43529411764705883;0.6;0.9882352941176471;0.9921568627450981;0.9882352941176471;0.9882352941176471;0.9882352941176471;0.9882352941176471;0.5529411764705883;0.058823529411764705;0.0;0.0;0.0;0.0;0.6392156862745098;0.9882352941176471;0.9882352941176471;0.4392156862745098;0.0;0.0;0.0;0.0;0.0;0.0;0.0;0.0;0.0;0.14901960784313725;0.8705882352941177;0.9921568627450981;0.9921568627450981;1.0;0.9921568627450981;0.9921568627450981;0.9921568627450981;0.9921568627450981;1.0;0.35294117647058826;0.0;0.0;0.0;0.0;0.8862745098039215;0.9921568627450981;0.8823529411764706;0.0;0.0;0.0;0.0;0.0;0.0;0.0;0.0;0.0;0.14901960784313725;0.8588235294117647;0.9882352941176471;0.9882352941176471;0.9882352941176471;0.9921568627450981;0.6901960784313725;0.9137254901960784;0.9882352941176471;0.9882352941176471;0.9921568627450981;0.9529411764705882;0.6862745098039216;0.0;0.0;0.396078431372549;0.9764705882352941;0.9882352941176471;0.6901960784313725;0.0;0.0;0.0;0.0;0.0;0.0;0.0;0.0;0.0;0.7490196078431373;0.9882352941176471;0.9882352941176471;0.8392156862745098;0.7647058823529411;0.2196078431372549;0.023529411764705882;0.16862745098039217;0.5843137254901961;0.8901960784313725;0.9921568627450981;0.9882352941176471;0.9372549019607843;0.403921568627451;0.2235294117647059;0.8705882352941177;0.9882352941176471;0.9372549019607843;0.2549019607843137;0.0;0.0;0.0;0.0;0.0;0.0;0.0;0.0;0.0;0.396078431372549;0.8745098039215686;0.7529411764705882;0.10980392156862745;0.0;0.0;0.0;0.0;0.0;0.1843137254901961;0.8823529411764706;0.9764705882352941;0.9882352941176471;0.9882352941176471;0.9882352941176471;0.9921568627450981;0.9882352941176471;0.4;0.0;0.0;0.0;0.0;0.0;0.0;0.0;0.0;0.0;0.0;0.0;0.0;0.0;0.0;0.0;0.0;0.0;0.0;0.0;0.0;0.0;0.5725490196078431;0.9882352941176471;0.9882352941176471;0.9882352941176471;0.9921568627450981;0.8;0.09803921568627451;0.0;0.0;0.0;0.0;0.0;0.0;0.0;0.0;0.0;0.0;0.0;0.0;0.0;0.0;0.0;0.0;0.0;0.0;0.0;0.0;0.0;0.18823529411764706;0.8980392156862745;0.9921568627450981;0.9921568627450981;1.0;0.10588235294117647;0.0;0.0;0.0;0.0;0.0;0.0;0.0;0.0;0.0;0.0;0.0;0.0;0.0;0.0;0.0;0.0;0.0;0.0;0.0;0.0;0.0;0.0;0.0;0.08235294117647059;0.10588235294117647;0.10588235294117647;0.10588235294117647;0.011764705882352941;0.0;0.0;0.0;0.0;0.0;0.0;0.0;0.0;0.0;0.0;0.0;0.0;0.0;0.0;0.0;0.0;0.0;0.0;0.0;0.0;0.0;0.0;0.0;0.0;0.0;0.0;0.0;0.0;0.0;0.0;0.0;0.0;0.0;0.0;0.0;0.0;0.0;0.0;0.0;0.0;0.0;0.0;0.0;0.0;0.0;0.0;0.0;0.0;0.0;0.0;0.0;0.0;0.0;0.0;0.0;0.0;0.0;0.0;0.0;0.0;0.0;0.0;0.0;0.0;0.0;0.0;0.0;0.0;0.0;0.0;0.0;0.0;0.0;0.0;0.0;0.0;0.0;0.0;0.0;0.0;0.0;0.0;0.0;0.0;0.0;0.0;0.0;0.0;0.0;0.0;0.0;0.0;0.0;0.0;0.0;0.0;0.0;0.0;0.0;0.0;0.0;0.0;0.0;0.0;0.0;0.0;0.0;0.0;0.0;0.0;0.0;0.0;0.0;0.0;0.0;0.0;0.0;0.0;0.0;0.0;0.0;0.0;0.0;0.0;0.0;0.0;0.0;0.0;0.0;0.0;0.0;0.0;0.0;0.0;0.0;0.0;0.0;0.0;0.0;0.0;0.0;0.0;0.0;0.0;0.0;0.0;0.0;0.0;0.0;0.0;0.0;0.0;0.0;0.0;0.0;0.0;0.0;0.0;0.0;0.0;0.0;0.0;0.0;0.0;0.0;0.0;0.0;0.0;0.0;0.0;0.0;0.0;0.0;0.0;0.0;0.0;0.0;0.0;0.0;0.0;0.0;0.0;0.0;0.0;0.0;0.0;0.0;0.0;0.0;0.0;0.0;0.0;0.0;0.0;0.0;0.0;0.0;0.0;0.0;0.0;0.0;0.0;0.0;0.0,0.001716954,0.0,0.0,0.0,,,,,,,,,,,,,,,,,,,,,,,,,,,,,,,,,,
342,INFEASIBLE,certified_no_adversarial_example,feasibility,false,false,false,false,,,,0.60974048,0.01849651336669922,0.0,0.0,0.581095849,0.408986562,0.2951968940000001,0.28501057624816895,0.2858989549999999,0.172109287,0.027729965,9626,314,314,0,4023,0,1514,629,3146,10209,0,0,3,4804,4628,176,3146,1482,0,1925,180,1498,5168,,448,0,
343,INFEASIBLE,certified_no_adversarial_example,feasibility,false,false,false,false,,,,0.407097893,0.016841411590576172,0.0,0.0,0.376212439,0.22815623399999999,0.14282448000000003,0.13582730293273926,0.23338795899999998,0.14805620500000002,0.02989299,9626,159,159,0,3994,0,1595,649,3229,4289,0,0,3,4804,4718,86,3229,1489,0,1743,88,1134,4532,,550,0,
344,INFEASIBLE,certified_no_adversarial_example,feasibility,false,false,false,false,,,,0.547644162,0.02181696891784668,0.0,0.0,0.510140728,0.342061575,0.23733293000000005,0.22822070121765137,0.27280779799999993,0.16807915299999998,0.036506324,9626,234,234,0,4082,0,1556,686,3068,8234,0,0,3,4804,4647,157,3068,1579,0,1882,157,1413,5020,,609,0,
345,INFEASIBLE,certified_no_adversarial_example,feasibility,false,false,false,false,,,,0.623646429,0.1300797462463379,0.0,0.0,0.478054837,0.313563871,0.23072579800000004,0.21309328079223633,0.24732903899999997,0.16449096600000002,0.144614582,9626,255,255,0,4058,0,1547,660,3106,7773,0,0,3,4804,4652,152,3106,1546,0,1875,154,1398,4994,,907,0,
346,INFEASIBLE,certified_no_adversarial_example,feasibility,false,false,false,false,,,,0.275855396,0.006604194641113281,0.0,0.0,0.263226169,0.12816661799999998,0.05930183100000001,0.05395054817199707,0.20392433799999998,0.13505955100000003,0.011655632,9626,88,88,0,3987,0,1632,666,3253,1463,0,0,3,4804,4764,40,3253,1511,0,1648,40,945,4201,,389,0,
347,INFEASIBLE,certified_no_adversarial_example,feasibility,false,false,false,false,,,,0.632026291,0.02260422706604004,0.0,0.0,0.600827266,0.26526786199999997,0.18844570500000002,0.1802198886871338,0.412381561,0.33555940400000006,0.030200263,9626,219,219,0,4058,0,1565,664,3120,5916,0,0,3,4804,4675,129,3120,1555,0,1826,129,1301,4824,,707,0,
348,INFEASIBLE,certified_no_adversarial_example,feasibility,false,false,false,false,,,,0.502164623,0.020284175872802734,0.0,0.0,0.472375689,0.30245696299999997,0.20963079399999995,0.2009413242340088,0.26274489500000003,0.16991872600000002,0.028818974,9626,213,213,0,4094,0,1568,692,3059,5838,0,0,3,4804,4669,135,3059,1610,0,1842,138,1332,4878,,611,0,
349,INFEASIBLE,certified_no_adversarial_example,feasibility,false,false,false,false,,,,0.358607372,0.009553194046020508,0.0,0.0,0.341441547,0.19524095600000002,0.109767108,0.10315275192260742,0.231674439,0.146200591,0.016201805,9626,158,158,0,3992,0,1596,639,3241,3607,0,0,3,4804,4720,84,3241,1479,0,1736,84,1121,4509,,432,0,
350,INFEASIBLE,certified_no_adversarial_example,feasibility,false,false,false,false,,,,0.509884993,0.02637028694152832,0.0,0.0,0.474814791,0.2144965,0.139677714,0.13212299346923828,0.335137077,0.26031829100000003,0.034096647,9626,172,172,0,4034,0,1589,659,3172,4692,0,0,3,4804,4684,120,3172,1512,0,1811,122,1270,4770,,775,0,
351,INFEASIBLE,certified_no_adversarial_example,feasibility,false,false,false,false,,,,0.384282972,0.01373910903930664,0.0,0.0,0.363401944,0.178517883,0.07947726999999999,0.07307934761047363,0.283924674,0.184884061,0.019674972,9626,135,135,0,4000,0,1608,650,3233,2063,0,0,3,4804,4733,71,3233,1500,0,1715,75,1078,4433,,501,0,
352,INFEASIBLE,certified_no_adversarial_example,feasibility,false,false,false,false,,,,0.47679454,0.01573467254638672,0.0,0.0,0.452489209,0.273596638,0.189882499,0.18164420127868652,0.26260671,0.178892571,0.02334138,9626,189,189,0,4071,0,1580,705,3081,5717,0,0,3,4804,4683,121,3081,1602,0,1814,124,1276,4780,,485,0,
353,INFEASIBLE,certified_no_adversarial_example,feasibility,false,false,false,false,,,,0.607568211,0.030965805053710938,0.0,0.0,0.566790228,0.38467408500000005,0.27642508899999996,0.26670145988464355,0.29036513900000005,0.18211614299999995,0.039789284,9626,259,259,0,4106,0,1544,705,3012,8172,0,0,3,4804,4639,165,3012,1627,0,1901,167,1450,5085,,774,0,
354,INFEASIBLE,certified_no_adversarial_example,feasibility,false,false,false,false,,,,0.423125365,0.011612892150878906,0.0,0.0,0.403371345,0.233472507,0.146963283,0.139664888381958,0.256408062,0.169898838,0.01878969,9626,162,162,0,4123,0,1593,695,3053,5055,0,0,3,4804,4691,113,3053,1638,0,1797,115,1242,4721,,453,0,
355,INFEASIBLE,certified_no_adversarial_example,feasibility,false,false,false,false,,,,0.410068843,0.014682292938232422,0.0,0.0,0.387304813,0.235396244,0.149000492,0.14186644554138184,0.238304321,0.15190856900000002,0.021738958,9626,171,171,0,3996,0,1591,638,3230,4449,0,0,3,4804,4699,105,3230,1469,0,1781,107,1210,4665,,495,0,
356,INFEASIBLE,certified_no_adversarial_example,feasibility,false,false,false,false,,,,0.548110403,0.029346466064453125,0.0,0.0,0.508987351,0.32546398,0.22924181499999996,0.2190558910369873,0.2797455360000001,0.18352337100000005,0.038124259,9626,245,245,0,4064,0,1551,663,3103,6925,0,0,3,4804,4653,151,3103,1550,0,1877,157,1402,4999,,685,0,
357,INFEASIBLE,certified_no_adversarial_example,feasibility,false,false,false,false,,,,0.5333647,0.01797175407409668,0.0,0.0,0.50624263,0.306479296,0.21767750900000002,0.20875120162963867,0.288565121,0.19976333400000001,0.026011418,9626,207,207,0,4076,0,1571,685,3087,6061,0,0,3,4804,4671,133,3087,1584,0,1837,135,1322,4861,,569,0,
358,INFEASIBLE,certified_no_adversarial_example,feasibility,false,false,false,false,,,,0.499781816,0.016450881958007812,0.0,0.0,0.475627332,0.33154471199999996,0.11423955000000004,0.10682082176208496,0.361387782,0.14408262000000005,0.02317582,9626,178,178,0,3968,0,1587,621,3272,2997,0,0,3,4804,4711,93,3272,1439,0,1757,95,1162,4581,,543,0,
359,INFEASIBLE,certified_no_adversarial_example,feasibility,false,false,false,false,,,,1.165842019,0.7696609497070312,,0.0,0.386650257,0.23865705000000004,0.151016286,0.14315414428710938,0.235633971,0.14799320699999996,0.77820097,9626,199,199,0,4017,0,1572,653,3185,4804,0,0,3,4804,4701,103,3185,1516,0,1778,106,1204,4654,,1291,0,
360,OPTIMAL,adversarial_example_found_or_best_known,feasibility,true,true,true,true,-6.306066779870889e-14,-11.725311869044193;-10.857753059378995;-8.728269386556878;-5.933007558121199;2.7167931158590877;-6.790204190871105;-12.54325925994778;-7.775436397273481;-1.44753173767978;2.7167931158591507,0.0;0.0;0.0;0.0;0.0;0.0;0.0;0.0;0.0;0.0;0.0;0.0;0.0;0.0;0.0;0.0;0.0;0.0;0.0;0.0;0.0;0.0;0.0;0.0;0.0;0.0;0.0;0.0;0.1;0.0;0.0;0.1;0.0;0.0;0.0;0.0;0.0;0.1;0.0;0.0;0.0;0.0;0.0;0.0;0.1;0.0;0.0;0.0;0.0;0.0;0.0;0.0;0.1;0.1;0.1;0.0;0.0;0.0;0.0;0.0;0.0;0.0;0.0;0.0;0.0;0.1;0.0;0.0;0.0;0.1;0.0;0.0;0.1;0.1;0.0;0.1;0.1;0.0;0.0;0.1;0.1;0.1;0.1;0.0;0.1;0.0;0.0;0.0;0.1;0.0;0.0;0.0;0.0;0.1;0.0;0.0;0.0;0.0;0.0;0.1;0.1;0.1;0.1;0.1;0.0;0.0;0.0;0.0;0.0;0.1;0.0;0.1;0.0;0.0;0.0;0.0;0.0;0.0;0.0;0.0;0.0;0.1;0.0;0.0;0.0;0.1;0.0;0.0;0.0;0.1;0.1;0.1;0.1;0.0;0.0;0.0;0.0;0.1;0.1;0.0;0.0;0.1;0.0;0.0;0.0;0.0;0.0;0.0;0.0;0.0;0.0;0.1;0.0;0.1;0.0;0.1;0.0;0.1;0.1;0.1;0.1;0.1;0.0;0.1;0.1;0.0;0.059317680186370396;0.0;0.1;0.0;0.1;0.0;0.0;0.0;0.0;0.0;0.0;0.0;0.0;0.1;0.0;0.12352941176470589;0.1;0.1;0.1;0.1;0.1;0.1;0.1;0.0;0.0;0.1;0.1;0.1;0.0;0.0;0.1;0.1;0.0;0.0;0.019719696213846314;0.0;0.1;0.0;0.0;0.1;0.2019607843137255;0.49215686274509807;0.8753939773407587;0.8686274509803922;0.6277778469290057;0.1024503196087012;0.0;0.0;0.1;0.1;0.1;0.1;0.0;0.1;0.1;0.1;0.1;0.0;0.1;0.1;0.1;0.0;0.0;0.1;0.0;0.0;0.0;0.1392156862745098;0.7156862745098039;0.8921568627450981;1.0;0.8921568627450981;0.952618900718312;0.8490196078431372;0.11960784313725491;0.1;0.1;0.0;0.0;0.1;0.1;0.0;0.0;0.1;0.1;0.0;0.1;0.1;0.1;0.0;0.0;0.0;0.0;0.1;0.14678941120081276;0.9588235294117646;0.8921568627450981;0.884313725490196;0.8643105888924681;1.0;0.8921568627450981;0.8921568627450981;0.10100637222057635;0.0;0.1;0.0;0.1;0.1;0.0;0.0;0.1;0.1;0.1;0.0;0.1;0.1;0.1;0.0;0.0;0.0;0.0;0.0;0.7431372549019608;1.0;0.884313725490196;0.37058823529411766;0.09296160079235273;0.12745098039215685;0.8921568627450981;1.0;0.4729673462254327;0.0;0.0;0.1;0.1;0.0;0.0;0.0;0.0;0.1;0.1;0.0;0.0;0.0;0.1;0.07528965786972147;0.0;0.1;0.0;0.24901960784313723;0.8921568627450981;0.8921568627450981;0.31510764837593874;0.1;0.1;0.0;0.6176470588235294;1.0;0.711764705882353;0.0;0.1;0.0;0.0;0.0;0.0;0.0;0.0;0.0;0.1;0.0;0.1;0.1;0.1;0.0;0.1;0.0;0.0;0.7431372549019608;0.884313725490196;0.3784313725490196;0.0;0.0;0.0;0.0;0.7352941176470588;1.0;0.5980392156862745;0.0;0.0;0.1;0.0;0.1;0.1;0.0;0.1;0.1;0.1;0.0;0.1;0.0;0.0;0.0;0.0;0.0;0.7274509803921568;1.0;0.6333333333333333;0.0;0.0;0.0;0.1;0.0;0.7352941176470588;1.0;0.38627450980392153;0.0;0.1;0.307843137254902;0.3156862745098039;0.1866766293342378;0.30234058583143475;0.11568627450980393;0.10155816927674391;0.1;0.1;0.1;0.1;0.0;0.0;0.1;0.1;0.24901960784313726;0.8921568627450981;0.884313725490196;0.1549019607843137;0.0;0.0;0.1;0.0;0.0;0.6647058823529411;1.0;0.7920024974259177;0.884313725490196;0.884313725490196;1.0;1.0;1.0;0.8921568627450981;0.8921568627450981;0.5352941176470588;0.1;0.1;0.0;0.1;0.1;0.0;0.1;0.0;0.0;0.38786198945331574;0.20428677645326587;0.0;0.10192866960273671;0.18627450980392157;0.2726336008847988;0.6308681080036714;1.0;1.0;1.0;0.8921568627450981;0.8921568627450981;0.8921568627450981;0.8921568627450981;0.8921568627450981;0.8921568627450981;1.0;0.8921568627450981;0.8921568627450981;0.0;0.0;0.0;0.1;0.0;0.0;0.1;0.1;0.0;0.6411764705882352;0.5588235294117647;0.5588235294117647;0.8647058823529411;1.0;0.8921568627450981;1.0;0.8921568627450981;1.0;1.0;1.0;1.0;0.8921568627450981;0.8921568627450981;1.0;1.0;0.9826084479662396;1.0;0.9941176470588236;0.0;0.0;0.0;0.0;0.0;0.0;0.1;0.0;0.563285962083643;1.0;1.0;0.8921568627450981;1.0;0.8921568627450981;1.0;0.8921568627450981;1.0;0.8137254901960784;0.511764705882353;0.707843137254902;0.8921568627450981;0.44356878789392656;0.28823529411764703;0.28823529411764703;0.9588235294117646;1.0;0.7910115489878478;0.208665876340409;0.1;0.1;0.1;0.0;0.0;0.0;0.1;0.1;0.9;1.0;0.9862745098039215;0.9862745098039215;0.6686274509803921;0.4137254901960784;0.7313725490196079;0.8568627450980393;0.5784313725490197;0.28431372549019607;0.0;0.0;0.1392156862745098;0.0;0.11176470588235295;0.22549019607843138;1.0;0.696078431372549;0.11176470588235295;0.1;0.0;0.1;0.0;0.1;0.0;0.0;0.0;0.09849103697991377;0.8019503939183715;0.8725490196078431;0.12283877186913626;0.1;0.1823529411764706;0.6843137254901961;0.8450980392156863;0.3901960784313725;0.1;0.0;0.0;0.0;0.0;0.0;0.1823529411764706;0.6372549019607844;0.31929812568074284;0.1;0.1;0.1;0.0;0.0;0.0;0.1;0.0;0.0;0.0;0.0;0.0;0.09764965849897217;0.29607843137254897;0.3274509803921568;0.24509803921568626;0.4490196078431372;0.23725490196078433;0.0;0.0;0.0;0.1;0.0;0.0;0.1;0.0;0.0;0.1;0.1;0.1;0.08048925958617978;0.0;0.0;0.0;0.1;0.0;0.1;0.0;0.0;0.1;0.1;0.0;0.1;0.0;0.0;0.0;0.0;0.0;0.0;0.1;0.0;0.1;0.0;0.0;0.1;0.0;0.0;0.0;0.0;0.0;0.0;0.016273434860148213;0.0;0.0;0.0;0.0;0.0;0.0;0.1;0.1;0.0;0.1;0.0;0.0;0.1;0.0;0.0;0.0;0.1;0.0;0.0;0.0;0.0;0.0;0.0;0.0;0.0;0.0;0.0;0.1;0.0;0.1;0.0;0.0;0.0;0.0;0.0;0.1;0.0;0.0;0.0;0.1;0.0;0.0;0.0;0.1;0.0;0.0;0.0;0.1;0.0;0.0;0.1;0.0;0.1;0.1;0.0;0.0;0.0;0.1;0.0;0.0;0.0;0.0;0.0;0.0;0.0;0.0;0.0;0.0;0.0;0.1;0.0;0.0;0.0;0.0;0.0;0.1;0.1;0.0;0.0;0.0;0.0;0.0;0.0;0.0;0.1;0.1;0.0;0.0;0.0;0.0;0.0;0.0;0.0;0.0;0.0;0.0;0.0;0.0;0.0;0.0;0.0;0.0;0.0;0.1;0.0;0.0;0.0;0.0;0.0;0.0;0.0;0.0;0.0;0.1;0.0;0.0;0.0;0.0;0.0;0.1;0.0;0.0;0.0;0.1;0.1;0.0;0.0;0.0;0.1;0.0;0.0;0.1;0.1;0.0;0.0;0.0;0.0;0.0;0.0;0.1;0.1;0.0;0.0;0.0;0.0;0.0;0.0;0.0;0.1;0.0;0.0;0.0;0.0;0.0;0.0;0.0;0.0;0.0;0.0;0.1;0.0;0.0;0.0;0.1;0.0;0.0;0.0;0.0,1.545435386,1.0767834186553955,0.0,0.0,0.459253048,0.298917054,0.170301722,0.16205811500549316,0.288951326,0.16033599399999998,1.084115267,9626,198,198,0,4068,0,1575,673,3112,5396,0,0,3,4804,4679,125,3112,1567,0,1818,125,1285,4796,1,12294,,0.0
361,INFEASIBLE,certified_no_adversarial_example,feasibility,false,false,false,false,,,,0.429960661,0.018375873565673828,0.0,0.0,0.403606046,0.23278679500000002,0.14762700499999998,0.14014649391174316,0.255979041,0.17081925099999998,0.025387279,9626,174,174,0,4055,0,1587,683,3127,4773,0,0,3,4804,4693,111,3127,1566,0,1794,114,1236,4710,,603,0,
362,INFEASIBLE,certified_no_adversarial_example,feasibility,false,false,false,false,,,,0.465049352,0.02003169059753418,0.0,0.0,0.436393503,0.262166916,0.175553717,0.16729259490966797,0.260839786,0.174226587,0.027685117,9626,220,220,0,4062,0,1563,657,3124,5586,0,0,3,4804,4671,133,3124,1547,0,1837,135,1322,4861,,615,0,
363,INFEASIBLE,certified_no_adversarial_example,feasibility,false,false,false,false,,,,0.431716294,0.015522480010986328,0.0,0.0,0.40712948,0.238950676,0.15806419200000005,0.14996719360351562,0.24906528799999994,0.168178804,0.023617576,9626,194,194,0,4054,0,1578,691,3109,5545,0,0,3,4804,4676,128,3109,1567,0,1828,131,1304,4829,,506,0,
364,INFEASIBLE,certified_no_adversarial_example,feasibility,false,false,false,false,,,,0.429030201,0.017970561981201172,0.0,0.0,0.402760765,0.240831252,0.154684697,0.14670395851135254,0.248076068,0.16192951300000002,0.025225876,9626,201,201,0,4025,0,1574,667,3159,4721,0,0,3,4804,4685,119,3159,1526,0,1809,121,1266,4763,,575,0,
365,INFEASIBLE,certified_no_adversarial_example,feasibility,false,false,false,false,,,,0.531562908,0.026078224182128906,0.0,0.0,0.496227176,0.332025675,0.235313153,0.2264242172241211,0.260914023,0.16420150099999997,0.034344571,9626,233,233,0,4067,0,1556,684,3086,6870,0,0,3,4804,4666,138,3086,1580,0,1849,142,1346,4902,,643,0,
366,INFEASIBLE,certified_no_adversarial_example,feasibility,false,false,false,false,,,,0.533773275,0.028342247009277344,0.0,0.0,0.495982808,0.32467741,0.22129109299999997,0.2119441032409668,0.274691715,0.171305398,0.036801538,9626,242,242,0,4046,0,1553,666,3119,7104,0,0,3,4804,4657,147,3119,1538,0,1866,150,1380,4962,,748,0,
367,INFEASIBLE,certified_no_adversarial_example,feasibility,false,false,false,false,,,,0.63057384,0.12047791481018066,0.0,0.0,0.500721673,0.33217718500000004,0.231683507,0.22200536727905273,0.269038166,0.168544488,0.128869427,9626,267,267,0,4063,0,1540,655,3101,7671,0,0,3,4804,4653,151,3101,1552,0,1873,153,1394,4987,,962,0,
368,INFEASIBLE,certified_no_adversarial_example,feasibility,false,false,false,false,,,,0.665564091,0.02463078498840332,0.0,0.0,0.631158107,0.423672266,0.195502515,0.18609213829040527,0.435655592,0.20748584099999995,0.033414061,9626,247,247,0,4055,0,1550,695,3079,5126,0,0,3,4804,4658,146,3079,1579,0,1865,150,1378,4958,,590,0,
369,INFEASIBLE,certified_no_adversarial_example,feasibility,false,false,false,false,,,,0.45406465,0.016031980514526367,0.0,0.0,0.428811111,0.25804848,0.15111843400000002,0.14313435554504395,0.277692677,0.170762631,0.024230398,9626,196,196,0,4030,0,1577,660,3163,4795,0,0,3,4804,4688,116,3163,1525,0,1803,118,1254,4742,,469,0,
370,INFEASIBLE,certified_no_adversarial_example,feasibility,false,false,false,false,,,,0.511765844,0.020323753356933594,0.0,0.0,0.480776763,0.301959299,0.20077068900000003,0.19113612174987793,0.280006074,0.17881746399999998,0.029954143,9626,246,246,0,4040,0,1550,670,3120,6839,0,0,3,4804,4654,150,3120,1534,0,1873,154,1394,4986,,526,0,
371,INFEASIBLE,certified_no_adversarial_example,feasibility,false,false,false,false,,,,0.415415259,0.019128799438476562,0.0,0.0,0.388685058,0.197738189,0.122455228,0.11582493782043457,0.26622983,0.19094686900000002,0.025742053,9626,138,138,0,4003,0,1607,657,3221,3140,0,0,3,4804,4732,72,3221,1511,0,1716,75,1080,4437,,596,0,
372,INFEASIBLE,certified_no_adversarial_example,feasibility,false,false,false,false,,,,0.425382711,0.018705368041992188,0.0,0.0,0.398256394,0.24124631600000002,0.153162531,0.1255502700805664,0.24509386300000002,0.157010078,0.026100824,9626,171,171,0,4052,0,1584,681,3138,4263,0,0,3,4804,4701,103,3138,1563,0,1777,105,1202,4651,,740,0,
373,INFEASIBLE,certified_no_adversarial_example,feasibility,false,false,false,false,,,,0.63754437,0.024681806564331055,0.0,0.0,0.60295499,0.42453572799999995,0.306864536,0.29529285430908203,0.29609045399999995,0.17841926200000002,0.033556735,9626,282,282,0,4063,0,1530,681,3070,9120,0,0,3,4804,4638,166,3070,1568,0,1903,168,1454,5092,,645,0,
374,INFEASIBLE,certified_no_adversarial_example,feasibility,false,false,false,false,,,,0.55477762,0.022225379943847656,0.0,0.0,0.522647161,0.33350876799999996,0.23086518199999997,0.22116303443908691,0.291781979,0.18913839300000002,0.031145326,9626,240,240,0,4090,0,1555,672,3069,7490,0,0,3,4804,4655,149,3069,1586,0,1873,155,1394,4985,,560,0,
375,INFEASIBLE,certified_no_adversarial_example,feasibility,false,false,false,false,,,,0.57399272,0.022681474685668945,0.0,0.0,0.533339254,0.353169643,0.254185909,0.24399399757385254,0.27915334500000005,0.18016961100000006,0.039604147,9626,259,259,0,4058,0,1547,663,3099,7856,0,0,3,4804,4640,164,3099,1541,0,1901,168,1450,5084,,547,0,
376,INFEASIBLE,certified_no_adversarial_example,feasibility,false,false,false,false,,,,0.533060604,0.02006816864013672,0.0,0.0,0.503204969,0.330483761,0.22601858,0.21651625633239746,0.27718638900000003,0.17272120800000001,0.028808439,9626,246,246,0,4059,0,1548,675,3098,6535,0,0,3,4804,4660,144,3098,1562,0,1861,148,1370,4944,,527,0,
377,SKIPPED_PREDICTED_IN_TARGETED,adversarial_example_found_or_best_known,feasibility,true,true,true,true,0.7384724000999636,-11.31621937437328;-9.62066281841146;-9.93916838203988;-4.053343232921428;5.287578958346149;-6.463668344440133;-15.955117081606602;-3.185804291541266;-5.4249607126192725;6.026051358446113,0.0;0.0;0.0;0.0;0.0;0.0;0.0;0.0;0.0;0.0;0.0;0.0;0.0;0.0;0.0;0.0;0.0;0.0;0.0;0.0;0.0;0.0;0.0;0.0;0.0;0.0;0.0;0.0;0.0;0.0;0.0;0.0;0.0;0.0;0.0;0.0;0.0;0.0;0.0;0.0;0.0;0.0;0.0;0.0;0.0;0.0;0.0;0.0;0.0;0.0;0.0;0.0;0.0;0.0;0.0;0.0;0.0;0.0;0.0;0.0;0.0;0.0;0.0;0.0;0.0;0.0;0.0;0.0;0.0;0.0;0.0;0.0;0.0;0.0;0.0;0.0;0.0;0.0;0.0;0.0;0.0;0.0;0.0;0.0;0.0;0.0;0.0;0.0;0.0;0.0;0.0;0.0;0.0;0.0;0.0;0.0;0.0;0.0;0.0;0.0;0.0;0.0;0.0;0.0;0.0;0.0;0.0;0.0;0.0;0.0;0.0;0.0;0.0;0.0;0.0;0.0;0.0;0.0;0.0;0.0;0.0;0.0;0.0;0.0;0.0;0.0;0.0;0.0;0.0;0.0;0.0;0.0;0.0;0.0;0.0;0.0;0.0;0.0;0.0;0.0;0.0;0.0;0.0;0.0;0.0;0.0;0.0;0.0;0.0;0.0;0.0;0.0;0.0;0.0;0.0;0.0;0.0;0.0;0.0;0.0;0.0;0.0;0.0;0.0;0.0;0.0;0.0;0.0;0.0;0.0;0.0;0.0;0.0;0.0;0.0;0.0;0.0;0.0;0.0;0.0;0.0;0.0;0.0;0.0;0.0;0.0;0.0;0.0;0.0;0.0;0.0;0.0;0.0;0.0;0.0;0.0;0.0;0.0;0.0;0.0;0.0;0.0;0.0;0.0;0.0;0.0;0.0;0.0;0.0;0.0;0.0;0.0;0.0;0.0;0.0;0.0;0.0;0.0;0.0;0.0;0.0;0.0;0.0;0.0;0.0;0.0;0.0;0.0;0.0;0.0;0.0;0.0;0.0;0.0;0.0;0.0;0.0;0.0;0.08627450980392157;0.08235294117647059;0.0;0.0;0.0;0.0;0.0;0.0;0.0;0.0;0.0;0.0;0.0;0.0;0.0;0.0;0.0;0.0;0.0;0.0;0.0;0.0;0.0;0.0;0.0;0.0;0.4470588235294118;0.6941176470588235;0.9490196078431372;0.9372549019607843;0.1411764705882353;0.0;0.0;0.0;0.0;0.0;0.0;0.0;0.0;0.0;0.0;0.0;0.0;0.0;0.0;0.0;0.0;0.0;0.0;0.0;0.0;0.023529411764705882;0.44313725490196076;0.5882352941176471;0.984313725490196;0.996078431372549;0.996078431372549;0.9137254901960784;0.12156862745098039;0.0;0.0;0.0;0.0;0.0;0.0;0.0;0.0;0.0;0.0;0.0;0.0;0.0;0.0;0.0;0.0;0.0;0.0;0.09411764705882353;0.3058823529411765;0.7647058823529411;0.996078431372549;0.996078431372549;0.984313725490196;0.8117647058823529;0.996078431372549;0.996078431372549;0.20392156862745098;0.0;0.0;0.0;0.0;0.0;0.0;0.0;0.0;0.0;0.0;0.0;0.0;0.0;0.0;0.0;0.0;0.0;0.25098039215686274;0.807843137254902;1.0;0.996078431372549;0.9803921568627451;0.8588235294117647;0.3686274509803922;0.1411764705882353;0.9294117647058824;0.996078431372549;0.20392156862745098;0.0;0.0;0.0;0.0;0.0;0.0;0.0;0.0;0.0;0.0;0.0;0.0;0.0;0.0;0.0;0.0;0.0;0.07450980392156863;0.5333333333333333;0.403921568627451;0.38823529411764707;0.03137254901960784;0.0;0.0;0.0;0.8392156862745098;0.996078431372549;0.28627450980392155;0.0;0.0;0.0;0.0;0.0;0.0;0.0;0.0;0.0;0.0;0.0;0.0;0.0;0.0;0.0;0.0;0.0;0.0;0.0;0.0;0.0;0.0;0.0;0.0;0.0;0.8392156862745098;0.996078431372549;0.28627450980392155;0.0;0.0;0.0;0.0;0.0;0.0;0.0;0.0;0.0;0.0;0.0;0.0;0.0;0.0;0.0;0.0;0.0;0.17647058823529413;0.5725490196078431;0.5725490196078431;0.5725490196078431;0.5725490196078431;0.5725490196078431;0.5725490196078431;0.5725490196078431;0.9294117647058824;0.996078431372549;0.6588235294117647;0.5725490196078431;0.5725490196078431;0.5725490196078431;0.5725490196078431;0.7725490196078432;0.9803921568627451;0.9803921568627451;0.9803921568627451;0.7450980392156863;0.0;0.0;0.0;0.0;0.0;0.0;0.0;0.0;0.9019607843137255;0.996078431372549;0.996078431372549;0.996078431372549;0.996078431372549;0.996078431372549;0.996078431372549;0.996078431372549;0.996078431372549;0.996078431372549;0.996078431372549;0.996078431372549;0.996078431372549;0.996078431372549;0.996078431372549;0.996078431372549;0.996078431372549;0.984313725490196;0.6509803921568628;0.2196078431372549;0.0;0.0;0.0;0.0;0.0;0.0;0.0;0.0;0.5411764705882353;0.8745098039215686;0.8745098039215686;0.8745098039215686;0.8745098039215686;0.8745098039215686;0.8745098039215686;0.8745098039215686;0.9294117647058824;0.996078431372549;0.8980392156862745;0.8745098039215686;0.7333333333333333;0.4196078431372549;0.1843137254901961;0.09803921568627451;0.058823529411764705;0.058823529411764705;0.0;0.0;0.0;0.0;0.0;0.0;0.0;0.0;0.0;0.0;0.0;0.0;0.0;0.0;0.0;0.0;0.0;0.0;0.30196078431372547;0.6901960784313725;0.1411764705882353;0.0;0.0;0.0;0.0;0.0;0.0;0.0;0.0;0.0;0.0;0.0;0.0;0.0;0.0;0.0;0.0;0.0;0.0;0.0;0.0;0.0;0.0;0.0;0.0;0.0;0.0;0.0;0.0;0.0;0.0;0.0;0.0;0.0;0.0;0.0;0.0;0.0;0.0;0.0;0.0;0.0;0.0;0.0;0.0;0.0;0.0;0.0;0.0;0.0;0.0;0.0;0.0;0.0;0.0;0.0;0.0;0.0;0.0;0.0;0.0;0.0;0.0;0.0;0.0;0.0;0.0;0.0;0.0;0.0;0.0;0.0;0.0;0.0;0.0;0.0;0.0;0.0;0.0;0.0;0.0;0.0;0.0;0.0;0.0;0.0;0.0;0.0;0.0;0.0;0.0;0.0;0.0;0.0;0.0;0.0;0.0;0.0;0.0;0.0;0.0;0.0;0.0;0.0;0.0;0.0;0.0;0.0;0.0;0.0;0.0;0.0;0.0;0.0;0.0;0.0;0.0;0.0;0.0;0.0;0.0;0.0;0.0;0.0;0.0;0.0;0.0;0.0;0.0;0.0;0.0;0.0;0.0;0.0;0.0;0.0;0.0;0.0;0.0;0.0;0.0;0.0;0.0;0.0;0.0;0.0;0.0;0.0;0.0;0.0;0.0;0.0;0.0;0.0;0.0;0.0;0.0;0.0;0.0;0.0;0.0;0.0;0.0;0.0;0.0;0.0;0.0;0.0;0.0;0.0;0.0;0.0;0.0;0.0;0.0;0.0;0.0;0.0;0.0;0.0;0.0;0.0;0.0;0.0;0.0;0.0;0.0;0.0;0.0;0.0;0.0;0.0;0.0;0.0;0.0;0.0;0.0;0.0;0.0;0.0;0.0;0.0;0.0;0.0;0.0;0.0;0.0;0.0;0.0;0.0;0.0;0.0;0.0;0.0;0.0;0.0;0.0;0.0;0.0;0.0;0.0;0.0;0.0;0.0;0.0;0.0;0.0;0.0;0.0;0.0;0.0;0.0;0.0;0.0;0.0;0.0;0.0;0.0;0.0;0.0;0.0;0.0;0.0;0.0;0.0;0.0;0.0;0.0;0.0;0.0;0.0;0.0;0.0;0.0;0.0;0.0;0.0;0.0;0.0;0.0;0.0;0.0;0.0;0.0,0.001832618,0.0,0.0,0.0,,,,,,,,,,,,,,,,,,,,,,,,,,,,,,,,,,
378,INFEASIBLE,certified_no_adversarial_example,feasibility,false,false,false,false,,,,0.425036891,0.016558170318603516,0.0,0.0,0.400415694,0.202721962,0.12357200900000001,0.1162712574005127,0.276843685,0.19769373199999998,0.023650065,9626,164,164,0,3978,0,1595,640,3249,3549,0,0,3,4804,4711,93,3249,1462,0,1757,95,1162,4581,,511,0,
379,INFEASIBLE,certified_no_adversarial_example,feasibility,false,false,false,false,,,,0.376363283,0.014004230499267578,0.0,0.0,0.354357333,0.19642416,0.112182061,0.1051781177520752,0.242175272,0.157933173,0.020967107,9626,145,145,0,3985,0,1604,641,3251,3509,0,0,3,4804,4717,87,3251,1466,0,1747,91,1142,4545,,449,0,
380,INFEASIBLE,certified_no_adversarial_example,feasibility,false,false,false,false,,,,0.432141674,0.01437687873840332,0.0,0.0,0.409423091,0.244767633,0.15995734500000003,0.14248013496398926,0.249465746,0.164655458,0.021695053,9626,185,185,0,4034,0,1580,663,3164,4922,0,0,3,4804,4696,108,3164,1532,0,1784,108,1217,4677,,539,0,
381,INFEASIBLE,certified_no_adversarial_example,feasibility,false,false,false,false,,,,0.649709048,0.013511419296264648,0.0,0.0,0.627163786,0.308172761,0.18745610499999998,0.17839741706848145,0.439707681,0.318991025,0.021523765,9626,209,209,0,4076,0,1569,703,3069,6361,0,0,3,4804,4669,135,3069,1600,0,1838,135,1325,4866,,511,0,
382,SKIPPED_PREDICTED_IN_TARGETED,adversarial_example_found_or_best_known,feasibility,true,true,true,true,0.8035999846533031,-6.5366797110128925;-7.846000956749322;0.9836872109167376;3.146723197789054;-8.79486037981519;-6.480337466701446;-13.181225210672011;3.9503231824423573;-5.19205743912975;-3.8832690527601956,0.0;0.0;0.0;0.0;0.0;0.0;0.0;0.0;0.0;0.0;0.0;0.0;0.0;0.0;0.0;0.0;0.0;0.0;0.0;0.0;0.0;0.0;0.0;0.0;0.0;0.0;0.0;0.0;0.0;0.0;0.0;0.0;0.0;0.0;0.0;0.0;0.0;0.0;0.0;0.0;0.0;0.0;0.0;0.0;0.0;0.0;0.0;0.0;0.0;0.0;0.0;0.0;0.0;0.0;0.0;0.0;0.0;0.0;0.0;0.0;0.0;0.0;0.0;0.0;0.29411764705882354;0.7764705882352941;0.16470588235294117;0.0;0.0;0.0;0.0;0.0;0.0;0.0;0.0;0.0;0.0;0.0;0.0;0.0;0.0;0.0;0.0;0.0;0.0;0.0;0.0;0.0;0.0;0.0;0.0;0.0;0.8313725490196079;0.996078431372549;0.792156862745098;0.06666666666666667;0.0;0.0;0.0;0.0;0.0;0.0;0.0;0.0;0.0;0.0;0.0;0.0;0.0;0.0;0.0;0.0;0.0;0.0;0.0;0.0;0.0;0.0;0.0;0.0;0.9490196078431372;0.8274509803921568;0.6274509803921569;0.0392156862745098;0.0;0.0;0.0;0.0;0.0;0.0;0.0;0.0;0.0;0.0;0.0;0.0;0.0;0.0;0.0;0.0;0.0;0.0;0.0;0.0;0.0;0.0;0.0;0.08235294117647059;0.9647058823529412;0.7254901960784313;0.0;0.0;0.0;0.0;0.0;0.0;0.0;0.0;0.0;0.0;0.0;0.0;0.0;0.0;0.0;0.0;0.0;0.0;0.0;0.0;0.0;0.0;0.0;0.0;0.0;0.6039215686274509;0.996078431372549;0.5411764705882353;0.0;0.0;0.0;0.0;0.0;0.0;0.0;0.0;0.0;0.0;0.0;0.0;0.0;0.0;0.0;0.0;0.0;0.0;0.0;0.0;0.0;0.0;0.0;0.0;0.0;0.8235294117647058;0.9058823529411765;0.27058823529411763;0.0;0.0;0.0;0.0;0.0;0.0;0.0;0.0;0.0;0.0;0.0;0.0;0.0;0.0;0.0;0.0;0.0;0.0;0.0;0.0;0.0;0.0;0.0;0.0;0.0;0.6627450980392157;0.996078431372549;0.2901960784313726;0.0;0.0;0.0;0.0;0.0;0.0;0.0;0.0;0.0;0.0;0.0;0.0;0.0;0.0;0.0;0.0;0.0;0.0;0.0;0.0;0.0;0.0;0.0;0.0;0.0;0.23137254901960785;0.9803921568627451;0.2235294117647059;0.0;0.0;0.0;0.0;0.0;0.0;0.0;0.0;0.0;0.0;0.0;0.0;0.0;0.0;0.0;0.0;0.0;0.0;0.0;0.0;0.0;0.0;0.0;0.0;0.0;0.23529411764705882;0.9882352941176471;0.24705882352941178;0.0;0.0;0.0;0.0;0.0;0.0;0.0;0.0;0.0;0.0;0.0;0.0;0.0;0.0;0.0;0.0;0.0;0.0;0.0;0.0;0.0;0.0;0.0;0.0;0.0;0.10196078431372549;0.9647058823529412;0.4627450980392157;0.0;0.0;0.0;0.0;0.0;0.0;0.0;0.0;0.0;0.0;0.0;0.3568627450980392;0.050980392156862744;0.0;0.0;0.0;0.0;0.0;0.0;0.0;0.0;0.0;0.0;0.0;0.0;0.0;0.9490196078431372;0.7411764705882353;0.0;0.0;0.0;0.0;0.0;0.0;0.0;0.0;0.0;0.0;0.0;0.611764705882353;0.5686274509803921;0.0;0.0;0.0;0.0;0.0;0.0;0.0;0.0;0.0;0.0;0.0;0.0;0.0;0.6274509803921569;0.7411764705882353;0.0;0.0;0.0;0.0;0.0;0.0;0.0;0.0;0.0;0.0;0.2196078431372549;0.9490196078431372;0.7411764705882353;0.0;0.0;0.0;0.0;0.0;0.0;0.0;0.0;0.0;0.0;0.0;0.0;0.0;0.27450980392156865;0.9450980392156862;0.06666666666666667;0.0;0.29411764705882354;0.396078431372549;0.0196078431372549;0.0;0.0;0.0;0.0;0.0;0.5607843137254902;0.996078431372549;0.5843137254901961;0.0;0.0;0.0;0.0;0.0;0.0;0.0;0.0;0.0;0.0;0.0;0.0;0.0;0.27450980392156865;0.996078431372549;0.23529411764705882;0.023529411764705882;0.8941176470588236;0.996078431372549;0.6392156862745098;0.07450980392156863;0.0;0.0;0.0;0.10196078431372549;0.9450980392156862;0.996078431372549;0.28627450980392155;0.0;0.0;0.0;0.0;0.0;0.0;0.0;0.0;0.0;0.0;0.0;0.0;0.0;0.06666666666666667;0.9215686274509803;0.5647058823529412;0.14901960784313725;0.9568627450980393;0.996078431372549;0.9686274509803922;0.5843137254901961;0.01568627450980392;0.0;0.0;0.4549019607843137;0.996078431372549;0.8313725490196079;0.16470588235294117;0.0;0.0;0.0;0.0;0.0;0.0;0.0;0.0;0.0;0.0;0.0;0.0;0.0;0.0;0.4588235294117647;0.9372549019607843;0.6862745098039216;0.996078431372549;0.8196078431372549;0.28627450980392155;0.8784313725490196;0.28627450980392155;0.0;0.043137254901960784;0.8588235294117647;0.996078431372549;0.6078431372549019;0.0;0.0;0.0;0.0;0.0;0.0;0.0;0.0;0.0;0.0;0.0;0.0;0.0;0.0;0.0;0.1568627450980392;0.8313725490196079;0.996078431372549;0.996078431372549;0.9254901960784314;0.09411764705882353;0.6823529411764706;0.9607843137254902;0.16470588235294117;0.3686274509803922;0.996078431372549;0.996078431372549;0.47843137254901963;0.0;0.0;0.0;0.0;0.0;0.0;0.0;0.0;0.0;0.0;0.0;0.0;0.0;0.0;0.0;0.0;0.24705882352941178;0.7176470588235294;0.9294117647058824;0.4117647058823529;0.0;0.047058823529411764;0.7411764705882353;0.8666666666666667;0.9372549019607843;0.996078431372549;0.9372549019607843;0.0784313725490196;0.0;0.0;0.0;0.0;0.0;0.0;0.0;0.0;0.0;0.0;0.0;0.0;0.0;0.0;0.0;0.0;0.0;0.44313725490196076;0.9882352941176471;0.35294117647058826;0.0;0.0;0.19215686274509805;0.6823529411764706;1.0;0.9686274509803922;0.3843137254901961;0.0;0.0;0.0;0.0;0.0;0.0;0.0;0.0;0.0;0.0;0.0;0.0;0.0;0.0;0.0;0.0;0.0;0.0;0.07450980392156863;0.2627450980392157;0.0;0.0;0.0;0.0;0.08235294117647059;0.8901960784313725;0.6;0.0;0.0;0.0;0.0;0.0;0.0;0.0;0.0;0.0;0.0;0.0;0.0;0.0;0.0;0.0;0.0;0.0;0.0;0.0;0.0;0.0;0.0;0.0;0.0;0.0;0.0;0.0;0.0;0.0;0.0;0.0;0.0;0.0;0.0;0.0;0.0;0.0;0.0;0.0;0.0;0.0;0.0;0.0;0.0;0.0;0.0;0.0;0.0;0.0;0.0;0.0;0.0;0.0;0.0;0.0;0.0;0.0;0.0;0.0;0.0;0.0;0.0;0.0;0.0;0.0;0.0;0.0;0.0;0.0;0.0;0.0;0.0;0.0;0.0;0.0;0.0;0.0;0.0;0.0;0.0;0.0;0.0;0.0;0.0;0.0;0.0;0.0;0.0;0.0;0.0;0.0;0.0;0.0;0.0;0.0;0.0;0.0;0.0;0.0;0.0;0.0;0.0;0.0;0.0;0.0;0.0;0.0;0.0;0.0;0.0;0.0;0.0;0.0;0.0;0.0;0.0;0.0;0.0;0.0;0.0;0.0;0.0;0.0;0.0;0.0;0.0;0.0;0.0;0.0;0.0;0.0;0.0;0.0;0.0;0.0;0.0;0.0;0.0;0.0;0.0;0.0;0.0;0.0;0.0;0.0;0.0;0.0;0.0;0.0;0.0;0.0;0.0;0.0;0.0;0.0;0.0;0.0;0.0;0.0;0.0;0.0;0.0;0.0;0.0;0.0;0.0;0.0;0.0;0.0;0.0;0.0;0.0;0.0;0.0;0.0;0.0,0.001827661,0.0,0.0,0.0,,,,,,,,,,,,,,,,,,,,,,,,,,,,,,,,,,
383,INFEASIBLE,certified_no_adversarial_example,feasibility,false,false,false,false,,,,0.390296674,0.020813703536987305,0.0,0.0,0.361323728,0.19814346,0.11803263300000003,0.11092257499694824,0.24329109499999999,0.16318026800000002,0.028003617,9626,143,143,0,4057,0,1604,683,3139,3073,0,0,3,4804,4725,79,3139,1586,0,1730,82,1108,4486,,627,0,
384,INFEASIBLE,certified_no_adversarial_example,feasibility,false,false,false,false,,,,0.416486031,0.0189361572265625,0.0,0.0,0.389021034,0.227094054,0.130634197,0.12296938896179199,0.258386837,0.16192698,0.026432763,9626,184,184,0,3992,0,1583,648,3219,3674,0,0,3,4804,4712,92,3219,1493,0,1755,94,1158,4574,,616,0,
385,INFEASIBLE,certified_no_adversarial_example,feasibility,false,false,false,false,,,,0.595995378,0.019257307052612305,0.0,0.0,0.56643521,0.34132415,0.242417214,0.2326204776763916,0.324017996,0.22511105999999997,0.028528294,9626,239,239,0,4085,0,1554,677,3071,7866,0,0,3,4804,4642,162,3071,1571,0,1892,162,1433,5055,,577,0,
386,INFEASIBLE,certified_no_adversarial_example,feasibility,false,false,false,false,,,,0.401468694,0.016586780548095703,0.0,0.0,0.377163405,0.21662564899999998,0.114495547,0.10777139663696289,0.26266785800000003,0.16053775600000003,0.023271333,9626,149,149,0,3969,0,1601,642,3265,2885,0,0,3,4804,4726,78,3265,1461,0,1728,81,1104,4479,,561,0,
387,INFEASIBLE,certified_no_adversarial_example,feasibility,false,false,false,false,,,,0.456107785,0.02069854736328125,0.0,0.0,0.42672844,0.265166421,0.16979664400000002,0.1612682342529297,0.25693179599999993,0.161562019,0.028355204,9626,200,200,0,4038,0,1574,665,3149,5296,0,0,3,4804,4686,118,3149,1537,0,1807,120,1262,4756,,563,0,
388,INFEASIBLE,certified_no_adversarial_example,feasibility,false,false,false,false,,,,0.590003786,0.03176522254943848,0.0,0.0,0.548614335,0.374144763,0.266900668,0.2573070526123047,0.281713667,0.17446957200000002,0.040343806,9626,257,257,0,4026,0,1544,648,3151,7766,0,0,3,4804,4658,146,3151,1507,0,1865,150,1378,4958,,742,0,
389,INFEASIBLE,certified_no_adversarial_example,feasibility,false,false,false,false,,,,0.380333606,0.02165818214416504,0.0,0.0,0.350622892,0.19186656500000002,0.12094744200000002,0.11354923248291016,0.22967545,0.158756327,0.028681124,9626,169,169,0,3988,0,1591,633,3245,3593,0,0,3,4804,4710,94,3245,1465,0,1759,96,1166,4588,,665,0,
390,INFEASIBLE,certified_no_adversarial_example,feasibility,false,false,false,false,,,,0.36407686,0.010625362396240234,0.0,0.0,0.345885422,0.17554266699999999,0.10559659899999999,0.09852266311645508,0.240288823,0.170342755,0.017170551,9626,147,147,0,4031,0,1601,673,3174,2930,0,0,3,4804,4722,82,3174,1548,0,1735,84,1118,4504,,421,0,
391,INFEASIBLE,certified_no_adversarial_example,feasibility,false,false,false,false,,,,0.613430412,0.01950216293334961,0.0,0.0,0.571783916,0.398826527,0.18286404800000003,0.16530537605285645,0.388919868,0.17295738900000002,0.040610027,9626,211,210,0,4100,0,1571,677,3067,4713,0,0,3,4804,4669,135,3067,1602,0,1843,139,1334,4881,,533,0,
392,INFEASIBLE,certified_no_adversarial_example,feasibility,false,false,false,false,,,,0.543992119,0.10991978645324707,0.0,0.0,0.425031185,0.244517043,0.164682395,0.15630459785461426,0.26034879,0.180514142,0.117929041,9626,193,193,0,4091,0,1579,681,3082,5130,0,0,3,4804,4674,130,3082,1592,0,1831,132,1310,4840,,744,0,
393,INFEASIBLE,certified_no_adversarial_example,feasibility,false,false,false,false,,,,0.572714846,0.0224001407623291,0.0,0.0,0.540797892,0.37084691599999997,0.23384542199999997,0.2241060733795166,0.30695247,0.16995097599999998,0.030882829,9626,240,240,0,4034,0,1553,656,3143,7549,0,0,3,4804,4665,139,3143,1522,0,1849,141,1346,4903,,636,0,
394,INFEASIBLE,certified_no_adversarial_example,feasibility,false,false,false,false,,,,0.510658092,0.012738943099975586,0.0,0.0,0.489916927,0.33760309699999996,0.115827616,0.10892415046691895,0.374089311,0.15231383000000004,0.019712417,9626,154,154,0,3985,0,1600,645,3242,2957,0,0,3,4804,4718,86,3242,1476,0,1744,89,1136,4535,,435,0,
395,INFEASIBLE,certified_no_adversarial_example,feasibility,false,false,false,false,,,,0.726688454,0.15615224838256836,0.0,0.0,0.559183081,0.38530185299999997,0.268339671,0.2577648162841797,0.29084341,0.17388122800000005,0.166469685,9626,278,278,0,4034,0,1534,636,3144,9188,0,0,3,4804,4638,166,3144,1494,0,1903,168,1454,5092,,1137,0,
396,INFEASIBLE,certified_no_adversarial_example,feasibility,false,false,false,false,,,,0.630567023,0.02063918113708496,0.0,0.0,0.599466257,0.41938168100000006,0.267018157,0.25633764266967773,0.3324481,0.18008457599999994,0.030069945,9626,266,266,0,4080,0,1536,674,3070,8364,0,0,3,4804,4642,162,3070,1572,0,1896,165,1440,5067,,524,0,
397,INFEASIBLE,certified_no_adversarial_example,feasibility,false,false,false,false,,,,0.466041756,0.013577938079833984,0.0,0.0,0.443627001,0.256997079,0.165768022,0.15746021270751953,0.277858979,0.186629922,0.021383391,9626,185,185,0,4065,0,1583,664,3129,5640,0,0,3,4804,4685,119,3129,1556,0,1809,121,1266,4763,,472,0,
398,INFEASIBLE,certified_no_adversarial_example,feasibility,false,false,false,false,,,,0.480921449,0.013617753982543945,0.0,0.0,0.458543651,0.27492643899999997,0.18896710199999997,0.1807248592376709,0.26957654900000005,0.18361721200000003,0.021351845,9626,166,166,0,4041,0,1591,690,3138,5627,0,0,3,4804,4685,119,3138,1547,0,1809,121,1266,4763,,456,0,
399,INFEASIBLE,certified_no_adversarial_example,feasibility,false,false,false,false,,,,0.41005712,0.013811588287353516,0.0,0.0,0.388013184,0.22916504000000004,0.13884292800000003,0.13085556030273438,0.24917025599999998,0.15884814399999997,0.021016199,9626,175,175,0,4029,0,1588,670,3164,4086,0,0,3,4804,4698,106,3164,1534,0,1780,106,1209,4663,,502,0,
400,INFEASIBLE,certified_no_adversarial_example,feasibility,false,false,false,false,,,,0.399635996,0.014657020568847656,0.0,0.0,0.376765166,0.212653557,0.128390983,0.12079358100891113,0.248374183,0.164111609,0.021845708,9626,178,178,0,4038,0,1586,679,3145,3365,0,0,3,4804,4701,103,3145,1556,0,1778,106,1204,4654,,489,0,
401,INFEASIBLE,certified_no_adversarial_example,feasibility,false,false,false,false,,,,0.493021574,0.011337995529174805,0.0,0.0,0.472028039,0.302878433,0.20796925600000002,0.19844746589660645,0.26405878299999996,0.169149606,0.01996681,9626,231,231,0,4088,0,1555,672,3080,6463,0,0,3,4804,4662,142,3080,1582,0,1857,146,1362,4930,,169,0,
402,INFEASIBLE,certified_no_adversarial_example,feasibility,false,false,false,false,,,,0.494487588,0.027053356170654297,0.0,0.0,0.458239015,0.28275098,0.192819392,0.18387293815612793,0.265419623,0.17548803500000004,0.035212033,9626,210,210,0,4048,0,1567,665,3136,6490,0,0,3,4804,4672,132,3136,1536,0,1835,134,1318,4854,,751,0,
403,INFEASIBLE,certified_no_adversarial_example,feasibility,false,false,false,false,,,,0.778811346,0.03291606903076172,0.0,0.0,0.735023677,0.5199057410000001,0.27597980199999994,0.26479458808898926,0.4590438750000001,0.21511793599999995,0.042748616,9626,274,274,0,4094,0,1536,702,3020,8644,0,0,3,4804,4624,180,3020,1604,0,1931,182,1510,5190,,754,0,
404,INFEASIBLE,certified_no_adversarial_example,feasibility,false,false,false,false,,,,0.878293433,0.3775351047515869,,0.0,0.489940255,0.31253604700000004,0.22336705199999998,0.21393680572509766,0.266573203,0.17740420799999995,0.387314206,9626,217,217,0,4057,0,1568,664,3120,7644,0,0,3,4804,4651,153,3120,1531,0,1879,157,1406,5007,,1392,0,
405,INFEASIBLE,certified_no_adversarial_example,feasibility,false,false,false,false,,,,0.680281662,0.12852740287780762,0.0,0.0,0.541448512,0.352872411,0.242377318,0.2324998378753662,0.299071194,0.188576101,0.137779794,9626,218,218,0,4051,0,1566,675,3116,7390,0,0,3,4804,4670,134,3116,1554,0,1839,136,1326,4868,,878,0,
406,INFEASIBLE,certified_no_adversarial_example,feasibility,false,false,false,false,,,,0.445021924,0.014566421508789062,0.0,0.0,0.422150483,0.255745414,0.132329731,0.12458419799804688,0.289820752,0.16640506900000002,0.02184742,9626,181,181,0,4071,0,1585,692,3097,3454,0,0,3,4804,4695,109,3097,1598,0,1786,109,1221,4684,,535,0,
407,INFEASIBLE,certified_no_adversarial_example,feasibility,false,false,false,false,,,,0.86252971,0.4036550521850586,,0.0,0.449443718,0.252791622,0.16404678099999997,0.15545105934143066,0.285396937,0.196652096,0.412047398,9626,188,188,0,4122,0,1580,694,3042,5616,0,0,3,4804,4669,135,3042,1627,0,1843,139,1334,4881,,1241,0,
408,INFEASIBLE,certified_no_adversarial_example,feasibility,false,false,false,false,,,,0.43266724,0.016121864318847656,0.0,0.0,0.408142421,0.226988262,0.142918328,0.1349644660949707,0.26522409299999994,0.18115415899999998,0.023487999,9626,181,181,0,4077,0,1585,694,3089,3756,0,0,3,4804,4699,105,3089,1610,0,1781,107,1210,4665,,558,0,
409,INFEASIBLE,certified_no_adversarial_example,feasibility,false,false,false,false,,,,0.583248361,0.026926279067993164,0.0,0.0,0.546180164,0.36665134,0.25683708400000005,0.24729299545288086,0.28934308,0.17952882400000003,0.036043374,9626,245,245,0,4070,0,1554,682,3075,7941,0,0,3,4804,4644,160,3075,1569,0,1892,163,1432,5053,,668,0,
410,INFEASIBLE,certified_no_adversarial_example,feasibility,false,false,false,false,,,,0.343776272,0.008635997772216797,0.0,0.0,0.328212499,0.180893468,0.09207972299999999,0.08582925796508789,0.236132776,0.147319031,0.014535675,9626,117,117,0,3993,0,1617,660,3239,2754,0,0,3,4804,4736,68,3239,1497,0,1704,68,1057,4397,,410,0,
411,INFEASIBLE,certified_no_adversarial_example,feasibility,false,false,false,false,,,,0.406516945,0.013133525848388672,0.0,0.0,0.385168437,0.221133057,0.12920966199999998,0.12138938903808594,0.25595877499999997,0.16403537999999998,0.020318989,9626,170,170,0,4024,0,1590,669,3173,3757,0,0,3,4804,4709,95,3173,1536,0,1761,97,1170,4595,,504,0,
412,INFEASIBLE,certified_no_adversarial_example,feasibility,false,false,false,false,,,,0.38156945,0.014352798461914062,0.0,0.0,0.359849772,0.19086609599999999,0.11625602199999999,0.10915994644165039,0.24359375000000003,0.16898367600000003,0.020672742,9626,145,145,0,4003,0,1603,644,3231,3435,0,0,3,4804,4724,80,3231,1493,0,1728,80,1105,4481,,520,0,
413,INFEASIBLE,certified_no_adversarial_example,feasibility,false,false,false,false,,,,0.423739825,0.03585314750671387,0.0,0.0,0.37995511,0.22143617100000001,0.12598415700000004,0.11845946311950684,0.25397095299999994,0.15851893899999997,0.042759131,9626,161,161,0,4103,0,1592,706,3064,3901,0,0,3,4804,4708,96,3064,1644,0,1760,96,1169,4593,,628,0,
414,INFEASIBLE,certified_no_adversarial_example,feasibility,false,false,false,false,,,,0.452369031,0.02490854263305664,0.0,0.0,0.418914523,0.227856624,0.13766173900000003,0.1300981044769287,0.281252784,0.19105789899999998,0.032427913,9626,164,164,0,4068,0,1595,685,3114,4290,0,0,3,4804,4693,111,3114,1579,0,1793,113,1234,4707,,776,0,
415,INFEASIBLE,certified_no_adversarial_example,feasibility,false,false,false,false,,,,0.773246603,0.1236257553100586,0.0,0.0,0.640726794,0.48073845699999995,0.23184550099999995,0.22281527519226074,0.40888129300000003,0.15998833700000004,0.131484471,9626,209,209,0,4029,0,1570,639,3179,6993,0,0,3,4804,4686,118,3179,1507,0,1807,120,1262,4756,,900,0,
416,INFEASIBLE,certified_no_adversarial_example,feasibility,false,false,false,false,,,,0.395315199,0.017915964126586914,0.0,0.0,0.368905033,0.209999465,0.12214443,0.1146543025970459,0.246760603,0.158905568,0.025381168,9626,168,168,0,4021,0,1590,657,3190,3555,0,0,3,4804,4707,97,3190,1517,0,1762,97,1173,4600,,623,0,
417,INFEASIBLE,certified_no_adversarial_example,feasibility,false,false,false,false,,,,0.365363272,0.008828401565551758,0.0,0.0,0.349332617,0.15998662700000002,0.08496463900000001,0.07818078994750977,0.264367978,0.18934599,0.015013715,9626,127,127,0,3989,0,1613,658,3239,2308,0,0,3,4804,4734,70,3239,1495,0,1708,70,1065,4411,,424,0,
418,INFEASIBLE,certified_no_adversarial_example,feasibility,false,false,false,false,,,,0.529557431,0.03298211097717285,0.0,0.0,0.487833478,0.309211914,0.20150406199999998,0.19189023971557617,0.286329416,0.178621564,0.040676768,9626,223,223,0,4036,0,1560,641,3166,5519,0,0,3,4804,4685,119,3166,1519,0,1811,123,1270,4769,,853,0,
419,INFEASIBLE,certified_no_adversarial_example,feasibility,false,false,false,false,,,,0.59040117,0.02032923698425293,0.0,0.0,0.560219146,0.37411148,0.272177157,0.26196765899658203,0.288041989,0.186107666,0.029146135,9626,263,263,0,4064,0,1538,654,3107,8392,0,0,3,4804,4652,152,3107,1545,0,1876,155,1400,4997,,545,0,
420,INFEASIBLE,certified_no_adversarial_example,feasibility,false,false,false,false,,,,0.454613823,0.03227806091308594,0.0,0.0,0.413950786,0.24510839999999998,0.16258081400000005,0.15468835830688477,0.251369972,0.16884238600000004,0.039636322,9626,189,189,0,3981,0,1582,629,3245,5182,0,0,3,4804,4694,110,3245,1449,0,1792,113,1232,4703,,863,0,
421,INFEASIBLE,certified_no_adversarial_example,feasibility,false,false,false,false,,,,0.553807036,0.08818173408508301,0.0,0.0,0.456076824,0.288372904,0.1965792,0.18813538551330566,0.259497624,0.16770392,0.096704608,9626,215,215,0,4016,0,1569,654,3172,6381,0,0,3,4804,4669,135,3172,1497,0,1843,139,1334,4881,,718,0,
422,INFEASIBLE,certified_no_adversarial_example,feasibility,false,false,false,false,,,,0.578654621,0.033205509185791016,0.0,0.0,0.535619594,0.35451224,0.24791499999999997,0.23798084259033203,0.28770459400000004,0.18110735400000005,0.042003224,9626,262,262,0,4051,0,1541,688,3084,7033,0,0,3,4804,4657,147,3084,1573,0,1869,153,1386,4971,,773,0,
423,INFEASIBLE,certified_no_adversarial_example,feasibility,false,false,false,false,,,,0.446408404,0.015460729598999023,0.0,0.0,0.4226383,0.252121307,0.15834363499999998,0.15031075477600098,0.26429466500000004,0.170516993,0.022743268,9626,185,185,0,4039,0,1578,650,3174,5494,0,0,3,4804,4697,107,3174,1523,0,1786,110,1220,4682,,482,0,
424,INFEASIBLE,certified_no_adversarial_example,feasibility,false,false,false,false,,,,0.482395533,0.01482081413269043,0.0,0.0,0.45170142,0.288497442,0.187796893,0.17921781539916992,0.263904527,0.16320397800000003,0.029657744,9626,196,196,0,4048,0,1577,667,3138,5624,0,0,3,4804,4678,126,3138,1540,0,1820,126,1289,4803,,539,0,
425,INFEASIBLE,certified_no_adversarial_example,feasibility,false,false,false,false,,,,0.691629516,0.02642989158630371,0.0,0.0,0.654249149,0.44478244499999997,0.325615264,0.3137543201446533,0.32863388499999996,0.209466704,0.036343927,9626,323,323,0,4075,0,1511,667,3050,9562,0,0,3,4804,4619,185,3050,1569,0,1942,188,1532,5228,,619,0,
426,INFEASIBLE,certified_no_adversarial_example,feasibility,false,false,false,false,,,,0.548423524,0.01568126678466797,0.0,0.0,0.524487641,0.353910258,0.13072330899999998,0.12273859977722168,0.39376433200000005,0.17057738300000003,0.022915367,9626,156,156,0,4055,0,1599,726,3090,3900,0,0,3,4804,4701,103,3090,1611,0,1777,105,1202,4651,,568,0,
427,INFEASIBLE,certified_no_adversarial_example,feasibility,false,false,false,false,,,,0.430531409,0.025092124938964844,0.0,0.0,0.396097286,0.238698488,0.155711241,0.147660493850708,0.240386045,0.157398798,0.033416301,9626,186,186,0,4018,0,1582,642,3198,5377,0,0,3,4804,4691,113,3198,1493,0,1799,117,1246,4727,,675,0,
428,INFEASIBLE,certified_no_adversarial_example,feasibility,false,false,false,false,,,,0.450692952,0.036205291748046875,0.0,0.0,0.40552175,0.24708053700000002,0.151057632,0.14337444305419922,0.254464118,0.158441213,0.044142213,9626,188,188,0,3983,0,1581,641,3233,4386,0,0,3,4804,4706,98,3233,1473,0,1771,104,1190,4628,,989,0,
429,INFEASIBLE,certified_no_adversarial_example,feasibility,false,false,false,false,,,,0.526488352,0.018181562423706055,0.0,0.0,0.498758399,0.325092643,0.192911478,0.18398427963256836,0.305846921,0.173665756,0.026708075,9626,212,212,0,4042,0,1569,666,3137,5804,0,0,3,4804,4677,127,3137,1540,0,1826,130,1300,4822,,573,0,
430,INFEASIBLE,certified_no_adversarial_example,feasibility,false,false,false,false,,,,0.51754383,0.02405261993408203,0.0,0.0,0.481725966,0.286414737,0.20068292999999998,0.19160819053649902,0.281043036,0.19531122900000003,0.034756959,9626,218,218,0,4056,0,1566,675,3111,6646,0,0,3,4804,4667,137,3111,1556,0,1845,139,1338,4889,,554,0,
431,INFEASIBLE,certified_no_adversarial_example,feasibility,false,false,false,false,,,,0.433900621,0.012018918991088867,0.0,0.0,0.413488101,0.23868730900000001,0.14077300399999998,0.13309168815612793,0.272715097,0.17480079199999998,0.019049629,9626,177,177,0,3984,0,1587,638,3240,3899,0,0,3,4804,4707,97,3240,1467,0,1762,97,1173,4600,,446,0,
432,INFEASIBLE,certified_no_adversarial_example,feasibility,false,false,false,false,,,,1.006702248,0.2620849609375,0.0,0.0,0.732232547,0.518465481,0.41105086199999996,0.39788269996643066,0.321181685,0.21376706599999995,0.273417418,9626,372,372,0,4065,0,1487,661,3041,11869,0,0,3,4804,4581,223,3041,1540,0,2018,226,1684,5494,,1405,0,
433,INFEASIBLE,certified_no_adversarial_example,feasibility,false,false,false,false,,,,0.486570129,0.013922691345214844,0.0,0.0,0.463527191,0.256134459,0.16802756499999996,0.1594688892364502,0.295499626,0.20739273200000002,0.021418003,9626,190,190,0,4011,0,1580,650,3195,3924,0,0,3,4804,4698,106,3195,1503,0,1784,109,1216,4675,,457,0,
434,INFEASIBLE,certified_no_adversarial_example,feasibility,false,false,false,false,,,,0.52850472,0.025613069534301758,0.0,0.0,0.485656955,0.313459883,0.209656899,0.20039796829223633,0.276000056,0.172197072,0.041780078,9626,219,219,0,4055,0,1566,667,3119,6832,0,0,3,4804,4662,142,3119,1543,0,1855,144,1358,4924,,690,0,
435,INFEASIBLE,certified_no_adversarial_example,feasibility,false,false,false,false,,,,0.452572744,0.023070335388183594,0.0,0.0,0.420902791,0.260821992,0.16675032099999998,0.15874266624450684,0.25415247,0.160080799,0.03063883,9626,172,172,0,4020,0,1591,649,3194,5285,0,0,3,4804,4696,108,3194,1502,0,1789,112,1226,4692,,637,0,
436,INFEASIBLE,certified_no_adversarial_example,feasibility,false,false,false,false,,,,0.390200966,0.020353078842163086,0.0,0.0,0.361827093,0.195267963,0.11646308,0.10940814018249512,0.245364013,0.16655913,0.027357332,9626,145,145,0,4048,0,1602,672,3159,3790,0,0,3,4804,4711,93,3159,1552,0,1759,97,1166,4587,,648,0,
437,INFEASIBLE,certified_no_adversarial_example,feasibility,false,false,false,false,,,,0.526742698,0.023215293884277344,0.0,0.0,0.494062285,0.29942406099999996,0.205001094,0.19559097290039062,0.289061191,0.19463822400000003,0.031656973,9626,216,216,0,4059,0,1561,668,3122,7248,0,0,3,4804,4662,142,3122,1540,0,1856,145,1360,4927,,617,0,
438,INFEASIBLE,certified_no_adversarial_example,feasibility,false,false,false,false,,,,0.634304677,0.022432565689086914,0.0,0.0,0.602615365,0.424998204,0.184775027,0.1761324405670166,0.417840338,0.17761716100000002,0.030660463,9626,188,188,0,4130,0,1581,723,3004,5556,0,0,3,4804,4673,131,3004,1669,0,1833,133,1314,4847,,671,0,
439,INFEASIBLE,certified_no_adversarial_example,feasibility,false,false,false,false,,,,0.460259132,0.02234506607055664,0.0,0.0,0.428646555,0.26784515200000003,0.17077629,0.16193556785583496,0.257870265,0.16080140299999995,0.030586021,9626,191,191,0,4020,0,1579,659,3177,5013,0,0,3,4804,4687,117,3177,1510,0,1802,117,1253,4740,,674,0,
440,INFEASIBLE,certified_no_adversarial_example,feasibility,false,false,false,false,,,,0.524298629,0.01970076560974121,0.0,0.0,0.495256863,0.275239169,0.17924264600000006,0.17030668258666992,0.31601421699999993,0.22001769399999999,0.027976294,9626,215,215,0,4030,0,1569,646,3166,5489,0,0,3,4804,4669,135,3166,1503,0,1841,137,1330,4875,,553,0,
441,INFEASIBLE,certified_no_adversarial_example,feasibility,false,false,false,false,,,,0.595703694,0.02951788902282715,0.0,0.0,0.55511676,0.36863120699999996,0.26552215900000004,0.25531816482543945,0.28959460099999995,0.18648555300000003,0.03954856,9626,260,260,0,4159,0,1546,696,2965,7912,0,0,3,4804,4635,169,2965,1670,0,1912,174,1472,5122,,700,0,
442,INFEASIBLE,certified_no_adversarial_example,feasibility,false,false,false,false,,,,0.542681165,0.02170538902282715,0.0,0.0,0.501139696,0.32198129600000003,0.213601424,0.2047135829925537,0.28753827199999993,0.17915839999999994,0.040503567,9626,208,208,0,4065,0,1572,683,3098,6402,0,0,3,4804,4666,138,3098,1568,0,1844,138,1337,4887,,668,0,
443,INFEASIBLE,certified_no_adversarial_example,feasibility,false,false,false,false,,,,0.466548577,0.015230417251586914,0.0,0.0,0.442367606,0.267882652,0.185141601,0.17587018013000488,0.25722600500000004,0.17448495400000003,0.023144602,9626,225,225,0,4070,0,1558,667,3106,5779,0,0,3,4804,4679,125,3106,1573,0,1821,127,1290,4805,,515,0,
444,INFEASIBLE,certified_no_adversarial_example,feasibility,false,false,false,false,,,,1.053990577,0.4449765682220459,,0.0,0.598218979,0.426780086,0.316165781,0.30488014221191406,0.282053198,0.17143889299999998,0.454726044,9626,315,315,0,4021,0,1516,612,3162,9078,0,0,3,4804,4627,177,3162,1465,0,1925,179,1498,5169,,1726,0,
445,OPTIMAL,adversarial_example_found_or_best_known,feasibility,true,true,true,true,0.01121224628659867,-8.610753870378641;-10.753803868779908;4.978341418959388;1.20781473821492;-16.963013482258788;-10.315738377012401;-15.194657795695374;-3.0918626752976963;4.989553665245987;-5.596914008710176,0.1;0.0;0.0;0.1;0.1;0.0;0.1;0.0;0.0;0.1;0.1;0.0;0.0;0.0;0.1;0.0;0.0;0.0;0.0;0.1;0.1;0.1;0.0;0.1;0.1;0.1;0.1;0.1;0.0;0.0;0.0;0.1;0.1;0.1;0.1;0.1;0.0;0.1;0.0;0.1;0.0;0.0;0.0;0.0;0.1;0.0;0.1;0.1;0.1;0.0;0.0;0.0;0.1;0.1;0.1;0.0;0.1;0.0;0.0;0.0;0.1;0.1;0.1;0.0;0.0;0.1;0.1;0.0;0.0;0.0;0.0;0.0;0.0;0.0;0.0;0.1;0.1;0.1;0.1;0.0;0.0;0.1;0.1;0.0;0.0;0.0;0.1;0.0;0.0;0.0;0.0;0.0;0.0;0.1;0.0;0.0;0.0;0.0;0.0;0.0;0.0;0.0;0.1;0.1;0.0;0.1;0.1;0.0;0.1;0.1;0.0;0.0;0.1;0.0;0.0;0.0;0.0;0.1;0.1;0.0;0.0;0.1;0.1;0.0;0.0;0.0;0.0;0.0;0.0;0.0;0.1;0.1;0.1;0.1;0.1;0.0;0.0;0.1;0.1;0.0;0.1;0.0;0.1;0.0;0.0;0.0;0.0;0.0;0.0;0.0;0.0;0.0;0.0;0.0;0.0;0.1;0.0;0.0;0.1;0.0;0.1;0.0;0.0;0.1;0.0;0.1;0.0;0.1;0.1;0.0;0.0;0.1;0.1;0.1;0.1;0.0;0.0;0.0;0.1;0.1;0.1;0.0;0.0;0.0;0.0;0.0;0.0;0.0;0.24901960784313723;0.7313725490196078;0.7313725490196078;0.5705882352941176;0.10288805893210493;0.1;0.0;0.0;0.1;0.1;0.1;0.1;0.1;0.1;0.1;0.10230348684282975;0.17450980392156865;0.10214495522715283;0.0;0.1;0.1;0.1;0.0;0.0;0.1;0.0;0.1;0.135465787602908;0.9705882352941176;0.8882352941176471;0.8882352941176471;1.0;0.11176470588235293;0.0;0.0;0.1;0.1;0.0;0.1;0.1;0.1;0.0;0.0985576747915687;0.7431372549019608;0.8882352941176471;0.3549019607843137;0.0;0.1;0.1;0.0;0.0;0.0;0.0;0.1;0.09771348811557622;0.7235294117647059;1.0;0.8882352941176471;1.0;0.8882352941176471;0.4372549019607843;0.0;0.0;0.1;0.0;0.0;0.0;0.0;0.1;0.1;0.1019227568395782;0.8647058823529412;0.8882352941176471;0.5571418919054463;0.0;0.1;0.1;0.1;0.1;0.0;0.0;0.0;0.6333333333333333;1.0;1.0;0.515686274509804;0.6450980392156863;0.8882352941176471;0.5970128558762691;0.0;0.0;0.0;0.1;0.0;0.0;0.0;0.0;0.1;0.09534741262890481;1.0;0.8921568627450981;0.888235294117647;0.0;0.0;0.0;0.1;0.1;0.1;0.0;0.09215686274509804;1.0;1.0;0.5913897677184373;0.0;0.6254901960784314;0.8921568627450981;0.8450980392156863;0.0;0.0;0.1;0.0;0.0;0.1;0.0;0.1;0.1;0.37058823529411766;1.0;0.8779316248217293;0.5915383834415101;0.0;0.0;0.1;0.1;0.1;0.0;0.13172050206155986;0.7945730842702812;1.0;1.0;0.0;0.10325635077164141;0.8248699115680842;0.8882352941176471;0.5215775761800949;0.0;0.1;0.0;0.1;0.0;0.0;0.0;0.0;0.0;0.6294117647058823;1.0;0.4019607843137255;0.22549019607843138;0.1;0.0;0.0;0.1;0.1;0.12745098039215685;0.8231878874658777;0.8882352941176471;0.7901960784313725;0.28823529411764703;0.0970532262332168;0.08431372549019608;0.8882352941176471;0.8882352941176471;0.11176470588235293;0.0;0.0;0.0;0.0;0.0;0.1;0.1;0.1;0.10266072416190138;0.8882352941176471;0.9901960784313725;0.10563821757423651;0.0;0.0;0.0;0.1;0.0;0.1;0.35882352941176476;1.0;1.0;0.3666666666666667;0.1;0.1;0.24901960784313723;0.8882352941176471;1.0;0.10473872628090011;0.0;0.0;0.0;0.1;0.0;0.0;0.1;0.09977598088471121;0.4019607843137255;1.0;0.6176470588235294;0.09823423234348042;0.0;0.0;0.0;0.0;0.1;0.307843137254902;0.8529411764705882;1.0;0.9666666666666667;0.11790742906392684;0.1;0.09828979817822844;0.896078431372549;0.9238479331625776;0.27647058823529413;0.10136958536706045;0.1;0.0;0.0;0.1;0.0;0.0;0.1;0.0;0.4539399631181916;1.0;0.6851576956295184;0.1;0.1;0.0012920182532125243;0.0;0.1;0.13529411764705884;0.7938613600775951;1.0;0.8763917446183702;0.22549019607843138;0.0;0.0;0.23333333333333334;0.8921568627450981;0.5784313725490197;0.0;0.1;0.1;0.0;0.0;0.1;0.0;0.0;0.1;0.09951636329295156;0.6411764705882352;1.0;0.5352941176470588;0.0;0.1;0.1;0.0;0.0991681704243489;0.5509803921568628;0.8882352941176471;0.8764705882352941;0.3941176470588236;0.0;0.09999512854556615;0.1;0.5627450980392157;1.0;0.3196078431372549;0.0;0.1;0.1;0.1;0.0;0.0;0.0;0.0;0.1;0.0;0.6976909450524682;1.0;0.35116606284363555;0.0;0.0;0.0;0.0;0.4355093922197243;0.8411764705882353;0.8882352941176471;0.14705882352941177;0.1;0.0;0.0;0.1;0.10359365471374846;0.21232828720185432;0.0;0.0;0.1;0.1;0.0;0.1;0.1;0.0;0.0;0.1;0.09956567590460977;0.6058823529411765;1.0;0.37058823529411766;0.1;0.1;0.10021409476828724;0.34705882352941175;0.8411764705882353;1.0;0.3549019607843137;0.1;0.1;0.0;0.1;0.1;0.1;0.1;0.1;0.0;0.0;0.0;0.0;0.0;0.1;0.0;0.1;0.1;0.1;0.8921568627450981;0.8882352941176471;0.37058823529411766;0.1;0.1;0.4343621156947336;1.0;1.0;0.5713466007862619;0.10784313725490197;0.1;0.0;0.1;0.0;0.0;0.0;0.1;0.0;0.0;0.1;0.1;0.0;0.1;0.0;0.0;0.1;0.1;0.0984253683371128;0.8490196078431372;1.0;0.40980392156862744;0.0950337791740381;0.8098039215686275;1.0;1.0;0.5784313725490197;0.1;0.1;0.0;0.0;0.1;0.1;0.0;0.1;0.1;0.0;0.1;0.0;0.1;0.0;0.1;0.1;0.0;0.0;0.0;0.0;0.5060434022498427;0.8882352941176471;0.9901960784313725;0.6607843137254902;0.8882352941176471;0.8781960755110731;0.6176470588235294;0.19803921568627453;0.1;0.1;0.0;0.0;0.1;0.1;0.1;0.0;0.1;0.0;0.0;0.020359214650371778;0.0;0.0;0.0;0.0;0.1;0.1;0.1;0.1;0.08823529411764705;0.7901960784313725;1.0;0.7901960784313725;0.6176470588235294;0.3509803921568627;0.1;0.1;0.1;0.1;0.1;0.0;0.1;0.1;0.0;0.0;0.0;0.0;0.0;0.0;0.1;0.1;0.0;0.1;0.007336516157221061;0.1;0.0;0.0;0.0;0.19938875025440728;0.20875207530499862;0.10718461297075253;0.0;0.0;0.1;0.1;0.1;0.1;0.1;0.0;0.0;0.0;0.0;0.1;0.1;0.1;0.0;0.1;0.040322776422776686;0.0;0.0;0.1;0.1;0.1;0.1;0.1;0.0;0.0;0.1;0.1;0.0;0.0;0.0;0.0;0.1;0.1;0.1;0.1;0.0;0.0;0.0;0.0;0.1;0.1;0.1;0.0;0.1;0.1;0.0;0.0;0.1;0.0;0.1;0.0;0.0;0.0;0.1;0.0;0.1;0.0;0.0;0.1;0.0;0.1;0.1;0.1;0.1;0.0;0.0;0.0;0.0;0.1;0.0;0.1;0.1;0.1;0.0;0.0;0.1;0.1;0.1;0.1;0.0;0.0;0.1;0.1;0.0;0.0;0.0;0.0;0.1;0.1;0.1;0.1;0.0;0.0;0.0;0.0;0.0;0.1;0.1;0.1;0.1;0.1;0.0;0.0;0.1;0.1;0.1;0.0;0.1;0.0;0.0;0.03505957887688266;0.0;0.1;0.1;0.1;0.0;0.0;0.0;0.1;0.1;0.0;0.1;0.0;0.1;0.1;0.0;0.1;0.1;0.1;0.1,4.163716078,3.568068027496338,0.0,0.0,0.58496944,0.401593032,0.29394226400000006,0.28414058685302734,0.2910271759999999,0.18337640799999994,3.576566476,9626,240,240,0,4070,0,1552,669,3095,8152,0,0,3,4804,4654,150,3095,1559,0,1868,150,1385,4971,1,34438,,0.0
446,OPTIMAL,adversarial_example_found_or_best_known,feasibility,true,true,true,true,0.05667064161135027,5.348169557894864;-25.19097502800934;-8.3932139892259;-11.338020733638915;-3.9868828071916003;-2.6537640982995887;5.291498916283514;-8.98113802361982;-9.76782773081209;-5.095574005681858,0.0;0.1;0.1;0.0;0.0;0.1;0.1;0.0;0.0;0.1;0.1;0.1;0.0;0.0;0.0;0.0;0.0;0.1;0.1;0.1;0.0;0.0;0.0;0.1;0.1;0.1;0.1;0.0;0.0;0.1;0.1;0.0;0.0;0.0;0.1;0.0;0.1;0.1;0.1;0.1;0.1;0.0;0.1;0.0;0.0;0.0;0.0;0.0;0.0;0.0;0.0;0.0;0.0;0.1;0.1;0.1;0.0;0.1;0.1;0.1;0.0;0.1;0.1;0.0;0.0;0.1;0.1;0.1;0.1;0.1;0.1;0.0;0.0;0.1;0.1;0.1;0.0;0.0;0.0;0.1;0.0;0.1;0.1;0.1;0.0;0.0;0.0;0.1;0.1;0.0;0.0;0.0;0.1;0.1;0.1;0.1;0.1;0.1;0.1;0.0;0.0;0.0;0.1;0.1;0.1;0.1;0.0;0.1;0.1;0.1;0.1;0.1;0.0;0.1;0.1;0.1;0.1;0.0;0.1;0.0;0.0;0.1;0.1;0.1;0.1;0.1;0.1;0.0;0.0;0.0;0.1;0.1;0.1;0.0;0.0;0.0;0.0;0.1;0.1;0.1;0.0;0.0;0.0;0.1;0.1;0.0;0.1;0.0;0.1;0.1;0.1;0.1;0.1;0.1;0.1;0.5941176470588235;1.0;1.0;0.8960784313725491;0.7974111624964202;0.1;0.0;0.06554700227295412;0.0;0.0;0.0;0.0;0.0;0.0;0.1;0.1;0.1;0.1;0.0;0.0;0.0;0.0;0.1;0.1;0.1;0.1;0.3156862745098039;0.7196078431372549;0.8803921568627451;1.0;0.8921568627450981;0.8921568627450981;1.0;0.5196078431372549;0.04901960784313725;0.0;0.0;0.0;0.0;0.0;0.0;0.0;0.1;0.0;0.1;0.0;0.1;0.1;0.0;0.0;0.0;0.1;0.2019607843137255;0.6411764705882353;1.0;0.8921568627450981;0.8568627450980392;0.8490196078431372;0.9;1.0;1.0;0.5728683887130861;0.11568627450980393;0.0;0.1;0.0;0.1;0.0;0.1;0.0;0.1;0.1;0.0;0.0;0.1;0.0;0.1;0.0;0.17058823529411762;0.6490196078431373;0.8333333333333333;0.8921568627450981;0.9;0.5431372549019607;0.0;0.0;0.0;0.8254901960784313;0.8921568627450981;0.692156862745098;0.033333333333333326;0.0;0.0;0.0;0.1;0.0;0.0;0.0;0.1;0.0;0.0;0.0;0.0;0.14313725490196078;0.18100057718549195;0.8372549019607843;0.707025851850007;0.8445326381847401;0.10341979233534243;0.6333333333333333;0.30000000000000004;0.1;0.0;0.1;0.0;0.17058823529411765;0.6294117647058823;0.9572998807355938;0.7313725490196079;0.0;0.0;0.0;0.0;0.0;0.0;0.1;0.1;0.1;0.0;0.0;0.1;0.4764705882352941;1.0;0.7196078431372549;0.0;0.09852262312422459;0.303921568627451;0.7509803921568627;0.5470588235294118;0.0;0.0;0.1;0.0;0.0;0.04117647058823529;0.8921568627450981;0.8215686274509804;0.0;0.0;0.0;0.0;0.0;0.1;0.1;0.1;0.1;0.0;0.1;0.3313725490196079;0.692783640187833;0.10392156862745097;0.105758053810231;0.0;0.1;0.1321750342087461;0.1046075786527441;0.10293594965388861;0.0;0.0;0.0;0.1;0.1;0.7436458851353229;1.0;1.0;0.1;0.06919881334067197;0.1;0.0;0.0;0.1;0.1;0.1;0.1;0.0;0.0;0.1;0.1;0.1;0.1;0.0;0.1;0.1;0.1;0.1;0.1;0.0;0.0;0.1;0.1;0.8279215860869285;0.8921568627450981;1.0;0.09876603700426807;0.1;0.1;0.0;0.0;0.1;0.1;0.1;0.1;0.0;0.1;0.1;0.1;0.0;0.0;0.0;0.10257753455099215;0.6215686274509804;0.6444408513321457;0.0;0.0;0.0;0.0;0.1;0.1;0.9274509803921568;0.8764705882352941;0.46382413264278216;0.05447116100093135;0.1;0.1;0.0;0.0;0.019002896340284042;0.1;0.0;0.0;0.0;0.0;0.1;0.1;0.1;0.1;0.0;0.692156862745098;0.7470588235294118;0.10041555231885718;0.0;0.1;0.0;0.0;0.1;0.10066304199704515;0.7823529411764706;0.4411764705882353;0.0;0.0;0.1;0.1;0.0;0.0;0.0;0.0;0.1;0.0;0.0;0.1;0.1;0.0;0.1;0.0;0.0;0.862718334755681;0.7509803921568627;0.10349041198171342;0.1;0.0;0.0;0.1;0.1;0.4137254901960784;0.3509803921568627;0.2735025899906002;0.0;0.0891003403183711;0.1;0.1;0.1;0.0;0.1;0.1;0.0;0.0;0.0;0.0;0.1;0.1;0.1;0.0;0.03725490196078432;0.9470588235294117;0.8921568627450981;0.17058823529411762;0.0;0.0;0.0;0.0;0.303921568627451;1.0;0.2686274509803922;0.1;0.0;0.1;0.1;0.1;0.1;0.1;0.0;0.1;0.0;0.1;0.0;0.1;0.1;0.1;0.0;0.1;0.30000000000000004;0.8608850432261987;1.0;0.2943184489830434;0.1;0.0;0.0;0.0;0.711764705882353;0.6841810204657184;0.0;0.1;0.0;0.0;0.0;0.0;0.0;0.0;0.0;0.1;0.0;0.0;0.0;0.0;0.1;0.1;0.1;0.1;0.0;0.8686274509803922;0.4019607843137255;0.12745098039215685;0.1;0.0;0.1;0.6254901960784314;1.0;0.5784313725490197;0.1;0.1;0.0;0.0;0.0;0.0;0.1;0.1;0.0;0.0;0.0;0.0;0.0;0.0;0.1;0.0;0.0;0.1;0.32844778827282733;0.8225218861566207;0.4137254901960784;0.10440948344740836;0.0;0.0;0.6019607843137255;0.8759244497571843;0.9823529411764705;0.3313725490196079;0.1;0.1;0.0;0.0;0.1;0.1;0.1;0.1;0.1;0.0;0.0;0.0;0.1;0.1;0.1;0.007182250106745148;0.0;0.0;0.38627450980392153;0.8921568627450981;0.8921568627450981;0.7431372549019608;0.15098039215686276;0.2411764705882353;1.0;0.6019607843137255;0.23333333333333334;0.0998653365331678;0.0;0.1;0.0;0.0;0.1;0.1;0.1;0.1;0.0;0.0;0.0;0.0;0.1;0.1;0.1;0.0;0.1;0.1;0.5862745098039216;0.8921568627450981;0.8921568627450981;0.8725490196078431;0.6738083391479414;0.8921568627450981;0.6568627450980392;0.3235294117647059;0.1;0.1;0.1;0.1;0.1;0.011493982759128973;0.0;0.1;0.0;0.0;0.1;0.0;0.0;0.0;0.1;0.1;0.1;0.0;0.1;0.0;0.5862745098039216;0.9535255018484835;0.8921568627450981;0.8921568627450981;1.0;0.9450434540690047;0.13137254901960785;0.1;0.1;0.1;0.1;0.1;0.1;0.1;0.0;0.0;0.0;0.1;0.0;0.1;0.0;0.0;0.0;0.0;0.1;0.1;0.0;0.0;0.35101279933285273;0.8137254901960784;0.8921568627450981;0.7366501807551877;0.691710172812004;0.511764705882353;0.10367224882556474;0.0;0.1;0.1;0.0;0.1;0.1;0.1;0.0;0.1;0.1;0.1;0.0;0.0;0.0;0.0;0.0;0.0;0.0;0.0;0.1;0.1;0.1;0.692156862745098;0.6019607843137255;0.1823529411764706;0.1;0.1;0.0;0.09447271208293107;0.0;0.1;0.1;0.1;0.1;0.1;0.0;0.0;0.1;0.1;0.1;0.0;0.0;0.1;0.0;0.0;0.1;0.0;0.1;0.1;0.0;0.0;0.0;0.1;0.1;0.1;0.0;0.0;0.0;0.1;0.0;0.1;0.1;0.1;0.0;0.0;0.1;0.1;0.0;0.0;0.0;0.0;0.0;0.1;0.0;0.0;0.1;0.1;0.0;0.0;0.0;0.0;0.1;0.1;0.0;0.0;0.0;0.0;0.1;0.1;0.1;0.1;0.0;0.0;0.0;0.1;0.1;0.1;0.0;0.017862605134947602;0.0;0.1;0.1;0.0;0.1;0.0;0.1;0.0;0.0;0.1;0.0;0.1;0.0;0.1;0.0;0.1;0.1;0.0;0.1;0.1;0.1;0.0;0.1;0.0;0.0,4.20109815,3.5188148021698,0.0,0.0,0.664268485,0.486882099,0.357518068,0.3458385467529297,0.306750417,0.177386386,3.534619489,9626,316,316,0,4059,0,1514,657,3080,10452,0,0,3,4804,4621,183,3080,1541,0,1937,185,1522,5211,1,20928,,0.0
447,INFEASIBLE,certified_no_adversarial_example,feasibility,false,false,false,false,,,,0.642787275,0.029201030731201172,0.0,0.0,0.603378005,0.420919568,0.325159902,0.3073856830596924,0.27821810300000005,0.18245843700000003,0.038390056,9626,226,226,0,4093,0,1564,666,3077,8708,0,0,3,4804,4644,160,3077,1567,0,1891,162,1430,5050,,707,0,
448,INFEASIBLE,certified_no_adversarial_example,feasibility,false,false,false,false,,,,0.511084415,0.09890246391296387,0.0,0.0,0.403651229,0.241655907,0.14778766999999995,0.13958168029785156,0.255863559,0.161995322,0.106394903,9626,193,193,0,4069,0,1577,659,3128,4516,0,0,3,4804,4689,115,3128,1561,0,1801,117,1250,4735,,719,0,
449,OPTIMAL,adversarial_example_found_or_best_known,feasibility,true,true,true,true,1.454392162258955e-14,-7.975598605461217;-12.714501822901362;-8.458935471603962;-2.526045750174724;-5.641778820077868;-5.691101181867539;-14.62967138887604;-12.41819372237154;0.10977966235486158;0.10977966235484704,0.1;0.0;0.0;0.1;0.1;0.0;0.0;0.1;0.1;0.0;0.0;0.0;0.0;0.1;0.1;0.1;0.1;0.0;0.0;0.1;0.1;0.0;0.0;0.1;0.1;0.0;0.0;0.1;0.1;0.0;0.0;0.1;0.0;0.0;0.0;0.0;0.1;0.1;0.0;0.0;0.0;0.0;0.0;0.1;0.0;0.0;0.0;0.1;0.1;0.1;0.0;0.1;0.0;0.0;0.0;0.0;0.1;0.1;0.0;0.1;0.1;0.0;0.0;0.0;0.1;0.0;0.0;0.0;0.0;0.1;0.1;0.1;0.1;0.0;0.0;0.1;0.1;0.0;0.0;0.1;0.1;0.0;0.0;0.0;0.1;0.1;0.0;0.1;0.0;0.1;0.0;0.1;0.0;0.1;0.0;0.1;0.0;0.1;0.0;0.1;0.0;0.0;0.0;0.0;0.1;0.0;0.1;0.1;0.1;0.1;0.0;0.0;0.1;0.1;0.1;0.1;0.1;0.0;0.0;0.0;0.0;0.1;0.1;0.1;0.1;0.0;0.0;0.1;0.1;0.0;0.0;0.0;0.0;0.0;0.0;0.1;0.1;0.1;0.0;0.0;0.0;0.0;0.1;0.1;0.1;0.1;0.0;0.1;0.0;0.0;0.0;0.1;0.1;0.1;0.1;0.0;0.0;0.0;0.0;0.1;0.1;0.0;0.0;0.1;0.1;0.1;0.0;0.1;0.1;0.0;0.1;0.0;0.0;0.0;0.0;0.1;0.1;0.0;0.0;0.1;0.1;0.1;0.1;0.1;0.1;0.0;0.0;0.1;0.1;0.1;0.0;0.0;0.1;0.1;0.1;0.0;0.0;0.1;0.0;0.0;0.0;0.0;0.1;0.1;0.1;0.0;0.0;0.0;0.1;0.1;0.0;0.0;0.1;0.0;0.0;0.0;0.0;0.0;0.0;0.0;0.0;0.0;0.0;0.0;0.1;0.0;0.0;0.0;0.0;0.0;0.0;0.1;0.1;0.0;0.0;0.0;0.1;0.1;0.1;0.0;0.0;0.1;0.16666666666666669;0.5117647058823529;0.5117647058823529;0.48039215686274506;0.1;0.0;0.0;0.1;0.0;0.0;0.0;0.0;0.0;0.0;0.1;0.0;0.0;0.1;0.0;0.0;0.1;0.4294117647058824;0.28823529411764703;0.1784313725490196;0.0;0.1;0.1;0.1;0.7156862745098039;1.0;1.0;1.0;0.8031418471806744;0.4882352941176471;0.28823529411764703;0.1;0.0;0.0;0.0;0.0;0.0;0.0;0.1;0.0;0.1;0.1;0.1;0.04117647058823529;0.6411764705882352;1.0;0.8921568627450981;0.8568627450980393;0.6372549019607844;0.0;0.0;0.1;0.5274509803921569;0.7352941176470588;0.9549019607843137;0.8921568627450981;0.8921568627450981;0.8921568627450981;0.47396119071632387;0.0;0.0;0.0;0.1;0.1;0.0;0.1;0.1;0.1;0.1;0.24901960784313726;0.707843137254902;1.0;1.0;0.8921568627450981;0.8921568627450981;1.0;0.8921568627450981;0.7862745098039216;0.1;0.1;0.1;0.1;0.13414484157174228;0.5470588235294118;1.0;1.0;0.8176470588235294;0.0;0.0;0.0;0.1;0.0;0.0;0.1;0.1;0.0;0.2450980392156863;0.7078431372549019;0.8921568627450981;0.8921568627450981;0.9823529411764705;0.7862745098039216;0.8803921568627451;1.0;1.0;0.9823529411764705;0.2450980392156863;0.1;0.1;0.1;0.09369308105886598;0.6137254901960785;1.0;1.0;0.46862745098039216;0.0;0.0;0.0;0.0;0.0;0.0;0.1;0.0;0.1;0.6508449180069228;1.0;1.0;0.6372549019607844;0.10667449661013012;0.1;0.3646320093892278;1.0;1.0;0.7930173575260496;0.0;0.0;0.1;0.1392156862745098;0.5196078431372549;1.0;1.0;1.0;0.38235294117647056;0.0;0.0;0.0;0.0;0.0;0.0;0.1;0.1;0.0;0.8725490196078431;1.0;0.7745098039215687;0.12352941176470589;0.0;0.0;0.40980392156862744;1.0;0.9588235294117646;0.1392156862745098;0.15490196078431373;0.24901960784313723;0.6686274509803922;0.696078431372549;0.8921568627450981;1.0;1.0;0.9392156862745098;0.09668788165771999;0.1;0.0;0.0;0.0;0.0;0.0;0.0;0.0;0.5862745098039216;0.8882352941176471;0.8921568627450981;0.3666666666666667;0.1;0.1;0.10262345552307155;0.37058823529411766;1.0;1.0;0.7548169767385475;0.873334589487193;0.8921568627450981;0.8921568627450981;0.8921568627450981;1.0;0.8764705882352941;0.8177535007198058;0.1039543274779434;0.0;0.1;0.0;0.0;0.0;0.0;0.0;0.1;0.0;0.8960784313725491;1.0;0.8019607843137255;0.0;0.1;0.09932795414565486;0.5392156862745098;0.8921568627450981;1.0;0.8921568627450981;1.0;1.0;0.8921568627450981;1.0;0.8921568627450981;0.9472939936884471;0.8254901960784313;0.1;0.1;0.1;0.1;0.1;0.0;0.0;0.0;0.0;0.0;0.0;1.0;0.8921568627450981;0.7902526008512459;0.7901960784313725;0.5901960784313726;0.5901960784313726;0.8490196078431372;1.0;0.8921568627450981;0.8921568627450981;0.8921568627450981;0.8877097163531027;0.6457098243609921;0.40588235294117647;0.40588235294117647;0.37450980392156863;0.1;0.1;0.1;0.0;0.1;0.0;0.0;0.0;0.0;0.0;0.1;0.1;0.8176470588235294;0.8921568627450981;1.0;1.0;0.8921568627450981;0.8921568627450981;1.0;1.0;0.9392156862745098;0.5413729386572979;0.4294117647058824;0.09813621330022408;0.0;0.0;0.1;0.1;0.1;0.1;0.0;0.0;0.1;0.1;0.0;0.1;0.0;0.0;0.0;0.1;0.21198057029374007;0.7549019607843137;0.8882352941176471;1.0;0.9964456222908846;0.8450980392156863;0.7941176470588235;0.33461090705924695;0.1;0.0;0.1;0.0;0.0;0.0;0.0;0.1;0.1;0.1;0.1;0.0;0.1;0.0;0.0;0.0;0.0;0.0;0.0;0.1;0.0;0.09336181314251785;0.6843137254901961;0.7901960784313725;0.7901960784313725;0.3431372549019608;0.1;0.09993586552110181;0.1;0.1;0.1;0.1;0.0;0.0;0.0;0.1;0.1;0.1;0.1;0.1;0.1;0.1;0.0;0.1;0.0;0.0;0.0;0.1;0.0;0.0;0.1;0.0;0.0;0.0;0.0;0.1;0.1;0.1;0.1;0.0;0.1;0.0;0.0;0.1;0.0;0.1;0.0;0.0;0.1;0.0;0.1;0.0;0.0;0.0;0.0;0.0;0.0;0.0;0.0;0.0;0.0;0.0;0.0;0.0;0.1;0.1;0.1;0.1;0.0;0.0;0.0;0.0;0.1;0.1;0.1;0.1;0.1;0.1;0.0;0.0;0.1;0.0;0.0;0.0;0.0;0.0;0.0;0.0;0.0;0.0;0.0;0.0;0.0;0.0;0.0;0.1;0.0;0.0;0.1;0.0;0.1;0.0;0.1;0.0;0.0;0.0;0.0;0.1;0.1;0.0;0.0;0.0;0.0;0.0;0.0;0.0;0.0;0.0;0.0;0.0;0.1;0.1;0.0;0.0;0.0;0.0;0.1;0.1;0.0;0.0;0.1;0.1;0.0;0.0;0.1;0.0;0.1;0.0;0.1;0.0;0.0;0.0;0.1;0.0;0.0;0.0;0.0;0.0;0.0;0.0;0.1;0.0;0.0;0.0;0.1;0.0;0.0;0.0;0.1;0.0;0.1;0.0;0.1;0.1;0.1;0.0;0.0;0.0;0.0;0.0;0.1;0.1;0.0;0.0;0.0;0.0;0.0;0.0;0.0;0.0;0.0;0.0;0.1;0.0;0.0;0.0;0.1;0.1;0.0;0.0;0.1;0.0;0.0;0.0;0.1;0.1;0.0;0.0;0.1;0.0;0.1;0.0;0.1;0.0;0.0;0.0;0.1;0.0;0.1;0.1;0.1;0.1;0.1;0.1;0.0;0.1;0.0;0.0;0.0,2.576611321,2.135028839111328,0.0,0.0,0.431650187,0.243012599,0.155071679,0.14663052558898926,0.27657850800000006,0.18863758800000002,2.142800422,9626,191,191,0,4063,0,1581,670,3121,4648,0,0,3,4804,4682,122,3121,1561,0,1815,124,1278,4784,1,18032,,0.0
450,SKIPPED_PREDICTED_IN_TARGETED,adversarial_example_found_or_best_known,feasibility,true,true,true,true,2.2410409404484843,-16.874292785828768;-18.693010771475816;-9.13870824613213;2.4236912277142713;-16.633377721453947;4.664732168162756;-12.837538205061414;-16.288981833070302;-5.341585905311758;-12.060242129602688,0.0;0.0;0.0;0.0;0.0;0.0;0.0;0.0;0.0;0.0;0.0;0.0;0.0;0.0;0.0;0.0;0.0;0.0;0.0;0.0;0.0;0.0;0.0;0.0;0.0;0.0;0.0;0.0;0.0;0.0;0.0;0.0;0.0;0.0;0.0;0.0;0.0;0.0;0.0;0.0;0.0;0.0;0.0;0.0;0.0;0.0;0.0;0.0;0.0;0.0;0.0;0.0;0.0;0.0;0.0;0.0;0.0;0.0;0.0;0.0;0.0;0.0;0.0;0.0;0.0;0.0;0.0;0.0;0.0;0.0;0.0;0.0;0.0;0.0;0.0;0.0;0.0;0.0;0.0;0.0;0.0;0.0;0.0;0.0;0.0;0.0;0.0;0.0;0.0;0.0;0.0;0.0;0.0;0.0;0.0;0.0;0.0;0.0;0.0;0.0;0.0;0.0;0.0;0.0;0.0;0.0;0.0;0.0;0.0;0.0;0.0;0.0;0.0;0.0;0.0;0.0;0.0;0.47843137254901963;0.996078431372549;0.996078431372549;0.40784313725490196;0.0;0.0;0.0;0.0;0.0;0.0;0.0;0.0;0.0;0.0;0.0;0.0;0.0;0.0;0.0;0.0;0.0;0.0;0.0;0.0;0.0;0.0;0.0;0.0;0.4745098039215686;0.9921568627450981;0.9921568627450981;0.6784313725490196;0.0;0.0;0.0;0.0;0.0;0.0;0.0;0.0;0.0;0.0;0.0;0.0;0.0;0.0;0.0;0.0;0.0;0.0;0.0;0.0;0.0;0.0;0.0;0.0;0.30196078431372547;0.9764705882352941;0.9921568627450981;0.6784313725490196;0.0;0.0;0.0;0.0;0.0;0.0;0.0;0.0;0.0;0.0;0.0;0.0784313725490196;0.3137254901960784;0.0;0.0;0.0;0.0;0.0;0.0;0.0;0.0;0.0;0.0;0.0;0.0;0.9450980392156862;0.9921568627450981;0.6784313725490196;0.0;0.0;0.050980392156862744;0.28627450980392155;0.0;0.0;0.0;0.0;0.0;0.0;0.39215686274509803;0.8705882352941177;0.9686274509803922;0.7529411764705882;0.0;0.0;0.0;0.0;0.0;0.0;0.0;0.0;0.0;0.0;0.0;0.9450980392156862;0.9921568627450981;0.7607843137254902;0.26666666666666666;0.3764705882352941;0.8196078431372549;0.9725490196078431;0.48627450980392156;0.12549019607843137;0.0;0.0;0.0;0.0;0.788235294117647;0.9921568627450981;0.9921568627450981;0.9137254901960784;0.11372549019607843;0.0;0.0;0.0;0.0;0.0;0.0;0.0;0.0;0.0;0.0;0.9450980392156862;0.9921568627450981;0.9921568627450981;0.9921568627450981;0.9921568627450981;0.9921568627450981;0.9921568627450981;0.9921568627450981;0.47058823529411764;0.0;0.0;0.0;0.0;0.6196078431372549;0.9372549019607843;0.9921568627450981;0.9921568627450981;0.803921568627451;0.0;0.0;0.0;0.0;0.0;0.0;0.0;0.0;0.0;0.0;0.9450980392156862;0.9921568627450981;0.9921568627450981;0.9921568627450981;0.9921568627450981;0.9921568627450981;0.9921568627450981;0.9921568627450981;0.8274509803921568;0.0;0.0;0.0;0.0;0.0;0.3764705882352941;0.9921568627450981;0.9921568627450981;0.9411764705882353;0.0;0.0;0.0;0.0;0.0;0.0;0.0;0.0;0.0;0.0;0.9450980392156862;0.9921568627450981;0.9921568627450981;0.9921568627450981;0.9921568627450981;0.9215686274509803;0.9529411764705882;0.9921568627450981;0.9921568627450981;0.0;0.0;0.0;0.0;0.0;0.21176470588235294;0.9921568627450981;0.9921568627450981;0.9411764705882353;0.0;0.0;0.0;0.0;0.0;0.0;0.0;0.0;0.0;0.0;0.9450980392156862;0.9921568627450981;0.9921568627450981;0.9921568627450981;0.9803921568627451;0.29411764705882354;0.6313725490196078;0.9921568627450981;0.9921568627450981;0.30980392156862746;0.0;0.0;0.0;0.0;0.21176470588235294;0.9921568627450981;0.9921568627450981;0.6352941176470588;0.0;0.0;0.0;0.0;0.0;0.0;0.0;0.0;0.0;0.0;0.9450980392156862;0.9921568627450981;0.9921568627450981;0.9921568627450981;0.5019607843137255;0.0;0.6313725490196078;0.9921568627450981;0.9921568627450981;0.5254901960784314;0.0;0.0;0.0;0.0;0.49019607843137253;0.9921568627450981;0.9921568627450981;0.4196078431372549;0.0;0.0;0.0;0.0;0.0;0.0;0.0;0.0;0.0;0.0;0.9490196078431372;0.996078431372549;0.996078431372549;0.8745098039215686;0.13725490196078433;0.0;0.3843137254901961;0.996078431372549;0.996078431372549;0.7529411764705882;0.023529411764705882;0.0;0.0;0.0;0.7372549019607844;1.0;1.0;0.4196078431372549;0.0;0.0;0.0;0.0;0.0;0.0;0.0;0.0;0.0;0.0;0.4470588235294118;0.9921568627450981;0.9921568627450981;0.7294117647058823;0.0;0.0;0.00784313725490196;0.596078431372549;0.9921568627450981;0.996078431372549;0.050980392156862744;0.0;0.0;0.0;0.7333333333333333;0.9921568627450981;0.9921568627450981;0.4196078431372549;0.0;0.0;0.0;0.0;0.0;0.0;0.0;0.0;0.0;0.0;0.4235294117647059;0.9921568627450981;0.9921568627450981;0.7294117647058823;0.0;0.0;0.0;0.5764705882352941;0.9921568627450981;0.996078431372549;0.5176470588235295;0.0;0.0;0.23921568627450981;0.9686274509803922;0.9921568627450981;0.9529411764705882;0.2627450980392157;0.0;0.0;0.0;0.0;0.0;0.0;0.0;0.0;0.0;0.0;0.4235294117647059;0.9921568627450981;0.9921568627450981;0.5607843137254902;0.0;0.0;0.0;0.13725490196078433;0.9921568627450981;0.996078431372549;0.7058823529411765;0.03529411764705882;0.0;0.26666666666666666;0.9921568627450981;0.9921568627450981;0.8862745098039215;0.0;0.0;0.0;0.0;0.0;0.0;0.0;0.0;0.0;0.0;0.0;0.6980392156862745;0.9921568627450981;0.9921568627450981;0.48627450980392156;0.0;0.0;0.0;0.054901960784313725;0.9921568627450981;0.996078431372549;0.9921568627450981;0.10196078431372549;0.0;0.6784313725490196;0.9921568627450981;0.9921568627450981;0.4745098039215686;0.0;0.0;0.0;0.0;0.0;0.0;0.0;0.0;0.0;0.0;0.0;0.3333333333333333;0.7803921568627451;0.7803921568627451;0.16470588235294117;0.0;0.0;0.0;0.01568627450980392;0.6470588235294118;0.996078431372549;0.9921568627450981;0.21176470588235294;0.23529411764705882;0.9411764705882353;0.9921568627450981;0.9607843137254902;0.2901960784313726;0.0;0.0;0.0;0.0;0.0;0.0;0.0;0.0;0.0;0.0;0.0;0.0;0.0;0.0;0.0;0.0;0.0;0.0;0.0;0.16470588235294117;1.0;0.9921568627450981;0.8784313725490196;0.7803921568627451;0.9921568627450981;0.9921568627450981;0.8352941176470589;0.0;0.0;0.0;0.0;0.0;0.0;0.0;0.0;0.0;0.0;0.0;0.0;0.0;0.0;0.0;0.0;0.0;0.0;0.0;0.0;0.0;0.6627450980392157;0.9921568627450981;0.9921568627450981;0.9921568627450981;0.9921568627450981;0.9921568627450981;0.7803921568627451;0.0;0.0;0.0;0.0;0.0;0.0;0.0;0.0;0.0;0.0;0.0;0.0;0.0;0.0;0.0;0.0;0.0;0.0;0.0;0.0;0.0;0.45098039215686275;0.9607843137254902;0.9921568627450981;0.9921568627450981;0.9921568627450981;0.9529411764705882;0.29411764705882354;0.0;0.0;0.0;0.0;0.0;0.0;0.0;0.0;0.0;0.0;0.0;0.0;0.0;0.0;0.0;0.0;0.0;0.0;0.0;0.0;0.0;0.0;0.4235294117647059;0.9921568627450981;0.9921568627450981;0.8549019607843137;0.12156862745098039;0.0;0.0;0.0;0.0;0.0;0.0;0.0;0.0;0.0;0.0;0.0;0.0;0.0;0.0;0.0;0.0;0.0;0.0;0.0;0.0;0.0;0.0;0.0;0.0;0.0;0.0;0.0;0.0;0.0;0.0;0.0;0.0;0.0;0.0;0.0;0.0;0.0;0.0;0.0;0.0;0.0;0.0;0.0;0.0;0.0;0.0;0.0;0.0;0.0;0.0;0.0;0.0;0.0;0.0;0.0;0.0;0.0;0.0;0.0;0.0;0.0;0.0;0.0;0.0;0.0;0.0;0.0;0.0;0.0;0.0;0.0;0.0;0.0;0.0;0.0;0.0;0.0;0.0;0.0;0.0;0.0;0.0;0.0;0.0;0.0;0.0;0.0;0.0;0.0;0.0;0.0;0.0;0.0;0.0;0.0;0.0;0.0;0.0;0.0;0.0;0.0;0.0;0.0;0.0;0.0;0.0;0.0;0.0;0.0;0.0;0.0;0.0;0.0;0.0;0.0;0.0;0.0;0.0;0.0,0.001798837,0.0,0.0,0.0,,,,,,,,,,,,,,,,,,,,,,,,,,,,,,,,,,
451,INFEASIBLE,certified_no_adversarial_example,feasibility,false,false,false,false,,,,0.510545744,0.014153718948364258,0.0,0.0,0.488749711,0.328212346,0.10876425899999999,0.10180878639221191,0.379985452,0.160537365,0.020831712,9626,154,154,0,4076,0,1597,690,3109,2867,0,0,3,4804,4716,88,3109,1607,0,1744,88,1137,4537,,571,0,
452,INFEASIBLE,certified_no_adversarial_example,feasibility,false,false,false,false,,,,0.340769203,0.011664628982543945,0.0,0.0,0.320975824,0.165089639,0.08917697100000001,0.0825202465057373,0.23179885300000003,0.155886185,0.018781045,9626,130,130,0,4077,0,1610,713,3096,2224,0,0,3,4804,4727,77,3096,1631,0,1726,80,1100,4472,,451,0,
453,INFEASIBLE,certified_no_adversarial_example,feasibility,false,false,false,false,,,,0.50510822,0.02302098274230957,0.0,0.0,0.472617142,0.308157381,0.185329563,0.17695379257202148,0.287287579,0.16445976099999998,0.031457874,9626,213,213,0,4038,0,1570,668,3137,5363,0,0,3,4804,4675,129,3137,1538,0,1829,131,1306,4833,,660,0,
454,INFEASIBLE,certified_no_adversarial_example,feasibility,false,false,false,false,,,,0.598839134,0.016080617904663086,0.0,0.0,0.572750571,0.350848259,0.23349755999999997,0.22344374656677246,0.33925301100000005,0.22190231200000005,0.025069219,9626,258,258,0,4078,0,1543,698,3049,7286,0,0,3,4804,4648,156,3049,1599,0,1884,159,1416,5025,,479,0,
455,INFEASIBLE,certified_no_adversarial_example,feasibility,false,false,false,false,,,,0.437394492,0.01768803596496582,0.0,0.0,0.411406891,0.23770538,0.15221848699999999,0.14439034461975098,0.259188404,0.173701511,0.024977761,9626,187,187,0,4042,0,1580,680,3137,4665,0,0,3,4804,4690,114,3137,1553,0,1799,116,1246,4728,,567,0,
456,INFEASIBLE,certified_no_adversarial_example,feasibility,false,false,false,false,,,,0.396464603,0.02097010612487793,0.0,0.0,0.367921526,0.210364186,0.126591951,0.11981844902038574,0.241329575,0.15755734,0.027519607,9626,146,146,0,3999,0,1602,638,3241,3711,0,0,3,4804,4722,82,3241,1481,0,1736,85,1120,4507,,608,0,
457,INFEASIBLE,certified_no_adversarial_example,feasibility,false,false,false,false,,,,0.469810628,0.02535724639892578,0.0,0.0,0.435733452,0.264617919,0.176129165,0.16768693923950195,0.25960428700000004,0.17111553300000004,0.033071943,9626,198,198,0,4028,0,1575,665,3160,5874,0,0,3,4804,4675,129,3160,1515,0,1826,129,1301,4824,,766,0,
458,INFEASIBLE,certified_no_adversarial_example,feasibility,false,false,false,false,,,,0.517123753,0.028405427932739258,0.0,0.0,0.479411757,0.308410093,0.21132370000000006,0.202742338180542,0.26808805699999994,0.171001664,0.03669841,9626,194,194,0,4050,0,1579,672,3131,6749,0,0,3,4804,4667,137,3131,1536,0,1845,139,1338,4889,,743,0,
459,INFEASIBLE,certified_no_adversarial_example,feasibility,false,false,false,false,,,,0.526817456,0.02326202392578125,0.0,0.0,0.493968839,0.323393289,0.22081494300000004,0.2115340232849121,0.27315389599999995,0.17057555000000002,0.031829743,9626,224,224,0,4065,0,1562,648,3127,8074,0,0,3,4804,4659,145,3127,1532,0,1862,148,1372,4948,,633,0,
460,INFEASIBLE,certified_no_adversarial_example,feasibility,false,false,false,false,,,,0.538573143,0.014417409896850586,0.0,0.0,0.514577249,0.314686902,0.19807036899999994,0.18760037422180176,0.31650688000000005,0.19989034700000002,0.022940975,9626,221,221,0,4054,0,1566,682,3103,4671,0,0,3,4804,4675,129,3103,1572,0,1831,133,1310,4839,,259,0,
461,INFEASIBLE,certified_no_adversarial_example,feasibility,false,false,false,false,,,,0.662303892,0.029820680618286133,0.0,0.0,0.623859014,0.461409404,0.22493749899999999,0.21559691429138184,0.398921515,0.16244960999999997,0.037415439,9626,196,196,0,4029,0,1572,658,3171,6080,0,0,3,4804,4690,114,3171,1519,0,1799,116,1246,4728,,902,0,
462,INFEASIBLE,certified_no_adversarial_example,feasibility,false,false,false,false,,,,0.37444825,0.010759830474853516,0.0,0.0,0.355446453,0.198427144,0.11336179499999997,0.10622072219848633,0.242084658,0.157019309,0.017984195,9626,161,161,0,4082,0,1595,693,3095,3493,0,0,3,4804,4714,90,3095,1619,0,1752,93,1152,4563,,407,0,
463,INFEASIBLE,certified_no_adversarial_example,feasibility,false,false,false,false,,,,0.420984245,0.013685226440429688,0.0,0.0,0.399600914,0.196100314,0.112628107,0.10520792007446289,0.28697280699999994,0.20350059999999998,0.020368474,9626,166,166,0,4104,0,1593,702,3061,2732,0,0,3,4804,4719,85,3061,1658,0,1741,87,1130,4525,,478,0,
464,INFEASIBLE,certified_no_adversarial_example,feasibility,false,false,false,false,,,,0.541792257,0.01337575912475586,0.0,0.0,0.519208689,0.340216874,0.216812388,0.2074141502380371,0.3023963009999999,0.17899181499999994,0.021556923,9626,235,235,0,4081,0,1557,675,3078,5876,0,0,3,4804,4668,136,3078,1590,0,1843,138,1334,4882,,472,0,
465,INFEASIBLE,certified_no_adversarial_example,feasibility,false,false,false,false,,,,0.909393753,0.18697142601013184,0.0,0.0,0.711915455,0.518207081,0.40429594199999996,0.39333415031433105,0.307619513,0.19370837399999996,0.196437681,9626,288,288,0,4076,0,1531,651,3080,11516,0,0,3,4804,4631,173,3080,1551,0,1918,176,1484,5144,,1098,0,
466,INFEASIBLE,certified_no_adversarial_example,feasibility,false,false,false,false,,,,0.388379426,0.018473148345947266,0.0,0.0,0.362094238,0.19958248500000003,0.11730984100000001,0.11027717590332031,0.244784397,0.16251175299999998,0.025259044,9626,168,168,0,4073,0,1592,693,3100,2839,0,0,3,4804,4711,93,3100,1611,0,1754,93,1157,4572,,636,0,
467,INFEASIBLE,certified_no_adversarial_example,feasibility,false,false,false,false,,,,0.556136915,0.030866622924804688,0.0,0.0,0.515216601,0.334718439,0.23762452700000003,0.22810602188110352,0.27759207399999997,0.18049816200000002,0.039918286,9626,260,260,0,4065,0,1545,665,3091,7078,0,0,3,4804,4640,164,3091,1549,0,1900,167,1448,5081,,761,0,
468,INFEASIBLE,certified_no_adversarial_example,feasibility,false,false,false,false,,,,0.467594712,0.018717527389526367,0.0,0.0,0.440227075,0.268143887,0.17662877600000002,0.16844511032104492,0.263598299,0.172083188,0.026355354,9626,194,194,0,4061,0,1577,666,3128,5308,0,0,3,4804,4686,118,3128,1558,0,1808,121,1264,4759,,574,0,
469,INFEASIBLE,certified_no_adversarial_example,feasibility,false,false,false,false,,,,0.43623031,0.027904510498046875,0.0,0.0,0.400583082,0.209147728,0.130693315,0.1234133243560791,0.269889767,0.19143535399999997,0.03463911,9626,162,162,0,4061,0,1595,673,3135,3344,0,0,3,4804,4717,87,3135,1582,0,1747,91,1142,4545,,852,0,
470,INFEASIBLE,certified_no_adversarial_example,feasibility,false,false,false,false,,,,0.607261816,0.012485742568969727,0.0,0.0,0.586122893,0.41525027200000003,0.18184159199999997,0.1728963851928711,0.40428130100000004,0.17087262099999995,0.020114522,9626,196,196,0,4070,0,1575,691,3094,5217,0,0,3,4804,4685,119,3094,1591,0,1809,121,1266,4763,,436,0,
471,INFEASIBLE,certified_no_adversarial_example,feasibility,false,false,false,false,,,,0.566893434,0.02125382423400879,0.0,0.0,0.535329431,0.35878592099999995,0.250681278,0.24130487442016602,0.28464815299999996,0.17654351000000001,0.030556706,9626,232,232,0,4067,0,1559,665,3103,7901,0,0,3,4804,4653,151,3103,1550,0,1875,155,1398,4993,,560,0,
472,INFEASIBLE,certified_no_adversarial_example,feasibility,false,false,false,false,,,,0.623426072,0.12199616432189941,0.0,0.0,0.492602277,0.326793768,0.195333536,0.18679499626159668,0.297268741,0.165808509,0.129786874,9626,203,203,0,4012,0,1573,652,3186,5796,0,0,3,4804,4684,120,3186,1498,0,1812,123,1272,4773,,747,0,
473,INFEASIBLE,certified_no_adversarial_example,feasibility,false,false,false,false,,,,0.530902282,0.0374147891998291,0.0,0.0,0.484480359,0.296054573,0.201484094,0.19268012046813965,0.282996265,0.18842578600000004,0.045400316,9626,218,218,0,4049,0,1565,668,3126,5791,0,0,3,4804,4680,124,3126,1554,0,1821,128,1290,4804,,938,0,
474,INFEASIBLE,certified_no_adversarial_example,feasibility,false,false,false,false,,,,0.454496012,0.018267154693603516,0.0,0.0,0.427340182,0.275323249,0.18316551199999997,0.17475676536560059,0.24417467000000004,0.15201693300000002,0.026122424,9626,218,218,0,3970,0,1567,613,3258,4941,0,0,3,4804,4688,116,3258,1430,0,1804,119,1256,4745,,497,0,
475,INFEASIBLE,certified_no_adversarial_example,feasibility,false,false,false,false,,,,0.532510165,0.02273273468017578,0.0,0.0,0.499987188,0.30734678400000004,0.21965281200000006,0.20991826057434082,0.280334376,0.192640404,0.031483933,9626,242,242,0,4103,0,1551,681,3049,7006,0,0,3,4804,4657,147,3049,1608,0,1869,153,1386,4971,,552,0,
476,INFEASIBLE,certified_no_adversarial_example,feasibility,false,false,false,false,,,,0.475610461,0.02104473114013672,0.0,0.0,0.445558633,0.272865913,0.17593406299999997,0.16757774353027344,0.26962457,0.17269271999999997,0.029021197,9626,206,206,0,4094,0,1573,698,3055,4940,0,0,3,4804,4676,128,3055,1621,0,1824,128,1297,4817,,632,0,
477,INFEASIBLE,certified_no_adversarial_example,feasibility,false,false,false,false,,,,0.458291336,0.022040128707885742,0.0,0.0,0.428132987,0.26899975200000004,0.17486062,0.1669619083404541,0.253272367,0.15913323499999998,0.029132965,9626,186,186,0,3999,0,1578,644,3219,5274,0,0,3,4804,4706,98,3219,1487,0,1767,100,1182,4616,,679,0,
478,INFEASIBLE,certified_no_adversarial_example,feasibility,false,false,false,false,,,,0.405582749,0.013281822204589844,0.0,0.0,0.384125427,0.215276239,0.131031768,0.12316155433654785,0.253093659,0.168849188,0.020428765,9626,190,190,0,4043,0,1580,693,3120,3204,0,0,3,4804,4700,104,3120,1580,0,1776,104,1201,4649,,520,0,
479,INFEASIBLE,certified_no_adversarial_example,feasibility,false,false,false,false,,,,2.172491117,1.6979851722717285,,0.0,0.465226614,0.25929835599999995,0.17796085,0.1689896583557129,0.287265764,0.20592825800000003,1.706207203,9626,216,216,0,4037,0,1562,655,3156,5736,0,0,3,4804,4675,129,3156,1519,0,1830,132,1308,4836,,1647,0,
480,OPTIMAL,adversarial_example_found_or_best_known,feasibility,true,true,true,true,1.7763568394002505e-14,-8.418326141411548;-19.59418043444485;-9.301211191926416;-3.8775878349611954;-5.952579421465376;-4.262700760386961;-11.01082950366747;-10.071732660820588;-0.16758090912089596;-0.16758090912091372,0.1;0.0;0.0;0.1;0.1;0.0;0.0;0.1;0.1;0.0;0.0;0.0;0.0;0.1;0.1;0.1;0.1;0.0;0.0;0.1;0.1;0.0;0.0;0.1;0.1;0.0;0.0;0.1;0.1;0.0;0.0;0.1;0.0;0.0;0.0;0.1;0.0;0.1;0.0;0.1;0.1;0.0;0.0;0.1;0.1;0.1;0.1;0.1;0.1;0.1;0.0;0.1;0.0;0.0;0.0;0.0;0.1;0.0;0.0;0.1;0.1;0.0;0.0;0.1;0.1;0.0;0.0;0.1;0.0;0.0;0.0;0.0;0.0;0.1;0.0;0.1;0.1;0.0;0.0;0.1;0.1;0.0;0.0;0.0;0.0;0.1;0.0;0.1;0.0;0.1;0.1;0.1;0.0;0.0;0.0;0.1;0.0;0.0;0.0;0.0;0.0;0.0;0.0;0.1;0.0;0.0;0.09209912692823757;0.1;0.0;0.1;0.0;0.0;0.0;0.1;0.0;0.1;0.1;0.0;0.0;0.1;0.1;0.0;0.0;0.1;0.1;0.0;0.0;0.0;0.0;0.0;0.0;0.1;0.1;0.0;0.0;0.1;0.1;0.0;0.0;0.0;0.0;0.0;0.0;0.1;0.1;0.1;0.1;0.0;0.0;0.0;0.0;0.1;0.0;0.1;0.0;0.1;0.0;0.0;0.0;0.1;0.0;0.0;0.0;0.1;0.1;0.1;0.0;0.1;0.1;0.0;0.0;0.0;0.1;0.1;0.0;0.1;0.1;0.0;0.0;0.1;0.1;0.1;0.0;0.1;0.1;0.0;0.0;0.1;0.1;0.0;0.0;0.1;0.1;0.1;0.1;0.0;0.0;0.1;0.0;0.0;0.1;0.0;0.1;0.1784313725490196;0.27254901960784317;0.5901960784313726;0.49215686274509807;0.49215686274509807;0.3509803921568627;0.10220852432478832;0.0;0.1;0.0;0.1;0.0;0.1;0.0;0.1;0.1;0.0;0.1;0.1;0.1;0.0;0.1;0.0;0.0;0.0;0.0;0.1;0.3235294117647059;0.9549019607843137;0.8921568627450981;0.8921568627450981;0.8921568627450981;0.8921568627450981;0.8921568627450981;0.8372549019607843;0.10174016200862727;0.1;0.0;0.0;0.0;0.1;0.1;0.1;0.0;0.0;0.0;0.1;0.1;0.0;0.0;0.0;0.0;0.0;0.1;0.19019607843135578;0.868146680529959;1.0;0.5980392156862745;0.6254901960784314;0.4254901960784314;0.6055437903313734;0.7549019607843137;1.0;0.7392156862745098;0.0;0.0;0.0;0.1;0.0;0.0;0.10222212468032663;0.10185844795688503;0.1;0.1;0.1;0.1;0.1;0.1;0.0;0.0;0.0;0.0;0.7549019607843137;1.0;0.707843137254902;0.09737215061570156;0.0;0.09934427620181774;0.0;0.1;0.6686274509803921;0.8921568627450981;0.19411764705882353;0.0;0.0;0.0;0.1;0.3431372549019608;1.0;0.46862745098039216;0.0;0.0;0.1;0.1;0.0;0.0;0.1;0.0;0.1;0.1;1.0;0.7901960784313725;0.10395473991513389;0.0;0.0;0.1;0.0;0.1;0.16666666666666669;0.9308594648236208;0.7313725490196078;0.1;0.0;0.1;0.1392156862745098;0.7980392156862745;0.7549019607843137;1.0;0.5196078431372549;0.0;0.1;0.0;0.0;0.1;0.0;0.0;0.1;0.09933853851595677;1.0;0.5941176470588235;0.0;0.0;0.0;0.1;0.0;0.1;0.10784313725490197;0.5666666666666667;0.5313725490196078;0.0;0.0;0.0;0.11176470588235295;0.1627450980392157;0.1;0.8686274509803922;0.9440861135005029;0.0;0.1;0.1;0.0;0.1;0.0;0.0;0.1;0.1;0.9;0.5941176470588235;0.1;0.0;0.1;0.1;0.0;0.1;0.10295376916128904;0.7842602654368132;0.4647058823529412;0.1;0.0;0.0;0.0;0.1;0.0;0.36274509803921573;1.0;0.4294117647058824;0.1;0.0;0.0;0.0;0.0;0.0;0.1;0.1;0.9431372549019608;0.703921568627451;0.14705882352941177;0.0;0.1;0.0;0.1;0.1;0.15098039215686276;0.8176470588235294;0.31176470588235294;0.0;0.0;0.0;0.0;0.1;0.1;0.22941176470588234;0.8921568627450981;1.0;0.1;0.1;0.0;0.0;0.0;0.0;0.0;0.1;0.3704792871701562;0.8921568627450981;0.48039215686274506;0.0;0.10185396873302574;0.10220606926995025;0.1;0.1;0.6019607843137255;0.8568627450980392;0.10355567725726429;0.0;0.1;0.0;0.0;0.0;0.0;0.22941176470588237;1.0;0.8921568627450981;0.1;0.0;0.0;0.0;0.0;0.0;0.1;0.09998390420844691;0.15098039215686276;0.8137254901960784;0.8921568627450981;1.0;1.0;0.6325647713606231;0.7588235294117647;0.5784313725490197;1.0;0.4607843137254902;0.1;0.1;0.1;0.0;0.0;0.0;0.0;0.22941176470588237;0.8921568627450981;0.8921568627450981;0.1;0.1;0.0;0.0;0.0;0.0;0.0;0.1;0.1;0.1588235294117647;0.6490196078431373;1.0;0.8921568627450981;1.0;0.8921568627450981;1.0;1.0;0.7745098039215687;0.37450980392156863;0.28823529411764703;0.1;0.0;0.1;0.1;0.18733417503632793;0.6301728994907637;1.0;0.5470588235294118;0.1;0.0;0.0;0.1;0.0;0.0;0.1;0.1;0.1;0.09896697386824554;0.0;0.0944781823189958;0.5666666666666667;0.3666666666666667;0.5666666666666667;0.6882352941176471;0.9941176470588236;0.8921568627450981;1.0;1.0;0.7745098039215687;0.6294117647058823;0.6294117647058823;0.5392156862745098;0.8725490196078431;1.0;1.0;0.09487943713997743;0.1;0.1;0.0;0.1;0.0;0.0;0.0;0.1;0.1;0.1;0.0;0.1;0.1;0.1;0.1;0.1;0.10396404651380167;0.36142050020640343;0.6372549019607844;0.6372549019607844;0.7;1.0;1.0;1.0;0.7975154207538196;1.0;0.4365483786103424;0.0;0.0;0.0;0.0;0.1;0.0;0.0;0.0;0.1;0.1;0.1;0.1;0.1;0.1;0.1;0.0;0.1;0.1;0.09756890832165017;0.1;0.09711027058060684;0.0;0.2333333333333333;0.6450980392156862;0.25485142336506217;0.0;0.09904606868784088;0.1;0.1;0.1;0.0;0.0;0.0;0.0;0.0;0.0;0.1;0.0;0.0;0.0;0.1;0.1;0.0;0.0;0.1;0.1;0.1;0.1;0.1;0.0;0.0;0.0;0.1;0.0;0.1;0.1;0.1;0.1;0.0;0.0;0.1;0.0;0.0;0.0;0.1;0.0;0.1;0.0;0.0;0.1;0.1;0.0;0.0;0.1;0.1;0.1;0.1;0.0;0.0;0.0;0.0;0.0;0.1;0.1;0.1;0.0;0.0;0.0;0.0;0.0;0.0;0.0;0.0;0.0;0.0;0.0;0.0;0.0;0.1;0.0;0.1;0.0;0.1;0.0;0.1;0.0;0.0;0.0;0.0;0.0;0.0;0.1;0.0;0.0;0.0;0.1;0.1;0.1;0.0;0.0;0.0;0.0;0.0;0.1;0.1;0.1;0.1;0.0;0.0;0.1;0.1;0.1;0.1;0.0;0.0;0.1;0.1;0.0;0.0;0.1;0.1;0.0;0.0;0.0;0.0;0.1;0.0;0.1;0.0;0.0;0.0;0.1;0.0;0.1;0.1;0.1;0.1;0.1;0.0;0.1;0.0;0.0;0.0;0.1;0.1;0.0;0.1;0.1;0.1;0.1;0.0;0.1;0.1;0.1;0.1;0.1;0.1;0.0;0.0;0.1;0.1;0.1;0.1;0.1;0.1;0.031795449972398054;0.0;0.0;0.0;0.1;0.1;0.1;0.1;0.0;0.0;0.1;0.1;0.0;0.0;0.1;0.0;0.0;0.0;0.1;0.1;0.0;0.0;0.1;0.0;0.0;0.0;0.1;0.0;0.0;0.0;0.1;0.0;0.1;0.1;0.1;0.1;0.1;0.1;0.0;0.1;0.0;0.0;0.0,14.003159624,13.367400407791138,0.0,0.0,0.624776034,0.448746651,0.21415114700000001,0.20518279075622559,0.410624887,0.17602938300000004,13.37619812,9626,220,220,0,4053,0,1566,683,3104,7266,0,0,3,4804,4653,151,3104,1549,0,1874,154,1396,4990,1,166496,,0.0
481,INFEASIBLE,certified_no_adversarial_example,feasibility,false,false,false,false,,,,0.362803706,0.014464139938354492,0.0,0.0,0.340410905,0.19346564200000002,0.110158203,0.1034400463104248,0.23025270199999998,0.14694526299999996,0.021385295,9626,148,148,0,3979,0,1603,636,3260,3222,0,0,3,4804,4722,82,3260,1462,0,1737,86,1122,4510,,450,0,
482,INFEASIBLE,certified_no_adversarial_example,feasibility,false,false,false,false,,,,0.477355394,0.02013993263244629,0.0,0.0,0.448872127,0.250156254,0.155676853,0.1478137969970703,0.293195274,0.198715873,0.027486257,9626,187,187,0,4039,0,1582,662,3156,4698,0,0,3,4804,4689,115,3156,1533,0,1798,115,1245,4726,,625,0,
483,INFEASIBLE,certified_no_adversarial_example,feasibility,false,false,false,false,,,,0.447796448,0.016076326370239258,0.0,0.0,0.423602147,0.263200824,0.16751757900000003,0.15962624549865723,0.25608456799999996,0.16040132299999998,0.023187297,9626,190,190,0,4021,0,1580,661,3174,4829,0,0,3,4804,4698,106,3174,1524,0,1783,108,1214,4672,,523,0,
484,INFEASIBLE,certified_no_adversarial_example,feasibility,false,false,false,false,,,,0.466323822,0.01750349998474121,0.0,0.0,0.440174468,0.25209562500000005,0.17463424700000002,0.1664729118347168,0.26554022099999997,0.18807884299999994,0.025141748,9626,198,198,0,4003,0,1576,656,3193,4451,0,0,3,4804,4686,118,3193,1493,0,1810,123,1268,4765,,503,0,
485,INFEASIBLE,certified_no_adversarial_example,feasibility,false,false,false,false,,,,0.433675807,0.016528844833374023,0.0,0.0,0.409003716,0.238882566,0.15946061999999997,0.15215826034545898,0.24954309600000005,0.17012115000000003,0.023660058,9626,161,161,0,4027,0,1594,672,3172,5354,0,0,3,4804,4698,106,3172,1526,0,1780,106,1209,4663,,580,0,
486,INFEASIBLE,certified_no_adversarial_example,feasibility,false,false,false,false,,,,0.47435559,0.022168874740600586,0.0,0.0,0.443262966,0.257566014,0.17739559,0.168792724609375,0.265867376,0.18569695199999997,0.030088663,9626,204,204,0,4055,0,1570,677,3120,5938,0,0,3,4804,4674,130,3120,1554,0,1832,133,1312,4843,,689,0,
487,INFEASIBLE,certified_no_adversarial_example,feasibility,false,false,false,false,,,,0.474079134,0.019602060317993164,0.0,0.0,0.445223256,0.258919613,0.177620641,0.1687617301940918,0.26760261500000004,0.18630364300000002,0.027856744,9626,201,201,0,4062,0,1574,688,3101,5539,0,0,3,4804,4672,132,3101,1571,0,1838,137,1324,4863,,538,0,
488,INFEASIBLE,certified_no_adversarial_example,feasibility,false,false,false,false,,,,0.551400452,0.03014969825744629,0.0,0.0,0.512039133,0.34699531299999997,0.21607719000000003,0.2069530487060547,0.295961943,0.16504382000000006,0.038328024,9626,209,209,0,4053,0,1567,648,3149,6841,0,0,3,4804,4678,126,3149,1529,0,1820,126,1289,4803,,822,0,
489,INFEASIBLE,certified_no_adversarial_example,feasibility,false,false,false,false,,,,0.611245869,0.01870441436767578,0.0,0.0,0.583774975,0.410569826,0.18100070499999998,0.17255163192749023,0.40277427,0.17320514899999995,0.026444899,9626,198,198,0,4030,0,1576,664,3158,6189,0,0,3,4804,4683,121,3158,1525,0,1810,121,1269,4768,,599,0,
490,INFEASIBLE,certified_no_adversarial_example,feasibility,false,false,false,false,,,,0.402435131,0.014651775360107422,0.0,0.0,0.378982074,0.22776825899999997,0.11617717000000001,0.10924839973449707,0.262804904,0.15121381500000003,0.0224323,9626,153,153,0,3972,0,1599,639,3263,3045,0,0,3,4804,4732,72,3263,1469,0,1717,76,1082,4440,,421,0,
491,INFEASIBLE,certified_no_adversarial_example,feasibility,false,false,false,false,,,,0.49420949,0.016835927963256836,0.0,0.0,0.468976164,0.271831496,0.164264518,0.1557457447052002,0.304711646,0.19714466799999997,0.024238309,9626,205,205,0,4044,0,1568,684,3125,5446,0,0,3,4804,4685,119,3125,1560,0,1809,121,1266,4763,,624,0,
492,INFEASIBLE,certified_no_adversarial_example,feasibility,false,false,false,false,,,,0.528087845,0.02176690101623535,0.0,0.0,0.497118947,0.321696098,0.230692852,0.22194552421569824,0.266426095,0.175422849,0.029960109,9626,219,219,0,4042,0,1564,678,3123,7254,0,0,3,4804,4664,140,3123,1541,0,1851,142,1350,4910,,613,0,
493,OPTIMAL,adversarial_example_found_or_best_known,feasibility,true,true,true,true,2.042810365310288e-14,-7.717538396671643;-14.898556036148129;4.217859446758434;0.275951670179039;-20.46292423663547;-7.4757465324407075;-10.076926937932097;-11.503296195835967;4.217859446758454;-10.70386478145964,0.0;0.1;0.1;0.0;0.0;0.0;0.0;0.1;0.1;0.0;0.0;0.1;0.1;0.0;0.0;0.1;0.0;0.0;0.0;0.0;0.0;0.1;0.1;0.0;0.0;0.1;0.1;0.0;0.1;0.1;0.1;0.0;0.0;0.0;0.0;0.1;0.1;0.0;0.0;0.1;0.1;0.1;0.1;0.1;0.0;0.0;0.0;0.0;0.0;0.0;0.0;0.0;0.0;0.0;0.0;0.0;0.0;0.0;0.1;0.0;0.0;0.1;0.0;0.1;0.1;0.1;0.0;0.1;0.1;0.1;0.1;0.1;0.0;0.0;0.0;0.0;0.0;0.0;0.0;0.0;0.0;0.0;0.0;0.0;0.0;0.0;0.0;0.0;0.0;0.1;0.0;0.1;0.0;0.0;0.1;0.1;0.1;0.0;0.1;0.1;0.1;0.1;0.0;0.0;0.0;0.0;0.0;0.0;0.0;0.0;0.0;0.1;0.0;0.0;0.0;0.1;0.0;0.1;0.0;0.0;0.0;0.0;0.1;0.1;0.1;0.1;0.1;0.0;0.0;0.1;0.0;0.0;0.0;0.4019607843137255;0.6490196078431373;0.0;0.0;0.0;0.0;0.0;0.0;0.0;0.0;0.1;0.1;0.1;0.1;0.1;0.0;0.0;0.0;0.1;0.1;0.1;0.1;0.1;0.1;0.1;0.1;0.20285533147815327;1.0;1.0;0.9;0.0;0.0;0.0;0.0;0.0;0.0;0.0;0.1;0.0;0.1;0.0;0.0;0.1;0.1;0.0;0.0;0.0;0.0;0.1;0.1;0.1;0.1;0.1;0.15098039215686274;1.0;1.0;1.0;0.9;0.4019607843137255;0.0;0.0;0.0;0.0;0.0;0.0;0.0;0.0;0.0;0.0;0.0;0.1;0.0;0.0;0.1;0.0;0.1;0.0;0.1;0.1;0.1;0.1;0.6019607843137255;1.0;0.9;1.0;1.0;0.49088910890687304;0.0;0.1;0.0;0.0;0.0;0.0;0.0;0.1;0.0;0.0;0.0;0.1;0.1;0.0;0.0;0.0;0.0;0.1;0.1;0.1;0.09952451873271682;0.15098039215686274;1.0;0.9;0.9;1.0;0.9;0.1;0.0;0.0;0.0;0.0;0.0;0.1;0.0;0.1;0.0;0.0;0.1;0.0;0.1;0.0;0.1;0.0;0.1;0.0;0.0;0.1;0.1;0.6490196078431373;1.0;0.27048397814163994;0.9;0.9;1.0;0.0;0.1;0.1;0.1;0.0;0.0;0.1;0.0;0.1;0.1;0.0;0.1;0.0;0.1;0.1;0.1;0.1;0.1;0.0;0.0;0.0;0.6019607843137255;1.0;1.0;0.0;0.9;0.9;0.8490196078431372;0.0;0.0;0.1;0.1;0.0;0.0;0.0;0.0;0.1;0.1;0.0;0.1;0.2625826030407867;0.3509803921568627;0.1;0.1;0.0;0.1;0.1;0.0;0.3147176209563963;1.0;1.0;0.1;0.1;0.9;0.9;0.58515194710502;0.0;0.1;0.1;0.0;0.0;0.0;0.0;0.0;0.1;0.0;0.3509803921568627;0.6490196078431373;0.9;0.6019607843137255;0.1;0.1;0.0;0.1;0.0;0.0;0.6490196078431373;1.0;0.6019607843137255;0.0;0.1;0.933261161013687;0.9;0.3509803921568627;0.0;0.0;0.1;0.1;0.0;0.0;0.1;0.0;0.1;0.0;0.7461385391397317;1.0;1.0;0.1;0.1;0.1;0.0;0.1;0.0;0.3509803921568627;1.0;0.8490196078431372;0.1;0.1;0.15098039215686274;0.9;0.9;0.0;0.0;0.0;0.1;0.0;0.0;0.0;0.0;0.0;0.1;0.0;1.0;1.0;0.4019607843137255;0.0;0.1;0.1;0.0;0.0;0.15098039215686274;1.0;0.6490196078431373;0.0;0.0;0.0;0.9;0.9;0.6019607843137255;0.0;0.0;0.0;0.1;0.1;0.0;0.0;0.1;0.0;0.0;0.5698831307166743;0.9;1.0;0.3254902150790306;0.0;0.0;0.0;0.0;0.0;0.7975879557507408;0.9;0.15658508899149542;0.0;0.1;0.3509803921568627;0.9242461326376501;0.9;0.19130166339789517;0.06487908612927244;0.1;0.1;0.1;0.0;0.1;0.0;0.1;0.1;0.1;0.6019607843137255;0.9;1.0;0.0;0.0;0.0;0.0;0.1;0.6019607843137255;0.9;0.6490196078431373;0.0;0.0;0.0;0.4019607843137255;0.9;0.9;0.0;0.0;0.1;0.1;0.0;0.0;0.1;0.0;0.1;0.0;0.0;0.8490196078431372;0.9;1.0;0.509230149926185;0.0;0.1;0.0;0.1;0.9;1.0;0.15098039215686274;0.0;0.0;0.1;0.5293403878222597;0.9;0.0;0.0;0.0;0.0;0.0;0.0;0.1;0.0;0.0;0.1;0.1;0.1;1.0;0.9;1.0;0.0;0.0;0.0;0.09853262767450188;0.6490196078431373;0.9;0.3509803921568627;0.0;0.0;0.0;0.1;1.0;0.6490196078431373;0.0;0.0;0.0;0.0;0.0;0.0;0.0;0.1;0.1;0.1;0.1;0.1;0.9;0.9;0.4019607843137255;0.0;0.0;0.0;0.15098039215686274;1.0;0.5921625140564013;0.1;0.1;0.0;0.1;0.0;0.6490196078431373;0.1;0.1;0.0;0.1;0.0;0.0;0.1;0.1;0.0;0.0;0.1;0.1;0.1;0.9;1.0;0.6490196078431373;0.1;0.0;0.15098039215686274;1.0;1.0;0.0;0.1;0.1;0.0;0.0;0.0;0.15098039215686274;0.0;0.0;0.0;0.1;0.1;0.1;0.1;0.1;0.0;0.0;0.1;0.1;0.1;0.4019607843137255;0.9;0.9;0.4019607843137255;0.43086894649725455;1.0;1.0;0.5237285859092866;0.1;0.1;0.1;0.0;0.0;0.0;0.0;0.0;0.1;0.1;0.0;0.0;0.1;0.1;0.03781268268362243;0.0;0.0;0.1;0.1;0.0;0.15098039215686274;0.9;0.9;1.0;0.9;0.9;0.8490196078431372;0.1;0.1;0.1;0.1;0.0;0.0;0.0;0.1;0.0;0.0;0.1;0.1;0.1;0.1;0.1;0.1;0.0;0.0;0.1;0.1;0.1;0.0;0.17443445559133028;0.9;0.9;0.6617185530668058;0.1;0.1;0.1;0.03616458463898652;0.1;0.1;0.0;0.003611873289014873;0.0;0.1;0.0;0.1;0.1;0.1;0.1;0.014860972153292384;0.1;0.0;0.1;0.0;0.0;0.1;0.1;0.1;0.0;0.09784320914378185;0.1;0.0;0.0;0.0;0.1;0.1;0.1;0.1;0.0;0.0;0.1;0.0;0.0;0.1;0.0;0.1;0.1;0.1;0.1;0.1;0.0;0.0;0.0;0.1;0.1;0.1;0.0;0.0;0.0;0.0;0.0;0.1;0.1;0.1;0.1;0.1;0.0;0.1;0.1;0.1;0.0;0.0;0.1;0.1;0.0;0.0;0.0;0.0;0.0;0.0;0.0;0.1;0.1;0.1;0.0;0.0;0.0;0.0;0.1;0.1;0.1;0.1;0.1;0.1;0.0;0.0;0.1;0.1;0.0;0.0;0.0;0.0;0.0;0.0;0.1;0.1;0.0;0.1;0.1;0.0;0.0;0.0;0.0;0.0;0.0;0.0;0.0;0.0;0.0;0.0;0.1;0.0;0.1;0.0;0.1;0.0;0.0;0.0;0.1;0.1;0.1;0.0;0.0;0.0;0.0,0.553208627,0.18238377571105957,0.0,0.0,0.362067062,0.198347281,0.117651135,0.11061334609985352,0.24441592699999998,0.163719781,0.189021042,9626,169,169,0,4052,0,1592,694,3119,3021,0,0,3,4804,4706,98,3119,1587,0,1764,98,1177,4607,1,1557,,0.0
494,INFEASIBLE,certified_no_adversarial_example,feasibility,false,false,false,false,,,,0.638598567,0.02039027214050293,0.0,0.0,0.608140597,0.423374862,0.307687217,0.2980308532714844,0.30045338,0.184765735,0.029474359,9626,242,242,0,4117,0,1554,704,3009,8664,0,0,3,4804,4638,166,3009,1629,0,1903,168,1454,5092,,557,0,
495,INFEASIBLE,certified_no_adversarial_example,feasibility,false,false,false,false,,,,0.523026133,0.031967878341674805,0.0,0.0,0.48196686,0.320034904,0.21503634699999996,0.20658302307128906,0.26693051300000004,0.161931956,0.040061351,9626,220,220,0,4045,0,1567,649,3145,5664,0,0,3,4804,4672,132,3145,1527,0,1836,135,1320,4857,,851,0,
496,OPTIMAL,adversarial_example_found_or_best_known,feasibility,true,true,true,true,-6.8833827526759706e-15,-2.6187141603886857;-14.549264337859169;0.07604350001354865;-3.8836380977639227;-8.14544501298775;-7.976831023767598;-2.029881038141726;-16.9483127418868;0.07604350001355553;-8.828294014627533,0.1;0.0;0.0;0.1;0.1;0.1;0.1;0.0;0.0;0.1;0.1;0.1;0.0;0.1;0.1;0.0;0.0;0.0;0.0;0.1;0.1;0.0;0.0;0.1;0.1;0.0;0.0;0.1;0.0;0.0;0.0;0.0;0.1;0.1;0.0;0.1;0.0;0.1;0.1;0.1;0.0;0.0;0.0;0.1;0.1;0.1;0.1;0.1;0.0;0.1;0.0;0.0;0.0;0.1;0.0;0.0;0.1;0.0;0.0;0.1;0.1;0.0;0.0;0.0;0.0;0.0;0.1;0.1;0.1;0.0;0.0;0.0;0.0;0.0;0.0;0.1;0.1;0.1;0.1;0.1;0.1;0.1;0.1;0.0;0.1;0.1;0.0;0.1;0.0;0.0;0.0;0.0;0.0;0.0;0.0;0.1;0.1;0.0;0.0;0.0;0.1;0.0;0.1;0.0;0.0;0.0;0.1;0.1;0.1;0.1;0.1;0.0;0.1;0.0;0.0;0.1;0.1;0.0;0.0;0.0;0.0;0.0;0.0;0.1;0.1;0.0;0.0;0.0;0.0;0.0;0.1;0.1;0.1;0.1;0.1;0.0;0.1;0.1;0.1;0.0;0.0;0.0;0.0;0.0;0.0;0.1;0.0;0.1;0.0;0.0;0.0;0.0;0.0;0.0;0.0;0.0;0.0;0.0;0.0;0.0;0.0;0.0;0.1;0.1;0.1;0.1;0.1;0.0;0.1;0.0;0.0;0.1;0.1;0.1;0.1;0.1;0.1;0.0;0.0;0.1;0.1;0.0;0.0;0.1;0.0;0.28823529411764703;0.4372549019607843;0.2333333333333333;0.2333333333333333;0.009803921568627444;0.1;0.0;0.1;0.1;0.1;0.0;0.1;0.0;0.1;0.0;0.1;0.0;0.1;0.1;0.0;0.0;0.0;0.1;0.0;0.0;0.0;0.27647058823529413;0.6882352941176471;0.9901960784313725;1.0;0.8882352941176471;0.8882352941176471;0.7871780506900083;0.5666666666666667;0.0;0.1;0.1;0.0;0.0;0.1;0.0;0.0;0.0;0.0;0.0;0.0;0.1;0.1;0.0;0.0;0.1;0.0;0.0;0.692156862745098;0.8176470588235294;1.0;1.0;1.0;0.8882352941176471;1.0;0.8882352941176471;1.0;0.0;0.0;0.1;0.1;0.0;0.1;0.0;0.1;0.0;0.1;0.0;0.1;0.1;0.1;0.1;0.0;0.1;0.0;0.4966622131393872;0.8631426578206428;0.8882352941176471;0.8882352941176471;0.8882352941176471;0.8921568627450981;0.8882352941176471;0.8882352941176471;0.8882352941176471;1.0;0.0;0.0;0.0;0.1;0.1;0.1;0.0;0.0;0.0;0.0;0.0;0.0;0.1;0.1;0.5235294117647059;0.8921568627450981;1.0;0.8921568627450981;1.0;1.0;0.8921568627450981;0.8921568627450981;1.0;0.9;0.8450980392156863;1.0;1.0;0.8921568627450981;0.0;0.0;0.1;0.1;0.1;0.0;0.0;0.1;0.0;0.1;0.1;0.10278870227248944;0.4725490196078431;1.0;1.0;1.0;1.0;0.8882352941176471;1.0;0.8882352941176471;0.8882352941176471;0.6647058823529411;0.24901960784313723;0.0;0.5292664714872275;1.0;0.8882352941176471;0.8882352941176471;0.1;0.1;0.1;0.1;0.1;0.0;0.0;0.0;0.0;0.1;0.07647058823529412;0.511764705882353;1.0;0.8921568627450981;0.8882352941176471;1.0;1.0;0.8882352941176471;0.8921568627450981;0.8882352941176471;1.0;0.3549019607843137;0.0;0.09323790400778033;0.9823529411764705;1.0;0.8882352941176471;0.8882352941176471;0.0;0.0;0.0;0.0;0.1;0.0;0.1;0.0;0.1;0.0;0.896078431372549;0.8882352941176471;0.8882352941176471;1.0;0.8882352941176471;0.8764705882352941;0.36143479528018313;0.8635331618442995;1.0;1.0;0.4501716414243484;0.0;0.0;0.1020741369159182;0.9941176470588236;0.8882352941176471;0.8882352941176471;0.515686274509804;0.0;0.0;0.0;0.09925669981766179;0.0;0.0;0.1;0.1;0.0;0.5392156862745098;1.0;0.8882352941176471;1.0;1.0;0.7000000000000001;0.19803921568627453;0.0;0.896078431372549;1.0;1.0;0.42156862745098045;0.0;0.0;0.5431372549019607;0.8882352941176471;1.0;0.8882352941176471;0.38747991201604454;0.0;0.0;0.0;0.0;0.1;0.1;0.1;0.1;0.2712126965222221;0.8692627230920215;0.8921568627450981;0.8921568627450981;0.8921568627450981;1.0;0.10389845615575419;0.0;0.0;0.6490196078431373;0.9;1.0;0.8921568627450981;0.6725490196078431;0.0;0.9;0.8921568627450981;0.8921568627450981;0.7823529411764706;0.0;0.0;0.1;0.0;0.1;0.0;0.0;0.1;0.09641209667087423;1.0;0.8882352941176471;1.0;0.8882352941176471;0.8882352941176471;1.0;0.3901960784313726;0.0993418732094594;0.013725490196078424;0.8882352941176471;1.0;0.8965928086978834;0.8882352941176471;1.0;0.7823529411764706;1.0;0.8882352941176471;0.8882352941176471;0.7745098039215687;0.0;0.0;0.0;0.0;0.0;0.0;0.1;0.1;0.1;0.9705882352941176;1.0;0.8882352941176471;0.8882352941176471;0.8882352941176471;0.8921568627450981;0.7428762668870258;0.3235294117647059;0.5405744881753707;0.8882352941176471;1.0;0.8882352941176471;0.8882352941176471;0.8882352941176471;0.8882352941176471;0.8921568627450981;1.0;0.8882352941176471;0.7745098039215687;0.0;0.1;0.1;0.1;0.003981095508565351;0.1;0.0;0.1;0.09983184696676271;0.24901960784313726;0.9196078431372549;0.6686274509803921;1.0;0.8882352941176471;1.0;0.8882352941176471;1.0;0.8882352941176471;1.0;0.8921568627450981;1.0;0.8882352941176471;1.0;0.8882352941176471;1.0;1.0;0.8607843137254902;0.37450980392156863;0.0;0.1;0.1;0.1;0.1;0.0;0.1;0.0;0.1;0.0;0.1;0.0;0.45686274509803926;0.8882352941176471;1.0;1.0;0.8882352941176471;0.8882352941176471;0.8882352941176471;1.0;0.8895988688564669;1.0;0.8882352941176471;0.8882352941176471;0.8921568627450981;0.8882352941176471;0.36274509803921573;0.0;0.0;0.053129719544308826;0.0;0.1;0.1;0.0;0.1;0.1;0.1;0.0;0.1;0.1;0.0;0.4529411764705883;1.0;0.8921568627450981;0.8921568627450981;0.8921568627450981;1.0;0.20980392156862746;0.09235176771469482;0.4294117647058824;1.0;0.8921568627450981;1.0;0.20588235294117646;0.0;0.1;0.0;0.0;0.0;0.1;0.1;0.0;0.1;0.1;0.1;0.1;0.1;0.0;0.1;0.36922286377087055;0.5588235294117647;0.8529411764705882;0.8865648778272261;0.6223507299575114;0.4490196078431372;0.0;0.1;0.1041592262734159;0.5784313725490197;0.7549019607843137;0.515686274509804;0.0;0.0;0.1;0.1;0.0;0.09450670071205448;0.1;0.1;0.1;0.1;0.0;0.1;0.1;0.1;0.1;0.1;0.0;0.0;0.2803921568627451;0.19019607843137257;0.0;0.0;0.1;0.1;0.0;0.0;0.1;0.09948018720219814;0.1;0.1;0.1;0.1;0.0;0.0;0.1;0.1;0.1;0.1;0.0;0.09617567264796939;0.0;0.0;0.1;0.1;0.1;0.1;0.1;0.0;0.1;0.0;0.0;0.0825143473859541;0.0;0.0;0.0;0.1;0.0;0.1;0.1;0.1;0.0;0.1;0.0;0.1;0.0;0.1;0.0;0.0;0.1;0.1;0.1;0.1;0.1;0.1;0.0;0.0;0.0;0.0;0.0;0.0;0.1;0.1;0.1;0.1;0.0;0.1;0.1;0.1;0.0;0.0;0.0;0.0;0.1;0.1;0.1;0.1;0.0;0.1;0.1;0.1;0.1;0.1;0.1;0.0;0.0;0.0;0.0;0.04147652109648157;0.1;0.1;0.1;0.1;0.0;0.04118450966213464;0.1;0.0;0.1;0.0;0.1;0.1;0.0;0.0;0.1;0.1;0.1;0.1;0.1;0.1;0.1;0.1;0.1;0.0;0.0;0.0;0.0;0.0;0.1;0.1;0.1;0.1;0.0;0.0;0.1;0.1;0.1;0.1;0.0;0.0;0.1;0.0;0.1;0.1;0.1;0.05849286532699499;0.1;0.1;0.1;0.0;0.0;0.1;0.0;0.1;0.0;0.1;0.1;0.1;0.1;0.1;0.1;0.0;0.1;0.0;0.0;0.0;0.1;0.1;0.1,5.703157762,5.31481671333313,0.0,0.0,0.379372006,0.21323080900000002,0.12958499600000004,0.12193942070007324,0.24978700999999995,0.16614119699999996,5.321621939,9626,175,175,0,4110,0,1584,682,3075,3911,0,0,3,4804,4706,98,3075,1631,0,1768,101,1184,4619,1,70215,,0.0
497,INFEASIBLE,certified_no_adversarial_example,feasibility,false,false,false,false,,,,0.64084765,0.019728422164916992,0.0,0.0,0.612679035,0.452343951,0.18863014400000003,0.18026447296142578,0.424048891,0.16033508399999996,0.027160006,9626,203,203,0,4025,0,1573,649,3176,6103,0,0,3,4804,4686,118,3176,1510,0,1807,120,1262,4756,,581,0,
498,INFEASIBLE,certified_no_adversarial_example,feasibility,false,false,false,false,,,,0.480079513,0.11177992820739746,0.0,0.0,0.360352099,0.205397359,0.12632970999999998,0.11924982070922852,0.234022389,0.15495473999999998,0.118711704,9626,153,153,0,4013,0,1600,650,3210,3699,0,0,3,4804,4714,90,3210,1504,0,1751,92,1150,4560,,1055,0,
499,INFEASIBLE,certified_no_adversarial_example,feasibility,false,false,false,false,,,,0.547440163,0.0222780704498291,0.0,0.0,0.516123831,0.322605111,0.21802147899999996,0.20888710021972656,0.29810235200000007,0.19351872000000003,0.030320253,9626,201,201,0,4054,0,1574,675,3122,6365,0,0,3,4804,4671,133,3122,1549,0,1837,135,1322,4861,,651,0,
500,INFEASIBLE,certified_no_adversarial_example,feasibility,false,false,false,false,,,,0.386350357,0.013042926788330078,0.0,0.0,0.365333587,0.200681171,0.12921598499999998,0.12189841270446777,0.23611760200000004,0.16465241600000002,0.0200195,9626,155,155,0,4010,0,1599,653,3209,4286,0,0,3,4804,4700,104,3209,1491,0,1779,106,1206,4658,,467,0,
