sample_index,solve_status,semantic_outcome,adversarial_example_objective,witness_available,witness_target_verified,witness_perturbation_verified,witness_verified,witness_margin,witness_output,perturbed_input_value,total_time_seconds,solve_time_seconds,objective_value,objective_bound,formulation_time_seconds,bound_tightening_time_seconds,bound_solver_wall_time_seconds,bound_solver_reported_time_seconds,formulation_excluding_bound_solver_time_seconds,formulation_residual_time_seconds,main_solve_wall_time_seconds,bound_request_count,bound_solver_call_count,bound_optimal_count,bound_time_limit_count,bound_interval_arithmetic_count,bound_constant_expression_count,bound_interval_cutoff_count,bound_upper_skipped_count,bound_lower_skipped_count,bound_simplex_iterations,bound_barrier_iterations,bound_node_count,relu_layer_count,relu_total_count,relu_stable_count,relu_unstable_count,relu_zero_output_count,relu_linear_in_input_count,relu_constant_output_count,num_variables,num_binary_variables,num_structural_constraints,num_total_constraints,main_node_count,main_simplex_iterations,main_barrier_iterations,main_relative_gap
1,INFEASIBLE,certified_no_adversarial_example,feasibility,false,false,false,false,,,,16.178557674,0.04030776023864746,0.0,0.0,14.411561645,4.052236182,0.846689225,0.3244962692260742,13.56487242,10.359325463000001,0.077612549,9626,197,197,0,4023,0,1575,645,3186,6061,0,0,3,4804,4689,115,3186,1503,0,1801,117,1250,4735,,639,0,
2,INFEASIBLE,certified_no_adversarial_example,feasibility,false,false,false,false,,,,0.798675114,0.0315248966217041,0.0,0.0,0.752192819,0.43947711199999995,0.261262644,0.2466733455657959,0.490930175,0.31271570700000006,0.044618198,9626,177,177,0,4059,0,1586,696,3108,4152,0,0,3,4804,4690,114,3108,1582,0,1800,117,1248,4731,,592,0,
3,INFEASIBLE,certified_no_adversarial_example,feasibility,false,false,false,false,,,,0.67907212,0.02949833869934082,0.0,0.0,0.636649914,0.370871524,0.240362895,0.2272505760192871,0.3962870190000001,0.26577839000000003,0.040615227,9626,166,166,0,3974,0,1592,623,3271,3824,0,0,3,4804,4725,79,3271,1454,0,1730,82,1108,4486,,546,0,
4,INFEASIBLE,certified_no_adversarial_example,feasibility,false,false,false,false,,,,0.747704526,0.030779361724853516,0.0,0.0,0.702599992,0.410933322,0.257262603,0.2429494857788086,0.44533738900000003,0.29166667,0.043298676,9626,169,169,0,4089,0,1591,686,3091,4601,0,0,3,4804,4691,113,3091,1600,0,1797,115,1242,4721,,597,0,
5,INFEASIBLE,certified_no_adversarial_example,feasibility,false,false,false,false,,,,0.856585445,0.03255033493041992,0.0,0.0,0.808618139,0.520110446,0.35466459799999994,0.33785128593444824,0.45395354100000007,0.288507693,0.046157661,9626,248,248,0,4033,0,1546,660,3139,5552,0,0,3,4804,4676,128,3139,1537,0,1824,128,1297,4817,,587,0,
6,INFEASIBLE,certified_no_adversarial_example,feasibility,false,false,false,false,,,,0.654581243,0.01944112777709961,0.0,0.0,0.622055436,0.35020691400000004,0.21112309299999993,0.19741177558898926,0.4109323430000001,0.271848522,0.030702447,9626,143,143,0,3993,0,1604,639,3247,3464,0,0,3,4804,4724,80,3247,1477,0,1731,82,1110,4490,,422,0,
7,INFEASIBLE,certified_no_adversarial_example,feasibility,false,false,false,false,,,,0.979683954,0.06297039985656738,0.0,0.0,0.897825122,0.565166779,0.39676807499999994,0.37714123725891113,0.501057047,0.33265834299999997,0.080003342,9626,245,245,0,4041,0,1551,646,3143,6428,0,0,3,4804,4663,141,3143,1520,0,1853,143,1354,4917,,854,0,
8,INFEASIBLE,certified_no_adversarial_example,feasibility,false,false,false,false,,,,0.808830466,0.05179595947265625,0.0,0.0,0.741547523,0.422401846,0.27533497999999995,0.2597622871398926,0.4662125430000001,0.319145677,0.065414167,9626,182,182,0,4029,0,1584,651,3180,4751,0,0,3,4804,4688,116,3180,1508,0,1800,116,1249,4733,,765,0,
9,OPTIMAL,adversarial_example_found_or_best_known,feasibility,true,true,true,true,5.329070518200751e-15,-8.984220914065723;-29.405506848626725;-13.289157388974385;-11.14952515789804;-10.770893171513105;3.9203377678589195;3.920337767858925;-20.007335156394227;-1.9633661579622346;-6.937430273933045,0.0;0.1;0.1;0.0;0.0;0.0;0.1;0.0;0.0;0.1;0.1;0.1;0.1;0.1;0.1;0.0;0.0;0.0;0.1;0.1;0.1;0.1;0.1;0.1;0.1;0.0;0.0;0.1;0.0;0.1;0.0;0.0;0.0;0.1;0.1;0.0;0.1;0.1;0.1;0.1;0.1;0.0;0.0;0.0;0.0;0.0;0.1;0.1;0.1;0.1;0.1;0.1;0.1;0.0;0.0;0.1;0.0;0.1;0.1;0.0;0.0;0.1;0.1;0.0;0.0;0.1;0.1;0.1;0.1;0.1;0.1;0.0;0.0;0.0;0.0;0.1;0.1;0.0;0.1;0.1;0.1;0.0;0.0;0.1;0.0;0.0;0.0;0.0;0.1;0.0;0.1;0.0;0.1;0.0;0.1;0.1;0.1;0.1;0.0;0.1;0.1;0.0;0.1;0.1;0.1;0.0;0.1;0.1;0.09156360504367757;0.0;0.0;0.1;0.0;0.1;0.1;0.0;0.0;0.1;0.1;0.0;0.1;0.1;0.1;0.1;0.1;0.1;0.1;0.1;0.1;0.0;0.0;0.1;0.1;0.1;0.1;0.1;0.1;0.0;0.0;0.1;0.0;0.0;0.0;0.0;0.1;0.1;0.1;0.1;0.1;0.0;0.0;0.10240494093810894;0.4607843137254902;0.6882352941176471;0.8176470588235294;0.9766724925441932;0.6450980392156862;0.11176470588235295;0.1;0.0;0.1;0.1;0.1;0.1;0.1;0.0;0.0;0.1;0.1;0.0;0.0;0.0;0.0;0.1;0.1;0.1;0.1;0.1;0.0;0.42156862745098045;0.8921568627450981;1.0;0.8921568627450981;1.0;1.0;0.10784313725490197;0.0;0.1;0.1;0.1;0.1;0.1;0.1;0.0;0.0;0.1;0.0;0.0;0.0;0.0;0.0;0.1;0.1;0.0;0.1;0.14313725490196078;0.7702427793688709;0.9011829647153222;0.8865025165214917;0.7823529411764706;0.8806253911940265;0.8921568627450981;1.0;0.7549019607843137;0.1;0.0;0.1;0.1;0.1;0.1;0.1;0.0;0.0;0.0;0.0;0.0;0.0;0.0;0.0;0.1;0.1;0.1;0.1784313725490196;0.907843137254902;0.8921568627450981;1.0;0.20980392156862746;0.1;0.39803921568627454;1.0;0.8921568627450981;0.9705882352941176;0.1;0.1;0.1;0.1;0.1;0.1;0.1;0.0;0.0;0.0;0.0;0.0;0.0;0.0;0.1;0.0;0.1;0.0;0.4176470588235295;1.0;0.5376688922481762;0.1588235294117647;0.1;0.0;0.29215686274509806;0.884313725490196;1.0;0.884313725490196;0.36274509803921573;0.0;0.1;0.0;0.1;0.1;0.1;0.0;0.0;0.0;0.0;0.0;0.0;0.1;0.1;0.1;0.1;0.0;0.18235294117647058;0.2058823529411765;0.0;0.0;0.0;0.1;0.1;0.676470588235294;0.8921568627450981;1.0;0.38235294117647056;0.1;0.1;0.1;0.1;0.1;0.1;0.0;0.0;0.0;0.1;0.0;0.0;0.1;0.1;0.1;0.0;0.1;0.1;0.0;0.1;0.1;0.0;0.1;0.1;0.34932188283413307;0.8921568627450981;1.0;0.8685560405962514;0.5705882352941176;0.296078431372549;0.10214146707452197;0.1;0.1;0.0;0.0;0.0;0.0;0.1;0.0;0.0;0.1;0.1;0.1;0.10461620715395786;0.34705882352941175;0.12352941176470589;0.0;0.0;0.1;0.1;0.0;0.1;0.37450980392156863;0.8921568627450981;1.0;1.0;1.0;1.0;0.7549019607843137;0.10160479747110708;0.1;0.1;0.0;0.0;0.0;0.0;0.0;0.0;0.1;0.0;0.1;0.45686274509803926;0.8921568627450981;0.8333333333333334;0.22549019607843138;0.1;0.1;0.0;0.0;0.1;0.43333333333333335;0.8921568627450981;1.0;0.8921568627450981;1.0;1.0;1.0;0.8058823529411765;0.1;0.0;0.1;0.0;0.0;0.0;0.0;0.0;0.1;0.1;0.0;0.8568627450980393;1.0;0.7901960784313725;0.0;0.0;0.1;0.1;0.0;0.0;0.2647058823529412;0.8921568627450981;1.0;0.8921568627450981;0.49607843137254903;1.0;0.8921568627450981;0.9468225590177488;0.4647058823529412;0.1;0.1;0.0;0.0;0.1;0.0;0.0;0.0;0.1;0.34984708445666995;1.0;1.0;0.8333333333333334;0.1072767013560429;0.0;0.1;0.0;0.0;0.0;0.18971183189375088;0.8921568627450981;1.0;1.0;0.10401338035886228;0.6372549019607844;1.0;1.0;0.48431372549019613;0.0;0.1;0.0;0.0;0.0;0.0;0.0;0.1;0.0;0.5;1.0;1.0;0.5588235294117647;0.0;0.0;0.1;0.1;0.1;0.0;0.43333333333333335;1.0;1.0;0.8921568627450981;0.7431372549019608;0.8882352941176471;1.0;0.7666666666666667;0.18627450980392157;0.1;0.0;0.0;0.0;0.0;0.0;0.1;0.0;0.16666666666666669;0.9509803921568627;1.0;1.0;0.38627450980392153;0.0;0.0;0.0;0.0;0.0;0.1;0.20980392156862746;0.8658420103355255;1.0;0.8921568627450981;1.0;1.0;1.0;0.6019607843137255;0.1;0.1;0.1;0.0;0.1;0.0;0.0;0.0;0.1;0.15811841768912924;0.8921568627450981;1.0;1.0;0.17058823529411762;0.0;0.0;0.1;0.1;0.1;0.0;0.1;0.7588235294117647;0.8882352941176471;0.8921568627450981;1.0;1.0;0.5862745098039216;0.1;0.1;0.1;0.0;0.0;0.0;0.0;0.0;0.1;0.1;0.28431372549019607;1.0;1.0;1.0;0.10378080580930069;0.1;0.0;0.1;0.1;0.0;0.1;0.1;0.1;0.5862745098039216;0.6641482256249227;0.6471792506663221;0.6803921568627451;0.14313725490196078;0.1;0.1;0.021517400139244774;0.1;0.0;0.0;0.0;0.0;0.0;0.1;0.28431372549019607;0.8921568627450981;0.8921568627450981;0.9352941176470588;0.14313725490196078;0.1;0.0;0.1;0.1;0.0;0.1;0.1;0.1;0.1;0.1;0.0;0.0;0.0;0.0;0.1;0.1;0.1;0.1;0.0;0.0;0.0;0.0;0.1;0.1627450980392157;0.9431372549019608;1.0;0.5666666666666667;0.1;0.0;0.1;0.0;0.1;0.0;0.1;0.0;0.1;0.1;0.1;0.0;0.0;0.0;0.1;0.1;0.1;0.1;0.0;0.1;0.0;0.0;0.0;0.1;0.6058823529411764;1.0;0.8921568627450981;0.7666666666666666;0.0;0.0;0.1;0.0;0.1;0.0;0.0;0.1;0.1;0.1;0.1;0.0;0.0;0.0;0.0;0.1;0.1;0.1;0.1;0.1;0.1;0.0;0.1;0.1;0.43333333333333335;0.8921568627450981;0.8921568627450981;0.5666666666666667;0.1;0.0;0.1;0.0;0.0;0.0;0.1;0.1;0.1;0.1;0.1;0.1;0.0;0.0;0.0;0.0;0.1;0.1;0.1;0.1;0.0;0.0;0.0;0.1;0.09606511407085379;1.0;0.8921568627450981;0.7666666666666666;0.1;0.0;0.1;0.0;0.0;0.1;0.1;0.1;0.1;0.1;0.1;0.1;0.1;0.0;0.0;0.0;0.1;0.1;0.1;0.1;0.0;0.0;0.1;0.1;0.1;0.1;0.1;0.1;0.1;0.1;0.0;0.0;0.0;0.0;0.0;0.0;0.0;0.1;0.1;0.1;0.0;0.1;0.0;0.0;0.1;0.0;0.1;0.1;0.0;0.1;0.1;0.1;0.1;0.0;0.0;0.1;0.1;0.0;0.0;0.1;0.0;0.1;0.0;0.1;0.1;0.1;0.1;0.1;0.1;0.0;0.0;0.0;0.0;0.1;0.1;0.1;0.1;0.1;0.1;0.1;0.1;0.0;0.1;0.1;0.1;0.1;0.0;0.0;0.0;0.0;0.0;0.0;0.0;0.0;0.0;0.1;0.0;0.1;0.0;0.0;0.0;0.0;0.0;0.0,5.204654138,2.780203104019165,0.0,0.0,0.950813012,0.649486877,0.310158445,0.29367804527282715,0.640654567,0.30132613500000005,2.794294979,9626,204,204,0,4072,0,1574,684,3092,5293,0,0,3,4804,4666,138,3092,1574,0,1844,138,1337,4887,1,23860,,0.0
10,INFEASIBLE,certified_no_adversarial_example,feasibility,false,false,false,false,,,,0.985048953,0.04918026924133301,0.0,0.0,0.919142338,0.6138082039999999,0.4161768970000001,0.396686315536499,0.502965441,0.3053341340000001,0.064061084,9626,244,244,0,4076,0,1552,655,3099,7716,0,0,3,4804,4654,150,3099,1555,0,1871,152,1390,4980,,711,0,
11,INFEASIBLE,certified_no_adversarial_example,feasibility,false,false,false,false,,,,0.863420717,0.02810502052307129,0.0,0.0,0.820749282,0.49809989200000004,0.341468024,0.3244748115539551,0.479281258,0.3226493899999999,0.040879484,9626,220,220,0,4068,0,1560,679,3099,5263,0,0,3,4804,4682,122,3099,1583,0,1816,125,1280,4787,,528,0,
12,INFEASIBLE,certified_no_adversarial_example,feasibility,false,false,false,false,,,,1.288687443,0.06619501113891602,0.0,0.0,1.203565179,0.8778211650000001,0.670911757,0.6478674411773682,0.5326534219999999,0.32574401399999986,0.083305788,9626,337,337,0,4078,0,1504,656,3051,10630,0,0,3,4804,4610,194,3051,1559,0,1961,198,1570,5294,,739,0,
13,INFEASIBLE,certified_no_adversarial_example,feasibility,false,false,false,false,,,,0.848001019,0.042243242263793945,0.0,0.0,0.790839796,0.495127812,0.33394682,0.31743717193603516,0.456892976,0.295711984,0.055355787,9626,219,219,0,4036,0,1565,655,3151,5787,0,0,3,4804,4681,123,3151,1530,0,1819,127,1286,4797,,638,0,
14,INFEASIBLE,certified_no_adversarial_example,feasibility,false,false,false,false,,,,0.892750473,0.03145956993103027,0.0,0.0,0.844903311,0.525139633,0.3680422349999999,0.3506278991699219,0.47686107600000016,0.31976367800000005,0.04598556,9626,227,227,0,4076,0,1561,683,3079,6623,0,0,3,4804,4659,145,3079,1580,0,1863,149,1374,4951,,516,0,
15,INFEASIBLE,certified_no_adversarial_example,feasibility,false,false,false,false,,,,0.507080678,0.012750387191772461,0.0,0.0,0.482861415,0.22206780199999998,0.10928445399999999,0.09866476058959961,0.37357696100000004,0.26079361300000004,0.022417031,9626,96,96,0,3986,0,1628,661,3255,1339,0,0,3,4804,4757,47,3255,1502,0,1662,47,973,4250,,404,0,
16,INFEASIBLE,certified_no_adversarial_example,feasibility,false,false,false,false,,,,1.008828764,0.04114937782287598,0.0,0.0,0.951277307,0.6399175699999999,0.44192737900000006,0.42181968688964844,0.509349928,0.3113597370000001,0.055704894,9626,270,270,0,4050,0,1536,700,3070,7928,0,0,3,4804,4648,156,3070,1578,0,1880,156,1409,5013,,652,0,
17,INFEASIBLE,certified_no_adversarial_example,feasibility,false,false,false,false,,,,0.875825594,0.0402829647064209,0.0,0.0,0.820120008,0.535787032,0.33880528499999996,0.3231632709503174,0.481314723,0.28433297599999996,0.053894167,9626,213,213,0,4052,0,1565,660,3136,6908,0,0,3,4804,4676,128,3136,1540,0,1828,131,1304,4829,,664,0,
18,INFEASIBLE,certified_no_adversarial_example,feasibility,false,false,false,false,,,,0.802502716,0.01895618438720703,0.0,0.0,0.769775238,0.500138518,0.22189116199999998,0.20946788787841797,0.5478840760000001,0.26963672000000005,0.030907704,9626,152,152,0,4038,0,1600,672,3164,3964,0,0,3,4804,4698,106,3164,1534,0,1780,106,1209,4663,,470,0,
19,TIME_LIMIT,time_limit_unresolved,feasibility,false,false,false,false,,,,120.956121189,120.00436806678772,,0.0,0.934425431,0.623755997,0.43139099100000006,0.412982702255249,0.50303444,0.310669434,120.019918945,9626,267,267,0,4102,0,1540,691,3026,7523,0,0,3,4804,4633,171,3026,1607,0,1913,173,1474,5127,1641,1296691,,
20,INFEASIBLE,certified_no_adversarial_example,feasibility,false,false,false,false,,,,1.028334165,0.04824948310852051,0.0,0.0,0.962342225,0.636909051,0.4571482140000001,0.4375629425048828,0.5051940109999999,0.32543317400000005,0.064010562,9626,296,296,0,4021,0,1526,639,3144,7198,0,0,3,4804,4639,165,3144,1495,0,1898,165,1445,5076,,755,0,
21,INFEASIBLE,certified_no_adversarial_example,feasibility,false,false,false,false,,,,0.78693468,0.030791759490966797,0.0,0.0,0.742380587,0.44624136999999997,0.29900293299999997,0.28498315811157227,0.443377654,0.296139217,0.042764265,9626,162,162,0,4052,0,1595,664,3153,5141,0,0,3,4804,4695,109,3153,1542,0,1790,112,1228,4696,,549,0,
22,INFEASIBLE,certified_no_adversarial_example,feasibility,false,false,false,false,,,,0.825630822,0.030945777893066406,0.0,0.0,0.780129739,0.49808975299999997,0.34243402100000003,0.31912732124328613,0.437695718,0.2820399860000001,0.043696159,9626,180,180,0,4041,0,1586,673,3146,6385,0,0,3,4804,4687,117,3146,1541,0,1802,117,1253,4740,,558,0,
23,INFEASIBLE,certified_no_adversarial_example,feasibility,false,false,false,false,,,,0.945374115,0.04118466377258301,0.0,0.0,0.888169907,0.5860188209999999,0.41408870500000006,0.39682984352111816,0.4740812019999999,0.30215108600000007,0.055415515,9626,255,255,0,4047,0,1546,670,3108,6200,0,0,3,4804,4662,142,3108,1554,0,1857,146,1362,4930,,551,0,
24,INFEASIBLE,certified_no_adversarial_example,feasibility,false,false,false,false,,,,0.831811777,0.027444124221801758,0.0,0.0,0.789409844,0.499790512,0.3314191979999999,0.3159019947052002,0.4579906460000001,0.289619332,0.040616825,9626,208,208,0,4045,0,1571,678,3124,6434,0,0,3,4804,4668,136,3124,1544,0,1844,139,1336,4885,,511,0,
25,INFEASIBLE,certified_no_adversarial_example,feasibility,false,false,false,false,,,,0.879518893,0.039023637771606445,0.0,0.0,0.824759423,0.5422948599999999,0.3554749639999999,0.3389148712158203,0.46928445900000015,0.2824645630000001,0.052973009,9626,226,226,0,4011,0,1560,665,3164,6471,0,0,3,4804,4670,134,3164,1506,0,1839,136,1326,4868,,639,0,
26,INFEASIBLE,certified_no_adversarial_example,feasibility,false,false,false,false,,,,0.965927099,0.030519962310791016,0.0,0.0,0.919469927,0.6223804799999999,0.31905559600000005,0.30318260192871094,0.6004143309999999,0.29708944700000006,0.04468076,9626,218,218,0,4145,0,1563,715,2985,4995,0,0,3,4804,4667,137,2985,1682,0,1842,137,1333,4880,,597,0,
27,INFEASIBLE,certified_no_adversarial_example,feasibility,false,false,false,false,,,,0.76746772,0.032660484313964844,0.0,0.0,0.720963018,0.435855651,0.293762229,0.2789435386657715,0.42720078899999997,0.28510736699999994,0.044725835,9626,204,204,0,4006,0,1573,662,3181,4761,0,0,3,4804,4691,113,3181,1510,0,1794,113,1237,4712,,641,0,
28,INFEASIBLE,certified_no_adversarial_example,feasibility,false,false,false,false,,,,0.731040881,0.03202652931213379,0.0,0.0,0.685641979,0.391411579,0.248186841,0.23452091217041016,0.437455138,0.2942304,0.043593996,9626,166,166,0,4023,0,1593,674,3170,3637,0,0,3,4804,4709,95,3170,1539,0,1758,95,1165,4586,,659,0,
29,INFEASIBLE,certified_no_adversarial_example,feasibility,false,false,false,false,,,,0.848134762,0.03299427032470703,0.0,0.0,0.799101123,0.4878720080000001,0.33816040399999997,0.3218514919281006,0.46094071900000005,0.31122911499999995,0.047216922,9626,216,216,0,4088,0,1568,691,3063,5389,0,0,3,4804,4661,143,3063,1598,0,1858,146,1364,4934,,606,0,
30,INFEASIBLE,certified_no_adversarial_example,feasibility,false,false,false,false,,,,0.607853339,0.017830848693847656,0.0,0.0,0.57744169,0.32506335100000006,0.188672571,0.1759176254272461,0.388769119,0.25237833899999995,0.028611242,9626,156,156,0,3985,0,1597,638,3250,2763,0,0,3,4804,4728,76,3250,1478,0,1720,76,1089,4453,,454,0,
31,INFEASIBLE,certified_no_adversarial_example,feasibility,false,false,false,false,,,,0.713453097,0.027324676513671875,0.0,0.0,0.671826452,0.386865832,0.250731085,0.23645353317260742,0.421095367,0.28496062,0.039823053,9626,174,174,0,4040,0,1589,665,3158,4204,0,0,3,4804,4696,108,3158,1538,0,1787,110,1222,4686,,519,0,
32,INFEASIBLE,certified_no_adversarial_example,feasibility,false,false,false,false,,,,0.525387378,0.017093181610107422,0.0,0.0,0.496848934,0.233678512,0.127691824,0.11691522598266602,0.36915711,0.263170422,0.026749259,9626,110,110,0,3971,0,1621,646,3278,1914,0,0,3,4804,4746,58,3278,1468,0,1684,58,1017,4327,,496,0,
33,INFEASIBLE,certified_no_adversarial_example,feasibility,false,false,false,false,,,,0.768374603,0.022156953811645508,0.0,0.0,0.732488445,0.402997716,0.26014156,0.24596738815307617,0.472346885,0.329490729,0.034120766,9626,182,182,0,4054,0,1580,687,3123,4897,0,0,3,4804,4696,108,3123,1573,0,1784,108,1217,4677,,505,0,
34,INFEASIBLE,certified_no_adversarial_example,feasibility,false,false,false,false,,,,1.221888777,0.19250273704528809,0.0,0.0,1.011906842,0.550311496,0.39964339599999993,0.38219356536865234,0.612263446,0.46159534599999996,0.208190686,9626,255,255,0,4053,0,1547,681,3090,6874,0,0,3,4804,4642,162,3090,1552,0,1895,164,1438,5064,,834,0,
35,INFEASIBLE,certified_no_adversarial_example,feasibility,false,false,false,false,,,,0.763646057,0.038663387298583984,0.0,0.0,0.710702413,0.427189253,0.26188653700000003,0.247788667678833,0.448815876,0.28351316000000004,0.051148367,9626,165,165,0,4047,0,1593,679,3142,4722,0,0,3,4804,4695,109,3142,1553,0,1790,112,1228,4696,,775,0,
36,INFEASIBLE,certified_no_adversarial_example,feasibility,false,false,false,false,,,,0.897898034,0.03035569190979004,0.0,0.0,0.85162041,0.5381223740000001,0.37181312800000005,0.3553183078765869,0.47980728199999995,0.3134980359999999,0.044450067,9626,225,225,0,4078,0,1561,691,3071,6618,0,0,3,4804,4658,146,3071,1587,0,1864,149,1376,4955,,530,0,
37,INFEASIBLE,certified_no_adversarial_example,feasibility,false,false,false,false,,,,0.830982607,0.06228041648864746,0.0,0.0,0.753784436,0.4443554369999999,0.300885057,0.28583645820617676,0.452899379,0.3094289990000001,0.075393446,9626,187,187,0,4039,0,1583,686,3131,5400,0,0,3,4804,4682,122,3131,1551,0,1816,125,1280,4787,,1020,0,
38,INFEASIBLE,certified_no_adversarial_example,feasibility,false,false,false,false,,,,0.732912554,0.02365899085998535,0.0,0.0,0.689717819,0.42269642099999993,0.26977696100000004,0.256258487701416,0.4199408579999999,0.267021398,0.041381435,9626,156,156,0,3996,0,1597,646,3231,4672,0,0,3,4804,4716,88,3231,1485,0,1747,90,1142,4546,,474,0,
39,INFEASIBLE,certified_no_adversarial_example,feasibility,false,false,false,false,,,,0.876461321,0.05574154853820801,0.0,0.0,0.804877371,0.503458558,0.36118116800000005,0.3339965343475342,0.44369620299999996,0.30141881300000006,0.069793181,9626,207,207,0,4037,0,1573,673,3136,6986,0,0,3,4804,4664,140,3136,1528,0,1852,143,1352,4913,,793,0,
40,INFEASIBLE,certified_no_adversarial_example,feasibility,false,false,false,false,,,,0.717203714,0.02466130256652832,0.0,0.0,0.678621805,0.411745771,0.25758269100000003,0.24394440650939941,0.421039114,0.26687603400000004,0.036725345,9626,161,161,0,4012,0,1596,644,3213,4909,0,0,3,4804,4702,102,3213,1489,0,1772,102,1193,4635,,486,0,
41,INFEASIBLE,certified_no_adversarial_example,feasibility,false,false,false,false,,,,0.778995616,0.04605603218078613,0.0,0.0,0.718520133,0.41284089599999996,0.27699424399999995,0.262589693069458,0.441525889,0.305679237,0.058686908,9626,195,195,0,3964,0,1579,622,3266,3507,0,0,3,4804,4704,100,3266,1438,0,1771,102,1190,4630,,723,0,
42,INFEASIBLE,certified_no_adversarial_example,feasibility,false,false,false,false,,,,1.108956237,0.06058454513549805,0.0,0.0,1.032084931,0.568271942,0.4102715330000001,0.39360880851745605,0.6218133979999999,0.463812989,0.075049459,9626,227,227,0,4017,0,1561,651,3170,7327,0,0,3,4804,4671,133,3170,1501,0,1838,136,1324,4864,,918,0,
43,INFEASIBLE,certified_no_adversarial_example,feasibility,false,false,false,false,,,,0.646701429,0.02326345443725586,0.0,0.0,0.611263015,0.34148025400000004,0.178919178,0.16651225090026855,0.432343837,0.269782761,0.033634642,9626,134,134,0,4027,0,1608,675,3182,2779,0,0,3,4804,4730,74,3182,1548,0,1716,74,1081,4439,,581,0,
44,INFEASIBLE,certified_no_adversarial_example,feasibility,false,false,false,false,,,,0.760518366,0.03961801528930664,0.0,0.0,0.705263252,0.424216846,0.27527001999999995,0.26019787788391113,0.429993232,0.28104640599999997,0.053418598,9626,202,202,0,4006,0,1572,651,3195,4919,0,0,3,4804,4689,115,3195,1494,0,1804,120,1256,4744,,667,0,
45,INFEASIBLE,certified_no_adversarial_example,feasibility,false,false,false,false,,,,0.737188729,0.036344289779663086,0.0,0.0,0.686206183,0.40302542899999994,0.26160177299999987,0.24662256240844727,0.42460441000000015,0.2831807540000001,0.049152693,9626,181,181,0,4020,0,1586,650,3189,4272,0,0,3,4804,4690,114,3189,1501,0,1796,114,1241,4719,,687,0,
46,INFEASIBLE,certified_no_adversarial_example,feasibility,false,false,false,false,,,,3.665860609,2.484060049057007,,0.0,1.163705639,0.8357556239999999,0.644503651,0.6236178874969482,0.5192019880000001,0.3279500150000001,2.500344624,9626,302,302,0,4045,0,1522,657,3100,10579,0,0,3,4804,4622,182,3100,1522,0,1937,186,1522,5210,,1697,0,
47,INFEASIBLE,certified_no_adversarial_example,feasibility,false,false,false,false,,,,0.682108649,0.021301984786987305,0.0,0.0,0.646849881,0.36953880299999997,0.228756647,0.2143077850341797,0.418093234,0.277311078,0.03340542,9626,173,173,0,4009,0,1588,641,3215,3614,0,0,3,4804,4709,95,3215,1494,0,1762,98,1172,4598,,422,0,
48,INFEASIBLE,certified_no_adversarial_example,feasibility,false,false,false,false,,,,0.995751143,0.05290031433105469,0.0,0.0,0.925498748,0.631365955,0.4428336869999997,0.42336416244506836,0.4826650610000003,0.29413279299999995,0.068457257,9626,259,259,0,4032,0,1544,656,3135,8200,0,0,3,4804,4652,152,3135,1517,0,1877,156,1402,5000,,742,0,
49,INFEASIBLE,certified_no_adversarial_example,feasibility,false,false,false,false,,,,0.78432417,0.03229093551635742,0.0,0.0,0.737286575,0.44397841499999996,0.285349152,0.26889634132385254,0.45193742300000006,0.2933081600000001,0.045247186,9626,193,193,0,4087,0,1578,670,3098,4769,0,0,3,4804,4684,120,3098,1586,0,1808,120,1265,4761,,619,0,
50,INFEASIBLE,certified_no_adversarial_example,feasibility,false,false,false,false,,,,1.182684179,0.060224294662475586,0.0,0.0,1.104401879,0.5948406650000001,0.42664137700000004,0.40781140327453613,0.677760502,0.509561214,0.076473347,9626,257,257,0,4048,0,1547,659,3115,7226,0,0,3,4804,4641,163,3115,1526,0,1894,163,1437,5062,,872,0,
51,INFEASIBLE,certified_no_adversarial_example,feasibility,false,false,false,false,,,,0.856408761,0.028427600860595703,0.0,0.0,0.811973091,0.521821085,0.35855627100000004,0.3422279357910156,0.45341682,0.290152006,0.042618421,9626,214,214,0,4039,0,1563,649,3161,6919,0,0,3,4804,4682,122,3161,1521,0,1815,124,1278,4784,,468,0,
52,INFEASIBLE,certified_no_adversarial_example,feasibility,false,false,false,false,,,,0.912437388,0.025563716888427734,0.0,0.0,0.870579207,0.5403799970000001,0.380297587,0.36363840103149414,0.49028162000000003,0.33019920999999997,0.040063685,9626,228,228,0,4097,0,1561,692,3048,6385,0,0,3,4804,4665,139,3048,1617,0,1850,142,1348,4906,,478,0,
53,INFEASIBLE,certified_no_adversarial_example,feasibility,false,false,false,false,,,,1.086630981,0.029502153396606445,0.0,0.0,1.040170692,0.709779004,0.543904169,0.5259053707122803,0.49626652299999996,0.33039168799999996,0.044634774,9626,245,245,0,4063,0,1551,681,3086,8813,0,0,3,4804,4646,158,3086,1560,0,1887,160,1422,5036,,505,0,
54,INFEASIBLE,certified_no_adversarial_example,feasibility,false,false,false,false,,,,1.207120184,0.23449945449829102,0.0,0.0,0.954837355,0.6417342619999999,0.4727825929999999,0.45371031761169434,0.4820547620000001,0.31310309300000005,0.250475861,9626,283,283,0,4041,0,1531,663,3108,7588,0,0,3,4804,4632,172,3108,1524,0,1917,176,1482,5140,,773,0,
55,INFEASIBLE,certified_no_adversarial_example,feasibility,false,false,false,false,,,,1.074168472,0.07924938201904297,0.0,0.0,0.977909495,0.669796759,0.48154503,0.46266651153564453,0.49636446500000003,0.308112736,0.094481002,9626,253,253,0,4098,0,1546,677,3052,8608,0,0,3,4804,4643,161,3052,1591,0,1894,164,1436,5060,,1092,0,
56,INFEASIBLE,certified_no_adversarial_example,feasibility,false,false,false,false,,,,0.717225153,0.03023219108581543,0.0,0.0,0.673159569,0.39872938799999996,0.24524392,0.23118352890014648,0.42791564899999995,0.274430181,0.042253245,9626,176,176,0,4051,0,1586,690,3123,4240,0,0,3,4804,4698,106,3123,1575,0,1780,106,1209,4663,,652,0,
57,INFEASIBLE,certified_no_adversarial_example,feasibility,false,false,false,false,,,,0.772823301,0.023037433624267578,0.0,0.0,0.735578417,0.45175315299999996,0.28792770599999995,0.27338576316833496,0.4476507110000001,0.2838252640000001,0.035467579,9626,191,191,0,4059,0,1579,674,3123,5116,0,0,3,4804,4691,113,3123,1568,0,1794,113,1237,4712,,516,0,
58,INFEASIBLE,certified_no_adversarial_example,feasibility,false,false,false,false,,,,0.596296228,0.02092289924621582,0.0,0.0,0.562467491,0.29992445,0.17395477700000003,0.16233110427856445,0.388512714,0.26254304100000003,0.03205511,9626,140,140,0,3974,0,1607,641,3264,2660,0,0,3,4804,4728,76,3264,1464,0,1725,80,1098,4468,,426,0,
59,INFEASIBLE,certified_no_adversarial_example,feasibility,false,false,false,false,,,,0.92062657,0.03145480155944824,0.0,0.0,0.872479889,0.581827503,0.385260553,0.3692922592163086,0.48721933599999995,0.290652386,0.046347626,9626,202,202,0,4058,0,1575,664,3127,6968,0,0,3,4804,4676,128,3127,1549,0,1828,131,1304,4829,,533,0,
60,INFEASIBLE,certified_no_adversarial_example,feasibility,false,false,false,false,,,,1.022534483,0.03656768798828125,0.0,0.0,0.969618842,0.685501625,0.34961146199999993,0.33387255668640137,0.6200073800000001,0.28411721700000003,0.051048529,9626,213,213,0,4006,0,1566,642,3199,6772,0,0,3,4804,4678,126,3199,1479,0,1829,134,1306,4830,,545,0,
61,INFEASIBLE,certified_no_adversarial_example,feasibility,false,false,false,false,,,,0.643221652,0.02479863166809082,0.0,0.0,0.584838114,0.322081312,0.180246505,0.16737127304077148,0.40459160899999996,0.26275680199999996,0.056576718,9626,160,160,0,4028,0,1597,670,3171,2369,0,0,3,4804,4724,80,3171,1553,0,1728,80,1105,4481,,556,0,
62,INFEASIBLE,certified_no_adversarial_example,feasibility,false,false,false,false,,,,0.907487373,0.04326891899108887,0.0,0.0,0.848107251,0.5340104920000001,0.3806511179999999,0.362499475479126,0.46745613300000005,0.3140967589999999,0.057577702,9626,238,238,0,4081,0,1555,668,3084,6482,0,0,3,4804,4657,147,3084,1573,0,1868,152,1384,4968,,625,0,
63,TIME_LIMIT,time_limit_unresolved,feasibility,false,false,false,false,,,,120.903833973,120.00457620620728,,0.0,0.882301539,0.573753768,0.42341809700000005,0.401531457901001,0.4588834419999999,0.30854777099999997,120.019716888,9626,268,268,0,4012,0,1541,629,3176,6360,0,0,3,4804,4657,147,3176,1481,0,1867,151,1382,4965,1549,1381198,,
64,INFEASIBLE,certified_no_adversarial_example,feasibility,false,false,false,false,,,,0.837870982,0.03876209259033203,0.0,0.0,0.783729808,0.490999143,0.337905877,0.32263708114624023,0.445823931,0.292730665,0.052308936,9626,222,222,0,4044,0,1564,659,3137,6185,0,0,3,4804,4666,138,3137,1529,0,1844,138,1337,4887,,661,0,
65,INFEASIBLE,certified_no_adversarial_example,feasibility,false,false,false,false,,,,0.977506657,0.05885505676269531,0.0,0.0,0.89500752,0.579928513,0.414539191,0.3972625732421875,0.48046832899999997,0.3150790069999999,0.080679102,9626,244,244,0,4078,0,1553,678,3073,6923,0,0,3,4804,4648,156,3073,1575,0,1884,159,1416,5025,,916,0,
66,INFEASIBLE,certified_no_adversarial_example,feasibility,false,false,false,false,,,,1.15014648,0.3197193145751953,,0.0,0.814674899,0.529121599,0.3753840109999999,0.3581221103668213,0.4392908880000001,0.2855533,0.333661156,9626,262,262,0,4001,0,1546,613,3204,5664,0,0,3,4804,4660,144,3204,1456,0,1859,146,1366,4938,,1638,0,
67,INFEASIBLE,certified_no_adversarial_example,feasibility,false,false,false,false,,,,1.120657611,0.08663105964660645,0.0,0.0,1.017155327,0.7106532969999999,0.532034518,0.5143458843231201,0.485120809,0.3065020300000001,0.101709401,9626,253,253,0,4062,0,1546,655,3110,9323,0,0,3,4804,4647,157,3110,1537,0,1885,159,1418,5029,,1141,0,
68,INFEASIBLE,certified_no_adversarial_example,feasibility,false,false,false,false,,,,0.871202752,0.02843499183654785,0.0,0.0,0.820395551,0.526612597,0.356870313,0.3399951457977295,0.46352523799999995,0.293782954,0.049024568,9626,245,245,0,4049,0,1550,665,3117,6517,0,0,3,4804,4658,146,3117,1541,0,1860,146,1369,4943,,519,0,
69,INFEASIBLE,certified_no_adversarial_example,feasibility,false,false,false,false,,,,0.73082284,0.021633148193359375,0.0,0.0,0.695243532,0.38932066499999995,0.24751714500000005,0.2242417335510254,0.44772638699999995,0.30592286700000004,0.033803086,9626,192,192,0,4067,0,1581,694,3092,3152,0,0,3,4804,4703,101,3092,1611,0,1775,105,1198,4643,,428,0,
70,INFEASIBLE,certified_no_adversarial_example,feasibility,false,false,false,false,,,,1.02363231,0.031101226806640625,0.0,0.0,0.97662126,0.6760445079999999,0.3615337430000001,0.34569430351257324,0.615087517,0.3005767520000001,0.045240851,9626,220,220,0,4073,0,1564,690,3079,6309,0,0,3,4804,4662,142,3079,1583,0,1855,144,1358,4924,,546,0,
71,INFEASIBLE,certified_no_adversarial_example,feasibility,false,false,false,false,,,,0.688530165,0.024058818817138672,0.0,0.0,0.650536841,0.361954399,0.22732364799999993,0.21412324905395508,0.42321319300000004,0.288582442,0.036242981,9626,165,165,0,4042,0,1590,669,3160,4061,0,0,3,4804,4696,108,3160,1536,0,1787,110,1222,4686,,493,0,
72,INFEASIBLE,certified_no_adversarial_example,feasibility,false,false,false,false,,,,0.813784144,0.02730846405029297,0.0,0.0,0.771017681,0.45828463799999997,0.308689949,0.292987585067749,0.462327732,0.31273304300000004,0.040885434,9626,218,218,0,4104,0,1562,696,3046,4845,0,0,3,4804,4677,127,3046,1631,0,1825,129,1298,4819,,549,0,
73,INFEASIBLE,certified_no_adversarial_example,feasibility,false,false,false,false,,,,0.962568658,0.031023740768432617,0.0,0.0,0.914452461,0.5976751309999999,0.42438801299999995,0.40650272369384766,0.49006444800000004,0.3167773300000001,0.046311271,9626,242,242,0,4067,0,1553,687,3077,7307,0,0,3,4804,4646,158,3077,1569,0,1884,158,1417,5027,,571,0,
74,INFEASIBLE,certified_no_adversarial_example,feasibility,false,false,false,false,,,,0.638086841,0.021612882614135742,0.0,0.0,0.603666941,0.33932904599999997,0.193433659,0.18088531494140625,0.410233282,0.264337895,0.032634222,9626,144,144,0,4046,0,1604,660,3172,3490,0,0,3,4804,4719,85,3172,1547,0,1741,87,1130,4525,,483,0,
75,INFEASIBLE,certified_no_adversarial_example,feasibility,false,false,false,false,,,,0.676076979,0.022956132888793945,0.0,0.0,0.640183616,0.36263849000000004,0.22677930999999998,0.2143115997314453,0.413404306,0.2775451259999999,0.034092966,9626,137,137,0,3995,0,1607,660,3227,3918,0,0,3,4804,4725,79,3227,1498,0,1729,81,1106,4483,,464,0,
76,INFEASIBLE,certified_no_adversarial_example,feasibility,false,false,false,false,,,,1.004370275,0.03953909873962402,0.0,0.0,0.946899961,0.621195822,0.452805507,0.4349989891052246,0.49409445399999996,0.32570413899999995,0.055641263,9626,242,242,0,4048,0,1553,660,3123,7650,0,0,3,4804,4647,157,3123,1524,0,1882,157,1413,5020,,545,0,
77,INFEASIBLE,certified_no_adversarial_example,feasibility,false,false,false,false,,,,1.103815192,0.04526066780090332,0.0,0.0,1.041030631,0.696576248,0.510079412,0.49068307876586914,0.530951219,0.344454383,0.06096623,9626,243,243,0,4035,0,1552,659,3137,8484,0,0,3,4804,4655,149,3137,1518,0,1870,152,1388,4976,,624,0,
78,INFEASIBLE,certified_no_adversarial_example,feasibility,false,false,false,false,,,,1.171073298,0.04183363914489746,0.0,0.0,1.111014214,0.805273506,0.4523830639999999,0.4338076114654541,0.6586311500000002,0.3057407080000001,0.05826053,9626,263,263,0,4028,0,1543,661,3131,7228,0,0,3,4804,4642,162,3131,1511,0,1898,167,1444,5073,,581,0,
79,INFEASIBLE,certified_no_adversarial_example,feasibility,false,false,false,false,,,,0.918389277,0.16086435317993164,0.0,0.0,0.742467492,0.46108774300000005,0.2900995970000001,0.27411413192749023,0.45236789499999985,0.2813797489999999,0.174115947,9626,184,184,0,4031,0,1583,641,3187,5265,0,0,3,4804,4692,112,3187,1505,0,1795,114,1238,4714,,815,0,
80,INFEASIBLE,certified_no_adversarial_example,feasibility,false,false,false,false,,,,0.733412338,0.037798166275024414,0.0,0.0,0.680809562,0.37051661,0.242331798,0.22795677185058594,0.438477764,0.31029295199999996,0.050795808,9626,169,169,0,4094,0,1591,683,3089,3910,0,0,3,4804,4694,110,3089,1605,0,1791,112,1230,4700,,704,0,
81,INFEASIBLE,certified_no_adversarial_example,feasibility,false,false,false,false,,,,0.651498429,0.024027585983276367,0.0,0.0,0.614774705,0.34634245099999994,0.19864041500000001,0.18609237670898438,0.41613428999999996,0.26843225400000004,0.03492574,9626,139,139,0,4009,0,1605,675,3198,3173,0,0,3,4804,4723,81,3198,1525,0,1730,81,1109,4488,,553,0,
82,INFEASIBLE,certified_no_adversarial_example,feasibility,false,false,false,false,,,,0.746001097,0.024644136428833008,0.0,0.0,0.707211658,0.40221791,0.26221014500000006,0.247816801071167,0.4450015129999999,0.30499374799999995,0.036985976,9626,169,169,0,4047,0,1592,680,3138,4620,0,0,3,4804,4694,110,3138,1556,0,1788,110,1225,4691,,530,0,
83,INFEASIBLE,certified_no_adversarial_example,feasibility,false,false,false,false,,,,0.832227865,0.029009342193603516,0.0,0.0,0.78678041,0.475982852,0.32291452400000004,0.30658745765686035,0.46386588599999995,0.310797558,0.043643982,9626,220,220,0,4078,0,1564,693,3071,5884,0,0,3,4804,4665,139,3071,1594,0,1850,142,1348,4906,,557,0,
84,INFEASIBLE,certified_no_adversarial_example,feasibility,false,false,false,false,,,,0.746040682,0.024170875549316406,0.0,0.0,0.701640176,0.41535364999999996,0.26163933600000006,0.24714303016662598,0.4400008399999999,0.286286526,0.042604597,9626,169,169,0,4018,0,1590,661,3188,4513,0,0,3,4804,4699,105,3188,1511,0,1778,105,1205,4656,,525,0,
85,INFEASIBLE,certified_no_adversarial_example,feasibility,false,false,false,false,,,,1.048633674,0.04486703872680664,0.0,0.0,0.986063334,0.672277593,0.4522467040000001,0.4329502582550049,0.5338166299999999,0.313785741,0.060751509,9626,248,248,0,4088,0,1545,672,3073,9843,0,0,3,4804,4642,162,3073,1569,0,1899,168,1446,5076,,638,0,
86,INFEASIBLE,certified_no_adversarial_example,feasibility,false,false,false,false,,,,1.011242365,0.025678634643554688,0.0,0.0,0.969832396,0.669330521,0.33989422599999997,0.3236839771270752,0.6299381700000001,0.30050187500000003,0.039583714,9626,204,204,0,4083,0,1573,676,3090,5585,0,0,3,4804,4675,129,3090,1585,0,1826,129,1301,4824,,516,0,
87,INFEASIBLE,certified_no_adversarial_example,feasibility,false,false,false,false,,,,0.818403085,0.027988195419311523,0.0,0.0,0.775672532,0.462616249,0.30539133399999996,0.29035425186157227,0.470281198,0.313056283,0.040919647,9626,178,178,0,4044,0,1585,659,3160,5230,0,0,3,4804,4694,110,3160,1534,0,1791,112,1230,4700,,533,0,
88,INFEASIBLE,certified_no_adversarial_example,feasibility,false,false,false,false,,,,0.926679508,0.057890892028808594,0.0,0.0,0.852053155,0.555736601,0.3781051319999999,0.36111974716186523,0.4739480230000001,0.296316554,0.072813152,9626,213,213,0,4068,0,1567,675,3103,6411,0,0,3,4804,4662,142,3103,1559,0,1858,147,1364,4933,,848,0,
89,INFEASIBLE,certified_no_adversarial_example,feasibility,false,false,false,false,,,,1.1101022,0.049124956130981445,0.0,0.0,1.032709765,0.7122915839999999,0.5309420179999998,0.5117874145507812,0.501767747,0.32041818099999997,0.065044854,9626,259,259,0,4068,0,1547,665,3087,8498,0,0,3,4804,4641,163,3087,1554,0,1899,167,1446,5077,,609,0,
90,INFEASIBLE,certified_no_adversarial_example,feasibility,false,false,false,false,,,,0.565465916,0.017249345779418945,0.0,0.0,0.536587812,0.27972252799999997,0.15501205100000004,0.14300298690795898,0.381575761,0.2568652840000001,0.027089434,9626,131,131,0,3994,0,1609,643,3249,2202,0,0,3,4804,4741,63,3249,1492,0,1698,66,1044,4374,,421,0,
91,INFEASIBLE,certified_no_adversarial_example,feasibility,false,false,false,false,,,,0.808186874,0.025417566299438477,0.0,0.0,0.76803506,0.486761513,0.327608271,0.3133411407470703,0.440426789,0.281273547,0.038379744,9626,189,189,0,4056,0,1582,682,3117,5075,0,0,3,4804,4682,122,3117,1565,0,1816,125,1280,4787,,457,0,
92,INFEASIBLE,certified_no_adversarial_example,feasibility,false,false,false,false,,,,0.951866515,0.041515350341796875,0.0,0.0,0.89508896,0.585649418,0.4263221790000001,0.4094228744506836,0.46876678099999997,0.309439542,0.054993544,9626,243,243,0,4044,0,1551,653,3135,7678,0,0,3,4804,4668,136,3135,1533,0,1843,138,1334,4882,,710,0,
93,OPTIMAL,adversarial_example_found_or_best_known,feasibility,true,true,true,true,-1.7763568394002505e-15,-7.974939060553639;-6.239612122661438;-5.964869537523207;-3.4519540996285487;1.2689060386597202;-7.226744546929903;-10.663745322050048;-2.751421873884053;-1.2924733337926528;1.268906038659722,0.1;0.0;0.0;0.1;0.0;0.0;0.0;0.0;0.0;0.1;0.1;0.0;0.0;0.1;0.1;0.0;0.0;0.1;0.1;0.0;0.0;0.1;0.1;0.0;0.0;0.0;0.0;0.1;0.0;0.1;0.0;0.1;0.0;0.0;0.0;0.0;0.1;0.1;0.0;0.006335113192783238;0.1;0.1;0.1;0.1;0.1;0.1;0.1;0.1;0.1;0.1;0.1;0.1;0.1;0.0;0.1;0.1;0.1;0.1;0.0;0.1;0.1;0.1;0.1;0.0;0.0;0.1;0.1;0.0;0.0;0.0;0.0;0.1;0.1;0.0;0.1;0.1;0.1;0.1;0.1;0.0;0.0;0.0;0.0;0.1;0.0;0.0;0.0;0.1;0.0;0.1;0.1;0.0;0.1;0.1;0.1;0.0;0.1;0.0;0.1;0.1;0.1;0.0;0.0;0.0;0.1;0.0;0.1;0.0;0.0;0.0;0.0;0.0;0.0;0.1;0.1;0.1;0.1;0.1;0.1;0.0;0.1;0.1;0.1;0.0;0.0;0.0;0.0;0.1;0.1;0.0;0.0;0.1;0.1;0.0;0.1;0.0;0.0;0.0;0.0;0.0;0.0;0.1;0.1;0.0;0.1;0.1;0.1;0.0;0.1;0.0;0.1;0.0;0.1;0.0;0.1;0.1;0.1;0.0;0.0;0.1;0.1;0.1;0.0;0.0;0.0;0.1;0.0;0.0;0.1;0.0;0.0;0.0;0.0;0.1;0.1;0.1;0.1;0.0;0.1;0.0;0.0;0.0;0.0;0.1;0.1;0.0;0.0;0.1;0.1;0.0;0.0;0.0;0.1;0.1;0.1;0.0;0.0;0.1;0.1;0.0;0.1;0.1;0.1;0.1;0.0;0.0;0.1;0.1;0.1;0.1;0.0;0.1;0.1;0.1;0.1;0.1;0.1;0.1;0.1;0.0;0.0;0.0;0.0;0.0;0.0;0.1;0.1;0.0;0.0;0.1;0.1;0.1;0.1;0.0;0.0;0.0;0.1;0.0;0.0;0.1;0.1;0.0;0.0;0.0;0.0;0.1;0.0;0.1;0.0;0.19411764705882353;0.1;0.0;0.0;0.0;0.0;0.1;0.0;0.1;0.1;0.1;0.0;0.1;0.0;0.0;0.1;0.10236970626589419;0.10191603180926279;0.1732255160497916;0.0;0.0;0.0;0.0;0.1;0.1;0.2686274509803922;0.7909326779484163;0.8883959019294562;0.28600416927024447;0.1;0.1;0.0;0.0;0.0;0.1;0.1;0.1;0.1;0.1;0.1;0.0;0.0;0.1;0.2520179573693079;0.9823529411764705;0.9980392156862745;0.8764705882352941;0.515686274509804;0.0;0.0;0.0;0.0;0.3509803921568627;1.0;0.9705882352941176;0.5901960784313726;0.10784313725490197;0.1;0.1;0.0;0.1;0.0;0.1;0.0;0.0;0.1;0.0;0.1;0.0;0.0;0.4553388123244329;0.8990266122719702;0.4764705882352941;0.0;0.707843137254902;0.6941278777838319;0.1;0.0;0.0;0.5392156862745098;1.0;0.5431372549019609;0.0;0.1;0.0;0.1;0.0;0.1;0.0;0.0;0.1;0.1;0.0;0.0;0.1;0.15490196078431373;0.23725490196078433;0.4843988966333827;0.888235294117647;0.1392156862745098;0.0;0.09523745271709848;0.8921568627450981;0.38235294117647056;0.0;0.21372549019607845;0.9588235294117646;0.8860408059589205;0.38627450980392153;0.0;0.0;0.0;0.0;0.0;0.1;0.0;0.0;0.0;0.1;0.1;0.1;0.1;0.0;0.7784313725490196;0.80032612171821;0.47021173518204146;0.0;0.1;0.0;0.33529411764705885;0.9666666666666667;0.0;0.46637794151951856;1.0;0.7950648636896805;0.0;0.0;0.0;0.0;0.1;0.1;0.1;0.0;0.0;0.0;0.0;0.1;0.0;0.1;0.0;0.6843137254901961;0.6843137254901961;0.0;0.0;0.0;0.0;0.0;0.49215686274509807;0.907843137254902;0.6294117647058823;0.8960784313725491;0.8294117647058824;0.19411764705882353;0.1;0.0;0.0;0.1;0.1;0.1;0.1;0.0;0.0;0.0;0.0;0.0;0.0;0.1;0.4602995971240451;0.6490196078431373;0.1196078431372549;0.0;0.0;0.1;0.0;0.16666666666666666;0.9;0.8647058823529412;0.8813561007170789;0.6764705882352942;0.10618603331012358;0.0;0.1;0.0;0.09595124950610853;0.1;0.0;0.1;0.0;0.0;0.0;0.0;0.0;0.0;0.0;0.0;0.8529411764705882;0.27254901960784317;0.0;0.0;0.0;0.0;0.0;0.6607843137254902;0.8764705882352941;0.692156862745098;0.45686274509803926;0.0;0.0;0.0;0.0;0.1;0.1;0.1;0.0;0.1;0.1;0.0;0.0;0.0;0.0;0.0;0.1;0.1;0.7784313725490196;0.10353261604489829;0.0;0.0;0.0;0.1;0.669901137802086;0.9784313725490196;0.20027650873179978;0.0;0.0;0.1;0.1;0.1;0.1;0.1;0.1;0.0;0.0;0.1;0.1;0.0;0.0;0.0;0.0;0.1;0.1;0.0;0.8647058823529412;0.5196078431372549;0.1392156862745098;0.0;0.09846381690181837;0.6843137254901961;1.0;0.3313725490196079;0.0;0.0;0.0;0.1;0.1;0.0;0.0;0.0;0.0;0.0;0.0;0.1;0.1;0.0;0.0;0.0;0.0;0.1;0.0;0.1;0.13137254901960785;0.1437149910061571;0.0;0.19795991062615245;1.0;0.8882352941176471;0.44509803921568625;0.0;0.0;0.0;0.1;0.0;0.0;0.0;0.1;0.0;0.1;0.1;0.1;0.1;0.0;0.0;0.1;0.0;0.0;0.1;0.1;0.1;0.09819962668321956;0.16666666666666669;0.6764705882352942;0.696078431372549;1.0;0.4294117647058824;0.0;0.0;0.0;0.0;0.0;0.1;0.1;0.0;0.1;0.1;0.1;0.1;0.1;0.1;0.1;0.0;0.1;0.0;0.0;0.0;0.1;0.1;0.18672803768554866;0.9588235294117646;0.9941176470588236;0.22707878782340166;0.21610271740690543;0.0;0.0;0.1;0.0;0.1;0.1;0.1;0.0;0.1;0.1;0.0;0.1;0.0;0.0;0.1;0.0326966540838685;0.1;0.1;0.0;0.0;0.0;0.0;0.1;0.5745098039215686;0.9941176470588236;0.27254901960784317;0.1;0.1;0.0;0.1;0.0;0.0;0.0;0.0;0.1;0.1;0.1;0.0;0.0;0.0;0.1;0.1;0.1;0.1;0.0;0.0;0.1;0.1;0.0;0.1;0.0;0.1041560575612329;0.159036199868474;0.1;0.1;0.1;0.1;0.1;0.1;0.1;0.1;0.0;0.0;0.0;0.1;0.0;0.0;0.0;0.1;0.0;0.1;0.0;0.0;0.1;0.1;0.1;0.0;0.0;0.0;0.1;0.1;0.1;0.1;0.1;0.0;0.0;0.1;0.1;0.1;0.1;0.1;0.1;0.1;0.1;0.0;0.0;0.1;0.0;0.0;0.0;0.0;0.0;0.1;0.0;0.0;0.1;0.0;0.1;0.0;0.1;0.1;0.1;0.0;0.06574301492085417;0.0;0.1;0.1;0.0;0.1;0.0;0.1;0.0;0.0;0.0;0.0;0.1;0.1;0.0;0.1;0.1;0.1;0.1;0.0;0.0;0.0;0.0;0.0;0.1;0.1;0.1;0.0;0.0;0.1;0.1;0.1;0.1;0.1;0.1;0.0;0.1;0.0;0.0;0.0;0.0;0.0;0.0;0.1;0.0;0.1;0.1;0.1;0.1;0.0;0.1;0.0;0.1;0.1;0.1;0.1;0.0;0.0;0.0;0.0;0.0;0.1;0.0;0.0;0.1;0.1;0.1;0.0;0.1;0.0;0.0;0.0,2.553523427,1.60603666305542,0.0,0.0,0.929736193,0.641561643,0.45542516399999994,0.43729519844055176,0.47431102900000005,0.28817455000000003,1.619976852,9626,265,265,0,4026,0,1537,623,3175,8906,0,0,3,4804,4656,148,3175,1481,0,1868,151,1384,4969,1,11636,,0.0
94,INFEASIBLE,certified_no_adversarial_example,feasibility,false,false,false,false,,,,0.712633194,0.02024531364440918,0.0,0.0,0.678850582,0.40590189600000004,0.22737272600000002,0.21337103843688965,0.451477856,0.272948686,0.032015307,9626,176,176,0,4065,0,1588,670,3127,3783,0,0,3,4804,4706,98,3127,1579,0,1767,100,1182,4616,,450,0,
95,INFEASIBLE,certified_no_adversarial_example,feasibility,false,false,false,false,,,,0.711494913,0.01706409454345703,0.0,0.0,0.682706977,0.42398574399999994,0.157624595,0.14692163467407227,0.525082382,0.2587212330000001,0.027023787,9626,122,122,0,4016,0,1614,659,3215,2650,0,0,3,4804,4733,71,3215,1518,0,1710,71,1069,4418,,449,0,
96,INFEASIBLE,certified_no_adversarial_example,feasibility,false,false,false,false,,,,0.898698567,0.06309127807617188,0.0,0.0,0.819976356,0.50238497,0.343171096,0.32552480697631836,0.47680525999999995,0.3175913859999999,0.076927074,9626,238,238,0,4099,0,1556,670,3063,5922,0,0,3,4804,4667,137,3063,1604,0,1846,140,1340,4892,,946,0,
97,INFEASIBLE,certified_no_adversarial_example,feasibility,false,false,false,false,,,,0.694716319,0.0479581356048584,0.0,0.0,0.63281464,0.370187834,0.23335064000000003,0.22028756141662598,0.39946399999999993,0.262626806,0.060109667,9626,161,161,0,3991,0,1594,626,3254,4175,0,0,3,4804,4709,95,3254,1455,0,1766,102,1180,4610,,819,0,
98,INFEASIBLE,certified_no_adversarial_example,feasibility,false,false,false,false,,,,1.007112296,0.0936594009399414,0.0,0.0,0.896946675,0.595502775,0.419161767,0.40106773376464844,0.477784908,0.3014439,0.108337311,9626,250,250,0,4066,0,1551,664,3095,6609,0,0,3,4804,4653,151,3095,1558,0,1874,154,1396,4990,,885,0,
99,INFEASIBLE,certified_no_adversarial_example,feasibility,false,false,false,false,,,,0.838488434,0.021284103393554688,0.0,0.0,0.80237053,0.505810925,0.342930858,0.32715654373168945,0.459439672,0.296559605,0.034340191,9626,214,214,0,4047,0,1566,677,3122,6393,0,0,3,4804,4670,134,3122,1548,0,1836,134,1321,4859,,456,0,
100,INFEASIBLE,certified_no_adversarial_example,feasibility,false,false,false,false,,,,0.73107611,0.02123260498046875,0.0,0.0,0.695590138,0.39807381899999994,0.26831559699999996,0.2541227340698242,0.42727454100000006,0.2975163190000001,0.033685697,9626,176,176,0,4063,0,1585,674,3128,4633,0,0,3,4804,4696,108,3128,1568,0,1787,110,1222,4686,,458,0,
101,INFEASIBLE,certified_no_adversarial_example,feasibility,false,false,false,false,,,,1.151481918,0.05132007598876953,0.0,0.0,1.082669066,0.7735278329999999,0.573574322,0.5538387298583984,0.509094744,0.30914123300000007,0.066981088,9626,292,292,0,4052,0,1527,656,3099,10267,0,0,3,4804,4627,177,3099,1528,0,1927,181,1502,5175,,660,0,
102,INFEASIBLE,certified_no_adversarial_example,feasibility,false,false,false,false,,,,1.087672787,0.0602869987487793,0.0,0.0,1.010196174,0.703798606,0.5143521369999999,0.4957435131072998,0.4958440370000001,0.30639756800000006,0.075685486,9626,264,264,0,4072,0,1541,680,3069,8405,0,0,3,4804,4630,174,3069,1561,0,1919,176,1486,5148,,814,0,
103,INFEASIBLE,certified_no_adversarial_example,feasibility,false,false,false,false,,,,1.09675167,0.042507171630859375,0.0,0.0,1.038224924,0.739867761,0.5129794300000001,0.49431467056274414,0.525245494,0.29835716300000015,0.056736718,9626,277,277,0,4071,0,1533,669,3076,8554,0,0,3,4804,4649,155,3076,1573,0,1878,155,1405,5006,,708,0,
104,INFEASIBLE,certified_no_adversarial_example,feasibility,false,false,false,false,,,,1.091962069,0.03675484657287598,0.0,0.0,1.039342116,0.746367967,0.41766541600000007,0.4009387493133545,0.6216767,0.2929741490000001,0.050848871,9626,247,247,0,4048,0,1550,672,3109,6916,0,0,3,4804,4662,142,3109,1553,0,1855,144,1358,4924,,570,0,
105,INFEASIBLE,certified_no_adversarial_example,feasibility,false,false,false,false,,,,0.67350856,0.019651412963867188,0.0,0.0,0.641100431,0.350309889,0.20992685000000003,0.1970841884613037,0.43117358100000003,0.29079054200000004,0.030635304,9626,166,166,0,4039,0,1588,661,3172,3731,0,0,3,4804,4711,93,3172,1539,0,1754,93,1157,4572,,501,0,
106,INFEASIBLE,certified_no_adversarial_example,feasibility,false,false,false,false,,,,0.838049311,0.03552961349487305,0.0,0.0,0.787416759,0.48431048499999996,0.338147141,0.32253217697143555,0.449269618,0.303106274,0.048859407,9626,237,237,0,4030,0,1554,661,3144,6392,0,0,3,4804,4672,132,3144,1528,0,1837,136,1322,4860,,569,0,
107,INFEASIBLE,certified_no_adversarial_example,feasibility,false,false,false,false,,,,1.103250993,0.03585314750671387,0.0,0.0,1.049526737,0.736608707,0.5412742999999999,0.5212395191192627,0.5082524370000002,0.31291803000000007,0.0519298,9626,305,305,0,4087,0,1520,669,3045,9473,0,0,3,4804,4620,184,3045,1575,0,1940,187,1528,5221,,518,0,
108,INFEASIBLE,certified_no_adversarial_example,feasibility,false,false,false,false,,,,0.581816871,0.0238800048828125,0.0,0.0,0.545861492,0.275604467,0.15863480800000002,0.14775657653808594,0.387226684,0.270257025,0.034186683,9626,125,125,0,3990,0,1614,646,3251,2314,0,0,3,4804,4734,70,3251,1483,0,1714,75,1076,4429,,486,0,
109,INFEASIBLE,certified_no_adversarial_example,feasibility,false,false,false,false,,,,0.671917947,0.03528904914855957,0.0,0.0,0.622833778,0.35111484200000004,0.21926115499999999,0.20641112327575684,0.40357262299999996,0.2717189359999999,0.04731935,9626,153,153,0,4035,0,1600,650,3188,4189,0,0,3,4804,4704,100,3188,1516,0,1772,103,1192,4633,,633,0,
110,INFEASIBLE,certified_no_adversarial_example,feasibility,false,false,false,false,,,,0.740568112,0.022403955459594727,0.0,0.0,0.705065675,0.435357957,0.275546492,0.26099586486816406,0.42951918299999997,0.26970771799999993,0.033746344,9626,213,213,0,4018,0,1565,668,3162,4279,0,0,3,4804,4709,95,3162,1547,0,1761,97,1170,4595,,436,0,
111,INFEASIBLE,certified_no_adversarial_example,feasibility,false,false,false,false,,,,0.935142594,0.03188443183898926,0.0,0.0,0.887253322,0.601311104,0.42090754499999977,0.40428590774536133,0.4663457770000002,0.28594221799999997,0.046126316,9626,240,240,0,4082,0,1552,655,3097,8894,0,0,3,4804,4653,151,3097,1556,0,1873,153,1394,4987,,550,0,
112,INFEASIBLE,certified_no_adversarial_example,feasibility,false,false,false,false,,,,0.589104586,0.024609804153442383,0.0,0.0,0.551877005,0.293695765,0.16654160299999998,0.15494585037231445,0.38533540200000005,0.25818124000000003,0.035449688,9626,134,134,0,4009,0,1609,645,3229,2955,0,0,3,4804,4722,82,3229,1493,0,1736,85,1120,4507,,534,0,
113,INFEASIBLE,certified_no_adversarial_example,feasibility,false,false,false,false,,,,0.699900592,0.02296304702758789,0.0,0.0,0.663484927,0.367427136,0.22720266800000002,0.21440625190734863,0.43628225899999995,0.29605779099999996,0.034646598,9626,157,157,0,4018,0,1598,660,3193,4160,0,0,3,4804,4706,98,3193,1513,0,1767,100,1182,4616,,489,0,
114,INFEASIBLE,certified_no_adversarial_example,feasibility,false,false,false,false,,,,0.970454252,0.044712066650390625,0.0,0.0,0.910419338,0.634103713,0.33965549000000006,0.32483482360839844,0.5707638479999999,0.27631562499999995,0.058233205,9626,208,208,0,4041,0,1571,663,3143,6670,0,0,3,4804,4674,130,3143,1531,0,1833,134,1314,4846,,673,0,
115,INFEASIBLE,certified_no_adversarial_example,feasibility,false,false,false,false,,,,0.673761134,0.0264589786529541,0.0,0.0,0.633466013,0.362675236,0.21756301900000002,0.20490145683288574,0.415902994,0.27079077700000004,0.038506977,9626,161,161,0,4019,0,1594,655,3197,4139,0,0,3,4804,4709,95,3197,1512,0,1761,97,1170,4595,,505,0,
116,OPTIMAL,adversarial_example_found_or_best_known,feasibility,true,true,true,true,-5.10702591327572e-15,-8.863540664920645;-9.935390921269896;-8.236629280609193;-4.757022392947485;1.8810230206206588;-3.038159547139001;-3.0293074541956297;-8.10518269798064;-3.2376932415941013;1.8810230206206537,0.0;0.1;0.1;0.0;0.1;0.1;0.1;0.1;0.1;0.0;0.0;0.1;0.1;0.0;0.0;0.1;0.1;0.0;0.0;0.1;0.1;0.0;0.0;0.1;0.1;0.1;0.1;0.0;0.1;0.0;0.1;0.0;0.1;0.1;0.1;0.1;0.0;0.0;0.0;0.1;0.0;0.0;0.0;0.0;0.0;0.0;0.0;0.0;0.0;0.0;0.0;0.0;0.1;0.1;0.0;0.0;0.0;0.0;0.0;0.0;0.0;0.1;0.1;0.1;0.1;0.0;0.0;0.1;0.1;0.0;0.0;0.1;0.1;0.0;0.0;0.1;0.1;0.0;0.0;0.1;0.1;0.1;0.1;0.0;0.1;0.1;0.1;0.0;0.0;0.0;0.0;0.0;0.0;0.0;0.1;0.1;0.0;0.1;0.1;0.1;0.1;0.1;0.0;0.1;0.0;0.1;0.0;0.0;0.0;0.1;0.0;0.0;0.1;0.0;0.0;0.0;0.0;0.1;0.1;0.0;0.0;0.0;0.0;0.1;0.1;0.0;0.0;0.1;0.1;0.1;0.1;0.1;0.0;0.0;0.0;0.0;0.0;0.1;0.1;0.0;0.1;0.0;0.0;0.1;0.0;0.0;0.0;0.0;0.0;0.1;0.1;0.1;0.1;0.0;0.1;0.0;0.0;0.0;0.0;0.0;0.0;0.1;0.0;0.0;0.0;0.0;0.0;0.1;0.0;0.1;0.1;0.1;0.1;0.1;0.1;0.0;0.0;0.0;0.0;0.1;0.1;0.1;0.0;0.0;0.1;0.0;0.0;0.0;0.0;0.1;0.1;0.0;0.0;0.1;0.1;0.1;0.0;0.1;0.0;0.1;0.0;0.1;0.0;0.0;0.1;0.1;0.1;0.0;0.0;0.1;0.1;0.1;0.0;0.0;0.1;0.0;0.0;0.0;0.0;0.1;0.1;0.0;0.1;0.1;0.1;0.0;0.0;0.1;0.1;0.1;0.0;0.0;0.0;0.1;0.1;0.1;0.1;0.2411764705882353;0.3431372549019608;0.2647058823529412;0.1;0.0;0.0;0.0;0.0;0.1;0.1;0.1;0.1;0.0;0.0;0.1;0.0;0.0;0.0;0.1;0.1;0.1;0.1;0.0;0.1;0.1;0.1;0.22156862745098038;0.6882352941176471;0.8686274509803922;1.0;0.8803921568627451;0.40949183182363985;0.0;0.0;0.1;0.0;0.1;0.0;0.0;0.1;0.0;0.1;0.1;0.0;0.0;0.0;0.0;0.0;0.1;0.1;0.0;0.0;0.11568627450980393;0.5549019607843138;0.9823529411764705;0.8960784313725491;0.6019607843137255;0.6058823529411765;1.0;0.8921568627450981;0.24509803921568626;0.0;0.0;0.0;0.1;0.0;0.0;0.0;0.0;0.0;0.1;0.0;0.0;0.1;0.0;0.1;0.0;0.1;0.0;0.22549019607843138;0.7784313725490196;1.0;0.7253713622414687;0.33529411764705885;0.0;0.10392156862745099;0.5784313725490197;1.0;0.7959002957159016;0.0;0.0;0.0;0.0;0.0;0.0;0.1;0.0;0.1;0.1;0.0;0.0;0.0;0.0;0.0;0.1;0.1;0.06470588235294117;0.9862745098039215;0.8882352941176471;0.5509803921568628;0.2568627450980392;0.1;0.0;0.0;0.10392156862745097;1.0;1.0;0.0;0.0;0.0;0.28823529411764703;0.3313725490196079;0.24901960784313726;0.1;0.0;0.1;0.1;0.0;0.0;0.0;0.1;0.0;0.1;0.12745098039215685;0.7953089369532031;0.884313725490196;0.44509803921568625;0.0;0.1;0.0;0.0;0.1;0.1;0.8215686274509804;1.0;0.10392156862745097;0.15098039215686274;0.6058823529411765;0.8764705882352941;0.8960784313725491;0.8568627450980393;0.1;0.0;0.1;0.1;0.0;0.1;0.1;0.0;0.09995716437974216;0.515686274509804;0.8803921568627451;1.0;0.3313725490196079;0.0;0.0;0.0;0.0;0.0;0.0;0.2450980392156863;1.0;1.0;0.8960784313725491;0.8960784313725491;0.8960784313725491;0.8960784313725491;1.0;0.8490196078431372;0.1;0.0;0.0;0.1;0.0;0.1;0.0;0.0;0.307843137254902;0.8882352941176471;0.8773602910686072;0.4654019704055259;0.0;0.0;0.0;0.1;0.11960784313725491;0.23333333333333334;0.5666666666666667;1.0;1.0;1.0;1.0;0.7994443987829194;0.4764705882352941;0.6575857281000775;0.3235294117647059;0.0;0.1;0.0;0.1;0.1;0.0;0.1;0.1;0.0;0.8960784313725491;1.0;0.4254901960784314;0.1;0.1;0.1;0.10182579373303452;0.21764705882352942;0.5352941176470588;0.8960784313725491;0.8960784313725491;1.0;1.0;0.6450980392156863;0.09683118986182059;0.1;0.0;0.0;0.0;0.0;0.1;0.0;0.1;0.1;0.0;0.1;0.0;0.1;0.3567651083775445;0.37058823529411766;0.1;0.0;0.049310720696110734;0.11176470588235295;0.5666666666666667;1.0;0.8960784313725491;1.0;0.8960784313725491;0.503921568627451;0.0;0.0;0.1;0.1;0.1;0.0;0.1;0.0;0.1;0.0;0.1;0.1;0.1;0.1;0.1;0.0;0.0;0.0;0.0;0.1;0.1;0.0;0.292156862745098;0.7274509803921568;0.8333333333333333;0.3274509803921568;0.12914055784795198;0.0;0.0;0.0;0.0;0.1;0.1;0.0;0.0;0.0;0.0;0.0;0.1;0.1;0.0;0.0;0.1;0.0;0.1;0.0;0.0;0.1;0.1;0.0;0.041370429416120305;0.11526454707327945;0.0;0.1;0.042888770902962704;0.1;0.0;0.0;0.1;0.1;0.1;0.0;0.0;0.0;0.1;0.0;0.1;0.1;0.0;0.1;0.1;0.0;0.0;0.0;0.1;0.1;0.1;0.0;0.0;0.0;0.0;0.1;0.1;0.1;0.1;0.0;0.0;0.1;0.1;0.0;0.0;0.0;0.0;0.0;0.1;0.1;0.0;0.1;0.1;0.1;0.0;0.1;0.1;0.1;0.1;0.0;0.0;0.0;0.1;0.1;0.1;0.1;0.1;0.0;0.1;0.1;0.0;0.1;0.0;0.0;0.0;0.0;0.1;0.0;0.0;0.1;0.1;0.1;0.1;0.0;0.0;0.1;0.0835666247021259;0.0;0.0;0.0;0.0;0.1;0.1;0.1;0.0;0.0;0.0;0.1;0.1;0.1;0.0;0.0;0.0;0.0;0.0;0.1;0.0;0.1;0.0;0.1;0.0;0.1;0.0;0.1;0.0;0.0;0.1;0.1;0.1;0.1;0.1;0.1;0.0;0.0;0.1;0.0;0.0;0.1;0.1;0.0;0.1;0.1;0.1;0.0;0.0;0.0;0.0;0.1;0.0;0.1;0.1;0.1;0.1;0.0;0.0;0.1;0.1;0.1;0.1;0.1;0.0;0.0;0.0;0.0;0.0;0.1;0.1;0.1;0.1;0.0;0.1;0.0;0.1;0.0;0.1;0.0;0.0;0.1;0.0;0.1;0.0;0.0;0.1;0.1;0.1;0.0;0.07755880618456239;0.1;0.1;0.0;0.1;0.0;0.1;0.0;0.1;0.1;0.0;0.1;0.1;0.0;0.0;0.1;0.0;0.0;0.1;0.1;0.1;0.1;0.1;0.0;0.0;0.1;0.1;0.0;0.0;0.1;0.1;0.0;0.0;0.1;0.1;0.1;0.1;0.1;0.1;0.1;0.0;0.0;0.0;0.1;0.1;0.1;0.1;0.0;0.0;0.1;0.0;0.1;0.1;0.0;0.1;0.0;0.1;0.1;0.1;0.1;0.1;0.1;0.1;0.0;0.006833182049447458;0.0;0.0;0.1;0.1;0.1,3.328323588,2.666435718536377,0.0,0.0,0.647288701,0.354145578,0.22295872099999997,0.21064424514770508,0.42432998000000005,0.293143123,2.677231182,9626,155,155,0,4014,0,1593,656,3208,3738,0,0,3,4804,4718,86,3208,1510,0,1740,86,1129,4523,1,43896,,0.0
117,INFEASIBLE,certified_no_adversarial_example,feasibility,false,false,false,false,,,,0.759106343,0.027426719665527344,0.0,0.0,0.718386451,0.4240948849999999,0.28456973799999996,0.27073073387145996,0.433816713,0.29429156600000006,0.03895965,9626,200,200,0,3999,0,1573,636,3218,4861,0,0,3,4804,4703,101,3218,1485,0,1770,101,1189,4628,,542,0,
118,INFEASIBLE,certified_no_adversarial_example,feasibility,false,false,false,false,,,,0.910407918,0.039121389389038086,0.0,0.0,0.855437965,0.564473742,0.3954461409999999,0.37826991081237793,0.4599918240000001,0.290964223,0.053169004,9626,241,241,0,4049,0,1551,668,3117,6671,0,0,3,4804,4666,138,3117,1549,0,1844,138,1337,4887,,677,0,
119,INFEASIBLE,certified_no_adversarial_example,feasibility,false,false,false,false,,,,0.914481883,0.03897571563720703,0.0,0.0,0.854544955,0.5614649740000001,0.393615535,0.37668490409851074,0.46092942000000003,0.293079981,0.05816255,9626,243,243,0,4022,0,1552,642,3167,7024,0,0,3,4804,4670,134,3167,1503,0,1841,138,1330,4874,,602,0,
120,INFEASIBLE,certified_no_adversarial_example,feasibility,false,false,false,false,,,,0.753941413,0.040812015533447266,0.0,0.0,0.698998571,0.410020185,0.26398236399999997,0.25060606002807617,0.435016207,0.288978386,0.05315089,9626,158,158,0,4065,0,1596,698,3109,4824,0,0,3,4804,4694,110,3109,1585,0,1792,113,1232,4703,,737,0,
121,INFEASIBLE,certified_no_adversarial_example,feasibility,false,false,false,false,,,,0.919769231,0.03689980506896973,0.0,0.0,0.867035696,0.5660024260000001,0.38967425199999994,0.3726823329925537,0.477361444,0.3010332699999999,0.05096609,9626,229,229,0,4092,0,1561,692,3052,6316,0,0,3,4804,4659,145,3052,1607,0,1862,148,1372,4948,,551,0,
122,INFEASIBLE,certified_no_adversarial_example,feasibility,false,false,false,false,,,,1.128786466,0.2591733932495117,0.0,0.0,0.853305413,0.566473735,0.38857689400000006,0.3716697692871094,0.4647285189999999,0.286831678,0.273710151,9626,256,256,0,4035,0,1548,649,3138,6213,0,0,3,4804,4653,151,3138,1515,0,1874,154,1396,4990,,1336,0,
123,INFEASIBLE,certified_no_adversarial_example,feasibility,false,false,false,false,,,,0.764113881,0.024158954620361328,0.0,0.0,0.726120738,0.45840088400000006,0.276344002,0.26207828521728516,0.449776736,0.2677198539999999,0.036198586,9626,180,180,0,3997,0,1585,634,3230,5029,0,0,3,4804,4700,104,3230,1470,0,1779,106,1206,4658,,462,0,
124,INFEASIBLE,certified_no_adversarial_example,feasibility,false,false,false,false,,,,1.030346417,0.03265571594238281,0.0,0.0,0.981017486,0.6909687000000001,0.36536799600000003,0.3488342761993408,0.61564949,0.29004878599999995,0.047446189,9626,209,209,0,4062,0,1568,668,3119,7211,0,0,3,4804,4663,141,3119,1544,0,1854,144,1356,4920,,541,0,
125,INFEASIBLE,certified_no_adversarial_example,feasibility,false,false,false,false,,,,0.689206565,0.017660140991210938,0.0,0.0,0.656804703,0.37387502899999997,0.231308744,0.2167797088623047,0.42549595900000003,0.2829296740000001,0.030632764,9626,177,177,0,4046,0,1587,673,3143,4064,0,0,3,4804,4694,110,3143,1551,0,1788,110,1225,4691,,453,0,
126,INFEASIBLE,certified_no_adversarial_example,feasibility,false,false,false,false,,,,0.814375826,0.0360107421875,0.0,0.0,0.763941506,0.43110340499999994,0.29614409999999997,0.28124570846557617,0.467797406,0.33283810100000005,0.048640535,9626,188,188,0,4032,0,1577,662,3167,5366,0,0,3,4804,4690,114,3167,1523,0,1796,114,1241,4719,,668,0,
127,INFEASIBLE,certified_no_adversarial_example,feasibility,false,false,false,false,,,,0.899604531,0.05932474136352539,0.0,0.0,0.82352989,0.49708507700000004,0.338629301,0.3220663070678711,0.484900589,0.32644481299999994,0.074289673,9626,221,221,0,4078,0,1566,708,3053,5698,0,0,3,4804,4665,139,3053,1612,0,1852,144,1352,4912,,887,0,
128,INFEASIBLE,certified_no_adversarial_example,feasibility,false,false,false,false,,,,0.829246124,0.023894309997558594,0.0,0.0,0.791135862,0.48497661599999997,0.338408649,0.3234682083129883,0.45272721299999996,0.306159246,0.036347526,9626,189,189,0,4057,0,1579,688,3113,5670,0,0,3,4804,4685,119,3113,1572,0,1811,123,1270,4769,,442,0,
129,INFEASIBLE,certified_no_adversarial_example,feasibility,false,false,false,false,,,,0.829532413,0.03971362113952637,0.0,0.0,0.774850401,0.474233072,0.3165953369999999,0.30141258239746094,0.4582550640000001,0.30061732900000004,0.052858952,9626,202,202,0,4093,0,1574,678,3079,5826,0,0,3,4804,4680,124,3079,1601,0,1821,128,1290,4804,,634,0,
130,INFEASIBLE,certified_no_adversarial_example,feasibility,false,false,false,false,,,,0.778445014,0.023000478744506836,0.0,0.0,0.740066166,0.443413036,0.29487249299999996,0.27866363525390625,0.445193673,0.29665313,0.036539448,9626,191,191,0,4051,0,1581,673,3130,5161,0,0,3,4804,4676,128,3130,1546,0,1828,131,1304,4829,,462,0,
131,INFEASIBLE,certified_no_adversarial_example,feasibility,false,false,false,false,,,,0.849367282,0.03339242935180664,0.0,0.0,0.800908649,0.502956808,0.34582390400000007,0.3300337791442871,0.45508474499999996,0.29795184100000005,0.046667503,9626,196,196,0,4074,0,1579,675,3102,5566,0,0,3,4804,4679,125,3102,1577,0,1818,125,1285,4796,,647,0,
132,INFEASIBLE,certified_no_adversarial_example,feasibility,false,false,false,false,,,,0.946323564,0.03389096260070801,0.0,0.0,0.896803052,0.58977225,0.392084786,0.37586307525634766,0.504718266,0.307030802,0.047718621,9626,214,214,0,4102,0,1567,680,3063,7629,0,0,3,4804,4660,144,3063,1597,0,1856,144,1361,4929,,586,0,
133,INFEASIBLE,certified_no_adversarial_example,feasibility,false,false,false,false,,,,0.781388468,0.019340991973876953,0.0,0.0,0.75011421,0.469980406,0.3387653950000001,0.1684706211090088,0.4113488149999999,0.280133804,0.029487928,9626,136,136,0,4070,0,1607,700,3113,2397,0,0,3,4804,4730,74,3113,1617,0,1716,74,1081,4439,,505,0,
134,INFEASIBLE,certified_no_adversarial_example,feasibility,false,false,false,false,,,,0.798467314,0.0367283821105957,0.0,0.0,0.746625407,0.455268954,0.29755765000000006,0.2828795909881592,0.44906775699999996,0.291356453,0.050028576,9626,188,188,0,4061,0,1579,677,3121,4884,0,0,3,4804,4693,111,3121,1572,0,1793,113,1234,4707,,707,0,
135,INFEASIBLE,certified_no_adversarial_example,feasibility,false,false,false,false,,,,0.906328435,0.027371644973754883,0.0,0.0,0.862714325,0.566253768,0.368657582,0.35228657722473145,0.494056743,0.29646055699999996,0.041798846,9626,225,225,0,4074,0,1562,666,3099,6905,0,0,3,4804,4660,144,3099,1561,0,1860,147,1368,4941,,509,0,
136,INFEASIBLE,certified_no_adversarial_example,feasibility,false,false,false,false,,,,0.611940558,0.017286300659179688,0.0,0.0,0.58235133,0.319270883,0.178873716,0.16715693473815918,0.40347761399999993,0.26308044699999994,0.027805273,9626,126,126,0,4001,0,1614,661,3224,2839,0,0,3,4804,4729,75,3224,1505,0,1718,75,1085,4446,,438,0,
137,INFEASIBLE,certified_no_adversarial_example,feasibility,false,false,false,false,,,,0.823880879,0.026819229125976562,0.0,0.0,0.781979731,0.482303788,0.317688752,0.3022458553314209,0.46429097899999994,0.29967594299999994,0.040092095,9626,208,208,0,4053,0,1570,686,3109,5978,0,0,3,4804,4676,128,3109,1567,0,1827,130,1302,4826,,560,0,
138,INFEASIBLE,certified_no_adversarial_example,feasibility,false,false,false,false,,,,0.591038221,0.016397953033447266,0.0,0.0,0.562767843,0.306823057,0.175641625,0.16370630264282227,0.387126218,0.25594478600000004,0.026487474,9626,129,129,0,4011,0,1608,647,3231,3003,0,0,3,4804,4738,66,3231,1507,0,1703,68,1054,4392,,394,0,
139,INFEASIBLE,certified_no_adversarial_example,feasibility,false,false,false,false,,,,0.878758475,0.02626657485961914,0.0,0.0,0.836071849,0.521959318,0.376979831,0.35990238189697266,0.459092018,0.31411253100000003,0.040887521,9626,243,243,0,4064,0,1553,666,3100,6324,0,0,3,4804,4657,147,3100,1557,0,1868,152,1384,4968,,456,0,
140,INFEASIBLE,certified_no_adversarial_example,feasibility,false,false,false,false,,,,0.870532352,0.030832767486572266,0.0,0.0,0.824228853,0.516694316,0.365200101,0.34893059730529785,0.45902875200000004,0.307534537,0.044497401,9626,195,195,0,4056,0,1578,670,3127,6344,0,0,3,4804,4675,129,3127,1548,0,1826,129,1301,4824,,544,0,
141,INFEASIBLE,certified_no_adversarial_example,feasibility,false,false,false,false,,,,1.02901356,0.047525644302368164,0.0,0.0,0.964975201,0.6638139120000001,0.489946357,0.47167158126831055,0.475028844,0.30116128899999994,0.06224232,9626,250,250,0,4021,0,1548,634,3173,8297,0,0,3,4804,4659,145,3173,1486,0,1862,148,1372,4948,,620,0,
142,INFEASIBLE,certified_no_adversarial_example,feasibility,false,false,false,false,,,,0.880620062,0.022768020629882812,0.0,0.0,0.843769637,0.41666629499999996,0.24136113100000006,0.2272505760192871,0.602408506,0.427103342,0.035046752,9626,180,180,0,4025,0,1586,670,3165,3842,0,0,3,4804,4700,104,3165,1535,0,1779,106,1206,4658,,438,0,
143,INFEASIBLE,certified_no_adversarial_example,feasibility,false,false,false,false,,,,0.9481853,0.03286242485046387,0.0,0.0,0.897898554,0.589645547,0.420304978,0.4019019603729248,0.47759357599999996,0.3082530069999999,0.048469728,9626,248,248,0,4053,0,1551,686,3088,7340,0,0,3,4804,4644,160,3088,1556,0,1891,162,1430,5050,,498,0,
144,INFEASIBLE,certified_no_adversarial_example,feasibility,false,false,false,false,,,,0.620469463,0.0196993350982666,0.0,0.0,0.588208983,0.292557274,0.16179686000000001,0.14998435974121094,0.426412123,0.29565170900000004,0.030474198,9626,131,131,0,3977,0,1610,639,3269,2459,0,0,3,4804,4734,70,3269,1465,0,1708,70,1065,4411,,454,0,
145,INFEASIBLE,certified_no_adversarial_example,feasibility,false,false,false,false,,,,0.888206869,0.0426478385925293,0.0,0.0,0.830501855,0.542378081,0.3579078440000001,0.34164881706237793,0.47259401099999987,0.288123774,0.055868508,9626,215,215,0,4045,0,1566,674,3126,6371,0,0,3,4804,4679,125,3126,1553,0,1821,127,1290,4805,,718,0,
146,INFEASIBLE,certified_no_adversarial_example,feasibility,false,false,false,false,,,,0.594184256,0.018052101135253906,0.0,0.0,0.563808984,0.293507535,0.178888613,0.16622543334960938,0.384920371,0.270301449,0.028588851,9626,136,136,0,3976,0,1609,649,3256,2825,0,0,3,4804,4727,77,3256,1471,0,1722,77,1093,4460,,461,0,
147,INFEASIBLE,certified_no_adversarial_example,feasibility,false,false,false,false,,,,0.78496436,0.028505563735961914,0.0,0.0,0.740509257,0.44688367100000004,0.29187049500000006,0.2760024070739746,0.44863876199999997,0.293625586,0.042642192,9626,193,193,0,4081,0,1576,685,3091,5308,0,0,3,4804,4674,130,3091,1583,0,1833,134,1314,4846,,495,0,
148,INFEASIBLE,certified_no_adversarial_example,feasibility,false,false,false,false,,,,0.870219285,0.024220705032348633,0.0,0.0,0.830507596,0.5092788109999999,0.35629787999999984,0.3404064178466797,0.47420971600000017,0.32122878500000007,0.037919927,9626,199,199,0,4111,0,1575,711,3030,6472,0,0,3,4804,4671,133,3030,1641,0,1837,135,1322,4861,,502,0,
149,INFEASIBLE,certified_no_adversarial_example,feasibility,false,false,false,false,,,,1.025146956,0.06154799461364746,0.0,0.0,0.947187984,0.636820995,0.46322006599999993,0.44493818283081055,0.4839679180000001,0.31036698900000004,0.076173042,9626,251,251,0,4052,0,1549,664,3110,7730,0,0,3,4804,4654,150,3110,1544,0,1872,153,1392,4983,,894,0,
150,OPTIMAL,adversarial_example_found_or_best_known,feasibility,true,true,true,true,-2.0761170560490427e-14,-10.879798654035238;-8.940337491716239;0.4675155938353881;-3.298804743813892;-4.251512926917345;-6.7199891162455145;-8.596462465820661;-8.894608976361882;-6.5301658441409645;0.46751559383536734,0.0;0.1;0.1;0.0;0.0;0.1;0.1;0.1;0.1;0.0;0.0;0.1;0.1;0.0;0.0;0.0;0.0;0.1;0.1;0.0;0.0;0.1;0.1;0.0;0.0;0.1;0.1;0.0;0.0;0.1;0.1;0.0;0.1;0.1;0.1;0.0;0.1;0.0;0.1;0.1;0.1;0.1;0.1;0.0;0.0;0.0;0.0;0.0;0.0;0.0;0.1;0.0;0.1;0.1;0.1;0.1;0.0;0.1;0.1;0.0;0.0;0.1;0.1;0.0;0.1;0.0;0.0;0.1;0.1;0.1;0.1;0.0;0.0;0.1;0.1;0.0;0.0;0.1;0.1;0.0;0.0;0.1;0.1;0.0;0.0;0.0;0.0;0.0;0.0;0.1;0.0;0.0;0.1;0.0;0.1;0.0;0.1;0.1;0.1;0.1;0.0;0.1;0.0;0.0;0.0;0.0;0.1;0.0;0.1;0.0;0.1;0.0;0.0;0.1;0.0;0.0;0.0;0.1;0.1;0.0;0.1;0.0;0.0;0.0;0.0;0.1;0.1;0.1;0.1;0.1;0.1;0.1;0.0;0.0;0.0;0.0;0.0;0.1;0.1;0.1;0.1;0.1;0.1;0.0;0.1;0.1;0.1;0.1;0.1;0.0;0.1;0.0;0.1;0.0;0.0;0.0;0.0;0.0;0.1;0.1;0.0;0.0;0.0;0.0;0.0;0.0;0.1;0.0;0.0;0.1;0.1;0.0;0.0;0.0;0.0;0.1;0.1;0.0;0.0;0.1;0.1;0.1;0.3313725490196079;0.6803921568627451;0.5975497781042575;0.10784313725490197;0.0;0.1;0.1;0.0;0.0;0.0;0.0;0.1;0.1;0.0;0.1;0.1;0.1;0.0;0.0;0.0;0.0;0.1;0.1;0.0;0.0;0.1;0.15098039215686276;0.40588235294117647;1.0;0.7769652713642599;0.5235294117647059;0.9745098039215686;0.43092833489448795;0.10256329882915469;0.0;0.1;0.0;0.02348630156185427;0.04688538116859655;0.0;0.1;0.1;0.0;0.1;0.1;0.0;0.0;0.0;0.0;0.1;0.1;0.0;0.1;0.1;0.48431372549019613;0.5588235294117647;0.19411764705882353;0.0;0.0;0.20196078431372547;0.8921568627450981;0.8490196078431372;0.10179638677537997;0.1;0.0;0.1;0.0;0.0;0.0;0.0;0.09790392560505658;0.1;0.1;0.1;0.0;0.0;0.0;0.1;0.1;0.0;0.1;0.14441894026792923;1.0;0.4019607843137255;0.0;0.0;0.1;0.1;0.7705882352941176;0.7196078431372549;0.0;0.1;0.1;0.1;0.0;0.1;0.1;0.0;0.1;0.1;0.1;0.1;0.0;0.0;0.0;0.1;0.1;0.0;0.1;0.5470588235294118;0.8450980392156863;0.017647058823529405;0.0;0.0;0.0;0.3941176470588236;1.0;0.4764705882352941;0.1;0.1;0.1;0.1;0.1;0.1;0.0;0.0;0.1;0.1;0.1;0.1;0.0;0.0;0.1980392156862745;0.18529351785928483;0.1;0.0;0.1;0.7313285448843986;0.8596234628088945;0.1;0.0;0.0;0.21764705882352942;0.7794062844507679;0.8871856162865377;0.0;0.0;0.0;0.0;0.0;0.06620804646864425;0.1;0.1;0.1;0.0;0.1;0.1;0.1;0.1;0.0;1.0;0.44509803921568625;0.0;0.0;0.0;0.5235294117647059;0.9823529411764705;0.12352941176470589;0.0;0.18627450980392155;0.7901960784313725;0.896078431372549;0.09593830483852225;0.1;0.0;0.0;0.0;0.1;0.1;0.1;0.1;0.0;0.0;0.1;0.1;0.1;0.1;0.0;0.9549019607843137;0.7784313725490196;0.0;0.0;0.0;0.3941176470588236;0.8960784313725491;0.20196078431372547;0.24901960784313723;0.7941176470588236;0.8940706333589197;0.17922512891361067;0.0;0.0;0.1;0.0;0.0;0.1;0.1;0.1;0.1;0.0;0.0;0.1;0.1;0.0;0.0;0.0;0.4073307719533339;0.8882352941176471;0.17450980392156865;0.0;0.0;0.1627450980392157;0.9980392156862745;0.8960784313725491;0.8960784313725491;0.703921568627451;0.0;0.1;0.1;0.0;0.0;0.0;0.0;0.0;0.1;0.1;0.1;0.0;0.0;0.1;0.1;0.0;0.1;0.0;0.0;0.6568627450980392;1.0;0.3937463851588713;0.0;0.17581433744800273;0.8727448020511372;1.0;0.8620831549826306;0.0;0.1;0.1;0.0;0.0;0.0;0.0;0.0;0.0;0.0;0.1;0.1;0.1;0.0;0.1;0.1;0.0;0.0;0.0;0.09712826532720466;0.04901960784313725;0.8958776429442781;0.884313725490196;0.9352941176470588;0.7823529411764706;0.5666666666666667;0.6294117647058823;0.8725490196078431;0.2058823529411765;0.0;0.1;0.1;0.0;0.0;0.0;0.0;0.0;0.0;0.1;0.1;0.1;0.0;0.1;0.1;0.0;0.1;0.1;0.1;0.0;0.005882352941176464;0.32146614814157515;0.5745098039215686;0.2568627450980392;0.09542818960951481;0.10386248521501773;0.968779968462077;0.8007487247448786;0.04117647058823529;0.1;0.1;0.1;0.0;0.0;0.0;0.0;0.0;0.0;0.0;0.0;0.0;0.1;0.1;0.0;0.0;0.1;0.1;0.0;0.0;0.1;0.0;0.0;0.0;0.0;0.3156862745098039;0.8647058823529412;0.7666666666666667;0.2411764705882353;0.1;0.1;0.1;0.0;0.0;0.0;0.0;0.0;0.1;0.1;0.1;0.1;0.1;0.1;0.09323971124732885;0.0;0.1;0.0;0.1;0.1;0.1;0.0;0.1;0.0;0.0;0.05686274509803921;0.8953278289978512;0.7876833192053174;0.10141109446676637;0.1;0.0;0.1;0.0;0.1;0.010029998165705446;0.0;0.0;0.1;0.0;0.1;0.1;0.1;0.1;0.1;0.1;0.0;0.0;0.1;0.1;0.0;0.0;0.1;0.0;0.1;0.017647058823529405;0.7431372549019608;0.8450980392156863;0.3784313725490196;0.1;0.1;0.0;0.1;0.1;0.0;0.0;0.1;0.1;0.1;0.1;0.1;0.0;0.1;0.0;0.0;0.1;0.1;0.1;0.1;0.0;0.0;0.0;0.0;0.1;0.0;0.6019607843137255;1.0;0.0607843137254902;0.1;0.0;0.1;0.0;0.0;0.010267484776122736;0.0;0.0;0.1;0.1;0.0;0.0;0.1;0.0;0.0;0.0;0.1;0.1;0.1;0.0;0.1;0.0;0.0;0.0;0.1;0.13529411764705884;0.9156862745098039;0.8607843137254902;0.2529411764705882;0.1;0.1;0.1;0.0;0.0;0.0;0.1;0.0;0.03807496214028144;0.0;0.1;0.0;0.1;0.0;0.1;0.1;0.1;0.1;0.1;0.0;0.08708866920628222;0.0;0.1;0.0;0.0;0.0;0.6294117647058823;1.0;0.47298480035333906;0.10242061774085363;0.0;0.0;0.1;0.1;0.0;0.0;0.1;0.1;0.0;0.0;0.0;0.0;0.0;0.0;0.0;0.0;0.1;0.1;0.1;0.0;0.0;0.0;0.0;0.0;0.0;0.3313725490196079;1.0;0.8647058823529411;0.0;0.1;0.1;0.0;0.1;0.0;0.0;0.0;0.1;0.1;0.1;0.0;0.005915634584997951;0.0;0.1;0.1;0.0;0.1;0.1;0.1;0.1;0.0;0.0;0.0;0.0;0.0;0.41764705882352937;0.7830581929897312;0.0;0.1;0.1;0.0;0.0;0.0;0.1;0.1;0.0;0.1;0.1;0.0;0.0;0.1;0.1;0.1;0.1;0.1;0.0;0.0;0.0;0.0;0.0;0.0;0.0;0.0;0.0;0.0;0.0;0.0;0.1;0.1;0.1;0.0;0.1;0.0;0.0;0.1;0.0;0.0;0.0;0.1;0.0;0.1;0.0;0.0;0.0;0.0;0.1;0.1;0.0;0.1;0.0;0.0;0.0;0.0;0.0;0.0;0.0;0.0,2.33321161,1.3161392211914062,0.0,0.0,0.998859506,0.675759131,0.501699815,0.48177647590637207,0.4971596909999999,0.323100375,1.330504678,9626,279,279,0,4041,0,1527,632,3147,10055,0,0,3,4804,4645,159,3147,1498,0,1886,159,1421,5034,1,11467,,0.0
151,INFEASIBLE,certified_no_adversarial_example,feasibility,false,false,false,false,,,,0.964101905,0.0329432487487793,0.0,0.0,0.915818794,0.61869839,0.305890188,0.29083991050720215,0.609928606,0.29712040399999995,0.046501071,9626,198,198,0,4041,0,1573,667,3147,5274,0,0,3,4804,4682,122,3147,1535,0,1816,125,1280,4787,,553,0,
152,INFEASIBLE,certified_no_adversarial_example,feasibility,false,false,false,false,,,,1.148860296,0.2564866542816162,0.0,0.0,0.87416718,0.562943838,0.3963457269999999,0.37871217727661133,0.4778214530000001,0.311223342,0.272885897,9626,247,247,0,4084,0,1552,689,3054,7195,0,0,3,4804,4639,165,3054,1585,0,1901,167,1450,5085,,994,0,
153,INFEASIBLE,certified_no_adversarial_example,feasibility,false,false,false,false,,,,0.828300893,0.02477717399597168,0.0,0.0,0.787280737,0.453610654,0.31499453399999994,0.2993814945220947,0.47228620300000007,0.333670083,0.03919272,9626,199,199,0,4039,0,1577,696,3115,5663,0,0,3,4804,4673,131,3115,1558,0,1834,134,1316,4850,,478,0,
154,INFEASIBLE,certified_no_adversarial_example,feasibility,false,false,false,false,,,,0.980681707,0.03224897384643555,0.0,0.0,0.931543318,0.622908887,0.437975324,0.4203062057495117,0.493567994,0.308634431,0.047342693,9626,260,260,0,4032,0,1545,676,3113,6301,0,0,3,4804,4660,144,3113,1547,0,1860,147,1368,4941,,502,0,
155,INFEASIBLE,certified_no_adversarial_example,feasibility,false,false,false,false,,,,0.698866391,0.04430246353149414,0.0,0.0,0.640409492,0.357755799,0.23425555600000003,0.2204577922821045,0.40615393599999994,0.282653693,0.05667516,9626,178,178,0,3978,0,1586,624,3260,3532,0,0,3,4804,4706,98,3260,1446,0,1770,103,1188,4625,,730,0,
156,INFEASIBLE,certified_no_adversarial_example,feasibility,false,false,false,false,,,,0.797615178,0.02453470230102539,0.0,0.0,0.758023829,0.463885063,0.31181540700000004,0.2957437038421631,0.44620842199999994,0.294138766,0.037773511,9626,209,209,0,4073,0,1566,670,3108,5599,0,0,3,4804,4680,124,3108,1572,0,1821,128,1290,4804,,473,0,
157,INFEASIBLE,certified_no_adversarial_example,feasibility,false,false,false,false,,,,0.952626314,0.028603553771972656,0.0,0.0,0.906840242,0.614701356,0.42967345100000004,0.41108131408691406,0.477166791,0.29213888600000004,0.043995747,9626,249,249,0,4043,0,1549,662,3123,8415,0,0,3,4804,4649,155,3123,1526,0,1883,159,1414,5021,,436,0,
158,INFEASIBLE,certified_no_adversarial_example,feasibility,false,false,false,false,,,,0.856848327,0.046885013580322266,0.0,0.0,0.794112622,0.49801182499999996,0.336960215,0.320237398147583,0.457152407,0.296100797,0.060954266,9626,218,218,0,4037,0,1564,671,3136,5656,0,0,3,4804,4675,129,3136,1539,0,1832,134,1312,4842,,717,0,
159,INFEASIBLE,certified_no_adversarial_example,feasibility,false,false,false,false,,,,0.806854107,0.029227733612060547,0.0,0.0,0.762833969,0.47345766,0.30302139,0.28700709342956543,0.459812579,0.289376309,0.042231994,9626,204,204,0,4037,0,1572,679,3134,5293,0,0,3,4804,4684,120,3134,1550,0,1808,120,1265,4761,,546,0,
160,INFEASIBLE,certified_no_adversarial_example,feasibility,false,false,false,false,,,,0.927064328,0.03267168998718262,0.0,0.0,0.705316505,0.43777187999999995,0.262212819,0.24793767929077148,0.443103686,0.26754462500000004,0.219940804,9626,158,158,0,4004,0,1594,647,3223,5084,0,0,3,4804,4710,94,3223,1487,0,1759,96,1166,4588,,649,0,
161,INFEASIBLE,certified_no_adversarial_example,feasibility,false,false,false,false,,,,0.730077449,0.028136730194091797,0.0,0.0,0.686911878,0.403749641,0.2702052670000001,0.2558431625366211,0.4167066109999999,0.283162237,0.041052607,9626,186,186,0,4044,0,1581,675,3140,5041,0,0,3,4804,4692,112,3140,1552,0,1796,115,1240,4717,,523,0,
162,INFEASIBLE,certified_no_adversarial_example,feasibility,false,false,false,false,,,,0.971518984,0.029674053192138672,0.0,0.0,0.926527558,0.590866829,0.41161122699999997,0.3945658206939697,0.514916331,0.335660729,0.043194265,9626,225,225,0,4066,0,1560,664,3111,8115,0,0,3,4804,4667,137,3111,1556,0,1842,137,1333,4880,,565,0,
163,INFEASIBLE,certified_no_adversarial_example,feasibility,false,false,false,false,,,,0.716044838,0.02311110496520996,0.0,0.0,0.678188586,0.388668642,0.24938678400000003,0.23524904251098633,0.42880180199999995,0.289519944,0.036035967,9626,175,175,0,4077,0,1586,710,3078,4037,0,0,3,4804,4694,110,3078,1616,0,1791,112,1230,4700,,483,0,
164,INFEASIBLE,certified_no_adversarial_example,feasibility,false,false,false,false,,,,0.70732341,0.022401094436645508,0.0,0.0,0.67158919,0.36659370700000005,0.23219795099999996,0.21899151802062988,0.439391239,0.3049954829999999,0.033906541,9626,161,161,0,4049,0,1596,689,3131,3463,0,0,3,4804,4707,97,3131,1576,0,1762,97,1173,4600,,522,0,
165,INFEASIBLE,certified_no_adversarial_example,feasibility,false,false,false,false,,,,1.023921784,0.05728793144226074,0.0,0.0,0.950061565,0.6447601660000001,0.4759069829999999,0.4573976993560791,0.47415458200000016,0.305301399,0.072035907,9626,264,264,0,4044,0,1539,653,3126,8326,0,0,3,4804,4657,147,3126,1531,0,1868,152,1384,4968,,823,0,
166,INFEASIBLE,certified_no_adversarial_example,feasibility,false,false,false,false,,,,0.851581857,0.03139758110046387,0.0,0.0,0.804474509,0.492978533,0.334504047,0.31873488426208496,0.4699704619999999,0.31149597599999995,0.045272144,9626,196,196,0,4075,0,1578,695,3082,5415,0,0,3,4804,4673,131,3082,1591,0,1834,134,1316,4850,,532,0,
167,INFEASIBLE,certified_no_adversarial_example,feasibility,false,false,false,false,,,,0.897523921,0.03894186019897461,0.0,0.0,0.842503857,0.544384181,0.3815946,0.36312222480773926,0.46090925699999996,0.298119676,0.053219486,9626,238,238,0,4053,0,1554,652,3129,7136,0,0,3,4804,4659,145,3129,1530,0,1861,147,1370,4945,,610,0,
168,INFEASIBLE,certified_no_adversarial_example,feasibility,false,false,false,false,,,,0.97139411,0.1814112663269043,0.0,0.0,0.77514351,0.479672518,0.3178667479999999,0.3006772994995117,0.4572767620000001,0.29547099200000004,0.194453338,9626,212,212,0,4030,0,1566,655,3163,5491,0,0,3,4804,4684,120,3163,1521,0,1811,122,1270,4770,,911,0,
169,INFEASIBLE,certified_no_adversarial_example,feasibility,false,false,false,false,,,,0.654697419,0.020623445510864258,0.0,0.0,0.620743077,0.36379927300000003,0.229320571,0.20468425750732422,0.39142250599999995,0.25694380399999994,0.032165846,9626,166,166,0,3994,0,1591,646,3229,3466,0,0,3,4804,4716,88,3229,1487,0,1744,88,1137,4537,,470,0,
170,INFEASIBLE,certified_no_adversarial_example,feasibility,false,false,false,false,,,,0.711361274,0.025187969207763672,0.0,0.0,0.67196248,0.39534666300000004,0.24556103199999998,0.2310330867767334,0.426401448,0.276615817,0.037551208,9626,184,184,0,4025,0,1579,667,3171,4134,0,0,3,4804,4708,96,3171,1537,0,1760,96,1169,4593,,546,0,
171,INFEASIBLE,certified_no_adversarial_example,feasibility,false,false,false,false,,,,0.637201382,0.024562358856201172,0.0,0.0,0.59944117,0.323700508,0.19368723300000001,0.1804060935974121,0.40575393699999995,0.27574066199999997,0.035962769,9626,150,150,0,4017,0,1601,667,3191,2956,0,0,3,4804,4715,89,3191,1524,0,1746,89,1141,4544,,584,0,
172,INFEASIBLE,certified_no_adversarial_example,feasibility,false,false,false,false,,,,0.901692628,0.029301166534423828,0.0,0.0,0.857717314,0.372049199,0.23439234700000006,0.2201833724975586,0.6233249669999998,0.48566811499999996,0.042166862,9626,168,168,0,4072,0,1591,654,3141,4263,0,0,3,4804,4702,102,3141,1561,0,1777,106,1202,4650,,537,0,
173,INFEASIBLE,certified_no_adversarial_example,feasibility,false,false,false,false,,,,0.894845225,0.044562339782714844,0.0,0.0,0.833035458,0.5252567100000001,0.35431829700000006,0.3373258113861084,0.47871716099999995,0.30777874799999994,0.060000693,9626,207,207,0,4090,0,1570,707,3052,7196,0,0,3,4804,4656,148,3052,1604,0,1867,150,1382,4966,,753,0,
174,INFEASIBLE,certified_no_adversarial_example,feasibility,false,false,false,false,,,,1.365305248,0.08636856079101562,0.0,0.0,1.259062236,0.930538732,0.6816903859999999,0.6596872806549072,0.57737185,0.32852350399999986,0.104440261,9626,308,308,0,4061,0,1518,667,3072,11114,0,0,3,4804,4607,197,3072,1535,0,1969,203,1586,5321,,961,0,
175,INFEASIBLE,certified_no_adversarial_example,feasibility,false,false,false,false,,,,0.692623792,0.0206453800201416,0.0,0.0,0.658356994,0.384046102,0.231724673,0.21729111671447754,0.42663232100000004,0.27431089200000003,0.032480568,9626,164,164,0,4044,0,1592,680,3146,4352,0,0,3,4804,4702,102,3146,1556,0,1772,102,1193,4635,,486,0,
176,INFEASIBLE,certified_no_adversarial_example,feasibility,false,false,false,false,,,,0.988113267,0.2705113887786865,,0.0,0.703238663,0.43686467400000006,0.28282400900000004,0.26830053329467773,0.420414654,0.266373989,0.283094505,9626,195,195,0,3975,0,1579,626,3251,4784,0,0,3,4804,4698,106,3251,1447,0,1784,109,1216,4675,,1287,0,
177,INFEASIBLE,certified_no_adversarial_example,feasibility,false,false,false,false,,,,0.799237759,0.038720130920410156,0.0,0.0,0.745217009,0.46274702600000006,0.30649692900000003,0.29079294204711914,0.43872007999999996,0.2824699829999999,0.052219381,9626,228,228,0,3971,0,1561,619,3247,4317,0,0,3,4804,4686,118,3247,1439,0,1812,125,1272,4771,,538,0,
178,INFEASIBLE,certified_no_adversarial_example,feasibility,false,false,false,false,,,,0.883530334,0.05135059356689453,0.0,0.0,0.815496316,0.511521033,0.35313508899999996,0.33625006675720215,0.4623612270000001,0.3039752830000001,0.06623823,9626,221,221,0,4056,0,1565,669,3115,6395,0,0,3,4804,4662,142,3115,1547,0,1860,149,1368,4939,,716,0,
179,INFEASIBLE,certified_no_adversarial_example,feasibility,false,false,false,false,,,,0.663685397,0.029012441635131836,0.0,0.0,0.621328396,0.35276135500000005,0.212702011,0.19904065132141113,0.40862638500000004,0.26856704099999995,0.040537959,9626,146,146,0,3992,0,1602,642,3244,4121,0,0,3,4804,4717,87,3244,1473,0,1747,91,1142,4545,,543,0,
180,INFEASIBLE,certified_no_adversarial_example,feasibility,false,false,false,false,,,,0.771200478,0.024294614791870117,0.0,0.0,0.731594942,0.43582359400000004,0.28761449,0.27187275886535645,0.44398045199999997,0.29577134799999993,0.037797846,9626,190,190,0,4089,0,1580,692,3075,5453,0,0,3,4804,4674,130,3075,1599,0,1828,130,1305,4831,,518,0,
181,INFEASIBLE,certified_no_adversarial_example,feasibility,false,false,false,false,,,,0.611570191,0.020287275314331055,0.0,0.0,0.578855957,0.297081833,0.16642420600000002,0.15405845642089844,0.412431751,0.281774124,0.030921291,9626,136,136,0,3983,0,1608,648,3251,2288,0,0,3,4804,4734,70,3251,1483,0,1711,72,1070,4420,,435,0,
182,INFEASIBLE,certified_no_adversarial_example,feasibility,false,false,false,false,,,,1.014686532,0.028212308883666992,0.0,0.0,0.970802449,0.678414905,0.35493737099999995,0.3372457027435303,0.6158650780000001,0.292387544,0.042102873,9626,218,218,0,4070,0,1562,680,3096,6076,0,0,3,4804,4672,132,3096,1576,0,1837,136,1322,4860,,491,0,
183,INFEASIBLE,certified_no_adversarial_example,feasibility,false,false,false,false,,,,0.688256915,0.02263641357421875,0.0,0.0,0.650418382,0.371324827,0.23140500200000008,0.2174069881439209,0.41901337999999994,0.279093555,0.036038166,9626,173,173,0,4017,0,1590,661,3185,4354,0,0,3,4804,4696,108,3185,1511,0,1788,111,1224,4689,,477,0,
184,INFEASIBLE,certified_no_adversarial_example,feasibility,false,false,false,false,,,,0.727472709,0.027429819107055664,0.0,0.0,0.685995081,0.352310779,0.21343540900000002,0.19992923736572266,0.47255967199999993,0.33368430199999993,0.039657394,9626,169,169,0,4084,0,1591,724,3058,3080,0,0,3,4804,4706,98,3058,1648,0,1767,100,1182,4616,,577,0,
185,INFEASIBLE,certified_no_adversarial_example,feasibility,false,false,false,false,,,,1.247755933,0.26274919509887695,0.0,0.0,0.96798,0.645231407,0.469365412,0.4499244689941406,0.49861458799999997,0.3227485929999999,0.277953176,9626,252,252,0,4064,0,1547,678,3085,8176,0,0,3,4804,4652,152,3085,1567,0,1875,154,1398,4994,,1119,0,
186,INFEASIBLE,certified_no_adversarial_example,feasibility,false,false,false,false,,,,0.880844983,0.04107403755187988,0.0,0.0,0.825171435,0.5431777409999999,0.364178371,0.34708523750305176,0.460993064,0.2819936940000001,0.053894132,9626,221,221,0,4046,0,1559,647,3153,7096,0,0,3,4804,4682,122,3153,1529,0,1812,122,1273,4775,,749,0,
187,INFEASIBLE,certified_no_adversarial_example,feasibility,false,false,false,false,,,,0.863289769,0.042616844177246094,0.0,0.0,0.805599205,0.484514958,0.33718523300000003,0.32187891006469727,0.468413972,0.32108424700000004,0.055879549,9626,193,193,0,4093,0,1580,695,3065,5118,0,0,3,4804,4683,121,3065,1618,0,1813,123,1274,4777,,759,0,
188,INFEASIBLE,certified_no_adversarial_example,feasibility,false,false,false,false,,,,0.861983411,0.03562664985656738,0.0,0.0,0.810529447,0.509449392,0.34385918699999996,0.32787442207336426,0.46667026,0.301080055,0.049657515,9626,208,208,0,4069,0,1567,700,3082,6122,0,0,3,4804,4666,138,3082,1584,0,1847,140,1342,4896,,583,0,
189,INFEASIBLE,certified_no_adversarial_example,feasibility,false,false,false,false,,,,0.811548054,0.03434348106384277,0.0,0.0,0.762772849,0.46311585099999997,0.308418059,0.29338765144348145,0.45435478999999995,0.299656998,0.046964398,9626,174,174,0,4097,0,1586,703,3066,5634,0,0,3,4804,4690,114,3066,1624,0,1799,116,1246,4728,,607,0,
190,INFEASIBLE,certified_no_adversarial_example,feasibility,false,false,false,false,,,,0.656624726,0.02600550651550293,0.0,0.0,0.617410737,0.35385836000000004,0.22167877400000005,0.20877599716186523,0.395731963,0.263552377,0.03743436,9626,157,157,0,3977,0,1598,637,3257,3888,0,0,3,4804,4711,93,3257,1454,0,1754,93,1157,4572,,571,0,
191,INFEASIBLE,certified_no_adversarial_example,feasibility,false,false,false,false,,,,0.762880221,0.018076419830322266,0.0,0.0,0.732990544,0.323294484,0.169374376,0.15733695030212402,0.563616168,0.40969606,0.028094701,9626,125,125,0,4018,0,1612,655,3216,2890,0,0,3,4804,4737,67,3216,1521,0,1702,67,1053,4390,,466,0,
192,INFEASIBLE,certified_no_adversarial_example,feasibility,false,false,false,false,,,,0.574865513,0.020109891891479492,0.0,0.0,0.541774041,0.289347744,0.173467327,0.16122770309448242,0.36830671400000004,0.252426297,0.031228917,9626,147,147,0,3983,0,1603,632,3261,2457,0,0,3,4804,4727,77,3261,1466,0,1726,80,1100,4472,,433,0,
193,INFEASIBLE,certified_no_adversarial_example,feasibility,false,false,false,false,,,,0.801315364,0.0365903377532959,0.0,0.0,0.748510389,0.439902967,0.282355307,0.266711950302124,0.466155082,0.308607422,0.05102124,9626,197,197,0,4086,0,1576,688,3079,5567,0,0,3,4804,4666,138,3079,1587,0,1844,138,1337,4887,,678,0,
194,INFEASIBLE,certified_no_adversarial_example,feasibility,false,false,false,false,,,,1.368356688,0.33067798614501953,0.0,0.0,1.019899058,0.7191344959999999,0.5082229949999999,0.48937249183654785,0.5116760630000001,0.3007645620000001,0.346652173,9626,266,266,0,4043,0,1542,637,3138,8468,0,0,3,4804,4641,163,3138,1503,0,1900,168,1448,5080,,1031,0,
195,INFEASIBLE,certified_no_adversarial_example,feasibility,false,false,false,false,,,,1.076799905,0.029623985290527344,0.0,0.0,1.030345927,0.7129713659999999,0.5300333030000001,0.5116245746612549,0.5003126239999999,0.31737456100000005,0.044666216,9626,257,257,0,4085,0,1544,667,3073,8468,0,0,3,4804,4641,163,3073,1568,0,1900,168,1448,5080,,412,0,
196,INFEASIBLE,certified_no_adversarial_example,feasibility,false,false,false,false,,,,0.818227253,0.043941497802734375,0.0,0.0,0.757825578,0.481201546,0.32868418299999996,0.3121180534362793,0.4291413950000001,0.2766240320000001,0.058562115,9626,204,204,0,4001,0,1571,632,3218,6444,0,0,3,4804,4673,131,3218,1455,0,1837,137,1322,4859,,624,0,
197,INFEASIBLE,certified_no_adversarial_example,feasibility,false,false,false,false,,,,0.607165894,0.017616748809814453,0.0,0.0,0.577312044,0.301672125,0.18546051100000002,0.1729879379272461,0.391851533,0.275639919,0.02805733,9626,145,145,0,4005,0,1604,648,3224,2679,0,0,3,4804,4728,76,3224,1504,0,1720,76,1089,4453,,444,0,
198,INFEASIBLE,certified_no_adversarial_example,feasibility,false,false,false,false,,,,0.552513802,0.014799356460571289,0.0,0.0,0.525528137,0.257306777,0.13203368399999998,0.12070465087890625,0.393494453,0.26822136,0.025179437,9626,108,108,0,4042,0,1622,688,3166,1670,0,0,3,4804,4744,60,3166,1578,0,1688,60,1025,4341,,447,0,
199,INFEASIBLE,certified_no_adversarial_example,feasibility,false,false,false,false,,,,0.802990172,0.023607254028320312,0.0,0.0,0.764756161,0.478884859,0.32301834,0.3071455955505371,0.441737821,0.285871302,0.036416012,9626,194,194,0,4026,0,1573,649,3184,5675,0,0,3,4804,4700,104,3184,1516,0,1776,104,1201,4649,,513,0,
200,INFEASIBLE,certified_no_adversarial_example,feasibility,false,false,false,false,,,,0.774890673,0.0394895076751709,0.0,0.0,0.721152592,0.42119422900000003,0.275367263,0.2613551616668701,0.44578532900000006,0.299958363,0.051953044,9626,156,156,0,4085,0,1599,680,3106,4581,0,0,3,4804,4698,106,3106,1592,0,1780,106,1209,4663,,733,0,
201,INFEASIBLE,certified_no_adversarial_example,feasibility,false,false,false,false,,,,0.784853971,0.04324197769165039,0.0,0.0,0.727236314,0.412429108,0.267687836,0.2527632713317871,0.459548478,0.314807206,0.055820648,9626,179,179,0,4140,0,1586,714,3007,5033,0,0,3,4804,4685,119,3007,1678,0,1811,123,1270,4769,,767,0,
202,INFEASIBLE,certified_no_adversarial_example,feasibility,false,false,false,false,,,,0.986624229,0.038522958755493164,0.0,0.0,0.931671293,0.581003956,0.41389030499999996,0.3950676918029785,0.5177809879999999,0.35066733699999997,0.053024118,9626,240,240,0,4080,0,1553,675,3078,6932,0,0,3,4804,4656,148,3078,1578,0,1867,150,1382,4966,,622,0,
203,INFEASIBLE,certified_no_adversarial_example,feasibility,false,false,false,false,,,,0.8096507,0.023279905319213867,0.0,0.0,0.770626052,0.512589585,0.20948521699999995,0.19701504707336426,0.561140835,0.25803646700000005,0.03719152,9626,144,144,0,3987,0,1605,636,3254,2961,0,0,3,4804,4723,81,3254,1469,0,1734,84,1116,4500,,470,0,
204,INFEASIBLE,certified_no_adversarial_example,feasibility,false,false,false,false,,,,0.742172526,0.048680782318115234,0.0,0.0,0.67767021,0.398468885,0.25299019699999997,0.23723101615905762,0.4246800130000001,0.27920132500000006,0.062703373,9626,200,200,0,3974,0,1576,623,3253,3597,0,0,3,4804,4699,105,3253,1446,0,1783,109,1214,4671,,681,0,
205,INFEASIBLE,certified_no_adversarial_example,feasibility,false,false,false,false,,,,0.701521079,0.024518966674804688,0.0,0.0,0.66343749,0.361470265,0.229139756,0.21588850021362305,0.43429773399999994,0.30196722499999995,0.036246704,9626,159,159,0,3975,0,1595,631,3266,3802,0,0,3,4804,4723,81,3266,1457,0,1733,83,1114,4497,,495,0,
206,INFEASIBLE,certified_no_adversarial_example,feasibility,false,false,false,false,,,,0.807723605,0.02847433090209961,0.0,0.0,0.76396344,0.479521019,0.30166219799999994,0.286435604095459,0.4623012420000001,0.28444242100000006,0.041908642,9626,189,189,0,4015,0,1580,663,3179,5609,0,0,3,4804,4690,114,3179,1511,0,1802,119,1252,4737,,478,0,
207,INFEASIBLE,certified_no_adversarial_example,feasibility,false,false,false,false,,,,0.773373149,0.02472829818725586,0.0,0.0,0.723407277,0.424478566,0.29125073200000007,0.2761812210083008,0.4321565449999999,0.29892871099999996,0.048142453,9626,178,178,0,4053,0,1587,671,3137,5633,0,0,3,4804,4691,113,3137,1554,0,1797,115,1242,4721,,483,0,
208,INFEASIBLE,certified_no_adversarial_example,feasibility,false,false,false,false,,,,0.991306049,0.055921077728271484,0.0,0.0,0.918895463,0.6172768829999999,0.43682107699999995,0.4177415370941162,0.4820743860000001,0.3016185800000001,0.070631188,9626,256,256,0,4057,0,1544,678,3091,7388,0,0,3,4804,4653,151,3091,1562,0,1875,155,1398,4993,,758,0,
209,INFEASIBLE,certified_no_adversarial_example,feasibility,false,false,false,false,,,,0.915882425,0.029536008834838867,0.0,0.0,0.869887422,0.580638118,0.40397224,0.38719701766967773,0.46591518200000004,0.28924930400000004,0.04419634,9626,239,239,0,4044,0,1556,670,3117,6750,0,0,3,4804,4657,147,3117,1540,0,1867,151,1382,4965,,510,0,
210,INFEASIBLE,certified_no_adversarial_example,feasibility,false,false,false,false,,,,0.623535325,0.034203290939331055,0.0,0.0,0.576918442,0.29082540900000003,0.166201224,0.15480470657348633,0.41071721799999994,0.28609303299999994,0.044829982,9626,128,128,0,4053,0,1612,680,3153,2775,0,0,3,4804,4721,83,3153,1568,0,1737,85,1122,4511,,810,0,
211,INFEASIBLE,certified_no_adversarial_example,feasibility,false,false,false,false,,,,0.763461238,0.04023027420043945,0.0,0.0,0.709135943,0.41804969700000005,0.276337851,0.2618529796600342,0.432798092,0.291086246,0.052525668,9626,189,189,0,4030,0,1578,655,3174,5332,0,0,3,4804,4693,111,3174,1519,0,1793,113,1234,4707,,764,0,
212,OPTIMAL,adversarial_example_found_or_best_known,feasibility,true,true,true,true,2.6645352591003757e-14,-9.786621092296905;-13.157676967027452;-13.133200633668075;0.8310988762415557;-7.1318539112870765;0.831098876241529;-14.333867710859476;-8.678246320025309;-3.4520022086847515;-0.9631136289556417,0.0;0.0;0.0;0.1;0.1;0.1;0.1;0.0;0.1;0.0;0.1;0.0;0.0;0.1;0.1;0.0;0.0;0.0;0.0;0.1;0.1;0.0;0.0;0.1;0.1;0.0;0.0;0.1;0.0;0.0;0.0;0.0;0.0;0.0;0.1;0.1;0.1;0.0;0.1;0.0;0.1;0.1;0.1;0.1;0.1;0.1;0.1;0.1;0.1;0.0;0.0;0.0;0.0;0.0;0.1;0.0;0.0;0.0;0.0;0.1;0.1;0.0;0.1;0.1;0.1;0.0;0.0;0.0;0.0;0.1;0.1;0.0;0.0;0.1;0.1;0.1;0.1;0.1;0.0;0.1;0.1;0.0;0.0;0.0;0.0;0.1;0.1;0.1;0.0;0.0;0.1;0.0;0.0;0.1;0.0;0.0;0.0;0.0;0.1;0.0;0.0;0.0;0.1;0.0;0.1;0.1;0.0;0.1;0.0;0.1;0.0;0.1;0.0;0.1;0.1;0.1;0.1;0.0;0.0;0.1;0.1;0.1;0.1;0.0;0.0;0.0;0.0;0.0;0.0;0.1;0.1;0.1;0.1;0.1;0.1;0.0;0.0;0.1;0.1;0.1;0.0;0.0;0.1;0.0;0.1;0.1;0.1;0.1;0.0;0.1;0.0;0.0;0.0;0.1;0.0;0.1;0.0;0.1;0.0;0.0;0.1;0.0;0.0;0.0;0.0;0.0;0.1;0.1;0.0;0.1;0.1;0.0;0.1;0.1;0.1;0.1;0.1;0.1;0.1;0.0;0.0;0.1;0.1;0.1;0.0;0.0;0.0;0.1;0.1;0.1;0.2019607843137255;0.04117647058823529;0.11960784313725491;0.1;0.1;0.1;0.0;0.0;0.1;0.0;0.1;0.0;0.1;0.1;0.0;0.1;0.0;0.0;0.0;0.1;0.1;0.1;0.0;0.0;0.0;0.1;0.0;0.0;0.46862745098039216;0.8490196078431372;0.6294117647058823;0.11568627450980393;0.1;0.1;0.1;0.1;0.1;0.0;0.0;0.0;0.1;0.1;0.1;0.1;0.1;0.0;0.03725490196078432;0.18235294117647058;0.10442487787725453;0.0;0.0;0.0;0.0;0.0;0.0;0.1;0.0;0.1;0.9941176470588236;0.515686274509804;0.0;0.1;0.0;0.1;0.0;0.0;0.1;0.1;0.1;0.1;0.1;0.1;0.1;0.6019607843137255;0.892239278406649;0.8921568627450981;0.7784313725490196;0.6019607843137255;0.0;0.1;0.0;0.1;0.0;0.1;0.0;0.1;0.7588235294117647;0.7901960784313725;0.1;0.0;0.1;0.1;0.1;0.0;0.0;0.1;0.1;0.1;0.1;0.1;0.4019607843137255;0.8803921568627451;0.49215686274509807;0.4764705882352941;0.5431372549019609;0.8921568627450981;0.6647058823529411;0.0;0.0;0.1;0.0;0.1;0.1;0.1;0.5392156862745098;0.896078431372549;0.0;0.1;0.1;0.0;0.1;0.0;0.1;0.1;0.1;0.1;0.1;0.1784313725490196;1.0;0.7942571456378162;0.12352941176470589;0.1;0.10568421000616303;0.5901960784313726;0.8882352941176471;0.6843137254901961;0.0;0.1;0.0;0.0;0.0;0.27254901960784317;0.8631036119446533;0.6294117647058823;0.0;0.1;0.0;0.1;0.1;0.0;0.0;0.1;0.1;0.1;0.09770148618019625;0.6647058823529411;0.896078431372549;0.0;0.0;0.1;0.09742861232248896;0.0;0.40588235294117647;0.8921568627450981;0.292156862745098;0.10392156862745099;0.1;0.0;0.0;0.707843137254902;1.0;0.3666666666666667;0.1;0.0;0.1;0.1;0.1;0.0;0.0;0.1;0.1;0.1;0.4019607843137255;1.0;0.4254901960784314;0.0;0.0;0.1;0.1;0.1;0.013725490196078403;0.7;1.0;0.19803921568627453;0.0;0.009803921568627444;0.692156862745098;1.0;0.20980392156862746;0.1;0.0;0.1;0.1;0.1;0.1;0.0;0.0;0.1;0.09996917845787447;0.307843137254902;0.7980392156862746;0.7039215686274509;0.34705882352941175;0.4019607843137255;0.11176470588235295;0.1;0.1;0.0;0.0;0.21372549019607845;1.0;0.7196078431372549;0.13529411764705881;0.6294117647058823;1.0;0.5549019607843138;0.14313725490196078;0.0;0.0;0.1;0.1;0.0;0.1;0.0;0.1;0.0;0.0;0.503921568627451;0.7313725490196079;0.1036881975188949;0.5901960784313726;1.0;0.14313725490196078;0.1;0.1;0.1;0.1;0.1;0.307843137254902;1.0;1.0;1.0;0.5549019607843138;0.12589820449009806;0.0;0.0;0.0;0.1;0.0;0.1;0.1;0.0;0.0;0.1;0.1588235294117647;1.0;0.29607843137254897;0.005882352941176464;0.9784313725490196;0.5431372549019609;0.0;0.1;0.1;0.1;0.1;0.1;0.1;0.05686274509803921;0.5313725490196078;0.42156862745098045;0.14705882352941177;0.1;0.1;0.0;0.0;0.1;0.1;0.1;0.04650561369966868;0.0;0.1;0.1;0.3784313725490196;1.0;0.10256965145153812;0.38627450980392153;1.0;0.4725490196078431;0.1;0.1;0.1;0.0;0.1;0.1;0.0;0.0;0.1;0.1;0.0;0.0;0.0;0.0;0.1;0.0;0.0;0.1;0.1;0.0;0.0;0.1;1.0;0.9313725490196079;0.0;0.6529411764705882;0.7156862745098039;0.0;0.0;0.1;0.1;0.1;0.1;0.1;0.1;0.1;0.1;0.1;0.1;0.1;0.0;0.1;0.1;0.1;0.1;0.0;0.04450678907753754;0.0;0.1;0.1;0.8882352941176471;0.24509803921568626;0.16666666666666666;1.0;0.4764705882352941;0.0;0.1;0.1;0.1;0.0;0.1;0.0;0.0;0.0;0.1;0.0;0.05405613486767529;0.1;0.0;0.1;0.1;0.0;0.0;0.1;0.1;0.0;0.0;0.0;1.0;0.5705882352941176;0.7823529411764706;0.6254901960784314;0.0;0.0;0.1;0.1;0.1;0.0;0.0;0.1;0.1;0.1;0.1;0.0;0.1;0.1;0.1;0.1;0.1;0.0;0.1;0.1;0.1;0.0;0.1;0.1;0.9;0.8921568627450981;0.7196078431372549;0.08823529411764705;0.1;0.0;0.1;0.0;0.0;0.0;0.0;0.1;0.0;0.1;0.1;0.1;0.1;0.0;0.0;0.1;0.1;0.1;0.0;0.1;0.1;0.0;0.0;0.0;0.7470588235294118;0.8294117647058823;0.09896001019281421;0.0;0.0;0.1;0.1;0.1;0.1;0.0;0.0;0.1;0.1;0.1;0.1;0.1;0.1;0.0;0.1;0.1;0.1;0.0;0.1;0.0;0.1;0.0;0.1;0.1;0.10524838567446713;0.10391430980270167;0.1;0.0;0.034051849381085235;0.1;0.1;0.0;0.0;0.0;0.1;0.0;0.1;0.0;0.1;0.1;0.1;0.0;0.0;0.0;0.02061665318278367;0.0;0.0;0.0;0.1;0.1;0.1;0.1;0.1;0.1;0.1;0.0;0.0;0.1;0.1;0.0;0.0;0.0;0.0;0.1;0.1;0.0;0.1;0.1;0.1;0.0;0.0;0.1;0.1;0.1;0.1;0.1;0.1;0.1;0.1;0.1;0.03819759265879975;0.1;0.06510042434446661;0.0;0.1;0.1;0.1;0.1;0.1;0.0;0.0;0.0;0.1;0.0;0.1;0.0;0.0;0.0;0.0;0.1;0.0;0.0;0.0;0.1;0.1;0.1;0.1;0.1;0.1;0.1;0.1;0.0;0.0;0.1;0.1;0.1;0.1;0.0;0.0;0.1;0.1;0.0;0.0;0.1;0.1;0.0;0.0;0.1;0.1;0.0;0.0;0.1;0.1;0.1;0.1;0.1;0.1;0.1;0.0;0.0;0.1;0.0;0.1;0.0;0.0;0.0;0.0;0.0;0.0;0.1;0.1;0.1;0.1;0.0;0.1;0.1;0.1;0.1,56.333838287,55.352301836013794,0.0,0.0,0.963473621,0.6578912020000001,0.46316185399999993,0.44582629203796387,0.5003117670000001,0.30558241899999994,55.366530673,9626,234,234,0,4035,0,1557,653,3147,8321,0,0,3,4804,4654,150,3147,1507,0,1872,153,1392,4983,1027,587757,,0.0
213,INFEASIBLE,certified_no_adversarial_example,feasibility,false,false,false,false,,,,1.024168364,0.0397496223449707,0.0,0.0,0.969112844,0.687653528,0.390144484,0.37506818771362305,0.57896836,0.28145931599999996,0.053301079,9626,214,214,0,4057,0,1570,658,3127,6075,0,0,3,4804,4673,131,3127,1546,0,1836,136,1320,4856,,603,0,
214,INFEASIBLE,certified_no_adversarial_example,feasibility,false,false,false,false,,,,0.773773937,0.03185868263244629,0.0,0.0,0.728414859,0.443701203,0.30423793000000005,0.29085445404052734,0.424176929,0.28471365600000004,0.043601352,9626,179,179,0,4014,0,1583,649,3201,5842,0,0,3,4804,4696,108,3201,1495,0,1787,110,1222,4686,,592,0,
215,INFEASIBLE,certified_no_adversarial_example,feasibility,false,false,false,false,,,,0.674797566,0.02576160430908203,0.0,0.0,0.636230935,0.35334761000000003,0.22219511800000002,0.20961356163024902,0.41403581700000003,0.282883325,0.036800918,9626,163,163,0,4050,0,1593,672,3148,4131,0,0,3,4804,4709,95,3148,1561,0,1761,97,1170,4595,,511,0,
216,INFEASIBLE,certified_no_adversarial_example,feasibility,false,false,false,false,,,,0.745352031,0.025442838668823242,0.0,0.0,0.706024539,0.410926628,0.26863806500000004,0.25473642349243164,0.4373864739999999,0.29509791099999994,0.037565748,9626,180,180,0,4074,0,1584,690,3098,5222,0,0,3,4804,4690,114,3098,1592,0,1800,117,1248,4731,,524,0,
217,INFEASIBLE,certified_no_adversarial_example,feasibility,false,false,false,false,,,,0.831019157,0.02786850929260254,0.0,0.0,0.788137208,0.498620546,0.336713619,0.32184290885925293,0.45142358899999996,0.289516662,0.041097582,9626,208,208,0,4051,0,1569,669,3129,5934,0,0,3,4804,4674,130,3129,1545,0,1832,133,1312,4843,,484,0,
218,INFEASIBLE,certified_no_adversarial_example,feasibility,false,false,false,false,,,,0.70099261,0.030874013900756836,0.0,0.0,0.656803241,0.38910862500000004,0.23514680599999999,0.2218177318572998,0.421656435,0.26769461599999994,0.042422064,9626,176,176,0,4044,0,1588,679,3139,3693,0,0,3,4804,4701,103,3139,1562,0,1774,103,1197,4642,,641,0,
219,INFEASIBLE,certified_no_adversarial_example,feasibility,false,false,false,false,,,,0.896717054,0.03107452392578125,0.0,0.0,0.849331158,0.5605628890000001,0.39958102900000003,0.3834066390991211,0.449750129,0.28876826899999997,0.045615836,9626,226,226,0,4031,0,1562,651,3156,7024,0,0,3,4804,4663,141,3156,1507,0,1855,145,1358,4923,,492,0,
220,INFEASIBLE,certified_no_adversarial_example,feasibility,false,false,false,false,,,,0.887409976,0.038495779037475586,0.0,0.0,0.832515248,0.49401325500000004,0.33473775699999997,0.31852054595947266,0.497777491,0.33850199299999995,0.053079562,9626,216,216,0,4059,0,1568,681,3102,6564,0,0,3,4804,4658,146,3102,1556,0,1864,149,1376,4955,,649,0,
221,INFEASIBLE,certified_no_adversarial_example,feasibility,false,false,false,false,,,,0.741611632,0.016774892807006836,0.0,0.0,0.711663765,0.44523357799999996,0.170413345,0.15880060195922852,0.5412504199999999,0.266430187,0.028149084,9626,130,130,0,4042,0,1612,674,3168,2734,0,0,3,4804,4716,88,3168,1548,0,1744,88,1137,4537,,433,0,
222,INFEASIBLE,certified_no_adversarial_example,feasibility,false,false,false,false,,,,0.920325025,0.047551631927490234,0.0,0.0,0.857469703,0.548921137,0.373301645,0.3564321994781494,0.484168058,0.308548566,0.061073771,9626,235,235,0,4075,0,1555,675,3086,6978,0,0,3,4804,4669,135,3086,1583,0,1841,137,1330,4875,,740,0,
223,INFEASIBLE,certified_no_adversarial_example,feasibility,false,false,false,false,,,,0.789241613,0.03783583641052246,0.0,0.0,0.736451084,0.433967876,0.287398792,0.27224230766296387,0.449052292,0.30248320800000006,0.050976416,9626,186,186,0,4139,0,1583,707,3011,4979,0,0,3,4804,4678,126,3011,1667,0,1820,126,1289,4803,,704,0,
224,INFEASIBLE,certified_no_adversarial_example,feasibility,false,false,false,false,,,,0.778990018,0.027065038681030273,0.0,0.0,0.737299229,0.450295351,0.29874746499999993,0.28468966484069824,0.43855176400000007,0.287003878,0.039889389,9626,177,177,0,4040,0,1587,666,3156,5374,0,0,3,4804,4692,112,3156,1536,0,1792,112,1233,4705,,516,0,
225,INFEASIBLE,certified_no_adversarial_example,feasibility,false,false,false,false,,,,0.668985428,0.030861377716064453,0.0,0.0,0.624604529,0.36617979399999995,0.21707938399999993,0.20340418815612793,0.40752514500000003,0.258424735,0.042554814,9626,163,163,0,3970,0,1594,624,3275,3940,0,0,3,4804,4712,92,3275,1437,0,1755,94,1158,4574,,592,0,
226,INFEASIBLE,certified_no_adversarial_example,feasibility,false,false,false,false,,,,0.896815931,0.06266498565673828,0.0,0.0,0.819312652,0.506558414,0.35517405999999996,0.3388187885284424,0.46413859200000007,0.312754238,0.075698423,9626,196,196,0,4069,0,1577,703,3081,5923,0,0,3,4804,4681,123,3081,1600,0,1817,125,1282,4791,,1037,0,
227,INFEASIBLE,certified_no_adversarial_example,feasibility,false,false,false,false,,,,0.853109805,0.048593759536743164,0.0,0.0,0.783351859,0.475410036,0.328166166,0.31281280517578125,0.45518569300000006,0.30794182300000006,0.067948793,9626,200,200,0,4085,0,1575,683,3083,5533,0,0,3,4804,4681,123,3083,1598,0,1821,129,1290,4803,,729,0,
228,INFEASIBLE,certified_no_adversarial_example,feasibility,false,false,false,false,,,,0.857402517,0.06543231010437012,0.0,0.0,0.776721694,0.49682706499999996,0.34466166099999995,0.31993842124938965,0.43206003300000007,0.27989462900000006,0.078904943,9626,218,218,0,3993,0,1566,639,3210,5556,0,0,3,4804,4685,119,3210,1475,0,1812,124,1272,4772,,956,0,
229,INFEASIBLE,certified_no_adversarial_example,feasibility,false,false,false,false,,,,0.568706672,0.014274120330810547,0.0,0.0,0.539171151,0.29298348799999996,0.13593857800000003,0.12513208389282227,0.403232573,0.24618766300000006,0.027746666,9626,115,115,0,3981,0,1617,642,3271,2218,0,0,3,4804,4744,60,3271,1473,0,1688,60,1025,4341,,418,0,
230,INFEASIBLE,certified_no_adversarial_example,feasibility,false,false,false,false,,,,1.039586065,0.030632972717285156,0.0,0.0,0.993677554,0.7182854840000001,0.37680714400000004,0.3605506420135498,0.61687041,0.2753920699999999,0.04410012,9626,206,206,0,3988,0,1574,635,3223,5693,0,0,3,4804,4687,117,3223,1464,0,1802,117,1253,4740,,543,0,
231,INFEASIBLE,certified_no_adversarial_example,feasibility,false,false,false,false,,,,0.818133506,0.023021221160888672,0.0,0.0,0.78097281,0.493897821,0.317356344,0.30269670486450195,0.46361646599999995,0.28707498899999995,0.03536135,9626,179,179,0,4037,0,1585,658,3167,5459,0,0,3,4804,4695,109,3167,1528,0,1786,109,1221,4684,,460,0,
232,INFEASIBLE,certified_no_adversarial_example,feasibility,false,false,false,false,,,,0.893767596,0.03002619743347168,0.0,0.0,0.847742395,0.540004688,0.37697494699999995,0.35993027687072754,0.4707674480000001,0.307737707,0.044225416,9626,231,231,0,4026,0,1555,640,3174,7297,0,0,3,4804,4661,143,3174,1487,0,1858,146,1364,4934,,480,0,
233,INFEASIBLE,certified_no_adversarial_example,feasibility,false,false,false,false,,,,1.56819135,0.6969699859619141,,0.0,0.854950145,0.554644628,0.387651358,0.37123537063598633,0.467298787,0.30030551699999997,0.711415501,9626,226,226,0,4070,0,1559,676,3095,6026,0,0,3,4804,4677,127,3095,1582,0,1825,129,1298,4819,,1327,0,
234,INFEASIBLE,certified_no_adversarial_example,feasibility,false,false,false,false,,,,0.821532419,0.05063939094543457,0.0,0.0,0.755385597,0.46180407,0.31507710099999997,0.29935407638549805,0.440308496,0.29358152699999995,0.064289399,9626,201,201,0,4083,0,1574,671,3097,5761,0,0,3,4804,4676,128,3097,1579,0,1829,132,1306,4832,,803,0,
235,INFEASIBLE,certified_no_adversarial_example,feasibility,false,false,false,false,,,,0.71261072,0.0375208854675293,0.0,0.0,0.661171403,0.38507305799999997,0.24026743400000006,0.2266845703125,0.42090396899999993,0.276098345,0.049642857,9626,169,169,0,4007,0,1589,643,3218,4500,0,0,3,4804,4707,97,3218,1489,0,1765,99,1178,4609,,694,0,
236,INFEASIBLE,certified_no_adversarial_example,feasibility,false,false,false,false,,,,0.867150722,0.03621506690979004,0.0,0.0,0.815218739,0.51059192,0.34857999799999995,0.33188557624816895,0.466638741,0.304626819,0.050116017,9626,227,227,0,4029,0,1562,669,3139,6298,0,0,3,4804,4667,137,3139,1528,0,1845,139,1338,4889,,578,0,
237,INFEASIBLE,certified_no_adversarial_example,feasibility,false,false,false,false,,,,0.620864521,0.016962766647338867,0.0,0.0,0.590959483,0.325063503,0.159717825,0.14735770225524902,0.431241658,0.26589598000000003,0.02808856,9626,136,136,0,4029,0,1608,684,3169,2015,0,0,3,4804,4735,69,3169,1566,0,1706,69,1061,4404,,497,0,
238,INFEASIBLE,certified_no_adversarial_example,feasibility,false,false,false,false,,,,0.813939339,0.02373528480529785,0.0,0.0,0.776227948,0.506506471,0.3781594130000001,0.20977234840393066,0.39806853499999983,0.26972147699999993,0.035915153,9626,167,167,0,4030,0,1591,665,3173,3976,0,0,3,4804,4705,99,3173,1532,0,1766,99,1181,4614,,562,0,
239,INFEASIBLE,certified_no_adversarial_example,feasibility,false,false,false,false,,,,0.814406819,0.03552865982055664,0.0,0.0,0.763826638,0.48072510300000004,0.31851592500000003,0.3029792308807373,0.4453107129999999,0.2831015349999999,0.048758654,9626,201,201,0,4049,0,1572,658,3146,5473,0,0,3,4804,4688,116,3146,1542,0,1800,116,1249,4733,,617,0,
240,INFEASIBLE,certified_no_adversarial_example,feasibility,false,false,false,false,,,,0.748183882,0.03473258018493652,0.0,0.0,0.700299472,0.40514886799999994,0.267183948,0.25369715690612793,0.433115524,0.29515060400000004,0.046089473,9626,172,172,0,3985,0,1589,638,3242,4427,0,0,3,4804,4711,93,3242,1469,0,1759,97,1166,4587,,579,0,
241,INFEASIBLE,certified_no_adversarial_example,feasibility,false,false,false,false,,,,0.942589324,0.03799176216125488,0.0,0.0,0.888603597,0.589087224,0.431535698,0.41498398780822754,0.457067899,0.299516373,0.05214787,9626,229,229,0,4055,0,1558,675,3109,7221,0,0,3,4804,4664,140,3109,1555,0,1852,143,1352,4913,,579,0,
242,OPTIMAL,adversarial_example_found_or_best_known,feasibility,true,true,true,true,-9.061640326990528e-13,-7.97479443717058;-22.81065417267351;-7.6401522540116105;-3.713188159982362;-10.122148907342613;-3.7875225914478783;-9.631677565227621;-14.755488931807495;-0.4637535274329483;-0.4637535274320421,0.0;0.1;0.0;0.1;0.1;0.0;0.0;0.1;0.1;0.0;0.0;0.0;0.0;0.1;0.1;0.1;0.1;0.0;0.0;0.1;0.1;0.0;0.0;0.1;0.1;0.0;0.0;0.1;0.1;0.1;0.0;0.1;0.0;0.0;0.0;0.1;0.1;0.0;0.0;0.0;0.0;0.0;0.0;0.1;0.1;0.1;0.0;0.1;0.1;0.1;0.1;0.1;0.0;0.1;0.1;0.0;0.0;0.1;0.1;0.0;0.1;0.0;0.0;0.1;0.1;0.0;0.0;0.0;0.0;0.1;0.1;0.1;0.1;0.0;0.0;0.0;0.1;0.0;0.1;0.0;0.1;0.0;0.1;0.0;0.0;0.1;0.0;0.1;0.0;0.0;0.1;0.1;0.0;0.1;0.0;0.0;0.0;0.0;0.0;0.1;0.0;0.0;0.0;0.0;0.1;0.1;0.1;0.0;0.1;0.1;0.1;0.0;0.0;0.1;0.1;0.0;0.0;0.0;0.0;0.1;0.1;0.1;0.0;0.0;0.0;0.0;0.0;0.1;0.1;0.0;0.0;0.0;0.0;0.1;0.1;0.1;0.1;0.1;0.1;0.0;0.0;0.0;0.0;0.1;0.1;0.1;0.1;0.1;0.0;0.1;0.0;0.1;0.0;0.1;0.0;0.0;0.0;0.0;0.0;0.0;0.0;0.0;0.1;0.1;0.1;0.1;0.1;0.0;0.1;0.0;0.0;0.0;0.0;0.0;0.0;0.1;0.1;0.0;0.1;0.0;0.1;0.1;0.0;0.0;0.0;0.0;0.0;0.0;0.0;0.0;0.1;0.1;0.1;0.1;0.1;0.0;0.0;0.0;0.1;0.0;0.1;0.1;0.1;0.1;0.42445493303368337;0.6772060225509162;0.48431372549019613;0.48431372549019613;0.6013915089138661;0.5019402016987956;0.10392156862745097;0.1;0.1;0.0;0.0;0.1072919928191981;0.10172129663278191;0.1;0.1;0.0;0.1;0.1;0.1;0.0;0.1;0.0;0.0;0.0;0.0;0.0;0.09982886990515893;0.5;0.7352941176470589;1.0;0.8921568627450981;0.8921568627450981;1.0;0.8921568627450981;0.7980392156862746;0.5784313725490197;0.10348117289840734;0.0;0.0;0.7509803921568627;0.3666666666666667;0.0;0.0;0.1;0.1;0.1;0.1;0.0;0.0;0.0;0.0;0.0;0.0;0.0;0.26078431372549016;1.0;0.8921568627450981;1.0;0.4372549019607843;0.41580245857325515;0.8895557506424947;1.0;1.0;0.8921568627450981;0.3307349486074856;0.0;0.0;0.5731752487512092;1.0;0.9431372549019608;0.21764705882352942;0.0;0.1;0.1;0.1;0.0;0.1;0.1;0.0;0.0;0.0;0.0019607843137254832;0.7392156862745098;1.0;0.7431372549019608;0.23333333333333334;0.09897281843519255;0.0;0.09302537884558766;0.14313725490196078;0.903937692395004;1.0;0.8019607843137254;0.0;0.0;0.025490196078431365;0.692156862745098;0.8921568627450981;0.7983675820970205;0.013725490196078424;0.1;0.1;0.1;0.0;0.1;0.1;0.0;0.0;0.1;0.5054403420829623;0.8921568627450981;1.0;0.16907649855112727;0.1;0.1;0.0;0.1;0.0;0.5;1.0;0.8668255968727423;0.19411764705882353;0.0;0.1;0.22549019607843138;0.7987295061533003;0.8921568627450981;0.7196078431372549;0.10103605988619516;0.1;0.1;0.0;0.1;0.1;0.1;0.0;0.0;0.7588235294117647;0.8921568627450981;0.4725490196078431;0.0;0.1;0.1;0.0;0.1;0.1;0.14705882352941177;0.8921568627450981;0.8019607843137254;0.0;0.0;0.1;0.0;0.3156862745098039;0.8921568627450981;0.8921568627450981;0.10094457631826279;0.1;0.1;0.0;0.1;0.1;0.06521681917266796;0.1;0.0;0.8960784313725491;0.8921568627450981;0.3828156504337491;0.1;0.0;0.1;0.0;0.1;0.0;0.34705882352941175;0.8921568627450981;0.8665303780518874;0.19730147578658824;0.1;0.0;0.0;0.31806881768640144;1.0;0.931550847536667;0.48039215686274506;0.1;0.07822832682278212;0.1;0.0;0.0;0.0;0.0;0.0;0.8960784313725491;1.0;0.5352941176470588;0.1;0.1;0.1;0.1;0.1;0.1;0.27647058823529413;0.8921568627450981;0.8137254901960784;0.04117647058823529;0.0;0.1;0.1;0.1;1.0;0.8921568627450981;0.6058823529411764;0.1;0.1;0.0;0.0;0.0;0.0;0.0;0.0;0.5306828300491124;1.0;0.5139216549997585;0.0;0.0;0.0;0.0;0.0;0.0;0.8294117647058823;0.8921568627450981;0.8019607843137254;0.1;0.1;0.0;0.1;0.1;0.863307397028509;1.0;0.8685328420597068;0.1;0.0;0.0;0.0;0.0;0.0;0.1;0.1;0.45686274509803926;0.8921568627450981;1.0;0.43333333333333335;0.0;0.0;0.0;0.0;0.1;0.8294117647058823;0.8921568627450981;0.40980392156862744;0.1;0.1;0.0;0.0;0.1;0.8254901960784314;0.8921568627450981;0.8529411764705882;0.1;0.0;0.0;0.0;0.0;0.0;0.0;0.0;0.10321956056007937;0.7352941176470589;0.8921568627450981;0.7941176470588236;0.9274509803921568;0.8164999369404984;0.6058823529411764;0.7132880873798108;0.7925836135301704;0.8594942371924351;1.0;0.38627450980392153;0.24509803921568626;0.24509803921568626;0.29178949009237054;0.24509803921568626;0.4733720716585217;0.8803921568627451;0.8921568627450981;0.4882352941176471;0.1;0.1;0.1;0.1;0.1;0.1;0.1;0.1;0.1;0.09942163640067217;0.5549019607843138;0.8921568627450981;0.8921568627450981;0.8921568627450981;1.0;0.8921568627450981;0.8921568627450981;1.0;0.8921568627450981;1.0;0.8921568627450981;0.8921568627450981;0.8921568627450981;1.0;1.0;1.0;0.7235294117647059;0.0961803059305708;0.1;0.1;0.0;0.1;0.1;0.1;0.1;0.1;0.1;0.0;0.10398710911234714;0.21136071320966668;0.21764705882352942;0.21764705882352942;0.5393100619697185;0.7039215686274509;0.581287778284568;0.7980392156862745;0.8921568627450981;0.8921568627450981;0.9355115385928415;1.0;1.0;1.0;0.9313725490196079;0.49215686274509807;0.1627450980392157;0.1;0.1;0.1;0.1;0.1;0.0;0.1;0.1;0.1;0.1;0.1;0.0;0.0;0.0;0.0;0.1;0.1;0.0;0.0;0.0;0.1257079743693089;0.15098039215686274;0.515686274509804;0.19411764705882353;0.09946317270785897;0.15490196078431373;0.0;0.0;0.0;0.1;0.1;0.1;0.1;0.0;0.1;0.0;0.1;0.1;0.0;0.1;0.1;0.1;0.1;0.1;0.1;0.0;0.1;0.1;0.0;0.0;0.1;0.1;0.1;0.0;0.0;0.0;0.1;0.055031775045979475;0.1;0.0;0.1;0.0;0.0;0.0;0.0;0.1;0.1;0.0;0.0;0.0;0.0;0.1;0.1;0.1;0.1;0.0;0.0;0.0;0.0;0.1;0.1;0.0;0.0;0.0;0.0;0.1;0.1;0.0;0.0;0.0;0.0;0.0;0.0;0.0;0.1;0.0;0.1;0.0;0.1;0.0;0.1;0.1;0.0;0.1;0.0;0.0;0.1;0.1;0.1;0.1;0.0;0.0;0.1;0.1;0.1;0.1;0.1;0.0;0.0;0.0;0.0;0.1;0.1;0.0;0.05538101776476495;0.0;0.0;0.1;0.1;0.1;0.1;0.1;0.1;0.0;0.0;0.1;0.1;0.1;0.0;0.0;0.0;0.1;0.1;0.0;0.1;0.1;0.0;0.1;0.0;0.1;0.1;0.1;0.1;0.0;0.0646306986187076;0.0;0.1;0.1;0.0;0.1;0.0;0.0;0.1;0.0;0.0;0.1;0.0705465516292497;0.0;0.0;0.0;0.1;0.0;0.1;0.1;0.039349692535389384;0.1;0.1;0.1;0.1;0.1;0.1;0.0;0.0;0.1;0.1;0.1;0.1;0.1;0.1;0.0;0.0;0.1;0.1;0.0;0.0;0.0;0.0;0.1;0.1;0.0;0.0;0.0;0.0;0.1;0.1;0.0;0.0;0.1;0.0;0.0;0.0;0.0;0.0;0.0;0.0;0.1;0.0;0.1;0.1;0.0;0.1;0.1;0.1;0.0;0.0;0.0;0.0;0.0,2.904429132,2.0456106662750244,0.0,0.0,0.840525843,0.516708633,0.370402407,0.35384368896484375,0.470123436,0.32381720999999997,2.060089174,9626,240,240,0,4084,0,1554,679,3069,6626,0,0,3,4804,4649,155,3069,1580,0,1882,158,1412,5018,1,13615,,0.0
243,INFEASIBLE,certified_no_adversarial_example,feasibility,false,false,false,false,,,,0.786422234,0.04494333267211914,0.0,0.0,0.727085091,0.447835972,0.28351439999999994,0.269181489944458,0.443570691,0.27924911899999993,0.057566142,9626,189,189,0,4088,0,1578,682,3089,5431,0,0,3,4804,4687,117,3089,1598,0,1805,119,1258,4749,,813,0,
244,INFEASIBLE,certified_no_adversarial_example,feasibility,false,false,false,false,,,,0.889489223,0.048460960388183594,0.0,0.0,0.825379784,0.535663719,0.36441243500000003,0.34835219383239746,0.46096734899999997,0.289716065,0.062332798,9626,215,215,0,4036,0,1568,665,3142,6608,0,0,3,4804,4666,138,3142,1524,0,1849,142,1346,4902,,733,0,
245,INFEASIBLE,certified_no_adversarial_example,feasibility,false,false,false,false,,,,0.65261643,0.03349900245666504,0.0,0.0,0.605724589,0.33973240099999996,0.207744288,0.19503188133239746,0.39798030100000004,0.2659921880000001,0.045093788,9626,153,153,0,4015,0,1600,656,3202,3712,0,0,3,4804,4711,93,3202,1509,0,1757,95,1162,4581,,721,0,
246,INFEASIBLE,certified_no_adversarial_example,feasibility,false,false,false,false,,,,45.015606687,43.96957063674927,,0.0,1.027369546,0.707970409,0.5225440019999998,0.5028877258300781,0.5048255440000002,0.3193991370000001,43.986430773,9626,292,292,0,4040,0,1529,661,3104,8900,0,0,3,4804,4622,182,3104,1518,0,1938,187,1524,5213,,1740,0,
247,INFEASIBLE,certified_no_adversarial_example,feasibility,false,false,false,false,,,,0.937052982,0.031337738037109375,0.0,0.0,0.889622653,0.542521959,0.38406887999999995,0.3669252395629883,0.505553773,0.347100694,0.045640955,9626,245,245,0,4090,0,1553,703,3035,5565,0,0,3,4804,4662,142,3035,1627,0,1855,144,1358,4924,,549,0,
248,SKIPPED_PREDICTED_IN_TARGETED,adversarial_example_found_or_best_known,feasibility,true,true,true,true,3.292735486053167,-3.1983125677117146;-7.862744704439692;0.9794937564112143;-6.607636350202855;-0.6142769453788455;-7.99250481794685;2.6784585406743213;-8.92205058273872;-3.3271914533305935;-12.715222537470826,0.0;0.0;0.0;0.0;0.0;0.0;0.0;0.0;0.0;0.0;0.0;0.0;0.0;0.0;0.0;0.0;0.0;0.0;0.0;0.0;0.0;0.0;0.0;0.0;0.0;0.0;0.0;0.0;0.0;0.0;0.0;0.0;0.0;0.0;0.0;0.0;0.0;0.0;0.0;0.0;0.0;0.0;0.0;0.0;0.0;0.0;0.0;0.0;0.0;0.0;0.0;0.0;0.0;0.0;0.0;0.0;0.0;0.0;0.0;0.0;0.0;0.0;0.0;0.0;0.0;0.0;0.0;0.0;0.0;0.0;0.0;0.0;0.0;0.0;0.0;0.0;0.0;0.0;0.0;0.0;0.0;0.0;0.0;0.0;0.0;0.0;0.0;0.0;0.0;0.0;0.0;0.0;0.0;0.0;0.0;0.0;0.0;0.0;0.0;0.0;0.0;0.0;0.0;0.0;0.0;0.0;0.0;0.0;0.0;0.0;0.0;0.0;0.0;0.0;0.0;0.0;0.0;0.0;0.0;0.0;0.0;0.0;0.0;0.0;0.0;0.0;0.0;0.0;0.0;0.0;0.0;0.0;0.0;0.0;0.0;0.0;0.0;0.0;0.0;0.0;0.0;0.0;0.0;0.0;0.0;0.0;0.0;0.0;0.0;0.0;0.0;0.0;0.0;0.0;0.0;0.0;0.0;0.0;0.0;0.0;0.07450980392156863;0.09411764705882353;0.0;0.0;0.0;0.0;0.0;0.0;0.0;0.0;0.0;0.0;0.0;0.0;0.0;0.0;0.0;0.0;0.0;0.0;0.0;0.0;0.0;0.0;0.0;0.0196078431372549;0.16470588235294117;0.6274509803921569;0.8823529411764706;0.9137254901960784;0.0;0.0;0.0;0.0;0.0;0.0;0.0;0.0;0.0;0.0;0.0;0.0;0.0;0.0;0.0;0.0;0.0;0.0;0.0;0.0;0.0;0.0;0.058823529411764705;0.6078431372549019;0.996078431372549;0.996078431372549;0.996078431372549;0.996078431372549;0.0;0.0;0.0;0.0;0.0;0.0;0.0;0.0;0.0;0.0;0.0;0.0;0.0;0.0;0.0;0.0;0.0;0.0;0.0;0.0;0.0;0.058823529411764705;0.6078431372549019;0.996078431372549;0.996078431372549;0.996078431372549;0.9725490196078431;0.2627450980392157;0.0;0.0;0.0;0.0;0.0;0.0;0.0;0.0;0.0;0.0;0.0;0.0;0.0;0.0;0.0;0.0;0.0;0.0;0.0;0.0;0.0196078431372549;0.7450980392156863;0.996078431372549;0.996078431372549;0.996078431372549;0.8666666666666667;0.21568627450980393;0.0;0.0;0.0;0.0;0.0;0.0;0.0;0.0;0.0;0.0;0.0;0.0;0.0;0.0;0.0;0.0;0.0;0.0;0.0;0.0;0.0;0.30196078431372547;0.996078431372549;0.996078431372549;0.996078431372549;0.6352941176470588;0.12156862745098039;0.0;0.0;0.0;0.0;0.0;0.0;0.0;0.0;0.0;0.0;0.0;0.0;0.0;0.0;0.0;0.0;0.0;0.0;0.0;0.0;0.0;0.17254901960784313;0.8941176470588236;0.996078431372549;0.9529411764705882;0.4470588235294118;0.011764705882352941;0.0;0.0;0.0;0.0;0.0;0.0;0.0;0.0;0.0;0.0;0.0;0.0;0.0;0.0;0.0;0.0;0.0;0.0;0.0;0.0;0.043137254901960784;0.48627450980392156;0.8862745098039215;0.996078431372549;0.996078431372549;0.4980392156862745;0.0;0.0;0.0;0.0;0.0;0.0;0.0;0.0;0.0;0.0;0.0;0.0;0.0;0.0;0.0;0.0;0.0;0.0;0.0;0.0;0.08627450980392157;0.37254901960784315;0.7372549019607844;0.996078431372549;0.996078431372549;0.996078431372549;0.996078431372549;0.44313725490196076;0.03137254901960784;0.37254901960784315;0.4549019607843137;0.5607843137254902;0.09803921568627451;0.0;0.0;0.0;0.0;0.0;0.0;0.0;0.0;0.0;0.0;0.0;0.0;0.0;0.11764705882352941;0.3843137254901961;0.8470588235294118;0.996078431372549;0.996078431372549;0.7411764705882353;0.3568627450980392;0.0392156862745098;0.996078431372549;0.792156862745098;0.9294117647058824;1.0;0.996078431372549;0.9686274509803922;0.19215686274509805;0.0;0.0;0.0;0.0;0.0;0.0;0.0;0.0;0.0392156862745098;0.14901960784313725;0.14901960784313725;0.14901960784313725;0.5607843137254902;0.9333333333333333;0.996078431372549;0.9058823529411765;0.6666666666666666;0.20392156862745098;0.0;0.0784313725490196;0.3176470588235294;0.996078431372549;0.996078431372549;0.996078431372549;0.996078431372549;0.6313725490196078;0.2901960784313726;0.0;0.0;0.0;0.0;0.0;0.0;0.0;0.0;0.0;0.6980392156862745;0.996078431372549;0.996078431372549;0.996078431372549;0.9725490196078431;0.9294117647058824;0.4666666666666667;0.09019607843137255;0.0;0.01568627450980392;0.27450980392156865;0.8509803921568627;0.996078431372549;0.996078431372549;0.996078431372549;0.9921568627450981;0.7098039215686275;0.00784313725490196;0.0;0.0;0.0;0.0;0.0;0.0;0.0;0.0;0.0;0.0;0.5647058823529412;0.9607843137254902;0.8745098039215686;0.5882352941176471;0.14901960784313725;0.0;0.0;0.0;0.03529411764705882;0.6941176470588235;0.996078431372549;0.996078431372549;0.996078431372549;0.996078431372549;0.996078431372549;0.8117647058823529;0.0;0.0;0.0;0.0;0.0;0.0;0.0;0.0;0.0;0.0;0.0;0.0;0.0;0.06666666666666667;0.043137254901960784;0.0;0.0;0.0;0.0;0.0;0.050980392156862744;0.7843137254901961;0.996078431372549;0.8980392156862745;0.8862745098039215;0.996078431372549;0.996078431372549;0.5490196078431373;0.0;0.0;0.0;0.0;0.0;0.0;0.0;0.0;0.0;0.0;0.0;0.0;0.0;0.0;0.0;0.0;0.0;0.0;0.0;0.0;0.0;0.07058823529411765;0.1843137254901961;0.09019607843137255;0.10588235294117647;0.996078431372549;0.996078431372549;0.25098039215686274;0.0;0.0;0.0;0.0;0.0;0.0;0.0;0.0;0.0;0.0;0.0;0.0;0.0;0.0;0.0;0.0;0.0;0.0;0.0;0.0;0.0;0.0;0.0;0.0;0.027450980392156862;0.8823529411764706;0.8627450980392157;0.054901960784313725;0.0;0.0;0.0;0.0;0.0;0.0;0.0;0.0;0.0;0.0;0.0;0.0;0.0;0.0;0.0;0.0;0.0;0.0;0.0;0.0;0.0;0.0;0.0;0.0;0.0;0.27058823529411763;0.4666666666666667;0.0;0.0;0.0;0.0;0.0;0.0;0.0;0.0;0.0;0.0;0.0;0.0;0.0;0.0;0.0;0.0;0.0;0.0;0.0;0.0;0.0;0.0;0.0;0.0;0.0;0.0;0.0;0.0;0.0;0.0;0.0;0.0;0.0;0.0;0.0;0.0;0.0;0.0;0.0;0.0;0.0;0.0;0.0;0.0;0.0;0.0;0.0;0.0;0.0;0.0;0.0;0.0;0.0;0.0;0.0;0.0;0.0;0.0;0.0;0.0;0.0;0.0;0.0;0.0;0.0;0.0;0.0;0.0;0.0;0.0;0.0;0.0;0.0;0.0;0.0;0.0;0.0;0.0;0.0;0.0;0.0;0.0;0.0;0.0;0.0;0.0;0.0;0.0;0.0;0.0;0.0;0.0;0.0;0.0;0.0;0.0;0.0;0.0;0.0;0.0;0.0;0.0;0.0;0.0;0.0;0.0;0.0;0.0;0.0;0.0;0.0;0.0;0.0;0.0;0.0;0.0;0.0;0.0;0.0;0.0;0.0;0.0;0.0;0.0;0.0;0.0;0.0;0.0;0.0;0.0;0.0;0.0;0.0;0.0;0.0;0.0;0.0;0.0;0.0;0.0;0.0;0.0;0.0;0.0;0.0;0.0;0.0;0.0;0.0;0.0;0.0;0.0;0.0;0.0;0.0;0.0;0.0;0.0;0.0;0.0;0.0;0.0;0.0;0.0;0.0;0.0;0.0;0.0;0.0;0.0;0.0;0.0;0.0;0.0;0.0;0.0;0.0;0.0;0.0,0.003303944,0.0,0.0,0.0,,,,,,,,,,,,,,,,,,,,,,,,,,,,,,,,,,
249,INFEASIBLE,certified_no_adversarial_example,feasibility,false,false,false,false,,,,0.886195519,0.023021221160888672,0.0,0.0,0.848808421,0.557437826,0.26366255299999997,0.24953508377075195,0.585145868,0.29137059499999995,0.03557592,9626,190,190,0,4070,0,1580,672,3114,4158,0,0,3,4804,4689,115,3114,1575,0,1798,115,1245,4726,,545,0,
250,INFEASIBLE,certified_no_adversarial_example,feasibility,false,false,false,false,,,,0.729284269,0.02713632583618164,0.0,0.0,0.688496966,0.408871781,0.27662211699999995,0.26212430000305176,0.41187484900000004,0.279625185,0.039026812,9626,204,204,0,4019,0,1570,647,3186,4591,0,0,3,4804,4699,105,3186,1513,0,1781,107,1210,4665,,536,0,
251,INFEASIBLE,certified_no_adversarial_example,feasibility,false,false,false,false,,,,0.738633084,0.034049034118652344,0.0,0.0,0.69108252,0.39656993100000004,0.257987494,0.24458980560302734,0.43309502600000005,0.294512589,0.045780947,9626,186,186,0,4070,0,1582,672,3116,4292,0,0,3,4804,4696,108,3116,1580,0,1784,108,1217,4677,,652,0,
252,INFEASIBLE,certified_no_adversarial_example,feasibility,false,false,false,false,,,,0.614933588,0.02357006072998047,0.0,0.0,0.573095749,0.31574649900000007,0.19003594799999998,0.17789959907531738,0.38305980100000003,0.25734925,0.040051058,9626,154,154,0,3972,0,1598,641,3261,2760,0,0,3,4804,4723,81,3261,1462,0,1734,84,1116,4500,,474,0,
253,INFEASIBLE,certified_no_adversarial_example,feasibility,false,false,false,false,,,,0.663599212,0.02192854881286621,0.0,0.0,0.62880428,0.35522069999999994,0.23205402999999997,0.21085786819458008,0.39675025,0.27358358000000005,0.033023238,9626,159,159,0,4057,0,1593,667,3150,4122,0,0,3,4804,4707,97,3150,1557,0,1762,97,1173,4600,,532,0,
254,INFEASIBLE,certified_no_adversarial_example,feasibility,false,false,false,false,,,,0.786543677,0.033987998962402344,0.0,0.0,0.738036733,0.46521581200000006,0.303305921,0.28881382942199707,0.43473081199999997,0.2728209209999999,0.046738067,9626,197,197,0,4031,0,1577,661,3160,5710,0,0,3,4804,4681,123,3160,1521,0,1818,126,1284,4794,,603,0,
255,INFEASIBLE,certified_no_adversarial_example,feasibility,false,false,false,false,,,,0.744455958,0.03061509132385254,0.0,0.0,0.699956401,0.41717572700000005,0.2787186499999999,0.2643744945526123,0.4212377510000001,0.28278067399999995,0.042752861,9626,192,192,0,4015,0,1578,647,3194,5115,0,0,3,4804,4694,110,3194,1500,0,1791,112,1230,4700,,633,0,
256,INFEASIBLE,certified_no_adversarial_example,feasibility,false,false,false,false,,,,0.671882754,0.021025657653808594,0.0,0.0,0.637673504,0.360811923,0.231595385,0.2194657325744629,0.406078119,0.276861581,0.032434151,9626,149,149,0,4012,0,1602,645,3218,3612,0,0,3,4804,4715,89,3218,1497,0,1749,91,1146,4553,,370,0,
257,INFEASIBLE,certified_no_adversarial_example,feasibility,false,false,false,false,,,,1.079281445,0.06529855728149414,0.0,0.0,0.998235894,0.5666845599999999,0.37891256500000003,0.3633894920349121,0.619323329,0.4315513340000001,0.079273769,9626,215,215,0,4054,0,1565,669,3123,7008,0,0,3,4804,4673,131,3123,1550,0,1834,134,1316,4850,,1066,0,
258,INFEASIBLE,certified_no_adversarial_example,feasibility,false,false,false,false,,,,0.885499409,0.05248236656188965,0.0,0.0,0.817804522,0.5228532570000001,0.3683180830000001,0.35297226905822754,0.4494864389999999,0.2949512649999999,0.06587798,9626,219,219,0,4043,0,1565,632,3167,5788,0,0,3,4804,4679,125,3167,1512,0,1823,129,1294,4811,,769,0,
259,INFEASIBLE,certified_no_adversarial_example,feasibility,false,false,false,false,,,,0.752108053,0.02504706382751465,0.0,0.0,0.713262341,0.432451229,0.279287858,0.2655675411224365,0.43397448299999997,0.280811112,0.037074199,9626,175,175,0,4073,0,1587,693,3098,4775,0,0,3,4804,4696,108,3098,1598,0,1784,108,1217,4677,,550,0,
260,SKIPPED_PREDICTED_IN_TARGETED,adversarial_example_found_or_best_known,feasibility,true,true,true,true,0.3002934737537224,7.290348228500029;-22.067922446375803;-9.379877940571268;-10.70022477442401;-11.486169259765942;-0.017832851115525017;6.990054754746307;-12.66962458555858;-4.756892198159106;-11.750407480686617,0.0;0.0;0.0;0.0;0.0;0.0;0.0;0.0;0.0;0.0;0.0;0.0;0.0;0.0;0.0;0.0;0.0;0.0;0.0;0.0;0.0;0.0;0.0;0.0;0.0;0.0;0.0;0.0;0.0;0.0;0.0;0.0;0.0;0.0;0.0;0.0;0.0;0.0;0.0;0.0;0.0;0.0;0.0;0.0;0.0;0.0;0.0;0.0;0.0;0.0;0.0;0.0;0.0;0.0;0.0;0.0;0.0;0.0;0.0;0.0;0.0;0.0;0.0;0.0;0.0;0.0;0.0;0.0;0.0;0.0;0.0;0.0;0.0;0.0;0.0;0.0;0.0;0.0;0.0;0.0;0.0;0.0;0.0;0.0;0.0;0.0;0.0;0.0;0.0;0.0;0.0;0.0;0.0;0.0;0.0;0.0;0.0;0.0;0.0;0.0;0.0;0.0;0.0;0.0;0.0;0.0;0.0;0.0;0.0;0.0;0.0;0.0;0.0;0.0;0.0;0.0;0.0;0.0;0.0;0.0;0.0;0.0;0.0;0.0;0.0;0.0;0.0;0.0;0.0;0.0;0.0;0.0;0.0;0.0;0.0;0.0;0.0;0.0;0.0;0.0;0.0;0.0;0.0;0.0;0.0;0.0;0.0;0.0;0.0;0.0;0.0;0.0;0.0;0.0;0.0;0.0;0.0;0.0;0.0;0.0;0.0;0.0;0.0;0.0;0.0;0.0;0.0;0.0;0.0;0.0;0.0;0.0;0.0;0.0;0.0;0.0;0.0;0.0;0.0;0.0;0.0;0.0;0.0;0.0;0.0;0.0;0.0;0.0;0.0;0.0;0.0;0.0;0.0;0.0;0.0;0.0;0.0;0.0;0.0;0.0;0.0;0.0;0.0;0.0;0.0;0.0;0.0;0.37254901960784315;0.4627450980392157;0.4627450980392157;0.4627450980392157;0.4627450980392157;0.4627450980392157;0.4627450980392157;0.17647058823529413;0.0;0.0;0.0;0.0;0.0;0.0;0.0;0.0;0.0;0.0;0.0;0.0;0.0;0.0;0.0;0.0;0.0;0.3843137254901961;0.4392156862745098;0.8588235294117647;0.984313725490196;0.9921568627450981;0.9921568627450981;0.9921568627450981;0.9921568627450981;0.9921568627450981;0.9921568627450981;0.9647058823529412;0.6431372549019608;0.19215686274509805;0.0;0.0;0.0;0.0;0.0;0.0;0.0;0.0;0.0;0.0;0.0;0.0;0.0;0.5882352941176471;0.9215686274509803;0.984313725490196;0.9921568627450981;0.9921568627450981;0.9921568627450981;0.9921568627450981;0.9921568627450981;0.9921568627450981;0.9921568627450981;0.9921568627450981;0.9921568627450981;0.9921568627450981;0.9921568627450981;0.6392156862745098;0.0;0.0;0.0;0.0;0.0;0.0;0.0;0.0;0.0;0.0;0.0;0.611764705882353;0.8941176470588236;0.984313725490196;0.9921568627450981;0.6549019607843137;0.4392156862745098;0.09803921568627451;0.5490196078431373;0.9921568627450981;0.9921568627450981;0.9137254901960784;0.2549019607843137;0.09803921568627451;0.09803921568627451;0.4549019607843137;0.9921568627450981;0.9607843137254902;0.17647058823529413;0.0;0.0;0.0;0.0;0.0;0.0;0.0;0.0;0.0;0.17647058823529413;0.9803921568627451;0.9921568627450981;0.8431372549019608;0.17647058823529413;0.01568627450980392;0.0;0.2980392156862745;0.8666666666666667;0.9921568627450981;0.9098039215686274;0.5019607843137255;0.0;0.0;0.0;0.06666666666666667;0.8470588235294118;0.9921568627450981;0.6392156862745098;0.0;0.0;0.0;0.0;0.0;0.0;0.0;0.0;0.0;0.9215686274509803;0.9921568627450981;0.8470588235294118;0.12549019607843137;0.0;0.0;0.28627450980392155;0.9686274509803922;0.9921568627450981;0.9058823529411765;0.24705882352941178;0.0;0.0;0.0;0.0;0.0;0.4196078431372549;0.9921568627450981;0.9764705882352941;0.16470588235294117;0.0;0.0;0.0;0.0;0.0;0.0;0.0;0.0;1.0;0.8509803921568627;0.12549019607843137;0.0;0.0;0.0;0.7529411764705882;0.9921568627450981;0.7607843137254902;0.13333333333333333;0.0;0.0;0.0;0.0;0.0;0.0;0.01568627450980392;0.6392156862745098;0.9921568627450981;0.6392156862745098;0.0;0.0;0.0;0.0;0.0;0.0;0.0;0.0;0.20392156862745098;0.10980392156862745;0.0;0.0;0.0;0.10196078431372549;0.8862745098039215;0.9921568627450981;0.3058823529411765;0.0;0.0;0.0;0.0;0.0;0.0;0.0;0.0;0.5607843137254902;0.9921568627450981;0.9921568627450981;0.0;0.0;0.0;0.0;0.0;0.0;0.0;0.0;0.0;0.0;0.0;0.0;0.0;0.3607843137254902;0.9921568627450981;0.9921568627450981;0.2;0.0;0.0;0.0;0.0;0.0;0.0;0.0;0.0;0.5607843137254902;0.9921568627450981;0.9921568627450981;0.0;0.0;0.0;0.0;0.0;0.0;0.0;0.0;0.0;0.0;0.0;0.0;0.0;0.3607843137254902;0.9921568627450981;0.9921568627450981;0.2;0.0;0.0;0.0;0.0;0.0;0.0;0.0;0.0;0.5607843137254902;0.9921568627450981;0.9921568627450981;0.0;0.0;0.0;0.0;0.0;0.0;0.0;0.0;0.0;0.0;0.0;0.0;0.0;0.10196078431372549;0.8862745098039215;0.9921568627450981;0.2;0.0;0.0;0.0;0.0;0.0;0.0;0.0;0.0;0.30196078431372547;0.9921568627450981;0.8862745098039215;0.0;0.0;0.0;0.0;0.0;0.0;0.0;0.0;0.0;0.0;0.0;0.0;0.0;0.0;0.8431372549019608;0.9921568627450981;0.2;0.0;0.0;0.0;0.0;0.0;0.0;0.0;0.01568627450980392;0.6392156862745098;0.9921568627450981;0.4823529411764706;0.0;0.0;0.0;0.0;0.0;0.0;0.0;0.0;0.0;0.0;0.0;0.0;0.0;0.0;0.7647058823529411;0.9921568627450981;0.5411764705882353;0.0;0.0;0.0;0.0;0.0;0.0;0.0;0.1568627450980392;0.9921568627450981;0.8980392156862745;0.1607843137254902;0.0;0.0;0.0;0.0;0.0;0.0;0.0;0.0;0.0;0.0;0.0;0.0;0.0;0.0;0.3333333333333333;0.9921568627450981;0.8941176470588236;0.24705882352941178;0.10196078431372549;0.0;0.0;0.0;0.0196078431372549;0.1843137254901961;0.8470588235294118;0.9215686274509803;0.4;0.0;0.0;0.0;0.0;0.0;0.0;0.0;0.0;0.0;0.0;0.0;0.0;0.0;0.0;0.0;0.12941176470588237;0.8313725490196079;0.9921568627450981;0.9921568627450981;0.9058823529411765;0.24705882352941178;0.10588235294117647;0.1843137254901961;0.6627450980392157;0.9921568627450981;0.9921568627450981;0.43137254901960786;0.0;0.0;0.0;0.0;0.0;0.0;0.0;0.0;0.0;0.0;0.0;0.0;0.0;0.0;0.0;0.0;0.0;0.12549019607843137;0.5490196078431373;0.9764705882352941;0.9921568627450981;0.9921568627450981;0.9921568627450981;0.9921568627450981;0.9921568627450981;0.9450980392156862;0.611764705882353;0.17647058823529413;0.0;0.0;0.0;0.0;0.0;0.0;0.0;0.0;0.0;0.0;0.0;0.0;0.0;0.0;0.0;0.0;0.0;0.0;0.0;0.3333333333333333;0.5490196078431373;0.9411764705882353;0.9411764705882353;0.9411764705882353;0.611764705882353;0.16470588235294117;0.0;0.0;0.0;0.0;0.0;0.0;0.0;0.0;0.0;0.0;0.0;0.0;0.0;0.0;0.0;0.0;0.0;0.0;0.0;0.0;0.0;0.0;0.0;0.0;0.0;0.0;0.0;0.0;0.0;0.0;0.0;0.0;0.0;0.0;0.0;0.0;0.0;0.0;0.0;0.0;0.0;0.0;0.0;0.0;0.0;0.0;0.0;0.0;0.0;0.0;0.0;0.0;0.0;0.0;0.0;0.0;0.0;0.0;0.0;0.0;0.0;0.0;0.0;0.0;0.0;0.0;0.0;0.0;0.0;0.0;0.0;0.0;0.0;0.0;0.0;0.0;0.0;0.0;0.0;0.0;0.0;0.0;0.0;0.0;0.0;0.0;0.0;0.0;0.0;0.0;0.0;0.0;0.0;0.0;0.0;0.0;0.0;0.0;0.0;0.0;0.0;0.0;0.0;0.0;0.0;0.0;0.0;0.0;0.0;0.0;0.0;0.0;0.0;0.0;0.0;0.0;0.0;0.0;0.0;0.0;0.0,0.003281543,0.0,0.0,0.0,,,,,,,,,,,,,,,,,,,,,,,,,,,,,,,,,,
261,INFEASIBLE,certified_no_adversarial_example,feasibility,false,false,false,false,,,,1.014074977,0.04868674278259277,0.0,0.0,0.948313432,0.623124533,0.458558809,0.44055771827697754,0.48975462299999994,0.3251888989999999,0.063998048,9626,270,270,0,4075,0,1540,682,3059,7909,0,0,3,4804,4634,170,3059,1575,0,1913,174,1474,5126,,637,0,
262,INFEASIBLE,certified_no_adversarial_example,feasibility,false,false,false,false,,,,0.922301661,0.034049034118652344,0.0,0.0,0.872735551,0.577694355,0.41579512499999993,0.39957499504089355,0.45694042600000007,0.295041196,0.047762477,9626,231,231,0,4023,0,1559,657,3156,6437,0,0,3,4804,4672,132,3156,1516,0,1835,134,1318,4854,,574,0,
263,INFEASIBLE,certified_no_adversarial_example,feasibility,false,false,false,false,,,,0.683779011,0.02181720733642578,0.0,0.0,0.64835786,0.36488785599999995,0.23293757099999995,0.21973371505737305,0.415420289,0.283470004,0.033637306,9626,164,164,0,4034,0,1594,662,3172,3974,0,0,3,4804,4705,99,3172,1533,0,1769,101,1186,4623,,456,0,
264,INFEASIBLE,certified_no_adversarial_example,feasibility,false,false,false,false,,,,0.693592271,0.026657581329345703,0.0,0.0,0.652970196,0.367373254,0.23528033199999998,0.22218012809753418,0.41768986399999997,0.28559694199999996,0.038825305,9626,162,162,0,4022,0,1595,651,3196,4085,0,0,3,4804,4703,101,3196,1507,0,1773,103,1194,4637,,501,0,
265,INFEASIBLE,certified_no_adversarial_example,feasibility,false,false,false,false,,,,0.785285046,0.14364147186279297,0.0,0.0,0.62828988,0.366261511,0.21930599999999997,0.20648193359375,0.40898387999999997,0.262028369,0.155214918,9626,152,152,0,4020,0,1596,664,3194,4431,0,0,3,4804,4710,94,3194,1516,0,1759,96,1166,4588,,845,0,
266,INFEASIBLE,certified_no_adversarial_example,feasibility,false,false,false,false,,,,0.733931715,0.018218994140625,0.0,0.0,0.703699354,0.26373449600000004,0.147719749,0.1367781162261963,0.5559796050000001,0.439964858,0.028454095,9626,115,115,0,3997,0,1619,658,3237,2154,0,0,3,4804,4741,63,3237,1504,0,1694,63,1037,4362,,473,0,
267,INFEASIBLE,certified_no_adversarial_example,feasibility,false,false,false,false,,,,0.831856503,0.03974437713623047,0.0,0.0,0.776341633,0.48753859699999996,0.338222816,0.3225369453430176,0.43811881700000005,0.28880303600000007,0.053742035,9626,227,227,0,4097,0,1560,677,3065,5536,0,0,3,4804,4672,132,3065,1607,0,1835,134,1318,4854,,659,0,
268,INFEASIBLE,certified_no_adversarial_example,feasibility,false,false,false,false,,,,0.578774024,0.01688218116760254,0.0,0.0,0.55014036,0.266483804,0.14721982600000003,0.13634276390075684,0.40292053399999994,0.283656556,0.026859987,9626,116,116,0,4000,0,1619,648,3243,2311,0,0,3,4804,4734,70,3243,1491,0,1711,72,1070,4420,,413,0,
269,INFEASIBLE,certified_no_adversarial_example,feasibility,false,false,false,false,,,,1.081108746,0.03879404067993164,0.0,0.0,1.023917723,0.701355242,0.52244848,0.5032384395599365,0.5014692430000001,0.32256248100000007,0.055389695,9626,282,282,0,4093,0,1529,686,3036,10085,0,0,3,4804,4618,186,3036,1582,0,1945,190,1538,5238,,562,0,
270,INFEASIBLE,certified_no_adversarial_example,feasibility,false,false,false,false,,,,1.005132902,0.05970478057861328,0.0,0.0,0.928994026,0.6080318010000001,0.4465123689999999,0.4296560287475586,0.4824816570000001,0.32096222499999993,0.074351262,9626,249,249,0,4058,0,1552,686,3081,7334,0,0,3,4804,4649,155,3081,1568,0,1883,159,1414,5021,,816,0,
271,INFEASIBLE,certified_no_adversarial_example,feasibility,false,false,false,false,,,,0.848962048,0.030787229537963867,0.0,0.0,0.803204664,0.5094177019999999,0.3517085,0.33634066581726074,0.45149616400000003,0.2937869620000001,0.043967618,9626,207,207,0,4062,0,1569,674,3114,5763,0,0,3,4804,4683,121,3114,1569,0,1810,121,1269,4768,,564,0,
272,INFEASIBLE,certified_no_adversarial_example,feasibility,false,false,false,false,,,,0.858344798,0.039289236068725586,0.0,0.0,0.803891927,0.5009913890000001,0.33788720400000005,0.3222212791442871,0.46600472299999995,0.30290053799999994,0.052622559,9626,229,229,0,4081,0,1561,678,3077,5806,0,0,3,4804,4666,138,3077,1589,0,1847,140,1342,4896,,675,0,
273,INFEASIBLE,certified_no_adversarial_example,feasibility,false,false,false,false,,,,0.79097623,0.040433645248413086,0.0,0.0,0.736724317,0.477319559,0.315040912,0.3005335330963135,0.42168340499999996,0.25940475799999996,0.052459643,9626,204,204,0,3987,0,1572,625,3238,5388,0,0,3,4804,4703,101,3238,1465,0,1774,104,1196,4640,,653,0,
274,INFEASIBLE,certified_no_adversarial_example,feasibility,false,false,false,false,,,,0.741691971,0.028519630432128906,0.0,0.0,0.698824894,0.420487803,0.270833933,0.2565784454345703,0.427990961,0.27833709100000004,0.041110653,9626,189,189,0,4053,0,1581,664,3139,4995,0,0,3,4804,4685,119,3139,1546,0,1809,121,1266,4763,,546,0,
275,INFEASIBLE,certified_no_adversarial_example,feasibility,false,false,false,false,,,,0.900145158,0.0421295166015625,0.0,0.0,0.842331636,0.542580673,0.343222689,0.32762575149536133,0.499108947,0.29975096300000004,0.055992227,9626,215,215,0,4080,0,1566,677,3088,6494,0,0,3,4804,4678,126,3088,1590,0,1824,129,1296,4815,,699,0,
276,INFEASIBLE,certified_no_adversarial_example,feasibility,false,false,false,false,,,,0.954663555,0.03295254707336426,0.0,0.0,0.90729051,0.625957133,0.30369099,0.28988051414489746,0.6035995200000001,0.28133337700000005,0.045588207,9626,197,197,0,4044,0,1578,675,3132,4865,0,0,3,4804,4686,118,3132,1554,0,1804,118,1257,4747,,610,0,
277,INFEASIBLE,certified_no_adversarial_example,feasibility,false,false,false,false,,,,0.590303975,0.019995927810668945,0.0,0.0,0.557724239,0.30075521,0.167455356,0.15591740608215332,0.390268883,0.256969029,0.030817571,9626,134,134,0,3989,0,1610,647,3246,2699,0,0,3,4804,4730,74,3246,1484,0,1719,76,1086,4448,,431,0,
278,INFEASIBLE,certified_no_adversarial_example,feasibility,false,false,false,false,,,,0.703361508,0.025306224822998047,0.0,0.0,0.664330657,0.38480819600000005,0.23203328400000003,0.21919608116149902,0.43229737300000004,0.279522461,0.037225775,9626,177,177,0,4077,0,1584,673,3115,3664,0,0,3,4804,4704,100,3115,1589,0,1774,105,1196,4639,,502,0,
279,INFEASIBLE,certified_no_adversarial_example,feasibility,false,false,false,false,,,,0.744760553,0.030597686767578125,0.0,0.0,0.700935665,0.40663410099999997,0.255076165,0.24165916442871094,0.4458595,0.29430156400000007,0.042031154,9626,180,180,0,4053,0,1586,696,3111,3571,0,0,3,4804,4705,99,3111,1594,0,1766,99,1181,4614,,590,0,
280,INFEASIBLE,certified_no_adversarial_example,feasibility,false,false,false,false,,,,0.577539962,0.021184682846069336,0.0,0.0,0.544071075,0.287413142,0.172278496,0.16019701957702637,0.37179257899999996,0.25665793299999995,0.03168438,9626,143,143,0,3972,0,1603,637,3271,2626,0,0,3,4804,4725,79,3271,1454,0,1731,83,1110,4489,,444,0,
281,INFEASIBLE,certified_no_adversarial_example,feasibility,false,false,false,false,,,,0.725916367,0.027179479598999023,0.0,0.0,0.684824881,0.386249236,0.24545729900000002,0.2321791648864746,0.43936758200000003,0.29857564500000006,0.039320043,9626,172,172,0,4057,0,1587,688,3122,4850,0,0,3,4804,4693,111,3122,1571,0,1794,114,1236,4710,,533,0,
282,INFEASIBLE,certified_no_adversarial_example,feasibility,false,false,false,false,,,,0.757936892,0.03445124626159668,0.0,0.0,0.709864215,0.42310080999999994,0.27386120699999994,0.25948190689086914,0.436003008,0.286763405,0.046259677,9626,185,185,0,4043,0,1578,662,3158,4344,0,0,3,4804,4710,94,3158,1552,0,1760,97,1168,4591,,624,0,
283,SKIPPED_PREDICTED_IN_TARGETED,adversarial_example_found_or_best_known,feasibility,true,true,true,true,0.22285015405848352,-7.516663392924261;-0.872521953938235;-0.853122840908195;0.5445518124805913;-8.307060967332022;-6.442983629958491;-13.568858899456988;0.32170165842210774;-1.3078431965389932;-2.188543257688663,0.0;0.0;0.0;0.0;0.0;0.0;0.0;0.0;0.0;0.0;0.0;0.0;0.0;0.0;0.0;0.0;0.0;0.0;0.0;0.0;0.0;0.0;0.0;0.0;0.0;0.0;0.0;0.0;0.0;0.0;0.0;0.0;0.0;0.0;0.0;0.0;0.0;0.0;0.0;0.0;0.0;0.0;0.0;0.0;0.0;0.0;0.0;0.0;0.0;0.0;0.0;0.0;0.0;0.0;0.0;0.0;0.0;0.0;0.0;0.0;0.0;0.0;0.0;0.0;0.0;0.0;0.0;0.0;0.0;0.0;0.0;0.0;0.0;0.0;0.0;0.0;0.0;0.0;0.0;0.0;0.0;0.0;0.0;0.0;0.0;0.0;0.0;0.0;0.0;0.0;0.0;0.0;0.0;0.0;0.0;0.0;0.0;0.0;0.0;0.0;0.0;0.0;0.0;0.0;0.0;0.0;0.0;0.0;0.0;0.0;0.0;0.0;0.0;0.0;0.0;0.0;0.0;0.0;0.0;0.0;0.0;0.0;0.0;0.0;0.0;0.0;0.0;0.0;0.0;0.0;0.0;0.0;0.0;0.0;0.0;0.0;0.0;0.0;0.0;0.0;0.0;0.0;0.0;0.0;0.0;0.0;0.0;0.0;0.0;0.0;0.0;0.0;0.0;0.0;0.0;0.0;0.0;0.0;0.0;0.0;0.0;0.0;0.0;0.0;0.0;0.0;0.0;0.0;0.0;0.0;0.0;0.0;0.0;0.0;0.0;0.0;0.0;0.0;0.0;0.0;0.0;0.0;0.0;0.0;0.0;0.0;0.0;0.0;0.0;0.0;0.0;0.0;0.0;0.0;0.0;0.0;0.0;0.0;0.0;0.0;0.0;0.0;0.0;0.0;0.0;0.0;0.0;0.0;0.0;0.0;0.0;0.0;0.0;0.0;0.0;0.0;0.0;0.0;0.0;0.0;0.0;0.0;0.0;0.0;0.0;0.0;0.0;0.0;0.0;0.0;0.0;0.0;0.0;0.0;0.0;0.0;0.0;0.0;0.0;0.0;0.0;0.0;0.0;0.0;0.0;0.0;0.0;0.0;0.0;0.0;0.0;0.0;0.0;0.0;0.0;0.0;0.0;0.0;0.0;0.0;0.403921568627451;0.8666666666666667;0.23137254901960785;0.0;0.0;0.0;0.0;0.0;0.0;0.0;0.12549019607843137;0.28627450980392155;0.0;0.0;0.0;0.0;0.0;0.0;0.0;0.0;0.0;0.0;0.0;0.0;0.0;0.0;0.0;0.03137254901960784;0.8274509803921568;0.9921568627450981;0.15294117647058825;0.0;0.0;0.0;0.0;0.0;0.0;0.0;0.5019607843137255;0.9921568627450981;0.20784313725490197;0.0;0.0;0.0;0.0;0.0;0.0;0.0;0.0;0.0;0.0;0.0;0.0;0.0;0.0;0.5019607843137255;0.9921568627450981;0.8901960784313725;0.0;0.0;0.0;0.0;0.0;0.0;0.0;0.023529411764705882;0.8117647058823529;0.9411764705882353;0.3058823529411765;0.0;0.0;0.0;0.0;0.0;0.0;0.0;0.0;0.0;0.0;0.0;0.0;0.0;0.19607843137254902;0.9607843137254902;0.9607843137254902;0.1607843137254902;0.0;0.0;0.0;0.0;0.0;0.0;0.0;0.16862745098039217;0.9921568627450981;0.6352941176470588;0.0;0.01568627450980392;0.07450980392156863;0.07450980392156863;0.047058823529411764;0.0;0.0;0.0;0.0;0.0;0.0;0.0;0.0;0.0;0.6941176470588235;0.9921568627450981;0.6627450980392157;0.0;0.0;0.0;0.0;0.0;0.0;0.0;0.0;0.5019607843137255;0.9921568627450981;0.7607843137254902;0.3607843137254902;0.7450980392156863;0.9921568627450981;0.9921568627450981;0.7607843137254902;0.0;0.0;0.0;0.0;0.0;0.0;0.0;0.0;0.0;0.9254901960784314;0.996078431372549;0.21176470588235294;0.0;0.0;0.0;0.1450980392156863;0.28627450980392155;0.28627450980392155;0.38823529411764707;0.7137254901960784;0.996078431372549;0.996078431372549;0.996078431372549;1.0;0.996078431372549;0.996078431372549;0.996078431372549;0.996078431372549;0.0;0.0;0.0;0.0;0.0;0.0;0.0;0.0;0.34509803921568627;0.9882352941176471;0.9411764705882353;0.3058823529411765;0.47058823529411764;0.9254901960784314;0.9215686274509803;0.9568627450980393;0.9921568627450981;0.9921568627450981;0.996078431372549;0.9921568627450981;0.9921568627450981;0.9921568627450981;0.9921568627450981;0.996078431372549;0.9921568627450981;0.9921568627450981;0.8235294117647058;0.4;0.0;0.0;0.0;0.0;0.0;0.0;0.0;0.0;0.6392156862745098;0.9921568627450981;0.9921568627450981;0.9921568627450981;0.9921568627450981;0.996078431372549;0.9921568627450981;0.9921568627450981;0.9921568627450981;0.9921568627450981;0.9019607843137255;0.8470588235294118;0.9725490196078431;0.9921568627450981;0.5058823529411764;0.1411764705882353;0.1411764705882353;0.1411764705882353;0.03137254901960784;0.0;0.0;0.0;0.0;0.0;0.0;0.0;0.0;0.0;0.7647058823529411;0.9921568627450981;0.9921568627450981;0.9921568627450981;0.9921568627450981;0.996078431372549;0.8745098039215686;0.38823529411764707;0.21176470588235294;0.21176470588235294;0.0784313725490196;0.0;0.4235294117647059;0.9607843137254902;0.1607843137254902;0.0;0.0;0.0;0.0;0.0;0.0;0.0;0.0;0.0;0.0;0.0;0.0;0.0;0.1843137254901961;0.5333333333333333;0.4627450980392157;0.6078431372549019;0.2823529411764706;0.2823529411764706;0.12156862745098039;0.0;0.0;0.0;0.0;0.0;0.043137254901960784;0.2627450980392157;0.0;0.0;0.0;0.0;0.0;0.0;0.0;0.0;0.0;0.0;0.0;0.0;0.0;0.0;0.0;0.0;0.0;0.0;0.0;0.0;0.0;0.0;0.0;0.0;0.0;0.0;0.0;0.0;0.0;0.0;0.0;0.0;0.0;0.0;0.0;0.0;0.0;0.0;0.0;0.0;0.0;0.0;0.0;0.0;0.0;0.0;0.0;0.0;0.0;0.0;0.0;0.0;0.0;0.0;0.0;0.0;0.0;0.0;0.0;0.0;0.0;0.0;0.0;0.0;0.0;0.0;0.0;0.0;0.0;0.0;0.0;0.0;0.0;0.0;0.0;0.0;0.0;0.0;0.0;0.0;0.0;0.0;0.0;0.0;0.0;0.0;0.0;0.0;0.0;0.0;0.0;0.0;0.0;0.0;0.0;0.0;0.0;0.0;0.0;0.0;0.0;0.0;0.0;0.0;0.0;0.0;0.0;0.0;0.0;0.0;0.0;0.0;0.0;0.0;0.0;0.0;0.0;0.0;0.0;0.0;0.0;0.0;0.0;0.0;0.0;0.0;0.0;0.0;0.0;0.0;0.0;0.0;0.0;0.0;0.0;0.0;0.0;0.0;0.0;0.0;0.0;0.0;0.0;0.0;0.0;0.0;0.0;0.0;0.0;0.0;0.0;0.0;0.0;0.0;0.0;0.0;0.0;0.0;0.0;0.0;0.0;0.0;0.0;0.0;0.0;0.0;0.0;0.0;0.0;0.0;0.0;0.0;0.0;0.0;0.0;0.0;0.0;0.0;0.0;0.0;0.0;0.0;0.0;0.0;0.0;0.0;0.0;0.0;0.0;0.0;0.0;0.0;0.0;0.0;0.0;0.0;0.0;0.0;0.0;0.0;0.0;0.0;0.0;0.0;0.0;0.0;0.0;0.0;0.0;0.0;0.0;0.0;0.0;0.0;0.0;0.0;0.0;0.0;0.0;0.0;0.0;0.0;0.0;0.0;0.0;0.0;0.0;0.0;0.0;0.0;0.0;0.0;0.0;0.0;0.0;0.0;0.0;0.0;0.0;0.0;0.0;0.0;0.0;0.0;0.0;0.0;0.0;0.0;0.0;0.0;0.0;0.0;0.0;0.0;0.0;0.0;0.0;0.0;0.0;0.0;0.0,0.003293836,0.0,0.0,0.0,,,,,,,,,,,,,,,,,,,,,,,,,,,,,,,,,,
284,INFEASIBLE,certified_no_adversarial_example,feasibility,false,false,false,false,,,,0.895915213,0.027504920959472656,0.0,0.0,0.853397365,0.576718861,0.40130692500000004,0.38490939140319824,0.4520904399999999,0.27667850399999994,0.040745825,9626,217,217,0,4014,0,1565,650,3180,6863,0,0,3,4804,4675,129,3180,1495,0,1826,129,1301,4824,,572,0,
285,INFEASIBLE,certified_no_adversarial_example,feasibility,false,false,false,false,,,,0.849629874,0.030292034149169922,0.0,0.0,0.803972604,0.510268672,0.351799219,0.33527612686157227,0.45217338500000004,0.293703932,0.043887251,9626,224,224,0,4050,0,1561,661,3130,6799,0,0,3,4804,4667,137,3130,1537,0,1846,140,1340,4892,,519,0,
286,INFEASIBLE,certified_no_adversarial_example,feasibility,false,false,false,false,,,,0.933399177,0.03808093070983887,0.0,0.0,0.879168827,0.5882003769999999,0.37142787899999996,0.3549351692199707,0.507740948,0.29096845000000005,0.052455972,9626,240,240,0,4055,0,1552,663,3116,6583,0,0,3,4804,4664,140,3116,1548,0,1851,142,1350,4910,,613,0,
287,INFEASIBLE,certified_no_adversarial_example,feasibility,false,false,false,false,,,,0.863328636,0.033303260803222656,0.0,0.0,0.815909439,0.5423176869999999,0.255473343,0.2412257194519043,0.560436096,0.2735917520000001,0.045634471,9626,176,176,0,4042,0,1584,654,3170,4529,0,0,3,4804,4694,110,3170,1524,0,1791,112,1230,4700,,645,0,
288,INFEASIBLE,certified_no_adversarial_example,feasibility,false,false,false,false,,,,0.754839352,0.025678634643554688,0.0,0.0,0.713318519,0.420916524,0.273725686,0.2586789131164551,0.43959283299999996,0.29240199499999997,0.039742938,9626,209,209,0,4056,0,1571,678,3112,4074,0,0,3,4804,4680,124,3112,1568,0,1819,126,1286,4798,,492,0,
289,INFEASIBLE,certified_no_adversarial_example,feasibility,false,false,false,false,,,,0.55991558,0.016599655151367188,0.0,0.0,0.531651154,0.24751700399999998,0.13667973099999997,0.12595891952514648,0.394971423,0.28413415,0.026498325,9626,116,116,0,3990,0,1619,651,3250,1681,0,0,3,4804,4744,60,3250,1494,0,1688,60,1025,4341,,463,0,
290,INFEASIBLE,certified_no_adversarial_example,feasibility,false,false,false,false,,,,0.822076729,0.028322219848632812,0.0,0.0,0.778504398,0.48512082,0.32885985600000006,0.3139674663543701,0.449644542,0.29338357800000003,0.041781573,9626,206,206,0,4025,0,1573,676,3146,5347,0,0,3,4804,4680,124,3146,1534,0,1819,126,1286,4798,,465,0,
291,OPTIMAL,adversarial_example_found_or_best_known,feasibility,true,true,true,true,2.398081733190338e-14,-13.547737938576471;-19.389039641152664;-11.732625405179112;-8.227458136059997;0.813211821201723;-1.7725079697720743;-2.4159996288018597;-12.42860362990878;0.813211821201699;-1.7030151144442147,0.1;0.1;0.1;0.0;0.0;0.1;0.1;0.0;0.0;0.1;0.1;0.1;0.1;0.0;0.0;0.0;0.0;0.1;0.1;0.0;0.0;0.1;0.1;0.0;0.0;0.0;0.0;0.1;0.0;0.1;0.1;0.0;0.1;0.1;0.1;0.1;0.1;0.1;0.1;0.1;0.1;0.1;0.1;0.0;0.1;0.1;0.1;0.0;0.1;0.1;0.1;0.0;0.1;0.1;0.1;0.1;0.0;0.1;0.1;0.0;0.1;0.1;0.1;0.0;0.0;0.1;0.1;0.0;0.0;0.1;0.1;0.0;0.0;0.1;0.1;0.0;0.0;0.1;0.1;0.0;0.0;0.1;0.1;0.1;0.0;0.0;0.0;0.0;0.1;0.0;0.1;0.0;0.1;0.0;0.0;0.0;0.1;0.0;0.1;0.0;0.1;0.0;0.1;0.0;0.1;0.0;0.0;0.0;0.0;0.0;0.1;0.1;0.0;0.1;0.1;0.0;0.1;0.1;0.1;0.1;0.1;0.1;0.1;0.0;0.0;0.1;0.1;0.1;0.1;0.1;0.1;0.0;0.0;0.1;0.1;0.0;0.0;0.0;0.0;0.1;0.0;0.1;0.1;0.1;0.1;0.1;0.1;0.1;0.1;0.0;0.1;0.0;0.0;0.0;0.0;0.1;0.1;0.1;0.0;0.0;0.0;0.0;0.0;0.0;0.0;0.0;0.1;0.1;0.1;0.0;0.0;0.1;0.0;0.0;0.1;0.1;0.1;0.1;0.1;0.0;0.23725490196078433;0.3392156862745098;0.5392156862745098;0.5392156862745098;0.22156862745098038;0.1;0.1;0.0;0.0;0.1;0.1;0.0;0.0;0.0;0.0;0.1;0.1;0.0;0.1;0.0;0.1;0.0;0.1;0.1;0.1;0.1;0.10121033803694136;0.5718793227165075;0.8753629958285821;1.0;1.0;1.0;0.3419529563155397;0.1;0.0;0.1;0.1;0.1;0.1;0.0;0.0;0.1;0.0;0.1;0.0;0.0;0.1;0.1;0.1;0.0;0.0;0.0;0.09801366749568118;0.9470588235294117;0.8294117647058824;0.8921568627450981;0.8921568627450981;0.8921568627450981;0.8921568627450981;1.0;0.6411764705882352;0.1;0.1;0.1;0.1;0.0;0.0;0.0;0.0;0.1;0.1;0.1;0.1;0.1;0.1;0.1;0.0;0.1;0.0;0.4647058823529412;0.8215686274509804;0.8921568627450981;0.8921568627450981;0.6784000336196818;0.7352941176470588;0.8372549019607843;1.0;1.0;0.3784313725490196;0.0;0.0;0.0;0.1;0.0;0.0;0.0;0.0;0.0;0.0;0.0;0.0;0.0;0.1;0.1;0.1;0.0;0.4607843137254902;1.0;0.8921568627450981;0.9627450980392157;0.5784313725490197;0.0;0.09305391806739735;0.8176470588235294;1.0;0.696078431372549;0.14313725490196078;0.0;0.1;0.0;0.0;0.0;0.0;0.0;0.0;0.1;0.1;0.1;0.0;0.0;0.0;0.1;0.0;0.786792678245958;0.8882352941176471;0.8921568627450981;0.8812423285766529;0.16736082531165375;0.0;0.0;0.3073957917133403;0.8568627450980393;1.0;0.7910674828025065;0.0;0.1;0.1;0.1;0.1;0.1;0.0;0.1;0.1;0.1;0.1;0.1;0.0;0.0;0.0;0.1;0.09588665438614064;1.0;1.0;0.8254901960784313;0.3196078431372549;0.0;0.0;0.1;0.3549019607843137;0.8921568627450981;0.8921568627450981;0.8450980392156863;0.892156862745098;0.6019607843137255;0.18235294117647058;0.18235294117647058;0.10486041199447607;0.0;0.0;0.0;0.0;0.0;0.1;0.1;0.1;0.0;0.0;0.1;0.0;0.8011981927467113;0.5499757487790687;0.10401950026871075;0.1;0.0;0.0;0.3144579275490218;1.0;1.0;0.8921568627450981;0.8921568627450981;0.8921568627450981;0.8921568627450981;0.9018951219566185;0.8921568627450981;0.7549019607843137;0.45535754856895266;0.0;0.1;0.0;0.0;0.1;0.0;0.1;0.0;0.0;0.1;0.1;0.1;0.1;0.1;0.0;0.307843137254902;0.6411764705882353;1.0;1.0;0.8921568627450981;1.0;0.7196078431372549;0.3549019607843137;0.3549019607843137;0.1549019607843137;0.41764705882352937;0.8058823529411765;0.8725490196078431;0.8137254901960784;0.20588235294117646;0.1;0.0;0.0;0.1;0.1;0.0;0.0;0.1;0.0;0.1;0.0;0.0;0.303921568627451;1.0;0.8921568627450981;0.8921568627450981;0.9862745098039215;1.0;0.8921568627450981;0.7498312049572227;0.0;0.0;0.0;0.1;0.5901960784313726;0.8098039215686275;0.8921568627450981;0.510199344434244;0.10110433326862667;0.1;0.1;0.1;0.1;0.1;0.1;0.1;0.1;0.1;0.09814271564527433;0.29607843137254897;1.0;0.8921568627450981;1.0;0.2803921568627451;0.09020578502757125;0.9549019607843137;1.0;0.8921568627450981;0.4725490196078431;0.0;0.0;0.1;0.0930596698516643;0.13529411764705881;1.0;1.0;0.6725490196078431;0.0;0.0;0.1;0.1;0.1;0.0;0.0;0.0;0.1;0.1;1.0;0.8921568627450981;0.49607843137254903;0.26453502126542483;0.0;0.1;0.3060570185717068;0.8755968711726007;0.8921568627450981;0.870775457090476;0.5996381273660107;0.4254901960784314;0.1834023265441126;0.0;0.1392156862745098;0.8574527330463537;0.8921568627450981;0.8921568627450981;0.0;0.1;0.1;0.1;0.0;0.0;0.0;0.0;0.0;0.0;0.8450980392156863;1.0;0.0;0.1;0.1;0.1;0.1;0.47838207959437695;0.7941176470588236;0.8921568627450981;0.8921568627450981;0.8921568627450981;0.8490196078431372;0.7392156862745097;0.7601897506991458;1.0;0.8921568627450981;1.0;0.0;0.1;0.1;0.0;0.0;0.0;0.0;0.0;0.1;0.1;1.0;0.6372549019607844;0.0;0.0;0.1;0.1;0.0;0.1;0.1282372978143317;0.5033503278251923;0.7996301481230053;0.8879571352989869;0.8921568627450981;0.8921568627450981;1.0;0.8921568627450981;0.9436258320833917;0.619523623826541;0.1;0.1;0.1;0.1;0.0;0.0;0.0;0.0;0.1;0.1;0.5078431372549019;0.1784313725490196;0.0;0.0;0.1;0.1;0.0;0.0;0.1;0.0;0.0;0.17450980392156865;0.307843137254902;0.307843137254902;0.307843137254902;0.5078431372549019;0.5078431372549019;0.30000000000000004;0.1;0.1;0.1;0.1;0.0;0.0;0.0;0.1;0.0;0.1;0.0;0.0;0.0;0.1;0.0;0.1;0.0;0.1;0.1;0.0;0.1;0.0;0.1;0.1;0.0;0.0;0.0;0.1;0.1;0.1;0.1;0.1;0.0;0.0;0.0;0.0;0.1;0.1;0.1;0.1;0.0;0.0;0.0;0.1;0.1;0.1;0.1;0.1;0.0;0.0;0.1;0.1;0.0;0.0;0.0;0.0;0.1;0.1;0.1;0.1;0.1;0.0825394777274352;0.0;0.1;0.1;0.1;0.1;0.0;0.0;0.1;0.0;0.1;0.1;0.0;0.0;0.004590959584827114;0.1;0.0;0.1;0.0;0.0;0.0;0.0;0.0;0.0;0.1;0.0;0.1;0.1;0.1;0.0;0.1;0.1;0.1;0.1;0.1;0.0;0.0;0.0;0.1;0.1;0.1;0.0;0.0;0.0;0.0;0.1;0.1;0.0;0.0;0.0;0.0;0.1;0.1;0.1;0.0;0.1;0.1;0.0;0.1;0.0;0.1;0.1;0.0;0.1;0.1;0.0;0.1;0.1;0.1;0.0;0.0;0.0;0.0;0.1;0.0;0.1;0.0;0.0;0.0;0.0;0.0;0.1;0.1;0.1;0.1;0.0;0.0;0.0;0.0;0.1;0.1;0.1;0.0;0.0;0.0;0.1;0.1;0.0;0.0;0.0;0.0;0.1;0.1;0.0;0.0;0.0;0.0;0.1;0.1;0.0;0.1;0.1;0.0;0.0;0.0;0.0;0.1;0.0;0.1;0.0;0.1;0.0;0.1;0.0;0.0;0.0;0.0;0.0;0.0;0.0;0.0;0.0;0.0;0.1;0.1;0.0;0.0;0.0,1.843713176,1.062955379486084,0.0,0.0,0.764306981,0.46334298400000007,0.305676556,0.2911043167114258,0.45863042500000006,0.300963997,1.075588102,9626,185,185,0,4073,0,1581,695,3092,5877,0,0,3,4804,4689,115,3092,1597,0,1803,119,1254,4741,1,11224,,0.0
292,INFEASIBLE,certified_no_adversarial_example,feasibility,false,false,false,false,,,,0.891384242,0.0426640510559082,0.0,0.0,0.832671679,0.533342927,0.3767429939999999,0.36000943183898926,0.45592868500000017,0.2993287520000001,0.05694066,9626,232,232,0,4075,0,1558,672,3089,6723,0,0,3,4804,4656,148,3089,1567,0,1868,151,1384,4969,,649,0,
293,INFEASIBLE,certified_no_adversarial_example,feasibility,false,false,false,false,,,,0.614755051,0.0220489501953125,0.0,0.0,0.580119048,0.307789692,0.17966174,0.16761064529418945,0.400457308,0.272329356,0.032854492,9626,138,138,0,4042,0,1607,692,3147,2688,0,0,3,4804,4724,80,3147,1577,0,1731,82,1110,4490,,482,0,
294,INFEASIBLE,certified_no_adversarial_example,feasibility,false,false,false,false,,,,0.73549355,0.02558612823486328,0.0,0.0,0.696310734,0.423076208,0.26502822400000003,0.2508809566497803,0.43128250999999995,0.273234526,0.037399331,9626,169,169,0,4057,0,1592,675,3133,4614,0,0,3,4804,4703,101,3133,1570,0,1770,101,1189,4628,,587,0,
295,INFEASIBLE,certified_no_adversarial_example,feasibility,false,false,false,false,,,,0.955392486,0.04137110710144043,0.0,0.0,0.897383547,0.577758128,0.403111227,0.3858785629272461,0.49427232,0.31962541899999997,0.056239351,9626,245,245,0,4067,0,1551,681,3082,7117,0,0,3,4804,4652,152,3082,1570,0,1876,155,1400,4997,,634,0,
296,INFEASIBLE,certified_no_adversarial_example,feasibility,false,false,false,false,,,,0.890416792,0.04129934310913086,0.0,0.0,0.834158446,0.535615894,0.34147765899999993,0.32539844512939453,0.49268078700000006,0.298542552,0.054471665,9626,218,218,0,4036,0,1567,671,3134,5246,0,0,3,4804,4678,126,3134,1544,0,1820,126,1289,4803,,699,0,
297,INFEASIBLE,certified_no_adversarial_example,feasibility,false,false,false,false,,,,0.978621693,0.02495121955871582,0.0,0.0,0.938147898,0.640974452,0.33443781199999995,0.3187589645385742,0.603710086,0.29717344599999995,0.038667246,9626,198,198,0,4116,0,1575,716,3021,5683,0,0,3,4804,4678,126,3021,1657,0,1823,128,1294,4812,,538,0,
298,INFEASIBLE,certified_no_adversarial_example,feasibility,false,false,false,false,,,,1.014915734,0.051657915115356445,0.0,0.0,0.944756811,0.626295679,0.43473174199999987,0.416271448135376,0.5100250690000001,0.3184611319999999,0.068387292,9626,283,283,0,4080,0,1533,687,3043,7495,0,0,3,4804,4631,173,3043,1588,0,1914,173,1477,5132,,761,0,
299,INFEASIBLE,certified_no_adversarial_example,feasibility,false,false,false,false,,,,0.949443723,0.030206918716430664,0.0,0.0,0.902362903,0.5642706769999999,0.400782248,0.3839235305786133,0.5015806549999999,0.3380922260000001,0.045233525,9626,220,220,0,4086,0,1563,682,3075,7442,0,0,3,4804,4653,151,3075,1578,0,1873,153,1394,4987,,548,0,
300,INFEASIBLE,certified_no_adversarial_example,feasibility,false,false,false,false,,,,0.920472225,0.03352093696594238,0.0,0.0,0.871883057,0.567314289,0.39226553799999997,0.3757450580596924,0.47961751900000005,0.304568768,0.046804731,9626,222,222,0,4055,0,1559,666,3124,7060,0,0,3,4804,4678,126,3124,1554,0,1820,126,1289,4803,,618,0,
301,INFEASIBLE,certified_no_adversarial_example,feasibility,false,false,false,false,,,,0.796713582,0.04626798629760742,0.0,0.0,0.735522351,0.459516255,0.304508078,0.289872407913208,0.43101427299999995,0.276006096,0.059401465,9626,188,188,0,4019,0,1581,654,3184,5676,0,0,3,4804,4691,113,3184,1507,0,1801,119,1250,4733,,688,0,
302,INFEASIBLE,certified_no_adversarial_example,feasibility,false,false,false,false,,,,0.798809245,0.03763842582702637,0.0,0.0,0.746624134,0.45604031199999995,0.301692025,0.28731560707092285,0.4449321090000001,0.2905838220000001,0.050395034,9626,180,180,0,4066,0,1585,659,3136,5918,0,0,3,4804,4685,119,3136,1549,0,1809,121,1266,4763,,671,0,
303,INFEASIBLE,certified_no_adversarial_example,feasibility,false,false,false,false,,,,0.675534092,0.01960921287536621,0.0,0.0,0.643207916,0.361581437,0.23046692800000007,0.21756696701049805,0.412740988,0.28162647900000004,0.030536049,9626,151,151,0,3992,0,1598,651,3234,4061,0,0,3,4804,4722,82,3234,1488,0,1732,82,1113,4495,,450,0,
304,INFEASIBLE,certified_no_adversarial_example,feasibility,false,false,false,false,,,,1.048355636,0.04110860824584961,0.0,0.0,0.990377949,0.6882503419999999,0.502862547,0.48505687713623047,0.487515402,0.3021276070000001,0.056165679,9626,255,255,0,4027,0,1548,666,3130,8425,0,0,3,4804,4648,156,3130,1518,0,1886,161,1420,5031,,611,0,
305,INFEASIBLE,certified_no_adversarial_example,feasibility,false,false,false,false,,,,0.781595696,0.029950618743896484,0.0,0.0,0.737023395,0.45360917900000003,0.291602794,0.27677321434020996,0.445420601,0.283414216,0.042796321,9626,197,197,0,4042,0,1577,672,3138,5483,0,0,3,4804,4688,116,3138,1550,0,1803,118,1254,4742,,537,0,
306,INFEASIBLE,certified_no_adversarial_example,feasibility,false,false,false,false,,,,0.883073878,0.02901601791381836,0.0,0.0,0.837983442,0.538429452,0.349399852,0.3329942226409912,0.48858358999999996,0.29955398999999994,0.043319685,9626,223,223,0,4091,0,1563,716,3033,6878,0,0,3,4804,4660,144,3033,1627,0,1860,147,1368,4941,,497,0,
307,INFEASIBLE,certified_no_adversarial_example,feasibility,false,false,false,false,,,,1.004476188,0.045581817626953125,0.0,0.0,0.942272552,0.652200181,0.34132463100000004,0.32437849044799805,0.6009479209999999,0.29007237100000005,0.060391647,9626,203,203,0,4047,0,1573,659,3144,6639,0,0,3,4804,4667,137,3144,1523,0,1846,140,1340,4892,,750,0,
308,INFEASIBLE,certified_no_adversarial_example,feasibility,false,false,false,false,,,,0.781447026,0.031140565872192383,0.0,0.0,0.735278873,0.452493908,0.292178859,0.27759861946105957,0.44310001400000004,0.28278496500000005,0.044392663,9626,174,174,0,4034,0,1589,662,3167,6198,0,0,3,4804,4693,111,3167,1526,0,1793,113,1234,4707,,586,0,
309,INFEASIBLE,certified_no_adversarial_example,feasibility,false,false,false,false,,,,0.87640534,0.038931846618652344,0.0,0.0,0.822385314,0.5013917019999999,0.346448684,0.3312389850616455,0.47593663,0.3209936120000001,0.052205774,9626,196,196,0,4062,0,1575,668,3125,5826,0,0,3,4804,4682,122,3125,1557,0,1815,124,1278,4784,,655,0,
310,INFEASIBLE,certified_no_adversarial_example,feasibility,false,false,false,false,,,,0.863569504,0.03647112846374512,0.0,0.0,0.801333884,0.490592483,0.33512310199999995,0.3191661834716797,0.4662107820000001,0.31074140100000003,0.060428381,9626,233,233,0,4024,0,1558,675,3136,5434,0,0,3,4804,4670,134,3136,1534,0,1839,136,1326,4868,,561,0,
311,INFEASIBLE,certified_no_adversarial_example,feasibility,false,false,false,false,,,,0.856689002,0.047791481018066406,0.0,0.0,0.79335763,0.497852967,0.343232444,0.3265872001647949,0.450125186,0.29550466300000006,0.061552215,9626,246,246,0,4021,0,1549,655,3155,5259,0,0,3,4804,4679,125,3155,1524,0,1823,129,1294,4811,,735,0,
312,INFEASIBLE,certified_no_adversarial_example,feasibility,false,false,false,false,,,,0.806423527,0.0249173641204834,0.0,0.0,0.767388449,0.46551981800000003,0.311573528,0.29712343215942383,0.45581492100000004,0.301868631,0.037257034,9626,185,185,0,4142,0,1580,707,3012,5076,0,0,3,4804,4694,110,3012,1682,0,1791,112,1230,4700,,525,0,
313,INFEASIBLE,certified_no_adversarial_example,feasibility,false,false,false,false,,,,0.893497451,0.03917956352233887,0.0,0.0,0.838117096,0.537830007,0.367821983,0.3514366149902344,0.47029511299999993,0.3002870889999999,0.053577294,9626,225,225,0,4086,0,1563,676,3076,6789,0,0,3,4804,4654,150,3076,1578,0,1873,154,1394,4986,,600,0,
314,INFEASIBLE,certified_no_adversarial_example,feasibility,false,false,false,false,,,,0.928732953,0.040461063385009766,0.0,0.0,0.872043315,0.563238963,0.403701329,0.3862123489379883,0.468341986,0.308804352,0.05490426,9626,252,252,0,4063,0,1547,687,3077,7284,0,0,3,4804,4649,155,3077,1572,0,1878,155,1405,5006,,699,0,
315,INFEASIBLE,certified_no_adversarial_example,feasibility,false,false,false,false,,,,0.603820473,0.021304607391357422,0.0,0.0,0.570885088,0.28835270700000004,0.156289246,0.14494585990905762,0.41459584200000005,0.282532381,0.031159354,9626,139,139,0,3982,0,1605,651,3249,1998,0,0,3,4804,4740,64,3249,1491,0,1699,66,1046,4378,,485,0,
316,INFEASIBLE,certified_no_adversarial_example,feasibility,false,false,false,false,,,,0.929292576,0.028323650360107422,0.0,0.0,0.886022531,0.6022176459999999,0.31262296,0.2969982624053955,0.5733995709999999,0.283804885,0.041496479,9626,211,211,0,4073,0,1564,667,3111,5664,0,0,3,4804,4684,120,3111,1573,0,1813,124,1274,4776,,517,0,
317,INFEASIBLE,certified_no_adversarial_example,feasibility,false,false,false,false,,,,0.816184027,0.04899239540100098,0.0,0.0,0.751330673,0.46904920399999994,0.304998322,0.2898702621459961,0.446332351,0.28228146900000006,0.063084839,9626,216,216,0,4035,0,1565,642,3168,5634,0,0,3,4804,4678,126,3168,1510,0,1823,128,1294,4812,,809,0,
318,INFEASIBLE,certified_no_adversarial_example,feasibility,false,false,false,false,,,,0.744179526,0.026440143585205078,0.0,0.0,0.703947951,0.429187812,0.256533928,0.24306106567382812,0.44741402299999994,0.27476013899999996,0.038457188,9626,188,188,0,4032,0,1577,645,3184,4260,0,0,3,4804,4699,105,3184,1515,0,1778,105,1205,4656,,584,0,
319,INFEASIBLE,certified_no_adversarial_example,feasibility,false,false,false,false,,,,1.225475345,0.24720001220703125,0.0,0.0,0.960444733,0.6528612890000001,0.47554992900000004,0.43939781188964844,0.48489480399999996,0.30758344399999993,0.26325927,9626,248,248,0,4094,0,1547,690,3047,8598,0,0,3,4804,4637,167,3047,1590,0,1905,169,1458,5099,,961,0,
320,INFEASIBLE,certified_no_adversarial_example,feasibility,false,false,false,false,,,,0.9984498,0.051025390625,0.0,0.0,0.930219509,0.616773038,0.43673003899999985,0.4190084934234619,0.4934894700000002,0.313446471,0.066415016,9626,254,254,0,4085,0,1546,688,3053,7712,0,0,3,4804,4641,163,3053,1588,0,1898,166,1444,5074,,669,0,
321,OPTIMAL,adversarial_example_found_or_best_known,feasibility,true,true,true,true,2.220446049250313e-15,-9.652282441785996;-1.7922555463722851;-3.6038988798470695;-3.193463656135699;-5.569012006959252;-7.024933314538858;-15.597960185674598;0.116134235498071;-0.3466155956241469;0.11613423549806878,0.1;0.0;0.0;0.1;0.1;0.0;0.0;0.0;0.0;0.1;0.1;0.0;0.0;0.1;0.1;0.0;0.0;0.0;0.0;0.1;0.1;0.1;0.1;0.1;0.1;0.1;0.1;0.1;0.1;0.0;0.0;0.1;0.0;0.0;0.0;0.0;0.0;0.1;0.0;0.0;0.0;0.0;0.1;0.1;0.1;0.1;0.1;0.1;0.1;0.1;0.1;0.1;0.1;0.1;0.1;0.0;0.1;0.0;0.0;0.1;0.1;0.0;0.0;0.0;0.0;0.1;0.1;0.0;0.0;0.1;0.1;0.0;0.0;0.0;0.0;0.1;0.1;0.1;0.1;0.0;0.1;0.1;0.1;0.0;0.1;0.0;0.0;0.1;0.0;0.0;0.1;0.1;0.0;0.1;0.0;0.0;0.1;0.0;0.0;0.0;0.1;0.0;0.1;0.0;0.0;0.0;0.1;0.0;0.06817392513845034;0.0;0.1;0.0;0.1;0.0;0.0;0.1;0.1;0.0;0.1;0.1;0.1;0.1;0.1;0.0;0.0;0.0;0.0;0.0;0.1;0.0;0.0;0.1;0.1;0.0;0.0;0.0;0.0;0.1;0.1;0.0;0.1;0.0;0.0;0.0;0.0;0.1;0.1;0.1;0.0;0.1;0.0;0.1;0.1;0.1;0.1;0.0;0.0;0.0;0.0;0.0;0.0;0.0;0.0;0.0;0.0;0.0;0.0799811716915187;0.0;0.1;0.0;0.0;0.0;0.0;0.1;0.1;0.1;0.1;0.1;0.1;0.0;0.0;0.1;0.1;0.1;0.0;0.0;0.0;0.0;0.1;0.0;0.0;0.1;0.1;0.1;0.0;0.0;0.0;0.0;0.1;0.0;0.1;0.0;0.1;0.0;0.1;0.1;0.0;0.0;0.1;0.1;0.1;0.1;0.0;0.1;0.1;0.1;0.1;0.0;0.0;0.1;0.0;0.1;0.1;0.1;0.1;0.0;0.1;0.0;0.0;0.1;0.1;0.1;0.1;0.1;0.1;0.0;0.0;0.1;0.1;0.1;0.1;0.0;0.0;0.0;0.0;0.0;0.0;0.1;0.1;0.1;0.1;0.0;0.0;0.0;0.1;0.0;0.1;0.0;0.1;0.0;0.1;0.1;0.0;0.0;0.0;0.0;0.1;0.0;0.0;0.1;0.1;0.1;0.0;0.1;0.0;0.0;0.0;0.0;0.0;0.0;0.0;0.0;0.0;0.0;0.0;0.0;0.1;0.19803921568627453;0.19019607843137254;0.1;0.1;0.0;0.0;0.0;0.0;0.0;0.0;0.1;0.0;0.1;0.1;0.1;0.1;0.0;0.0;0.0;0.1;0.1;0.0;0.0;0.0;0.1;0.0;0.0;0.307843137254902;0.9823529411764705;0.8716089626241675;0.6646297640838541;0.2481599334241703;0.1980392156862745;0.0;0.1;0.0;0.0;0.0;0.0;0.1;0.0;0.0;0.0;0.1;0.1;0.1;0.1;0.1;0.1;0.0;0.0;0.0;0.1;0.1;0.0;0.5078431372549019;0.8960784313725491;1.0;1.0;1.0;0.8921568627450981;0.2215686274509804;0.0;0.0;0.0;0.0;0.1;0.17450980392156862;0.0607843137254902;0.2607843137254902;0.2607843137254902;0.25604963182058926;0.0607843137254902;0.1049470689422984;0.0;0.1;0.1;0.0;0.0;0.1;0.1;0.0;0.1;0.6568627450980392;1.0;0.38235294117647056;0.3666666666666667;0.8748659835765065;0.8960784313725491;0.40980392156862744;0.1;0.0;0.17450980392156862;0.4764705882352941;0.5705882352941176;0.9705882352941176;1.0;0.9;1.0;1.0;1.0;0.872277472818191;0.1823529411764706;0.1;0.0;0.0;0.0;0.0;0.1;0.1;0.0;0.515686274509804;0.8960784313725491;0.44509803921568625;0.1;0.48039215686274506;0.8960784313725491;0.8921568627450981;1.0;1.0;0.884313725490196;1.0;1.0;1.0;0.8960784313725491;1.0;0.8960784313725491;0.8960784313725491;1.0;1.0;0.884313725490196;0.1;0.1;0.0;0.0;0.0;0.1;0.0;0.0;0.19411764705882353;0.8960784313725491;0.868749155042467;0.20980392156862746;0.7862745098039216;0.8960784313725491;1.0;0.8960784313725491;0.8960784313725491;0.8960784313725491;0.8912024212873129;0.48431372549019613;0.3549019607843137;0.296078431372549;0.296078431372549;0.296078431372549;0.10689403443375303;0.296078431372549;0.8686274509803922;0.8921568627450981;0.1;0.0;0.0;0.0;0.0;0.1;0.1;0.0;0.09447989812740017;0.896078431372549;1.0;0.42156862745098045;0.9823529411764705;0.8686274509803922;0.6607843137254902;0.49215686274509807;0.4725490196078431;0.1980392156862745;0.0;0.0;0.0;0.0;0.0;0.1;0.0970765669642876;0.1;0.6879883648618271;0.40980392156862744;0.1;0.0;0.0;0.0;0.06804160367535986;0.1;0.1;0.1;0.0;0.1889795284445853;0.6450980392156862;1.0;0.8822174740844603;0.2695485938284738;0.1;0.0;0.1;0.0;0.1;0.1;0.0;0.1;0.1;0.1;0.1;0.1;0.1;0.0;0.0;0.0;0.0;0.0;0.0;0.1;0.1;0.1;0.1;0.1;0.09838986387895042;0.2176470588235294;0.2568627450980392;0.1;0.1;0.0;0.0;0.0;0.0;0.1;0.1;0.0;0.0;0.1;0.1;0.1;0.1;0.0;0.0;0.0;0.1;0.0;0.0;0.1;0.1;0.0;0.0;0.1;0.0;0.0;0.1;0.1;0.1;0.0;0.1;0.0;0.1;0.0;0.1;0.0;0.1;0.0;0.07717825696345963;0.1;0.1;0.1;0.0;0.1;0.0;0.0;0.0;0.1;0.1;0.0;0.1;0.1;0.1;0.0;0.0;0.1;0.1;0.0;0.0;0.0;0.0;0.1;0.1;0.0;0.1;0.1;0.1;0.1;0.1;0.0;0.0;0.1;0.0;0.0;0.0;0.1;0.1;0.0;0.1;0.0;0.0;0.0;0.1;0.1;0.1;0.0;0.1;0.0;0.1;0.1;0.1;0.1;0.1;0.0;0.0;0.0;0.0;0.0;0.1;0.1;0.1;0.0;0.0;0.1;0.1;0.0;0.0;0.0;0.0;0.0;0.0;0.1;0.1;0.0;0.0;0.0;0.0;0.1;0.1;0.1;0.0;0.0;0.0;0.1;0.1;0.0;0.0;0.1;0.1;0.0;0.1;0.1;0.1;0.0;0.007887581879250828;0.0;0.0;0.1;0.0;0.0;0.0;0.0;0.0;0.0;0.0;0.1;0.0;0.1;0.0;0.1;0.1;0.0;0.1;0.0;0.1;0.1;0.1;0.0;0.0;0.1;0.1;0.0;0.0;0.1;0.0;0.1;0.1;0.0;0.0;0.0;0.0;0.1;0.1;0.1;0.1;0.1;0.1;0.0;0.0;0.0;0.0;0.0;0.1;0.1;0.0;0.1;0.1;0.1;0.1;0.0;0.1;0.0;0.0;0.1;0.0;0.0;0.0;0.0;0.0;0.1;0.0;0.1;0.0;0.0;0.1;0.0;0.1;0.0;0.1;0.0;0.1;0.0;0.1;0.0;0.0;0.1;0.1;0.0;0.0;0.0;0.1;0.1;0.0;0.0;0.0;0.0;0.0;0.1;0.1;0.1;0.1;0.0;0.0;0.0;0.1;0.0;0.1;0.1;0.1;0.1;0.0;0.0;0.1;0.0;0.0;0.1;0.1;0.0;0.0;0.0;0.0;0.0;0.1;0.0;0.0;0.0;0.0;0.0;0.0;0.0;0.1;0.0;0.1;0.0;0.1;0.1;0.1;0.1,8.048084905,7.4351279735565186,0.0,0.0,0.597763641,0.335813996,0.204295722,0.19208550453186035,0.393467919,0.261949645,7.446512389,9626,150,150,0,4008,0,1601,641,3226,3756,0,0,3,4804,4713,91,3226,1487,0,1754,94,1156,4570,1,95333,,0.0
322,SKIPPED_PREDICTED_IN_TARGETED,adversarial_example_found_or_best_known,feasibility,true,true,true,true,2.846903114660533,-7.913966580484432;-3.979934130716689;0.5674479509500268;-0.6403658549181954;-12.241826631904123;-8.083758444954368;-18.033394517332248;3.4143510656105596;-0.5432207726818382;-3.026330585529838,0.0;0.0;0.0;0.0;0.0;0.0;0.0;0.0;0.0;0.0;0.0;0.0;0.0;0.0;0.0;0.0;0.0;0.0;0.0;0.0;0.0;0.0;0.0;0.0;0.0;0.0;0.0;0.0;0.0;0.0;0.0;0.0;0.0;0.0;0.0;0.0;0.0;0.0;0.0;0.0;0.0;0.0;0.0;0.0;0.0;0.0;0.0;0.0;0.0;0.0;0.0;0.0;0.0;0.0;0.0;0.0;0.0;0.0;0.0;0.0;0.0;0.0;0.0;0.0;0.0;0.0;0.0;0.0;0.0;0.0;0.0;0.0;0.0;0.0;0.0;0.0;0.0;0.0;0.0;0.0;0.0;0.0;0.0;0.0;0.0;0.0;0.0;0.0;0.0;0.0;0.0;0.0;0.0;0.0;0.0;0.0;0.0;0.0;0.0;0.0;0.0;0.0;0.0;0.0;0.0;0.0;0.0;0.0;0.0;0.0;0.0;0.0;0.0;0.0;0.0;0.0;0.0;0.0;0.0;0.0;0.0;0.0;0.0;0.0;0.0;0.0;0.0;0.0;0.0;0.0;0.0;0.0;0.0;0.0;0.0;0.0;0.0;0.0;0.0;0.0;0.0;0.0;0.0;0.0;0.0;0.0;0.0;0.0;0.0;0.0;0.0;0.0;0.0;0.0;0.0;0.0;0.0;0.0;0.0;0.0;0.0;0.0;0.0;0.0;0.0;0.0;0.0;0.0;0.0;0.0;0.0;0.0;0.0;0.0;0.0;0.0;0.0;0.0;0.0;0.0;0.0;0.0;0.0;0.0;0.0;0.0;0.0;0.0;0.0;0.0;0.0;0.0;0.0;0.0;0.0;0.0;0.0;0.0;0.0;0.0;0.0;0.0;0.0;0.0;0.0;0.0392156862745098;0.0;0.0;0.0;0.0;0.0;0.0;0.0;0.0;0.0;0.0;0.0;0.0;0.0;0.0;0.0;0.0;0.0;0.0;0.0;0.0;0.0;0.0;0.0;0.0;0.0;0.0;0.35294117647058826;0.7411764705882353;0.0;0.0;0.0;0.0;0.0;0.0;0.0;0.0;0.0;0.0;0.0;0.0;0.0;0.0;0.0;0.0;0.0;0.0;0.0;0.0;0.0;0.0;0.0;0.0;0.0;0.3568627450980392;0.9529411764705882;0.7529411764705882;0.0;0.0;0.0;0.0;0.0;0.0;0.0;0.0;0.0;0.0;0.0;0.0;0.0;0.0;0.0;0.0;0.0;0.0;0.0;0.0;0.0;0.0;0.0;0.0;0.06274509803921569;0.8352941176470589;0.9882352941176471;0.26666666666666666;0.0;0.0;0.0;0.0;0.0;0.0;0.0;0.0;0.0;0.00392156862745098;0.32941176470588235;0.47843137254901963;0.6823529411764706;0.9058823529411765;0.5843137254901961;0.08235294117647059;0.0;0.0;0.0;0.0;0.0;0.0;0.0;0.0;0.20784313725490197;0.9882352941176471;0.9215686274509803;0.03529411764705882;0.0;0.0;0.0;0.0;0.0;0.0;0.0;0.0;0.1450980392156863;0.6196078431372549;0.9882352941176471;0.9882352941176471;0.9882352941176471;0.9882352941176471;0.9882352941176471;0.8196078431372549;0.0;0.0;0.0;0.0;0.0;0.0;0.0;0.0;0.5607843137254902;0.9882352941176471;0.6;0.0;0.0;0.0;0.0;0.0;0.0;0.0;0.043137254901960784;0.4196078431372549;0.9450980392156862;0.9882352941176471;0.9882352941176471;0.9882352941176471;0.5019607843137255;0.5725490196078431;0.9882352941176471;0.9882352941176471;0.0;0.0;0.0;0.0;0.0;0.0;0.0;0.0;0.5607843137254902;0.9882352941176471;0.41568627450980394;0.0;0.0;0.0;0.0;0.0;0.0;0.19215686274509805;0.6941176470588235;0.9882352941176471;0.9882352941176471;0.9882352941176471;0.611764705882353;0.12941176470588237;0.011764705882352941;0.17647058823529413;0.9882352941176471;0.8;0.0;0.0;0.0;0.0;0.0;0.0;0.0;0.0;0.996078431372549;0.9921568627450981;0.17254901960784313;0.0;0.0;0.0;0.00784313725490196;0.396078431372549;0.6941176470588235;0.9921568627450981;1.0;0.9607843137254902;0.5058823529411764;0.20784313725490197;0.0;0.0;0.027450980392156862;0.8235294117647058;0.9921568627450981;0.3176470588235294;0.0;0.0;0.0;0.0;0.0;0.0;0.0;0.0;0.9921568627450981;0.807843137254902;0.050980392156862744;0.0;0.0;0.20784313725490197;0.4823529411764706;0.9882352941176471;0.9882352941176471;0.9882352941176471;0.7333333333333333;0.35294117647058826;0.0;0.0;0.0;0.0;0.34901960784313724;0.9450980392156862;0.596078431372549;0.0392156862745098;0.0;0.0;0.0;0.0;0.0;0.0;0.0;0.0;0.9921568627450981;0.8313725490196079;0.06666666666666667;0.03529411764705882;0.48627450980392156;0.9529411764705882;0.9882352941176471;0.9882352941176471;0.8705882352941177;0.41568627450980394;0.0;0.0;0.0;0.0;0.0;0.0;0.8352941176470589;0.4627450980392157;0.0;0.0;0.0;0.0;0.0;0.0;0.0;0.0;0.0;0.0;0.9921568627450981;0.9882352941176471;0.9568627450980393;0.9529411764705882;0.9882352941176471;0.9882352941176471;0.9294117647058824;0.4;0.027450980392156862;0.0;0.0;0.0;0.0;0.0;0.0;0.3411764705882353;0.2627450980392157;0.01568627450980392;0.0;0.0;0.0;0.0;0.0;0.0;0.0;0.0;0.0;0.0;0.8980392156862745;0.9882352941176471;0.9882352941176471;0.9882352941176471;0.8470588235294118;0.43529411764705883;0.1803921568627451;0.0;0.0;0.0;0.0;0.0;0.0;0.0;0.0;0.0;0.0;0.0;0.0;0.0;0.0;0.0;0.0;0.0;0.0;0.0;0.0;0.0;0.12156862745098039;0.21568627450980393;0.5686274509803921;0.23137254901960785;0.07450980392156863;0.0;0.0;0.0;0.0;0.0;0.0;0.0;0.0;0.0;0.0;0.0;0.0;0.0;0.0;0.0;0.0;0.0;0.0;0.0;0.0;0.0;0.0;0.0;0.0;0.0;0.0;0.0;0.0;0.0;0.0;0.0;0.0;0.0;0.0;0.0;0.0;0.0;0.0;0.0;0.0;0.0;0.0;0.0;0.0;0.0;0.0;0.0;0.0;0.0;0.0;0.0;0.0;0.0;0.0;0.0;0.0;0.0;0.0;0.0;0.0;0.0;0.0;0.0;0.0;0.0;0.0;0.0;0.0;0.0;0.0;0.0;0.0;0.0;0.0;0.0;0.0;0.0;0.0;0.0;0.0;0.0;0.0;0.0;0.0;0.0;0.0;0.0;0.0;0.0;0.0;0.0;0.0;0.0;0.0;0.0;0.0;0.0;0.0;0.0;0.0;0.0;0.0;0.0;0.0;0.0;0.0;0.0;0.0;0.0;0.0;0.0;0.0;0.0;0.0;0.0;0.0;0.0;0.0;0.0;0.0;0.0;0.0;0.0;0.0;0.0;0.0;0.0;0.0;0.0;0.0;0.0;0.0;0.0;0.0;0.0;0.0;0.0;0.0;0.0;0.0;0.0;0.0;0.0;0.0;0.0;0.0;0.0;0.0;0.0;0.0;0.0;0.0;0.0;0.0;0.0;0.0;0.0;0.0;0.0;0.0;0.0;0.0;0.0;0.0;0.0;0.0;0.0;0.0;0.0;0.0;0.0;0.0;0.0;0.0;0.0;0.0;0.0;0.0;0.0;0.0;0.0;0.0;0.0;0.0;0.0;0.0;0.0;0.0;0.0;0.0;0.0;0.0;0.0;0.0;0.0;0.0;0.0;0.0;0.0;0.0;0.0;0.0;0.0;0.0;0.0;0.0;0.0;0.0;0.0;0.0;0.0;0.0;0.0;0.0;0.0;0.0;0.0;0.0;0.0;0.0;0.0;0.0;0.0;0.0;0.0;0.0;0.0;0.0;0.0;0.0;0.0;0.0;0.0;0.0;0.0;0.0;0.0;0.0;0.0;0.0;0.0,0.003296632,0.0,0.0,0.0,,,,,,,,,,,,,,,,,,,,,,,,,,,,,,,,,,
323,INFEASIBLE,certified_no_adversarial_example,feasibility,false,false,false,false,,,,0.743818426,0.025208234786987305,0.0,0.0,0.69939495,0.430302855,0.273009316,0.2594783306121826,0.42638563399999996,0.269092095,0.042702048,9626,177,177,0,4037,0,1584,658,3170,4438,0,0,3,4804,4714,90,3170,1544,0,1753,94,1154,4566,,489,0,
324,INFEASIBLE,certified_no_adversarial_example,feasibility,false,false,false,false,,,,0.801194207,0.02387547492980957,0.0,0.0,0.763147045,0.479973093,0.324831835,0.31047964096069336,0.43831520999999996,0.28317395199999995,0.036303481,9626,185,185,0,4040,0,1580,665,3156,6179,0,0,3,4804,4689,115,3156,1533,0,1801,117,1250,4735,,448,0,
325,INFEASIBLE,certified_no_adversarial_example,feasibility,false,false,false,false,,,,1.057397353,0.21444487571716309,0.0,0.0,0.826762793,0.5243864180000001,0.37378450700000004,0.35705137252807617,0.45297828599999995,0.3023763749999999,0.228836357,9626,229,229,0,4038,0,1559,677,3123,6451,0,0,3,4804,4666,138,3123,1543,0,1850,143,1348,4905,,826,0,
326,INFEASIBLE,certified_no_adversarial_example,feasibility,false,false,false,false,,,,0.824916701,0.04405331611633301,0.0,0.0,0.76556805,0.44341454199999997,0.298015743,0.2825801372528076,0.46755230700000006,0.3221535080000001,0.057571027,9626,206,206,0,4024,0,1574,639,3183,4932,0,0,3,4804,4677,127,3183,1494,0,1825,129,1298,4819,,763,0,
327,INFEASIBLE,certified_no_adversarial_example,feasibility,false,false,false,false,,,,1.248455534,0.35100221633911133,,0.0,0.882612543,0.607426637,0.30691982800000006,0.29241228103637695,0.575692715,0.27518590600000004,0.364033357,9626,201,201,0,4036,0,1575,656,3158,5090,0,0,3,4804,4685,119,3158,1527,0,1806,119,1261,4754,,1391,0,
328,INFEASIBLE,certified_no_adversarial_example,feasibility,false,false,false,false,,,,0.703576857,0.022689342498779297,0.0,0.0,0.667884786,0.359839872,0.21040393200000004,0.19717001914978027,0.45748085399999994,0.308044914,0.033917151,9626,164,164,0,4070,0,1593,704,3095,3059,0,0,3,4804,4714,90,3095,1619,0,1752,93,1152,4563,,511,0,
329,INFEASIBLE,certified_no_adversarial_example,feasibility,false,false,false,false,,,,0.704057423,0.02306675910949707,0.0,0.0,0.666979906,0.389538567,0.246719116,0.23281526565551758,0.42026079000000005,0.277441339,0.035276439,9626,181,181,0,4034,0,1585,669,3157,4008,0,0,3,4804,4696,108,3157,1539,0,1789,112,1226,4692,,434,0,
330,INFEASIBLE,certified_no_adversarial_example,feasibility,false,false,false,false,,,,0.64331492,0.01936030387878418,0.0,0.0,0.611622523,0.343621032,0.21253077600000003,0.1938333511352539,0.39909174699999994,0.268001491,0.029941453,9626,163,163,0,3989,0,1593,638,3243,3103,0,0,3,4804,4725,79,3243,1482,0,1729,81,1106,4483,,422,0,
331,INFEASIBLE,certified_no_adversarial_example,feasibility,false,false,false,false,,,,0.644575493,0.02534317970275879,0.0,0.0,0.60658583,0.34425870199999997,0.208495428,0.1969013214111328,0.398090402,0.262327128,0.036227077,9626,158,158,0,3980,0,1597,641,3250,2988,0,0,3,4804,4722,82,3250,1472,0,1736,85,1120,4507,,464,0,
332,INFEASIBLE,certified_no_adversarial_example,feasibility,false,false,false,false,,,,0.954513031,0.05208182334899902,0.0,0.0,0.886038523,0.59518358,0.413663483,0.39641809463500977,0.47237503999999997,0.2908549429999999,0.066701824,9626,258,258,0,4036,0,1545,660,3127,6729,0,0,3,4804,4652,152,3127,1525,0,1876,155,1400,4997,,739,0,
333,INFEASIBLE,certified_no_adversarial_example,feasibility,false,false,false,false,,,,0.553119022,0.01863837242126465,0.0,0.0,0.522234335,0.26724827300000004,0.14852786099999998,0.13748955726623535,0.37370647400000007,0.254986062,0.029130198,9626,126,126,0,3981,0,1614,645,3260,2022,0,0,3,4804,4739,65,3260,1479,0,1703,69,1054,4391,,412,0,
334,INFEASIBLE,certified_no_adversarial_example,feasibility,false,false,false,false,,,,0.85498671,0.030837535858154297,0.0,0.0,0.808883154,0.522194207,0.35641351999999993,0.3414335250854492,0.45246963400000006,0.286688947,0.044321975,9626,199,199,0,4048,0,1575,689,3115,6380,0,0,3,4804,4675,129,3115,1560,0,1826,129,1301,4824,,575,0,
335,INFEASIBLE,certified_no_adversarial_example,feasibility,false,false,false,false,,,,0.902344757,0.02604365348815918,0.0,0.0,0.860592817,0.573408653,0.376795884,0.3602871894836426,0.483796933,0.287184164,0.039968676,9626,213,213,0,4046,0,1568,677,3122,6704,0,0,3,4804,4673,131,3122,1551,0,1835,135,1318,4853,,462,0,
336,INFEASIBLE,certified_no_adversarial_example,feasibility,false,false,false,false,,,,0.899864401,0.03293871879577637,0.0,0.0,0.852458906,0.5743442129999999,0.29462889300000006,0.2808537483215332,0.5578300129999999,0.278114693,0.045638191,9626,201,201,0,4031,0,1573,672,3149,5088,0,0,3,4804,4686,118,3149,1537,0,1807,120,1262,4756,,576,0,
337,INFEASIBLE,certified_no_adversarial_example,feasibility,false,false,false,false,,,,0.803338284,0.03276824951171875,0.0,0.0,0.753682876,0.45560591,0.304455855,0.2890918254852295,0.44922702099999995,0.29807696599999994,0.047879688,9626,209,209,0,4062,0,1572,666,3117,5749,0,0,3,4804,4662,142,3117,1545,0,1855,144,1358,4924,,586,0,
338,INFEASIBLE,certified_no_adversarial_example,feasibility,false,false,false,false,,,,0.787013856,0.05127382278442383,0.0,0.0,0.708880348,0.404380067,0.26315706699999997,0.24916481971740723,0.445723281,0.304500281,0.076361295,9626,174,174,0,4025,0,1588,675,3164,4525,0,0,3,4804,4697,107,3164,1533,0,1785,109,1218,4679,,925,0,
339,INFEASIBLE,certified_no_adversarial_example,feasibility,false,false,false,false,,,,1.015021608,0.021149635314941406,0.0,0.0,0.976471896,0.646038448,0.46900792300000016,0.4510359764099121,0.5074639729999998,0.33043344799999996,0.036746229,9626,255,255,0,4107,0,1544,696,3024,7762,0,0,3,4804,4642,162,3024,1618,0,1896,165,1440,5067,,169,0,
340,INFEASIBLE,certified_no_adversarial_example,feasibility,false,false,false,false,,,,0.920499309,0.03290581703186035,0.0,0.0,0.871409068,0.5691426079999999,0.39742053299999996,0.3809525966644287,0.473988535,0.30226646,0.047304091,9626,227,227,0,4052,0,1562,684,3101,6776,0,0,3,4804,4656,148,3101,1555,0,1867,150,1382,4966,,565,0,
341,SKIPPED_PREDICTED_IN_TARGETED,adversarial_example_found_or_best_known,feasibility,true,true,true,true,0.16197722870995257,-9.36350374037776;-4.73728072307982;-5.955382538277586;0.6623982775483936;-3.6996330114362963;0.5004210488384411;-2.457616954322277;-11.920484625312678;-6.050209075033795;-6.59785455868615,0.0;0.0;0.0;0.0;0.0;0.0;0.0;0.0;0.0;0.0;0.0;0.0;0.0;0.0;0.0;0.0;0.0;0.0;0.0;0.0;0.0;0.0;0.0;0.0;0.0;0.0;0.0;0.0;0.0;0.0;0.0;0.0;0.0;0.0;0.0;0.0;0.0;0.0;0.0;0.0;0.0;0.0;0.0;0.0;0.0;0.0;0.0;0.0;0.0;0.0;0.0;0.0;0.0;0.0;0.0;0.0;0.0;0.0;0.0;0.0;0.0;0.0;0.0;0.0;0.0;0.0;0.0;0.0;0.0;0.0;0.0;0.0;0.0;0.0;0.0;0.0;0.0;0.0;0.0;0.0;0.0;0.0;0.0;0.0;0.0;0.0;0.0;0.0;0.0;0.0;0.0;0.0;0.0;0.0;0.0;0.0;0.0;0.0;0.0;0.0;0.0;0.0;0.0;0.0;0.0;0.0;0.0;0.0;0.0;0.0;0.0;0.0;0.0;0.0;0.0;0.0;0.0;0.0;0.0;0.0;0.0;0.0;0.0;0.0;0.0;0.0;0.0;0.0;0.0;0.0;0.0;0.0;0.0;0.0;0.0;0.0;0.0;0.0;0.0;0.0;0.0;0.0;0.0;0.0;0.0;0.0;0.0;0.0;0.0;0.0;0.0;0.0;0.0;0.0;0.0;0.0;0.0;0.0;0.0;0.0;0.0;0.0;0.0;0.0;0.0;0.0;0.0;0.0;0.0;0.0;0.0;0.0;0.0;0.0;0.0;0.0;0.0;0.0;0.0;0.0;0.0;0.0;0.0;0.0;0.0;0.0;0.0;0.0;0.0;0.0;0.0;0.0;0.0;0.0;0.0;0.0;0.0;0.0;0.0;0.0;0.0;0.0;0.0;0.0;0.0;0.0;0.0;0.0;0.0;0.0;0.0;0.0;0.0;0.0;0.0;0.10196078431372549;0.11372549019607843;0.10196078431372549;0.0;0.0;0.0;0.0;0.0;0.0;0.0;0.0;0.0;0.0;0.0;0.0;0.0;0.0;0.0;0.0;0.0;0.0;0.0;0.0;0.0;0.0;0.0;0.0;0.24705882352941178;0.9411764705882353;0.9882352941176471;0.9372549019607843;0.24705882352941178;0.0;0.0;0.0;0.0;0.0;0.0;0.0;0.0;0.0;0.0;0.0;0.0;0.0;0.0;0.0;0.0;0.0;0.0;0.0;0.0;0.0;0.0;0.0;0.24705882352941178;0.6980392156862745;0.9921568627450981;0.9921568627450981;0.4392156862745098;0.0;0.0;0.0;0.0;0.0;0.0;0.0;0.0;0.0;0.0;0.0;0.0;0.0;0.0;0.0;0.0;0.0;0.0;0.0;0.0;0.0;0.0;0.0;0.0;0.3333333333333333;0.9882352941176471;0.9882352941176471;0.4392156862745098;0.0;0.0;0.0;0.0;0.0;0.0;0.0;0.0;0.0;0.0;0.0;0.0;0.0;0.10196078431372549;0.2235294117647059;0.17254901960784313;0.0;0.0;0.0;0.0;0.0;0.0;0.0;0.0;0.3333333333333333;0.9882352941176471;0.9882352941176471;0.8666666666666667;0.0;0.0;0.0;0.0;0.0;0.0;0.0;0.0;0.0;0.0;0.0;0.01568627450980392;0.4196078431372549;0.8117647058823529;0.9882352941176471;0.9137254901960784;0.6;0.11372549019607843;0.0;0.0;0.0;0.0;0.0;0.0;0.3333333333333333;0.9882352941176471;0.9882352941176471;0.615686274509804;0.0;0.0;0.0;0.0;0.0;0.0;0.0;0.0;0.0;0.0;0.43529411764705883;0.6;0.9882352941176471;0.9921568627450981;0.9882352941176471;0.9882352941176471;0.9882352941176471;0.9882352941176471;0.5529411764705883;0.058823529411764705;0.0;0.0;0.0;0.0;0.6392156862745098;0.9882352941176471;0.9882352941176471;0.4392156862745098;0.0;0.0;0.0;0.0;0.0;0.0;0.0;0.0;0.0;0.14901960784313725;0.8705882352941177;0.9921568627450981;0.9921568627450981;1.0;0.9921568627450981;0.9921568627450981;0.9921568627450981;0.9921568627450981;1.0;0.35294117647058826;0.0;0.0;0.0;0.0;0.8862745098039215;0.9921568627450981;0.8823529411764706;0.0;0.0;0.0;0.0;0.0;0.0;0.0;0.0;0.0;0.14901960784313725;0.8588235294117647;0.9882352941176471;0.9882352941176471;0.9882352941176471;0.9921568627450981;0.6901960784313725;0.9137254901960784;0.9882352941176471;0.9882352941176471;0.9921568627450981;0.9529411764705882;0.6862745098039216;0.0;0.0;0.396078431372549;0.9764705882352941;0.9882352941176471;0.6901960784313725;0.0;0.0;0.0;0.0;0.0;0.0;0.0;0.0;0.0;0.7490196078431373;0.9882352941176471;0.9882352941176471;0.8392156862745098;0.7647058823529411;0.2196078431372549;0.023529411764705882;0.16862745098039217;0.5843137254901961;0.8901960784313725;0.9921568627450981;0.9882352941176471;0.9372549019607843;0.403921568627451;0.2235294117647059;0.8705882352941177;0.9882352941176471;0.9372549019607843;0.2549019607843137;0.0;0.0;0.0;0.0;0.0;0.0;0.0;0.0;0.0;0.396078431372549;0.8745098039215686;0.7529411764705882;0.10980392156862745;0.0;0.0;0.0;0.0;0.0;0.1843137254901961;0.8823529411764706;0.9764705882352941;0.9882352941176471;0.9882352941176471;0.9882352941176471;0.9921568627450981;0.9882352941176471;0.4;0.0;0.0;0.0;0.0;0.0;0.0;0.0;0.0;0.0;0.0;0.0;0.0;0.0;0.0;0.0;0.0;0.0;0.0;0.0;0.0;0.0;0.5725490196078431;0.9882352941176471;0.9882352941176471;0.9882352941176471;0.9921568627450981;0.8;0.09803921568627451;0.0;0.0;0.0;0.0;0.0;0.0;0.0;0.0;0.0;0.0;0.0;0.0;0.0;0.0;0.0;0.0;0.0;0.0;0.0;0.0;0.0;0.18823529411764706;0.8980392156862745;0.9921568627450981;0.9921568627450981;1.0;0.10588235294117647;0.0;0.0;0.0;0.0;0.0;0.0;0.0;0.0;0.0;0.0;0.0;0.0;0.0;0.0;0.0;0.0;0.0;0.0;0.0;0.0;0.0;0.0;0.0;0.08235294117647059;0.10588235294117647;0.10588235294117647;0.10588235294117647;0.011764705882352941;0.0;0.0;0.0;0.0;0.0;0.0;0.0;0.0;0.0;0.0;0.0;0.0;0.0;0.0;0.0;0.0;0.0;0.0;0.0;0.0;0.0;0.0;0.0;0.0;0.0;0.0;0.0;0.0;0.0;0.0;0.0;0.0;0.0;0.0;0.0;0.0;0.0;0.0;0.0;0.0;0.0;0.0;0.0;0.0;0.0;0.0;0.0;0.0;0.0;0.0;0.0;0.0;0.0;0.0;0.0;0.0;0.0;0.0;0.0;0.0;0.0;0.0;0.0;0.0;0.0;0.0;0.0;0.0;0.0;0.0;0.0;0.0;0.0;0.0;0.0;0.0;0.0;0.0;0.0;0.0;0.0;0.0;0.0;0.0;0.0;0.0;0.0;0.0;0.0;0.0;0.0;0.0;0.0;0.0;0.0;0.0;0.0;0.0;0.0;0.0;0.0;0.0;0.0;0.0;0.0;0.0;0.0;0.0;0.0;0.0;0.0;0.0;0.0;0.0;0.0;0.0;0.0;0.0;0.0;0.0;0.0;0.0;0.0;0.0;0.0;0.0;0.0;0.0;0.0;0.0;0.0;0.0;0.0;0.0;0.0;0.0;0.0;0.0;0.0;0.0;0.0;0.0;0.0;0.0;0.0;0.0;0.0;0.0;0.0;0.0;0.0;0.0;0.0;0.0;0.0;0.0;0.0;0.0;0.0;0.0;0.0;0.0;0.0;0.0;0.0;0.0;0.0;0.0;0.0;0.0;0.0;0.0;0.0;0.0;0.0;0.0;0.0;0.0;0.0;0.0;0.0;0.0;0.0;0.0;0.0;0.0;0.0;0.0;0.0;0.0;0.0;0.0;0.0;0.0;0.0;0.0;0.0;0.0;0.0;0.0;0.0;0.0;0.0;0.0,0.003330866,0.0,0.0,0.0,,,,,,,,,,,,,,,,,,,,,,,,,,,,,,,,,,
342,INFEASIBLE,certified_no_adversarial_example,feasibility,false,false,false,false,,,,1.136816579,0.03373384475708008,0.0,0.0,1.084892395,0.765088474,0.5649864640000003,0.5430111885070801,0.5199059309999997,0.319803921,0.050176024,9626,314,314,0,4023,0,1514,629,3146,10215,0,0,3,4804,4628,176,3146,1482,0,1925,180,1498,5168,,448,0,
343,INFEASIBLE,certified_no_adversarial_example,feasibility,false,false,false,false,,,,0.704737736,0.029634475708007812,0.0,0.0,0.662138225,0.39395663599999997,0.251363397,0.23820018768310547,0.410774828,0.268181589,0.040805185,9626,159,159,0,3994,0,1595,649,3229,4270,0,0,3,4804,4718,86,3229,1489,0,1743,88,1134,4532,,550,0,
344,INFEASIBLE,certified_no_adversarial_example,feasibility,false,false,false,false,,,,0.97245906,0.03894805908203125,0.0,0.0,0.917038269,0.6177889449999999,0.42940922199999987,0.41172337532043457,0.4876290470000001,0.29924932400000004,0.053658415,9626,234,234,0,4082,0,1556,686,3068,8230,0,0,3,4804,4647,157,3068,1579,0,1882,157,1413,5020,,610,0,
345,INFEASIBLE,certified_no_adversarial_example,feasibility,false,false,false,false,,,,1.133600589,0.23224997520446777,0.0,0.0,0.884448168,0.578566522,0.4151065930000001,0.3975965976715088,0.46934157499999996,0.305881646,0.2473657,9626,255,255,0,4058,0,1547,660,3106,7786,0,0,3,4804,4652,152,3106,1546,0,1875,154,1398,4994,,902,0,
346,INFEASIBLE,certified_no_adversarial_example,feasibility,false,false,false,false,,,,0.653106704,0.011737823486328125,0.0,0.0,0.631306413,0.24784571300000002,0.10742432899999999,0.09755229949951172,0.523882084,0.3834607,0.020016246,9626,88,88,0,3987,0,1632,666,3253,1463,0,0,3,4804,4764,40,3253,1511,0,1648,40,945,4201,,389,0,
347,INFEASIBLE,certified_no_adversarial_example,feasibility,false,false,false,false,,,,0.843053273,0.04122042655944824,0.0,0.0,0.785305394,0.495515023,0.35600384299999993,0.3397350311279297,0.42930155100000006,0.289790371,0.055911985,9626,219,219,0,4058,0,1565,664,3120,5912,0,0,3,4804,4675,129,3120,1555,0,1826,129,1301,4824,,707,0,
348,INFEASIBLE,certified_no_adversarial_example,feasibility,false,false,false,false,,,,0.9271812,0.03684043884277344,0.0,0.0,0.874813102,0.538582203,0.36921538200000004,0.35318779945373535,0.5055977199999999,0.3362308989999999,0.050568543,9626,213,213,0,4094,0,1568,692,3059,5802,0,0,3,4804,4669,135,3059,1610,0,1842,138,1332,4878,,611,0,
349,INFEASIBLE,certified_no_adversarial_example,feasibility,false,false,false,false,,,,0.650889854,0.016797542572021484,0.0,0.0,0.621339962,0.34377256,0.213604878,0.2007136344909668,0.40773508399999997,0.27756740199999996,0.027784971,9626,158,158,0,3992,0,1596,639,3241,3607,0,0,3,4804,4720,84,3241,1479,0,1736,84,1121,4509,,432,0,
350,INFEASIBLE,certified_no_adversarial_example,feasibility,false,false,false,false,,,,0.73779753,0.04138040542602539,0.0,0.0,0.681711685,0.401851788,0.257156677,0.24296879768371582,0.424555008,0.279859897,0.054312477,9626,172,172,0,4034,0,1589,659,3172,4692,0,0,3,4804,4684,120,3172,1512,0,1811,122,1270,4770,,774,0,
351,INFEASIBLE,certified_no_adversarial_example,feasibility,false,false,false,false,,,,0.573079578,0.024831771850585938,0.0,0.0,0.536237838,0.267088901,0.154670529,0.14369678497314453,0.381567309,0.26914893700000003,0.035076449,9626,135,135,0,4000,0,1608,650,3233,2063,0,0,3,4804,4733,71,3233,1500,0,1715,75,1078,4433,,501,0,
352,INFEASIBLE,certified_no_adversarial_example,feasibility,false,false,false,false,,,,0.835416148,0.028353452682495117,0.0,0.0,0.791626266,0.49918092399999997,0.34665477899999997,0.3327796459197998,0.444971487,0.292445342,0.042014742,9626,189,189,0,4071,0,1580,705,3081,5742,0,0,3,4804,4683,121,3081,1602,0,1814,124,1276,4780,,485,0,
353,INFEASIBLE,certified_no_adversarial_example,feasibility,false,false,false,false,,,,1.068915367,0.0561063289642334,0.0,0.0,0.995925692,0.68159709,0.49634449,0.4782555103302002,0.499581202,0.314328602,0.071225215,9626,259,259,0,4106,0,1544,705,3012,8195,0,0,3,4804,4639,165,3012,1627,0,1901,167,1450,5085,,774,0,
354,INFEASIBLE,certified_no_adversarial_example,feasibility,false,false,false,false,,,,0.739690691,0.02019047737121582,0.0,0.0,0.705443412,0.422037363,0.26434668400000005,0.2507166862487793,0.441096728,0.28340604900000005,0.032473402,9626,162,162,0,4123,0,1593,695,3053,5055,0,0,3,4804,4691,113,3053,1638,0,1797,115,1242,4721,,453,0,
355,INFEASIBLE,certified_no_adversarial_example,feasibility,false,false,false,false,,,,0.741135529,0.025403261184692383,0.0,0.0,0.702053775,0.41065289400000005,0.265810504,0.2525291442871094,0.436243271,0.29140088099999994,0.037319288,9626,171,171,0,3996,0,1591,638,3230,4444,0,0,3,4804,4699,105,3230,1469,0,1781,107,1210,4665,,495,0,
356,INFEASIBLE,certified_no_adversarial_example,feasibility,false,false,false,false,,,,1.044584915,0.050488948822021484,0.0,0.0,0.977546556,0.684203905,0.3852070929999999,0.36838603019714355,0.5923394630000001,0.293342651,0.06528556,9626,245,245,0,4064,0,1551,663,3103,6924,0,0,3,4804,4653,151,3103,1550,0,1877,157,1402,4999,,685,0,
357,INFEASIBLE,certified_no_adversarial_example,feasibility,false,false,false,false,,,,0.889502149,0.03153657913208008,0.0,0.0,0.841507087,0.542372099,0.376561789,0.36148643493652344,0.464945298,0.29913498799999994,0.046220224,9626,207,207,0,4076,0,1571,685,3087,6060,0,0,3,4804,4671,133,3087,1584,0,1837,135,1322,4861,,569,0,
358,INFEASIBLE,certified_no_adversarial_example,feasibility,false,false,false,false,,,,0.67700971,0.029484272003173828,0.0,0.0,0.634162522,0.343255636,0.21941977399999998,0.20682454109191895,0.414742748,0.29090688600000003,0.041086265,9626,178,178,0,3968,0,1587,621,3272,3010,0,0,3,4804,4711,93,3272,1439,0,1757,95,1162,4581,,543,0,
359,INFEASIBLE,certified_no_adversarial_example,feasibility,false,false,false,false,,,,2.326961989,1.600100040435791,,0.0,0.713164781,0.42237782599999996,0.280612548,0.2666945457458496,0.432552233,0.29078695500000007,1.61203849,9626,199,199,0,4017,0,1572,653,3185,4817,0,0,3,4804,4701,103,3185,1516,0,1778,106,1204,4654,,1291,0,
360,OPTIMAL,adversarial_example_found_or_best_known,feasibility,true,true,true,true,-1.4210854715202004e-14,-11.730875835169172;-11.052736881166243;-8.761920547698862;-6.030333245306997;2.686589917382123;-6.777876544067189;-12.43089118775586;-7.965737532222239;-1.395497861946415;2.686589917382137,0.0;0.0;0.0;0.0;0.0;0.0;0.0;0.0;0.0;0.0;0.0;0.0;0.0;0.0;0.0;0.0;0.0;0.0;0.0;0.0;0.0;0.0;0.0;0.0;0.0;0.0;0.0;0.0;0.1;0.0;0.0;0.1;0.0;0.0;0.0;0.0;0.0;0.1;0.0;0.0;0.0;0.1;0.0;0.1;0.1;0.1;0.0;0.0;0.0;0.0;0.0;0.0;0.0;0.1;0.1;0.0;0.0;0.0;0.0;0.0;0.0;0.0;0.1;0.0;0.0;0.1;0.0;0.0;0.0;0.1;0.0;0.0;0.0;0.1;0.0;0.1;0.0;0.0;0.0;0.0;0.0;0.0;0.0;0.0;0.1;0.0;0.0;0.0;0.1;0.0;0.0;0.0;0.0;0.0;0.0;0.0;0.0;0.0;0.0;0.0;0.1;0.1;0.0;0.1;0.0;0.0;0.1;0.1;0.0;0.0;0.1;0.0;0.0;0.0;0.0;0.0;0.0;0.0;0.0;0.0;0.1;0.1;0.0;0.0;0.0;0.1;0.1;0.0;0.0;0.1;0.1;0.1;0.1;0.0;0.0;0.0;0.0;0.0;0.1;0.0;0.0;0.1;0.0;0.0;0.0;0.0;0.0;0.0;0.0;0.0;0.0;0.1;0.0;0.1;0.0;0.1;0.0;0.1;0.1;0.1;0.1;0.1;0.1;0.1;0.1;0.1;0.1;0.1;0.1;0.0;0.1;0.0;0.0;0.0;0.0;0.0;0.0;0.0;0.0;0.1;0.10439190243666072;0.12352941176470589;0.1;0.1;0.1;0.1;0.1;0.1;0.1;0.0;0.0;0.0;0.0;0.0;0.0;0.1;0.1;0.0;0.0;0.0;0.0;0.0;0.1;0.0;0.0;0.1;0.2019607843137255;0.49215686274509807;0.8736840995797359;0.8686274509803922;0.692156862745098;0.10499857223824333;0.0;0.0;0.1;0.0;0.1;0.1;0.0;0.0;0.0;0.0;0.0;0.1;0.0;0.0;0.0;0.0;0.0;0.0;0.0;0.0;0.0;0.1392156862745098;0.7156862745098039;0.8921568627450981;1.0;0.8921568627450981;1.0;0.6490196078431373;0.11960784313725491;0.1;0.1;0.0;0.1;0.1;0.0;0.0;0.0;0.0;0.0;0.1;0.1;0.0;0.1;0.0;0.0;0.0;0.0;0.1;0.14746037618104735;0.9588235294117646;0.8921568627450981;0.884313725490196;0.8891351065643243;1.0;0.8921568627450981;0.8921568627450981;0.10095391603085785;0.0;0.1;0.1;0.1;0.1;0.0;0.0;0.0;0.0;0.0;0.1;0.1;0.1;0.0;0.0;0.0;0.0;0.0;0.0;0.7431372549019608;1.0;0.884313725490196;0.37058823529411766;0.1;0.12745098039215685;0.8921568627450981;1.0;0.38627450980392153;0.0;0.0;0.0;0.0;0.1;0.1;0.0;0.0;0.0;0.0;0.1;0.1;0.1;0.1;0.1;0.0;0.0;0.0;0.2660087332825158;0.8921568627450981;0.8921568627450981;0.28135313387779676;0.1;0.1;0.0;0.7964544365814012;1.0;0.711764705882353;0.0;0.0;0.0;0.0;0.0;0.0;0.1;0.1;0.0;0.0;0.1;0.0;0.1;0.1;0.1;0.1;0.0;0.11960784313725491;0.7431372549019608;0.884313725490196;0.3784313725490196;0.0;0.0;0.0;0.1;0.7352941176470588;1.0;0.5980392156862745;0.0;0.0;0.0;0.0;0.0;0.0;0.1;0.1;0.0;0.0;0.1;0.0;0.1;0.1;0.1;0.1;0.0;0.7274509803921568;1.0;0.6361058277781874;0.0;0.0;0.0;0.1;0.0;0.7352941176470588;1.0;0.4326542860962697;0.1;0.0;0.307843137254902;0.27366915927871227;0.3156862745098039;0.25369179330244146;0.11568627450980393;0.10202015525408158;0.0;0.1;0.0;0.0;0.0;0.0;0.1;0.0;0.04901960784313725;0.8921568627450981;0.884313725490196;0.1549019607843137;0.0;0.0;0.1;0.0;0.0;0.8647058823529411;1.0;0.6058823529411765;0.884313725490196;0.6843137254901961;1.0;0.8921568627450981;0.8921568627450981;1.0;1.0;0.6528381834660563;0.0;0.0;0.1;0.1;0.0;0.0;0.1;0.0;0.11176470588235295;0.3319282520716137;0.19411764705882353;0.0;0.10192893413569615;0.18627450980392157;0.275269788986239;0.7549019607843137;1.0;1.0;1.0;1.0;0.8921568627450981;1.0;1.0;0.8921568627450981;1.0;1.0;1.0;1.0;0.1;0.1;0.0;0.0;0.0;0.0;0.1;0.1;0.0;0.6411764705882352;0.5588235294117647;0.5588235294117647;0.8647058823529411;1.0;0.8921568627450981;1.0;0.8921568627450981;1.0;1.0;1.0;1.0;1.0;1.0;1.0;0.8921568627450981;1.0;1.0;0.916349978663875;0.0;0.0;0.0;0.0;0.0;0.0;0.0;0.1;0.6513670225918535;0.8921568627450981;1.0;0.8921568627450981;0.8921568627450981;1.0;1.0;0.8921568627450981;1.0;0.8817719418842558;0.5162092141912669;0.707843137254902;0.8921568627450981;0.4176470588235295;0.24906295832092348;0.1158913020676219;0.9588235294117646;1.0;0.6996461082012612;0.27254901960784317;0.1;0.1;0.1;0.0;0.0;0.0;0.1;0.09730612956002888;0.9;1.0;0.7862745098039216;0.7862745098039216;0.6686274509803921;0.4137254901960784;0.7313725490196079;0.8568627450980393;0.5784313725490197;0.28431372549019607;0.0;0.09899596113981547;0.1392156862745098;0.0989444969660307;0.0;0.22549019607843138;0.8450980392156863;0.49607843137254903;0.0;0.0;0.1;0.1;0.1;0.1;0.0;0.0;0.0;0.0840558828919116;0.8019370052797022;0.8725490196078431;0.0;0.0;0.16370875312324082;0.6843137254901961;0.8450980392156863;0.3901960784313725;0.1;0.1;0.0;0.1;0.1;0.1;0.0;0.802635853121449;0.31742628565094977;0.0;0.0;0.1;0.1;0.1;0.1;0.1;0.0;0.0;0.1;0.0;0.0;0.09763743940242475;0.29607843137254897;0.46523554944503576;0.44509803921568625;0.4490196078431372;0.23725490196078433;0.0;0.1;0.1;0.0;0.0;0.1;0.1;0.1;0.0;0.0;0.0;0.0;0.0;0.1;0.1;0.1;0.1;0.0;0.1;0.0;0.0;0.0;0.1;0.0;0.1;0.0;0.0;0.0;0.0;0.0;0.0;0.1;0.0;0.1;0.0;0.1;0.0;0.0;0.0;0.0;0.1;0.03332287319041974;0.1;0.0;0.0;0.1;0.0;0.0;0.0;0.0;0.0;0.1;0.0;0.1;0.0;0.0;0.1;0.1;0.1;0.0;0.0;0.1;0.1;0.1;0.1;0.0;0.0;0.0;0.0;0.1;0.1;0.1;0.0;0.1;0.0;0.0;0.0;0.0;0.0;0.1;0.0;0.0;0.0;0.1;0.0;0.0;0.0;0.1;0.0;0.1;0.1;0.1;0.0;0.1;0.0;0.0;0.1;0.0;0.1;0.1;0.0;0.1;0.0;0.0;0.0;0.0;0.0;0.0;0.0;0.0;0.0;0.0;0.0;0.1;0.0;0.0;0.0;0.1;0.1;0.1;0.1;0.1;0.0;0.0;0.0;0.0;0.0;0.1;0.1;0.1;0.0;0.0;0.0;0.0;0.0;0.0;0.0;0.0;0.0;0.0;0.0;0.0;0.0;0.0;0.0;0.1;0.1;0.1;0.0;0.1;0.0;0.1;0.1;0.0;0.0;0.0;0.0;0.1;0.1;0.0;0.0;0.0;0.0;0.1;0.0;0.0;0.0;0.1;0.1;0.0;0.0;0.0;0.0;0.1;0.1;0.1;0.1;0.1;0.1;0.0;0.0;0.0;0.0;0.1;0.1;0.0;0.0;0.0;0.0;0.0;0.0;0.0;0.1;0.0;0.0;0.0;0.0;0.0;0.0;0.0;0.0;0.0;0.0;0.1;0.0;0.0;0.0;0.1;0.0;0.0;0.0;0.0,2.862329252,2.064016580581665,0.0,0.0,0.781926827,0.47161661099999996,0.3244657719999999,0.30968642234802246,0.45746105500000017,0.3103102160000001,2.076603396,9626,198,198,0,4068,0,1575,673,3112,5383,0,0,3,4804,4679,125,3112,1567,0,1818,125,1285,4796,1,13391,,0.0
361,INFEASIBLE,certified_no_adversarial_example,feasibility,false,false,false,false,,,,0.75541787,0.03252053260803223,0.0,0.0,0.708966167,0.4183848339999999,0.27053956999999995,0.2573275566101074,0.4384265970000001,0.2905813330000001,0.044697762,9626,174,174,0,4055,0,1587,683,3127,4776,0,0,3,4804,4693,111,3127,1566,0,1794,114,1236,4710,,603,0,
362,INFEASIBLE,certified_no_adversarial_example,feasibility,false,false,false,false,,,,0.826736942,0.03575754165649414,0.0,0.0,0.775857999,0.48679641599999995,0.32120998400000006,0.30603599548339844,0.4546480149999999,0.289061583,0.04914,9626,220,220,0,4062,0,1563,657,3124,5598,0,0,3,4804,4671,133,3124,1547,0,1837,135,1322,4861,,616,0,
363,INFEASIBLE,certified_no_adversarial_example,feasibility,false,false,false,false,,,,0.773186242,0.02609705924987793,0.0,0.0,0.732117869,0.45458545800000005,0.291235868,0.2767491340637207,0.44088200099999997,0.2775324109999999,0.039315245,9626,194,194,0,4054,0,1578,691,3109,5550,0,0,3,4804,4676,128,3109,1567,0,1828,131,1304,4829,,506,0,
364,INFEASIBLE,certified_no_adversarial_example,feasibility,false,false,false,false,,,,0.77336556,0.031580209732055664,0.0,0.0,0.727532231,0.45437557500000003,0.279992865,0.26587963104248047,0.447539366,0.27315665599999994,0.044083026,9626,201,201,0,4025,0,1574,667,3159,4721,0,0,3,4804,4685,119,3159,1526,0,1809,121,1266,4763,,575,0,
365,INFEASIBLE,certified_no_adversarial_example,feasibility,false,false,false,false,,,,1.098654759,0.04553103446960449,0.0,0.0,1.037384283,0.746943709,0.583648504,0.419999361038208,0.45373577899999995,0.290440574,0.059508991,9626,233,233,0,4067,0,1556,684,3086,6890,0,0,3,4804,4666,138,3086,1580,0,1849,142,1346,4902,,642,0,
366,INFEASIBLE,certified_no_adversarial_example,feasibility,false,false,false,false,,,,0.93448965,0.05037808418273926,0.0,0.0,0.868118735,0.556767314,0.3784698269999999,0.36159586906433105,0.4896489080000001,0.311351421,0.064599842,9626,242,242,0,4046,0,1553,666,3119,7104,0,0,3,4804,4657,147,3119,1538,0,1866,150,1380,4962,,749,0,
367,INFEASIBLE,certified_no_adversarial_example,feasibility,false,false,false,false,,,,1.124260344,0.2082080841064453,0.0,0.0,0.900054295,0.605501396,0.424060637,0.40662050247192383,0.475993658,0.29455289900000003,0.222435296,9626,267,267,0,4063,0,1540,655,3101,7677,0,0,3,4804,4653,151,3101,1552,0,1873,153,1394,4987,,962,0,
368,INFEASIBLE,certified_no_adversarial_example,feasibility,false,false,false,false,,,,0.846642297,0.04131793975830078,0.0,0.0,0.789188803,0.49796741400000005,0.34012383199999996,0.32337427139282227,0.4490649710000001,0.291221389,0.055667452,9626,247,247,0,4055,0,1550,695,3079,5121,0,0,3,4804,4658,146,3079,1579,0,1865,150,1378,4958,,590,0,
369,INFEASIBLE,certified_no_adversarial_example,feasibility,false,false,false,false,,,,0.733544977,0.026203632354736328,0.0,0.0,0.693301361,0.413020261,0.27323414,0.2594132423400879,0.42006722099999994,0.28028109999999995,0.038455109,9626,196,196,0,4030,0,1577,660,3163,4795,0,0,3,4804,4688,116,3163,1525,0,1803,118,1254,4742,,469,0,
370,INFEASIBLE,certified_no_adversarial_example,feasibility,false,false,false,false,,,,0.875339844,0.03519606590270996,0.0,0.0,0.823787437,0.522009466,0.36642571600000007,0.34966492652893066,0.45736172099999994,0.30177797100000003,0.049782677,9626,246,246,0,4040,0,1550,670,3120,6839,0,0,3,4804,4654,150,3120,1534,0,1873,154,1394,4986,,526,0,
371,INFEASIBLE,certified_no_adversarial_example,feasibility,false,false,false,false,,,,0.652342399,0.03209948539733887,0.0,0.0,0.607890705,0.34107361599999997,0.207207663,0.19571137428283691,0.400683042,0.266817089,0.042685742,9626,138,138,0,4003,0,1607,657,3221,3148,0,0,3,4804,4732,72,3221,1511,0,1716,75,1080,4437,,596,0,
372,INFEASIBLE,certified_no_adversarial_example,feasibility,false,false,false,false,,,,0.692618496,0.031087398529052734,0.0,0.0,0.647970081,0.373959975,0.22846307400000004,0.2154526710510254,0.41950700699999993,0.274010106,0.042886599,9626,171,171,0,4052,0,1584,681,3138,4263,0,0,3,4804,4701,103,3138,1563,0,1777,105,1202,4651,,740,0,
373,INFEASIBLE,certified_no_adversarial_example,feasibility,false,false,false,false,,,,1.097504926,0.0444028377532959,0.0,0.0,1.036205642,0.7343594170000001,0.5210731190000001,0.5022938251495361,0.515132523,0.301846225,0.059523763,9626,282,282,0,4063,0,1530,681,3070,9016,0,0,3,4804,4638,166,3070,1568,0,1903,168,1454,5092,,645,0,
374,INFEASIBLE,certified_no_adversarial_example,feasibility,false,false,false,false,,,,1.079330588,0.03699040412902832,0.0,0.0,1.025503443,0.726034021,0.41182347799999997,0.39514613151550293,0.6136799650000001,0.29946942200000004,0.0520648,9626,240,240,0,4090,0,1555,672,3069,7485,0,0,3,4804,4655,149,3069,1586,0,1873,155,1394,4985,,560,0,
375,INFEASIBLE,certified_no_adversarial_example,feasibility,false,false,false,false,,,,0.980352871,0.038323402404785156,0.0,0.0,0.899824703,0.5943769999999999,0.42575759599999996,0.40814828872680664,0.474067107,0.305447703,0.078779298,9626,259,259,0,4058,0,1547,663,3099,7841,0,0,3,4804,4640,164,3099,1541,0,1901,168,1450,5084,,547,0,
376,INFEASIBLE,certified_no_adversarial_example,feasibility,false,false,false,false,,,,0.921602233,0.03378772735595703,0.0,0.0,0.872075979,0.563565819,0.4003577500000002,0.38383936882019043,0.4717182289999998,0.30851016,0.047754932,9626,246,246,0,4059,0,1548,675,3098,6540,0,0,3,4804,4660,144,3098,1562,0,1861,148,1370,4944,,527,0,
377,SKIPPED_PREDICTED_IN_TARGETED,adversarial_example_found_or_best_known,feasibility,true,true,true,true,0.7384724000999636,-11.31621937437328;-9.62066281841146;-9.93916838203988;-4.053343232921428;5.287578958346149;-6.463668344440133;-15.955117081606602;-3.185804291541266;-5.4249607126192725;6.026051358446113,0.0;0.0;0.0;0.0;0.0;0.0;0.0;0.0;0.0;0.0;0.0;0.0;0.0;0.0;0.0;0.0;0.0;0.0;0.0;0.0;0.0;0.0;0.0;0.0;0.0;0.0;0.0;0.0;0.0;0.0;0.0;0.0;0.0;0.0;0.0;0.0;0.0;0.0;0.0;0.0;0.0;0.0;0.0;0.0;0.0;0.0;0.0;0.0;0.0;0.0;0.0;0.0;0.0;0.0;0.0;0.0;0.0;0.0;0.0;0.0;0.0;0.0;0.0;0.0;0.0;0.0;0.0;0.0;0.0;0.0;0.0;0.0;0.0;0.0;0.0;0.0;0.0;0.0;0.0;0.0;0.0;0.0;0.0;0.0;0.0;0.0;0.0;0.0;0.0;0.0;0.0;0.0;0.0;0.0;0.0;0.0;0.0;0.0;0.0;0.0;0.0;0.0;0.0;0.0;0.0;0.0;0.0;0.0;0.0;0.0;0.0;0.0;0.0;0.0;0.0;0.0;0.0;0.0;0.0;0.0;0.0;0.0;0.0;0.0;0.0;0.0;0.0;0.0;0.0;0.0;0.0;0.0;0.0;0.0;0.0;0.0;0.0;0.0;0.0;0.0;0.0;0.0;0.0;0.0;0.0;0.0;0.0;0.0;0.0;0.0;0.0;0.0;0.0;0.0;0.0;0.0;0.0;0.0;0.0;0.0;0.0;0.0;0.0;0.0;0.0;0.0;0.0;0.0;0.0;0.0;0.0;0.0;0.0;0.0;0.0;0.0;0.0;0.0;0.0;0.0;0.0;0.0;0.0;0.0;0.0;0.0;0.0;0.0;0.0;0.0;0.0;0.0;0.0;0.0;0.0;0.0;0.0;0.0;0.0;0.0;0.0;0.0;0.0;0.0;0.0;0.0;0.0;0.0;0.0;0.0;0.0;0.0;0.0;0.0;0.0;0.0;0.0;0.0;0.0;0.0;0.0;0.0;0.0;0.0;0.0;0.0;0.0;0.0;0.0;0.0;0.0;0.0;0.0;0.0;0.0;0.0;0.0;0.0;0.08627450980392157;0.08235294117647059;0.0;0.0;0.0;0.0;0.0;0.0;0.0;0.0;0.0;0.0;0.0;0.0;0.0;0.0;0.0;0.0;0.0;0.0;0.0;0.0;0.0;0.0;0.0;0.0;0.4470588235294118;0.6941176470588235;0.9490196078431372;0.9372549019607843;0.1411764705882353;0.0;0.0;0.0;0.0;0.0;0.0;0.0;0.0;0.0;0.0;0.0;0.0;0.0;0.0;0.0;0.0;0.0;0.0;0.0;0.0;0.023529411764705882;0.44313725490196076;0.5882352941176471;0.984313725490196;0.996078431372549;0.996078431372549;0.9137254901960784;0.12156862745098039;0.0;0.0;0.0;0.0;0.0;0.0;0.0;0.0;0.0;0.0;0.0;0.0;0.0;0.0;0.0;0.0;0.0;0.0;0.09411764705882353;0.3058823529411765;0.7647058823529411;0.996078431372549;0.996078431372549;0.984313725490196;0.8117647058823529;0.996078431372549;0.996078431372549;0.20392156862745098;0.0;0.0;0.0;0.0;0.0;0.0;0.0;0.0;0.0;0.0;0.0;0.0;0.0;0.0;0.0;0.0;0.0;0.25098039215686274;0.807843137254902;1.0;0.996078431372549;0.9803921568627451;0.8588235294117647;0.3686274509803922;0.1411764705882353;0.9294117647058824;0.996078431372549;0.20392156862745098;0.0;0.0;0.0;0.0;0.0;0.0;0.0;0.0;0.0;0.0;0.0;0.0;0.0;0.0;0.0;0.0;0.0;0.07450980392156863;0.5333333333333333;0.403921568627451;0.38823529411764707;0.03137254901960784;0.0;0.0;0.0;0.8392156862745098;0.996078431372549;0.28627450980392155;0.0;0.0;0.0;0.0;0.0;0.0;0.0;0.0;0.0;0.0;0.0;0.0;0.0;0.0;0.0;0.0;0.0;0.0;0.0;0.0;0.0;0.0;0.0;0.0;0.0;0.8392156862745098;0.996078431372549;0.28627450980392155;0.0;0.0;0.0;0.0;0.0;0.0;0.0;0.0;0.0;0.0;0.0;0.0;0.0;0.0;0.0;0.0;0.0;0.17647058823529413;0.5725490196078431;0.5725490196078431;0.5725490196078431;0.5725490196078431;0.5725490196078431;0.5725490196078431;0.5725490196078431;0.9294117647058824;0.996078431372549;0.6588235294117647;0.5725490196078431;0.5725490196078431;0.5725490196078431;0.5725490196078431;0.7725490196078432;0.9803921568627451;0.9803921568627451;0.9803921568627451;0.7450980392156863;0.0;0.0;0.0;0.0;0.0;0.0;0.0;0.0;0.9019607843137255;0.996078431372549;0.996078431372549;0.996078431372549;0.996078431372549;0.996078431372549;0.996078431372549;0.996078431372549;0.996078431372549;0.996078431372549;0.996078431372549;0.996078431372549;0.996078431372549;0.996078431372549;0.996078431372549;0.996078431372549;0.996078431372549;0.984313725490196;0.6509803921568628;0.2196078431372549;0.0;0.0;0.0;0.0;0.0;0.0;0.0;0.0;0.5411764705882353;0.8745098039215686;0.8745098039215686;0.8745098039215686;0.8745098039215686;0.8745098039215686;0.8745098039215686;0.8745098039215686;0.9294117647058824;0.996078431372549;0.8980392156862745;0.8745098039215686;0.7333333333333333;0.4196078431372549;0.1843137254901961;0.09803921568627451;0.058823529411764705;0.058823529411764705;0.0;0.0;0.0;0.0;0.0;0.0;0.0;0.0;0.0;0.0;0.0;0.0;0.0;0.0;0.0;0.0;0.0;0.0;0.30196078431372547;0.6901960784313725;0.1411764705882353;0.0;0.0;0.0;0.0;0.0;0.0;0.0;0.0;0.0;0.0;0.0;0.0;0.0;0.0;0.0;0.0;0.0;0.0;0.0;0.0;0.0;0.0;0.0;0.0;0.0;0.0;0.0;0.0;0.0;0.0;0.0;0.0;0.0;0.0;0.0;0.0;0.0;0.0;0.0;0.0;0.0;0.0;0.0;0.0;0.0;0.0;0.0;0.0;0.0;0.0;0.0;0.0;0.0;0.0;0.0;0.0;0.0;0.0;0.0;0.0;0.0;0.0;0.0;0.0;0.0;0.0;0.0;0.0;0.0;0.0;0.0;0.0;0.0;0.0;0.0;0.0;0.0;0.0;0.0;0.0;0.0;0.0;0.0;0.0;0.0;0.0;0.0;0.0;0.0;0.0;0.0;0.0;0.0;0.0;0.0;0.0;0.0;0.0;0.0;0.0;0.0;0.0;0.0;0.0;0.0;0.0;0.0;0.0;0.0;0.0;0.0;0.0;0.0;0.0;0.0;0.0;0.0;0.0;0.0;0.0;0.0;0.0;0.0;0.0;0.0;0.0;0.0;0.0;0.0;0.0;0.0;0.0;0.0;0.0;0.0;0.0;0.0;0.0;0.0;0.0;0.0;0.0;0.0;0.0;0.0;0.0;0.0;0.0;0.0;0.0;0.0;0.0;0.0;0.0;0.0;0.0;0.0;0.0;0.0;0.0;0.0;0.0;0.0;0.0;0.0;0.0;0.0;0.0;0.0;0.0;0.0;0.0;0.0;0.0;0.0;0.0;0.0;0.0;0.0;0.0;0.0;0.0;0.0;0.0;0.0;0.0;0.0;0.0;0.0;0.0;0.0;0.0;0.0;0.0;0.0;0.0;0.0;0.0;0.0;0.0;0.0;0.0;0.0;0.0;0.0;0.0;0.0;0.0;0.0;0.0;0.0;0.0;0.0;0.0;0.0;0.0;0.0;0.0;0.0;0.0;0.0;0.0;0.0;0.0;0.0;0.0;0.0;0.0;0.0;0.0;0.0;0.0;0.0;0.0;0.0;0.0;0.0;0.0;0.0;0.0;0.0;0.0;0.0;0.0;0.0;0.0;0.0;0.0;0.0;0.0;0.0;0.0;0.0;0.0;0.0;0.0;0.0;0.0;0.0;0.0;0.0;0.0;0.0,0.003294618,0.0,0.0,0.0,,,,,,,,,,,,,,,,,,,,,,,,,,,,,,,,,,
378,INFEASIBLE,certified_no_adversarial_example,feasibility,false,false,false,false,,,,0.646341074,0.028259754180908203,0.0,0.0,0.604491031,0.33651646599999996,0.21679351499999996,0.20409107208251953,0.387697516,0.26797456500000005,0.040107835,9626,164,164,0,3978,0,1595,640,3249,3546,0,0,3,4804,4711,93,3249,1462,0,1757,95,1162,4581,,511,0,
379,INFEASIBLE,certified_no_adversarial_example,feasibility,false,false,false,false,,,,0.643509326,0.023701190948486328,0.0,0.0,0.605955266,0.345502626,0.20361510500000002,0.1905968189239502,0.40234016100000003,0.26045264000000007,0.035760367,9626,145,145,0,3985,0,1604,641,3251,3489,0,0,3,4804,4717,87,3251,1466,0,1747,91,1142,4545,,449,0,
380,INFEASIBLE,certified_no_adversarial_example,feasibility,false,false,false,false,,,,0.750862951,0.024448394775390625,0.0,0.0,0.71238893,0.41853169599999995,0.27449115900000004,0.2598421573638916,0.437897771,0.2938572340000001,0.036671571,9626,185,185,0,4034,0,1580,663,3164,4922,0,0,3,4804,4696,108,3164,1532,0,1784,108,1217,4677,,539,0,
381,INFEASIBLE,certified_no_adversarial_example,feasibility,false,false,false,false,,,,0.84593478,0.02274775505065918,0.0,0.0,0.807677236,0.50042623,0.3371105199999999,0.3206205368041992,0.47056671600000005,0.307251006,0.036486262,9626,209,209,0,4076,0,1569,703,3069,6361,0,0,3,4804,4669,135,3069,1600,0,1838,135,1325,4866,,511,0,
382,SKIPPED_PREDICTED_IN_TARGETED,adversarial_example_found_or_best_known,feasibility,true,true,true,true,0.8035999846533031,-6.5366797110128925;-7.846000956749322;0.9836872109167376;3.146723197789054;-8.79486037981519;-6.480337466701446;-13.181225210672011;3.9503231824423573;-5.19205743912975;-3.8832690527601956,0.0;0.0;0.0;0.0;0.0;0.0;0.0;0.0;0.0;0.0;0.0;0.0;0.0;0.0;0.0;0.0;0.0;0.0;0.0;0.0;0.0;0.0;0.0;0.0;0.0;0.0;0.0;0.0;0.0;0.0;0.0;0.0;0.0;0.0;0.0;0.0;0.0;0.0;0.0;0.0;0.0;0.0;0.0;0.0;0.0;0.0;0.0;0.0;0.0;0.0;0.0;0.0;0.0;0.0;0.0;0.0;0.0;0.0;0.0;0.0;0.0;0.0;0.0;0.0;0.29411764705882354;0.7764705882352941;0.16470588235294117;0.0;0.0;0.0;0.0;0.0;0.0;0.0;0.0;0.0;0.0;0.0;0.0;0.0;0.0;0.0;0.0;0.0;0.0;0.0;0.0;0.0;0.0;0.0;0.0;0.0;0.8313725490196079;0.996078431372549;0.792156862745098;0.06666666666666667;0.0;0.0;0.0;0.0;0.0;0.0;0.0;0.0;0.0;0.0;0.0;0.0;0.0;0.0;0.0;0.0;0.0;0.0;0.0;0.0;0.0;0.0;0.0;0.0;0.9490196078431372;0.8274509803921568;0.6274509803921569;0.0392156862745098;0.0;0.0;0.0;0.0;0.0;0.0;0.0;0.0;0.0;0.0;0.0;0.0;0.0;0.0;0.0;0.0;0.0;0.0;0.0;0.0;0.0;0.0;0.0;0.08235294117647059;0.9647058823529412;0.7254901960784313;0.0;0.0;0.0;0.0;0.0;0.0;0.0;0.0;0.0;0.0;0.0;0.0;0.0;0.0;0.0;0.0;0.0;0.0;0.0;0.0;0.0;0.0;0.0;0.0;0.0;0.6039215686274509;0.996078431372549;0.5411764705882353;0.0;0.0;0.0;0.0;0.0;0.0;0.0;0.0;0.0;0.0;0.0;0.0;0.0;0.0;0.0;0.0;0.0;0.0;0.0;0.0;0.0;0.0;0.0;0.0;0.0;0.8235294117647058;0.9058823529411765;0.27058823529411763;0.0;0.0;0.0;0.0;0.0;0.0;0.0;0.0;0.0;0.0;0.0;0.0;0.0;0.0;0.0;0.0;0.0;0.0;0.0;0.0;0.0;0.0;0.0;0.0;0.0;0.6627450980392157;0.996078431372549;0.2901960784313726;0.0;0.0;0.0;0.0;0.0;0.0;0.0;0.0;0.0;0.0;0.0;0.0;0.0;0.0;0.0;0.0;0.0;0.0;0.0;0.0;0.0;0.0;0.0;0.0;0.0;0.23137254901960785;0.9803921568627451;0.2235294117647059;0.0;0.0;0.0;0.0;0.0;0.0;0.0;0.0;0.0;0.0;0.0;0.0;0.0;0.0;0.0;0.0;0.0;0.0;0.0;0.0;0.0;0.0;0.0;0.0;0.0;0.23529411764705882;0.9882352941176471;0.24705882352941178;0.0;0.0;0.0;0.0;0.0;0.0;0.0;0.0;0.0;0.0;0.0;0.0;0.0;0.0;0.0;0.0;0.0;0.0;0.0;0.0;0.0;0.0;0.0;0.0;0.0;0.10196078431372549;0.9647058823529412;0.4627450980392157;0.0;0.0;0.0;0.0;0.0;0.0;0.0;0.0;0.0;0.0;0.0;0.3568627450980392;0.050980392156862744;0.0;0.0;0.0;0.0;0.0;0.0;0.0;0.0;0.0;0.0;0.0;0.0;0.0;0.9490196078431372;0.7411764705882353;0.0;0.0;0.0;0.0;0.0;0.0;0.0;0.0;0.0;0.0;0.0;0.611764705882353;0.5686274509803921;0.0;0.0;0.0;0.0;0.0;0.0;0.0;0.0;0.0;0.0;0.0;0.0;0.0;0.6274509803921569;0.7411764705882353;0.0;0.0;0.0;0.0;0.0;0.0;0.0;0.0;0.0;0.0;0.2196078431372549;0.9490196078431372;0.7411764705882353;0.0;0.0;0.0;0.0;0.0;0.0;0.0;0.0;0.0;0.0;0.0;0.0;0.0;0.27450980392156865;0.9450980392156862;0.06666666666666667;0.0;0.29411764705882354;0.396078431372549;0.0196078431372549;0.0;0.0;0.0;0.0;0.0;0.5607843137254902;0.996078431372549;0.5843137254901961;0.0;0.0;0.0;0.0;0.0;0.0;0.0;0.0;0.0;0.0;0.0;0.0;0.0;0.27450980392156865;0.996078431372549;0.23529411764705882;0.023529411764705882;0.8941176470588236;0.996078431372549;0.6392156862745098;0.07450980392156863;0.0;0.0;0.0;0.10196078431372549;0.9450980392156862;0.996078431372549;0.28627450980392155;0.0;0.0;0.0;0.0;0.0;0.0;0.0;0.0;0.0;0.0;0.0;0.0;0.0;0.06666666666666667;0.9215686274509803;0.5647058823529412;0.14901960784313725;0.9568627450980393;0.996078431372549;0.9686274509803922;0.5843137254901961;0.01568627450980392;0.0;0.0;0.4549019607843137;0.996078431372549;0.8313725490196079;0.16470588235294117;0.0;0.0;0.0;0.0;0.0;0.0;0.0;0.0;0.0;0.0;0.0;0.0;0.0;0.0;0.4588235294117647;0.9372549019607843;0.6862745098039216;0.996078431372549;0.8196078431372549;0.28627450980392155;0.8784313725490196;0.28627450980392155;0.0;0.043137254901960784;0.8588235294117647;0.996078431372549;0.6078431372549019;0.0;0.0;0.0;0.0;0.0;0.0;0.0;0.0;0.0;0.0;0.0;0.0;0.0;0.0;0.0;0.1568627450980392;0.8313725490196079;0.996078431372549;0.996078431372549;0.9254901960784314;0.09411764705882353;0.6823529411764706;0.9607843137254902;0.16470588235294117;0.3686274509803922;0.996078431372549;0.996078431372549;0.47843137254901963;0.0;0.0;0.0;0.0;0.0;0.0;0.0;0.0;0.0;0.0;0.0;0.0;0.0;0.0;0.0;0.0;0.24705882352941178;0.7176470588235294;0.9294117647058824;0.4117647058823529;0.0;0.047058823529411764;0.7411764705882353;0.8666666666666667;0.9372549019607843;0.996078431372549;0.9372549019607843;0.0784313725490196;0.0;0.0;0.0;0.0;0.0;0.0;0.0;0.0;0.0;0.0;0.0;0.0;0.0;0.0;0.0;0.0;0.0;0.44313725490196076;0.9882352941176471;0.35294117647058826;0.0;0.0;0.19215686274509805;0.6823529411764706;1.0;0.9686274509803922;0.3843137254901961;0.0;0.0;0.0;0.0;0.0;0.0;0.0;0.0;0.0;0.0;0.0;0.0;0.0;0.0;0.0;0.0;0.0;0.0;0.07450980392156863;0.2627450980392157;0.0;0.0;0.0;0.0;0.08235294117647059;0.8901960784313725;0.6;0.0;0.0;0.0;0.0;0.0;0.0;0.0;0.0;0.0;0.0;0.0;0.0;0.0;0.0;0.0;0.0;0.0;0.0;0.0;0.0;0.0;0.0;0.0;0.0;0.0;0.0;0.0;0.0;0.0;0.0;0.0;0.0;0.0;0.0;0.0;0.0;0.0;0.0;0.0;0.0;0.0;0.0;0.0;0.0;0.0;0.0;0.0;0.0;0.0;0.0;0.0;0.0;0.0;0.0;0.0;0.0;0.0;0.0;0.0;0.0;0.0;0.0;0.0;0.0;0.0;0.0;0.0;0.0;0.0;0.0;0.0;0.0;0.0;0.0;0.0;0.0;0.0;0.0;0.0;0.0;0.0;0.0;0.0;0.0;0.0;0.0;0.0;0.0;0.0;0.0;0.0;0.0;0.0;0.0;0.0;0.0;0.0;0.0;0.0;0.0;0.0;0.0;0.0;0.0;0.0;0.0;0.0;0.0;0.0;0.0;0.0;0.0;0.0;0.0;0.0;0.0;0.0;0.0;0.0;0.0;0.0;0.0;0.0;0.0;0.0;0.0;0.0;0.0;0.0;0.0;0.0;0.0;0.0;0.0;0.0;0.0;0.0;0.0;0.0;0.0;0.0;0.0;0.0;0.0;0.0;0.0;0.0;0.0;0.0;0.0;0.0;0.0;0.0;0.0;0.0;0.0;0.0;0.0;0.0;0.0;0.0;0.0;0.0;0.0;0.0;0.0;0.0;0.0;0.0;0.0;0.0;0.0;0.0;0.0;0.0;0.0,0.003309977,0.0,0.0,0.0,,,,,,,,,,,,,,,,,,,,,,,,,,,,,,,,,,
383,INFEASIBLE,certified_no_adversarial_example,feasibility,false,false,false,false,,,,0.683444019,0.03357505798339844,0.0,0.0,0.637026764,0.344732102,0.21686463100000003,0.2037811279296875,0.420162133,0.29229466200000004,0.044684025,9626,143,143,0,4057,0,1604,683,3139,3070,0,0,3,4804,4725,79,3139,1586,0,1730,82,1108,4486,,627,0,
384,INFEASIBLE,certified_no_adversarial_example,feasibility,false,false,false,false,,,,0.702819076,0.03030562400817871,0.0,0.0,0.659385074,0.37593845600000003,0.23926237499999997,0.22552800178527832,0.42012269900000004,0.283446618,0.041673541,9626,184,184,0,3992,0,1583,648,3219,3674,0,0,3,4804,4712,92,3219,1493,0,1755,94,1158,4574,,616,0,
385,INFEASIBLE,certified_no_adversarial_example,feasibility,false,false,false,false,,,,0.949444403,0.03151822090148926,0.0,0.0,0.901713251,0.576878698,0.4014065779999999,0.38483357429504395,0.5003066730000001,0.32483455299999997,0.045981462,9626,239,239,0,4085,0,1554,677,3071,7864,0,0,3,4804,4642,162,3071,1571,0,1892,162,1433,5055,,577,0,
386,INFEASIBLE,certified_no_adversarial_example,feasibility,false,false,false,false,,,,0.769824861,0.027698993682861328,0.0,0.0,0.729386229,0.46792502999999996,0.20240032700000005,0.19005584716796875,0.5269859020000001,0.2614611990000001,0.038691762,9626,149,149,0,3969,0,1601,642,3265,2888,0,0,3,4804,4726,78,3265,1461,0,1728,81,1104,4479,,561,0,
387,INFEASIBLE,certified_no_adversarial_example,feasibility,false,false,false,false,,,,0.758739134,0.03573250770568848,0.0,0.0,0.707542165,0.42357168900000003,0.280341388,0.26581525802612305,0.427200777,0.28397047599999997,0.049432516,9626,200,200,0,4038,0,1574,665,3149,5300,0,0,3,4804,4686,118,3149,1537,0,1807,120,1262,4756,,563,0,
388,INFEASIBLE,certified_no_adversarial_example,feasibility,false,false,false,false,,,,1.035083781,0.05408143997192383,0.0,0.0,0.964372534,0.6678145180000001,0.4681820379999999,0.45116090774536133,0.4961904960000001,0.29655801599999987,0.068933523,9626,257,257,0,4026,0,1544,648,3151,7815,0,0,3,4804,4658,146,3151,1507,0,1865,150,1378,4958,,742,0,
389,INFEASIBLE,certified_no_adversarial_example,feasibility,false,false,false,false,,,,0.666755366,0.03589463233947754,0.0,0.0,0.617789067,0.34046413,0.21868613300000003,0.20615935325622559,0.39910293399999996,0.27732493700000005,0.047210055,9626,169,169,0,3988,0,1591,633,3245,3593,0,0,3,4804,4710,94,3245,1465,0,1759,96,1166,4588,,665,0,
390,INFEASIBLE,certified_no_adversarial_example,feasibility,false,false,false,false,,,,0.628398285,0.017544031143188477,0.0,0.0,0.598179466,0.331894823,0.19358193499999993,0.18159151077270508,0.4045975310000001,0.26628464300000004,0.028462966,9626,147,147,0,4031,0,1601,673,3174,2930,0,0,3,4804,4722,82,3174,1548,0,1735,84,1118,4504,,421,0,
391,INFEASIBLE,certified_no_adversarial_example,feasibility,false,false,false,false,,,,0.985894792,0.032830238342285156,0.0,0.0,0.937652305,0.636984871,0.31354422600000004,0.298811674118042,0.624108079,0.30066743399999996,0.046441309,9626,211,210,0,4100,0,1571,677,3067,4711,0,0,3,4804,4669,135,3067,1602,0,1843,139,1334,4881,,533,0,
392,INFEASIBLE,certified_no_adversarial_example,feasibility,false,false,false,false,,,,0.932638053,0.18253111839294434,0.0,0.0,0.733576945,0.446870801,0.29623055400000003,0.28124213218688965,0.437346391,0.28670614400000005,0.197272443,9626,193,193,0,4091,0,1579,681,3082,5130,0,0,3,4804,4674,130,3082,1592,0,1831,132,1310,4840,,743,0,
393,INFEASIBLE,certified_no_adversarial_example,feasibility,false,false,false,false,,,,0.93670334,0.03777933120727539,0.0,0.0,0.883116619,0.5860016860000001,0.41667360800000014,0.40047121047973633,0.4664430109999999,0.2971149329999999,0.051773349,9626,240,240,0,4034,0,1553,656,3143,7607,0,0,3,4804,4665,139,3143,1522,0,1849,141,1346,4903,,636,0,
394,INFEASIBLE,certified_no_adversarial_example,feasibility,false,false,false,false,,,,0.620271297,0.02113175392150879,0.0,0.0,0.586350062,0.325702996,0.19968168100000003,0.18788886070251465,0.3866683809999999,0.2606470659999999,0.032185619,9626,154,154,0,3985,0,1600,645,3242,2957,0,0,3,4804,4718,86,3242,1476,0,1744,89,1136,4535,,435,0,
395,INFEASIBLE,certified_no_adversarial_example,feasibility,false,false,false,false,,,,1.372196093,0.2525906562805176,0.0,0.0,1.102424665,0.804841253,0.4669896770000001,0.44939613342285156,0.6354349879999999,0.29758341200000005,0.268010274,9626,278,278,0,4034,0,1534,636,3144,9197,0,0,3,4804,4638,166,3144,1494,0,1903,168,1454,5092,,1159,0,
396,INFEASIBLE,certified_no_adversarial_example,feasibility,false,false,false,false,,,,0.969328037,0.03455328941345215,0.0,0.0,0.917244764,0.61250655,0.43693959400000004,0.4195270538330078,0.48030516999999995,0.304738214,0.05031702,9626,266,266,0,4080,0,1536,674,3070,8361,0,0,3,4804,4642,162,3070,1572,0,1896,165,1440,5067,,524,0,
397,INFEASIBLE,certified_no_adversarial_example,feasibility,false,false,false,false,,,,0.787675479,0.02212691307067871,0.0,0.0,0.751150672,0.469350731,0.278326544,0.26456642150878906,0.47282412799999995,0.28179994099999994,0.034778381,9626,185,185,0,4065,0,1583,664,3129,5631,0,0,3,4804,4685,119,3129,1556,0,1809,121,1266,4763,,472,0,
398,INFEASIBLE,certified_no_adversarial_example,feasibility,false,false,false,false,,,,0.796346294,0.022447586059570312,0.0,0.0,0.759751695,0.47925610700000004,0.334625167,0.30324530601501465,0.42512652799999995,0.2804955879999999,0.034848282,9626,166,166,0,4041,0,1591,690,3138,5645,0,0,3,4804,4685,119,3138,1547,0,1809,121,1266,4763,,456,0,
399,INFEASIBLE,certified_no_adversarial_example,feasibility,false,false,false,false,,,,0.685813299,0.022748231887817383,0.0,0.0,0.649636546,0.362333098,0.23629899299999996,0.2230224609375,0.413337553,0.28730344799999996,0.034433753,9626,175,175,0,4029,0,1588,670,3164,4086,0,0,3,4804,4698,106,3164,1534,0,1780,106,1209,4663,,502,0,
400,INFEASIBLE,certified_no_adversarial_example,feasibility,false,false,false,false,,,,0.679481944,0.024274587631225586,0.0,0.0,0.641259182,0.369562364,0.23182062800000003,0.21898412704467773,0.40943855399999995,0.271696818,0.036259729,9626,178,178,0,4038,0,1586,679,3145,3365,0,0,3,4804,4701,103,3145,1556,0,1778,106,1204,4654,,489,0,
401,INFEASIBLE,certified_no_adversarial_example,feasibility,false,false,false,false,,,,0.844460238,0.018237590789794922,0.0,0.0,0.810532578,0.513623695,0.3607767470000001,0.34514546394348145,0.4497558309999999,0.29690888299999996,0.032157981,9626,231,231,0,4088,0,1555,672,3080,6482,0,0,3,4804,4662,142,3080,1582,0,1857,146,1362,4930,,169,0,
402,INFEASIBLE,certified_no_adversarial_example,feasibility,false,false,false,false,,,,0.828386383,0.04455828666687012,0.0,0.0,0.768819518,0.481222896,0.3321312390000001,0.3172452449798584,0.43668827899999996,0.287596622,0.057791665,9626,210,210,0,4048,0,1567,665,3136,6490,0,0,3,4804,4672,132,3136,1536,0,1835,134,1318,4854,,751,0,
403,INFEASIBLE,certified_no_adversarial_example,feasibility,false,false,false,false,,,,1.041602153,0.055408477783203125,0.0,0.0,0.968381726,0.649912475,0.472482347,0.4540135860443115,0.49589937900000003,0.318469251,0.071454784,9626,274,274,0,4094,0,1536,702,3020,8629,0,0,3,4804,4624,180,3020,1604,0,1931,182,1510,5190,,753,0,
404,INFEASIBLE,certified_no_adversarial_example,feasibility,false,false,false,false,,,,1.571952921,0.5651450157165527,,0.0,0.990606821,0.562415407,0.38754071500000004,0.37204861640930176,0.603066106,0.42819141399999994,0.579564327,9626,217,217,0,4057,0,1568,664,3120,7642,0,0,3,4804,4651,153,3120,1531,0,1879,157,1406,5007,,1392,0,
405,INFEASIBLE,certified_no_adversarial_example,feasibility,false,false,false,false,,,,1.064004314,0.20952630043029785,0.0,0.0,0.8380601,0.54651583,0.38695125099999994,0.3712890148162842,0.45110884900000003,0.29154426999999994,0.22416658,9626,218,218,0,4051,0,1566,675,3116,7391,0,0,3,4804,4670,134,3116,1554,0,1839,136,1326,4868,,878,0,
406,INFEASIBLE,certified_no_adversarial_example,feasibility,false,false,false,false,,,,0.72171883,0.023921489715576172,0.0,0.0,0.683928302,0.36467442,0.223625998,0.21014833450317383,0.460302304,0.319253882,0.036006942,9626,181,181,0,4071,0,1585,692,3097,3454,0,0,3,4804,4695,109,3097,1598,0,1786,109,1221,4684,,535,0,
407,INFEASIBLE,certified_no_adversarial_example,feasibility,false,false,false,false,,,,1.389074263,0.636404275894165,,0.0,0.737314391,0.44542922999999995,0.28913881700000005,0.27479028701782227,0.4481755739999999,0.291885161,0.649997917,9626,188,188,0,4122,0,1580,694,3042,5610,0,0,3,4804,4669,135,3042,1627,0,1843,139,1334,4881,,1241,0,
408,INFEASIBLE,certified_no_adversarial_example,feasibility,false,false,false,false,,,,0.718291362,0.026738882064819336,0.0,0.0,0.677782911,0.388115314,0.250602244,0.23732924461364746,0.427180667,0.289667597,0.038689078,9626,181,181,0,4077,0,1585,694,3089,3756,0,0,3,4804,4699,105,3089,1610,0,1781,107,1210,4665,,558,0,
409,INFEASIBLE,certified_no_adversarial_example,feasibility,false,false,false,false,,,,0.974348656,0.04633212089538574,0.0,0.0,0.911343451,0.616887784,0.434696587,0.4185614585876465,0.476646864,0.29445566700000003,0.061248781,9626,245,245,0,4070,0,1554,682,3075,7890,0,0,3,4804,4644,160,3075,1569,0,1892,163,1432,5053,,668,0,
410,INFEASIBLE,certified_no_adversarial_example,feasibility,false,false,false,false,,,,0.562700971,0.014357328414916992,0.0,0.0,0.536660349,0.287469309,0.159420402,0.1489090919494629,0.3772399470000001,0.24919104000000003,0.024268007,9626,117,117,0,3993,0,1617,660,3239,2752,0,0,3,4804,4736,68,3239,1497,0,1704,68,1057,4397,,410,0,
411,INFEASIBLE,certified_no_adversarial_example,feasibility,false,false,false,false,,,,0.666227571,0.021758556365966797,0.0,0.0,0.631498073,0.362455709,0.22014512799999997,0.2075498104095459,0.4113529450000001,0.26904236400000003,0.032982772,9626,170,170,0,4024,0,1590,669,3173,3757,0,0,3,4804,4709,95,3173,1536,0,1761,97,1170,4595,,504,0,
412,INFEASIBLE,certified_no_adversarial_example,feasibility,false,false,false,false,,,,0.626486093,0.023317575454711914,0.0,0.0,0.591005372,0.330763126,0.19771831700000003,0.1859738826751709,0.393287055,0.260242246,0.033727293,9626,145,145,0,4003,0,1603,644,3231,3438,0,0,3,4804,4724,80,3231,1493,0,1728,80,1105,4481,,520,0,
413,INFEASIBLE,certified_no_adversarial_example,feasibility,false,false,false,false,,,,0.740708868,0.057842254638671875,0.0,0.0,0.670044626,0.395687114,0.22048052100000004,0.20775103569030762,0.449564105,0.274357512,0.068905563,9626,161,161,0,4103,0,1592,706,3064,3901,0,0,3,4804,4708,96,3064,1644,0,1760,96,1169,4593,,629,0,
414,INFEASIBLE,certified_no_adversarial_example,feasibility,false,false,false,false,,,,0.848163491,0.04101300239562988,0.0,0.0,0.793177853,0.37953719899999994,0.242196072,0.2295389175415039,0.550981781,0.41364065400000005,0.05323101,9626,164,164,0,4068,0,1595,685,3114,4288,0,0,3,4804,4693,111,3114,1579,0,1793,113,1234,4707,,776,0,
415,INFEASIBLE,certified_no_adversarial_example,feasibility,false,false,false,false,,,,1.077437038,0.1978905200958252,0.0,0.0,0.865041915,0.552054389,0.382764193,0.3678884506225586,0.4822777220000001,0.312987526,0.210564482,9626,209,209,0,4029,0,1570,639,3179,6988,0,0,3,4804,4686,118,3179,1507,0,1807,120,1262,4756,,899,0,
416,INFEASIBLE,certified_no_adversarial_example,feasibility,false,false,false,false,,,,0.682817885,0.029725074768066406,0.0,0.0,0.640310743,0.35543253999999996,0.220563401,0.2079017162322998,0.419747342,0.28487820300000005,0.040734851,9626,168,168,0,4021,0,1590,657,3190,3555,0,0,3,4804,4707,97,3190,1517,0,1762,97,1173,4600,,623,0,
417,INFEASIBLE,certified_no_adversarial_example,feasibility,false,false,false,false,,,,0.555991918,0.014702081680297852,0.0,0.0,0.529685077,0.277538774,0.15633652,0.14567041397094727,0.373348557,0.252146303,0.024566129,9626,127,127,0,3989,0,1613,658,3239,2308,0,0,3,4804,4734,70,3239,1495,0,1708,70,1065,4411,,424,0,
418,INFEASIBLE,certified_no_adversarial_example,feasibility,false,false,false,false,,,,0.80936809,0.057004690170288086,0.0,0.0,0.737420931,0.466653047,0.306322951,0.2911088466644287,0.43109797999999994,0.27076788399999996,0.070200973,9626,223,223,0,4036,0,1560,641,3166,5522,0,0,3,4804,4685,119,3166,1519,0,1811,123,1270,4769,,851,0,
419,INFEASIBLE,certified_no_adversarial_example,feasibility,false,false,false,false,,,,1.000864155,0.03399205207824707,0.0,0.0,0.950572736,0.6337877140000001,0.4663579830000001,0.448718786239624,0.48421475299999994,0.3167850219999999,0.048505928,9626,263,263,0,4064,0,1538,654,3107,8370,0,0,3,4804,4652,152,3107,1545,0,1876,155,1400,4997,,545,0,
420,INFEASIBLE,certified_no_adversarial_example,feasibility,false,false,false,false,,,,0.765961098,0.05394864082336426,0.0,0.0,0.698069052,0.417658561,0.27801831399999993,0.26462531089782715,0.4200507380000001,0.28041049100000004,0.066123949,9626,189,189,0,3981,0,1582,629,3245,5181,0,0,3,4804,4694,110,3245,1449,0,1792,113,1232,4703,,865,0,
421,INFEASIBLE,certified_no_adversarial_example,feasibility,false,false,false,false,,,,0.928330762,0.14410066604614258,0.0,0.0,0.76868756,0.47951637599999997,0.33387808500000005,0.3189818859100342,0.434809475,0.2891711840000001,0.157887537,9626,215,215,0,4016,0,1569,654,3172,6383,0,0,3,4804,4669,135,3172,1497,0,1843,139,1334,4881,,718,0,
422,INFEASIBLE,certified_no_adversarial_example,feasibility,false,false,false,false,,,,0.992515882,0.056226491928100586,0.0,0.0,0.920185127,0.603661793,0.42748063199999997,0.4103367328643799,0.492704495,0.316523334,0.070567746,9626,262,262,0,4051,0,1541,688,3084,7083,0,0,3,4804,4657,147,3084,1573,0,1869,153,1386,4971,,773,0,
423,INFEASIBLE,certified_no_adversarial_example,feasibility,false,false,false,false,,,,0.891954723,0.025904417037963867,0.0,0.0,0.715774677,0.445006743,0.268343032,0.25494861602783203,0.447431645,0.270767934,0.17443511,9626,185,185,0,4039,0,1578,650,3174,5494,0,0,3,4804,4697,107,3174,1523,0,1786,110,1220,4682,,482,0,
424,INFEASIBLE,certified_no_adversarial_example,feasibility,false,false,false,false,,,,0.781460395,0.024305105209350586,0.0,0.0,0.742040466,0.46363254400000004,0.31851600699999993,0.3045532703399658,0.423524459,0.2784079219999999,0.037674974,9626,196,196,0,4048,0,1577,667,3138,5624,0,0,3,4804,4678,126,3138,1540,0,1820,126,1289,4803,,539,0,
425,INFEASIBLE,certified_no_adversarial_example,feasibility,false,false,false,false,,,,1.144700403,0.04430413246154785,0.0,0.0,1.082111385,0.733243729,0.5334645610000001,0.5137205123901367,0.5486468239999999,0.3488676559999999,0.060834165,9626,323,323,0,4075,0,1511,667,3050,9552,0,0,3,4804,4619,185,3050,1569,0,1942,188,1532,5228,,619,0,
426,INFEASIBLE,certified_no_adversarial_example,feasibility,false,false,false,false,,,,0.690242379,0.026082754135131836,0.0,0.0,0.650394185,0.35126154400000004,0.224342698,0.2116079330444336,0.426051487,0.299132641,0.038074155,9626,156,156,0,4055,0,1599,726,3090,3900,0,0,3,4804,4701,103,3090,1611,0,1777,105,1202,4651,,568,0,
427,INFEASIBLE,certified_no_adversarial_example,feasibility,false,false,false,false,,,,0.746988059,0.04194760322570801,0.0,0.0,0.690697325,0.42487954000000006,0.282069943,0.2679903507232666,0.40862738200000004,0.265817785,0.054516063,9626,186,186,0,4018,0,1582,642,3198,5386,0,0,3,4804,4691,113,3198,1493,0,1799,117,1246,4727,,676,0,
428,INFEASIBLE,certified_no_adversarial_example,feasibility,false,false,false,false,,,,0.778881009,0.05944943428039551,0.0,0.0,0.705149067,0.428088728,0.28100261000000004,0.2676832675933838,0.424146457,0.27706033900000004,0.07195101,9626,188,188,0,3983,0,1581,641,3233,4363,0,0,3,4804,4706,98,3233,1473,0,1771,104,1190,4628,,969,0,
429,INFEASIBLE,certified_no_adversarial_example,feasibility,false,false,false,false,,,,0.83079786,0.03116011619567871,0.0,0.0,0.784290631,0.49264072099999995,0.3309603139999999,0.3159620761871338,0.45333031700000004,0.29164991,0.044743248,9626,212,212,0,4042,0,1569,666,3137,5804,0,0,3,4804,4677,127,3137,1540,0,1826,130,1300,4822,,573,0,
430,INFEASIBLE,certified_no_adversarial_example,feasibility,false,false,false,false,,,,0.829619051,0.02920842170715332,0.0,0.0,0.785194193,0.49252250200000003,0.3351145020000001,0.3197910785675049,0.45007969099999995,0.292671691,0.0426722,9626,218,218,0,4056,0,1566,675,3111,6647,0,0,3,4804,4667,137,3111,1556,0,1845,139,1338,4889,,554,0,
431,INFEASIBLE,certified_no_adversarial_example,feasibility,false,false,false,false,,,,0.686079683,0.02018284797668457,0.0,0.0,0.652953031,0.380949321,0.23805398200000003,0.22507476806640625,0.41489904899999996,0.27200371,0.031360378,9626,177,177,0,3984,0,1587,638,3240,3866,0,0,3,4804,4707,97,3240,1467,0,1762,97,1173,4600,,446,0,
432,INFEASIBLE,certified_no_adversarial_example,feasibility,false,false,false,false,,,,1.696034508,0.40880441665649414,0.0,0.0,1.266741676,0.938283797,0.712104373,0.6890823841094971,0.5546373030000001,0.3284578790000001,0.42751759,9626,372,372,0,4065,0,1487,661,3041,11937,0,0,3,4804,4581,223,3041,1540,0,2018,226,1684,5494,,1421,0,
433,INFEASIBLE,certified_no_adversarial_example,feasibility,false,false,false,false,,,,0.849240413,0.023266315460205078,0.0,0.0,0.811631103,0.542402623,0.253242212,0.23990678787231445,0.5583888909999999,0.26922848,0.035844889,9626,190,190,0,4011,0,1580,650,3195,3924,0,0,3,4804,4698,106,3195,1503,0,1784,109,1216,4675,,457,0,
434,INFEASIBLE,certified_no_adversarial_example,feasibility,false,false,false,false,,,,0.862092193,0.043344974517822266,0.0,0.0,0.80225808,0.515990776,0.3456822139999999,0.3299996852874756,0.4565758660000001,0.286267304,0.058057831,9626,219,219,0,4055,0,1566,667,3119,6820,0,0,3,4804,4662,142,3119,1543,0,1855,144,1358,4924,,690,0,
435,INFEASIBLE,certified_no_adversarial_example,feasibility,false,false,false,false,,,,0.780231039,0.03913426399230957,0.0,0.0,0.726498912,0.42420502500000007,0.28273012000000003,0.2696366310119629,0.443768792,0.302293887,0.051948601,9626,172,172,0,4020,0,1591,649,3194,5285,0,0,3,4804,4696,108,3194,1502,0,1789,112,1226,4692,,637,0,
436,INFEASIBLE,certified_no_adversarial_example,feasibility,false,false,false,false,,,,0.665322231,0.03420901298522949,0.0,0.0,0.617340016,0.329206956,0.20745304399999998,0.19539380073547363,0.409886972,0.28813306,0.046202415,9626,145,145,0,4048,0,1602,672,3159,3790,0,0,3,4804,4711,93,3159,1552,0,1759,97,1166,4587,,648,0,
437,INFEASIBLE,certified_no_adversarial_example,feasibility,false,false,false,false,,,,0.876174851,0.03900885581970215,0.0,0.0,0.821462137,0.5201875810000001,0.364739749,0.3488495349884033,0.45672238800000003,0.30127455599999997,0.052940969,9626,216,216,0,4059,0,1561,668,3122,7263,0,0,3,4804,4662,142,3122,1540,0,1856,145,1360,4927,,617,0,
438,INFEASIBLE,certified_no_adversarial_example,feasibility,false,false,false,false,,,,0.838033729,0.03803730010986328,0.0,0.0,0.785080697,0.48426925200000004,0.32354545399999995,0.3089313507080078,0.4615352430000001,0.300811445,0.051177669,9626,188,188,0,4130,0,1581,723,3004,5588,0,0,3,4804,4673,131,3004,1669,0,1833,133,1314,4847,,671,0,
439,INFEASIBLE,certified_no_adversarial_example,feasibility,false,false,false,false,,,,0.763909187,0.03695535659790039,0.0,0.0,0.712875779,0.4387813810000001,0.28779365500000004,0.2738966941833496,0.42508212399999995,0.2740943979999999,0.049272384,9626,191,191,0,4020,0,1579,659,3177,5014,0,0,3,4804,4687,117,3177,1510,0,1802,117,1253,4740,,674,0,
440,INFEASIBLE,certified_no_adversarial_example,feasibility,false,false,false,false,,,,0.802960863,0.033735036849975586,0.0,0.0,0.753734215,0.470962593,0.324204594,0.3090057373046875,0.42952962100000003,0.28277162200000006,0.047445385,9626,215,215,0,4030,0,1569,646,3166,5489,0,0,3,4804,4669,135,3166,1503,0,1841,137,1330,4875,,553,0,
441,INFEASIBLE,certified_no_adversarial_example,feasibility,false,false,false,false,,,,1.036875359,0.05131864547729492,0.0,0.0,0.968005225,0.645444516,0.458847428,0.44079041481018066,0.509157797,0.322560709,0.067063434,9626,260,260,0,4159,0,1546,696,2965,7907,0,0,3,4804,4635,169,2965,1670,0,1912,174,1472,5122,,700,0,
442,INFEASIBLE,certified_no_adversarial_example,feasibility,false,false,false,false,,,,0.918614462,0.0357515811920166,0.0,0.0,0.867071294,0.529033039,0.364282477,0.34819841384887695,0.5027888170000001,0.33803825500000007,0.049759299,9626,208,208,0,4065,0,1572,683,3098,6408,0,0,3,4804,4666,138,3098,1568,0,1844,138,1337,4887,,668,0,
443,INFEASIBLE,certified_no_adversarial_example,feasibility,false,false,false,false,,,,0.956814582,0.025643348693847656,0.0,0.0,0.915894893,0.6309297060000001,0.3316823159999999,0.31572484970092773,0.5842125770000002,0.28496518699999995,0.039129179,9626,225,225,0,4070,0,1558,667,3106,5779,0,0,3,4804,4679,125,3106,1573,0,1821,127,1290,4805,,515,0,
444,INFEASIBLE,certified_no_adversarial_example,feasibility,false,false,false,false,,,,1.691335006,0.6533219814300537,,0.0,1.018677226,0.712809608,0.533225241,0.5135164260864258,0.4854519850000001,0.30586761800000006,0.670866246,9626,315,315,0,4021,0,1516,612,3162,9109,0,0,3,4804,4627,177,3162,1465,0,1925,179,1498,5169,,1756,0,
445,OPTIMAL,adversarial_example_found_or_best_known,feasibility,true,true,true,true,-1.092459456231154e-13,-8.697779247528816;-10.108087041950135;4.888099860418258;1.7046012633881371;-16.252118517005215;-10.384486742479051;-15.460314395690435;-2.4785786570715147;4.888099860418149;-5.044031428412281,0.0;0.1;0.1;0.0;0.0;0.0;0.0;0.1;0.1;0.0;0.0;0.0;0.1;0.0;0.1;0.1;0.1;0.1;0.1;0.0;0.0;0.0;0.0;0.0;0.0;0.1;0.1;0.0;0.1;0.1;0.1;0.1;0.1;0.1;0.1;0.1;0.1;0.0;0.0;0.0;0.1;0.1;0.1;0.0;0.0;0.1;0.0;0.0;0.1;0.1;0.1;0.1;0.1;0.1;0.1;0.0;0.0;0.1;0.1;0.0;0.0;0.1;0.0;0.1;0.1;0.0;0.0;0.1;0.1;0.1;0.1;0.1;0.1;0.1;0.1;0.0;0.0;0.0;0.0;0.0;0.0;0.1;0.1;0.0;0.0;0.1;0.0;0.0;0.1;0.1;0.0;0.1;0.1;0.0;0.1;0.1;0.1;0.1;0.1;0.1;0.1;0.1;0.0;0.0;0.1;0.1;0.1;0.0;0.0;0.1;0.0;0.0;0.0;0.1;0.1;0.0;0.0;0.1;0.0;0.1;0.1;0.0;0.0;0.1;0.1;0.1;0.1;0.1;0.0;0.1;0.1;0.0;0.0;0.0;0.0;0.0;0.0;0.1;0.1;0.0;0.1;0.1;0.1;0.1;0.1;0.0;0.0;0.0;0.1;0.0;0.1;0.0;0.1;0.1;0.1;0.0;0.1;0.0;0.1;0.0;0.0;0.0;0.0;0.1;0.0;0.1;0.0;0.0;0.0;0.1;0.1;0.1;0.1;0.0;0.1;0.0;0.0;0.0;0.0;0.0;0.0;0.1;0.1;0.1;0.1;0.1;0.1;0.1;0.4490196078431372;0.5313725490196078;0.5313725490196078;0.37058823529411766;0.0;0.1;0.0;0.0;0.1;0.1;0.09136520747204314;0.0;0.0;0.1;0.1;0.1023691738139139;0.37450980392156863;0.0;0.1;0.0;0.1;0.1;0.1;0.1;0.1;0.0;0.0;0.16460741679684163;0.8713971581973202;1.0;0.8882352941176471;1.0;0.31176470588235294;0.0;0.0;0.1;0.0;0.1;0.1;0.0;0.0;0.0;0.09970916791353931;0.5431372549019609;0.8882352941176471;0.1549019607843137;0.0;0.0;0.0;0.1;0.1;0.1;0.1;0.0;0.0;0.7235294117647059;0.8921568627450981;0.8882352941176471;1.0;1.0;0.6372549019607843;0.0;0.0;0.1;0.1;0.1;0.1;0.0;0.0;0.0;0.10187335471370342;1.0;1.0;0.4372549019607843;0.0;0.0;0.0;0.0;0.0;0.0;0.1;0.0;0.43333333333333335;0.8803921568627451;0.8921568627450981;0.4509502744585385;0.6450980392156863;0.8882352941176471;0.4372549019607843;0.0;0.0;0.1;0.1;0.1;0.1;0.0;0.0;0.0;0.09712942228993879;0.8921568627450981;0.8921568627450981;0.6882352941176471;0.0;0.1;0.0;0.0;0.0;0.1;0.1;0.09215686274509804;0.8137254901960784;1.0;0.7196078431372549;0.0;0.8254901960784313;1.0;0.6450980392156863;0.1;0.0;0.1;0.0;0.1;0.0;0.1;0.0;0.1;0.42125987511016316;0.8882352941176471;0.8852193434958647;0.7533043558131801;0.1;0.0;0.0;0.0;0.0;0.0;0.30000000000000004;0.9941176470588236;0.8882352941176471;0.8058823529411765;0.0;0.10323560721005369;0.6725490196078432;1.0;0.5787196805511344;0.0;0.0;0.1;0.1;0.1;0.1;0.1;0.0;0.12745098039215685;0.8294117647058823;1.0;0.20196078431372547;0.22549019607843138;0.1;0.1;0.1;0.0;0.0;0.12745098039215685;0.8294117647058823;0.8882352941176471;0.9901960784313725;0.28823529411764703;0.0;0.08431372549019608;0.8882352941176471;1.0;0.31176470588235294;0.1;0.1;0.1;0.0;0.1;0.0;0.1;0.0;0.0;0.8882352941176471;0.7917297265670965;0.14581329490834952;0.1;0.1;0.1;0.0;0.1;0.0;0.3577973832550058;0.8882352941176471;1.0;0.5666666666666667;0.1;0.0;0.24901960784313723;0.8882352941176471;1.0;0.18627450980392157;0.1;0.0;0.1;0.1;0.1;0.1;0.1;0.0;0.6019607843137255;1.0;0.6176470588235294;0.09797024712765184;0.1;0.1;0.1;0.1;0.0;0.10784313725490197;0.8529411764705882;0.8882352941176471;0.7666666666666667;0.19803921568627453;0.1;0.0;0.896078431372549;0.7666666666666667;0.4764705882352941;0.0;0.0;0.0;0.1;0.1;0.1;0.0;0.0;0.0;0.5136498081269726;0.8921568627450981;0.7950360778215362;0.1;0.0;0.1;0.1;0.0;0.11853929643378579;0.8098039215686275;1.0;0.8857343209366945;0.10796058890592979;0.1;0.1;0.033333333333333326;1.0;0.5784313725490197;0.0;0.0;0.0;0.0;0.1;0.1;0.0;0.0;0.1;0.0;0.6411764705882352;0.8882352941176471;0.5352941176470588;0.0;0.0;0.1;0.1;0.09728608352824678;0.7509803921568627;1.0;0.8764705882352941;0.19411764705882353;0.0;0.0;0.1;0.5462091586689609;0.8568627450980393;0.1196078431372549;0.0;0.0;0.1;0.1;0.0;0.0;0.1;0.0;0.1;0.0;0.786388757608251;0.8882352941176471;0.21145257250165847;0.1;0.0;0.1;0.1;0.473126311594928;1.0;1.0;0.1594904064453828;0.0;0.1;0.1;0.1;0.0;0.1196078431372549;0.0;0.1;0.0;0.0;0.0;0.0;0.1;0.0;0.0;0.0;0.1;0.6058823529411765;0.8882352941176471;0.17058823529411762;0.0;0.0;0.0;0.5470588235294118;1.0;1.0;0.5549019607843138;0.0;0.0;0.1;0.1;0.1;0.1;0.0;0.0;0.1;0.0;0.0;0.0;0.0;0.1;0.1;0.076979151702876;0.1;0.1;0.8921568627450981;0.8882352941176471;0.2516061562903109;0.1;0.0;0.4019607843137255;1.0;1.0;0.7588235294117647;0.10666115042206381;0.0;0.1;0.1;0.1;0.1;0.0;0.1;0.0;0.1;0.0;0.0;0.0;0.07508275322708469;0.1;0.0;0.0;0.1;0.09865933780394484;0.8490196078431372;0.8921568627450981;0.20980392156862746;0.13529411764705884;0.6098039215686275;0.9;1.0;0.4420539436239145;0.1;0.1;0.0;0.0;0.1;0.1;0.1;0.1;0.0;0.0;0.1;0.1;0.0;0.0;0.0;0.1;0.0;0.0;0.0;0.0;0.5039058469550541;1.0;0.7913650220381602;0.8607843137254901;1.0;1.0;0.4176470588235295;0.10774430660302717;0.0;0.0;0.0;0.0;0.0;0.0;0.0;0.0;0.0;0.0;0.0;0.0;0.0;0.0;0.1;0.0;0.0;0.0;0.1;0.09990849089309237;0.28823529411764703;0.9901960784313725;0.8882352941176471;0.9901960784313725;0.6176470588235294;0.3509803921568627;0.0;0.0;0.1;0.1;0.0;0.0;0.0;0.1;0.1;0.1;0.0;0.1;0.1;0.1;0.0;0.0;0.1;0.1;0.1;0.1;0.0;0.0;0.0;0.013725490196078424;0.1588272607308822;0.15077633261823756;0.0;0.1;0.1;0.0668074752882232;0.1;0.0;0.1;0.1;0.0;0.0;0.1;0.1;0.1;0.1;0.1;0.1;0.0;0.0;0.0;0.0;0.1;0.1;0.1;0.1;0.0;0.0;0.1;0.0;0.1;0.1;0.0;0.0;0.1;0.1;0.1;0.0;0.0;0.0;0.1;0.1;0.0;0.0;0.0;0.0;0.0;0.0;0.1;0.1;0.1;0.0;0.1;0.0;0.1;0.0;0.1;0.0;0.1;0.0;0.1;0.1;0.1;0.1;0.1;0.0;0.0;0.033310511770561844;0.1;0.1;0.1;0.1;0.01923597809138406;0.0;0.0;0.0;0.1;0.1;0.1;0.1;0.1;0.1;0.1;0.0;0.1;0.1;0.0;0.0;0.1;0.1;0.1;0.1;0.0;0.0;0.0;0.0;0.1;0.1;0.1;0.0;0.1;0.1;0.0;0.0;0.1;0.1;0.1;0.0;0.1;0.0;0.1;0.0;0.0;0.0;0.0;0.0;0.0;0.1;0.1;0.1;0.1;0.0;0.1;0.1;0.0;0.1;0.1;0.1;0.1;0.1;0.0;0.0;0.0,2.474228148,1.4604289531707764,0.0,0.0,0.99530544,0.658097138,0.487286702,0.46985936164855957,0.508018738,0.33720830199999996,1.475114158,9626,240,240,0,4070,0,1552,669,3095,7989,0,0,3,4804,4654,150,3095,1559,0,1868,150,1385,4971,1,11368,,0.0
446,OPTIMAL,adversarial_example_found_or_best_known,feasibility,true,true,true,true,-2.824407374646398e-13,4.074375784970911;-25.12067435506959;-8.508127748377449;-10.282073573048596;-4.643951038318463;-2.222898062343619;4.074375784971194;-9.743188023210472;-9.710883703498133;-4.739067640758893,0.0;0.1;0.1;0.0;0.0;0.1;0.1;0.0;0.0;0.0;0.0;0.0;0.0;0.1;0.1;0.1;0.1;0.0;0.0;0.0;0.0;0.0;0.1;0.1;0.1;0.0;0.0;0.0;0.0;0.1;0.1;0.1;0.0;0.1;0.0;0.1;0.0;0.0;0.0;0.0;0.1;0.1;0.1;0.1;0.1;0.1;0.0705738438079286;0.0;0.1;0.1;0.1;0.1;0.1;0.0;0.0;0.1;0.0;0.1;0.1;0.1;0.0;0.0;0.0;0.0;0.0;0.0;0.0;0.0;0.0;0.1;0.1;0.1;0.1;0.1;0.0;0.0;0.0;0.0;0.0;0.1;0.1;0.0;0.0;0.0;0.1;0.0;0.1;0.1;0.0;0.0;0.0;0.0;0.0;0.1;0.0;0.0;0.1;0.0;0.1;0.0;0.1;0.0;0.0;0.0;0.0;0.0;0.0;0.1;0.0;0.1;0.0;0.1;0.0;0.0;0.1;0.0;0.0;0.0;0.0;0.0;0.0;0.1;0.1;0.0;0.0;0.1;0.0;0.1;0.0;0.0;0.0;0.0;0.0;0.0;0.0;0.0;0.0;0.1;0.0;0.1;0.0;0.1;0.1;0.0;0.0;0.0;0.0;0.0;0.0;0.0;0.0;0.0;0.1;0.1;0.1;0.5941176470588235;1.0;0.9238076685752801;1.0;0.797404297630115;0.0;0.0;0.0;0.0;0.0;0.1;0.0;0.0;0.1;0.1;0.1;0.0;0.0;0.1;0.1;0.0;0.0;0.1;0.1;0.0;0.1;0.3156862745098039;0.7196078431372549;0.8803921568627451;0.8921568627450981;1.0;1.0;0.8411764705882353;0.7196078431372549;0.24901960784313726;0.0;0.0;0.0;0.1;0.1;0.1;0.1;0.1;0.0;0.0;0.0;0.0;0.0;0.1;0.0;0.1;0.1;0.0019607843137254832;0.7090342979570147;0.8490196078431372;0.8921568627450981;0.6568627450980392;0.6490196078431373;0.9;0.8921568627450981;0.8921568627450981;0.6725490196078431;0.10218166927637595;0.0;0.0;0.1;0.07640077849356326;0.0;0.1;0.0;0.1;0.1;0.1;0.0;0.0;0.0;0.1;0.1;0.37058823529411766;0.4490196078431373;0.6333333333333333;0.8921568627450981;0.9;0.3431372549019608;0.0;0.09600497672332982;0.19411764705882353;0.8254901960784313;0.8921568627450981;0.892156862745098;0.033333333333333326;0.0;0.0;0.0;0.1;0.0;0.1;0.1;0.1;0.1;0.0;0.0;0.0;0.1034504059688415;0.1021320084349895;0.6372549019607844;0.8529411764705882;0.6450980392156863;0.10307722044642388;0.6767409835266579;0.15589553096049028;0.1;0.1;0.0;0.0;0.10579173943108668;0.7974276097205978;1.0;0.7313725490196079;0.0;0.0;0.0;0.1;0.0;0.003301726120835687;0.1;0.1;0.1;0.0;0.0;0.0;0.676470588235294;0.8921568627450981;0.7196078431372549;0.1;0.0988335215499556;0.10392156862745097;0.9509803921568627;0.5470588235294118;0.0;0.1;0.1;0.0;0.09748857894069982;0.04117647058823529;0.8921568627450981;0.8215686274509804;0.0;0.0;0.0;0.1;0.1;0.1;0.1;0.1;0.1;0.0;0.0;0.3955748399204743;0.8058823529411765;0.2624911982950137;0.2686274509803922;0.0;0.0;0.18627450980392157;0.303921568627451;0.23333333333333334;0.0;0.1;0.0;0.0;0.0;0.7862745098039216;1.0;1.0;0.1;0.0;0.1;0.0;0.0;0.1;0.0;0.1;0.1;0.0;0.0;0.0;0.0;0.0;0.1;0.0;0.0;0.0;0.0;0.0;0.0;0.1;0.1;0.0;0.0;0.7274509803921568;1.0;0.8215686274509804;0.0;0.0;0.0;0.1;0.1;0.1;0.05720160059298628;0.1;0.1;0.0;0.0;0.0;0.1;0.1;0.1;0.1;0.20120905491444793;0.6215686274509804;0.5745098039215687;0.0;0.0;0.1;0.0;0.1;0.0;0.7274509803921568;0.8764705882352941;0.3156862745098039;0.0;0.0;0.0;0.0;0.1;0.0;0.0;0.1;0.1;0.0;0.0;0.0;0.0;0.0;0.1;0.0;0.692156862745098;0.9470588235294117;0.09993542399532314;0.1;0.0;0.1;0.1;0.0;0.08039215686274509;0.7823529411764706;0.4411764705882353;0.0;0.0;0.0;0.0;0.1;0.1;0.0;0.1;0.1;0.1;0.0;0.1;0.0;0.0;0.0;0.1;0.1;0.692156862745098;0.9509803921568627;0.10307544255380877;0.1;0.1;0.1;0.0;0.0;0.4137254901960784;0.3509803921568627;0.10600522184404144;0.1;0.0;0.0;0.0;0.1;0.0;0.1;0.0;0.1;0.1;0.0;0.0;0.0;0.0;0.0;0.1;0.03725490196078432;0.7470588235294118;1.0;0.17058823529411762;0.0;0.0;0.0;0.1;0.10392156862745097;0.8764705882352941;0.2686274509803922;0.1;0.0;0.0;0.0;0.0;0.1;0.0;0.0;0.09695103845041307;0.1;0.0;0.1;0.0;0.0;0.0;0.0;0.1;0.17671968945923489;0.7745098039215687;0.8921568627450981;0.28271395216624645;0.0;0.0;0.0;0.0;0.5851560022456945;0.5862745098039216;0.16997926348081696;0.0;0.0;0.0;0.0;0.0;0.0;0.0;0.1;0.0;0.1;0.1;0.1;0.1;0.0;0.0;0.0;0.0;0.1;0.7657634516442937;0.6019607843137255;0.10006071265274337;0.1;0.0;0.1;0.4254901960784314;0.8902953368331878;0.5784313725490197;0.1;0.0;0.0;0.1;0.0;0.0;0.0;0.1;0.1;0.1;0.1;0.1;0.1;0.0;0.1;0.0;0.0;0.1;0.3549019607843137;0.7470588235294118;0.4881072046182651;0.17490666883376513;0.0;0.1;0.6019607843137255;0.8794551003670075;0.7969027494211051;0.13137254901960785;0.1;0.0;0.0;0.0;0.1;0.0;0.0;0.00986460566078119;0.1;0.0;0.1;0.1;0.1;0.1;0.1;0.0;0.0;0.0;0.5862745098039216;1.0;1.0;0.7431372549019608;0.0;0.2411764705882353;1.0;0.6019607843137255;0.23333333333333334;0.1;0.1;0.1;0.0;0.0;0.0;0.0;0.0;0.0;0.1;0.1;0.1;0.1;0.1;0.0;0.1;0.0;0.1;0.0;0.5862745098039216;1.0;1.0;0.8725490196078431;0.5549657626472712;0.8921568627450981;0.5851847224720726;0.12352941176470589;0.0;0.1;0.1;0.0;0.1;0.0;0.1;0.0;0.0;0.06237952776235794;0.0;0.0;0.1;0.1;0.0;0.0;0.1;0.1;0.1;0.1;0.5862745098039216;1.0;1.0;0.8921568627450981;0.8921568627450981;0.8921568627450981;0.0;0.1;0.1;0.0;0.1;0.1;0.0;0.0;0.0;0.0;0.0;0.0;0.1;0.0;0.1;0.0;0.0;0.1;0.1;0.1;0.0;0.0;0.3720209282199444;0.8627517993529416;0.8921568627450981;0.8137254901960784;0.711764705882353;0.6679686539547355;0.11960784313725491;0.1;0.0;0.1;0.0;0.0;0.1;0.0;0.1;0.0;0.0;0.0;0.1;0.0;0.0;0.0;0.0;0.0;0.1;0.1;0.1;0.1;0.0;0.8222709490516837;0.6019607843137255;0.09666654196779939;0.1;0.09910497901424714;0.1;0.1;0.1;0.1;0.0;0.0;0.1;0.1;0.1;0.1;0.0;0.0;0.0;0.1;0.0;0.1;0.0;0.1;0.1;0.0;0.1;0.1;0.0;0.0;0.0;0.1;0.1;0.1;0.0;0.1;0.0;0.0;0.0;0.0;0.0;0.0;0.1;0.0;0.0;0.0;0.1;0.0;0.0;0.0;0.0;0.0;0.1;0.1;0.1;0.1;0.0;0.0;0.0;0.0;0.1;0.1;0.0;0.0;0.0;0.0;0.0;0.0;0.1;0.1;0.1;0.1;0.0;0.0;0.1;0.1;0.0;0.0;0.0;0.0;0.1;0.0;0.1;0.1;0.1;0.0;0.0;0.1;0.0;0.1;0.0;0.0;0.0;0.0;0.0;0.0;0.0;0.0;0.1;0.0;0.0;0.0;0.0,8.015540315,6.816000938415527,0.0,0.0,1.179663936,0.845513773,0.6432919289999999,0.6227388381958008,0.5363720070000002,0.3341501630000001,6.832106614,9626,316,316,0,4059,0,1514,657,3080,10471,0,0,3,4804,4621,183,3080,1541,0,1937,185,1522,5211,1,38739,,0.0
447,INFEASIBLE,certified_no_adversarial_example,feasibility,false,false,false,false,,,,1.104200965,0.0500943660736084,0.0,0.0,1.036583948,0.727462187,0.550992096,0.5336718559265137,0.4855918520000001,0.3091217610000001,0.065834894,9626,226,226,0,4093,0,1564,666,3077,8678,0,0,3,4804,4644,160,3077,1567,0,1891,162,1430,5050,,708,0,
448,INFEASIBLE,certified_no_adversarial_example,feasibility,false,false,false,false,,,,0.881104021,0.16217994689941406,0.0,0.0,0.704018874,0.423708296,0.2723070319999999,0.2574005126953125,0.43171184200000007,0.280310578,0.175263629,9626,193,193,0,4069,0,1577,659,3128,4516,0,0,3,4804,4689,115,3128,1561,0,1801,117,1250,4735,,721,0,
449,OPTIMAL,adversarial_example_found_or_best_known,feasibility,true,true,true,true,-5.551115123125783e-15,-7.981426594421501;-11.830810404128208;-8.370593916770241;-2.4678281531026522;-5.526959862979897;-5.661859774634941;-14.646882889094606;-12.170863290912823;0.05482419827882001;0.054824198278825564,0.1;0.0;0.0;0.1;0.1;0.0;0.0;0.1;0.1;0.0;0.0;0.0;0.0;0.1;0.1;0.1;0.1;0.0;0.0;0.1;0.1;0.0;0.0;0.1;0.1;0.0;0.0;0.1;0.1;0.0;0.0;0.1;0.0;0.0;0.0;0.0;0.0;0.0;0.0;0.0;0.0;0.0;0.0;0.1;0.0;0.0;0.0;0.1;0.0;0.1;0.0;0.1;0.0;0.0;0.0;0.0;0.1;0.1;0.0;0.1;0.1;0.0;0.0;0.1;0.1;0.0;0.0;0.0;0.0;0.0;0.0;0.1;0.1;0.0;0.0;0.1;0.1;0.0;0.0;0.1;0.1;0.0;0.0;0.0;0.1;0.1;0.1;0.1;0.0;0.1;0.0;0.1;0.0;0.1;0.1;0.1;0.1;0.1;0.0;0.1;0.0;0.0;0.0;0.1;0.1;0.0;0.1;0.1;0.0;0.1;0.0;0.0;0.1;0.1;0.1;0.1;0.1;0.0;0.0;0.0;0.0;0.1;0.0;0.1;0.1;0.0;0.0;0.1;0.1;0.0;0.0;0.0;0.0;0.0;0.0;0.1;0.1;0.1;0.0;0.0;0.0;0.0;0.1;0.1;0.1;0.0;0.0;0.0;0.0;0.1;0.0;0.1;0.1;0.1;0.1;0.1;0.0;0.0;0.0;0.1;0.1;0.1;0.1;0.1;0.1;0.1;0.0;0.0;0.1;0.0;0.1;0.0;0.0;0.0;0.0;0.0;0.0;0.1;0.0;0.0;0.0;0.0;0.0;0.1;0.1;0.0;0.0;0.1;0.1;0.1;0.1;0.1;0.1;0.1;0.1;0.0;0.0;0.1;0.0;0.0;0.0;0.1;0.1;0.0;0.1;0.0;0.0;0.0;0.1;0.0;0.0;0.1;0.0;0.0;0.1;0.0;0.1;0.0;0.1;0.1;0.0;0.1;0.0;0.0;0.1;0.0;0.0;0.0;0.0;0.1;0.1;0.0;0.0;0.0;0.1;0.0;0.0;0.0;0.0;0.1;0.1;0.0;0.16666666666666669;0.5117647058823529;0.5117647058823529;0.48039215686274506;0.1;0.0;0.0;0.1;0.1;0.0;0.0;0.0;0.0;0.0;0.1;0.1;0.0;0.0;0.0;0.0;0.1;0.2957209913618343;0.28823529411764703;0.1784313725490196;0.1;0.0;0.1;0.1;0.7156862745098039;0.8921568627450981;1.0;0.884313725490196;0.876334368103075;0.46507102563708097;0.17335421993304542;0.1;0.0;0.0;0.0;0.0;0.0;0.0;0.1;0.1;0.1;0.1;0.0;0.04117647058823529;0.44593970374896363;1.0;0.8921568627450981;0.8568627450980393;0.6372549019607844;0.0;0.1;0.1;0.5274509803921569;0.7352941176470588;0.7549019607843137;0.8921568627450981;0.8921568627450981;1.0;0.38235294117647056;0.1;0.1;0.0;0.1;0.1;0.0;0.1;0.1;0.0;0.0;0.23560371366895405;0.8762449619004133;1.0;1.0;0.8921568627450981;1.0;1.0;1.0;0.7088750178008549;0.1;0.1;0.1;0.0;0.17123948895251515;0.6280984434310902;1.0;1.0;0.8858317788634271;0.1;0.0;0.0;0.1;0.0;0.0;0.1;0.1;0.1;0.2450980392156863;0.7078431372549019;1.0;0.8921568627450981;0.9823529411764705;0.7862745098039216;0.7429063828836246;1.0;0.8921568627450981;0.7823529411764706;0.2450980392156863;0.1;0.1;0.0;0.0;0.6137254901960785;1.0;1.0;0.46862745098039216;0.0;0.0;0.0;0.1;0.0;0.0;0.1;0.1;0.1;0.7039215686274509;1.0;1.0;0.7630802885285302;0.29215686274509806;0.1;0.20980392156862746;0.8921568627450981;1.0;0.7934385127076905;0.1;0.1;0.1;0.1392156862745098;0.7196078431372549;0.8921568627450981;1.0;1.0;0.38235294117647056;0.1;0.0;0.1;0.0;0.0;0.0;0.1;0.1;0.1;1.0;1.0;0.5745098039215687;0.0;0.0;0.0;0.20980392156862746;1.0;0.9588235294117646;0.1392156862745098;0.15490196078431373;0.4490196078431372;0.8686274509803922;0.896078431372549;1.0;0.8921568627450981;1.0;0.9392156862745098;0.09606500152936465;0.1;0.1;0.0;0.0;0.0;0.0;0.1;0.1;0.5862745098039216;0.8882352941176471;0.8921568627450981;0.3666666666666667;0.1;0.1;0.16978825926593502;0.5420062775137662;1.0;1.0;0.903921568627451;0.8769070142215827;1.0;1.0;1.0;0.9776186090404346;1.0;0.8372549019607843;0.017647058823529405;0.0;0.1;0.0;0.0;0.0;0.0;0.0;0.1;0.1;1.0;0.8921568627450981;0.8019607843137255;0.09752839022324376;0.0;0.09890444548676769;0.5392156862745098;0.8921568627450981;1.0;0.8921568627450981;1.0;0.8921568627450981;1.0;0.8921568627450981;1.0;0.8725490196078431;0.6254901960784314;0.1;0.1;0.1;0.1;0.1;0.0;0.0;0.0;0.0;0.0;0.0;1.0;1.0;0.9588235294117646;0.7901960784313725;0.6570259363488414;0.5901960784313726;0.8490196078431372;1.0;0.8921568627450981;1.0;1.0;0.7627450980392158;0.6215686274509804;0.2058823529411765;0.27795493702098933;0.37450980392156863;0.1;0.1;0.1;0.0;0.1;0.0;0.0;0.0;0.0;0.0;0.1;0.1;1.0;0.8921568627450981;1.0;0.8921568627450981;1.0;0.8921568627450981;1.0;0.8450980392156863;0.9392156862745098;0.34705882352941175;0.4294117647058824;0.09784870340312289;0.1;0.1;0.1;0.1;0.0;0.0;0.1;0.0;0.1;0.1;0.0;0.1;0.0;0.1;0.0;0.1;0.20099673320275385;0.7671890287844344;1.0;0.8921568627450981;1.0;0.8808303417262674;0.6888263861997339;0.34705882352941175;0.1;0.1;0.0;0.1;0.0;0.0;0.0;0.0;0.0;0.1;0.1;0.1;0.1;0.0;0.0;0.1;0.0028882537678060383;0.0;0.0;0.1;0.0;0.0929134663247833;0.6843137254901961;0.7901960784313725;0.7901960784313725;0.3431372549019608;0.1;0.1;0.1;0.1;0.0;0.1;0.0;0.0;0.0;0.0;0.0;0.1;0.1;0.1;0.1;0.1;0.0;0.1;0.1;0.0;0.0;0.0;0.0;0.0;0.1;0.0;0.1;0.1;0.1;0.0;0.1;0.1;0.0;0.0;0.0;0.0;0.0;0.0;0.0;0.1;0.0;0.0;0.1;0.023315418521795674;0.0;0.1;0.1;0.1;0.1;0.1;0.0;0.0;0.1;0.1;0.0;0.0;0.1;0.1;0.1;0.1;0.0;0.0;0.0;0.0;0.1;0.0;0.0;0.0;0.1;0.1;0.1;0.1;0.0;0.0;0.1;0.1;0.1;0.1;0.1;0.0;0.0;0.1;0.0;0.0;0.0;0.0;0.1;0.0;0.1;0.0;0.0;0.1;0.1;0.1;0.1;0.0;0.1;0.0;0.1;0.0;0.0;0.1;0.1;0.1;0.1;0.1;0.0;0.0;0.0;0.0;0.1;0.1;0.1;0.1;0.1;0.1;0.1;0.0;0.0;0.0;0.1;0.1;0.0;0.0;0.1;0.1;0.0;0.0;0.0;0.1;0.1;0.1;0.0;0.009750245529143978;0.0;0.1;0.0;0.0;0.0;0.0;0.0;0.0;0.1;0.0;0.1;0.0;0.1;0.08777364843758016;0.1;0.1;0.1;0.1;0.1;0.0;0.1;0.0;0.1;0.1;0.1;0.1;0.0;0.0;0.0;0.1;0.0;0.0;0.0;0.0;0.1;0.1;0.1;0.1;0.0;0.0;0.0;0.0;0.1;0.1;0.0;0.1;0.0;0.0;0.0;0.0;0.0;0.0;0.0;0.1;0.1;0.1;0.1;0.0;0.1;0.0;0.1;0.0;0.1;0.0;0.0;0.0;0.1;0.0;0.1;0.1;0.1;0.1;0.1;0.1;0.0;0.0;0.0;0.0;0.0,2.053395733,1.3189740180969238,0.0,0.0,0.717207937,0.43173121700000006,0.278711911,0.2640073299407959,0.438496026,0.2854767199999999,1.332343168,9626,191,191,0,4063,0,1581,670,3121,4648,0,0,3,4804,4682,122,3121,1561,0,1815,124,1278,4784,1,3558,,0.0
450,SKIPPED_PREDICTED_IN_TARGETED,adversarial_example_found_or_best_known,feasibility,true,true,true,true,2.2410409404484843,-16.874292785828768;-18.693010771475816;-9.13870824613213;2.4236912277142713;-16.633377721453947;4.664732168162756;-12.837538205061414;-16.288981833070302;-5.341585905311758;-12.060242129602688,0.0;0.0;0.0;0.0;0.0;0.0;0.0;0.0;0.0;0.0;0.0;0.0;0.0;0.0;0.0;0.0;0.0;0.0;0.0;0.0;0.0;0.0;0.0;0.0;0.0;0.0;0.0;0.0;0.0;0.0;0.0;0.0;0.0;0.0;0.0;0.0;0.0;0.0;0.0;0.0;0.0;0.0;0.0;0.0;0.0;0.0;0.0;0.0;0.0;0.0;0.0;0.0;0.0;0.0;0.0;0.0;0.0;0.0;0.0;0.0;0.0;0.0;0.0;0.0;0.0;0.0;0.0;0.0;0.0;0.0;0.0;0.0;0.0;0.0;0.0;0.0;0.0;0.0;0.0;0.0;0.0;0.0;0.0;0.0;0.0;0.0;0.0;0.0;0.0;0.0;0.0;0.0;0.0;0.0;0.0;0.0;0.0;0.0;0.0;0.0;0.0;0.0;0.0;0.0;0.0;0.0;0.0;0.0;0.0;0.0;0.0;0.0;0.0;0.0;0.0;0.0;0.0;0.47843137254901963;0.996078431372549;0.996078431372549;0.40784313725490196;0.0;0.0;0.0;0.0;0.0;0.0;0.0;0.0;0.0;0.0;0.0;0.0;0.0;0.0;0.0;0.0;0.0;0.0;0.0;0.0;0.0;0.0;0.0;0.0;0.4745098039215686;0.9921568627450981;0.9921568627450981;0.6784313725490196;0.0;0.0;0.0;0.0;0.0;0.0;0.0;0.0;0.0;0.0;0.0;0.0;0.0;0.0;0.0;0.0;0.0;0.0;0.0;0.0;0.0;0.0;0.0;0.0;0.30196078431372547;0.9764705882352941;0.9921568627450981;0.6784313725490196;0.0;0.0;0.0;0.0;0.0;0.0;0.0;0.0;0.0;0.0;0.0;0.0784313725490196;0.3137254901960784;0.0;0.0;0.0;0.0;0.0;0.0;0.0;0.0;0.0;0.0;0.0;0.0;0.9450980392156862;0.9921568627450981;0.6784313725490196;0.0;0.0;0.050980392156862744;0.28627450980392155;0.0;0.0;0.0;0.0;0.0;0.0;0.39215686274509803;0.8705882352941177;0.9686274509803922;0.7529411764705882;0.0;0.0;0.0;0.0;0.0;0.0;0.0;0.0;0.0;0.0;0.0;0.9450980392156862;0.9921568627450981;0.7607843137254902;0.26666666666666666;0.3764705882352941;0.8196078431372549;0.9725490196078431;0.48627450980392156;0.12549019607843137;0.0;0.0;0.0;0.0;0.788235294117647;0.9921568627450981;0.9921568627450981;0.9137254901960784;0.11372549019607843;0.0;0.0;0.0;0.0;0.0;0.0;0.0;0.0;0.0;0.0;0.9450980392156862;0.9921568627450981;0.9921568627450981;0.9921568627450981;0.9921568627450981;0.9921568627450981;0.9921568627450981;0.9921568627450981;0.47058823529411764;0.0;0.0;0.0;0.0;0.6196078431372549;0.9372549019607843;0.9921568627450981;0.9921568627450981;0.803921568627451;0.0;0.0;0.0;0.0;0.0;0.0;0.0;0.0;0.0;0.0;0.9450980392156862;0.9921568627450981;0.9921568627450981;0.9921568627450981;0.9921568627450981;0.9921568627450981;0.9921568627450981;0.9921568627450981;0.8274509803921568;0.0;0.0;0.0;0.0;0.0;0.3764705882352941;0.9921568627450981;0.9921568627450981;0.9411764705882353;0.0;0.0;0.0;0.0;0.0;0.0;0.0;0.0;0.0;0.0;0.9450980392156862;0.9921568627450981;0.9921568627450981;0.9921568627450981;0.9921568627450981;0.9215686274509803;0.9529411764705882;0.9921568627450981;0.9921568627450981;0.0;0.0;0.0;0.0;0.0;0.21176470588235294;0.9921568627450981;0.9921568627450981;0.9411764705882353;0.0;0.0;0.0;0.0;0.0;0.0;0.0;0.0;0.0;0.0;0.9450980392156862;0.9921568627450981;0.9921568627450981;0.9921568627450981;0.9803921568627451;0.29411764705882354;0.6313725490196078;0.9921568627450981;0.9921568627450981;0.30980392156862746;0.0;0.0;0.0;0.0;0.21176470588235294;0.9921568627450981;0.9921568627450981;0.6352941176470588;0.0;0.0;0.0;0.0;0.0;0.0;0.0;0.0;0.0;0.0;0.9450980392156862;0.9921568627450981;0.9921568627450981;0.9921568627450981;0.5019607843137255;0.0;0.6313725490196078;0.9921568627450981;0.9921568627450981;0.5254901960784314;0.0;0.0;0.0;0.0;0.49019607843137253;0.9921568627450981;0.9921568627450981;0.4196078431372549;0.0;0.0;0.0;0.0;0.0;0.0;0.0;0.0;0.0;0.0;0.9490196078431372;0.996078431372549;0.996078431372549;0.8745098039215686;0.13725490196078433;0.0;0.3843137254901961;0.996078431372549;0.996078431372549;0.7529411764705882;0.023529411764705882;0.0;0.0;0.0;0.7372549019607844;1.0;1.0;0.4196078431372549;0.0;0.0;0.0;0.0;0.0;0.0;0.0;0.0;0.0;0.0;0.4470588235294118;0.9921568627450981;0.9921568627450981;0.7294117647058823;0.0;0.0;0.00784313725490196;0.596078431372549;0.9921568627450981;0.996078431372549;0.050980392156862744;0.0;0.0;0.0;0.7333333333333333;0.9921568627450981;0.9921568627450981;0.4196078431372549;0.0;0.0;0.0;0.0;0.0;0.0;0.0;0.0;0.0;0.0;0.4235294117647059;0.9921568627450981;0.9921568627450981;0.7294117647058823;0.0;0.0;0.0;0.5764705882352941;0.9921568627450981;0.996078431372549;0.5176470588235295;0.0;0.0;0.23921568627450981;0.9686274509803922;0.9921568627450981;0.9529411764705882;0.2627450980392157;0.0;0.0;0.0;0.0;0.0;0.0;0.0;0.0;0.0;0.0;0.4235294117647059;0.9921568627450981;0.9921568627450981;0.5607843137254902;0.0;0.0;0.0;0.13725490196078433;0.9921568627450981;0.996078431372549;0.7058823529411765;0.03529411764705882;0.0;0.26666666666666666;0.9921568627450981;0.9921568627450981;0.8862745098039215;0.0;0.0;0.0;0.0;0.0;0.0;0.0;0.0;0.0;0.0;0.0;0.6980392156862745;0.9921568627450981;0.9921568627450981;0.48627450980392156;0.0;0.0;0.0;0.054901960784313725;0.9921568627450981;0.996078431372549;0.9921568627450981;0.10196078431372549;0.0;0.6784313725490196;0.9921568627450981;0.9921568627450981;0.4745098039215686;0.0;0.0;0.0;0.0;0.0;0.0;0.0;0.0;0.0;0.0;0.0;0.3333333333333333;0.7803921568627451;0.7803921568627451;0.16470588235294117;0.0;0.0;0.0;0.01568627450980392;0.6470588235294118;0.996078431372549;0.9921568627450981;0.21176470588235294;0.23529411764705882;0.9411764705882353;0.9921568627450981;0.9607843137254902;0.2901960784313726;0.0;0.0;0.0;0.0;0.0;0.0;0.0;0.0;0.0;0.0;0.0;0.0;0.0;0.0;0.0;0.0;0.0;0.0;0.0;0.16470588235294117;1.0;0.9921568627450981;0.8784313725490196;0.7803921568627451;0.9921568627450981;0.9921568627450981;0.8352941176470589;0.0;0.0;0.0;0.0;0.0;0.0;0.0;0.0;0.0;0.0;0.0;0.0;0.0;0.0;0.0;0.0;0.0;0.0;0.0;0.0;0.0;0.6627450980392157;0.9921568627450981;0.9921568627450981;0.9921568627450981;0.9921568627450981;0.9921568627450981;0.7803921568627451;0.0;0.0;0.0;0.0;0.0;0.0;0.0;0.0;0.0;0.0;0.0;0.0;0.0;0.0;0.0;0.0;0.0;0.0;0.0;0.0;0.0;0.45098039215686275;0.9607843137254902;0.9921568627450981;0.9921568627450981;0.9921568627450981;0.9529411764705882;0.29411764705882354;0.0;0.0;0.0;0.0;0.0;0.0;0.0;0.0;0.0;0.0;0.0;0.0;0.0;0.0;0.0;0.0;0.0;0.0;0.0;0.0;0.0;0.0;0.4235294117647059;0.9921568627450981;0.9921568627450981;0.8549019607843137;0.12156862745098039;0.0;0.0;0.0;0.0;0.0;0.0;0.0;0.0;0.0;0.0;0.0;0.0;0.0;0.0;0.0;0.0;0.0;0.0;0.0;0.0;0.0;0.0;0.0;0.0;0.0;0.0;0.0;0.0;0.0;0.0;0.0;0.0;0.0;0.0;0.0;0.0;0.0;0.0;0.0;0.0;0.0;0.0;0.0;0.0;0.0;0.0;0.0;0.0;0.0;0.0;0.0;0.0;0.0;0.0;0.0;0.0;0.0;0.0;0.0;0.0;0.0;0.0;0.0;0.0;0.0;0.0;0.0;0.0;0.0;0.0;0.0;0.0;0.0;0.0;0.0;0.0;0.0;0.0;0.0;0.0;0.0;0.0;0.0;0.0;0.0;0.0;0.0;0.0;0.0;0.0;0.0;0.0;0.0;0.0;0.0;0.0;0.0;0.0;0.0;0.0;0.0;0.0;0.0;0.0;0.0;0.0;0.0;0.0;0.0;0.0;0.0;0.0;0.0;0.0;0.0;0.0;0.0;0.0;0.0,0.003302688,0.0,0.0,0.0,,,,,,,,,,,,,,,,,,,,,,,,,,,,,,,,,,
451,INFEASIBLE,certified_no_adversarial_example,feasibility,false,false,false,false,,,,0.667419013,0.024118423461914062,0.0,0.0,0.629283016,0.342402074,0.200605231,0.18715620040893555,0.42867778500000003,0.286880942,0.03637927,9626,154,154,0,4076,0,1597,690,3109,2867,0,0,3,4804,4716,88,3109,1607,0,1744,88,1137,4537,,571,0,
452,INFEASIBLE,certified_no_adversarial_example,feasibility,false,false,false,false,,,,0.631701659,0.01938796043395996,0.0,0.0,0.599371283,0.29633457199999996,0.165555182,0.15355658531188965,0.433816101,0.303036711,0.03052592,9626,130,130,0,4077,0,1610,713,3096,2224,0,0,3,4804,4727,77,3096,1631,0,1726,80,1100,4472,,451,0,
453,INFEASIBLE,certified_no_adversarial_example,feasibility,false,false,false,false,,,,0.986238386,0.03909754753112793,0.0,0.0,0.931469776,0.6440444359999999,0.4918750989999998,0.3188779354095459,0.4395946770000002,0.2874253400000001,0.052950798,9626,213,213,0,4038,0,1570,668,3137,5372,0,0,3,4804,4675,129,3137,1538,0,1829,131,1306,4833,,660,0,
454,INFEASIBLE,certified_no_adversarial_example,feasibility,false,false,false,false,,,,0.961185681,0.029543161392211914,0.0,0.0,0.914480892,0.58054994,0.39465600199999995,0.3765578269958496,0.5198248900000001,0.333930952,0.044913416,9626,258,258,0,4078,0,1543,698,3049,7297,0,0,3,4804,4648,156,3049,1599,0,1884,159,1416,5025,,479,0,
455,INFEASIBLE,certified_no_adversarial_example,feasibility,false,false,false,false,,,,0.744913828,0.029660940170288086,0.0,0.0,0.70095026,0.415479359,0.268693049,0.25446581840515137,0.43225721100000003,0.28547090100000005,0.042174229,9626,187,187,0,4042,0,1580,680,3137,4659,0,0,3,4804,4690,114,3137,1553,0,1799,116,1246,4728,,567,0,
456,INFEASIBLE,certified_no_adversarial_example,feasibility,false,false,false,false,,,,0.665689617,0.034523725509643555,0.0,0.0,0.61817316,0.346172129,0.21713997200000001,0.2050342559814453,0.401033188,0.272001031,0.0457497,9626,146,146,0,3999,0,1602,638,3241,3711,0,0,3,4804,4722,82,3241,1481,0,1736,85,1120,4507,,608,0,
457,INFEASIBLE,certified_no_adversarial_example,feasibility,false,false,false,false,,,,0.798001093,0.04248762130737305,0.0,0.0,0.74067594,0.45219134899999996,0.30705834099999996,0.29259204864501953,0.4336175990000001,0.28848459100000007,0.055553909,9626,198,198,0,4028,0,1575,665,3160,5874,0,0,3,4804,4675,129,3160,1515,0,1826,129,1301,4824,,765,0,
458,INFEASIBLE,certified_no_adversarial_example,feasibility,false,false,false,false,,,,0.885283538,0.04786968231201172,0.0,0.0,0.821969152,0.535615462,0.36175126300000005,0.34654903411865234,0.46021788899999994,0.28635369,0.061529737,9626,194,194,0,4050,0,1579,672,3131,6724,0,0,3,4804,4667,137,3131,1536,0,1845,139,1338,4889,,739,0,
459,INFEASIBLE,certified_no_adversarial_example,feasibility,false,false,false,false,,,,0.88932877,0.03939533233642578,0.0,0.0,0.833923853,0.536670163,0.38149208200000007,0.36499714851379395,0.452431771,0.29725369,0.053622865,9626,224,224,0,4065,0,1562,648,3127,8084,0,0,3,4804,4659,145,3127,1532,0,1862,148,1372,4948,,633,0,
460,INFEASIBLE,certified_no_adversarial_example,feasibility,false,false,false,false,,,,0.836876583,0.023641109466552734,0.0,0.0,0.797944821,0.47654655900000004,0.318725337,0.3033897876739502,0.479219484,0.32139826199999993,0.037156119,9626,221,221,0,4054,0,1566,682,3103,4674,0,0,3,4804,4675,129,3103,1572,0,1831,133,1310,4839,,259,0,
461,INFEASIBLE,certified_no_adversarial_example,feasibility,false,false,false,false,,,,0.997563774,0.050074100494384766,0.0,0.0,0.932506547,0.6599783269999999,0.372762586,0.35855698585510254,0.559743961,0.2725282200000001,0.063258372,9626,196,196,0,4029,0,1572,658,3171,6069,0,0,3,4804,4690,114,3171,1519,0,1799,116,1246,4728,,903,0,
462,INFEASIBLE,certified_no_adversarial_example,feasibility,false,false,false,false,,,,0.680359751,0.018047809600830078,0.0,0.0,0.649708687,0.350229619,0.200367753,0.18735551834106445,0.44934093399999997,0.29947906799999996,0.028871815,9626,161,161,0,4082,0,1595,693,3095,3493,0,0,3,4804,4714,90,3095,1619,0,1752,93,1152,4563,,407,0,
463,INFEASIBLE,certified_no_adversarial_example,feasibility,false,false,false,false,,,,0.653826668,0.022725343704223633,0.0,0.0,0.618423258,0.33525326099999997,0.210657614,0.19810843467712402,0.407765644,0.283169997,0.033583945,9626,166,166,0,4104,0,1593,702,3061,2732,0,0,3,4804,4719,85,3061,1658,0,1741,87,1130,4525,,478,0,
464,INFEASIBLE,certified_no_adversarial_example,feasibility,false,false,false,false,,,,0.828919725,0.02216362953186035,0.0,0.0,0.7915957,0.49443293099999996,0.34114438,0.32532191276550293,0.45045132,0.29716276900000005,0.035580103,9626,235,235,0,4081,0,1557,675,3078,5848,0,0,3,4804,4668,136,3078,1590,0,1843,138,1334,4882,,472,0,
465,INFEASIBLE,certified_no_adversarial_example,feasibility,false,false,false,false,,,,1.485680566,0.2901334762573242,0.0,0.0,1.178182843,0.852854767,0.669578596,0.6509239673614502,0.5086042470000001,0.32532807600000013,0.305698015,9626,288,288,0,4076,0,1531,651,3080,11316,0,0,3,4804,4631,173,3080,1551,0,1918,176,1484,5144,,1096,0,
466,INFEASIBLE,certified_no_adversarial_example,feasibility,false,false,false,false,,,,0.667961261,0.03036808967590332,0.0,0.0,0.624818033,0.34357166100000003,0.211748154,0.19880056381225586,0.41306987900000003,0.281246372,0.04138594,9626,168,168,0,4073,0,1592,693,3100,2840,0,0,3,4804,4711,93,3100,1611,0,1754,93,1157,4572,,636,0,
467,INFEASIBLE,certified_no_adversarial_example,feasibility,false,false,false,false,,,,0.935236725,0.05180692672729492,0.0,0.0,0.866760874,0.574881783,0.40660614900000003,0.3898656368255615,0.460154725,0.291879091,0.066707122,9626,260,260,0,4065,0,1545,665,3091,7079,0,0,3,4804,4640,164,3091,1549,0,1900,167,1448,5081,,760,0,
468,INFEASIBLE,certified_no_adversarial_example,feasibility,false,false,false,false,,,,0.801751848,0.03144693374633789,0.0,0.0,0.755877189,0.45959663200000006,0.30457735300000005,0.2903289794921875,0.45129983599999995,0.29628055699999994,0.043886927,9626,194,194,0,4061,0,1577,666,3128,5308,0,0,3,4804,4686,118,3128,1558,0,1808,121,1264,4759,,574,0,
469,INFEASIBLE,certified_no_adversarial_example,feasibility,false,false,false,false,,,,0.714654866,0.0459284782409668,0.0,0.0,0.655705027,0.36824058700000006,0.22640904900000006,0.21355628967285156,0.42929597799999997,0.28746443999999993,0.05720163,9626,162,162,0,4061,0,1595,673,3135,3364,0,0,3,4804,4717,87,3135,1582,0,1747,91,1142,4545,,852,0,
470,INFEASIBLE,certified_no_adversarial_example,feasibility,false,false,false,false,,,,0.81533585,0.020869016647338867,0.0,0.0,0.780123738,0.46237619700000004,0.304154341,0.28968286514282227,0.475969397,0.31774754099999997,0.033393055,9626,196,196,0,4070,0,1575,691,3094,5215,0,0,3,4804,4685,119,3094,1591,0,1809,121,1266,4763,,436,0,
471,INFEASIBLE,certified_no_adversarial_example,feasibility,false,false,false,false,,,,1.09365767,0.03588223457336426,0.0,0.0,1.041500084,0.7493111830000001,0.589827576,0.4189765453338623,0.4516725079999999,0.29218890099999983,0.050393796,9626,232,232,0,4067,0,1559,665,3103,7912,0,0,3,4804,4653,151,3103,1550,0,1875,155,1398,4993,,560,0,
472,INFEASIBLE,certified_no_adversarial_example,feasibility,false,false,false,false,,,,0.96759836,0.20015978813171387,0.0,0.0,0.751979592,0.476869714,0.31868864,0.3046910762786865,0.43329095199999995,0.275109878,0.213839217,9626,203,203,0,4012,0,1573,652,3186,5787,0,0,3,4804,4684,120,3186,1498,0,1812,123,1272,4773,,758,0,
473,INFEASIBLE,certified_no_adversarial_example,feasibility,false,false,false,false,,,,0.909659091,0.06512331962585449,0.0,0.0,0.818471619,0.50786348,0.35703693299999995,0.3419952392578125,0.46143468600000004,0.31060813899999995,0.089426257,9626,218,218,0,4049,0,1565,668,3126,5822,0,0,3,4804,4680,124,3126,1554,0,1821,128,1290,4804,,974,0,
474,INFEASIBLE,certified_no_adversarial_example,feasibility,false,false,false,false,,,,0.781509476,0.0313258171081543,0.0,0.0,0.73536001,0.46053199300000003,0.32963266199999997,0.31532764434814453,0.405727348,0.2748280169999999,0.044385016,9626,218,218,0,3970,0,1567,613,3258,4931,0,0,3,4804,4688,116,3258,1430,0,1804,119,1256,4745,,497,0,
475,INFEASIBLE,certified_no_adversarial_example,feasibility,false,false,false,false,,,,0.905336586,0.03832888603210449,0.0,0.0,0.851078756,0.543313516,0.378671293,0.3624727725982666,0.472407463,0.30776524000000005,0.052470044,9626,242,242,0,4103,0,1551,681,3049,7006,0,0,3,4804,4657,147,3049,1608,0,1869,153,1386,4971,,552,0,
476,INFEASIBLE,certified_no_adversarial_example,feasibility,false,false,false,false,,,,0.804651159,0.03653836250305176,0.0,0.0,0.753895091,0.46089729300000004,0.30607551,0.2915666103363037,0.44781958099999997,0.2929977979999999,0.048959857,9626,206,206,0,4094,0,1573,698,3055,4934,0,0,3,4804,4676,128,3055,1621,0,1824,128,1297,4817,,632,0,
477,INFEASIBLE,certified_no_adversarial_example,feasibility,false,false,false,false,,,,0.766496411,0.03534197807312012,0.0,0.0,0.718080328,0.44733950499999997,0.2980188389999999,0.28488826751708984,0.42006148900000007,0.270740823,0.046642285,9626,186,186,0,3999,0,1578,644,3219,5289,0,0,3,4804,4706,98,3219,1487,0,1767,100,1182,4616,,645,0,
478,INFEASIBLE,certified_no_adversarial_example,feasibility,false,false,false,false,,,,0.684380625,0.021484851837158203,0.0,0.0,0.649968321,0.37638612800000004,0.233013679,0.21962833404541016,0.416954642,0.273582193,0.03266206,9626,190,190,0,4043,0,1580,693,3120,3204,0,0,3,4804,4700,104,3120,1580,0,1776,104,1201,4649,,520,0,
479,INFEASIBLE,certified_no_adversarial_example,feasibility,false,false,false,false,,,,2.514885562,1.7648143768310547,,0.0,0.735494176,0.452301206,0.306268497,0.2914927005767822,0.429225679,0.28319297,1.777640781,9626,216,216,0,4037,0,1562,655,3156,5739,0,0,3,4804,4675,129,3156,1519,0,1830,132,1308,4836,,1644,0,
480,OPTIMAL,adversarial_example_found_or_best_known,feasibility,true,true,true,true,2.2426505097428162e-14,-8.495760442481455;-19.60517450965425;-9.341113809526824;-4.0264468555466335;-5.947078719413538;-4.257909736944197;-11.137041863365447;-9.940260140484584;-0.26353621931831905;-0.2635362193183415,0.1;0.0;0.0;0.1;0.1;0.0;0.0;0.1;0.1;0.0;0.0;0.0;0.0;0.1;0.1;0.1;0.1;0.0;0.0;0.1;0.1;0.0;0.0;0.1;0.1;0.0;0.0;0.1;0.1;0.0;0.0;0.1;0.0;0.0;0.0;0.1;0.0;0.0;0.0;0.0;0.0;0.0;0.0;0.1;0.1;0.1;0.0;0.1;0.1;0.1;0.0;0.1;0.0;0.0;0.0;0.0;0.0;0.0;0.0;0.1;0.1;0.0;0.0;0.1;0.1;0.0;0.0;0.0;0.0;0.0;0.0;0.0;0.1;0.0;0.0;0.1;0.1;0.0;0.0;0.1;0.1;0.0;0.0;0.0;0.0;0.1;0.0;0.1;0.0;0.1;0.1;0.1;0.0;0.1;0.0;0.1;0.0;0.0;0.0;0.0;0.0;0.0;0.0;0.1;0.0;0.0;0.1;0.1;0.0;0.1;0.0;0.0;0.0;0.0;0.0;0.1;0.1;0.0;0.0;0.1;0.0;0.0;0.0;0.1;0.0;0.0;0.0;0.0;0.0;0.0;0.0;0.1;0.1;0.0;0.0;0.1;0.1;0.0;0.0;0.0;0.0;0.0;0.0;0.1;0.1;0.1;0.1;0.0;0.0;0.0;0.0;0.1;0.0;0.0;0.0;0.0;0.0;0.0;0.0;0.1;0.0;0.0;0.0;0.1;0.1;0.1;0.0;0.1;0.1;0.0;0.0;0.0;0.1;0.0;0.0;0.0;0.0;0.0;0.0;0.1;0.1;0.0;0.0;0.0;0.0;0.0;0.0;0.1;0.1;0.0;0.0;0.1;0.1;0.1;0.1;0.0;0.0;0.1;0.0;0.0;0.1;0.1;0.1;0.17224849028426803;0.10135073180464864;0.49904182103803957;0.5003976226839948;0.49215686274509807;0.3509803921568627;0.10211316402623871;0.0;0.0;0.0;0.0;0.0;0.1;0.0;0.0;0.1;0.0;0.06838944326460947;0.0;0.09169424319883382;0.0;0.1;0.0;0.0;0.0;0.0;0.1;0.3235294117647059;0.7549019607843137;0.8921568627450981;0.8921568627450981;0.8921568627450981;1.0;0.8921568627450981;0.8372549019607843;0.10226138891189583;0.1;0.0;0.0;0.0;0.1;0.1;0.0;0.0;0.0;0.0;0.1;0.1;0.0;0.0;0.0;0.0;0.0;0.1;0.19019607843137254;0.8684079104591568;0.8921568627450981;0.5980392156862745;0.6254901960784314;0.4254901960784314;0.6254901960784314;0.8941773525357358;1.0;0.7392156862745098;0.1023732726242817;0.0;0.0;0.1;0.0;0.0;0.10462333212666036;0.10158400120628351;0.1;0.1;0.1;0.1;0.1;0.1;0.0;0.0;0.0;0.0985484796690204;0.5549019607843138;1.0;0.707843137254902;0.09801115720750973;0.0;0.0995868196888672;0.0;0.0;0.46862745098039216;0.8921568627450981;0.19411764705882353;0.0;0.0;0.0;0.1;0.3431372549019608;1.0;0.46862745098039216;0.0;0.0;0.1;0.1;0.0;0.0;0.1;0.0;0.1;0.1;1.0;0.7901960784313725;0.10391635070449809;0.1;0.0;0.1;0.0;0.1;0.16666666666666669;1.0;0.7313725490196078;0.1;0.0;0.1;0.1392156862745098;0.7980392156862745;0.7549019607843137;1.0;0.5196078431372549;0.0;0.1;0.0;0.0;0.1;0.0;0.0;0.1;0.09955041986897105;1.0;0.5941176470588235;0.0;0.0;0.0;0.1;0.0;0.0;0.10784313725490197;0.7666666666666666;0.5313725490196078;0.0;0.0;0.0;0.11176470588235295;0.1627450980392157;0.1;0.6686274509803922;0.7549019607843137;0.1018582944430703;0.1;0.1;0.0;0.1;0.0;0.0;0.0;0.1;0.9;0.5941176470588235;0.0;0.0;0.0;0.1;0.1;0.1;0.11345437974702961;0.6882352941176471;0.4647058823529412;0.1;0.0;0.1;0.0;0.0;0.1;0.36274509803921573;1.0;0.4294117647058824;0.1;0.0;0.0;0.0;0.0;0.0;0.1;0.1;0.9431372549019608;0.703921568627451;0.14705882352941177;0.0;0.0;0.0;0.1;0.1;0.15098039215686276;0.8176470588235294;0.11176470588235293;0.0;0.0;0.1;0.1;0.1;0.1;0.22941176470588237;0.8921568627450981;1.0;0.1;0.1;0.0;0.1;0.0;0.1;0.0;0.1;0.3745135817333003;1.0;0.48039215686274506;0.18627450980392157;0.10188684368650916;0.11176470588235295;0.1;0.1;0.6019607843137255;0.8568627450980392;0.10352130516464167;0.1;0.0;0.0;0.0;0.0;0.0;0.22941176470588237;1.0;0.8921568627450981;0.1;0.0;0.0;0.1;0.0;0.0;0.0;0.1;0.15098039215686276;0.8137254901960784;1.0;1.0;1.0;0.7901960784313725;0.7588235294117647;0.5784313725490197;1.0;0.4607843137254902;0.1;0.1;0.1;0.1;0.0;0.0;0.1;0.22941176470588237;0.8921568627450981;0.8921568627450981;0.1;0.1;0.0;0.1;0.0;0.1;0.0;0.1;0.1;0.1588235294117647;0.6490196078431373;1.0;0.8921568627450981;1.0;0.8921568627450981;1.0;1.0;0.7745098039215687;0.37450980392156863;0.28823529411764703;0.1;0.1;0.1;0.0;0.10196154656895644;0.7431372549019608;1.0;0.5470588235294118;0.1;0.0;0.0;0.1;0.1;0.0534235514526919;0.0;0.0;0.1;0.09876196831492497;0.0;0.21372549019607845;0.5666666666666667;0.3666666666666667;0.5666666666666667;0.6882352941176471;0.9941176470588236;0.8921568627450981;1.0;1.0;0.7745098039215687;0.6294117647058823;0.6294117647058823;0.5392156862745098;0.8725490196078431;1.0;1.0;0.09487943713997743;0.1;0.1;0.0;0.0;0.1;0.1;0.0;0.0;0.1;0.1;0.0;0.1;0.1;0.1;0.1;0.1;0.10395213938542733;0.307843137254902;0.6451495487887852;0.6372549019607844;0.7700395389430259;1.0;1.0;1.0;0.7975695385722253;0.888649000104993;0.2529411764705882;0.0;0.1;0.0;0.0;0.1;0.1;0.1;0.0;0.0;0.1;0.1;0.1;0.1;0.1;0.1;0.1;0.1;0.1;0.0980282364849548;0.0;0.1;0.0;0.43333333333333335;0.6450980392156862;0.2686274509803922;0.13137254901960785;0.04509803921568628;0.1;0.1;0.1;0.1;0.0;0.1;0.1;0.0;0.0;0.0;0.0;0.1;0.0;0.0;0.0;0.0;0.0;0.1;0.1;0.1;0.1;0.1;0.0;0.1;0.0;0.1;0.1;0.1;0.1;0.1;0.1;0.0;0.0;0.1;0.1;0.1;0.0;0.0;0.1;0.1;0.0;0.0;0.0;0.0;0.0;0.0;0.1;0.1;0.1;0.1;0.0;0.0;0.1;0.1;0.1;0.1;0.1;0.1;0.1;0.1;0.0;0.0;0.0;0.0;0.0;0.0;0.0;0.07190661220858124;0.0;0.1;0.0;0.1;0.0;0.1;0.0;0.1;0.0;0.1;0.0;0.0;0.0;0.1;0.0;0.0;0.1;0.0;0.0;0.0;0.1;0.1;0.1;0.0;0.0;0.0;0.0;0.0;0.1;0.1;0.1;0.1;0.0;0.0;0.1;0.1;0.1;0.1;0.0;0.0;0.1;0.1;0.0;0.0;0.1;0.1;0.0;0.0;0.0;0.0;0.1;0.0;0.1;0.0;0.0;0.0;0.1;0.1;0.1;0.1;0.1;0.1;0.1;0.0;0.1;0.0;0.1;0.0;0.1;0.1;0.0;0.1;0.1;0.1;0.1;0.0;0.1;0.1;0.1;0.1;0.1;0.1;0.0;0.0;0.1;0.1;0.1;0.1;0.1;0.1;0.0;0.0;0.1;0.1;0.0;0.0;0.1;0.1;0.0;0.0;0.1;0.1;0.0;0.0;0.1;0.0;0.0;0.0;0.1;0.1;0.0;0.0;0.1;0.0;0.1;0.0;0.1;0.0;0.0;0.0;0.1;0.0;0.1;0.1;0.1;0.1;0.1;0.1;0.0;0.1;0.0;0.0;0.0,48.723292512,47.87810516357422,0.0,0.0,0.827716174,0.509501517,0.35895422599999993,0.34372973442077637,0.46876194800000004,0.31821465699999996,47.891742612,9626,220,220,0,4053,0,1566,683,3104,7264,0,0,3,4804,4653,151,3104,1549,0,1874,154,1396,4990,1,535150,,0.0
481,INFEASIBLE,certified_no_adversarial_example,feasibility,false,false,false,false,,,,0.761662939,0.02417755126953125,0.0,0.0,0.724812117,0.472260946,0.20135829,0.18998956680297852,0.523453827,0.252551171,0.035101609,9626,148,148,0,3979,0,1603,636,3260,3222,0,0,3,4804,4722,82,3260,1462,0,1737,86,1122,4510,,450,0,
482,INFEASIBLE,certified_no_adversarial_example,feasibility,false,false,false,false,,,,0.756382471,0.03334975242614746,0.0,0.0,0.708984842,0.42493560799999996,0.276069357,0.2625236511230469,0.432915485,0.28404923400000004,0.045626086,9626,187,187,0,4039,0,1582,662,3156,4692,0,0,3,4804,4689,115,3156,1533,0,1798,115,1245,4726,,625,0,
483,INFEASIBLE,certified_no_adversarial_example,feasibility,false,false,false,false,,,,0.757398944,0.027059555053710938,0.0,0.0,0.716387814,0.447270433,0.288410877,0.2746620178222656,0.42797693699999995,0.26911738099999993,0.039202867,9626,190,190,0,4021,0,1580,661,3174,4835,0,0,3,4804,4698,106,3174,1524,0,1783,108,1214,4672,,522,0,
484,INFEASIBLE,certified_no_adversarial_example,feasibility,false,false,false,false,,,,0.73980187,0.0292661190032959,0.0,0.0,0.696186136,0.403558426,0.27378146800000003,0.2597959041595459,0.422404668,0.29262771,0.041826808,9626,198,198,0,4003,0,1576,656,3193,4451,0,0,3,4804,4686,118,3193,1493,0,1810,123,1268,4765,,503,0,
485,INFEASIBLE,certified_no_adversarial_example,feasibility,false,false,false,false,,,,0.738192569,0.027779340744018555,0.0,0.0,0.696438809,0.405566764,0.26997237500000004,0.25714921951293945,0.42646643399999995,0.29087204499999997,0.039974362,9626,161,161,0,4027,0,1594,672,3172,5345,0,0,3,4804,4698,106,3172,1526,0,1780,106,1209,4663,,580,0,
486,INFEASIBLE,certified_no_adversarial_example,feasibility,false,false,false,false,,,,0.813282922,0.03770589828491211,0.0,0.0,0.759856771,0.46958948199999995,0.30680962700000003,0.2915482521057129,0.453047144,0.2902672890000001,0.05163964,9626,204,204,0,4055,0,1570,677,3120,5936,0,0,3,4804,4674,130,3120,1554,0,1832,133,1312,4843,,689,0,
487,INFEASIBLE,certified_no_adversarial_example,feasibility,false,false,false,false,,,,0.794073939,0.03314852714538574,0.0,0.0,0.745690256,0.451397896,0.30238918699999995,0.2868683338165283,0.4433010690000001,0.29429236000000003,0.046607653,9626,201,201,0,4062,0,1574,688,3101,5539,0,0,3,4804,4672,132,3101,1571,0,1838,137,1324,4863,,538,0,
488,INFEASIBLE,certified_no_adversarial_example,feasibility,false,false,false,false,,,,0.881932305,0.04964947700500488,0.0,0.0,0.817673883,0.512021728,0.35533098300000004,0.3402597904205322,0.46234289999999995,0.305652155,0.062492349,9626,209,209,0,4053,0,1567,648,3149,6871,0,0,3,4804,4678,126,3149,1529,0,1820,126,1289,4803,,824,0,
489,INFEASIBLE,certified_no_adversarial_example,feasibility,false,false,false,false,,,,0.912072103,0.03139853477478027,0.0,0.0,0.866529255,0.441462555,0.306817573,0.2929549217224121,0.559711682,0.4250667,0.043802024,9626,198,198,0,4030,0,1576,664,3158,6189,0,0,3,4804,4683,121,3158,1525,0,1810,121,1269,4768,,599,0,
490,INFEASIBLE,certified_no_adversarial_example,feasibility,false,false,false,false,,,,0.644434684,0.021447181701660156,0.0,0.0,0.600969103,0.34290716,0.203053594,0.1914069652557373,0.39791550899999995,0.25806194299999996,0.041685091,9626,153,153,0,3972,0,1599,639,3263,3050,0,0,3,4804,4732,72,3263,1469,0,1717,76,1082,4440,,421,0,
491,INFEASIBLE,certified_no_adversarial_example,feasibility,false,false,false,false,,,,0.764439873,0.027856111526489258,0.0,0.0,0.722162539,0.44466892699999994,0.288591001,0.27428555488586426,0.43357153800000003,0.2774936120000001,0.0404357,9626,205,205,0,4044,0,1568,684,3125,5446,0,0,3,4804,4685,119,3125,1560,0,1809,121,1266,4763,,624,0,
492,INFEASIBLE,certified_no_adversarial_example,feasibility,false,false,false,false,,,,0.936922866,0.03805112838745117,0.0,0.0,0.88315006,0.574265241,0.408452244,0.3919718265533447,0.47469781599999994,0.308884819,0.051977599,9626,219,219,0,4042,0,1564,678,3123,7260,0,0,3,4804,4664,140,3123,1541,0,1851,142,1350,4910,,613,0,
493,OPTIMAL,adversarial_example_found_or_best_known,feasibility,true,true,true,true,-7.993605777301127e-15,-7.765711656076588;-14.852334701037336;4.164023912954023;0.3305767974981453;-20.45311379128098;-7.421072374207565;-10.12886876205821;-11.603740960945112;4.164023912954015;-10.587775716446904,0.0;0.1;0.1;0.0;0.0;0.0;0.0;0.1;0.1;0.0;0.0;0.1;0.1;0.0;0.0;0.1;0.0;0.0;0.0;0.0;0.0;0.1;0.1;0.0;0.0;0.1;0.1;0.0;0.1;0.1;0.1;0.0;0.0;0.0;0.0;0.1;0.1;0.0;0.0;0.0;0.1;0.1;0.1;0.1;0.0;0.0;0.0;0.0;0.0;0.0;0.0;0.0;0.0;0.0;0.0;0.0;0.0;0.0;0.1;0.0;0.0;0.1;0.0;0.1;0.1;0.1;0.0;0.1;0.1;0.1;0.1;0.1;0.0;0.0;0.0;0.0;0.0;0.0;0.0;0.0;0.0;0.0;0.0;0.0;0.0;0.0;0.0;0.0;0.0;0.1;0.0;0.1;0.0;0.0;0.1;0.1;0.1;0.0;0.1;0.0;0.1;0.1;0.0;0.0;0.0;0.0;0.0;0.0;0.0;0.0;0.0;0.1;0.0;0.0;0.0;0.1;0.0;0.1;0.0;0.0;0.0;0.0;0.1;0.1;0.1;0.0;0.1;0.1;0.0;0.1;0.0;0.0;0.0;0.4019607843137255;0.6490196078431373;0.0;0.0;0.0;0.0;0.0;0.0;0.0;0.0;0.1;0.1;0.0;0.0;0.0;0.0;0.1;0.1;0.1;0.1;0.1;0.1;0.0;0.1;0.1;0.1;0.22572357143568456;1.0;1.0;0.9;0.0;0.0;0.0;0.0;0.0;0.0;0.0;0.1;0.0;0.1;0.1;0.0;0.0;0.0;0.0;0.0;0.1;0.1;0.1;0.0;0.0;0.0;0.1;0.15098039215686274;1.0;1.0;1.0;0.9;0.4019607843137255;0.0;0.0;0.0;0.0;0.0;0.0;0.0;0.0;0.0;0.1;0.1;0.0;0.0;0.0;0.1;0.0;0.1;0.0;0.1;0.1;0.1;0.0;0.4019607843137255;1.0;0.9;1.0;1.0;0.48638629927239607;0.0;0.1;0.0;0.0;0.0;0.0;0.0;0.1;0.1;0.1;0.1;0.1;0.0;0.1;0.1;0.1;0.1;0.1;0.1;0.1;0.0;0.15098039215686274;1.0;0.9;0.9;1.0;0.9;0.1;0.0;0.0;0.0;0.0;0.0;0.0;0.0;0.1;0.0;0.0;0.1;0.0;0.0;0.0;0.0;0.0;0.1;0.0;0.0;0.1;0.1;0.6490196078431373;1.0;0.15098039215686274;1.0;0.9;1.0;0.0;0.1;0.1;0.1;0.0;0.0;0.1;0.0;0.1;0.1;0.1;0.0;0.0;0.0;0.1;0.0;0.0;0.1;0.0;0.0;0.0;0.6019607843137255;1.0;0.9;0.0;1.0;0.9;0.8490196078431372;0.0;0.0;0.1;0.1;0.0;0.0;0.0;0.0;0.1;0.1;0.0;0.1;0.26122766661412117;0.3509803921568627;0.1;0.0;0.0;0.1;0.1;0.0;0.31347565423643936;0.9193067951803933;0.9;0.1;0.1;0.9;0.9;0.5569086330442558;0.0;0.1;0.1;0.0;0.0;0.0;0.0;0.0;0.1;0.0;0.15098039215686274;0.6490196078431373;0.9;0.6019607843137255;0.1;0.1;0.1;0.0;0.0;0.0;0.6490196078431373;1.0;0.6019607843137255;0.0;0.0;0.9;1.0;0.3509803921568627;0.0;0.0;0.1;0.1;0.0;0.0;0.0;0.0;0.0;0.0;0.7421264894489439;0.9;1.0;0.0;0.0;0.1;0.0;0.1;0.0;0.3509803921568627;0.9;0.8490196078431372;0.0;0.0;0.1627663732528098;0.9;1.0;0.0;0.0;0.0;0.0;0.0;0.0;0.1;0.1;0.0;0.1;0.0;0.9;0.9;0.4019607843137255;0.0;0.0;0.0;0.1;0.0;0.15098039215686274;0.9;0.6490196078431373;0.0;0.0;0.0;0.9;0.9;0.6019607843137255;0.0;0.1;0.1;0.0;0.0;0.0;0.0;0.1;0.0;0.0;0.596367678416041;1.0;1.0;0.3303247882374764;0.0;0.0;0.0;0.0;0.0;0.7977834115303746;1.0;0.15098039215686274;0.0;0.0;0.16081567967132285;0.9;0.9;0.18353314089004022;0.1;0.1;0.029277207292911576;0.1;0.0;0.0;0.1;0.1;0.0;0.1;0.6019607843137255;1.0;1.0;0.0;0.0;0.0;0.0;0.0;0.6019607843137255;0.9;0.6490196078431373;0.0;0.0;0.0;0.4019607843137255;0.9;1.0;0.0;0.1;0.1;0.1;0.1;0.0;0.0;0.0;0.0;0.0;0.1;0.8490196078431372;0.9;1.0;0.5025638649697838;0.0;0.1;0.0;0.1;0.9;1.0;0.15098039215686274;0.1;0.0;0.1;0.4881622947427003;0.9;0.0;0.0;0.1;0.0;0.0;0.1;0.1;0.1;0.0;0.0;0.0;0.1;1.0;1.0;0.9;0.1;0.0;0.0;0.09795085034053536;0.8490196078431372;0.9;0.15098039215686274;0.0;0.0;0.0;0.1;1.0;0.6490196078431373;0.0;0.0;0.0;0.0;0.0;0.1;0.1;0.1;0.1;0.0;0.0;0.1;0.9;0.9;0.4019607843137255;0.1;0.0;0.0;0.15098039215686274;1.0;0.6019607843137255;0.0;0.1;0.0;0.1;0.1;0.6819008389522456;0.1;0.1;0.0;0.0;0.0;0.1;0.0;0.1;0.0;0.1;0.0;0.0;0.0;0.9;1.0;0.6490196078431373;0.1;0.0;0.15098039215686274;1.0;1.0;0.0;0.0;0.1;0.0;0.0;0.1;0.15098039215686274;0.0;0.0;0.1;0.01656099699251609;0.0;0.0;0.0;0.0;0.1;0.1;0.0;0.0;0.1;0.4502711123987315;0.9;1.0;0.4019607843137255;0.4019607843137255;1.0;1.0;0.5286878437576443;0.1;0.0;0.1;0.0;0.1;0.0;0.1;0.0;0.1;0.1;0.0;0.1;0.1;0.1;0.1;0.0;0.1;0.0;0.0;0.0;0.3509803921568627;1.0;0.9;1.0;0.9;0.9;0.7828262870991686;0.1;0.1;0.0;0.1;0.0;0.0;0.1;0.1;0.0;0.1;0.1;0.1;0.1;0.1;0.0;0.0;0.1;0.1;0.1;0.0;0.1;0.1;0.1737354018575427;0.9;0.9;0.6612126804230327;0.1;0.1;0.1;0.1;0.1;0.06873030289241124;0.0;0.1;0.0;0.1;0.0;0.1;0.1;0.1;0.1;0.07967927653610218;0.1;0.0;0.0;0.0;0.1;0.0;0.0;0.1;0.0;0.0974464922907822;0.1;0.0;0.1;0.0;0.1;0.1;0.1;0.1;0.0;0.0;0.0;0.0;0.0;0.0;0.0;0.1;0.1;0.1;0.1;0.1;0.0;0.0;0.0;0.0;0.1;0.0;0.0;0.0;0.0;0.0;0.1;0.1;0.1;0.002634406413153965;0.1;0.0;0.1;0.0;0.1;0.1;0.0;0.0;0.0;0.08083166999686808;0.0;0.0;0.0;0.0;0.0;0.0;0.0;0.0;0.0;0.0;0.0;0.0;0.0;0.0;0.1;0.1;0.1;0.1;0.1;0.1;0.0;0.0;0.1;0.1;0.0;0.0;0.0;0.0;0.0;0.0;0.0;0.1;0.0;0.1;0.1;0.0;0.1;0.0;0.0;0.0;0.0;0.0;0.0;0.0;0.0;0.0;0.1;0.1;0.1;0.0;0.1;0.1;0.1;0.0;0.1;0.0;0.1;0.0;0.0;0.0;0.0,1.03444203,0.3933272361755371,0.0,0.0,0.626176119,0.35395697600000003,0.213111881,0.2003469467163086,0.41306423800000003,0.272219143,0.404460198,9626,169,169,0,4052,0,1592,694,3119,3021,0,0,3,4804,4706,98,3119,1587,0,1764,98,1177,4607,1,1693,,0.0
494,INFEASIBLE,certified_no_adversarial_example,feasibility,false,false,false,false,,,,1.06322736,0.03449726104736328,0.0,0.0,1.012052123,0.681384139,0.51473352,0.4972114562988281,0.49731860299999986,0.33066798399999986,0.049417989,9626,242,242,0,4117,0,1554,704,3009,8575,0,0,3,4804,4638,166,3009,1629,0,1903,168,1454,5092,,557,0,
495,INFEASIBLE,certified_no_adversarial_example,feasibility,false,false,false,false,,,,0.895178184,0.05485415458679199,0.0,0.0,0.824926234,0.535414235,0.373437432,0.3581969738006592,0.45148880199999997,0.289511999,0.068473985,9626,220,220,0,4045,0,1567,649,3145,5700,0,0,3,4804,4672,132,3145,1527,0,1836,135,1320,4857,,851,0,
496,OPTIMAL,adversarial_example_found_or_best_known,feasibility,true,true,true,true,-6.8833827526759706e-15,-2.6187141603886857;-14.549264337859169;0.07604350001354865;-3.8836380977639227;-8.14544501298775;-7.976831023767598;-2.029881038141726;-16.9483127418868;0.07604350001355553;-8.828294014627533,0.1;0.0;0.0;0.1;0.1;0.1;0.1;0.0;0.0;0.1;0.1;0.1;0.0;0.1;0.1;0.0;0.0;0.0;0.0;0.1;0.1;0.0;0.0;0.1;0.1;0.0;0.0;0.1;0.0;0.0;0.0;0.0;0.1;0.1;0.0;0.1;0.0;0.1;0.1;0.1;0.0;0.0;0.0;0.1;0.1;0.1;0.1;0.1;0.0;0.1;0.0;0.0;0.0;0.1;0.0;0.0;0.1;0.0;0.0;0.1;0.1;0.0;0.0;0.0;0.0;0.0;0.1;0.1;0.1;0.0;0.0;0.0;0.0;0.0;0.0;0.1;0.1;0.1;0.1;0.1;0.1;0.1;0.1;0.0;0.1;0.1;0.0;0.1;0.0;0.0;0.0;0.0;0.0;0.0;0.0;0.1;0.1;0.0;0.0;0.0;0.1;0.0;0.1;0.0;0.0;0.0;0.1;0.1;0.1;0.1;0.1;0.0;0.1;0.0;0.0;0.1;0.1;0.0;0.0;0.0;0.0;0.0;0.0;0.1;0.1;0.0;0.0;0.0;0.0;0.0;0.1;0.1;0.1;0.1;0.1;0.0;0.1;0.1;0.1;0.0;0.0;0.0;0.0;0.0;0.0;0.1;0.0;0.1;0.0;0.0;0.0;0.0;0.0;0.0;0.0;0.0;0.0;0.0;0.0;0.0;0.0;0.0;0.1;0.1;0.1;0.1;0.1;0.0;0.1;0.0;0.0;0.1;0.1;0.1;0.1;0.1;0.1;0.0;0.0;0.1;0.1;0.0;0.0;0.1;0.0;0.28823529411764703;0.4372549019607843;0.2333333333333333;0.2333333333333333;0.009803921568627444;0.1;0.0;0.1;0.1;0.1;0.0;0.1;0.0;0.1;0.0;0.1;0.0;0.1;0.1;0.0;0.0;0.0;0.1;0.0;0.0;0.0;0.27647058823529413;0.6882352941176471;0.9901960784313725;1.0;0.8882352941176471;0.8882352941176471;0.7871780506900083;0.5666666666666667;0.0;0.1;0.1;0.0;0.0;0.1;0.0;0.0;0.0;0.0;0.0;0.0;0.1;0.1;0.0;0.0;0.1;0.0;0.0;0.692156862745098;0.8176470588235294;1.0;1.0;1.0;0.8882352941176471;1.0;0.8882352941176471;1.0;0.0;0.0;0.1;0.1;0.0;0.1;0.0;0.1;0.0;0.1;0.0;0.1;0.1;0.1;0.1;0.0;0.1;0.0;0.4966622131393872;0.8631426578206428;0.8882352941176471;0.8882352941176471;0.8882352941176471;0.8921568627450981;0.8882352941176471;0.8882352941176471;0.8882352941176471;1.0;0.0;0.0;0.0;0.1;0.1;0.1;0.0;0.0;0.0;0.0;0.0;0.0;0.1;0.1;0.5235294117647059;0.8921568627450981;1.0;0.8921568627450981;1.0;1.0;0.8921568627450981;0.8921568627450981;1.0;0.9;0.8450980392156863;1.0;1.0;0.8921568627450981;0.0;0.0;0.1;0.1;0.1;0.0;0.0;0.1;0.0;0.1;0.1;0.10278870227248944;0.4725490196078431;1.0;1.0;1.0;1.0;0.8882352941176471;1.0;0.8882352941176471;0.8882352941176471;0.6647058823529411;0.24901960784313723;0.0;0.5292664714872275;1.0;0.8882352941176471;0.8882352941176471;0.1;0.1;0.1;0.1;0.1;0.0;0.0;0.0;0.0;0.1;0.07647058823529412;0.511764705882353;1.0;0.8921568627450981;0.8882352941176471;1.0;1.0;0.8882352941176471;0.8921568627450981;0.8882352941176471;1.0;0.3549019607843137;0.0;0.09323790400778033;0.9823529411764705;1.0;0.8882352941176471;0.8882352941176471;0.0;0.0;0.0;0.0;0.1;0.0;0.1;0.0;0.1;0.0;0.896078431372549;0.8882352941176471;0.8882352941176471;1.0;0.8882352941176471;0.8764705882352941;0.36143479528018313;0.8635331618442995;1.0;1.0;0.4501716414243484;0.0;0.0;0.1020741369159182;0.9941176470588236;0.8882352941176471;0.8882352941176471;0.515686274509804;0.0;0.0;0.0;0.09925669981766179;0.0;0.0;0.1;0.1;0.0;0.5392156862745098;1.0;0.8882352941176471;1.0;1.0;0.7000000000000001;0.19803921568627453;0.0;0.896078431372549;1.0;1.0;0.42156862745098045;0.0;0.0;0.5431372549019607;0.8882352941176471;1.0;0.8882352941176471;0.38747991201604454;0.0;0.0;0.0;0.0;0.1;0.1;0.1;0.1;0.2712126965222221;0.8692627230920215;0.8921568627450981;0.8921568627450981;0.8921568627450981;1.0;0.10389845615575419;0.0;0.0;0.6490196078431373;0.9;1.0;0.8921568627450981;0.6725490196078431;0.0;0.9;0.8921568627450981;0.8921568627450981;0.7823529411764706;0.0;0.0;0.1;0.0;0.1;0.0;0.0;0.1;0.09641209667087423;1.0;0.8882352941176471;1.0;0.8882352941176471;0.8882352941176471;1.0;0.3901960784313726;0.0993418732094594;0.013725490196078424;0.8882352941176471;1.0;0.8965928086978834;0.8882352941176471;1.0;0.7823529411764706;1.0;0.8882352941176471;0.8882352941176471;0.7745098039215687;0.0;0.0;0.0;0.0;0.0;0.0;0.1;0.1;0.1;0.9705882352941176;1.0;0.8882352941176471;0.8882352941176471;0.8882352941176471;0.8921568627450981;0.7428762668870258;0.3235294117647059;0.5405744881753707;0.8882352941176471;1.0;0.8882352941176471;0.8882352941176471;0.8882352941176471;0.8882352941176471;0.8921568627450981;1.0;0.8882352941176471;0.7745098039215687;0.0;0.1;0.1;0.1;0.003981095508565351;0.1;0.0;0.1;0.09983184696676271;0.24901960784313726;0.9196078431372549;0.6686274509803921;1.0;0.8882352941176471;1.0;0.8882352941176471;1.0;0.8882352941176471;1.0;0.8921568627450981;1.0;0.8882352941176471;1.0;0.8882352941176471;1.0;1.0;0.8607843137254902;0.37450980392156863;0.0;0.1;0.1;0.1;0.1;0.0;0.1;0.0;0.1;0.0;0.1;0.0;0.45686274509803926;0.8882352941176471;1.0;1.0;0.8882352941176471;0.8882352941176471;0.8882352941176471;1.0;0.8895988688564669;1.0;0.8882352941176471;0.8882352941176471;0.8921568627450981;0.8882352941176471;0.36274509803921573;0.0;0.0;0.053129719544308826;0.0;0.1;0.1;0.0;0.1;0.1;0.1;0.0;0.1;0.1;0.0;0.4529411764705883;1.0;0.8921568627450981;0.8921568627450981;0.8921568627450981;1.0;0.20980392156862746;0.09235176771469482;0.4294117647058824;1.0;0.8921568627450981;1.0;0.20588235294117646;0.0;0.1;0.0;0.0;0.0;0.1;0.1;0.0;0.1;0.1;0.1;0.1;0.1;0.0;0.1;0.36922286377087055;0.5588235294117647;0.8529411764705882;0.8865648778272261;0.6223507299575114;0.4490196078431372;0.0;0.1;0.1041592262734159;0.5784313725490197;0.7549019607843137;0.515686274509804;0.0;0.0;0.1;0.1;0.0;0.09450670071205448;0.1;0.1;0.1;0.1;0.0;0.1;0.1;0.1;0.1;0.1;0.0;0.0;0.2803921568627451;0.19019607843137257;0.0;0.0;0.1;0.1;0.0;0.0;0.1;0.09948018720219814;0.1;0.1;0.1;0.1;0.0;0.0;0.1;0.1;0.1;0.1;0.0;0.09617567264796939;0.0;0.0;0.1;0.1;0.1;0.1;0.1;0.0;0.1;0.0;0.0;0.0825143473859541;0.0;0.0;0.0;0.1;0.0;0.1;0.1;0.1;0.0;0.1;0.0;0.1;0.0;0.1;0.0;0.0;0.1;0.1;0.1;0.1;0.1;0.1;0.0;0.0;0.0;0.0;0.0;0.0;0.1;0.1;0.1;0.1;0.0;0.1;0.1;0.1;0.0;0.0;0.0;0.0;0.1;0.1;0.1;0.1;0.0;0.1;0.1;0.1;0.1;0.1;0.1;0.0;0.0;0.0;0.0;0.04147652109648157;0.1;0.1;0.1;0.1;0.0;0.04118450966213464;0.1;0.0;0.1;0.0;0.1;0.1;0.0;0.0;0.1;0.1;0.1;0.1;0.1;0.1;0.1;0.1;0.1;0.0;0.0;0.0;0.0;0.0;0.1;0.1;0.1;0.1;0.0;0.0;0.1;0.1;0.1;0.1;0.0;0.0;0.1;0.0;0.1;0.1;0.1;0.05849286532699499;0.1;0.1;0.1;0.0;0.0;0.1;0.0;0.1;0.0;0.1;0.1;0.1;0.1;0.1;0.1;0.0;0.1;0.0;0.0;0.0;0.1;0.1;0.1,5.628794582,4.9610772132873535,0.0,0.0,0.65273912,0.37379410799999996,0.22850713299999997,0.2147512435913086,0.42423198700000003,0.27894501200000005,4.972257253,9626,175,175,0,4110,0,1584,682,3075,3911,0,0,3,4804,4706,98,3075,1631,0,1768,101,1184,4619,1,39225,,0.0
497,INFEASIBLE,certified_no_adversarial_example,feasibility,false,false,false,false,,,,0.959653305,0.03297019004821777,0.0,0.0,0.9124638,0.467116642,0.32039445400000005,0.3061826229095459,0.5920693459999999,0.445347158,0.045431967,9626,203,203,0,4025,0,1573,649,3176,6114,0,0,3,4804,4686,118,3176,1510,0,1807,120,1262,4756,,581,0,
498,INFEASIBLE,certified_no_adversarial_example,feasibility,false,false,false,false,,,,0.811238304,0.18064332008361816,0.0,0.0,0.617168654,0.35194580999999997,0.21844502,0.2061469554901123,0.398723634,0.265222844,0.192277056,9626,153,153,0,4013,0,1600,650,3210,3700,0,0,3,4804,4714,90,3210,1504,0,1751,92,1150,4560,,1053,0,
499,INFEASIBLE,certified_no_adversarial_example,feasibility,false,false,false,false,,,,0.871286761,0.03779721260070801,0.0,0.0,0.818538914,0.517456148,0.357907334,0.3434135913848877,0.46063158,0.30108276600000006,0.050963078,9626,201,201,0,4054,0,1574,675,3122,6428,0,0,3,4804,4671,133,3122,1549,0,1837,135,1322,4861,,651,0,
500,INFEASIBLE,certified_no_adversarial_example,feasibility,false,false,false,false,,,,0.656158547,0.02174067497253418,0.0,0.0,0.621030202,0.35780203,0.22417183700000004,0.21189355850219727,0.396858365,0.26322817200000004,0.033352633,9626,155,155,0,4010,0,1599,653,3209,4285,0,0,3,4804,4700,104,3209,1491,0,1779,106,1206,4658,,467,0,
