sample_index,solve_status,semantic_outcome,adversarial_example_objective,witness_available,witness_target_verified,witness_perturbation_verified,witness_verified,witness_margin,witness_output,perturbed_input_value,total_time_seconds,solve_time_seconds,objective_value,objective_bound,formulation_time_seconds,bound_tightening_time_seconds,bound_solver_wall_time_seconds,bound_solver_reported_time_seconds,formulation_excluding_bound_solver_time_seconds,formulation_residual_time_seconds,main_solve_wall_time_seconds,bound_request_count,bound_solver_call_count,bound_optimal_count,bound_time_limit_count,bound_interval_arithmetic_count,bound_constant_expression_count,bound_interval_cutoff_count,bound_upper_skipped_count,bound_lower_skipped_count,bound_simplex_iterations,bound_barrier_iterations,bound_node_count,relu_layer_count,relu_total_count,relu_stable_count,relu_unstable_count,relu_zero_output_count,relu_linear_in_input_count,relu_constant_output_count,num_variables,num_binary_variables,num_structural_constraints,num_total_constraints,main_node_count,main_simplex_iterations,main_barrier_iterations,main_relative_gap
1,INFEASIBLE,certified_no_adversarial_example,feasibility,false,false,false,false,,,,16.571140281,0.04006075859069824,0.0,0.0,14.693940217,4.362089813,0.9095988289999997,0.3221573829650879,13.784341388,10.331850404,0.077777377,9626,197,197,0,4023,0,1575,645,3186,6058,0,0,3,4804,4689,115,3186,1503,0,1801,117,1250,4735,,639,0,
2,INFEASIBLE,certified_no_adversarial_example,feasibility,false,false,false,false,,,,0.774441879,0.030408143997192383,0.0,0.0,0.728526181,0.385789787,0.255430192,0.2425673007965088,0.473095989,0.342736394,0.042870901,9626,177,177,0,4059,0,1586,696,3108,4153,0,0,3,4804,4690,114,3108,1582,0,1800,117,1248,4731,,592,0,
3,INFEASIBLE,certified_no_adversarial_example,feasibility,false,false,false,false,,,,0.673954564,0.02819371223449707,0.0,0.0,0.632186052,0.356619067,0.22484953399999996,0.21301889419555664,0.40733651800000004,0.275566985,0.038739944,9626,166,166,0,3974,0,1592,623,3271,3824,0,0,3,4804,4725,79,3271,1454,0,1730,82,1108,4486,,546,0,
4,INFEASIBLE,certified_no_adversarial_example,feasibility,false,false,false,false,,,,0.716167057,0.029618024826049805,0.0,0.0,0.671433819,0.373038168,0.242328628,0.2297358512878418,0.429105191,0.298395651,0.04169792,9626,169,169,0,4089,0,1591,686,3091,4601,0,0,3,4804,4691,113,3091,1600,0,1797,115,1242,4721,,597,0,
5,INFEASIBLE,certified_no_adversarial_example,feasibility,false,false,false,false,,,,0.827262075,0.030972957611083984,0.0,0.0,0.780642893,0.48875975000000005,0.34132258400000004,0.3257169723510742,0.43932030899999996,0.29188314299999996,0.043597949,9626,248,248,0,4033,0,1546,660,3139,5546,0,0,3,4804,4676,128,3139,1537,0,1824,128,1297,4817,,588,0,
6,INFEASIBLE,certified_no_adversarial_example,feasibility,false,false,false,false,,,,0.624126547,0.018187284469604492,0.0,0.0,0.592239294,0.34427485900000004,0.20122036599999998,0.18954777717590332,0.391018928,0.24796443499999993,0.028861772,9626,143,143,0,3993,0,1604,639,3247,3461,0,0,3,4804,4724,80,3247,1477,0,1731,82,1110,4490,,422,0,
7,INFEASIBLE,certified_no_adversarial_example,feasibility,false,false,false,false,,,,0.89344956,0.05852699279785156,0.0,0.0,0.818282652,0.523275775,0.36514750100000004,0.34931492805480957,0.453135151,0.29500687700000006,0.072140324,9626,245,245,0,4041,0,1551,646,3143,6447,0,0,3,4804,4663,141,3143,1520,0,1853,143,1354,4917,,854,0,
8,INFEASIBLE,certified_no_adversarial_example,feasibility,false,false,false,false,,,,0.729776665,0.039849042892456055,0.0,0.0,0.674441501,0.408768326,0.26364480599999995,0.25049734115600586,0.41079669500000005,0.265673175,0.052267854,9626,182,182,0,4029,0,1584,651,3180,4757,0,0,3,4804,4688,116,3180,1508,0,1800,116,1249,4733,,765,0,
9,OPTIMAL,adversarial_example_found_or_best_known,feasibility,true,true,true,true,-2.3092638912203256e-14,-9.000606543899;-29.475733391354332;-13.539575736715168;-10.980439371279173;-10.456349682059036;4.039411110271512;4.039411110271489;-20.101472093925373;-1.9695702224317948;-6.795193106108795,0.0;0.1;0.1;0.0;0.0;0.0;0.1;0.0;0.0;0.1;0.1;0.1;0.1;0.1;0.1;0.0;0.0;0.0;0.1;0.1;0.1;0.1;0.1;0.1;0.1;0.0;0.0;0.1;0.0;0.1;0.0;0.0;0.0;0.1;0.1;0.0;0.1;0.1;0.1;0.1;0.1;0.0;0.0;0.0;0.0;0.0;0.1;0.1;0.1;0.1;0.1;0.1;0.1;0.0;0.0;0.1;0.0;0.1;0.1;0.0;0.0;0.1;0.1;0.0;0.0;0.1;0.1;0.1;0.1;0.1;0.1;0.0;0.0;0.0;0.0;0.1;0.1;0.0;0.1;0.1;0.1;0.0;0.0;0.1;0.0;0.0;0.0;0.0;0.1;0.0;0.1;0.0;0.1;0.0;0.1;0.1;0.1;0.1;0.0;0.1;0.1;0.0;0.1;0.1;0.1;0.0;0.1;0.1;0.1;0.0;0.0;0.0;0.0;0.1;0.1;0.0;0.0;0.1;0.1;0.0;0.1;0.1;0.1;0.1;0.1;0.1;0.1;0.1;0.1;0.0;0.0;0.1;0.1;0.1;0.1;0.1;0.1;0.0;0.0;0.1;0.0;0.0;0.0;0.0;0.1;0.1;0.1;0.1;0.1;0.0;0.0;0.0;0.4607843137254902;0.6882352941176471;0.8176470588235294;0.9802196627889161;0.6450980392156862;0.11176470588235295;0.1;0.1;0.07540286446616166;0.1;0.1;0.1;0.1;0.0;0.0;0.1;0.1;0.0;0.0;0.0;0.0;0.1;0.1;0.1;0.1;0.1;0.0;0.42156862745098045;0.8921568627450981;1.0;0.8921568627450981;1.0;1.0;0.307843137254902;0.1;0.1;0.1;0.1;0.1;0.1;0.1;0.0;0.0;0.1;0.0;0.0;0.0;0.0;0.0;0.1;0.1;0.0;0.1;0.14313725490196078;0.6879683916069028;0.8921568627450981;0.8867189150321136;0.7823529411764706;0.8734753274238493;0.8921568627450981;0.8921568627450981;0.7658200379393363;0.1;0.1;0.1;0.1;0.1;0.1;0.1;0.0;0.1;0.0;0.0;0.0;0.0;0.0;0.0;0.1;0.1;0.1;0.1784313725490196;0.907843137254902;0.8921568627450981;1.0;0.20980392156862746;0.1;0.5980392156862745;1.0;0.8921568627450981;0.9705882352941176;0.1;0.1;0.1;0.1;0.1;0.1;0.1;0.0;0.0;0.0;0.0;0.0;0.0;0.0;0.1;0.0;0.0;0.0;0.4314108150223025;1.0;0.6176470588235294;0.1588235294117647;0.1;0.0;0.29215686274509806;0.884313725490196;1.0;0.884313725490196;0.36274509803921573;0.0;0.1;0.0;0.1;0.1;0.1;0.1;0.0;0.0;0.0;0.0;0.0;0.1;0.1;0.1;0.1;0.0;0.18235294117647058;0.2058823529411765;0.0;0.0;0.0;0.1;0.1;0.676470588235294;1.0;1.0;0.38235294117647056;0.1;0.1;0.1;0.1;0.1;0.1;0.0;0.0;0.0;0.1;0.0;0.0;0.1;0.1;0.1;0.0;0.1;0.1;0.0;0.0;0.1;0.0;0.1;0.1;0.2623552442003602;1.0;1.0;0.8685560405962514;0.5705882352941176;0.296078431372549;0.10214146707452197;0.1;0.1;0.0;0.0;0.0;0.0;0.1;0.0;0.0;0.1;0.1;0.0;0.10520720161615242;0.34705882352941175;0.12352941176470589;0.0;0.0;0.1;0.1;0.0;0.0;0.5745098039215686;0.8921568627450981;1.0;1.0;1.0;1.0;0.7549019607843137;0.10160479747110708;0.1;0.1;0.0;0.0;0.0;0.0;0.0;0.0;0.1;0.1;0.0;0.45686274509803926;0.8921568627450981;0.8333333333333334;0.1868954478538069;0.1;0.1;0.0;0.0;0.1;0.43333333333333335;0.8921568627450981;1.0;0.8921568627450981;1.0;1.0;1.0;0.8058823529411765;0.1;0.0;0.1;0.0;0.0;0.0;0.0;0.0;0.1;0.1;0.0;0.8568627450980393;1.0;0.7901960784313725;0.0;0.0;0.1;0.1;0.0;0.0;0.2647058823529412;0.8921568627450981;1.0;0.8921568627450981;0.49607843137254903;1.0;0.8921568627450981;1.0;0.4647058823529412;0.1;0.0;0.0;0.0;0.1;0.0;0.1;0.0;0.1;0.3500178549607098;1.0;1.0;0.8333333333333334;0.21764705882352942;0.1;0.1;0.0;0.0;0.0;0.2072968470490556;0.8921568627450981;1.0;1.0;0.10401338035886874;0.6372549019607844;1.0;1.0;0.48431372549019613;0.0;0.0;0.0;0.0;0.0;0.0;0.0;0.1;0.1;0.7;0.8921568627450981;1.0;0.5588235294117647;0.0;0.0;0.1;0.1;0.1;0.0;0.43333333333333335;1.0;1.0;0.8921568627450981;0.7431372549019608;0.8882352941176471;1.0;0.7666666666666667;0.18627450980392157;0.1;0.0;0.0;0.0;0.0;0.0;0.0;0.0;0.16666666666666669;0.9509803921568627;1.0;0.8921568627450981;0.38627450980392153;0.0;0.0;0.0;0.0;0.0;0.1;0.20980392156862746;0.8658190442397007;1.0;0.8921568627450981;1.0;1.0;1.0;0.5735760523335414;0.1;0.0;0.1;0.0;0.0;0.0;0.0;0.0;0.1;0.15769078378545673;0.8921568627450981;0.8921568627450981;1.0;0.17058823529411762;0.0;0.0;0.1;0.0;0.1;0.0;0.1;0.7588235294117647;1.0;0.8921568627450981;1.0;1.0;0.7862745098039216;0.09526044140669343;0.1;0.1;0.1;0.0;0.0;0.0;0.0;0.0;0.0;0.28431372549019607;1.0;1.0;0.8921568627450981;0.10369224340377711;0.1;0.0;0.1;0.0;0.0;0.1;0.1;0.1;0.5862745098039216;0.7862745098039216;0.7862745098039216;0.48039215686274517;0.10394455380160493;0.1;0.0;0.07884754422547384;0.1;0.0;0.0;0.0;0.0;0.0;0.1;0.28431372549019607;1.0;0.8921568627450981;0.9352941176470588;0.14313725490196078;0.1;0.1;0.1;0.1;0.0;0.1;0.1;0.1;0.1;0.09886538660048005;0.1;0.0987068874098768;0.1;0.1;0.0;0.0;0.1;0.1;0.0;0.0;0.0;0.0;0.1;0.1627450980392157;0.9431372549019608;0.8921568627450981;0.5666666666666667;0.1;0.0;0.1;0.0;0.1;0.0;0.1;0.0;0.1;0.0;0.1;0.1;0.1;0.1;0.1;0.1;0.0;0.0;0.03557981469303152;0.0;0.0;0.0;0.0;0.1;0.6058823529411764;1.0;0.8921568627450981;0.5666666666666667;0.0;0.0;0.0;0.0;0.0;0.0;0.0;0.1;0.1;0.0;0.0;0.1;0.1;0.1;0.1;0.1;0.0;0.1;0.0;0.0;0.1;0.0;0.0;0.1;0.43333333333333335;0.9792773011743892;0.8921568627450981;0.5666666666666667;0.0;0.0;0.1;0.0;0.1;0.0;0.1;0.0;0.1;0.0;0.1;0.0;0.1;0.1;0.02568852856518475;0.1;0.0;0.1;0.0;0.0;0.0;0.0;0.0;0.1;0.09563563574050356;1.0;0.8921568627450981;0.7666666666666666;0.1;0.0;0.1;0.0;0.0;0.1;0.1;0.1;0.1;0.0;0.1;0.1;0.1;0.1;0.1;0.1;0.1;0.1;0.1;0.0;0.0;0.0;0.0;0.1;0.1;0.1;0.1;0.1;0.1;0.1;0.1;0.0;0.1;0.0;0.012929065012749043;0.0;0.0;0.0;0.1;0.0;0.1;0.1;0.1;0.0;0.0;0.1;0.0;0.1;0.0;0.1;0.0;0.1;0.1;0.0;0.0;0.1;0.1;0.0;0.0;0.1;0.0;0.1;0.1;0.1;0.1;0.1;0.1;0.0;0.1;0.1;0.1;0.0;0.0;0.1;0.1;0.0;0.1;0.1;0.1;0.0;0.1;0.0;0.1;0.1;0.1;0.0;0.0;0.0;0.0;0.1;0.0;0.0;0.0;0.0;0.0;0.1;0.0;0.1;0.0;0.0;0.0;0.0;0.0;0.0,3.038977297,1.2216436862945557,0.0,0.0,0.774996756,0.432573419,0.29371876,0.2796640396118164,0.48127799599999993,0.34242333699999994,1.234776672,9626,204,204,0,4072,0,1574,684,3092,5293,0,0,3,4804,4666,138,3092,1574,0,1844,138,1337,4887,1,2618,,0.0
10,INFEASIBLE,certified_no_adversarial_example,feasibility,false,false,false,false,,,,0.900254237,0.04891085624694824,0.0,0.0,0.833796951,0.549626949,0.39511005899999996,0.3793811798095703,0.438686892,0.284170002,0.063388664,9626,244,244,0,4076,0,1552,655,3099,7714,0,0,3,4804,4654,150,3099,1555,0,1871,152,1390,4980,,712,0,
11,INFEASIBLE,certified_no_adversarial_example,feasibility,false,false,false,false,,,,0.847612107,0.027998924255371094,0.0,0.0,0.803793258,0.513552234,0.31172820500000004,0.29698872566223145,0.492065053,0.29024102399999996,0.040716675,9626,220,220,0,4068,0,1560,679,3099,5263,0,0,3,4804,4682,122,3099,1583,0,1816,125,1280,4787,,528,0,
12,INFEASIBLE,certified_no_adversarial_example,feasibility,false,false,false,false,,,,1.264090838,0.06375503540039062,0.0,0.0,1.180683982,0.846663083,0.6455293459999999,0.6246848106384277,0.535154636,0.33402089899999987,0.080376866,9626,337,337,0,4078,0,1504,656,3051,10600,0,0,3,4804,4610,194,3051,1559,0,1961,198,1570,5294,,737,0,
13,INFEASIBLE,certified_no_adversarial_example,feasibility,false,false,false,false,,,,0.825886315,0.041614532470703125,0.0,0.0,0.768470688,0.49460742799999996,0.34007683,0.3122367858886719,0.42839385799999996,0.27386326,0.054375719,9626,219,219,0,4036,0,1565,655,3151,5785,0,0,3,4804,4681,123,3151,1530,0,1819,127,1286,4797,,638,0,
14,INFEASIBLE,certified_no_adversarial_example,feasibility,false,false,false,false,,,,0.858443752,0.02978205680847168,0.0,0.0,0.811638923,0.512391746,0.35264995499999996,0.3374817371368408,0.458988968,0.2992471769999999,0.043768879,9626,227,227,0,4076,0,1561,683,3079,6622,0,0,3,4804,4659,145,3079,1580,0,1863,149,1374,4951,,516,0,
15,INFEASIBLE,certified_no_adversarial_example,feasibility,false,false,false,false,,,,0.487024434,0.01179194450378418,0.0,0.0,0.463826262,0.21324346,0.10709527200000002,0.09787106513977051,0.35673098999999997,0.250582802,0.020159116,9626,96,96,0,3986,0,1628,661,3255,1328,0,0,3,4804,4757,47,3255,1502,0,1662,47,973,4250,,404,0,
16,INFEASIBLE,certified_no_adversarial_example,feasibility,false,false,false,false,,,,0.968890643,0.04020357131958008,0.0,0.0,0.911520692,0.615585756,0.42962398999999996,0.4126546382904053,0.481896702,0.295934936,0.054321467,9626,270,270,0,4050,0,1536,700,3070,7925,0,0,3,4804,4648,156,3070,1578,0,1880,156,1409,5013,,651,0,
17,INFEASIBLE,certified_no_adversarial_example,feasibility,false,false,false,false,,,,0.843564627,0.0386204719543457,0.0,0.0,0.788989315,0.494395502,0.336498129,0.3219423294067383,0.45249118600000005,0.29459381300000004,0.051525835,9626,213,213,0,4052,0,1565,660,3136,6908,0,0,3,4804,4676,128,3136,1540,0,1828,131,1304,4829,,664,0,
18,INFEASIBLE,certified_no_adversarial_example,feasibility,false,false,false,false,,,,0.65689714,0.019133567810058594,0.0,0.0,0.623042611,0.35091557500000004,0.21449509500000002,0.20232605934143066,0.408547516,0.272127036,0.030819539,9626,152,152,0,4038,0,1600,672,3164,3983,0,0,3,4804,4698,106,3164,1534,0,1780,106,1209,4663,,470,0,
19,INFEASIBLE,certified_no_adversarial_example,feasibility,false,false,false,false,,,,44.447420755,43.52374982833862,,0.0,0.905726366,0.603286064,0.43343589800000004,0.4166872501373291,0.47229046799999996,0.30244030200000005,43.538641748,9626,267,267,0,4102,0,1540,691,3026,7524,0,0,3,4804,4633,171,3026,1607,0,1913,173,1474,5127,,1675,0,
20,INFEASIBLE,certified_no_adversarial_example,feasibility,false,false,false,false,,,,0.994813031,0.04664492607116699,0.0,0.0,0.930313114,0.632550693,0.442099704,0.4247598648071289,0.48821341000000007,0.29776242100000005,0.061441574,9626,296,296,0,4021,0,1526,639,3144,7210,0,0,3,4804,4639,165,3144,1495,0,1898,165,1445,5076,,753,0,
21,INFEASIBLE,certified_no_adversarial_example,feasibility,false,false,false,false,,,,0.791970053,0.030541658401489258,0.0,0.0,0.745608794,0.479585955,0.28407465100000007,0.27106142044067383,0.46153414299999995,0.266022839,0.04331695,9626,162,162,0,4052,0,1595,664,3153,5135,0,0,3,4804,4695,109,3153,1542,0,1790,112,1228,4696,,549,0,
22,INFEASIBLE,certified_no_adversarial_example,feasibility,false,false,false,false,,,,1.135194611,0.03050065040588379,0.0,0.0,1.089350868,0.483714247,0.333661443,0.3204057216644287,0.7556894249999999,0.6056366209999999,0.04274954,9626,180,180,0,4041,0,1586,673,3146,6379,0,0,3,4804,4687,117,3146,1541,0,1802,117,1253,4740,,558,0,
23,INFEASIBLE,certified_no_adversarial_example,feasibility,false,false,false,false,,,,0.950766393,0.04077601432800293,0.0,0.0,0.892777904,0.575492396,0.39613320199999996,0.3802521228790283,0.49664470200000005,0.317285508,0.054878187,9626,255,255,0,4047,0,1546,670,3108,6195,0,0,3,4804,4662,142,3108,1554,0,1857,146,1362,4930,,552,0,
24,INFEASIBLE,certified_no_adversarial_example,feasibility,false,false,false,false,,,,0.825061195,0.0269625186920166,0.0,0.0,0.781524973,0.48339331100000005,0.32513221,0.310626745223999,0.45639276300000003,0.29813166199999996,0.040496957,9626,208,208,0,4045,0,1571,678,3124,6447,0,0,3,4804,4668,136,3124,1544,0,1844,139,1336,4885,,511,0,
25,INFEASIBLE,certified_no_adversarial_example,feasibility,false,false,false,false,,,,0.869298485,0.0388026237487793,0.0,0.0,0.814303128,0.524349349,0.364942283,0.35012078285217285,0.44936084500000006,0.2899537790000001,0.051936726,9626,226,226,0,4011,0,1560,665,3164,6505,0,0,3,4804,4670,134,3164,1506,0,1839,136,1326,4868,,639,0,
26,INFEASIBLE,certified_no_adversarial_example,feasibility,false,false,false,false,,,,0.806443135,0.029060840606689453,0.0,0.0,0.761011564,0.468387664,0.312297693,0.29762697219848633,0.44871387100000004,0.29262390000000005,0.042385233,9626,218,218,0,4145,0,1563,715,2985,5000,0,0,3,4804,4667,137,2985,1682,0,1842,137,1333,4880,,597,0,
27,INFEASIBLE,certified_no_adversarial_example,feasibility,false,false,false,false,,,,0.754453801,0.03193402290344238,0.0,0.0,0.707482526,0.42270686,0.285228962,0.27147626876831055,0.42225356399999997,0.2847756659999999,0.043945225,9626,204,204,0,4006,0,1573,662,3181,4748,0,0,3,4804,4691,113,3181,1510,0,1794,113,1237,4712,,640,0,
28,INFEASIBLE,certified_no_adversarial_example,feasibility,false,false,false,false,,,,0.698838758,0.03166937828063965,0.0,0.0,0.653041414,0.378547506,0.23206485,0.21979999542236328,0.42097656400000005,0.27449390800000006,0.04271076,9626,166,166,0,4023,0,1593,674,3170,3637,0,0,3,4804,4709,95,3170,1539,0,1758,95,1165,4586,,659,0,
29,INFEASIBLE,certified_no_adversarial_example,feasibility,false,false,false,false,,,,0.830090062,0.03281044960021973,0.0,0.0,0.780600287,0.48522453,0.328733097,0.31400489807128906,0.45186719,0.29537575699999996,0.046457336,9626,216,216,0,4088,0,1568,691,3063,5388,0,0,3,4804,4661,143,3063,1598,0,1858,146,1364,4934,,606,0,
30,INFEASIBLE,certified_no_adversarial_example,feasibility,false,false,false,false,,,,0.59557743,0.017489910125732422,0.0,0.0,0.564311897,0.316853056,0.183588533,0.1719200611114502,0.38072336399999995,0.24745884099999993,0.02817908,9626,156,156,0,3985,0,1597,638,3250,2763,0,0,3,4804,4728,76,3250,1478,0,1720,76,1089,4453,,454,0,
31,INFEASIBLE,certified_no_adversarial_example,feasibility,false,false,false,false,,,,0.698422551,0.026198863983154297,0.0,0.0,0.657373823,0.37196287100000003,0.241358108,0.22863197326660156,0.416015715,0.285410952,0.038005656,9626,174,174,0,4040,0,1589,665,3158,4204,0,0,3,4804,4696,108,3158,1538,0,1787,110,1222,4686,,519,0,
32,INFEASIBLE,certified_no_adversarial_example,feasibility,false,false,false,false,,,,0.556358911,0.017331361770629883,0.0,0.0,0.526548236,0.293863034,0.12625759599999997,0.11629319190979004,0.40029064000000003,0.23268520199999998,0.026758186,9626,110,110,0,3971,0,1621,646,3278,1914,0,0,3,4804,4746,58,3278,1468,0,1684,58,1017,4327,,496,0,
33,INFEASIBLE,certified_no_adversarial_example,feasibility,false,false,false,false,,,,1.055124501,0.021983623504638672,0.0,0.0,1.018356404,0.41223983399999997,0.265632549,0.25220394134521484,0.7527238549999999,0.60611657,0.033731445,9626,182,182,0,4054,0,1580,687,3123,4897,0,0,3,4804,4696,108,3123,1573,0,1784,108,1217,4677,,505,0,
34,INFEASIBLE,certified_no_adversarial_example,feasibility,false,false,false,false,,,,1.0971502,0.2031095027923584,0.0,0.0,0.876525327,0.546202643,0.3728184439999999,0.35653114318847656,0.503706883,0.330322684,0.217552314,9626,255,255,0,4053,0,1547,681,3090,6886,0,0,3,4804,4642,162,3090,1552,0,1895,164,1438,5064,,847,0,
35,INFEASIBLE,certified_no_adversarial_example,feasibility,false,false,false,false,,,,0.724047399,0.03845667839050293,0.0,0.0,0.670040998,0.39428501800000004,0.25007642399999996,0.23745274543762207,0.4199645740000001,0.27575598,0.050926858,9626,165,165,0,4047,0,1593,679,3142,4721,0,0,3,4804,4695,109,3142,1553,0,1790,112,1228,4696,,775,0,
36,INFEASIBLE,certified_no_adversarial_example,feasibility,false,false,false,false,,,,0.890329454,0.02988147735595703,0.0,0.0,0.830878082,0.5350829210000001,0.37268328500000003,0.35749149322509766,0.458194797,0.2957951609999999,0.043721727,9626,225,225,0,4078,0,1561,691,3071,6618,0,0,3,4804,4658,146,3071,1587,0,1864,149,1376,4955,,530,0,
37,INFEASIBLE,certified_no_adversarial_example,feasibility,false,false,false,false,,,,0.804445212,0.06108236312866211,0.0,0.0,0.727489729,0.435501661,0.28836901900000006,0.27496862411499023,0.4391207099999999,0.291988068,0.073905334,9626,187,187,0,4039,0,1583,686,3131,5390,0,0,3,4804,4682,122,3131,1551,0,1816,125,1280,4787,,1018,0,
38,INFEASIBLE,certified_no_adversarial_example,feasibility,false,false,false,false,,,,0.716840726,0.022809267044067383,0.0,0.0,0.679518143,0.41801474099999997,0.271645302,0.25984692573547363,0.40787284100000004,0.26150340200000005,0.03376678,9626,156,156,0,3996,0,1597,646,3231,4655,0,0,3,4804,4716,88,3231,1485,0,1747,90,1142,4546,,474,0,
39,INFEASIBLE,certified_no_adversarial_example,feasibility,false,false,false,false,,,,0.846622244,0.05367898941040039,0.0,0.0,0.776415929,0.496586152,0.342781197,0.3283548355102539,0.433634732,0.279829777,0.067159733,9626,207,207,0,4037,0,1573,673,3136,6959,0,0,3,4804,4664,140,3136,1528,0,1852,143,1352,4913,,794,0,
40,INFEASIBLE,certified_no_adversarial_example,feasibility,false,false,false,false,,,,0.700018269,0.02383565902709961,0.0,0.0,0.661472572,0.399933396,0.251553512,0.2392735481262207,0.40991906,0.261539176,0.035344267,9626,161,161,0,4012,0,1596,644,3213,4878,0,0,3,4804,4702,102,3213,1489,0,1772,102,1193,4635,,485,0,
41,INFEASIBLE,certified_no_adversarial_example,feasibility,false,false,false,false,,,,0.740271207,0.04505610466003418,0.0,0.0,0.680328687,0.406582469,0.26839942499999997,0.25565671920776367,0.4119292620000001,0.27374621800000004,0.056914443,9626,195,195,0,3964,0,1579,622,3266,3515,0,0,3,4804,4704,100,3266,1438,0,1771,102,1190,4630,,723,0,
42,INFEASIBLE,certified_no_adversarial_example,feasibility,false,false,false,false,,,,0.932628614,0.05908513069152832,0.0,0.0,0.856632544,0.577762904,0.39743767999999996,0.3825111389160156,0.45919486400000004,0.27886964000000003,0.072912189,9626,227,227,0,4017,0,1561,651,3170,7303,0,0,3,4804,4671,133,3170,1501,0,1838,136,1324,4864,,918,0,
43,INFEASIBLE,certified_no_adversarial_example,feasibility,false,false,false,false,,,,0.602548263,0.023238182067871094,0.0,0.0,0.566138201,0.311941184,0.17193228800000002,0.16080665588378906,0.39420591299999996,0.254197017,0.033306173,9626,134,134,0,4027,0,1608,675,3182,2779,0,0,3,4804,4730,74,3182,1548,0,1716,74,1081,4439,,581,0,
44,INFEASIBLE,certified_no_adversarial_example,feasibility,false,false,false,false,,,,0.745488056,0.0381317138671875,0.0,0.0,0.691574901,0.403967083,0.26336406300000004,0.24964308738708496,0.4282108379999999,0.28760781799999996,0.050846056,9626,202,202,0,4006,0,1572,651,3195,4915,0,0,3,4804,4689,115,3195,1494,0,1804,120,1256,4744,,667,0,
45,INFEASIBLE,certified_no_adversarial_example,feasibility,false,false,false,false,,,,1.089146399,0.03577160835266113,0.0,0.0,1.038144984,0.381347919,0.24877835100000006,0.23568248748779297,0.789366633,0.6567970650000001,0.047948092,9626,181,181,0,4020,0,1586,650,3189,4272,0,0,3,4804,4690,114,3189,1501,0,1796,114,1241,4719,,687,0,
46,INFEASIBLE,certified_no_adversarial_example,feasibility,false,false,false,false,,,,5.81889016,4.674455881118774,,0.0,1.124361679,0.8189186669999999,0.629190786,0.61094069480896,0.49517089299999995,0.305443012,4.691459128,9626,302,302,0,4045,0,1522,657,3100,10577,0,0,3,4804,4622,182,3100,1522,0,1937,186,1522,5210,,1697,0,
47,INFEASIBLE,certified_no_adversarial_example,feasibility,false,false,false,false,,,,0.652687689,0.02058577537536621,0.0,0.0,0.617332022,0.35183289,0.20807090599999994,0.19580078125,0.4092611160000001,0.265499132,0.032295231,9626,173,173,0,4009,0,1588,641,3215,3618,0,0,3,4804,4709,95,3215,1494,0,1762,98,1172,4598,,422,0,
48,INFEASIBLE,certified_no_adversarial_example,feasibility,false,false,false,false,,,,0.99966575,0.05097317695617676,0.0,0.0,0.931154965,0.607817033,0.43405092500000003,0.4175097942352295,0.4971040399999999,0.32333793199999994,0.06547237,9626,259,259,0,4032,0,1544,656,3135,8199,0,0,3,4804,4652,152,3135,1517,0,1877,156,1402,5000,,738,0,
49,INFEASIBLE,certified_no_adversarial_example,feasibility,false,false,false,false,,,,0.77030674,0.031159400939941406,0.0,0.0,0.723342991,0.4315224230000001,0.28169495400000005,0.2684636116027832,0.44164803699999994,0.2918205679999999,0.043921958,9626,193,193,0,4087,0,1578,670,3098,4770,0,0,3,4804,4684,120,3098,1586,0,1808,120,1265,4761,,619,0,
50,INFEASIBLE,certified_no_adversarial_example,feasibility,false,false,false,false,,,,0.981648096,0.0583491325378418,0.0,0.0,0.905621874,0.592030674,0.4209427750000001,0.40494441986083984,0.48467909899999995,0.31359120000000007,0.072989801,9626,257,257,0,4048,0,1547,659,3115,7226,0,0,3,4804,4641,163,3115,1526,0,1894,163,1437,5062,,872,0,
51,INFEASIBLE,certified_no_adversarial_example,feasibility,false,false,false,false,,,,0.841876369,0.027213335037231445,0.0,0.0,0.79818386,0.5119887519999999,0.354788659,0.3403503894805908,0.44339520099999996,0.28619510800000003,0.040062089,9626,214,214,0,4039,0,1563,649,3161,6921,0,0,3,4804,4682,122,3161,1521,0,1815,124,1278,4784,,468,0,
52,INFEASIBLE,certified_no_adversarial_example,feasibility,false,false,false,false,,,,0.882066948,0.02497267723083496,0.0,0.0,0.840325301,0.52916896,0.36770644899999994,0.35283660888671875,0.4726188520000001,0.311156341,0.038704142,9626,228,228,0,4097,0,1561,692,3048,6388,0,0,3,4804,4665,139,3048,1617,0,1850,142,1348,4906,,478,0,
53,INFEASIBLE,certified_no_adversarial_example,feasibility,false,false,false,false,,,,1.060660548,0.028345823287963867,0.0,0.0,1.014464913,0.71642524,0.5259191470000001,0.5097298622131348,0.488545766,0.2980396730000001,0.043147842,9626,245,245,0,4063,0,1551,681,3086,8856,0,0,3,4804,4646,158,3086,1560,0,1887,160,1422,5036,,505,0,
54,INFEASIBLE,certified_no_adversarial_example,feasibility,false,false,false,false,,,,1.181934444,0.2309737205505371,0.0,0.0,0.932548879,0.627745031,0.45539673099999994,0.4379456043243408,0.4771521480000001,0.30480384800000004,0.2463253,9626,283,283,0,4041,0,1531,663,3108,7588,0,0,3,4804,4632,172,3108,1524,0,1917,176,1482,5140,,773,0,
55,INFEASIBLE,certified_no_adversarial_example,feasibility,false,false,false,false,,,,1.044342917,0.07905435562133789,0.0,0.0,0.94739393,0.646127933,0.47067324699999996,0.4431476593017578,0.4767206830000001,0.301265997,0.093891947,9626,253,253,0,4098,0,1546,677,3052,8607,0,0,3,4804,4643,161,3052,1591,0,1894,164,1436,5060,,1127,0,
56,INFEASIBLE,certified_no_adversarial_example,feasibility,false,false,false,false,,,,0.692933184,0.02995753288269043,0.0,0.0,0.64825112,0.377127034,0.23325134700000003,0.22052788734436035,0.4149997729999999,0.27112408599999993,0.041647885,9626,176,176,0,4051,0,1586,690,3123,4240,0,0,3,4804,4698,106,3123,1575,0,1780,106,1209,4663,,652,0,
57,INFEASIBLE,certified_no_adversarial_example,feasibility,false,false,false,false,,,,0.760338628,0.02236199378967285,0.0,0.0,0.723036983,0.428515964,0.28199342200000005,0.2683546543121338,0.4410435609999999,0.29452101899999994,0.034251819,9626,191,191,0,4059,0,1579,674,3123,5116,0,0,3,4804,4691,113,3123,1568,0,1794,113,1237,4712,,516,0,
58,INFEASIBLE,certified_no_adversarial_example,feasibility,false,false,false,false,,,,0.956641758,0.020619630813598633,0.0,0.0,0.922432228,0.34021279699999996,0.167455258,0.15656232833862305,0.75497697,0.5822194310000001,0.031125147,9626,140,140,0,3974,0,1607,641,3264,2660,0,0,3,4804,4728,76,3264,1464,0,1725,80,1098,4468,,426,0,
59,INFEASIBLE,certified_no_adversarial_example,feasibility,false,false,false,false,,,,0.855228891,0.029275894165039062,0.0,0.0,0.80974063,0.530788094,0.37661337100000003,0.36253786087036133,0.43312725899999993,0.2789525359999999,0.042431719,9626,202,202,0,4058,0,1575,664,3127,6928,0,0,3,4804,4676,128,3127,1549,0,1828,131,1304,4829,,533,0,
60,INFEASIBLE,certified_no_adversarial_example,feasibility,false,false,false,false,,,,0.828694811,0.03490924835205078,0.0,0.0,0.776455818,0.497523021,0.32109178600000005,0.30678653717041016,0.4553640319999999,0.27893279699999995,0.049190546,9626,213,213,0,4006,0,1566,642,3199,6812,0,0,3,4804,4678,126,3199,1479,0,1829,134,1306,4830,,545,0,
61,INFEASIBLE,certified_no_adversarial_example,feasibility,false,false,false,false,,,,0.660075079,0.02360224723815918,0.0,0.0,0.623104581,0.322659784,0.187922959,0.1764545440673828,0.435181622,0.300444797,0.033918636,9626,160,160,0,4028,0,1597,670,3171,2360,0,0,3,4804,4724,80,3171,1553,0,1728,80,1105,4481,,556,0,
62,INFEASIBLE,certified_no_adversarial_example,feasibility,false,false,false,false,,,,0.86955754,0.04163050651550293,0.0,0.0,0.810729438,0.506573507,0.3444714510000001,0.3287007808685303,0.4662579869999999,0.30415593099999993,0.055790486,9626,238,238,0,4081,0,1555,668,3084,6482,0,0,3,4804,4657,147,3084,1573,0,1868,152,1384,4968,,625,0,
63,TIME_LIMIT,time_limit_unresolved,feasibility,false,false,false,false,,,,120.857006433,120.00434374809265,,0.0,0.835718021,0.54166666,0.3888158169999999,0.3728656768798828,0.44690220400000014,0.29405136100000007,120.018232322,9626,268,268,0,4012,0,1541,629,3176,6360,0,0,3,4804,4657,147,3176,1481,0,1867,151,1382,4965,0,1511492,,
64,INFEASIBLE,certified_no_adversarial_example,feasibility,false,false,false,false,,,,0.816638796,0.03759360313415527,0.0,0.0,0.763225013,0.49377970499999996,0.33338054199999995,0.3178279399871826,0.42984447100000006,0.26944530800000005,0.050356784,9626,222,222,0,4044,0,1564,659,3137,6185,0,0,3,4804,4666,138,3137,1529,0,1844,138,1337,4887,,662,0,
65,INFEASIBLE,certified_no_adversarial_example,feasibility,false,false,false,false,,,,0.960536856,0.05789971351623535,0.0,0.0,0.885537651,0.573258718,0.4045104200000001,0.3890047073364258,0.48102723099999994,0.3122789330000001,0.071925784,9626,244,244,0,4078,0,1553,678,3073,6890,0,0,3,4804,4648,156,3073,1575,0,1884,159,1416,5025,,911,0,
66,INFEASIBLE,certified_no_adversarial_example,feasibility,false,false,false,false,,,,1.131770407,0.3162345886230469,,0.0,0.798677232,0.5090569899999999,0.36209586699999996,0.3467700481414795,0.436581365,0.289620242,0.330018298,9626,262,262,0,4001,0,1546,613,3204,5616,0,0,3,4804,4660,144,3204,1456,0,1859,146,1366,4938,,1638,0,
67,INFEASIBLE,certified_no_adversarial_example,feasibility,false,false,false,false,,,,1.105115149,0.08290886878967285,0.0,0.0,1.004858441,0.699865393,0.5172712740000001,0.5011599063873291,0.48758716700000004,0.30499304800000016,0.097205225,9626,253,253,0,4062,0,1546,655,3110,9238,0,0,3,4804,4647,157,3110,1537,0,1885,159,1418,5029,,1118,0,
68,INFEASIBLE,certified_no_adversarial_example,feasibility,false,false,false,false,,,,0.856008669,0.027734994888305664,0.0,0.0,0.811882799,0.522870811,0.3502403559999999,0.33470940589904785,0.4616424430000001,0.28901198800000005,0.041060141,9626,245,245,0,4049,0,1550,665,3117,6517,0,0,3,4804,4658,146,3117,1541,0,1860,146,1369,4943,,519,0,
69,INFEASIBLE,certified_no_adversarial_example,feasibility,false,false,false,false,,,,0.689887675,0.021062374114990234,0.0,0.0,0.654061219,0.383632189,0.2414436980000001,0.2178664207458496,0.41261752099999993,0.27042903,0.032777419,9626,192,192,0,4067,0,1581,694,3092,3152,0,0,3,4804,4703,101,3092,1611,0,1775,105,1198,4643,,428,0,
70,INFEASIBLE,certified_no_adversarial_example,feasibility,false,false,false,false,,,,0.902224182,0.03041839599609375,0.0,0.0,0.855186107,0.505196276,0.34309263600000006,0.32808947563171387,0.5120934709999999,0.3499898309999999,0.044023611,9626,220,220,0,4073,0,1564,690,3079,6292,0,0,3,4804,4662,142,3079,1583,0,1855,144,1358,4924,,546,0,
71,INFEASIBLE,certified_no_adversarial_example,feasibility,false,false,false,false,,,,0.996699754,0.02373218536376953,0.0,0.0,0.958148195,0.353045961,0.22376014600000005,0.21153688430786133,0.734388049,0.6051022340000001,0.035518372,9626,165,165,0,4042,0,1590,669,3160,4061,0,0,3,4804,4696,108,3160,1536,0,1787,110,1222,4686,,493,0,
72,INFEASIBLE,certified_no_adversarial_example,feasibility,false,false,false,false,,,,0.804829517,0.026316404342651367,0.0,0.0,0.762751531,0.481829573,0.297790438,0.2835052013397217,0.46496109300000005,0.280921958,0.039046885,9626,218,218,0,4104,0,1562,696,3046,4851,0,0,3,4804,4677,127,3046,1631,0,1825,129,1298,4819,,549,0,
73,INFEASIBLE,certified_no_adversarial_example,feasibility,false,false,false,false,,,,0.935675219,0.030176162719726562,0.0,0.0,0.888594148,0.587282386,0.40953039,0.3941199779510498,0.479063758,0.301311762,0.044043977,9626,242,242,0,4067,0,1553,687,3077,7285,0,0,3,4804,4646,158,3077,1569,0,1884,158,1417,5027,,571,0,
74,INFEASIBLE,certified_no_adversarial_example,feasibility,false,false,false,false,,,,0.626373327,0.021072864532470703,0.0,0.0,0.591712013,0.324556207,0.19355923,0.18213200569152832,0.398152783,0.267155806,0.031598584,9626,144,144,0,4046,0,1604,660,3172,3490,0,0,3,4804,4719,85,3172,1547,0,1741,87,1130,4525,,483,0,
75,INFEASIBLE,certified_no_adversarial_example,feasibility,false,false,false,false,,,,0.658192543,0.0218656063079834,0.0,0.0,0.622742557,0.361634875,0.22396491,0.21317839622497559,0.39877764700000007,0.261107682,0.032394811,9626,137,137,0,3995,0,1607,660,3227,3927,0,0,3,4804,4725,79,3227,1498,0,1729,81,1106,4483,,464,0,
76,INFEASIBLE,certified_no_adversarial_example,feasibility,false,false,false,false,,,,0.968349899,0.03673100471496582,0.0,0.0,0.91439904,0.616107956,0.438101002,0.4227254390716553,0.47629803800000003,0.29829108400000004,0.050904299,9626,242,242,0,4048,0,1553,660,3123,7677,0,0,3,4804,4647,157,3123,1524,0,1882,157,1413,5020,,545,0,
77,INFEASIBLE,certified_no_adversarial_example,feasibility,false,false,false,false,,,,1.016724705,0.04238557815551758,0.0,0.0,0.957552835,0.667405034,0.488867896,0.4732239246368408,0.46868493899999997,0.29014780100000004,0.056141902,9626,243,243,0,4035,0,1552,659,3137,8561,0,0,3,4804,4655,149,3137,1518,0,1870,152,1388,4976,,624,0,
78,INFEASIBLE,certified_no_adversarial_example,feasibility,false,false,false,false,,,,0.942340253,0.0394282341003418,0.0,0.0,0.878083997,0.587214773,0.42088469799999995,0.4041121006011963,0.457199299,0.2908692239999999,0.061183718,9626,263,263,0,4028,0,1543,661,3131,7226,0,0,3,4804,4642,162,3131,1511,0,1898,167,1444,5073,,581,0,
79,INFEASIBLE,certified_no_adversarial_example,feasibility,false,false,false,false,,,,0.844882218,0.15169072151184082,0.0,0.0,0.678042545,0.405907796,0.26177718000000005,0.2488107681274414,0.416265365,0.27213474900000006,0.163761395,9626,184,184,0,4031,0,1583,641,3187,5272,0,0,3,4804,4692,112,3187,1505,0,1795,114,1238,4714,,816,0,
80,INFEASIBLE,certified_no_adversarial_example,feasibility,false,false,false,false,,,,0.696003439,0.03603696823120117,0.0,0.0,0.644803918,0.35372547400000004,0.22317239100000003,0.2105720043182373,0.421631527,0.291078444,0.048130028,9626,169,169,0,4094,0,1591,683,3089,3910,0,0,3,4804,4694,110,3089,1605,0,1791,112,1230,4700,,705,0,
81,INFEASIBLE,certified_no_adversarial_example,feasibility,false,false,false,false,,,,0.992578799,0.023227214813232422,0.0,0.0,0.956439445,0.369227175,0.18544235599999997,0.17441844940185547,0.770997089,0.58721227,0.033094969,9626,139,139,0,4009,0,1605,675,3198,3173,0,0,3,4804,4723,81,3198,1525,0,1730,81,1109,4488,,553,0,
82,INFEASIBLE,certified_no_adversarial_example,feasibility,false,false,false,false,,,,0.701902236,0.02363729476928711,0.0,0.0,0.663201759,0.39455426700000007,0.253933886,0.2415609359741211,0.409267873,0.26864749199999993,0.035667102,9626,169,169,0,4047,0,1592,680,3138,4620,0,0,3,4804,4694,110,3138,1556,0,1788,110,1225,4691,,530,0,
83,INFEASIBLE,certified_no_adversarial_example,feasibility,false,false,false,false,,,,0.838876758,0.02799677848815918,0.0,0.0,0.794416086,0.474749792,0.3037515149999999,0.2888152599334717,0.4906645710000001,0.319666294,0.041379237,9626,220,220,0,4078,0,1564,693,3071,5890,0,0,3,4804,4665,139,3071,1594,0,1850,142,1348,4906,,557,0,
84,INFEASIBLE,certified_no_adversarial_example,feasibility,false,false,false,false,,,,0.703393975,0.022530317306518555,0.0,0.0,0.666575674,0.388706189,0.249983224,0.23768329620361328,0.41659244999999995,0.27786948499999997,0.033761744,9626,169,169,0,4018,0,1590,661,3188,4513,0,0,3,4804,4699,105,3188,1511,0,1778,105,1205,4656,,525,0,
85,INFEASIBLE,certified_no_adversarial_example,feasibility,false,false,false,false,,,,0.979575017,0.04294013977050781,0.0,0.0,0.918940238,0.6291383260000001,0.443048286,0.4268007278442383,0.475891952,0.28980191199999994,0.057596384,9626,248,248,0,4088,0,1545,672,3073,9857,0,0,3,4804,4642,162,3073,1569,0,1899,168,1446,5076,,638,0,
86,INFEASIBLE,certified_no_adversarial_example,feasibility,false,false,false,false,,,,0.814177923,0.023433446884155273,0.0,0.0,0.77521114,0.48476679899999997,0.322133705,0.3084380626678467,0.45307743500000003,0.29044434100000005,0.035919553,9626,204,204,0,4083,0,1573,676,3090,5584,0,0,3,4804,4675,129,3090,1585,0,1826,129,1301,4824,,516,0,
87,INFEASIBLE,certified_no_adversarial_example,feasibility,false,false,false,false,,,,0.771580412,0.02648138999938965,0.0,0.0,0.730330567,0.451081234,0.296516345,0.2838568687438965,0.43381422199999997,0.279249333,0.038201534,9626,178,178,0,4044,0,1585,659,3160,5215,0,0,3,4804,4694,110,3160,1534,0,1791,112,1230,4700,,533,0,
88,INFEASIBLE,certified_no_adversarial_example,feasibility,false,false,false,false,,,,0.881226877,0.0565032958984375,0.0,0.0,0.808264152,0.516628357,0.349324557,0.3349008560180664,0.45893959500000003,0.29163579500000003,0.069911408,9626,213,213,0,4068,0,1567,675,3103,6388,0,0,3,4804,4662,142,3103,1559,0,1858,147,1364,4933,,851,0,
89,INFEASIBLE,certified_no_adversarial_example,feasibility,false,false,false,false,,,,1.052833994,0.047080039978027344,0.0,0.0,0.98043379,0.687868669,0.505917894,0.4898834228515625,0.474515896,0.292565121,0.0693345,9626,259,259,0,4068,0,1547,665,3087,8492,0,0,3,4804,4641,163,3087,1554,0,1899,167,1446,5077,,609,0,
90,INFEASIBLE,certified_no_adversarial_example,feasibility,false,false,false,false,,,,0.541389917,0.016595840454101562,0.0,0.0,0.512230786,0.257924755,0.14341757100000002,0.1329030990600586,0.368813215,0.25430603100000004,0.026077728,9626,131,131,0,3994,0,1609,643,3249,2202,0,0,3,4804,4741,63,3249,1492,0,1698,66,1044,4374,,421,0,
91,INFEASIBLE,certified_no_adversarial_example,feasibility,false,false,false,false,,,,0.849884613,0.024564027786254883,0.0,0.0,0.809801209,0.523912209,0.322816894,0.3096003532409668,0.48698431499999995,0.28588899999999995,0.037043639,9626,189,189,0,4056,0,1582,682,3117,5075,0,0,3,4804,4682,122,3117,1565,0,1816,125,1280,4787,,457,0,
92,INFEASIBLE,certified_no_adversarial_example,feasibility,false,false,false,false,,,,1.264857142,0.04063010215759277,0.0,0.0,1.207951902,0.927540856,0.7612748709999999,0.40927815437316895,0.4466770310000001,0.280411046,0.053814938,9626,243,243,0,4044,0,1551,653,3135,7669,0,0,3,4804,4668,136,3135,1533,0,1843,138,1334,4882,,710,0,
93,OPTIMAL,adversarial_example_found_or_best_known,feasibility,true,true,true,true,-4.884981308350689e-15,-7.9749390605536385;-6.239612122661443;-5.964869537523207;-3.451954099628547;1.2689060386597184;-7.226744546929902;-10.663745322050048;-2.751421873884053;-1.2924733337926542;1.2689060386597233,0.1;0.0;0.0;0.1;0.0;0.0;0.0;0.0;0.0;0.1;0.1;0.0;0.0;0.1;0.1;0.0;0.0;0.1;0.1;0.0;0.0;0.1;0.1;0.0;0.0;0.0;0.0;0.1;0.0;0.1;0.0;0.1;0.0;0.0;0.0;0.0;0.1;0.1;0.0;0.0063351131927857325;0.1;0.1;0.1;0.1;0.1;0.1;0.1;0.1;0.1;0.1;0.1;0.1;0.1;0.0;0.1;0.1;0.1;0.1;0.0;0.1;0.1;0.1;0.1;0.0;0.0;0.1;0.1;0.0;0.0;0.0;0.0;0.1;0.1;0.0;0.1;0.1;0.1;0.1;0.1;0.0;0.0;0.0;0.0;0.1;0.0;0.0;0.0;0.1;0.0;0.1;0.1;0.0;0.1;0.1;0.1;0.0;0.1;0.0;0.1;0.1;0.1;0.0;0.0;0.0;0.1;0.0;0.1;0.0;0.0;0.0;0.0;0.0;0.0;0.1;0.1;0.1;0.1;0.1;0.1;0.0;0.1;0.1;0.1;0.0;0.0;0.0;0.0;0.1;0.1;0.0;0.0;0.1;0.1;0.0;0.1;0.0;0.0;0.0;0.0;0.0;0.0;0.1;0.1;0.0;0.1;0.1;0.1;0.0;0.1;0.0;0.1;0.0;0.1;0.0;0.1;0.1;0.1;0.0;0.0;0.1;0.1;0.1;0.0;0.0;0.0;0.1;0.0;0.0;0.1;0.0;0.0;0.0;0.0;0.1;0.1;0.1;0.1;0.0;0.1;0.0;0.0;0.0;0.0;0.1;0.1;0.0;0.0;0.1;0.1;0.0;0.0;0.0;0.1;0.1;0.1;0.0;0.0;0.1;0.1;0.0;0.1;0.1;0.1;0.1;0.0;0.0;0.1;0.1;0.1;0.1;0.0;0.1;0.1;0.1;0.1;0.1;0.1;0.1;0.1;0.0;0.0;0.0;0.0;0.0;0.0;0.1;0.1;0.0;0.0;0.1;0.1;0.1;0.1;0.0;0.0;0.0;0.1;0.0;0.0;0.1;0.1;0.0;0.0;0.0;0.0;0.1;0.0;0.1;0.0;0.19411764705882353;0.1;0.0;0.0;0.0;0.0;0.1;0.0;0.1;0.1;0.1;0.0;0.1;0.0;0.0;0.1;0.10236970626589419;0.10191603180926279;0.17322551604979158;0.0;0.0;0.0;0.0;0.1;0.1;0.2686274509803922;0.7909326779484163;0.8883959019294562;0.28600416927024447;0.1;0.1;0.0;0.0;0.0;0.1;0.1;0.1;0.1;0.1;0.1;0.0;0.0;0.1;0.25201795736930777;0.9823529411764705;0.9980392156862745;0.8764705882352941;0.515686274509804;0.0;0.0;0.0;0.0;0.3509803921568627;1.0;0.9705882352941176;0.5901960784313726;0.10784313725490197;0.1;0.1;0.0;0.1;0.0;0.1;0.0;0.0;0.1;0.0;0.1;0.0;0.0;0.4553388123244322;0.8990266122719702;0.4764705882352941;0.0;0.707843137254902;0.6941278777838313;0.1;0.0;0.0;0.5392156862745098;1.0;0.5431372549019609;0.0;0.1;0.0;0.1;0.0;0.1;0.0;0.0;0.1;0.1;0.0;0.0;0.1;0.15490196078431373;0.23725490196078433;0.4843988966333841;0.888235294117647;0.1392156862745098;0.0;0.09523745271709848;0.8921568627450981;0.38235294117647056;0.0;0.21372549019607845;0.9588235294117646;0.8860408059589208;0.38627450980392153;0.0;0.0;0.0;0.0;0.0;0.1;0.0;0.0;0.0;0.1;0.1;0.1;0.1;0.0;0.7784313725490196;0.80032612171821;0.47021173518203885;0.0;0.1;0.0;0.33529411764705885;0.9666666666666667;0.0;0.46637794151951867;1.0;0.7950648636896805;0.0;0.0;0.0;0.0;0.1;0.1;0.1;0.0;0.0;0.0;0.0;0.1;0.0;0.1;0.0;0.6843137254901961;0.6843137254901961;0.0;0.0;0.0;0.0;0.0;0.49215686274509807;0.907843137254902;0.6294117647058823;0.8960784313725491;0.8294117647058824;0.19411764705882353;0.1;0.0;0.0;0.1;0.1;0.1;0.1;0.0;0.0;0.0;0.0;0.0;0.0;0.1;0.46029959712404367;0.6490196078431373;0.1196078431372549;0.0;0.0;0.1;0.0;0.16666666666666666;0.9;0.8647058823529412;0.8813561007170788;0.6764705882352942;0.10618603331012358;0.0;0.1;0.0;0.09595124950610853;0.1;0.0;0.1;0.0;0.0;0.0;0.0;0.0;0.0;0.0;0.0;0.8529411764705882;0.27254901960784317;0.0;0.0;0.0;0.0;0.0;0.6607843137254902;0.8764705882352941;0.692156862745098;0.45686274509803926;0.0;0.0;0.0;0.0;0.1;0.1;0.1;0.0;0.1;0.1;0.0;0.0;0.0;0.0;0.0;0.1;0.1;0.7784313725490196;0.10353261604489829;0.0;0.0;0.0;0.1;0.6699011378020876;0.9784313725490196;0.2002765087317998;0.0;0.0;0.1;0.1;0.1;0.1;0.1;0.1;0.0;0.0;0.1;0.1;0.0;0.0;0.0;0.0;0.1;0.1;0.0;0.8647058823529412;0.5196078431372549;0.1392156862745098;0.0;0.09846381690181837;0.6843137254901961;1.0;0.3313725490196079;0.0;0.0;0.0;0.1;0.1;0.0;0.0;0.0;0.0;0.0;0.0;0.1;0.1;0.0;0.0;0.0;0.0;0.1;0.0;0.1;0.13137254901960785;0.1437149910061571;0.0;0.19795991062615248;1.0;0.8882352941176471;0.44509803921568625;0.0;0.0;0.0;0.1;0.0;0.0;0.0;0.1;0.0;0.1;0.1;0.1;0.1;0.0;0.0;0.1;0.0;0.0;0.1;0.1;0.1;0.09819962668321956;0.16666666666666669;0.6764705882352942;0.696078431372549;1.0;0.4294117647058824;0.0;0.0;0.0;0.0;0.0;0.1;0.1;0.0;0.1;0.1;0.1;0.1;0.1;0.1;0.1;0.0;0.1;0.0;0.0;0.0;0.1;0.1;0.18672803768554852;0.9588235294117646;0.9941176470588236;0.22707878782340155;0.2161027174069054;0.0;0.0;0.1;0.0;0.1;0.1;0.1;0.0;0.1;0.1;0.0;0.1;0.0;0.0;0.1;0.0326966540838685;0.1;0.1;0.0;0.0;0.0;0.0;0.1;0.5745098039215686;0.9941176470588236;0.27254901960784317;0.1;0.1;0.0;0.1;0.0;0.0;0.0;0.0;0.1;0.1;0.1;0.0;0.0;0.0;0.1;0.1;0.1;0.1;0.0;0.0;0.1;0.1;0.0;0.1;0.0;0.1041560575612329;0.159036199868474;0.1;0.1;0.1;0.1;0.1;0.1;0.1;0.1;0.0;0.0;0.0;0.1;0.0;0.0;0.0;0.1;0.0;0.1;0.0;0.0;0.1;0.1;0.1;0.0;0.0;0.0;0.1;0.1;0.1;0.1;0.1;0.0;0.0;0.1;0.1;0.1;0.1;0.1;0.1;0.1;0.1;0.0;0.0;0.1;0.0;0.0;0.0;0.0;0.0;0.1;0.0;0.0;0.1;0.0;0.1;0.0;0.1;0.1;0.1;0.0;0.06574301492085417;0.0;0.1;0.1;0.0;0.1;0.0;0.1;0.0;0.0;0.0;0.0;0.1;0.1;0.0;0.1;0.1;0.1;0.1;0.0;0.0;0.0;0.0;0.0;0.1;0.1;0.1;0.0;0.0;0.1;0.1;0.1;0.1;0.1;0.1;0.0;0.1;0.0;0.0;0.0;0.0;0.0;0.0;0.1;0.0;0.1;0.1;0.1;0.1;0.0;0.1;0.0;0.1;0.1;0.1;0.1;0.0;0.0;0.0;0.0;0.0;0.1;0.0;0.0;0.1;0.1;0.1;0.0;0.1;0.0;0.0;0.0,1.662230229,0.7450363636016846,0.0,0.0,0.896193626,0.6137007640000001,0.42981382900000004,0.41361045837402344,0.46637979699999993,0.2824928619999999,0.759609315,9626,265,265,0,4026,0,1537,623,3175,8893,0,0,3,4804,4656,148,3175,1481,0,1868,151,1384,4969,1,1706,,0.0
94,INFEASIBLE,certified_no_adversarial_example,feasibility,false,false,false,false,,,,0.730161488,0.019922733306884766,0.0,0.0,0.695927039,0.42521163300000003,0.24346330899999996,0.2311413288116455,0.45246373,0.27071540599999994,0.031186559,9626,176,176,0,4065,0,1588,670,3127,3783,0,0,3,4804,4706,98,3127,1579,0,1767,100,1182,4616,,450,0,
95,INFEASIBLE,certified_no_adversarial_example,feasibility,false,false,false,false,,,,0.564469565,0.016994953155517578,0.0,0.0,0.534915478,0.268607616,0.147013896,0.1366291046142578,0.387901582,0.26630786200000006,0.026521377,9626,122,122,0,4016,0,1614,659,3215,2650,0,0,3,4804,4733,71,3215,1518,0,1710,71,1069,4418,,449,0,
96,INFEASIBLE,certified_no_adversarial_example,feasibility,false,false,false,false,,,,0.856393672,0.06132912635803223,0.0,0.0,0.778811037,0.496544796,0.334477625,0.3190648555755615,0.444333412,0.282266241,0.074542772,9626,238,238,0,4099,0,1556,670,3063,5922,0,0,3,4804,4667,137,3063,1604,0,1846,140,1340,4892,,946,0,
97,INFEASIBLE,certified_no_adversarial_example,feasibility,false,false,false,false,,,,0.674902179,0.047171592712402344,0.0,0.0,0.613021031,0.359519559,0.222512687,0.21091556549072266,0.39050834400000006,0.25350147200000006,0.058831648,9626,161,161,0,3991,0,1594,626,3254,4152,0,0,3,4804,4709,95,3254,1455,0,1766,102,1180,4610,,820,0,
98,INFEASIBLE,certified_no_adversarial_example,feasibility,false,false,false,false,,,,0.974943072,0.0922095775604248,0.0,0.0,0.865849314,0.57969523,0.40661189900000005,0.39116954803466797,0.4592374149999999,0.286154084,0.106014532,9626,250,250,0,4066,0,1551,664,3095,6630,0,0,3,4804,4653,151,3095,1558,0,1874,154,1396,4990,,886,0,
99,INFEASIBLE,certified_no_adversarial_example,feasibility,false,false,false,false,,,,0.81488696,0.02051997184753418,0.0,0.0,0.778568679,0.487778005,0.331236895,0.3169710636138916,0.44733178400000007,0.290790674,0.03327683,9626,214,214,0,4047,0,1566,677,3122,6423,0,0,3,4804,4670,134,3122,1548,0,1836,134,1321,4859,,456,0,
100,INFEASIBLE,certified_no_adversarial_example,feasibility,false,false,false,false,,,,0.70896419,0.020267248153686523,0.0,0.0,0.674114603,0.388133461,0.25537036900000004,0.24242639541625977,0.418744234,0.285981142,0.031818315,9626,176,176,0,4063,0,1585,674,3128,4633,0,0,3,4804,4696,108,3128,1568,0,1787,110,1222,4686,,458,0,
101,INFEASIBLE,certified_no_adversarial_example,feasibility,false,false,false,false,,,,1.139949588,0.05021405220031738,0.0,0.0,1.071293616,0.775146268,0.5707072059999999,0.5530786514282227,0.50058641,0.296147348,0.065561051,9626,292,292,0,4052,0,1527,656,3099,10331,0,0,3,4804,4627,177,3099,1528,0,1927,181,1502,5175,,660,0,
102,INFEASIBLE,certified_no_adversarial_example,feasibility,false,false,false,false,,,,1.107008814,0.06005716323852539,0.0,0.0,1.028905886,0.734206098,0.495264609,0.47826695442199707,0.533641277,0.29469978799999996,0.075048983,9626,264,264,0,4072,0,1541,680,3069,8387,0,0,3,4804,4630,174,3069,1561,0,1919,176,1486,5148,,819,0,
103,INFEASIBLE,certified_no_adversarial_example,feasibility,false,false,false,false,,,,1.371910312,0.0423429012298584,0.0,0.0,1.312844754,1.024055105,0.5035333410000001,0.48641252517700195,0.8093114129999998,0.2887896489999999,0.056015931,9626,277,277,0,4071,0,1533,669,3076,8568,0,0,3,4804,4649,155,3076,1573,0,1878,155,1405,5006,,708,0,
104,INFEASIBLE,certified_no_adversarial_example,feasibility,false,false,false,false,,,,0.913416134,0.03677034378051758,0.0,0.0,0.859352669,0.569852062,0.39079613999999996,0.3755068778991699,0.468556529,0.2895006069999999,0.051011715,9626,247,247,0,4048,0,1550,672,3109,6916,0,0,3,4804,4662,142,3109,1553,0,1855,144,1358,4924,,571,0,
105,INFEASIBLE,certified_no_adversarial_example,feasibility,false,false,false,false,,,,0.687478937,0.01937270164489746,0.0,0.0,0.654379442,0.34763725,0.205430671,0.19332051277160645,0.44894877099999997,0.30674219199999997,0.030064707,9626,166,166,0,4039,0,1588,661,3172,3731,0,0,3,4804,4711,93,3172,1539,0,1754,93,1157,4572,,501,0,
106,INFEASIBLE,certified_no_adversarial_example,feasibility,false,false,false,false,,,,0.818586653,0.03525400161743164,0.0,0.0,0.766751429,0.48450917299999996,0.3309546,0.31575942039489746,0.43579682900000005,0.2822422560000001,0.048801907,9626,237,237,0,4030,0,1554,661,3144,6402,0,0,3,4804,4672,132,3144,1528,0,1837,136,1322,4860,,569,0,
107,INFEASIBLE,certified_no_adversarial_example,feasibility,false,false,false,false,,,,1.118185922,0.03549909591674805,0.0,0.0,1.064336247,0.729715679,0.539120825,0.5209505558013916,0.5252154219999999,0.33462056799999995,0.050800449,9626,305,305,0,4087,0,1520,669,3045,9438,0,0,3,4804,4620,184,3045,1575,0,1940,187,1528,5221,,518,0,
108,INFEASIBLE,certified_no_adversarial_example,feasibility,false,false,false,false,,,,0.567702197,0.023612022399902344,0.0,0.0,0.530781613,0.274905834,0.154561915,0.14414310455322266,0.37621969800000005,0.255875779,0.033852392,9626,125,125,0,3990,0,1614,646,3251,2314,0,0,3,4804,4734,70,3251,1483,0,1714,75,1076,4429,,486,0,
109,INFEASIBLE,certified_no_adversarial_example,feasibility,false,false,false,false,,,,0.660211185,0.034654855728149414,0.0,0.0,0.61097727,0.35041127499999997,0.21220859500000006,0.20010948181152344,0.39876867499999996,0.26056599500000005,0.046187143,9626,153,153,0,4035,0,1600,650,3188,4189,0,0,3,4804,4704,100,3188,1516,0,1772,103,1192,4633,,638,0,
110,INFEASIBLE,certified_no_adversarial_example,feasibility,false,false,false,false,,,,0.740165188,0.02203083038330078,0.0,0.0,0.704287932,0.41901948,0.273077319,0.2597215175628662,0.43121061299999996,0.28526845199999995,0.032838611,9626,213,213,0,4018,0,1565,668,3162,4281,0,0,3,4804,4709,95,3162,1547,0,1761,97,1170,4595,,436,0,
111,INFEASIBLE,certified_no_adversarial_example,feasibility,false,false,false,false,,,,0.937694454,0.031699180603027344,0.0,0.0,0.889074234,0.607916475,0.42111734,0.40563178062438965,0.46795689399999996,0.28115775899999995,0.045551488,9626,240,240,0,4082,0,1552,655,3097,8952,0,0,3,4804,4653,151,3097,1556,0,1873,153,1394,4987,,550,0,
112,INFEASIBLE,certified_no_adversarial_example,feasibility,false,false,false,false,,,,0.579210535,0.024196386337280273,0.0,0.0,0.541607134,0.291385522,0.163814069,0.1529848575592041,0.37779306500000004,0.25022161200000004,0.034543896,9626,134,134,0,4009,0,1609,645,3229,2955,0,0,3,4804,4722,82,3229,1493,0,1736,85,1120,4507,,534,0,
113,INFEASIBLE,certified_no_adversarial_example,feasibility,false,false,false,false,,,,0.67616969,0.022746801376342773,0.0,0.0,0.638969301,0.36023891900000005,0.22538709499999998,0.2135465145111084,0.41358220600000006,0.278730382,0.034147145,9626,157,157,0,4018,0,1598,660,3193,4161,0,0,3,4804,4706,98,3193,1513,0,1767,100,1182,4616,,489,0,
114,INFEASIBLE,certified_no_adversarial_example,feasibility,false,false,false,false,,,,0.878275543,0.04461979866027832,0.0,0.0,0.817811189,0.538002608,0.328515993,0.31455111503601074,0.48929519600000004,0.27980858100000006,0.057430969,9626,208,208,0,4041,0,1571,663,3143,6662,0,0,3,4804,4674,130,3143,1531,0,1833,134,1314,4846,,672,0,
115,INFEASIBLE,certified_no_adversarial_example,feasibility,false,false,false,false,,,,1.011828805,0.027631521224975586,0.0,0.0,0.9700376,0.713191723,0.5740093599999998,0.2134394645690918,0.39602824000000025,0.25684587700000006,0.038747961,9626,161,161,0,4019,0,1594,655,3197,4143,0,0,3,4804,4709,95,3197,1512,0,1761,97,1170,4595,,505,0,
116,OPTIMAL,adversarial_example_found_or_best_known,feasibility,true,true,true,true,5.995204332975845e-15,-8.836006748084824;-9.987326267890726;-8.189912135344516;-4.7872183026341;1.7697639681905635;-3.01181503930841;-2.8629433954124863;-8.197464508035376;-3.149813719524703;1.7697639681905695,0.0;0.1;0.1;0.0;0.1;0.1;0.1;0.1;0.1;0.0;0.0;0.1;0.1;0.0;0.0;0.1;0.1;0.0;0.0;0.1;0.1;0.0;0.0;0.1;0.1;0.1;0.1;0.0;0.1;0.0;0.1;0.0;0.1;0.1;0.1;0.1;0.0;0.0;0.0;0.1;0.0;0.0;0.0;0.0;0.0;0.0;0.0;0.0;0.0;0.0;0.0;0.0;0.1;0.1;0.0;0.0;0.0;0.0;0.0;0.0;0.0;0.1;0.1;0.1;0.1;0.0;0.0;0.1;0.1;0.0;0.0;0.1;0.1;0.0;0.0;0.1;0.1;0.0;0.0;0.1;0.1;0.1;0.1;0.0;0.1;0.1;0.1;0.0;0.02748534697793812;0.0;0.0;0.0;0.0;0.0;0.1;0.1;0.0;0.1;0.1;0.1;0.1;0.1;0.0;0.1;0.0;0.1;0.0;0.0;0.1;0.1;0.1;0.0;0.1;0.1;0.1;0.0;0.0;0.1;0.1;0.0;0.0;0.0;0.0;0.1;0.1;0.0;0.0;0.1;0.1;0.1;0.1;0.1;0.0;0.0;0.0;0.0;0.0;0.1;0.1;0.0;0.1;0.0;0.1;0.0;0.0;0.0;0.0;0.0;0.0;0.1;0.0;0.0;0.0;0.0;0.1;0.0;0.0;0.0;0.0;0.0;0.0;0.1;0.0;0.0;0.1;0.0;0.06571737762328743;0.1;0.0;0.1;0.1;0.1;0.1;0.1;0.1;0.0;0.0;0.1;0.1;0.1;0.1;0.1;0.0;0.0;0.1;0.0;0.0;0.0;0.0;0.1;0.1;0.0;0.0;0.1;0.1;0.1;0.1;0.1;0.1;0.1;0.0;0.1;0.0;0.0;0.1;0.1;0.1;0.0;0.0;0.1;0.0;0.1;0.0;0.0;0.1;0.0;0.0;0.0;0.0;0.1;0.1;0.1;0.1;0.1;0.1;0.1;0.1;0.1;0.1;0.1;0.0;0.0;0.0;0.1;0.1;0.1;0.0;0.04117647058823529;0.3431372549019608;0.2647058823529412;0.1;0.0;0.0;0.0;0.0;0.1;0.1;0.1;0.1;0.0;0.0;0.1;0.1;0.0;0.1;0.0;0.1;0.1;0.1;0.0;0.1;0.1;0.1;0.22156862745098038;0.6882352941176471;1.0;1.0;0.8803921568627451;0.4097146984750873;0.0;0.0;0.0;0.0;0.1;0.0;0.0;0.1;0.0;0.1;0.1;0.1;0.0;0.0;0.0;0.0;0.0;0.0;0.0;0.0;0.11568627450980393;0.5549019607843138;0.9823529411764705;1.0;0.6019607843137255;0.6058823529411765;1.0;0.8921568627450981;0.24509803921568626;0.0;0.0;0.1;0.1;0.0;0.0;0.0;0.0;0.0;0.1;0.0;0.0;0.1;0.0;0.0;0.1;0.1;0.1;0.22549019607843138;0.7365726475161679;1.0;0.7200258060209297;0.33529411764705885;0.0;0.10392156862745099;0.5784313725490197;1.0;0.7956882765438836;0.12352941176470589;0.0;0.0;0.0;0.1;0.0;0.1;0.0;0.1;0.1;0.1;0.0;0.09312831029902509;0.0;0.0;0.0;0.1;0.2647058823529412;0.7862745098039216;0.8882352941176471;0.5509803921568628;0.2568627450980392;0.1;0.0;0.0;0.303921568627451;1.0;1.0;0.0;0.0;0.0;0.08823529411764705;0.3313725490196079;0.24901960784313726;0.1;0.0;0.1;0.1;0.0;0.1;0.1;0.1;0.0;0.1;0.12745098039215685;0.9823529411764705;0.9305374473721614;0.44509803921568625;0.0;0.0;0.1;0.0;0.1;0.1;0.8215686274509804;1.0;0.10392156862745097;0.17283224614260378;0.6448374738760146;0.8764705882352941;0.8960784313725491;0.8568627450980393;0.1;0.0;0.1;0.1;0.1;0.1;0.1;0.1;0.09984742595646144;0.515686274509804;0.8803921568627451;1.0;0.3313725490196079;0.1;0.0;0.1;0.1;0.0;0.1;0.2450980392156863;1.0;1.0;0.8960784313725491;1.0;1.0;1.0;1.0;0.8490196078431372;0.1;0.0;0.0;0.1;0.0;0.1;0.1;0.1;0.307843137254902;0.8882352941176471;0.8773501028534724;0.4091121277060455;0.027855071246618544;0.1;0.1;0.0;0.11960784313725491;0.23333333333333334;0.5666666666666667;1.0;1.0;1.0;0.8925083146169228;0.799505508533809;0.5429745015236688;0.676470588235294;0.3235294117647059;0.0;0.1;0.0;0.1;0.1;0.1;0.1;0.1;0.1;0.8971372980639057;1.0;0.4254901960784314;0.1;0.1;0.1;0.10245159335241978;0.017647058823529405;0.5352941176470588;0.8960784313725491;0.8960784313725491;0.8960784313725491;0.884313725490196;0.8450980392156863;0.021568627450980385;0.1;0.1;0.1;0.09837593555681501;0.0;0.0;0.0;0.0;0.1;0.0;0.1;0.0;0.1;0.42156862745098045;0.37058823529411766;0.1;0.1;0.1;0.0;0.5666666666666667;1.0;0.8960784313725491;1.0;0.8960784313725491;0.503921568627451;0.10755426215772736;0.0;0.0;0.0;0.1;0.0;0.1;0.1;0.1;0.0;0.1;0.1;0.1;0.1;0.1;0.1;0.1;0.1;0.1;0.1;0.1;0.0;0.292156862745098;0.7274509803921568;0.8333333333333333;0.3274509803921568;0.0994677319858348;0.10784313725490197;0.1;0.0;0.0;0.0;0.0;0.0;0.1;0.1;0.1;0.0;0.0;0.1;0.1;0.0;0.1;0.0;0.1;0.0;0.06804348744899053;0.1;0.1;0.0;0.0;0.1155822624530586;0.0;0.1;0.0;0.1;0.0;0.1;0.1;0.1;0.0;0.0;0.0;0.0;0.1;0.0;0.1;0.1;0.0;0.1;0.1;0.0;0.0;0.0;0.1;0.1;0.1;0.0;0.0;0.1;0.1;0.1;0.1;0.1;0.1;0.0;0.0;0.0;0.0;0.0;0.0;0.1;0.1;0.0;0.0;0.1;0.1;0.1;0.1;0.1;0.1;0.1;0.0;0.1;0.1;0.0;0.0;0.0;0.1;0.1;0.0;0.1;0.0;0.0;0.0;0.1;0.0;0.1;0.0;0.1;0.0;0.0;0.1;0.0;0.0;0.1;0.1;0.1;0.1;0.0;0.0;0.1;0.1;0.0;0.0;0.1;0.1;0.1;0.1;0.1;0.1;0.0;0.0;0.1;0.1;0.1;0.0;0.1;0.1;0.0;0.0;0.1;0.0;0.1;0.1;0.1;0.1;0.1;0.0;0.0;0.0;0.0;0.0;0.1;0.0;0.1;0.1;0.1;0.0018137826505419676;0.0;0.09512417361512351;0.0;0.1;0.1;0.1;0.1;0.1;0.1;0.1;0.0;0.0;0.0;0.1;0.1;0.1;0.1;0.1;0.0;0.0;0.0;0.0;0.1;0.1;0.1;0.1;0.0;0.0;0.0;0.0;0.0;0.0;0.1;0.1;0.1;0.1;0.1;0.1;0.0;0.1;0.0;0.1;0.0;0.1;0.1;0.051147864995723914;0.1;0.0;0.0;0.0;0.0;0.1;0.1;0.1;0.1;0.1;0.0;0.1;0.0;0.1;0.0;0.0;0.1;0.0;0.1;0.1;0.0;0.0;0.0;0.1;0.1;0.1;0.1;0.1;0.1;0.0;0.0;0.0;0.0;0.0;0.1;0.1;0.1;0.1;0.0;0.0;0.1;0.1;0.1;0.1;0.1;0.1;0.1;0.1;0.0;0.0;0.1;0.1;0.1;0.1;0.1;0.1;0.1;0.0;0.1;0.1;0.0;0.1;0.0;0.1;0.1;0.1;0.1;0.1;0.1;0.1;0.0;0.0;0.1;0.0;0.1;0.1;0.1,1.521919115,0.9006929397583008,0.0,0.0,0.604130243,0.34598920099999997,0.20550688200000006,0.1941213607788086,0.3986233609999999,0.258141042,0.911365084,9626,155,155,0,4014,0,1593,656,3208,3721,0,0,3,4804,4718,86,3208,1510,0,1740,86,1129,4523,1,12240,,0.0
117,INFEASIBLE,certified_no_adversarial_example,feasibility,false,false,false,false,,,,0.739843479,0.026930809020996094,0.0,0.0,0.697795365,0.42813291600000003,0.26671342900000006,0.2536475658416748,0.4310819359999999,0.2696624489999999,0.0389623,9626,200,200,0,3999,0,1573,636,3218,4846,0,0,3,4804,4703,101,3218,1485,0,1770,101,1189,4628,,541,0,
118,INFEASIBLE,certified_no_adversarial_example,feasibility,false,false,false,false,,,,0.931404355,0.03826713562011719,0.0,0.0,0.876668822,0.544375482,0.38106142100000007,0.3662254810333252,0.4956074009999999,0.33229334,0.051676629,9626,241,241,0,4049,0,1551,668,3117,6681,0,0,3,4804,4666,138,3117,1549,0,1844,138,1337,4887,,677,0,
119,INFEASIBLE,certified_no_adversarial_example,feasibility,false,false,false,false,,,,0.902608574,0.03831911087036133,0.0,0.0,0.847897977,0.5719186510000001,0.37639892900000005,0.36130356788635254,0.471499048,0.27597932599999997,0.051658023,9626,243,243,0,4022,0,1552,642,3167,7024,0,0,3,4804,4670,134,3167,1503,0,1841,138,1330,4874,,603,0,
120,INFEASIBLE,certified_no_adversarial_example,feasibility,false,false,false,false,,,,0.743014446,0.039991140365600586,0.0,0.0,0.688033976,0.409316291,0.25034676200000006,0.2379469871520996,0.437687214,0.27871768500000005,0.051916409,9626,158,158,0,4065,0,1596,698,3109,4821,0,0,3,4804,4694,110,3109,1585,0,1792,113,1232,4703,,736,0,
121,INFEASIBLE,certified_no_adversarial_example,feasibility,false,false,false,false,,,,0.891947562,0.03575396537780762,0.0,0.0,0.839491373,0.547898695,0.3758509499999999,0.36130785942077637,0.4636404230000001,0.291592678,0.049389292,9626,229,229,0,4092,0,1561,692,3052,6316,0,0,3,4804,4659,145,3052,1607,0,1862,148,1372,4948,,551,0,
122,INFEASIBLE,certified_no_adversarial_example,feasibility,false,false,false,false,,,,1.119829393,0.254741907119751,0.0,0.0,0.848071461,0.5453217850000001,0.38367969199999996,0.36820197105407715,0.464391769,0.3027496759999999,0.268684029,9626,256,256,0,4035,0,1548,649,3138,6207,0,0,3,4804,4653,151,3138,1515,0,1874,154,1396,4990,,1336,0,
123,INFEASIBLE,certified_no_adversarial_example,feasibility,false,false,false,false,,,,0.726987266,0.023449182510375977,0.0,0.0,0.689009374,0.422421348,0.27092172400000003,0.2585453987121582,0.4180876499999999,0.266588026,0.034896827,9626,180,180,0,3997,0,1585,634,3230,5034,0,0,3,4804,4700,104,3230,1470,0,1779,106,1206,4658,,462,0,
124,INFEASIBLE,certified_no_adversarial_example,feasibility,false,false,false,false,,,,0.835589202,0.030907869338989258,0.0,0.0,0.788302378,0.510683326,0.34395963100000004,0.3295581340789795,0.444342747,0.27761905200000003,0.044246353,9626,209,209,0,4062,0,1568,668,3119,7211,0,0,3,4804,4663,141,3119,1544,0,1854,144,1356,4920,,541,0,
125,INFEASIBLE,certified_no_adversarial_example,feasibility,false,false,false,false,,,,0.676076472,0.016910791397094727,0.0,0.0,0.644559631,0.36647881799999993,0.227290873,0.21477150917053223,0.417268758,0.2780808130000001,0.02846992,9626,177,177,0,4046,0,1587,673,3143,4064,0,0,3,4804,4694,110,3143,1551,0,1788,110,1225,4691,,453,0,
126,INFEASIBLE,certified_no_adversarial_example,feasibility,false,false,false,false,,,,0.791367305,0.03481626510620117,0.0,0.0,0.741783018,0.466370814,0.27682825400000005,0.2637951374053955,0.46495476399999996,0.275412204,0.046533356,9626,188,188,0,4032,0,1577,662,3167,5365,0,0,3,4804,4690,114,3167,1523,0,1796,114,1241,4719,,668,0,
127,INFEASIBLE,certified_no_adversarial_example,feasibility,false,false,false,false,,,,1.174782761,0.058176517486572266,0.0,0.0,1.100195795,0.8093328289999999,0.321812357,0.30744028091430664,0.7783834380000001,0.29086296600000017,0.071533653,9626,221,221,0,4078,0,1566,708,3053,5698,0,0,3,4804,4665,139,3053,1612,0,1852,144,1352,4912,,886,0,
128,INFEASIBLE,certified_no_adversarial_example,feasibility,false,false,false,false,,,,0.788199328,0.023235321044921875,0.0,0.0,0.749207105,0.46653937700000003,0.309259283,0.2960398197174072,0.439947822,0.28266772799999995,0.035955009,9626,189,189,0,4057,0,1579,688,3113,5664,0,0,3,4804,4685,119,3113,1572,0,1811,123,1270,4769,,442,0,
129,INFEASIBLE,certified_no_adversarial_example,feasibility,false,false,false,false,,,,0.805383806,0.03823733329772949,0.0,0.0,0.750742654,0.461249848,0.290637551,0.27683591842651367,0.46010510299999996,0.28949280599999994,0.051613834,9626,202,202,0,4093,0,1574,678,3079,5803,0,0,3,4804,4680,124,3079,1601,0,1821,128,1290,4804,,634,0,
130,INFEASIBLE,certified_no_adversarial_example,feasibility,false,false,false,false,,,,0.792919671,0.022278785705566406,0.0,0.0,0.754818141,0.47232023700000003,0.282420846,0.26928114891052246,0.472397295,0.28249790399999997,0.035041401,9626,191,191,0,4051,0,1581,673,3130,5179,0,0,3,4804,4676,128,3130,1546,0,1828,131,1304,4829,,462,0,
131,INFEASIBLE,certified_no_adversarial_example,feasibility,false,false,false,false,,,,0.831748831,0.03174853324890137,0.0,0.0,0.784555258,0.483388507,0.324289703,0.3109703063964844,0.46026555500000005,0.301166751,0.044132502,9626,196,196,0,4074,0,1579,675,3102,5576,0,0,3,4804,4679,125,3102,1577,0,1818,125,1285,4796,,647,0,
132,INFEASIBLE,certified_no_adversarial_example,feasibility,false,false,false,false,,,,0.879635138,0.03345608711242676,0.0,0.0,0.830133422,0.536218952,0.375426752,0.3607823848724365,0.45470667,0.2939144699999999,0.046453159,9626,214,214,0,4102,0,1567,680,3063,7625,0,0,3,4804,4660,144,3063,1597,0,1856,144,1361,4929,,586,0,
133,INFEASIBLE,certified_no_adversarial_example,feasibility,false,false,false,false,,,,0.597037837,0.01911640167236328,0.0,0.0,0.565054662,0.297614638,0.16932923900000002,0.15854454040527344,0.39572542299999997,0.267440024,0.028953953,9626,136,136,0,4070,0,1607,700,3113,2397,0,0,3,4804,4730,74,3113,1617,0,1716,74,1081,4439,,505,0,
134,INFEASIBLE,certified_no_adversarial_example,feasibility,false,false,false,false,,,,0.7774665,0.03584408760070801,0.0,0.0,0.726623227,0.45291958600000004,0.293087459,0.27993059158325195,0.43353576800000004,0.273703641,0.047579053,9626,188,188,0,4061,0,1579,677,3121,4892,0,0,3,4804,4693,111,3121,1572,0,1793,113,1234,4707,,707,0,
135,INFEASIBLE,certified_no_adversarial_example,feasibility,false,false,false,false,,,,0.85575132,0.025923967361450195,0.0,0.0,0.813221324,0.510429349,0.351293134,0.3366274833679199,0.46192819,0.302791975,0.039477301,9626,225,225,0,4074,0,1562,666,3099,6908,0,0,3,4804,4660,144,3099,1561,0,1860,147,1368,4941,,509,0,
136,INFEASIBLE,certified_no_adversarial_example,feasibility,false,false,false,false,,,,0.578387971,0.016850709915161133,0.0,0.0,0.548701989,0.300094985,0.16459340499999997,0.15428996086120605,0.38410858400000003,0.24860700400000002,0.026648614,9626,126,126,0,4001,0,1614,661,3224,2839,0,0,3,4804,4729,75,3224,1505,0,1718,75,1085,4446,,438,0,
137,INFEASIBLE,certified_no_adversarial_example,feasibility,false,false,false,false,,,,0.793000431,0.025734901428222656,0.0,0.0,0.751390006,0.454887022,0.30066579200000004,0.28701305389404297,0.450724214,0.2965029840000001,0.038484843,9626,208,208,0,4053,0,1570,686,3109,5991,0,0,3,4804,4676,128,3109,1567,0,1827,130,1302,4826,,560,0,
138,INFEASIBLE,certified_no_adversarial_example,feasibility,false,false,false,false,,,,0.95143535,0.015705585479736328,0.0,0.0,0.923351278,0.29100886000000004,0.16864521200000004,0.15789413452148438,0.754706066,0.632342418,0.025050936,9626,129,129,0,4011,0,1608,647,3231,3007,0,0,3,4804,4738,66,3231,1507,0,1703,68,1054,4392,,394,0,
139,INFEASIBLE,certified_no_adversarial_example,feasibility,false,false,false,false,,,,0.831816295,0.025063514709472656,0.0,0.0,0.789327418,0.500583008,0.35175671499999994,0.3365662097930908,0.437570703,0.28874440999999995,0.039455781,9626,243,243,0,4064,0,1553,666,3100,6300,0,0,3,4804,4657,147,3100,1557,0,1868,152,1384,4968,,456,0,
140,INFEASIBLE,certified_no_adversarial_example,feasibility,false,false,false,false,,,,0.844731657,0.029813051223754883,0.0,0.0,0.798407654,0.511007564,0.33798115399999995,0.324415922164917,0.46042650000000007,0.28740009,0.043262503,9626,195,195,0,4056,0,1578,670,3127,6344,0,0,3,4804,4675,129,3127,1548,0,1826,129,1301,4824,,544,0,
141,INFEASIBLE,certified_no_adversarial_example,feasibility,false,false,false,false,,,,1.053586438,0.04602551460266113,0.0,0.0,0.990649245,0.647996261,0.461688081,0.44612979888916016,0.528961164,0.342652984,0.059871747,9626,250,250,0,4021,0,1548,634,3173,8299,0,0,3,4804,4659,145,3173,1486,0,1862,148,1372,4948,,620,0,
142,INFEASIBLE,certified_no_adversarial_example,feasibility,false,false,false,false,,,,0.668112205,0.020424604415893555,0.0,0.0,0.63290333,0.37091081099999995,0.22831074099999996,0.215958833694458,0.40459258900000006,0.26199251900000003,0.032129021,9626,180,180,0,4025,0,1586,670,3165,3842,0,0,3,4804,4700,104,3165,1535,0,1779,106,1206,4658,,439,0,
143,INFEASIBLE,certified_no_adversarial_example,feasibility,false,false,false,false,,,,0.94903459,0.03130745887756348,0.0,0.0,0.900043023,0.599610377,0.40411102600000004,0.388714075088501,0.495931997,0.3004326460000001,0.045937912,9626,248,248,0,4053,0,1551,686,3088,7340,0,0,3,4804,4644,160,3088,1556,0,1891,162,1430,5050,,498,0,
144,INFEASIBLE,certified_no_adversarial_example,feasibility,false,false,false,false,,,,0.579859671,0.018828630447387695,0.0,0.0,0.548448631,0.30590174000000003,0.17869121999999998,0.15003705024719238,0.369757411,0.24254689099999993,0.02835549,9626,131,131,0,3977,0,1610,639,3269,2459,0,0,3,4804,4734,70,3269,1465,0,1708,70,1065,4411,,454,0,
145,INFEASIBLE,certified_no_adversarial_example,feasibility,false,false,false,false,,,,0.847444005,0.04108095169067383,0.0,0.0,0.790455086,0.514102998,0.357753864,0.33131885528564453,0.43270122200000005,0.276352088,0.053913484,9626,215,215,0,4045,0,1566,674,3126,6349,0,0,3,4804,4679,125,3126,1553,0,1821,127,1290,4805,,719,0,
146,INFEASIBLE,certified_no_adversarial_example,feasibility,false,false,false,false,,,,0.586842608,0.017192602157592773,0.0,0.0,0.556598018,0.289394886,0.171956489,0.16115832328796387,0.384641529,0.26720313199999995,0.027203248,9626,136,136,0,3976,0,1609,649,3256,2825,0,0,3,4804,4727,77,3256,1471,0,1722,77,1093,4460,,461,0,
147,INFEASIBLE,certified_no_adversarial_example,feasibility,false,false,false,false,,,,0.748610581,0.02518486976623535,0.0,0.0,0.707474894,0.416238074,0.27749852700000005,0.2639651298522949,0.4299763669999999,0.29123681999999995,0.038104033,9626,193,193,0,4081,0,1576,685,3091,5307,0,0,3,4804,4674,130,3091,1583,0,1833,134,1314,4846,,495,0,
148,INFEASIBLE,certified_no_adversarial_example,feasibility,false,false,false,false,,,,0.842329542,0.0235903263092041,0.0,0.0,0.802653715,0.493330987,0.339519,0.32572031021118164,0.46313471500000003,0.30932272800000005,0.036637501,9626,199,199,0,4111,0,1575,711,3030,6460,0,0,3,4804,4671,133,3030,1641,0,1837,135,1322,4861,,502,0,
149,INFEASIBLE,certified_no_adversarial_example,feasibility,false,false,false,false,,,,0.995100324,0.06026577949523926,0.0,0.0,0.917710947,0.6201368140000001,0.44370688499999994,0.4278707504272461,0.47400406200000006,0.2975741329999999,0.074332476,9626,251,251,0,4052,0,1549,664,3110,7712,0,0,3,4804,4654,150,3110,1544,0,1872,153,1392,4983,,893,0,
150,OPTIMAL,adversarial_example_found_or_best_known,feasibility,true,true,true,true,-2.0761170560490427e-14,-10.879798654035238;-8.940337491716239;0.4675155938353881;-3.298804743813892;-4.251512926917345;-6.7199891162455145;-8.596462465820661;-8.894608976361882;-6.5301658441409645;0.46751559383536734,0.0;0.1;0.1;0.0;0.0;0.1;0.1;0.1;0.1;0.0;0.0;0.1;0.1;0.0;0.0;0.0;0.0;0.1;0.1;0.0;0.0;0.1;0.1;0.0;0.0;0.1;0.1;0.0;0.0;0.1;0.1;0.0;0.1;0.1;0.1;0.0;0.1;0.0;0.1;0.1;0.1;0.1;0.1;0.0;0.0;0.0;0.0;0.0;0.0;0.0;0.1;0.0;0.1;0.1;0.1;0.1;0.0;0.1;0.1;0.0;0.0;0.1;0.1;0.0;0.1;0.0;0.0;0.1;0.1;0.1;0.1;0.0;0.0;0.1;0.1;0.0;0.0;0.1;0.1;0.0;0.0;0.1;0.1;0.0;0.0;0.0;0.0;0.0;0.0;0.1;0.0;0.0;0.1;0.0;0.1;0.0;0.1;0.1;0.1;0.1;0.0;0.1;0.0;0.0;0.0;0.0;0.1;0.0;0.1;0.0;0.1;0.0;0.0;0.1;0.0;0.0;0.0;0.1;0.1;0.0;0.1;0.0;0.0;0.0;0.0;0.1;0.1;0.1;0.1;0.1;0.1;0.1;0.0;0.0;0.0;0.0;0.0;0.1;0.1;0.1;0.1;0.1;0.1;0.0;0.1;0.1;0.1;0.1;0.1;0.0;0.1;0.0;0.1;0.0;0.0;0.0;0.0;0.0;0.1;0.1;0.0;0.0;0.0;0.0;0.0;0.0;0.1;0.0;0.0;0.1;0.1;0.0;0.0;0.0;0.0;0.1;0.1;0.0;0.0;0.1;0.1;0.1;0.3313725490196079;0.6803921568627451;0.5975497781042576;0.10784313725490197;0.0;0.1;0.1;0.0;0.0;0.0;0.0;0.1;0.1;0.0;0.1;0.1;0.1;0.0;0.0;0.0;0.0;0.1;0.1;0.0;0.0;0.1;0.15098039215686276;0.40588235294117647;1.0;0.7769652713642599;0.5235294117647059;0.9745098039215686;0.43092833489448795;0.10256329882915469;0.0;0.1;0.0;0.02348630156185427;0.04688538116859655;0.0;0.1;0.1;0.0;0.1;0.1;0.0;0.0;0.0;0.0;0.1;0.1;0.0;0.1;0.1;0.48431372549019613;0.5588235294117647;0.19411764705882353;0.0;0.0;0.20196078431372547;0.8921568627450981;0.8490196078431372;0.10179638677537997;0.1;0.0;0.1;0.0;0.0;0.0;0.0;0.09790392560505658;0.1;0.1;0.1;0.0;0.0;0.0;0.1;0.1;0.0;0.1;0.14441894026792923;1.0;0.4019607843137255;0.0;0.0;0.1;0.1;0.7705882352941176;0.7196078431372549;0.0;0.1;0.1;0.1;0.0;0.1;0.1;0.0;0.1;0.1;0.1;0.1;0.0;0.0;0.0;0.1;0.1;0.0;0.1;0.5470588235294118;0.8450980392156863;0.017647058823529405;0.0;0.0;0.0;0.3941176470588236;1.0;0.4764705882352941;0.1;0.1;0.1;0.1;0.1;0.1;0.0;0.0;0.1;0.1;0.1;0.1;0.0;0.0;0.1980392156862745;0.18529351785928483;0.1;0.0;0.1;0.7313285448843986;0.8596234628088945;0.1;0.0;0.0;0.21764705882352942;0.7794062844507679;0.8871856162865377;0.0;0.0;0.0;0.0;0.0;0.06620804646864425;0.1;0.1;0.1;0.0;0.1;0.1;0.1;0.1;0.0;1.0;0.44509803921568625;0.0;0.0;0.0;0.5235294117647059;0.9823529411764705;0.12352941176470589;0.0;0.18627450980392155;0.7901960784313725;0.896078431372549;0.09593830483852225;0.1;0.0;0.0;0.0;0.1;0.1;0.1;0.1;0.0;0.0;0.1;0.1;0.1;0.1;0.0;0.9549019607843137;0.7784313725490196;0.0;0.0;0.0;0.3941176470588236;0.8960784313725491;0.20196078431372547;0.24901960784313723;0.7941176470588236;0.8940706333589197;0.17922512891361067;0.0;0.0;0.1;0.0;0.0;0.1;0.1;0.1;0.1;0.0;0.0;0.1;0.1;0.0;0.0;0.0;0.4073307719533339;0.8882352941176471;0.17450980392156865;0.0;0.0;0.1627450980392157;0.9980392156862745;0.8960784313725491;0.8960784313725491;0.703921568627451;0.0;0.1;0.1;0.0;0.0;0.0;0.0;0.0;0.1;0.1;0.1;0.0;0.0;0.1;0.1;0.0;0.1;0.0;0.0;0.6568627450980392;1.0;0.3937463851588713;0.0;0.17581433744800273;0.8727448020511372;1.0;0.8620831549826306;0.0;0.1;0.1;0.0;0.0;0.0;0.0;0.0;0.0;0.0;0.1;0.1;0.1;0.0;0.1;0.1;0.0;0.0;0.0;0.09712826532720466;0.04901960784313725;0.8958776429442781;0.884313725490196;0.9352941176470588;0.7823529411764706;0.5666666666666667;0.6294117647058823;0.8725490196078431;0.2058823529411765;0.0;0.1;0.1;0.0;0.0;0.0;0.0;0.0;0.0;0.1;0.1;0.1;0.0;0.1;0.1;0.0;0.1;0.1;0.1;0.0;0.005882352941176464;0.32146614814157515;0.5745098039215686;0.2568627450980392;0.09542818960951481;0.10386248521501773;0.968779968462077;0.8007487247448786;0.04117647058823529;0.1;0.1;0.1;0.0;0.0;0.0;0.0;0.0;0.0;0.0;0.0;0.0;0.1;0.1;0.0;0.0;0.1;0.1;0.0;0.0;0.1;0.0;0.0;0.0;0.0;0.3156862745098039;0.8647058823529412;0.7666666666666667;0.2411764705882353;0.1;0.1;0.1;0.0;0.0;0.0;0.0;0.0;0.1;0.1;0.1;0.1;0.1;0.1;0.09323971124732885;0.0;0.1;0.0;0.1;0.1;0.1;0.0;0.1;0.0;0.0;0.05686274509803921;0.8953278289978512;0.7876833192053174;0.10141109446676637;0.1;0.0;0.1;0.0;0.1;0.010029998165705446;0.0;0.0;0.1;0.0;0.1;0.1;0.1;0.1;0.1;0.1;0.0;0.0;0.1;0.1;0.0;0.0;0.1;0.0;0.1;0.017647058823529405;0.7431372549019608;0.8450980392156863;0.3784313725490196;0.1;0.1;0.0;0.1;0.1;0.0;0.0;0.1;0.1;0.1;0.1;0.1;0.0;0.1;0.0;0.0;0.1;0.1;0.1;0.1;0.0;0.0;0.0;0.0;0.1;0.0;0.6019607843137255;1.0;0.0607843137254902;0.1;0.0;0.1;0.0;0.0;0.010267484776122736;0.0;0.0;0.1;0.1;0.0;0.0;0.1;0.0;0.0;0.0;0.1;0.1;0.1;0.0;0.1;0.0;0.0;0.0;0.1;0.13529411764705884;0.9156862745098039;0.8607843137254902;0.2529411764705882;0.1;0.1;0.1;0.0;0.0;0.0;0.1;0.0;0.03807496214028144;0.0;0.1;0.0;0.1;0.0;0.1;0.1;0.1;0.1;0.1;0.0;0.08708866920628222;0.0;0.1;0.0;0.0;0.0;0.6294117647058823;1.0;0.47298480035333906;0.10242061774085363;0.0;0.0;0.1;0.1;0.0;0.0;0.1;0.1;0.0;0.0;0.0;0.0;0.0;0.0;0.0;0.0;0.1;0.1;0.1;0.0;0.0;0.0;0.0;0.0;0.0;0.3313725490196079;1.0;0.8647058823529411;0.0;0.1;0.1;0.0;0.1;0.0;0.0;0.0;0.1;0.1;0.1;0.0;0.005915634584997951;0.0;0.1;0.1;0.0;0.1;0.1;0.1;0.1;0.0;0.0;0.0;0.0;0.0;0.41764705882352937;0.7830581929897312;0.0;0.1;0.1;0.0;0.0;0.0;0.1;0.1;0.0;0.1;0.1;0.0;0.0;0.1;0.1;0.1;0.1;0.1;0.0;0.0;0.0;0.0;0.0;0.0;0.0;0.0;0.0;0.0;0.0;0.0;0.1;0.1;0.1;0.0;0.1;0.0;0.0;0.1;0.0;0.0;0.0;0.1;0.0;0.1;0.0;0.0;0.0;0.0;0.1;0.1;0.0;0.1;0.0;0.0;0.0;0.0;0.0;0.0;0.0;0.0,2.185747613,1.2201175689697266,0.0,0.0,0.945665304,0.658832851,0.48331520400000005,0.46621108055114746,0.4623501,0.28683245300000004,1.233701238,9626,279,279,0,4041,0,1527,632,3147,10037,0,0,3,4804,4645,159,3147,1498,0,1886,159,1421,5034,1,11267,,0.0
151,INFEASIBLE,certified_no_adversarial_example,feasibility,false,false,false,false,,,,0.762448168,0.033722877502441406,0.0,0.0,0.712476155,0.43842145800000004,0.29041541,0.27676939964294434,0.42206074500000007,0.274054697,0.046930802,9626,198,198,0,4041,0,1573,667,3147,5274,0,0,3,4804,4682,122,3147,1535,0,1816,125,1280,4787,,553,0,
152,INFEASIBLE,certified_no_adversarial_example,feasibility,false,false,false,false,,,,1.161373936,0.24321556091308594,0.0,0.0,0.900271053,0.5459656689999999,0.392453862,0.37693095207214355,0.507817191,0.3543053840000001,0.257963227,9626,247,247,0,4084,0,1552,689,3054,7206,0,0,3,4804,4639,165,3054,1585,0,1901,167,1450,5085,,990,0,
153,INFEASIBLE,certified_no_adversarial_example,feasibility,false,false,false,false,,,,1.09734465,0.022785186767578125,0.0,0.0,1.05853488,0.442280168,0.3024869160000001,0.2891552448272705,0.756047964,0.6162547120000001,0.035750483,9626,199,199,0,4039,0,1577,696,3115,5663,0,0,3,4804,4673,131,3115,1558,0,1834,134,1316,4850,,478,0,
154,INFEASIBLE,certified_no_adversarial_example,feasibility,false,false,false,false,,,,0.929721516,0.030770301818847656,0.0,0.0,0.881448797,0.587972752,0.40689617899999997,0.39147257804870605,0.47455261800000004,0.293476045,0.045219885,9626,260,260,0,4032,0,1545,676,3113,6320,0,0,3,4804,4660,144,3113,1547,0,1860,147,1368,4941,,502,0,
155,INFEASIBLE,certified_no_adversarial_example,feasibility,false,false,false,false,,,,0.671905023,0.04241347312927246,0.0,0.0,0.614735322,0.352180666,0.21037520199999998,0.1983928680419922,0.40436012000000005,0.26255465600000005,0.054135893,9626,178,178,0,3978,0,1586,624,3260,3532,0,0,3,4804,4706,98,3260,1446,0,1770,103,1188,4625,,730,0,
156,INFEASIBLE,certified_no_adversarial_example,feasibility,false,false,false,false,,,,0.810117752,0.023356199264526367,0.0,0.0,0.771333128,0.445501278,0.302599618,0.28864002227783203,0.46873350999999996,0.32583185,0.035739114,9626,209,209,0,4073,0,1566,670,3108,5597,0,0,3,4804,4680,124,3108,1572,0,1821,128,1290,4804,,473,0,
157,INFEASIBLE,certified_no_adversarial_example,feasibility,false,false,false,false,,,,0.948352124,0.02751469612121582,0.0,0.0,0.903581678,0.610683827,0.409600191,0.39437103271484375,0.493981487,0.292897851,0.041720337,9626,249,249,0,4043,0,1549,662,3123,8398,0,0,3,4804,4649,155,3123,1526,0,1883,159,1414,5021,,436,0,
158,INFEASIBLE,certified_no_adversarial_example,feasibility,false,false,false,false,,,,0.836520171,0.045537710189819336,0.0,0.0,0.774419461,0.49949963,0.325508536,0.31130528450012207,0.448910925,0.27491983100000006,0.058735343,9626,218,218,0,4037,0,1564,671,3136,5643,0,0,3,4804,4675,129,3136,1539,0,1832,134,1312,4842,,721,0,
159,INFEASIBLE,certified_no_adversarial_example,feasibility,false,false,false,false,,,,0.767996041,0.027703046798706055,0.0,0.0,0.725410738,0.45505057800000004,0.291432343,0.27811503410339355,0.433978395,0.27036015999999996,0.0395324,9626,204,204,0,4037,0,1572,679,3134,5302,0,0,3,4804,4684,120,3134,1550,0,1808,120,1265,4761,,546,0,
160,INFEASIBLE,certified_no_adversarial_example,feasibility,false,false,false,false,,,,0.709274453,0.03180265426635742,0.0,0.0,0.663443697,0.405126556,0.254863046,0.24299001693725586,0.4085806510000001,0.25831714100000003,0.042780848,9626,158,158,0,4004,0,1594,647,3223,5071,0,0,3,4804,4710,94,3223,1487,0,1759,96,1166,4588,,649,0,
161,INFEASIBLE,certified_no_adversarial_example,feasibility,false,false,false,false,,,,0.714946028,0.027400970458984375,0.0,0.0,0.672699227,0.404694045,0.2584880279999999,0.24564695358276367,0.41421119900000003,0.26800518199999995,0.039198897,9626,186,186,0,4044,0,1581,675,3140,5041,0,0,3,4804,4692,112,3140,1552,0,1796,115,1240,4717,,523,0,
162,INFEASIBLE,certified_no_adversarial_example,feasibility,false,false,false,false,,,,0.902820927,0.029018402099609375,0.0,0.0,0.857890904,0.575880468,0.407875526,0.3931858539581299,0.450015378,0.282010436,0.041891057,9626,225,225,0,4066,0,1560,664,3111,8096,0,0,3,4804,4667,137,3111,1556,0,1842,137,1333,4880,,565,0,
163,INFEASIBLE,certified_no_adversarial_example,feasibility,false,false,false,false,,,,0.713767036,0.022791624069213867,0.0,0.0,0.676322736,0.389237753,0.23832449099999997,0.22530531883239746,0.43799824500000006,0.287084983,0.03440432,9626,175,175,0,4077,0,1586,710,3078,4037,0,0,3,4804,4694,110,3078,1616,0,1791,112,1230,4700,,483,0,
164,INFEASIBLE,certified_no_adversarial_example,feasibility,false,false,false,false,,,,0.665177436,0.021189212799072266,0.0,0.0,0.630067928,0.363183211,0.21763664300000002,0.2059483528137207,0.412431285,0.266884717,0.03207518,9626,161,161,0,4049,0,1596,689,3131,3466,0,0,3,4804,4707,97,3131,1576,0,1762,97,1173,4600,,522,0,
165,INFEASIBLE,certified_no_adversarial_example,feasibility,false,false,false,false,,,,1.05207608,0.05521821975708008,0.0,0.0,0.979796836,0.6300423980000001,0.45597698799999997,0.4399435520172119,0.523819848,0.34975443799999995,0.069228796,9626,264,264,0,4044,0,1539,653,3126,8356,0,0,3,4804,4657,147,3126,1531,0,1868,152,1384,4968,,823,0,
166,INFEASIBLE,certified_no_adversarial_example,feasibility,false,false,false,false,,,,1.130362228,0.029632091522216797,0.0,0.0,1.084784361,0.47085204399999997,0.3196303490000001,0.30619382858276367,0.765154012,0.6139323170000002,0.042503073,9626,196,196,0,4075,0,1578,695,3082,5412,0,0,3,4804,4673,131,3082,1591,0,1834,134,1316,4850,,532,0,
167,INFEASIBLE,certified_no_adversarial_example,feasibility,false,false,false,false,,,,0.85948378,0.03786659240722656,0.0,0.0,0.804386215,0.515810458,0.34710300699999996,0.3319566249847412,0.457283208,0.28857575699999993,0.052057745,9626,238,238,0,4053,0,1554,652,3129,7140,0,0,3,4804,4659,145,3129,1530,0,1861,147,1370,4945,,610,0,
168,INFEASIBLE,certified_no_adversarial_example,feasibility,false,false,false,false,,,,0.931123302,0.17534685134887695,0.0,0.0,0.739820681,0.458426962,0.28802968500000004,0.27407050132751465,0.45179099599999994,0.281393719,0.188230581,9626,212,212,0,4030,0,1566,655,3163,5524,0,0,3,4804,4684,120,3163,1521,0,1811,122,1270,4770,,911,0,
169,INFEASIBLE,certified_no_adversarial_example,feasibility,false,false,false,false,,,,0.682163525,0.019466876983642578,0.0,0.0,0.649041569,0.346724037,0.21348075300000002,0.2019648551940918,0.43556081599999996,0.302317532,0.030075123,9626,166,166,0,3994,0,1591,646,3229,3468,0,0,3,4804,4716,88,3229,1487,0,1744,88,1137,4537,,470,0,
170,INFEASIBLE,certified_no_adversarial_example,feasibility,false,false,false,false,,,,0.717392536,0.024321556091308594,0.0,0.0,0.679409749,0.41530197,0.23727867899999996,0.22463774681091309,0.44213106999999996,0.26410777899999993,0.034936976,9626,184,184,0,4025,0,1579,667,3171,4134,0,0,3,4804,4708,96,3171,1537,0,1760,96,1169,4593,,546,0,
171,INFEASIBLE,certified_no_adversarial_example,feasibility,false,false,false,false,,,,0.617252194,0.023825645446777344,0.0,0.0,0.579863928,0.306749875,0.18233714699999998,0.17099881172180176,0.397526781,0.27311405299999997,0.034347635,9626,150,150,0,4017,0,1601,667,3191,2956,0,0,3,4804,4715,89,3191,1524,0,1746,89,1141,4544,,584,0,
172,INFEASIBLE,certified_no_adversarial_example,feasibility,false,false,false,false,,,,0.67847905,0.02818012237548828,0.0,0.0,0.63505689,0.35995922899999994,0.221584381,0.20925140380859375,0.413472509,0.27509766100000005,0.039401066,9626,168,168,0,4072,0,1591,654,3141,4263,0,0,3,4804,4702,102,3141,1561,0,1777,106,1202,4650,,537,0,
173,INFEASIBLE,certified_no_adversarial_example,feasibility,false,false,false,false,,,,0.871942578,0.04252815246582031,0.0,0.0,0.81288279,0.522254022,0.349416728,0.3349299430847168,0.46346606199999996,0.2906287679999999,0.056016321,9626,207,207,0,4090,0,1570,707,3052,7196,0,0,3,4804,4656,148,3052,1604,0,1867,150,1382,4966,,753,0,
174,INFEASIBLE,certified_no_adversarial_example,feasibility,false,false,false,false,,,,1.29144181,0.0844881534576416,0.0,0.0,1.18717056,0.8570332700000001,0.667466929,0.6490399837493896,0.5197036309999999,0.3301372899999999,0.101221622,9626,308,308,0,4061,0,1518,667,3072,11147,0,0,3,4804,4607,197,3072,1535,0,1969,203,1586,5321,,962,0,
175,INFEASIBLE,certified_no_adversarial_example,feasibility,false,false,false,false,,,,0.670264173,0.020068645477294922,0.0,0.0,0.63601805,0.353987014,0.22469220900000003,0.21240949630737305,0.41132584099999997,0.282031036,0.031002282,9626,164,164,0,4044,0,1592,680,3146,4352,0,0,3,4804,4702,102,3146,1556,0,1772,102,1193,4635,,486,0,
176,INFEASIBLE,certified_no_adversarial_example,feasibility,false,false,false,false,,,,0.951549642,0.26294779777526855,,0.0,0.673887105,0.41912691399999996,0.266717039,0.2538628578186035,0.40717006600000005,0.2547601910000001,0.27459172,9626,195,195,0,3975,0,1579,626,3251,4784,0,0,3,4804,4698,106,3251,1447,0,1784,109,1216,4675,,1287,0,
177,INFEASIBLE,certified_no_adversarial_example,feasibility,false,false,false,false,,,,0.769978182,0.03714585304260254,0.0,0.0,0.716804859,0.43786196699999996,0.289290098,0.2751181125640869,0.427514761,0.27894289200000005,0.050107806,9626,228,228,0,3971,0,1561,619,3247,4317,0,0,3,4804,4686,118,3247,1439,0,1812,125,1272,4771,,538,0,
178,INFEASIBLE,certified_no_adversarial_example,feasibility,false,false,false,false,,,,1.213074941,0.04986906051635742,0.0,0.0,1.146601509,0.483197712,0.337920121,0.32346105575561523,0.8086813879999999,0.663403797,0.063422573,9626,221,221,0,4056,0,1565,669,3115,6395,0,0,3,4804,4662,142,3115,1547,0,1860,149,1368,4939,,716,0,
179,INFEASIBLE,certified_no_adversarial_example,feasibility,false,false,false,false,,,,0.62721669,0.027657508850097656,0.0,0.0,0.585526692,0.333143983,0.19948567099999998,0.1883411407470703,0.386041021,0.252382709,0.038643257,9626,146,146,0,3992,0,1602,642,3244,4121,0,0,3,4804,4717,87,3244,1473,0,1747,91,1142,4545,,542,0,
180,INFEASIBLE,certified_no_adversarial_example,feasibility,false,false,false,false,,,,0.741672268,0.02371811866760254,0.0,0.0,0.701595292,0.42085875400000006,0.2628762839999999,0.24934887886047363,0.43871900800000013,0.280736538,0.037024273,9626,190,190,0,4089,0,1580,692,3075,5453,0,0,3,4804,4674,130,3075,1599,0,1828,130,1305,4831,,518,0,
181,INFEASIBLE,certified_no_adversarial_example,feasibility,false,false,false,false,,,,0.580071639,0.019638538360595703,0.0,0.0,0.547226615,0.291581582,0.15142191,0.14090347290039062,0.39580470500000003,0.255645033,0.029819442,9626,136,136,0,3983,0,1608,648,3251,2288,0,0,3,4804,4734,70,3251,1483,0,1711,72,1070,4420,,435,0,
182,INFEASIBLE,certified_no_adversarial_example,feasibility,false,false,false,false,,,,0.885373405,0.0267641544342041,0.0,0.0,0.842341469,0.496236853,0.3381863259999999,0.3238368034362793,0.504155143,0.346104616,0.03998294,9626,218,218,0,4070,0,1562,680,3096,6076,0,0,3,4804,4672,132,3096,1576,0,1837,136,1322,4860,,491,0,
183,INFEASIBLE,certified_no_adversarial_example,feasibility,false,false,false,false,,,,0.705141778,0.022061824798583984,0.0,0.0,0.668281903,0.40353383200000004,0.237872618,0.22524476051330566,0.430409285,0.264748071,0.033835685,9626,173,173,0,4017,0,1590,661,3185,4352,0,0,3,4804,4696,108,3185,1511,0,1788,111,1224,4689,,476,0,
184,INFEASIBLE,certified_no_adversarial_example,feasibility,false,false,false,false,,,,0.668570963,0.026243925094604492,0.0,0.0,0.628282752,0.3362853,0.20571226999999997,0.1935594081878662,0.4225704820000001,0.29199745200000005,0.037255685,9626,169,169,0,4084,0,1591,724,3058,3080,0,0,3,4804,4706,98,3058,1648,0,1767,100,1182,4616,,577,0,
185,INFEASIBLE,certified_no_adversarial_example,feasibility,false,false,false,false,,,,1.190653917,0.255659818649292,0.0,0.0,0.91774625,0.6131532829999999,0.442606534,0.4263761043548584,0.475139716,0.30459296700000005,0.269857668,9626,252,252,0,4064,0,1547,678,3085,8154,0,0,3,4804,4652,152,3085,1567,0,1875,154,1398,4994,,1119,0,
186,INFEASIBLE,certified_no_adversarial_example,feasibility,false,false,false,false,,,,0.846812886,0.04044675827026367,0.0,0.0,0.791069447,0.52127214,0.34698017000000014,0.33271002769470215,0.4440892769999999,0.26979730700000004,0.052641424,9626,221,221,0,4046,0,1559,647,3153,7096,0,0,3,4804,4682,122,3153,1529,0,1812,122,1273,4775,,749,0,
187,INFEASIBLE,certified_no_adversarial_example,feasibility,false,false,false,false,,,,0.820149123,0.04057741165161133,0.0,0.0,0.764249712,0.463438716,0.313456873,0.3002970218658447,0.450792839,0.30081099600000005,0.052844203,9626,193,193,0,4093,0,1580,695,3065,5118,0,0,3,4804,4683,121,3065,1618,0,1813,123,1274,4777,,759,0,
188,INFEASIBLE,certified_no_adversarial_example,feasibility,false,false,false,false,,,,0.84149988,0.034482717514038086,0.0,0.0,0.790705056,0.49850056,0.331924744,0.31762003898620605,0.45878031199999997,0.292204496,0.047726142,9626,208,208,0,4069,0,1567,700,3082,6124,0,0,3,4804,4666,138,3082,1584,0,1847,140,1342,4896,,583,0,
189,INFEASIBLE,certified_no_adversarial_example,feasibility,false,false,false,false,,,,0.775169642,0.033086538314819336,0.0,0.0,0.727161393,0.44720301500000004,0.301724353,0.2781240940093994,0.42543704000000004,0.279958378,0.044959794,9626,174,174,0,4097,0,1586,703,3066,5634,0,0,3,4804,4690,114,3066,1624,0,1799,116,1246,4728,,607,0,
190,INFEASIBLE,certified_no_adversarial_example,feasibility,false,false,false,false,,,,0.63765642,0.02592015266418457,0.0,0.0,0.597914674,0.344805126,0.21265271399999996,0.20131230354309082,0.38526196,0.25310954799999996,0.036692179,9626,157,157,0,3977,0,1598,637,3257,3888,0,0,3,4804,4711,93,3257,1454,0,1754,93,1157,4572,,571,0,
191,INFEASIBLE,certified_no_adversarial_example,feasibility,false,false,false,false,,,,0.946586644,0.017431020736694336,0.0,0.0,0.916886288,0.341334262,0.161085799,0.15071868896484375,0.7558004890000001,0.575552026,0.026668311,9626,125,125,0,4018,0,1612,655,3216,2890,0,0,3,4804,4737,67,3216,1521,0,1702,67,1053,4390,,466,0,
192,INFEASIBLE,certified_no_adversarial_example,feasibility,false,false,false,false,,,,0.561238415,0.019441604614257812,0.0,0.0,0.528446724,0.284685321,0.16698505199999997,0.1559460163116455,0.36146167200000007,0.24376140300000004,0.029763064,9626,147,147,0,3983,0,1603,632,3261,2457,0,0,3,4804,4727,77,3261,1466,0,1726,80,1100,4472,,433,0,
193,INFEASIBLE,certified_no_adversarial_example,feasibility,false,false,false,false,,,,0.772263674,0.034761667251586914,0.0,0.0,0.721143741,0.432970114,0.273847073,0.25987911224365234,0.447296668,0.288173627,0.047979145,9626,197,197,0,4086,0,1576,688,3079,5567,0,0,3,4804,4666,138,3079,1587,0,1844,138,1337,4887,,677,0,
194,INFEASIBLE,certified_no_adversarial_example,feasibility,false,false,false,false,,,,1.336262059,0.320476770401001,0.0,0.0,0.998110641,0.646560157,0.45507088199999995,0.43872499465942383,0.543039759,0.351550484,0.335087323,9626,266,266,0,4043,0,1542,637,3138,8511,0,0,3,4804,4641,163,3138,1503,0,1900,168,1448,5080,,1020,0,
195,INFEASIBLE,certified_no_adversarial_example,feasibility,false,false,false,false,,,,1.020433094,0.028308391571044922,0.0,0.0,0.973647465,0.676172224,0.5048147590000001,0.4887964725494385,0.46883270599999993,0.297475241,0.043728838,9626,257,257,0,4085,0,1544,667,3073,8460,0,0,3,4804,4641,163,3073,1568,0,1900,168,1448,5080,,412,0,
196,INFEASIBLE,certified_no_adversarial_example,feasibility,false,false,false,false,,,,0.812772909,0.042550086975097656,0.0,0.0,0.753860804,0.482378143,0.318427329,0.3049767017364502,0.435433475,0.271482661,0.055868319,9626,204,204,0,4001,0,1571,632,3218,6426,0,0,3,4804,4673,131,3218,1455,0,1837,137,1322,4859,,623,0,
197,INFEASIBLE,certified_no_adversarial_example,feasibility,false,false,false,false,,,,0.601810825,0.016725778579711914,0.0,0.0,0.572104325,0.321990567,0.19666279799999994,0.1661984920501709,0.375441527,0.25011375799999996,0.026646002,9626,145,145,0,4005,0,1604,648,3224,2679,0,0,3,4804,4728,76,3224,1504,0,1720,76,1089,4453,,444,0,
198,INFEASIBLE,certified_no_adversarial_example,feasibility,false,false,false,false,,,,0.528561216,0.01389002799987793,0.0,0.0,0.502269245,0.248627079,0.12450134900000001,0.11480522155761719,0.37776789600000005,0.253642166,0.023042461,9626,108,108,0,4042,0,1622,688,3166,1670,0,0,3,4804,4744,60,3166,1578,0,1688,60,1025,4341,,447,0,
199,INFEASIBLE,certified_no_adversarial_example,feasibility,false,false,false,false,,,,0.76111279,0.0223233699798584,0.0,0.0,0.724505106,0.45950315399999997,0.30192277,0.2889084815979004,0.42258233599999995,0.265001952,0.033540533,9626,194,194,0,4026,0,1573,649,3184,5623,0,0,3,4804,4700,104,3184,1516,0,1776,104,1201,4649,,513,0,
200,INFEASIBLE,certified_no_adversarial_example,feasibility,false,false,false,false,,,,0.752887543,0.038391828536987305,0.0,0.0,0.699833993,0.417884788,0.26997996700000004,0.2581663131713867,0.429854026,0.28194920500000004,0.049932359,9626,156,156,0,4085,0,1599,680,3106,4597,0,0,3,4804,4698,106,3106,1592,0,1780,106,1209,4663,,733,0,
201,INFEASIBLE,certified_no_adversarial_example,feasibility,false,false,false,false,,,,0.767528116,0.04259204864501953,0.0,0.0,0.709577567,0.41732414399999995,0.26044461499999993,0.24757051467895508,0.44913295200000003,0.292253423,0.054909106,9626,179,179,0,4140,0,1586,714,3007,5033,0,0,3,4804,4685,119,3007,1678,0,1811,123,1270,4769,,766,0,
202,INFEASIBLE,certified_no_adversarial_example,feasibility,false,false,false,false,,,,0.903902853,0.037467002868652344,0.0,0.0,0.849695669,0.565114381,0.392070091,0.3766896724700928,0.45762557800000003,0.28458128800000004,0.051160432,9626,240,240,0,4080,0,1553,675,3078,6927,0,0,3,4804,4656,148,3078,1578,0,1867,150,1382,4966,,622,0,
203,INFEASIBLE,certified_no_adversarial_example,feasibility,false,false,false,false,,,,0.631920251,0.0218813419342041,0.0,0.0,0.59641721,0.329647178,0.201814414,0.19089698791503906,0.39460279600000003,0.26677003200000005,0.032442262,9626,144,144,0,3987,0,1605,636,3254,3088,0,0,3,4804,4723,81,3254,1469,0,1734,84,1116,4500,,470,0,
204,INFEASIBLE,certified_no_adversarial_example,feasibility,false,false,false,false,,,,0.70630883,0.04616832733154297,0.0,0.0,0.64526919,0.385357138,0.24558286899999998,0.23262500762939453,0.39968632100000007,0.25991205200000006,0.057989741,9626,200,200,0,3974,0,1576,623,3253,3598,0,0,3,4804,4699,105,3253,1446,0,1783,109,1214,4671,,681,0,
205,INFEASIBLE,certified_no_adversarial_example,feasibility,false,false,false,false,,,,0.638327594,0.023066997528076172,0.0,0.0,0.601639219,0.355062301,0.211925392,0.20044350624084473,0.38971382699999996,0.24657691799999992,0.033627466,9626,159,159,0,3975,0,1595,631,3266,3802,0,0,3,4804,4723,81,3266,1457,0,1733,83,1114,4497,,495,0,
206,INFEASIBLE,certified_no_adversarial_example,feasibility,false,false,false,false,,,,1.131885455,0.02720499038696289,0.0,0.0,1.089336765,0.431873708,0.283880727,0.27027440071105957,0.8054560380000001,0.6574630570000001,0.039506541,9626,189,189,0,4015,0,1580,663,3179,5611,0,0,3,4804,4690,114,3179,1511,0,1802,119,1252,4737,,478,0,
207,INFEASIBLE,certified_no_adversarial_example,feasibility,false,false,false,false,,,,0.720881198,0.023253440856933594,0.0,0.0,0.682289805,0.4084994089999999,0.26976099499999995,0.2565457820892334,0.4125288100000001,0.2737903960000001,0.035561006,9626,178,178,0,4053,0,1587,671,3137,5631,0,0,3,4804,4691,113,3137,1554,0,1797,115,1242,4721,,483,0,
208,INFEASIBLE,certified_no_adversarial_example,feasibility,false,false,false,false,,,,0.949937362,0.05428957939147949,0.0,0.0,0.87778656,0.5824378430000001,0.39412737200000003,0.3782217502593994,0.48365918799999996,0.29534871699999987,0.069125154,9626,256,256,0,4057,0,1544,678,3091,7387,0,0,3,4804,4653,151,3091,1562,0,1875,155,1398,4993,,751,0,
209,INFEASIBLE,certified_no_adversarial_example,feasibility,false,false,false,false,,,,0.945057104,0.028362274169921875,0.0,0.0,0.899485942,0.614177144,0.37666368499999997,0.36141395568847656,0.5228222570000001,0.285308798,0.042475824,9626,239,239,0,4044,0,1556,670,3117,6749,0,0,3,4804,4657,147,3117,1540,0,1867,151,1382,4965,,510,0,
210,INFEASIBLE,certified_no_adversarial_example,feasibility,false,false,false,false,,,,0.59368451,0.03318047523498535,0.0,0.0,0.546823815,0.28779819100000004,0.16109130500000002,0.15040159225463867,0.38573251,0.25902562399999995,0.04382106,9626,128,128,0,4053,0,1612,680,3153,2775,0,0,3,4804,4721,83,3153,1568,0,1737,85,1122,4511,,809,0,
211,INFEASIBLE,certified_no_adversarial_example,feasibility,false,false,false,false,,,,0.773947923,0.039518117904663086,0.0,0.0,0.719508114,0.448066506,0.27160719499999997,0.25853538513183594,0.44790091900000006,0.27144160800000006,0.051391073,9626,189,189,0,4030,0,1578,655,3174,5332,0,0,3,4804,4693,111,3174,1519,0,1793,113,1234,4707,,764,0,
212,OPTIMAL,adversarial_example_found_or_best_known,feasibility,true,true,true,true,2.6201263381153694e-14,-9.922950399192551;-13.338744619241153;-13.065788351695671;0.8023955836696053;-7.216213228314563;0.8023955836695791;-14.378250358331101;-8.886808676864261;-3.4457151449212646;-0.8844498220761554,0.0;0.0;0.0;0.1;0.1;0.1;0.1;0.0;0.1;0.0;0.1;0.0;0.0;0.1;0.1;0.0;0.0;0.0;0.0;0.1;0.1;0.0;0.0;0.1;0.1;0.0;0.0;0.1;0.0;0.0;0.0;0.0;0.0;0.0;0.1;0.1;0.1;0.0;0.1;0.0;0.1;0.1;0.1;0.1;0.1;0.1;0.1;0.1;0.1;0.0;0.0;0.0;0.0;0.0;0.1;0.0;0.0;0.0;0.0;0.1;0.1;0.0;0.1;0.1;0.1;0.0;0.0;0.0;0.0;0.1;0.1;0.0;0.0;0.1;0.1;0.1;0.1;0.1;0.0;0.1;0.1;0.0;0.0;0.0;0.0;0.1;0.1;0.1;0.0;0.0;0.1;0.0;0.0;0.1;0.0;0.0;0.0;0.0;0.1;0.0;0.0;0.0;0.1;0.0;0.1;0.1;0.0;0.1;0.0;0.1;0.0;0.1;0.0;0.1;0.1;0.1;0.1;0.0;0.0;0.1;0.1;0.1;0.1;0.0;0.0;0.0;0.0;0.0;0.0;0.1;0.1;0.1;0.1;0.1;0.1;0.0;0.0;0.1;0.1;0.1;0.0;0.0;0.1;0.0;0.1;0.1;0.1;0.1;0.0;0.1;0.0;0.0;0.0;0.1;0.0;0.1;0.0;0.1;0.0;0.0;0.1;0.0;0.0;0.0;0.0;0.0;0.1;0.1;0.0;0.1;0.1;0.0;0.1;0.1;0.1;0.1;0.1;0.1;0.1;0.0;0.0;0.1;0.1;0.1;0.0;0.0;0.0;0.1;0.1;0.1;0.2019607843137255;0.04117647058823529;0.11960784313725491;0.1;0.1;0.1;0.1;0.1;0.1;0.0;0.1;0.0;0.1;0.1;0.0;0.1;0.0;0.0;0.0;0.1;0.1;0.1;0.0;0.0;0.0;0.1;0.0;0.0;0.46862745098039216;0.8490196078431372;0.6294117647058823;0.11568627450980393;0.1;0.1;0.1;0.1;0.1;0.0;0.0;0.0;0.1;0.1;0.1;0.1;0.1;0.0;0.03725490196078432;0.18235294117647058;0.10442487787725453;0.0;0.0;0.0;0.0;0.0;0.0;0.1;0.0;0.1;0.9941176470588236;0.515686274509804;0.0;0.1;0.0;0.1;0.1;0.0;0.1;0.1;0.1;0.1;0.1;0.1;0.1;0.6019607843137255;0.8921877411870682;0.8921568627450981;0.7784313725490196;0.6019607843137255;0.0;0.1;0.0;0.1;0.0;0.1;0.0;0.1;0.7588235294117647;0.7901960784313725;0.1;0.0;0.1;0.1;0.1;0.0;0.0;0.1;0.1;0.1;0.1;0.1;0.4019607843137255;0.8803921568627451;0.4936337641397925;0.4764705882352941;0.5431372549019609;0.8921568627450981;0.6647058823529411;0.0;0.0;0.1;0.0;0.1;0.1;0.1;0.5392156862745098;0.896078431372549;0.0;0.1;0.1;0.0;0.1;0.0;0.1;0.1;0.1;0.1;0.1;0.1784313725490196;1.0;0.8065713533860686;0.12352941176470589;0.1;0.10568421000616303;0.5901960784313726;0.8882352941176471;0.6843137254901961;0.0;0.1;0.0;0.0;0.0;0.27254901960784317;0.8631036119446532;0.6294117647058823;0.0;0.0;0.0;0.1;0.1;0.0;0.0;0.1;0.1;0.1;0.0977575312305326;0.8647058823529411;0.7149316056496807;0.0;0.0;0.1;0.09742861232248896;0.0;0.40588235294117647;0.8921568627450981;0.292156862745098;0.10392156862745099;0.1;0.0;0.0;0.707843137254902;1.0;0.3666666666666667;0.1;0.0;0.1;0.1;0.1;0.0;0.1;0.1;0.1;0.1;0.4019607843137255;1.0;0.4254901960784314;0.0;0.1;0.1;0.1;0.1;0.21372549019607845;0.7;1.0;0.19803921568627453;0.0;0.009803921568627444;0.692156862745098;1.0;0.20980392156862746;0.0;0.0;0.1;0.1;0.1;0.1;0.0;0.0;0.1;0.0999691588706274;0.307843137254902;0.7980392156862746;0.7039215686274509;0.34705882352941175;0.4019607843137255;0.0;0.1;0.1;0.0;0.09515237587860828;0.21372549019607845;1.0;0.7196078431372549;0.13529411764705881;0.6294117647058823;1.0;0.5549019607843138;0.0;0.1;0.0;0.1;0.1;0.1;0.1;0.0;0.1;0.0;0.0;0.5551074998734143;0.7313725490196079;0.1036944717614245;0.5901960784313726;1.0;0.14313725490196078;0.1;0.1;0.1;0.1;0.1;0.307843137254902;1.0;1.0;1.0;0.5549019607843138;0.1089449276084673;0.0;0.0;0.0;0.1;0.0;0.1;0.1;0.0;0.0;0.1;0.1588235294117647;1.0;0.29607843137254897;0.005882352941176464;0.9784313725490196;0.7431372549019608;0.10784313725490197;0.1;0.1;0.1;0.1;0.1;0.0;0.05686274509803921;0.5313725490196078;0.42156862745098045;0.14705882352941177;0.1;0.1;0.0;0.0;0.1;0.1;0.1;0.025401765929918323;0.0;0.1;0.1;0.3784313725490196;1.0;0.10268922177075349;0.38627450980392153;1.0;0.4725490196078431;0.1;0.1;0.1;0.0;0.1;0.1;0.0;0.0;0.1;0.1;0.0;0.0;0.0;0.1;0.0;0.1;0.0;0.1;0.1;0.0;0.0;0.1;1.0;0.9313725490196079;0.0;0.6529411764705882;0.7156862745098039;0.0;0.0;0.1;0.1;0.1;0.1;0.1;0.1;0.1;0.1;0.1;0.1;0.0;0.0;0.0;0.1;0.1;0.0660279074489899;0.0;0.1;0.0;0.1;0.1;0.8882352941176471;0.24509803921568626;0.16666666666666666;1.0;0.4764705882352941;0.0;0.1;0.1;0.1;0.0;0.1;0.0;0.0;0.0;0.1;0.0;0.08352371914353805;0.0;0.0;0.0;0.1;0.0;0.0;0.1;0.1;0.0;0.0;0.0;1.0;0.5705882352941176;0.7823529411764706;0.6254901960784314;0.0;0.0;0.1;0.1;0.1;0.0;0.0;0.1;0.1;0.1;0.1;0.1;0.1;0.1;0.0;0.0;0.0;0.1;0.1;0.1;0.1;0.0;0.1;0.1;0.9;0.8921568627450981;0.7196078431372549;0.08823529411764705;0.1;0.0;0.1;0.0;0.0;0.0;0.0;0.1;0.0;0.1;0.1;0.1;0.1;0.1;0.0;0.1;0.1;0.0;0.0;0.1;0.1;0.0;0.0;0.0;0.7470588235294118;0.8294117647058823;0.09896001019281421;0.0;0.0;0.0;0.1;0.1;0.1;0.0;0.0;0.1;0.1;0.1;0.1;0.1;0.1;0.1;0.1;0.1;0.0;0.0;0.1;0.0;0.1;0.0;0.1;0.1;0.10524838567446716;0.10391430980270165;0.1;0.0;0.0;0.1;0.04667963120259417;0.0;0.0;0.0;0.1;0.0;0.1;0.0;0.1;0.1;0.1;0.0;0.0;0.1;0.0;0.0;0.0;0.0;0.1;0.1;0.1;0.1;0.1;0.1;0.1;0.0;0.0;0.1;0.1;0.0;0.0;0.0;0.0;0.1;0.1;0.0;0.1;0.1;0.1;0.0;0.0;0.1;0.1;0.0;0.1;0.1;0.1;0.1;0.1;0.1;0.05534473680499175;0.1;0.1;0.0;0.1;0.1;0.0;0.1;0.0;0.0;0.1;0.0;0.1;0.0;0.1;0.0;0.0;0.0;0.0;0.1;0.0;0.0;0.0;0.1;0.1;0.1;0.1;0.1;0.1;0.1;0.1;0.0;0.0;0.1;0.1;0.1;0.0;0.1;0.1;0.1;0.1;0.0;0.0;0.1;0.1;0.0;0.0;0.1;0.1;0.0;0.0;0.1;0.1;0.1;0.1;0.1;0.1;0.1;0.1;0.1;0.1;0.0;0.1;0.0;0.0;0.0;0.1;0.0;0.0;0.1;0.1;0.1;0.1;0.0;0.1;0.1;0.1;0.1,72.906571777,71.97354054450989,0.0,0.0,0.912905495,0.629503049,0.44110986099999994,0.4257349967956543,0.471795634,0.283402446,71.987271847,9626,234,234,0,4035,0,1557,653,3147,8242,0,0,3,4804,4654,150,3147,1507,0,1872,153,1392,4983,1855,952735,,0.0
213,INFEASIBLE,certified_no_adversarial_example,feasibility,false,false,false,false,,,,0.889410317,0.03916478157043457,0.0,0.0,0.833932609,0.5487255830000001,0.38181200300000007,0.36803436279296875,0.4521206059999999,0.2852070259999999,0.052437209,9626,214,214,0,4057,0,1570,658,3127,6031,0,0,3,4804,4673,131,3127,1546,0,1836,136,1320,4856,,603,0,
214,INFEASIBLE,certified_no_adversarial_example,feasibility,false,false,false,false,,,,0.763621513,0.03141617774963379,0.0,0.0,0.717352995,0.455168063,0.29942673499999994,0.28656530380249023,0.4179262600000001,0.26218493200000004,0.042971377,9626,179,179,0,4014,0,1583,649,3201,5868,0,0,3,4804,4696,108,3201,1495,0,1787,110,1222,4686,,592,0,
215,INFEASIBLE,certified_no_adversarial_example,feasibility,false,false,false,false,,,,0.674898871,0.02532958984375,0.0,0.0,0.635770399,0.364445916,0.219952751,0.20818185806274414,0.415817648,0.271324483,0.036092891,9626,163,163,0,4050,0,1593,672,3148,4131,0,0,3,4804,4709,95,3148,1561,0,1761,97,1170,4595,,511,0,
216,INFEASIBLE,certified_no_adversarial_example,feasibility,false,false,false,false,,,,0.739281438,0.02532815933227539,0.0,0.0,0.699090934,0.41824296299999997,0.2629398570000001,0.25000643730163574,0.4361510769999999,0.28084797100000003,0.037167899,9626,180,180,0,4074,0,1584,690,3098,5218,0,0,3,4804,4690,114,3098,1592,0,1800,117,1248,4731,,524,0,
217,INFEASIBLE,certified_no_adversarial_example,feasibility,false,false,false,false,,,,0.821266202,0.027127742767333984,0.0,0.0,0.778088889,0.496186686,0.3315290809999999,0.31766700744628906,0.44655980800000006,0.28190220299999996,0.040146853,9626,208,208,0,4051,0,1569,669,3129,5933,0,0,3,4804,4674,130,3129,1545,0,1832,133,1312,4843,,484,0,
218,INFEASIBLE,certified_no_adversarial_example,feasibility,false,false,false,false,,,,0.689323561,0.030470609664916992,0.0,0.0,0.644669419,0.37877166799999995,0.22891024799999998,0.2164914608001709,0.415759171,0.265897751,0.041608863,9626,176,176,0,4044,0,1588,679,3139,3693,0,0,3,4804,4701,103,3139,1562,0,1774,103,1197,4642,,641,0,
219,INFEASIBLE,certified_no_adversarial_example,feasibility,false,false,false,false,,,,1.265043733,0.03043055534362793,0.0,0.0,1.218208748,0.6062520969999999,0.39598485600000005,0.38121914863586426,0.8222238919999998,0.611956651,0.043784327,9626,226,226,0,4031,0,1562,651,3156,7052,0,0,3,4804,4663,141,3156,1507,0,1855,145,1358,4923,,492,0,
220,INFEASIBLE,certified_no_adversarial_example,feasibility,false,false,false,false,,,,0.825982411,0.03750300407409668,0.0,0.0,0.771696881,0.483774214,0.324015462,0.3095874786376953,0.447681419,0.287922667,0.051266411,9626,216,216,0,4059,0,1568,681,3102,6558,0,0,3,4804,4658,146,3102,1556,0,1864,149,1376,4955,,649,0,
221,INFEASIBLE,certified_no_adversarial_example,feasibility,false,false,false,false,,,,0.606977572,0.015997648239135742,0.0,0.0,0.57725049,0.316699285,0.166047977,0.15563321113586426,0.41120251299999994,0.26055120499999995,0.02670142,9626,130,130,0,4042,0,1612,674,3168,2735,0,0,3,4804,4716,88,3168,1548,0,1744,88,1137,4537,,433,0,
222,INFEASIBLE,certified_no_adversarial_example,feasibility,false,false,false,false,,,,0.873480594,0.0458066463470459,0.0,0.0,0.811341315,0.531067603,0.35359103300000005,0.3382599353790283,0.4577502819999999,0.28027371199999995,0.059025303,9626,235,235,0,4075,0,1555,675,3086,6977,0,0,3,4804,4669,135,3086,1583,0,1841,137,1330,4875,,740,0,
223,INFEASIBLE,certified_no_adversarial_example,feasibility,false,false,false,false,,,,0.774459871,0.03653073310852051,0.0,0.0,0.722832225,0.418442391,0.28112844100000006,0.26767492294311523,0.44170378399999993,0.30438983399999997,0.04857305,9626,186,186,0,4139,0,1583,707,3011,4985,0,0,3,4804,4678,126,3011,1667,0,1820,126,1289,4803,,703,0,
224,INFEASIBLE,certified_no_adversarial_example,feasibility,false,false,false,false,,,,0.753371764,0.02572321891784668,0.0,0.0,0.71274248,0.44340836,0.288323753,0.27554988861083984,0.42441872699999994,0.26933411999999995,0.037561855,9626,177,177,0,4040,0,1587,666,3156,5355,0,0,3,4804,4692,112,3156,1536,0,1792,112,1233,4705,,516,0,
225,INFEASIBLE,certified_no_adversarial_example,feasibility,false,false,false,false,,,,0.646441485,0.0292513370513916,0.0,0.0,0.603157541,0.34814973699999996,0.20718299299999998,0.1955721378326416,0.395974548,0.255007804,0.040245639,9626,163,163,0,3970,0,1594,624,3275,3940,0,0,3,4804,4712,92,3275,1437,0,1755,94,1158,4574,,591,0,
226,INFEASIBLE,certified_no_adversarial_example,feasibility,false,false,false,false,,,,0.870808524,0.061832427978515625,0.0,0.0,0.793477119,0.506931629,0.344952379,0.33118295669555664,0.44852474,0.28654548999999996,0.074295184,9626,196,196,0,4069,0,1577,703,3081,5935,0,0,3,4804,4681,123,3081,1600,0,1817,125,1282,4791,,1037,0,
227,INFEASIBLE,certified_no_adversarial_example,feasibility,false,false,false,false,,,,0.835909292,0.04771900177001953,0.0,0.0,0.772372696,0.482610348,0.320197614,0.3063809871673584,0.452175082,0.289762348,0.060510174,9626,200,200,0,4085,0,1575,683,3083,5539,0,0,3,4804,4681,123,3083,1598,0,1821,129,1290,4803,,729,0,
228,INFEASIBLE,certified_no_adversarial_example,feasibility,false,false,false,false,,,,0.820062841,0.06380558013916016,0.0,0.0,0.740540012,0.47581617800000003,0.315688793,0.301511287689209,0.42485121899999995,0.26472383399999994,0.076461791,9626,218,218,0,3993,0,1566,639,3210,5525,0,0,3,4804,4685,119,3210,1475,0,1812,124,1272,4772,,958,0,
229,INFEASIBLE,certified_no_adversarial_example,feasibility,false,false,false,false,,,,0.531028834,0.013518571853637695,0.0,0.0,0.50529299,0.24940609400000002,0.13125701899999997,0.12136530876159668,0.3740359710000001,0.25588689600000003,0.022698812,9626,115,115,0,3981,0,1617,642,3271,2218,0,0,3,4804,4744,60,3271,1473,0,1688,60,1025,4341,,418,0,
230,INFEASIBLE,certified_no_adversarial_example,feasibility,false,false,false,false,,,,1.205893935,0.02928471565246582,0.0,0.0,1.16142133,0.506789195,0.356883104,0.3433113098144531,0.804538226,0.6546321350000001,0.041441734,9626,206,206,0,3988,0,1574,635,3223,5692,0,0,3,4804,4687,117,3223,1464,0,1802,117,1253,4740,,542,0,
231,INFEASIBLE,certified_no_adversarial_example,feasibility,false,false,false,false,,,,0.754550905,0.021523714065551758,0.0,0.0,0.718060661,0.449991908,0.307545938,0.2948319911956787,0.41051472299999997,0.268068753,0.033462999,9626,179,179,0,4037,0,1585,658,3167,5447,0,0,3,4804,4695,109,3167,1528,0,1786,109,1221,4684,,460,0,
232,INFEASIBLE,certified_no_adversarial_example,feasibility,false,false,false,false,,,,0.883071982,0.028614282608032227,0.0,0.0,0.83817236,0.52476759,0.346611813,0.33153438568115234,0.49156054699999996,0.31340477,0.041838966,9626,231,231,0,4026,0,1555,640,3174,7299,0,0,3,4804,4661,143,3174,1487,0,1858,146,1364,4934,,480,0,
233,INFEASIBLE,certified_no_adversarial_example,feasibility,false,false,false,false,,,,1.676814338,0.874305009841919,,0.0,0.786349905,0.5080882090000001,0.352815878,0.3382408618927002,0.433534027,0.27826169599999995,0.887418643,9626,226,226,0,4070,0,1559,676,3095,5730,0,0,3,4804,4677,127,3095,1582,0,1825,129,1298,4819,,1327,0,
234,INFEASIBLE,certified_no_adversarial_example,feasibility,false,false,false,false,,,,0.815996399,0.048896074295043945,0.0,0.0,0.75161822,0.44952625199999996,0.308286125,0.29460906982421875,0.443332095,0.30209196800000004,0.061328241,9626,201,201,0,4083,0,1574,671,3097,5758,0,0,3,4804,4676,128,3097,1579,0,1829,132,1306,4832,,809,0,
235,INFEASIBLE,certified_no_adversarial_example,feasibility,false,false,false,false,,,,0.687155392,0.03633522987365723,0.0,0.0,0.636593973,0.37028932600000003,0.234003772,0.22176432609558105,0.402590201,0.26630464699999995,0.047491855,9626,169,169,0,4007,0,1589,643,3218,4500,0,0,3,4804,4707,97,3218,1489,0,1765,99,1178,4609,,695,0,
236,INFEASIBLE,certified_no_adversarial_example,feasibility,false,false,false,false,,,,0.828642542,0.03477287292480469,0.0,0.0,0.777809484,0.491076285,0.33502373399999996,0.32067060470581055,0.4427857500000001,0.28673319900000005,0.047796694,9626,227,227,0,4029,0,1562,669,3139,6270,0,0,3,4804,4667,137,3139,1528,0,1845,139,1338,4889,,578,0,
237,INFEASIBLE,certified_no_adversarial_example,feasibility,false,false,false,false,,,,0.564846338,0.01564931869506836,0.0,0.0,0.536515826,0.27438039599999997,0.15132703700000005,0.1408250331878662,0.385188789,0.26213543000000006,0.025281607,9626,136,136,0,4029,0,1608,684,3169,2012,0,0,3,4804,4735,69,3169,1566,0,1706,69,1061,4404,,497,0,
238,INFEASIBLE,certified_no_adversarial_example,feasibility,false,false,false,false,,,,0.657713886,0.02297830581665039,0.0,0.0,0.620468561,0.351801779,0.213703853,0.20157361030578613,0.40676470800000003,0.26866678200000005,0.034181782,9626,167,167,0,4030,0,1591,665,3173,3976,0,0,3,4804,4705,99,3173,1532,0,1766,99,1181,4614,,562,0,
239,INFEASIBLE,certified_no_adversarial_example,feasibility,false,false,false,false,,,,0.803038472,0.03450632095336914,0.0,0.0,0.753617044,0.477939676,0.316624055,0.3033149242401123,0.43699298899999994,0.275677368,0.046368527,9626,201,201,0,4049,0,1572,658,3146,5470,0,0,3,4804,4688,116,3146,1542,0,1800,116,1249,4733,,616,0,
240,INFEASIBLE,certified_no_adversarial_example,feasibility,false,false,false,false,,,,0.695196493,0.034433841705322266,0.0,0.0,0.646416762,0.388667125,0.251249408,0.23918509483337402,0.39516735399999997,0.257749637,0.045751575,9626,172,172,0,3985,0,1589,638,3242,4427,0,0,3,4804,4711,93,3242,1469,0,1759,97,1166,4587,,579,0,
241,INFEASIBLE,certified_no_adversarial_example,feasibility,false,false,false,false,,,,0.932823071,0.03665637969970703,0.0,0.0,0.879595192,0.575411954,0.41491776699999994,0.4000389575958252,0.4646774250000001,0.304183238,0.050172623,9626,229,229,0,4055,0,1558,675,3109,7223,0,0,3,4804,4664,140,3109,1555,0,1852,143,1352,4913,,579,0,
242,OPTIMAL,adversarial_example_found_or_best_known,feasibility,true,true,true,true,2.19824158875781e-14,-8.722236829966633;-23.190756631653244;-7.816586824416384;-3.582223518229334;-10.000027202414962;-3.387361613133808;-9.4125751588822;-14.692874036236821;-0.5469281791571066;-0.5469281791571285,0.0;0.1;0.0;0.1;0.1;0.0;0.0;0.1;0.1;0.0;0.0;0.0;0.0;0.1;0.1;0.1;0.1;0.0;0.0;0.1;0.1;0.0;0.0;0.1;0.1;0.0;0.0;0.1;0.1;0.1;0.1;0.1;0.1;0.1;0.1;0.1;0.1;0.0;0.0;0.1;0.0;0.0;0.0;0.1;0.1;0.1;0.1;0.1;0.1;0.1;0.1;0.1;0.1;0.1;0.1;0.0;0.0;0.0;0.0;0.0;0.0;0.0;0.0;0.1;0.1;0.0;0.0;0.1;0.1;0.0;0.0;0.0;0.0;0.1;0.0;0.1;0.0;0.0;0.0;0.0;0.0;0.1;0.0;0.0;0.0;0.0;0.1;0.1;0.0;0.0;0.0;0.1;0.0;0.0;0.0;0.1;0.0;0.0;0.0;0.0;0.1;0.0;0.0;0.0;0.1;0.0;0.0;0.0;0.0;0.0;0.0;0.0;0.0;0.0;0.0;0.0;0.0;0.1;0.0;0.0;0.0;0.0;0.0;0.1;0.1;0.0;0.0;0.0;0.0;0.1;0.1;0.0;0.0;0.0;0.0;0.1;0.0;0.0;0.0;0.0;0.1;0.1;0.1;0.1;0.1;0.0;0.0;0.0;0.1;0.0;0.1;0.1;0.1;0.0;0.1;0.0;0.1;0.0;0.0;0.0;0.0;0.0;0.0;0.1;0.0;0.0;0.0;0.1;0.0;0.1;0.1;0.1;0.1;0.0;0.0;0.0;0.0;0.0;0.1;0.1;0.1;0.0;0.0;0.1;0.1;0.0;0.0;0.0;0.0;0.0;0.1;0.1;0.1;0.0;0.0;0.1;0.0;0.1;0.0;0.1;0.0;0.1;0.0;0.1;0.347597823453063;0.6843137254901961;0.48431372549019613;0.48431372549019613;0.6843137254901961;0.5530156654478191;0.10392156862745097;0.1;0.0;0.1;0.0;0.0;0.10189202468640582;0.1;0.0;0.086953031184692;0.0;0.1;0.0;0.0;0.0;0.1;0.1;0.1;0.0;0.0;0.100894451225814;0.5;0.7352941176470589;0.8921568627450981;0.8921568627450981;0.8921568627450981;0.8921568627450981;1.0;0.903255454642928;0.5784313725490197;0.10274256767447175;0.0;0.1;0.7509803921568627;0.3666666666666667;0.0;0.0;0.0;0.0;0.0;0.0;0.1;0.0;0.1;0.0;0.0;0.0;0.0;0.26078431372549016;0.8921568627450981;1.0;1.0;0.5339029719708707;0.3777456416267836;0.8947391300863669;0.8490196078431372;1.0;0.8921568627450981;0.19019607843137257;0.0;0.0;0.5832518455384794;1.0;0.9431372549019608;0.21764705882352942;0.0;0.0;0.1;0.1;0.1;0.0;0.1;0.1;0.0;0.0;0.0019607843137254832;0.7392156862745098;1.0;0.7431372549019608;0.23333333333333334;0.09971715020358736;0.0;0.0;0.3431372549019608;0.9196078431372549;0.8921568627450981;0.6019607843137255;0.0;0.0;0.22549019607843138;0.692156862745098;0.8921568627450981;0.9431372549019608;0.013725490196078424;0.0;0.1;0.1;0.0;0.031304637407805154;0.1;0.0;0.0;0.1;0.47940221640694713;0.8921568627450981;1.0;0.1061510353120752;0.0;0.1;0.0;0.0;0.1;0.43801894276098435;1.0;0.8704087305008686;0.19411764705882353;0.02136044443648219;0.1;0.025490196078431365;0.9352941176470588;1.0;0.7196078431372549;0.10083946760470842;0.1;0.1;0.0;0.0;0.1;0.1;0.0;0.0;0.7588235294117647;0.8921568627450981;0.4725490196078431;0.0;0.0;0.0;0.0;0.1;0.1;0.34705882352941175;0.8921568627450981;0.8019607843137254;0.0;0.0;0.1;0.0;0.3156862745098039;0.8921568627450981;0.8921568627450981;0.10122808879745057;0.1;0.1;0.0;0.1;0.1;0.1;0.1;0.1;1.0;0.8921568627450981;0.3930007114972877;0.1;0.0;0.1;0.0;0.1;0.0;0.34705882352941175;1.0;0.8663805549951368;0.1997151771150674;0.0;0.0;0.0;0.2605828295212502;1.0;1.0;0.48039215686274506;0.1;0.1;0.0;0.1;0.1;0.0;0.0;0.0;0.8960784313725491;0.8921568627450981;0.33529411764705885;0.0;0.0;0.0;0.0;0.0;0.1;0.27647058823529413;0.8921568627450981;0.8137254901960784;0.04117647058823529;0.0;0.1;0.1;0.1;0.9663960825290204;0.8921568627450981;0.6058823529411764;0.1;0.1;0.0;0.0;0.0;0.0;0.0;0.1;0.515686274509804;0.8921568627450981;0.6519505892045524;0.0;0.0;0.0;0.1;0.1;0.1;0.8294117647058823;0.8921568627450981;0.8019607843137254;0.0;0.0;0.1;0.0;0.1;0.863733589687879;0.8921568627450981;0.8755231382392636;0.1;0.0;0.0;0.0;0.0;0.0;0.0;0.0;0.45686274509803926;0.8921568627450981;1.0;0.3592082886926203;0.0;0.0;0.0;0.1;0.1;0.8294117647058823;1.0;0.40980392156862744;0.0;0.0;0.1;0.1;0.0;0.8254901960784314;0.8921568627450981;0.6529411764705882;0.1;0.0;0.0;0.0;0.0;0.0;0.1;0.1;0.1033778837869531;0.7352941176470589;1.0;0.8731495440451057;0.7961809050155144;0.7274509803921568;0.49881054549492143;0.5745098039215687;0.7926802177598647;0.863021309402844;1.0;0.38627450980392153;0.3225520678889712;0.44509803921568625;0.44509803921568625;0.3735980329609974;0.4646514215279807;0.8803921568627451;1.0;0.4882352941176471;0.0;0.0;0.0;0.1;0.0;0.1;0.0;0.1;0.0;0.16932067131544953;0.7549019607843137;0.8921568627450981;0.8921568627450981;0.8921568627450981;0.8921568627450981;0.8921568627450981;0.8921568627450981;0.8921568627450981;1.0;0.8921568627450981;0.8921568627450981;1.0;1.0;1.0;1.0;0.8921568627450981;0.9235294117647058;0.0;0.0;0.0;0.0;0.0;0.1;0.1;0.0;0.1;0.0;0.1;0.11176470588235295;0.10707904042144603;0.10367026181800221;0.21764705882352942;0.4845176247176364;0.6508439365940843;0.503921568627451;0.5980392156862745;0.8921568627450981;0.8921568627450981;0.8921568627450981;0.8921568627450981;0.8921568627450981;1.0;0.9313725490196079;0.49215686274509807;0.1627450980392157;0.1;0.1;0.1;0.0;0.0;0.1;0.1;0.0;0.0;0.0;0.0;0.1;0.1;0.0;0.0;0.1;0.0;0.0;0.0;0.19411764705882353;0.19411764705882353;0.15098039215686274;0.47100992576774586;0.19411764705882353;0.09905341292527609;0.15490196078431373;0.0;0.1;0.1;0.1;0.1;0.0;0.0;0.1;0.1;0.0;0.1;0.0;0.1;0.1;0.1;0.1;0.0;0.1;0.0;0.1;0.1;0.1;0.0;0.1;0.0;0.0;0.1;0.0;0.1;0.0;0.1;0.1;0.1;0.1;0.0;0.1;0.1;0.0;0.0;0.0;0.0;0.1;0.1;0.1;0.0398663654513323;0.1;0.1;0.1;0.1;0.0;0.0;0.1;0.1;0.0;0.0;0.0;0.1;0.0;0.0;0.1;0.1;0.1;0.0;0.1;0.0;0.1;0.0;0.0;0.0;0.0;0.1;0.1;0.1;0.0;0.0;0.1;0.06630719529145176;0.1;0.1;0.1;0.1;0.0;0.1;0.0;0.0;0.0;0.1;0.0;0.1;0.0;0.0;0.1;0.1;0.0;0.0;0.0;0.0;0.1;0.1;0.1;0.1;0.1;0.0;0.1;0.1;0.1;0.1;0.1;0.1;0.0;0.0;0.1;0.1;0.0;0.0;0.0;0.0;0.1;0.0;0.1;0.0;0.1;0.0;0.1;0.0;0.0;0.1;0.1;0.1;0.0;0.0;0.1;0.0;0.1;0.0;0.1;0.1;0.1;0.0;0.1;0.0;0.1;0.09376140905608801;0.1;0.1;0.1;0.0;0.1;0.1;0.1;0.1;0.0;0.0;0.0;0.0;0.1;0.1;0.1;0.0;0.1;0.1;0.0;0.0;0.1;0.1;0.0;0.0;0.1;0.1;0.1;0.1;0.0;0.0;0.1;0.0;0.0;0.1;0.1;0.1;0.0;0.0;0.1;0.0;0.1;0.0;0.1;0.0;0.0;0.0;0.1;0.0;0.1;0.1;0.1;0.0;0.1;0.0;0.1;0.0;0.0;0.0;0.0,2.261256061,1.423232078552246,0.0,0.0,0.817631864,0.519601057,0.358530422,0.343095064163208,0.45910144199999997,0.29803080699999995,1.437259749,9626,240,240,0,4084,0,1554,679,3069,6640,0,0,3,4804,4649,155,3069,1580,0,1882,158,1412,5018,1,12090,,0.0
243,INFEASIBLE,certified_no_adversarial_example,feasibility,false,false,false,false,,,,1.154104028,0.04482674598693848,0.0,0.0,1.094503913,0.48116314400000004,0.27452684,0.26113367080688477,0.819977073,0.613340769,0.056576486,9626,189,189,0,4088,0,1578,682,3089,5431,0,0,3,4804,4687,117,3089,1598,0,1805,119,1258,4749,,812,0,
244,INFEASIBLE,certified_no_adversarial_example,feasibility,false,false,false,false,,,,0.857269876,0.047368526458740234,0.0,0.0,0.79295747,0.511403052,0.355417021,0.34131789207458496,0.43754044900000005,0.28155441800000003,0.06126285,9626,215,215,0,4036,0,1568,665,3142,6599,0,0,3,4804,4666,138,3142,1524,0,1849,142,1346,4902,,733,0,
245,INFEASIBLE,certified_no_adversarial_example,feasibility,false,false,false,false,,,,0.652012091,0.0332796573638916,0.0,0.0,0.604098318,0.337143878,0.195701195,0.18400287628173828,0.40839712300000003,0.26695444,0.044841054,9626,153,153,0,4015,0,1600,656,3202,3712,0,0,3,4804,4711,93,3202,1509,0,1757,95,1162,4581,,721,0,
246,INFEASIBLE,certified_no_adversarial_example,feasibility,false,false,false,false,,,,32.349097028,31.28475308418274,,0.0,1.045294519,0.702467043,0.5206894820000001,0.5032954216003418,0.5246050369999999,0.3428274760000001,31.300699362,9626,292,292,0,4040,0,1529,661,3104,8894,0,0,3,4804,4622,182,3104,1518,0,1938,187,1524,5213,,1739,0,
247,INFEASIBLE,certified_no_adversarial_example,feasibility,false,false,false,false,,,,0.923496465,0.030718326568603516,0.0,0.0,0.876498377,0.5723973019999999,0.38549971400000005,0.3702974319458008,0.49099866299999995,0.30410107500000005,0.043778524,9626,245,245,0,4090,0,1553,703,3035,5566,0,0,3,4804,4662,142,3035,1627,0,1855,144,1358,4924,,549,0,
248,SKIPPED_PREDICTED_IN_TARGETED,adversarial_example_found_or_best_known,feasibility,true,true,true,true,3.292735486053167,-3.1983125677117146;-7.862744704439692;0.9794937564112143;-6.607636350202855;-0.6142769453788455;-7.99250481794685;2.6784585406743213;-8.92205058273872;-3.3271914533305935;-12.715222537470826,0.0;0.0;0.0;0.0;0.0;0.0;0.0;0.0;0.0;0.0;0.0;0.0;0.0;0.0;0.0;0.0;0.0;0.0;0.0;0.0;0.0;0.0;0.0;0.0;0.0;0.0;0.0;0.0;0.0;0.0;0.0;0.0;0.0;0.0;0.0;0.0;0.0;0.0;0.0;0.0;0.0;0.0;0.0;0.0;0.0;0.0;0.0;0.0;0.0;0.0;0.0;0.0;0.0;0.0;0.0;0.0;0.0;0.0;0.0;0.0;0.0;0.0;0.0;0.0;0.0;0.0;0.0;0.0;0.0;0.0;0.0;0.0;0.0;0.0;0.0;0.0;0.0;0.0;0.0;0.0;0.0;0.0;0.0;0.0;0.0;0.0;0.0;0.0;0.0;0.0;0.0;0.0;0.0;0.0;0.0;0.0;0.0;0.0;0.0;0.0;0.0;0.0;0.0;0.0;0.0;0.0;0.0;0.0;0.0;0.0;0.0;0.0;0.0;0.0;0.0;0.0;0.0;0.0;0.0;0.0;0.0;0.0;0.0;0.0;0.0;0.0;0.0;0.0;0.0;0.0;0.0;0.0;0.0;0.0;0.0;0.0;0.0;0.0;0.0;0.0;0.0;0.0;0.0;0.0;0.0;0.0;0.0;0.0;0.0;0.0;0.0;0.0;0.0;0.0;0.0;0.0;0.0;0.0;0.0;0.0;0.07450980392156863;0.09411764705882353;0.0;0.0;0.0;0.0;0.0;0.0;0.0;0.0;0.0;0.0;0.0;0.0;0.0;0.0;0.0;0.0;0.0;0.0;0.0;0.0;0.0;0.0;0.0;0.0196078431372549;0.16470588235294117;0.6274509803921569;0.8823529411764706;0.9137254901960784;0.0;0.0;0.0;0.0;0.0;0.0;0.0;0.0;0.0;0.0;0.0;0.0;0.0;0.0;0.0;0.0;0.0;0.0;0.0;0.0;0.0;0.0;0.058823529411764705;0.6078431372549019;0.996078431372549;0.996078431372549;0.996078431372549;0.996078431372549;0.0;0.0;0.0;0.0;0.0;0.0;0.0;0.0;0.0;0.0;0.0;0.0;0.0;0.0;0.0;0.0;0.0;0.0;0.0;0.0;0.0;0.058823529411764705;0.6078431372549019;0.996078431372549;0.996078431372549;0.996078431372549;0.9725490196078431;0.2627450980392157;0.0;0.0;0.0;0.0;0.0;0.0;0.0;0.0;0.0;0.0;0.0;0.0;0.0;0.0;0.0;0.0;0.0;0.0;0.0;0.0;0.0196078431372549;0.7450980392156863;0.996078431372549;0.996078431372549;0.996078431372549;0.8666666666666667;0.21568627450980393;0.0;0.0;0.0;0.0;0.0;0.0;0.0;0.0;0.0;0.0;0.0;0.0;0.0;0.0;0.0;0.0;0.0;0.0;0.0;0.0;0.0;0.30196078431372547;0.996078431372549;0.996078431372549;0.996078431372549;0.6352941176470588;0.12156862745098039;0.0;0.0;0.0;0.0;0.0;0.0;0.0;0.0;0.0;0.0;0.0;0.0;0.0;0.0;0.0;0.0;0.0;0.0;0.0;0.0;0.0;0.17254901960784313;0.8941176470588236;0.996078431372549;0.9529411764705882;0.4470588235294118;0.011764705882352941;0.0;0.0;0.0;0.0;0.0;0.0;0.0;0.0;0.0;0.0;0.0;0.0;0.0;0.0;0.0;0.0;0.0;0.0;0.0;0.0;0.043137254901960784;0.48627450980392156;0.8862745098039215;0.996078431372549;0.996078431372549;0.4980392156862745;0.0;0.0;0.0;0.0;0.0;0.0;0.0;0.0;0.0;0.0;0.0;0.0;0.0;0.0;0.0;0.0;0.0;0.0;0.0;0.0;0.08627450980392157;0.37254901960784315;0.7372549019607844;0.996078431372549;0.996078431372549;0.996078431372549;0.996078431372549;0.44313725490196076;0.03137254901960784;0.37254901960784315;0.4549019607843137;0.5607843137254902;0.09803921568627451;0.0;0.0;0.0;0.0;0.0;0.0;0.0;0.0;0.0;0.0;0.0;0.0;0.0;0.11764705882352941;0.3843137254901961;0.8470588235294118;0.996078431372549;0.996078431372549;0.7411764705882353;0.3568627450980392;0.0392156862745098;0.996078431372549;0.792156862745098;0.9294117647058824;1.0;0.996078431372549;0.9686274509803922;0.19215686274509805;0.0;0.0;0.0;0.0;0.0;0.0;0.0;0.0;0.0392156862745098;0.14901960784313725;0.14901960784313725;0.14901960784313725;0.5607843137254902;0.9333333333333333;0.996078431372549;0.9058823529411765;0.6666666666666666;0.20392156862745098;0.0;0.0784313725490196;0.3176470588235294;0.996078431372549;0.996078431372549;0.996078431372549;0.996078431372549;0.6313725490196078;0.2901960784313726;0.0;0.0;0.0;0.0;0.0;0.0;0.0;0.0;0.0;0.6980392156862745;0.996078431372549;0.996078431372549;0.996078431372549;0.9725490196078431;0.9294117647058824;0.4666666666666667;0.09019607843137255;0.0;0.01568627450980392;0.27450980392156865;0.8509803921568627;0.996078431372549;0.996078431372549;0.996078431372549;0.9921568627450981;0.7098039215686275;0.00784313725490196;0.0;0.0;0.0;0.0;0.0;0.0;0.0;0.0;0.0;0.0;0.5647058823529412;0.9607843137254902;0.8745098039215686;0.5882352941176471;0.14901960784313725;0.0;0.0;0.0;0.03529411764705882;0.6941176470588235;0.996078431372549;0.996078431372549;0.996078431372549;0.996078431372549;0.996078431372549;0.8117647058823529;0.0;0.0;0.0;0.0;0.0;0.0;0.0;0.0;0.0;0.0;0.0;0.0;0.0;0.06666666666666667;0.043137254901960784;0.0;0.0;0.0;0.0;0.0;0.050980392156862744;0.7843137254901961;0.996078431372549;0.8980392156862745;0.8862745098039215;0.996078431372549;0.996078431372549;0.5490196078431373;0.0;0.0;0.0;0.0;0.0;0.0;0.0;0.0;0.0;0.0;0.0;0.0;0.0;0.0;0.0;0.0;0.0;0.0;0.0;0.0;0.0;0.07058823529411765;0.1843137254901961;0.09019607843137255;0.10588235294117647;0.996078431372549;0.996078431372549;0.25098039215686274;0.0;0.0;0.0;0.0;0.0;0.0;0.0;0.0;0.0;0.0;0.0;0.0;0.0;0.0;0.0;0.0;0.0;0.0;0.0;0.0;0.0;0.0;0.0;0.0;0.027450980392156862;0.8823529411764706;0.8627450980392157;0.054901960784313725;0.0;0.0;0.0;0.0;0.0;0.0;0.0;0.0;0.0;0.0;0.0;0.0;0.0;0.0;0.0;0.0;0.0;0.0;0.0;0.0;0.0;0.0;0.0;0.0;0.0;0.27058823529411763;0.4666666666666667;0.0;0.0;0.0;0.0;0.0;0.0;0.0;0.0;0.0;0.0;0.0;0.0;0.0;0.0;0.0;0.0;0.0;0.0;0.0;0.0;0.0;0.0;0.0;0.0;0.0;0.0;0.0;0.0;0.0;0.0;0.0;0.0;0.0;0.0;0.0;0.0;0.0;0.0;0.0;0.0;0.0;0.0;0.0;0.0;0.0;0.0;0.0;0.0;0.0;0.0;0.0;0.0;0.0;0.0;0.0;0.0;0.0;0.0;0.0;0.0;0.0;0.0;0.0;0.0;0.0;0.0;0.0;0.0;0.0;0.0;0.0;0.0;0.0;0.0;0.0;0.0;0.0;0.0;0.0;0.0;0.0;0.0;0.0;0.0;0.0;0.0;0.0;0.0;0.0;0.0;0.0;0.0;0.0;0.0;0.0;0.0;0.0;0.0;0.0;0.0;0.0;0.0;0.0;0.0;0.0;0.0;0.0;0.0;0.0;0.0;0.0;0.0;0.0;0.0;0.0;0.0;0.0;0.0;0.0;0.0;0.0;0.0;0.0;0.0;0.0;0.0;0.0;0.0;0.0;0.0;0.0;0.0;0.0;0.0;0.0;0.0;0.0;0.0;0.0;0.0;0.0;0.0;0.0;0.0;0.0;0.0;0.0;0.0;0.0;0.0;0.0;0.0;0.0;0.0;0.0;0.0;0.0;0.0;0.0;0.0;0.0;0.0;0.0;0.0;0.0;0.0;0.0;0.0;0.0;0.0;0.0;0.0;0.0;0.0;0.0;0.0;0.0;0.0;0.0,0.005858535,0.0,0.0,0.0,,,,,,,,,,,,,,,,,,,,,,,,,,,,,,,,,,
249,INFEASIBLE,certified_no_adversarial_example,feasibility,false,false,false,false,,,,0.703371337,0.022223472595214844,0.0,0.0,0.666419676,0.38464073200000004,0.24991223999999998,0.23678994178771973,0.41650743599999995,0.2817789439999999,0.033892906,9626,190,190,0,4070,0,1580,672,3114,4150,0,0,3,4804,4689,115,3114,1575,0,1798,115,1245,4726,,545,0,
250,INFEASIBLE,certified_no_adversarial_example,feasibility,false,false,false,false,,,,0.729359456,0.027096033096313477,0.0,0.0,0.68786018,0.4132144590000001,0.26691783899999993,0.25360774993896484,0.4209423410000001,0.27464572099999995,0.038429771,9626,204,204,0,4019,0,1570,647,3186,4581,0,0,3,4804,4699,105,3186,1513,0,1781,107,1210,4665,,536,0,
251,INFEASIBLE,certified_no_adversarial_example,feasibility,false,false,false,false,,,,0.72367144,0.03391766548156738,0.0,0.0,0.675325174,0.406115523,0.251904582,0.23891997337341309,0.42342059200000004,0.26920965100000005,0.045255753,9626,186,186,0,4070,0,1582,672,3116,4292,0,0,3,4804,4696,108,3116,1580,0,1784,108,1217,4677,,651,0,
252,INFEASIBLE,certified_no_adversarial_example,feasibility,false,false,false,false,,,,0.588633614,0.02252030372619629,0.0,0.0,0.552651686,0.302476066,0.18263188999999996,0.17136859893798828,0.37001979600000007,0.25017562000000004,0.032897726,9626,154,154,0,3972,0,1598,641,3261,2760,0,0,3,4804,4723,81,3261,1462,0,1734,84,1116,4500,,474,0,
253,INFEASIBLE,certified_no_adversarial_example,feasibility,false,false,false,false,,,,0.663097711,0.021558284759521484,0.0,0.0,0.627691288,0.354627197,0.21797719200000004,0.20618224143981934,0.4097140959999999,0.27306409099999995,0.032367356,9626,159,159,0,4057,0,1593,667,3150,4122,0,0,3,4804,4707,97,3150,1557,0,1762,97,1173,4600,,532,0,
254,INFEASIBLE,certified_no_adversarial_example,feasibility,false,false,false,false,,,,0.780446993,0.033814430236816406,0.0,0.0,0.731411255,0.45554806200000003,0.296098646,0.2826240062713623,0.435312609,0.275863193,0.046007672,9626,197,197,0,4031,0,1577,661,3160,5719,0,0,3,4804,4681,123,3160,1521,0,1818,126,1284,4794,,603,0,
255,INFEASIBLE,certified_no_adversarial_example,feasibility,false,false,false,false,,,,0.734915118,0.030073881149291992,0.0,0.0,0.689951266,0.42639254200000004,0.271286115,0.2579345703125,0.418665151,0.26355872399999997,0.041905969,9626,192,192,0,4015,0,1578,647,3194,5092,0,0,3,4804,4694,110,3194,1500,0,1791,112,1230,4700,,633,0,
256,INFEASIBLE,certified_no_adversarial_example,feasibility,false,false,false,false,,,,0.6660322,0.020726919174194336,0.0,0.0,0.631325781,0.369538817,0.23034992799999998,0.2191481590270996,0.40097585300000005,0.261786964,0.031665738,9626,149,149,0,4012,0,1602,645,3218,3617,0,0,3,4804,4715,89,3218,1497,0,1749,91,1146,4553,,370,0,
257,INFEASIBLE,certified_no_adversarial_example,feasibility,false,false,false,false,,,,1.283165415,0.06610369682312012,0.0,0.0,1.200822672,0.868020435,0.37447812000000014,0.36002016067504883,0.8263445519999998,0.3328022369999999,0.079282697,9626,215,215,0,4054,0,1565,669,3123,6993,0,0,3,4804,4673,131,3123,1550,0,1834,134,1316,4850,,1084,0,
258,INFEASIBLE,certified_no_adversarial_example,feasibility,false,false,false,false,,,,0.87707334,0.0511019229888916,0.0,0.0,0.809537138,0.540016265,0.385990343,0.371906042098999,0.42354679500000003,0.26952087300000005,0.064459585,9626,219,219,0,4043,0,1565,632,3167,6126,0,0,3,4804,4679,125,3167,1512,0,1823,129,1294,4811,,770,0,
259,INFEASIBLE,certified_no_adversarial_example,feasibility,false,false,false,false,,,,0.776689601,0.024947643280029297,0.0,0.0,0.737043664,0.454845968,0.261348413,0.24860644340515137,0.475695251,0.282197696,0.036597823,9626,175,175,0,4073,0,1587,693,3098,4770,0,0,3,4804,4696,108,3098,1598,0,1784,108,1217,4677,,550,0,
260,SKIPPED_PREDICTED_IN_TARGETED,adversarial_example_found_or_best_known,feasibility,true,true,true,true,0.3002934737537224,7.290348228500029;-22.067922446375803;-9.379877940571268;-10.70022477442401;-11.486169259765942;-0.017832851115525017;6.990054754746307;-12.66962458555858;-4.756892198159106;-11.750407480686617,0.0;0.0;0.0;0.0;0.0;0.0;0.0;0.0;0.0;0.0;0.0;0.0;0.0;0.0;0.0;0.0;0.0;0.0;0.0;0.0;0.0;0.0;0.0;0.0;0.0;0.0;0.0;0.0;0.0;0.0;0.0;0.0;0.0;0.0;0.0;0.0;0.0;0.0;0.0;0.0;0.0;0.0;0.0;0.0;0.0;0.0;0.0;0.0;0.0;0.0;0.0;0.0;0.0;0.0;0.0;0.0;0.0;0.0;0.0;0.0;0.0;0.0;0.0;0.0;0.0;0.0;0.0;0.0;0.0;0.0;0.0;0.0;0.0;0.0;0.0;0.0;0.0;0.0;0.0;0.0;0.0;0.0;0.0;0.0;0.0;0.0;0.0;0.0;0.0;0.0;0.0;0.0;0.0;0.0;0.0;0.0;0.0;0.0;0.0;0.0;0.0;0.0;0.0;0.0;0.0;0.0;0.0;0.0;0.0;0.0;0.0;0.0;0.0;0.0;0.0;0.0;0.0;0.0;0.0;0.0;0.0;0.0;0.0;0.0;0.0;0.0;0.0;0.0;0.0;0.0;0.0;0.0;0.0;0.0;0.0;0.0;0.0;0.0;0.0;0.0;0.0;0.0;0.0;0.0;0.0;0.0;0.0;0.0;0.0;0.0;0.0;0.0;0.0;0.0;0.0;0.0;0.0;0.0;0.0;0.0;0.0;0.0;0.0;0.0;0.0;0.0;0.0;0.0;0.0;0.0;0.0;0.0;0.0;0.0;0.0;0.0;0.0;0.0;0.0;0.0;0.0;0.0;0.0;0.0;0.0;0.0;0.0;0.0;0.0;0.0;0.0;0.0;0.0;0.0;0.0;0.0;0.0;0.0;0.0;0.0;0.0;0.0;0.0;0.0;0.0;0.0;0.0;0.37254901960784315;0.4627450980392157;0.4627450980392157;0.4627450980392157;0.4627450980392157;0.4627450980392157;0.4627450980392157;0.17647058823529413;0.0;0.0;0.0;0.0;0.0;0.0;0.0;0.0;0.0;0.0;0.0;0.0;0.0;0.0;0.0;0.0;0.0;0.3843137254901961;0.4392156862745098;0.8588235294117647;0.984313725490196;0.9921568627450981;0.9921568627450981;0.9921568627450981;0.9921568627450981;0.9921568627450981;0.9921568627450981;0.9647058823529412;0.6431372549019608;0.19215686274509805;0.0;0.0;0.0;0.0;0.0;0.0;0.0;0.0;0.0;0.0;0.0;0.0;0.0;0.5882352941176471;0.9215686274509803;0.984313725490196;0.9921568627450981;0.9921568627450981;0.9921568627450981;0.9921568627450981;0.9921568627450981;0.9921568627450981;0.9921568627450981;0.9921568627450981;0.9921568627450981;0.9921568627450981;0.9921568627450981;0.6392156862745098;0.0;0.0;0.0;0.0;0.0;0.0;0.0;0.0;0.0;0.0;0.0;0.611764705882353;0.8941176470588236;0.984313725490196;0.9921568627450981;0.6549019607843137;0.4392156862745098;0.09803921568627451;0.5490196078431373;0.9921568627450981;0.9921568627450981;0.9137254901960784;0.2549019607843137;0.09803921568627451;0.09803921568627451;0.4549019607843137;0.9921568627450981;0.9607843137254902;0.17647058823529413;0.0;0.0;0.0;0.0;0.0;0.0;0.0;0.0;0.0;0.17647058823529413;0.9803921568627451;0.9921568627450981;0.8431372549019608;0.17647058823529413;0.01568627450980392;0.0;0.2980392156862745;0.8666666666666667;0.9921568627450981;0.9098039215686274;0.5019607843137255;0.0;0.0;0.0;0.06666666666666667;0.8470588235294118;0.9921568627450981;0.6392156862745098;0.0;0.0;0.0;0.0;0.0;0.0;0.0;0.0;0.0;0.9215686274509803;0.9921568627450981;0.8470588235294118;0.12549019607843137;0.0;0.0;0.28627450980392155;0.9686274509803922;0.9921568627450981;0.9058823529411765;0.24705882352941178;0.0;0.0;0.0;0.0;0.0;0.4196078431372549;0.9921568627450981;0.9764705882352941;0.16470588235294117;0.0;0.0;0.0;0.0;0.0;0.0;0.0;0.0;1.0;0.8509803921568627;0.12549019607843137;0.0;0.0;0.0;0.7529411764705882;0.9921568627450981;0.7607843137254902;0.13333333333333333;0.0;0.0;0.0;0.0;0.0;0.0;0.01568627450980392;0.6392156862745098;0.9921568627450981;0.6392156862745098;0.0;0.0;0.0;0.0;0.0;0.0;0.0;0.0;0.20392156862745098;0.10980392156862745;0.0;0.0;0.0;0.10196078431372549;0.8862745098039215;0.9921568627450981;0.3058823529411765;0.0;0.0;0.0;0.0;0.0;0.0;0.0;0.0;0.5607843137254902;0.9921568627450981;0.9921568627450981;0.0;0.0;0.0;0.0;0.0;0.0;0.0;0.0;0.0;0.0;0.0;0.0;0.0;0.3607843137254902;0.9921568627450981;0.9921568627450981;0.2;0.0;0.0;0.0;0.0;0.0;0.0;0.0;0.0;0.5607843137254902;0.9921568627450981;0.9921568627450981;0.0;0.0;0.0;0.0;0.0;0.0;0.0;0.0;0.0;0.0;0.0;0.0;0.0;0.3607843137254902;0.9921568627450981;0.9921568627450981;0.2;0.0;0.0;0.0;0.0;0.0;0.0;0.0;0.0;0.5607843137254902;0.9921568627450981;0.9921568627450981;0.0;0.0;0.0;0.0;0.0;0.0;0.0;0.0;0.0;0.0;0.0;0.0;0.0;0.10196078431372549;0.8862745098039215;0.9921568627450981;0.2;0.0;0.0;0.0;0.0;0.0;0.0;0.0;0.0;0.30196078431372547;0.9921568627450981;0.8862745098039215;0.0;0.0;0.0;0.0;0.0;0.0;0.0;0.0;0.0;0.0;0.0;0.0;0.0;0.0;0.8431372549019608;0.9921568627450981;0.2;0.0;0.0;0.0;0.0;0.0;0.0;0.0;0.01568627450980392;0.6392156862745098;0.9921568627450981;0.4823529411764706;0.0;0.0;0.0;0.0;0.0;0.0;0.0;0.0;0.0;0.0;0.0;0.0;0.0;0.0;0.7647058823529411;0.9921568627450981;0.5411764705882353;0.0;0.0;0.0;0.0;0.0;0.0;0.0;0.1568627450980392;0.9921568627450981;0.8980392156862745;0.1607843137254902;0.0;0.0;0.0;0.0;0.0;0.0;0.0;0.0;0.0;0.0;0.0;0.0;0.0;0.0;0.3333333333333333;0.9921568627450981;0.8941176470588236;0.24705882352941178;0.10196078431372549;0.0;0.0;0.0;0.0196078431372549;0.1843137254901961;0.8470588235294118;0.9215686274509803;0.4;0.0;0.0;0.0;0.0;0.0;0.0;0.0;0.0;0.0;0.0;0.0;0.0;0.0;0.0;0.0;0.12941176470588237;0.8313725490196079;0.9921568627450981;0.9921568627450981;0.9058823529411765;0.24705882352941178;0.10588235294117647;0.1843137254901961;0.6627450980392157;0.9921568627450981;0.9921568627450981;0.43137254901960786;0.0;0.0;0.0;0.0;0.0;0.0;0.0;0.0;0.0;0.0;0.0;0.0;0.0;0.0;0.0;0.0;0.0;0.12549019607843137;0.5490196078431373;0.9764705882352941;0.9921568627450981;0.9921568627450981;0.9921568627450981;0.9921568627450981;0.9921568627450981;0.9450980392156862;0.611764705882353;0.17647058823529413;0.0;0.0;0.0;0.0;0.0;0.0;0.0;0.0;0.0;0.0;0.0;0.0;0.0;0.0;0.0;0.0;0.0;0.0;0.0;0.3333333333333333;0.5490196078431373;0.9411764705882353;0.9411764705882353;0.9411764705882353;0.611764705882353;0.16470588235294117;0.0;0.0;0.0;0.0;0.0;0.0;0.0;0.0;0.0;0.0;0.0;0.0;0.0;0.0;0.0;0.0;0.0;0.0;0.0;0.0;0.0;0.0;0.0;0.0;0.0;0.0;0.0;0.0;0.0;0.0;0.0;0.0;0.0;0.0;0.0;0.0;0.0;0.0;0.0;0.0;0.0;0.0;0.0;0.0;0.0;0.0;0.0;0.0;0.0;0.0;0.0;0.0;0.0;0.0;0.0;0.0;0.0;0.0;0.0;0.0;0.0;0.0;0.0;0.0;0.0;0.0;0.0;0.0;0.0;0.0;0.0;0.0;0.0;0.0;0.0;0.0;0.0;0.0;0.0;0.0;0.0;0.0;0.0;0.0;0.0;0.0;0.0;0.0;0.0;0.0;0.0;0.0;0.0;0.0;0.0;0.0;0.0;0.0;0.0;0.0;0.0;0.0;0.0;0.0;0.0;0.0;0.0;0.0;0.0;0.0;0.0;0.0;0.0;0.0;0.0;0.0;0.0;0.0;0.0;0.0;0.0,0.005883883,0.0,0.0,0.0,,,,,,,,,,,,,,,,,,,,,,,,,,,,,,,,,,
261,INFEASIBLE,certified_no_adversarial_example,feasibility,false,false,false,false,,,,1.018852343,0.04740118980407715,0.0,0.0,0.953596662,0.643006494,0.48161615299999994,0.46475744247436523,0.4719805090000001,0.31059016800000006,0.062252221,9626,270,270,0,4075,0,1540,682,3059,8408,0,0,3,4804,4634,170,3059,1575,0,1913,174,1474,5126,,637,0,
262,INFEASIBLE,certified_no_adversarial_example,feasibility,false,false,false,false,,,,0.898417365,0.03339505195617676,0.0,0.0,0.848792676,0.558006864,0.40128364200000005,0.38674497604370117,0.4475090339999999,0.290785812,0.046564062,9626,231,231,0,4023,0,1559,657,3156,6420,0,0,3,4804,4672,132,3156,1516,0,1835,134,1318,4854,,574,0,
263,INFEASIBLE,certified_no_adversarial_example,feasibility,false,false,false,false,,,,0.66440016,0.021158218383789062,0.0,0.0,0.628947077,0.35539880100000004,0.22086458199999998,0.20862531661987305,0.408082495,0.2735482759999999,0.032415229,9626,164,164,0,4034,0,1594,662,3172,3974,0,0,3,4804,4705,99,3172,1533,0,1769,101,1186,4623,,456,0,
264,INFEASIBLE,certified_no_adversarial_example,feasibility,false,false,false,false,,,,0.68518673,0.026009082794189453,0.0,0.0,0.644769503,0.375237584,0.22890989500000003,0.21713566780090332,0.415859608,0.269531919,0.037378479,9626,162,162,0,4022,0,1595,651,3196,4085,0,0,3,4804,4703,101,3196,1507,0,1773,103,1194,4637,,501,0,
265,INFEASIBLE,certified_no_adversarial_example,feasibility,false,false,false,false,,,,0.766791475,0.14226794242858887,0.0,0.0,0.610573263,0.35159359599999995,0.21413327,0.20236945152282715,0.39643999300000005,0.2589796670000001,0.153168234,9626,152,152,0,4020,0,1596,664,3194,4431,0,0,3,4804,4710,94,3194,1516,0,1759,96,1166,4588,,844,0,
266,INFEASIBLE,certified_no_adversarial_example,feasibility,false,false,false,false,,,,0.554886741,0.01753830909729004,0.0,0.0,0.525042077,0.271811179,0.14429882500000002,0.13451910018920898,0.38074325200000003,0.25323089800000004,0.026784518,9626,115,115,0,3997,0,1619,658,3237,2153,0,0,3,4804,4741,63,3237,1504,0,1694,63,1037,4362,,473,0,
267,INFEASIBLE,certified_no_adversarial_example,feasibility,false,false,false,false,,,,0.832780724,0.0393519401550293,0.0,0.0,0.777365729,0.48892543200000005,0.332364423,0.3178377151489258,0.445001306,0.28844029699999996,0.052350499,9626,227,227,0,4097,0,1560,677,3065,5536,0,0,3,4804,4672,132,3065,1607,0,1835,134,1318,4854,,656,0,
268,INFEASIBLE,certified_no_adversarial_example,feasibility,false,false,false,false,,,,0.543275089,0.01625847816467285,0.0,0.0,0.514065571,0.268319526,0.13886524,0.12859869003295898,0.37520033100000005,0.24574604500000008,0.026118053,9626,116,116,0,4000,0,1619,648,3243,2311,0,0,3,4804,4734,70,3243,1491,0,1711,72,1070,4420,,413,0,
269,INFEASIBLE,certified_no_adversarial_example,feasibility,false,false,false,false,,,,1.161418605,0.03764533996582031,0.0,0.0,1.104928211,0.7338057739999999,0.5494871760000001,0.5318603515625,0.555441035,0.37112243700000014,0.053461084,9626,282,282,0,4093,0,1529,686,3036,10697,0,0,3,4804,4618,186,3036,1582,0,1945,190,1538,5238,,562,0,
270,INFEASIBLE,certified_no_adversarial_example,feasibility,false,false,false,false,,,,1.319087536,0.05888485908508301,0.0,0.0,1.242630321,0.9515463250000001,0.44832631000000006,0.43282294273376465,0.7943040109999999,0.2910839959999999,0.073388331,9626,249,249,0,4058,0,1552,686,3081,7342,0,0,3,4804,4649,155,3081,1568,0,1883,159,1414,5021,,817,0,
271,INFEASIBLE,certified_no_adversarial_example,feasibility,false,false,false,false,,,,0.831704704,0.030189037322998047,0.0,0.0,0.785813692,0.5024495600000001,0.332702441,0.3186922073364258,0.45311125099999994,0.2833641319999999,0.042822159,9626,207,207,0,4062,0,1569,674,3114,5780,0,0,3,4804,4683,121,3114,1569,0,1810,121,1269,4768,,564,0,
272,INFEASIBLE,certified_no_adversarial_example,feasibility,false,false,false,false,,,,0.88959912,0.03877878189086914,0.0,0.0,0.834476832,0.5480575249999999,0.338356423,0.32324671745300293,0.496120409,0.28641930700000007,0.052080865,9626,229,229,0,4081,0,1561,678,3077,5806,0,0,3,4804,4666,138,3077,1589,0,1847,140,1342,4896,,675,0,
273,INFEASIBLE,certified_no_adversarial_example,feasibility,false,false,false,false,,,,0.784365757,0.04012012481689453,0.0,0.0,0.729439074,0.458771171,0.305542204,0.2920567989349365,0.42389687,0.270667903,0.051875452,9626,204,204,0,3987,0,1572,625,3238,5384,0,0,3,4804,4703,101,3238,1465,0,1774,104,1196,4640,,652,0,
274,INFEASIBLE,certified_no_adversarial_example,feasibility,false,false,false,false,,,,0.731669964,0.027976036071777344,0.0,0.0,0.688631371,0.402006133,0.26560313199999996,0.25226759910583496,0.4230282390000001,0.28662523800000006,0.039962497,9626,189,189,0,4053,0,1581,664,3139,4990,0,0,3,4804,4685,119,3139,1546,0,1809,121,1266,4763,,546,0,
275,INFEASIBLE,certified_no_adversarial_example,feasibility,false,false,false,false,,,,0.84954088,0.04037594795227051,0.0,0.0,0.793416482,0.509970494,0.33961084,0.32501935958862305,0.453805642,0.283445988,0.053060292,9626,215,215,0,4080,0,1566,677,3088,6494,0,0,3,4804,4678,126,3088,1590,0,1824,129,1296,4815,,699,0,
276,INFEASIBLE,certified_no_adversarial_example,feasibility,false,false,false,false,,,,0.786745577,0.03251385688781738,0.0,0.0,0.73874029,0.45129115900000005,0.293959316,0.2807943820953369,0.44478097399999994,0.2874491309999999,0.044751967,9626,197,197,0,4044,0,1578,675,3132,4866,0,0,3,4804,4686,118,3132,1554,0,1804,118,1257,4747,,611,0,
277,INFEASIBLE,certified_no_adversarial_example,feasibility,false,false,false,false,,,,0.582472945,0.019567489624023438,0.0,0.0,0.549898775,0.302760702,0.179189186,0.15838050842285156,0.37070958899999995,0.24713807299999996,0.02953933,9626,134,134,0,3989,0,1610,647,3246,2704,0,0,3,4804,4730,74,3246,1484,0,1719,76,1086,4448,,431,0,
278,INFEASIBLE,certified_no_adversarial_example,feasibility,false,false,false,false,,,,0.679517038,0.025164127349853516,0.0,0.0,0.639808639,0.36126958700000006,0.22286648599999997,0.21048569679260254,0.416942153,0.2785390519999999,0.036667707,9626,177,177,0,4077,0,1584,673,3115,3664,0,0,3,4804,4704,100,3115,1589,0,1774,105,1196,4639,,502,0,
279,INFEASIBLE,certified_no_adversarial_example,feasibility,false,false,false,false,,,,0.762924625,0.029555559158325195,0.0,0.0,0.719215357,0.438973214,0.24451098,0.23192214965820312,0.47470437700000007,0.28024214300000005,0.040663086,9626,180,180,0,4053,0,1586,696,3111,3571,0,0,3,4804,4705,99,3111,1594,0,1766,99,1181,4614,,590,0,
280,INFEASIBLE,certified_no_adversarial_example,feasibility,false,false,false,false,,,,0.906326165,0.02079033851623535,0.0,0.0,0.872140563,0.626328324,0.169345886,0.15829205513000488,0.702794677,0.24581223899999993,0.031100878,9626,143,143,0,3972,0,1603,637,3271,2624,0,0,3,4804,4725,79,3271,1454,0,1731,83,1110,4489,,444,0,
281,INFEASIBLE,certified_no_adversarial_example,feasibility,false,false,false,false,,,,0.696018246,0.02553582191467285,0.0,0.0,0.655463552,0.38325628500000003,0.23170280299999996,0.21915459632873535,0.423760749,0.2722072669999999,0.037507681,9626,172,172,0,4057,0,1587,688,3122,4849,0,0,3,4804,4693,111,3122,1571,0,1794,114,1236,4710,,533,0,
282,INFEASIBLE,certified_no_adversarial_example,feasibility,false,false,false,false,,,,0.735396251,0.03369951248168945,0.0,0.0,0.687151545,0.415796779,0.25427399100000003,0.2415001392364502,0.43287755399999994,0.27135476599999997,0.045198275,9626,185,185,0,4043,0,1578,662,3158,4342,0,0,3,4804,4710,94,3158,1552,0,1760,97,1168,4591,,624,0,
283,SKIPPED_PREDICTED_IN_TARGETED,adversarial_example_found_or_best_known,feasibility,true,true,true,true,0.22285015405848352,-7.516663392924261;-0.872521953938235;-0.853122840908195;0.5445518124805913;-8.307060967332022;-6.442983629958491;-13.568858899456988;0.32170165842210774;-1.3078431965389932;-2.188543257688663,0.0;0.0;0.0;0.0;0.0;0.0;0.0;0.0;0.0;0.0;0.0;0.0;0.0;0.0;0.0;0.0;0.0;0.0;0.0;0.0;0.0;0.0;0.0;0.0;0.0;0.0;0.0;0.0;0.0;0.0;0.0;0.0;0.0;0.0;0.0;0.0;0.0;0.0;0.0;0.0;0.0;0.0;0.0;0.0;0.0;0.0;0.0;0.0;0.0;0.0;0.0;0.0;0.0;0.0;0.0;0.0;0.0;0.0;0.0;0.0;0.0;0.0;0.0;0.0;0.0;0.0;0.0;0.0;0.0;0.0;0.0;0.0;0.0;0.0;0.0;0.0;0.0;0.0;0.0;0.0;0.0;0.0;0.0;0.0;0.0;0.0;0.0;0.0;0.0;0.0;0.0;0.0;0.0;0.0;0.0;0.0;0.0;0.0;0.0;0.0;0.0;0.0;0.0;0.0;0.0;0.0;0.0;0.0;0.0;0.0;0.0;0.0;0.0;0.0;0.0;0.0;0.0;0.0;0.0;0.0;0.0;0.0;0.0;0.0;0.0;0.0;0.0;0.0;0.0;0.0;0.0;0.0;0.0;0.0;0.0;0.0;0.0;0.0;0.0;0.0;0.0;0.0;0.0;0.0;0.0;0.0;0.0;0.0;0.0;0.0;0.0;0.0;0.0;0.0;0.0;0.0;0.0;0.0;0.0;0.0;0.0;0.0;0.0;0.0;0.0;0.0;0.0;0.0;0.0;0.0;0.0;0.0;0.0;0.0;0.0;0.0;0.0;0.0;0.0;0.0;0.0;0.0;0.0;0.0;0.0;0.0;0.0;0.0;0.0;0.0;0.0;0.0;0.0;0.0;0.0;0.0;0.0;0.0;0.0;0.0;0.0;0.0;0.0;0.0;0.0;0.0;0.0;0.0;0.0;0.0;0.0;0.0;0.0;0.0;0.0;0.0;0.0;0.0;0.0;0.0;0.0;0.0;0.0;0.0;0.0;0.0;0.0;0.0;0.0;0.0;0.0;0.0;0.0;0.0;0.0;0.0;0.0;0.0;0.0;0.0;0.0;0.0;0.0;0.0;0.0;0.0;0.0;0.0;0.0;0.0;0.0;0.0;0.0;0.0;0.0;0.0;0.0;0.0;0.0;0.0;0.403921568627451;0.8666666666666667;0.23137254901960785;0.0;0.0;0.0;0.0;0.0;0.0;0.0;0.12549019607843137;0.28627450980392155;0.0;0.0;0.0;0.0;0.0;0.0;0.0;0.0;0.0;0.0;0.0;0.0;0.0;0.0;0.0;0.03137254901960784;0.8274509803921568;0.9921568627450981;0.15294117647058825;0.0;0.0;0.0;0.0;0.0;0.0;0.0;0.5019607843137255;0.9921568627450981;0.20784313725490197;0.0;0.0;0.0;0.0;0.0;0.0;0.0;0.0;0.0;0.0;0.0;0.0;0.0;0.0;0.5019607843137255;0.9921568627450981;0.8901960784313725;0.0;0.0;0.0;0.0;0.0;0.0;0.0;0.023529411764705882;0.8117647058823529;0.9411764705882353;0.3058823529411765;0.0;0.0;0.0;0.0;0.0;0.0;0.0;0.0;0.0;0.0;0.0;0.0;0.0;0.19607843137254902;0.9607843137254902;0.9607843137254902;0.1607843137254902;0.0;0.0;0.0;0.0;0.0;0.0;0.0;0.16862745098039217;0.9921568627450981;0.6352941176470588;0.0;0.01568627450980392;0.07450980392156863;0.07450980392156863;0.047058823529411764;0.0;0.0;0.0;0.0;0.0;0.0;0.0;0.0;0.0;0.6941176470588235;0.9921568627450981;0.6627450980392157;0.0;0.0;0.0;0.0;0.0;0.0;0.0;0.0;0.5019607843137255;0.9921568627450981;0.7607843137254902;0.3607843137254902;0.7450980392156863;0.9921568627450981;0.9921568627450981;0.7607843137254902;0.0;0.0;0.0;0.0;0.0;0.0;0.0;0.0;0.0;0.9254901960784314;0.996078431372549;0.21176470588235294;0.0;0.0;0.0;0.1450980392156863;0.28627450980392155;0.28627450980392155;0.38823529411764707;0.7137254901960784;0.996078431372549;0.996078431372549;0.996078431372549;1.0;0.996078431372549;0.996078431372549;0.996078431372549;0.996078431372549;0.0;0.0;0.0;0.0;0.0;0.0;0.0;0.0;0.34509803921568627;0.9882352941176471;0.9411764705882353;0.3058823529411765;0.47058823529411764;0.9254901960784314;0.9215686274509803;0.9568627450980393;0.9921568627450981;0.9921568627450981;0.996078431372549;0.9921568627450981;0.9921568627450981;0.9921568627450981;0.9921568627450981;0.996078431372549;0.9921568627450981;0.9921568627450981;0.8235294117647058;0.4;0.0;0.0;0.0;0.0;0.0;0.0;0.0;0.0;0.6392156862745098;0.9921568627450981;0.9921568627450981;0.9921568627450981;0.9921568627450981;0.996078431372549;0.9921568627450981;0.9921568627450981;0.9921568627450981;0.9921568627450981;0.9019607843137255;0.8470588235294118;0.9725490196078431;0.9921568627450981;0.5058823529411764;0.1411764705882353;0.1411764705882353;0.1411764705882353;0.03137254901960784;0.0;0.0;0.0;0.0;0.0;0.0;0.0;0.0;0.0;0.7647058823529411;0.9921568627450981;0.9921568627450981;0.9921568627450981;0.9921568627450981;0.996078431372549;0.8745098039215686;0.38823529411764707;0.21176470588235294;0.21176470588235294;0.0784313725490196;0.0;0.4235294117647059;0.9607843137254902;0.1607843137254902;0.0;0.0;0.0;0.0;0.0;0.0;0.0;0.0;0.0;0.0;0.0;0.0;0.0;0.1843137254901961;0.5333333333333333;0.4627450980392157;0.6078431372549019;0.2823529411764706;0.2823529411764706;0.12156862745098039;0.0;0.0;0.0;0.0;0.0;0.043137254901960784;0.2627450980392157;0.0;0.0;0.0;0.0;0.0;0.0;0.0;0.0;0.0;0.0;0.0;0.0;0.0;0.0;0.0;0.0;0.0;0.0;0.0;0.0;0.0;0.0;0.0;0.0;0.0;0.0;0.0;0.0;0.0;0.0;0.0;0.0;0.0;0.0;0.0;0.0;0.0;0.0;0.0;0.0;0.0;0.0;0.0;0.0;0.0;0.0;0.0;0.0;0.0;0.0;0.0;0.0;0.0;0.0;0.0;0.0;0.0;0.0;0.0;0.0;0.0;0.0;0.0;0.0;0.0;0.0;0.0;0.0;0.0;0.0;0.0;0.0;0.0;0.0;0.0;0.0;0.0;0.0;0.0;0.0;0.0;0.0;0.0;0.0;0.0;0.0;0.0;0.0;0.0;0.0;0.0;0.0;0.0;0.0;0.0;0.0;0.0;0.0;0.0;0.0;0.0;0.0;0.0;0.0;0.0;0.0;0.0;0.0;0.0;0.0;0.0;0.0;0.0;0.0;0.0;0.0;0.0;0.0;0.0;0.0;0.0;0.0;0.0;0.0;0.0;0.0;0.0;0.0;0.0;0.0;0.0;0.0;0.0;0.0;0.0;0.0;0.0;0.0;0.0;0.0;0.0;0.0;0.0;0.0;0.0;0.0;0.0;0.0;0.0;0.0;0.0;0.0;0.0;0.0;0.0;0.0;0.0;0.0;0.0;0.0;0.0;0.0;0.0;0.0;0.0;0.0;0.0;0.0;0.0;0.0;0.0;0.0;0.0;0.0;0.0;0.0;0.0;0.0;0.0;0.0;0.0;0.0;0.0;0.0;0.0;0.0;0.0;0.0;0.0;0.0;0.0;0.0;0.0;0.0;0.0;0.0;0.0;0.0;0.0;0.0;0.0;0.0;0.0;0.0;0.0;0.0;0.0;0.0;0.0;0.0;0.0;0.0;0.0;0.0;0.0;0.0;0.0;0.0;0.0;0.0;0.0;0.0;0.0;0.0;0.0;0.0;0.0;0.0;0.0;0.0;0.0;0.0;0.0;0.0;0.0;0.0;0.0;0.0;0.0;0.0;0.0;0.0;0.0;0.0;0.0;0.0;0.0;0.0;0.0;0.0;0.0;0.0;0.0;0.0;0.0;0.0;0.0;0.0;0.0;0.0;0.0,0.005873732,0.0,0.0,0.0,,,,,,,,,,,,,,,,,,,,,,,,,,,,,,,,,,
284,INFEASIBLE,certified_no_adversarial_example,feasibility,false,false,false,false,,,,0.924618938,0.026766061782836914,0.0,0.0,0.882259947,0.5565868280000001,0.394189426,0.3801405429840088,0.488070521,0.32567311899999984,0.039346243,9626,217,217,0,4014,0,1565,650,3180,6864,0,0,3,4804,4675,129,3180,1495,0,1826,129,1301,4824,,572,0,
285,INFEASIBLE,certified_no_adversarial_example,feasibility,false,false,false,false,,,,0.850030759,0.029738664627075195,0.0,0.0,0.803800319,0.496137306,0.336856583,0.3219606876373291,0.46694373600000005,0.30766301300000004,0.043168419,9626,224,224,0,4050,0,1561,661,3130,6791,0,0,3,4804,4667,137,3130,1537,0,1846,140,1340,4892,,519,0,
286,INFEASIBLE,certified_no_adversarial_example,feasibility,false,false,false,false,,,,0.863596077,0.03613138198852539,0.0,0.0,0.811217568,0.518623246,0.35426246799999994,0.33777856826782227,0.45695510000000006,0.292594322,0.049308082,9626,240,240,0,4055,0,1552,663,3116,6589,0,0,3,4804,4664,140,3116,1548,0,1851,142,1350,4910,,613,0,
287,INFEASIBLE,certified_no_adversarial_example,feasibility,false,false,false,false,,,,0.692070985,0.03275656700134277,0.0,0.0,0.644340942,0.387726293,0.24369578900000005,0.23102807998657227,0.400645153,0.25661464900000003,0.04468893,9626,176,176,0,4042,0,1584,654,3170,4514,0,0,3,4804,4694,110,3170,1524,0,1791,112,1230,4700,,644,0,
288,INFEASIBLE,certified_no_adversarial_example,feasibility,false,false,false,false,,,,0.753280724,0.02492547035217285,0.0,0.0,0.713033262,0.41760797399999994,0.279110242,0.2652432918548584,0.43392301999999994,0.295425288,0.037197914,9626,209,209,0,4056,0,1571,678,3112,4074,0,0,3,4804,4680,124,3112,1568,0,1819,126,1286,4798,,492,0,
289,INFEASIBLE,certified_no_adversarial_example,feasibility,false,false,false,false,,,,0.515753769,0.016043663024902344,0.0,0.0,0.487750605,0.237105648,0.126484575,0.11686992645263672,0.36126603,0.250644957,0.024970748,9626,116,116,0,3990,0,1619,651,3250,1681,0,0,3,4804,4744,60,3250,1494,0,1688,60,1025,4341,,463,0,
290,INFEASIBLE,certified_no_adversarial_example,feasibility,false,false,false,false,,,,0.793526853,0.028017282485961914,0.0,0.0,0.750188707,0.457527181,0.318084316,0.30458688735961914,0.432104391,0.29266152599999995,0.040300932,9626,206,206,0,4025,0,1573,676,3146,5396,0,0,3,4804,4680,124,3146,1534,0,1819,126,1286,4798,,465,0,
291,OPTIMAL,adversarial_example_found_or_best_known,feasibility,true,true,true,true,2.0872192862952943e-14,-13.549148756735889;-19.99812606906189;-11.819771816756925;-8.652663617400158;1.0295779672801966;-1.8384418400159221;-1.872195554207801;-12.910812785606915;1.0295779672801757;-2.1203966947235253,0.1;0.0;0.1;0.1;0.1;0.0;0.1;0.1;0.1;0.1;0.1;0.0;0.0;0.1;0.1;0.0;0.0;0.0;0.1;0.0;0.0;0.1;0.1;0.0;0.0;0.0;0.0;0.1;0.1;0.0;0.0;0.0;0.0;0.1;0.0;0.0;0.0;0.0;0.1;0.1;0.1;0.1;0.1;0.0;0.1;0.1;0.1;0.1;0.1;0.1;0.0;0.1;0.0;0.0;0.0;0.1;0.1;0.0;0.0;0.1;0.1;0.1;0.0;0.1;0.1;0.0;0.0;0.1;0.1;0.1;0.1;0.0;0.0;0.0;0.1;0.0;0.1;0.1;0.1;0.1;0.1;0.0;0.0;0.1;0.0;0.0;0.0;0.0;0.1;0.1;0.0;0.1;0.0;0.0;0.0;0.1;0.1;0.0;0.1;0.0;0.0;0.0;0.1;0.0;0.1;0.1;0.0;0.1;0.0;0.0;0.0;0.0;0.0;0.0;0.0;0.1;0.1;0.1;0.0;0.1;0.1;0.0;0.0;0.1;0.1;0.1;0.1;0.0;0.0;0.1;0.1;0.1;0.1;0.0;0.1;0.1;0.0;0.0;0.0;0.1;0.0;0.1;0.0;0.1;0.1;0.1;0.0;0.1;0.0;0.1;0.1;0.1;0.1;0.1;0.1;0.0;0.0;0.0;0.1;0.1;0.0;0.0;0.0;0.1;0.0;0.1;0.0;0.0;0.1;0.0;0.0;0.0;0.1;0.1;0.1;0.1;0.1;0.0;0.0;0.1;0.10135398373652114;0.5392156862745098;0.3392156862745098;0.3392156862745098;0.10391339919065254;0.1;0.1;0.0;0.0;0.0;0.0;0.0;0.0;0.0;0.0;0.0;0.1;0.0;0.1;0.0;0.1;0.1;0.1;0.0;0.0;0.0;0.04901960784313725;0.5189712722221558;0.8755487329522207;0.8921568627450981;0.8921568627450981;0.8921568627450981;0.3784313725490196;0.1;0.035324241378622404;0.1;0.0;0.0;0.1;0.0;0.0;0.0;0.0;0.0;0.0;0.0;0.0;0.0;0.0;0.1;0.1;0.1;0.09821641995753815;0.7470588235294118;1.0;1.0;0.9488235696757936;1.0;1.0;0.8921568627450981;0.4411764705882353;0.1;0.1;0.1;0.1;0.0;0.0;0.0;0.0;0.1;0.1;0.0;0.0;0.0;0.0;0.0;0.0;0.0;0.0;0.4647058823529412;1.0;1.0;0.8921568627450981;0.7862745098039216;0.7130320934648694;0.7787566347436645;0.8921568627450981;1.0;0.369370909496444;0.0;0.0;0.0;0.0;0.1;0.0;0.09708055059831501;0.05367545284718488;0.1;0.0;0.0;0.0;0.0;0.0;0.1;0.0;0.0;0.6607843137254902;0.884313725490196;1.0;0.7627450980392158;0.5784313725490197;0.12352941176470589;0.09312752066824913;0.6176470588235294;0.8921568627450981;0.696078431372549;0.09804437254649435;0.1;0.1;0.1;0.0;0.1;0.1;0.1;0.1;0.1;0.1;0.0;0.1;0.1;0.0;0.1;0.009449739952178588;0.9235294117647058;0.8882352941176471;1.0;0.8796931696628486;0.1044071699229514;0.1;0.1;0.21613217623843803;0.8568627450980393;0.8921568627450981;0.7906470292958725;0.1;0.0;0.1;0.0;0.1;0.0;0.1;0.0;0.1;0.1;0.1;0.0;0.0;0.1;0.0;0.1;0.09639244698304213;0.8960784313725491;1.0;0.6254901960784314;0.3196078431372549;0.0;0.0;0.0;0.3549019607843137;0.8921568627450981;1.0;1.0;0.692156862745098;0.8019607843137254;0.38235294117647056;0.38235294117647056;0.10301691013745808;0.1;0.1;0.1;0.1;0.1;0.1;0.0;0.1;0.1;0.0;0.1;0.0;0.6411764705882353;0.43359987024107643;0.10416230495041841;0.0;0.0;0.07931899641280529;0.292156862745098;1.0;1.0;0.925291787669798;0.8921568627450981;0.8921568627450981;1.0;1.0;1.0;0.8730386410304485;0.3786584582068729;0.1;0.1;0.08860293219399179;0.1;0.1;0.1;0.0;0.1;0.0;0.0;0.1;0.0;0.0;0.1;0.0;0.307843137254902;0.8411764705882353;1.0;1.0;0.8921568627450981;1.0;0.9196078431372549;0.3549019607843137;0.1549019607843137;0.1549019607843137;0.41764705882352937;0.8058823529411765;0.8725490196078431;0.6137254901960785;0.005882352941176464;0.1;0.1;0.1;0.0;0.0;0.0;0.0;0.1;0.0;0.1;0.1;0.1;0.42193367540862364;1.0;1.0;0.9830351162070078;0.8910451435803223;1.0;1.0;0.907843137254902;0.0;0.0;0.0;0.0;0.3901960784313725;1.0;0.8921568627450981;0.4647058823529412;0.10147509059280412;0.1;0.1;0.0;0.0;0.0;0.0;0.1;0.09773143047166985;0.0;0.09829468227341419;0.49607843137254903;0.8725490196078431;0.8921568627450981;1.0;0.48039215686274506;0.04901960784313725;0.7549019607843137;1.0;1.0;0.27254901960784317;0.1;0.0;0.1;0.094045635808553;0.13529411764705881;0.8921568627450981;0.8921568627450981;0.6030636677449616;0.1;0.1;0.0;0.0;0.0;0.0;0.1;0.1;0.1;0.1;0.8450980392156863;0.8921568627450981;0.483065896194885;0.27330926659462823;0.0;0.0;0.32774589345314586;0.8774651724040627;0.8921568627450981;0.8742569932705035;0.7666666666666666;0.4254901960784314;0.10227221981628905;0.1;0.10347366402636511;0.6725490196078432;0.8921568627450981;1.0;0.1;0.1;0.1;0.0;0.1;0.1;0.0;0.1;0.0;0.09708654764076138;1.0;0.8921568627450981;0.0;0.0;0.0;0.0;0.1;0.41625544654532204;0.9941176470588236;0.8921568627450981;0.8921568627450981;1.0;1.0;0.5392156862745098;0.7666666666666666;0.8921568627450981;0.8921568627450981;0.8921568627450981;0.1;0.1;0.0;0.1;0.0;0.1;0.1;0.08890596644213795;0.0;0.0;1.0;0.6372549019607844;0.1326210274522531;0.0;0.0;0.0;0.1;0.0;0.13353730630340263;0.502536963391794;0.7984913034347765;0.8790529721277636;0.8921568627450981;1.0;0.8921568627450981;1.0;0.9031235659119773;0.6034493505608373;0.1;0.1;0.0;0.1;0.0;0.0;0.1;0.0;0.1;0.0;0.7078431372549019;0.2814424228721043;0.1;0.1;0.0;0.0;0.1;0.1;0.0;0.0;0.0;0.37450980392156863;0.5078431372549019;0.307843137254902;0.5078431372549019;0.5078431372549019;0.307843137254902;0.30000000000000004;0.1;0.1;0.0;0.1;0.1;0.05389543843414565;0.0;0.06744943828631643;0.0;0.0;0.1;0.0;0.1;0.0;0.1;0.0;0.1;0.0;0.0;0.1;0.0;0.1;0.1;0.0;0.0;0.0;0.0;0.0;0.1;0.0;0.1;0.1;0.1;0.0;0.0;0.1;0.0;0.0;0.1;0.1;0.1;0.1;0.1;0.0;0.1;0.1;0.0;0.0;0.0;0.0;0.1;0.1;0.0;0.0;0.1;0.0;0.1;0.1;0.0;0.0;0.1;0.1;0.1;0.1;0.0;0.07022125812676636;0.0;0.1;0.1;0.1;0.1;0.0;0.1;0.1;0.0;0.1;0.0;0.06916068666930722;0.1;0.0;0.0;0.1;0.0;0.1;0.0;0.1;0.0;0.1;0.1;0.1;0.1;0.0;0.0;0.0;0.1;0.0;0.1;0.1;0.1;0.0;0.1;0.1;0.0;0.0;0.0;0.0;0.1;0.1;0.0;0.0;0.0;0.1;0.0;0.0;0.0;0.1;0.1;0.1;0.0;0.0;0.0;0.1;0.0;0.1;0.0;0.1;0.1;0.1;0.1;0.1;0.1;0.0;0.0;0.1;0.1;0.1;0.1;0.1;0.0;0.1;0.0;0.0;0.1;0.1;0.1;0.1;0.0;0.0;0.0;0.1;0.1;0.1;0.1;0.1;0.1;0.1;0.1;0.0;0.0;0.0;0.0;0.0;0.1;0.1;0.0;0.0;0.0;0.0;0.0;0.0;0.0;0.0;0.0;0.0;0.0;0.0;0.1;0.0;0.0;0.1;0.0;0.1;0.1;0.0;0.1;0.1;0.1;0.0;0.1;0.1;0.1;0.0;0.1;0.1;0.1;0.0;0.0;0.1;0.0,1.931291959,1.1854712963104248,0.0,0.0,0.727410066,0.443668587,0.286122992,0.27307891845703125,0.441287074,0.283741479,1.197449364,9626,185,185,0,4073,0,1581,695,3092,5879,0,0,3,4804,4689,115,3092,1597,0,1803,119,1254,4741,1,12683,,0.0
292,INFEASIBLE,certified_no_adversarial_example,feasibility,false,false,false,false,,,,0.860693043,0.04081296920776367,0.0,0.0,0.795385116,0.511153524,0.35282019200000003,0.3376648426055908,0.4425649239999999,0.2842315919999999,0.062251676,9626,232,232,0,4075,0,1558,672,3089,6707,0,0,3,4804,4656,148,3089,1567,0,1868,151,1384,4969,,648,0,
293,INFEASIBLE,certified_no_adversarial_example,feasibility,false,false,false,false,,,,0.631171662,0.021379709243774414,0.0,0.0,0.596468752,0.2896599,0.16916959399999998,0.15832924842834473,0.42729915800000007,0.306808852,0.031624799,9626,138,138,0,4042,0,1607,692,3147,2688,0,0,3,4804,4724,80,3147,1577,0,1731,82,1110,4490,,482,0,
294,INFEASIBLE,certified_no_adversarial_example,feasibility,false,false,false,false,,,,1.038698355,0.0247037410736084,0.0,0.0,0.999798685,0.7349278189999999,0.25846246200000006,0.24631786346435547,0.741336223,0.2648708660000001,0.035857016,9626,169,169,0,4057,0,1592,675,3133,4614,0,0,3,4804,4703,101,3133,1570,0,1770,101,1189,4628,,586,0,
295,INFEASIBLE,certified_no_adversarial_example,feasibility,false,false,false,false,,,,0.90971379,0.039891719818115234,0.0,0.0,0.852294662,0.558229149,0.37314665699999994,0.35762882232666016,0.4791480050000001,0.29406551300000006,0.054344974,9626,245,245,0,4067,0,1551,681,3082,7119,0,0,3,4804,4652,152,3082,1570,0,1876,155,1400,4997,,634,0,
296,INFEASIBLE,certified_no_adversarial_example,feasibility,false,false,false,false,,,,0.828605257,0.04035019874572754,0.0,0.0,0.772488464,0.48692387600000003,0.31744814200000004,0.30357980728149414,0.455040322,0.285564588,0.053073549,9626,218,218,0,4036,0,1567,671,3134,5244,0,0,3,4804,4678,126,3134,1544,0,1820,126,1289,4803,,699,0,
297,INFEASIBLE,certified_no_adversarial_example,feasibility,false,false,false,false,,,,0.849273769,0.023926496505737305,0.0,0.0,0.809733332,0.5240887060000001,0.32215844099999996,0.30835652351379395,0.487574891,0.28564462599999985,0.036501499,9626,198,198,0,4116,0,1575,716,3021,5676,0,0,3,4804,4678,126,3021,1657,0,1823,128,1294,4812,,538,0,
298,INFEASIBLE,certified_no_adversarial_example,feasibility,false,false,false,false,,,,1.020489223,0.050688743591308594,0.0,0.0,0.951858982,0.656368829,0.4459739449999999,0.4291672706604004,0.5058850370000001,0.2954901529999999,0.065593427,9626,283,283,0,4080,0,1533,687,3043,7495,0,0,3,4804,4631,173,3043,1588,0,1914,173,1477,5132,,761,0,
299,INFEASIBLE,certified_no_adversarial_example,feasibility,false,false,false,false,,,,0.897017451,0.029088497161865234,0.0,0.0,0.851269857,0.562895713,0.38065581400000004,0.3659653663635254,0.470614043,0.28837414400000005,0.0426681,9626,220,220,0,4086,0,1563,682,3075,7442,0,0,3,4804,4653,151,3075,1578,0,1873,153,1394,4987,,548,0,
300,INFEASIBLE,certified_no_adversarial_example,feasibility,false,false,false,false,,,,0.871088472,0.03252983093261719,0.0,0.0,0.813659396,0.527902325,0.370494454,0.35590529441833496,0.44316494200000006,0.28575707100000003,0.054388264,9626,222,222,0,4055,0,1559,666,3124,7060,0,0,3,4804,4678,126,3124,1554,0,1820,126,1289,4803,,618,0,
301,INFEASIBLE,certified_no_adversarial_example,feasibility,false,false,false,false,,,,0.780654649,0.04488873481750488,0.0,0.0,0.720517885,0.44147333499999997,0.2927340750000001,0.2798025608062744,0.42778380999999993,0.27904455000000006,0.057082227,9626,188,188,0,4019,0,1581,654,3184,5664,0,0,3,4804,4691,113,3184,1507,0,1801,119,1250,4733,,688,0,
302,INFEASIBLE,certified_no_adversarial_example,feasibility,false,false,false,false,,,,0.777669833,0.036218881607055664,0.0,0.0,0.726329953,0.446623604,0.29087575100000007,0.278095006942749,0.43545420199999996,0.279706349,0.048282508,9626,180,180,0,4066,0,1585,659,3136,5903,0,0,3,4804,4685,119,3136,1549,0,1809,121,1266,4763,,671,0,
303,INFEASIBLE,certified_no_adversarial_example,feasibility,false,false,false,false,,,,0.640426533,0.018639802932739258,0.0,0.0,0.60832275,0.363532209,0.219345544,0.20809507369995117,0.388977206,0.24479054100000003,0.029064447,9626,151,151,0,3992,0,1598,651,3234,4059,0,0,3,4804,4722,82,3234,1488,0,1732,82,1113,4495,,450,0,
304,INFEASIBLE,certified_no_adversarial_example,feasibility,false,false,false,false,,,,1.019412984,0.0405728816986084,0.0,0.0,0.961345476,0.663192155,0.4855631549999999,0.4697694778442383,0.47578232100000006,0.298153321,0.054843064,9626,255,255,0,4027,0,1548,666,3130,8438,0,0,3,4804,4648,156,3130,1518,0,1886,161,1420,5031,,611,0,
305,INFEASIBLE,certified_no_adversarial_example,feasibility,false,false,false,false,,,,0.763501486,0.028910398483276367,0.0,0.0,0.719395961,0.43904168,0.28101201099999995,0.2676830291748047,0.4383839500000001,0.28035428100000004,0.041077759,9626,197,197,0,4042,0,1577,672,3138,5483,0,0,3,4804,4688,116,3138,1550,0,1803,118,1254,4742,,537,0,
306,INFEASIBLE,certified_no_adversarial_example,feasibility,false,false,false,false,,,,0.895676428,0.027918100357055664,0.0,0.0,0.851230646,0.493865274,0.34491377200000006,0.33011960983276367,0.5063168739999999,0.35736537199999996,0.041400963,9626,223,223,0,4091,0,1563,716,3033,6966,0,0,3,4804,4660,144,3033,1627,0,1860,147,1368,4941,,497,0,
307,INFEASIBLE,certified_no_adversarial_example,feasibility,false,false,false,false,,,,1.156260665,0.043717145919799805,0.0,0.0,1.096239156,0.8198942480000001,0.327375389,0.31371498107910156,0.768863767,0.2763449079999999,0.056910046,9626,203,203,0,4047,0,1573,659,3144,6639,0,0,3,4804,4667,137,3144,1523,0,1846,140,1340,4892,,750,0,
308,INFEASIBLE,certified_no_adversarial_example,feasibility,false,false,false,false,,,,0.753432547,0.029995441436767578,0.0,0.0,0.70796168,0.437338871,0.278684023,0.26589155197143555,0.42927765700000003,0.270622809,0.042417943,9626,174,174,0,4034,0,1589,662,3167,6194,0,0,3,4804,4693,111,3167,1526,0,1793,113,1234,4707,,586,0,
309,INFEASIBLE,certified_no_adversarial_example,feasibility,false,false,false,false,,,,0.8231512,0.03854036331176758,0.0,0.0,0.768614138,0.48438277,0.31272487299999996,0.29920101165771484,0.45588926500000004,0.284231368,0.051487847,9626,196,196,0,4062,0,1575,668,3125,5844,0,0,3,4804,4682,122,3125,1557,0,1815,124,1278,4784,,655,0,
310,INFEASIBLE,certified_no_adversarial_example,feasibility,false,false,false,false,,,,0.87003192,0.03523397445678711,0.0,0.0,0.818882636,0.48358943499999996,0.32446499799999995,0.30997776985168457,0.49441763800000005,0.33529320100000004,0.048120726,9626,233,233,0,4024,0,1558,675,3136,5419,0,0,3,4804,4670,134,3136,1534,0,1839,136,1326,4868,,561,0,
311,INFEASIBLE,certified_no_adversarial_example,feasibility,false,false,false,false,,,,0.845968667,0.0466456413269043,0.0,0.0,0.783482803,0.48582939799999997,0.315536963,0.3003575801849365,0.46794583999999995,0.297653405,0.059443959,9626,246,246,0,4021,0,1549,655,3155,5247,0,0,3,4804,4679,125,3155,1524,0,1823,129,1294,4811,,734,0,
312,INFEASIBLE,certified_no_adversarial_example,feasibility,false,false,false,false,,,,0.775193348,0.023880720138549805,0.0,0.0,0.736452484,0.43860210499999996,0.291885891,0.27883362770080566,0.44456659299999995,0.297850379,0.035687108,9626,185,185,0,4142,0,1580,707,3012,5073,0,0,3,4804,4694,110,3012,1682,0,1791,112,1230,4700,,525,0,
313,INFEASIBLE,certified_no_adversarial_example,feasibility,false,false,false,false,,,,0.872917374,0.037702322006225586,0.0,0.0,0.818290405,0.517108946,0.35224135600000006,0.33748912811279297,0.466049049,0.30118145900000004,0.051582031,9626,225,225,0,4086,0,1563,676,3076,6791,0,0,3,4804,4654,150,3076,1578,0,1873,154,1394,4986,,600,0,
314,INFEASIBLE,certified_no_adversarial_example,feasibility,false,false,false,false,,,,0.912991587,0.039571523666381836,0.0,0.0,0.846718278,0.557796686,0.39195849500000013,0.37598729133605957,0.45475978299999986,0.288921592,0.063214298,9626,252,252,0,4063,0,1547,687,3077,7284,0,0,3,4804,4649,155,3077,1572,0,1878,155,1405,5006,,699,0,
315,INFEASIBLE,certified_no_adversarial_example,feasibility,false,false,false,false,,,,0.554839829,0.020728349685668945,0.0,0.0,0.521416042,0.272950766,0.152956835,0.14263153076171875,0.368459207,0.248465276,0.030340771,9626,139,139,0,3982,0,1605,651,3249,1998,0,0,3,4804,4740,64,3249,1491,0,1699,66,1046,4378,,485,0,
316,INFEASIBLE,certified_no_adversarial_example,feasibility,false,false,false,false,,,,0.775383991,0.02729344367980957,0.0,0.0,0.732802275,0.44969034500000005,0.2984964029999999,0.28462910652160645,0.43430587200000004,0.2831119299999999,0.039551468,9626,211,211,0,4073,0,1564,667,3111,5664,0,0,3,4804,4684,120,3111,1573,0,1813,124,1274,4776,,517,0,
317,INFEASIBLE,certified_no_adversarial_example,feasibility,false,false,false,false,,,,0.812321913,0.04950070381164551,0.0,0.0,0.747454585,0.471546735,0.308231644,0.29413628578186035,0.4392229409999999,0.27590784999999995,0.061802576,9626,216,216,0,4035,0,1565,642,3168,5650,0,0,3,4804,4678,126,3168,1510,0,1823,128,1294,4812,,809,0,
318,INFEASIBLE,certified_no_adversarial_example,feasibility,false,false,false,false,,,,0.73129854,0.02614283561706543,0.0,0.0,0.6907287,0.43191736399999997,0.24446705399999996,0.23158597946166992,0.446261646,0.258811336,0.037514092,9626,188,188,0,4032,0,1577,645,3184,4241,0,0,3,4804,4699,105,3184,1515,0,1778,105,1205,4656,,584,0,
319,INFEASIBLE,certified_no_adversarial_example,feasibility,false,false,false,false,,,,1.512206206,0.23952484130859375,0.0,0.0,1.254756504,0.622189255,0.44921106899999985,0.4330427646636963,0.8055454350000001,0.6325672489999999,0.254100146,9626,248,248,0,4094,0,1547,690,3047,8638,0,0,3,4804,4637,167,3047,1590,0,1905,169,1458,5099,,960,0,
320,INFEASIBLE,certified_no_adversarial_example,feasibility,false,false,false,false,,,,0.96573971,0.048027753829956055,0.0,0.0,0.899444921,0.596703394,0.40322646000000006,0.38675808906555176,0.4962184609999999,0.3027415269999999,0.063238909,9626,254,254,0,4085,0,1546,688,3053,7723,0,0,3,4804,4641,163,3053,1588,0,1898,166,1444,5074,,669,0,
321,OPTIMAL,adversarial_example_found_or_best_known,feasibility,true,true,true,true,-8.881784197001252e-16,-9.47681190061098;-1.8945759868865535;-3.5046275450405;-3.1637531620233847;-5.805368053183384;-7.092215042801471;-15.66055840386246;0.042360968374962726;-0.31678009082316627;0.042360968374963615,0.1;0.0;0.0;0.1;0.1;0.0;0.0;0.0;0.0;0.1;0.1;0.0;0.0;0.1;0.1;0.0;0.0;0.0;0.0;0.1;0.1;0.1;0.1;0.1;0.1;0.1;0.1;0.1;0.1;0.0;0.0;0.1;0.0;0.0;0.0;0.0;0.0;0.1;0.0;0.0;0.0;0.0;0.1;0.1;0.1;0.1;0.1;0.1;0.1;0.1;0.1;0.1;0.1;0.1;0.1;0.0;0.1;0.0;0.0;0.1;0.1;0.0;0.0;0.0;0.0;0.1;0.1;0.0;0.0;0.1;0.1;0.0;0.0;0.0;0.0;0.1;0.1;0.1;0.1;0.0;0.1;0.1;0.1;0.0;0.1;0.0;0.0;0.1;0.0;0.0;0.1;0.0;0.0;0.1;0.0;0.0;0.1;0.0;0.0;0.0;0.1;0.0;0.1;0.0;0.0;0.0;0.1;0.0;0.0429256599374361;0.1;0.1;0.0;0.1;0.0;0.0;0.1;0.1;0.0;0.0;0.1;0.1;0.1;0.1;0.0;0.0;0.0;0.0;0.0;0.1;0.0;0.0;0.1;0.1;0.0;0.0;0.0;0.0;0.1;0.1;0.0;0.1;0.0;0.0;0.0;0.0;0.1;0.06928675405578957;0.1;0.0;0.1;0.0;0.0;0.1;0.1;0.1;0.0;0.0;0.0;0.0;0.0;0.0;0.0;0.0;0.0;0.0;0.0;0.1;0.0;0.1;0.0;0.0;0.0;0.0;0.1;0.1;0.1;0.1;0.1;0.1;0.0;0.0;0.1;0.1;0.1;0.0;0.0;0.0;0.0;0.1;0.0;0.0;0.1;0.1;0.1;0.1;0.0;0.0;0.0;0.1;0.0;0.1;0.0;0.1;0.0;0.1;0.1;0.0;0.0;0.0;0.1;0.1;0.1;0.0;0.1;0.1;0.1;0.1;0.0;0.0;0.1;0.1;0.1;0.1;0.1;0.1;0.0;0.1;0.0;0.0;0.1;0.1;0.1;0.1;0.1;0.1;0.0;0.0;0.1;0.1;0.1;0.1;0.0;0.0;0.0;0.0;0.0;0.0;0.1;0.1;0.0;0.0;0.0;0.0;0.0;0.1;0.0;0.1;0.0;0.1;0.0;0.1;0.1;0.0;0.0;0.0;0.0;0.1;0.0;0.0;0.1;0.1;0.1;0.0;0.1;0.0;0.0;0.0;0.0;0.1;0.0;0.0;0.0;0.0;0.0;0.0;0.0;0.0;0.19803921568627453;0.19019607843137254;0.1;0.1;0.0;0.0;0.0;0.0;0.0;0.0;0.1;0.0;0.1;0.1;0.1;0.1;0.1;0.1;0.0;0.0;0.1;0.0;0.0;0.0;0.1;0.0;0.0;0.307843137254902;0.7823529411764706;1.0;0.5941176470588235;0.23725490196078433;0.1980392156862745;0.0;0.1;0.0;0.0;0.0;0.0;0.1;0.0;0.0;0.0;0.1;0.1;0.1;0.1;0.1;0.1;0.0;0.0;0.0;0.1;0.1;0.0;0.5078431372549019;0.8960784313725491;1.0;1.0;0.8960784313725491;0.8921568627450981;0.2215686274509804;0.0;0.0;0.0;0.0;0.1;0.0;0.0607843137254902;0.26078431372549027;0.2607843137254902;0.2560151976165902;0.0607843137254902;0.0;0.0;0.1;0.1;0.0;0.0;0.0;0.1;0.0;0.1;0.6568627450980392;1.0;0.38235294117647056;0.3666666666666667;0.8767159153571609;0.8960784313725491;0.40980392156862744;0.1;0.0;0.17450980392156862;0.4764705882352941;0.5705882352941176;0.9705882352941176;1.0;0.9;1.0;1.0;1.0;0.8749586773246175;0.1823529411764706;0.1;0.0;0.0;0.0;0.0;0.1;0.1;0.0;0.515686274509804;0.8960784313725491;0.44509803921568625;0.1;0.48039215686274506;0.8960784313725491;0.8921568627450981;1.0;1.0;0.884313725490196;1.0;1.0;1.0;0.8960784313725491;1.0;0.8960784313725491;0.8960784313725491;0.8960784313725491;0.9776485793748146;0.884313725490196;0.1;0.1;0.1;0.0;0.1;0.1;0.1;0.0;0.19411764705882353;0.8960784313725491;0.9745098039215686;0.20980392156862746;0.7862745098039216;0.8960784313725491;1.0;0.8960784313725491;0.8960784313725491;0.8960784313725491;0.8873995176866204;0.48431372549019613;0.1549019607843137;0.1365490639530488;0.296078431372549;0.296078431372549;0.10693831893945946;0.24969096676311142;0.8686274509803922;0.9533019744473258;0.1;0.0;0.1;0.0;0.1;0.1;0.1;0.0;0.04897979705164399;0.896078431372549;1.0;0.42156862745098045;0.9823529411764705;0.8686274509803922;0.6607843137254902;0.292156862745098;0.27254901960784317;0.1980392156862745;0.1;0.0;0.0;0.0;0.0;0.1;0.09791690181914041;0.0;0.6333333333333333;0.20980392156862746;0.0;0.0;0.1;0.0;0.1;0.0;0.1;0.1;0.0;0.1392156862745098;0.6450980392156862;1.0;0.8821211010509543;0.2686274509803922;0.1;0.0;0.1;0.1;0.1;0.1;0.1;0.1;0.1;0.1;0.0;0.1;0.0;0.0;0.0;0.0;0.1;0.0;0.06340113849107937;0.1;0.1;0.1;0.1;0.1;0.1;0.2176470588235294;0.2568627450980392;0.0;0.0;0.0;0.0;0.0;0.1;0.1;0.1;0.1;0.1;0.1;0.1;0.1;0.1;0.0;0.0;0.0;0.1;0.0;0.1;0.1;0.098251098219434;0.0;0.0;0.1;0.0;0.1;0.1;0.1;0.1;0.0;0.1;0.0;0.1;0.0;0.1;0.0;0.1;0.1;0.042847462801958926;0.1;0.0;0.1;0.1;0.1;0.1;0.1;0.1;0.1;0.1;0.0;0.0;0.1;0.1;0.1;0.1;0.1;0.1;0.0;0.0;0.0;0.0;0.1;0.1;0.0;0.1;0.1;0.1;0.1;0.1;0.0;0.0;0.0;0.1;0.1;0.1;0.1;0.1;0.0;0.0;0.0;0.0;0.1;0.1;0.0;0.1;0.0;0.1;0.0;0.1;0.1;0.1;0.0;0.0;0.0;0.0;0.0;0.1;0.0;0.1;0.1;0.1;0.1;0.1;0.1;0.1;0.0;0.0;0.0;0.1;0.1;0.1;0.0;0.1;0.0;0.0;0.0;0.0;0.1;0.1;0.0;0.0;0.0;0.1;0.0;0.0;0.0;0.0;0.1;0.1;0.0;0.1;0.1;0.1;0.0;0.1;0.0;0.1;0.1;0.06561955357718004;0.0;0.1;0.0;0.1;0.0;0.1;0.1;0.1;0.1;0.1;0.1;0.1;0.0;0.1;0.0;0.1;0.1;0.1;0.0;0.0;0.1;0.1;0.0;0.0;0.1;0.1;0.1;0.1;0.0;0.0;0.1;0.1;0.0;0.1;0.1;0.1;0.1;0.1;0.0;0.1;0.0;0.0;0.1;0.1;0.1;0.1;0.1;0.1;0.1;0.1;0.0;0.1;0.0;0.1;0.1;0.0;0.0;0.1;0.0;0.1;0.0;0.08847651350732204;0.1;0.0;0.0;0.1;0.0;0.1;0.0;0.1;0.0;0.1;0.0;0.1;0.1;0.1;0.1;0.1;0.0;0.0;0.1;0.1;0.1;0.1;0.0;0.0;0.1;0.1;0.1;0.1;0.1;0.1;0.0;0.0;0.0;0.1;0.0;0.1;0.1;0.1;0.1;0.0;0.0;0.1;0.0;0.0;0.1;0.1;0.0;0.0;0.0;0.1;0.0;0.1;0.1;0.0;0.1;0.0;0.1;0.0;0.1;0.1;0.0;0.1;0.0;0.1;0.1;0.1;0.1,20.882245839,20.273326635360718,0.0,0.0,0.591533369,0.32765837000000003,0.18873101399999997,0.17735815048217773,0.402802355,0.26387499899999994,20.284354684,9626,150,150,0,4008,0,1601,641,3226,3756,0,0,3,4804,4713,91,3226,1487,0,1754,94,1156,4570,509,310722,,0.0
322,SKIPPED_PREDICTED_IN_TARGETED,adversarial_example_found_or_best_known,feasibility,true,true,true,true,2.846903114660533,-7.913966580484432;-3.979934130716689;0.5674479509500268;-0.6403658549181954;-12.241826631904123;-8.083758444954368;-18.033394517332248;3.4143510656105596;-0.5432207726818382;-3.026330585529838,0.0;0.0;0.0;0.0;0.0;0.0;0.0;0.0;0.0;0.0;0.0;0.0;0.0;0.0;0.0;0.0;0.0;0.0;0.0;0.0;0.0;0.0;0.0;0.0;0.0;0.0;0.0;0.0;0.0;0.0;0.0;0.0;0.0;0.0;0.0;0.0;0.0;0.0;0.0;0.0;0.0;0.0;0.0;0.0;0.0;0.0;0.0;0.0;0.0;0.0;0.0;0.0;0.0;0.0;0.0;0.0;0.0;0.0;0.0;0.0;0.0;0.0;0.0;0.0;0.0;0.0;0.0;0.0;0.0;0.0;0.0;0.0;0.0;0.0;0.0;0.0;0.0;0.0;0.0;0.0;0.0;0.0;0.0;0.0;0.0;0.0;0.0;0.0;0.0;0.0;0.0;0.0;0.0;0.0;0.0;0.0;0.0;0.0;0.0;0.0;0.0;0.0;0.0;0.0;0.0;0.0;0.0;0.0;0.0;0.0;0.0;0.0;0.0;0.0;0.0;0.0;0.0;0.0;0.0;0.0;0.0;0.0;0.0;0.0;0.0;0.0;0.0;0.0;0.0;0.0;0.0;0.0;0.0;0.0;0.0;0.0;0.0;0.0;0.0;0.0;0.0;0.0;0.0;0.0;0.0;0.0;0.0;0.0;0.0;0.0;0.0;0.0;0.0;0.0;0.0;0.0;0.0;0.0;0.0;0.0;0.0;0.0;0.0;0.0;0.0;0.0;0.0;0.0;0.0;0.0;0.0;0.0;0.0;0.0;0.0;0.0;0.0;0.0;0.0;0.0;0.0;0.0;0.0;0.0;0.0;0.0;0.0;0.0;0.0;0.0;0.0;0.0;0.0;0.0;0.0;0.0;0.0;0.0;0.0;0.0;0.0;0.0;0.0;0.0;0.0;0.0392156862745098;0.0;0.0;0.0;0.0;0.0;0.0;0.0;0.0;0.0;0.0;0.0;0.0;0.0;0.0;0.0;0.0;0.0;0.0;0.0;0.0;0.0;0.0;0.0;0.0;0.0;0.0;0.35294117647058826;0.7411764705882353;0.0;0.0;0.0;0.0;0.0;0.0;0.0;0.0;0.0;0.0;0.0;0.0;0.0;0.0;0.0;0.0;0.0;0.0;0.0;0.0;0.0;0.0;0.0;0.0;0.0;0.3568627450980392;0.9529411764705882;0.7529411764705882;0.0;0.0;0.0;0.0;0.0;0.0;0.0;0.0;0.0;0.0;0.0;0.0;0.0;0.0;0.0;0.0;0.0;0.0;0.0;0.0;0.0;0.0;0.0;0.0;0.06274509803921569;0.8352941176470589;0.9882352941176471;0.26666666666666666;0.0;0.0;0.0;0.0;0.0;0.0;0.0;0.0;0.0;0.00392156862745098;0.32941176470588235;0.47843137254901963;0.6823529411764706;0.9058823529411765;0.5843137254901961;0.08235294117647059;0.0;0.0;0.0;0.0;0.0;0.0;0.0;0.0;0.20784313725490197;0.9882352941176471;0.9215686274509803;0.03529411764705882;0.0;0.0;0.0;0.0;0.0;0.0;0.0;0.0;0.1450980392156863;0.6196078431372549;0.9882352941176471;0.9882352941176471;0.9882352941176471;0.9882352941176471;0.9882352941176471;0.8196078431372549;0.0;0.0;0.0;0.0;0.0;0.0;0.0;0.0;0.5607843137254902;0.9882352941176471;0.6;0.0;0.0;0.0;0.0;0.0;0.0;0.0;0.043137254901960784;0.4196078431372549;0.9450980392156862;0.9882352941176471;0.9882352941176471;0.9882352941176471;0.5019607843137255;0.5725490196078431;0.9882352941176471;0.9882352941176471;0.0;0.0;0.0;0.0;0.0;0.0;0.0;0.0;0.5607843137254902;0.9882352941176471;0.41568627450980394;0.0;0.0;0.0;0.0;0.0;0.0;0.19215686274509805;0.6941176470588235;0.9882352941176471;0.9882352941176471;0.9882352941176471;0.611764705882353;0.12941176470588237;0.011764705882352941;0.17647058823529413;0.9882352941176471;0.8;0.0;0.0;0.0;0.0;0.0;0.0;0.0;0.0;0.996078431372549;0.9921568627450981;0.17254901960784313;0.0;0.0;0.0;0.00784313725490196;0.396078431372549;0.6941176470588235;0.9921568627450981;1.0;0.9607843137254902;0.5058823529411764;0.20784313725490197;0.0;0.0;0.027450980392156862;0.8235294117647058;0.9921568627450981;0.3176470588235294;0.0;0.0;0.0;0.0;0.0;0.0;0.0;0.0;0.9921568627450981;0.807843137254902;0.050980392156862744;0.0;0.0;0.20784313725490197;0.4823529411764706;0.9882352941176471;0.9882352941176471;0.9882352941176471;0.7333333333333333;0.35294117647058826;0.0;0.0;0.0;0.0;0.34901960784313724;0.9450980392156862;0.596078431372549;0.0392156862745098;0.0;0.0;0.0;0.0;0.0;0.0;0.0;0.0;0.9921568627450981;0.8313725490196079;0.06666666666666667;0.03529411764705882;0.48627450980392156;0.9529411764705882;0.9882352941176471;0.9882352941176471;0.8705882352941177;0.41568627450980394;0.0;0.0;0.0;0.0;0.0;0.0;0.8352941176470589;0.4627450980392157;0.0;0.0;0.0;0.0;0.0;0.0;0.0;0.0;0.0;0.0;0.9921568627450981;0.9882352941176471;0.9568627450980393;0.9529411764705882;0.9882352941176471;0.9882352941176471;0.9294117647058824;0.4;0.027450980392156862;0.0;0.0;0.0;0.0;0.0;0.0;0.3411764705882353;0.2627450980392157;0.01568627450980392;0.0;0.0;0.0;0.0;0.0;0.0;0.0;0.0;0.0;0.0;0.8980392156862745;0.9882352941176471;0.9882352941176471;0.9882352941176471;0.8470588235294118;0.43529411764705883;0.1803921568627451;0.0;0.0;0.0;0.0;0.0;0.0;0.0;0.0;0.0;0.0;0.0;0.0;0.0;0.0;0.0;0.0;0.0;0.0;0.0;0.0;0.0;0.12156862745098039;0.21568627450980393;0.5686274509803921;0.23137254901960785;0.07450980392156863;0.0;0.0;0.0;0.0;0.0;0.0;0.0;0.0;0.0;0.0;0.0;0.0;0.0;0.0;0.0;0.0;0.0;0.0;0.0;0.0;0.0;0.0;0.0;0.0;0.0;0.0;0.0;0.0;0.0;0.0;0.0;0.0;0.0;0.0;0.0;0.0;0.0;0.0;0.0;0.0;0.0;0.0;0.0;0.0;0.0;0.0;0.0;0.0;0.0;0.0;0.0;0.0;0.0;0.0;0.0;0.0;0.0;0.0;0.0;0.0;0.0;0.0;0.0;0.0;0.0;0.0;0.0;0.0;0.0;0.0;0.0;0.0;0.0;0.0;0.0;0.0;0.0;0.0;0.0;0.0;0.0;0.0;0.0;0.0;0.0;0.0;0.0;0.0;0.0;0.0;0.0;0.0;0.0;0.0;0.0;0.0;0.0;0.0;0.0;0.0;0.0;0.0;0.0;0.0;0.0;0.0;0.0;0.0;0.0;0.0;0.0;0.0;0.0;0.0;0.0;0.0;0.0;0.0;0.0;0.0;0.0;0.0;0.0;0.0;0.0;0.0;0.0;0.0;0.0;0.0;0.0;0.0;0.0;0.0;0.0;0.0;0.0;0.0;0.0;0.0;0.0;0.0;0.0;0.0;0.0;0.0;0.0;0.0;0.0;0.0;0.0;0.0;0.0;0.0;0.0;0.0;0.0;0.0;0.0;0.0;0.0;0.0;0.0;0.0;0.0;0.0;0.0;0.0;0.0;0.0;0.0;0.0;0.0;0.0;0.0;0.0;0.0;0.0;0.0;0.0;0.0;0.0;0.0;0.0;0.0;0.0;0.0;0.0;0.0;0.0;0.0;0.0;0.0;0.0;0.0;0.0;0.0;0.0;0.0;0.0;0.0;0.0;0.0;0.0;0.0;0.0;0.0;0.0;0.0;0.0;0.0;0.0;0.0;0.0;0.0;0.0;0.0;0.0;0.0;0.0;0.0;0.0;0.0;0.0;0.0;0.0;0.0;0.0;0.0;0.0;0.0;0.0;0.0;0.0;0.0;0.0;0.0;0.0;0.0;0.0;0.0,0.005837283,0.0,0.0,0.0,,,,,,,,,,,,,,,,,,,,,,,,,,,,,,,,,,
323,INFEASIBLE,certified_no_adversarial_example,feasibility,false,false,false,false,,,,0.775504248,0.02402782440185547,0.0,0.0,0.737460285,0.413450869,0.27117651700000006,0.25902819633483887,0.466283768,0.32400941600000005,0.035040594,9626,177,177,0,4037,0,1584,658,3170,4454,0,0,3,4804,4714,90,3170,1544,0,1753,94,1154,4566,,489,0,
324,INFEASIBLE,certified_no_adversarial_example,feasibility,false,false,false,false,,,,0.795353254,0.023186206817626953,0.0,0.0,0.747084572,0.46630730800000003,0.31909192200000003,0.306105375289917,0.42799265,0.28077726399999997,0.045215008,9626,185,185,0,4040,0,1580,665,3156,6149,0,0,3,4804,4689,115,3156,1533,0,1801,117,1250,4735,,448,0,
325,INFEASIBLE,certified_no_adversarial_example,feasibility,false,false,false,false,,,,1.027236265,0.20638203620910645,0.0,0.0,0.804306919,0.511471503,0.36416045999999996,0.34958720207214355,0.440146459,0.29283541599999996,0.219866675,9626,229,229,0,4038,0,1559,677,3123,6423,0,0,3,4804,4666,138,3123,1543,0,1850,143,1348,4905,,825,0,
326,INFEASIBLE,certified_no_adversarial_example,feasibility,false,false,false,false,,,,0.778895853,0.04310870170593262,0.0,0.0,0.720379007,0.45513933300000003,0.28732193100000003,0.2740316390991211,0.433057076,0.265239674,0.05547859,9626,206,206,0,4024,0,1574,639,3183,4932,0,0,3,4804,4677,127,3183,1494,0,1825,129,1298,4819,,763,0,
327,INFEASIBLE,certified_no_adversarial_example,feasibility,false,false,false,false,,,,1.124207281,0.39041709899902344,,0.0,0.718934269,0.45239877999999994,0.292896417,0.2793416976928711,0.426037852,0.26653548900000007,0.402220329,9626,201,201,0,4036,0,1575,656,3158,5090,0,0,3,4804,4685,119,3158,1527,0,1806,119,1261,4754,,1391,0,
328,INFEASIBLE,certified_no_adversarial_example,feasibility,false,false,false,false,,,,0.657422609,0.02162313461303711,0.0,0.0,0.621735611,0.34346803,0.20901912100000003,0.19713664054870605,0.41271648999999994,0.278267581,0.032623834,9626,164,164,0,4070,0,1593,704,3095,3059,0,0,3,4804,4714,90,3095,1619,0,1752,93,1152,4563,,511,0,
329,INFEASIBLE,certified_no_adversarial_example,feasibility,false,false,false,false,,,,0.687128552,0.02237391471862793,0.0,0.0,0.649904774,0.373503414,0.232968815,0.22048616409301758,0.416935959,0.27640136000000004,0.034169201,9626,181,181,0,4034,0,1585,669,3157,4008,0,0,3,4804,4696,108,3157,1539,0,1789,112,1226,4692,,434,0,
330,INFEASIBLE,certified_no_adversarial_example,feasibility,false,false,false,false,,,,0.617836288,0.018946409225463867,0.0,0.0,0.58556947,0.330291646,0.19060590700000002,0.17929410934448242,0.394963563,0.25527782400000004,0.029228241,9626,163,163,0,3989,0,1593,638,3243,3103,0,0,3,4804,4725,79,3243,1482,0,1729,81,1106,4483,,422,0,
331,INFEASIBLE,certified_no_adversarial_example,feasibility,false,false,false,false,,,,0.626499932,0.024927139282226562,0.0,0.0,0.588059302,0.338651488,0.197382497,0.1859428882598877,0.390676805,0.249407814,0.035400352,9626,158,158,0,3980,0,1597,641,3250,2974,0,0,3,4804,4722,82,3250,1472,0,1736,85,1120,4507,,464,0,
332,INFEASIBLE,certified_no_adversarial_example,feasibility,false,false,false,false,,,,1.306460594,0.05083155632019043,0.0,0.0,1.238639718,0.6174602370000001,0.39669696600000004,0.38082265853881836,0.8419427519999999,0.6211794809999999,0.064766189,9626,258,258,0,4036,0,1545,660,3127,6729,0,0,3,4804,4652,152,3127,1525,0,1876,155,1400,4997,,738,0,
333,INFEASIBLE,certified_no_adversarial_example,feasibility,false,false,false,false,,,,0.533890799,0.018366336822509766,0.0,0.0,0.502374504,0.258723612,0.140451567,0.13041043281555176,0.36192293700000006,0.24365089200000006,0.028446311,9626,126,126,0,3981,0,1614,645,3260,2022,0,0,3,4804,4739,65,3260,1479,0,1703,69,1054,4391,,412,0,
334,INFEASIBLE,certified_no_adversarial_example,feasibility,false,false,false,false,,,,0.845496509,0.03040766716003418,0.0,0.0,0.798750202,0.507445337,0.33527281299999995,0.3213980197906494,0.4634773890000001,0.29130486499999997,0.043690628,9626,199,199,0,4048,0,1575,689,3115,6370,0,0,3,4804,4675,129,3115,1560,0,1826,129,1301,4824,,575,0,
335,INFEASIBLE,certified_no_adversarial_example,feasibility,false,false,false,false,,,,0.895410494,0.02519083023071289,0.0,0.0,0.853937317,0.527461336,0.370308926,0.3562960624694824,0.483628391,0.32647598099999997,0.03843513,9626,213,213,0,4046,0,1568,677,3122,6691,0,0,3,4804,4673,131,3122,1551,0,1835,135,1318,4853,,462,0,
336,INFEASIBLE,certified_no_adversarial_example,feasibility,false,false,false,false,,,,0.776283712,0.03269219398498535,0.0,0.0,0.728118175,0.45473631000000003,0.28685082799999995,0.2734642028808594,0.44126734700000003,0.27338186499999995,0.045110301,9626,201,201,0,4031,0,1573,672,3149,5077,0,0,3,4804,4686,118,3149,1537,0,1807,120,1262,4756,,576,0,
337,INFEASIBLE,certified_no_adversarial_example,feasibility,false,false,false,false,,,,0.794563276,0.031510353088378906,0.0,0.0,0.746453587,0.463591523,0.320316147,0.2928307056427002,0.42613744,0.28286206399999997,0.045067316,9626,209,209,0,4062,0,1572,666,3117,5748,0,0,3,4804,4662,142,3117,1545,0,1855,144,1358,4924,,587,0,
338,INFEASIBLE,certified_no_adversarial_example,feasibility,false,false,false,false,,,,0.74162364,0.05081915855407715,0.0,0.0,0.676125591,0.390355056,0.25031968800000004,0.23794150352478027,0.425805903,0.28577053500000005,0.062460453,9626,174,174,0,4025,0,1588,675,3164,4525,0,0,3,4804,4697,107,3164,1533,0,1785,109,1218,4679,,925,0,
339,INFEASIBLE,certified_no_adversarial_example,feasibility,false,false,false,false,,,,0.961476342,0.019515514373779297,0.0,0.0,0.924318508,0.6284160590000001,0.44583828600000003,0.42961764335632324,0.478480222,0.29590244899999996,0.034084721,9626,255,255,0,4107,0,1544,696,3024,7750,0,0,3,4804,4642,162,3024,1618,0,1896,165,1440,5067,,169,0,
340,INFEASIBLE,certified_no_adversarial_example,feasibility,false,false,false,false,,,,0.881523157,0.031258583068847656,0.0,0.0,0.833401163,0.533718324,0.37350201800000005,0.35869407653808594,0.45989914499999995,0.29968283900000003,0.045045195,9626,227,227,0,4052,0,1562,684,3101,6773,0,0,3,4804,4656,148,3101,1555,0,1867,150,1382,4966,,565,0,
341,SKIPPED_PREDICTED_IN_TARGETED,adversarial_example_found_or_best_known,feasibility,true,true,true,true,0.16197722870995257,-9.36350374037776;-4.73728072307982;-5.955382538277586;0.6623982775483936;-3.6996330114362963;0.5004210488384411;-2.457616954322277;-11.920484625312678;-6.050209075033795;-6.59785455868615,0.0;0.0;0.0;0.0;0.0;0.0;0.0;0.0;0.0;0.0;0.0;0.0;0.0;0.0;0.0;0.0;0.0;0.0;0.0;0.0;0.0;0.0;0.0;0.0;0.0;0.0;0.0;0.0;0.0;0.0;0.0;0.0;0.0;0.0;0.0;0.0;0.0;0.0;0.0;0.0;0.0;0.0;0.0;0.0;0.0;0.0;0.0;0.0;0.0;0.0;0.0;0.0;0.0;0.0;0.0;0.0;0.0;0.0;0.0;0.0;0.0;0.0;0.0;0.0;0.0;0.0;0.0;0.0;0.0;0.0;0.0;0.0;0.0;0.0;0.0;0.0;0.0;0.0;0.0;0.0;0.0;0.0;0.0;0.0;0.0;0.0;0.0;0.0;0.0;0.0;0.0;0.0;0.0;0.0;0.0;0.0;0.0;0.0;0.0;0.0;0.0;0.0;0.0;0.0;0.0;0.0;0.0;0.0;0.0;0.0;0.0;0.0;0.0;0.0;0.0;0.0;0.0;0.0;0.0;0.0;0.0;0.0;0.0;0.0;0.0;0.0;0.0;0.0;0.0;0.0;0.0;0.0;0.0;0.0;0.0;0.0;0.0;0.0;0.0;0.0;0.0;0.0;0.0;0.0;0.0;0.0;0.0;0.0;0.0;0.0;0.0;0.0;0.0;0.0;0.0;0.0;0.0;0.0;0.0;0.0;0.0;0.0;0.0;0.0;0.0;0.0;0.0;0.0;0.0;0.0;0.0;0.0;0.0;0.0;0.0;0.0;0.0;0.0;0.0;0.0;0.0;0.0;0.0;0.0;0.0;0.0;0.0;0.0;0.0;0.0;0.0;0.0;0.0;0.0;0.0;0.0;0.0;0.0;0.0;0.0;0.0;0.0;0.0;0.0;0.0;0.0;0.0;0.0;0.0;0.0;0.0;0.0;0.0;0.0;0.0;0.10196078431372549;0.11372549019607843;0.10196078431372549;0.0;0.0;0.0;0.0;0.0;0.0;0.0;0.0;0.0;0.0;0.0;0.0;0.0;0.0;0.0;0.0;0.0;0.0;0.0;0.0;0.0;0.0;0.0;0.0;0.24705882352941178;0.9411764705882353;0.9882352941176471;0.9372549019607843;0.24705882352941178;0.0;0.0;0.0;0.0;0.0;0.0;0.0;0.0;0.0;0.0;0.0;0.0;0.0;0.0;0.0;0.0;0.0;0.0;0.0;0.0;0.0;0.0;0.0;0.24705882352941178;0.6980392156862745;0.9921568627450981;0.9921568627450981;0.4392156862745098;0.0;0.0;0.0;0.0;0.0;0.0;0.0;0.0;0.0;0.0;0.0;0.0;0.0;0.0;0.0;0.0;0.0;0.0;0.0;0.0;0.0;0.0;0.0;0.0;0.3333333333333333;0.9882352941176471;0.9882352941176471;0.4392156862745098;0.0;0.0;0.0;0.0;0.0;0.0;0.0;0.0;0.0;0.0;0.0;0.0;0.0;0.10196078431372549;0.2235294117647059;0.17254901960784313;0.0;0.0;0.0;0.0;0.0;0.0;0.0;0.0;0.3333333333333333;0.9882352941176471;0.9882352941176471;0.8666666666666667;0.0;0.0;0.0;0.0;0.0;0.0;0.0;0.0;0.0;0.0;0.0;0.01568627450980392;0.4196078431372549;0.8117647058823529;0.9882352941176471;0.9137254901960784;0.6;0.11372549019607843;0.0;0.0;0.0;0.0;0.0;0.0;0.3333333333333333;0.9882352941176471;0.9882352941176471;0.615686274509804;0.0;0.0;0.0;0.0;0.0;0.0;0.0;0.0;0.0;0.0;0.43529411764705883;0.6;0.9882352941176471;0.9921568627450981;0.9882352941176471;0.9882352941176471;0.9882352941176471;0.9882352941176471;0.5529411764705883;0.058823529411764705;0.0;0.0;0.0;0.0;0.6392156862745098;0.9882352941176471;0.9882352941176471;0.4392156862745098;0.0;0.0;0.0;0.0;0.0;0.0;0.0;0.0;0.0;0.14901960784313725;0.8705882352941177;0.9921568627450981;0.9921568627450981;1.0;0.9921568627450981;0.9921568627450981;0.9921568627450981;0.9921568627450981;1.0;0.35294117647058826;0.0;0.0;0.0;0.0;0.8862745098039215;0.9921568627450981;0.8823529411764706;0.0;0.0;0.0;0.0;0.0;0.0;0.0;0.0;0.0;0.14901960784313725;0.8588235294117647;0.9882352941176471;0.9882352941176471;0.9882352941176471;0.9921568627450981;0.6901960784313725;0.9137254901960784;0.9882352941176471;0.9882352941176471;0.9921568627450981;0.9529411764705882;0.6862745098039216;0.0;0.0;0.396078431372549;0.9764705882352941;0.9882352941176471;0.6901960784313725;0.0;0.0;0.0;0.0;0.0;0.0;0.0;0.0;0.0;0.7490196078431373;0.9882352941176471;0.9882352941176471;0.8392156862745098;0.7647058823529411;0.2196078431372549;0.023529411764705882;0.16862745098039217;0.5843137254901961;0.8901960784313725;0.9921568627450981;0.9882352941176471;0.9372549019607843;0.403921568627451;0.2235294117647059;0.8705882352941177;0.9882352941176471;0.9372549019607843;0.2549019607843137;0.0;0.0;0.0;0.0;0.0;0.0;0.0;0.0;0.0;0.396078431372549;0.8745098039215686;0.7529411764705882;0.10980392156862745;0.0;0.0;0.0;0.0;0.0;0.1843137254901961;0.8823529411764706;0.9764705882352941;0.9882352941176471;0.9882352941176471;0.9882352941176471;0.9921568627450981;0.9882352941176471;0.4;0.0;0.0;0.0;0.0;0.0;0.0;0.0;0.0;0.0;0.0;0.0;0.0;0.0;0.0;0.0;0.0;0.0;0.0;0.0;0.0;0.0;0.5725490196078431;0.9882352941176471;0.9882352941176471;0.9882352941176471;0.9921568627450981;0.8;0.09803921568627451;0.0;0.0;0.0;0.0;0.0;0.0;0.0;0.0;0.0;0.0;0.0;0.0;0.0;0.0;0.0;0.0;0.0;0.0;0.0;0.0;0.0;0.18823529411764706;0.8980392156862745;0.9921568627450981;0.9921568627450981;1.0;0.10588235294117647;0.0;0.0;0.0;0.0;0.0;0.0;0.0;0.0;0.0;0.0;0.0;0.0;0.0;0.0;0.0;0.0;0.0;0.0;0.0;0.0;0.0;0.0;0.0;0.08235294117647059;0.10588235294117647;0.10588235294117647;0.10588235294117647;0.011764705882352941;0.0;0.0;0.0;0.0;0.0;0.0;0.0;0.0;0.0;0.0;0.0;0.0;0.0;0.0;0.0;0.0;0.0;0.0;0.0;0.0;0.0;0.0;0.0;0.0;0.0;0.0;0.0;0.0;0.0;0.0;0.0;0.0;0.0;0.0;0.0;0.0;0.0;0.0;0.0;0.0;0.0;0.0;0.0;0.0;0.0;0.0;0.0;0.0;0.0;0.0;0.0;0.0;0.0;0.0;0.0;0.0;0.0;0.0;0.0;0.0;0.0;0.0;0.0;0.0;0.0;0.0;0.0;0.0;0.0;0.0;0.0;0.0;0.0;0.0;0.0;0.0;0.0;0.0;0.0;0.0;0.0;0.0;0.0;0.0;0.0;0.0;0.0;0.0;0.0;0.0;0.0;0.0;0.0;0.0;0.0;0.0;0.0;0.0;0.0;0.0;0.0;0.0;0.0;0.0;0.0;0.0;0.0;0.0;0.0;0.0;0.0;0.0;0.0;0.0;0.0;0.0;0.0;0.0;0.0;0.0;0.0;0.0;0.0;0.0;0.0;0.0;0.0;0.0;0.0;0.0;0.0;0.0;0.0;0.0;0.0;0.0;0.0;0.0;0.0;0.0;0.0;0.0;0.0;0.0;0.0;0.0;0.0;0.0;0.0;0.0;0.0;0.0;0.0;0.0;0.0;0.0;0.0;0.0;0.0;0.0;0.0;0.0;0.0;0.0;0.0;0.0;0.0;0.0;0.0;0.0;0.0;0.0;0.0;0.0;0.0;0.0;0.0;0.0;0.0;0.0;0.0;0.0;0.0;0.0;0.0;0.0;0.0;0.0;0.0;0.0;0.0;0.0;0.0;0.0;0.0;0.0;0.0;0.0;0.0;0.0;0.0;0.0;0.0;0.0,0.005880811,0.0,0.0,0.0,,,,,,,,,,,,,,,,,,,,,,,,,,,,,,,,,,
342,INFEASIBLE,certified_no_adversarial_example,feasibility,false,false,false,false,,,,1.067746991,0.03184795379638672,0.0,0.0,1.017388827,0.710825791,0.523076971,0.5049877166748047,0.49431185600000005,0.306563036,0.047370561,9626,314,314,0,4023,0,1514,629,3146,10202,0,0,3,4804,4628,176,3146,1482,0,1925,180,1498,5168,,448,0,
343,INFEASIBLE,certified_no_adversarial_example,feasibility,false,false,false,false,,,,0.6909357,0.028709888458251953,0.0,0.0,0.648579389,0.385297002,0.23969627400000001,0.22805404663085938,0.40888311499999996,0.263282387,0.039310728,9626,159,159,0,3994,0,1595,649,3229,4276,0,0,3,4804,4718,86,3229,1489,0,1743,88,1134,4532,,550,0,
344,INFEASIBLE,certified_no_adversarial_example,feasibility,false,false,false,false,,,,0.948888777,0.03834819793701172,0.0,0.0,0.89318923,0.5962276910000001,0.414493423,0.39893603324890137,0.4786958069999999,0.2969615389999999,0.05258193,9626,234,234,0,4082,0,1556,686,3068,8229,0,0,3,4804,4647,157,3068,1579,0,1882,157,1413,5020,,610,0,
345,INFEASIBLE,certified_no_adversarial_example,feasibility,false,false,false,false,,,,1.468201791,0.22304224967956543,0.0,0.0,1.228121736,0.607258034,0.395633778,0.37953639030456543,0.8324879580000001,0.6208637020000001,0.236995811,9626,255,255,0,4058,0,1547,660,3106,7772,0,0,3,4804,4652,152,3106,1546,0,1875,154,1398,4994,,903,0,
346,INFEASIBLE,certified_no_adversarial_example,feasibility,false,false,false,false,,,,0.475015877,0.011523723602294922,0.0,0.0,0.452090572,0.215106653,0.10631338299999998,0.0976400375366211,0.34577718900000004,0.23698391900000002,0.019870907,9626,88,88,0,3987,0,1632,666,3253,1463,0,0,3,4804,4764,40,3253,1511,0,1648,40,945,4201,,389,0,
347,INFEASIBLE,certified_no_adversarial_example,feasibility,false,false,false,false,,,,0.823966615,0.0392909049987793,0.0,0.0,0.768339579,0.48699243400000003,0.3274501,0.31337833404541016,0.44088947900000003,0.281347145,0.052557469,9626,219,219,0,4058,0,1565,664,3120,5992,0,0,3,4804,4675,129,3120,1555,0,1826,129,1301,4824,,706,0,
348,INFEASIBLE,certified_no_adversarial_example,feasibility,false,false,false,false,,,,0.924647127,0.035452842712402344,0.0,0.0,0.873117567,0.5304562020000001,0.360794602,0.3465085029602051,0.512322965,0.3426613649999999,0.04849988,9626,213,213,0,4094,0,1568,692,3059,5850,0,0,3,4804,4669,135,3059,1610,0,1842,138,1332,4878,,611,0,
349,INFEASIBLE,certified_no_adversarial_example,feasibility,false,false,false,false,,,,0.621476803,0.016214609146118164,0.0,0.0,0.591622554,0.340054114,0.204556479,0.19301414489746094,0.38706607499999995,0.25156843999999995,0.026815813,9626,158,158,0,3992,0,1596,639,3241,3603,0,0,3,4804,4720,84,3241,1479,0,1736,84,1121,4509,,432,0,
350,INFEASIBLE,certified_no_adversarial_example,feasibility,false,false,false,false,,,,0.729111438,0.04062533378601074,0.0,0.0,0.673457184,0.40130160699999995,0.24977142699999996,0.23690509796142578,0.423685757,0.27215557700000004,0.05261116,9626,172,172,0,4034,0,1589,659,3172,4692,0,0,3,4804,4684,120,3172,1512,0,1811,122,1270,4770,,775,0,
351,INFEASIBLE,certified_no_adversarial_example,feasibility,false,false,false,false,,,,0.571988867,0.024003267288208008,0.0,0.0,0.534797943,0.279311741,0.16215410300000005,0.1517322063446045,0.37264384,0.25548620200000005,0.034143452,9626,135,135,0,4000,0,1608,650,3233,2063,0,0,3,4804,4733,71,3233,1500,0,1715,75,1078,4433,,501,0,
352,INFEASIBLE,certified_no_adversarial_example,feasibility,false,false,false,false,,,,0.835503653,0.027158260345458984,0.0,0.0,0.792934933,0.49206745599999996,0.34408877200000004,0.3309040069580078,0.4488461609999999,0.300867477,0.03954401,9626,189,189,0,4071,0,1580,705,3081,5728,0,0,3,4804,4683,121,3081,1602,0,1814,124,1276,4780,,485,0,
353,INFEASIBLE,certified_no_adversarial_example,feasibility,false,false,false,false,,,,1.039766003,0.055420875549316406,0.0,0.0,0.966515588,0.665462377,0.4822136899999999,0.4658539295196533,0.4843018980000001,0.30105321100000004,0.070194536,9626,259,259,0,4106,0,1544,705,3012,8226,0,0,3,4804,4639,165,3012,1627,0,1901,167,1450,5085,,775,0,
354,INFEASIBLE,certified_no_adversarial_example,feasibility,false,false,false,false,,,,0.732550663,0.0196688175201416,0.0,0.0,0.698029035,0.40897765599999997,0.259772401,0.24765706062316895,0.43825663400000003,0.28905137900000005,0.031472522,9626,162,162,0,4123,0,1593,695,3053,5051,0,0,3,4804,4691,113,3053,1638,0,1797,115,1242,4721,,453,0,
355,INFEASIBLE,certified_no_adversarial_example,feasibility,false,false,false,false,,,,0.716988514,0.025125741958618164,0.0,0.0,0.677076677,0.401176537,0.26405640500000005,0.2518734931945801,0.4130202719999999,0.27590013999999996,0.036877438,9626,171,171,0,3996,0,1591,638,3230,4447,0,0,3,4804,4699,105,3230,1469,0,1781,107,1210,4665,,495,0,
356,INFEASIBLE,certified_no_adversarial_example,feasibility,false,false,false,false,,,,0.903873751,0.050153493881225586,0.0,0.0,0.836468426,0.5465704450000001,0.3718877,0.35654497146606445,0.46458072600000005,0.28989798099999997,0.064370737,9626,245,245,0,4064,0,1551,663,3103,6921,0,0,3,4804,4653,151,3103,1550,0,1877,157,1402,4999,,685,0,
357,INFEASIBLE,certified_no_adversarial_example,feasibility,false,false,false,false,,,,0.871914124,0.030826330184936523,0.0,0.0,0.824839502,0.544147547,0.37797213199999996,0.3636751174926758,0.44686737000000004,0.280691955,0.044031246,9626,207,207,0,4076,0,1571,685,3087,6062,0,0,3,4804,4671,133,3087,1584,0,1837,135,1322,4861,,569,0,
358,INFEASIBLE,certified_no_adversarial_example,feasibility,false,false,false,false,,,,0.635568169,0.02886199951171875,0.0,0.0,0.592637827,0.329367733,0.20489577399999997,0.19299817085266113,0.38774205300000003,0.263270094,0.039887538,9626,178,178,0,3968,0,1587,621,3272,3001,0,0,3,4804,4711,93,3272,1439,0,1757,95,1162,4581,,543,0,
359,INFEASIBLE,certified_no_adversarial_example,feasibility,false,false,false,false,,,,2.15553883,1.0637462139129639,,0.0,1.077249499,0.759594264,0.27142249799999996,0.25792813301086426,0.8058270010000002,0.31765523500000015,1.075247178,9626,199,199,0,4017,0,1572,653,3185,4798,0,0,3,4804,4701,103,3185,1516,0,1778,106,1204,4654,,1291,0,
360,OPTIMAL,adversarial_example_found_or_best_known,feasibility,true,true,true,true,7.993605777301127e-15,-11.412130811415185;-11.159322332563619;-8.850055251956265;-6.143735845176764;3.0908696714597443;-7.068546601773031;-12.798043594107437;-7.264080392574931;-1.5722079367768067;3.0908696714597363,0.0;0.0;0.0;0.0;0.0;0.0;0.0;0.0;0.0;0.0;0.0;0.0;0.0;0.0;0.0;0.0;0.0;0.0;0.0;0.0;0.0;0.0;0.0;0.0;0.0;0.0;0.0;0.1;0.0;0.1;0.0;0.0;0.0;0.1;0.0;0.0;0.1;0.0;0.1;0.1;0.1;0.1;0.1;0.0;0.0;0.1;0.1;0.0;0.0;0.1;0.1;0.1;0.1;0.0;0.0;0.0;0.0;0.0;0.0;0.0;0.1;0.0;0.0;0.0;0.0;0.0;0.1;0.0;0.0;0.1;0.1;0.0;0.0;0.1;0.1;0.0;0.0;0.1;0.1;0.0;0.0;0.0;0.0;0.1;0.0;0.0;0.0;0.0;0.1;0.0;0.1;0.0;0.0;0.0;0.1;0.0;0.1;0.1;0.1;0.0;0.0;0.0;0.1;0.0;0.0;0.0;0.1;0.1;0.005794967583968414;0.0;0.0;0.0;0.0;0.0;0.0;0.0;0.0;0.0;0.0;0.0;0.1;0.0;0.0;0.0;0.0;0.1;0.1;0.0;0.0;0.0;0.1;0.0;0.0;0.0;0.1;0.0;0.0;0.0;0.0;0.0;0.1;0.1;0.0;0.0;0.1;0.0;0.1;0.1;0.1;0.0;0.1;0.0;0.1;0.1;0.1;0.0;0.0;0.0;0.1;0.1;0.1;0.1;0.1;0.1;0.1;0.0;0.1;0.0;0.1;0.1;0.1;0.0;0.0;0.0;0.0;0.1;0.1;0.0;0.0;0.0;0.0;0.12352941176470589;0.1;0.0;0.0;0.0;0.0;0.0;0.1;0.1;0.1;0.1;0.0;0.0;0.1;0.0;0.1;0.0;0.0;0.0;0.025264857659886047;0.0;0.1;0.1;0.0;0.0;0.19539730447942416;0.692156862745098;0.8750246143882418;1.0;0.49215686274509807;0.1;0.0;0.1;0.0;0.0;0.0;0.0;0.0;0.1;0.0;0.0;0.0;0.0;0.1;0.1;0.1;0.0;0.0;0.0;0.0;0.0;0.0;0.3392156862745098;0.9156862745098039;0.8921568627450981;1.0;1.0;0.8921568627450981;0.6490196078431373;0.0;0.0;0.0;0.0;0.0;0.0;0.0;0.1;0.0;0.0;0.0;0.0;0.1;0.1;0.1;0.0;0.1;0.0;0.1;0.1;0.0019607843137254832;0.7588235294117647;1.0;1.0;0.8925049360659029;1.0;1.0;0.9654714202384677;0.0;0.0;0.1;0.0;0.1;0.0;0.0;0.1;0.0;0.1;0.1;0.0;0.1;0.1;0.1;0.0;0.0;0.0;0.0;0.0;0.7431372549019608;1.0;1.0;0.37058823529411766;0.0;0.32745098039215687;0.8921568627450981;0.8921568627450981;0.38627450980392153;0.0;0.1;0.1;0.1;0.0;0.0;0.1;0.1;0.1;0.1;0.0;0.0;0.1;0.1;0.0;0.0;0.1;0.1;0.24901960784313723;0.9856758421799741;1.0;0.24880763767529906;0.0;0.0;0.0;0.6176470588235294;0.8921568627450981;0.8816205116048424;0.1;0.040699026884927506;0.0;0.1;0.1;0.1;0.0;0.0;0.1;0.1;0.0;0.1;0.1;0.1;0.0;0.0;0.1;0.0;0.7431372549019608;0.884313725490196;0.5784313725490197;0.0;0.0;0.0;0.0;0.5352941176470588;0.8921568627450981;0.5980392156862745;0.1;0.1;0.1;0.1;0.0;0.1;0.0;0.0;0.1;0.1;0.0;0.1;0.0;0.0;0.0;0.0;0.0;0.5274509803921569;0.8921568627450981;0.6333333333333333;0.0;0.0;0.1;0.0;0.0;0.5352941176470588;0.8921568627450981;0.4682358727366455;0.0;0.0;0.307843137254902;0.3156862745098039;0.23323435972915804;0.30635585834349943;0.11568627450980393;0.10140980317024419;0.1;0.035295467630608424;0.0;0.1;0.1;0.1;0.1;0.1;0.04901960784313725;1.0;0.884313725490196;0.27764170900853763;0.0;0.0;0.1;0.1;0.12352941176470589;0.8647058823529411;1.0;0.6058823529411765;0.6843137254901961;0.870947049193768;1.0;1.0;0.8921568627450981;0.8921568627450981;1.0;0.6732794826555195;0.1;0.0;0.0;0.06617512854889795;0.1;0.1;0.1;0.0;0.10277188468991544;0.27254901960784317;0.19411764705882353;0.0;0.10195548116733982;0.0;0.2907815245259766;0.5549019607843138;1.0;1.0;0.8921568627450981;0.8921568627450981;1.0;1.0;1.0;1.0;1.0;0.8921568627450981;0.8921568627450981;0.8921568627450981;0.0;0.0;0.0;0.1;0.1;0.1;0.1;0.1;0.0;0.4411764705882353;0.7588235294117647;0.5588235294117647;0.6647058823529411;1.0;0.8921568627450981;1.0;1.0;1.0;1.0;0.8921568627450981;0.8921568627450981;1.0;1.0;0.8921568627450981;0.8921568627450981;0.8921568627450981;1.0;0.7941176470588236;0.0;0.0;0.0;0.1;0.1;0.1;0.0;0.0;0.6831121699008549;1.0;0.8921568627450981;1.0;1.0;1.0;0.8921568627450981;0.8921568627450981;1.0;0.8815723806077697;0.701486263930791;0.707843137254902;0.8921568627450981;0.5083713179160833;0.1044075654181292;0.08823529411764705;0.7588235294117647;0.8921568627450981;0.6479463188713663;0.10633348799604;0.1;0.1;0.1;0.1;0.1;0.1;0.0;0.0;0.9;1.0;0.9862745098039215;0.7862745098039216;0.6686274509803921;0.5214273921180599;0.7313725490196079;1.0;0.7784313725490196;0.28431372549019607;0.1;0.10001583499177437;0.0;0.0;0.0;0.22549019607843138;0.8450980392156863;0.696078431372549;0.0;0.0;0.0;0.0;0.0;0.1;0.1;0.0;0.0;0.0;0.8022095564367234;0.8725490196078431;0.1044341771274501;0.1;0.1645088215859286;0.884313725490196;0.8450980392156863;0.5901960784313726;0.1;0.1;0.0;0.1;0.1;0.1;0.1027953144471077;0.6372549019607844;0.1889333316972835;0.0;0.1;0.1;0.1;0.1;0.1;0.1;0.1;0.1;0.1;0.0;0.0;0.06862745098039216;0.49607843137254903;0.4946697482303883;0.44509803921568625;0.4490196078431372;0.03725490196078432;0.0;0.0;0.1;0.1;0.1;0.1;0.1;0.1;0.1;0.0;0.0;0.0;0.0;0.1;0.1;0.1;0.1;0.1;0.08409309770281177;0.1;0.0;0.0;0.0;0.0;0.0;0.0;0.03642630872656617;0.0;0.010536409202317814;0.1;0.1;0.0;0.1;0.0;0.1;0.1;0.1;0.1;0.1;0.0;0.1;0.0;0.048988971491298064;0.1;0.1;0.1;0.1;0.1;0.1;0.0;0.0;0.1;0.1;0.0;0.1;0.1;0.1;0.1;0.1;0.1;0.0;0.0;0.0;0.1;0.1;0.0;0.0;0.0;0.0;0.1;0.1;0.1;0.0;0.1;0.1;0.1;0.04903051469849036;0.0;0.1;0.1;0.1;0.0;0.1;0.0;0.1;0.1;0.1;0.0;0.1;0.0;0.0;0.0;0.1;0.0;0.1;0.0;0.0;0.0;0.0;0.1;0.1;0.1;0.1;0.1;0.0;0.0;0.0;0.1;0.1;0.0;0.0;0.0;0.1;0.1;0.1;0.1;0.1;0.0;0.0;0.0;0.0;0.1;0.1;0.0;0.1;0.0;0.0;0.1;0.1;0.1;0.1;0.1;0.0;0.0;0.1;0.0;0.0;0.0;0.07164196316830625;0.0;0.0;0.1;0.1;0.0;0.1;0.0;0.05531623140081228;0.1;0.1;0.1;0.0;0.1;0.0;0.1;0.0;0.0;0.1;0.1;0.1;0.0;0.0;0.0;0.0;0.1;0.1;0.0;0.0;0.1;0.1;0.1;0.1;0.1;0.1;0.1;0.1;0.1;0.1;0.1;0.1;0.0;0.0;0.0;0.0;0.1;0.0;0.0;0.1;0.1;0.0;0.1;0.1;0.1;0.0;0.1;0.0;0.1;0.0;0.09040489471100298;0.0;0.1;0.0;0.1;0.1;0.1;0.0;0.0;0.0;0.0;0.0;0.0;0.0;0.0,1.229684207,0.4751873016357422,0.0,0.0,0.735442334,0.458427925,0.306165628,0.29251551628112793,0.429276706,0.277014409,0.487798656,9626,198,198,0,4068,0,1575,673,3112,5385,0,0,3,4804,4679,125,3112,1567,0,1818,125,1285,4796,1,1483,,0.0
361,INFEASIBLE,certified_no_adversarial_example,feasibility,false,false,false,false,,,,0.746347427,0.03185534477233887,0.0,0.0,0.698893384,0.4159677089999999,0.2524276489999999,0.23981666564941406,0.4464657350000001,0.2829256750000001,0.044419124,9626,174,174,0,4055,0,1587,683,3127,4772,0,0,3,4804,4693,111,3127,1566,0,1794,114,1236,4710,,603,0,
362,INFEASIBLE,certified_no_adversarial_example,feasibility,false,false,false,false,,,,0.870557897,0.035919904708862305,0.0,0.0,0.818720023,0.47829230599999994,0.306283253,0.29175782203674316,0.5124367700000001,0.3404277170000001,0.048780342,9626,220,220,0,4062,0,1563,657,3124,5592,0,0,3,4804,4671,133,3124,1547,0,1837,135,1322,4861,,617,0,
363,INFEASIBLE,certified_no_adversarial_example,feasibility,false,false,false,false,,,,0.756091662,0.025536060333251953,0.0,0.0,0.713702259,0.433368191,0.284045615,0.27052998542785645,0.429656644,0.28033406799999994,0.038529601,9626,194,194,0,4054,0,1578,691,3109,5550,0,0,3,4804,4676,128,3109,1567,0,1828,131,1304,4829,,506,0,
364,INFEASIBLE,certified_no_adversarial_example,feasibility,false,false,false,false,,,,0.755986506,0.03136324882507324,0.0,0.0,0.709495531,0.42111234399999997,0.28199654100000004,0.2686746120452881,0.4274989899999999,0.288383187,0.043435446,9626,201,201,0,4025,0,1574,667,3159,4721,0,0,3,4804,4685,119,3159,1526,0,1809,121,1266,4763,,575,0,
365,INFEASIBLE,certified_no_adversarial_example,feasibility,false,false,false,false,,,,0.951279616,0.04499673843383789,0.0,0.0,0.889691514,0.6008490289999999,0.41709953600000005,0.40244221687316895,0.47259197799999997,0.2888424850000001,0.05853031,9626,233,233,0,4067,0,1556,684,3086,6808,0,0,3,4804,4666,138,3086,1580,0,1849,142,1346,4902,,642,0,
366,INFEASIBLE,certified_no_adversarial_example,feasibility,false,false,false,false,,,,0.915298161,0.04954886436462402,0.0,0.0,0.849001687,0.547431215,0.382949443,0.36772799491882324,0.466052244,0.301570472,0.063230718,9626,242,242,0,4046,0,1553,666,3119,7098,0,0,3,4804,4657,147,3119,1538,0,1866,150,1380,4962,,747,0,
367,INFEASIBLE,certified_no_adversarial_example,feasibility,false,false,false,false,,,,1.104322587,0.2049851417541504,0.0,0.0,0.882366649,0.597881533,0.41593900800000005,0.39957427978515625,0.4664276409999999,0.2844851159999999,0.218887577,9626,267,267,0,4063,0,1540,655,3101,7686,0,0,3,4804,4653,151,3101,1552,0,1873,153,1394,4987,,963,0,
368,INFEASIBLE,certified_no_adversarial_example,feasibility,false,false,false,false,,,,0.850032332,0.04040956497192383,0.0,0.0,0.792558677,0.494763443,0.33826296200000006,0.32311296463012695,0.454295715,0.297795234,0.054410245,9626,247,247,0,4055,0,1550,695,3079,5118,0,0,3,4804,4658,146,3079,1579,0,1865,150,1378,4958,,590,0,
369,INFEASIBLE,certified_no_adversarial_example,feasibility,false,false,false,false,,,,0.739242195,0.02607250213623047,0.0,0.0,0.698113103,0.416418359,0.26986846899999994,0.256333589553833,0.428244634,0.28169474399999994,0.038074557,9626,196,196,0,4030,0,1577,660,3163,4795,0,0,3,4804,4688,116,3163,1525,0,1803,118,1254,4742,,469,0,
370,INFEASIBLE,certified_no_adversarial_example,feasibility,false,false,false,false,,,,0.85745226,0.03436875343322754,0.0,0.0,0.806300801,0.51645399,0.3544135719999999,0.3388533592224121,0.4518872290000001,0.289846811,0.048114627,9626,246,246,0,4040,0,1550,670,3120,6839,0,0,3,4804,4654,150,3120,1534,0,1873,154,1394,4986,,526,0,
371,INFEASIBLE,certified_no_adversarial_example,feasibility,false,false,false,false,,,,0.638778722,0.03177952766418457,0.0,0.0,0.593830839,0.34310483,0.203793644,0.1932229995727539,0.390037195,0.25072600899999997,0.04191541,9626,138,138,0,4003,0,1607,657,3221,3146,0,0,3,4804,4732,72,3221,1511,0,1716,75,1080,4437,,596,0,
372,INFEASIBLE,certified_no_adversarial_example,feasibility,false,false,false,false,,,,0.694038453,0.030452251434326172,0.0,0.0,0.649179606,0.372786432,0.22454442200000002,0.21219229698181152,0.424635184,0.276393174,0.041790587,9626,171,171,0,4052,0,1584,681,3138,4263,0,0,3,4804,4701,103,3138,1563,0,1777,105,1202,4651,,740,0,
373,INFEASIBLE,certified_no_adversarial_example,feasibility,false,false,false,false,,,,1.445855842,0.04391622543334961,0.0,0.0,1.3843571,1.032926652,0.519588688,0.5026087760925293,0.8647684119999999,0.3514304479999999,0.058462983,9626,282,282,0,4063,0,1530,681,3070,9046,0,0,3,4804,4638,166,3070,1568,0,1903,168,1454,5092,,645,0,
374,INFEASIBLE,certified_no_adversarial_example,feasibility,false,false,false,false,,,,0.90491601,0.03623342514038086,0.0,0.0,0.851153583,0.5577033140000001,0.387478211,0.37203025817871094,0.463675372,0.29345026899999993,0.050722651,9626,240,240,0,4090,0,1555,672,3069,7485,0,0,3,4804,4655,149,3069,1586,0,1873,155,1394,4985,,560,0,
375,INFEASIBLE,certified_no_adversarial_example,feasibility,false,false,false,false,,,,0.943512221,0.03755044937133789,0.0,0.0,0.886897333,0.585151718,0.409122311,0.3930697441101074,0.47777502199999994,0.30174561499999997,0.053413468,9626,259,259,0,4058,0,1547,663,3099,7856,0,0,3,4804,4640,164,3099,1541,0,1901,168,1450,5084,,547,0,
376,INFEASIBLE,certified_no_adversarial_example,feasibility,false,false,false,false,,,,0.959034551,0.03296947479248047,0.0,0.0,0.90925419,0.618624252,0.38414015,0.368546724319458,0.52511404,0.2906299379999999,0.046713651,9626,246,246,0,4059,0,1548,675,3098,6597,0,0,3,4804,4660,144,3098,1562,0,1861,148,1370,4944,,527,0,
377,SKIPPED_PREDICTED_IN_TARGETED,adversarial_example_found_or_best_known,feasibility,true,true,true,true,0.7384724000999636,-11.31621937437328;-9.62066281841146;-9.93916838203988;-4.053343232921428;5.287578958346149;-6.463668344440133;-15.955117081606602;-3.185804291541266;-5.4249607126192725;6.026051358446113,0.0;0.0;0.0;0.0;0.0;0.0;0.0;0.0;0.0;0.0;0.0;0.0;0.0;0.0;0.0;0.0;0.0;0.0;0.0;0.0;0.0;0.0;0.0;0.0;0.0;0.0;0.0;0.0;0.0;0.0;0.0;0.0;0.0;0.0;0.0;0.0;0.0;0.0;0.0;0.0;0.0;0.0;0.0;0.0;0.0;0.0;0.0;0.0;0.0;0.0;0.0;0.0;0.0;0.0;0.0;0.0;0.0;0.0;0.0;0.0;0.0;0.0;0.0;0.0;0.0;0.0;0.0;0.0;0.0;0.0;0.0;0.0;0.0;0.0;0.0;0.0;0.0;0.0;0.0;0.0;0.0;0.0;0.0;0.0;0.0;0.0;0.0;0.0;0.0;0.0;0.0;0.0;0.0;0.0;0.0;0.0;0.0;0.0;0.0;0.0;0.0;0.0;0.0;0.0;0.0;0.0;0.0;0.0;0.0;0.0;0.0;0.0;0.0;0.0;0.0;0.0;0.0;0.0;0.0;0.0;0.0;0.0;0.0;0.0;0.0;0.0;0.0;0.0;0.0;0.0;0.0;0.0;0.0;0.0;0.0;0.0;0.0;0.0;0.0;0.0;0.0;0.0;0.0;0.0;0.0;0.0;0.0;0.0;0.0;0.0;0.0;0.0;0.0;0.0;0.0;0.0;0.0;0.0;0.0;0.0;0.0;0.0;0.0;0.0;0.0;0.0;0.0;0.0;0.0;0.0;0.0;0.0;0.0;0.0;0.0;0.0;0.0;0.0;0.0;0.0;0.0;0.0;0.0;0.0;0.0;0.0;0.0;0.0;0.0;0.0;0.0;0.0;0.0;0.0;0.0;0.0;0.0;0.0;0.0;0.0;0.0;0.0;0.0;0.0;0.0;0.0;0.0;0.0;0.0;0.0;0.0;0.0;0.0;0.0;0.0;0.0;0.0;0.0;0.0;0.0;0.0;0.0;0.0;0.0;0.0;0.0;0.0;0.0;0.0;0.0;0.0;0.0;0.0;0.0;0.0;0.0;0.0;0.0;0.08627450980392157;0.08235294117647059;0.0;0.0;0.0;0.0;0.0;0.0;0.0;0.0;0.0;0.0;0.0;0.0;0.0;0.0;0.0;0.0;0.0;0.0;0.0;0.0;0.0;0.0;0.0;0.0;0.4470588235294118;0.6941176470588235;0.9490196078431372;0.9372549019607843;0.1411764705882353;0.0;0.0;0.0;0.0;0.0;0.0;0.0;0.0;0.0;0.0;0.0;0.0;0.0;0.0;0.0;0.0;0.0;0.0;0.0;0.0;0.023529411764705882;0.44313725490196076;0.5882352941176471;0.984313725490196;0.996078431372549;0.996078431372549;0.9137254901960784;0.12156862745098039;0.0;0.0;0.0;0.0;0.0;0.0;0.0;0.0;0.0;0.0;0.0;0.0;0.0;0.0;0.0;0.0;0.0;0.0;0.09411764705882353;0.3058823529411765;0.7647058823529411;0.996078431372549;0.996078431372549;0.984313725490196;0.8117647058823529;0.996078431372549;0.996078431372549;0.20392156862745098;0.0;0.0;0.0;0.0;0.0;0.0;0.0;0.0;0.0;0.0;0.0;0.0;0.0;0.0;0.0;0.0;0.0;0.25098039215686274;0.807843137254902;1.0;0.996078431372549;0.9803921568627451;0.8588235294117647;0.3686274509803922;0.1411764705882353;0.9294117647058824;0.996078431372549;0.20392156862745098;0.0;0.0;0.0;0.0;0.0;0.0;0.0;0.0;0.0;0.0;0.0;0.0;0.0;0.0;0.0;0.0;0.0;0.07450980392156863;0.5333333333333333;0.403921568627451;0.38823529411764707;0.03137254901960784;0.0;0.0;0.0;0.8392156862745098;0.996078431372549;0.28627450980392155;0.0;0.0;0.0;0.0;0.0;0.0;0.0;0.0;0.0;0.0;0.0;0.0;0.0;0.0;0.0;0.0;0.0;0.0;0.0;0.0;0.0;0.0;0.0;0.0;0.0;0.8392156862745098;0.996078431372549;0.28627450980392155;0.0;0.0;0.0;0.0;0.0;0.0;0.0;0.0;0.0;0.0;0.0;0.0;0.0;0.0;0.0;0.0;0.0;0.17647058823529413;0.5725490196078431;0.5725490196078431;0.5725490196078431;0.5725490196078431;0.5725490196078431;0.5725490196078431;0.5725490196078431;0.9294117647058824;0.996078431372549;0.6588235294117647;0.5725490196078431;0.5725490196078431;0.5725490196078431;0.5725490196078431;0.7725490196078432;0.9803921568627451;0.9803921568627451;0.9803921568627451;0.7450980392156863;0.0;0.0;0.0;0.0;0.0;0.0;0.0;0.0;0.9019607843137255;0.996078431372549;0.996078431372549;0.996078431372549;0.996078431372549;0.996078431372549;0.996078431372549;0.996078431372549;0.996078431372549;0.996078431372549;0.996078431372549;0.996078431372549;0.996078431372549;0.996078431372549;0.996078431372549;0.996078431372549;0.996078431372549;0.984313725490196;0.6509803921568628;0.2196078431372549;0.0;0.0;0.0;0.0;0.0;0.0;0.0;0.0;0.5411764705882353;0.8745098039215686;0.8745098039215686;0.8745098039215686;0.8745098039215686;0.8745098039215686;0.8745098039215686;0.8745098039215686;0.9294117647058824;0.996078431372549;0.8980392156862745;0.8745098039215686;0.7333333333333333;0.4196078431372549;0.1843137254901961;0.09803921568627451;0.058823529411764705;0.058823529411764705;0.0;0.0;0.0;0.0;0.0;0.0;0.0;0.0;0.0;0.0;0.0;0.0;0.0;0.0;0.0;0.0;0.0;0.0;0.30196078431372547;0.6901960784313725;0.1411764705882353;0.0;0.0;0.0;0.0;0.0;0.0;0.0;0.0;0.0;0.0;0.0;0.0;0.0;0.0;0.0;0.0;0.0;0.0;0.0;0.0;0.0;0.0;0.0;0.0;0.0;0.0;0.0;0.0;0.0;0.0;0.0;0.0;0.0;0.0;0.0;0.0;0.0;0.0;0.0;0.0;0.0;0.0;0.0;0.0;0.0;0.0;0.0;0.0;0.0;0.0;0.0;0.0;0.0;0.0;0.0;0.0;0.0;0.0;0.0;0.0;0.0;0.0;0.0;0.0;0.0;0.0;0.0;0.0;0.0;0.0;0.0;0.0;0.0;0.0;0.0;0.0;0.0;0.0;0.0;0.0;0.0;0.0;0.0;0.0;0.0;0.0;0.0;0.0;0.0;0.0;0.0;0.0;0.0;0.0;0.0;0.0;0.0;0.0;0.0;0.0;0.0;0.0;0.0;0.0;0.0;0.0;0.0;0.0;0.0;0.0;0.0;0.0;0.0;0.0;0.0;0.0;0.0;0.0;0.0;0.0;0.0;0.0;0.0;0.0;0.0;0.0;0.0;0.0;0.0;0.0;0.0;0.0;0.0;0.0;0.0;0.0;0.0;0.0;0.0;0.0;0.0;0.0;0.0;0.0;0.0;0.0;0.0;0.0;0.0;0.0;0.0;0.0;0.0;0.0;0.0;0.0;0.0;0.0;0.0;0.0;0.0;0.0;0.0;0.0;0.0;0.0;0.0;0.0;0.0;0.0;0.0;0.0;0.0;0.0;0.0;0.0;0.0;0.0;0.0;0.0;0.0;0.0;0.0;0.0;0.0;0.0;0.0;0.0;0.0;0.0;0.0;0.0;0.0;0.0;0.0;0.0;0.0;0.0;0.0;0.0;0.0;0.0;0.0;0.0;0.0;0.0;0.0;0.0;0.0;0.0;0.0;0.0;0.0;0.0;0.0;0.0;0.0;0.0;0.0;0.0;0.0;0.0;0.0;0.0;0.0;0.0;0.0;0.0;0.0;0.0;0.0;0.0;0.0;0.0;0.0;0.0;0.0;0.0;0.0;0.0;0.0;0.0;0.0;0.0;0.0;0.0;0.0;0.0;0.0;0.0;0.0;0.0;0.0;0.0;0.0;0.0;0.0;0.0;0.0;0.0;0.0;0.0;0.0,0.005884193,0.0,0.0,0.0,,,,,,,,,,,,,,,,,,,,,,,,,,,,,,,,,,
378,INFEASIBLE,certified_no_adversarial_example,feasibility,false,false,false,false,,,,0.648278151,0.027293920516967773,0.0,0.0,0.607128466,0.33310686100000003,0.203976021,0.19211912155151367,0.403152445,0.274021605,0.038125096,9626,164,164,0,3978,0,1595,640,3249,3546,0,0,3,4804,4711,93,3249,1462,0,1757,95,1162,4581,,511,0,
379,INFEASIBLE,certified_no_adversarial_example,feasibility,false,false,false,false,,,,0.612468241,0.022568464279174805,0.0,0.0,0.575890586,0.323620048,0.19430306,0.183060884475708,0.381587526,0.252270538,0.033530432,9626,145,145,0,3985,0,1604,641,3251,3509,0,0,3,4804,4717,87,3251,1466,0,1747,91,1142,4545,,449,0,
380,INFEASIBLE,certified_no_adversarial_example,feasibility,false,false,false,false,,,,0.718653708,0.02358269691467285,0.0,0.0,0.680566593,0.403977767,0.2572808919999999,0.24455022811889648,0.42328570100000007,0.276588826,0.035027499,9626,185,185,0,4034,0,1580,663,3164,4922,0,0,3,4804,4696,108,3164,1532,0,1784,108,1217,4677,,539,0,
381,INFEASIBLE,certified_no_adversarial_example,feasibility,false,false,false,false,,,,0.820910135,0.021878480911254883,0.0,0.0,0.783262331,0.48130382800000004,0.324496415,0.30998754501342773,0.458765916,0.30195850299999993,0.034575965,9626,209,209,0,4076,0,1569,703,3069,6361,0,0,3,4804,4669,135,3069,1600,0,1838,135,1325,4866,,511,0,
382,SKIPPED_PREDICTED_IN_TARGETED,adversarial_example_found_or_best_known,feasibility,true,true,true,true,0.8035999846533031,-6.5366797110128925;-7.846000956749322;0.9836872109167376;3.146723197789054;-8.79486037981519;-6.480337466701446;-13.181225210672011;3.9503231824423573;-5.19205743912975;-3.8832690527601956,0.0;0.0;0.0;0.0;0.0;0.0;0.0;0.0;0.0;0.0;0.0;0.0;0.0;0.0;0.0;0.0;0.0;0.0;0.0;0.0;0.0;0.0;0.0;0.0;0.0;0.0;0.0;0.0;0.0;0.0;0.0;0.0;0.0;0.0;0.0;0.0;0.0;0.0;0.0;0.0;0.0;0.0;0.0;0.0;0.0;0.0;0.0;0.0;0.0;0.0;0.0;0.0;0.0;0.0;0.0;0.0;0.0;0.0;0.0;0.0;0.0;0.0;0.0;0.0;0.29411764705882354;0.7764705882352941;0.16470588235294117;0.0;0.0;0.0;0.0;0.0;0.0;0.0;0.0;0.0;0.0;0.0;0.0;0.0;0.0;0.0;0.0;0.0;0.0;0.0;0.0;0.0;0.0;0.0;0.0;0.0;0.8313725490196079;0.996078431372549;0.792156862745098;0.06666666666666667;0.0;0.0;0.0;0.0;0.0;0.0;0.0;0.0;0.0;0.0;0.0;0.0;0.0;0.0;0.0;0.0;0.0;0.0;0.0;0.0;0.0;0.0;0.0;0.0;0.9490196078431372;0.8274509803921568;0.6274509803921569;0.0392156862745098;0.0;0.0;0.0;0.0;0.0;0.0;0.0;0.0;0.0;0.0;0.0;0.0;0.0;0.0;0.0;0.0;0.0;0.0;0.0;0.0;0.0;0.0;0.0;0.08235294117647059;0.9647058823529412;0.7254901960784313;0.0;0.0;0.0;0.0;0.0;0.0;0.0;0.0;0.0;0.0;0.0;0.0;0.0;0.0;0.0;0.0;0.0;0.0;0.0;0.0;0.0;0.0;0.0;0.0;0.0;0.6039215686274509;0.996078431372549;0.5411764705882353;0.0;0.0;0.0;0.0;0.0;0.0;0.0;0.0;0.0;0.0;0.0;0.0;0.0;0.0;0.0;0.0;0.0;0.0;0.0;0.0;0.0;0.0;0.0;0.0;0.0;0.8235294117647058;0.9058823529411765;0.27058823529411763;0.0;0.0;0.0;0.0;0.0;0.0;0.0;0.0;0.0;0.0;0.0;0.0;0.0;0.0;0.0;0.0;0.0;0.0;0.0;0.0;0.0;0.0;0.0;0.0;0.0;0.6627450980392157;0.996078431372549;0.2901960784313726;0.0;0.0;0.0;0.0;0.0;0.0;0.0;0.0;0.0;0.0;0.0;0.0;0.0;0.0;0.0;0.0;0.0;0.0;0.0;0.0;0.0;0.0;0.0;0.0;0.0;0.23137254901960785;0.9803921568627451;0.2235294117647059;0.0;0.0;0.0;0.0;0.0;0.0;0.0;0.0;0.0;0.0;0.0;0.0;0.0;0.0;0.0;0.0;0.0;0.0;0.0;0.0;0.0;0.0;0.0;0.0;0.0;0.23529411764705882;0.9882352941176471;0.24705882352941178;0.0;0.0;0.0;0.0;0.0;0.0;0.0;0.0;0.0;0.0;0.0;0.0;0.0;0.0;0.0;0.0;0.0;0.0;0.0;0.0;0.0;0.0;0.0;0.0;0.0;0.10196078431372549;0.9647058823529412;0.4627450980392157;0.0;0.0;0.0;0.0;0.0;0.0;0.0;0.0;0.0;0.0;0.0;0.3568627450980392;0.050980392156862744;0.0;0.0;0.0;0.0;0.0;0.0;0.0;0.0;0.0;0.0;0.0;0.0;0.0;0.9490196078431372;0.7411764705882353;0.0;0.0;0.0;0.0;0.0;0.0;0.0;0.0;0.0;0.0;0.0;0.611764705882353;0.5686274509803921;0.0;0.0;0.0;0.0;0.0;0.0;0.0;0.0;0.0;0.0;0.0;0.0;0.0;0.6274509803921569;0.7411764705882353;0.0;0.0;0.0;0.0;0.0;0.0;0.0;0.0;0.0;0.0;0.2196078431372549;0.9490196078431372;0.7411764705882353;0.0;0.0;0.0;0.0;0.0;0.0;0.0;0.0;0.0;0.0;0.0;0.0;0.0;0.27450980392156865;0.9450980392156862;0.06666666666666667;0.0;0.29411764705882354;0.396078431372549;0.0196078431372549;0.0;0.0;0.0;0.0;0.0;0.5607843137254902;0.996078431372549;0.5843137254901961;0.0;0.0;0.0;0.0;0.0;0.0;0.0;0.0;0.0;0.0;0.0;0.0;0.0;0.27450980392156865;0.996078431372549;0.23529411764705882;0.023529411764705882;0.8941176470588236;0.996078431372549;0.6392156862745098;0.07450980392156863;0.0;0.0;0.0;0.10196078431372549;0.9450980392156862;0.996078431372549;0.28627450980392155;0.0;0.0;0.0;0.0;0.0;0.0;0.0;0.0;0.0;0.0;0.0;0.0;0.0;0.06666666666666667;0.9215686274509803;0.5647058823529412;0.14901960784313725;0.9568627450980393;0.996078431372549;0.9686274509803922;0.5843137254901961;0.01568627450980392;0.0;0.0;0.4549019607843137;0.996078431372549;0.8313725490196079;0.16470588235294117;0.0;0.0;0.0;0.0;0.0;0.0;0.0;0.0;0.0;0.0;0.0;0.0;0.0;0.0;0.4588235294117647;0.9372549019607843;0.6862745098039216;0.996078431372549;0.8196078431372549;0.28627450980392155;0.8784313725490196;0.28627450980392155;0.0;0.043137254901960784;0.8588235294117647;0.996078431372549;0.6078431372549019;0.0;0.0;0.0;0.0;0.0;0.0;0.0;0.0;0.0;0.0;0.0;0.0;0.0;0.0;0.0;0.1568627450980392;0.8313725490196079;0.996078431372549;0.996078431372549;0.9254901960784314;0.09411764705882353;0.6823529411764706;0.9607843137254902;0.16470588235294117;0.3686274509803922;0.996078431372549;0.996078431372549;0.47843137254901963;0.0;0.0;0.0;0.0;0.0;0.0;0.0;0.0;0.0;0.0;0.0;0.0;0.0;0.0;0.0;0.0;0.24705882352941178;0.7176470588235294;0.9294117647058824;0.4117647058823529;0.0;0.047058823529411764;0.7411764705882353;0.8666666666666667;0.9372549019607843;0.996078431372549;0.9372549019607843;0.0784313725490196;0.0;0.0;0.0;0.0;0.0;0.0;0.0;0.0;0.0;0.0;0.0;0.0;0.0;0.0;0.0;0.0;0.0;0.44313725490196076;0.9882352941176471;0.35294117647058826;0.0;0.0;0.19215686274509805;0.6823529411764706;1.0;0.9686274509803922;0.3843137254901961;0.0;0.0;0.0;0.0;0.0;0.0;0.0;0.0;0.0;0.0;0.0;0.0;0.0;0.0;0.0;0.0;0.0;0.0;0.07450980392156863;0.2627450980392157;0.0;0.0;0.0;0.0;0.08235294117647059;0.8901960784313725;0.6;0.0;0.0;0.0;0.0;0.0;0.0;0.0;0.0;0.0;0.0;0.0;0.0;0.0;0.0;0.0;0.0;0.0;0.0;0.0;0.0;0.0;0.0;0.0;0.0;0.0;0.0;0.0;0.0;0.0;0.0;0.0;0.0;0.0;0.0;0.0;0.0;0.0;0.0;0.0;0.0;0.0;0.0;0.0;0.0;0.0;0.0;0.0;0.0;0.0;0.0;0.0;0.0;0.0;0.0;0.0;0.0;0.0;0.0;0.0;0.0;0.0;0.0;0.0;0.0;0.0;0.0;0.0;0.0;0.0;0.0;0.0;0.0;0.0;0.0;0.0;0.0;0.0;0.0;0.0;0.0;0.0;0.0;0.0;0.0;0.0;0.0;0.0;0.0;0.0;0.0;0.0;0.0;0.0;0.0;0.0;0.0;0.0;0.0;0.0;0.0;0.0;0.0;0.0;0.0;0.0;0.0;0.0;0.0;0.0;0.0;0.0;0.0;0.0;0.0;0.0;0.0;0.0;0.0;0.0;0.0;0.0;0.0;0.0;0.0;0.0;0.0;0.0;0.0;0.0;0.0;0.0;0.0;0.0;0.0;0.0;0.0;0.0;0.0;0.0;0.0;0.0;0.0;0.0;0.0;0.0;0.0;0.0;0.0;0.0;0.0;0.0;0.0;0.0;0.0;0.0;0.0;0.0;0.0;0.0;0.0;0.0;0.0;0.0;0.0;0.0;0.0;0.0;0.0;0.0;0.0;0.0;0.0;0.0;0.0;0.0;0.0,0.0059202,0.0,0.0,0.0,,,,,,,,,,,,,,,,,,,,,,,,,,,,,,,,,,
383,INFEASIBLE,certified_no_adversarial_example,feasibility,false,false,false,false,,,,0.653205777,0.033158063888549805,0.0,0.0,0.606646835,0.333036439,0.20399518800000002,0.19276785850524902,0.402651647,0.27361039600000003,0.043539652,9626,143,143,0,4057,0,1604,683,3139,3092,0,0,3,4804,4725,79,3139,1586,0,1730,82,1108,4486,,627,0,
384,INFEASIBLE,certified_no_adversarial_example,feasibility,false,false,false,false,,,,0.687896204,0.030322790145874023,0.0,0.0,0.64384645,0.38062213699999997,0.23047696100000004,0.21823763847351074,0.4133694889999999,0.263224313,0.040994757,9626,184,184,0,3992,0,1583,648,3219,3674,0,0,3,4804,4712,92,3219,1493,0,1755,94,1158,4574,,616,0,
385,INFEASIBLE,certified_no_adversarial_example,feasibility,false,false,false,false,,,,0.913319646,0.03186345100402832,0.0,0.0,0.856877489,0.575451917,0.39877008599999997,0.3831980228424072,0.4581074030000001,0.28142557200000007,0.053382941,9626,239,239,0,4085,0,1554,677,3071,7885,0,0,3,4804,4642,162,3071,1571,0,1892,162,1433,5055,,577,0,
386,INFEASIBLE,certified_no_adversarial_example,feasibility,false,false,false,false,,,,0.621344433,0.027047157287597656,0.0,0.0,0.580749023,0.32125431299999996,0.19459454699999998,0.18350648880004883,0.38615447599999997,0.25949471,0.037518253,9626,149,149,0,3969,0,1601,642,3265,2878,0,0,3,4804,4726,78,3265,1461,0,1728,81,1104,4479,,561,0,
387,INFEASIBLE,certified_no_adversarial_example,feasibility,false,false,false,false,,,,0.759962308,0.034499406814575195,0.0,0.0,0.710416434,0.432550653,0.28373621899999996,0.27017998695373535,0.42668021500000003,0.277865781,0.046516585,9626,200,200,0,4038,0,1574,665,3149,5296,0,0,3,4804,4686,118,3149,1537,0,1807,120,1262,4756,,563,0,
388,INFEASIBLE,certified_no_adversarial_example,feasibility,false,false,false,false,,,,0.981965965,0.05235862731933594,0.0,0.0,0.912785808,0.6218871159999999,0.44624057500000003,0.4305095672607422,0.46654523299999995,0.29089869200000007,0.066128155,9626,257,257,0,4026,0,1544,648,3151,7756,0,0,3,4804,4658,146,3151,1507,0,1865,150,1378,4958,,742,0,
389,INFEASIBLE,certified_no_adversarial_example,feasibility,false,false,false,false,,,,0.641931714,0.03550982475280762,0.0,0.0,0.592275674,0.34019805,0.204972893,0.19295001029968262,0.38730278100000004,0.25207762400000006,0.046605631,9626,169,169,0,3988,0,1591,633,3245,3593,0,0,3,4804,4710,94,3245,1465,0,1759,96,1166,4588,,665,0,
390,INFEASIBLE,certified_no_adversarial_example,feasibility,false,false,false,false,,,,0.979730168,0.01738119125366211,0.0,0.0,0.949040612,0.6916526980000001,0.179862024,0.16876649856567383,0.7691785879999999,0.25738791399999994,0.027641181,9626,147,147,0,4031,0,1601,673,3174,2930,0,0,3,4804,4722,82,3174,1548,0,1735,84,1118,4504,,421,0,
391,INFEASIBLE,certified_no_adversarial_example,feasibility,false,false,false,false,,,,0.937422846,0.0320892333984375,0.0,0.0,0.888429544,0.6010480020000001,0.29914116999999996,0.2851755619049072,0.589288374,0.2873815419999999,0.045817769,9626,211,210,0,4100,0,1571,677,3067,4710,0,0,3,4804,4669,135,3067,1602,0,1843,139,1334,4881,,533,0,
392,INFEASIBLE,certified_no_adversarial_example,feasibility,false,false,false,false,,,,0.906626061,0.1732802391052246,0.0,0.0,0.716991474,0.427774882,0.269594455,0.25571298599243164,0.44739701899999995,0.28921659199999994,0.186579848,9626,193,193,0,4091,0,1579,681,3082,5130,0,0,3,4804,4674,130,3082,1592,0,1831,132,1310,4840,,743,0,
393,INFEASIBLE,certified_no_adversarial_example,feasibility,false,false,false,false,,,,0.976413522,0.037209272384643555,0.0,0.0,0.922999981,0.6355410749999999,0.39016667,0.37500715255737305,0.5328333110000001,0.2874589060000001,0.050370485,9626,240,240,0,4034,0,1553,656,3143,7607,0,0,3,4804,4665,139,3143,1522,0,1849,141,1346,4903,,636,0,
394,INFEASIBLE,certified_no_adversarial_example,feasibility,false,false,false,false,,,,0.605189339,0.020711183547973633,0.0,0.0,0.570172289,0.315514179,0.194467861,0.18333053588867188,0.37570442800000003,0.25465811000000005,0.03196559,9626,154,154,0,3985,0,1600,645,3242,2957,0,0,3,4804,4718,86,3242,1476,0,1744,89,1136,4535,,435,0,
395,INFEASIBLE,certified_no_adversarial_example,feasibility,false,false,false,false,,,,1.242678964,0.25322747230529785,0.0,0.0,0.971418329,0.678898027,0.465724253,0.4489004611968994,0.505694076,0.292520302,0.268195007,9626,278,278,0,4034,0,1534,636,3144,9188,0,0,3,4804,4638,166,3144,1494,0,1903,168,1454,5092,,1219,0,
396,INFEASIBLE,certified_no_adversarial_example,feasibility,false,false,false,false,,,,0.988588738,0.03424358367919922,0.0,0.0,0.936705837,0.64516744,0.444226358,0.4279327392578125,0.492479479,0.29153839699999995,0.048842871,9626,266,266,0,4080,0,1536,674,3070,8359,0,0,3,4804,4642,162,3070,1572,0,1896,165,1440,5067,,524,0,
397,INFEASIBLE,certified_no_adversarial_example,feasibility,false,false,false,false,,,,0.755052603,0.021911144256591797,0.0,0.0,0.718033218,0.445304134,0.285958395,0.27309584617614746,0.432074823,0.27272908399999995,0.033989545,9626,185,185,0,4065,0,1583,664,3129,5618,0,0,3,4804,4685,119,3129,1556,0,1809,121,1266,4763,,472,0,
398,INFEASIBLE,certified_no_adversarial_example,feasibility,false,false,false,false,,,,0.795679556,0.022494792938232422,0.0,0.0,0.757883831,0.484994257,0.319477674,0.3068816661834717,0.438406157,0.272889574,0.034746609,9626,166,166,0,4041,0,1591,690,3138,5648,0,0,3,4804,4685,119,3138,1547,0,1809,121,1266,4763,,456,0,
399,INFEASIBLE,certified_no_adversarial_example,feasibility,false,false,false,false,,,,0.683101314,0.02245497703552246,0.0,0.0,0.646031685,0.38028233,0.248281445,0.2250823974609375,0.39775024,0.26574935499999996,0.034000835,9626,175,175,0,4029,0,1588,670,3164,4086,0,0,3,4804,4698,106,3164,1534,0,1780,106,1209,4663,,502,0,
400,INFEASIBLE,certified_no_adversarial_example,feasibility,false,false,false,false,,,,0.677251095,0.0241241455078125,0.0,0.0,0.638248045,0.362480729,0.224487115,0.2120835781097412,0.41376093,0.275767316,0.035920562,9626,178,178,0,4038,0,1586,679,3145,3365,0,0,3,4804,4701,103,3145,1556,0,1778,106,1204,4654,,489,0,
401,INFEASIBLE,certified_no_adversarial_example,feasibility,false,false,false,false,,,,0.834412652,0.018018484115600586,0.0,0.0,0.799993184,0.517333668,0.34867875,0.3338332176208496,0.451314434,0.28265951599999994,0.0313696,9626,231,231,0,4088,0,1555,672,3080,6482,0,0,3,4804,4662,142,3080,1582,0,1857,146,1362,4930,,169,0,
402,INFEASIBLE,certified_no_adversarial_example,feasibility,false,false,false,false,,,,0.851517314,0.044280290603637695,0.0,0.0,0.791293412,0.516910859,0.3733608520000002,0.30502796173095703,0.41793255999999984,0.27438255300000003,0.057175818,9626,210,210,0,4048,0,1567,665,3136,6490,0,0,3,4804,4672,132,3136,1536,0,1835,134,1318,4854,,752,0,
403,INFEASIBLE,certified_no_adversarial_example,feasibility,false,false,false,false,,,,1.34723347,0.05409979820251465,0.0,0.0,1.27469278,0.9705173729999998,0.46933227,0.45214295387268066,0.8053605100000001,0.30417540700000023,0.069292392,9626,274,274,0,4094,0,1536,702,3020,8644,0,0,3,4804,4624,180,3020,1604,0,1931,182,1510,5190,,753,0,
404,INFEASIBLE,certified_no_adversarial_example,feasibility,false,false,false,false,,,,1.347812698,0.5052812099456787,,0.0,0.824543736,0.53048574,0.3625748670000001,0.347886323928833,0.4619688689999999,0.29405799599999993,0.520218874,9626,217,217,0,4057,0,1568,664,3120,7693,0,0,3,4804,4651,153,3120,1531,0,1879,157,1406,5007,,1392,0,
405,INFEASIBLE,certified_no_adversarial_example,feasibility,false,false,false,false,,,,1.106431006,0.20118379592895508,0.0,0.0,0.889374764,0.545118467,0.36477638099999987,0.34997105598449707,0.5245983830000002,0.34425629700000004,0.213986617,9626,218,218,0,4051,0,1566,675,3116,7390,0,0,3,4804,4670,134,3116,1554,0,1839,136,1326,4868,,878,0,
406,INFEASIBLE,certified_no_adversarial_example,feasibility,false,false,false,false,,,,0.67306599,0.023590087890625,0.0,0.0,0.63439605,0.35879367799999995,0.227315759,0.21480107307434082,0.407080291,0.27560237200000004,0.035601828,9626,181,181,0,4071,0,1585,692,3097,3454,0,0,3,4804,4695,109,3097,1598,0,1786,109,1221,4684,,535,0,
407,INFEASIBLE,certified_no_adversarial_example,feasibility,false,false,false,false,,,,1.238667746,0.47487664222717285,,0.0,0.747728666,0.458359581,0.290251549,0.2769455909729004,0.457477117,0.28936908499999997,0.487883672,9626,188,188,0,4122,0,1580,694,3042,5613,0,0,3,4804,4669,135,3042,1627,0,1843,139,1334,4881,,1241,0,
408,INFEASIBLE,certified_no_adversarial_example,feasibility,false,false,false,false,,,,0.740180696,0.02615952491760254,0.0,0.0,0.699480464,0.425471099,0.254123874,0.24079084396362305,0.44535658999999994,0.27400936499999995,0.037641227,9626,181,181,0,4077,0,1585,694,3089,3756,0,0,3,4804,4699,105,3089,1610,0,1781,107,1210,4665,,558,0,
409,INFEASIBLE,certified_no_adversarial_example,feasibility,false,false,false,false,,,,0.961500311,0.045162200927734375,0.0,0.0,0.898670229,0.609190114,0.4301826900000001,0.41452956199645996,0.46848753899999995,0.28948011500000004,0.059782148,9626,245,245,0,4070,0,1554,682,3075,7910,0,0,3,4804,4644,160,3075,1569,0,1892,163,1432,5053,,668,0,
410,INFEASIBLE,certified_no_adversarial_example,feasibility,false,false,false,false,,,,0.571037774,0.014305353164672852,0.0,0.0,0.544091265,0.303302605,0.161238904,0.15117216110229492,0.3828523610000001,0.24078866000000004,0.023887003,9626,117,117,0,3993,0,1617,660,3239,2752,0,0,3,4804,4736,68,3239,1497,0,1704,68,1057,4397,,410,0,
411,INFEASIBLE,certified_no_adversarial_example,feasibility,false,false,false,false,,,,0.661265024,0.021556854248046875,0.0,0.0,0.625787799,0.36510108399999996,0.21707895499999996,0.2048964500427246,0.40870884400000007,0.26068671500000007,0.032404705,9626,170,170,0,4024,0,1590,669,3173,3757,0,0,3,4804,4709,95,3173,1536,0,1761,97,1170,4595,,504,0,
412,INFEASIBLE,certified_no_adversarial_example,feasibility,false,false,false,false,,,,0.626987651,0.02316141128540039,0.0,0.0,0.590711454,0.33375683600000006,0.19730673999999998,0.1862342357635498,0.39340471400000004,0.25695461799999997,0.03320997,9626,145,145,0,4003,0,1603,644,3231,3435,0,0,3,4804,4724,80,3231,1493,0,1728,80,1105,4481,,520,0,
413,INFEASIBLE,certified_no_adversarial_example,feasibility,false,false,false,false,,,,0.719007954,0.05736994743347168,0.0,0.0,0.647663585,0.370363414,0.21981066099999996,0.2075486183166504,0.427852924,0.277300171,0.068312544,9626,161,161,0,4103,0,1592,706,3064,3901,0,0,3,4804,4708,96,3064,1644,0,1760,96,1169,4593,,628,0,
414,INFEASIBLE,certified_no_adversarial_example,feasibility,false,false,false,false,,,,0.705086947,0.04070329666137695,0.0,0.0,0.649512135,0.385426077,0.235347898,0.2231004238128662,0.41416423700000005,0.26408605800000007,0.052515567,9626,164,164,0,4068,0,1595,685,3114,4288,0,0,3,4804,4693,111,3114,1579,0,1793,113,1234,4707,,776,0,
415,INFEASIBLE,certified_no_adversarial_example,feasibility,false,false,false,false,,,,1.037875138,0.19608378410339355,0.0,0.0,0.826434492,0.541668319,0.38734808899999995,0.37366414070129395,0.439086403,0.28476617299999996,0.208390435,9626,209,209,0,4029,0,1570,639,3179,7050,0,0,3,4804,4686,118,3179,1507,0,1807,120,1262,4756,,900,0,
416,INFEASIBLE,certified_no_adversarial_example,feasibility,false,false,false,false,,,,1.038406712,0.028844356536865234,0.0,0.0,0.995574197,0.68373696,0.21428964700000003,0.2020585536956787,0.7812845500000001,0.3118372370000001,0.03977937,9626,168,168,0,4021,0,1590,657,3190,3554,0,0,3,4804,4707,97,3190,1517,0,1762,97,1173,4600,,623,0,
417,INFEASIBLE,certified_no_adversarial_example,feasibility,false,false,false,false,,,,0.538768619,0.014642953872680664,0.0,0.0,0.511270608,0.26209396399999996,0.145904555,0.13573074340820312,0.365366053,0.24917664400000006,0.024461968,9626,127,127,0,3989,0,1613,658,3239,2308,0,0,3,4804,4734,70,3239,1495,0,1708,70,1065,4411,,424,0,
418,INFEASIBLE,certified_no_adversarial_example,feasibility,false,false,false,false,,,,0.807264744,0.05463147163391113,0.0,0.0,0.736419326,0.45863796999999995,0.286984986,0.27285337448120117,0.44943434000000004,0.2777813560000001,0.067782925,9626,223,223,0,4036,0,1560,641,3166,5525,0,0,3,4804,4685,119,3166,1519,0,1811,123,1270,4769,,850,0,
419,INFEASIBLE,certified_no_adversarial_example,feasibility,false,false,false,false,,,,0.975575568,0.033681392669677734,0.0,0.0,0.924096659,0.623752044,0.43285250000000003,0.41617369651794434,0.491244159,0.3003446150000001,0.048442968,9626,263,263,0,4064,0,1538,654,3107,8378,0,0,3,4804,4652,152,3107,1545,0,1876,155,1400,4997,,545,0,
420,INFEASIBLE,certified_no_adversarial_example,feasibility,false,false,false,false,,,,0.802631957,0.05361628532409668,0.0,0.0,0.733751191,0.47715760800000007,0.27438620599999997,0.26152634620666504,0.459364985,0.2565935829999999,0.065825787,9626,189,189,0,3981,0,1582,629,3245,5176,0,0,3,4804,4694,110,3245,1449,0,1792,113,1232,4703,,863,0,
421,INFEASIBLE,certified_no_adversarial_example,feasibility,false,false,false,false,,,,0.94538131,0.14203572273254395,0.0,0.0,0.787075539,0.5088009099999999,0.33000328400000006,0.31552815437316895,0.457072255,0.2782746290000001,0.155259007,9626,215,215,0,4016,0,1569,654,3172,6383,0,0,3,4804,4669,135,3172,1497,0,1843,139,1334,4881,,718,0,
422,INFEASIBLE,certified_no_adversarial_example,feasibility,false,false,false,false,,,,0.954560241,0.056400299072265625,0.0,0.0,0.880675174,0.575388555,0.40556277300000004,0.38954615592956543,0.4751124009999999,0.305286619,0.070826952,9626,262,262,0,4051,0,1541,688,3084,7042,0,0,3,4804,4657,147,3084,1573,0,1869,153,1386,4971,,773,0,
423,INFEASIBLE,certified_no_adversarial_example,feasibility,false,false,false,false,,,,0.729479066,0.025350093841552734,0.0,0.0,0.689477391,0.424736562,0.266261886,0.25313639640808105,0.42321550500000005,0.26474082900000007,0.036951125,9626,185,185,0,4039,0,1578,650,3174,5500,0,0,3,4804,4697,107,3174,1523,0,1786,110,1220,4682,,482,0,
424,INFEASIBLE,certified_no_adversarial_example,feasibility,false,false,false,false,,,,0.783814522,0.02418231964111328,0.0,0.0,0.735086072,0.469124457,0.310094003,0.29691314697265625,0.424992069,0.265961615,0.045685635,9626,196,196,0,4048,0,1577,667,3138,5637,0,0,3,4804,4678,126,3138,1540,0,1820,126,1289,4803,,539,0,
425,INFEASIBLE,certified_no_adversarial_example,feasibility,false,false,false,false,,,,1.110955097,0.043601274490356445,0.0,0.0,1.048625741,0.7448381079999999,0.5470814360000001,0.5283408164978027,0.5015443049999998,0.303787633,0.059293345,9626,323,323,0,4075,0,1511,667,3050,9559,0,0,3,4804,4619,185,3050,1569,0,1942,188,1532,5228,,619,0,
426,INFEASIBLE,certified_no_adversarial_example,feasibility,false,false,false,false,,,,0.674419022,0.02578902244567871,0.0,0.0,0.634158252,0.34929378,0.220973808,0.2093193531036377,0.413184444,0.284864472,0.03721971,9626,156,156,0,4055,0,1599,726,3090,3900,0,0,3,4804,4701,103,3090,1611,0,1777,105,1202,4651,,568,0,
427,INFEASIBLE,certified_no_adversarial_example,feasibility,false,false,false,false,,,,0.741239056,0.04176521301269531,0.0,0.0,0.684148888,0.403133926,0.2697673139999999,0.25667595863342285,0.41438157400000003,0.281014962,0.054062393,9626,186,186,0,4018,0,1582,642,3198,5380,0,0,3,4804,4691,113,3198,1493,0,1799,117,1246,4727,,676,0,
428,INFEASIBLE,certified_no_adversarial_example,feasibility,false,false,false,false,,,,0.739576591,0.05852198600769043,0.0,0.0,0.665983383,0.414344291,0.26209066599999997,0.24956321716308594,0.40389271700000007,0.25163909200000006,0.070515309,9626,188,188,0,3983,0,1581,641,3233,4394,0,0,3,4804,4706,98,3233,1473,0,1771,104,1190,4628,,968,0,
429,INFEASIBLE,certified_no_adversarial_example,feasibility,false,false,false,false,,,,0.833253618,0.03069901466369629,0.0,0.0,0.786364905,0.485113936,0.3272884300000001,0.3124570846557617,0.45907647499999993,0.301250969,0.043813307,9626,212,212,0,4042,0,1569,666,3137,5804,0,0,3,4804,4677,127,3137,1540,0,1826,130,1300,4822,,573,0,
430,INFEASIBLE,certified_no_adversarial_example,feasibility,false,false,false,false,,,,1.230551934,0.029165983200073242,0.0,0.0,1.185104094,0.8463845680000001,0.3346351860000001,0.3194739818572998,0.8504689079999999,0.3387195259999999,0.042408794,9626,218,218,0,4056,0,1566,675,3111,6646,0,0,3,4804,4667,137,3111,1556,0,1845,139,1338,4889,,554,0,
431,INFEASIBLE,certified_no_adversarial_example,feasibility,false,false,false,false,,,,0.667795157,0.01975870132446289,0.0,0.0,0.633517413,0.376882551,0.23665126300000006,0.22429752349853516,0.3968661499999999,0.25663486199999996,0.031225151,9626,177,177,0,3984,0,1587,638,3240,3899,0,0,3,4804,4707,97,3240,1467,0,1762,97,1173,4600,,446,0,
432,INFEASIBLE,certified_no_adversarial_example,feasibility,false,false,false,false,,,,1.646748762,0.4114041328430176,0.0,0.0,1.21316846,0.8774990779999999,0.663002197,0.64156174659729,0.5501662629999999,0.33566938199999996,0.430499798,9626,372,372,0,4065,0,1487,661,3041,11867,0,0,3,4804,4581,223,3041,1540,0,2018,226,1684,5494,,1412,0,
433,INFEASIBLE,certified_no_adversarial_example,feasibility,false,false,false,false,,,,0.750417368,0.022783756256103516,0.0,0.0,0.712618755,0.38334215499999996,0.23460842599999993,0.22172904014587402,0.4780103290000001,0.3292766000000001,0.034754656,9626,190,190,0,4011,0,1580,650,3195,3924,0,0,3,4804,4698,106,3195,1503,0,1784,109,1216,4675,,457,0,
434,INFEASIBLE,certified_no_adversarial_example,feasibility,false,false,false,false,,,,0.850832458,0.04285383224487305,0.0,0.0,0.791224201,0.512644587,0.35327506699999994,0.3385200500488281,0.4379491340000001,0.278579614,0.056571423,9626,219,219,0,4055,0,1566,667,3119,6822,0,0,3,4804,4662,142,3119,1543,0,1855,144,1358,4924,,690,0,
435,INFEASIBLE,certified_no_adversarial_example,feasibility,false,false,false,false,,,,0.762739207,0.03778362274169922,0.0,0.0,0.709929982,0.441775716,0.27186309200000003,0.2596595287322998,0.43806689,0.26815426600000003,0.049760149,9626,172,172,0,4020,0,1591,649,3194,5279,0,0,3,4804,4696,108,3194,1502,0,1789,112,1226,4692,,637,0,
436,INFEASIBLE,certified_no_adversarial_example,feasibility,false,false,false,false,,,,0.655543782,0.034827470779418945,0.0,0.0,0.606465808,0.322793339,0.19303908800000003,0.18152451515197754,0.41342672,0.28367246900000004,0.045999513,9626,145,145,0,4048,0,1602,672,3159,3790,0,0,3,4804,4711,93,3159,1552,0,1759,97,1166,4587,,663,0,
437,INFEASIBLE,certified_no_adversarial_example,feasibility,false,false,false,false,,,,0.838071568,0.038269758224487305,0.0,0.0,0.783370379,0.505662356,0.344223764,0.32956433296203613,0.43914661499999996,0.27770802299999997,0.051654016,9626,216,216,0,4059,0,1561,668,3122,7254,0,0,3,4804,4662,142,3122,1540,0,1856,145,1360,4927,,617,0,
438,INFEASIBLE,certified_no_adversarial_example,feasibility,false,false,false,false,,,,0.813954003,0.03696417808532715,0.0,0.0,0.761234676,0.47430676600000005,0.31019355800000004,0.29695749282836914,0.451041118,0.28692791,0.049675961,9626,188,188,0,4130,0,1581,723,3004,5584,0,0,3,4804,4673,131,3004,1669,0,1833,133,1314,4847,,666,0,
439,INFEASIBLE,certified_no_adversarial_example,feasibility,false,false,false,false,,,,0.760377515,0.03647184371948242,0.0,0.0,0.708784533,0.423637806,0.278030028,0.26504015922546387,0.430754505,0.285146727,0.048530582,9626,191,191,0,4020,0,1579,659,3177,5021,0,0,3,4804,4687,117,3177,1510,0,1802,117,1253,4740,,674,0,
440,INFEASIBLE,certified_no_adversarial_example,feasibility,false,false,false,false,,,,0.788727216,0.0321500301361084,0.0,0.0,0.740417477,0.463652285,0.3122247610000001,0.2981739044189453,0.428192716,0.27676519200000005,0.045263609,9626,215,215,0,4030,0,1569,646,3166,5489,0,0,3,4804,4669,135,3166,1503,0,1841,137,1330,4875,,553,0,
441,INFEASIBLE,certified_no_adversarial_example,feasibility,false,false,false,false,,,,1.000139322,0.04987049102783203,0.0,0.0,0.932305509,0.620788492,0.438928856,0.42286038398742676,0.493376653,0.311517017,0.06478124,9626,260,260,0,4159,0,1546,696,2965,7877,0,0,3,4804,4635,169,2965,1670,0,1912,174,1472,5122,,700,0,
442,INFEASIBLE,certified_no_adversarial_example,feasibility,false,false,false,false,,,,0.857134646,0.035336971282958984,0.0,0.0,0.805653304,0.519595806,0.354130183,0.339968204498291,0.451523121,0.286057498,0.048415144,9626,208,208,0,4065,0,1572,683,3098,6399,0,0,3,4804,4666,138,3098,1568,0,1844,138,1337,4887,,668,0,
443,INFEASIBLE,certified_no_adversarial_example,feasibility,false,false,false,false,,,,0.791448184,0.024962425231933594,0.0,0.0,0.751062339,0.465060501,0.310359631,0.296006441116333,0.44070270799999994,0.28600183799999995,0.037335887,9626,225,225,0,4070,0,1558,667,3106,5784,0,0,3,4804,4679,125,3106,1573,0,1821,127,1290,4805,,515,0,
444,INFEASIBLE,certified_no_adversarial_example,feasibility,false,false,false,false,,,,2.142297154,0.7438814640045166,,0.0,1.379957447,0.710996048,0.544008442,0.5263633728027344,0.835949005,0.668961399,0.75928527,9626,315,315,0,4021,0,1516,612,3162,9105,0,0,3,4804,4627,177,3162,1465,0,1925,179,1498,5169,,1756,0,
445,OPTIMAL,adversarial_example_found_or_best_known,feasibility,true,true,true,true,7.993605777301127e-15,-8.407445521095221;-10.370647702907048;4.9458121019429955;1.347520727667154;-16.1693858261442;-10.451655249611832;-14.870665491476043;-2.69548606250555;4.9458121019430035;-5.049192139166517,0.0;0.1;0.1;0.0;0.0;0.0;0.0;0.1;0.1;0.0;0.0;0.0;0.1;0.0;0.0;0.1;0.1;0.1;0.1;0.0;0.0;0.0;0.0;0.0;0.0;0.1;0.1;0.0;0.1;0.1;0.1;0.1;0.1;0.1;0.1;0.1;0.1;0.0;0.0;0.1;0.1;0.1;0.1;0.0;0.0;0.0;0.0;0.0;0.1;0.1;0.0;0.1;0.1;0.1;0.1;0.0;0.0;0.1;0.1;0.0;0.0;0.1;0.0;0.1;0.1;0.0;0.0;0.1;0.1;0.1;0.1;0.1;0.1;0.1;0.1;0.0;0.0;0.1;0.0;0.0;0.0;0.0;0.1;0.0;0.0;0.0;0.0;0.0;0.1;0.1;0.0;0.1;0.1;0.0;0.1;0.1;0.1;0.1;0.1;0.1;0.0;0.1;0.0;0.0;0.1;0.1;0.1;0.1;0.1;0.1;0.0;0.0;0.0;0.0;0.0;0.0;0.0;0.0;0.0;0.1;0.1;0.0;0.0;0.1;0.1;0.1;0.1;0.1;0.0;0.1;0.1;0.0;0.0;0.0;0.0;0.0;0.0;0.0;0.0;0.0;0.1;0.1;0.1;0.1;0.1;0.0;0.0;0.1;0.1;0.0;0.1;0.0;0.1;0.1;0.1;0.0;0.1;0.0;0.1;0.1;0.1;0.1;0.1;0.1;0.0;0.1;0.0;0.0;0.0;0.1;0.0;0.1;0.1;0.0;0.0;0.1;0.0;0.0;0.0;0.0;0.0;0.1;0.1;0.1;0.1;0.1;0.1;0.0;0.44228789237014976;0.7313725490196078;0.5313725490196078;0.5705882352941176;0.0;0.0;0.0;0.0;0.1;0.1;0.0;0.0;0.1;0.1;0.1;0.10245055746661842;0.17450980392156865;0.0;0.1;0.0;0.1;0.1;0.1;0.1;0.1;0.0;0.0;0.1624786382849318;0.7705882352941177;0.8882352941176471;0.8882352941176471;1.0;0.11176470588235293;0.0;0.0;0.0;0.0;0.1;0.1;0.0;0.0;0.0;0.09899981832335718;0.7431372549019608;0.8882352941176471;0.1549019607843137;0.0;0.0;0.0;0.1;0.1;0.1;0.1;0.0;0.0;0.7235294117647059;0.8921568627450981;1.0;0.8882352941176471;1.0;0.4372549019607843;0.0;0.0;0.0;0.1;0.1;0.1;0.1;0.0;0.1;0.10205697286723256;0.8647058823529412;0.8882352941176471;0.5094871488776975;0.1;0.0;0.1;0.1;0.1;0.1;0.1;0.04082921521986081;0.6333333333333333;0.8803921568627451;0.8921568627450981;0.44711120817759514;0.6450980392156863;0.8882352941176471;0.6124204259466586;0.1;0.0;0.1;0.1;0.1;0.1;0.0;0.0;0.0;0.09574237791627516;1.0;0.8921568627450981;0.6882352941176471;0.0;0.0;0.0;0.1;0.1;0.1;0.09889497873027912;0.29215686274509806;1.0;0.8921568627450981;0.5196078431372549;0.1;0.8254901960784313;1.0;0.6450980392156863;0.1;0.0;0.0;0.0;0.1;0.0;0.0;0.0;0.0;0.4336883549684621;1.0;0.8215686274509804;0.6238550093993053;0.1;0.0;0.1;0.1;0.1;0.1;0.30000000000000004;0.7941176470588236;0.8882352941176471;0.8058823529411765;0.1;0.10334292716801635;0.6725490196078432;0.9305486338923222;0.6372549019607843;0.1;0.0;0.1;0.1;0.0;0.0;0.0;0.0;0.0;0.8294117647058823;1.0;0.4019607843137255;0.025490196078431365;0.0;0.0;0.0;0.1;0.1;0.12745098039215685;0.8019915984420898;1.0;0.7901960784313725;0.08823529411764705;0.0;0.28431372549019607;0.8882352941176471;1.0;0.31176470588235294;0.1;0.1;0.1;0.0;0.1;0.0;0.1;0.0;0.10247295779532586;1.0;0.7918988497974144;0.013725490196078424;0.0;0.0;0.0;0.1;0.0;0.0;0.34539256964473447;0.8882352941176471;1.0;0.5666666666666667;0.0;0.1;0.29975091845360624;1.0;1.0;0.0;0.0;0.0;0.0;0.1;0.1;0.0;0.09435127667722297;0.1;0.6019607843137255;0.8882352941176471;0.6176470588235294;0.0;0.0;0.0;0.0;0.0;0.1;0.307843137254902;0.8529411764705882;0.8882352941176471;0.9666666666666667;0.11449242730621106;0.1;0.14313725490196078;0.896078431372549;0.7666666666666667;0.27647058823529413;0.0;0.1;0.0;0.1;0.1;0.1;0.0;0.1;0.0;0.6321714165069583;0.8921568627450981;0.6215686274509804;0.0;0.0;0.0;0.0;0.1;0.13529411764705884;0.8098039215686275;0.9;0.8784031829939479;0.22549019607843138;0.0;0.1;0.23333333333333334;0.8921568627450981;0.7658604949367138;0.0;0.0;0.1;0.1;0.1;0.1;0.0;0.0;0.1;0.0;0.6411764705882352;0.8882352941176471;0.5352941176470588;0.0;0.1;0.0;0.0;0.09804079542987597;0.7509803921568627;0.8882352941176471;0.8764705882352941;0.3941176470588236;0.1;0.09928691915813234;0.1;0.5627450980392157;1.0;0.1196078431372549;0.0;0.0;0.1;0.1;0.1;0.0;0.1;0.0;0.1;0.0;0.7121275161323546;1.0;0.28382521916386727;0.0;0.1;0.0;0.1;0.47507853224508;0.8411764705882353;0.8882352941176471;0.34705882352941175;0.1;0.1;0.1;0.0;0.0;0.11979269342789912;0.0;0.1;0.0;0.0;0.0;0.1;0.1;0.0;0.0;0.0;0.09892697054241723;0.8058823529411765;1.0;0.37058823529411766;0.1;0.1;0.09959271394936833;0.5470588235294118;0.8411764705882353;0.8882352941176471;0.3549019607843137;0.0;0.0;0.1;0.1;0.0;0.0;0.1;0.1;0.0;0.0;0.0;0.0;0.1;0.0;0.0;0.0;0.1;0.0;0.8921568627450981;0.8882352941176471;0.24201645454701848;0.0;0.0;0.4019607843137255;1.0;1.0;0.6989214994392341;0.10624406891393395;0.0;0.1;0.0;0.1;0.0;0.1;0.0;0.0;0.1;0.0;0.0;0.0;0.1;0.1;0.0;0.0;0.1;0.0984048097822344;0.8490196078431372;1.0;0.40980392156862744;0.0;0.6098039215686275;0.9;1.0;0.4206839435889308;0.1;0.0;0.0;0.0;0.1;0.1;0.1;0.1;0.0;0.0;0.1;0.1;0.0;0.0;0.1;0.1;0.1;0.0;0.1;0.0;0.47782017029029983;1.0;0.7933577779777453;0.8607843137254901;0.8882352941176471;1.0;0.4176470588235295;0.13247947130672558;0.1;0.0;0.0;0.0;0.0;0.1;0.0;0.1;0.0;0.0;0.0;0.0;0.03721650801967651;0.0;0.1;0.0;0.0;0.0;0.1;0.0;0.08823529411764705;0.7901960784313725;0.8882352941176471;0.9901960784313725;0.6176470588235294;0.5509803921568628;0.1;0.0;0.1;0.1;0.0;0.0;0.0;0.1;0.1;0.1;0.0;0.1;0.0;0.1;0.0;0.0;0.1;0.1;0.1;0.0;0.1;0.08784345632350264;0.1;0.10584924873899343;0.10415246320310825;0.21372549019607845;0.1;0.0;0.1;0.005187999888632289;0.1;0.1;0.1;0.0;0.0;0.0;0.1;0.1;0.1;0.1;0.1;0.1;0.0;0.0;0.0;0.0;0.0;0.0;0.0;0.0;0.0;0.0;0.0;0.0;0.1;0.0;0.1;0.1;0.1;0.1;0.1;0.1;0.0;0.0;0.1;0.1;0.0;0.0;0.0;0.0;0.0;0.0;0.0;0.1;0.0;0.1;0.0;0.1;0.0;0.0;0.0;0.1;0.0;0.0;0.0;0.1;0.0;0.1;0.1;0.0;0.1;0.0;0.1;0.1;0.1;0.1;0.021528640114494912;0.0;0.0;0.0;0.1;0.1;0.0;0.0;0.0;0.0;0.0;0.0;0.0;0.0;0.0;0.1;0.0;0.1;0.1;0.1;0.1;0.1;0.0;0.0;0.1;0.1;0.1;0.1;0.1;0.1;0.0;0.0;0.0;0.1;0.0;0.0;0.0;0.1;0.0;0.0;0.0;0.1;0.0;0.1;0.0;0.1;0.0;0.1;0.1;0.0;0.1;0.1;0.0;0.1;0.1;0.1;0.1;0.0;0.0;0.0;0.0,2.250516058,1.291590690612793,0.0,0.0,0.938249062,0.645739127,0.47279161000000003,0.4573371410369873,0.465457452,0.292509935,1.305830251,9626,240,240,0,4070,0,1552,669,3095,8125,0,0,3,4804,4654,150,3095,1559,0,1868,150,1385,4971,1,11302,,0.0
446,OPTIMAL,adversarial_example_found_or_best_known,feasibility,true,true,true,true,-2.4868995751603507e-14,4.293490522776047;-24.79581676987859;-8.218838582679274;-10.399990039190989;-4.804470959654268;-2.4254076077190554;4.293490522776072;-9.039909788632878;-9.254069456018977;-5.191276832869618,0.0;0.1;0.1;0.0;0.0;0.1;0.1;0.0;0.0;0.0;0.1;0.1;0.1;0.1;0.1;0.0;0.0;0.1;0.1;0.0;0.1;0.0;0.0;0.1;0.1;0.0;0.0;0.0;0.0;0.1;0.1;0.1;0.1;0.1;0.1;0.1;0.0;0.0;0.1;0.0;0.1;0.1;0.1;0.0;0.1;0.1;0.0;0.0;0.0;0.0;0.0;0.1;0.0;0.1;0.1;0.0;0.0;0.0;0.1;0.0;0.0;0.1;0.0;0.1;0.1;0.0;0.0;0.0;0.0;0.1;0.1;0.0;0.0;0.1;0.1;0.0;0.1;0.0;0.0;0.1;0.1;0.1;0.1;0.0;0.0;0.0;0.0;0.0;0.0;0.0;0.0;0.1;0.0;0.1;0.0;0.1;0.0;0.0;0.1;0.1;0.1;0.1;0.0;0.0;0.1;0.1;0.1;0.1;0.1;0.1;0.1;0.1;0.0;0.0;0.0;0.0;0.0;0.1;0.0;0.1;0.1;0.0;0.0;0.0;0.0;0.0;0.0;0.0;0.1;0.1;0.1;0.0;0.0;0.0;0.0;0.0;0.0;0.1;0.1;0.0;0.0;0.1;0.1;0.1;0.0;0.0;0.0;0.1;0.1;0.1;0.1;0.1;0.0;0.1;0.1;0.5740621326678158;1.0;0.9;1.0;0.926003158813587;0.0;0.0;0.0;0.0;0.0;0.0;0.06649182271378432;0.0;0.0;0.0;0.0;0.1;0.1;0.0;0.0;0.0;0.0;0.1;0.1;0.0;0.1;0.3156862745098039;0.5196078431372549;0.8803921568627451;0.8921568627450981;1.0;1.0;0.8411764705882353;0.7092984084847802;0.04901960784313725;0.0;0.0;0.0;0.1;0.1;0.0;0.1;0.0;0.0;0.1;0.1;0.0;0.1;0.0;0.1;0.0;0.1;0.0019607843137254832;0.6411764705882353;0.8490196078431372;1.0;0.7945914717709782;0.737675443136513;0.7958910913850625;0.8921568627450981;0.8921568627450981;0.6725490196078431;0.0;0.0;0.0;0.0;0.1;0.0;0.1;0.0;0.0;0.0;0.1;0.1;0.0;0.0;0.0;0.0;0.37058823529411766;0.4490196078431373;0.6333333333333333;1.0;0.9;0.5431372549019607;0.0;0.0;0.0;0.8254901960784313;1.0;0.892156862745098;0.033333333333333326;0.0;0.0;0.0;0.1;0.0;0.0;0.0;0.0;0.1;0.1;0.1;0.0;0.14313725490196078;0.10704417660321976;0.6372549019607844;0.7025270366417643;0.8450980392156863;0.1861666596690059;0.8333333333333333;0.20763716914954689;0.1;0.1;0.1;0.1;0.10563249879404867;0.6296479759808088;0.8921568627450981;0.7313725490196079;0.0;0.0;0.01719492944696579;0.1;0.0;0.0;0.1;0.0;0.1;0.1;0.1;0.0;0.4764705882352941;0.8921568627450981;0.7196078431372549;0.1;0.0;0.10392156862745097;0.9509803921568627;0.5470588235294118;0.0;0.1;0.1;0.1;0.0;0.2411764705882353;0.8921568627450981;0.8215686274509804;0.0;0.0;0.0;0.1;0.0;0.0;0.0;0.0;0.1;0.0;0.1;0.36193808111569703;0.6392820654419468;0.10392156862745097;0.2686274509803921;0.1;0.0;0.10355747177492196;0.10494397533239688;0.23333333333333334;0.1;0.1;0.1;0.0;0.0;0.5862745098039216;1.0;0.8215686274509804;0.1;0.0;0.1;0.0;0.0;0.0;0.1;0.1;0.1;0.0;0.1;0.0;0.0;0.0;0.0;0.1;0.0;0.0;0.0;0.0;0.0;0.1;0.1;0.0;0.0;0.7274509803921568;1.0;1.0;0.0;0.0;0.0;0.1;0.0;0.1;0.1;0.1;0.1;0.0;0.1;0.0;0.1;0.0;0.1;0.0;0.2019607843137255;0.8000644963349662;0.7745098039215687;0.0;0.1;0.1;0.1;0.0;0.0;0.799619734447628;0.8764705882352941;0.4616869866515152;0.1;0.1;0.1;0.0;0.03202282497357789;0.0;0.1;0.1;0.1;0.1;0.1;0.0;0.0;0.0;0.1;0.1;0.892156862745098;0.7470588235294118;0.07647058823529412;0.0;0.0;0.1;0.1;0.0;0.10203522458264129;0.7823529411764706;0.4411764705882353;0.0;0.1;0.0;0.0;0.1;0.1;0.0;0.0;0.1;0.1;0.1;0.0;0.0;0.0;0.1;0.0;0.1;0.692156862745098;0.7932771861773895;0.10428011530811077;0.0;0.1;0.1;0.0;0.0;0.4137254901960784;0.3509803921568627;0.269099470373331;0.0;0.0;0.0;0.0;0.0;0.0;0.0;0.0;0.1;0.1;0.1;0.1;0.0;0.0;0.08684251063823963;0.1;0.23725490196078433;0.9470588235294117;0.8921568627450981;0.37058823529411766;0.1;0.1;0.1;0.1;0.10392156862745097;0.8764705882352941;0.06862745098039216;0.0;0.0;0.0;0.0;0.0;0.0;0.0;0.0;0.1;0.1;0.1;0.1;0.0;0.0;0.0;0.0;0.0;0.2284342980992932;0.8679040908192632;0.8921568627450981;0.3496866638905623;0.0;0.1;0.1;0.0;0.711764705882353;0.6603267665341748;0.0;0.1;0.1;0.0;0.0;0.0;0.0;0.0;0.1;0.0;0.1;0.1;0.0;0.0;0.0;0.0;0.0;0.0;0.1;0.6686274509803922;0.4019607843137255;0.0;0.0;0.0;0.1;0.4254901960784314;0.8803921568627451;0.5784313725490197;0.1;0.1;0.1;0.1;0.0;0.0;0.0;0.0;0.0;0.1;0.1;0.1;0.0;0.1;0.0;0.1;0.0;0.1;0.25657364946694217;0.7470588235294118;0.4137254901960784;0.10387598434962797;0.0;0.0;0.5761856466426446;0.88662603674393;0.7980351059042452;0.3313725490196079;0.1;0.0;0.0;0.0;0.05649891767228567;0.0;0.0;0.0;0.0;0.0;0.1;0.1;0.0;0.0;0.0;0.0;0.0;0.0;0.38627450980392153;0.8921568627450981;1.0;0.7431372549019608;0.0;0.04117647058823529;0.8686274509803922;0.4019607843137255;0.23333333333333334;0.0;0.1;0.1;0.1;0.0;0.0;0.0;0.0;0.0;0.1;0.06225878877879029;0.1;0.1;0.1;0.1;0.0;0.0;0.0;0.0;0.5506317217006327;0.8921568627450981;0.8921568627450981;0.8725490196078431;0.7352941176470588;1.0;0.6568627450980392;0.15410896467618213;0.0;0.0;0.0;0.0;0.1;0.0;0.1;0.1;0.0;0.0;0.008313906637628257;0.0;0.1;0.1;0.1;0.1;0.0;0.0;0.1;0.0;0.5862745098039216;0.8921568627450981;1.0;0.8921568627450981;0.8921568627450981;1.0;0.0;0.0;0.1;0.1;0.1;0.1;0.0;0.0;0.1;0.0;0.0;0.0;0.0;0.0;0.1;0.0;0.0;0.07979105976005874;0.0;0.1;0.1;0.1;0.24863039731876724;0.8693392629426664;0.8921568627450981;0.8137254901960784;0.5930255194334976;0.5720214841210783;0.0;0.1;0.1;0.0;0.1;0.0;0.1;0.0;0.0;0.0;0.0;0.0;0.0;0.0;0.1;0.1;0.0;0.0;0.0;0.0;0.1;0.1;0.1;0.692156862745098;0.6019607843137255;0.1823529411764706;0.1;0.09902398063930112;0.1;0.1;0.1;0.1;0.0;0.0;0.1;0.0;0.1;0.1;0.0;0.0;0.0;0.1;0.1;0.1;0.1;0.1;0.0;0.1;0.0;0.0;0.1;0.0;0.0;0.1;0.1;0.1;0.1;0.1;0.1;0.1;0.1;0.0;0.1;0.0;0.0;0.0;0.0;0.0;0.1;0.0;0.0;0.1;0.0;0.0;0.1;0.0;0.0;0.0;0.1;0.1;0.0;0.0;0.0;0.1;0.1;0.1;0.1;0.1;0.0;0.0;0.0;0.0;0.1;0.1;0.0;0.0;0.0;0.1;0.1;0.0;0.1;0.0;0.1;0.09682884811930173;0.0;0.1;0.0;0.1;0.0;0.1;0.0;0.1;0.0;0.1;0.0;0.0;0.0;0.0;0.1;0.0;0.0;0.0;0.0;0.0;0.0,7.187086139,6.06455397605896,0.0,0.0,1.099726649,0.796662003,0.5814335719999999,0.5629217624664307,0.518293077,0.30306464599999994,6.080935149,9626,316,316,0,4059,0,1514,657,3080,10445,0,0,3,4804,4621,183,3080,1541,0,1937,185,1522,5211,1,28581,,0.0
447,INFEASIBLE,certified_no_adversarial_example,feasibility,false,false,false,false,,,,1.120107165,0.04780983924865723,0.0,0.0,1.054675052,0.691581097,0.510189803,0.49490976333618164,0.5444852489999998,0.36309395499999986,0.062353563,9626,226,226,0,4093,0,1564,666,3077,8671,0,0,3,4804,4644,160,3077,1567,0,1891,162,1430,5050,,708,0,
448,INFEASIBLE,certified_no_adversarial_example,feasibility,false,false,false,false,,,,0.844360231,0.15424108505249023,0.0,0.0,0.675133328,0.405788183,0.250152846,0.23705220222473145,0.42498048200000005,0.269345145,0.166129778,9626,193,193,0,4069,0,1577,659,3128,4516,0,0,3,4804,4689,115,3128,1561,0,1801,117,1250,4735,,719,0,
449,OPTIMAL,adversarial_example_found_or_best_known,feasibility,true,true,true,true,2.098321516541546e-14,-7.958173589343334;-12.18318907294788;-8.495167930971489;-2.770870951001532;-5.370117990934421;-5.855063871346947;-14.84275638825736;-12.258135265523737;0.12591063390927248;0.1259106339092515,0.1;0.0;0.0;0.1;0.1;0.0;0.0;0.1;0.1;0.0;0.0;0.0;0.0;0.1;0.1;0.1;0.1;0.0;0.0;0.1;0.1;0.0;0.0;0.1;0.1;0.0;0.0;0.1;0.1;0.0;0.0;0.1;0.0;0.0;0.0;0.0;0.0;0.0;0.0;0.0;0.0;0.0;0.0;0.1;0.0;0.0;0.0;0.1;0.0;0.1;0.0;0.1;0.0;0.0;0.0;0.0;0.1;0.1;0.0;0.1;0.1;0.0;0.0;0.1;0.1;0.0;0.0;0.0;0.0;0.0;0.0;0.1;0.1;0.0;0.0;0.1;0.1;0.0;0.0;0.1;0.1;0.0;0.0;0.0;0.1;0.1;0.1;0.1;0.0;0.1;0.0;0.1;0.0;0.1;0.1;0.1;0.0;0.1;0.0;0.1;0.0;0.0;0.0;0.1;0.1;0.0;0.1;0.1;0.1;0.1;0.0;0.0;0.1;0.1;0.1;0.1;0.1;0.0;0.0;0.0;0.0;0.1;0.1;0.0;0.0;0.0;0.0;0.1;0.1;0.0;0.0;0.0;0.0;0.0;0.0;0.1;0.1;0.1;0.0;0.0;0.0;0.0;0.1;0.0;0.1;0.1;0.0;0.0;0.1;0.1;0.0;0.0;0.1;0.1;0.1;0.0;0.0;0.0;0.0;0.1;0.1;0.0;0.0;0.1;0.1;0.1;0.0;0.1;0.1;0.1;0.1;0.0;0.0;0.0;0.0;0.0;0.0;0.1;0.1;0.0;0.0;0.1;0.1;0.1;0.1;0.0;0.0;0.1;0.1;0.1;0.0;0.1;0.1;0.1;0.1;0.0;0.1;0.1;0.1;0.0;0.1;0.1;0.1;0.0;0.1;0.1;0.1;0.0;0.0;0.1;0.0;0.0;0.1;0.0;0.0;0.0;0.0;0.0;0.1;0.0;0.0;0.1;0.0;0.0;0.1;0.1;0.1;0.0;0.0;0.1;0.1;0.0;0.0;0.1;0.1;0.0;0.0;0.1;0.1;0.0;0.0;0.1;0.0;0.5117647058823529;0.5117647058823529;0.48039215686274506;0.1;0.0;0.0;0.1;0.1;0.0;0.05943041131594728;0.0;0.1;0.0;0.1;0.1;0.1;0.0;0.0;0.0;0.1;0.26734886238189;0.4882352941176471;0.1784313725490196;0.0;0.0;0.1;0.1;0.7156862745098039;1.0;1.0;1.0;0.8765873027358051;0.4439270379221724;0.28823529411764703;0.0;0.0;0.0;0.1;0.1;0.1;0.0;0.0;0.1;0.1;0.0;0.0;0.2411764705882353;0.4411764705882353;0.8764705882352941;1.0;0.8568627450980393;0.6372549019607844;0.0;0.0;0.1;0.5274509803921569;0.7352941176470588;0.9549019607843137;0.8921568627450981;0.8921568627450981;1.0;0.38235294117647056;0.0;0.0;0.0;0.1;0.1;0.0;0.1;0.1;0.0;0.0;0.23526065281785533;0.8757008358505143;1.0;0.8921568627450981;0.8921568627450981;0.8921568627450981;1.0;0.8921568627450981;0.6451693979464875;0.1;0.1;0.1;0.1;0.19411764705882353;0.5470588235294118;1.0;1.0;0.8176470588235294;0.0;0.0;0.0;0.1;0.0;0.0;0.0;0.0;0.1;0.19643852308691584;0.5078431372549019;1.0;0.8921568627450981;0.7823529411764706;0.5862745098039216;0.8803921568627451;1.0;0.8921568627450981;0.9823529411764705;0.2450980392156863;0.1;0.1;0.1;0.09384993639349852;0.6137254901960785;1.0;1.0;0.46862745098039216;0.0;0.0;0.0;0.1;0.0;0.0;0.0;0.0;0.0;0.7039215686274509;0.8921568627450981;0.8921568627450981;0.8372549019607843;0.29215686274509806;0.0;0.20980392156862746;0.8921568627450981;0.8921568627450981;0.7955350212296781;0.0;0.0;0.1;0.10388054504135791;0.5196078431372549;1.0;1.0;1.0;0.38235294117647056;0.0;0.0;0.1;0.1;0.0;0.0;0.1;0.09985420326931241;0.1;1.0;0.8921568627450981;0.5745098039215687;0.12352941176470589;0.1;0.0;0.20980392156862746;1.0;0.7588235294117647;0.3392156862745098;0.0;0.24901960784313723;0.8686274509803922;0.896078431372549;0.8921568627450981;0.8921568627450981;1.0;0.9392156862745098;0.0970655021009477;0.0;0.0;0.1;0.1;0.1;0.0;0.0;0.1;0.5862745098039216;0.8882352941176471;0.8921568627450981;0.3666666666666667;0.1;0.0;0.0;0.5705882352941176;1.0;1.0;0.903921568627451;0.7232441605002434;1.0;1.0;1.0;1.0;1.0;0.8372549019607843;0.10407239446546812;0.0;0.0;0.0;0.1;0.1;0.0;0.0;0.1;0.0;0.8960784313725491;0.8921568627450981;0.8019607843137255;0.1588235294117647;0.1;0.09839561385569244;0.5392156862745098;0.8921568627450981;0.8921568627450981;0.8921568627450981;1.0;0.8921568627450981;0.8921568627450981;0.8921568627450981;1.0;0.8725490196078431;0.6254901960784314;0.1;0.1;0.1;0.0;0.0;0.1;0.1;0.0;0.0;0.0;0.0;1.0;0.8921568627450981;0.8043031348339773;0.7901960784313725;0.7861775426829904;0.5901960784313726;0.8490196078431372;1.0;0.8921568627450981;1.0;1.0;0.7627450980392158;0.6215686274509804;0.2058823529411765;0.2058823529411765;0.37450980392156863;0.1;0.0;0.1;0.0;0.0;0.0;0.0;0.0;0.0;0.0;0.1;0.0;0.8176470588235294;0.8921568627450981;1.0;1.0;1.0;0.8921568627450981;1.0;0.8450980392156863;0.9392156862745098;0.34705882352941175;0.4294117647058824;0.09908430321541914;0.0;0.0;0.0;0.0;0.1;0.1;0.0;0.0;0.0;0.0;0.1;0.1;0.0;0.1;0.0;0.1;0.26492749235450846;0.7549019607843137;0.8882352941176471;0.8921568627450981;0.9657587182614068;0.8807783788779232;0.7832867571271928;0.34705882352941175;0.1;0.1;0.1;0.0;0.1;0.0;0.0;0.0;0.0;0.1;0.1;0.0;0.1;0.0;0.0;0.0;0.0;0.0;0.0;0.0;0.0;0.09340279588137816;0.6843137254901961;0.7901960784313725;0.7901960784313725;0.3431372549019608;0.1;0.1;0.1;0.1;0.0;0.1;0.0;0.0;0.0;0.0;0.0;0.0;0.1;0.1;0.1;0.1;0.0;0.1;0.013969257647563807;0.0;0.0;0.1;0.0;0.0;0.1;0.0;0.1;0.0;0.0;0.0;0.1;0.1;0.0;0.0;0.0;0.0;0.0;0.0;0.0;0.0404139553665401;0.0;0.0;0.0;0.0;0.0;0.1;0.1;0.1;0.0;0.0;0.1;0.1;0.0;0.0;0.0;0.0;0.0;0.0;0.1;0.1;0.0;0.0;0.0;0.0;0.1;0.0;0.0;0.0;0.1;0.1;0.1;0.1;0.0;0.0;0.1;0.0;0.0;0.0;0.0;0.0;0.0;0.0;0.0;0.0;0.0;0.0;0.1;0.0;0.1;0.0;0.0;0.0;0.1;0.0;0.1;0.0;0.1;0.0;0.1;0.0;0.1;0.1;0.1;0.0;0.0;0.0;0.0;0.0;0.0;0.0;0.0;0.1;0.0;0.0;0.1;0.1;0.1;0.1;0.0;0.0;0.1;0.1;0.0;0.0;0.1;0.1;0.0;0.0;0.0;0.0;0.1;0.0;0.1;0.0;0.0;0.0;0.1;0.0;0.0;0.0;0.0;0.0;0.1;0.0;0.1;0.0;0.1;0.0;0.1;0.0;0.0;0.0;0.1;0.0;0.1;0.0;0.1;0.1;0.1;0.0;0.0;0.0;0.0;0.0;0.1;0.1;0.0;0.0;0.1;0.1;0.1;0.0;0.0;0.0;0.0;0.0;0.1;0.0;0.0;0.0;0.0;0.0;0.0;0.0;0.1;0.0;0.0;0.0;0.1;0.1;0.0;0.0;0.1;0.0;0.0;0.0;0.1;0.0;0.0;0.0;0.1;0.0;0.1;0.1;0.1;0.1;0.1;0.1;0.0;0.1;0.0;0.0;0.0,2.540857874,1.8341729640960693,0.0,0.0,0.688191413,0.413029462,0.26410728799999994,0.25085973739624023,0.42408412500000003,0.27516195099999996,1.846296712,9626,191,191,0,4063,0,1581,670,3121,4648,0,0,3,4804,4682,122,3121,1561,0,1815,124,1278,4784,1,13634,,0.0
450,SKIPPED_PREDICTED_IN_TARGETED,adversarial_example_found_or_best_known,feasibility,true,true,true,true,2.2410409404484843,-16.874292785828768;-18.693010771475816;-9.13870824613213;2.4236912277142713;-16.633377721453947;4.664732168162756;-12.837538205061414;-16.288981833070302;-5.341585905311758;-12.060242129602688,0.0;0.0;0.0;0.0;0.0;0.0;0.0;0.0;0.0;0.0;0.0;0.0;0.0;0.0;0.0;0.0;0.0;0.0;0.0;0.0;0.0;0.0;0.0;0.0;0.0;0.0;0.0;0.0;0.0;0.0;0.0;0.0;0.0;0.0;0.0;0.0;0.0;0.0;0.0;0.0;0.0;0.0;0.0;0.0;0.0;0.0;0.0;0.0;0.0;0.0;0.0;0.0;0.0;0.0;0.0;0.0;0.0;0.0;0.0;0.0;0.0;0.0;0.0;0.0;0.0;0.0;0.0;0.0;0.0;0.0;0.0;0.0;0.0;0.0;0.0;0.0;0.0;0.0;0.0;0.0;0.0;0.0;0.0;0.0;0.0;0.0;0.0;0.0;0.0;0.0;0.0;0.0;0.0;0.0;0.0;0.0;0.0;0.0;0.0;0.0;0.0;0.0;0.0;0.0;0.0;0.0;0.0;0.0;0.0;0.0;0.0;0.0;0.0;0.0;0.0;0.0;0.0;0.47843137254901963;0.996078431372549;0.996078431372549;0.40784313725490196;0.0;0.0;0.0;0.0;0.0;0.0;0.0;0.0;0.0;0.0;0.0;0.0;0.0;0.0;0.0;0.0;0.0;0.0;0.0;0.0;0.0;0.0;0.0;0.0;0.4745098039215686;0.9921568627450981;0.9921568627450981;0.6784313725490196;0.0;0.0;0.0;0.0;0.0;0.0;0.0;0.0;0.0;0.0;0.0;0.0;0.0;0.0;0.0;0.0;0.0;0.0;0.0;0.0;0.0;0.0;0.0;0.0;0.30196078431372547;0.9764705882352941;0.9921568627450981;0.6784313725490196;0.0;0.0;0.0;0.0;0.0;0.0;0.0;0.0;0.0;0.0;0.0;0.0784313725490196;0.3137254901960784;0.0;0.0;0.0;0.0;0.0;0.0;0.0;0.0;0.0;0.0;0.0;0.0;0.9450980392156862;0.9921568627450981;0.6784313725490196;0.0;0.0;0.050980392156862744;0.28627450980392155;0.0;0.0;0.0;0.0;0.0;0.0;0.39215686274509803;0.8705882352941177;0.9686274509803922;0.7529411764705882;0.0;0.0;0.0;0.0;0.0;0.0;0.0;0.0;0.0;0.0;0.0;0.9450980392156862;0.9921568627450981;0.7607843137254902;0.26666666666666666;0.3764705882352941;0.8196078431372549;0.9725490196078431;0.48627450980392156;0.12549019607843137;0.0;0.0;0.0;0.0;0.788235294117647;0.9921568627450981;0.9921568627450981;0.9137254901960784;0.11372549019607843;0.0;0.0;0.0;0.0;0.0;0.0;0.0;0.0;0.0;0.0;0.9450980392156862;0.9921568627450981;0.9921568627450981;0.9921568627450981;0.9921568627450981;0.9921568627450981;0.9921568627450981;0.9921568627450981;0.47058823529411764;0.0;0.0;0.0;0.0;0.6196078431372549;0.9372549019607843;0.9921568627450981;0.9921568627450981;0.803921568627451;0.0;0.0;0.0;0.0;0.0;0.0;0.0;0.0;0.0;0.0;0.9450980392156862;0.9921568627450981;0.9921568627450981;0.9921568627450981;0.9921568627450981;0.9921568627450981;0.9921568627450981;0.9921568627450981;0.8274509803921568;0.0;0.0;0.0;0.0;0.0;0.3764705882352941;0.9921568627450981;0.9921568627450981;0.9411764705882353;0.0;0.0;0.0;0.0;0.0;0.0;0.0;0.0;0.0;0.0;0.9450980392156862;0.9921568627450981;0.9921568627450981;0.9921568627450981;0.9921568627450981;0.9215686274509803;0.9529411764705882;0.9921568627450981;0.9921568627450981;0.0;0.0;0.0;0.0;0.0;0.21176470588235294;0.9921568627450981;0.9921568627450981;0.9411764705882353;0.0;0.0;0.0;0.0;0.0;0.0;0.0;0.0;0.0;0.0;0.9450980392156862;0.9921568627450981;0.9921568627450981;0.9921568627450981;0.9803921568627451;0.29411764705882354;0.6313725490196078;0.9921568627450981;0.9921568627450981;0.30980392156862746;0.0;0.0;0.0;0.0;0.21176470588235294;0.9921568627450981;0.9921568627450981;0.6352941176470588;0.0;0.0;0.0;0.0;0.0;0.0;0.0;0.0;0.0;0.0;0.9450980392156862;0.9921568627450981;0.9921568627450981;0.9921568627450981;0.5019607843137255;0.0;0.6313725490196078;0.9921568627450981;0.9921568627450981;0.5254901960784314;0.0;0.0;0.0;0.0;0.49019607843137253;0.9921568627450981;0.9921568627450981;0.4196078431372549;0.0;0.0;0.0;0.0;0.0;0.0;0.0;0.0;0.0;0.0;0.9490196078431372;0.996078431372549;0.996078431372549;0.8745098039215686;0.13725490196078433;0.0;0.3843137254901961;0.996078431372549;0.996078431372549;0.7529411764705882;0.023529411764705882;0.0;0.0;0.0;0.7372549019607844;1.0;1.0;0.4196078431372549;0.0;0.0;0.0;0.0;0.0;0.0;0.0;0.0;0.0;0.0;0.4470588235294118;0.9921568627450981;0.9921568627450981;0.7294117647058823;0.0;0.0;0.00784313725490196;0.596078431372549;0.9921568627450981;0.996078431372549;0.050980392156862744;0.0;0.0;0.0;0.7333333333333333;0.9921568627450981;0.9921568627450981;0.4196078431372549;0.0;0.0;0.0;0.0;0.0;0.0;0.0;0.0;0.0;0.0;0.4235294117647059;0.9921568627450981;0.9921568627450981;0.7294117647058823;0.0;0.0;0.0;0.5764705882352941;0.9921568627450981;0.996078431372549;0.5176470588235295;0.0;0.0;0.23921568627450981;0.9686274509803922;0.9921568627450981;0.9529411764705882;0.2627450980392157;0.0;0.0;0.0;0.0;0.0;0.0;0.0;0.0;0.0;0.0;0.4235294117647059;0.9921568627450981;0.9921568627450981;0.5607843137254902;0.0;0.0;0.0;0.13725490196078433;0.9921568627450981;0.996078431372549;0.7058823529411765;0.03529411764705882;0.0;0.26666666666666666;0.9921568627450981;0.9921568627450981;0.8862745098039215;0.0;0.0;0.0;0.0;0.0;0.0;0.0;0.0;0.0;0.0;0.0;0.6980392156862745;0.9921568627450981;0.9921568627450981;0.48627450980392156;0.0;0.0;0.0;0.054901960784313725;0.9921568627450981;0.996078431372549;0.9921568627450981;0.10196078431372549;0.0;0.6784313725490196;0.9921568627450981;0.9921568627450981;0.4745098039215686;0.0;0.0;0.0;0.0;0.0;0.0;0.0;0.0;0.0;0.0;0.0;0.3333333333333333;0.7803921568627451;0.7803921568627451;0.16470588235294117;0.0;0.0;0.0;0.01568627450980392;0.6470588235294118;0.996078431372549;0.9921568627450981;0.21176470588235294;0.23529411764705882;0.9411764705882353;0.9921568627450981;0.9607843137254902;0.2901960784313726;0.0;0.0;0.0;0.0;0.0;0.0;0.0;0.0;0.0;0.0;0.0;0.0;0.0;0.0;0.0;0.0;0.0;0.0;0.0;0.16470588235294117;1.0;0.9921568627450981;0.8784313725490196;0.7803921568627451;0.9921568627450981;0.9921568627450981;0.8352941176470589;0.0;0.0;0.0;0.0;0.0;0.0;0.0;0.0;0.0;0.0;0.0;0.0;0.0;0.0;0.0;0.0;0.0;0.0;0.0;0.0;0.0;0.6627450980392157;0.9921568627450981;0.9921568627450981;0.9921568627450981;0.9921568627450981;0.9921568627450981;0.7803921568627451;0.0;0.0;0.0;0.0;0.0;0.0;0.0;0.0;0.0;0.0;0.0;0.0;0.0;0.0;0.0;0.0;0.0;0.0;0.0;0.0;0.0;0.45098039215686275;0.9607843137254902;0.9921568627450981;0.9921568627450981;0.9921568627450981;0.9529411764705882;0.29411764705882354;0.0;0.0;0.0;0.0;0.0;0.0;0.0;0.0;0.0;0.0;0.0;0.0;0.0;0.0;0.0;0.0;0.0;0.0;0.0;0.0;0.0;0.0;0.4235294117647059;0.9921568627450981;0.9921568627450981;0.8549019607843137;0.12156862745098039;0.0;0.0;0.0;0.0;0.0;0.0;0.0;0.0;0.0;0.0;0.0;0.0;0.0;0.0;0.0;0.0;0.0;0.0;0.0;0.0;0.0;0.0;0.0;0.0;0.0;0.0;0.0;0.0;0.0;0.0;0.0;0.0;0.0;0.0;0.0;0.0;0.0;0.0;0.0;0.0;0.0;0.0;0.0;0.0;0.0;0.0;0.0;0.0;0.0;0.0;0.0;0.0;0.0;0.0;0.0;0.0;0.0;0.0;0.0;0.0;0.0;0.0;0.0;0.0;0.0;0.0;0.0;0.0;0.0;0.0;0.0;0.0;0.0;0.0;0.0;0.0;0.0;0.0;0.0;0.0;0.0;0.0;0.0;0.0;0.0;0.0;0.0;0.0;0.0;0.0;0.0;0.0;0.0;0.0;0.0;0.0;0.0;0.0;0.0;0.0;0.0;0.0;0.0;0.0;0.0;0.0;0.0;0.0;0.0;0.0;0.0;0.0;0.0;0.0;0.0;0.0;0.0;0.0;0.0,0.005865106,0.0,0.0,0.0,,,,,,,,,,,,,,,,,,,,,,,,,,,,,,,,,,
451,INFEASIBLE,certified_no_adversarial_example,feasibility,false,false,false,false,,,,0.621464204,0.023113727569580078,0.0,0.0,0.584846959,0.30985451999999997,0.18568295900000004,0.17405223846435547,0.399164,0.2749924390000001,0.033621469,9626,154,154,0,4076,0,1597,690,3109,2867,0,0,3,4804,4716,88,3109,1607,0,1744,88,1137,4537,,571,0,
452,INFEASIBLE,certified_no_adversarial_example,feasibility,false,false,false,false,,,,0.58544213,0.018846511840820312,0.0,0.0,0.553042214,0.288401197,0.15795131099999998,0.14753508567810059,0.395090903,0.264641017,0.029306037,9626,130,130,0,4077,0,1610,713,3096,2224,0,0,3,4804,4727,77,3096,1631,0,1726,80,1100,4472,,451,0,
453,INFEASIBLE,certified_no_adversarial_example,feasibility,false,false,false,false,,,,0.809603529,0.03788876533508301,0.0,0.0,0.75603623,0.47273817800000006,0.31288215299999994,0.29913806915283203,0.44315407700000004,0.2832980519999999,0.050498517,9626,213,213,0,4038,0,1570,668,3137,5372,0,0,3,4804,4675,129,3137,1538,0,1829,131,1306,4833,,660,0,
454,INFEASIBLE,certified_no_adversarial_example,feasibility,false,false,false,false,,,,0.927644472,0.026597976684570312,0.0,0.0,0.88368411,0.576158607,0.395520251,0.3791687488555908,0.48816385900000003,0.30752550300000003,0.040908091,9626,258,258,0,4078,0,1543,698,3049,7321,0,0,3,4804,4648,156,3049,1599,0,1884,159,1416,5025,,479,0,
455,INFEASIBLE,certified_no_adversarial_example,feasibility,false,false,false,false,,,,0.766665446,0.029120206832885742,0.0,0.0,0.722609144,0.397654234,0.252992859,0.2400805950164795,0.46961628499999997,0.32495491,0.041033184,9626,187,187,0,4042,0,1580,680,3137,4668,0,0,3,4804,4690,114,3137,1553,0,1799,116,1246,4728,,567,0,
456,INFEASIBLE,certified_no_adversarial_example,feasibility,false,false,false,false,,,,0.976164704,0.03397703170776367,0.0,0.0,0.928646995,0.34082768999999996,0.210610406,0.19932126998901367,0.718036589,0.587819305,0.044471999,9626,146,146,0,3999,0,1602,638,3241,3700,0,0,3,4804,4722,82,3241,1481,0,1736,85,1120,4507,,608,0,
457,INFEASIBLE,certified_no_adversarial_example,feasibility,false,false,false,false,,,,0.768031187,0.041913747787475586,0.0,0.0,0.710175387,0.434915131,0.289789516,0.2760281562805176,0.420385871,0.27526025600000004,0.054798139,9626,198,198,0,4028,0,1575,665,3160,5874,0,0,3,4804,4675,129,3160,1515,0,1826,129,1301,4824,,766,0,
458,INFEASIBLE,certified_no_adversarial_example,feasibility,false,false,false,false,,,,0.860386467,0.04683065414428711,0.0,0.0,0.796863048,0.507305335,0.333900986,0.3202791213989258,0.46296206199999995,0.289557713,0.060472198,9626,194,194,0,4050,0,1579,672,3131,6726,0,0,3,4804,4667,137,3131,1536,0,1845,139,1338,4889,,743,0,
459,INFEASIBLE,certified_no_adversarial_example,feasibility,false,false,false,false,,,,0.914636054,0.038751840591430664,0.0,0.0,0.859134221,0.5275295339999999,0.375811283,0.3611464500427246,0.48332293800000004,0.3316046870000001,0.052373129,9626,224,224,0,4065,0,1562,648,3127,8086,0,0,3,4804,4659,145,3127,1532,0,1862,148,1372,4948,,633,0,
460,INFEASIBLE,certified_no_adversarial_example,feasibility,false,false,false,false,,,,0.822854358,0.0230867862701416,0.0,0.0,0.783828172,0.497599183,0.311450076,0.2967379093170166,0.47237809599999997,0.286228989,0.03599362,9626,221,221,0,4054,0,1566,682,3103,4673,0,0,3,4804,4675,129,3103,1572,0,1831,133,1310,4839,,259,0,
461,INFEASIBLE,certified_no_adversarial_example,feasibility,false,false,false,false,,,,0.851150728,0.049149274826049805,0.0,0.0,0.786907695,0.5210994,0.356229791,0.34201812744140625,0.430677904,0.265808295,0.061170654,9626,196,196,0,4029,0,1572,658,3171,6091,0,0,3,4804,4690,114,3171,1519,0,1799,116,1246,4728,,902,0,
462,INFEASIBLE,certified_no_adversarial_example,feasibility,false,false,false,false,,,,0.645878514,0.01770329475402832,0.0,0.0,0.614314087,0.34939201400000003,0.20148307699999998,0.18997859954833984,0.41283101,0.264922073,0.028524587,9626,161,161,0,4082,0,1595,693,3095,3493,0,0,3,4804,4714,90,3095,1619,0,1752,93,1152,4563,,407,0,
463,INFEASIBLE,certified_no_adversarial_example,feasibility,false,false,false,false,,,,0.653156993,0.02226996421813965,0.0,0.0,0.61718321,0.340963047,0.20445307499999998,0.19257569313049316,0.412730135,0.27622016299999996,0.032914338,9626,166,166,0,4104,0,1593,702,3061,2732,0,0,3,4804,4719,85,3061,1658,0,1741,87,1130,4525,,478,0,
464,INFEASIBLE,certified_no_adversarial_example,feasibility,false,false,false,false,,,,0.828014628,0.022049903869628906,0.0,0.0,0.789702947,0.501838894,0.334363303,0.3197648525238037,0.455339644,0.28786405299999995,0.035251634,9626,235,235,0,4081,0,1557,675,3078,5832,0,0,3,4804,4668,136,3078,1590,0,1843,138,1334,4882,,472,0,
465,INFEASIBLE,certified_no_adversarial_example,feasibility,false,false,false,false,,,,1.487805573,0.2962911128997803,0.0,0.0,1.173543946,0.8664518199999999,0.6663021339999999,0.6484849452972412,0.507241812,0.307092126,0.31120668,9626,288,288,0,4076,0,1531,651,3080,11381,0,0,3,4804,4631,173,3080,1551,0,1918,176,1484,5144,,1094,0,
466,INFEASIBLE,certified_no_adversarial_example,feasibility,false,false,false,false,,,,0.652264505,0.030019521713256836,0.0,0.0,0.608313129,0.34134614599999996,0.204187646,0.19192194938659668,0.404125483,0.26696698300000005,0.040895027,9626,168,168,0,4073,0,1592,693,3100,2842,0,0,3,4804,4711,93,3100,1611,0,1754,93,1157,4572,,636,0,
467,INFEASIBLE,certified_no_adversarial_example,feasibility,false,false,false,false,,,,0.940957548,0.05154299736022949,0.0,0.0,0.871624746,0.566090833,0.402337725,0.3862802982330322,0.46928702099999997,0.305533913,0.066289286,9626,260,260,0,4065,0,1545,665,3091,7085,0,0,3,4804,4640,164,3091,1549,0,1900,167,1448,5081,,760,0,
468,INFEASIBLE,certified_no_adversarial_example,feasibility,false,false,false,false,,,,1.161947323,0.031301021575927734,0.0,0.0,1.115024927,0.788006518,0.302338504,0.28858351707458496,0.8126864230000002,0.3270184090000001,0.043855848,9626,194,194,0,4061,0,1577,666,3128,5314,0,0,3,4804,4686,118,3128,1558,0,1808,121,1264,4759,,574,0,
469,INFEASIBLE,certified_no_adversarial_example,feasibility,false,false,false,false,,,,0.688597491,0.046065330505371094,0.0,0.0,0.628099534,0.361371263,0.22099848,0.20862746238708496,0.40710105399999996,0.26672827099999996,0.057423824,9626,162,162,0,4061,0,1595,673,3135,3353,0,0,3,4804,4717,87,3135,1582,0,1747,91,1142,4545,,852,0,
470,INFEASIBLE,certified_no_adversarial_example,feasibility,false,false,false,false,,,,0.790011343,0.02080845832824707,0.0,0.0,0.753372809,0.461923071,0.29173677099999995,0.2779419422149658,0.4616360380000001,0.291449738,0.033597043,9626,196,196,0,4070,0,1575,691,3094,5209,0,0,3,4804,4685,119,3094,1591,0,1809,121,1266,4763,,436,0,
471,INFEASIBLE,certified_no_adversarial_example,feasibility,false,false,false,false,,,,1.006165886,0.035567522048950195,0.0,0.0,0.95343033,0.658047847,0.420143592,0.40502476692199707,0.5332867379999999,0.29538248300000003,0.049674708,9626,232,232,0,4067,0,1559,665,3103,7912,0,0,3,4804,4653,151,3103,1550,0,1875,155,1398,4993,,560,0,
472,INFEASIBLE,certified_no_adversarial_example,feasibility,false,false,false,false,,,,0.951978587,0.19537663459777832,0.0,0.0,0.740403611,0.471297308,0.32214687200000003,0.30860066413879395,0.41825673899999993,0.26910630299999994,0.208520211,9626,203,203,0,4012,0,1573,652,3186,5784,0,0,3,4804,4684,120,3186,1498,0,1812,123,1272,4773,,747,0,
473,INFEASIBLE,certified_no_adversarial_example,feasibility,false,false,false,false,,,,0.880625221,0.0648493766784668,0.0,0.0,0.799808315,0.49917126000000006,0.343151731,0.32923245429992676,0.45665658400000003,0.300637055,0.077738454,9626,218,218,0,4049,0,1565,668,3126,5766,0,0,3,4804,4680,124,3126,1554,0,1821,128,1290,4804,,977,0,
474,INFEASIBLE,certified_no_adversarial_example,feasibility,false,false,false,false,,,,0.786154188,0.030060768127441406,0.0,0.0,0.740716746,0.473587718,0.33772132200000005,0.3243722915649414,0.402995424,0.26712902800000005,0.042398054,9626,218,218,0,3970,0,1567,613,3258,4924,0,0,3,4804,4688,116,3258,1430,0,1804,119,1256,4745,,497,0,
475,INFEASIBLE,certified_no_adversarial_example,feasibility,false,false,false,false,,,,0.893215191,0.03762364387512207,0.0,0.0,0.838542365,0.527211933,0.3738051769999999,0.35845470428466797,0.46473718800000013,0.311330432,0.051587993,9626,242,242,0,4103,0,1551,681,3049,7006,0,0,3,4804,4657,147,3049,1608,0,1869,153,1386,4971,,552,0,
476,INFEASIBLE,certified_no_adversarial_example,feasibility,false,false,false,false,,,,0.789784951,0.03405594825744629,0.0,0.0,0.740232801,0.459734097,0.297927623,0.2837677001953125,0.442305178,0.280498704,0.046489548,9626,206,206,0,4094,0,1573,698,3055,4933,0,0,3,4804,4676,128,3055,1621,0,1824,128,1297,4817,,632,0,
477,INFEASIBLE,certified_no_adversarial_example,feasibility,false,false,false,false,,,,0.766395145,0.03638768196105957,0.0,0.0,0.715441107,0.44682232599999994,0.291854897,0.279280424118042,0.42358620999999996,0.26861878100000003,0.047916523,9626,186,186,0,3999,0,1578,644,3219,5289,0,0,3,4804,4706,98,3219,1487,0,1767,100,1182,4616,,678,0,
478,INFEASIBLE,certified_no_adversarial_example,feasibility,false,false,false,false,,,,0.680016102,0.021790504455566406,0.0,0.0,0.636486935,0.370214057,0.22806091999999997,0.21498560905456543,0.408426015,0.266272878,0.04048483,9626,190,190,0,4043,0,1580,693,3120,3204,0,0,3,4804,4700,104,3120,1580,0,1776,104,1201,4649,,520,0,
479,INFEASIBLE,certified_no_adversarial_example,feasibility,false,false,false,false,,,,2.578358039,1.8294825553894043,,0.0,0.732953415,0.458859017,0.30535218899999994,0.29088568687438965,0.42760122600000006,0.274094398,1.842347203,9626,216,216,0,4037,0,1562,655,3156,5739,0,0,3,4804,4675,129,3156,1519,0,1830,132,1308,4836,,1644,0,
480,OPTIMAL,adversarial_example_found_or_best_known,feasibility,true,true,true,true,-8.659739592076221e-15,-8.380070955121298;-19.614177492157122;-9.420808360145518;-4.200836561489844;-5.777361129802127;-4.159390689137592;-10.731786553358868;-9.889180369124643;-0.34206697788662344;-0.3420669778866148,0.1;0.0;0.0;0.1;0.1;0.0;0.0;0.1;0.1;0.0;0.0;0.0;0.0;0.1;0.1;0.1;0.1;0.0;0.0;0.1;0.1;0.0;0.0;0.1;0.1;0.0;0.0;0.1;0.1;0.0;0.0;0.1;0.0;0.0;0.0;0.1;0.0;0.0;0.0;0.0;0.1;0.0;0.1;0.1;0.0;0.0;0.0;0.1;0.1;0.0;0.0;0.1;0.0;0.0;0.0;0.0;0.1;0.0;0.0;0.1;0.1;0.0;0.0;0.1;0.1;0.0;0.0;0.0;0.0;0.0;0.0;0.1;0.1;0.0;0.0;0.1;0.1;0.0;0.0;0.1;0.1;0.0;0.0;0.0;0.1;0.1;0.0;0.1;0.0;0.1;0.1;0.1;0.0;0.1;0.0;0.1;0.0;0.0;0.0;0.1;0.1;0.0;0.0;0.1;0.0;0.0;0.1;0.1;0.0;0.1;0.0;0.0;0.1;0.1;0.1;0.1;0.1;0.0;0.0;0.1;0.0;0.0;0.0;0.1;0.0;0.0;0.0;0.1;0.1;0.0;0.0;0.1;0.1;0.0;0.0333613403437562;0.1;0.1;0.0;0.0;0.0;0.0;0.0;0.0;0.1;0.1;0.1;0.1;0.0;0.0;0.0;0.0;0.1;0.0;0.1;0.0;0.1;0.1;0.0;0.0;0.1;0.1;0.0;0.1;0.1;0.1;0.1;0.1;0.1;0.1;0.0;0.1;0.0;0.0;0.0;0.0;0.0;0.0;0.0;0.1;0.1;0.1;0.1;0.0;0.1;0.1;0.0;0.0;0.1;0.1;0.0;0.0;0.1;0.1;0.1;0.1;0.0;0.0;0.1;0.0;0.1;0.1;0.1;0.1;0.1784313725490196;0.27254901960784317;0.5901960784313726;0.692156862745098;0.49215686274509807;0.3509803921568627;0.10218378212403673;0.0;0.1;0.1;0.0;0.1;0.1;0.1;0.0;0.1;0.0;0.055626202709741626;0.0;0.1;0.0;0.1;0.0;0.0;0.0;0.0;0.1;0.3235294117647059;0.7549019607843137;0.8921568627450981;1.0;0.8921568627450981;1.0;0.8921568627450981;0.8372549019607843;0.10159842400189169;0.1;0.1;0.0;0.0;0.1;0.1;0.0;0.1;0.0;0.0;0.1;0.1;0.0;0.0;0.0;0.0;0.0;0.1;0.10239552715878344;0.8683589933715421;0.8921568627450981;0.5980392156862745;0.6254901960784314;0.4254901960784314;0.6254901960784314;0.9549019607843137;1.0;0.7392156862745098;0.0;0.0;0.0;0.1;0.0;0.1;0.10388807321112105;0.10392156862745099;0.1;0.1;0.1;0.1;0.1;0.1;0.0;0.0;0.1;0.1;0.7549019607843137;1.0;0.907843137254902;0.09706541387225465;0.1;0.1;0.1;0.1;0.46862745098039216;0.8921568627450981;0.19411764705882353;0.0;0.0;0.0;0.1;0.3431372549019608;1.0;0.46862745098039216;0.0;0.0;0.1;0.1;0.0;0.1;0.1;0.0005702914689329232;0.1;0.10000000000000002;1.0;0.7901960784313725;0.10380157532299515;0.1;0.0;0.1;0.0;0.1;0.16666666666666669;0.8921568627450981;0.7286026097281434;0.1;0.0;0.1;0.1392156862745098;0.7980392156862745;0.7549019607843137;1.0;0.5196078431372549;0.0;0.1;0.0;0.0;0.1;0.0;0.0;0.1;0.1;1.0;0.5941176470588235;0.0;0.0;0.0;0.1;0.1;0.1;0.10784313725490197;0.7666666666666666;0.5313725490196078;0.0;0.0;0.0;0.11176470588235295;0.09744788782465397;0.1;0.6686274509803922;0.7549019607843137;0.0;0.1;0.1;0.0;0.1;0.0;0.0;0.1;0.1;0.9;0.5941176470588235;0.0;0.0;0.0;0.1;0.1;0.1;0.0;0.6882352941176471;0.2647058823529411;0.1;0.0;0.1;0.0;0.0;0.0;0.36274509803921573;1.0;0.4294117647058824;0.1;0.0;0.0;0.0;0.0;0.0;0.0;0.0991636723096887;0.7431372549019608;0.703921568627451;0.0;0.0;0.0;0.0;0.1;0.1;0.15098039215686276;0.8176470588235294;0.11176470588235293;0.0;0.0;0.0;0.1;0.1;0.1;0.22941176470588237;0.8921568627450981;1.0;0.1;0.1;0.0;0.0;0.0;0.1;0.0;0.1;0.2568627450980392;0.8921568627450981;0.45517120809643674;0.0;0.10180589258055216;0.11176470588235295;0.1;0.1;0.6019607843137255;0.8568627450980392;0.11568627450980393;0.1;0.0;0.0;0.0;0.0;0.0;0.22941176470588237;1.0;0.8921568627450981;0.1;0.0;0.0;0.0;0.0;0.0;0.1;0.1;0.15098039215686276;0.8137254901960784;1.0;1.0;1.0;0.7901960784313725;0.7588235294117647;0.5784313725490197;1.0;0.4607843137254902;0.1;0.1;0.1;0.1;0.0;0.0;0.1;0.22941176470588237;0.8921568627450981;0.8921568627450981;0.1;0.1;0.0;0.1;0.0;0.0;0.0;0.1;0.1;0.1588235294117647;0.6490196078431373;1.0;0.8921568627450981;1.0;0.8921568627450981;1.0;1.0;0.7745098039215687;0.37450980392156863;0.28823529411764703;0.1;0.1;0.1;0.0;0.05686274509803921;0.7431372549019608;1.0;0.5470588235294118;0.1;0.0;0.0;0.1;0.0;0.0;0.1;0.1;0.1;0.1;0.11960784313725491;0.21372549019607845;0.3666666666666667;0.3666666666666667;0.5666666666666667;0.6882352941176471;0.9941176470588236;0.8921568627450981;1.0;1.0;0.5745098039215687;0.6002684087400727;0.6294117647058823;0.5392156862745098;0.8725490196078431;1.0;1.0;0.09487943713997743;0.1;0.1;0.0;0.1;0.0;0.0;0.0;0.1;0.1;0.1;0.0;0.1;0.1;0.1;0.1;0.0;0.10387896898634807;0.307843137254902;0.6372549019607844;0.6372549019607844;0.7000000000000001;1.0;1.0;1.0;0.8803921568627451;1.0;0.4529411764705883;0.0;0.0;0.0;0.0;0.1;0.0;0.0;0.0;0.0;0.1;0.1;0.1;0.1;0.1;0.1;0.1;0.1;0.1;0.1;0.1;0.09693471737844252;0.0;0.43333333333333335;0.6450980392156862;0.2686274509803922;0.0;0.04509803921568628;0.1;0.1;0.1;0.1;0.0;0.0;0.0;0.0;0.0;0.0;0.0;0.0;0.0;0.0;0.1;0.1;0.1;0.0;0.1;0.1;0.1;0.1;0.0;0.1;0.0;0.1;0.0;0.1;0.1;0.1;0.1;0.0;0.0;0.1;0.0;0.0;0.0;0.0;0.0;0.0;0.0;0.0;0.0;0.0;0.1;0.1;0.1;0.1;0.0;0.0;0.0;0.0;0.0;0.0;0.1;0.1;0.1;0.1;0.1;0.1;0.0;0.0;0.0;0.0;0.0;0.0;0.0;0.0;0.0;0.0;0.0;0.0;0.0;0.0;0.1;0.0;0.0;0.0;0.0;0.0;0.0;0.1;0.0;0.0;0.1;0.0;0.0;0.0;0.1;0.1;0.1;0.0;0.0;0.0;0.0;0.0;0.1;0.0;0.0;0.1;0.0;0.0;0.1;0.1;0.0;0.0;0.0;0.0;0.1;0.1;0.0;0.0;0.1;0.1;0.0;0.0;0.0;0.0;0.1;0.0;0.1;0.0;0.0;0.0;0.1;0.0;0.0;0.0;0.0;0.1;0.1;0.0;0.1;0.0;0.1;0.0;0.1;0.1;0.0;0.1;0.1;0.1;0.1;0.0;0.1;0.1;0.1;0.1;0.1;0.1;0.0;0.0;0.1;0.1;0.0;0.0;0.1;0.1;0.1;0.1;0.0;0.0;0.1;0.1;0.1;0.1;0.0;0.0;0.1;0.1;0.0;0.0;0.1;0.0;0.0;0.0;0.1;0.1;0.0;0.0;0.1;0.0;0.0;0.0;0.1;0.0;0.0;0.0;0.1;0.0;0.1;0.1;0.1;0.1;0.1;0.1;0.0;0.1;0.0;0.0;0.0,59.527387069,58.69725823402405,0.0,0.0,0.810048566,0.502963348,0.35588504800000004,0.3413074016571045,0.45416351799999993,0.307085218,58.710968382,9626,220,220,0,4053,0,1566,683,3104,7261,0,0,3,4804,4653,151,3104,1549,0,1874,154,1396,4990,1490,684712,,0.0
481,INFEASIBLE,certified_no_adversarial_example,feasibility,false,false,false,false,,,,0.990463737,0.02404022216796875,0.0,0.0,0.952810586,0.32332585,0.195440732,0.18415617942810059,0.757369854,0.629484736,0.034602542,9626,148,148,0,3979,0,1603,636,3260,3223,0,0,3,4804,4722,82,3260,1462,0,1737,86,1122,4510,,450,0,
482,INFEASIBLE,certified_no_adversarial_example,feasibility,false,false,false,false,,,,0.718955464,0.03267621994018555,0.0,0.0,0.671203295,0.4113045470000001,0.26608656899999994,0.25326967239379883,0.40511672600000004,0.2598987479999999,0.044706459,9626,187,187,0,4039,0,1582,662,3156,4687,0,0,3,4804,4689,115,3156,1533,0,1798,115,1245,4726,,625,0,
483,INFEASIBLE,certified_no_adversarial_example,feasibility,false,false,false,false,,,,0.758317206,0.026365995407104492,0.0,0.0,0.717460019,0.43112444200000005,0.28351290799999995,0.27077770233154297,0.43394711100000005,0.28633557699999995,0.03781827,9626,190,190,0,4021,0,1580,661,3174,4840,0,0,3,4804,4698,106,3174,1524,0,1783,108,1214,4672,,523,0,
484,INFEASIBLE,certified_no_adversarial_example,feasibility,false,false,false,false,,,,0.74260525,0.02922677993774414,0.0,0.0,0.69808625,0.40815868,0.2730256059999999,0.2599003314971924,0.4250606440000001,0.28992757,0.041475923,9626,198,198,0,4003,0,1576,656,3193,4451,0,0,3,4804,4686,118,3193,1493,0,1810,123,1268,4765,,503,0,
485,INFEASIBLE,certified_no_adversarial_example,feasibility,false,false,false,false,,,,0.726313781,0.027268648147583008,0.0,0.0,0.684752839,0.41924402399999994,0.26862993900000004,0.2563605308532715,0.4161228999999999,0.265508815,0.038522906,9626,161,161,0,4027,0,1594,672,3172,5341,0,0,3,4804,4698,106,3172,1526,0,1780,106,1209,4663,,580,0,
486,INFEASIBLE,certified_no_adversarial_example,feasibility,false,false,false,false,,,,0.798234537,0.03709149360656738,0.0,0.0,0.74532961,0.4459897829999999,0.303298882,0.28965115547180176,0.442030728,0.29933982700000006,0.049870638,9626,204,204,0,4055,0,1570,677,3120,5937,0,0,3,4804,4674,130,3120,1554,0,1832,133,1312,4843,,691,0,
487,INFEASIBLE,certified_no_adversarial_example,feasibility,false,false,false,false,,,,0.781777469,0.03301048278808594,0.0,0.0,0.732669977,0.44631708300000006,0.29527295,0.2813994884490967,0.43739702700000005,0.28635289399999997,0.046052935,9626,201,201,0,4062,0,1574,688,3101,5539,0,0,3,4804,4672,132,3101,1571,0,1838,137,1324,4863,,539,0,
488,INFEASIBLE,certified_no_adversarial_example,feasibility,false,false,false,false,,,,0.859150392,0.04980111122131348,0.0,0.0,0.786676983,0.51505017,0.3618554420000001,0.3378124237060547,0.4248215409999999,0.271626813,0.069419273,9626,209,209,0,4053,0,1567,648,3149,6851,0,0,3,4804,4678,126,3149,1529,0,1820,126,1289,4803,,824,0,
489,INFEASIBLE,certified_no_adversarial_example,feasibility,false,false,false,false,,,,0.763159123,0.030994892120361328,0.0,0.0,0.717117539,0.43439460100000005,0.29615458699999986,0.28284168243408203,0.4209629520000001,0.2827229379999999,0.042981206,9626,198,198,0,4030,0,1576,664,3158,6189,0,0,3,4804,4683,121,3158,1525,0,1810,121,1269,4768,,598,0,
490,INFEASIBLE,certified_no_adversarial_example,feasibility,false,false,false,false,,,,0.62541382,0.021126985549926758,0.0,0.0,0.591021381,0.333770373,0.19602696699999997,0.1849806308746338,0.394994414,0.257251008,0.031347229,9626,153,153,0,3972,0,1599,639,3263,3048,0,0,3,4804,4732,72,3263,1469,0,1717,76,1082,4440,,421,0,
491,INFEASIBLE,certified_no_adversarial_example,feasibility,false,false,false,false,,,,0.76245709,0.027317523956298828,0.0,0.0,0.719986078,0.43975398200000004,0.277944588,0.26407551765441895,0.44204149000000004,0.280232096,0.039426794,9626,205,205,0,4044,0,1568,684,3125,5446,0,0,3,4804,4685,119,3125,1560,0,1809,121,1266,4763,,624,0,
492,INFEASIBLE,certified_no_adversarial_example,feasibility,false,false,false,false,,,,0.949991987,0.036530256271362305,0.0,0.0,0.896997224,0.561038345,0.38954125999999994,0.37488436698913574,0.507455964,0.335958879,0.04986765,9626,219,219,0,4042,0,1564,678,3123,7257,0,0,3,4804,4664,140,3123,1541,0,1851,142,1350,4910,,613,0,
493,OPTIMAL,adversarial_example_found_or_best_known,feasibility,true,true,true,true,2.042810365310288e-14,-7.717538396671643;-14.898556036148129;4.217859446758434;0.275951670179039;-20.46292423663547;-7.4757465324407075;-10.076926937932097;-11.503296195835967;4.217859446758454;-10.70386478145964,0.0;0.1;0.1;0.0;0.0;0.0;0.0;0.1;0.1;0.0;0.0;0.1;0.1;0.0;0.0;0.1;0.0;0.0;0.0;0.0;0.0;0.1;0.1;0.0;0.0;0.1;0.1;0.0;0.1;0.1;0.1;0.0;0.0;0.0;0.0;0.1;0.1;0.0;0.0;0.1;0.1;0.1;0.1;0.1;0.0;0.0;0.0;0.0;0.0;0.0;0.0;0.0;0.0;0.0;0.0;0.0;0.0;0.0;0.1;0.0;0.0;0.1;0.0;0.1;0.1;0.1;0.0;0.1;0.1;0.1;0.1;0.1;0.0;0.0;0.0;0.0;0.0;0.0;0.0;0.0;0.0;0.0;0.0;0.0;0.0;0.0;0.0;0.0;0.0;0.1;0.0;0.1;0.0;0.0;0.1;0.1;0.1;0.0;0.1;0.1;0.1;0.1;0.0;0.0;0.0;0.0;0.0;0.0;0.0;0.0;0.0;0.1;0.0;0.0;0.0;0.1;0.0;0.1;0.0;0.0;0.0;0.0;0.1;0.1;0.1;0.1;0.1;0.0;0.0;0.1;0.0;0.0;0.0;0.4019607843137255;0.6490196078431373;0.0;0.0;0.0;0.0;0.0;0.0;0.0;0.0;0.1;0.1;0.1;0.1;0.1;0.0;0.0;0.0;0.1;0.1;0.1;0.1;0.1;0.1;0.1;0.1;0.20285533147815327;1.0;1.0;0.9;0.0;0.0;0.0;0.0;0.0;0.0;0.0;0.1;0.0;0.1;0.0;0.0;0.1;0.1;0.0;0.0;0.0;0.0;0.1;0.1;0.1;0.1;0.1;0.15098039215686274;1.0;1.0;1.0;0.9;0.4019607843137255;0.0;0.0;0.0;0.0;0.0;0.0;0.0;0.0;0.0;0.0;0.0;0.1;0.0;0.0;0.1;0.0;0.1;0.0;0.1;0.1;0.1;0.1;0.6019607843137255;1.0;0.9;1.0;1.0;0.49088910890687304;0.0;0.1;0.0;0.0;0.0;0.0;0.0;0.1;0.0;0.0;0.0;0.1;0.1;0.0;0.0;0.0;0.0;0.1;0.1;0.1;0.09952451873271682;0.15098039215686274;1.0;0.9;0.9;1.0;0.9;0.1;0.0;0.0;0.0;0.0;0.0;0.1;0.0;0.1;0.0;0.0;0.1;0.0;0.1;0.0;0.1;0.0;0.1;0.0;0.0;0.1;0.1;0.6490196078431373;1.0;0.27048397814163994;0.9;0.9;1.0;0.0;0.1;0.1;0.1;0.0;0.0;0.1;0.0;0.1;0.1;0.0;0.1;0.0;0.1;0.1;0.1;0.1;0.1;0.0;0.0;0.0;0.6019607843137255;1.0;1.0;0.0;0.9;0.9;0.8490196078431372;0.0;0.0;0.1;0.1;0.0;0.0;0.0;0.0;0.1;0.1;0.0;0.1;0.2625826030407867;0.3509803921568627;0.1;0.1;0.0;0.1;0.1;0.0;0.3147176209563963;1.0;1.0;0.1;0.1;0.9;0.9;0.58515194710502;0.0;0.1;0.1;0.0;0.0;0.0;0.0;0.0;0.1;0.0;0.3509803921568627;0.6490196078431373;0.9;0.6019607843137255;0.1;0.1;0.0;0.1;0.0;0.0;0.6490196078431373;1.0;0.6019607843137255;0.0;0.1;0.933261161013687;0.9;0.3509803921568627;0.0;0.0;0.1;0.1;0.0;0.0;0.1;0.0;0.1;0.0;0.7461385391397317;1.0;1.0;0.1;0.1;0.1;0.0;0.1;0.0;0.3509803921568627;1.0;0.8490196078431372;0.1;0.1;0.15098039215686274;0.9;0.9;0.0;0.0;0.0;0.1;0.0;0.0;0.0;0.0;0.0;0.1;0.0;1.0;1.0;0.4019607843137255;0.0;0.1;0.1;0.0;0.0;0.15098039215686274;1.0;0.6490196078431373;0.0;0.0;0.0;0.9;0.9;0.6019607843137255;0.0;0.0;0.0;0.1;0.1;0.0;0.0;0.1;0.0;0.0;0.5698831307166743;0.9;1.0;0.3254902150790306;0.0;0.0;0.0;0.0;0.0;0.7975879557507408;0.9;0.15658508899149542;0.0;0.1;0.3509803921568627;0.9242461326376501;0.9;0.19130166339789517;0.06487908612927244;0.1;0.1;0.1;0.0;0.1;0.0;0.1;0.1;0.1;0.6019607843137255;0.9;1.0;0.0;0.0;0.0;0.0;0.1;0.6019607843137255;0.9;0.6490196078431373;0.0;0.0;0.0;0.4019607843137255;0.9;0.9;0.0;0.0;0.1;0.1;0.0;0.0;0.1;0.0;0.1;0.0;0.0;0.8490196078431372;0.9;1.0;0.509230149926185;0.0;0.1;0.0;0.1;0.9;1.0;0.15098039215686274;0.0;0.0;0.1;0.5293403878222597;0.9;0.0;0.0;0.0;0.0;0.0;0.0;0.1;0.0;0.0;0.1;0.1;0.1;1.0;0.9;1.0;0.0;0.0;0.0;0.09853262767450188;0.6490196078431373;0.9;0.3509803921568627;0.0;0.0;0.0;0.1;1.0;0.6490196078431373;0.0;0.0;0.0;0.0;0.0;0.0;0.0;0.1;0.1;0.1;0.1;0.1;0.9;0.9;0.4019607843137255;0.0;0.0;0.0;0.15098039215686274;1.0;0.5921625140564013;0.1;0.1;0.0;0.1;0.0;0.6490196078431373;0.1;0.1;0.0;0.1;0.0;0.0;0.1;0.1;0.0;0.0;0.1;0.1;0.1;0.9;1.0;0.6490196078431373;0.1;0.0;0.15098039215686274;1.0;1.0;0.0;0.1;0.1;0.0;0.0;0.0;0.15098039215686274;0.0;0.0;0.0;0.1;0.1;0.1;0.1;0.1;0.0;0.0;0.1;0.1;0.1;0.4019607843137255;0.9;0.9;0.4019607843137255;0.43086894649725455;1.0;1.0;0.5237285859092866;0.1;0.1;0.1;0.0;0.0;0.0;0.0;0.0;0.1;0.1;0.0;0.0;0.1;0.1;0.03781268268362243;0.0;0.0;0.1;0.1;0.0;0.15098039215686274;0.9;0.9;1.0;0.9;0.9;0.8490196078431372;0.1;0.1;0.1;0.1;0.0;0.0;0.0;0.1;0.0;0.0;0.1;0.1;0.1;0.1;0.1;0.1;0.0;0.0;0.1;0.1;0.1;0.0;0.17443445559133028;0.9;0.9;0.6617185530668058;0.1;0.1;0.1;0.03616458463898652;0.1;0.1;0.0;0.003611873289014873;0.0;0.1;0.0;0.1;0.1;0.1;0.1;0.014860972153292384;0.1;0.0;0.1;0.0;0.0;0.1;0.1;0.1;0.0;0.09784320914378185;0.1;0.0;0.0;0.0;0.1;0.1;0.1;0.1;0.0;0.0;0.1;0.0;0.0;0.1;0.0;0.1;0.1;0.1;0.1;0.1;0.0;0.0;0.0;0.1;0.1;0.1;0.0;0.0;0.0;0.0;0.0;0.1;0.1;0.1;0.1;0.1;0.0;0.1;0.1;0.1;0.0;0.0;0.1;0.1;0.0;0.0;0.0;0.0;0.0;0.0;0.0;0.1;0.1;0.1;0.0;0.0;0.0;0.0;0.1;0.1;0.1;0.1;0.1;0.1;0.0;0.0;0.1;0.1;0.0;0.0;0.0;0.0;0.0;0.0;0.1;0.1;0.0;0.1;0.1;0.0;0.0;0.0;0.0;0.0;0.0;0.0;0.0;0.0;0.0;0.0;0.1;0.0;0.1;0.0;0.1;0.0;0.0;0.0;0.1;0.1;0.1;0.0;0.0;0.0;0.0,1.365247085,0.41834259033203125,0.0,0.0,0.929543188,0.330024316,0.203938742,0.19182848930358887,0.725604446,0.599518872,0.429298167,9626,169,169,0,4052,0,1592,694,3119,3020,0,0,3,4804,4706,98,3119,1587,0,1764,98,1177,4607,1,1249,,0.0
494,INFEASIBLE,certified_no_adversarial_example,feasibility,false,false,false,false,,,,1.033941841,0.033757686614990234,0.0,0.0,0.981605118,0.673100925,0.493555383,0.4777054786682129,0.48804973500000004,0.3085041930000001,0.049291403,9626,242,242,0,4117,0,1554,704,3009,8646,0,0,3,4804,4638,166,3009,1629,0,1903,168,1454,5092,,557,0,
495,INFEASIBLE,certified_no_adversarial_example,feasibility,false,false,false,false,,,,0.92684066,0.05313444137573242,0.0,0.0,0.857285126,0.573949145,0.374889141,0.3599860668182373,0.48239598499999997,0.2833359809999999,0.066492771,9626,220,220,0,4045,0,1567,649,3145,5700,0,0,3,4804,4672,132,3145,1527,0,1836,135,1320,4857,,851,0,
496,OPTIMAL,adversarial_example_found_or_best_known,feasibility,true,true,true,true,1.9984014443252818e-14,-2.5162229060096024;-14.08477267369041;0.06339408066695196;-3.657559044795212;-7.934984330310816;-8.037557046194545;-2.301504788698007;-16.047836460254043;0.06339408066693197;-8.796703778521456,0.1;0.0;0.0;0.1;0.1;0.1;0.1;0.0;0.0;0.1;0.1;0.1;0.0;0.1;0.1;0.0;0.0;0.0;0.0;0.1;0.1;0.0;0.0;0.1;0.1;0.0;0.0;0.1;0.0;0.0;0.0;0.0;0.1;0.1;0.1;0.1;0.0;0.1;0.1;0.1;0.0;0.0;0.0;0.1;0.1;0.1;0.1;0.1;0.0;0.1;0.1;0.0;0.1;0.1;0.0;0.0;0.1;0.0;0.0;0.1;0.1;0.0;0.0;0.0;0.0;0.0;0.1;0.1;0.0;0.0;0.0;0.0;0.0;0.0;0.0;0.1;0.1;0.1;0.1;0.0;0.1;0.1;0.1;0.1;0.1;0.1;0.0;0.1;0.0;0.0;0.1;0.1;0.0;0.0;0.0;0.1;0.0;0.0;0.0;0.0;0.1;0.0;0.1;0.0;0.0;0.1;0.0;0.0;0.0;0.1;0.0;0.1;0.1;0.0;0.0;0.1;0.0;0.0;0.0;0.1;0.1;0.0;0.0;0.1;0.1;0.0;0.0;0.0;0.0;0.1;0.1;0.1;0.1;0.1;0.1;0.0;0.0;0.1;0.1;0.1;0.0;0.0;0.0;0.0;0.0;0.0;0.1;0.1;0.1;0.1;0.0;0.1;0.0;0.0;0.0;0.0;0.0;0.0;0.0;0.0;0.0;0.0;0.06992080395067071;0.1;0.0;0.0;0.0;0.1;0.1;0.0;0.0;0.1;0.1;0.0;0.0;0.1;0.1;0.1;0.1;0.1;0.1;0.0;0.0;0.0;0.0;0.08823529411764705;0.4372549019607843;0.2333333333333333;0.2333333333333333;0.009803921568627444;0.1;0.0;0.0;0.0;0.0;0.1;0.1;0.1;0.1;0.1;0.1;0.0;0.0;0.1;0.0;0.1;0.0;0.1;0.0;0.1;0.0;0.18055709010350124;0.6882352941176471;0.9901960784313725;1.0;0.8882352941176471;0.8882352941176471;0.7751653803889642;0.5666666666666667;0.0;0.0;0.0;0.0;0.0;0.1;0.0;0.0;0.1;0.0;0.0;0.0;0.1;0.1;0.1;0.1;0.1;0.1;0.0;0.49215686274509807;1.0;1.0;1.0;1.0;0.8882352941176471;1.0;0.8882352941176471;1.0;0.0;0.0;0.0;0.0;0.1;0.1;0.0;0.1;0.1;0.1;0.0;0.1;0.1;0.1;0.1;0.1;0.1;0.0;0.49658119868508993;0.86664845864683;0.8882352941176471;0.8882352941176471;0.8882352941176471;1.0;1.0;1.0;1.0;1.0;0.1;0.0;0.0;0.0;0.0;0.1;0.0;0.0;0.0;0.0;0.0;0.0;0.0;0.30000000000000004;0.7235294117647059;0.8921568627450981;1.0;0.8921568627450981;0.9;1.0;0.8921568627450981;0.8921568627450981;1.0;0.9;0.8450980392156863;1.0;1.0;0.8921568627450981;0.1;0.1;0.0;0.0;0.0;0.0;0.0;0.1;0.0;0.1;0.1;0.2019607843137255;0.4725490196078431;1.0;0.8882352941176471;1.0;1.0;0.8882352941176471;0.8921568627450981;0.8882352941176471;0.8882352941176471;0.8647058823529411;0.24901960784313723;0.1068335916259779;0.5285437081375276;1.0;0.8882352941176471;0.8882352941176471;0.1;0.1;0.1;0.03644147832799293;0.1;0.0;0.0;0.0;0.0;0.0;0.27647058823529413;0.511764705882353;0.8882352941176471;0.8921568627450981;1.0;0.8882352941176471;1.0;0.8882352941176471;0.8921568627450981;0.8882352941176471;0.8372549019607843;0.3549019607843137;0.1;0.0928596863583402;0.9823529411764705;1.0;0.8882352941176471;0.8882352941176471;0.1;0.1;0.0;0.0;0.1;0.0;0.0;0.0;0.0;0.1023490657835969;0.696078431372549;0.8882352941176471;0.8882352941176471;1.0;1.0;0.8764705882352941;0.28823529411764703;0.8372549019607843;1.0;0.9463550064727485;0.30000000000000004;0.0;0.0;0.1025887684790721;0.795257597819813;0.8882352941176471;0.8882352941176471;0.515686274509804;0.0;0.1;0.0;0.0;0.0;0.0;0.1;0.0;0.0;0.5392156862745098;1.0;0.8882352941176471;0.8882352941176471;1.0;0.9;0.19803921568627453;0.0;0.696078431372549;1.0;1.0;0.42156862745098045;0.0;0.1;0.3431372549019608;0.8882352941176471;1.0;0.8882352941176471;0.3392156862745098;0.0;0.0;0.0;0.0;0.1;0.0;0.1;0.1;0.295443687875972;0.8694039128436443;0.8921568627450981;0.8921568627450981;0.8921568627450981;0.9;0.20588235294117646;0.1;0.10311055185226779;0.6490196078431373;0.9;1.0;0.8921568627450981;0.6725490196078431;0.0;0.9;0.8921568627450981;1.0;0.7823529411764706;0.0204590716283184;0.1;0.0488528392348847;0.0;0.1;0.1;0.0;0.1;0.09741827058893372;0.8980182367371592;0.8882352941176471;1.0;0.8882352941176471;0.8882352941176471;1.0;0.3901960784313726;0.09868722604645483;0.013725490196078424;0.8882352941176471;1.0;1.0;0.8882352941176471;1.0;0.9823529411764705;0.8921568627450981;0.8882352941176471;0.8882352941176471;0.9745098039215686;0.09800118894306635;0.1;0.1;0.0;0.0;0.1;0.1;0.1;0.1;0.9705882352941176;1.0;0.8882352941176471;0.8882352941176471;0.8882352941176471;0.8921568627450981;0.79253079331165;0.3235294117647059;0.5782125932070801;0.8882352941176471;1.0;1.0;0.8882352941176471;0.8882352941176471;0.8882352941176471;0.8921568627450981;1.0;1.0;0.7925033276214825;0.1;0.1;0.1;0.0;0.1;0.0;0.0;0.1;0.1;0.24901960784313726;0.9196078431372549;0.6686274509803921;1.0;0.8882352941176471;1.0;0.8882352941176471;1.0;0.8882352941176471;1.0;1.0;1.0;0.8882352941176471;1.0;0.8882352941176471;0.8921568627450981;1.0;1.0;0.5745098039215686;0.1;0.1;0.1;0.0;0.0;0.1;0.1;0.0;0.1;0.0;0.1;0.0;0.45686274509803926;0.8882352941176471;1.0;0.8882352941176471;0.8882352941176471;0.8882352941176471;0.8882352941176471;1.0;0.8896335579272836;1.0;0.8882352941176471;0.8882352941176471;0.8921568627450981;0.9398526984253801;0.36597826635978536;0.1;0.0;0.1;0.1;0.1;0.0;0.1;0.1;0.1;0.1;0.0;0.1;0.1;0.0;0.4529411764705883;1.0;0.8921568627450981;0.8921568627450981;0.8921568627450981;1.0;0.20980392156862746;0.09203082799569896;0.4294117647058824;1.0;0.8921568627450981;1.0;0.20588235294117646;0.0;0.1;0.0;0.0;0.0;0.1;0.0;0.1;0.1;0.1;0.1;0.1;0.1;0.0;0.1;0.46862745098039216;0.7588235294117647;0.8529411764705882;0.8137254901960784;0.7549019607843137;0.4490196078431372;0.1;0.1;0.10417150116611244;0.5784313725490197;0.7549019607843137;0.515686274509804;0.11176470588235295;0.1;0.1;0.0;0.0;0.06430544914656028;0.0;0.0;0.0;0.1;0.1;0.1;0.1;0.1;0.1;0.1;0.0;0.0;0.2803921568627451;0.19019607843137257;0.0;0.0;0.1;0.1;0.0;0.0;0.1;0.0;0.0;0.1;0.1;0.1;0.0;0.0;0.1;0.1;0.1;0.1;0.1;0.1;0.1;0.1;0.1;0.1;0.1;0.1;0.1;0.0;0.0;0.0;0.0;0.0;0.1;0.0;0.0;0.0;0.0;0.1;0.0;0.1;0.0;0.0;0.095857975456355;0.0;0.1;0.1;0.0;0.0;0.1;0.1;0.1;0.1;0.1;0.1;0.0;0.0;0.0;0.0;0.0;0.0;0.0;0.0;0.0;0.0;0.0;0.1;0.1;0.1;0.0;0.0;0.0;0.1;0.1;0.1;0.1;0.0;0.1;0.1;0.1;0.06962888513484722;0.1;0.1;0.1;0.0;0.0;0.0;0.0;0.0;0.0;0.0;0.0;0.0;0.1;0.1;0.1;0.0;0.1;0.0;0.0;0.1;0.0;0.0;0.1;0.1;0.1;0.1;0.1;0.1;0.1;0.1;0.1;0.0;0.0;0.0;0.0;0.0;0.1;0.1;0.0;0.0;0.1;0.1;0.1;0.1;0.0;0.0;0.1;0.1;0.0;0.0;0.1;0.1;0.1;0.0;0.1;0.1;0.0;0.06410383186125271;0.0;0.0;0.0;0.1;0.0;0.0;0.0;0.1;0.0;0.0;0.1;0.0;0.0;0.0;0.0;0.0;0.1;0.1;0.1,2.404540224,1.740434169769287,0.0,0.0,0.646758219,0.37965806299999993,0.22872132300000003,0.21599197387695312,0.41803689599999994,0.26710015600000003,1.751428054,9626,175,175,0,4110,0,1584,682,3075,3911,0,0,3,4804,4706,98,3075,1631,0,1768,101,1184,4619,1,14744,,0.0
497,INFEASIBLE,certified_no_adversarial_example,feasibility,false,false,false,false,,,,0.808265179,0.03273487091064453,0.0,0.0,0.750960264,0.487139866,0.32179215800000005,0.30837368965148926,0.429168106,0.26382039800000007,0.054267159,9626,203,203,0,4025,0,1573,649,3176,6106,0,0,3,4804,4686,118,3176,1510,0,1807,120,1262,4756,,581,0,
498,INFEASIBLE,certified_no_adversarial_example,feasibility,false,false,false,false,,,,0.808799828,0.17783379554748535,0.0,0.0,0.616959354,0.35216298399999996,0.22128886799999997,0.20990872383117676,0.39567048600000004,0.26479637000000006,0.188774827,9626,153,153,0,4013,0,1600,650,3210,3701,0,0,3,4804,4714,90,3210,1504,0,1751,92,1150,4560,,1053,0,
499,INFEASIBLE,certified_no_adversarial_example,feasibility,false,false,false,false,,,,0.85168211,0.03729653358459473,0.0,0.0,0.798156384,0.510435318,0.347498019,0.33378100395202637,0.450658365,0.287721066,0.050461431,9626,201,201,0,4054,0,1574,675,3122,6428,0,0,3,4804,4671,133,3122,1549,0,1837,135,1322,4861,,651,0,
500,INFEASIBLE,certified_no_adversarial_example,feasibility,false,false,false,false,,,,0.661495861,0.021506547927856445,0.0,0.0,0.625712846,0.35793283400000003,0.222132271,0.21043014526367188,0.403580575,0.26778001199999996,0.032751342,9626,155,155,0,4010,0,1599,653,3209,4286,0,0,3,4804,4700,104,3209,1491,0,1779,106,1206,4658,,467,0,
