sample_index,solve_status,semantic_outcome,adversarial_example_objective,witness_available,witness_target_verified,witness_perturbation_verified,witness_verified,witness_margin,witness_output,perturbed_input_value,total_time_seconds,solve_time_seconds,objective_value,objective_bound,formulation_time_seconds,bound_tightening_time_seconds,bound_solver_wall_time_seconds,bound_solver_reported_time_seconds,formulation_excluding_bound_solver_time_seconds,formulation_residual_time_seconds,main_solve_wall_time_seconds,bound_request_count,bound_solver_call_count,bound_optimal_count,bound_time_limit_count,bound_interval_arithmetic_count,bound_constant_expression_count,bound_interval_cutoff_count,bound_upper_skipped_count,bound_lower_skipped_count,bound_simplex_iterations,bound_barrier_iterations,bound_node_count,relu_layer_count,relu_total_count,relu_stable_count,relu_unstable_count,relu_zero_output_count,relu_linear_in_input_count,relu_constant_output_count,num_variables,num_binary_variables,num_structural_constraints,num_total_constraints,main_node_count,main_simplex_iterations,main_barrier_iterations,main_relative_gap
1,INFEASIBLE,certified_no_adversarial_example,feasibility,false,false,false,false,,,,12.325894884,0.03416943550109863,0.0,0.0,10.972457997,3.172553784,0.722892055,0.28107643127441406,10.249565942,7.799904213,0.065079197,9626,197,197,0,4023,0,1575,645,3186,6061,0,0,3,4804,4689,115,3186,1503,0,1801,117,1250,4735,,639,0,
2,INFEASIBLE,certified_no_adversarial_example,feasibility,false,false,false,false,,,,0.640382147,0.02634143829345703,0.0,0.0,0.602074446,0.373455607,0.220534665,0.20866632461547852,0.3815397810000001,0.22861883900000002,0.036832583,9626,177,177,0,4059,0,1586,696,3108,4153,0,0,3,4804,4690,114,3108,1582,0,1800,117,1248,4731,,592,0,
3,INFEASIBLE,certified_no_adversarial_example,feasibility,false,false,false,false,,,,0.558830333,0.025010347366333008,0.0,0.0,0.523400589,0.313735236,0.20433978599999997,0.19353413581848145,0.319060803,0.209665353,0.034111867,9626,166,166,0,3974,0,1592,623,3271,3825,0,0,3,4804,4725,79,3271,1454,0,1730,82,1108,4486,,546,0,
4,INFEASIBLE,certified_no_adversarial_example,feasibility,false,false,false,false,,,,0.587174274,0.02591872215270996,0.0,0.0,0.549673801,0.329893209,0.217415274,0.20581507682800293,0.33225852699999997,0.21978059199999994,0.036178971,9626,169,169,0,4089,0,1591,686,3091,4601,0,0,3,4804,4691,113,3091,1600,0,1797,115,1242,4721,,597,0,
5,INFEASIBLE,certified_no_adversarial_example,feasibility,false,false,false,false,,,,0.686768755,0.027347564697265625,0.0,0.0,0.647090829,0.442218977,0.305910905,0.29122114181518555,0.341179924,0.20487185200000002,0.038237815,9626,248,248,0,4033,0,1546,660,3139,5546,0,0,3,4804,4676,128,3139,1537,0,1824,128,1297,4817,,588,0,
6,INFEASIBLE,certified_no_adversarial_example,feasibility,false,false,false,false,,,,0.51558841,0.016059160232543945,0.0,0.0,0.489028541,0.3005509,0.181049757,0.1706860065460205,0.307978784,0.18847764099999997,0.025074721,9626,143,143,0,3993,0,1604,639,3247,3504,0,0,3,4804,4724,80,3247,1477,0,1731,82,1110,4490,,422,0,
7,INFEASIBLE,certified_no_adversarial_example,feasibility,false,false,false,false,,,,0.785760771,0.05154991149902344,0.0,0.0,0.720833709,0.51060677,0.3247890520000001,0.3102145195007324,0.3960446569999999,0.210226939,0.06350621,9626,245,245,0,4041,0,1551,646,3143,6451,0,0,3,4804,4663,141,3143,1520,0,1853,143,1354,4917,,855,0,
8,INFEASIBLE,certified_no_adversarial_example,feasibility,false,false,false,false,,,,0.752746534,0.035666704177856445,0.0,0.0,0.705205421,0.502006375,0.23851508799999993,0.22638916969299316,0.4666903330000001,0.20319904600000005,0.046065642,9626,182,182,0,4029,0,1584,651,3180,4764,0,0,3,4804,4688,116,3180,1508,0,1800,116,1249,4733,,765,0,
9,OPTIMAL,adversarial_example_found_or_best_known,feasibility,true,true,true,true,-7.974065852067724e-12,-8.970697091923233;-29.458670121531995;-13.415034526485003;-11.059223903465263;-10.500617575317882;3.9228322104620705;3.9228322104540965;-19.949136233186564;-2.0099180465490445;-6.806281733155929,0.0;0.1;0.1;0.0;0.0;0.0;0.1;0.0;0.0;0.1;0.1;0.1;0.1;0.1;0.1;0.0;0.0;0.1;0.1;0.1;0.1;0.1;0.1;0.1;0.1;0.0;0.0;0.1;0.0;0.1;0.0;0.0;0.0;0.1;0.1;0.0;0.1;0.1;0.1;0.1;0.1;0.0;0.0;0.0;0.0;0.0;0.1;0.1;0.1;0.1;0.1;0.1;0.1;0.0;0.0;0.1;0.0;0.1;0.1;0.0;0.0;0.1;0.1;0.0;0.0;0.1;0.1;0.1;0.1;0.1;0.1;0.0;0.0;0.0;0.0;0.1;0.1;0.0;0.1;0.1;0.1;0.0;0.0;0.1;0.0;0.0;0.0;0.0;0.1;0.0;0.1;0.0;0.1;0.0;0.1;0.1;0.1;0.1;0.0;0.1;0.1;0.0;0.1;0.1;0.1;0.0;0.1;0.1;0.09156360504348313;0.0;0.0;0.1;0.0;0.1;0.1;0.0;0.0;0.1;0.1;0.0;0.1;0.1;0.1;0.1;0.1;0.1;0.1;0.1;0.1;0.0;0.0;0.1;0.1;0.1;0.1;0.1;0.1;0.0;0.0;0.1;0.0;0.0;0.0;0.0;0.1;0.1;0.1;0.1;0.1;0.0;0.0;0.0;0.4607843137254902;0.6882352941176471;0.8176470588235294;0.9755813850072304;0.6450980392156862;0.11176470588235295;0.1;0.0;0.1;0.1;0.1;0.1;0.1;0.0;0.0;0.1;0.1;0.0;0.0;0.0;0.0;0.1;0.1;0.1;0.1;0.1;0.0;0.42156862745098045;0.8921568627450981;1.0;0.8921568627450981;1.0;1.0;0.10784313725490197;0.0;0.1;0.1;0.1;0.1;0.1;0.1;0.0;0.0;0.1;0.0;0.0;0.0;0.0;0.0;0.1;0.1;0.0;0.1;0.14313725490196078;0.6733439818326113;0.8921568627450981;0.8865299444801669;0.7823529411764706;0.87945418430018;0.8921568627450981;1.0;0.9549019607843137;0.1;0.0;0.1;0.1;0.1;0.1;0.1;0.0;0.0;0.0;0.0;0.0;0.0;0.0;0.0;0.1;0.1;0.1;0.1784313725490196;0.907843137254902;0.8921568627450981;1.0;0.20980392156862746;0.1;0.43162008685569603;1.0;0.8921568627450981;0.9705882352941176;0.1;0.1;0.1;0.1;0.1;0.1;0.1;0.0;0.0;0.0;0.0;0.0;0.0;0.0;0.1;0.0;0.1;0.0;0.4176470588235295;1.0;0.5753595865992672;0.1588235294117647;0.1;0.0;0.29215686274509806;0.884313725490196;1.0;0.884313725490196;0.36274509803921573;0.0;0.1;0.0;0.1;0.1;0.1;0.0;0.0;0.0;0.0;0.0;0.0;0.1;0.1;0.1;0.1;0.0;0.18235294117647058;0.2058823529411765;0.10113849240562897;0.0;0.0;0.1;0.1;0.676470588235294;0.8921568627450981;1.0;0.38235294117647056;0.1;0.1;0.1;0.1;0.1;0.1;0.0;0.0;0.0;0.1;0.0;0.0;0.1;0.1;0.1;0.0;0.1;0.1;0.0;0.0;0.1;0.0;0.0;0.1;0.29438736441227836;0.8921568627450981;1.0;0.8685560405962514;0.5705882352941176;0.296078431372549;0.10214146707452204;0.1;0.1;0.0;0.0;0.0;0.0;0.1;0.0;0.0;0.1;0.1;0.1;0.10537144804041328;0.14705882352941177;0.12352941176470589;0.0;0.0;0.1;0.1;0.0;0.0;0.37450980392156863;0.9227418011684191;1.0;1.0;1.0;1.0;0.7549019607843137;0.10160479747111083;0.1;0.1;0.0;0.0;0.0;0.0;0.0;0.0;0.1;0.0;0.0;0.45686274509803926;0.8921568627450981;0.8333333333333334;0.22549019607843138;0.1;0.1;0.0;0.0;0.1;0.41641275890318175;0.8921568627450981;1.0;0.8921568627450981;1.0;1.0;1.0;0.8058823529411765;0.1;0.0;0.1;0.0;0.0;0.0;0.0;0.0;0.1;0.1;0.0;0.8568627450980393;1.0;0.7901960784313725;0.0;0.0;0.1;0.1;0.0;0.0;0.2647058823529412;0.8921568627450981;1.0;0.8921568627450981;0.49607843137254903;1.0;0.8921568627450981;1.0;0.4647058823529412;0.1;0.1;0.0;0.0;0.0;0.0;0.1;0.0;0.1;0.20198640323481593;0.8882352941176471;1.0;0.8333333333333334;0.21764705882352942;0.1;0.1;0.0;0.0;0.0;0.20717295696527527;0.8921568627450981;1.0;1.0;0.10401338035893937;0.6372549019607844;1.0;1.0;0.48431372549019613;0.0;0.0;0.0;0.0;0.0;0.0;0.0;0.1;0.0;0.5;0.8921568627450981;1.0;0.5588235294117647;0.0;0.0;0.1;0.1;0.1;0.0;0.43333333333333335;1.0;1.0;0.8921568627450981;0.7431372549019608;0.8882352941176471;1.0;0.7666666666666667;0.18627450980392157;0.1;0.0;0.0;0.0;0.0;0.0;0.0;0.0;0.16666666666666669;0.9509803921568627;1.0;0.8921568627450981;0.38627450980392153;0.0;0.0;0.0;0.0;0.0;0.0;0.20980392156862746;0.8658438163397036;1.0;0.8921568627450981;1.0;1.0;1.0;0.5763305419809848;0.1;0.0;0.1;0.0;0.0;0.0;0.0;0.0;0.1;0.16971695136892478;0.8921568627450981;0.8921568627450981;1.0;0.17058823529411762;0.0;0.0;0.1;0.1;0.1;0.0;0.1;0.7588235294117647;0.8882352941176471;0.8921568627450981;1.0;1.0;0.7862745098039216;0.0;0.1;0.1;0.1;0.0;0.0;0.0;0.0;0.0;0.0;0.28431372549019607;1.0;1.0;0.8921568627450981;0.10369224340578166;0.1;0.0;0.1;0.1;0.1;0.1;0.1;0.1;0.5862745098039216;0.7862745098039216;0.6094939657272151;0.6711306713542344;0.14313725490196078;0.1;0.1;0.0;0.1;0.0;0.0;0.0;0.0;0.0;0.1;0.28431372549019607;0.8921568627450981;0.8921568627450981;0.9352941176470588;0.14313725490196078;0.1;0.1;0.1;0.1;0.0;0.1;0.1;0.1;0.1;0.09981788163664648;0.0;0.0;0.0;0.1;0.1;0.1;0.1;0.0;0.0;0.0;0.0;0.0;0.1;0.1627450980392157;0.7918765786186254;0.8921568627450981;0.5666666666666667;0.1;0.0;0.1;0.0;0.1;0.0;0.1;0.0;0.1;0.1;0.1;0.1;0.1;0.1;0.1;0.0;0.06158276955586037;0.1;0.1;0.1;0.0;0.0;0.0;0.1;0.6058823529411764;1.0;0.8921568627450981;0.5666666666666667;0.0;0.0;0.0;0.0;0.1;0.0;0.0;0.1;0.1;0.1;0.1;0.0;0.1;0.1;0.1;0.0;0.0;0.1;0.1;0.0;0.1;0.0;0.1;0.0;0.37783424464527293;0.8921568627450981;0.8921568627450981;0.5851514787274112;0.1;0.0;0.1;0.0;0.1;0.0;0.1;0.0;0.1;0.0;0.1;0.0;0.1;0.0;0.0;0.0;0.0;0.1;0.0;0.0;0.1;0.1;0.1;0.1;0.09585428079055995;1.0;0.8921568627450981;0.7666666666666666;0.1;0.0;0.1;0.0;0.0;0.1;0.1;0.1;0.1;0.1;0.1;0.1;0.1;0.1;0.1;0.0;0.0;0.1;0.1;0.1;0.0;0.1;0.1;0.1;0.1;0.1;0.1;0.1;0.1;0.1;0.1;0.0;0.1;0.0;0.016337606691959824;0.0;0.01902021465581118;0.0;0.1;0.1;0.1;0.1;0.0883619109370128;0.0;0.0;0.1;0.0;0.1;0.0;0.1;0.1;0.1;0.1;0.0;0.0;0.1;0.1;0.0;0.0;0.1;0.0;0.1;0.1;0.1;0.1;0.1;0.1;0.1;0.1;0.1;0.0;0.0;0.0;0.0;0.1;0.1;0.0;0.0;0.1;0.1;0.1;0.0;0.1;0.1;0.1;0.1;0.0;0.0;0.0;0.1;0.0;0.0;0.0;0.0;0.1;0.1;0.0;0.1;0.0;0.0;0.0;0.0;0.0;0.0,2.847557385,1.202286958694458,0.0,0.0,0.614936999,0.39242679,0.24958478999999997,0.23656916618347168,0.365352209,0.22251020899999996,1.213370256,9626,204,204,0,4072,0,1574,684,3092,5293,0,0,3,4804,4666,138,3092,1574,0,1844,138,1337,4887,1,2773,,0.0
10,INFEASIBLE,certified_no_adversarial_example,feasibility,false,false,false,false,,,,0.751759076,0.04176139831542969,0.0,0.0,0.696425082,0.45545626400000006,0.33776465099999997,0.32263708114624023,0.358660431,0.24096881799999992,0.053920106,9626,244,244,0,4076,0,1552,655,3099,7709,0,0,3,4804,4654,150,3099,1555,0,1871,152,1390,4980,,712,0,
11,INFEASIBLE,certified_no_adversarial_example,feasibility,false,false,false,false,,,,0.677771501,0.023825645446777344,0.0,0.0,0.641120175,0.42699288500000004,0.285554718,0.2718958854675293,0.355565457,0.21412728999999991,0.034839608,9626,220,220,0,4068,0,1560,679,3099,5263,0,0,3,4804,4682,122,3099,1583,0,1816,125,1280,4787,,528,0,
12,INFEASIBLE,certified_no_adversarial_example,feasibility,false,false,false,false,,,,1.0716913,0.05493903160095215,0.0,0.0,1.001157611,0.7447682680000001,0.5790662090000002,0.5603246688842773,0.42209140199999984,0.25638934299999994,0.069144755,9626,337,337,0,4078,0,1504,656,3051,10700,0,0,3,4804,4610,194,3051,1559,0,1961,198,1570,5294,,737,0,
13,INFEASIBLE,certified_no_adversarial_example,feasibility,false,false,false,false,,,,0.711388906,0.03560757637023926,0.0,0.0,0.663268083,0.442333433,0.2894270349999999,0.2760021686553955,0.37384104800000006,0.22093464999999995,0.046688809,9626,219,219,0,4036,0,1565,655,3151,5818,0,0,3,4804,4681,123,3151,1530,0,1819,127,1286,4797,,638,0,
14,INFEASIBLE,certified_no_adversarial_example,feasibility,false,false,false,false,,,,0.717317527,0.02569127082824707,0.0,0.0,0.678456345,0.449721935,0.313572841,0.29936933517456055,0.36488350399999997,0.22873440999999994,0.037544426,9626,227,227,0,4076,0,1561,683,3079,6623,0,0,3,4804,4659,145,3079,1580,0,1863,149,1374,4951,,516,0,
15,INFEASIBLE,certified_no_adversarial_example,feasibility,false,false,false,false,,,,0.385445584,0.010266304016113281,0.0,0.0,0.366497459,0.178160091,0.09074918099999998,0.08258605003356934,0.275748278,0.18833736800000003,0.017581388,9626,96,96,0,3986,0,1628,661,3255,1339,0,0,3,4804,4757,47,3255,1502,0,1662,47,973,4250,,404,0,
16,INFEASIBLE,certified_no_adversarial_example,feasibility,false,false,false,false,,,,0.845227982,0.036177635192871094,0.0,0.0,0.795011152,0.524768699,0.378365053,0.3621859550476074,0.41664609900000005,0.27024245300000005,0.048736678,9626,270,270,0,4050,0,1536,700,3070,7928,0,0,3,4804,4648,156,3070,1578,0,1880,156,1409,5013,,654,0,
17,INFEASIBLE,certified_no_adversarial_example,feasibility,false,false,false,false,,,,0.856641963,0.033669471740722656,0.0,0.0,0.808694345,0.596984943,0.308631983,0.294879674911499,0.500062362,0.211709402,0.046465631,9626,213,213,0,4052,0,1565,660,3136,6908,0,0,3,4804,4676,128,3136,1540,0,1828,131,1304,4829,,664,0,
18,INFEASIBLE,certified_no_adversarial_example,feasibility,false,false,false,false,,,,0.522228562,0.01773548126220703,0.0,0.0,0.492636389,0.29021880099999997,0.18499834199999998,0.17414522171020508,0.307638047,0.20241758800000004,0.028224387,9626,152,152,0,4038,0,1600,672,3164,3964,0,0,3,4804,4698,106,3164,1534,0,1780,106,1209,4663,,470,0,
19,INFEASIBLE,certified_no_adversarial_example,feasibility,false,false,false,false,,,,40.486619015,39.68571972846985,,0.0,0.786101944,0.535134481,0.38489574699999984,0.36876392364501953,0.40120619700000015,0.25096746299999995,39.698604733,9626,267,267,0,4102,0,1540,691,3026,7531,0,0,3,4804,4633,171,3026,1607,0,1913,173,1474,5127,,1676,0,
20,INFEASIBLE,certified_no_adversarial_example,feasibility,false,false,false,false,,,,0.808364277,0.04056286811828613,0.0,0.0,0.754194864,0.518520906,0.384064784,0.368671178817749,0.37013008000000003,0.23567395800000002,0.052779229,9626,296,296,0,4021,0,1526,639,3144,7206,0,0,3,4804,4639,165,3144,1495,0,1898,165,1445,5076,,753,0,
21,INFEASIBLE,certified_no_adversarial_example,feasibility,false,false,false,false,,,,0.647406911,0.02650904655456543,0.0,0.0,0.609187515,0.37538020299999997,0.25629941399999995,0.2450389862060547,0.35288810100000007,0.23380731200000004,0.036771076,9626,162,162,0,4052,0,1595,664,3153,5150,0,0,3,4804,4695,109,3153,1542,0,1790,112,1228,4696,,549,0,
22,INFEASIBLE,certified_no_adversarial_example,feasibility,false,false,false,false,,,,0.657716038,0.026228666305541992,0.0,0.0,0.620081186,0.404047477,0.281342276,0.269481897354126,0.33873890999999995,0.21603370899999996,0.036346176,9626,180,180,0,4041,0,1586,673,3146,6377,0,0,3,4804,4687,117,3146,1541,0,1802,117,1253,4740,,558,0,
23,INFEASIBLE,certified_no_adversarial_example,feasibility,false,false,false,false,,,,0.786741892,0.03455710411071777,0.0,0.0,0.73929528,0.5222823090000001,0.370383466,0.35553407669067383,0.368911814,0.21701297099999994,0.046093001,9626,255,255,0,4047,0,1546,670,3108,6196,0,0,3,4804,4662,142,3108,1554,0,1857,146,1362,4930,,551,0,
24,INFEASIBLE,certified_no_adversarial_example,feasibility,false,false,false,false,,,,0.687803368,0.02276015281677246,0.0,0.0,0.652130679,0.40886730000000004,0.29037156,0.27707362174987793,0.361759119,0.24326337899999995,0.034312873,9626,208,208,0,4045,0,1571,678,3124,6434,0,0,3,4804,4668,136,3124,1544,0,1844,139,1336,4885,,511,0,
25,INFEASIBLE,certified_no_adversarial_example,feasibility,false,false,false,false,,,,0.695501034,0.03336143493652344,0.0,0.0,0.649598787,0.439969236,0.30615205999999995,0.2925081253051758,0.343446727,0.20962955099999997,0.044557337,9626,226,226,0,4011,0,1560,665,3164,6474,0,0,3,4804,4670,134,3164,1506,0,1839,136,1326,4868,,639,0,
26,INFEASIBLE,certified_no_adversarial_example,feasibility,false,false,false,false,,,,0.69918838,0.025635242462158203,0.0,0.0,0.660847237,0.38752175199999994,0.2674963880000001,0.25412654876708984,0.39335084899999995,0.2733254850000001,0.036960018,9626,218,218,0,4145,0,1563,715,2985,4984,0,0,3,4804,4667,137,2985,1682,0,1842,137,1333,4880,,598,0,
27,INFEASIBLE,certified_no_adversarial_example,feasibility,false,false,false,false,,,,0.760422112,0.02774953842163086,0.0,0.0,0.721076583,0.517336535,0.24716270699999995,0.2349686622619629,0.473913876,0.203740048,0.038014088,9626,204,204,0,4006,0,1573,662,3181,4748,0,0,3,4804,4691,113,3181,1510,0,1794,113,1237,4712,,641,0,
28,INFEASIBLE,certified_no_adversarial_example,feasibility,false,false,false,false,,,,0.569634073,0.028879404067993164,0.0,0.0,0.526223568,0.304965986,0.19787131399999996,0.18733835220336914,0.32835225400000007,0.221257582,0.042024948,9626,166,166,0,4023,0,1593,674,3170,3631,0,0,3,4804,4709,95,3170,1539,0,1758,95,1165,4586,,659,0,
29,INFEASIBLE,certified_no_adversarial_example,feasibility,false,false,false,false,,,,0.68021331,0.027491331100463867,0.0,0.0,0.639718034,0.41562527600000004,0.2914174,0.2781963348388672,0.34830063400000005,0.224092758,0.03908296,9626,216,216,0,4088,0,1568,691,3063,5397,0,0,3,4804,4661,143,3063,1598,0,1858,146,1364,4934,,606,0,
30,INFEASIBLE,certified_no_adversarial_example,feasibility,false,false,false,false,,,,0.480503302,0.014892101287841797,0.0,0.0,0.456008685,0.24737917700000003,0.158912907,0.14912652969360352,0.29709577800000003,0.208629508,0.023057657,9626,156,156,0,3985,0,1597,638,3250,2759,0,0,3,4804,4728,76,3250,1478,0,1720,76,1089,4453,,454,0,
31,INFEASIBLE,certified_no_adversarial_example,feasibility,false,false,false,false,,,,0.558952251,0.022595643997192383,0.0,0.0,0.524970982,0.315614017,0.21069257800000002,0.19943022727966309,0.314278404,0.209356965,0.032537134,9626,174,174,0,4040,0,1589,665,3158,4204,0,0,3,4804,4696,108,3158,1538,0,1787,110,1222,4686,,519,0,
32,INFEASIBLE,certified_no_adversarial_example,feasibility,false,false,false,false,,,,0.412265565,0.014815330505371094,0.0,0.0,0.38836269,0.20187978799999998,0.110422245,0.10161638259887695,0.27794044500000004,0.18648290200000003,0.022466813,9626,110,110,0,3971,0,1621,646,3278,1914,0,0,3,4804,4746,58,3278,1468,0,1684,58,1017,4327,,496,0,
33,INFEASIBLE,certified_no_adversarial_example,feasibility,false,false,false,false,,,,0.590546928,0.019071340560913086,0.0,0.0,0.560376188,0.34219599799999995,0.22303400099999998,0.21127772331237793,0.337342187,0.21818019000000005,0.028712592,9626,182,182,0,4054,0,1580,687,3123,4905,0,0,3,4804,4696,108,3123,1573,0,1784,108,1217,4677,,505,0,
34,INFEASIBLE,certified_no_adversarial_example,feasibility,false,false,false,false,,,,0.900280442,0.17453479766845703,0.0,0.0,0.711867206,0.49194746300000003,0.34879177499999997,0.3328728675842285,0.363075431,0.21991974299999995,0.186951793,9626,255,255,0,4053,0,1547,681,3090,6875,0,0,3,4804,4642,162,3090,1552,0,1895,164,1438,5064,,834,0,
35,INFEASIBLE,certified_no_adversarial_example,feasibility,false,false,false,false,,,,0.639567655,0.032950639724731445,0.0,0.0,0.594994974,0.328443072,0.21888939999999996,0.20742273330688477,0.37610557400000005,0.266551902,0.043122573,9626,165,165,0,4047,0,1593,679,3142,4725,0,0,3,4804,4695,109,3142,1553,0,1790,112,1228,4696,,775,0,
36,INFEASIBLE,certified_no_adversarial_example,feasibility,false,false,false,false,,,,0.867398205,0.02518773078918457,0.0,0.0,0.828772538,0.44822719599999994,0.32176831399999994,0.307894229888916,0.507004224,0.380545342,0.037161719,9626,225,225,0,4078,0,1561,691,3071,6622,0,0,3,4804,4658,146,3071,1587,0,1864,149,1376,4955,,530,0,
37,INFEASIBLE,certified_no_adversarial_example,feasibility,false,false,false,false,,,,0.71147761,0.053182125091552734,0.0,0.0,0.645753681,0.39891354999999995,0.27401555499999997,0.26030969619750977,0.371738126,0.24684013100000002,0.064273969,9626,187,187,0,4039,0,1583,686,3131,5399,0,0,3,4804,4682,122,3131,1551,0,1816,125,1280,4787,,1017,0,
38,INFEASIBLE,certified_no_adversarial_example,feasibility,false,false,false,false,,,,0.571762204,0.019380569458007812,0.0,0.0,0.541984887,0.334930902,0.23265576699999996,0.22214174270629883,0.30932912000000007,0.20705398500000005,0.028408175,9626,156,156,0,3996,0,1597,646,3231,4681,0,0,3,4804,4716,88,3231,1485,0,1747,90,1142,4546,,474,0,
39,INFEASIBLE,certified_no_adversarial_example,feasibility,false,false,false,false,,,,0.710601472,0.0479733943939209,0.0,0.0,0.638528428,0.42682612600000003,0.30498259200000005,0.29192185401916504,0.33354583599999993,0.21170230199999995,0.07067034,9626,207,207,0,4037,0,1573,673,3136,6958,0,0,3,4804,4664,140,3136,1528,0,1852,143,1352,4913,,795,0,
40,INFEASIBLE,certified_no_adversarial_example,feasibility,false,false,false,false,,,,0.563219672,0.022085905075073242,0.0,0.0,0.530164609,0.33665964000000004,0.22243254,0.21159815788269043,0.30773206899999994,0.19350496899999992,0.031677115,9626,161,161,0,4012,0,1596,644,3213,4879,0,0,3,4804,4702,102,3213,1489,0,1772,102,1193,4635,,486,0,
41,INFEASIBLE,certified_no_adversarial_example,feasibility,false,false,false,false,,,,0.613778671,0.04015755653381348,0.0,0.0,0.562524201,0.354953047,0.23423332799999996,0.22294902801513672,0.32829087300000004,0.20757115399999998,0.049782105,9626,195,195,0,3964,0,1579,622,3266,3542,0,0,3,4804,4704,100,3266,1438,0,1771,102,1190,4630,,723,0,
42,INFEASIBLE,certified_no_adversarial_example,feasibility,false,false,false,false,,,,0.779320522,0.05241751670837402,0.0,0.0,0.714251362,0.491768715,0.356564246,0.3426394462585449,0.35768711599999997,0.22248264699999992,0.063713704,9626,227,227,0,4017,0,1561,651,3170,7326,0,0,3,4804,4671,133,3170,1501,0,1838,136,1324,4864,,923,0,
43,INFEASIBLE,certified_no_adversarial_example,feasibility,false,false,false,false,,,,0.492326728,0.02022838592529297,0.0,0.0,0.462255056,0.27092169,0.151394918,0.14145994186401367,0.310860138,0.191333366,0.028633673,9626,134,134,0,4027,0,1608,675,3182,2779,0,0,3,4804,4730,74,3182,1548,0,1716,74,1081,4439,,581,0,
44,INFEASIBLE,certified_no_adversarial_example,feasibility,false,false,false,false,,,,0.811869853,0.03507256507873535,0.0,0.0,0.764137008,0.40682675799999996,0.24349937600000005,0.23055291175842285,0.5206376319999999,0.35731025,0.045556092,9626,202,202,0,4006,0,1572,651,3195,4917,0,0,3,4804,4689,115,3195,1494,0,1804,120,1256,4744,,667,0,
45,INFEASIBLE,certified_no_adversarial_example,feasibility,false,false,false,false,,,,0.56130726,0.03123927116394043,0.0,0.0,0.518151999,0.317156351,0.213711215,0.20216012001037598,0.30444078399999996,0.20099564799999997,0.041804445,9626,181,181,0,4020,0,1586,650,3189,4272,0,0,3,4804,4690,114,3189,1501,0,1796,114,1241,4719,,687,0,
46,INFEASIBLE,certified_no_adversarial_example,feasibility,false,false,false,false,,,,6.853287544,5.859929800033569,,0.0,0.97845293,0.7015984179999999,0.5437083249999999,0.526594877243042,0.4347446050000001,0.2768545120000001,5.873417013,9626,302,302,0,4045,0,1522,657,3100,10506,0,0,3,4804,4622,182,3100,1522,0,1937,186,1522,5210,,1697,0,
47,INFEASIBLE,certified_no_adversarial_example,feasibility,false,false,false,false,,,,0.54367726,0.017246723175048828,0.0,0.0,0.515540118,0.304294923,0.198564283,0.18724846839904785,0.316975835,0.211245195,0.026675955,9626,173,173,0,4009,0,1588,641,3215,3614,0,0,3,4804,4709,95,3215,1494,0,1762,98,1172,4598,,422,0,
48,INFEASIBLE,certified_no_adversarial_example,feasibility,false,false,false,false,,,,0.789819865,0.04367780685424805,0.0,0.0,0.732678933,0.514139804,0.37129562400000005,0.35669755935668945,0.36138330899999993,0.21853912899999994,0.05569051,9626,259,259,0,4032,0,1544,656,3135,8200,0,0,3,4804,4652,152,3135,1517,0,1877,156,1402,5000,,738,0,
49,INFEASIBLE,certified_no_adversarial_example,feasibility,false,false,false,false,,,,0.60680526,0.02698993682861328,0.0,0.0,0.567868529,0.357967471,0.235765986,0.22376465797424316,0.332102543,0.20990105799999997,0.037489173,9626,193,193,0,4087,0,1578,670,3098,4769,0,0,3,4804,4684,120,3098,1586,0,1808,120,1265,4761,,619,0,
50,INFEASIBLE,certified_no_adversarial_example,feasibility,false,false,false,false,,,,0.800207665,0.052275657653808594,0.0,0.0,0.734053972,0.512095841,0.36049552599999996,0.34569811820983887,0.37355844600000004,0.22195813099999995,0.064830424,9626,257,257,0,4048,0,1547,659,3115,7226,0,0,3,4804,4641,163,3115,1526,0,1894,163,1437,5062,,872,0,
51,INFEASIBLE,certified_no_adversarial_example,feasibility,false,false,false,false,,,,0.687485802,0.022997140884399414,0.0,0.0,0.652371302,0.447073515,0.304555741,0.2915220260620117,0.34781556100000005,0.20529778700000006,0.033706446,9626,214,214,0,4039,0,1563,649,3161,6919,0,0,3,4804,4682,122,3161,1521,0,1815,124,1278,4784,,468,0,
52,INFEASIBLE,certified_no_adversarial_example,feasibility,false,false,false,false,,,,0.728041194,0.02087569236755371,0.0,0.0,0.694087901,0.475474801,0.32788848699999995,0.3140230178833008,0.366199414,0.21861309999999995,0.032494569,9626,228,228,0,4097,0,1561,692,3048,6387,0,0,3,4804,4665,139,3048,1617,0,1850,142,1348,4906,,478,0,
53,INFEASIBLE,certified_no_adversarial_example,feasibility,false,false,false,false,,,,0.959806931,0.023541927337646484,0.0,0.0,0.922345796,0.614392387,0.457329866,0.4424858093261719,0.46501593,0.307953409,0.036007919,9626,245,245,0,4063,0,1551,681,3086,8883,0,0,3,4804,4646,158,3086,1560,0,1887,160,1422,5036,,505,0,
54,INFEASIBLE,certified_no_adversarial_example,feasibility,false,false,false,false,,,,1.115399255,0.19176125526428223,0.0,0.0,0.90887905,0.685464926,0.396216874,0.3800313472747803,0.5126621760000001,0.22341412400000005,0.205029055,9626,283,283,0,4041,0,1531,663,3108,7588,0,0,3,4804,4632,172,3108,1524,0,1917,176,1482,5140,,773,0,
55,INFEASIBLE,certified_no_adversarial_example,feasibility,false,false,false,false,,,,0.876228747,0.06992101669311523,0.0,0.0,0.792295585,0.5415830690000001,0.39803934399999996,0.38299989700317383,0.394256241,0.2507125159999999,0.082467629,9626,253,253,0,4098,0,1546,677,3052,8607,0,0,3,4804,4643,161,3052,1591,0,1894,164,1436,5060,,1128,0,
56,INFEASIBLE,certified_no_adversarial_example,feasibility,false,false,false,false,,,,0.557016287,0.026389360427856445,0.0,0.0,0.519601346,0.304021487,0.204223412,0.19291186332702637,0.31537793399999997,0.21557985899999998,0.035980188,9626,176,176,0,4051,0,1586,690,3123,4240,0,0,3,4804,4698,106,3123,1575,0,1780,106,1209,4663,,652,0,
57,INFEASIBLE,certified_no_adversarial_example,feasibility,false,false,false,false,,,,0.605787203,0.02433300018310547,0.0,0.0,0.570005985,0.353752847,0.24352100900000004,0.2314162254333496,0.3264849759999999,0.216253138,0.03433702,9626,191,191,0,4059,0,1579,674,3123,5105,0,0,3,4804,4691,113,3123,1568,0,1794,113,1237,4712,,516,0,
58,INFEASIBLE,certified_no_adversarial_example,feasibility,false,false,false,false,,,,0.476925061,0.022806644439697266,0.0,0.0,0.442971984,0.248471131,0.150202767,0.14081168174743652,0.292769217,0.19450085299999997,0.032374227,9626,140,140,0,3974,0,1607,641,3264,2660,0,0,3,4804,4728,76,3264,1464,0,1725,80,1098,4468,,426,0,
59,INFEASIBLE,certified_no_adversarial_example,feasibility,false,false,false,false,,,,0.7222599,0.024959564208984375,0.0,0.0,0.684991371,0.463297535,0.333355701,0.3203246593475342,0.35163566999999996,0.22169383599999998,0.035880216,9626,202,202,0,4058,0,1575,664,3127,6936,0,0,3,4804,4676,128,3127,1549,0,1828,131,1304,4829,,533,0,
60,INFEASIBLE,certified_no_adversarial_example,feasibility,false,false,false,false,,,,0.674098783,0.029380083084106445,0.0,0.0,0.632058642,0.41826478899999997,0.287113125,0.27394914627075195,0.3449455169999999,0.21379385299999998,0.040583742,9626,213,213,0,4006,0,1566,642,3199,6768,0,0,3,4804,4678,126,3199,1479,0,1829,134,1306,4830,,545,0,
61,INFEASIBLE,certified_no_adversarial_example,feasibility,false,false,false,false,,,,0.497052891,0.02077174186706543,0.0,0.0,0.466262588,0.267167417,0.15710816599999997,0.14664053916931152,0.309154422,0.19909517099999996,0.029339391,9626,160,160,0,4028,0,1597,670,3171,2360,0,0,3,4804,4724,80,3171,1553,0,1728,80,1105,4481,,556,0,
62,INFEASIBLE,certified_no_adversarial_example,feasibility,false,false,false,false,,,,0.721406343,0.035592079162597656,0.0,0.0,0.672337219,0.436198085,0.30867891700000005,0.294053316116333,0.36365830199999993,0.23613913399999997,0.047619726,9626,238,238,0,4081,0,1555,668,3084,6469,0,0,3,4804,4657,147,3084,1573,0,1868,152,1384,4968,,626,0,
63,TIME_LIMIT,time_limit_unresolved,feasibility,false,false,false,false,,,,120.725795006,120.00855684280396,,0.0,0.703983067,0.47419438599999997,0.347027019,0.3319110870361328,0.356956048,0.22978868100000005,120.020404476,9626,268,268,0,4012,0,1541,629,3176,6370,0,0,3,4804,4657,147,3176,1481,0,1867,151,1382,4965,0,2099328,,
64,INFEASIBLE,certified_no_adversarial_example,feasibility,false,false,false,false,,,,0.859421157,0.033081769943237305,0.0,0.0,0.813562568,0.44542405900000004,0.28703027700000006,0.27330684661865234,0.526532291,0.368138509,0.044387643,9626,222,222,0,4044,0,1564,659,3137,6202,0,0,3,4804,4666,138,3137,1529,0,1844,138,1337,4887,,661,0,
65,INFEASIBLE,certified_no_adversarial_example,feasibility,false,false,false,false,,,,0.791813877,0.05010819435119629,0.0,0.0,0.727847302,0.498672345,0.35685895900000003,0.34215545654296875,0.370988343,0.229174957,0.062483832,9626,244,244,0,4078,0,1553,678,3073,6906,0,0,3,4804,4648,156,3073,1575,0,1884,159,1416,5025,,911,0,
66,INFEASIBLE,certified_no_adversarial_example,feasibility,false,false,false,false,,,,0.935796596,0.2644946575164795,,0.0,0.658348547,0.424546781,0.31526902600000006,0.30145788192749023,0.34307952099999994,0.23380176600000002,0.275953926,9626,262,262,0,4001,0,1546,613,3204,5630,0,0,3,4804,4660,144,3204,1456,0,1859,146,1366,4938,,1638,0,
67,INFEASIBLE,certified_no_adversarial_example,feasibility,false,false,false,false,,,,0.933025834,0.07253074645996094,0.0,0.0,0.846808154,0.605056236,0.46015218499999994,0.44490742683410645,0.38665596900000004,0.24175191799999995,0.084894007,9626,253,253,0,4062,0,1546,655,3110,9298,0,0,3,4804,4647,157,3110,1537,0,1885,159,1418,5029,,1114,0,
68,INFEASIBLE,certified_no_adversarial_example,feasibility,false,false,false,false,,,,0.710500316,0.02501535415649414,0.0,0.0,0.672709174,0.445188532,0.30984809199999996,0.2954246997833252,0.362861082,0.22752064199999994,0.036357493,9626,245,245,0,4049,0,1550,665,3117,6517,0,0,3,4804,4658,146,3117,1541,0,1860,146,1369,4943,,519,0,
69,INFEASIBLE,certified_no_adversarial_example,feasibility,false,false,false,false,,,,0.562897737,0.01783299446105957,0.0,0.0,0.53355365,0.310353349,0.20538890099999996,0.1937558650970459,0.32816474900000003,0.223200301,0.027883685,9626,192,192,0,4067,0,1581,694,3092,3152,0,0,3,4804,4703,101,3092,1611,0,1775,105,1198,4643,,428,0,
70,INFEASIBLE,certified_no_adversarial_example,feasibility,false,false,false,false,,,,0.712168322,0.026102066040039062,0.0,0.0,0.67265683,0.427853956,0.30289365999999995,0.28910350799560547,0.36976317000000003,0.244802874,0.038043926,9626,220,220,0,4073,0,1564,690,3079,6309,0,0,3,4804,4662,142,3079,1583,0,1855,144,1358,4924,,546,0,
71,INFEASIBLE,certified_no_adversarial_example,feasibility,false,false,false,false,,,,0.543710208,0.02050614356994629,0.0,0.0,0.504164172,0.299589211,0.188592594,0.17721080780029297,0.31557157799999996,0.20457496099999994,0.038163934,9626,165,165,0,4042,0,1590,669,3160,4061,0,0,3,4804,4696,108,3160,1536,0,1787,110,1222,4686,,493,0,
72,INFEASIBLE,certified_no_adversarial_example,feasibility,false,false,false,false,,,,0.832557059,0.022849321365356445,0.0,0.0,0.797375911,0.422366758,0.25721132799999996,0.24377894401550293,0.5401645830000001,0.37500915300000004,0.033713448,9626,218,218,0,4104,0,1562,696,3046,4844,0,0,3,4804,4677,127,3046,1631,0,1825,129,1298,4819,,549,0,
73,INFEASIBLE,certified_no_adversarial_example,feasibility,false,false,false,false,,,,0.756798224,0.02592921257019043,0.0,0.0,0.717214675,0.4850659220000001,0.357998432,0.3433353900909424,0.35921624300000005,0.23214875299999993,0.038125596,9626,242,242,0,4067,0,1553,687,3077,7297,0,0,3,4804,4646,158,3077,1569,0,1884,158,1417,5027,,571,0,
74,INFEASIBLE,certified_no_adversarial_example,feasibility,false,false,false,false,,,,0.514246034,0.01824784278869629,0.0,0.0,0.485653604,0.290321547,0.16631347300000002,0.15629911422729492,0.319340131,0.195332057,0.027149237,9626,144,144,0,4046,0,1604,660,3172,3490,0,0,3,4804,4719,85,3172,1547,0,1741,87,1130,4525,,483,0,
75,INFEASIBLE,certified_no_adversarial_example,feasibility,false,false,false,false,,,,0.523171609,0.018954753875732422,0.0,0.0,0.493837068,0.308237168,0.190935282,0.18123579025268555,0.30290178599999995,0.18559989999999998,0.027854336,9626,137,137,0,3995,0,1607,660,3227,3927,0,0,3,4804,4725,79,3227,1498,0,1729,81,1106,4483,,464,0,
76,INFEASIBLE,certified_no_adversarial_example,feasibility,false,false,false,false,,,,0.795651235,0.03161907196044922,0.0,0.0,0.750389975,0.528403694,0.388938457,0.3744478225708008,0.361451518,0.22198628100000006,0.043802313,9626,242,242,0,4048,0,1553,660,3123,7652,0,0,3,4804,4647,157,3123,1524,0,1882,157,1413,5020,,545,0,
77,INFEASIBLE,certified_no_adversarial_example,feasibility,false,false,false,false,,,,0.860899759,0.03627514839172363,0.0,0.0,0.801929519,0.561664993,0.4309051140000001,0.4164237976074219,0.3710244049999999,0.24026452600000003,0.057665573,9626,243,243,0,4035,0,1552,659,3137,8479,0,0,3,4804,4655,149,3137,1518,0,1870,152,1388,4976,,621,0,
78,INFEASIBLE,certified_no_adversarial_example,feasibility,false,false,false,false,,,,0.782017297,0.03445076942443848,0.0,0.0,0.73302207,0.503881249,0.37268288199999994,0.3573739528656006,0.36033918800000003,0.229140821,0.047663412,9626,263,263,0,4028,0,1543,661,3131,7234,0,0,3,4804,4642,162,3131,1511,0,1898,167,1444,5073,,581,0,
79,INFEASIBLE,certified_no_adversarial_example,feasibility,false,false,false,false,,,,0.709866223,0.13530945777893066,0.0,0.0,0.562426817,0.366061181,0.23172284600000007,0.21982240676879883,0.33070397099999993,0.19636563599999995,0.145981746,9626,184,184,0,4031,0,1583,641,3187,5265,0,0,3,4804,4692,112,3187,1505,0,1795,114,1238,4714,,815,0,
80,INFEASIBLE,certified_no_adversarial_example,feasibility,false,false,false,false,,,,0.600730463,0.031626224517822266,0.0,0.0,0.55701154,0.296185197,0.19736906299999998,0.18578362464904785,0.35964247699999996,0.26082634299999996,0.042327701,9626,169,169,0,4094,0,1591,683,3089,3910,0,0,3,4804,4694,110,3089,1605,0,1791,112,1230,4700,,705,0,
81,INFEASIBLE,certified_no_adversarial_example,feasibility,false,false,false,false,,,,0.652615119,0.02051711082458496,0.0,0.0,0.621682159,0.265161538,0.167427036,0.15751290321350098,0.45425512300000004,0.35652062100000004,0.029539361,9626,139,139,0,4009,0,1605,675,3198,3188,0,0,3,4804,4723,81,3198,1525,0,1730,81,1109,4488,,553,0,
82,INFEASIBLE,certified_no_adversarial_example,feasibility,false,false,false,false,,,,0.589543968,0.020614147186279297,0.0,0.0,0.557434655,0.358061817,0.22326153899999998,0.21180057525634766,0.334173116,0.199372838,0.030643269,9626,169,169,0,4047,0,1592,680,3138,4624,0,0,3,4804,4694,110,3138,1556,0,1788,110,1225,4691,,530,0,
83,INFEASIBLE,certified_no_adversarial_example,feasibility,false,false,false,false,,,,0.67821574,0.023813962936401367,0.0,0.0,0.641662656,0.412731296,0.280536676,0.26694226264953613,0.36112598000000007,0.22893136000000003,0.035247477,9626,220,220,0,4078,0,1564,693,3071,5885,0,0,3,4804,4665,139,3071,1594,0,1850,142,1348,4906,,557,0,
84,INFEASIBLE,certified_no_adversarial_example,feasibility,false,false,false,false,,,,0.576149843,0.019778728485107422,0.0,0.0,0.545068443,0.351586563,0.220934529,0.2096726894378662,0.324133914,0.19348188,0.029687855,9626,169,169,0,4018,0,1590,661,3188,4513,0,0,3,4804,4699,105,3188,1511,0,1778,105,1205,4656,,525,0,
85,INFEASIBLE,certified_no_adversarial_example,feasibility,false,false,false,false,,,,0.824789301,0.037070274353027344,0.0,0.0,0.773356795,0.536691426,0.388534377,0.37257838249206543,0.384822418,0.23666536900000001,0.050091176,9626,248,248,0,4088,0,1545,672,3073,9838,0,0,3,4804,4642,162,3073,1569,0,1899,168,1446,5076,,638,0,
86,INFEASIBLE,certified_no_adversarial_example,feasibility,false,false,false,false,,,,0.669005115,0.020213603973388672,0.0,0.0,0.636351706,0.40676259699999995,0.2858655259999999,0.2723734378814697,0.3504861800000001,0.22958910900000007,0.031320417,9626,204,204,0,4083,0,1573,676,3090,5584,0,0,3,4804,4675,129,3090,1585,0,1826,129,1301,4824,,516,0,
87,INFEASIBLE,certified_no_adversarial_example,feasibility,false,false,false,false,,,,0.630666154,0.02298283576965332,0.0,0.0,0.595909334,0.382096271,0.257389687,0.24548029899597168,0.33851964700000003,0.21381306300000003,0.03346004,9626,178,178,0,4044,0,1585,659,3160,5200,0,0,3,4804,4694,110,3160,1534,0,1791,112,1230,4700,,533,0,
88,INFEASIBLE,certified_no_adversarial_example,feasibility,false,false,false,false,,,,0.768876432,0.04852700233459473,0.0,0.0,0.706877284,0.447444343,0.313183596,0.299680233001709,0.39369368800000004,0.25943294100000003,0.060594073,9626,213,213,0,4068,0,1567,675,3103,6381,0,0,3,4804,4662,142,3103,1559,0,1858,147,1364,4933,,851,0,
89,INFEASIBLE,certified_no_adversarial_example,feasibility,false,false,false,false,,,,1.045835259,0.03977560997009277,0.0,0.0,0.99178098,0.746064982,0.44798830599999995,0.4328947067260742,0.5437926740000001,0.245715998,0.052739843,9626,259,259,0,4068,0,1547,665,3087,8509,0,0,3,4804,4641,163,3087,1554,0,1899,167,1446,5077,,609,0,
90,INFEASIBLE,certified_no_adversarial_example,feasibility,false,false,false,false,,,,0.44399796,0.014429807662963867,0.0,0.0,0.419853745,0.21462476800000002,0.12373435800000002,0.11445832252502441,0.29611938699999996,0.20522897699999998,0.02266635,9626,131,131,0,3994,0,1609,643,3249,2202,0,0,3,4804,4741,63,3249,1492,0,1698,66,1044,4374,,421,0,
91,INFEASIBLE,certified_no_adversarial_example,feasibility,false,false,false,false,,,,0.653447511,0.020972013473510742,0.0,0.0,0.620319631,0.39658489900000005,0.28432484700000005,0.2719285488128662,0.33599478399999994,0.22373473199999994,0.031698772,9626,189,189,0,4056,0,1582,682,3117,5074,0,0,3,4804,4682,122,3117,1565,0,1816,125,1280,4787,,457,0,
92,INFEASIBLE,certified_no_adversarial_example,feasibility,false,false,false,false,,,,0.782719905,0.03507280349731445,0.0,0.0,0.734900466,0.5131422489999999,0.372742134,0.35840272903442383,0.362158332,0.2217582170000001,0.046364029,9626,243,243,0,4044,0,1551,653,3135,7709,0,0,3,4804,4668,136,3135,1533,0,1843,138,1334,4882,,710,0,
93,OPTIMAL,adversarial_example_found_or_best_known,feasibility,true,true,true,true,-3.552713678800501e-15,-7.97493906055364;-6.239612122661445;-5.9648695375232075;-3.451954099628547;1.2689060386597188;-7.226744546929899;-10.663745322050042;-2.7514218738840595;-1.2924733337926568;1.2689060386597224,0.1;0.0;0.0;0.1;0.0;0.0;0.0;0.0;0.0;0.1;0.1;0.0;0.0;0.1;0.1;0.0;0.0;0.1;0.1;0.0;0.0;0.1;0.1;0.0;0.0;0.0;0.0;0.1;0.0;0.1;0.0;0.1;0.0;0.0;0.0;0.0;0.1;0.1;0.0;0.0063351131928033174;0.1;0.1;0.1;0.1;0.1;0.1;0.1;0.1;0.1;0.1;0.1;0.1;0.1;0.0;0.1;0.1;0.1;0.1;0.0;0.1;0.1;0.1;0.1;0.0;0.0;0.1;0.1;0.0;0.0;0.0;0.0;0.1;0.1;0.0;0.1;0.1;0.1;0.1;0.1;0.0;0.0;0.0;0.0;0.1;0.0;0.0;0.0;0.1;0.0;0.1;0.1;0.0;0.1;0.1;0.1;0.0;0.1;0.0;0.1;0.1;0.1;0.0;0.0;0.0;0.1;0.0;0.1;0.0;0.0;0.0;0.0;0.0;0.0;0.1;0.1;0.1;0.1;0.1;0.1;0.0;0.1;0.1;0.1;0.0;0.0;0.0;0.0;0.1;0.1;0.0;0.0;0.1;0.1;0.0;0.1;0.0;0.0;0.0;0.0;0.0;0.0;0.1;0.1;0.0;0.1;0.1;0.1;0.0;0.1;0.0;0.1;0.0;0.1;0.0;0.1;0.1;0.1;0.0;0.0;0.1;0.1;0.1;0.0;0.0;0.0;0.1;0.0;0.0;0.1;0.0;0.0;0.0;0.0;0.1;0.1;0.1;0.1;0.0;0.1;0.0;0.0;0.0;0.0;0.1;0.1;0.0;0.0;0.1;0.1;0.0;0.0;0.0;0.1;0.1;0.1;0.0;0.0;0.1;0.1;0.0;0.1;0.1;0.1;0.1;0.0;0.0;0.1;0.1;0.1;0.1;0.0;0.1;0.1;0.1;0.1;0.1;0.1;0.1;0.1;0.0;0.0;0.0;0.0;0.0;0.0;0.1;0.1;0.0;0.0;0.1;0.1;0.1;0.1;0.0;0.0;0.0;0.1;0.0;0.0;0.1;0.1;0.0;0.0;0.0;0.0;0.1;0.0;0.1;0.0;0.19411764705882353;0.1;0.0;0.0;0.0;0.0;0.1;0.0;0.1;0.1;0.1;0.0;0.1;0.0;0.0;0.1;0.10236970626589419;0.10191603180926279;0.17322551604979156;0.0;0.0;0.0;0.0;0.1;0.1;0.2686274509803922;0.7909326779484163;0.8883959019294562;0.28600416927024447;0.1;0.1;0.0;0.0;0.0;0.1;0.1;0.1;0.1;0.1;0.1;0.0;0.0;0.1;0.2520179573693075;0.9823529411764705;0.9980392156862745;0.8764705882352941;0.515686274509804;0.0;0.0;0.0;0.0;0.3509803921568627;1.0;0.9705882352941176;0.5901960784313726;0.10784313725490197;0.1;0.1;0.0;0.1;0.0;0.1;0.0;0.0;0.1;0.0;0.1;0.0;0.0;0.45533881232443235;0.8990266122719701;0.4764705882352941;0.0;0.707843137254902;0.6941278777838318;0.1;0.0;0.0;0.5392156862745098;1.0;0.5431372549019609;0.0;0.1;0.0;0.1;0.0;0.1;0.0;0.0;0.1;0.1;0.0;0.0;0.1;0.15490196078431373;0.23725490196078433;0.48439889663338553;0.888235294117647;0.1392156862745098;0.0;0.09523745271709848;0.8921568627450981;0.38235294117647056;0.0;0.21372549019607845;0.9588235294117646;0.8860408059589208;0.38627450980392153;0.0;0.0;0.0;0.0;0.0;0.1;0.0;0.0;0.0;0.1;0.1;0.1;0.1;0.0;0.7784313725490196;0.80032612171821;0.47021173518203835;0.0;0.1;0.0;0.33529411764705885;0.9666666666666667;0.0;0.46637794151951867;1.0;0.7950648636896805;0.0;0.0;0.0;0.0;0.1;0.1;0.1;0.0;0.0;0.0;0.0;0.1;0.0;0.1;0.0;0.6843137254901961;0.6843137254901961;0.0;0.0;0.0;0.0;0.0;0.49215686274509807;0.907843137254902;0.6294117647058823;0.8960784313725491;0.8294117647058824;0.19411764705882353;0.1;0.0;0.0;0.1;0.1;0.1;0.1;0.0;0.0;0.0;0.0;0.0;0.0;0.1;0.46029959712404395;0.6490196078431373;0.1196078431372549;0.0;0.0;0.1;0.0;0.16666666666666666;0.9;0.8647058823529412;0.8813561007170788;0.6764705882352942;0.10618603331012358;0.0;0.1;0.0;0.09595124950610853;0.1;0.0;0.1;0.0;0.0;0.0;0.0;0.0;0.0;0.0;0.0;0.8529411764705882;0.27254901960784317;0.0;0.0;0.0;0.0;0.0;0.6607843137254902;0.8764705882352941;0.692156862745098;0.45686274509803926;0.0;0.0;0.0;0.0;0.1;0.1;0.1;0.0;0.1;0.1;0.0;0.0;0.0;0.0;0.0;0.1;0.1;0.7784313725490196;0.10353261604489829;0.0;0.0;0.0;0.1;0.6699011378020866;0.9784313725490196;0.2002765087317998;0.0;0.0;0.1;0.1;0.1;0.1;0.1;0.1;0.0;0.0;0.1;0.1;0.0;0.0;0.0;0.0;0.1;0.1;0.0;0.8647058823529412;0.5196078431372549;0.1392156862745098;0.0;0.09846381690181837;0.6843137254901961;1.0;0.3313725490196079;0.0;0.0;0.0;0.1;0.1;0.0;0.0;0.0;0.0;0.0;0.0;0.1;0.1;0.0;0.0;0.0;0.0;0.1;0.0;0.1;0.13137254901960785;0.1437149910061571;0.0;0.19795991062615212;1.0;0.8882352941176471;0.44509803921568625;0.0;0.0;0.0;0.1;0.0;0.0;0.0;0.1;0.0;0.1;0.1;0.1;0.1;0.0;0.0;0.1;0.0;0.0;0.1;0.1;0.1;0.09819962668321956;0.16666666666666669;0.6764705882352942;0.696078431372549;1.0;0.4294117647058824;0.0;0.0;0.0;0.0;0.0;0.1;0.1;0.0;0.1;0.1;0.1;0.1;0.1;0.1;0.1;0.0;0.1;0.0;0.0;0.0;0.1;0.1;0.1867280376855485;0.9588235294117646;0.9941176470588236;0.22707878782340163;0.21610271740690534;0.0;0.0;0.1;0.0;0.1;0.1;0.1;0.0;0.1;0.1;0.0;0.1;0.0;0.0;0.1;0.0326966540838685;0.1;0.1;0.0;0.0;0.0;0.0;0.1;0.5745098039215686;0.9941176470588236;0.27254901960784317;0.1;0.1;0.0;0.1;0.0;0.0;0.0;0.0;0.1;0.1;0.1;0.0;0.0;0.0;0.1;0.1;0.1;0.1;0.0;0.0;0.1;0.1;0.0;0.1;0.0;0.1041560575612329;0.15903619986847403;0.1;0.1;0.1;0.1;0.1;0.1;0.1;0.1;0.0;0.0;0.0;0.1;0.0;0.0;0.0;0.1;0.0;0.1;0.0;0.0;0.1;0.1;0.1;0.0;0.0;0.0;0.1;0.1;0.1;0.1;0.1;0.0;0.0;0.1;0.1;0.1;0.1;0.1;0.1;0.1;0.1;0.0;0.0;0.1;0.0;0.0;0.0;0.0;0.0;0.1;0.0;0.0;0.1;0.0;0.1;0.0;0.1;0.1;0.1;0.0;0.06574301492085417;0.0;0.1;0.1;0.0;0.1;0.0;0.1;0.0;0.0;0.0;0.0;0.1;0.1;0.0;0.1;0.1;0.1;0.1;0.0;0.0;0.0;0.0;0.0;0.1;0.1;0.1;0.0;0.0;0.1;0.1;0.1;0.1;0.1;0.1;0.0;0.1;0.0;0.0;0.0;0.0;0.0;0.0;0.1;0.0;0.1;0.1;0.1;0.1;0.0;0.1;0.0;0.1;0.1;0.1;0.1;0.0;0.0;0.0;0.0;0.0;0.1;0.0;0.0;0.1;0.1;0.1;0.0;0.1;0.0;0.0;0.0,1.480252095,0.6958022117614746,0.0,0.0,0.769954246,0.5486498280000001,0.417257195,0.38927531242370605,0.35269705099999993,0.2213044179999999,0.707322086,9626,265,265,0,4026,0,1537,623,3175,8996,0,0,3,4804,4656,148,3175,1481,0,1868,151,1384,4969,1,2186,,0.0
94,INFEASIBLE,certified_no_adversarial_example,feasibility,false,false,false,false,,,,0.548050111,0.017103195190429688,0.0,0.0,0.519902183,0.32313246300000004,0.19649169800000002,0.18492913246154785,0.323410485,0.19676971999999998,0.02676745,9626,176,176,0,4065,0,1588,670,3127,3783,0,0,3,4804,4706,98,3127,1579,0,1767,100,1182,4616,,450,0,
95,INFEASIBLE,certified_no_adversarial_example,feasibility,false,false,false,false,,,,0.442631889,0.01489710807800293,0.0,0.0,0.418067037,0.22810200499999997,0.132406261,0.12307453155517578,0.28566077599999995,0.189965032,0.023124035,9626,122,122,0,4016,0,1614,659,3215,2650,0,0,3,4804,4733,71,3215,1518,0,1710,71,1069,4418,,449,0,
96,INFEASIBLE,certified_no_adversarial_example,feasibility,false,false,false,false,,,,0.748985568,0.054000139236450195,0.0,0.0,0.682056352,0.464047987,0.293474763,0.27934718132019043,0.388581589,0.21800836500000004,0.065626849,9626,238,238,0,4099,0,1556,670,3063,5911,0,0,3,4804,4667,137,3063,1604,0,1846,140,1340,4892,,946,0,
97,INFEASIBLE,certified_no_adversarial_example,feasibility,false,false,false,false,,,,0.689751584,0.04035639762878418,0.0,0.0,0.637813155,0.450700911,0.195307454,0.1846935749053955,0.44250570100000003,0.18711224400000004,0.050487412,9626,161,161,0,3991,0,1594,626,3254,4152,0,0,3,4804,4709,95,3254,1455,0,1766,102,1180,4610,,819,0,
98,INFEASIBLE,certified_no_adversarial_example,feasibility,false,false,false,false,,,,0.807020082,0.07910895347595215,0.0,0.0,0.712662755,0.487142237,0.3519018479999999,0.3375387191772461,0.3607609070000001,0.225520518,0.092901065,9626,250,250,0,4066,0,1551,664,3095,6607,0,0,3,4804,4653,151,3095,1558,0,1874,154,1396,4990,,885,0,
99,INFEASIBLE,certified_no_adversarial_example,feasibility,false,false,false,false,,,,0.676209671,0.017585039138793945,0.0,0.0,0.645892249,0.438491938,0.29054582600000006,0.2773158550262451,0.3553464229999999,0.20740031099999995,0.028861159,9626,214,214,0,4047,0,1566,677,3122,6393,0,0,3,4804,4670,134,3122,1548,0,1836,134,1321,4859,,456,0,
100,INFEASIBLE,certified_no_adversarial_example,feasibility,false,false,false,false,,,,0.623787589,0.017513751983642578,0.0,0.0,0.595048595,0.371202167,0.24741258599999996,0.23341107368469238,0.347636009,0.22384642799999993,0.02730506,9626,176,176,0,4063,0,1585,674,3128,4633,0,0,3,4804,4696,108,3128,1568,0,1787,110,1222,4686,,458,0,
101,INFEASIBLE,certified_no_adversarial_example,feasibility,false,false,false,false,,,,0.949812339,0.043615102767944336,0.0,0.0,0.891475761,0.663369769,0.504760909,0.4878511428833008,0.386714852,0.22810599200000004,0.056899454,9626,292,292,0,4052,0,1527,656,3099,10346,0,0,3,4804,4627,177,3099,1528,0,1927,181,1502,5175,,660,0,
102,INFEASIBLE,certified_no_adversarial_example,feasibility,false,false,false,false,,,,0.904004436,0.05204606056213379,0.0,0.0,0.837683942,0.589988898,0.44322970800000006,0.42756152153015137,0.3944542339999999,0.24769504399999998,0.064927407,9626,264,264,0,4072,0,1541,680,3069,8424,0,0,3,4804,4630,174,3069,1561,0,1919,176,1486,5148,,817,0,
103,INFEASIBLE,certified_no_adversarial_example,feasibility,false,false,false,false,,,,0.88298565,0.03750443458557129,0.0,0.0,0.827560092,0.5970879410000001,0.44613867499999993,0.4293508529663086,0.3814214170000001,0.23047215099999996,0.05396881,9626,277,277,0,4071,0,1533,669,3076,8491,0,0,3,4804,4649,155,3076,1573,0,1878,155,1405,5006,,708,0,
104,INFEASIBLE,certified_no_adversarial_example,feasibility,false,false,false,false,,,,0.792489317,0.03129887580871582,0.0,0.0,0.748338638,0.517381196,0.372022978,0.3568460941314697,0.37631566,0.230957442,0.042797783,9626,247,247,0,4048,0,1550,672,3109,6916,0,0,3,4804,4662,142,3109,1553,0,1855,144,1358,4924,,570,0,
105,INFEASIBLE,certified_no_adversarial_example,feasibility,false,false,false,false,,,,0.521851503,0.016845703125,0.0,0.0,0.494234396,0.29799257900000004,0.19037558,0.17126798629760742,0.30385881600000003,0.19624181699999999,0.02624134,9626,166,166,0,4039,0,1588,661,3172,3731,0,0,3,4804,4711,93,3172,1539,0,1754,93,1157,4572,,501,0,
106,INFEASIBLE,certified_no_adversarial_example,feasibility,false,false,false,false,,,,0.732209498,0.03117680549621582,0.0,0.0,0.683859431,0.46969980400000005,0.2999644869999999,0.28596997261047363,0.3838949440000001,0.21415962699999996,0.046890195,9626,237,237,0,4030,0,1554,661,3144,6392,0,0,3,4804,4672,132,3144,1528,0,1837,136,1322,4860,,569,0,
107,INFEASIBLE,certified_no_adversarial_example,feasibility,false,false,false,false,,,,1.072873461,0.029870033264160156,0.0,0.0,1.027948756,0.7919399040000001,0.640491349,0.4576103687286377,0.387457407,0.23600885199999988,0.043590428,9626,305,305,0,4087,0,1520,669,3045,9427,0,0,3,4804,4620,184,3045,1575,0,1940,187,1528,5221,,518,0,
108,INFEASIBLE,certified_no_adversarial_example,feasibility,false,false,false,false,,,,0.440221147,0.02013564109802246,0.0,0.0,0.409785338,0.22650383799999999,0.127265599,0.11834597587585449,0.282519739,0.1832815,0.028974105,9626,125,125,0,3990,0,1614,646,3251,2303,0,0,3,4804,4734,70,3251,1483,0,1714,75,1076,4429,,486,0,
109,INFEASIBLE,certified_no_adversarial_example,feasibility,false,false,false,false,,,,0.565155644,0.030246496200561523,0.0,0.0,0.5238794,0.28372936299999996,0.188634171,0.17803573608398438,0.335245229,0.24015003700000004,0.039916633,9626,153,153,0,4035,0,1600,650,3188,4181,0,0,3,4804,4704,100,3188,1516,0,1772,103,1192,4633,,634,0,
110,INFEASIBLE,certified_no_adversarial_example,feasibility,false,false,false,false,,,,0.639182658,0.027027606964111328,0.0,0.0,0.599620971,0.38687437199999997,0.249158461,0.23661184310913086,0.35046251,0.21274659900000004,0.038224167,9626,213,213,0,4018,0,1565,668,3162,4286,0,0,3,4804,4709,95,3162,1547,0,1761,97,1170,4595,,436,0,
111,INFEASIBLE,certified_no_adversarial_example,feasibility,false,false,false,false,,,,0.808570276,0.027291059494018555,0.0,0.0,0.767630248,0.517512213,0.3853292529999999,0.3703451156616211,0.3823009950000001,0.25011803499999996,0.038935894,9626,240,240,0,4082,0,1552,655,3097,8893,0,0,3,4804,4653,151,3097,1556,0,1873,153,1394,4987,,550,0,
112,INFEASIBLE,certified_no_adversarial_example,feasibility,false,false,false,false,,,,0.460226996,0.020763397216796875,0.0,0.0,0.429101909,0.24456282899999998,0.14571278599999998,0.13595366477966309,0.283389123,0.18453908000000002,0.029663313,9626,134,134,0,4009,0,1609,645,3229,2955,0,0,3,4804,4722,82,3229,1493,0,1736,85,1120,4507,,534,0,
113,INFEASIBLE,certified_no_adversarial_example,feasibility,false,false,false,false,,,,0.540609952,0.019567012786865234,0.0,0.0,0.510116746,0.30797139399999995,0.198030891,0.1874392032623291,0.312085855,0.20214535200000006,0.029050991,9626,157,157,0,4018,0,1598,660,3193,4172,0,0,3,4804,4706,98,3193,1513,0,1767,100,1182,4616,,489,0,
114,INFEASIBLE,certified_no_adversarial_example,feasibility,false,false,false,false,,,,0.689435487,0.03831958770751953,0.0,0.0,0.638628912,0.422622442,0.29217949699999995,0.2790665626525879,0.3464494150000001,0.21600647000000006,0.049423721,9626,208,208,0,4041,0,1571,663,3143,6662,0,0,3,4804,4674,130,3143,1531,0,1833,134,1314,4846,,673,0,
115,INFEASIBLE,certified_no_adversarial_example,feasibility,false,false,false,false,,,,0.551658219,0.022143125534057617,0.0,0.0,0.518811043,0.311465153,0.19500784399999999,0.18390822410583496,0.32380319900000004,0.20734589000000003,0.031378476,9626,161,161,0,4019,0,1594,655,3197,4139,0,0,3,4804,4709,95,3197,1512,0,1761,97,1170,4595,,505,0,
116,OPTIMAL,adversarial_example_found_or_best_known,feasibility,true,true,true,true,1.1546319456101628e-14,-8.728689916636199;-9.782316759620604;-8.166832160767878;-5.085819671019668;1.9455926572592004;-3.1533605452062483;-2.930640489879936;-7.9522296335298535;-3.2586017915156598;1.945592657259212,0.0;0.1;0.1;0.0;0.1;0.0;0.1;0.1;0.0;0.0;0.0;0.1;0.1;0.0;0.0;0.1;0.1;0.0;0.0;0.1;0.1;0.0;0.0;0.1;0.1;0.1;0.1;0.0;0.1;0.0;0.1;0.0;0.1;0.1;0.1;0.1;0.0;0.0;0.0;0.1;0.0;0.0;0.0;0.0;0.0;0.0;0.0;0.0;0.0;0.0;0.0;0.0;0.1;0.1;0.0;0.0;0.0;0.0;0.0;0.0;0.0;0.1;0.1;0.1;0.1;0.0;0.0;0.1;0.1;0.0;0.0;0.1;0.1;0.0;0.0;0.1;0.1;0.0;0.0;0.1;0.1;0.1;0.1;0.0;0.1;0.1;0.1;0.0;0.0;0.0;0.0;0.0;0.0;0.0;0.1;0.1;0.0;0.1;0.1;0.1;0.1;0.1;0.0;0.1;0.0;0.1;0.0;0.0;0.1;0.1;0.0;0.0;0.1;0.1;0.0;0.0;0.0;0.1;0.1;0.0;0.0;0.0;0.0;0.1;0.1;0.1;0.1;0.1;0.1;0.1;0.0;0.1;0.0;0.1;0.0;0.0;0.0;0.1;0.1;0.0;0.1;0.0;0.0;0.1;0.0;0.0;0.0;0.0;0.0;0.1;0.1;0.1;0.1;0.0;0.1;0.0;0.0;0.0;0.0;0.0;0.0;0.1;0.0;0.0;0.0;0.0;0.0;0.1;0.0;0.1;0.1;0.1;0.1;0.1;0.1;0.0;0.0;0.0;0.0;0.1;0.1;0.1;0.1;0.1;0.1;0.0;0.0;0.0;0.0;0.1;0.1;0.0;0.0;0.1;0.1;0.1;0.0;0.1;0.0;0.1;0.0;0.1;0.0;0.0;0.1;0.1;0.1;0.1;0.0;0.1;0.1;0.1;0.0;0.0;0.1;0.0;0.0;0.0;0.0;0.1;0.1;0.0;0.1;0.1;0.1;0.0;0.0;0.1;0.1;0.1;0.0;0.0;0.0;0.1;0.1;0.1;0.1;0.2411764705882353;0.3431372549019608;0.2647058823529412;0.1;0.0;0.0;0.0;0.0;0.1;0.1;0.1;0.1;0.0;0.0;0.1;0.0;0.0;0.1;0.1;0.1;0.1;0.1;0.0;0.1;0.0;0.1;0.22156862745098038;0.6882352941176471;0.8686274509803922;1.0;0.8803921568627451;0.4088525242859771;0.0;0.0;0.0;0.0;0.1;0.0;0.0;0.1;0.0;0.1;0.1;0.0;0.0;0.0;0.0;0.0;0.1;0.0;0.0;0.0;0.11568627450980393;0.5549019607843138;0.9823529411764705;0.8960784313725491;0.6019607843137255;0.6058823529411765;1.0;0.8921568627450981;0.24509803921568626;0.0;0.0;0.1;0.1;0.0;0.0;0.0;0.0;0.0;0.1;0.0;0.0;0.1;0.0;0.1;0.0;0.1;0.0;0.22549019607843138;0.7784313725490196;1.0;0.7196078431372549;0.33529411764705885;0.0;0.10392156862745099;0.5784313725490197;0.8960784313725491;0.7958420364897062;0.12352941176470589;0.0;0.0;0.0;0.1;0.0;0.1;0.0;0.1;0.1;0.0;0.0;0.0;0.0;0.0;0.0;0.1;0.06470588235294117;0.9862745098039215;0.8882352941176471;0.5509803921568628;0.05686274509803921;0.0;0.0;0.09460545625002488;0.303921568627451;1.0;1.0;0.10116531000429362;0.0;0.0;0.08823529411764705;0.3313725490196079;0.24901960784313726;0.1;0.0;0.1;0.1;0.0;0.0;0.0;0.1;0.0;0.1;0.32745098039215687;0.9823529411764705;0.884313725490196;0.44509803921568625;0.0;0.1;0.1;0.0;0.1;0.0;0.8215686274509804;0.8960784313725491;0.10392156862745097;0.21547225312879442;0.6058823529411765;0.8764705882352941;0.8960784313725491;0.8568627450980393;0.1;0.0;0.1;0.1;0.0;0.1;0.1;0.0;0.09948106960185724;0.515686274509804;1.0;1.0;0.3313725490196079;0.1;0.1;0.1;0.0;0.0;0.0;0.2450980392156863;0.8490196078431372;0.8960784313725491;0.8960784313725491;1.0;0.8960784313725491;0.8960784313725491;1.0;0.8490196078431372;0.1;0.0;0.0;0.1;0.0;0.0;0.0;0.0;0.307843137254902;1.0;0.8752509311026316;0.44530322486910406;0.05784775278932662;0.1;0.041012772873596795;0.1;0.0;0.20778125775392406;0.5666666666666667;1.0;0.8960784313725491;1.0;0.8897369437329775;0.7993335655648278;0.4764705882352941;0.4764705882352941;0.3235294117647059;0.1;0.0;0.0;0.0;0.1;0.0;0.1;0.1;0.0;0.8960784313725491;1.0;0.4254901960784314;0.1;0.1;0.1;0.10244859415390839;0.017647058823529405;0.5352941176470588;1.0;1.0;1.0;0.884313725490196;0.6450980392156863;0.09663004301751156;0.1;0.1;0.0;0.09862034852713446;0.1;0.0;0.0;0.0;0.1;0.013999988567450165;0.1;0.0;0.1;0.35805601370245865;0.37058823529411766;0.1;0.1;0.1;0.11176470588235295;0.5666666666666667;1.0;1.0;1.0;0.8960784313725491;0.503921568627451;0.10742881916660596;0.0;0.0;0.0;0.0;0.0;0.0;0.1;0.0;0.0;0.0;0.1;0.1;0.1;0.0;0.0;0.0;0.1;0.1;0.1;0.1;0.0;0.292156862745098;0.7274509803921568;0.6333333333333333;0.5274509803921569;0.09829298633693279;0.10784313725490197;0.0;0.0;0.0;0.0;0.0;0.0;0.0;0.1;0.1;0.0;0.0;0.1;0.1;0.0;0.1;0.0;0.1;0.0;0.0;0.1;0.1;0.0;0.0;0.10827968530401581;0.0;0.1;0.0;0.1;0.0;0.1;0.0;0.1;0.0;0.1;0.0;0.1;0.1;0.0;0.1;0.1;0.1;0.1;0.1;0.0;0.0;0.1;0.1;0.1;0.1;0.0;0.0;0.1;0.1;0.1;0.0;0.1;0.1;0.0;0.0;0.0;0.0;0.0;0.0;0.1;0.1;0.0;0.0;0.1;0.1;0.1;0.0;0.1;0.0;0.0;0.0;0.1;0.1;0.1;0.0;0.1;0.0;0.1;0.0;0.0;0.0;0.0;0.0;0.0;0.0;0.1;0.0;0.1;0.0;0.0;0.0;0.0;0.0;0.1;0.1;0.0;0.0;0.0;0.0;0.1;0.1;0.0;0.0;0.1;0.0;0.0;0.0;0.0;0.0;0.0;0.0;0.0;0.1;0.1;0.1;0.1;0.1;0.0;0.0;0.1;0.0;0.1;0.1;0.0;0.0;0.1;0.0;0.0;0.0;0.1;0.0;0.1;0.0;0.1;0.0;0.1;0.0;0.0;0.09339872442569368;0.0;0.1;0.1;0.1;0.1;0.1;0.07881622242070452;0.1;0.0;0.0;0.0;0.1;0.0;0.0;0.1;0.1;0.0;0.0;0.1;0.1;0.1;0.0;0.0;0.0;0.0;0.0;0.0;0.0;0.0;0.0;0.1;0.1;0.1;0.1;0.1;0.1;0.0;0.1;0.0;0.1;0.0;0.0;0.1;0.0;0.1;0.0;0.1;0.1;0.1;0.0;0.1;0.1;0.1;0.1;0.0;0.1;0.0;0.1;0.0;0.0;0.1;0.0;0.1;0.1;0.0;0.0;0.0;0.0;0.1;0.1;0.1;0.1;0.0;0.0;0.0;0.0;0.1;0.0;0.0;0.0;0.1;0.1;0.0;0.0;0.1;0.1;0.1;0.1;0.1;0.1;0.1;0.1;0.0;0.0;0.1;0.1;0.1;0.1;0.1;0.0;0.1;0.0;0.1;0.1;0.0;0.1;0.1;0.1;0.1;0.1;0.1;0.1;0.1;0.1;0.0;0.0;0.1;0.0;0.1;0.1;0.1,3.475971599,2.922607898712158,0.0,0.0,0.541045197,0.338581222,0.18854926499999997,0.17811298370361328,0.352495932,0.20246397499999996,2.931955129,9626,155,155,0,4014,0,1593,656,3208,3742,0,0,3,4804,4718,86,3208,1510,0,1740,86,1129,4523,1,55206,,0.0
117,INFEASIBLE,certified_no_adversarial_example,feasibility,false,false,false,false,,,,0.748037476,0.023185253143310547,0.0,0.0,0.713704377,0.514535721,0.24548470699999997,0.2335057258605957,0.46821967000000003,0.199168656,0.032947213,9626,200,200,0,3999,0,1573,636,3218,4844,0,0,3,4804,4703,101,3218,1485,0,1770,101,1189,4628,,542,0,
118,INFEASIBLE,certified_no_adversarial_example,feasibility,false,false,false,false,,,,0.780026796,0.03383946418762207,0.0,0.0,0.733685317,0.473979212,0.3340597350000001,0.3199028968811035,0.39962558199999987,0.25970610499999996,0.044990619,9626,241,241,0,4049,0,1551,668,3117,6695,0,0,3,4804,4666,138,3117,1549,0,1844,138,1337,4887,,677,0,
119,INFEASIBLE,certified_no_adversarial_example,feasibility,false,false,false,false,,,,0.736458415,0.03305649757385254,0.0,0.0,0.690888847,0.463012881,0.336167184,0.32195162773132324,0.35472166299999996,0.22787596599999999,0.044232559,9626,243,243,0,4022,0,1552,642,3167,7013,0,0,3,4804,4670,134,3167,1503,0,1841,138,1330,4874,,603,0,
120,INFEASIBLE,certified_no_adversarial_example,feasibility,false,false,false,false,,,,0.601401365,0.03737282752990723,0.0,0.0,0.552357152,0.33380678,0.228728296,0.2172412872314453,0.323628856,0.218550372,0.047660133,9626,158,158,0,4065,0,1596,698,3109,4809,0,0,3,4804,4694,110,3109,1585,0,1792,113,1232,4703,,736,0,
121,INFEASIBLE,certified_no_adversarial_example,feasibility,false,false,false,false,,,,0.738550719,0.031072616577148438,0.0,0.0,0.694402816,0.46863603499999995,0.33050863300000005,0.31681299209594727,0.3638941829999999,0.22576678100000003,0.042676746,9626,229,229,0,4092,0,1561,692,3052,6316,0,0,3,4804,4659,145,3052,1607,0,1862,148,1372,4948,,551,0,
122,INFEASIBLE,certified_no_adversarial_example,feasibility,false,false,false,false,,,,0.930060442,0.21783113479614258,0.0,0.0,0.698835678,0.47471815700000003,0.33768232,0.32294487953186035,0.36115335800000004,0.224117521,0.229774445,9626,256,256,0,4035,0,1548,649,3138,6213,0,0,3,4804,4653,151,3138,1515,0,1874,154,1396,4990,,1335,0,
123,INFEASIBLE,certified_no_adversarial_example,feasibility,false,false,false,false,,,,0.584771452,0.02004265785217285,0.0,0.0,0.553668035,0.35123459300000004,0.23529531,0.22374343872070312,0.3183727249999999,0.2024334419999999,0.029816972,9626,180,180,0,3997,0,1585,634,3230,5029,0,0,3,4804,4700,104,3230,1470,0,1779,106,1206,4658,,462,0,
124,INFEASIBLE,certified_no_adversarial_example,feasibility,false,false,false,false,,,,0.700012718,0.026995182037353516,0.0,0.0,0.659956625,0.43701086299999997,0.30559620299999996,0.2918672561645508,0.354360422,0.222945762,0.038638027,9626,209,209,0,4062,0,1568,668,3119,7212,0,0,3,4804,4663,141,3119,1544,0,1854,144,1356,4920,,541,0,
125,INFEASIBLE,certified_no_adversarial_example,feasibility,false,false,false,false,,,,0.549811326,0.01468801498413086,0.0,0.0,0.52389039,0.3103692,0.200828715,0.1891307830810547,0.32306167500000005,0.21352119000000003,0.02452418,9626,177,177,0,4046,0,1587,673,3143,4064,0,0,3,4804,4694,110,3143,1551,0,1788,110,1225,4691,,453,0,
126,INFEASIBLE,certified_no_adversarial_example,feasibility,false,false,false,false,,,,0.605068574,0.030949831008911133,0.0,0.0,0.562493238,0.35646686899999996,0.244058674,0.2317674160003662,0.3184345639999999,0.206026369,0.041179133,9626,188,188,0,4032,0,1577,662,3167,5368,0,0,3,4804,4690,114,3167,1523,0,1796,114,1241,4719,,668,0,
127,INFEASIBLE,certified_no_adversarial_example,feasibility,false,false,false,false,,,,0.740850814,0.05070614814758301,0.0,0.0,0.676790957,0.41715634900000004,0.2839172020000001,0.27011752128601074,0.39287375499999994,0.259634608,0.062682884,9626,221,221,0,4078,0,1566,708,3053,5698,0,0,3,4804,4665,139,3053,1612,0,1852,144,1352,4912,,887,0,
128,INFEASIBLE,certified_no_adversarial_example,feasibility,false,false,false,false,,,,0.825935531,0.019823789596557617,0.0,0.0,0.794091624,0.586625897,0.29659129399999995,0.2821786403656006,0.49750033000000005,0.207465727,0.030504752,9626,189,189,0,4057,0,1579,688,3113,5696,0,0,3,4804,4685,119,3113,1572,0,1811,123,1270,4769,,442,0,
129,INFEASIBLE,certified_no_adversarial_example,feasibility,false,false,false,false,,,,0.641558566,0.03299117088317871,0.0,0.0,0.595916566,0.38821845899999996,0.2617639949999999,0.24913740158081055,0.33415257100000006,0.20769810700000002,0.044319209,9626,202,202,0,4093,0,1574,678,3079,5855,0,0,3,4804,4680,124,3079,1601,0,1821,128,1290,4804,,634,0,
130,INFEASIBLE,certified_no_adversarial_example,feasibility,false,false,false,false,,,,0.639234032,0.018992900848388672,0.0,0.0,0.607528939,0.352960484,0.240172731,0.22761893272399902,0.367356208,0.254568455,0.030205853,9626,191,191,0,4051,0,1581,673,3130,5158,0,0,3,4804,4676,128,3130,1546,0,1828,131,1304,4829,,462,0,
131,INFEASIBLE,certified_no_adversarial_example,feasibility,false,false,false,false,,,,0.684175345,0.027701377868652344,0.0,0.0,0.644680198,0.40957166,0.295674355,0.283048152923584,0.349005843,0.23510853799999998,0.038194637,9626,196,196,0,4074,0,1579,675,3102,5624,0,0,3,4804,4679,125,3102,1577,0,1818,125,1285,4796,,647,0,
132,INFEASIBLE,certified_no_adversarial_example,feasibility,false,false,false,false,,,,0.733860627,0.02915811538696289,0.0,0.0,0.692031516,0.45998010600000006,0.33554305999999995,0.32149434089660645,0.35648845600000006,0.23205140999999996,0.040454383,9626,214,214,0,4102,0,1567,680,3063,7611,0,0,3,4804,4660,144,3063,1597,0,1856,144,1361,4929,,586,0,
133,INFEASIBLE,certified_no_adversarial_example,feasibility,false,false,false,false,,,,0.489099687,0.016590118408203125,0.0,0.0,0.462666521,0.268997668,0.15977871200000002,0.14986014366149902,0.302887809,0.19366885299999997,0.025006904,9626,136,136,0,4070,0,1607,700,3113,2397,0,0,3,4804,4730,74,3113,1617,0,1716,74,1081,4439,,506,0,
134,INFEASIBLE,certified_no_adversarial_example,feasibility,false,false,false,false,,,,0.646064211,0.03128790855407715,0.0,0.0,0.603301224,0.38707139,0.263570166,0.25138187408447266,0.339731058,0.21622983399999995,0.041478792,9626,188,188,0,4061,0,1579,677,3121,4873,0,0,3,4804,4693,111,3121,1572,0,1793,113,1234,4707,,707,0,
135,INFEASIBLE,certified_no_adversarial_example,feasibility,false,false,false,false,,,,0.716254535,0.02218484878540039,0.0,0.0,0.680821418,0.446100783,0.3093004589999999,0.29515838623046875,0.37152095900000004,0.23472063499999996,0.033963514,9626,225,225,0,4074,0,1562,666,3099,6903,0,0,3,4804,4660,144,3099,1561,0,1860,147,1368,4941,,509,0,
136,INFEASIBLE,certified_no_adversarial_example,feasibility,false,false,false,false,,,,0.462850297,0.014537572860717773,0.0,0.0,0.438458136,0.250985817,0.146023089,0.13677716255187988,0.292435047,0.187472319,0.022943684,9626,126,126,0,4001,0,1614,661,3224,2837,0,0,3,4804,4729,75,3224,1505,0,1718,75,1085,4446,,438,0,
137,INFEASIBLE,certified_no_adversarial_example,feasibility,false,false,false,false,,,,0.838948852,0.022678136825561523,0.0,0.0,0.803951683,0.387168021,0.268972602,0.25566577911376953,0.5349790809999999,0.416783662,0.033653327,9626,208,208,0,4053,0,1570,686,3109,5978,0,0,3,4804,4676,128,3109,1567,0,1827,130,1302,4826,,560,0,
138,INFEASIBLE,certified_no_adversarial_example,feasibility,false,false,false,false,,,,0.451486839,0.013578653335571289,0.0,0.0,0.42801389,0.240306301,0.14339756,0.13400673866271973,0.28461633,0.187707589,0.022132217,9626,129,129,0,4011,0,1608,647,3231,3007,0,0,3,4804,4738,66,3231,1507,0,1703,68,1054,4392,,394,0,
139,INFEASIBLE,certified_no_adversarial_example,feasibility,false,false,false,false,,,,0.729124444,0.021530866622924805,0.0,0.0,0.694293086,0.440249823,0.31315324099999997,0.2991039752960205,0.381139845,0.25404326299999996,0.033394574,9626,243,243,0,4064,0,1553,666,3100,6316,0,0,3,4804,4657,147,3100,1557,0,1868,152,1384,4968,,456,0,
140,INFEASIBLE,certified_no_adversarial_example,feasibility,false,false,false,false,,,,0.698533026,0.025832414627075195,0.0,0.0,0.66074368,0.429629647,0.31007732499999996,0.2971456050872803,0.3506663550000001,0.23111403300000005,0.036473424,9626,195,195,0,4056,0,1578,670,3127,6350,0,0,3,4804,4675,129,3127,1548,0,1826,129,1301,4824,,544,0,
141,INFEASIBLE,certified_no_adversarial_example,feasibility,false,false,false,false,,,,0.822493323,0.0393376350402832,0.0,0.0,0.769845163,0.562248377,0.418121727,0.4034714698791504,0.35172343600000006,0.2075967860000001,0.051267296,9626,250,250,0,4021,0,1548,634,3173,8279,0,0,3,4804,4659,145,3173,1486,0,1862,148,1372,4948,,620,0,
142,INFEASIBLE,certified_no_adversarial_example,feasibility,false,false,false,false,,,,0.583773798,0.01745319366455078,0.0,0.0,0.554874581,0.350580906,0.21592278,0.20266938209533691,0.338951801,0.20429367499999995,0.027429157,9626,180,180,0,4025,0,1586,670,3165,3842,0,0,3,4804,4700,104,3165,1535,0,1779,106,1206,4658,,438,0,
143,INFEASIBLE,certified_no_adversarial_example,feasibility,false,false,false,false,,,,0.782849358,0.027531862258911133,0.0,0.0,0.741422145,0.507661058,0.3646963959999999,0.3497195243835449,0.3767257490000001,0.23376108699999998,0.039983007,9626,248,248,0,4053,0,1551,686,3088,7344,0,0,3,4804,4644,160,3088,1556,0,1891,162,1430,5050,,498,0,
144,INFEASIBLE,certified_no_adversarial_example,feasibility,false,false,false,false,,,,0.446987753,0.016294002532958984,0.0,0.0,0.420856927,0.242639871,0.138891692,0.12959790229797363,0.281965235,0.17821705599999998,0.024731138,9626,131,131,0,3977,0,1610,639,3269,2459,0,0,3,4804,4734,70,3269,1465,0,1708,70,1065,4411,,454,0,
145,INFEASIBLE,certified_no_adversarial_example,feasibility,false,false,false,false,,,,0.713815392,0.03581666946411133,0.0,0.0,0.665790339,0.4377023440000001,0.30610380400000003,0.29283952713012695,0.3596865349999999,0.22808799499999988,0.046578952,9626,215,215,0,4045,0,1566,674,3126,6471,0,0,3,4804,4679,125,3126,1553,0,1821,127,1290,4805,,719,0,
146,INFEASIBLE,certified_no_adversarial_example,feasibility,false,false,false,false,,,,0.454461058,0.01499319076538086,0.0,0.0,0.429278728,0.246437075,0.14631254800000001,0.13673114776611328,0.28296617999999996,0.182841653,0.023729241,9626,136,136,0,3976,0,1609,649,3256,2843,0,0,3,4804,4727,77,3256,1471,0,1722,77,1093,4460,,461,0,
147,INFEASIBLE,certified_no_adversarial_example,feasibility,false,false,false,false,,,,0.615078996,0.02157139778137207,0.0,0.0,0.580787802,0.361118657,0.24578701099999994,0.23314237594604492,0.3350007910000001,0.219669145,0.032885904,9626,193,193,0,4081,0,1576,685,3091,5307,0,0,3,4804,4674,130,3091,1583,0,1833,134,1314,4846,,495,0,
148,INFEASIBLE,certified_no_adversarial_example,feasibility,false,false,false,false,,,,0.892321608,0.0202791690826416,0.0,0.0,0.859200216,0.590268364,0.46897206,0.2894887924194336,0.39022815599999994,0.2689318519999999,0.031749791,9626,199,199,0,4111,0,1575,711,3030,6459,0,0,3,4804,4671,133,3030,1641,0,1837,135,1322,4861,,502,0,
149,INFEASIBLE,certified_no_adversarial_example,feasibility,false,false,false,false,,,,0.818657241,0.05233454704284668,0.0,0.0,0.752104671,0.5280876569999999,0.3956897800000001,0.38065361976623535,0.3564148909999999,0.22401701400000007,0.065085273,9626,251,251,0,4052,0,1549,664,3110,7714,0,0,3,4804,4654,150,3110,1544,0,1872,153,1392,4983,,894,0,
150,OPTIMAL,adversarial_example_found_or_best_known,feasibility,true,true,true,true,-2.0761170560490427e-14,-10.879798654035238;-8.940337491716239;0.4675155938353881;-3.298804743813892;-4.251512926917345;-6.7199891162455145;-8.596462465820661;-8.894608976361882;-6.5301658441409645;0.46751559383536734,0.0;0.1;0.1;0.0;0.0;0.1;0.1;0.1;0.1;0.0;0.0;0.1;0.1;0.0;0.0;0.0;0.0;0.1;0.1;0.0;0.0;0.1;0.1;0.0;0.0;0.1;0.1;0.0;0.0;0.1;0.1;0.0;0.1;0.1;0.1;0.0;0.1;0.0;0.1;0.1;0.1;0.1;0.1;0.0;0.0;0.0;0.0;0.0;0.0;0.0;0.1;0.0;0.1;0.1;0.1;0.1;0.0;0.1;0.1;0.0;0.0;0.1;0.1;0.0;0.1;0.0;0.0;0.1;0.1;0.1;0.1;0.0;0.0;0.1;0.1;0.0;0.0;0.1;0.1;0.0;0.0;0.1;0.1;0.0;0.0;0.0;0.0;0.0;0.0;0.1;0.0;0.0;0.1;0.0;0.1;0.0;0.1;0.1;0.1;0.1;0.0;0.1;0.0;0.0;0.0;0.0;0.1;0.0;0.1;0.0;0.1;0.0;0.0;0.1;0.0;0.0;0.0;0.1;0.1;0.0;0.1;0.0;0.0;0.0;0.0;0.1;0.1;0.1;0.1;0.1;0.1;0.1;0.0;0.0;0.0;0.0;0.0;0.1;0.1;0.1;0.1;0.1;0.1;0.0;0.1;0.1;0.1;0.1;0.1;0.0;0.1;0.0;0.1;0.0;0.0;0.0;0.0;0.0;0.1;0.1;0.0;0.0;0.0;0.0;0.0;0.0;0.1;0.0;0.0;0.1;0.1;0.0;0.0;0.0;0.0;0.1;0.1;0.0;0.0;0.1;0.1;0.1;0.3313725490196079;0.6803921568627451;0.5975497781042575;0.10784313725490197;0.0;0.1;0.1;0.0;0.0;0.0;0.0;0.1;0.1;0.0;0.1;0.1;0.1;0.0;0.0;0.0;0.0;0.1;0.1;0.0;0.0;0.1;0.15098039215686276;0.40588235294117647;1.0;0.7769652713642599;0.5235294117647059;0.9745098039215686;0.43092833489448795;0.10256329882915469;0.0;0.1;0.0;0.02348630156185427;0.04688538116859655;0.0;0.1;0.1;0.0;0.1;0.1;0.0;0.0;0.0;0.0;0.1;0.1;0.0;0.1;0.1;0.48431372549019613;0.5588235294117647;0.19411764705882353;0.0;0.0;0.20196078431372547;0.8921568627450981;0.8490196078431372;0.10179638677537997;0.1;0.0;0.1;0.0;0.0;0.0;0.0;0.09790392560505658;0.1;0.1;0.1;0.0;0.0;0.0;0.1;0.1;0.0;0.1;0.14441894026792923;1.0;0.4019607843137255;0.0;0.0;0.1;0.1;0.7705882352941176;0.7196078431372549;0.0;0.1;0.1;0.1;0.0;0.1;0.1;0.0;0.1;0.1;0.1;0.1;0.0;0.0;0.0;0.1;0.1;0.0;0.1;0.5470588235294118;0.8450980392156863;0.017647058823529405;0.0;0.0;0.0;0.3941176470588236;1.0;0.4764705882352941;0.1;0.1;0.1;0.1;0.1;0.1;0.0;0.0;0.1;0.1;0.1;0.1;0.0;0.0;0.1980392156862745;0.18529351785928483;0.1;0.0;0.1;0.7313285448843986;0.8596234628088945;0.1;0.0;0.0;0.21764705882352942;0.7794062844507679;0.8871856162865377;0.0;0.0;0.0;0.0;0.0;0.06620804646864425;0.1;0.1;0.1;0.0;0.1;0.1;0.1;0.1;0.0;1.0;0.44509803921568625;0.0;0.0;0.0;0.5235294117647059;0.9823529411764705;0.12352941176470589;0.0;0.18627450980392155;0.7901960784313725;0.896078431372549;0.09593830483852225;0.1;0.0;0.0;0.0;0.1;0.1;0.1;0.1;0.0;0.0;0.1;0.1;0.1;0.1;0.0;0.9549019607843137;0.7784313725490196;0.0;0.0;0.0;0.3941176470588236;0.8960784313725491;0.20196078431372547;0.24901960784313723;0.7941176470588236;0.8940706333589197;0.17922512891361067;0.0;0.0;0.1;0.0;0.0;0.1;0.1;0.1;0.1;0.0;0.0;0.1;0.1;0.0;0.0;0.0;0.4073307719533339;0.8882352941176471;0.17450980392156865;0.0;0.0;0.1627450980392157;0.9980392156862745;0.8960784313725491;0.8960784313725491;0.703921568627451;0.0;0.1;0.1;0.0;0.0;0.0;0.0;0.0;0.1;0.1;0.1;0.0;0.0;0.1;0.1;0.0;0.1;0.0;0.0;0.6568627450980392;1.0;0.3937463851588713;0.0;0.17581433744800273;0.8727448020511372;1.0;0.8620831549826306;0.0;0.1;0.1;0.0;0.0;0.0;0.0;0.0;0.0;0.0;0.1;0.1;0.1;0.0;0.1;0.1;0.0;0.0;0.0;0.09712826532720466;0.04901960784313725;0.8958776429442781;0.884313725490196;0.9352941176470588;0.7823529411764706;0.5666666666666667;0.6294117647058823;0.8725490196078431;0.2058823529411765;0.0;0.1;0.1;0.0;0.0;0.0;0.0;0.0;0.0;0.1;0.1;0.1;0.0;0.1;0.1;0.0;0.1;0.1;0.1;0.0;0.005882352941176464;0.32146614814157515;0.5745098039215686;0.2568627450980392;0.09542818960951481;0.10386248521501773;0.968779968462077;0.8007487247448786;0.04117647058823529;0.1;0.1;0.1;0.0;0.0;0.0;0.0;0.0;0.0;0.0;0.0;0.0;0.1;0.1;0.0;0.0;0.1;0.1;0.0;0.0;0.1;0.0;0.0;0.0;0.0;0.3156862745098039;0.8647058823529412;0.7666666666666667;0.2411764705882353;0.1;0.1;0.1;0.0;0.0;0.0;0.0;0.0;0.1;0.1;0.1;0.1;0.1;0.1;0.09323971124732885;0.0;0.1;0.0;0.1;0.1;0.1;0.0;0.1;0.0;0.0;0.05686274509803921;0.8953278289978512;0.7876833192053174;0.10141109446676637;0.1;0.0;0.1;0.0;0.1;0.010029998165705446;0.0;0.0;0.1;0.0;0.1;0.1;0.1;0.1;0.1;0.1;0.0;0.0;0.1;0.1;0.0;0.0;0.1;0.0;0.1;0.017647058823529405;0.7431372549019608;0.8450980392156863;0.3784313725490196;0.1;0.1;0.0;0.1;0.1;0.0;0.0;0.1;0.1;0.1;0.1;0.1;0.0;0.1;0.0;0.0;0.1;0.1;0.1;0.1;0.0;0.0;0.0;0.0;0.1;0.0;0.6019607843137255;1.0;0.0607843137254902;0.1;0.0;0.1;0.0;0.0;0.010267484776122736;0.0;0.0;0.1;0.1;0.0;0.0;0.1;0.0;0.0;0.0;0.1;0.1;0.1;0.0;0.1;0.0;0.0;0.0;0.1;0.13529411764705884;0.9156862745098039;0.8607843137254902;0.2529411764705882;0.1;0.1;0.1;0.0;0.0;0.0;0.1;0.0;0.03807496214028144;0.0;0.1;0.0;0.1;0.0;0.1;0.1;0.1;0.1;0.1;0.0;0.08708866920628222;0.0;0.1;0.0;0.0;0.0;0.6294117647058823;1.0;0.47298480035333906;0.10242061774085363;0.0;0.0;0.1;0.1;0.0;0.0;0.1;0.1;0.0;0.0;0.0;0.0;0.0;0.0;0.0;0.0;0.1;0.1;0.1;0.0;0.0;0.0;0.0;0.0;0.0;0.3313725490196079;1.0;0.8647058823529411;0.0;0.1;0.1;0.0;0.1;0.0;0.0;0.0;0.1;0.1;0.1;0.0;0.005915634584997951;0.0;0.1;0.1;0.0;0.1;0.1;0.1;0.1;0.0;0.0;0.0;0.0;0.0;0.41764705882352937;0.7830581929897312;0.0;0.1;0.1;0.0;0.0;0.0;0.1;0.1;0.0;0.1;0.1;0.0;0.0;0.1;0.1;0.1;0.1;0.1;0.0;0.0;0.0;0.0;0.0;0.0;0.0;0.0;0.0;0.0;0.0;0.0;0.1;0.1;0.1;0.0;0.1;0.0;0.0;0.1;0.0;0.0;0.0;0.1;0.0;0.1;0.0;0.0;0.0;0.0;0.1;0.1;0.0;0.1;0.0;0.0;0.0;0.0;0.0;0.0;0.0;0.0,2.048055407,1.2051091194152832,0.0,0.0,0.827869706,0.6025542140000001,0.4237033469999999,0.4073343276977539,0.4041663590000001,0.2253154919999999,1.217243761,9626,279,279,0,4041,0,1527,632,3147,10037,0,0,3,4804,4645,159,3147,1498,0,1886,159,1421,5034,1,11386,,0.0
151,INFEASIBLE,certified_no_adversarial_example,feasibility,false,false,false,false,,,,0.637537136,0.027460813522338867,0.0,0.0,0.577395405,0.36450443899999996,0.25726396,0.24469614028930664,0.32013144499999996,0.21289096600000001,0.058566848,9626,198,198,0,4041,0,1573,667,3147,5276,0,0,3,4804,4682,122,3147,1535,0,1816,125,1280,4787,,553,0,
152,INFEASIBLE,certified_no_adversarial_example,feasibility,false,false,false,false,,,,0.956049938,0.2075331211090088,0.0,0.0,0.734341878,0.514153865,0.377080001,0.36159777641296387,0.35726187699999995,0.2201880129999999,0.220283329,9626,247,247,0,4084,0,1552,689,3054,7202,0,0,3,4804,4639,165,3054,1585,0,1901,167,1450,5085,,986,0,
153,INFEASIBLE,certified_no_adversarial_example,feasibility,false,false,false,false,,,,0.62907378,0.01927495002746582,0.0,0.0,0.597069297,0.36702749199999996,0.26315890999999997,0.2504241466522217,0.33391038700000003,0.23004180500000004,0.030545863,9626,199,199,0,4039,0,1577,696,3115,5663,0,0,3,4804,4673,131,3115,1558,0,1834,134,1316,4850,,478,0,
154,INFEASIBLE,certified_no_adversarial_example,feasibility,false,false,false,false,,,,0.782530556,0.025888442993164062,0.0,0.0,0.743341636,0.509345129,0.370847988,0.35645127296447754,0.372493648,0.23399650700000008,0.037741539,9626,260,260,0,4032,0,1545,676,3113,6323,0,0,3,4804,4660,144,3113,1547,0,1860,147,1368,4941,,502,0,
155,INFEASIBLE,certified_no_adversarial_example,feasibility,false,false,false,false,,,,0.527707564,0.03689932823181152,0.0,0.0,0.479562815,0.291493318,0.18727142300000002,0.17635488510131836,0.292291392,0.18806949699999997,0.046701686,9626,178,178,0,3978,0,1586,624,3260,3524,0,0,3,4804,4706,98,3260,1446,0,1770,103,1188,4625,,730,0,
156,INFEASIBLE,certified_no_adversarial_example,feasibility,false,false,false,false,,,,0.649211693,0.020127058029174805,0.0,0.0,0.616788337,0.38972526500000004,0.2718250120000001,0.25833702087402344,0.34496332499999993,0.22706307199999998,0.031045969,9626,209,209,0,4073,0,1566,670,3108,5599,0,0,3,4804,4680,124,3108,1572,0,1821,128,1290,4804,,473,0,
157,INFEASIBLE,certified_no_adversarial_example,feasibility,false,false,false,false,,,,0.770886036,0.02369546890258789,0.0,0.0,0.733430014,0.48941998400000003,0.361033516,0.34616827964782715,0.37239649799999996,0.24401002999999993,0.036109296,9626,249,249,0,4043,0,1549,662,3123,8406,0,0,3,4804,4649,155,3123,1526,0,1883,159,1414,5021,,436,0,
158,INFEASIBLE,certified_no_adversarial_example,feasibility,false,false,false,false,,,,0.88511017,0.0389707088470459,0.0,0.0,0.833185967,0.45097967499999997,0.284446895,0.271334171295166,0.548739072,0.38220629200000006,0.050322768,9626,218,218,0,4037,0,1564,671,3136,5669,0,0,3,4804,4675,129,3136,1539,0,1832,134,1312,4842,,717,0,
159,INFEASIBLE,certified_no_adversarial_example,feasibility,false,false,false,false,,,,0.619976317,0.024465560913085938,0.0,0.0,0.583304,0.3783137430000001,0.25971503299999993,0.2468099594116211,0.3235889670000001,0.20499025699999995,0.035293092,9626,204,204,0,4037,0,1572,679,3134,5314,0,0,3,4804,4684,120,3134,1550,0,1808,120,1265,4761,,546,0,
160,INFEASIBLE,certified_no_adversarial_example,feasibility,false,false,false,false,,,,0.620847982,0.02762007713317871,0.0,0.0,0.582163847,0.379169637,0.22355223900000004,0.21258807182312012,0.35861160799999997,0.20299421,0.037334728,9626,158,158,0,4004,0,1594,647,3223,5090,0,0,3,4804,4710,94,3223,1487,0,1759,96,1166,4588,,649,0,
161,INFEASIBLE,certified_no_adversarial_example,feasibility,false,false,false,false,,,,0.567759166,0.02382040023803711,0.0,0.0,0.531769517,0.329577202,0.22754033499999998,0.21545839309692383,0.304229182,0.20219231499999996,0.034540031,9626,186,186,0,4044,0,1581,675,3140,5027,0,0,3,4804,4692,112,3140,1552,0,1796,115,1240,4717,,523,0,
162,INFEASIBLE,certified_no_adversarial_example,feasibility,false,false,false,false,,,,0.768490301,0.025118350982666016,0.0,0.0,0.729751075,0.48729313500000004,0.36303111,0.3489243984222412,0.36671996500000004,0.24245793999999998,0.03739188,9626,225,225,0,4066,0,1560,664,3111,8083,0,0,3,4804,4667,137,3111,1556,0,1842,137,1333,4880,,565,0,
163,INFEASIBLE,certified_no_adversarial_example,feasibility,false,false,false,false,,,,0.591572623,0.019478321075439453,0.0,0.0,0.560786053,0.32095353000000004,0.214274054,0.20249533653259277,0.34651199899999996,0.2398325229999999,0.029392444,9626,175,175,0,4077,0,1586,710,3078,4037,0,0,3,4804,4694,110,3078,1616,0,1791,112,1230,4700,,483,0,
164,INFEASIBLE,certified_no_adversarial_example,feasibility,false,false,false,false,,,,0.536755895,0.018645763397216797,0.0,0.0,0.507274268,0.30783277200000003,0.193010659,0.18239712715148926,0.31426360899999994,0.19944149599999994,0.028048838,9626,161,161,0,4049,0,1596,689,3131,3463,0,0,3,4804,4707,97,3131,1576,0,1762,97,1173,4600,,522,0,
165,INFEASIBLE,certified_no_adversarial_example,feasibility,false,false,false,false,,,,0.862351336,0.04785442352294922,0.0,0.0,0.800788787,0.5761932089999999,0.4180853070000001,0.4022336006164551,0.38270347999999993,0.22459557800000007,0.060098913,9626,264,264,0,4044,0,1539,653,3126,8318,0,0,3,4804,4657,147,3126,1531,0,1868,152,1384,4968,,823,0,
166,INFEASIBLE,certified_no_adversarial_example,feasibility,false,false,false,false,,,,0.664479342,0.025466442108154297,0.0,0.0,0.626526132,0.40274669399999996,0.277786552,0.26506781578063965,0.34873957999999994,0.223779438,0.036510117,9626,196,196,0,4075,0,1578,695,3082,5415,0,0,3,4804,4673,131,3082,1591,0,1834,134,1316,4850,,532,0,
167,INFEASIBLE,certified_no_adversarial_example,feasibility,false,false,false,false,,,,0.713034769,0.03301239013671875,0.0,0.0,0.667031197,0.44436762599999996,0.3181846549999999,0.30393266677856445,0.3488465420000001,0.22266357100000006,0.044547123,9626,238,238,0,4053,0,1554,652,3129,7136,0,0,3,4804,4659,145,3129,1530,0,1861,147,1370,4945,,610,0,
168,INFEASIBLE,certified_no_adversarial_example,feasibility,false,false,false,false,,,,0.811010174,0.15034985542297363,0.0,0.0,0.648793148,0.39891338800000004,0.2635331979999999,0.25055503845214844,0.3852599500000001,0.24987975999999995,0.160869923,9626,212,212,0,4030,0,1566,655,3163,5491,0,0,3,4804,4684,120,3163,1521,0,1811,122,1270,4770,,912,0,
169,INFEASIBLE,certified_no_adversarial_example,feasibility,false,false,false,false,,,,0.67605538,0.01826190948486328,0.0,0.0,0.647241527,0.285602819,0.186195988,0.17540764808654785,0.461045539,0.36163870800000003,0.027350459,9626,166,166,0,3994,0,1591,646,3229,3467,0,0,3,4804,4716,88,3229,1487,0,1744,88,1137,4537,,470,0,
170,INFEASIBLE,certified_no_adversarial_example,feasibility,false,false,false,false,,,,0.552932464,0.021297216415405273,0.0,0.0,0.520229596,0.314153297,0.202456391,0.1911323070526123,0.31777320499999995,0.20607629899999996,0.03128835,9626,184,184,0,4025,0,1579,667,3171,4134,0,0,3,4804,4708,96,3171,1537,0,1760,96,1169,4593,,546,0,
171,INFEASIBLE,certified_no_adversarial_example,feasibility,false,false,false,false,,,,0.533585869,0.02113628387451172,0.0,0.0,0.501977182,0.298232892,0.15956889300000002,0.14942097663879395,0.342408289,0.20374428999999994,0.030180504,9626,150,150,0,4017,0,1601,667,3191,2956,0,0,3,4804,4715,89,3191,1524,0,1746,89,1141,4544,,584,0,
172,INFEASIBLE,certified_no_adversarial_example,feasibility,false,false,false,false,,,,0.598975986,0.02466297149658203,0.0,0.0,0.544347668,0.34061905299999995,0.22531962200000008,0.21202707290649414,0.3190280459999999,0.20372861500000006,0.05318436,9626,168,168,0,4072,0,1591,654,3141,4263,0,0,3,4804,4702,102,3141,1561,0,1777,106,1202,4650,,537,0,
173,INFEASIBLE,certified_no_adversarial_example,feasibility,false,false,false,false,,,,0.721381159,0.03699207305908203,0.0,0.0,0.671333859,0.449984536,0.310214636,0.29673242568969727,0.361119223,0.221349323,0.048669404,9626,207,207,0,4090,0,1570,707,3052,7196,0,0,3,4804,4656,148,3052,1604,0,1867,150,1382,4966,,753,0,
174,INFEASIBLE,certified_no_adversarial_example,feasibility,false,false,false,false,,,,1.065392715,0.07301473617553711,0.0,0.0,0.976647998,0.745367131,0.579995151,0.5621330738067627,0.39665284700000003,0.23128086700000006,0.087477474,9626,308,308,0,4061,0,1518,667,3072,11034,0,0,3,4804,4607,197,3072,1535,0,1969,203,1586,5321,,980,0,
175,INFEASIBLE,certified_no_adversarial_example,feasibility,false,false,false,false,,,,0.542907421,0.01738882064819336,0.0,0.0,0.514661392,0.30663969,0.19967333099999998,0.18874669075012207,0.3149880610000001,0.20802170200000003,0.02679416,9626,164,164,0,4044,0,1592,680,3146,4352,0,0,3,4804,4702,102,3146,1556,0,1772,102,1193,4635,,486,0,
176,INFEASIBLE,certified_no_adversarial_example,feasibility,false,false,false,false,,,,0.7999259,0.23153233528137207,,0.0,0.557011847,0.36036053300000004,0.2394367090000001,0.2277543544769287,0.3175751379999998,0.1966513139999999,0.241570007,9626,195,195,0,3975,0,1579,626,3251,4784,0,0,3,4804,4698,106,3251,1447,0,1784,109,1216,4675,,1287,0,
177,INFEASIBLE,certified_no_adversarial_example,feasibility,false,false,false,false,,,,0.627666472,0.03151559829711914,0.0,0.0,0.583717636,0.37610161900000005,0.25350038599999997,0.24111509323120117,0.3302172500000001,0.20761601699999999,0.042382714,9626,228,228,0,3971,0,1561,619,3247,4320,0,0,3,4804,4686,118,3247,1439,0,1812,125,1272,4771,,538,0,
178,INFEASIBLE,certified_no_adversarial_example,feasibility,false,false,false,false,,,,0.727286369,0.043129920959472656,0.0,0.0,0.670906184,0.41743279699999997,0.29609713499999996,0.2826099395751953,0.37480904900000006,0.25347338700000005,0.055080686,9626,221,221,0,4056,0,1565,669,3115,6392,0,0,3,4804,4662,142,3115,1547,0,1860,149,1368,4939,,716,0,
179,INFEASIBLE,certified_no_adversarial_example,feasibility,false,false,false,false,,,,0.67592822,0.024205923080444336,0.0,0.0,0.641075751,0.453412076,0.35417500800000007,0.1798410415649414,0.28690074299999996,0.18766367500000003,0.033444896,9626,146,146,0,3992,0,1602,642,3244,4121,0,0,3,4804,4717,87,3244,1473,0,1747,91,1142,4545,,543,0,
180,INFEASIBLE,certified_no_adversarial_example,feasibility,false,false,false,false,,,,0.586991097,0.02063584327697754,0.0,0.0,0.553672479,0.345478528,0.23540877,0.2232215404510498,0.31826370900000006,0.20819395100000004,0.031943783,9626,190,190,0,4089,0,1580,692,3075,5453,0,0,3,4804,4674,130,3075,1599,0,1828,130,1305,4831,,518,0,
181,INFEASIBLE,certified_no_adversarial_example,feasibility,false,false,false,false,,,,0.488405542,0.016997098922729492,0.0,0.0,0.461752853,0.240524984,0.136246015,0.1268768310546875,0.325506838,0.22122786900000002,0.025210156,9626,136,136,0,3983,0,1608,648,3251,2288,0,0,3,4804,4734,70,3251,1483,0,1711,72,1070,4420,,435,0,
182,INFEASIBLE,certified_no_adversarial_example,feasibility,false,false,false,false,,,,0.691291896,0.023044824600219727,0.0,0.0,0.639610392,0.41869750099999997,0.295771604,0.2824668884277344,0.343838788,0.22091289100000006,0.05022467,9626,218,218,0,4070,0,1562,680,3096,6076,0,0,3,4804,4672,132,3096,1576,0,1837,136,1322,4860,,491,0,
183,INFEASIBLE,certified_no_adversarial_example,feasibility,false,false,false,false,,,,0.539398372,0.019051551818847656,0.0,0.0,0.509113132,0.301993825,0.205043292,0.19386720657348633,0.30406984,0.20711930699999997,0.028922804,9626,173,173,0,4017,0,1590,661,3185,4352,0,0,3,4804,4696,108,3185,1511,0,1788,111,1224,4689,,477,0,
184,INFEASIBLE,certified_no_adversarial_example,feasibility,false,false,false,false,,,,0.543563254,0.022587060928344727,0.0,0.0,0.51016107,0.28753541,0.19303196900000003,0.18181204795837402,0.31712910099999997,0.22262566,0.032034791,9626,169,169,0,4084,0,1591,724,3058,3080,0,0,3,4804,4706,98,3058,1648,0,1767,100,1182,4616,,577,0,
185,INFEASIBLE,certified_no_adversarial_example,feasibility,false,false,false,false,,,,0.99031202,0.21706652641296387,0.0,0.0,0.759726715,0.537042468,0.39468483099999996,0.38019800186157227,0.36504188400000004,0.222684247,0.229124243,9626,252,252,0,4064,0,1547,678,3085,8092,0,0,3,4804,4652,152,3085,1567,0,1875,154,1398,4994,,1118,0,
186,INFEASIBLE,certified_no_adversarial_example,feasibility,false,false,false,false,,,,0.709368491,0.03578519821166992,0.0,0.0,0.661801578,0.446590257,0.309490783,0.2956535816192627,0.35231079499999995,0.21521132099999996,0.04611252,9626,221,221,0,4046,0,1559,647,3153,7096,0,0,3,4804,4682,122,3153,1529,0,1812,122,1273,4775,,749,0,
187,INFEASIBLE,certified_no_adversarial_example,feasibility,false,false,false,false,,,,0.667111584,0.035184621810913086,0.0,0.0,0.619881176,0.40186678899999995,0.27595477300000004,0.2634091377258301,0.343926403,0.2180143870000001,0.045786533,9626,193,193,0,4093,0,1580,695,3065,5118,0,0,3,4804,4683,121,3065,1618,0,1813,123,1274,4777,,759,0,
188,INFEASIBLE,certified_no_adversarial_example,feasibility,false,false,false,false,,,,0.700040601,0.031527042388916016,0.0,0.0,0.654763287,0.42658752200000005,0.29477170800000013,0.28127288818359375,0.35999157899999984,0.22817576499999992,0.043869813,9626,208,208,0,4069,0,1567,700,3082,6127,0,0,3,4804,4666,138,3082,1584,0,1847,140,1342,4896,,583,0,
189,INFEASIBLE,certified_no_adversarial_example,feasibility,false,false,false,false,,,,0.700337628,0.028821706771850586,0.0,0.0,0.648438854,0.41359396400000004,0.279720996,0.2670609951019287,0.368717858,0.23484488999999997,0.050282307,9626,174,174,0,4097,0,1586,703,3066,5630,0,0,3,4804,4690,114,3066,1624,0,1799,116,1246,4728,,607,0,
190,INFEASIBLE,certified_no_adversarial_example,feasibility,false,false,false,false,,,,0.513104912,0.022336244583129883,0.0,0.0,0.479644722,0.28898079600000004,0.187567866,0.17717576026916504,0.292076856,0.19066392599999998,0.031964839,9626,157,157,0,3977,0,1598,637,3257,3891,0,0,3,4804,4711,93,3257,1454,0,1754,93,1157,4572,,571,0,
191,INFEASIBLE,certified_no_adversarial_example,feasibility,false,false,false,false,,,,0.507505454,0.015084981918334961,0.0,0.0,0.482902113,0.244721758,0.143389586,0.13410711288452148,0.339512527,0.238180355,0.023169285,9626,125,125,0,4018,0,1612,655,3216,2890,0,0,3,4804,4737,67,3216,1521,0,1702,67,1053,4390,,466,0,
192,INFEASIBLE,certified_no_adversarial_example,feasibility,false,false,false,false,,,,0.625698825,0.016624927520751953,0.0,0.0,0.598723747,0.411613697,0.152498848,0.14206171035766602,0.44622489899999995,0.18711004999999997,0.025536904,9626,147,147,0,3983,0,1603,632,3261,2457,0,0,3,4804,4727,77,3261,1466,0,1726,80,1100,4472,,433,0,
193,INFEASIBLE,certified_no_adversarial_example,feasibility,false,false,false,false,,,,0.616513306,0.030955076217651367,0.0,0.0,0.572370927,0.361845857,0.24625413899999998,0.23358607292175293,0.32611678800000005,0.21052507000000004,0.04271244,9626,197,197,0,4086,0,1576,688,3079,5565,0,0,3,4804,4666,138,3079,1587,0,1844,138,1337,4887,,678,0,
194,INFEASIBLE,certified_no_adversarial_example,feasibility,false,false,false,false,,,,1.098173245,0.27167534828186035,0.0,0.0,0.812305541,0.543063467,0.400734859,0.38570713996887207,0.41157068199999997,0.269242074,0.284412816,9626,266,266,0,4043,0,1542,637,3138,8511,0,0,3,4804,4641,163,3138,1503,0,1900,168,1448,5080,,1023,0,
195,INFEASIBLE,certified_no_adversarial_example,feasibility,false,false,false,false,,,,0.873969363,0.023970842361450195,0.0,0.0,0.835980945,0.585097385,0.448317709,0.4327719211578369,0.38766323599999997,0.25088356,0.036626101,9626,257,257,0,4085,0,1544,667,3073,8437,0,0,3,4804,4641,163,3073,1568,0,1900,168,1448,5080,,412,0,
196,INFEASIBLE,certified_no_adversarial_example,feasibility,false,false,false,false,,,,0.681683856,0.03705883026123047,0.0,0.0,0.631675924,0.393331777,0.27991815299999995,0.2670316696166992,0.3517577710000001,0.23834414700000006,0.048558944,9626,204,204,0,4001,0,1571,632,3218,6455,0,0,3,4804,4673,131,3218,1455,0,1837,137,1322,4859,,624,0,
197,INFEASIBLE,certified_no_adversarial_example,feasibility,false,false,false,false,,,,0.46799241,0.014720678329467773,0.0,0.0,0.443624847,0.253030226,0.15182148699999998,0.1420426368713379,0.29180336,0.19059462099999996,0.023016477,9626,145,145,0,4005,0,1604,648,3224,2679,0,0,3,4804,4728,76,3224,1504,0,1720,76,1089,4453,,444,0,
198,INFEASIBLE,certified_no_adversarial_example,feasibility,false,false,false,false,,,,0.426150918,0.01210784912109375,0.0,0.0,0.405207377,0.20019675,0.10761954699999998,0.09831953048706055,0.29758783,0.20501062699999997,0.019645725,9626,108,108,0,4042,0,1622,688,3166,1670,0,0,3,4804,4744,60,3166,1578,0,1688,60,1025,4341,,447,0,
199,INFEASIBLE,certified_no_adversarial_example,feasibility,false,false,false,false,,,,0.651724907,0.019392967224121094,0.0,0.0,0.621158872,0.422072369,0.28078263100000006,0.26801133155822754,0.3403762409999999,0.19908650299999997,0.029081786,9626,194,194,0,4026,0,1573,649,3184,5671,0,0,3,4804,4700,104,3184,1516,0,1776,104,1201,4649,,513,0,
200,INFEASIBLE,certified_no_adversarial_example,feasibility,false,false,false,false,,,,0.660766774,0.033705949783325195,0.0,0.0,0.615603024,0.393887593,0.239145591,0.2280430793762207,0.376457433,0.22171543100000002,0.043701966,9626,156,156,0,4085,0,1599,680,3106,4620,0,0,3,4804,4698,106,3106,1592,0,1780,106,1209,4663,,733,0,
201,INFEASIBLE,certified_no_adversarial_example,feasibility,false,false,false,false,,,,0.771160516,0.036889076232910156,0.0,0.0,0.722156054,0.34196294699999996,0.228355054,0.21648168563842773,0.49380100000000005,0.3801931070000001,0.047553841,9626,179,179,0,4140,0,1586,714,3007,5033,0,0,3,4804,4685,119,3007,1678,0,1811,123,1270,4769,,766,0,
202,INFEASIBLE,certified_no_adversarial_example,feasibility,false,false,false,false,,,,0.748045854,0.03239893913269043,0.0,0.0,0.701879955,0.479540206,0.34186848500000006,0.3270235061645508,0.36001146999999994,0.22233974899999998,0.044790691,9626,240,240,0,4080,0,1553,675,3078,6955,0,0,3,4804,4656,148,3078,1578,0,1867,150,1382,4966,,622,0,
203,INFEASIBLE,certified_no_adversarial_example,feasibility,false,false,false,false,,,,0.53942517,0.018863916397094727,0.0,0.0,0.510115096,0.272884561,0.16779679100000003,0.15821194648742676,0.34231830500000004,0.23723053500000002,0.02786149,9626,144,144,0,3987,0,1605,636,3254,2982,0,0,3,4804,4723,81,3254,1469,0,1734,84,1116,4500,,470,0,
204,INFEASIBLE,certified_no_adversarial_example,feasibility,false,false,false,false,,,,0.578540702,0.03981137275695801,0.0,0.0,0.527289007,0.332879697,0.21654818799999997,0.2048180103302002,0.31074081900000006,0.19440931000000006,0.049805486,9626,200,200,0,3974,0,1576,623,3253,3597,0,0,3,4804,4699,105,3253,1446,0,1783,109,1214,4671,,683,0,
205,INFEASIBLE,certified_no_adversarial_example,feasibility,false,false,false,false,,,,0.531285888,0.020215511322021484,0.0,0.0,0.500747589,0.29383704099999997,0.194007021,0.18360519409179688,0.30674056800000005,0.20691054800000008,0.029076335,9626,159,159,0,3975,0,1595,631,3266,3802,0,0,3,4804,4723,81,3266,1457,0,1733,83,1114,4497,,495,0,
206,INFEASIBLE,certified_no_adversarial_example,feasibility,false,false,false,false,,,,0.618064997,0.02308964729309082,0.0,0.0,0.582941265,0.37707121200000004,0.24643983900000002,0.23415064811706543,0.336501426,0.20587005299999994,0.033673743,9626,189,189,0,4015,0,1580,663,3179,5608,0,0,3,4804,4690,114,3179,1511,0,1802,119,1252,4737,,478,0,
207,INFEASIBLE,certified_no_adversarial_example,feasibility,false,false,false,false,,,,0.593726183,0.02019524574279785,0.0,0.0,0.562041407,0.33981702,0.240626744,0.22891712188720703,0.32141466300000004,0.22222438700000002,0.030398305,9626,178,178,0,4053,0,1587,671,3137,5631,0,0,3,4804,4691,113,3137,1554,0,1797,115,1242,4721,,483,0,
208,INFEASIBLE,certified_no_adversarial_example,feasibility,false,false,false,false,,,,0.798080417,0.04728960990905762,0.0,0.0,0.737487665,0.507539106,0.365761819,0.3509676456451416,0.37172584599999997,0.229948559,0.059274432,9626,256,256,0,4057,0,1544,678,3091,7334,0,0,3,4804,4653,151,3091,1562,0,1875,155,1398,4993,,750,0,
209,INFEASIBLE,certified_no_adversarial_example,feasibility,false,false,false,false,,,,0.792917429,0.023721694946289062,0.0,0.0,0.755655352,0.47886958999999996,0.343971526,0.32973504066467285,0.411683826,0.27678576200000005,0.03582102,9626,239,239,0,4044,0,1556,670,3117,6750,0,0,3,4804,4657,147,3117,1540,0,1867,151,1382,4965,,510,0,
210,INFEASIBLE,certified_no_adversarial_example,feasibility,false,false,false,false,,,,0.626668238,0.029265165328979492,0.0,0.0,0.587187982,0.39549583699999996,0.143180214,0.13340449333190918,0.44400776799999997,0.19169214500000004,0.038087087,9626,128,128,0,4053,0,1612,680,3153,2775,0,0,3,4804,4721,83,3153,1568,0,1737,85,1122,4511,,810,0,
211,INFEASIBLE,certified_no_adversarial_example,feasibility,false,false,false,false,,,,0.597222112,0.0348358154296875,0.0,0.0,0.549649502,0.344565359,0.22800541500000002,0.21620512008666992,0.3216440869999999,0.20508414299999994,0.046112759,9626,189,189,0,4030,0,1578,655,3174,5332,0,0,3,4804,4693,111,3174,1519,0,1793,113,1234,4707,,764,0,
212,OPTIMAL,adversarial_example_found_or_best_known,feasibility,true,true,true,true,6.217248937900877e-15,-9.898794871720511;-13.33043996707254;-13.063146465271195;0.7972916027073307;-7.1802784966822735;0.7972916027073245;-14.324579852134825;-8.915364109026061;-3.4445017232662734;-0.9018260927359005,0.0;0.0;0.0;0.1;0.1;0.1;0.1;0.0;0.1;0.0;0.1;0.0;0.0;0.1;0.1;0.0;0.0;0.0;0.0;0.1;0.1;0.0;0.0;0.1;0.1;0.0;0.0;0.1;0.0;0.0;0.0;0.0;0.0;0.0;0.1;0.1;0.1;0.0;0.1;0.0;0.1;0.1;0.1;0.1;0.1;0.1;0.1;0.1;0.1;0.0;0.0;0.0;0.0;0.0;0.1;0.0;0.0;0.0;0.0;0.1;0.1;0.0;0.1;0.1;0.1;0.0;0.0;0.0;0.0;0.1;0.1;0.0;0.0;0.1;0.1;0.1;0.1;0.1;0.0;0.1;0.1;0.0;0.0;0.0;0.0;0.1;0.1;0.1;0.0;0.0;0.1;0.0;0.0;0.1;0.0;0.0;0.0;0.0;0.1;0.0;0.0;0.0;0.1;0.0;0.1;0.1;0.0;0.1;0.0;0.1;0.0;0.1;0.0;0.1;0.1;0.1;0.1;0.0;0.0;0.1;0.1;0.1;0.1;0.0;0.0;0.0;0.0;0.0;0.0;0.1;0.1;0.1;0.1;0.1;0.1;0.0;0.0;0.1;0.1;0.1;0.0;0.0;0.1;0.0;0.1;0.1;0.1;0.1;0.0;0.1;0.0;0.0;0.0;0.1;0.0;0.1;0.0;0.1;0.0;0.0;0.1;0.0;0.0;0.0;0.0;0.0;0.1;0.1;0.0;0.1;0.1;0.0;0.1;0.1;0.1;0.1;0.1;0.1;0.1;0.0;0.0;0.1;0.1;0.1;0.0;0.0;0.0;0.1;0.1;0.1;0.2019607843137255;0.04117647058823529;0.11960784313725491;0.1;0.1;0.1;0.0;0.1;0.1;0.0;0.1;0.0;0.1;0.1;0.0;0.1;0.0;0.0;0.0;0.1;0.1;0.1;0.0;0.0;0.0;0.1;0.0;0.0;0.46862745098039216;0.8490196078431372;0.6294117647058823;0.11568627450980393;0.1;0.1;0.1;0.1;0.1;0.0;0.0;0.0;0.1;0.1;0.1;0.1;0.1;0.0;0.03725490196078432;0.18235294117647058;0.10442487787725453;0.0;0.0;0.0;0.0;0.0;0.0;0.1;0.0;0.1;0.9941176470588236;0.515686274509804;0.0;0.1;0.0;0.1;0.0;0.0;0.1;0.1;0.1;0.1;0.1;0.1;0.1;0.6019607843137255;0.892239278406649;0.8921568627450981;0.7784313725490196;0.6019607843137255;0.0;0.1;0.0;0.1;0.0;0.1;0.0;0.1;0.7588235294117647;0.7901960784313725;0.1;0.0;0.0;0.1;0.1;0.0;0.0;0.1;0.1;0.1;0.1;0.1;0.4019607843137255;0.8803921568627451;0.49215686274509807;0.4764705882352941;0.5431372549019609;0.8921568627450981;0.6647058823529411;0.0;0.0;0.1;0.0;0.1;0.1;0.1;0.5392156862745098;0.896078431372549;0.0;0.1;0.1;0.0;0.1;0.0;0.1;0.1;0.1;0.1;0.06190991260296955;0.1784313725490196;1.0;0.7942871515729961;0.12352941176470589;0.1;0.10568421000616303;0.5901960784313726;0.8882352941176471;0.6843137254901961;0.0;0.1;0.0;0.0;0.0;0.27254901960784317;0.8631036119446532;0.6294117647058823;0.0;0.1;0.0;0.1;0.1;0.0;0.0;0.1;0.1;0.1;0.09701597732517865;0.8647058823529411;0.896078431372549;0.0;0.0;0.1;0.09742861232248896;0.0;0.40588235294117647;0.8921568627450981;0.292156862745098;0.10392156862745099;0.1;0.0;0.0;0.707843137254902;1.0;0.3666666666666667;0.1;0.0;0.1;0.1;0.1;0.0;0.0;0.1;0.1;0.1;0.4019607843137255;1.0;0.4254901960784314;0.0;0.1;0.1;0.1;0.1;0.21372549019607845;0.7;1.0;0.19803921568627453;0.0;0.009803921568627444;0.692156862745098;1.0;0.20980392156862746;0.0;0.0;0.1;0.1;0.1;0.1;0.0;0.0;0.1;0.09983112957685854;0.307843137254902;0.7980392156862746;0.7039215686274509;0.3470588235294119;0.4019607843137255;0.11176470588235295;0.1;0.1;0.0;0.0;0.21372549019607845;1.0;0.7196078431372549;0.13529411764705881;0.6294117647058823;1.0;0.5549019607843138;0.0;0.0;0.0;0.1;0.1;0.1;0.1;0.0;0.1;0.0;0.0;0.5461276609661788;0.7313725490196079;0.10371700660721177;0.4758400603592736;1.0;0.14313725490196078;0.1;0.1;0.1;0.1;0.1;0.307843137254902;1.0;1.0;1.0;0.5549019607843138;0.12640273530315796;0.0;0.0;0.0;0.1;0.0;0.1;0.1;0.0;0.0;0.1;0.1588235294117647;1.0;0.29607843137254897;0.005882352941176464;0.9784313725490196;0.7431372549019608;0.10784313725490197;0.1;0.1;0.1;0.1;0.1;0.0;0.05686274509803921;0.5313725490196078;0.42156862745098045;0.14705882352941177;0.1;0.0642114171026703;0.0;0.0;0.1;0.1;0.1;0.0;0.0;0.1;0.1;0.3784313725490196;1.0;0.102955054131083;0.38627450980392153;1.0;0.4725490196078431;0.1;0.1;0.1;0.0;0.1;0.1;0.0;0.0;0.1;0.1;0.0;0.0;0.0;0.0;0.0;0.0;0.1;0.1;0.1;0.0;0.0;0.1;1.0;0.7313725490196079;0.0;0.6529411764705882;0.7156862745098039;0.0;0.0;0.1;0.1;0.1;0.1;0.1;0.1;0.1;0.1;0.1;0.1;0.0;0.0;0.0;0.0;0.1;0.06320860245965276;0.0;0.1;0.0;0.1;0.1;0.8882352941176471;0.24509803921568626;0.16666666666666666;1.0;0.4764705882352941;0.0;0.1;0.1;0.1;0.0;0.1;0.0;0.0;0.0;0.1;0.0;0.0693578028639905;0.1;0.0;0.0;0.1;0.0;0.0;0.1;0.1;0.0;0.0;0.0;1.0;0.5705882352941176;0.7823529411764706;0.6254901960784314;0.0;0.0;0.1;0.1;0.1;0.0;0.0;0.1;0.1;0.1;0.1;0.1;0.1;0.1;0.0;0.0;0.0;0.0;0.1;0.1;0.1;0.0;0.1;0.1;0.9;0.8921568627450981;0.7196078431372549;0.08823529411764705;0.1;0.0;0.1;0.0;0.0;0.0;0.0;0.1;0.0;0.1;0.1;0.1;0.1;0.1;0.0;0.1;0.1;0.0;0.0;0.1;0.1;0.0;0.0;0.0;0.7470588235294118;0.8294117647058823;0.0989600101928142;0.0;0.0;0.0;0.1;0.1;0.1;0.0;0.0;0.1;0.1;0.1;0.1;0.1;0.1;0.0;0.1;0.1;0.1;0.0;0.1;0.0;0.1;0.0;0.1;0.1;0.10524838567446716;0.10391430980270165;0.1;0.0;0.0;0.1;0.0;0.0;0.0;0.0;0.1;0.0;0.1;0.0;0.1;0.1;0.1;0.0;0.0;0.1;0.0;0.0;0.0;0.0;0.1;0.1;0.1;0.1;0.1;0.1;0.1;0.0;0.0;0.1;0.1;0.0;0.0;0.0;0.0;0.1;0.1;0.0;0.1;0.1;0.1;0.0;0.0;0.1;0.1;0.0;0.1;0.1;0.1;0.1;0.1;0.1;0.04512396814090676;0.1;0.1;0.0;0.1;0.1;0.0;0.1;0.0;0.0;0.1;0.0;0.1;0.0;0.1;0.0;0.0;0.0;0.0;0.1;0.0;0.0;0.0;0.1;0.1;0.1;0.1;0.1;0.1;0.1;0.1;0.0;0.0;0.1;0.1;0.1;0.0;0.1;0.1;0.1;0.1;0.0;0.0;0.1;0.1;0.0;0.0;0.1;0.1;0.0;0.0;0.1;0.1;0.1;0.1;0.1;0.1;0.1;0.0;0.0;0.1;0.0;0.1;0.0;0.0;0.0;0.1;0.0;0.0;0.1;0.1;0.1;0.1;0.0;0.1;0.1;0.1;0.1,59.063041238,58.26254677772522,0.0,0.0,0.785355134,0.523130259,0.38391217200000005,0.36975646018981934,0.40144296199999996,0.262224875,58.274573315,9626,234,234,0,4035,0,1557,653,3147,8285,0,0,3,4804,4654,150,3147,1507,0,1872,153,1392,4983,1354,792037,,0.0
213,INFEASIBLE,certified_no_adversarial_example,feasibility,false,false,false,false,,,,0.755463656,0.03372526168823242,0.0,0.0,0.708809692,0.461919025,0.33833278699999997,0.3253614902496338,0.370476905,0.246890667,0.045203584,9626,214,214,0,4057,0,1570,658,3127,6032,0,0,3,4804,4673,131,3127,1546,0,1836,136,1320,4856,,603,0,
214,INFEASIBLE,certified_no_adversarial_example,feasibility,false,false,false,false,,,,0.644930375,0.02751946449279785,0.0,0.0,0.60541505,0.400772637,0.277515203,0.2645406723022461,0.32789984699999997,0.20464241299999997,0.03818239,9626,179,179,0,4014,0,1583,649,3201,5845,0,0,3,4804,4696,108,3201,1495,0,1787,110,1222,4686,,592,0,
215,INFEASIBLE,certified_no_adversarial_example,feasibility,false,false,false,false,,,,0.576249911,0.022138595581054688,0.0,0.0,0.543441474,0.335322793,0.20703914799999995,0.19572687149047852,0.33640232600000003,0.20811868099999997,0.031505614,9626,163,163,0,4050,0,1593,672,3148,4131,0,0,3,4804,4709,95,3148,1561,0,1761,97,1170,4595,,511,0,
216,INFEASIBLE,certified_no_adversarial_example,feasibility,false,false,false,false,,,,0.602849183,0.021895647048950195,0.0,0.0,0.569140684,0.34076806800000004,0.23182368700000008,0.21994757652282715,0.33731699699999984,0.22837261599999992,0.03226634,9626,180,180,0,4074,0,1584,690,3098,5218,0,0,3,4804,4690,114,3098,1592,0,1800,117,1248,4731,,524,0,
217,INFEASIBLE,certified_no_adversarial_example,feasibility,false,false,false,false,,,,0.67706529,0.023112773895263672,0.0,0.0,0.641388321,0.41096980699999996,0.29354862600000003,0.2804570198059082,0.34783969499999995,0.23041851400000002,0.034299857,9626,208,208,0,4051,0,1569,669,3129,5957,0,0,3,4804,4674,130,3129,1545,0,1832,133,1312,4843,,484,0,
218,INFEASIBLE,certified_no_adversarial_example,feasibility,false,false,false,false,,,,0.568819902,0.026863574981689453,0.0,0.0,0.530571145,0.32269981600000003,0.201874997,0.19028854370117188,0.328696148,0.207871329,0.03690708,9626,176,176,0,4044,0,1588,679,3139,3693,0,0,3,4804,4701,103,3139,1562,0,1774,103,1197,4642,,641,0,
219,INFEASIBLE,certified_no_adversarial_example,feasibility,false,false,false,false,,,,0.761800597,0.028035879135131836,0.0,0.0,0.720345649,0.484852544,0.352061875,0.3383045196533203,0.36828377399999995,0.23549310499999998,0.040017223,9626,226,226,0,4031,0,1562,651,3156,7034,0,0,3,4804,4663,141,3156,1507,0,1855,145,1358,4923,,492,0,
220,INFEASIBLE,certified_no_adversarial_example,feasibility,false,false,false,false,,,,0.759624149,0.032456159591674805,0.0,0.0,0.713867099,0.494499641,0.30082109000000007,0.2863643169403076,0.41304600899999994,0.21936745800000002,0.044457174,9626,216,216,0,4059,0,1568,681,3102,6575,0,0,3,4804,4658,146,3102,1556,0,1864,149,1376,4955,,649,0,
221,INFEASIBLE,certified_no_adversarial_example,feasibility,false,false,false,false,,,,0.61306199,0.01397848129272461,0.0,0.0,0.588588072,0.39278087300000003,0.143809415,0.13438916206359863,0.44477865699999997,0.19580719899999993,0.023024963,9626,130,130,0,4042,0,1612,674,3168,2734,0,0,3,4804,4716,88,3168,1548,0,1744,88,1137,4537,,433,0,
222,INFEASIBLE,certified_no_adversarial_example,feasibility,false,false,false,false,,,,0.734976213,0.04019808769226074,0.0,0.0,0.682378789,0.46634052300000006,0.312383127,0.2977268695831299,0.36999566200000006,0.21603826599999998,0.051150057,9626,235,235,0,4075,0,1555,675,3086,6989,0,0,3,4804,4669,135,3086,1583,0,1841,137,1330,4875,,740,0,
223,INFEASIBLE,certified_no_adversarial_example,feasibility,false,false,false,false,,,,0.627359854,0.03249025344848633,0.0,0.0,0.582841023,0.35564636899999996,0.242365355,0.2304081916809082,0.34047566799999995,0.227194654,0.043240104,9626,186,186,0,4139,0,1583,707,3011,4967,0,0,3,4804,4678,126,3011,1667,0,1820,126,1289,4803,,703,0,
224,INFEASIBLE,certified_no_adversarial_example,feasibility,false,false,false,false,,,,0.625476,0.02226543426513672,0.0,0.0,0.591975659,0.385068325,0.25171274400000004,0.240203857421875,0.340262915,0.20690733400000005,0.032147442,9626,177,177,0,4040,0,1587,666,3156,5357,0,0,3,4804,4692,112,3156,1536,0,1792,112,1233,4705,,516,0,
225,INFEASIBLE,certified_no_adversarial_example,feasibility,false,false,false,false,,,,0.519169079,0.025452613830566406,0.0,0.0,0.482981912,0.301351497,0.178839553,0.16831183433532715,0.304142359,0.181630415,0.034783297,9626,163,163,0,3970,0,1594,624,3275,3940,0,0,3,4804,4712,92,3275,1437,0,1755,94,1158,4574,,591,0,
226,INFEASIBLE,certified_no_adversarial_example,feasibility,false,false,false,false,,,,0.739284692,0.05379986763000488,0.0,0.0,0.673059849,0.43725105900000005,0.306818303,0.29393720626831055,0.36624154600000003,0.23580879,0.064790901,9626,196,196,0,4069,0,1577,703,3081,5926,0,0,3,4804,4681,123,3081,1600,0,1817,125,1282,4791,,1037,0,
227,INFEASIBLE,certified_no_adversarial_example,feasibility,false,false,false,false,,,,0.690754424,0.0410158634185791,0.0,0.0,0.63724403,0.398740794,0.280879932,0.26848483085632324,0.35636409799999996,0.23850323599999995,0.0520787,9626,200,200,0,4085,0,1575,683,3083,5533,0,0,3,4804,4681,123,3083,1598,0,1821,129,1290,4803,,729,0,
228,INFEASIBLE,certified_no_adversarial_example,feasibility,false,false,false,false,,,,0.733722155,0.0584416389465332,0.0,0.0,0.617294891,0.41573073299999996,0.27738242999999996,0.26459550857543945,0.33991246100000005,0.20156415800000005,0.114944971,9626,218,218,0,3993,0,1566,639,3210,5499,0,0,3,4804,4685,119,3210,1475,0,1812,124,1272,4772,,956,0,
229,INFEASIBLE,certified_no_adversarial_example,feasibility,false,false,false,false,,,,0.632510381,0.011817455291748047,0.0,0.0,0.611369018,0.19897311499999998,0.11360944,0.10474801063537598,0.497759578,0.412395903,0.019682272,9626,115,115,0,3981,0,1617,642,3271,2218,0,0,3,4804,4744,60,3271,1473,0,1688,60,1025,4341,,418,0,
230,INFEASIBLE,certified_no_adversarial_example,feasibility,false,false,false,false,,,,0.663248319,0.025221824645996094,0.0,0.0,0.625459777,0.42544424,0.30746557,0.2953164577484131,0.317994207,0.20001553700000002,0.036288105,9626,206,206,0,3988,0,1574,635,3223,5675,0,0,3,4804,4687,117,3223,1464,0,1802,117,1253,4740,,543,0,
231,INFEASIBLE,certified_no_adversarial_example,feasibility,false,false,false,false,,,,0.634796008,0.018782854080200195,0.0,0.0,0.604737373,0.405779703,0.27432273199999996,0.2627604007720947,0.330414641,0.19895766999999998,0.028632572,9626,179,179,0,4037,0,1585,658,3167,5482,0,0,3,4804,4695,109,3167,1528,0,1786,109,1221,4684,,460,0,
232,INFEASIBLE,certified_no_adversarial_example,feasibility,false,false,false,false,,,,0.705549951,0.024444580078125,0.0,0.0,0.668210744,0.45255992899999997,0.31583481700000005,0.30199503898620605,0.352375927,0.21565081500000005,0.036067192,9626,231,231,0,4026,0,1555,640,3174,7297,0,0,3,4804,4661,143,3174,1487,0,1858,146,1364,4934,,480,0,
233,INFEASIBLE,certified_no_adversarial_example,feasibility,false,false,false,false,,,,1.377345781,0.7017624378204346,,0.0,0.663339675,0.447864379,0.314697984,0.30149340629577637,0.34864169100000003,0.21547529600000004,0.712555196,9626,226,226,0,4070,0,1559,676,3095,5819,0,0,3,4804,4677,127,3095,1582,0,1825,129,1298,4819,,1327,0,
234,INFEASIBLE,certified_no_adversarial_example,feasibility,false,false,false,false,,,,0.672221044,0.04787302017211914,0.0,0.0,0.610924588,0.384552573,0.26813653400000004,0.2556428909301758,0.342788054,0.22637201500000004,0.059949966,9626,201,201,0,4083,0,1574,671,3097,5761,0,0,3,4804,4676,128,3097,1579,0,1829,132,1306,4832,,803,0,
235,INFEASIBLE,certified_no_adversarial_example,feasibility,false,false,false,false,,,,0.559794288,0.031691789627075195,0.0,0.0,0.517125356,0.32844530499999997,0.204346551,0.1932675838470459,0.312778805,0.18868005100000002,0.041239925,9626,169,169,0,4007,0,1589,643,3218,4500,0,0,3,4804,4707,97,3218,1489,0,1765,99,1178,4609,,694,0,
236,INFEASIBLE,certified_no_adversarial_example,feasibility,false,false,false,false,,,,0.669518167,0.030019521713256836,0.0,0.0,0.626851689,0.40943357,0.29060481099999996,0.27721118927001953,0.336246878,0.21741811899999997,0.041244627,9626,227,227,0,4029,0,1562,669,3139,6277,0,0,3,4804,4667,137,3139,1528,0,1845,139,1338,4889,,578,0,
237,INFEASIBLE,certified_no_adversarial_example,feasibility,false,false,false,false,,,,0.451166692,0.013459920883178711,0.0,0.0,0.428178657,0.23372872899999997,0.132309913,0.12291359901428223,0.295868744,0.19444992800000005,0.021683722,9626,136,136,0,4029,0,1608,684,3169,2014,0,0,3,4804,4735,69,3169,1566,0,1706,69,1061,4404,,497,0,
238,INFEASIBLE,certified_no_adversarial_example,feasibility,false,false,false,false,,,,0.568795999,0.020066499710083008,0.0,0.0,0.53780838,0.295922054,0.186531748,0.17530512809753418,0.351276632,0.24188632599999998,0.029534007,9626,167,167,0,4030,0,1591,665,3173,3976,0,0,3,4804,4705,99,3173,1532,0,1766,99,1181,4614,,562,0,
239,INFEASIBLE,certified_no_adversarial_example,feasibility,false,false,false,false,,,,0.804933417,0.029802799224853516,0.0,0.0,0.763301062,0.5617573570000001,0.282377318,0.2689354419708252,0.48092374400000004,0.20154370499999996,0.040187608,9626,201,201,0,4049,0,1572,658,3146,5455,0,0,3,4804,4688,116,3146,1542,0,1800,116,1249,4733,,616,0,
240,INFEASIBLE,certified_no_adversarial_example,feasibility,false,false,false,false,,,,0.569695205,0.029747486114501953,0.0,0.0,0.528556931,0.32846902899999997,0.21723273099999998,0.20645737648010254,0.31132420000000005,0.20008790200000004,0.039753528,9626,172,172,0,3985,0,1589,638,3242,4427,0,0,3,4804,4711,93,3242,1469,0,1759,97,1166,4587,,579,0,
241,INFEASIBLE,certified_no_adversarial_example,feasibility,false,false,false,false,,,,0.780044587,0.031609296798706055,0.0,0.0,0.735382571,0.495314855,0.370647505,0.35690999031066895,0.36473506600000005,0.24006771600000004,0.043265325,9626,229,229,0,4055,0,1558,675,3109,7250,0,0,3,4804,4664,140,3109,1555,0,1852,143,1352,4913,,578,0,
242,OPTIMAL,adversarial_example_found_or_best_known,feasibility,true,true,true,true,1.709743457922741e-14,-8.514704400919673;-23.623040832443124;-7.883285554172648;-3.620043326768643;-10.614421250825664;-3.216634830843944;-9.32517640372027;-14.799764508462765;-0.4246455482918903;-0.42464554829190737,0.0;0.1;0.1;0.0;0.0;0.0;0.0;0.1;0.1;0.0;0.0;0.1;0.0;0.0;0.0;0.1;0.1;0.1;0.1;0.0;0.0;0.0;0.0;0.1;0.0;0.0;0.0;0.0;0.1;0.1;0.1;0.0;0.0;0.0;0.0;0.0;0.0;0.0;0.1;0.1;0.1;0.0;0.0;0.0;0.0;0.0;0.0;0.1;0.0;0.0;0.0;0.1;0.1;0.1;0.1;0.1;0.0;0.1;0.1;0.0;0.0;0.1;0.1;0.0;0.0;0.0;0.0;0.1;0.1;0.0;0.0;0.1;0.1;0.0;0.0;0.1;0.1;0.0;0.0;0.0;0.0;0.1;0.1;0.1;0.0;0.1;0.0;0.1;0.1;0.1;0.1;0.1;0.0;0.0;0.1;0.1;0.1;0.0;0.0;0.1;0.0;0.1;0.0;0.1;0.0;0.0;0.0;0.0;0.0;0.0;0.0;0.1;0.0;0.1;0.1;0.1;0.1;0.1;0.1;0.1;0.0;0.0;0.0;0.1;0.1;0.0;0.0;0.1;0.1;0.0;0.0;0.1;0.1;0.0;0.0;0.0;0.0;0.0;0.0;0.1;0.1;0.1;0.1;0.1;0.0;0.1;0.1;0.1;0.0;0.0;0.1;0.1;0.1;0.1;0.0;0.1;0.0;0.0;0.1;0.0;0.1;0.0;0.1;0.1;0.08877902151914545;0.1;0.0;0.0;0.0;0.1;0.1;0.0;0.0;0.1;0.1;0.1;0.1;0.0;0.0;0.0;0.1;0.0;0.0;0.1;0.1;0.0;0.0;0.0;0.1;0.0;0.1;0.1;0.1;0.1;0.1;0.0;0.0;0.1;0.1;0.0;0.0;0.1;0.0;0.1;0.24509803921568626;0.6634069778228711;0.48431372549019613;0.48431372549019613;0.48431372549019613;0.48431372549019613;0.20622980417350945;0.1;0.0;0.0;0.1;0.10346860866969133;0.11176470588235295;0.1;0.1;0.0;0.1;0.1;0.1;0.0;0.0;0.1;0.1;0.0;0.0;0.0;0.09893324318333858;0.5;0.9352941176470588;0.8921568627450981;0.8921568627450981;1.0;0.8921568627450981;0.8921568627450981;0.7980392156862746;0.5784313725490197;0.10314776130140262;0.0;0.1;0.7509803921568627;0.3666666666666667;0.17450980392156862;0.1;0.0;0.1;0.1;0.1;0.0;0.0;0.1;0.0;0.0;0.0;0.0;0.45399500602029613;0.8921568627450981;0.8921568627450981;1.0;0.4372549019607843;0.5004630024634857;0.8945880112686362;1.0;0.8921568627450981;0.8921568627450981;0.2671366144710463;0.0;0.1;0.5611670535689741;1.0;0.799718989483285;0.1643259168473359;0.0;0.1;0.1;0.1;0.0;0.0;0.1;0.1;0.1;0.0;0.2019607843137255;0.9392156862745098;0.8921568627450981;0.9431372549019608;0.23333333333333334;0.09856865722587116;0.1;0.0;0.14313725490196078;0.9196078431372549;1.0;0.6019607843137255;0.0;0.0;0.22549019607843138;0.49215686274509807;1.0;0.7431372549019608;0.21372549019607845;0.1;0.1;0.1;0.0;0.0;0.0;0.0;0.1;0.0;0.4695440167030262;1.0;1.0;0.22941176470588237;0.1;0.0;0.0;0.1;0.0;0.41884139536721465;1.0;0.8215535662320429;0.19411764705882353;0.1;0.0;0.10517996294990015;0.9352941176470588;0.8921568627450981;0.6299467846042899;0.10111036418901485;0.1;0.1;0.0;0.1;0.1;0.1;0.0;0.09790339983864654;0.9588235294117646;1.0;0.4725490196078431;0.09863958656748043;0.1;0.1;0.0;0.0;0.1;0.34705882352941175;1.0;0.8019607843137254;0.1;0.1;0.0;0.09382714003336852;0.515686274509804;1.0;1.0;0.10025016685947984;0.1;0.1;0.0;0.0;0.1;0.0;0.1;0.1;0.8960784313725491;0.9327040036896229;0.5352941176470588;0.0;0.1;0.0;0.0;0.1;0.1;0.34705882352941175;1.0;0.8664551810736786;0.18195021308353262;0.1;0.1;0.1;0.2224306598796172;0.8764705882352941;0.8921568627450981;0.48039215686274506;0.1;0.018712567588905056;0.1;0.1;0.0;0.0;0.0;0.09871078883888772;0.8960784313725491;0.8921568627450981;0.33529411764705885;0.0;0.1;0.1;0.0;0.0;0.1;0.4764705882352941;1.0;0.8137254901960784;0.2411764705882353;0.0;0.0;0.0;0.1;1.0;0.8921568627450981;0.6058823529411764;0.1;0.1;0.0;0.1;0.1;0.002237329912293447;0.1;0.1;0.6423409212128207;0.8921568627450981;0.6256017134478447;0.0;0.0;0.0;0.1;0.0;0.0;0.8294117647058823;0.8921568627450981;0.6019607843137255;0.1;0.1;0.1;0.1;0.0;0.8633739975587466;0.8921568627450981;0.8686292511119148;0.1;0.0;0.0;0.1;0.1;0.0;0.0;0.0;0.2568627450980392;0.8921568627450981;1.0;0.2333333333333333;0.0;0.0;0.0;0.0;0.0;0.8294117647058823;1.0;0.20980392156862746;0.0;0.0;0.0;0.1;0.1;0.8254901960784314;0.8921568627450981;0.8529411764705882;0.1;0.1;0.0;0.1;0.0;0.1;0.0;0.1;0.10349970344554522;0.8875079282619484;0.8921568627450981;0.8755928455160932;0.796099178594196;0.8528644781100169;0.40588235294117647;0.5745098039215687;0.7928995815126327;0.8593968489493891;1.0;0.5066345014176608;0.24509803921568626;0.2872156660479387;0.3623865936982783;0.24509803921568626;0.4753007529625527;0.8803921568627451;0.8921568627450981;0.4882352941176471;0.1;0.1;0.1;0.0;0.0;0.1;0.0;0.0;0.1;0.18682719389277802;0.7549019607843137;0.8921568627450981;0.8921568627450981;0.8921568627450981;0.8921568627450981;0.8921568627450981;1.0;1.0;1.0;1.0;1.0;0.8921568627450981;0.8921568627450981;0.8921568627450981;1.0;0.8921568627450981;0.9235294117647058;0.09582776386893521;0.0;0.1;0.0;0.1;0.1;0.1;0.1;0.1;0.1;0.1;0.11176470588235295;0.10683689315328403;0.10377255820763728;0.10590900376219262;0.43080603649950155;0.7039215686274509;0.6158352111467578;0.5980392156862745;0.8921568627450981;1.0;0.8921568627450981;0.8921568627450981;1.0;1.0;0.7981337806738942;0.4542667642217269;0.12718910418557658;0.1;0.0;0.1;0.0;0.1;0.1;0.1;0.0;0.0;0.1;0.1;0.1;0.0;0.0;0.1;0.0;0.1;0.1;0.12352941176470589;0.19411764705882353;0.09449504733442075;0.15098039215686274;0.35496850695135856;0.0;0.0999876400846702;0.15490196078431373;0.0996288443398426;0.0;0.0;0.0;0.0;0.0;0.0;0.1;0.1;0.0;0.1;0.1;0.1;0.1;0.1;0.1;0.1;0.0;0.0;0.1;0.1;0.1;0.0;0.0;0.0;0.0;0.1;0.1;0.0;0.1;0.0;0.0;0.1;0.0;0.1;0.1;0.1;0.0;0.0;0.1;0.1;0.1;0.1;0.0;0.0;0.0;0.0;0.1;0.1;0.0;0.0;0.0;0.0;0.1;0.0;0.1;0.1;0.1;0.1;0.1;0.1;0.0;0.1;0.1;0.1;0.0;0.1;0.0;0.1;0.0;0.1;0.0;0.1;0.0;0.0;0.1;0.0;0.0;0.0;0.1;0.0;0.0;0.0;0.0;0.1;0.0;0.1;0.0;0.0;0.0;0.0;0.1;0.1;0.0;0.0;0.0;0.0;0.1;0.1;0.1;0.1;0.0;0.0;0.1;0.1;0.0;0.0;0.0;0.0;0.1;0.0;0.1;0.1;0.1;0.1;0.0;0.0;0.0;0.1;0.1;0.03488686899997679;0.1;0.0;0.1;0.1;0.0;0.1;0.0;0.059798693668615635;0.0;0.1;0.1;0.0;0.1;0.0;0.0;0.0;0.0;0.0;0.0;0.1;0.1;0.1;0.1;0.0;0.1;0.0;0.1;0.1;0.1;0.1;0.0;0.0;0.1;0.1;0.1;0.1;0.1;0.1;0.1;0.1;0.0;0.0;0.0;0.0;0.0;0.0;0.1;0.1;0.1;0.1;0.0;0.1;0.0;0.1;0.0;0.1;0.1;0.0;0.1;0.1;0.1;0.0;0.1;0.0;0.1;0.0;0.0;0.1;0.1;0.0;0.1;0.0;0.1;0.1;0.1;0.1;0.0;0.0;0.0;0.0;0.0,6.944760219,6.2416253089904785,0.0,0.0,0.688130187,0.46947620500000004,0.32578082900000005,0.31139183044433594,0.3623493579999999,0.2186539819999999,6.253544211,9626,240,240,0,4084,0,1554,679,3069,6639,0,0,3,4804,4649,155,3069,1580,0,1882,158,1412,5018,1,48027,,0.0
243,INFEASIBLE,certified_no_adversarial_example,feasibility,false,false,false,false,,,,0.634123078,0.03912615776062012,0.0,0.0,0.583527528,0.372888294,0.245056818,0.23291540145874023,0.33847070999999995,0.21063923399999995,0.049171864,9626,189,189,0,4088,0,1578,682,3089,5431,0,0,3,4804,4687,117,3089,1598,0,1805,119,1258,4749,,812,0,
244,INFEASIBLE,certified_no_adversarial_example,feasibility,false,false,false,false,,,,0.749146143,0.04950451850891113,0.0,0.0,0.68651693,0.4727155340000001,0.349200942,0.3233480453491211,0.337315988,0.21380139599999992,0.061141914,9626,215,215,0,4036,0,1568,665,3142,6601,0,0,3,4804,4666,138,3142,1524,0,1849,142,1346,4902,,732,0,
245,INFEASIBLE,certified_no_adversarial_example,feasibility,false,false,false,false,,,,0.541970108,0.029509305953979492,0.0,0.0,0.501829041,0.296959177,0.17827670500000004,0.16782188415527344,0.323552336,0.204869864,0.038758934,9626,153,153,0,4015,0,1600,656,3202,3712,0,0,3,4804,4711,93,3202,1509,0,1757,95,1162,4581,,721,0,
246,INFEASIBLE,certified_no_adversarial_example,feasibility,false,false,false,false,,,,28.466413557,27.606882095336914,,0.0,0.843908888,0.60730352,0.45738081399999997,0.44077301025390625,0.386528074,0.23660536799999998,27.621043524,9626,292,292,0,4040,0,1529,661,3104,8894,0,0,3,4804,4622,182,3104,1518,0,1938,187,1524,5213,,1739,0,
247,INFEASIBLE,certified_no_adversarial_example,feasibility,false,false,false,false,,,,0.748712954,0.0261538028717041,0.0,0.0,0.709312614,0.45652875,0.334068341,0.3198423385620117,0.375244273,0.252783864,0.037961882,9626,245,245,0,4090,0,1553,703,3035,5551,0,0,3,4804,4662,142,3035,1627,0,1855,144,1358,4924,,549,0,
248,SKIPPED_PREDICTED_IN_TARGETED,adversarial_example_found_or_best_known,feasibility,true,true,true,true,3.292735486053167,-3.1983125677117146;-7.862744704439692;0.9794937564112143;-6.607636350202855;-0.6142769453788455;-7.99250481794685;2.6784585406743213;-8.92205058273872;-3.3271914533305935;-12.715222537470826,0.0;0.0;0.0;0.0;0.0;0.0;0.0;0.0;0.0;0.0;0.0;0.0;0.0;0.0;0.0;0.0;0.0;0.0;0.0;0.0;0.0;0.0;0.0;0.0;0.0;0.0;0.0;0.0;0.0;0.0;0.0;0.0;0.0;0.0;0.0;0.0;0.0;0.0;0.0;0.0;0.0;0.0;0.0;0.0;0.0;0.0;0.0;0.0;0.0;0.0;0.0;0.0;0.0;0.0;0.0;0.0;0.0;0.0;0.0;0.0;0.0;0.0;0.0;0.0;0.0;0.0;0.0;0.0;0.0;0.0;0.0;0.0;0.0;0.0;0.0;0.0;0.0;0.0;0.0;0.0;0.0;0.0;0.0;0.0;0.0;0.0;0.0;0.0;0.0;0.0;0.0;0.0;0.0;0.0;0.0;0.0;0.0;0.0;0.0;0.0;0.0;0.0;0.0;0.0;0.0;0.0;0.0;0.0;0.0;0.0;0.0;0.0;0.0;0.0;0.0;0.0;0.0;0.0;0.0;0.0;0.0;0.0;0.0;0.0;0.0;0.0;0.0;0.0;0.0;0.0;0.0;0.0;0.0;0.0;0.0;0.0;0.0;0.0;0.0;0.0;0.0;0.0;0.0;0.0;0.0;0.0;0.0;0.0;0.0;0.0;0.0;0.0;0.0;0.0;0.0;0.0;0.0;0.0;0.0;0.0;0.07450980392156863;0.09411764705882353;0.0;0.0;0.0;0.0;0.0;0.0;0.0;0.0;0.0;0.0;0.0;0.0;0.0;0.0;0.0;0.0;0.0;0.0;0.0;0.0;0.0;0.0;0.0;0.0196078431372549;0.16470588235294117;0.6274509803921569;0.8823529411764706;0.9137254901960784;0.0;0.0;0.0;0.0;0.0;0.0;0.0;0.0;0.0;0.0;0.0;0.0;0.0;0.0;0.0;0.0;0.0;0.0;0.0;0.0;0.0;0.0;0.058823529411764705;0.6078431372549019;0.996078431372549;0.996078431372549;0.996078431372549;0.996078431372549;0.0;0.0;0.0;0.0;0.0;0.0;0.0;0.0;0.0;0.0;0.0;0.0;0.0;0.0;0.0;0.0;0.0;0.0;0.0;0.0;0.0;0.058823529411764705;0.6078431372549019;0.996078431372549;0.996078431372549;0.996078431372549;0.9725490196078431;0.2627450980392157;0.0;0.0;0.0;0.0;0.0;0.0;0.0;0.0;0.0;0.0;0.0;0.0;0.0;0.0;0.0;0.0;0.0;0.0;0.0;0.0;0.0196078431372549;0.7450980392156863;0.996078431372549;0.996078431372549;0.996078431372549;0.8666666666666667;0.21568627450980393;0.0;0.0;0.0;0.0;0.0;0.0;0.0;0.0;0.0;0.0;0.0;0.0;0.0;0.0;0.0;0.0;0.0;0.0;0.0;0.0;0.0;0.30196078431372547;0.996078431372549;0.996078431372549;0.996078431372549;0.6352941176470588;0.12156862745098039;0.0;0.0;0.0;0.0;0.0;0.0;0.0;0.0;0.0;0.0;0.0;0.0;0.0;0.0;0.0;0.0;0.0;0.0;0.0;0.0;0.0;0.17254901960784313;0.8941176470588236;0.996078431372549;0.9529411764705882;0.4470588235294118;0.011764705882352941;0.0;0.0;0.0;0.0;0.0;0.0;0.0;0.0;0.0;0.0;0.0;0.0;0.0;0.0;0.0;0.0;0.0;0.0;0.0;0.0;0.043137254901960784;0.48627450980392156;0.8862745098039215;0.996078431372549;0.996078431372549;0.4980392156862745;0.0;0.0;0.0;0.0;0.0;0.0;0.0;0.0;0.0;0.0;0.0;0.0;0.0;0.0;0.0;0.0;0.0;0.0;0.0;0.0;0.08627450980392157;0.37254901960784315;0.7372549019607844;0.996078431372549;0.996078431372549;0.996078431372549;0.996078431372549;0.44313725490196076;0.03137254901960784;0.37254901960784315;0.4549019607843137;0.5607843137254902;0.09803921568627451;0.0;0.0;0.0;0.0;0.0;0.0;0.0;0.0;0.0;0.0;0.0;0.0;0.0;0.11764705882352941;0.3843137254901961;0.8470588235294118;0.996078431372549;0.996078431372549;0.7411764705882353;0.3568627450980392;0.0392156862745098;0.996078431372549;0.792156862745098;0.9294117647058824;1.0;0.996078431372549;0.9686274509803922;0.19215686274509805;0.0;0.0;0.0;0.0;0.0;0.0;0.0;0.0;0.0392156862745098;0.14901960784313725;0.14901960784313725;0.14901960784313725;0.5607843137254902;0.9333333333333333;0.996078431372549;0.9058823529411765;0.6666666666666666;0.20392156862745098;0.0;0.0784313725490196;0.3176470588235294;0.996078431372549;0.996078431372549;0.996078431372549;0.996078431372549;0.6313725490196078;0.2901960784313726;0.0;0.0;0.0;0.0;0.0;0.0;0.0;0.0;0.0;0.6980392156862745;0.996078431372549;0.996078431372549;0.996078431372549;0.9725490196078431;0.9294117647058824;0.4666666666666667;0.09019607843137255;0.0;0.01568627450980392;0.27450980392156865;0.8509803921568627;0.996078431372549;0.996078431372549;0.996078431372549;0.9921568627450981;0.7098039215686275;0.00784313725490196;0.0;0.0;0.0;0.0;0.0;0.0;0.0;0.0;0.0;0.0;0.5647058823529412;0.9607843137254902;0.8745098039215686;0.5882352941176471;0.14901960784313725;0.0;0.0;0.0;0.03529411764705882;0.6941176470588235;0.996078431372549;0.996078431372549;0.996078431372549;0.996078431372549;0.996078431372549;0.8117647058823529;0.0;0.0;0.0;0.0;0.0;0.0;0.0;0.0;0.0;0.0;0.0;0.0;0.0;0.06666666666666667;0.043137254901960784;0.0;0.0;0.0;0.0;0.0;0.050980392156862744;0.7843137254901961;0.996078431372549;0.8980392156862745;0.8862745098039215;0.996078431372549;0.996078431372549;0.5490196078431373;0.0;0.0;0.0;0.0;0.0;0.0;0.0;0.0;0.0;0.0;0.0;0.0;0.0;0.0;0.0;0.0;0.0;0.0;0.0;0.0;0.0;0.07058823529411765;0.1843137254901961;0.09019607843137255;0.10588235294117647;0.996078431372549;0.996078431372549;0.25098039215686274;0.0;0.0;0.0;0.0;0.0;0.0;0.0;0.0;0.0;0.0;0.0;0.0;0.0;0.0;0.0;0.0;0.0;0.0;0.0;0.0;0.0;0.0;0.0;0.0;0.027450980392156862;0.8823529411764706;0.8627450980392157;0.054901960784313725;0.0;0.0;0.0;0.0;0.0;0.0;0.0;0.0;0.0;0.0;0.0;0.0;0.0;0.0;0.0;0.0;0.0;0.0;0.0;0.0;0.0;0.0;0.0;0.0;0.0;0.27058823529411763;0.4666666666666667;0.0;0.0;0.0;0.0;0.0;0.0;0.0;0.0;0.0;0.0;0.0;0.0;0.0;0.0;0.0;0.0;0.0;0.0;0.0;0.0;0.0;0.0;0.0;0.0;0.0;0.0;0.0;0.0;0.0;0.0;0.0;0.0;0.0;0.0;0.0;0.0;0.0;0.0;0.0;0.0;0.0;0.0;0.0;0.0;0.0;0.0;0.0;0.0;0.0;0.0;0.0;0.0;0.0;0.0;0.0;0.0;0.0;0.0;0.0;0.0;0.0;0.0;0.0;0.0;0.0;0.0;0.0;0.0;0.0;0.0;0.0;0.0;0.0;0.0;0.0;0.0;0.0;0.0;0.0;0.0;0.0;0.0;0.0;0.0;0.0;0.0;0.0;0.0;0.0;0.0;0.0;0.0;0.0;0.0;0.0;0.0;0.0;0.0;0.0;0.0;0.0;0.0;0.0;0.0;0.0;0.0;0.0;0.0;0.0;0.0;0.0;0.0;0.0;0.0;0.0;0.0;0.0;0.0;0.0;0.0;0.0;0.0;0.0;0.0;0.0;0.0;0.0;0.0;0.0;0.0;0.0;0.0;0.0;0.0;0.0;0.0;0.0;0.0;0.0;0.0;0.0;0.0;0.0;0.0;0.0;0.0;0.0;0.0;0.0;0.0;0.0;0.0;0.0;0.0;0.0;0.0;0.0;0.0;0.0;0.0;0.0;0.0;0.0;0.0;0.0;0.0;0.0;0.0;0.0;0.0;0.0;0.0;0.0;0.0;0.0;0.0;0.0;0.0;0.0,0.002570647,0.0,0.0,0.0,,,,,,,,,,,,,,,,,,,,,,,,,,,,,,,,,,
249,INFEASIBLE,certified_no_adversarial_example,feasibility,false,false,false,false,,,,0.766079075,0.019292354583740234,0.0,0.0,0.734889717,0.31929779599999997,0.21784115100000004,0.20579767227172852,0.517048566,0.4155919210000001,0.029730975,9626,190,190,0,4070,0,1580,672,3114,4158,0,0,3,4804,4689,115,3114,1575,0,1798,115,1245,4726,,545,0,
250,INFEASIBLE,certified_no_adversarial_example,feasibility,false,false,false,false,,,,0.607455419,0.023287057876586914,0.0,0.0,0.572897648,0.339710288,0.23414889800000005,0.22191166877746582,0.33874874999999993,0.23318735999999995,0.03310064,9626,204,204,0,4019,0,1570,647,3186,4598,0,0,3,4804,4699,105,3186,1513,0,1781,107,1210,4665,,536,0,
251,INFEASIBLE,certified_no_adversarial_example,feasibility,false,false,false,false,,,,0.616793835,0.029708385467529297,0.0,0.0,0.575651499,0.36866401400000004,0.23830889300000002,0.2256603240966797,0.337342606,0.20698748499999997,0.039703254,9626,186,186,0,4070,0,1582,672,3116,4297,0,0,3,4804,4696,108,3116,1580,0,1784,108,1217,4677,,650,0,
252,INFEASIBLE,certified_no_adversarial_example,feasibility,false,false,false,false,,,,0.488165734,0.019428253173828125,0.0,0.0,0.458394124,0.258781068,0.161049108,0.15134310722351074,0.297345016,0.199613056,0.028331276,9626,154,154,0,3972,0,1598,641,3261,2760,0,0,3,4804,4723,81,3261,1462,0,1734,84,1116,4500,,474,0,
253,INFEASIBLE,certified_no_adversarial_example,feasibility,false,false,false,false,,,,0.533090948,0.018911123275756836,0.0,0.0,0.503445214,0.29657123,0.19395976799999998,0.18303918838500977,0.309485446,0.20687398399999996,0.028280844,9626,159,159,0,4057,0,1593,667,3150,4122,0,0,3,4804,4707,97,3150,1557,0,1762,97,1173,4600,,532,0,
254,INFEASIBLE,certified_no_adversarial_example,feasibility,false,false,false,false,,,,0.652649775,0.029015064239501953,0.0,0.0,0.611485469,0.387540548,0.26336655900000006,0.25074291229248047,0.34811890999999995,0.22394492100000002,0.039857424,9626,197,197,0,4031,0,1577,661,3160,5716,0,0,3,4804,4681,123,3160,1521,0,1818,126,1284,4794,,603,0,
255,INFEASIBLE,certified_no_adversarial_example,feasibility,false,false,false,false,,,,0.606325726,0.02629828453063965,0.0,0.0,0.568679832,0.36126877300000004,0.24180455000000003,0.2299809455871582,0.32687528200000004,0.207411059,0.036301069,9626,192,192,0,4015,0,1578,647,3194,5088,0,0,3,4804,4694,110,3194,1500,0,1791,112,1230,4700,,633,0,
256,INFEASIBLE,certified_no_adversarial_example,feasibility,false,false,false,false,,,,0.547544882,0.019607067108154297,0.0,0.0,0.513870124,0.320918197,0.20089793900000003,0.19067955017089844,0.31297218499999996,0.19295192699999997,0.032255669,9626,149,149,0,4012,0,1602,645,3218,3615,0,0,3,4804,4715,89,3218,1497,0,1749,91,1146,4553,,370,0,
257,INFEASIBLE,certified_no_adversarial_example,feasibility,false,false,false,false,,,,0.805776146,0.05813193321228027,0.0,0.0,0.734587554,0.46342731299999995,0.33969573599999997,0.3259849548339844,0.394891818,0.271160241,0.069864944,9626,215,215,0,4054,0,1565,669,3123,6993,0,0,3,4804,4673,131,3123,1550,0,1834,134,1316,4850,,1067,0,
258,INFEASIBLE,certified_no_adversarial_example,feasibility,false,false,false,false,,,,0.859372658,0.044371604919433594,0.0,0.0,0.802425805,0.43807203100000003,0.3223574350000001,0.309859037399292,0.48006836999999997,0.364353774,0.055490659,9626,219,219,0,4043,0,1565,632,3167,5806,0,0,3,4804,4679,125,3167,1512,0,1823,129,1294,4811,,770,0,
259,INFEASIBLE,certified_no_adversarial_example,feasibility,false,false,false,false,,,,0.622039975,0.02150130271911621,0.0,0.0,0.589258537,0.37959635599999997,0.23889850799999995,0.22650384902954102,0.350360029,0.209662181,0.031384701,9626,175,175,0,4073,0,1587,693,3098,4767,0,0,3,4804,4696,108,3098,1598,0,1784,108,1217,4677,,550,0,
260,SKIPPED_PREDICTED_IN_TARGETED,adversarial_example_found_or_best_known,feasibility,true,true,true,true,0.3002934737537224,7.290348228500029;-22.067922446375803;-9.379877940571268;-10.70022477442401;-11.486169259765942;-0.017832851115525017;6.990054754746307;-12.66962458555858;-4.756892198159106;-11.750407480686617,0.0;0.0;0.0;0.0;0.0;0.0;0.0;0.0;0.0;0.0;0.0;0.0;0.0;0.0;0.0;0.0;0.0;0.0;0.0;0.0;0.0;0.0;0.0;0.0;0.0;0.0;0.0;0.0;0.0;0.0;0.0;0.0;0.0;0.0;0.0;0.0;0.0;0.0;0.0;0.0;0.0;0.0;0.0;0.0;0.0;0.0;0.0;0.0;0.0;0.0;0.0;0.0;0.0;0.0;0.0;0.0;0.0;0.0;0.0;0.0;0.0;0.0;0.0;0.0;0.0;0.0;0.0;0.0;0.0;0.0;0.0;0.0;0.0;0.0;0.0;0.0;0.0;0.0;0.0;0.0;0.0;0.0;0.0;0.0;0.0;0.0;0.0;0.0;0.0;0.0;0.0;0.0;0.0;0.0;0.0;0.0;0.0;0.0;0.0;0.0;0.0;0.0;0.0;0.0;0.0;0.0;0.0;0.0;0.0;0.0;0.0;0.0;0.0;0.0;0.0;0.0;0.0;0.0;0.0;0.0;0.0;0.0;0.0;0.0;0.0;0.0;0.0;0.0;0.0;0.0;0.0;0.0;0.0;0.0;0.0;0.0;0.0;0.0;0.0;0.0;0.0;0.0;0.0;0.0;0.0;0.0;0.0;0.0;0.0;0.0;0.0;0.0;0.0;0.0;0.0;0.0;0.0;0.0;0.0;0.0;0.0;0.0;0.0;0.0;0.0;0.0;0.0;0.0;0.0;0.0;0.0;0.0;0.0;0.0;0.0;0.0;0.0;0.0;0.0;0.0;0.0;0.0;0.0;0.0;0.0;0.0;0.0;0.0;0.0;0.0;0.0;0.0;0.0;0.0;0.0;0.0;0.0;0.0;0.0;0.0;0.0;0.0;0.0;0.0;0.0;0.0;0.0;0.37254901960784315;0.4627450980392157;0.4627450980392157;0.4627450980392157;0.4627450980392157;0.4627450980392157;0.4627450980392157;0.17647058823529413;0.0;0.0;0.0;0.0;0.0;0.0;0.0;0.0;0.0;0.0;0.0;0.0;0.0;0.0;0.0;0.0;0.0;0.3843137254901961;0.4392156862745098;0.8588235294117647;0.984313725490196;0.9921568627450981;0.9921568627450981;0.9921568627450981;0.9921568627450981;0.9921568627450981;0.9921568627450981;0.9647058823529412;0.6431372549019608;0.19215686274509805;0.0;0.0;0.0;0.0;0.0;0.0;0.0;0.0;0.0;0.0;0.0;0.0;0.0;0.5882352941176471;0.9215686274509803;0.984313725490196;0.9921568627450981;0.9921568627450981;0.9921568627450981;0.9921568627450981;0.9921568627450981;0.9921568627450981;0.9921568627450981;0.9921568627450981;0.9921568627450981;0.9921568627450981;0.9921568627450981;0.6392156862745098;0.0;0.0;0.0;0.0;0.0;0.0;0.0;0.0;0.0;0.0;0.0;0.611764705882353;0.8941176470588236;0.984313725490196;0.9921568627450981;0.6549019607843137;0.4392156862745098;0.09803921568627451;0.5490196078431373;0.9921568627450981;0.9921568627450981;0.9137254901960784;0.2549019607843137;0.09803921568627451;0.09803921568627451;0.4549019607843137;0.9921568627450981;0.9607843137254902;0.17647058823529413;0.0;0.0;0.0;0.0;0.0;0.0;0.0;0.0;0.0;0.17647058823529413;0.9803921568627451;0.9921568627450981;0.8431372549019608;0.17647058823529413;0.01568627450980392;0.0;0.2980392156862745;0.8666666666666667;0.9921568627450981;0.9098039215686274;0.5019607843137255;0.0;0.0;0.0;0.06666666666666667;0.8470588235294118;0.9921568627450981;0.6392156862745098;0.0;0.0;0.0;0.0;0.0;0.0;0.0;0.0;0.0;0.9215686274509803;0.9921568627450981;0.8470588235294118;0.12549019607843137;0.0;0.0;0.28627450980392155;0.9686274509803922;0.9921568627450981;0.9058823529411765;0.24705882352941178;0.0;0.0;0.0;0.0;0.0;0.4196078431372549;0.9921568627450981;0.9764705882352941;0.16470588235294117;0.0;0.0;0.0;0.0;0.0;0.0;0.0;0.0;1.0;0.8509803921568627;0.12549019607843137;0.0;0.0;0.0;0.7529411764705882;0.9921568627450981;0.7607843137254902;0.13333333333333333;0.0;0.0;0.0;0.0;0.0;0.0;0.01568627450980392;0.6392156862745098;0.9921568627450981;0.6392156862745098;0.0;0.0;0.0;0.0;0.0;0.0;0.0;0.0;0.20392156862745098;0.10980392156862745;0.0;0.0;0.0;0.10196078431372549;0.8862745098039215;0.9921568627450981;0.3058823529411765;0.0;0.0;0.0;0.0;0.0;0.0;0.0;0.0;0.5607843137254902;0.9921568627450981;0.9921568627450981;0.0;0.0;0.0;0.0;0.0;0.0;0.0;0.0;0.0;0.0;0.0;0.0;0.0;0.3607843137254902;0.9921568627450981;0.9921568627450981;0.2;0.0;0.0;0.0;0.0;0.0;0.0;0.0;0.0;0.5607843137254902;0.9921568627450981;0.9921568627450981;0.0;0.0;0.0;0.0;0.0;0.0;0.0;0.0;0.0;0.0;0.0;0.0;0.0;0.3607843137254902;0.9921568627450981;0.9921568627450981;0.2;0.0;0.0;0.0;0.0;0.0;0.0;0.0;0.0;0.5607843137254902;0.9921568627450981;0.9921568627450981;0.0;0.0;0.0;0.0;0.0;0.0;0.0;0.0;0.0;0.0;0.0;0.0;0.0;0.10196078431372549;0.8862745098039215;0.9921568627450981;0.2;0.0;0.0;0.0;0.0;0.0;0.0;0.0;0.0;0.30196078431372547;0.9921568627450981;0.8862745098039215;0.0;0.0;0.0;0.0;0.0;0.0;0.0;0.0;0.0;0.0;0.0;0.0;0.0;0.0;0.8431372549019608;0.9921568627450981;0.2;0.0;0.0;0.0;0.0;0.0;0.0;0.0;0.01568627450980392;0.6392156862745098;0.9921568627450981;0.4823529411764706;0.0;0.0;0.0;0.0;0.0;0.0;0.0;0.0;0.0;0.0;0.0;0.0;0.0;0.0;0.7647058823529411;0.9921568627450981;0.5411764705882353;0.0;0.0;0.0;0.0;0.0;0.0;0.0;0.1568627450980392;0.9921568627450981;0.8980392156862745;0.1607843137254902;0.0;0.0;0.0;0.0;0.0;0.0;0.0;0.0;0.0;0.0;0.0;0.0;0.0;0.0;0.3333333333333333;0.9921568627450981;0.8941176470588236;0.24705882352941178;0.10196078431372549;0.0;0.0;0.0;0.0196078431372549;0.1843137254901961;0.8470588235294118;0.9215686274509803;0.4;0.0;0.0;0.0;0.0;0.0;0.0;0.0;0.0;0.0;0.0;0.0;0.0;0.0;0.0;0.0;0.12941176470588237;0.8313725490196079;0.9921568627450981;0.9921568627450981;0.9058823529411765;0.24705882352941178;0.10588235294117647;0.1843137254901961;0.6627450980392157;0.9921568627450981;0.9921568627450981;0.43137254901960786;0.0;0.0;0.0;0.0;0.0;0.0;0.0;0.0;0.0;0.0;0.0;0.0;0.0;0.0;0.0;0.0;0.0;0.12549019607843137;0.5490196078431373;0.9764705882352941;0.9921568627450981;0.9921568627450981;0.9921568627450981;0.9921568627450981;0.9921568627450981;0.9450980392156862;0.611764705882353;0.17647058823529413;0.0;0.0;0.0;0.0;0.0;0.0;0.0;0.0;0.0;0.0;0.0;0.0;0.0;0.0;0.0;0.0;0.0;0.0;0.0;0.3333333333333333;0.5490196078431373;0.9411764705882353;0.9411764705882353;0.9411764705882353;0.611764705882353;0.16470588235294117;0.0;0.0;0.0;0.0;0.0;0.0;0.0;0.0;0.0;0.0;0.0;0.0;0.0;0.0;0.0;0.0;0.0;0.0;0.0;0.0;0.0;0.0;0.0;0.0;0.0;0.0;0.0;0.0;0.0;0.0;0.0;0.0;0.0;0.0;0.0;0.0;0.0;0.0;0.0;0.0;0.0;0.0;0.0;0.0;0.0;0.0;0.0;0.0;0.0;0.0;0.0;0.0;0.0;0.0;0.0;0.0;0.0;0.0;0.0;0.0;0.0;0.0;0.0;0.0;0.0;0.0;0.0;0.0;0.0;0.0;0.0;0.0;0.0;0.0;0.0;0.0;0.0;0.0;0.0;0.0;0.0;0.0;0.0;0.0;0.0;0.0;0.0;0.0;0.0;0.0;0.0;0.0;0.0;0.0;0.0;0.0;0.0;0.0;0.0;0.0;0.0;0.0;0.0;0.0;0.0;0.0;0.0;0.0;0.0;0.0;0.0;0.0;0.0;0.0;0.0;0.0;0.0;0.0;0.0;0.0;0.0,0.002360612,0.0,0.0,0.0,,,,,,,,,,,,,,,,,,,,,,,,,,,,,,,,,,
261,INFEASIBLE,certified_no_adversarial_example,feasibility,false,false,false,false,,,,0.83983134,0.04260969161987305,0.0,0.0,0.783081352,0.5436009869999999,0.4082745989999999,0.39305782318115234,0.37480675300000005,0.23948036500000003,0.055407043,9626,270,270,0,4075,0,1540,682,3059,8158,0,0,3,4804,4634,170,3059,1575,0,1913,174,1474,5126,,637,0,
262,INFEASIBLE,certified_no_adversarial_example,feasibility,false,false,false,false,,,,0.750117151,0.028748750686645508,0.0,0.0,0.708958393,0.49019816899999996,0.359260342,0.345656156539917,0.34969805099999995,0.218760224,0.039768879,9626,231,231,0,4023,0,1559,657,3156,6455,0,0,3,4804,4672,132,3156,1516,0,1835,134,1318,4854,,574,0,
263,INFEASIBLE,certified_no_adversarial_example,feasibility,false,false,false,false,,,,0.551035544,0.022537946701049805,0.0,0.0,0.515512387,0.309847669,0.21035793700000002,0.18790936470031738,0.30515444999999997,0.20566471800000002,0.034189241,9626,164,164,0,4034,0,1594,662,3172,3974,0,0,3,4804,4705,99,3172,1533,0,1769,101,1186,4623,,456,0,
264,INFEASIBLE,certified_no_adversarial_example,feasibility,false,false,false,false,,,,0.565623013,0.023168563842773438,0.0,0.0,0.531473312,0.329978643,0.20039821000000002,0.18963980674743652,0.331075102,0.20149466900000002,0.032842831,9626,162,162,0,4022,0,1595,651,3196,4085,0,0,3,4804,4703,101,3196,1507,0,1773,103,1194,4637,,501,0,
265,INFEASIBLE,certified_no_adversarial_example,feasibility,false,false,false,false,,,,0.65488575,0.11945462226867676,0.0,0.0,0.524865023,0.31900148400000006,0.20724564799999998,0.19609999656677246,0.31761937500000004,0.20586353899999998,0.128700907,9626,152,152,0,4020,0,1596,664,3194,4431,0,0,3,4804,4710,94,3194,1516,0,1759,96,1166,4588,,844,0,
266,INFEASIBLE,certified_no_adversarial_example,feasibility,false,false,false,false,,,,0.44151912,0.015258550643920898,0.0,0.0,0.416868336,0.225465905,0.12593140000000003,0.11694669723510742,0.290936936,0.191402431,0.023349432,9626,115,115,0,3997,0,1619,658,3237,2154,0,0,3,4804,4741,63,3237,1504,0,1694,63,1037,4362,,473,0,
267,INFEASIBLE,certified_no_adversarial_example,feasibility,false,false,false,false,,,,0.721857079,0.03433394432067871,0.0,0.0,0.674913196,0.411328513,0.29124373100000006,0.2777385711669922,0.38366946499999993,0.263584683,0.045509582,9626,227,227,0,4097,0,1560,677,3065,5546,0,0,3,4804,4672,132,3065,1607,0,1835,134,1318,4854,,656,0,
268,INFEASIBLE,certified_no_adversarial_example,feasibility,false,false,false,false,,,,0.604774889,0.018096446990966797,0.0,0.0,0.571873372,0.37948497800000003,0.131291554,0.12244057655334473,0.44058181799999996,0.19238839399999996,0.031529455,9626,116,116,0,4000,0,1619,648,3243,2311,0,0,3,4804,4734,70,3243,1491,0,1711,72,1070,4420,,413,0,
269,INFEASIBLE,certified_no_adversarial_example,feasibility,false,false,false,false,,,,0.918622836,0.03403759002685547,0.0,0.0,0.842279863,0.602974275,0.4467863149999999,0.430194616317749,0.39549354800000014,0.239305588,0.074401937,9626,282,282,0,4093,0,1529,686,3036,10081,0,0,3,4804,4618,186,3036,1582,0,1945,190,1538,5238,,563,0,
270,INFEASIBLE,certified_no_adversarial_example,feasibility,false,false,false,false,,,,0.837985672,0.05750274658203125,0.0,0.0,0.767058623,0.522133145,0.38966015200000004,0.3751835823059082,0.377398471,0.24492547800000009,0.069571482,9626,249,249,0,4058,0,1552,686,3081,7336,0,0,3,4804,4649,155,3081,1568,0,1883,159,1414,5021,,816,0,
271,INFEASIBLE,certified_no_adversarial_example,feasibility,false,false,false,false,,,,0.699335272,0.02647566795349121,0.0,0.0,0.661116651,0.437450866,0.32138658800000003,0.30826854705810547,0.339730063,0.22366578500000006,0.036839126,9626,207,207,0,4062,0,1569,674,3114,5761,0,0,3,4804,4683,121,3114,1569,0,1810,121,1269,4768,,564,0,
272,INFEASIBLE,certified_no_adversarial_example,feasibility,false,false,false,false,,,,0.691286308,0.03380179405212402,0.0,0.0,0.644735392,0.427111029,0.292204493,0.27880358695983887,0.35253089899999995,0.217624363,0.045114507,9626,229,229,0,4081,0,1561,678,3077,5806,0,0,3,4804,4666,138,3077,1589,0,1847,140,1342,4896,,675,0,
273,INFEASIBLE,certified_no_adversarial_example,feasibility,false,false,false,false,,,,0.644768963,0.03469729423522949,0.0,0.0,0.598697774,0.396390928,0.271508354,0.25946593284606934,0.32718942,0.20230684600000004,0.04464242,9626,204,204,0,3987,0,1572,625,3238,5395,0,0,3,4804,4703,101,3238,1465,0,1774,104,1196,4640,,653,0,
274,INFEASIBLE,certified_no_adversarial_example,feasibility,false,false,false,false,,,,0.606936517,0.02465224266052246,0.0,0.0,0.561671716,0.34689080299999997,0.234501618,0.22248530387878418,0.32717009799999996,0.21478091300000002,0.04394015,9626,189,189,0,4053,0,1581,664,3139,4990,0,0,3,4804,4685,119,3139,1546,0,1809,121,1266,4763,,546,0,
275,INFEASIBLE,certified_no_adversarial_example,feasibility,false,false,false,false,,,,0.711261763,0.03507518768310547,0.0,0.0,0.664013301,0.43716649399999996,0.316154033,0.2904016971588135,0.347859268,0.22684680700000004,0.045952388,9626,215,215,0,4080,0,1566,677,3088,6521,0,0,3,4804,4678,126,3088,1590,0,1824,129,1296,4815,,699,0,
276,INFEASIBLE,certified_no_adversarial_example,feasibility,false,false,false,false,,,,0.632437151,0.02797555923461914,0.0,0.0,0.592631824,0.382369827,0.259741338,0.24752426147460938,0.33289048600000004,0.21026199700000003,0.038366393,9626,197,197,0,4044,0,1578,675,3132,4864,0,0,3,4804,4686,118,3132,1554,0,1804,118,1257,4747,,610,0,
277,INFEASIBLE,certified_no_adversarial_example,feasibility,false,false,false,false,,,,0.50831831,0.019776344299316406,0.0,0.0,0.478205954,0.250307052,0.148597242,0.13925838470458984,0.32960871199999997,0.22789890200000001,0.02867447,9626,134,134,0,3989,0,1610,647,3246,2699,0,0,3,4804,4730,74,3246,1484,0,1719,76,1086,4448,,431,0,
278,INFEASIBLE,certified_no_adversarial_example,feasibility,false,false,false,false,,,,0.719477408,0.02599167823791504,0.0,0.0,0.681625677,0.46252175,0.20349226800000006,0.19231104850769043,0.4781334089999999,0.21910392699999998,0.036133921,9626,177,177,0,4077,0,1584,673,3115,3664,0,0,3,4804,4704,100,3115,1589,0,1774,105,1196,4639,,502,0,
279,INFEASIBLE,certified_no_adversarial_example,feasibility,false,false,false,false,,,,0.588098431,0.025905609130859375,0.0,0.0,0.550261288,0.338271099,0.21561232600000002,0.20438551902770996,0.33464896199999994,0.21199018899999994,0.035825142,9626,180,180,0,4053,0,1586,696,3111,3571,0,0,3,4804,4705,99,3111,1594,0,1766,99,1181,4614,,590,0,
280,INFEASIBLE,certified_no_adversarial_example,feasibility,false,false,false,false,,,,0.522437159,0.017930269241333008,0.0,0.0,0.49408377,0.308111433,0.158920224,0.1482679843902588,0.335163546,0.185972337,0.027014972,9626,143,143,0,3972,0,1603,637,3271,2624,0,0,3,4804,4725,79,3271,1454,0,1731,83,1110,4489,,444,0,
281,INFEASIBLE,certified_no_adversarial_example,feasibility,false,false,false,false,,,,0.586094813,0.022208690643310547,0.0,0.0,0.552547014,0.32516821399999996,0.20927715199999994,0.19760394096374512,0.343269862,0.2273788,0.032141681,9626,172,172,0,4057,0,1587,688,3122,4849,0,0,3,4804,4693,111,3122,1571,0,1794,114,1236,4710,,533,0,
282,INFEASIBLE,certified_no_adversarial_example,feasibility,false,false,false,false,,,,0.598988943,0.028928518295288086,0.0,0.0,0.559095084,0.35569862399999996,0.230948543,0.21904301643371582,0.32814654099999996,0.20339646,0.038539865,9626,185,185,0,4043,0,1578,662,3158,4344,0,0,3,4804,4710,94,3158,1552,0,1760,97,1168,4591,,624,0,
283,SKIPPED_PREDICTED_IN_TARGETED,adversarial_example_found_or_best_known,feasibility,true,true,true,true,0.22285015405848352,-7.516663392924261;-0.872521953938235;-0.853122840908195;0.5445518124805913;-8.307060967332022;-6.442983629958491;-13.568858899456988;0.32170165842210774;-1.3078431965389932;-2.188543257688663,0.0;0.0;0.0;0.0;0.0;0.0;0.0;0.0;0.0;0.0;0.0;0.0;0.0;0.0;0.0;0.0;0.0;0.0;0.0;0.0;0.0;0.0;0.0;0.0;0.0;0.0;0.0;0.0;0.0;0.0;0.0;0.0;0.0;0.0;0.0;0.0;0.0;0.0;0.0;0.0;0.0;0.0;0.0;0.0;0.0;0.0;0.0;0.0;0.0;0.0;0.0;0.0;0.0;0.0;0.0;0.0;0.0;0.0;0.0;0.0;0.0;0.0;0.0;0.0;0.0;0.0;0.0;0.0;0.0;0.0;0.0;0.0;0.0;0.0;0.0;0.0;0.0;0.0;0.0;0.0;0.0;0.0;0.0;0.0;0.0;0.0;0.0;0.0;0.0;0.0;0.0;0.0;0.0;0.0;0.0;0.0;0.0;0.0;0.0;0.0;0.0;0.0;0.0;0.0;0.0;0.0;0.0;0.0;0.0;0.0;0.0;0.0;0.0;0.0;0.0;0.0;0.0;0.0;0.0;0.0;0.0;0.0;0.0;0.0;0.0;0.0;0.0;0.0;0.0;0.0;0.0;0.0;0.0;0.0;0.0;0.0;0.0;0.0;0.0;0.0;0.0;0.0;0.0;0.0;0.0;0.0;0.0;0.0;0.0;0.0;0.0;0.0;0.0;0.0;0.0;0.0;0.0;0.0;0.0;0.0;0.0;0.0;0.0;0.0;0.0;0.0;0.0;0.0;0.0;0.0;0.0;0.0;0.0;0.0;0.0;0.0;0.0;0.0;0.0;0.0;0.0;0.0;0.0;0.0;0.0;0.0;0.0;0.0;0.0;0.0;0.0;0.0;0.0;0.0;0.0;0.0;0.0;0.0;0.0;0.0;0.0;0.0;0.0;0.0;0.0;0.0;0.0;0.0;0.0;0.0;0.0;0.0;0.0;0.0;0.0;0.0;0.0;0.0;0.0;0.0;0.0;0.0;0.0;0.0;0.0;0.0;0.0;0.0;0.0;0.0;0.0;0.0;0.0;0.0;0.0;0.0;0.0;0.0;0.0;0.0;0.0;0.0;0.0;0.0;0.0;0.0;0.0;0.0;0.0;0.0;0.0;0.0;0.0;0.0;0.0;0.0;0.0;0.0;0.0;0.0;0.403921568627451;0.8666666666666667;0.23137254901960785;0.0;0.0;0.0;0.0;0.0;0.0;0.0;0.12549019607843137;0.28627450980392155;0.0;0.0;0.0;0.0;0.0;0.0;0.0;0.0;0.0;0.0;0.0;0.0;0.0;0.0;0.0;0.03137254901960784;0.8274509803921568;0.9921568627450981;0.15294117647058825;0.0;0.0;0.0;0.0;0.0;0.0;0.0;0.5019607843137255;0.9921568627450981;0.20784313725490197;0.0;0.0;0.0;0.0;0.0;0.0;0.0;0.0;0.0;0.0;0.0;0.0;0.0;0.0;0.5019607843137255;0.9921568627450981;0.8901960784313725;0.0;0.0;0.0;0.0;0.0;0.0;0.0;0.023529411764705882;0.8117647058823529;0.9411764705882353;0.3058823529411765;0.0;0.0;0.0;0.0;0.0;0.0;0.0;0.0;0.0;0.0;0.0;0.0;0.0;0.19607843137254902;0.9607843137254902;0.9607843137254902;0.1607843137254902;0.0;0.0;0.0;0.0;0.0;0.0;0.0;0.16862745098039217;0.9921568627450981;0.6352941176470588;0.0;0.01568627450980392;0.07450980392156863;0.07450980392156863;0.047058823529411764;0.0;0.0;0.0;0.0;0.0;0.0;0.0;0.0;0.0;0.6941176470588235;0.9921568627450981;0.6627450980392157;0.0;0.0;0.0;0.0;0.0;0.0;0.0;0.0;0.5019607843137255;0.9921568627450981;0.7607843137254902;0.3607843137254902;0.7450980392156863;0.9921568627450981;0.9921568627450981;0.7607843137254902;0.0;0.0;0.0;0.0;0.0;0.0;0.0;0.0;0.0;0.9254901960784314;0.996078431372549;0.21176470588235294;0.0;0.0;0.0;0.1450980392156863;0.28627450980392155;0.28627450980392155;0.38823529411764707;0.7137254901960784;0.996078431372549;0.996078431372549;0.996078431372549;1.0;0.996078431372549;0.996078431372549;0.996078431372549;0.996078431372549;0.0;0.0;0.0;0.0;0.0;0.0;0.0;0.0;0.34509803921568627;0.9882352941176471;0.9411764705882353;0.3058823529411765;0.47058823529411764;0.9254901960784314;0.9215686274509803;0.9568627450980393;0.9921568627450981;0.9921568627450981;0.996078431372549;0.9921568627450981;0.9921568627450981;0.9921568627450981;0.9921568627450981;0.996078431372549;0.9921568627450981;0.9921568627450981;0.8235294117647058;0.4;0.0;0.0;0.0;0.0;0.0;0.0;0.0;0.0;0.6392156862745098;0.9921568627450981;0.9921568627450981;0.9921568627450981;0.9921568627450981;0.996078431372549;0.9921568627450981;0.9921568627450981;0.9921568627450981;0.9921568627450981;0.9019607843137255;0.8470588235294118;0.9725490196078431;0.9921568627450981;0.5058823529411764;0.1411764705882353;0.1411764705882353;0.1411764705882353;0.03137254901960784;0.0;0.0;0.0;0.0;0.0;0.0;0.0;0.0;0.0;0.7647058823529411;0.9921568627450981;0.9921568627450981;0.9921568627450981;0.9921568627450981;0.996078431372549;0.8745098039215686;0.38823529411764707;0.21176470588235294;0.21176470588235294;0.0784313725490196;0.0;0.4235294117647059;0.9607843137254902;0.1607843137254902;0.0;0.0;0.0;0.0;0.0;0.0;0.0;0.0;0.0;0.0;0.0;0.0;0.0;0.1843137254901961;0.5333333333333333;0.4627450980392157;0.6078431372549019;0.2823529411764706;0.2823529411764706;0.12156862745098039;0.0;0.0;0.0;0.0;0.0;0.043137254901960784;0.2627450980392157;0.0;0.0;0.0;0.0;0.0;0.0;0.0;0.0;0.0;0.0;0.0;0.0;0.0;0.0;0.0;0.0;0.0;0.0;0.0;0.0;0.0;0.0;0.0;0.0;0.0;0.0;0.0;0.0;0.0;0.0;0.0;0.0;0.0;0.0;0.0;0.0;0.0;0.0;0.0;0.0;0.0;0.0;0.0;0.0;0.0;0.0;0.0;0.0;0.0;0.0;0.0;0.0;0.0;0.0;0.0;0.0;0.0;0.0;0.0;0.0;0.0;0.0;0.0;0.0;0.0;0.0;0.0;0.0;0.0;0.0;0.0;0.0;0.0;0.0;0.0;0.0;0.0;0.0;0.0;0.0;0.0;0.0;0.0;0.0;0.0;0.0;0.0;0.0;0.0;0.0;0.0;0.0;0.0;0.0;0.0;0.0;0.0;0.0;0.0;0.0;0.0;0.0;0.0;0.0;0.0;0.0;0.0;0.0;0.0;0.0;0.0;0.0;0.0;0.0;0.0;0.0;0.0;0.0;0.0;0.0;0.0;0.0;0.0;0.0;0.0;0.0;0.0;0.0;0.0;0.0;0.0;0.0;0.0;0.0;0.0;0.0;0.0;0.0;0.0;0.0;0.0;0.0;0.0;0.0;0.0;0.0;0.0;0.0;0.0;0.0;0.0;0.0;0.0;0.0;0.0;0.0;0.0;0.0;0.0;0.0;0.0;0.0;0.0;0.0;0.0;0.0;0.0;0.0;0.0;0.0;0.0;0.0;0.0;0.0;0.0;0.0;0.0;0.0;0.0;0.0;0.0;0.0;0.0;0.0;0.0;0.0;0.0;0.0;0.0;0.0;0.0;0.0;0.0;0.0;0.0;0.0;0.0;0.0;0.0;0.0;0.0;0.0;0.0;0.0;0.0;0.0;0.0;0.0;0.0;0.0;0.0;0.0;0.0;0.0;0.0;0.0;0.0;0.0;0.0;0.0;0.0;0.0;0.0;0.0;0.0;0.0;0.0;0.0;0.0;0.0;0.0;0.0;0.0;0.0;0.0;0.0;0.0;0.0;0.0;0.0;0.0;0.0;0.0;0.0;0.0;0.0;0.0;0.0;0.0;0.0;0.0;0.0;0.0;0.0;0.0;0.0;0.0;0.0;0.0;0.0;0.0,0.002598774,0.0,0.0,0.0,,,,,,,,,,,,,,,,,,,,,,,,,,,,,,,,,,
284,INFEASIBLE,certified_no_adversarial_example,feasibility,false,false,false,false,,,,0.72451089,0.022958755493164062,0.0,0.0,0.68962163,0.465017451,0.34608974000000003,0.33295559883117676,0.34353188999999995,0.22460417899999996,0.033694596,9626,217,217,0,4014,0,1565,650,3180,6881,0,0,3,4804,4675,129,3180,1495,0,1826,129,1301,4824,,572,0,
285,INFEASIBLE,certified_no_adversarial_example,feasibility,false,false,false,false,,,,0.689905808,0.0256040096282959,0.0,0.0,0.651869589,0.43012373200000004,0.307218531,0.2924919128417969,0.344651058,0.221745857,0.036639888,9626,224,224,0,4050,0,1561,661,3130,6799,0,0,3,4804,4667,137,3130,1537,0,1846,140,1340,4892,,519,0,
286,INFEASIBLE,certified_no_adversarial_example,feasibility,false,false,false,false,,,,0.732931867,0.031548500061035156,0.0,0.0,0.688619789,0.46087193,0.3251840999999999,0.3109776973724365,0.36343568900000006,0.227747859,0.042950205,9626,240,240,0,4055,0,1552,663,3116,6594,0,0,3,4804,4664,140,3116,1548,0,1851,142,1350,4910,,610,0,
287,INFEASIBLE,certified_no_adversarial_example,feasibility,false,false,false,false,,,,0.56718257,0.0285952091217041,0.0,0.0,0.527251102,0.32350678000000005,0.21010954499999995,0.19868230819702148,0.3171415570000001,0.20374432199999998,0.038574283,9626,176,176,0,4042,0,1584,654,3170,4529,0,0,3,4804,4694,110,3170,1524,0,1791,112,1230,4700,,644,0,
288,INFEASIBLE,certified_no_adversarial_example,feasibility,false,false,false,false,,,,0.655871981,0.021320104598999023,0.0,0.0,0.62255427,0.361868452,0.24078785700000005,0.2281360626220703,0.3817664129999999,0.26068581799999996,0.032042114,9626,209,209,0,4056,0,1571,678,3112,4074,0,0,3,4804,4680,124,3112,1568,0,1819,126,1286,4798,,492,0,
289,INFEASIBLE,certified_no_adversarial_example,feasibility,false,false,false,false,,,,0.581494511,0.013986349105834961,0.0,0.0,0.558440723,0.350990398,0.113584404,0.10443687438964844,0.444856319,0.20745032500000005,0.021757851,9626,116,116,0,3990,0,1619,651,3250,1681,0,0,3,4804,4744,60,3250,1494,0,1688,60,1025,4341,,463,0,
290,INFEASIBLE,certified_no_adversarial_example,feasibility,false,false,false,false,,,,0.620982375,0.023986101150512695,0.0,0.0,0.584133911,0.380357982,0.2702989130000001,0.25786876678466797,0.3138349979999999,0.20377592900000002,0.035515531,9626,206,206,0,4025,0,1573,676,3146,5340,0,0,3,4804,4680,124,3146,1534,0,1819,126,1286,4798,,465,0,
291,OPTIMAL,adversarial_example_found_or_best_known,feasibility,true,true,true,true,2.0872192862952943e-14,-13.549148756735887;-19.99812606906189;-11.819771816756923;-8.652663617400158;1.0295779672801961;-1.8384418400159213;-1.872195554207801;-12.910812785606915;1.0295779672801753;-2.120396694723526,0.1;0.0;0.1;0.1;0.1;0.0;0.1;0.1;0.1;0.1;0.1;0.0;0.0;0.1;0.1;0.0;0.0;0.0;0.1;0.0;0.0;0.1;0.1;0.0;0.0;0.0;0.0;0.1;0.1;0.0;0.0;0.0;0.0;0.1;0.0;0.0;0.0;0.0;0.1;0.1;0.1;0.1;0.1;0.0;0.1;0.1;0.1;0.1;0.1;0.1;0.0;0.1;0.0;0.0;0.0;0.1;0.1;0.0;0.0;0.1;0.1;0.1;0.0;0.1;0.1;0.0;0.0;0.1;0.1;0.1;0.1;0.0;0.0;0.0;0.1;0.0;0.1;0.1;0.1;0.1;0.1;0.0;0.0;0.1;0.0;0.0;0.0;0.0;0.1;0.1;0.0;0.1;0.0;0.0;0.0;0.1;0.1;0.0;0.1;0.0;0.0;0.0;0.1;0.0;0.1;0.1;0.0;0.1;0.0;0.0;0.0;0.0;0.0;0.0;0.0;0.1;0.1;0.1;0.0;0.1;0.1;0.0;0.0;0.1;0.1;0.1;0.1;0.0;0.0;0.1;0.1;0.1;0.1;0.0;0.1;0.1;0.0;0.0;0.0;0.1;0.0;0.1;0.0;0.1;0.1;0.1;0.0;0.1;0.0;0.1;0.1;0.1;0.1;0.1;0.1;0.0;0.0;0.0;0.1;0.1;0.0;0.0;0.0;0.1;0.0;0.1;0.0;0.0;0.1;0.0;0.0;0.0;0.1;0.1;0.1;0.1;0.1;0.0;0.0;0.1;0.10135398373652114;0.5392156862745098;0.3392156862745098;0.3392156862745098;0.10391339919065254;0.1;0.1;0.0;0.0;0.0;0.0;0.0;0.0;0.0;0.0;0.0;0.1;0.0;0.1;0.0;0.1;0.1;0.1;0.0;0.0;0.0;0.04901960784313725;0.5189712722221559;0.8755487329522207;0.8921568627450981;0.8921568627450981;0.8921568627450981;0.3784313725490196;0.1;0.035324241378622404;0.1;0.0;0.0;0.1;0.0;0.0;0.0;0.0;0.0;0.0;0.0;0.0;0.0;0.0;0.1;0.1;0.1;0.09821641995753815;0.7470588235294118;1.0;1.0;0.9488235696757936;1.0;1.0;0.8921568627450981;0.4411764705882353;0.1;0.1;0.1;0.1;0.0;0.0;0.0;0.0;0.1;0.1;0.0;0.0;0.0;0.0;0.0;0.0;0.0;0.0;0.4647058823529412;1.0;1.0;0.8921568627450981;0.7862745098039216;0.7130320934648694;0.7787566347436645;0.8921568627450981;1.0;0.369370909496444;0.0;0.0;0.0;0.0;0.1;0.0;0.09708055059831501;0.05367545284718488;0.1;0.0;0.0;0.0;0.0;0.0;0.1;0.0;0.0;0.6607843137254902;0.884313725490196;1.0;0.7627450980392158;0.5784313725490197;0.12352941176470589;0.09312752066824913;0.6176470588235294;0.8921568627450981;0.696078431372549;0.09804437254649435;0.1;0.1;0.1;0.0;0.1;0.1;0.1;0.1;0.1;0.1;0.0;0.1;0.1;0.0;0.1;0.009449739952178588;0.9235294117647058;0.8882352941176471;1.0;0.8796931696628486;0.1044071699229514;0.1;0.1;0.21613217623843803;0.8568627450980393;0.8921568627450981;0.7906470292958725;0.1;0.0;0.1;0.0;0.1;0.0;0.1;0.0;0.1;0.1;0.1;0.0;0.0;0.1;0.0;0.1;0.09639244698304213;0.8960784313725491;1.0;0.6254901960784314;0.3196078431372549;0.0;0.0;0.0;0.3549019607843137;0.8921568627450981;1.0;1.0;0.692156862745098;0.8019607843137254;0.38235294117647056;0.38235294117647056;0.10301691013745808;0.1;0.1;0.1;0.1;0.1;0.1;0.0;0.1;0.1;0.0;0.1;0.0;0.6411764705882353;0.43359987024107643;0.10416230495041841;0.0;0.0;0.07931899641280529;0.292156862745098;1.0;1.0;0.925291787669798;0.8921568627450981;0.8921568627450981;1.0;1.0;1.0;0.8730386410304485;0.3786584582068729;0.1;0.1;0.08860293219399179;0.1;0.1;0.1;0.0;0.1;0.0;0.0;0.1;0.0;0.0;0.1;0.0;0.307843137254902;0.8411764705882353;1.0;1.0;0.8921568627450981;1.0;0.9196078431372549;0.3549019607843137;0.1549019607843137;0.1549019607843137;0.41764705882352937;0.8058823529411765;0.8725490196078431;0.6137254901960785;0.005882352941176464;0.1;0.1;0.1;0.0;0.0;0.0;0.0;0.1;0.0;0.1;0.1;0.1;0.42193367540862364;1.0;1.0;0.9830351162070078;0.8910451435803223;1.0;1.0;0.907843137254902;0.0;0.0;0.0;0.0;0.3901960784313725;1.0;0.8921568627450981;0.4647058823529412;0.10147509059280412;0.1;0.1;0.0;0.0;0.0;0.0;0.1;0.09773143047166985;0.0;0.09829468227341419;0.49607843137254903;0.8725490196078431;0.8921568627450981;1.0;0.48039215686274506;0.04901960784313725;0.7549019607843137;1.0;1.0;0.27254901960784317;0.1;0.0;0.1;0.094045635808553;0.13529411764705881;0.8921568627450981;0.8921568627450981;0.6030636677449616;0.1;0.1;0.0;0.0;0.0;0.0;0.1;0.1;0.1;0.1;0.8450980392156863;0.8921568627450981;0.483065896194885;0.27330926659462823;0.0;0.0;0.32774589345314586;0.8774651724040627;0.8921568627450981;0.8742569932705035;0.7666666666666666;0.4254901960784314;0.10227221981628905;0.1;0.10347366402636511;0.6725490196078432;0.8921568627450981;1.0;0.1;0.1;0.1;0.0;0.1;0.1;0.0;0.1;0.0;0.09708654764076138;1.0;0.8921568627450981;0.0;0.0;0.0;0.0;0.1;0.41625544654532204;0.9941176470588236;0.8921568627450981;0.8921568627450981;1.0;1.0;0.5392156862745098;0.7666666666666666;0.8921568627450981;0.8921568627450981;0.8921568627450981;0.1;0.1;0.0;0.1;0.0;0.1;0.1;0.08890596644213795;0.0;0.0;1.0;0.6372549019607844;0.1326210274522531;0.0;0.0;0.0;0.1;0.0;0.13353730630340263;0.502536963391794;0.7984913034347765;0.8790529721277636;0.8921568627450981;1.0;0.8921568627450981;1.0;0.9031235659119773;0.6034493505608373;0.1;0.1;0.0;0.1;0.0;0.0;0.1;0.0;0.1;0.0;0.7078431372549019;0.2814424228721043;0.1;0.1;0.0;0.0;0.1;0.1;0.0;0.0;0.0;0.37450980392156863;0.5078431372549019;0.307843137254902;0.5078431372549019;0.5078431372549019;0.307843137254902;0.30000000000000004;0.1;0.1;0.0;0.1;0.1;0.05389543843414565;0.0;0.06744943828631643;0.0;0.0;0.1;0.0;0.1;0.0;0.1;0.0;0.1;0.0;0.0;0.1;0.0;0.1;0.1;0.0;0.0;0.0;0.0;0.0;0.1;0.0;0.1;0.1;0.1;0.0;0.0;0.1;0.0;0.0;0.1;0.1;0.1;0.1;0.1;0.0;0.1;0.1;0.0;0.0;0.0;0.0;0.1;0.1;0.0;0.0;0.1;0.0;0.1;0.1;0.0;0.0;0.1;0.1;0.1;0.1;0.0;0.07022125812676636;0.0;0.1;0.1;0.1;0.1;0.0;0.1;0.1;0.0;0.1;0.0;0.06916068666930722;0.1;0.0;0.0;0.1;0.0;0.1;0.0;0.1;0.0;0.1;0.1;0.1;0.1;0.0;0.0;0.0;0.1;0.0;0.1;0.1;0.1;0.0;0.1;0.1;0.0;0.0;0.0;0.0;0.1;0.1;0.0;0.0;0.0;0.1;0.0;0.0;0.0;0.1;0.1;0.1;0.0;0.0;0.0;0.1;0.0;0.1;0.0;0.1;0.1;0.1;0.1;0.1;0.1;0.0;0.0;0.1;0.1;0.1;0.1;0.1;0.0;0.1;0.0;0.0;0.1;0.1;0.1;0.1;0.0;0.0;0.0;0.1;0.1;0.1;0.1;0.1;0.1;0.1;0.1;0.0;0.0;0.0;0.0;0.0;0.1;0.1;0.0;0.0;0.0;0.0;0.0;0.0;0.0;0.0;0.0;0.0;0.0;0.0;0.1;0.0;0.0;0.1;0.0;0.1;0.1;0.0;0.1;0.1;0.1;0.0;0.1;0.1;0.1;0.0;0.1;0.1;0.1;0.0;0.0;0.1;0.0,1.699517637,1.0561957359313965,0.0,0.0,0.630156028,0.379628045,0.25283951699999996,0.24075889587402344,0.3773165110000001,0.250527983,1.066461763,9626,185,185,0,4073,0,1581,695,3092,5942,0,0,3,4804,4689,115,3092,1597,0,1803,119,1254,4741,1,12776,,0.0
292,INFEASIBLE,certified_no_adversarial_example,feasibility,false,false,false,false,,,,0.740991004,0.0378415584564209,0.0,0.0,0.68993366,0.452174282,0.33103947899999997,0.316514253616333,0.35889418100000003,0.23775937800000002,0.049692947,9626,232,232,0,4075,0,1558,672,3089,6749,0,0,3,4804,4656,148,3089,1567,0,1868,151,1384,4969,,649,0,
293,INFEASIBLE,certified_no_adversarial_example,feasibility,false,false,false,false,,,,0.474336315,0.018418312072753906,0.0,0.0,0.444432247,0.236177754,0.14799013199999997,0.1382741928100586,0.29644211500000006,0.208254493,0.028316752,9626,138,138,0,4042,0,1607,692,3147,2688,0,0,3,4804,4724,80,3147,1577,0,1731,82,1110,4490,,482,0,
294,INFEASIBLE,certified_no_adversarial_example,feasibility,false,false,false,false,,,,0.585082044,0.021692514419555664,0.0,0.0,0.552609642,0.35202982299999996,0.22645396199999998,0.21465635299682617,0.32615567999999995,0.200579819,0.031104579,9626,169,169,0,4057,0,1592,675,3133,4614,0,0,3,4804,4703,101,3133,1570,0,1770,101,1189,4628,,586,0,
295,INFEASIBLE,certified_no_adversarial_example,feasibility,false,false,false,false,,,,0.780192242,0.034809112548828125,0.0,0.0,0.731977685,0.489335003,0.34917743799999995,0.3347451686859131,0.3828002470000001,0.24264268200000005,0.046751135,9626,245,245,0,4067,0,1551,681,3082,7142,0,0,3,4804,4652,152,3082,1570,0,1876,155,1400,4997,,634,0,
296,INFEASIBLE,certified_no_adversarial_example,feasibility,false,false,false,false,,,,0.704474285,0.03639984130859375,0.0,0.0,0.656003691,0.42455431899999996,0.29458552999999993,0.281949520111084,0.36141816100000007,0.23144937200000004,0.047074501,9626,218,218,0,4036,0,1567,671,3134,5243,0,0,3,4804,4678,126,3134,1544,0,1820,126,1289,4803,,699,0,
297,INFEASIBLE,certified_no_adversarial_example,feasibility,false,false,false,false,,,,0.691147799,0.020745277404785156,0.0,0.0,0.658113334,0.43547148500000005,0.30317038300000004,0.28910017013549805,0.354942951,0.222641849,0.031302534,9626,198,198,0,4116,0,1575,716,3021,5671,0,0,3,4804,4678,126,3021,1657,0,1823,128,1294,4812,,538,0,
298,INFEASIBLE,certified_no_adversarial_example,feasibility,false,false,false,false,,,,0.839131369,0.04544520378112793,0.0,0.0,0.779321314,0.538240101,0.390624734,0.3746304512023926,0.38869658000000007,0.24108121300000007,0.058410087,9626,283,283,0,4080,0,1533,687,3043,7495,0,0,3,4804,4631,173,3043,1588,0,1914,173,1477,5132,,761,0,
299,INFEASIBLE,certified_no_adversarial_example,feasibility,false,false,false,false,,,,0.777370673,0.02498936653137207,0.0,0.0,0.738808206,0.47497233,0.3352338749999999,0.3203260898590088,0.40357433100000006,0.26383587599999997,0.036959187,9626,220,220,0,4086,0,1563,682,3075,7442,0,0,3,4804,4653,151,3075,1578,0,1873,153,1394,4987,,548,0,
300,INFEASIBLE,certified_no_adversarial_example,feasibility,false,false,false,false,,,,0.853369709,0.028165340423583984,0.0,0.0,0.813294528,0.6097994250000001,0.327564436,0.31383609771728516,0.485730092,0.20349510299999995,0.038679933,9626,222,222,0,4055,0,1559,666,3124,7060,0,0,3,4804,4678,126,3124,1554,0,1820,126,1289,4803,,618,0,
301,INFEASIBLE,certified_no_adversarial_example,feasibility,false,false,false,false,,,,0.652199029,0.04113912582397461,0.0,0.0,0.598667468,0.375900055,0.25417222400000006,0.2421879768371582,0.344495244,0.22276741300000003,0.052237314,9626,188,188,0,4019,0,1581,654,3184,5675,0,0,3,4804,4691,113,3184,1507,0,1801,119,1250,4733,,687,0,
302,INFEASIBLE,certified_no_adversarial_example,feasibility,false,false,false,false,,,,0.701815301,0.03166341781616211,0.0,0.0,0.658052737,0.431735916,0.260056359,0.24785304069519043,0.397996378,0.226316821,0.042360487,9626,180,180,0,4066,0,1585,659,3136,5902,0,0,3,4804,4685,119,3136,1549,0,1809,121,1266,4763,,671,0,
303,INFEASIBLE,certified_no_adversarial_example,feasibility,false,false,false,false,,,,0.532970895,0.016188383102416992,0.0,0.0,0.506689418,0.296653056,0.19576488000000006,0.18537306785583496,0.310924538,0.21003636199999998,0.024823816,9626,151,151,0,3992,0,1598,651,3234,4056,0,0,3,4804,4722,82,3234,1488,0,1732,82,1113,4495,,450,0,
304,INFEASIBLE,certified_no_adversarial_example,feasibility,false,false,false,false,,,,0.842917517,0.03452801704406738,0.0,0.0,0.794816589,0.559749036,0.428279995,0.4132692813873291,0.36653659399999994,0.23506755299999993,0.046716076,9626,255,255,0,4027,0,1548,666,3130,8396,0,0,3,4804,4648,156,3130,1518,0,1886,161,1420,5031,,611,0,
305,INFEASIBLE,certified_no_adversarial_example,feasibility,false,false,false,false,,,,0.637149093,0.025060176849365234,0.0,0.0,0.600355121,0.367123349,0.25245180000000006,0.2401750087738037,0.34790332099999993,0.233231772,0.035459243,9626,197,197,0,4042,0,1577,672,3138,5483,0,0,3,4804,4688,116,3138,1550,0,1803,118,1254,4742,,537,0,
306,INFEASIBLE,certified_no_adversarial_example,feasibility,false,false,false,false,,,,0.713913379,0.02384495735168457,0.0,0.0,0.668098733,0.44784571800000006,0.319751548,0.3052380084991455,0.348347185,0.22025301499999994,0.044375086,9626,223,223,0,4091,0,1563,716,3033,6911,0,0,3,4804,4660,144,3033,1627,0,1860,147,1368,4941,,497,0,
307,INFEASIBLE,certified_no_adversarial_example,feasibility,false,false,false,false,,,,0.7520679,0.038542747497558594,0.0,0.0,0.692173427,0.462379992,0.316756614,0.30310702323913574,0.37541681299999996,0.22979343499999993,0.058426447,9626,203,203,0,4047,0,1573,659,3144,6639,0,0,3,4804,4667,137,3144,1523,0,1846,140,1340,4892,,750,0,
308,INFEASIBLE,certified_no_adversarial_example,feasibility,false,false,false,false,,,,0.641397308,0.028102874755859375,0.0,0.0,0.600376965,0.38015702900000004,0.25767760500000003,0.24603700637817383,0.34269936,0.220219936,0.039553627,9626,174,174,0,4034,0,1589,662,3167,6198,0,0,3,4804,4693,111,3167,1526,0,1793,113,1234,4707,,586,0,
309,INFEASIBLE,certified_no_adversarial_example,feasibility,false,false,false,false,,,,0.882440846,0.03362131118774414,0.0,0.0,0.837162279,0.455011514,0.2921171800000001,0.2793397903442383,0.5450450989999999,0.38215076499999995,0.043983473,9626,196,196,0,4062,0,1575,668,3125,5857,0,0,3,4804,4682,122,3125,1557,0,1815,124,1278,4784,,655,0,
310,INFEASIBLE,certified_no_adversarial_example,feasibility,false,false,false,false,,,,0.657655602,0.030400991439819336,0.0,0.0,0.614260951,0.403488211,0.28325415000000004,0.2696981430053711,0.33100680099999996,0.21077274000000001,0.041956514,9626,233,233,0,4024,0,1558,675,3136,5433,0,0,3,4804,4670,134,3136,1534,0,1839,136,1326,4868,,561,0,
311,INFEASIBLE,certified_no_adversarial_example,feasibility,false,false,false,false,,,,0.681747552,0.04041862487792969,0.0,0.0,0.628370904,0.416436857,0.280521759,0.2668735980987549,0.34784914499999997,0.21193404699999996,0.052094786,9626,246,246,0,4021,0,1549,655,3155,5254,0,0,3,4804,4679,125,3155,1524,0,1823,129,1294,4811,,735,0,
312,INFEASIBLE,certified_no_adversarial_example,feasibility,false,false,false,false,,,,0.690738475,0.020566701889038086,0.0,0.0,0.658360941,0.38817447,0.273097487,0.26085829734802246,0.38526345399999995,0.270186471,0.030936295,9626,185,185,0,4142,0,1580,707,3012,5076,0,0,3,4804,4694,110,3012,1682,0,1791,112,1230,4700,,525,0,
313,INFEASIBLE,certified_no_adversarial_example,feasibility,false,false,false,false,,,,0.757037041,0.03209114074707031,0.0,0.0,0.711520618,0.49164453799999996,0.3341926010000001,0.3199787139892578,0.3773280169999999,0.21987608000000003,0.044223486,9626,225,225,0,4086,0,1563,676,3076,6785,0,0,3,4804,4654,150,3076,1578,0,1873,154,1394,4986,,600,0,
314,INFEASIBLE,certified_no_adversarial_example,feasibility,false,false,false,false,,,,0.773483527,0.03713274002075195,0.0,0.0,0.721326348,0.471403166,0.35384891899999993,0.33890628814697266,0.367477429,0.24992318199999997,0.050818443,9626,252,252,0,4063,0,1547,687,3077,7284,0,0,3,4804,4649,155,3077,1572,0,1878,155,1405,5006,,699,0,
315,INFEASIBLE,certified_no_adversarial_example,feasibility,false,false,false,false,,,,0.448174072,0.018007516860961914,0.0,0.0,0.420754717,0.219304369,0.13019715099999998,0.12116217613220215,0.29055756600000004,0.201450348,0.026042116,9626,139,139,0,3982,0,1605,651,3249,1998,0,0,3,4804,4740,64,3249,1491,0,1699,66,1046,4378,,485,0,
316,INFEASIBLE,certified_no_adversarial_example,feasibility,false,false,false,false,,,,0.637113023,0.023474454879760742,0.0,0.0,0.601716453,0.38323790299999994,0.263652714,0.2508370876312256,0.338063739,0.21847855000000005,0.034055104,9626,211,211,0,4073,0,1564,667,3111,5658,0,0,3,4804,4684,120,3111,1573,0,1813,124,1274,4776,,517,0,
317,INFEASIBLE,certified_no_adversarial_example,feasibility,false,false,false,false,,,,0.667996591,0.04218864440917969,0.0,0.0,0.613399018,0.406219554,0.287999696,0.26149916648864746,0.32539932199999994,0.20717946399999998,0.053160642,9626,216,216,0,4035,0,1565,642,3168,5632,0,0,3,4804,4678,126,3168,1510,0,1823,128,1294,4812,,809,0,
318,INFEASIBLE,certified_no_adversarial_example,feasibility,false,false,false,false,,,,0.569921006,0.022910594940185547,0.0,0.0,0.535599013,0.31662461799999997,0.21751210400000004,0.20587444305419922,0.318086909,0.21897439500000004,0.032864038,9626,188,188,0,4032,0,1577,645,3184,4256,0,0,3,4804,4699,105,3184,1515,0,1778,105,1205,4656,,584,0,
319,INFEASIBLE,certified_no_adversarial_example,feasibility,false,false,false,false,,,,0.997285642,0.20253586769104004,0.0,0.0,0.780628281,0.517284126,0.3852774449999999,0.3699533939361572,0.39535083600000015,0.2633441550000001,0.215194948,9626,248,248,0,4094,0,1547,690,3047,8599,0,0,3,4804,4637,167,3047,1590,0,1905,169,1458,5099,,966,0,
320,INFEASIBLE,certified_no_adversarial_example,feasibility,false,false,false,false,,,,0.852084026,0.04170560836791992,0.0,0.0,0.796476477,0.522597293,0.3681816539999999,0.35270118713378906,0.4282948230000001,0.273879184,0.054254136,9626,254,254,0,4085,0,1546,688,3053,7711,0,0,3,4804,4641,163,3053,1588,0,1898,166,1444,5074,,669,0,
321,OPTIMAL,adversarial_example_found_or_best_known,feasibility,true,true,true,true,9.492406860545088e-15,-9.667664749013825;-2.5379119553340184;-4.1072089805624605;-3.6813589348588245;-5.480656691052806;-6.915407166472707;-15.250675025076024;-1.0075386934993675;-0.04070330505620651;-0.040703305056216,0.1;0.0;0.0;0.1;0.1;0.0;0.0;0.1;0.1;0.0;0.0;0.0;0.0;0.1;0.1;0.1;0.1;0.0;0.0;0.1;0.1;0.0;0.0;0.1;0.1;0.0;0.0;0.1;0.1;0.0;0.0;0.1;0.0;0.0;0.0;0.0;0.0;0.1;0.0;0.0;0.0;0.0;0.0;0.1;0.0;0.1;0.0;0.1;0.1;0.0;0.0;0.1;0.0;0.0;0.0;0.0;0.1;0.0;0.0;0.1;0.1;0.0;0.0;0.0;0.1;0.0;0.0;0.0;0.0;0.1;0.1;0.1;0.1;0.0;0.0;0.1;0.1;0.0;0.0;0.1;0.1;0.0;0.0;0.0;0.1;0.1;0.1;0.1;0.0;0.1;0.0;0.1;0.0;0.1;0.1;0.1;0.0;0.1;0.0;0.0;0.0;0.0;0.0;0.1;0.0;0.0;0.1;0.1;0.0;0.1;0.0;0.0;0.1;0.1;0.1;0.1;0.1;0.0;0.0;0.0;0.0;0.1;0.1;0.1;0.1;0.0;0.0;0.0;0.0;0.0;0.0;0.1;0.1;0.0;0.0;0.1;0.1;0.0;0.0;0.0;0.0;0.0;0.1;0.1;0.1;0.0;0.0;0.0;0.0;0.1;0.0;0.0;0.0;0.1;0.0;0.1;0.1;0.0;0.1;0.0;0.1;0.1;0.1;0.1;0.1;0.1;0.020136512232564383;0.1;0.1;0.0;0.1;0.0;0.0;0.0;0.0;0.0;0.0;0.1;0.1;0.1;0.1;0.0;0.0;0.1;0.1;0.0;0.1;0.0;0.1;0.0;0.0;0.1;0.1;0.1;0.1;0.0;0.0;0.1;0.0;0.0;0.0;0.0;0.1;0.0;0.1;0.1;0.0;0.0;0.0;0.0;0.0;0.1;0.1;0.0;0.0;0.0;0.1;0.0;0.1;0.0;0.1;0.1;0.0;0.0;0.1;0.0;0.0;0.0;0.0;0.1;0.1;0.1;0.1;0.1;0.1;0.0;0.07602338873667135;0.0;0.0;0.1;0.1;0.0;0.1;0.0;0.0;0.1;0.1;0.0;0.0;0.1;0.1;0.0;0.0;0.0;0.0;0.0;0.1;0.0;0.0;0.0;0.0;0.1;0.1;0.1;0.1;0.0;0.1;0.1;0.1;0.0;0.0;0.0;0.0;0.1;0.1;0.0;0.1;0.1;0.0;0.1;0.0;0.0;0.0;0.0;0.0;0.1;0.1;0.19803921568627453;0.19019607843137254;0.1;0.1;0.1;0.1;0.0;0.0;0.1;0.1;0.0;0.0;0.1;0.1;0.1;0.1;0.0;0.0;0.1;0.1;0.0;0.0;0.1;0.0;0.1;0.0;0.1;0.307843137254902;0.7983976992889552;0.8716819167158533;0.7941176470588235;0.3601837569877438;0.2976654533151805;0.1;0.1;0.1;0.1;0.1;0.0;0.0;0.0;0.0;0.0;0.1;0.1;0.0;0.1;0.0;0.0;0.1;0.0;0.0;0.1;0.0;0.1;0.7078431372549019;1.0;1.0;1.0;1.0;0.8921568627450981;0.42156862745098045;0.1;0.1;0.1;0.1;0.1;0.0;0.2607843137254902;0.2607843137254902;0.2607843137254902;0.2607843137254902;0.2607843137254902;0.10366661541312859;0.1;0.1;0.0;0.0;0.0;0.0;0.0;0.0;0.1;0.8568627450980392;1.0;0.38235294117647056;0.3666666666666667;0.9823529411764705;0.8960784313725491;0.6098039215686274;0.1;0.0;0.17450980392156862;0.4764705882352941;0.5705882352941176;0.9705882352941176;1.0;0.9;0.8960784313725491;1.0;1.0;0.696078431372549;0.102434256628992;0.0;0.0;0.1;0.0;0.0;0.0;0.1;0.1;0.515686274509804;1.0;0.24509803921568626;0.1;0.48039215686274506;0.8960784313725491;1.0;0.8803921568627451;1.0;1.0;1.0;1.0;0.8960784313725491;0.8960784313725491;0.8960784313725491;0.8960784313725491;0.8960784313725491;1.0;0.8960784313725491;1.0;0.1;0.0;0.1;0.0;0.1;0.0;0.1;0.1;0.19411764705882353;1.0;0.7745098039215687;0.10299289182796034;0.5862745098039216;0.8960784313725491;0.8960784313725491;1.0;1.0;0.8960784313725491;0.8725490196078431;0.48431372549019613;0.1549019607843137;0.09607843137254901;0.296078431372549;0.296078431372549;0.10710172353073258;0.10365917486812955;0.8686274509803922;0.8921568627450981;0.0;0.0;0.1;0.0;0.0;0.0;0.0;0.1;0.1823529411764706;0.896078431372549;0.8960784313725491;0.6215686274509804;0.7823529411764706;1.0;0.6607843137254902;0.39034895737470526;0.2881146638599723;0.39803921568627454;0.09983489416906537;0.0;0.0;0.1;0.1;0.1;0.1;0.1;0.8333333333333333;0.40980392156862744;0.1;0.0;0.1;0.0;0.0620009607421134;0.0;0.1;0.1;0.1;0.3392156862745098;0.6450980392156862;0.8372549019607843;0.885322258787094;0.2686274509803922;0.0;0.1;0.1;0.1;0.0;0.1;0.1;0.0;0.1;0.0;0.1;0.0;0.0;0.1;0.0;0.0;0.1;0.0;0.0;0.0;0.1;0.1;0.1;0.0;0.09727322350408983;0.41764705882352937;0.2568627450980392;0.0;0.0;0.1;0.1;0.0;0.0;0.0;0.0;0.0;0.0;0.09644608882363107;0.1;0.0;0.0;0.1;0.1;0.0;0.1;0.1;0.1;0.0;0.1;0.1;0.1;0.0;0.1;0.0;0.1;0.0;0.0;0.0;0.1;0.0;0.1;0.0;0.0;0.0;0.1;0.0;0.1;0.0;0.0;0.0;0.0;0.0;0.1;0.1;0.1;0.0;0.0;0.1;0.1;0.0;0.1;0.1;0.1;0.0;0.0;0.1;0.1;0.0;0.0;0.0;0.0;0.0;0.0;0.0;0.0;0.1;0.1;0.1;0.1;0.0;0.1;0.1;0.055875017018645994;0.0;0.1;0.0;0.1;0.0;0.1;0.0;0.1;0.0;0.0;0.1;0.1;0.1;0.0;0.0;0.0;0.0;0.1;0.0;0.1;0.0;0.0;0.0;0.0;0.0;0.1;0.1;0.1;0.0;0.0;0.1;0.1;0.0;0.0;0.0;0.0;0.0;0.0;0.1;0.1;0.0;0.0;0.0;0.0;0.1;0.1;0.0;0.0;0.1;0.1;0.1;0.1;0.0;0.0;0.1;0.0;0.0;0.0;0.0;0.0;0.0;0.0;0.0;0.0;0.0;0.0;0.1;0.0;0.1;0.0;0.0;0.0;0.1;0.0;0.1;0.0;0.1;0.0;0.1;0.0;0.1;0.1;0.1;0.1;0.0;0.0;0.0;0.0;0.1;0.1;0.1;0.1;0.1;0.1;0.1;0.1;0.1;0.0;0.0;0.0;0.1;0.1;0.0;0.0;0.1;0.1;0.014638793315202894;0.0;0.0;0.0;0.1;0.0;0.1;0.0;0.0;0.0;0.1;0.0;0.0;0.0;0.0;0.0;0.1;0.0;0.1;0.0;0.1;0.0;0.1;0.0;0.0;0.0;0.0;0.0;0.1;0.0;0.1;0.1;0.1;0.1;0.1;0.0;0.0;0.0;0.1;0.1;0.0;0.0;0.1;0.1;0.1;0.1;0.0;0.0;0.1;0.0;0.1;0.1;0.0;0.0;0.0;0.0;0.0;0.0;0.1;0.0;0.0;0.0;0.1;0.1;0.0;0.0;0.1;0.0;0.0;0.0;0.1;0.0;0.0;0.0;0.1;0.0;0.1;0.1;0.1;0.1;0.1;0.1;0.0;0.1;0.0;0.0;0.0,10.238210525,9.610751152038574,0.0,0.0,0.615105356,0.42832093099999996,0.17459361799999998,0.16425323486328125,0.4405117380000001,0.1867844250000001,9.62006205,9626,150,150,0,4008,0,1601,641,3226,3756,0,0,3,4804,4713,91,3226,1487,0,1754,94,1156,4570,395,158636,,0.0
322,SKIPPED_PREDICTED_IN_TARGETED,adversarial_example_found_or_best_known,feasibility,true,true,true,true,2.846903114660533,-7.913966580484432;-3.979934130716689;0.5674479509500268;-0.6403658549181954;-12.241826631904123;-8.083758444954368;-18.033394517332248;3.4143510656105596;-0.5432207726818382;-3.026330585529838,0.0;0.0;0.0;0.0;0.0;0.0;0.0;0.0;0.0;0.0;0.0;0.0;0.0;0.0;0.0;0.0;0.0;0.0;0.0;0.0;0.0;0.0;0.0;0.0;0.0;0.0;0.0;0.0;0.0;0.0;0.0;0.0;0.0;0.0;0.0;0.0;0.0;0.0;0.0;0.0;0.0;0.0;0.0;0.0;0.0;0.0;0.0;0.0;0.0;0.0;0.0;0.0;0.0;0.0;0.0;0.0;0.0;0.0;0.0;0.0;0.0;0.0;0.0;0.0;0.0;0.0;0.0;0.0;0.0;0.0;0.0;0.0;0.0;0.0;0.0;0.0;0.0;0.0;0.0;0.0;0.0;0.0;0.0;0.0;0.0;0.0;0.0;0.0;0.0;0.0;0.0;0.0;0.0;0.0;0.0;0.0;0.0;0.0;0.0;0.0;0.0;0.0;0.0;0.0;0.0;0.0;0.0;0.0;0.0;0.0;0.0;0.0;0.0;0.0;0.0;0.0;0.0;0.0;0.0;0.0;0.0;0.0;0.0;0.0;0.0;0.0;0.0;0.0;0.0;0.0;0.0;0.0;0.0;0.0;0.0;0.0;0.0;0.0;0.0;0.0;0.0;0.0;0.0;0.0;0.0;0.0;0.0;0.0;0.0;0.0;0.0;0.0;0.0;0.0;0.0;0.0;0.0;0.0;0.0;0.0;0.0;0.0;0.0;0.0;0.0;0.0;0.0;0.0;0.0;0.0;0.0;0.0;0.0;0.0;0.0;0.0;0.0;0.0;0.0;0.0;0.0;0.0;0.0;0.0;0.0;0.0;0.0;0.0;0.0;0.0;0.0;0.0;0.0;0.0;0.0;0.0;0.0;0.0;0.0;0.0;0.0;0.0;0.0;0.0;0.0;0.0392156862745098;0.0;0.0;0.0;0.0;0.0;0.0;0.0;0.0;0.0;0.0;0.0;0.0;0.0;0.0;0.0;0.0;0.0;0.0;0.0;0.0;0.0;0.0;0.0;0.0;0.0;0.0;0.35294117647058826;0.7411764705882353;0.0;0.0;0.0;0.0;0.0;0.0;0.0;0.0;0.0;0.0;0.0;0.0;0.0;0.0;0.0;0.0;0.0;0.0;0.0;0.0;0.0;0.0;0.0;0.0;0.0;0.3568627450980392;0.9529411764705882;0.7529411764705882;0.0;0.0;0.0;0.0;0.0;0.0;0.0;0.0;0.0;0.0;0.0;0.0;0.0;0.0;0.0;0.0;0.0;0.0;0.0;0.0;0.0;0.0;0.0;0.0;0.06274509803921569;0.8352941176470589;0.9882352941176471;0.26666666666666666;0.0;0.0;0.0;0.0;0.0;0.0;0.0;0.0;0.0;0.00392156862745098;0.32941176470588235;0.47843137254901963;0.6823529411764706;0.9058823529411765;0.5843137254901961;0.08235294117647059;0.0;0.0;0.0;0.0;0.0;0.0;0.0;0.0;0.20784313725490197;0.9882352941176471;0.9215686274509803;0.03529411764705882;0.0;0.0;0.0;0.0;0.0;0.0;0.0;0.0;0.1450980392156863;0.6196078431372549;0.9882352941176471;0.9882352941176471;0.9882352941176471;0.9882352941176471;0.9882352941176471;0.8196078431372549;0.0;0.0;0.0;0.0;0.0;0.0;0.0;0.0;0.5607843137254902;0.9882352941176471;0.6;0.0;0.0;0.0;0.0;0.0;0.0;0.0;0.043137254901960784;0.4196078431372549;0.9450980392156862;0.9882352941176471;0.9882352941176471;0.9882352941176471;0.5019607843137255;0.5725490196078431;0.9882352941176471;0.9882352941176471;0.0;0.0;0.0;0.0;0.0;0.0;0.0;0.0;0.5607843137254902;0.9882352941176471;0.41568627450980394;0.0;0.0;0.0;0.0;0.0;0.0;0.19215686274509805;0.6941176470588235;0.9882352941176471;0.9882352941176471;0.9882352941176471;0.611764705882353;0.12941176470588237;0.011764705882352941;0.17647058823529413;0.9882352941176471;0.8;0.0;0.0;0.0;0.0;0.0;0.0;0.0;0.0;0.996078431372549;0.9921568627450981;0.17254901960784313;0.0;0.0;0.0;0.00784313725490196;0.396078431372549;0.6941176470588235;0.9921568627450981;1.0;0.9607843137254902;0.5058823529411764;0.20784313725490197;0.0;0.0;0.027450980392156862;0.8235294117647058;0.9921568627450981;0.3176470588235294;0.0;0.0;0.0;0.0;0.0;0.0;0.0;0.0;0.9921568627450981;0.807843137254902;0.050980392156862744;0.0;0.0;0.20784313725490197;0.4823529411764706;0.9882352941176471;0.9882352941176471;0.9882352941176471;0.7333333333333333;0.35294117647058826;0.0;0.0;0.0;0.0;0.34901960784313724;0.9450980392156862;0.596078431372549;0.0392156862745098;0.0;0.0;0.0;0.0;0.0;0.0;0.0;0.0;0.9921568627450981;0.8313725490196079;0.06666666666666667;0.03529411764705882;0.48627450980392156;0.9529411764705882;0.9882352941176471;0.9882352941176471;0.8705882352941177;0.41568627450980394;0.0;0.0;0.0;0.0;0.0;0.0;0.8352941176470589;0.4627450980392157;0.0;0.0;0.0;0.0;0.0;0.0;0.0;0.0;0.0;0.0;0.9921568627450981;0.9882352941176471;0.9568627450980393;0.9529411764705882;0.9882352941176471;0.9882352941176471;0.9294117647058824;0.4;0.027450980392156862;0.0;0.0;0.0;0.0;0.0;0.0;0.3411764705882353;0.2627450980392157;0.01568627450980392;0.0;0.0;0.0;0.0;0.0;0.0;0.0;0.0;0.0;0.0;0.8980392156862745;0.9882352941176471;0.9882352941176471;0.9882352941176471;0.8470588235294118;0.43529411764705883;0.1803921568627451;0.0;0.0;0.0;0.0;0.0;0.0;0.0;0.0;0.0;0.0;0.0;0.0;0.0;0.0;0.0;0.0;0.0;0.0;0.0;0.0;0.0;0.12156862745098039;0.21568627450980393;0.5686274509803921;0.23137254901960785;0.07450980392156863;0.0;0.0;0.0;0.0;0.0;0.0;0.0;0.0;0.0;0.0;0.0;0.0;0.0;0.0;0.0;0.0;0.0;0.0;0.0;0.0;0.0;0.0;0.0;0.0;0.0;0.0;0.0;0.0;0.0;0.0;0.0;0.0;0.0;0.0;0.0;0.0;0.0;0.0;0.0;0.0;0.0;0.0;0.0;0.0;0.0;0.0;0.0;0.0;0.0;0.0;0.0;0.0;0.0;0.0;0.0;0.0;0.0;0.0;0.0;0.0;0.0;0.0;0.0;0.0;0.0;0.0;0.0;0.0;0.0;0.0;0.0;0.0;0.0;0.0;0.0;0.0;0.0;0.0;0.0;0.0;0.0;0.0;0.0;0.0;0.0;0.0;0.0;0.0;0.0;0.0;0.0;0.0;0.0;0.0;0.0;0.0;0.0;0.0;0.0;0.0;0.0;0.0;0.0;0.0;0.0;0.0;0.0;0.0;0.0;0.0;0.0;0.0;0.0;0.0;0.0;0.0;0.0;0.0;0.0;0.0;0.0;0.0;0.0;0.0;0.0;0.0;0.0;0.0;0.0;0.0;0.0;0.0;0.0;0.0;0.0;0.0;0.0;0.0;0.0;0.0;0.0;0.0;0.0;0.0;0.0;0.0;0.0;0.0;0.0;0.0;0.0;0.0;0.0;0.0;0.0;0.0;0.0;0.0;0.0;0.0;0.0;0.0;0.0;0.0;0.0;0.0;0.0;0.0;0.0;0.0;0.0;0.0;0.0;0.0;0.0;0.0;0.0;0.0;0.0;0.0;0.0;0.0;0.0;0.0;0.0;0.0;0.0;0.0;0.0;0.0;0.0;0.0;0.0;0.0;0.0;0.0;0.0;0.0;0.0;0.0;0.0;0.0;0.0;0.0;0.0;0.0;0.0;0.0;0.0;0.0;0.0;0.0;0.0;0.0;0.0;0.0;0.0;0.0;0.0;0.0;0.0;0.0;0.0;0.0;0.0;0.0;0.0;0.0;0.0;0.0;0.0;0.0;0.0;0.0;0.0;0.0;0.0;0.0;0.0;0.0;0.0,0.002617536,0.0,0.0,0.0,,,,,,,,,,,,,,,,,,,,,,,,,,,,,,,,,,
323,INFEASIBLE,certified_no_adversarial_example,feasibility,false,false,false,false,,,,0.565773193,0.020496845245361328,0.0,0.0,0.534117538,0.341383383,0.22923447400000002,0.21836137771606445,0.3048830639999999,0.19273415499999996,0.030375472,9626,177,177,0,4037,0,1584,658,3170,4453,0,0,3,4804,4714,90,3170,1544,0,1753,94,1154,4566,,489,0,
324,INFEASIBLE,certified_no_adversarial_example,feasibility,false,false,false,false,,,,0.681073471,0.02003026008605957,0.0,0.0,0.648109895,0.395688751,0.2742693890000001,0.262192964553833,0.37384050599999996,0.25242114400000004,0.031622898,9626,185,185,0,4040,0,1580,665,3156,6179,0,0,3,4804,4689,115,3156,1533,0,1801,117,1250,4735,,448,0,
325,INFEASIBLE,certified_no_adversarial_example,feasibility,false,false,false,false,,,,0.856869625,0.1764214038848877,0.0,0.0,0.666848645,0.44821893,0.32257203599999995,0.308917760848999,0.344276609,0.21862971499999995,0.188398824,9626,229,229,0,4038,0,1559,677,3123,6425,0,0,3,4804,4666,138,3123,1543,0,1850,143,1348,4905,,825,0,
326,INFEASIBLE,certified_no_adversarial_example,feasibility,false,false,false,false,,,,0.647690978,0.03726363182067871,0.0,0.0,0.598289173,0.367351904,0.25392984799999996,0.24163579940795898,0.344359325,0.23093726899999995,0.047934397,9626,206,206,0,4024,0,1574,639,3183,4932,0,0,3,4804,4677,127,3183,1494,0,1825,129,1298,4819,,763,0,
327,INFEASIBLE,certified_no_adversarial_example,feasibility,false,false,false,false,,,,0.83529508,0.23653912544250488,,0.0,0.586892792,0.38242884,0.256319015,0.24389123916625977,0.330573777,0.204463952,0.246900717,9626,201,201,0,4036,0,1575,656,3158,5090,0,0,3,4804,4685,119,3158,1527,0,1806,119,1261,4754,,1391,0,
328,INFEASIBLE,certified_no_adversarial_example,feasibility,false,false,false,false,,,,0.542037235,0.018767595291137695,0.0,0.0,0.512580733,0.296044042,0.183527179,0.17275047302246094,0.3290535539999999,0.21653669099999995,0.02808187,9626,164,164,0,4070,0,1593,704,3095,3059,0,0,3,4804,4714,90,3095,1619,0,1752,93,1152,4563,,511,0,
329,INFEASIBLE,certified_no_adversarial_example,feasibility,false,false,false,false,,,,0.558856308,0.01902031898498535,0.0,0.0,0.528204311,0.31790471800000003,0.2074449,0.19585943222045898,0.320759411,0.21029959299999995,0.029207559,9626,181,181,0,4034,0,1585,669,3157,4012,0,0,3,4804,4696,108,3157,1539,0,1789,112,1226,4692,,434,0,
330,INFEASIBLE,certified_no_adversarial_example,feasibility,false,false,false,false,,,,0.495572088,0.01635885238647461,0.0,0.0,0.468880787,0.2749036,0.16752460799999994,0.15720486640930176,0.3013561790000001,0.193977187,0.025200871,9626,163,163,0,3989,0,1593,638,3243,3103,0,0,3,4804,4725,79,3243,1482,0,1729,81,1106,4483,,422,0,
331,INFEASIBLE,certified_no_adversarial_example,feasibility,false,false,false,false,,,,0.686146931,0.021739721298217773,0.0,0.0,0.653996586,0.314925714,0.173350206,0.16311931610107422,0.48064638,0.33907087199999997,0.03071431,9626,158,158,0,3980,0,1597,641,3250,2971,0,0,3,4804,4722,82,3250,1472,0,1736,85,1120,4507,,464,0,
332,INFEASIBLE,certified_no_adversarial_example,feasibility,false,false,false,false,,,,0.755433177,0.04349994659423828,0.0,0.0,0.697929292,0.483245791,0.35147146399999996,0.3368263244628906,0.346457828,0.214683501,0.056211509,9626,258,258,0,4036,0,1545,660,3127,6723,0,0,3,4804,4652,152,3127,1525,0,1876,155,1400,4997,,738,0,
333,INFEASIBLE,certified_no_adversarial_example,feasibility,false,false,false,false,,,,0.456890633,0.015712976455688477,0.0,0.0,0.43141074,0.21056641799999998,0.12021199399999999,0.11132240295410156,0.311198746,0.22084432200000004,0.024133881,9626,126,126,0,3981,0,1614,645,3260,2022,0,0,3,4804,4739,65,3260,1479,0,1703,69,1054,4391,,412,0,
334,INFEASIBLE,certified_no_adversarial_example,feasibility,false,false,false,false,,,,0.691906128,0.026354074478149414,0.0,0.0,0.653437008,0.439719913,0.303621267,0.29074788093566895,0.34981574100000007,0.21371709500000002,0.037028788,9626,199,199,0,4048,0,1575,689,3115,6331,0,0,3,4804,4675,129,3115,1560,0,1826,129,1301,4824,,575,0,
335,INFEASIBLE,certified_no_adversarial_example,feasibility,false,false,false,false,,,,0.711536153,0.02669358253479004,0.0,0.0,0.671100788,0.44412569399999996,0.325754504,0.3123800754547119,0.34534628399999995,0.226975094,0.039108478,9626,213,213,0,4046,0,1568,677,3122,6680,0,0,3,4804,4673,131,3122,1551,0,1835,135,1318,4853,,462,0,
336,INFEASIBLE,certified_no_adversarial_example,feasibility,false,false,false,false,,,,0.64347565,0.029207944869995117,0.0,0.0,0.60227997,0.377120669,0.25243170499999995,0.24004912376403809,0.34984826500000005,0.22515930099999998,0.039687514,9626,201,201,0,4031,0,1573,672,3149,5077,0,0,3,4804,4686,118,3149,1537,0,1807,120,1262,4756,,576,0,
337,INFEASIBLE,certified_no_adversarial_example,feasibility,false,false,false,false,,,,0.648580623,0.02741265296936035,0.0,0.0,0.608387115,0.384089853,0.266541431,0.2537539005279541,0.341845684,0.224297262,0.038789577,9626,209,209,0,4062,0,1572,666,3117,5749,0,0,3,4804,4662,142,3117,1545,0,1855,144,1358,4924,,587,0,
338,INFEASIBLE,certified_no_adversarial_example,feasibility,false,false,false,false,,,,0.596900424,0.043953657150268555,0.0,0.0,0.541607294,0.33500394,0.21884682600000008,0.20745325088500977,0.3227604679999999,0.20660335399999996,0.054024317,9626,174,174,0,4025,0,1588,675,3164,4525,0,0,3,4804,4697,107,3164,1533,0,1785,109,1218,4679,,925,0,
339,INFEASIBLE,certified_no_adversarial_example,feasibility,false,false,false,false,,,,0.812555438,0.019974708557128906,0.0,0.0,0.778426022,0.548892867,0.3928631639999999,0.37743568420410156,0.3855628580000001,0.22953315500000004,0.032681986,9626,255,255,0,4107,0,1544,696,3024,7760,0,0,3,4804,4642,162,3024,1618,0,1896,165,1440,5067,,169,0,
340,INFEASIBLE,certified_no_adversarial_example,feasibility,false,false,false,false,,,,0.791796258,0.02696824073791504,0.0,0.0,0.750854579,0.47140947499999997,0.330999456,0.31691765785217285,0.41985512299999994,0.279445104,0.038993227,9626,227,227,0,4052,0,1562,684,3101,6861,0,0,3,4804,4656,148,3101,1555,0,1867,150,1382,4966,,565,0,
341,SKIPPED_PREDICTED_IN_TARGETED,adversarial_example_found_or_best_known,feasibility,true,true,true,true,0.16197722870995257,-9.36350374037776;-4.73728072307982;-5.955382538277586;0.6623982775483936;-3.6996330114362963;0.5004210488384411;-2.457616954322277;-11.920484625312678;-6.050209075033795;-6.59785455868615,0.0;0.0;0.0;0.0;0.0;0.0;0.0;0.0;0.0;0.0;0.0;0.0;0.0;0.0;0.0;0.0;0.0;0.0;0.0;0.0;0.0;0.0;0.0;0.0;0.0;0.0;0.0;0.0;0.0;0.0;0.0;0.0;0.0;0.0;0.0;0.0;0.0;0.0;0.0;0.0;0.0;0.0;0.0;0.0;0.0;0.0;0.0;0.0;0.0;0.0;0.0;0.0;0.0;0.0;0.0;0.0;0.0;0.0;0.0;0.0;0.0;0.0;0.0;0.0;0.0;0.0;0.0;0.0;0.0;0.0;0.0;0.0;0.0;0.0;0.0;0.0;0.0;0.0;0.0;0.0;0.0;0.0;0.0;0.0;0.0;0.0;0.0;0.0;0.0;0.0;0.0;0.0;0.0;0.0;0.0;0.0;0.0;0.0;0.0;0.0;0.0;0.0;0.0;0.0;0.0;0.0;0.0;0.0;0.0;0.0;0.0;0.0;0.0;0.0;0.0;0.0;0.0;0.0;0.0;0.0;0.0;0.0;0.0;0.0;0.0;0.0;0.0;0.0;0.0;0.0;0.0;0.0;0.0;0.0;0.0;0.0;0.0;0.0;0.0;0.0;0.0;0.0;0.0;0.0;0.0;0.0;0.0;0.0;0.0;0.0;0.0;0.0;0.0;0.0;0.0;0.0;0.0;0.0;0.0;0.0;0.0;0.0;0.0;0.0;0.0;0.0;0.0;0.0;0.0;0.0;0.0;0.0;0.0;0.0;0.0;0.0;0.0;0.0;0.0;0.0;0.0;0.0;0.0;0.0;0.0;0.0;0.0;0.0;0.0;0.0;0.0;0.0;0.0;0.0;0.0;0.0;0.0;0.0;0.0;0.0;0.0;0.0;0.0;0.0;0.0;0.0;0.0;0.0;0.0;0.0;0.0;0.0;0.0;0.0;0.0;0.10196078431372549;0.11372549019607843;0.10196078431372549;0.0;0.0;0.0;0.0;0.0;0.0;0.0;0.0;0.0;0.0;0.0;0.0;0.0;0.0;0.0;0.0;0.0;0.0;0.0;0.0;0.0;0.0;0.0;0.0;0.24705882352941178;0.9411764705882353;0.9882352941176471;0.9372549019607843;0.24705882352941178;0.0;0.0;0.0;0.0;0.0;0.0;0.0;0.0;0.0;0.0;0.0;0.0;0.0;0.0;0.0;0.0;0.0;0.0;0.0;0.0;0.0;0.0;0.0;0.24705882352941178;0.6980392156862745;0.9921568627450981;0.9921568627450981;0.4392156862745098;0.0;0.0;0.0;0.0;0.0;0.0;0.0;0.0;0.0;0.0;0.0;0.0;0.0;0.0;0.0;0.0;0.0;0.0;0.0;0.0;0.0;0.0;0.0;0.0;0.3333333333333333;0.9882352941176471;0.9882352941176471;0.4392156862745098;0.0;0.0;0.0;0.0;0.0;0.0;0.0;0.0;0.0;0.0;0.0;0.0;0.0;0.10196078431372549;0.2235294117647059;0.17254901960784313;0.0;0.0;0.0;0.0;0.0;0.0;0.0;0.0;0.3333333333333333;0.9882352941176471;0.9882352941176471;0.8666666666666667;0.0;0.0;0.0;0.0;0.0;0.0;0.0;0.0;0.0;0.0;0.0;0.01568627450980392;0.4196078431372549;0.8117647058823529;0.9882352941176471;0.9137254901960784;0.6;0.11372549019607843;0.0;0.0;0.0;0.0;0.0;0.0;0.3333333333333333;0.9882352941176471;0.9882352941176471;0.615686274509804;0.0;0.0;0.0;0.0;0.0;0.0;0.0;0.0;0.0;0.0;0.43529411764705883;0.6;0.9882352941176471;0.9921568627450981;0.9882352941176471;0.9882352941176471;0.9882352941176471;0.9882352941176471;0.5529411764705883;0.058823529411764705;0.0;0.0;0.0;0.0;0.6392156862745098;0.9882352941176471;0.9882352941176471;0.4392156862745098;0.0;0.0;0.0;0.0;0.0;0.0;0.0;0.0;0.0;0.14901960784313725;0.8705882352941177;0.9921568627450981;0.9921568627450981;1.0;0.9921568627450981;0.9921568627450981;0.9921568627450981;0.9921568627450981;1.0;0.35294117647058826;0.0;0.0;0.0;0.0;0.8862745098039215;0.9921568627450981;0.8823529411764706;0.0;0.0;0.0;0.0;0.0;0.0;0.0;0.0;0.0;0.14901960784313725;0.8588235294117647;0.9882352941176471;0.9882352941176471;0.9882352941176471;0.9921568627450981;0.6901960784313725;0.9137254901960784;0.9882352941176471;0.9882352941176471;0.9921568627450981;0.9529411764705882;0.6862745098039216;0.0;0.0;0.396078431372549;0.9764705882352941;0.9882352941176471;0.6901960784313725;0.0;0.0;0.0;0.0;0.0;0.0;0.0;0.0;0.0;0.7490196078431373;0.9882352941176471;0.9882352941176471;0.8392156862745098;0.7647058823529411;0.2196078431372549;0.023529411764705882;0.16862745098039217;0.5843137254901961;0.8901960784313725;0.9921568627450981;0.9882352941176471;0.9372549019607843;0.403921568627451;0.2235294117647059;0.8705882352941177;0.9882352941176471;0.9372549019607843;0.2549019607843137;0.0;0.0;0.0;0.0;0.0;0.0;0.0;0.0;0.0;0.396078431372549;0.8745098039215686;0.7529411764705882;0.10980392156862745;0.0;0.0;0.0;0.0;0.0;0.1843137254901961;0.8823529411764706;0.9764705882352941;0.9882352941176471;0.9882352941176471;0.9882352941176471;0.9921568627450981;0.9882352941176471;0.4;0.0;0.0;0.0;0.0;0.0;0.0;0.0;0.0;0.0;0.0;0.0;0.0;0.0;0.0;0.0;0.0;0.0;0.0;0.0;0.0;0.0;0.5725490196078431;0.9882352941176471;0.9882352941176471;0.9882352941176471;0.9921568627450981;0.8;0.09803921568627451;0.0;0.0;0.0;0.0;0.0;0.0;0.0;0.0;0.0;0.0;0.0;0.0;0.0;0.0;0.0;0.0;0.0;0.0;0.0;0.0;0.0;0.18823529411764706;0.8980392156862745;0.9921568627450981;0.9921568627450981;1.0;0.10588235294117647;0.0;0.0;0.0;0.0;0.0;0.0;0.0;0.0;0.0;0.0;0.0;0.0;0.0;0.0;0.0;0.0;0.0;0.0;0.0;0.0;0.0;0.0;0.0;0.08235294117647059;0.10588235294117647;0.10588235294117647;0.10588235294117647;0.011764705882352941;0.0;0.0;0.0;0.0;0.0;0.0;0.0;0.0;0.0;0.0;0.0;0.0;0.0;0.0;0.0;0.0;0.0;0.0;0.0;0.0;0.0;0.0;0.0;0.0;0.0;0.0;0.0;0.0;0.0;0.0;0.0;0.0;0.0;0.0;0.0;0.0;0.0;0.0;0.0;0.0;0.0;0.0;0.0;0.0;0.0;0.0;0.0;0.0;0.0;0.0;0.0;0.0;0.0;0.0;0.0;0.0;0.0;0.0;0.0;0.0;0.0;0.0;0.0;0.0;0.0;0.0;0.0;0.0;0.0;0.0;0.0;0.0;0.0;0.0;0.0;0.0;0.0;0.0;0.0;0.0;0.0;0.0;0.0;0.0;0.0;0.0;0.0;0.0;0.0;0.0;0.0;0.0;0.0;0.0;0.0;0.0;0.0;0.0;0.0;0.0;0.0;0.0;0.0;0.0;0.0;0.0;0.0;0.0;0.0;0.0;0.0;0.0;0.0;0.0;0.0;0.0;0.0;0.0;0.0;0.0;0.0;0.0;0.0;0.0;0.0;0.0;0.0;0.0;0.0;0.0;0.0;0.0;0.0;0.0;0.0;0.0;0.0;0.0;0.0;0.0;0.0;0.0;0.0;0.0;0.0;0.0;0.0;0.0;0.0;0.0;0.0;0.0;0.0;0.0;0.0;0.0;0.0;0.0;0.0;0.0;0.0;0.0;0.0;0.0;0.0;0.0;0.0;0.0;0.0;0.0;0.0;0.0;0.0;0.0;0.0;0.0;0.0;0.0;0.0;0.0;0.0;0.0;0.0;0.0;0.0;0.0;0.0;0.0;0.0;0.0;0.0;0.0;0.0;0.0;0.0;0.0;0.0;0.0;0.0;0.0;0.0;0.0;0.0;0.0,0.002590486,0.0,0.0,0.0,,,,,,,,,,,,,,,,,,,,,,,,,,,,,,,,,,
342,INFEASIBLE,certified_no_adversarial_example,feasibility,false,false,false,false,,,,1.047296227,0.026942968368530273,0.0,0.0,1.005806873,0.7832551560000001,0.47312007599999995,0.45554041862487793,0.5326867970000001,0.22255171699999998,0.040233501,9626,314,314,0,4023,0,1514,629,3146,10200,0,0,3,4804,4628,176,3146,1482,0,1925,180,1498,5168,,448,0,
343,INFEASIBLE,certified_no_adversarial_example,feasibility,false,false,false,false,,,,0.542887872,0.02478647232055664,0.0,0.0,0.507041546,0.31810314,0.20648282299999995,0.19622564315795898,0.30055872299999997,0.18893840599999995,0.034403621,9626,159,159,0,3994,0,1595,649,3229,4266,0,0,3,4804,4718,86,3229,1489,0,1743,88,1134,4532,,550,0,
344,INFEASIBLE,certified_no_adversarial_example,feasibility,false,false,false,false,,,,0.822454206,0.03359651565551758,0.0,0.0,0.775210146,0.552981015,0.37742178800000004,0.36295151710510254,0.397788358,0.22222913100000008,0.045845098,9626,234,234,0,4082,0,1556,686,3068,8229,0,0,3,4804,4647,157,3068,1579,0,1882,157,1413,5020,,610,0,
345,INFEASIBLE,certified_no_adversarial_example,feasibility,false,false,false,false,,,,0.926448278,0.18841028213500977,0.0,0.0,0.724705234,0.502679422,0.357296828,0.34255218505859375,0.36740840599999997,0.22202581199999993,0.200286034,9626,255,255,0,4058,0,1547,660,3106,7772,0,0,3,4804,4652,152,3106,1546,0,1875,154,1398,4994,,908,0,
346,INFEASIBLE,certified_no_adversarial_example,feasibility,false,false,false,false,,,,0.381087507,0.00978994369506836,0.0,0.0,0.363272563,0.16957088799999998,0.090715728,0.08326578140258789,0.272556835,0.19370167500000002,0.016480068,9626,88,88,0,3987,0,1632,666,3253,1463,0,0,3,4804,4764,40,3253,1511,0,1648,40,945,4201,,389,0,
347,INFEASIBLE,certified_no_adversarial_example,feasibility,false,false,false,false,,,,0.681184514,0.034621477127075195,0.0,0.0,0.634490904,0.403197452,0.29713457599999993,0.2844703197479248,0.33735632800000004,0.23129345199999995,0.045252261,9626,219,219,0,4058,0,1565,664,3120,5910,0,0,3,4804,4675,129,3120,1555,0,1826,129,1301,4824,,706,0,
348,INFEASIBLE,certified_no_adversarial_example,feasibility,false,false,false,false,,,,0.735240708,0.0332341194152832,0.0,0.0,0.68896836,0.45360773100000007,0.3232003339999999,0.30997395515441895,0.365768026,0.23536062899999988,0.044871376,9626,213,213,0,4094,0,1568,692,3059,5812,0,0,3,4804,4669,135,3059,1610,0,1842,138,1332,4878,,611,0,
349,INFEASIBLE,certified_no_adversarial_example,feasibility,false,false,false,false,,,,0.516502036,0.01435399055480957,0.0,0.0,0.48284563,0.298182882,0.184817389,0.17424440383911133,0.298028241,0.18466274800000004,0.032333774,9626,158,158,0,3992,0,1596,639,3241,3603,0,0,3,4804,4720,84,3241,1479,0,1736,84,1121,4509,,432,0,
350,INFEASIBLE,certified_no_adversarial_example,feasibility,false,false,false,false,,,,0.588653182,0.036171913146972656,0.0,0.0,0.531994234,0.326877341,0.21807960600000006,0.20630288124084473,0.3139146279999999,0.20511689300000002,0.055286518,9626,172,172,0,4034,0,1589,659,3172,4692,0,0,3,4804,4684,120,3172,1512,0,1811,122,1270,4770,,777,0,
351,INFEASIBLE,certified_no_adversarial_example,feasibility,false,false,false,false,,,,0.436317009,0.020876646041870117,0.0,0.0,0.405640292,0.221803111,0.138985045,0.11816525459289551,0.266655247,0.18383718100000002,0.029291265,9626,135,135,0,4000,0,1608,650,3233,2063,0,0,3,4804,4733,71,3233,1500,0,1715,75,1078,4433,,501,0,
352,INFEASIBLE,certified_no_adversarial_example,feasibility,false,false,false,false,,,,0.866433452,0.023364782333374023,0.0,0.0,0.830708963,0.40952411599999994,0.29675628099999996,0.28458404541015625,0.533952682,0.42118484700000003,0.034283811,9626,189,189,0,4071,0,1580,705,3081,5783,0,0,3,4804,4683,121,3081,1602,0,1814,124,1276,4780,,485,0,
353,INFEASIBLE,certified_no_adversarial_example,feasibility,false,false,false,false,,,,0.84861226,0.04857993125915527,0.0,0.0,0.785273836,0.556800685,0.4162247419999999,0.4010000228881836,0.3690490940000001,0.22847315099999999,0.061965035,9626,259,259,0,4106,0,1544,705,3012,8178,0,0,3,4804,4639,165,3012,1627,0,1901,167,1450,5085,,774,0,
354,INFEASIBLE,certified_no_adversarial_example,feasibility,false,false,false,false,,,,0.656993,0.016872167587280273,0.0,0.0,0.628716206,0.388729808,0.22626159499999998,0.2147212028503418,0.402454611,0.239986398,0.026948875,9626,162,162,0,4123,0,1593,695,3053,5051,0,0,3,4804,4691,113,3053,1638,0,1797,115,1242,4721,,453,0,
355,INFEASIBLE,certified_no_adversarial_example,feasibility,false,false,false,false,,,,0.587379203,0.02176380157470703,0.0,0.0,0.554250588,0.342303841,0.23485628399999994,0.2234039306640625,0.31939430400000013,0.21194674700000005,0.031780619,9626,171,171,0,3996,0,1591,638,3230,4444,0,0,3,4804,4699,105,3230,1469,0,1781,107,1210,4665,,495,0,
356,INFEASIBLE,certified_no_adversarial_example,feasibility,false,false,false,false,,,,0.747588342,0.04327583312988281,0.0,0.0,0.690611888,0.471921603,0.329144821,0.31450581550598145,0.361467067,0.21869028499999993,0.05553797,9626,245,245,0,4064,0,1551,663,3103,6924,0,0,3,4804,4653,151,3103,1550,0,1877,157,1402,4999,,685,0,
357,INFEASIBLE,certified_no_adversarial_example,feasibility,false,false,false,false,,,,0.733216384,0.026412248611450195,0.0,0.0,0.694244927,0.476226524,0.33603936999999995,0.32270002365112305,0.358205557,0.21801840299999997,0.037666654,9626,207,207,0,4076,0,1571,685,3087,6059,0,0,3,4804,4671,133,3087,1584,0,1837,135,1322,4861,,569,0,
358,INFEASIBLE,certified_no_adversarial_example,feasibility,false,false,false,false,,,,0.54594583,0.0252225399017334,0.0,0.0,0.509914992,0.284973889,0.181945509,0.1713545322418213,0.327969483,0.22494110300000003,0.034653078,9626,178,178,0,3968,0,1587,621,3272,3001,0,0,3,4804,4711,93,3272,1439,0,1757,95,1162,4581,,543,0,
359,INFEASIBLE,certified_no_adversarial_example,feasibility,false,false,false,false,,,,1.768957981,1.1993327140808105,,0.0,0.558021779,0.36565376699999996,0.25707552899999997,0.2303164005279541,0.3009462500000001,0.1923680120000001,1.209476853,9626,199,199,0,4017,0,1572,653,3185,4805,0,0,3,4804,4701,103,3185,1516,0,1778,106,1204,4654,,1291,0,
360,OPTIMAL,adversarial_example_found_or_best_known,feasibility,true,true,true,true,4.1744385725905886e-14,-12.465390239756884;-10.9547639778045;-9.07452540743775;-5.87601494858534;3.3178077715979137;-6.746305698898196;-13.640212613935383;-7.181386778099158;-2.174275783634865;3.317807771597872,0.0;0.1;0.1;0.0;0.0;0.0;0.1;0.0;0.0;0.1;0.1;0.1;0.1;0.0;0.0;0.0;0.0;0.0;0.0;0.0;0.0;0.1;0.0;0.0;0.0;0.0;0.0;0.1;0.0;0.1;0.1;0.1;0.0;0.1;0.0;0.1;0.1;0.1;0.1;0.0;0.1;0.1;0.0;0.0;0.0;0.1;0.1;0.1;0.1;0.1;0.1;0.1;0.1;0.1;0.1;0.1;0.0;0.1;0.1;0.1;0.1;0.0;0.0;0.0;0.0;0.1;0.1;0.0;0.0;0.1;0.1;0.0;0.0;0.0;0.0;0.1;0.1;0.1;0.1;0.0;0.0;0.0;0.0;0.1;0.0;0.0;0.0;0.0;0.1;0.0;0.1;0.0;0.1;0.1;0.1;0.0;0.1;0.1;0.1;0.0;0.0;0.0;0.0;0.0;0.1;0.0;0.1;0.0;0.0;0.0;0.0;0.1;0.0;0.0;0.1;0.0;0.0;0.0;0.0;0.0;0.0;0.1;0.1;0.0;0.0;0.1;0.1;0.0;0.0;0.0;0.0;0.1;0.1;0.0;0.0;0.1;0.0;0.0;0.0;0.1;0.1;0.1;0.0;0.0;0.1;0.1;0.1;0.1;0.1;0.0;0.0;0.0;0.0;0.0;0.0;0.0;0.0;0.0;0.0;0.0;0.1;0.1;0.01618781884508397;0.1;0.1;0.1;0.0;0.0;0.0;0.1;0.1;0.0;0.0;0.0;0.0;0.1;0.1;0.1;0.0;0.1;0.0;0.0;0.0;0.1;0.1;0.1;0.0;0.0;0.0;0.1;0.1;0.1;0.1;0.1;0.1;0.0;0.1;0.1;0.1;0.0;0.0;0.0;0.0;0.1;0.1;0.1;0.10186523315641283;0.6420229974599178;0.8755142624989067;0.8686274509803922;0.692156862745098;0.30000000000000004;0.1;0.1;0.0;0.0;0.1;0.0;0.1;0.1;0.1;0.1;0.0;0.1;0.0;0.1;0.1;0.0;0.0;0.0;0.0;0.1;0.1;0.3392156862745098;0.9156862745098039;1.0;1.0;0.8921568627450981;0.8921568627450981;0.8490196078431372;0.10102248712653297;0.1;0.1;0.0;0.0;0.0;0.1;0.1;0.1;0.1;0.1;0.0;0.07743518016565158;0.0;0.1;0.0;0.0;0.0;0.0;0.1;0.10168918007344062;0.9588235294117646;1.0;0.884313725490196;0.8894489429410536;0.8725490196078431;0.8921568627450981;0.8921568627450981;0.10158005611978911;0.1;0.1;0.1;0.1;0.0;0.1;0.1;0.0;0.1;0.0;0.1;0.1;0.1;0.1;0.0;0.0;0.0;0.0;0.0;0.9431372549019608;1.0;1.0;0.37058823529411766;0.09293280672138812;0.12745098039215685;0.8921568627450981;1.0;0.5130446301830617;0.1;0.1;0.0;0.1;0.0;0.0;0.1;0.1;0.0;0.0;0.1;0.1;0.0;0.1;0.1;0.1;0.0;0.0;0.32702305920069685;1.0;1.0;0.20196078431372547;0.1;0.0;0.10394802719725184;0.6176470588235294;0.8921568627450981;0.711764705882353;0.1;0.1;0.1;0.1;0.0;0.00653998021045074;0.1;0.0;0.0;0.0;0.1;0.0;0.1;0.1;0.1;0.1;0.1;0.09759854406331468;0.7431372549019608;1.0;0.5784313725490197;0.09970832406468112;0.1;0.0;0.0;0.5352941176470588;1.0;0.729554451738418;0.1;0.1;0.0;0.1;0.0;0.0;0.1;0.1;0.0;0.0;0.1;0.0;0.1;0.1;0.1;0.1;0.1028499711679123;0.7274509803921568;1.0;0.8333333333333333;0.1;0.0;0.0;0.0;0.0;0.7352941176470588;1.0;0.5862745098039216;0.1;0.1;0.10784313725490197;0.11568627450980393;0.13695279374681832;0.3156862745098039;0.21058839559817455;0.11719656526084393;0.0;0.0;0.1;0.0;0.1;0.1;0.1;0.09876969479466499;0.24901960784313726;1.0;0.884313725490196;0.3549019607843137;0.1;0.1;0.0;0.0;0.0;0.6647058823529411;0.8921568627450981;0.8058823529411765;0.884313725490196;0.884313725490196;0.884313725490196;0.8921568627450981;0.8921568627450981;0.8921568627450981;0.8921568627450981;0.5352941176470588;0.1;0.0;0.1;0.1;0.0;0.1;0.1;0.0;0.1029509656813328;0.27254901960784317;0.2073275202898884;0.0;0.10215956358354232;0.10216730972033013;0.24901960784313723;0.7549019607843137;1.0;1.0;1.0;1.0;1.0;1.0;1.0;1.0;0.8921568627450981;1.0;0.8921568627450981;0.8921568627450981;0.1;0.0;0.0;0.0;0.1;0.1;0.1;0.1;0.0;0.4411764705882353;0.5588235294117647;0.5588235294117647;0.8647058823529411;0.8921568627450981;1.0;1.0;0.8921568627450981;1.0;0.8921568627450981;0.8921568627450981;1.0;0.8921568627450981;0.8921568627450981;1.0;0.8921568627450981;1.0;1.0;0.8401839901621504;0.1;0.1;0.1;0.1;0.0;0.1;0.1;0.1;0.5549019607843138;0.8921568627450981;1.0;0.8921568627450981;1.0;1.0;1.0;0.8921568627450981;1.0;0.8816891799188581;0.711764705882353;0.707843137254902;1.0;0.4176470588235295;0.28823529411764703;0.28823529411764703;0.9588235294117646;0.8921568627450981;0.7919921480559657;0.27254901960784317;0.0;0.0;0.1;0.0;0.0;0.0;0.0;0.09781711674472683;1.0;0.8607843137254902;0.7862745098039216;0.9862745098039215;0.6686274509803921;0.43528799919016964;0.7313725490196079;1.0;0.5784313725490197;0.28431372549019607;0.0;0.0992042687979744;0.1392156862745098;0.09810998621590367;0.11176470588235295;0.4254901960784314;0.8450980392156863;0.696078431372549;0.0;0.1;0.0746145322927004;0.0;0.1;0.0;0.0;0.1;0.0;0.0;0.9901960784313725;0.6725490196078432;0.0;0.0;0.10352091686200736;0.6843137254901961;1.0;0.5901960784313726;0.0;0.1;0.1;0.1;0.1;0.0;0.1823529411764706;0.8372549019607843;0.3308156966316927;0.04966404491103436;0.1;0.0;0.0;0.0;0.1;0.0;0.0;0.0;0.0;0.1;0.19803921568627453;0.09784187585778865;0.29607843137254897;0.3274509803921568;0.24509803921568626;0.24901960784313723;0.03725490196078432;0.1;0.0;0.1;0.1;0.1;0.1;0.1;0.0;0.0;0.0;0.0;0.0;0.0;0.0;0.0;0.1;0.1;0.0;0.1;0.0;0.1;0.1;0.0;0.1;0.1;0.0;0.1;0.1;0.1;0.0;0.1;0.1;0.0;0.1;0.1;0.0;0.1;0.1;0.1;0.1;0.0;0.1;0.0;0.1;0.1;0.0;0.0;0.0;0.1;0.0;0.1;0.1;0.1;0.0;0.0;0.0;0.1;0.0;0.0;0.1;0.1;0.0;0.1;0.0;0.0;0.1;0.1;0.1;0.1;0.0;0.0;0.0;0.0;0.0;0.1;0.0;0.0;0.0;0.1;0.0;0.0;0.1;0.1;0.1;0.0555250641537892;0.0;0.1;0.1;0.1;0.0;0.0;0.0;0.1;0.0;0.1;0.1;0.0;0.0;0.0;0.1;0.1;0.0;0.0;0.0;0.0;0.1;0.1;0.1;0.1;0.0;0.1;0.0;0.1;0.1;0.1;0.1;0.1;0.0;0.0;0.0;0.0;0.0;0.0;0.1;0.1;0.0;0.1;0.0;0.0;0.0;0.1;0.1;0.1;0.1;0.1;0.1;0.0;0.0;0.1;0.0;0.0;0.1;0.1;0.1;0.1;0.1;0.0;0.0;0.1;0.0;0.1;0.0;0.0;0.0;0.0;0.0;0.0;0.0;0.0;0.0;0.1;0.1;0.1;0.0;0.1;0.1;0.0;0.1;0.1;0.1;0.0;0.1;0.1;0.0;0.0;0.0;0.0;0.0;0.0;0.1;0.1;0.0;0.1;0.1;0.1;0.1;0.1;0.1;0.0;0.1;0.1;0.1;0.0;0.0;0.1;0.1;0.0;0.0;0.1;0.1;0.0;0.1;0.1;0.0;0.1;0.1;0.0;0.1;0.0;0.0;0.1;0.1,3.095319448,2.456713914871216,0.0,0.0,0.62509696,0.397410949,0.27264417099999994,0.25993847846984863,0.3524527890000001,0.22768601100000002,2.467142218,9626,198,198,0,4068,0,1575,673,3112,5396,0,0,3,4804,4679,125,3112,1567,0,1818,125,1285,4796,1,15621,,0.0
361,INFEASIBLE,certified_no_adversarial_example,feasibility,false,false,false,false,,,,0.653203489,0.027711153030395508,0.0,0.0,0.613955766,0.34169023,0.233333099,0.22141695022583008,0.380622667,0.27226553600000003,0.037818243,9626,174,174,0,4055,0,1587,683,3127,4771,0,0,3,4804,4693,111,3127,1566,0,1794,114,1236,4710,,603,0,
362,INFEASIBLE,certified_no_adversarial_example,feasibility,false,false,false,false,,,,0.820744519,0.030658721923828125,0.0,0.0,0.777375554,0.567872417,0.28498319999999994,0.2718050479888916,0.4923923540000001,0.209503137,0.042064781,9626,220,220,0,4062,0,1563,657,3124,5598,0,0,3,4804,4671,133,3124,1547,0,1837,135,1322,4861,,615,0,
363,INFEASIBLE,certified_no_adversarial_example,feasibility,false,false,false,false,,,,0.618843977,0.021990537643432617,0.0,0.0,0.583943313,0.370683172,0.24458547100000003,0.23209619522094727,0.33935784199999997,0.21326014100000001,0.033594873,9626,194,194,0,4054,0,1578,691,3109,5550,0,0,3,4804,4676,128,3109,1567,0,1828,131,1304,4829,,506,0,
364,INFEASIBLE,certified_no_adversarial_example,feasibility,false,false,false,false,,,,0.637141628,0.027030229568481445,0.0,0.0,0.59811445,0.35891959500000004,0.253893488,0.2413349151611328,0.34422096199999996,0.23919485499999993,0.037728512,9626,201,201,0,4025,0,1574,667,3159,4721,0,0,3,4804,4685,119,3159,1526,0,1809,121,1266,4763,,575,0,
365,INFEASIBLE,certified_no_adversarial_example,feasibility,false,false,false,false,,,,0.812275209,0.03925442695617676,0.0,0.0,0.759841342,0.506296521,0.380380578,0.36632561683654785,0.37946076399999995,0.253544821,0.050985842,9626,233,233,0,4067,0,1556,684,3086,6855,0,0,3,4804,4666,138,3086,1580,0,1849,142,1346,4902,,642,0,
366,INFEASIBLE,certified_no_adversarial_example,feasibility,false,false,false,false,,,,0.745553016,0.04308009147644043,0.0,0.0,0.689252524,0.478341936,0.336149413,0.32167625427246094,0.353103111,0.210910588,0.054824937,9626,242,242,0,4046,0,1553,666,3119,7102,0,0,3,4804,4657,147,3119,1538,0,1866,150,1380,4962,,748,0,
367,INFEASIBLE,certified_no_adversarial_example,feasibility,false,false,false,false,,,,0.929576902,0.17670798301696777,0.0,0.0,0.739719521,0.49513058,0.363998918,0.34877681732177734,0.37572060300000004,0.24458894100000006,0.188530532,9626,267,267,0,4063,0,1540,655,3101,7681,0,0,3,4804,4653,151,3101,1552,0,1873,153,1394,4987,,960,0,
368,INFEASIBLE,certified_no_adversarial_example,feasibility,false,false,false,false,,,,0.705827629,0.03498649597167969,0.0,0.0,0.657429563,0.421844284,0.29632879300000003,0.2819325923919678,0.36110076999999996,0.23558527899999998,0.046945646,9626,247,247,0,4055,0,1550,695,3079,5121,0,0,3,4804,4658,146,3079,1579,0,1865,150,1378,4958,,590,0,
369,INFEASIBLE,certified_no_adversarial_example,feasibility,false,false,false,false,,,,0.601658295,0.022707462310791016,0.0,0.0,0.567169865,0.35525111400000003,0.236874188,0.22437572479248047,0.33029567699999995,0.21191875099999996,0.033055279,9626,196,196,0,4030,0,1577,660,3163,4795,0,0,3,4804,4688,116,3163,1525,0,1803,118,1254,4742,,469,0,
370,INFEASIBLE,certified_no_adversarial_example,feasibility,false,false,false,false,,,,0.707438524,0.029610872268676758,0.0,0.0,0.664478085,0.43962573099999996,0.31323505599999996,0.2984604835510254,0.3512430290000001,0.2248523540000001,0.041522227,9626,246,246,0,4040,0,1550,670,3120,6831,0,0,3,4804,4654,150,3120,1534,0,1873,154,1394,4986,,526,0,
371,INFEASIBLE,certified_no_adversarial_example,feasibility,false,false,false,false,,,,0.520913077,0.02734827995300293,0.0,0.0,0.483494147,0.28253779300000004,0.17691458300000001,0.16710638999938965,0.30657956399999997,0.20095635399999995,0.036147241,9626,138,138,0,4003,0,1607,657,3221,3121,0,0,3,4804,4732,72,3221,1511,0,1716,75,1080,4437,,596,0,
372,INFEASIBLE,certified_no_adversarial_example,feasibility,false,false,false,false,,,,0.751817481,0.02718377113342285,0.0,0.0,0.713398668,0.35186133300000005,0.196805448,0.18535637855529785,0.51659322,0.3615373349999999,0.036938367,9626,171,171,0,4052,0,1584,681,3138,4263,0,0,3,4804,4701,103,3138,1563,0,1777,105,1202,4651,,740,0,
373,INFEASIBLE,certified_no_adversarial_example,feasibility,false,false,false,false,,,,0.902161119,0.037503957748413086,0.0,0.0,0.849982086,0.622800563,0.48300836099999994,0.4664933681488037,0.3669737250000001,0.22718152300000005,0.050715724,9626,282,282,0,4063,0,1530,681,3070,9022,0,0,3,4804,4638,166,3070,1568,0,1903,168,1454,5092,,646,0,
374,INFEASIBLE,certified_no_adversarial_example,feasibility,false,false,false,false,,,,0.777912925,0.03107595443725586,0.0,0.0,0.733155362,0.477026645,0.3345190559999999,0.32026100158691406,0.39863630600000005,0.25612871699999995,0.043457388,9626,240,240,0,4090,0,1555,672,3069,7485,0,0,3,4804,4655,149,3069,1586,0,1873,155,1394,4985,,560,0,
375,INFEASIBLE,certified_no_adversarial_example,feasibility,false,false,false,false,,,,0.782273939,0.03222489356994629,0.0,0.0,0.736171801,0.497141025,0.37538193699999994,0.36030149459838867,0.36078986400000007,0.239030776,0.044830269,9626,259,259,0,4058,0,1547,663,3099,7854,0,0,3,4804,4640,164,3099,1541,0,1901,168,1450,5084,,547,0,
376,INFEASIBLE,certified_no_adversarial_example,feasibility,false,false,false,false,,,,0.731011325,0.02815866470336914,0.0,0.0,0.689740985,0.46159871,0.336870044,0.3222978115081787,0.35287094100000005,0.228142275,0.03980739,9626,246,246,0,4059,0,1548,675,3098,6539,0,0,3,4804,4660,144,3098,1562,0,1861,148,1370,4944,,527,0,
377,SKIPPED_PREDICTED_IN_TARGETED,adversarial_example_found_or_best_known,feasibility,true,true,true,true,0.7384724000999636,-11.31621937437328;-9.62066281841146;-9.93916838203988;-4.053343232921428;5.287578958346149;-6.463668344440133;-15.955117081606602;-3.185804291541266;-5.4249607126192725;6.026051358446113,0.0;0.0;0.0;0.0;0.0;0.0;0.0;0.0;0.0;0.0;0.0;0.0;0.0;0.0;0.0;0.0;0.0;0.0;0.0;0.0;0.0;0.0;0.0;0.0;0.0;0.0;0.0;0.0;0.0;0.0;0.0;0.0;0.0;0.0;0.0;0.0;0.0;0.0;0.0;0.0;0.0;0.0;0.0;0.0;0.0;0.0;0.0;0.0;0.0;0.0;0.0;0.0;0.0;0.0;0.0;0.0;0.0;0.0;0.0;0.0;0.0;0.0;0.0;0.0;0.0;0.0;0.0;0.0;0.0;0.0;0.0;0.0;0.0;0.0;0.0;0.0;0.0;0.0;0.0;0.0;0.0;0.0;0.0;0.0;0.0;0.0;0.0;0.0;0.0;0.0;0.0;0.0;0.0;0.0;0.0;0.0;0.0;0.0;0.0;0.0;0.0;0.0;0.0;0.0;0.0;0.0;0.0;0.0;0.0;0.0;0.0;0.0;0.0;0.0;0.0;0.0;0.0;0.0;0.0;0.0;0.0;0.0;0.0;0.0;0.0;0.0;0.0;0.0;0.0;0.0;0.0;0.0;0.0;0.0;0.0;0.0;0.0;0.0;0.0;0.0;0.0;0.0;0.0;0.0;0.0;0.0;0.0;0.0;0.0;0.0;0.0;0.0;0.0;0.0;0.0;0.0;0.0;0.0;0.0;0.0;0.0;0.0;0.0;0.0;0.0;0.0;0.0;0.0;0.0;0.0;0.0;0.0;0.0;0.0;0.0;0.0;0.0;0.0;0.0;0.0;0.0;0.0;0.0;0.0;0.0;0.0;0.0;0.0;0.0;0.0;0.0;0.0;0.0;0.0;0.0;0.0;0.0;0.0;0.0;0.0;0.0;0.0;0.0;0.0;0.0;0.0;0.0;0.0;0.0;0.0;0.0;0.0;0.0;0.0;0.0;0.0;0.0;0.0;0.0;0.0;0.0;0.0;0.0;0.0;0.0;0.0;0.0;0.0;0.0;0.0;0.0;0.0;0.0;0.0;0.0;0.0;0.0;0.0;0.08627450980392157;0.08235294117647059;0.0;0.0;0.0;0.0;0.0;0.0;0.0;0.0;0.0;0.0;0.0;0.0;0.0;0.0;0.0;0.0;0.0;0.0;0.0;0.0;0.0;0.0;0.0;0.0;0.4470588235294118;0.6941176470588235;0.9490196078431372;0.9372549019607843;0.1411764705882353;0.0;0.0;0.0;0.0;0.0;0.0;0.0;0.0;0.0;0.0;0.0;0.0;0.0;0.0;0.0;0.0;0.0;0.0;0.0;0.0;0.023529411764705882;0.44313725490196076;0.5882352941176471;0.984313725490196;0.996078431372549;0.996078431372549;0.9137254901960784;0.12156862745098039;0.0;0.0;0.0;0.0;0.0;0.0;0.0;0.0;0.0;0.0;0.0;0.0;0.0;0.0;0.0;0.0;0.0;0.0;0.09411764705882353;0.3058823529411765;0.7647058823529411;0.996078431372549;0.996078431372549;0.984313725490196;0.8117647058823529;0.996078431372549;0.996078431372549;0.20392156862745098;0.0;0.0;0.0;0.0;0.0;0.0;0.0;0.0;0.0;0.0;0.0;0.0;0.0;0.0;0.0;0.0;0.0;0.25098039215686274;0.807843137254902;1.0;0.996078431372549;0.9803921568627451;0.8588235294117647;0.3686274509803922;0.1411764705882353;0.9294117647058824;0.996078431372549;0.20392156862745098;0.0;0.0;0.0;0.0;0.0;0.0;0.0;0.0;0.0;0.0;0.0;0.0;0.0;0.0;0.0;0.0;0.0;0.07450980392156863;0.5333333333333333;0.403921568627451;0.38823529411764707;0.03137254901960784;0.0;0.0;0.0;0.8392156862745098;0.996078431372549;0.28627450980392155;0.0;0.0;0.0;0.0;0.0;0.0;0.0;0.0;0.0;0.0;0.0;0.0;0.0;0.0;0.0;0.0;0.0;0.0;0.0;0.0;0.0;0.0;0.0;0.0;0.0;0.8392156862745098;0.996078431372549;0.28627450980392155;0.0;0.0;0.0;0.0;0.0;0.0;0.0;0.0;0.0;0.0;0.0;0.0;0.0;0.0;0.0;0.0;0.0;0.17647058823529413;0.5725490196078431;0.5725490196078431;0.5725490196078431;0.5725490196078431;0.5725490196078431;0.5725490196078431;0.5725490196078431;0.9294117647058824;0.996078431372549;0.6588235294117647;0.5725490196078431;0.5725490196078431;0.5725490196078431;0.5725490196078431;0.7725490196078432;0.9803921568627451;0.9803921568627451;0.9803921568627451;0.7450980392156863;0.0;0.0;0.0;0.0;0.0;0.0;0.0;0.0;0.9019607843137255;0.996078431372549;0.996078431372549;0.996078431372549;0.996078431372549;0.996078431372549;0.996078431372549;0.996078431372549;0.996078431372549;0.996078431372549;0.996078431372549;0.996078431372549;0.996078431372549;0.996078431372549;0.996078431372549;0.996078431372549;0.996078431372549;0.984313725490196;0.6509803921568628;0.2196078431372549;0.0;0.0;0.0;0.0;0.0;0.0;0.0;0.0;0.5411764705882353;0.8745098039215686;0.8745098039215686;0.8745098039215686;0.8745098039215686;0.8745098039215686;0.8745098039215686;0.8745098039215686;0.9294117647058824;0.996078431372549;0.8980392156862745;0.8745098039215686;0.7333333333333333;0.4196078431372549;0.1843137254901961;0.09803921568627451;0.058823529411764705;0.058823529411764705;0.0;0.0;0.0;0.0;0.0;0.0;0.0;0.0;0.0;0.0;0.0;0.0;0.0;0.0;0.0;0.0;0.0;0.0;0.30196078431372547;0.6901960784313725;0.1411764705882353;0.0;0.0;0.0;0.0;0.0;0.0;0.0;0.0;0.0;0.0;0.0;0.0;0.0;0.0;0.0;0.0;0.0;0.0;0.0;0.0;0.0;0.0;0.0;0.0;0.0;0.0;0.0;0.0;0.0;0.0;0.0;0.0;0.0;0.0;0.0;0.0;0.0;0.0;0.0;0.0;0.0;0.0;0.0;0.0;0.0;0.0;0.0;0.0;0.0;0.0;0.0;0.0;0.0;0.0;0.0;0.0;0.0;0.0;0.0;0.0;0.0;0.0;0.0;0.0;0.0;0.0;0.0;0.0;0.0;0.0;0.0;0.0;0.0;0.0;0.0;0.0;0.0;0.0;0.0;0.0;0.0;0.0;0.0;0.0;0.0;0.0;0.0;0.0;0.0;0.0;0.0;0.0;0.0;0.0;0.0;0.0;0.0;0.0;0.0;0.0;0.0;0.0;0.0;0.0;0.0;0.0;0.0;0.0;0.0;0.0;0.0;0.0;0.0;0.0;0.0;0.0;0.0;0.0;0.0;0.0;0.0;0.0;0.0;0.0;0.0;0.0;0.0;0.0;0.0;0.0;0.0;0.0;0.0;0.0;0.0;0.0;0.0;0.0;0.0;0.0;0.0;0.0;0.0;0.0;0.0;0.0;0.0;0.0;0.0;0.0;0.0;0.0;0.0;0.0;0.0;0.0;0.0;0.0;0.0;0.0;0.0;0.0;0.0;0.0;0.0;0.0;0.0;0.0;0.0;0.0;0.0;0.0;0.0;0.0;0.0;0.0;0.0;0.0;0.0;0.0;0.0;0.0;0.0;0.0;0.0;0.0;0.0;0.0;0.0;0.0;0.0;0.0;0.0;0.0;0.0;0.0;0.0;0.0;0.0;0.0;0.0;0.0;0.0;0.0;0.0;0.0;0.0;0.0;0.0;0.0;0.0;0.0;0.0;0.0;0.0;0.0;0.0;0.0;0.0;0.0;0.0;0.0;0.0;0.0;0.0;0.0;0.0;0.0;0.0;0.0;0.0;0.0;0.0;0.0;0.0;0.0;0.0;0.0;0.0;0.0;0.0;0.0;0.0;0.0;0.0;0.0;0.0;0.0;0.0;0.0;0.0;0.0;0.0;0.0;0.0;0.0;0.0;0.0;0.0;0.0;0.0;0.0;0.0,0.002610857,0.0,0.0,0.0,,,,,,,,,,,,,,,,,,,,,,,,,,,,,,,,,,
378,INFEASIBLE,certified_no_adversarial_example,feasibility,false,false,false,false,,,,0.5123785,0.023470163345336914,0.0,0.0,0.478511778,0.290723273,0.183837779,0.17315673828125,0.294673999,0.187788505,0.032688129,9626,164,164,0,3978,0,1595,640,3249,3546,0,0,3,4804,4711,93,3249,1462,0,1757,95,1162,4581,,511,0,
379,INFEASIBLE,certified_no_adversarial_example,feasibility,false,false,false,false,,,,0.532022704,0.020045995712280273,0.0,0.0,0.501317857,0.275853546,0.18093662500000005,0.17093777656555176,0.3203812319999999,0.22546431099999997,0.029359474,9626,145,145,0,3985,0,1604,641,3251,3509,0,0,3,4804,4717,87,3251,1466,0,1747,91,1142,4545,,449,0,
380,INFEASIBLE,certified_no_adversarial_example,feasibility,false,false,false,false,,,,0.579228722,0.02065110206604004,0.0,0.0,0.547173029,0.346543799,0.22327498099999993,0.2112293243408203,0.32389804800000005,0.20062923,0.030719561,9626,185,185,0,4034,0,1580,663,3164,4922,0,0,3,4804,4696,108,3164,1532,0,1784,108,1217,4677,,539,0,
381,INFEASIBLE,certified_no_adversarial_example,feasibility,false,false,false,false,,,,0.69731391,0.020815134048461914,0.0,0.0,0.660152881,0.4129909580000001,0.29184946600000006,0.27806806564331055,0.36830341499999997,0.24716192299999995,0.035756933,9626,209,209,0,4076,0,1569,703,3069,6368,0,0,3,4804,4669,135,3069,1600,0,1838,135,1325,4866,,511,0,
382,SKIPPED_PREDICTED_IN_TARGETED,adversarial_example_found_or_best_known,feasibility,true,true,true,true,0.8035999846533031,-6.5366797110128925;-7.846000956749322;0.9836872109167376;3.146723197789054;-8.79486037981519;-6.480337466701446;-13.181225210672011;3.9503231824423573;-5.19205743912975;-3.8832690527601956,0.0;0.0;0.0;0.0;0.0;0.0;0.0;0.0;0.0;0.0;0.0;0.0;0.0;0.0;0.0;0.0;0.0;0.0;0.0;0.0;0.0;0.0;0.0;0.0;0.0;0.0;0.0;0.0;0.0;0.0;0.0;0.0;0.0;0.0;0.0;0.0;0.0;0.0;0.0;0.0;0.0;0.0;0.0;0.0;0.0;0.0;0.0;0.0;0.0;0.0;0.0;0.0;0.0;0.0;0.0;0.0;0.0;0.0;0.0;0.0;0.0;0.0;0.0;0.0;0.29411764705882354;0.7764705882352941;0.16470588235294117;0.0;0.0;0.0;0.0;0.0;0.0;0.0;0.0;0.0;0.0;0.0;0.0;0.0;0.0;0.0;0.0;0.0;0.0;0.0;0.0;0.0;0.0;0.0;0.0;0.0;0.8313725490196079;0.996078431372549;0.792156862745098;0.06666666666666667;0.0;0.0;0.0;0.0;0.0;0.0;0.0;0.0;0.0;0.0;0.0;0.0;0.0;0.0;0.0;0.0;0.0;0.0;0.0;0.0;0.0;0.0;0.0;0.0;0.9490196078431372;0.8274509803921568;0.6274509803921569;0.0392156862745098;0.0;0.0;0.0;0.0;0.0;0.0;0.0;0.0;0.0;0.0;0.0;0.0;0.0;0.0;0.0;0.0;0.0;0.0;0.0;0.0;0.0;0.0;0.0;0.08235294117647059;0.9647058823529412;0.7254901960784313;0.0;0.0;0.0;0.0;0.0;0.0;0.0;0.0;0.0;0.0;0.0;0.0;0.0;0.0;0.0;0.0;0.0;0.0;0.0;0.0;0.0;0.0;0.0;0.0;0.0;0.6039215686274509;0.996078431372549;0.5411764705882353;0.0;0.0;0.0;0.0;0.0;0.0;0.0;0.0;0.0;0.0;0.0;0.0;0.0;0.0;0.0;0.0;0.0;0.0;0.0;0.0;0.0;0.0;0.0;0.0;0.0;0.8235294117647058;0.9058823529411765;0.27058823529411763;0.0;0.0;0.0;0.0;0.0;0.0;0.0;0.0;0.0;0.0;0.0;0.0;0.0;0.0;0.0;0.0;0.0;0.0;0.0;0.0;0.0;0.0;0.0;0.0;0.0;0.6627450980392157;0.996078431372549;0.2901960784313726;0.0;0.0;0.0;0.0;0.0;0.0;0.0;0.0;0.0;0.0;0.0;0.0;0.0;0.0;0.0;0.0;0.0;0.0;0.0;0.0;0.0;0.0;0.0;0.0;0.0;0.23137254901960785;0.9803921568627451;0.2235294117647059;0.0;0.0;0.0;0.0;0.0;0.0;0.0;0.0;0.0;0.0;0.0;0.0;0.0;0.0;0.0;0.0;0.0;0.0;0.0;0.0;0.0;0.0;0.0;0.0;0.0;0.23529411764705882;0.9882352941176471;0.24705882352941178;0.0;0.0;0.0;0.0;0.0;0.0;0.0;0.0;0.0;0.0;0.0;0.0;0.0;0.0;0.0;0.0;0.0;0.0;0.0;0.0;0.0;0.0;0.0;0.0;0.0;0.10196078431372549;0.9647058823529412;0.4627450980392157;0.0;0.0;0.0;0.0;0.0;0.0;0.0;0.0;0.0;0.0;0.0;0.3568627450980392;0.050980392156862744;0.0;0.0;0.0;0.0;0.0;0.0;0.0;0.0;0.0;0.0;0.0;0.0;0.0;0.9490196078431372;0.7411764705882353;0.0;0.0;0.0;0.0;0.0;0.0;0.0;0.0;0.0;0.0;0.0;0.611764705882353;0.5686274509803921;0.0;0.0;0.0;0.0;0.0;0.0;0.0;0.0;0.0;0.0;0.0;0.0;0.0;0.6274509803921569;0.7411764705882353;0.0;0.0;0.0;0.0;0.0;0.0;0.0;0.0;0.0;0.0;0.2196078431372549;0.9490196078431372;0.7411764705882353;0.0;0.0;0.0;0.0;0.0;0.0;0.0;0.0;0.0;0.0;0.0;0.0;0.0;0.27450980392156865;0.9450980392156862;0.06666666666666667;0.0;0.29411764705882354;0.396078431372549;0.0196078431372549;0.0;0.0;0.0;0.0;0.0;0.5607843137254902;0.996078431372549;0.5843137254901961;0.0;0.0;0.0;0.0;0.0;0.0;0.0;0.0;0.0;0.0;0.0;0.0;0.0;0.27450980392156865;0.996078431372549;0.23529411764705882;0.023529411764705882;0.8941176470588236;0.996078431372549;0.6392156862745098;0.07450980392156863;0.0;0.0;0.0;0.10196078431372549;0.9450980392156862;0.996078431372549;0.28627450980392155;0.0;0.0;0.0;0.0;0.0;0.0;0.0;0.0;0.0;0.0;0.0;0.0;0.0;0.06666666666666667;0.9215686274509803;0.5647058823529412;0.14901960784313725;0.9568627450980393;0.996078431372549;0.9686274509803922;0.5843137254901961;0.01568627450980392;0.0;0.0;0.4549019607843137;0.996078431372549;0.8313725490196079;0.16470588235294117;0.0;0.0;0.0;0.0;0.0;0.0;0.0;0.0;0.0;0.0;0.0;0.0;0.0;0.0;0.4588235294117647;0.9372549019607843;0.6862745098039216;0.996078431372549;0.8196078431372549;0.28627450980392155;0.8784313725490196;0.28627450980392155;0.0;0.043137254901960784;0.8588235294117647;0.996078431372549;0.6078431372549019;0.0;0.0;0.0;0.0;0.0;0.0;0.0;0.0;0.0;0.0;0.0;0.0;0.0;0.0;0.0;0.1568627450980392;0.8313725490196079;0.996078431372549;0.996078431372549;0.9254901960784314;0.09411764705882353;0.6823529411764706;0.9607843137254902;0.16470588235294117;0.3686274509803922;0.996078431372549;0.996078431372549;0.47843137254901963;0.0;0.0;0.0;0.0;0.0;0.0;0.0;0.0;0.0;0.0;0.0;0.0;0.0;0.0;0.0;0.0;0.24705882352941178;0.7176470588235294;0.9294117647058824;0.4117647058823529;0.0;0.047058823529411764;0.7411764705882353;0.8666666666666667;0.9372549019607843;0.996078431372549;0.9372549019607843;0.0784313725490196;0.0;0.0;0.0;0.0;0.0;0.0;0.0;0.0;0.0;0.0;0.0;0.0;0.0;0.0;0.0;0.0;0.0;0.44313725490196076;0.9882352941176471;0.35294117647058826;0.0;0.0;0.19215686274509805;0.6823529411764706;1.0;0.9686274509803922;0.3843137254901961;0.0;0.0;0.0;0.0;0.0;0.0;0.0;0.0;0.0;0.0;0.0;0.0;0.0;0.0;0.0;0.0;0.0;0.0;0.07450980392156863;0.2627450980392157;0.0;0.0;0.0;0.0;0.08235294117647059;0.8901960784313725;0.6;0.0;0.0;0.0;0.0;0.0;0.0;0.0;0.0;0.0;0.0;0.0;0.0;0.0;0.0;0.0;0.0;0.0;0.0;0.0;0.0;0.0;0.0;0.0;0.0;0.0;0.0;0.0;0.0;0.0;0.0;0.0;0.0;0.0;0.0;0.0;0.0;0.0;0.0;0.0;0.0;0.0;0.0;0.0;0.0;0.0;0.0;0.0;0.0;0.0;0.0;0.0;0.0;0.0;0.0;0.0;0.0;0.0;0.0;0.0;0.0;0.0;0.0;0.0;0.0;0.0;0.0;0.0;0.0;0.0;0.0;0.0;0.0;0.0;0.0;0.0;0.0;0.0;0.0;0.0;0.0;0.0;0.0;0.0;0.0;0.0;0.0;0.0;0.0;0.0;0.0;0.0;0.0;0.0;0.0;0.0;0.0;0.0;0.0;0.0;0.0;0.0;0.0;0.0;0.0;0.0;0.0;0.0;0.0;0.0;0.0;0.0;0.0;0.0;0.0;0.0;0.0;0.0;0.0;0.0;0.0;0.0;0.0;0.0;0.0;0.0;0.0;0.0;0.0;0.0;0.0;0.0;0.0;0.0;0.0;0.0;0.0;0.0;0.0;0.0;0.0;0.0;0.0;0.0;0.0;0.0;0.0;0.0;0.0;0.0;0.0;0.0;0.0;0.0;0.0;0.0;0.0;0.0;0.0;0.0;0.0;0.0;0.0;0.0;0.0;0.0;0.0;0.0;0.0;0.0;0.0;0.0;0.0;0.0;0.0;0.0;0.0,0.002637852,0.0,0.0,0.0,,,,,,,,,,,,,,,,,,,,,,,,,,,,,,,,,,
383,INFEASIBLE,certified_no_adversarial_example,feasibility,false,false,false,false,,,,0.575104064,0.028507709503173828,0.0,0.0,0.490586231,0.28839076399999997,0.176247195,0.16607022285461426,0.314339036,0.20219546700000002,0.083315865,9626,143,143,0,4057,0,1604,683,3139,3082,0,0,3,4804,4725,79,3139,1586,0,1730,82,1108,4486,,627,0,
384,INFEASIBLE,certified_no_adversarial_example,feasibility,false,false,false,false,,,,0.691671616,0.02634143829345703,0.0,0.0,0.654633563,0.30442961199999996,0.20041712399999997,0.1891498565673828,0.45421643899999997,0.350203951,0.035704422,9626,184,184,0,3992,0,1583,648,3219,3674,0,0,3,4804,4712,92,3219,1493,0,1755,94,1158,4574,,616,0,
385,INFEASIBLE,certified_no_adversarial_example,feasibility,false,false,false,false,,,,0.754367196,0.027239084243774414,0.0,0.0,0.712916522,0.491063025,0.35091112100000005,0.3359694480895996,0.36200540099999995,0.221853497,0.040163121,9626,239,239,0,4085,0,1554,677,3071,7871,0,0,3,4804,4642,162,3071,1571,0,1892,162,1433,5055,,568,0,
386,INFEASIBLE,certified_no_adversarial_example,feasibility,false,false,false,false,,,,0.525727438,0.023457050323486328,0.0,0.0,0.492184463,0.26670012900000006,0.16381529500000003,0.154069185256958,0.328369168,0.22548433399999995,0.032196032,9626,149,149,0,3969,0,1601,642,3265,2861,0,0,3,4804,4726,78,3265,1461,0,1728,81,1104,4479,,561,0,
387,INFEASIBLE,certified_no_adversarial_example,feasibility,false,false,false,false,,,,0.624373773,0.02972579002380371,0.0,0.0,0.58285295,0.354020478,0.24974891499999993,0.23738670349121094,0.3331040350000001,0.228832472,0.040093371,9626,200,200,0,4038,0,1574,665,3149,5293,0,0,3,4804,4686,118,3149,1537,0,1807,120,1262,4756,,563,0,
388,INFEASIBLE,certified_no_adversarial_example,feasibility,false,false,false,false,,,,0.856362744,0.04595685005187988,0.0,0.0,0.796720537,0.5514611229999999,0.41938310400000006,0.4042665958404541,0.37733743299999994,0.24525941400000006,0.058345573,9626,257,257,0,4026,0,1544,648,3151,7777,0,0,3,4804,4658,146,3151,1507,0,1865,150,1378,4958,,742,0,
389,INFEASIBLE,certified_no_adversarial_example,feasibility,false,false,false,false,,,,0.51868798,0.03125619888305664,0.0,0.0,0.476751103,0.288500234,0.182058475,0.17140483856201172,0.294692628,0.188250869,0.040587047,9626,169,169,0,3988,0,1591,633,3245,3593,0,0,3,4804,4710,94,3245,1465,0,1759,96,1166,4588,,666,0,
390,INFEASIBLE,certified_no_adversarial_example,feasibility,false,false,false,false,,,,0.488499511,0.014821052551269531,0.0,0.0,0.463590605,0.26009585599999996,0.15889021899999997,0.14898157119750977,0.30470038600000005,0.20349474900000003,0.02353975,9626,147,147,0,4031,0,1601,673,3174,2930,0,0,3,4804,4722,82,3174,1548,0,1735,84,1118,4504,,421,0,
391,INFEASIBLE,certified_no_adversarial_example,feasibility,false,false,false,false,,,,0.802365263,0.02766561508178711,0.0,0.0,0.762016162,0.535492623,0.268765751,0.25563907623291016,0.493250411,0.226523539,0.038909286,9626,211,210,0,4100,0,1571,677,3067,4711,0,0,3,4804,4669,135,3067,1602,0,1843,139,1334,4881,,533,0,
392,INFEASIBLE,certified_no_adversarial_example,feasibility,false,false,false,false,,,,0.735047431,0.14633727073669434,0.0,0.0,0.576200675,0.37060505399999993,0.24758140900000006,0.23491501808166504,0.328619266,0.20559562100000012,0.157397876,9626,193,193,0,4091,0,1579,681,3082,5130,0,0,3,4804,4674,130,3082,1592,0,1831,132,1310,4840,,744,0,
393,INFEASIBLE,certified_no_adversarial_example,feasibility,false,false,false,false,,,,0.969120398,0.032500267028808594,0.0,0.0,0.923572422,0.554857452,0.36703158799999996,0.3512556552886963,0.556540834,0.36871497,0.044083382,9626,240,240,0,4034,0,1553,656,3143,7611,0,0,3,4804,4665,139,3143,1522,0,1849,141,1346,4903,,636,0,
394,INFEASIBLE,certified_no_adversarial_example,feasibility,false,false,false,false,,,,0.485157027,0.01779627799987793,0.0,0.0,0.456030509,0.262788559,0.17118075900000002,0.16096997261047363,0.28484974999999996,0.19324195,0.027337901,9626,154,154,0,3985,0,1600,645,3242,2957,0,0,3,4804,4718,86,3242,1476,0,1744,89,1136,4535,,435,0,
395,INFEASIBLE,certified_no_adversarial_example,feasibility,false,false,false,false,,,,1.05125101,0.23714518547058105,0.0,0.0,0.798153637,0.54519274,0.3932178719999999,0.37771034240722656,0.40493576500000006,0.252960897,0.251726754,9626,278,278,0,4034,0,1534,636,3144,9188,0,0,3,4804,4638,166,3144,1494,0,1903,168,1454,5092,,1161,0,
396,INFEASIBLE,certified_no_adversarial_example,feasibility,false,false,false,false,,,,0.817497694,0.029782772064208984,0.0,0.0,0.774024525,0.530139602,0.39174897200000003,0.3759169578552246,0.38227555299999993,0.24388492299999998,0.042028559,9626,266,266,0,4080,0,1536,674,3070,8372,0,0,3,4804,4642,162,3070,1572,0,1896,165,1440,5067,,524,0,
397,INFEASIBLE,certified_no_adversarial_example,feasibility,false,false,false,false,,,,0.643232615,0.026271343231201172,0.0,0.0,0.602510278,0.37782511500000004,0.26552804,0.2527656555175781,0.336982238,0.22468516299999997,0.039230063,9626,185,185,0,4065,0,1583,664,3129,5627,0,0,3,4804,4685,119,3129,1556,0,1809,121,1266,4763,,472,0,
398,INFEASIBLE,certified_no_adversarial_example,feasibility,false,false,false,false,,,,0.643226831,0.01894521713256836,0.0,0.0,0.611870153,0.389176784,0.27839205999999994,0.2663860321044922,0.3334780930000001,0.22269336900000003,0.029539384,9626,166,166,0,4041,0,1591,690,3138,5629,0,0,3,4804,4685,119,3138,1547,0,1809,121,1266,4763,,456,0,
399,INFEASIBLE,certified_no_adversarial_example,feasibility,false,false,false,false,,,,0.560707357,0.0197904109954834,0.0,0.0,0.519495457,0.316933707,0.20538322199999998,0.19428229331970215,0.314112235,0.20256174999999998,0.039745345,9626,175,175,0,4029,0,1588,670,3164,4086,0,0,3,4804,4698,106,3164,1534,0,1780,106,1209,4663,,502,0,
400,INFEASIBLE,certified_no_adversarial_example,feasibility,false,false,false,false,,,,0.540471619,0.020729780197143555,0.0,0.0,0.508255936,0.30476841600000004,0.19446920199999998,0.18307209014892578,0.313786734,0.20348751999999992,0.030770422,9626,178,178,0,4038,0,1586,679,3145,3365,0,0,3,4804,4701,103,3145,1556,0,1778,106,1204,4654,,489,0,
401,INFEASIBLE,certified_no_adversarial_example,feasibility,false,false,false,false,,,,0.699406123,0.015073776245117188,0.0,0.0,0.671338929,0.432375231,0.31516780499999997,0.3010680675506592,0.35617112400000006,0.238963698,0.026708358,9626,231,231,0,4088,0,1555,672,3080,6482,0,0,3,4804,4662,142,3080,1582,0,1857,146,1362,4930,,169,0,
402,INFEASIBLE,certified_no_adversarial_example,feasibility,false,false,false,false,,,,0.675314728,0.039052724838256836,0.0,0.0,0.623650373,0.393993192,0.286290799,0.27307963371276855,0.33735957400000005,0.22965718100000004,0.050229927,9626,210,210,0,4048,0,1567,665,3136,6490,0,0,3,4804,4672,132,3136,1536,0,1835,134,1318,4854,,752,0,
403,INFEASIBLE,certified_no_adversarial_example,feasibility,false,false,false,false,,,,0.869836339,0.04797863960266113,0.0,0.0,0.806967012,0.5587158400000001,0.4148499079999999,0.3981921672821045,0.3921171040000001,0.2482511719999999,0.06143494,9626,274,274,0,4094,0,1536,702,3020,8644,0,0,3,4804,4624,180,3020,1604,0,1931,182,1510,5190,,753,0,
404,INFEASIBLE,certified_no_adversarial_example,feasibility,false,false,false,false,,,,1.124319042,0.42142438888549805,,0.0,0.687700228,0.45945117,0.33528322099999996,0.32118940353393555,0.352417007,0.22824905799999995,0.435154758,9626,217,217,0,4057,0,1568,664,3120,7703,0,0,3,4804,4651,153,3120,1531,0,1879,157,1406,5007,,1392,0,
405,INFEASIBLE,certified_no_adversarial_example,feasibility,false,false,false,false,,,,0.911494344,0.16931986808776855,0.0,0.0,0.729293978,0.470666386,0.33294102799999997,0.31888675689697266,0.39635295,0.25862759199999996,0.180736698,9626,218,218,0,4051,0,1566,675,3116,7391,0,0,3,4804,4670,134,3116,1554,0,1839,136,1326,4868,,878,0,
406,INFEASIBLE,certified_no_adversarial_example,feasibility,false,false,false,false,,,,0.701684769,0.02076864242553711,0.0,0.0,0.669401384,0.463603608,0.202137725,0.19033026695251465,0.46726365900000005,0.20579777600000004,0.030819291,9626,181,181,0,4071,0,1585,692,3097,3454,0,0,3,4804,4695,109,3097,1598,0,1786,109,1221,4684,,535,0,
407,INFEASIBLE,certified_no_adversarial_example,feasibility,false,false,false,false,,,,1.155670837,0.5691616535186768,,0.0,0.573218854,0.35637970100000005,0.24375888699999998,0.23134565353393555,0.3294599670000001,0.216839153,0.580982768,9626,188,188,0,4122,0,1580,694,3042,5610,0,0,3,4804,4669,135,3042,1627,0,1843,139,1334,4881,,1241,0,
408,INFEASIBLE,certified_no_adversarial_example,feasibility,false,false,false,false,,,,0.618316967,0.02255082130432129,0.0,0.0,0.584625789,0.33233818400000004,0.216173723,0.204664945602417,0.3684520659999999,0.2522876049999999,0.03238418,9626,181,181,0,4077,0,1585,694,3089,3790,0,0,3,4804,4699,105,3089,1610,0,1781,107,1210,4665,,558,0,
409,INFEASIBLE,certified_no_adversarial_example,feasibility,false,false,false,false,,,,0.800914872,0.03953409194946289,0.0,0.0,0.747580151,0.5069820279999999,0.37618001000000006,0.361281156539917,0.3714001409999999,0.24059812300000005,0.05194378,9626,245,245,0,4070,0,1554,682,3075,7897,0,0,3,4804,4644,160,3075,1569,0,1892,163,1432,5053,,668,0,
410,INFEASIBLE,certified_no_adversarial_example,feasibility,false,false,false,false,,,,0.447229947,0.012174606323242188,0.0,0.0,0.425692076,0.22734062200000005,0.13749398799999998,0.12835264205932617,0.288198088,0.19835145399999993,0.020088869,9626,117,117,0,3993,0,1617,660,3239,2752,0,0,3,4804,4736,68,3239,1497,0,1704,68,1057,4397,,410,0,
411,INFEASIBLE,certified_no_adversarial_example,feasibility,false,false,false,false,,,,0.537950653,0.0186464786529541,0.0,0.0,0.508615064,0.31017675,0.19109339799999997,0.18029117584228516,0.31752166600000004,0.198438314,0.027874702,9626,170,170,0,4024,0,1590,669,3173,3757,0,0,3,4804,4709,95,3173,1536,0,1761,97,1170,4595,,504,0,
412,INFEASIBLE,certified_no_adversarial_example,feasibility,false,false,false,false,,,,0.512129707,0.02067255973815918,0.0,0.0,0.481397882,0.276628889,0.16988207900000002,0.15985965728759766,0.311515803,0.204768993,0.029277948,9626,145,145,0,4003,0,1603,644,3231,3434,0,0,3,4804,4724,80,3231,1493,0,1728,80,1105,4481,,520,0,
413,INFEASIBLE,certified_no_adversarial_example,feasibility,false,false,false,false,,,,0.609407448,0.047367095947265625,0.0,0.0,0.551403164,0.33986667600000003,0.213394024,0.20149827003479004,0.33800914000000004,0.21153648799999997,0.056634578,9626,161,161,0,4103,0,1592,706,3064,3901,0,0,3,4804,4708,96,3064,1644,0,1760,96,1169,4593,,629,0,
414,INFEASIBLE,certified_no_adversarial_example,feasibility,false,false,false,false,,,,0.61455536,0.035902976989746094,0.0,0.0,0.56695169,0.321221932,0.20610366799999996,0.1949629783630371,0.36084802200000005,0.24572975800000002,0.046138225,9626,164,164,0,4068,0,1595,685,3114,4287,0,0,3,4804,4693,111,3114,1579,0,1793,113,1234,4707,,776,0,
415,INFEASIBLE,certified_no_adversarial_example,feasibility,false,false,false,false,,,,1.007063469,0.16676092147827148,0.0,0.0,0.828185865,0.624524664,0.34188911499999997,0.3292217254638672,0.48629675000000006,0.20366120100000007,0.177547388,9626,209,209,0,4029,0,1570,639,3179,6998,0,0,3,4804,4686,118,3179,1507,0,1807,120,1262,4756,,899,0,
416,INFEASIBLE,certified_no_adversarial_example,feasibility,false,false,false,false,,,,0.532150409,0.025539636611938477,0.0,0.0,0.49532479,0.301286362,0.18643608099999998,0.1752152442932129,0.30888870900000004,0.19403842800000004,0.035374812,9626,168,168,0,4021,0,1590,657,3190,3554,0,0,3,4804,4707,97,3190,1517,0,1762,97,1173,4600,,623,0,
417,INFEASIBLE,certified_no_adversarial_example,feasibility,false,false,false,false,,,,0.485233224,0.012553691864013672,0.0,0.0,0.462964606,0.263614052,0.13214985299999998,0.12286114692687988,0.330814753,0.199350554,0.02096685,9626,127,127,0,3989,0,1613,658,3239,2308,0,0,3,4804,4734,70,3239,1495,0,1708,70,1065,4411,,424,0,
418,INFEASIBLE,certified_no_adversarial_example,feasibility,false,false,false,false,,,,0.673446906,0.048007965087890625,0.0,0.0,0.613585967,0.384437295,0.26070780500000007,0.247694730758667,0.35287816199999994,0.229148672,0.058575957,9626,223,223,0,4036,0,1560,641,3166,5525,0,0,3,4804,4685,119,3166,1519,0,1811,123,1270,4769,,851,0,
419,INFEASIBLE,certified_no_adversarial_example,feasibility,false,false,false,false,,,,0.820589304,0.02883315086364746,0.0,0.0,0.778081732,0.55740251,0.40505141299999997,0.38959622383117676,0.373030319,0.220679222,0.041061856,9626,263,263,0,4064,0,1538,654,3107,8505,0,0,3,4804,4652,152,3107,1545,0,1876,155,1400,4997,,545,0,
420,INFEASIBLE,certified_no_adversarial_example,feasibility,false,false,false,false,,,,0.617015925,0.04647064208984375,0.0,0.0,0.559041202,0.36023598900000003,0.23905512699999998,0.22747159004211426,0.319986075,0.19880521299999993,0.056541044,9626,189,189,0,3981,0,1582,629,3245,5184,0,0,3,4804,4694,110,3245,1449,0,1792,113,1232,4703,,864,0,
421,INFEASIBLE,certified_no_adversarial_example,feasibility,false,false,false,false,,,,0.746471398,0.11713910102844238,0.0,0.0,0.616662084,0.4070431309999999,0.28773460700000003,0.2744612693786621,0.32892747699999997,0.2096189530000001,0.128462969,9626,215,215,0,4016,0,1569,654,3172,6340,0,0,3,4804,4669,135,3172,1497,0,1843,139,1334,4881,,718,0,
422,INFEASIBLE,certified_no_adversarial_example,feasibility,false,false,false,false,,,,0.833638113,0.047983407974243164,0.0,0.0,0.77204601,0.537037708,0.381218787,0.3658275604248047,0.39082722299999995,0.235008302,0.060160208,9626,262,262,0,4051,0,1541,688,3084,7039,0,0,3,4804,4657,147,3084,1573,0,1869,153,1386,4971,,773,0,
423,INFEASIBLE,certified_no_adversarial_example,feasibility,false,false,false,false,,,,0.599032408,0.021984338760375977,0.0,0.0,0.565759536,0.34695798200000005,0.23656172299999995,0.22450900077819824,0.329197813,0.2188015539999999,0.031858402,9626,185,185,0,4039,0,1578,650,3174,5494,0,0,3,4804,4697,107,3174,1523,0,1786,110,1220,4682,,482,0,
424,INFEASIBLE,certified_no_adversarial_example,feasibility,false,false,false,false,,,,0.851531804,0.020672321319580078,0.0,0.0,0.818959816,0.45161991300000004,0.28556150399999997,0.272538423538208,0.5333983120000001,0.36733990299999997,0.031206703,9626,196,196,0,4048,0,1577,667,3138,5623,0,0,3,4804,4678,126,3138,1540,0,1820,126,1289,4803,,539,0,
425,INFEASIBLE,certified_no_adversarial_example,feasibility,false,false,false,false,,,,0.927423185,0.03744769096374512,0.0,0.0,0.874237292,0.634109517,0.48345225099999994,0.4653937816619873,0.39078504100000006,0.24012777500000004,0.051752555,9626,323,323,0,4075,0,1511,667,3050,9538,0,0,3,4804,4619,185,3050,1569,0,1942,188,1532,5228,,619,0,
426,INFEASIBLE,certified_no_adversarial_example,feasibility,false,false,false,false,,,,0.591776969,0.025441884994506836,0.0,0.0,0.553432545,0.29877729199999997,0.190613316,0.1799163818359375,0.3628192290000001,0.2546552530000001,0.036901648,9626,156,156,0,4055,0,1599,726,3090,3900,0,0,3,4804,4701,103,3090,1611,0,1777,105,1202,4651,,568,0,
427,INFEASIBLE,certified_no_adversarial_example,feasibility,false,false,false,false,,,,0.580752728,0.039663076400756836,0.0,0.0,0.528934334,0.333211108,0.23371627699999997,0.2218630313873291,0.29521805700000003,0.19572322600000003,0.050390567,9626,186,186,0,4018,0,1582,642,3198,5366,0,0,3,4804,4691,113,3198,1493,0,1799,117,1246,4727,,676,0,
428,INFEASIBLE,certified_no_adversarial_example,feasibility,false,false,false,false,,,,0.624769235,0.05108308792114258,0.0,0.0,0.562563751,0.358125505,0.23335042899999994,0.22209692001342773,0.3292133220000001,0.204438246,0.06087933,9626,188,188,0,3983,0,1581,641,3233,4386,0,0,3,4804,4706,98,3233,1473,0,1771,104,1190,4628,,969,0,
429,INFEASIBLE,certified_no_adversarial_example,feasibility,false,false,false,false,,,,0.675155443,0.025973796844482422,0.0,0.0,0.636967319,0.404417113,0.28726777499999995,0.27414703369140625,0.3496995440000001,0.23255020600000004,0.036748186,9626,212,212,0,4042,0,1569,666,3137,5804,0,0,3,4804,4677,127,3137,1540,0,1826,130,1300,4822,,573,0,
430,INFEASIBLE,certified_no_adversarial_example,feasibility,false,false,false,false,,,,0.666428097,0.02512383460998535,0.0,0.0,0.629032892,0.41294806300000003,0.2892723750000001,0.2761530876159668,0.33976051699999993,0.21608482899999998,0.035945153,9626,218,218,0,4056,0,1566,675,3111,6647,0,0,3,4804,4667,137,3111,1556,0,1845,139,1338,4889,,554,0,
431,INFEASIBLE,certified_no_adversarial_example,feasibility,false,false,false,false,,,,0.538704592,0.01697993278503418,0.0,0.0,0.511153468,0.319632087,0.20805989600000002,0.19621682167053223,0.30309357200000003,0.19152138100000005,0.026232928,9626,177,177,0,3984,0,1587,638,3240,3907,0,0,3,4804,4707,97,3240,1467,0,1762,97,1173,4600,,446,0,
432,INFEASIBLE,certified_no_adversarial_example,feasibility,false,false,false,false,,,,1.371610487,0.3372981548309326,0.0,0.0,1.017788241,0.7786806519999999,0.6104155219999999,0.5906000137329102,0.40737271900000016,0.23910758900000018,0.35237824,9626,372,372,0,4065,0,1487,661,3041,11903,0,0,3,4804,4581,223,3041,1540,0,2018,226,1684,5494,,1421,0,
433,INFEASIBLE,certified_no_adversarial_example,feasibility,false,false,false,false,,,,0.558052008,0.019479990005493164,0.0,0.0,0.527165389,0.317611794,0.20944211299999999,0.19800019264221191,0.317723276,0.20955359499999998,0.029504414,9626,190,190,0,4011,0,1580,650,3195,3924,0,0,3,4804,4698,106,3195,1503,0,1784,109,1216,4675,,457,0,
434,INFEASIBLE,certified_no_adversarial_example,feasibility,false,false,false,false,,,,0.718180292,0.03731942176818848,0.0,0.0,0.667853891,0.445000701,0.312261255,0.29749441146850586,0.355592636,0.22285319000000003,0.048879365,9626,219,219,0,4055,0,1566,667,3119,6831,0,0,3,4804,4662,142,3119,1543,0,1855,144,1358,4924,,690,0,
435,INFEASIBLE,certified_no_adversarial_example,feasibility,false,false,false,false,,,,0.606095128,0.03285360336303711,0.0,0.0,0.561699456,0.35611614799999997,0.23719119799999994,0.22599363327026367,0.3245082580000001,0.20558330800000008,0.042962304,9626,172,172,0,4020,0,1591,649,3194,5285,0,0,3,4804,4696,108,3194,1502,0,1789,112,1226,4692,,637,0,
436,INFEASIBLE,certified_no_adversarial_example,feasibility,false,false,false,false,,,,0.548754524,0.03082418441772461,0.0,0.0,0.505134537,0.314147011,0.171999585,0.16154837608337402,0.333134952,0.19098752600000002,0.042229518,9626,145,145,0,4048,0,1602,672,3159,3790,0,0,3,4804,4711,93,3159,1552,0,1759,97,1166,4587,,649,0,
437,INFEASIBLE,certified_no_adversarial_example,feasibility,false,false,false,false,,,,0.854364564,0.03348040580749512,0.0,0.0,0.807840623,0.43058947,0.31953682699999997,0.3059539794921875,0.48830379600000007,0.37725115300000006,0.045049993,9626,216,216,0,4059,0,1561,668,3122,7256,0,0,3,4804,4662,142,3122,1540,0,1856,145,1360,4927,,616,0,
438,INFEASIBLE,certified_no_adversarial_example,feasibility,false,false,false,false,,,,0.656554593,0.032470703125,0.0,0.0,0.611046117,0.39172170799999995,0.263182576,0.25078248977661133,0.347863541,0.21932440900000005,0.044051907,9626,188,188,0,4130,0,1581,723,3004,5548,0,0,3,4804,4673,131,3004,1669,0,1833,133,1314,4847,,671,0,
439,INFEASIBLE,certified_no_adversarial_example,feasibility,false,false,false,false,,,,0.633564494,0.0323333740234375,0.0,0.0,0.589714835,0.356150859,0.24450068399999997,0.23253870010375977,0.345214151,0.233563976,0.042523303,9626,191,191,0,4020,0,1579,659,3177,5018,0,0,3,4804,4687,117,3177,1510,0,1802,117,1253,4740,,674,0,
440,INFEASIBLE,certified_no_adversarial_example,feasibility,false,false,false,false,,,,0.652167904,0.028241634368896484,0.0,0.0,0.61119537,0.401978756,0.272571367,0.25975584983825684,0.338624003,0.20921661400000002,0.039609421,9626,215,215,0,4030,0,1569,646,3166,5489,0,0,3,4804,4669,135,3166,1503,0,1841,137,1330,4875,,559,0,
441,INFEASIBLE,certified_no_adversarial_example,feasibility,false,false,false,false,,,,0.848244196,0.04331517219543457,0.0,0.0,0.790973803,0.5267649,0.394005556,0.3789374828338623,0.396968247,0.264208903,0.055974503,9626,260,260,0,4159,0,1546,696,2965,7920,0,0,3,4804,4635,169,2965,1670,0,1912,174,1472,5122,,700,0,
442,INFEASIBLE,certified_no_adversarial_example,feasibility,false,false,false,false,,,,0.726337369,0.03068709373474121,0.0,0.0,0.683278596,0.45742574900000005,0.32376352100000005,0.31032776832580566,0.3595150749999999,0.2258528469999999,0.041684395,9626,208,208,0,4065,0,1572,683,3098,6404,0,0,3,4804,4666,138,3098,1568,0,1844,138,1337,4887,,668,0,
443,INFEASIBLE,certified_no_adversarial_example,feasibility,false,false,false,false,,,,0.638269625,0.021103620529174805,0.0,0.0,0.605100359,0.389837448,0.270603688,0.25757431983947754,0.334496671,0.21526291100000006,0.031724861,9626,225,225,0,4070,0,1558,667,3106,5783,0,0,3,4804,4679,125,3106,1573,0,1821,127,1290,4805,,515,0,
444,INFEASIBLE,certified_no_adversarial_example,feasibility,false,false,false,false,,,,1.654564824,0.7974483966827393,,0.0,0.842728861,0.598372495,0.4731386390000001,0.4565114974975586,0.3695902219999999,0.244356366,0.810441819,9626,315,315,0,4021,0,1516,612,3162,9089,0,0,3,4804,4627,177,3162,1465,0,1925,179,1498,5169,,1777,0,
445,OPTIMAL,adversarial_example_found_or_best_known,feasibility,true,true,true,true,9.769962616701378e-15,-8.533409327576196;-10.417249154307404;4.855380002545978;1.1373592928055913;-16.547860761532906;-10.311799443719293;-15.077562168779927;-3.005175805859373;4.855380002545988;-5.370241945062409,0.0;0.1;0.1;0.0;0.0;0.0;0.0;0.1;0.1;0.0;0.0;0.0;0.1;0.0;0.0;0.1;0.1;0.1;0.1;0.0;0.0;0.0;0.0;0.0;0.0;0.1;0.1;0.0;0.1;0.1;0.1;0.1;0.1;0.1;0.1;0.1;0.1;0.0;0.0;0.1;0.1;0.1;0.1;0.0;0.0;0.0;0.0;0.0;0.1;0.0;0.0;0.0;0.1;0.1;0.1;0.0;0.0;0.1;0.1;0.0;0.0;0.0;0.0;0.1;0.1;0.0;0.0;0.1;0.1;0.1;0.1;0.1;0.1;0.1;0.1;0.0;0.0;0.1;0.1;0.0;0.0;0.1;0.1;0.0;0.0;0.0;0.0;0.0;0.1;0.0;0.0;0.1;0.1;0.0;0.1;0.1;0.1;0.1;0.1;0.1;0.0;0.1;0.0;0.0;0.1;0.1;0.1;0.0;0.1;0.1;0.0;0.0;0.0;0.1;0.1;0.0;0.0;0.0;0.0;0.1;0.1;0.0;0.0;0.1;0.1;0.1;0.1;0.1;0.0;0.1;0.1;0.0;0.0;0.1;0.1;0.0;0.0;0.1;0.1;0.0;0.1;0.1;0.1;0.1;0.1;0.0;0.0;0.1;0.0;0.0;0.1;0.0;0.1;0.1;0.1;0.0;0.1;0.0;0.1;0.0;0.0;0.0;0.0;0.1;0.0;0.1;0.0;0.1;0.0;0.1;0.1;0.1;0.1;0.0;0.0;0.1;0.0;0.0;0.0;0.0;0.0;0.1;0.1;0.1;0.1;0.1;0.1;0.0;0.4490196078431372;0.7313725490196078;0.7313725490196078;0.5705882352941176;0.0;0.1;0.0;0.0;0.06912344539294801;0.1;0.1;0.1;0.1;0.1;0.1;0.10241306514083748;0.17450980392156865;0.0;0.1;0.0;0.1;0.1;0.1;0.1;0.1;0.0;0.1;0.13523984137154713;0.8713719344512063;0.8882352941176471;0.8882352941176471;1.0;0.11176470588235293;0.0;0.0;0.1;0.0;0.1;0.1;0.1;0.1;0.0;0.09863677835834826;0.7431372549019608;0.8882352941176471;0.1549019607843137;0.0;0.0;0.0;0.1;0.1;0.1;0.1;0.0;0.0;0.7235294117647059;0.8921568627450981;0.8882352941176471;1.0;0.8882352941176471;0.4372549019607843;0.0;0.0;0.1;0.1;0.1;0.1;0.0;0.1;0.0;0.10220606033890527;0.8647058823529412;0.8882352941176471;0.5845103261651813;0.1;0.1;0.1;0.1;0.1;0.0;0.1;0.1;0.5967201918044006;1.0;1.0;0.5130478021985186;0.6450980392156863;0.8882352941176471;0.5973223294365336;0.0;0.0;0.0;0.0;0.1;0.1;0.1;0.0;0.0;0.09577257106181258;1.0;0.8921568627450981;0.6882352941176471;0.0;0.1;0.1;0.1;0.1;0.1;0.1;0.09215686274509804;1.0;1.0;0.5196078431372549;0.0;0.6254901960784314;0.8921568627450981;0.8450980392156863;0.0;0.0;0.1;0.0;0.1;0.0;0.1;0.0;0.0;0.43391654059701684;1.0;0.8215686274509804;0.6007828870239472;0.0;0.1;0.1;0.1;0.1;0.0;0.30000000000000004;0.9941176470588236;1.0;1.0;0.1;0.10335972675236418;0.6725490196078432;1.0;0.49935933004924804;0.0;0.0;0.1;0.1;0.1;0.1;0.1;0.1;0.12745098039215685;0.8294117647058823;0.8882352941176471;0.4019607843137255;0.025490196078431365;0.0;0.1;0.1;0.1;0.1;0.12745098039215685;0.8294117647058823;0.8882352941176471;0.7901960784313725;0.28823529411764703;0.0;0.28431372549019607;0.8882352941176471;1.0;0.31176470588235294;0.1;0.1;0.1;0.0;0.1;0.0;0.1;0.0;0.0;1.0;0.7910573163168915;0.013725490196078424;0.0;0.0;0.0;0.1;0.0;0.1;0.2862708347953522;0.8882352941176471;1.0;0.37948463140213057;0.0;0.0;0.24901960784313723;0.8882352941176471;1.0;0.18627450980392157;0.0;0.0;0.1;0.1;0.1;0.1;0.1;0.0;0.4019607843137255;1.0;0.6176470588235294;0.0;0.0;0.0;0.0;0.1;0.1;0.10784313725490197;0.8529411764705882;0.8882352941176471;0.9666666666666667;0.0;0.1;0.14313725490196078;0.696078431372549;0.7666666666666667;0.4764705882352941;0.0;0.0;0.0;0.1;0.0;0.1;0.0;0.1;0.0;0.6378622069144315;1.0;0.6635688137656993;0.0;0.0;0.0;0.0;0.1;0.13529411764705884;0.8098039215686275;0.9;0.7549019607843137;0.1565239594732874;0.1;0.0;0.15023313698885074;0.8921568627450981;0.778327675223666;0.1;0.1;0.0;0.1;0.1;0.1;0.1;0.0;0.0;0.1;0.6411764705882352;1.0;0.5352941176470588;0.0;0.0;0.0;0.0;0.0;0.7509803921568627;1.0;0.8764705882352941;0.3941176470588236;0.1;0.0996596453296984;0.0;0.5627450980392157;0.8568627450980393;0.3196078431372549;0.1;0.1;0.0;0.0;0.1;0.0;0.1;0.0;0.1;0.1;0.8490196078431372;1.0;0.21234686338747616;0.0;0.1;0.0;0.1;0.4254901960784314;1.0;0.8882352941176471;0.2343527169851045;0.0;0.1;0.0;0.0;0.0;0.13300816260409326;0.0;0.1;0.1;0.1;0.1;0.1;0.0;0.1;0.0;0.0;0.09954455413762589;0.8058823529411765;0.8882352941176471;0.37058823529411766;0.1;0.1;0.10055756121935173;0.34705882352941175;0.8411764705882353;0.8882352941176471;0.3549019607843137;0.0;0.0;0.1;0.1;0.0;0.0;0.0;0.0;0.1;0.1;0.1;0.1;0.1;0.0;0.1;0.0;0.1;0.1;1.0;1.0;0.37058823529411766;0.0;0.0;0.4019607843137255;0.8882352941176471;1.0;0.567244137537186;0.0;0.0;0.0;0.1;0.1;0.1;0.0;0.0;0.0;0.1;0.1;0.0;0.1;0.0;0.0;0.0;0.0;0.0;0.0988385609466642;0.8490196078431372;0.8921568627450981;0.40980392156862744;0.0;0.6098039215686275;0.9;0.8921568627450981;0.42143049896333834;0.0;0.0;0.0;0.0;0.1;0.1;0.1;0.1;0.0;0.0;0.1;0.1;0.1;0.1;0.0;0.0;0.1;0.0;0.0;0.0;0.5027165402625046;0.8882352941176471;0.9901960784313725;0.6607843137254902;0.8882352941176471;1.0;0.4575589808177992;0.10711727499401155;0.1;0.1;0.0;0.0;0.0;0.1;0.0;0.0;0.0;0.1;0.1;0.1;0.0;0.020654213037065022;0.0;0.0;0.1;0.1;0.1;0.0;0.08823529411764705;0.7901960784313725;1.0;0.7901960784313725;0.6176470588235294;0.3509803921568627;0.0;0.0;0.1;0.1;0.0;0.0;0.1;0.1;0.0;0.0;0.0;0.0;0.1;0.1;0.0;0.0;0.0;0.1;0.1;0.1;0.1;0.0;0.0;0.1609184837747105;0.17403153146516542;0.10702916941743457;0.1;0.0;0.1;0.1;0.07736140588884328;0.1;0.1;0.06356558532934692;0.0;0.0;0.1;0.0;0.1;0.0;0.1;0.0;0.1;0.0;0.1;0.0;0.1;0.1;0.1;0.1;0.0;0.0;0.1;0.1;0.0;0.0;0.0;0.0;0.1;0.1;0.0;0.0;0.0;0.0;0.1;0.1;0.0;0.0;0.1;0.1;0.1;0.1;0.0;0.1;0.1;0.0;0.1;0.0;0.0;0.1;0.0;0.1;0.1;0.1;0.0;0.1;0.0;0.1;0.1;0.0;0.0;0.0;0.1;0.0;0.0;0.0;0.0;0.0;0.0;0.0;0.0;0.1;0.1;0.1;0.1;0.1;0.0;0.0;0.0;0.0;0.1;0.1;0.0;0.1;0.1;0.1;0.0;0.0;0.0;0.0;0.1;0.1;0.0;0.0;0.0;0.0;0.1;0.1;0.1;0.1;0.1;0.1;0.1;0.0;0.0;0.1;0.0;0.1;0.0;0.1;0.1;0.1;0.0;0.0;0.1;0.0;0.0;0.1;0.0;0.1;0.0;0.0;0.0;0.1;0.0;0.0;0.0,2.946172676,2.1371285915374756,0.0,0.0,0.794335814,0.569808312,0.424402769,0.40976500511169434,0.36993304499999996,0.22452750199999993,2.148741011,9626,240,240,0,4070,0,1552,669,3095,8120,0,0,3,4804,4654,150,3095,1559,0,1868,150,1385,4971,1,11607,,0.0
446,OPTIMAL,adversarial_example_found_or_best_known,feasibility,true,true,true,true,-1.3322676295501878e-14,3.1006282332315314;-23.892017643991593;-8.803793947354558;-9.707137731832072;-5.089109944871039;-1.6120402103061284;3.1006282332315447;-9.440645733476893;-9.797896782521471;-4.967878696535755,0.1;0.0;0.0;0.1;0.1;0.0;0.0;0.1;0.1;0.0;0.0;0.0;0.0;0.0;0.0;0.1;0.1;0.0;0.0;0.1;0.0;0.0;0.0;0.1;0.1;0.0;0.1;0.0;0.1;0.0;0.1;0.1;0.1;0.0;0.0;0.1;0.0;0.0;0.0;0.0;0.0;0.0;0.1;0.1;0.1;0.1;0.0;0.1;0.0;0.0;0.0;0.0;0.0;0.1;0.0;0.0;0.1;0.0;0.0;0.1;0.1;0.0;0.0;0.1;0.0;0.0;0.0;0.0;0.0;0.0;0.0;0.1;0.1;0.0;0.0;0.1;0.0;0.0;0.0;0.0;0.0;0.1;0.0;0.0;0.0;0.1;0.1;0.1;0.0;0.0;0.0;0.1;0.0;0.1;0.0;0.0;0.0;0.0;0.0;0.1;0.0;0.0;0.0;0.0;0.0;0.1;0.0;0.1;0.1;0.1;0.1;0.0;0.1;0.0;0.0;0.1;0.1;0.0;0.0;0.0;0.0;0.1;0.0;0.0;0.0;0.0;0.0;0.1;0.1;0.0;0.0;0.0;0.0;0.1;0.0;0.0;0.0;0.1;0.1;0.0;0.1;0.1;0.1;0.0;0.0;0.0;0.0;0.0;0.0;0.1;0.0;0.1;0.0;0.1;0.1;0.3941176470588236;0.8960784313725491;1.0;1.0;0.9183742933854077;0.0;0.0;0.0;0.0;0.0;0.0;0.1;0.0;0.1;0.1;0.1;0.1;0.1;0.1;0.0;0.0;0.0;0.1;0.1;0.0;0.1;0.3156862745098039;0.5968752457970482;1.0;0.8921568627450981;1.0;1.0;0.8411764705882353;0.7196078431372549;0.24901960784313726;0.1;0.0;0.0;0.1;0.1;0.0;0.1;0.1;0.047272043111809006;0.1;0.0;0.1;0.0;0.1;0.0;0.1;0.0;0.10206172432122779;0.6411764705882353;0.8490196078431372;1.0;0.6568627450980392;0.6490196078431373;0.7000000000000001;0.8921568627450981;0.8921568627450981;0.6725490196078431;0.11568627450980393;0.1;0.0;0.0;0.1;0.0;0.0;0.0;0.1;0.1;0.1;0.1;0.1;0.0;0.0;0.1;0.37058823529411766;0.4490196078431373;0.6333333333333333;0.8921568627450981;0.9;0.3431372549019608;0.0;0.0;0.0;0.6254901960784314;0.8921568627450981;0.892156862745098;0.23333333333333334;0.1;0.0;0.0;0.1;0.0;0.0;0.1;0.1;0.1;0.1;0.0;0.1;0.14313725490196078;0.1732972851390029;0.6372549019607844;0.8497836863014335;0.6450980392156863;0.10302632319440092;0.8257513265851028;0.2545250822607978;0.0;0.0;0.0;0.1;0.10488291544549778;0.7980110999561862;0.8921568627450981;0.7962669390092685;0.0;0.1;0.0;0.1;0.0;0.0;0.0;0.1;0.1;0.0;0.0;0.0;0.6393423084475062;0.8921568627450981;0.7196078431372549;0.1;0.09786067304250266;0.303921568627451;0.9509803921568627;0.7470588235294118;0.1;0.0;0.0;0.1;0.09786639515741237;0.04117647058823529;0.8921568627450981;1.0;0.0;0.0;0.0;0.1;0.1;0.0;0.0;0.1;0.1;0.0;0.1;0.42627332373408267;0.6995307940662887;0.13261517094366382;0.2686274509803922;0.0;0.1;0.18627450980392157;0.303921568627451;0.10656990570498029;0.0;0.1;0.0;0.0;0.0;0.7862745098039216;0.8921568627450981;0.8215686274509804;0.0;0.0;0.1;0.0;0.0;0.0;0.0;0.1;0.1;0.0;0.0;0.0;0.1;0.0;0.0;0.1;0.0;0.0;0.0;0.1;0.1;0.1;0.1;0.0;0.0;0.9274509803921568;1.0;0.8215686274509804;0.0;0.0;0.0;0.1;0.0;0.1;0.09465705226067317;0.1;0.1;0.0;0.1;0.0;0.0;0.0;0.1;0.1;0.2019607843137255;0.7991980727016539;0.7745098039215687;0.1;0.0;0.1;0.0;0.0;0.0;0.9274509803921568;0.8764705882352941;0.3156862745098039;0.0;0.0;0.0;0.0;0.1;0.0;0.0;0.1;0.1;0.0;0.0;0.1;0.0;0.0;0.0;0.1;0.892156862745098;0.9470588235294117;0.09923504936846614;0.0;0.1;0.0;0.0;0.0;0.10117610994071086;0.7823529411764706;0.4411764705882353;0.0;0.0;0.0;0.0;0.1;0.0;0.0;0.1;0.1;0.1;0.1;0.0;0.1;0.0;0.0;0.1;0.1;0.692156862745098;0.794771163068173;0.08039215686274509;0.1;0.1;0.1;0.0;0.0;0.4137254901960784;0.3509803921568627;0.08823529411764705;0.0;0.0;0.1;0.0;0.0;0.0;0.1;0.0;0.1;0.1;0.1;0.1;0.1;0.1;0.0;0.0;0.23725490196078433;0.7470588235294118;1.0;0.17058823529411762;0.1;0.1;0.1;0.0;0.10392156862745097;0.8764705882352941;0.2686274509803922;0.0;0.0;0.0;0.0;0.0;0.0;0.0;0.0;0.1;0.1;0.1;0.1;0.0;0.1;0.0;0.0;0.1;0.18823143089431787;0.7745098039215687;1.0;0.37058823529411766;0.1;0.0;0.1;0.0;0.5155684871533475;0.7830413605540354;0.0;0.0;0.0;0.0;0.0;0.1;0.0;0.0;0.1;0.1;0.1;0.1;0.0;0.0;0.0;0.0;0.0;0.0;0.1;0.821153093876122;0.4019607843137255;0.0;0.1;0.1;0.0;0.4254901960784314;0.8803921568627451;0.3784313725490196;0.1;0.1;0.0;0.0;0.1;0.1;0.1;0.1;0.1;0.1;0.1;0.0;0.1;0.07995529686695117;0.0;0.1;0.0;0.1;0.2961586481674033;0.8633963079169937;0.42550075943393706;0.2411764705882353;0.0;0.1;0.5296018780466002;0.8864250050794544;0.7823529411764706;0.13137254901960785;0.1;0.0;0.1;0.08911671656506762;0.0;0.0;0.05850598868266465;0.1;0.1;0.1;0.1;0.1;0.0;0.0;0.0;0.0;0.0;0.0;0.5862745098039216;0.8921568627450981;1.0;0.7431372549019608;0.0;0.04117647058823529;0.8686274509803922;0.4019607843137255;0.033333333333333326;0.0;0.1;0.1;0.0;0.0;0.1;0.1;0.1;0.1;0.0;0.1;0.1;0.1;0.1;0.1;0.0;0.1;0.0;0.1;0.5103001034140465;0.8921568627450981;1.0;1.0;0.70895578355786;0.8921568627450981;0.5938732885906509;0.12352941176470589;0.0;0.1;0.1;0.0;0.1;0.1;0.1;0.1;0.0;0.0;0.0;0.1;0.1;0.1;0.0;0.0;0.0;0.0;0.1;0.0;0.5862745098039216;1.0;1.0;0.8921568627450981;0.8921568627450981;0.8921568627450981;0.0;0.0;0.0;0.0;0.0;0.0;0.0;0.1;0.1;0.0;0.0;0.0;0.0;0.0;0.1;0.1;0.0;0.1;0.0;0.0;0.0;0.0;0.3198744183368557;0.8600065865627773;0.8921568627450981;0.622175773087175;0.6243111880935767;0.711764705882353;0.0;0.1;0.0;0.1;0.0;0.0;0.1;0.1;0.1;0.0;0.0;0.0;0.0;0.1;0.1;0.1;0.0;0.0;0.0;0.0;0.1;0.1;0.1;0.892156862745098;0.8019607843137254;0.13843851554043943;0.0;0.0;0.0;0.1;0.1;0.1;0.0;0.0;0.1;0.1;0.1;0.1;0.1;0.1;0.0;0.1;0.1;0.1;0.0;0.1;0.0;0.0;0.1;0.0;0.1;0.0;0.0;0.0;0.0;0.1;0.1;0.1;0.1;0.0;0.0;0.0;0.0;0.1;0.1;0.0;0.1;0.0;0.0;0.0;0.1;0.1;0.0;0.0;0.0;0.0;0.1;0.0;0.1;0.1;0.0;0.0;0.0;0.0;0.1;0.1;0.1;0.0;0.0;0.0;0.1;0.1;0.1;0.1;0.1;0.1;0.0;0.0;0.1;0.0;0.1;0.0;0.0;0.0;0.0;0.0;0.0;0.1;0.0;0.1;0.0;0.1;0.0;0.1;0.0;0.0;0.1;0.0;0.0;0.0;0.0;0.0;0.1;0.1;0.1,6.959372137,5.93776273727417,0.0,0.0,1.005474006,0.773283945,0.558024455,0.5392394065856934,0.44744955100000006,0.23219006100000006,5.950851549,9626,316,316,0,4059,0,1514,657,3080,10458,0,0,3,4804,4621,183,3080,1541,0,1937,185,1522,5211,1,38135,,0.0
447,INFEASIBLE,certified_no_adversarial_example,feasibility,false,false,false,false,,,,1.047226572,0.0411832332611084,0.0,0.0,0.991996136,0.765714127,0.47053852199999996,0.45620012283325195,0.521457614,0.22628200900000006,0.053811428,9626,226,226,0,4093,0,1564,666,3077,8693,0,0,3,4804,4644,160,3077,1567,0,1891,162,1430,5050,,708,0,
448,INFEASIBLE,certified_no_adversarial_example,feasibility,false,false,false,false,,,,0.703669589,0.1302332878112793,0.0,0.0,0.561723687,0.32951485299999994,0.218670755,0.20667290687561035,0.343052932,0.23220883400000003,0.140629372,9626,193,193,0,4069,0,1577,659,3128,4516,0,0,3,4804,4689,115,3128,1561,0,1801,117,1250,4735,,719,0,
449,OPTIMAL,adversarial_example_found_or_best_known,feasibility,true,true,true,true,-2.1760371282653068e-14,-7.94554612500737;-12.497212150219983;-8.389568370756528;-2.7182178506660186;-5.648192808424972;-5.77859898731739;-14.60540021065021;-12.61569811739611;0.15656687838263728;0.15656687838265904,0.1;0.0;0.0;0.1;0.1;0.0;0.0;0.1;0.1;0.0;0.0;0.0;0.0;0.1;0.1;0.1;0.1;0.0;0.0;0.1;0.1;0.0;0.0;0.1;0.1;0.0;0.0;0.1;0.1;0.0;0.0;0.1;0.0;0.0;0.0;0.0;0.0;0.0;0.0;0.0;0.0;0.0;0.0;0.1;0.0;0.0;0.0;0.1;0.0;0.0;0.0;0.0;0.0;0.0;0.0;0.0;0.1;0.1;0.0;0.1;0.1;0.0;0.0;0.1;0.1;0.0;0.0;0.0;0.0;0.0;0.1;0.1;0.1;0.0;0.0;0.1;0.1;0.1;0.0;0.0;0.1;0.0;0.0;0.0;0.1;0.1;0.1;0.1;0.0;0.1;0.0;0.1;0.0;0.1;0.0;0.1;0.0;0.1;0.0;0.1;0.0;0.0;0.0;0.1;0.1;0.1;0.1;0.1;0.1;0.1;0.1;0.0;0.1;0.1;0.1;0.1;0.1;0.0;0.0;0.0;0.0;0.1;0.1;0.1;0.1;0.0;0.0;0.1;0.1;0.0;0.0;0.1;0.1;0.0;0.0;0.0;0.0;0.1;0.1;0.0;0.0;0.0;0.1;0.1;0.1;0.0;0.0;0.0;0.0;0.1;0.0;0.1;0.1;0.1;0.1;0.1;0.0;0.0;0.0;0.1;0.1;0.1;0.0;0.0;0.05192717231334787;0.1;0.1;0.1;0.1;0.0;0.1;0.0;0.0;0.0;0.0;0.0;0.0;0.1;0.1;0.0;0.1;0.1;0.0;0.1;0.1;0.0;0.0;0.1;0.1;0.0;0.0;0.0;0.0;0.0;0.0;0.1;0.0;0.1;0.0;0.0;0.0;0.1;0.1;0.0;0.1;0.1;0.1;0.0;0.0;0.1;0.0;0.1;0.0;0.0;0.1;0.0;0.1;0.1;0.0;0.0;0.0;0.0;0.0;0.1;0.1;0.0;0.0;0.0;0.0;0.1;0.1;0.0;0.0;0.1;0.1;0.0;0.0;0.1;0.1;0.1;0.1;0.1;0.16666666666666669;0.5117647058823529;0.5117647058823529;0.48039215686274506;0.0;0.0;0.0;0.0;0.0;0.1;0.0;0.0;0.0;0.0;0.1;0.1;0.0;0.0;0.0;0.0;0.1;0.36282515481439664;0.4553090215716365;0.1784313725490196;0.0;0.1;0.1;0.1;0.7156862745098039;0.8921568627450981;1.0;0.884313725490196;0.7705882352941177;0.480366298858913;0.13881356142029166;0.0;0.0;0.1;0.0;0.0;0.0;0.0;0.1;0.1;0.1;0.0;0.0;0.04117647058823529;0.6411764705882352;0.8764705882352941;0.8921568627450981;1.0;0.6372549019607844;0.0;0.0;0.1;0.5274509803921569;0.7352941176470588;0.7955327433661036;0.8921568627450981;1.0;0.8921568627450981;0.5823529411764706;0.0;0.0;0.1;0.1;0.1;0.0;0.1;0.1;0.0;0.0;0.24901960784313726;0.7489726075914431;0.8019607843137255;0.8921568627450981;0.8921568627450981;1.0;0.8921568627450981;0.8921568627450981;0.5862745098039216;0.1;0.1;0.1;0.0;0.11830443286099777;0.5470588235294118;1.0;1.0;0.849794335272143;0.0;0.0;0.1;0.1;0.0;0.0;0.1;0.0;0.1;0.16853250087831556;0.7078431372549019;1.0;0.8921568627450981;0.9823529411764705;0.7862745098039216;0.8803921568627451;1.0;0.8921568627450981;0.9823529411764705;0.2450980392156863;0.1;0.1;0.0;0.13529411764705884;0.6137254901960785;1.0;0.8921568627450981;0.46862745098039216;0.0;0.0;0.1;0.0;0.0;0.0;0.1;0.1;0.1;0.7039215686274509;1.0;1.0;0.6372549019607844;0.29215686274509806;0.1;0.24477345690199295;1.0;1.0;0.7931154505087296;0.1;0.0;0.1;0.1392156862745098;0.5196078431372549;0.8921568627450981;1.0;1.0;0.38235294117647056;0.0;0.0;0.0;0.0;0.0;0.0;0.1;0.0994602689146202;0.1;1.0;1.0;0.5745098039215687;0.12352941176470589;0.1;0.0;0.40980392156862744;1.0;0.9588235294117646;0.3392156862745098;0.15490196078431373;0.4490196078431372;0.8686274509803922;0.896078431372549;0.8921568627450981;0.8921568627450981;0.8921568627450981;0.7392156862745098;0.09796922021751199;0.0;0.0;0.1;0.0;0.0;0.0;0.0;0.1;0.5862745098039216;1.0;0.8921568627450981;0.3666666666666667;0.1;0.1;0.1026802900440184;0.37058823529411766;1.0;1.0;0.7905021616814555;0.8732365845731539;1.0;1.0;1.0;1.0;1.0;0.8372549019607843;0.1040697816753986;0.0;0.0;0.0;0.0;0.0;0.0;0.0;0.1;0.1;1.0;1.0;1.0;0.09616032122014972;0.1;0.09848554056374145;0.5392156862745098;0.8921568627450981;1.0;0.8921568627450981;0.8921568627450981;1.0;1.0;0.8921568627450981;1.0;1.0;0.8254901960784313;0.1;0.1;0.1;0.1;0.0;0.1;0.0;0.0;0.0;0.0;0.0;1.0;1.0;0.9588235294117646;0.7901960784313725;0.5901960784313726;0.5901960784313726;0.8490196078431372;1.0;0.8921568627450981;0.8921568627450981;0.8921568627450981;0.8907124109648772;0.6215686274509804;0.2058823529411765;0.40588235294117647;0.37450980392156863;0.1;0.1;0.1;0.0;0.1;0.0;0.0;0.0;0.0;0.0;0.1;0.1;1.0;0.8921568627450981;1.0;0.8921568627450981;0.8921568627450981;0.8921568627450981;1.0;1.0;0.9392156862745098;0.5470588235294118;0.22941176470588234;0.0;0.0;0.0;0.1;0.0;0.0;0.1;0.0;0.0;0.1;0.1;0.0;0.1;0.0;0.0;0.0;0.1;0.27647058823529413;0.8911896258617443;0.8882352941176471;0.9279746879590598;1.0;0.8807710549821868;0.7941176470588235;0.3247669878017957;0.1;0.0;0.1;0.0;0.1;0.0;0.0;0.1;0.0;0.1;0.1;0.0;0.1;0.0;0.0;0.0;0.0;0.0;0.0;0.1;0.1;0.09229626762577216;0.6843137254901961;0.7901960784313725;0.7901960784313725;0.3431372549019608;0.1;0.1;0.1;0.1;0.1;0.0;0.0;0.0;0.0;0.0;0.0;0.1;0.1;0.1;0.1;0.1;0.0;0.1;0.0;0.0;0.0;0.1;0.0;0.0;0.1;0.0;0.0;0.0;0.0;0.1;0.1;0.1;0.0;0.0;0.1;0.09873307958422883;0.0;0.0;0.0;0.1;0.0;0.0;0.0;0.0;0.0;0.0;0.0;0.0;0.0;0.1;0.0;0.0;0.1;0.1;0.0;0.0;0.0;0.0;0.1;0.1;0.0;0.0;0.0;0.0;0.0;0.0;0.0;0.0;0.1;0.1;0.1;0.1;0.0;0.0;0.1;0.0;0.0;0.0;0.0;0.0;0.0;0.0;0.0;0.0;0.0;0.0;0.0;0.0;0.0;0.1;0.0;0.1;0.1;0.0;0.1;0.0;0.1;0.0;0.1;0.0;0.1;0.1;0.1;0.0;0.0;0.0;0.0;0.0;0.0;0.0;0.0;0.0;0.0;0.0;0.1;0.1;0.0;0.1;0.1;0.1;0.1;0.1;0.0;0.0;0.1;0.1;0.0;0.0;0.0;0.0;0.1;0.0;0.1;0.0;0.0;0.0;0.1;0.0;0.0;0.0;0.0;0.0;0.0;0.0;0.1;0.0;0.0;0.0;0.1;0.0;0.0;0.0;0.1;0.0;0.1;0.0;0.1;0.1;0.1;0.0;0.0;0.0;0.0;0.0;0.1;0.1;0.0;0.0;0.0;0.0;0.0;0.0;0.0;0.0;0.0;0.0;0.1;0.1;0.0;0.0;0.1;0.1;0.0;0.0;0.1;0.0;0.0;0.0;0.1;0.1;0.0;0.0;0.1;0.0;0.0;0.0;0.1;0.0;0.0;0.0;0.1;0.0;0.1;0.1;0.1;0.1;0.1;0.1;0.0;0.1;0.0;0.0;0.0,4.246679162,3.6198604106903076,0.0,0.0,0.613255956,0.37584317,0.25771129200000004,0.24318742752075195,0.355544664,0.23741278600000004,3.630057381,9626,191,191,0,4063,0,1581,670,3121,4668,0,0,3,4804,4682,122,3121,1561,0,1815,124,1278,4784,1,26454,,0.0
450,SKIPPED_PREDICTED_IN_TARGETED,adversarial_example_found_or_best_known,feasibility,true,true,true,true,2.2410409404484843,-16.874292785828768;-18.693010771475816;-9.13870824613213;2.4236912277142713;-16.633377721453947;4.664732168162756;-12.837538205061414;-16.288981833070302;-5.341585905311758;-12.060242129602688,0.0;0.0;0.0;0.0;0.0;0.0;0.0;0.0;0.0;0.0;0.0;0.0;0.0;0.0;0.0;0.0;0.0;0.0;0.0;0.0;0.0;0.0;0.0;0.0;0.0;0.0;0.0;0.0;0.0;0.0;0.0;0.0;0.0;0.0;0.0;0.0;0.0;0.0;0.0;0.0;0.0;0.0;0.0;0.0;0.0;0.0;0.0;0.0;0.0;0.0;0.0;0.0;0.0;0.0;0.0;0.0;0.0;0.0;0.0;0.0;0.0;0.0;0.0;0.0;0.0;0.0;0.0;0.0;0.0;0.0;0.0;0.0;0.0;0.0;0.0;0.0;0.0;0.0;0.0;0.0;0.0;0.0;0.0;0.0;0.0;0.0;0.0;0.0;0.0;0.0;0.0;0.0;0.0;0.0;0.0;0.0;0.0;0.0;0.0;0.0;0.0;0.0;0.0;0.0;0.0;0.0;0.0;0.0;0.0;0.0;0.0;0.0;0.0;0.0;0.0;0.0;0.0;0.47843137254901963;0.996078431372549;0.996078431372549;0.40784313725490196;0.0;0.0;0.0;0.0;0.0;0.0;0.0;0.0;0.0;0.0;0.0;0.0;0.0;0.0;0.0;0.0;0.0;0.0;0.0;0.0;0.0;0.0;0.0;0.0;0.4745098039215686;0.9921568627450981;0.9921568627450981;0.6784313725490196;0.0;0.0;0.0;0.0;0.0;0.0;0.0;0.0;0.0;0.0;0.0;0.0;0.0;0.0;0.0;0.0;0.0;0.0;0.0;0.0;0.0;0.0;0.0;0.0;0.30196078431372547;0.9764705882352941;0.9921568627450981;0.6784313725490196;0.0;0.0;0.0;0.0;0.0;0.0;0.0;0.0;0.0;0.0;0.0;0.0784313725490196;0.3137254901960784;0.0;0.0;0.0;0.0;0.0;0.0;0.0;0.0;0.0;0.0;0.0;0.0;0.9450980392156862;0.9921568627450981;0.6784313725490196;0.0;0.0;0.050980392156862744;0.28627450980392155;0.0;0.0;0.0;0.0;0.0;0.0;0.39215686274509803;0.8705882352941177;0.9686274509803922;0.7529411764705882;0.0;0.0;0.0;0.0;0.0;0.0;0.0;0.0;0.0;0.0;0.0;0.9450980392156862;0.9921568627450981;0.7607843137254902;0.26666666666666666;0.3764705882352941;0.8196078431372549;0.9725490196078431;0.48627450980392156;0.12549019607843137;0.0;0.0;0.0;0.0;0.788235294117647;0.9921568627450981;0.9921568627450981;0.9137254901960784;0.11372549019607843;0.0;0.0;0.0;0.0;0.0;0.0;0.0;0.0;0.0;0.0;0.9450980392156862;0.9921568627450981;0.9921568627450981;0.9921568627450981;0.9921568627450981;0.9921568627450981;0.9921568627450981;0.9921568627450981;0.47058823529411764;0.0;0.0;0.0;0.0;0.6196078431372549;0.9372549019607843;0.9921568627450981;0.9921568627450981;0.803921568627451;0.0;0.0;0.0;0.0;0.0;0.0;0.0;0.0;0.0;0.0;0.9450980392156862;0.9921568627450981;0.9921568627450981;0.9921568627450981;0.9921568627450981;0.9921568627450981;0.9921568627450981;0.9921568627450981;0.8274509803921568;0.0;0.0;0.0;0.0;0.0;0.3764705882352941;0.9921568627450981;0.9921568627450981;0.9411764705882353;0.0;0.0;0.0;0.0;0.0;0.0;0.0;0.0;0.0;0.0;0.9450980392156862;0.9921568627450981;0.9921568627450981;0.9921568627450981;0.9921568627450981;0.9215686274509803;0.9529411764705882;0.9921568627450981;0.9921568627450981;0.0;0.0;0.0;0.0;0.0;0.21176470588235294;0.9921568627450981;0.9921568627450981;0.9411764705882353;0.0;0.0;0.0;0.0;0.0;0.0;0.0;0.0;0.0;0.0;0.9450980392156862;0.9921568627450981;0.9921568627450981;0.9921568627450981;0.9803921568627451;0.29411764705882354;0.6313725490196078;0.9921568627450981;0.9921568627450981;0.30980392156862746;0.0;0.0;0.0;0.0;0.21176470588235294;0.9921568627450981;0.9921568627450981;0.6352941176470588;0.0;0.0;0.0;0.0;0.0;0.0;0.0;0.0;0.0;0.0;0.9450980392156862;0.9921568627450981;0.9921568627450981;0.9921568627450981;0.5019607843137255;0.0;0.6313725490196078;0.9921568627450981;0.9921568627450981;0.5254901960784314;0.0;0.0;0.0;0.0;0.49019607843137253;0.9921568627450981;0.9921568627450981;0.4196078431372549;0.0;0.0;0.0;0.0;0.0;0.0;0.0;0.0;0.0;0.0;0.9490196078431372;0.996078431372549;0.996078431372549;0.8745098039215686;0.13725490196078433;0.0;0.3843137254901961;0.996078431372549;0.996078431372549;0.7529411764705882;0.023529411764705882;0.0;0.0;0.0;0.7372549019607844;1.0;1.0;0.4196078431372549;0.0;0.0;0.0;0.0;0.0;0.0;0.0;0.0;0.0;0.0;0.4470588235294118;0.9921568627450981;0.9921568627450981;0.7294117647058823;0.0;0.0;0.00784313725490196;0.596078431372549;0.9921568627450981;0.996078431372549;0.050980392156862744;0.0;0.0;0.0;0.7333333333333333;0.9921568627450981;0.9921568627450981;0.4196078431372549;0.0;0.0;0.0;0.0;0.0;0.0;0.0;0.0;0.0;0.0;0.4235294117647059;0.9921568627450981;0.9921568627450981;0.7294117647058823;0.0;0.0;0.0;0.5764705882352941;0.9921568627450981;0.996078431372549;0.5176470588235295;0.0;0.0;0.23921568627450981;0.9686274509803922;0.9921568627450981;0.9529411764705882;0.2627450980392157;0.0;0.0;0.0;0.0;0.0;0.0;0.0;0.0;0.0;0.0;0.4235294117647059;0.9921568627450981;0.9921568627450981;0.5607843137254902;0.0;0.0;0.0;0.13725490196078433;0.9921568627450981;0.996078431372549;0.7058823529411765;0.03529411764705882;0.0;0.26666666666666666;0.9921568627450981;0.9921568627450981;0.8862745098039215;0.0;0.0;0.0;0.0;0.0;0.0;0.0;0.0;0.0;0.0;0.0;0.6980392156862745;0.9921568627450981;0.9921568627450981;0.48627450980392156;0.0;0.0;0.0;0.054901960784313725;0.9921568627450981;0.996078431372549;0.9921568627450981;0.10196078431372549;0.0;0.6784313725490196;0.9921568627450981;0.9921568627450981;0.4745098039215686;0.0;0.0;0.0;0.0;0.0;0.0;0.0;0.0;0.0;0.0;0.0;0.3333333333333333;0.7803921568627451;0.7803921568627451;0.16470588235294117;0.0;0.0;0.0;0.01568627450980392;0.6470588235294118;0.996078431372549;0.9921568627450981;0.21176470588235294;0.23529411764705882;0.9411764705882353;0.9921568627450981;0.9607843137254902;0.2901960784313726;0.0;0.0;0.0;0.0;0.0;0.0;0.0;0.0;0.0;0.0;0.0;0.0;0.0;0.0;0.0;0.0;0.0;0.0;0.0;0.16470588235294117;1.0;0.9921568627450981;0.8784313725490196;0.7803921568627451;0.9921568627450981;0.9921568627450981;0.8352941176470589;0.0;0.0;0.0;0.0;0.0;0.0;0.0;0.0;0.0;0.0;0.0;0.0;0.0;0.0;0.0;0.0;0.0;0.0;0.0;0.0;0.0;0.6627450980392157;0.9921568627450981;0.9921568627450981;0.9921568627450981;0.9921568627450981;0.9921568627450981;0.7803921568627451;0.0;0.0;0.0;0.0;0.0;0.0;0.0;0.0;0.0;0.0;0.0;0.0;0.0;0.0;0.0;0.0;0.0;0.0;0.0;0.0;0.0;0.45098039215686275;0.9607843137254902;0.9921568627450981;0.9921568627450981;0.9921568627450981;0.9529411764705882;0.29411764705882354;0.0;0.0;0.0;0.0;0.0;0.0;0.0;0.0;0.0;0.0;0.0;0.0;0.0;0.0;0.0;0.0;0.0;0.0;0.0;0.0;0.0;0.0;0.4235294117647059;0.9921568627450981;0.9921568627450981;0.8549019607843137;0.12156862745098039;0.0;0.0;0.0;0.0;0.0;0.0;0.0;0.0;0.0;0.0;0.0;0.0;0.0;0.0;0.0;0.0;0.0;0.0;0.0;0.0;0.0;0.0;0.0;0.0;0.0;0.0;0.0;0.0;0.0;0.0;0.0;0.0;0.0;0.0;0.0;0.0;0.0;0.0;0.0;0.0;0.0;0.0;0.0;0.0;0.0;0.0;0.0;0.0;0.0;0.0;0.0;0.0;0.0;0.0;0.0;0.0;0.0;0.0;0.0;0.0;0.0;0.0;0.0;0.0;0.0;0.0;0.0;0.0;0.0;0.0;0.0;0.0;0.0;0.0;0.0;0.0;0.0;0.0;0.0;0.0;0.0;0.0;0.0;0.0;0.0;0.0;0.0;0.0;0.0;0.0;0.0;0.0;0.0;0.0;0.0;0.0;0.0;0.0;0.0;0.0;0.0;0.0;0.0;0.0;0.0;0.0;0.0;0.0;0.0;0.0;0.0;0.0;0.0;0.0;0.0;0.0;0.0;0.0;0.0,0.002324199,0.0,0.0,0.0,,,,,,,,,,,,,,,,,,,,,,,,,,,,,,,,,,
451,INFEASIBLE,certified_no_adversarial_example,feasibility,false,false,false,false,,,,0.50177998,0.0204007625579834,0.0,0.0,0.47111011,0.261957572,0.16845291,0.15775322914123535,0.3026572,0.209152538,0.029391434,9626,154,154,0,4076,0,1597,690,3109,2867,0,0,3,4804,4716,88,3109,1607,0,1744,88,1137,4537,,571,0,
452,INFEASIBLE,certified_no_adversarial_example,feasibility,false,false,false,false,,,,0.481618235,0.019479036331176758,0.0,0.0,0.451196442,0.247393794,0.14601136199999998,0.13634490966796875,0.30518508,0.20380264799999998,0.029023439,9626,130,130,0,4077,0,1610,713,3096,2223,0,0,3,4804,4727,77,3096,1631,0,1726,80,1100,4472,,451,0,
453,INFEASIBLE,certified_no_adversarial_example,feasibility,false,false,false,false,,,,0.667009984,0.03290820121765137,0.0,0.0,0.621669135,0.41578840699999997,0.277494168,0.2645561695098877,0.344174967,0.205880728,0.04388883,9626,213,213,0,4038,0,1570,668,3137,5363,0,0,3,4804,4675,129,3137,1538,0,1829,131,1306,4833,,660,0,
454,INFEASIBLE,certified_no_adversarial_example,feasibility,false,false,false,false,,,,0.758720059,0.022846698760986328,0.0,0.0,0.722153548,0.503927468,0.348114962,0.33246779441833496,0.374038586,0.21822608,0.035234727,9626,258,258,0,4078,0,1543,698,3049,7347,0,0,3,4804,4648,156,3049,1599,0,1884,159,1416,5025,,479,0,
455,INFEASIBLE,certified_no_adversarial_example,feasibility,false,false,false,false,,,,0.625453487,0.025439977645874023,0.0,0.0,0.588013529,0.37441562100000003,0.23747234099999998,0.2249898910522461,0.35054118800000006,0.213597908,0.03599348,9626,187,187,0,4042,0,1580,680,3137,4667,0,0,3,4804,4690,114,3137,1553,0,1799,116,1246,4728,,567,0,
456,INFEASIBLE,certified_no_adversarial_example,feasibility,false,false,false,false,,,,0.532505847,0.031458377838134766,0.0,0.0,0.490464646,0.297598734,0.18520560399999997,0.17497920989990234,0.30525904200000004,0.19286591200000003,0.040589073,9626,146,146,0,3999,0,1602,638,3241,3700,0,0,3,4804,4722,82,3241,1481,0,1736,85,1120,4507,,608,0,
457,INFEASIBLE,certified_no_adversarial_example,feasibility,false,false,false,false,,,,0.670094576,0.03710770606994629,0.0,0.0,0.620741325,0.376294412,0.26079377699999995,0.24807024002075195,0.35994754800000006,0.244446913,0.048027798,9626,198,198,0,4028,0,1575,665,3160,5874,0,0,3,4804,4675,129,3160,1515,0,1826,129,1301,4824,,766,0,
458,INFEASIBLE,certified_no_adversarial_example,feasibility,false,false,false,false,,,,0.849307917,0.04285740852355957,0.0,0.0,0.793632016,0.5888383370000001,0.309307375,0.29665517807006836,0.484324641,0.2047936789999999,0.054215223,9626,194,194,0,4050,0,1579,672,3131,6729,0,0,3,4804,4667,137,3131,1536,0,1845,139,1338,4889,,738,0,
459,INFEASIBLE,certified_no_adversarial_example,feasibility,false,false,false,false,,,,0.705272854,0.033715009689331055,0.0,0.0,0.657878091,0.446023642,0.324536098,0.3108086585998535,0.33334199300000006,0.21185444900000006,0.04595652,9626,224,224,0,4065,0,1562,648,3127,8086,0,0,3,4804,4659,145,3127,1532,0,1862,148,1372,4948,,633,0,
460,INFEASIBLE,certified_no_adversarial_example,feasibility,false,false,false,false,,,,0.686980414,0.01957249641418457,0.0,0.0,0.654991787,0.399069303,0.280500084,0.26737117767333984,0.37449170300000006,0.25592248400000006,0.030534507,9626,221,221,0,4054,0,1566,682,3103,4657,0,0,3,4804,4675,129,3103,1572,0,1831,133,1310,4839,,259,0,
461,INFEASIBLE,certified_no_adversarial_example,feasibility,false,false,false,false,,,,0.701082947,0.0431671142578125,0.0,0.0,0.646497312,0.42782491599999994,0.317287848,0.30492639541625977,0.32920946400000006,0.2186723960000001,0.053318556,9626,196,196,0,4029,0,1572,658,3171,6120,0,0,3,4804,4690,114,3171,1519,0,1799,116,1246,4728,,905,0,
462,INFEASIBLE,certified_no_adversarial_example,feasibility,false,false,false,false,,,,0.513719723,0.014977455139160156,0.0,0.0,0.488241522,0.294394783,0.18923427999999995,0.16409683227539062,0.29900724200000006,0.193846739,0.024111243,9626,161,161,0,4082,0,1595,693,3095,3493,0,0,3,4804,4714,90,3095,1619,0,1752,93,1152,4563,,407,0,
463,INFEASIBLE,certified_no_adversarial_example,feasibility,false,false,false,false,,,,0.520186167,0.019307851791381836,0.0,0.0,0.490394925,0.268284342,0.17528781699999998,0.16478705406188965,0.31510710799999997,0.22211058299999997,0.02842994,9626,166,166,0,4104,0,1593,702,3061,2732,0,0,3,4804,4719,85,3061,1658,0,1741,87,1130,4525,,478,0,
464,INFEASIBLE,certified_no_adversarial_example,feasibility,false,false,false,false,,,,0.684555581,0.018521785736083984,0.0,0.0,0.653709758,0.41095584199999996,0.29211145099999997,0.27860140800476074,0.361598307,0.24275391600000001,0.029408851,9626,235,235,0,4081,0,1557,675,3078,5836,0,0,3,4804,4668,136,3078,1590,0,1843,138,1334,4882,,472,0,
465,INFEASIBLE,certified_no_adversarial_example,feasibility,false,false,false,false,,,,1.270726723,0.24723172187805176,0.0,0.0,1.009037703,0.753057654,0.606440035,0.5897979736328125,0.40259766799999996,0.25598004899999993,0.260409557,9626,288,288,0,4076,0,1531,651,3080,11534,0,0,3,4804,4631,173,3080,1551,0,1918,176,1484,5144,,1093,0,
466,INFEASIBLE,certified_no_adversarial_example,feasibility,false,false,false,false,,,,0.534793198,0.026506900787353516,0.0,0.0,0.497735146,0.272030338,0.17815817,0.16738677024841309,0.319576976,0.22570480800000003,0.035700486,9626,168,168,0,4073,0,1592,693,3100,2840,0,0,3,4804,4711,93,3100,1611,0,1754,93,1157,4572,,636,0,
467,INFEASIBLE,certified_no_adversarial_example,feasibility,false,false,false,false,,,,0.968556189,0.04708051681518555,0.0,0.0,0.907687912,0.526270692,0.357726929,0.34241771697998047,0.549960983,0.38141722,0.059529504,9626,260,260,0,4065,0,1545,665,3091,7085,0,0,3,4804,4640,164,3091,1549,0,1900,167,1448,5081,,761,0,
468,INFEASIBLE,certified_no_adversarial_example,feasibility,false,false,false,false,,,,0.617065334,0.02653193473815918,0.0,0.0,0.578062118,0.375642217,0.263805881,0.25154852867126465,0.31425623699999994,0.20241990099999996,0.037565208,9626,194,194,0,4061,0,1577,666,3128,5320,0,0,3,4804,4686,118,3128,1558,0,1808,121,1264,4759,,574,0,
469,INFEASIBLE,certified_no_adversarial_example,feasibility,false,false,false,false,,,,0.5830375,0.0397489070892334,0.0,0.0,0.532335489,0.301887322,0.19116117100000005,0.1807703971862793,0.341174318,0.23044816700000004,0.049282763,9626,162,162,0,4061,0,1595,673,3135,3344,0,0,3,4804,4717,87,3135,1582,0,1747,91,1142,4545,,852,0,
470,INFEASIBLE,certified_no_adversarial_example,feasibility,false,false,false,false,,,,0.637511463,0.017705678939819336,0.0,0.0,0.607962871,0.40287428200000003,0.26544595299999996,0.2529900074005127,0.34251691800000006,0.205088589,0.028082333,9626,196,196,0,4070,0,1575,691,3094,5209,0,0,3,4804,4685,119,3094,1591,0,1809,121,1266,4763,,436,0,
471,INFEASIBLE,certified_no_adversarial_example,feasibility,false,false,false,false,,,,0.773912941,0.030405759811401367,0.0,0.0,0.729767267,0.500091455,0.3754884289999999,0.3612663745880127,0.35427883800000015,0.2296758120000001,0.042705138,9626,232,232,0,4067,0,1559,665,3103,7890,0,0,3,4804,4653,151,3103,1550,0,1875,155,1398,4993,,560,0,
472,INFEASIBLE,certified_no_adversarial_example,feasibility,false,false,false,false,,,,0.801739269,0.1640615463256836,0.0,0.0,0.614750996,0.41230643699999997,0.28498294,0.272580623626709,0.32976805600000003,0.20244455900000008,0.185524533,9626,203,203,0,4012,0,1573,652,3186,5785,0,0,3,4804,4684,120,3186,1498,0,1812,123,1272,4773,,758,0,
473,INFEASIBLE,certified_no_adversarial_example,feasibility,false,false,false,false,,,,0.706840575,0.05983281135559082,0.0,0.0,0.634536617,0.427271371,0.298900112,0.2857239246368408,0.335636505,0.20726524599999996,0.070846695,9626,218,218,0,4049,0,1565,668,3126,5784,0,0,3,4804,4680,124,3126,1554,0,1821,128,1290,4804,,1042,0,
474,INFEASIBLE,certified_no_adversarial_example,feasibility,false,false,false,false,,,,0.623656332,0.02578449249267578,0.0,0.0,0.585877942,0.386685905,0.27337869700000006,0.26123905181884766,0.3124992449999999,0.199192037,0.036335466,9626,218,218,0,3970,0,1567,613,3258,4923,0,0,3,4804,4688,116,3258,1430,0,1804,119,1256,4745,,497,0,
475,INFEASIBLE,certified_no_adversarial_example,feasibility,false,false,false,false,,,,0.727397389,0.03365755081176758,0.0,0.0,0.680023559,0.463868904,0.3258697139999999,0.31140875816345215,0.3541538450000001,0.21615465499999997,0.04591931,9626,242,242,0,4103,0,1551,681,3049,7006,0,0,3,4804,4657,147,3049,1608,0,1869,153,1386,4971,,552,0,
476,INFEASIBLE,certified_no_adversarial_example,feasibility,false,false,false,false,,,,0.692877543,0.029908180236816406,0.0,0.0,0.650807584,0.38667722,0.263496665,0.25086116790771484,0.38731091900000003,0.26413036400000006,0.040449302,9626,206,206,0,4094,0,1573,698,3055,4940,0,0,3,4804,4676,128,3055,1621,0,1824,128,1297,4817,,632,0,
477,INFEASIBLE,certified_no_adversarial_example,feasibility,false,false,false,false,,,,0.768451869,0.030069828033447266,0.0,0.0,0.72719613,0.36825115199999997,0.258478891,0.24695920944213867,0.46871723900000006,0.3589449780000001,0.039846518,9626,186,186,0,3999,0,1578,644,3219,5289,0,0,3,4804,4706,98,3219,1487,0,1767,100,1182,4616,,645,0,
478,INFEASIBLE,certified_no_adversarial_example,feasibility,false,false,false,false,,,,0.541676277,0.018690824508666992,0.0,0.0,0.511693759,0.302396509,0.19342640300000002,0.1819758415222168,0.318267356,0.20929725000000005,0.028708027,9626,190,190,0,4043,0,1580,693,3120,3204,0,0,3,4804,4700,104,3120,1580,0,1776,104,1201,4649,,520,0,
479,INFEASIBLE,certified_no_adversarial_example,feasibility,false,false,false,false,,,,2.832507526,2.1919360160827637,,0.0,0.627991566,0.42031636299999997,0.27034549,0.25728392601013184,0.3576460759999999,0.20767520299999997,2.203195653,9626,216,216,0,4037,0,1562,655,3156,5737,0,0,3,4804,4675,129,3156,1519,0,1830,132,1308,4836,,1644,0,
480,OPTIMAL,adversarial_example_found_or_best_known,feasibility,true,true,true,true,6.217248937900877e-15,-8.432684658181977;-19.50514744753301;-9.297551956322977;-3.979266248707998;-5.685639862889428;-4.2314843181671105;-10.766484187766013;-9.934575752587387;-0.31934531253984;-0.3193453125398462,0.1;0.0;0.0;0.1;0.1;0.0;0.0;0.1;0.1;0.0;0.0;0.0;0.0;0.1;0.1;0.1;0.1;0.0;0.0;0.1;0.1;0.0;0.0;0.1;0.1;0.0;0.0;0.1;0.1;0.0;0.0;0.1;0.0;0.0;0.0;0.1;0.0;0.0;0.0;0.0;0.1;0.1;0.0;0.1;0.1;0.1;0.0;0.1;0.1;0.1;0.0;0.1;0.0;0.0;0.0;0.0;0.1;0.0;0.0;0.1;0.1;0.0;0.0;0.1;0.1;0.0;0.0;0.0;0.0;0.1;0.1;0.0;0.0;0.0;0.0;0.1;0.1;0.0;0.0;0.1;0.1;0.0;0.0;0.0;0.0;0.1;0.0;0.1;0.0;0.1;0.1;0.1;0.0;0.1;0.0;0.1;0.0;0.0;0.0;0.0;0.0;0.0;0.0;0.1;0.0;0.0;0.1;0.1;0.0;0.1;0.0;0.0;0.0;0.1;0.0;0.1;0.1;0.0;0.0;0.1;0.0;0.0;0.0;0.0;0.0;0.0;0.0;0.0;0.0;0.0;0.0;0.1;0.1;0.0;0.0;0.1;0.1;0.0;0.0;0.0;0.0;0.0;0.0;0.1;0.1;0.1;0.1;0.0;0.1;0.0;0.0;0.1;0.0;0.1;0.0;0.0;0.0;0.0;0.0;0.1;0.0;0.0;0.0;0.1;0.1;0.1;0.0;0.1;0.1;0.0;0.0;0.0;0.1;0.0;0.0;0.0;0.0;0.0;0.0;0.1;0.1;0.1;0.0;0.0;0.0;0.0;0.0;0.1;0.1;0.0;0.0;0.1;0.1;0.1;0.1;0.0;0.0;0.1;0.0;0.1;0.1;0.1;0.1;0.17807788340589942;0.10160066038848273;0.44927403516595305;0.5555692845607816;0.49215686274509807;0.3509803921568627;0.10218373048680456;0.0;0.0;0.0;0.0;0.0;0.1;0.0;0.0;0.1;0.0;0.06852869240759112;0.0;0.09172172869098837;0.0;0.1;0.0;0.0;0.0;0.0;0.1;0.3235294117647059;0.7549019607843137;0.8921568627450981;0.8921568627450981;0.8921568627450981;1.0;0.8921568627450981;0.8372549019607843;0.1024022479257085;0.0;0.0;0.0;0.0;0.1;0.1;0.0;0.0;0.0;0.0;0.1;0.1;0.0;0.0;0.0;0.0;0.0;0.1;0.19019607843137254;0.8683128252865356;0.8921568627450981;0.5980392156862745;0.6254901960784314;0.4254901960784314;0.6254901960784314;0.8906202789903057;1.0;0.7392156862745098;0.10234690616268231;0.0;0.0;0.1;0.0;0.0;0.10215160513705544;0.10158766756327792;0.1;0.1;0.1;0.1;0.1;0.1;0.0;0.0;0.1;0.1;0.7549019607843137;1.0;0.907843137254902;0.09705083347375558;0.1;0.1;0.1;0.1;0.6686274509803921;0.8921568627450981;0.19411764705882353;0.0;0.0;0.0;0.1;0.3431372549019608;1.0;0.46862745098039216;0.0;0.0;0.1;0.1;0.0;0.0;0.1;0.0;0.1;0.1;1.0;0.7901960784313725;0.10379782221682629;0.1;0.0;0.1;0.0;0.1;0.1039919230388491;1.0;0.7006086910928768;0.1;0.0;0.1;0.1392156862745098;0.7980392156862745;0.7549019607843137;1.0;0.5196078431372549;0.0;0.1;0.0;0.0;0.1;0.0;0.0;0.1;0.1;1.0;0.5941176470588235;0.0;0.0;0.0;0.1;0.0;0.0;0.10784313725490197;0.7666666666666666;0.5313725490196078;0.0;0.0;0.0;0.11176470588235295;0.1627450980392157;0.1;0.6686274509803922;0.7549019607843137;0.1018582944430703;0.1;0.1;0.0;0.1;0.0;0.0;0.1;0.1;0.9;0.5941176470588235;0.0;0.0;0.1;0.1;0.1;0.1;0.10300592027806918;0.6882352941176471;0.4647058823529412;0.1;0.0;0.1;0.0;0.0;0.0;0.36274509803921573;1.0;0.4294117647058824;0.1;0.0;0.0;0.0;0.0;0.0;0.1;0.1;0.9431372549019608;0.703921568627451;0.0;0.0;0.1;0.0;0.1;0.1;0.15098039215686276;0.8176470588235294;0.11176470588235293;0.0;0.0;0.0;0.1;0.1;0.1;0.22941176470588237;0.8921568627450981;1.0;0.1;0.1;0.0;0.0;0.0;0.0;0.0;0.1;0.2568627450980392;0.8921568627450981;0.48039215686274506;0.18627450980392157;0.10202679524830795;0.11176470588235295;0.1;0.1;0.6019607843137255;0.8568627450980392;0.11568627450980393;0.1;0.0;0.0;0.0;0.0;0.0;0.22941176470588237;1.0;0.8921568627450981;0.1;0.0;0.0;0.0;0.0;0.0;0.1;0.1;0.15098039215686276;0.8137254901960784;1.0;1.0;1.0;0.6162566201697669;0.7588235294117647;0.5784313725490197;1.0;0.4607843137254902;0.1;0.1;0.1;0.1;0.0;0.0;0.1;0.22941176470588237;0.8921568627450981;0.8921568627450981;0.1;0.1;0.0;0.1;0.0;0.0;0.0;0.1;0.1;0.1588235294117647;0.6490196078431373;1.0;0.8921568627450981;1.0;0.8921568627450981;1.0;1.0;0.7745098039215687;0.37450980392156863;0.28823529411764703;0.1;0.1;0.0;0.0;0.10194928882082745;0.7431372549019608;1.0;0.5470588235294118;0.1;0.0;0.0;0.1;0.0;0.0;0.1;0.1;0.1;0.1;0.11960784313725491;0.21372549019607845;0.5666666666666667;0.3666666666666667;0.5666666666666667;0.6882352941176471;0.9941176470588236;0.8921568627450981;1.0;1.0;0.7745098039215687;0.6294117647058823;0.6294117647058823;0.5392156862745098;0.8725490196078431;1.0;1.0;0.09487943713997743;0.1;0.1;0.0;0.1;0.0;0.0;0.0;0.1;0.1;0.1;0.0;0.1;0.1;0.1;0.1;0.0;0.10387615536429037;0.3214562885376962;0.6543993969319483;0.6372549019607844;0.7000000000000001;1.0;1.0;1.0;0.8803921568627451;0.8866460969343597;0.4529411764705883;0.0;0.0;0.0;0.0;0.1;0.0;0.0;0.0;0.0;0.1;0.1;0.1;0.1;0.1;0.1;0.1;0.1;0.1;0.1;0.1;0.09604676276178319;0.1392156862745098;0.4333333333333321;0.6450980392156862;0.2686274509803922;0.13137254901960785;0.09861412018921517;0.1;0.1;0.1;0.1;0.0;0.0;0.0;0.0;0.0;0.1;0.0;0.0;0.0;0.0;0.0;0.0;0.0;0.1;0.1;0.1;0.1;0.1;0.1;0.1;0.0;0.1;0.0;0.1;0.1;0.1;0.1;0.0;0.0;0.1;0.0;0.0;0.0;0.1;0.0;0.0;0.0;0.0;0.0;0.0;0.0;0.0;0.1;0.1;0.1;0.1;0.0;0.0;0.0;0.0;0.1;0.1;0.1;0.1;0.1;0.0;0.0;0.0;0.0;0.0;0.0;0.0;0.0;0.0;0.0;0.0;0.0;0.1;0.0;0.1;0.0;0.0;0.0;0.1;0.0;0.0;0.0;0.1;0.0;0.0;0.1;0.0;0.0;0.0;0.1;0.1;0.1;0.0;0.0;0.0;0.0;0.0;0.1;0.0;0.1;0.1;0.0;0.0;0.1;0.1;0.0;0.1;0.0;0.1;0.1;0.1;0.0;0.0;0.1;0.1;0.0;0.0;0.0;0.0;0.1;0.0;0.1;0.0;0.0;0.0;0.1;0.0;0.07998018749995832;0.1;0.0;0.1;0.1;0.0;0.1;0.0;0.1;0.1;0.1;0.1;0.0;0.1;0.1;0.1;0.1;0.0;0.1;0.1;0.1;0.1;0.1;0.1;0.0;0.0;0.1;0.1;0.0;0.0;0.1;0.1;0.1;0.1;0.0;0.1;0.1;0.1;0.1;0.1;0.0;0.0;0.1;0.1;0.0;0.0;0.1;0.0;0.0;0.0;0.1;0.1;0.0;0.0;0.1;0.0;0.0;0.0;0.1;0.0;0.0;0.0;0.1;0.0;0.1;0.1;0.1;0.1;0.1;0.1;0.0;0.1;0.0;0.0;0.0,17.902263171,17.208203077316284,0.0,0.0,0.679417523,0.458625615,0.31918212700000004,0.3057374954223633,0.360235396,0.22079190800000004,17.219874088,9626,220,220,0,4053,0,1566,683,3104,7262,0,0,3,4804,4653,151,3104,1549,0,1874,154,1396,4990,1,194230,,0.0
481,INFEASIBLE,certified_no_adversarial_example,feasibility,false,false,false,false,,,,0.507801613,0.020386934280395508,0.0,0.0,0.477024788,0.266765297,0.17120141600000005,0.16144537925720215,0.3058233719999999,0.21025949099999997,0.029334291,9626,148,148,0,3979,0,1603,636,3260,3209,0,0,3,4804,4722,82,3260,1462,0,1737,86,1122,4510,,450,0,
482,INFEASIBLE,certified_no_adversarial_example,feasibility,false,false,false,false,,,,0.614199391,0.02865004539489746,0.0,0.0,0.573749185,0.34784326600000004,0.23678054499999998,0.22486376762390137,0.33696864000000004,0.225905919,0.039009386,9626,187,187,0,4039,0,1582,662,3156,4702,0,0,3,4804,4689,115,3156,1533,0,1798,115,1245,4726,,625,0,
483,INFEASIBLE,certified_no_adversarial_example,feasibility,false,false,false,false,,,,0.647686547,0.024059295654296875,0.0,0.0,0.611827298,0.38348277599999997,0.27008526199999994,0.25734734535217285,0.3417420360000001,0.22834452200000005,0.0345133,9626,190,190,0,4021,0,1580,661,3174,4825,0,0,3,4804,4698,106,3174,1524,0,1783,108,1214,4672,,524,0,
484,INFEASIBLE,certified_no_adversarial_example,feasibility,false,false,false,false,,,,0.601221642,0.024834156036376953,0.0,0.0,0.563569975,0.35265086199999995,0.238687352,0.22635817527770996,0.3248826229999999,0.210919113,0.035936535,9626,198,198,0,4003,0,1576,656,3193,4451,0,0,3,4804,4686,118,3193,1493,0,1810,123,1268,4765,,503,0,
485,INFEASIBLE,certified_no_adversarial_example,feasibility,false,false,false,false,,,,0.661753658,0.024187803268432617,0.0,0.0,0.618729509,0.367182583,0.24770830100000002,0.2359616756439209,0.371021208,0.251546926,0.034333558,9626,161,161,0,4027,0,1594,672,3172,5345,0,0,3,4804,4698,106,3172,1526,0,1780,106,1209,4663,,580,0,
486,INFEASIBLE,certified_no_adversarial_example,feasibility,false,false,false,false,,,,0.792879964,0.03214001655578613,0.0,0.0,0.748330059,0.541354611,0.270476572,0.25656890869140625,0.477853487,0.206975448,0.043240586,9626,204,204,0,4055,0,1570,677,3120,5934,0,0,3,4804,4674,130,3120,1554,0,1832,133,1312,4843,,690,0,
487,INFEASIBLE,certified_no_adversarial_example,feasibility,false,false,false,false,,,,0.651023055,0.02846693992614746,0.0,0.0,0.60966977,0.365588591,0.25278067400000004,0.24012327194213867,0.35688909599999996,0.24408117899999998,0.039902517,9626,201,201,0,4062,0,1574,688,3101,5546,0,0,3,4804,4672,132,3101,1571,0,1838,137,1324,4863,,539,0,
488,INFEASIBLE,certified_no_adversarial_example,feasibility,false,false,false,false,,,,0.719352943,0.043755531311035156,0.0,0.0,0.663674648,0.45494372800000005,0.319457268,0.30642032623291016,0.34421737999999996,0.20873091999999993,0.054282216,9626,209,209,0,4053,0,1567,648,3149,6880,0,0,3,4804,4678,126,3149,1529,0,1820,126,1289,4803,,822,0,
489,INFEASIBLE,certified_no_adversarial_example,feasibility,false,false,false,false,,,,0.638925332,0.02705669403076172,0.0,0.0,0.600192474,0.39321290799999997,0.271907772,0.2592132091522217,0.328284702,0.206979566,0.037392059,9626,198,198,0,4030,0,1576,664,3158,6189,0,0,3,4804,4683,121,3158,1525,0,1810,121,1269,4768,,598,0,
490,INFEASIBLE,certified_no_adversarial_example,feasibility,false,false,false,false,,,,0.514245535,0.01815509796142578,0.0,0.0,0.486014273,0.282982583,0.17519652600000002,0.16533350944519043,0.310817747,0.20303169,0.026775538,9626,153,153,0,3972,0,1599,639,3263,3050,0,0,3,4804,4732,72,3263,1469,0,1717,76,1082,4440,,421,0,
491,INFEASIBLE,certified_no_adversarial_example,feasibility,false,false,false,false,,,,0.686039367,0.02375197410583496,0.0,0.0,0.650561376,0.420594997,0.27024940999999997,0.25568580627441406,0.380311966,0.22996637899999994,0.034115867,9626,205,205,0,4044,0,1568,684,3125,5446,0,0,3,4804,4685,119,3125,1560,0,1809,121,1266,4763,,624,0,
492,INFEASIBLE,certified_no_adversarial_example,feasibility,false,false,false,false,,,,0.747108041,0.035906076431274414,0.0,0.0,0.698155292,0.48010179599999997,0.3418980320000001,0.328399658203125,0.35625725999999996,0.21805349600000007,0.047610147,9626,219,219,0,4042,0,1564,678,3123,7244,0,0,3,4804,4664,140,3123,1541,0,1851,142,1350,4910,,613,0,
493,OPTIMAL,adversarial_example_found_or_best_known,feasibility,true,true,true,true,2.042810365310288e-14,-7.717538396671643;-14.898556036148129;4.217859446758434;0.275951670179039;-20.46292423663547;-7.4757465324407075;-10.076926937932097;-11.503296195835967;4.217859446758454;-10.70386478145964,0.0;0.1;0.1;0.0;0.0;0.0;0.0;0.1;0.1;0.0;0.0;0.1;0.1;0.0;0.0;0.1;0.0;0.0;0.0;0.0;0.0;0.1;0.1;0.0;0.0;0.1;0.1;0.0;0.1;0.1;0.1;0.0;0.0;0.0;0.0;0.1;0.1;0.0;0.0;0.1;0.1;0.1;0.1;0.1;0.0;0.0;0.0;0.0;0.0;0.0;0.0;0.0;0.0;0.0;0.0;0.0;0.0;0.0;0.1;0.0;0.0;0.1;0.0;0.1;0.1;0.1;0.0;0.1;0.1;0.1;0.1;0.1;0.0;0.0;0.0;0.0;0.0;0.0;0.0;0.0;0.0;0.0;0.0;0.0;0.0;0.0;0.0;0.0;0.0;0.1;0.0;0.1;0.0;0.0;0.1;0.1;0.1;0.0;0.1;0.1;0.1;0.1;0.0;0.0;0.0;0.0;0.0;0.0;0.0;0.0;0.0;0.1;0.0;0.0;0.0;0.1;0.0;0.1;0.0;0.0;0.0;0.0;0.1;0.1;0.1;0.1;0.1;0.0;0.0;0.1;0.0;0.0;0.0;0.4019607843137255;0.6490196078431373;0.0;0.0;0.0;0.0;0.0;0.0;0.0;0.0;0.1;0.1;0.1;0.1;0.1;0.0;0.0;0.0;0.1;0.1;0.1;0.1;0.1;0.1;0.1;0.1;0.20285533147815327;1.0;1.0;0.9;0.0;0.0;0.0;0.0;0.0;0.0;0.0;0.1;0.0;0.1;0.0;0.0;0.1;0.1;0.0;0.0;0.0;0.0;0.1;0.1;0.1;0.1;0.1;0.15098039215686274;1.0;1.0;1.0;0.9;0.4019607843137255;0.0;0.0;0.0;0.0;0.0;0.0;0.0;0.0;0.0;0.0;0.0;0.1;0.0;0.0;0.1;0.0;0.1;0.0;0.1;0.1;0.1;0.1;0.6019607843137255;1.0;0.9;1.0;1.0;0.49088910890687304;0.0;0.1;0.0;0.0;0.0;0.0;0.0;0.1;0.0;0.0;0.0;0.1;0.1;0.0;0.0;0.0;0.0;0.1;0.1;0.1;0.09952451873271682;0.15098039215686274;1.0;0.9;0.9;1.0;0.9;0.1;0.0;0.0;0.0;0.0;0.0;0.1;0.0;0.1;0.0;0.0;0.1;0.0;0.1;0.0;0.1;0.0;0.1;0.0;0.0;0.1;0.1;0.6490196078431373;1.0;0.27048397814163994;0.9;0.9;1.0;0.0;0.1;0.1;0.1;0.0;0.0;0.1;0.0;0.1;0.1;0.0;0.1;0.0;0.1;0.1;0.1;0.1;0.1;0.0;0.0;0.0;0.6019607843137255;1.0;1.0;0.0;0.9;0.9;0.8490196078431372;0.0;0.0;0.1;0.1;0.0;0.0;0.0;0.0;0.1;0.1;0.0;0.1;0.2625826030407867;0.3509803921568627;0.1;0.1;0.0;0.1;0.1;0.0;0.3147176209563963;1.0;1.0;0.1;0.1;0.9;0.9;0.58515194710502;0.0;0.1;0.1;0.0;0.0;0.0;0.0;0.0;0.1;0.0;0.3509803921568627;0.6490196078431373;0.9;0.6019607843137255;0.1;0.1;0.0;0.1;0.0;0.0;0.6490196078431373;1.0;0.6019607843137255;0.0;0.1;0.933261161013687;0.9;0.3509803921568627;0.0;0.0;0.1;0.1;0.0;0.0;0.1;0.0;0.1;0.0;0.7461385391397317;1.0;1.0;0.1;0.1;0.1;0.0;0.1;0.0;0.3509803921568627;1.0;0.8490196078431372;0.1;0.1;0.15098039215686274;0.9;0.9;0.0;0.0;0.0;0.1;0.0;0.0;0.0;0.0;0.0;0.1;0.0;1.0;1.0;0.4019607843137255;0.0;0.1;0.1;0.0;0.0;0.15098039215686274;1.0;0.6490196078431373;0.0;0.0;0.0;0.9;0.9;0.6019607843137255;0.0;0.0;0.0;0.1;0.1;0.0;0.0;0.1;0.0;0.0;0.5698831307166743;0.9;1.0;0.3254902150790306;0.0;0.0;0.0;0.0;0.0;0.7975879557507408;0.9;0.15658508899149542;0.0;0.1;0.3509803921568627;0.9242461326376501;0.9;0.19130166339789517;0.06487908612927244;0.1;0.1;0.1;0.0;0.1;0.0;0.1;0.1;0.1;0.6019607843137255;0.9;1.0;0.0;0.0;0.0;0.0;0.1;0.6019607843137255;0.9;0.6490196078431373;0.0;0.0;0.0;0.4019607843137255;0.9;0.9;0.0;0.0;0.1;0.1;0.0;0.0;0.1;0.0;0.1;0.0;0.0;0.8490196078431372;0.9;1.0;0.509230149926185;0.0;0.1;0.0;0.1;0.9;1.0;0.15098039215686274;0.0;0.0;0.1;0.5293403878222597;0.9;0.0;0.0;0.0;0.0;0.0;0.0;0.1;0.0;0.0;0.1;0.1;0.1;1.0;0.9;1.0;0.0;0.0;0.0;0.09853262767450188;0.6490196078431373;0.9;0.3509803921568627;0.0;0.0;0.0;0.1;1.0;0.6490196078431373;0.0;0.0;0.0;0.0;0.0;0.0;0.0;0.1;0.1;0.1;0.1;0.1;0.9;0.9;0.4019607843137255;0.0;0.0;0.0;0.15098039215686274;1.0;0.5921625140564013;0.1;0.1;0.0;0.1;0.0;0.6490196078431373;0.1;0.1;0.0;0.1;0.0;0.0;0.1;0.1;0.0;0.0;0.1;0.1;0.1;0.9;1.0;0.6490196078431373;0.1;0.0;0.15098039215686274;1.0;1.0;0.0;0.1;0.1;0.0;0.0;0.0;0.15098039215686274;0.0;0.0;0.0;0.1;0.1;0.1;0.1;0.1;0.0;0.0;0.1;0.1;0.1;0.4019607843137255;0.9;0.9;0.4019607843137255;0.43086894649725455;1.0;1.0;0.5237285859092866;0.1;0.1;0.1;0.0;0.0;0.0;0.0;0.0;0.1;0.1;0.0;0.0;0.1;0.1;0.03781268268362243;0.0;0.0;0.1;0.1;0.0;0.15098039215686274;0.9;0.9;1.0;0.9;0.9;0.8490196078431372;0.1;0.1;0.1;0.1;0.0;0.0;0.0;0.1;0.0;0.0;0.1;0.1;0.1;0.1;0.1;0.1;0.0;0.0;0.1;0.1;0.1;0.0;0.17443445559133028;0.9;0.9;0.6617185530668058;0.1;0.1;0.1;0.03616458463898652;0.1;0.1;0.0;0.003611873289014873;0.0;0.1;0.0;0.1;0.1;0.1;0.1;0.014860972153292384;0.1;0.0;0.1;0.0;0.0;0.1;0.1;0.1;0.0;0.09784320914378185;0.1;0.0;0.0;0.0;0.1;0.1;0.1;0.1;0.0;0.0;0.1;0.0;0.0;0.1;0.0;0.1;0.1;0.1;0.1;0.1;0.0;0.0;0.0;0.1;0.1;0.1;0.0;0.0;0.0;0.0;0.0;0.1;0.1;0.1;0.1;0.1;0.0;0.1;0.1;0.1;0.0;0.0;0.1;0.1;0.0;0.0;0.0;0.0;0.0;0.0;0.0;0.1;0.1;0.1;0.0;0.0;0.0;0.0;0.1;0.1;0.1;0.1;0.1;0.1;0.0;0.0;0.1;0.1;0.0;0.0;0.0;0.0;0.0;0.0;0.1;0.1;0.0;0.1;0.1;0.0;0.0;0.0;0.0;0.0;0.0;0.0;0.0;0.0;0.0;0.0;0.1;0.0;0.1;0.0;0.1;0.0;0.0;0.0;0.1;0.1;0.1;0.0;0.0;0.0;0.0,0.791353731,0.2488698959350586,0.0,0.0,0.529558168,0.319407008,0.18242546899999998,0.17117691040039062,0.347132699,0.21015116,0.258181443,9626,169,169,0,4052,0,1592,694,3119,3020,0,0,3,4804,4706,98,3119,1587,0,1764,98,1177,4607,1,1557,,0.0
494,INFEASIBLE,certified_no_adversarial_example,feasibility,false,false,false,false,,,,0.908881261,0.028794050216674805,0.0,0.0,0.865743546,0.642228099,0.446817835,0.431624174118042,0.41892571100000003,0.22351544700000003,0.041847136,9626,242,242,0,4117,0,1554,704,3009,8625,0,0,3,4804,4638,166,3009,1629,0,1903,168,1454,5092,,557,0,
495,INFEASIBLE,certified_no_adversarial_example,feasibility,false,false,false,false,,,,0.888544165,0.04630923271179199,0.0,0.0,0.829123036,0.6155942329999999,0.32672535399999997,0.313154935836792,0.502397682,0.2135288030000001,0.057957783,9626,220,220,0,4045,0,1567,649,3145,5700,0,0,3,4804,4672,132,3145,1527,0,1836,135,1320,4857,,851,0,
496,OPTIMAL,adversarial_example_found_or_best_known,feasibility,true,true,true,true,-3.1086244689504383e-15,-2.8730012611054048;-14.714496722050212;0.3354857510623819;-3.6079373314715344;-8.53995260031703;-8.049055538276807;-2.3449123090255073;-16.38676407521804;0.335485751062385;-8.757590867131146,0.1;0.0;0.0;0.1;0.1;0.1;0.1;0.0;0.0;0.1;0.1;0.1;0.0;0.1;0.1;0.0;0.0;0.0;0.0;0.1;0.1;0.0;0.0;0.1;0.1;0.0;0.0;0.1;0.0;0.0;0.0;0.0;0.0;0.1;0.0;0.1;0.0;0.1;0.1;0.1;0.0;0.0;0.0;0.1;0.1;0.1;0.1;0.1;0.0;0.0;0.0;0.0;0.0;0.0;0.0;0.0;0.1;0.0;0.0;0.1;0.1;0.0;0.1;0.0;0.0;0.0;0.1;0.1;0.0;0.0;0.0;0.0;0.0;0.0;0.0;0.1;0.1;0.1;0.0;0.1;0.1;0.1;0.1;0.0;0.1;0.1;0.1;0.1;0.1;0.0;0.1;0.1;0.0;0.0;0.0;0.1;0.0;0.0;0.0;0.0;0.1;0.0;0.1;0.0;0.0;0.0;0.1;0.1;0.1;0.1;0.1;0.1;0.1;0.0;0.0;0.1;0.0;0.0;0.0;0.1;0.1;0.0;0.0;0.1;0.1;0.0;0.0;0.0;0.0;0.1;0.1;0.1;0.1;0.1;0.1;0.0;0.0;0.1;0.1;0.0;0.1;0.0;0.06930419599684644;0.0;0.0;0.0;0.1;0.1;0.019165287037256864;0.1;0.0;0.1;0.0;0.0;0.0;0.0;0.0;0.0;0.0;0.0;0.0;0.1;0.1;0.0;0.1;0.0;0.1;0.1;0.1;0.0;0.1;0.1;0.1;0.1;0.1;0.1;0.1;0.1;0.1;0.1;0.1;0.0;0.0;0.0;0.0;0.08823529411764705;0.4372549019607843;0.2333333333333333;0.2333333333333333;0.20980392156862746;0.1;0.0;0.0;0.1;0.1;0.1;0.1;0.1;0.1;0.1;0.1;0.0;0.0;0.1;0.0;0.1;0.0;0.1;0.0;0.0;0.0;0.1747823019782464;0.6882352941176471;0.9901960784313725;1.0;0.8882352941176471;0.8882352941176471;0.7857045569248433;0.5545721223444087;0.0;0.1;0.0;0.1;0.1;0.1;0.0;0.1;0.0;0.0;0.0;0.1;0.1;0.1;0.1;0.1;0.1;0.1;0.0;0.692156862745098;0.8176470588235294;1.0;1.0;1.0;0.8882352941176471;1.0;0.8882352941176471;0.8882352941176471;0.0;0.0;0.0;0.0;0.1;0.1;0.1;0.1;0.0;0.1;0.0;0.1;0.0;0.1;0.1;0.0;0.1;0.0;0.49457178262942264;0.8631998939751234;0.8882352941176471;0.8882352941176471;0.8882352941176471;1.0;1.0;1.0;1.0;1.0;0.1;0.0;0.0;0.1;0.1;0.1;0.0;0.0;0.0;0.0;0.0;0.0;0.0;0.30000000000000004;0.7235294117647059;0.8921568627450981;1.0;0.8921568627450981;1.0;1.0;0.8921568627450981;0.8921568627450981;1.0;0.9;0.8450980392156863;1.0;1.0;0.8921568627450981;0.1;0.0;0.0;0.0;0.1;0.1;0.0;0.1;0.0;0.1;0.1;0.2019607843137255;0.6725490196078431;1.0;0.8882352941176471;1.0;0.8882352941176471;0.8882352941176471;0.8921568627450981;0.8882352941176471;0.8882352941176471;0.7665536624172885;0.24901960784313723;0.0;0.4874798993223936;1.0;0.8882352941176471;0.8882352941176471;0.1;0.0;0.1;0.0;0.1;0.0;0.0;0.0;0.0;0.1;0.27647058823529413;0.711764705882353;0.8882352941176471;1.0;1.0;0.8882352941176471;1.0;0.8882352941176471;1.0;0.8882352941176471;1.0;0.3549019607843137;0.1;0.09307315419524707;0.9823529411764705;1.0;0.8882352941176471;0.8882352941176471;0.0;0.0;0.0;0.0;0.1;0.1;0.1;0.0;0.0;0.1392156862745098;0.896078431372549;0.8882352941176471;0.8882352941176471;1.0;1.0;0.6764705882352942;0.28823529411764703;0.8372549019607843;1.0;0.8882352941176471;0.36851005966997247;0.0;0.0;0.10207607490565714;0.9941176470588236;0.8882352941176471;0.8882352941176471;0.515686274509804;0.0;0.1;0.0;0.1;0.1;0.0;0.1;0.1;0.1;0.7392156862745097;1.0;0.8882352941176471;1.0;1.0;0.9;0.19803921568627453;0.0;0.896078431372549;1.0;1.0;0.42156862745098045;0.1;0.1;0.3431372549019608;1.0;1.0;0.8882352941176471;0.3791486990735958;0.0;0.0;0.0;0.0;0.1;0.1;0.1;0.1;0.30000000000000004;0.8657411668844223;0.8921568627450981;0.8921568627450981;0.8921568627450981;1.0;0.10388939677989366;0.0;0.10301257341936755;0.6490196078431373;0.9;1.0;0.8921568627450981;0.6725490196078431;0.0;0.9;0.8921568627450981;1.0;0.7823529411764706;0.0;0.0;0.1;0.0;0.1;0.0;0.0;0.1;0.1;0.8333333333333334;0.8882352941176471;1.0;0.8882352941176471;1.0;1.0;0.19019607843137257;0.09991304025735766;0.013725490196078424;0.8882352941176471;1.0;1.0;0.8882352941176471;1.0;0.9823529411764705;0.8921568627450981;0.8882352941176471;0.8882352941176471;0.7745098039215687;0.0;0.0;0.0;0.0;0.0;0.0;0.1;0.1;0.1;0.9705882352941176;1.0;0.8882352941176471;0.8882352941176471;0.8882352941176471;0.8921568627450981;0.6294117647058823;0.3235294117647059;0.5312064966147081;0.8882352941176471;1.0;1.0;0.8882352941176471;0.8882352941176471;0.8882352941176471;0.8921568627450981;1.0;0.8882352941176471;0.7745098039215687;0.0;0.1;0.1;0.1;0.0;0.037900227571768016;0.1;0.1;0.1;0.04901960784313725;0.9196078431372549;0.6686274509803921;1.0;0.8882352941176471;1.0;0.8882352941176471;1.0;0.8882352941176471;1.0;0.8921568627450981;1.0;0.8882352941176471;1.0;0.8882352941176471;0.8921568627450981;1.0;0.8607843137254902;0.37450980392156863;0.0;0.1;0.1;0.1;0.0;0.0;0.1;0.1;0.1;0.0;0.1;0.0;0.45686274509803926;0.8882352941176471;1.0;0.8882352941176471;0.8882352941176471;0.8882352941176471;0.8882352941176471;1.0;0.8896206815862492;1.0;0.8882352941176471;0.8882352941176471;1.0;1.0;0.5348945238711722;0.1;0.0;0.1;0.021129600343513435;0.1;0.1;0.0;0.1;0.1;0.1;0.0;0.1;0.1;0.0;0.4529411764705883;1.0;0.8921568627450981;0.8921568627450981;0.8921568627450981;1.0;0.20980392156862746;0.09218949532772013;0.4294117647058824;1.0;0.8921568627450981;1.0;0.20588235294117646;0.09727535051430591;0.1;0.1;0.0;0.0;0.1;0.1;0.0;0.1;0.1;0.1;0.0;0.1;0.0;0.1;0.4379909859513819;0.7588235294117647;0.8529411764705882;0.8137254901960784;0.6239271643028576;0.4490196078431372;0.1;0.1;0.0;0.5784313725490197;0.7549019607843137;0.515686274509804;0.0;0.1;0.1;0.1;0.0;0.1;0.1;0.1;0.1;0.1;0.1;0.1;0.0;0.0;0.1;0.1;0.0;0.0;0.2803921568627451;0.19019607843137257;0.0;0.0;0.0;0.1;0.0;0.0;0.0;0.0;0.0;0.0;0.1;0.1;0.0;0.0;0.1;0.1;0.1;0.0;0.1;0.017874296912569407;0.0;0.0;0.1;0.0;0.1;0.0;0.1;0.0;0.0;0.0;0.0;0.0;0.1;0.0;0.0;0.0;0.0;0.1;0.0;0.1;0.0;0.1;0.0;0.0;0.0;0.1;0.1;0.1;0.0;0.0;0.0;0.0;0.1;0.0;0.0;0.0;0.0;0.0;0.0;0.0;0.0;0.0;0.0;0.0;0.0;0.0;0.1;0.1;0.0;0.0;0.0;0.0;0.1;0.1;0.1;0.0;0.1;0.0;0.1;0.0;0.1;0.1;0.1;0.0;0.1;0.0;0.0;0.0;0.0;0.0;0.0;0.0;0.1;0.1;0.1;0.0;0.1;0.0;0.1;0.1;0.0;0.1;0.1;0.1;0.0;0.0;0.1;0.1;0.1;0.1;0.1;0.0;0.0;0.0;0.0;0.0;0.1;0.1;0.1;0.1;0.1;0.1;0.1;0.1;0.1;0.1;0.0;0.0;0.1;0.0;0.1;0.0;0.1;0.1;0.1;0.1;0.0;0.1;0.0;0.0;0.0;0.1;0.0;0.0;0.0;0.1;0.0;0.0;0.1;0.0;0.0;0.0;0.0;0.0;0.1;0.1;0.1,1.403286531,0.8764894008636475,0.0,0.0,0.514001399,0.302283811,0.19455925400000001,0.1831810474395752,0.31944214499999996,0.21171758799999996,0.886450053,9626,175,175,0,4110,0,1584,682,3075,3911,0,0,3,4804,4706,98,3075,1631,0,1768,101,1184,4619,1,12046,,0.0
497,INFEASIBLE,certified_no_adversarial_example,feasibility,false,false,false,false,,,,0.691850337,0.028927326202392578,0.0,0.0,0.651143967,0.40834304899999996,0.28575286,0.2730400562286377,0.365391107,0.24280091800000003,0.039314441,9626,203,203,0,4025,0,1573,649,3176,6109,0,0,3,4804,4686,118,3176,1510,0,1807,120,1262,4756,,581,0,
498,INFEASIBLE,certified_no_adversarial_example,feasibility,false,false,false,false,,,,0.659346768,0.1505591869354248,0.0,0.0,0.497790003,0.308602822,0.19464785500000004,0.18365192413330078,0.30314214799999994,0.18918718099999998,0.160155428,9626,153,153,0,4013,0,1600,650,3210,3699,0,0,3,4804,4714,90,3210,1504,0,1751,92,1150,4560,,1055,0,
499,INFEASIBLE,certified_no_adversarial_example,feasibility,false,false,false,false,,,,0.692559419,0.03235268592834473,0.0,0.0,0.647655571,0.442448467,0.305358852,0.2922501564025879,0.342296719,0.20520710400000003,0.043550861,9626,201,201,0,4054,0,1574,675,3122,6427,0,0,3,4804,4671,133,3122,1549,0,1837,135,1322,4861,,651,0,
500,INFEASIBLE,certified_no_adversarial_example,feasibility,false,false,false,false,,,,0.540992474,0.01870870590209961,0.0,0.0,0.511185824,0.305434052,0.19943839900000004,0.1884307861328125,0.31174742499999997,0.205751772,0.028358782,9626,155,155,0,4010,0,1599,653,3209,4286,0,0,3,4804,4700,104,3209,1491,0,1779,106,1206,4658,,467,0,
