sample_index,relu_layer_index,tightening_algorithm,bound_type,request_count,solver_call_count,solver_wall_time_seconds,solver_reported_time_seconds,simplex_iterations,barrier_iterations,node_count,optimal_count,time_limit_count,interval_arithmetic_count,constant_expression_count,interval_cutoff_count,upper_skipped_count,lower_skipped_count,status_counts,skip_counts
1,0,lp,lower,9,9,0.057712519000000004,0.05661273002624512,1310,0,0,9,0,0,0,0,0,0,OPTIMAL=9,
1,0,lp,upper,9,9,0.07360572500000001,0.07223081588745117,1433,0,0,9,0,0,0,0,0,0,OPTIMAL=9,
1,1,interval_arithmetic,lower,3136,0,0.0,0.0,0,0,0,0,0,887,0,0,0,2249,,interval_arithmetic=887;lower_skipped_by_nonpositive_upper=2249
1,1,interval_arithmetic,upper,3136,0,0.0,0.0,0,0,0,0,0,3136,0,0,0,0,,interval_arithmetic=3136
1,2,lp,lower,1568,84,0.104770969,0.09801483154296875,1241,0,0,84,0,0,0,638,0,846,OPTIMAL=84,interval_proves_cutoff=638;lower_skipped_by_nonpositive_upper=846
1,2,lp,upper,1568,91,0.8020317119999998,0.11062741279602051,1463,0,0,91,0,0,0,839,638,0,OPTIMAL=91,interval_proves_cutoff=839;upper_skipped_by_nonnegative_interval_lower=638
1,3,lp,lower,100,2,0.010419596,0.010178804397583008,275,0,0,2,0,0,0,7,0,91,OPTIMAL=2,interval_proves_cutoff=7;lower_skipped_by_nonpositive_upper=91
1,3,lp,upper,100,2,0.011228297,0.010986328125,336,0,0,2,0,0,0,91,7,0,OPTIMAL=2,interval_proves_cutoff=91;upper_skipped_by_nonnegative_interval_lower=7
2,0,lp,lower,9,9,0.034541703,0.03362631797790527,1178,0,0,9,0,0,0,0,0,0,OPTIMAL=9,
2,0,lp,upper,9,9,0.038200002999999996,0.037293195724487305,1199,0,0,9,0,0,0,0,0,0,OPTIMAL=9,
2,1,interval_arithmetic,lower,3136,0,0.0,0.0,0,0,0,0,0,923,0,0,0,2213,,interval_arithmetic=923;lower_skipped_by_nonpositive_upper=2213
2,1,interval_arithmetic,upper,3136,0,0.0,0.0,0,0,0,0,0,3136,0,0,0,0,,interval_arithmetic=3136
2,2,lp,lower,1568,77,0.08971020599999999,0.08516168594360352,812,0,0,77,0,0,0,687,0,804,OPTIMAL=77,interval_proves_cutoff=687;lower_skipped_by_nonpositive_upper=804
2,2,lp,upper,1568,82,0.10963541,0.09852409362792969,963,0,0,82,0,0,0,799,687,0,OPTIMAL=82,interval_proves_cutoff=799;upper_skipped_by_nonnegative_interval_lower=687
2,3,lp,lower,100,0,0.0,0.0,0,0,0,0,0,0,0,9,0,91,,interval_proves_cutoff=9;lower_skipped_by_nonpositive_upper=91
2,3,lp,upper,100,0,0.0,0.0,0,0,0,0,0,0,0,91,9,0,,interval_proves_cutoff=91;upper_skipped_by_nonnegative_interval_lower=9
3,0,lp,lower,9,9,0.038589903,0.03768205642700195,909,0,0,9,0,0,0,0,0,0,OPTIMAL=9,
3,0,lp,upper,9,9,0.043291303,0.04223465919494629,979,0,0,9,0,0,0,0,0,0,OPTIMAL=9,
3,1,interval_arithmetic,lower,3136,0,0.0,0.0,0,0,0,0,0,838,0,0,0,2298,,interval_arithmetic=838;lower_skipped_by_nonpositive_upper=2298
3,1,interval_arithmetic,upper,3136,0,0.0,0.0,0,0,0,0,0,3136,0,0,0,0,,interval_arithmetic=3136
3,2,lp,lower,1568,70,0.076811605,0.07230472564697266,745,0,0,70,0,0,0,616,0,882,OPTIMAL=70,interval_proves_cutoff=616;lower_skipped_by_nonpositive_upper=882
3,2,lp,upper,1568,74,0.09636240900000001,0.08502435684204102,816,0,0,74,0,0,0,878,616,0,OPTIMAL=74,interval_proves_cutoff=878;upper_skipped_by_nonnegative_interval_lower=616
3,3,lp,lower,100,2,0.0056707,0.005479574203491211,161,0,0,2,0,0,0,7,0,91,OPTIMAL=2,interval_proves_cutoff=7;lower_skipped_by_nonpositive_upper=91
3,3,lp,upper,100,2,0.0056051,0.005417823791503906,217,0,0,2,0,0,0,91,7,0,OPTIMAL=2,interval_proves_cutoff=91;upper_skipped_by_nonnegative_interval_lower=7
4,0,lp,lower,9,9,0.038133203,0.03711533546447754,1122,0,0,9,0,0,0,0,0,0,OPTIMAL=9,
4,0,lp,upper,9,9,0.03644290399999999,0.035243988037109375,1161,0,0,9,0,0,0,0,0,0,OPTIMAL=9,
4,1,interval_arithmetic,lower,3136,0,0.0,0.0,0,0,0,0,0,953,0,0,0,2183,,interval_arithmetic=953;lower_skipped_by_nonpositive_upper=2183
4,1,interval_arithmetic,upper,3136,0,0.0,0.0,0,0,0,0,0,3136,0,0,0,0,,interval_arithmetic=3136
4,2,lp,lower,1568,74,0.08381090599999998,0.07907962799072266,1140,0,0,74,0,0,0,677,0,817,OPTIMAL=74,interval_proves_cutoff=677;lower_skipped_by_nonpositive_upper=817
4,2,lp,upper,1568,77,0.08868920599999998,0.07804417610168457,1178,0,0,77,0,0,0,814,677,0,OPTIMAL=77,interval_proves_cutoff=814;upper_skipped_by_nonnegative_interval_lower=677
4,3,lp,lower,100,0,0.0,0.0,0,0,0,0,0,0,0,9,0,91,,interval_proves_cutoff=9;lower_skipped_by_nonpositive_upper=91
4,3,lp,upper,100,0,0.0,0.0,0,0,0,0,0,0,0,91,9,0,,interval_proves_cutoff=91;upper_skipped_by_nonnegative_interval_lower=9
5,0,lp,lower,9,9,0.044391005,0.0434873104095459,1215,0,0,9,0,0,0,0,0,0,OPTIMAL=9,
5,0,lp,upper,9,9,0.04747130599999999,0.04641580581665039,1264,0,0,9,0,0,0,0,0,0,OPTIMAL=9,
5,1,interval_arithmetic,lower,3136,0,0.0,0.0,0,0,0,0,0,897,0,0,0,2239,,interval_arithmetic=897;lower_skipped_by_nonpositive_upper=2239
5,1,interval_arithmetic,upper,3136,0,0.0,0.0,0,0,0,0,0,3136,0,0,0,0,,interval_arithmetic=3136
5,2,lp,lower,1568,108,0.12704860899999995,0.11998105049133301,1378,0,0,108,0,0,0,651,0,809,OPTIMAL=108,interval_proves_cutoff=651;lower_skipped_by_nonpositive_upper=809
5,2,lp,upper,1568,122,0.14521600999999995,0.1313004493713379,1688,0,0,122,0,0,0,795,651,0,OPTIMAL=122,interval_proves_cutoff=795;upper_skipped_by_nonnegative_interval_lower=651
5,3,lp,lower,100,0,0.0,0.0,0,0,0,0,0,0,0,9,0,91,,interval_proves_cutoff=9;lower_skipped_by_nonpositive_upper=91
5,3,lp,upper,100,0,0.0,0.0,0,0,0,0,0,0,0,91,9,0,,interval_proves_cutoff=91;upper_skipped_by_nonnegative_interval_lower=9
6,0,lp,lower,9,9,0.039709004000000006,0.03875231742858887,954,0,0,9,0,0,0,0,0,0,OPTIMAL=9,
6,0,lp,upper,9,9,0.030952403,0.03009486198425293,859,0,0,9,0,0,0,0,0,0,OPTIMAL=9,
6,1,interval_arithmetic,lower,3136,0,0.0,0.0,0,0,0,0,0,857,0,0,0,2279,,interval_arithmetic=857;lower_skipped_by_nonpositive_upper=2279
6,1,interval_arithmetic,upper,3136,0,0.0,0.0,0,0,0,0,0,3136,0,0,0,0,,interval_arithmetic=3136
6,2,lp,lower,1568,59,0.06370050399999998,0.05982351303100586,611,0,0,59,0,0,0,632,0,877,OPTIMAL=59,interval_proves_cutoff=632;lower_skipped_by_nonpositive_upper=877
6,2,lp,upper,1568,62,0.070733805,0.0614161491394043,693,0,0,62,0,0,0,874,632,0,OPTIMAL=62,interval_proves_cutoff=874;upper_skipped_by_nonnegative_interval_lower=632
6,3,lp,lower,100,2,0.006109501,0.005928993225097656,178,0,0,2,0,0,0,7,0,91,OPTIMAL=2,interval_proves_cutoff=7;lower_skipped_by_nonpositive_upper=91
6,3,lp,upper,100,2,0.005489301,0.005298614501953125,207,0,0,2,0,0,0,91,7,0,OPTIMAL=2,interval_proves_cutoff=91;upper_skipped_by_nonnegative_interval_lower=7
7,0,lp,lower,9,9,0.066346507,0.06529951095581055,1422,0,0,9,0,0,0,0,0,0,OPTIMAL=9,
7,0,lp,upper,9,9,0.06471550699999999,0.06367707252502441,1440,0,0,9,0,0,0,0,0,0,OPTIMAL=9,
7,1,interval_arithmetic,lower,3136,0,0.0,0.0,0,0,0,0,0,905,0,0,0,2231,,interval_arithmetic=905;lower_skipped_by_nonpositive_upper=2231
7,1,interval_arithmetic,upper,3136,0,0.0,0.0,0,0,0,0,0,3136,0,0,0,0,,interval_arithmetic=3136
7,2,lp,lower,1568,109,0.12518951399999997,0.11803793907165527,1443,0,0,109,0,0,0,638,0,821,OPTIMAL=109,interval_proves_cutoff=638;lower_skipped_by_nonpositive_upper=821
7,2,lp,upper,1568,116,0.14972751699999995,0.13574719429016113,1656,0,0,116,0,0,0,814,638,0,OPTIMAL=116,interval_proves_cutoff=814;upper_skipped_by_nonnegative_interval_lower=638
7,3,lp,lower,100,1,0.007278,0.007168292999267578,272,0,0,1,0,0,0,8,0,91,OPTIMAL=1,interval_proves_cutoff=8;lower_skipped_by_nonpositive_upper=91
7,3,lp,upper,100,1,0.0062781,0.006136655807495117,238,0,0,1,0,0,0,91,8,0,OPTIMAL=1,interval_proves_cutoff=91;upper_skipped_by_nonnegative_interval_lower=8
8,0,lp,lower,9,9,0.053212192000000005,0.05205821990966797,1213,0,0,9,0,0,0,0,0,0,OPTIMAL=9,
8,0,lp,upper,9,9,0.054562193999999994,0.053391456604003906,1226,0,0,9,0,0,0,0,0,0,OPTIMAL=9,
8,1,interval_arithmetic,lower,3136,0,0.0,0.0,0,0,0,0,0,893,0,0,0,2243,,interval_arithmetic=893;lower_skipped_by_nonpositive_upper=2243
8,1,interval_arithmetic,upper,3136,0,0.0,0.0,0,0,0,0,0,3136,0,0,0,0,,interval_arithmetic=3136
8,2,lp,lower,1568,80,0.11714998199999999,0.10983157157897949,1078,0,0,80,0,0,0,642,0,846,OPTIMAL=80,interval_proves_cutoff=642;lower_skipped_by_nonpositive_upper=846
8,2,lp,upper,1568,84,0.11067078500000002,0.09842419624328613,1243,0,0,84,0,0,0,842,642,0,OPTIMAL=84,interval_proves_cutoff=842;upper_skipped_by_nonnegative_interval_lower=642
8,3,lp,lower,100,0,0.0,0.0,0,0,0,0,0,0,0,9,0,91,,interval_proves_cutoff=9;lower_skipped_by_nonpositive_upper=91
8,3,lp,upper,100,0,0.0,0.0,0,0,0,0,0,0,0,91,9,0,,interval_proves_cutoff=91;upper_skipped_by_nonnegative_interval_lower=9
9,0,lp,lower,9,9,0.039915497,0.03897523880004883,1349,0,0,9,0,0,0,0,0,0,OPTIMAL=9,
9,0,lp,upper,9,9,0.042877695,0.041895389556884766,1431,0,0,9,0,0,0,0,0,0,OPTIMAL=9,
9,1,interval_arithmetic,lower,3136,0,0.0,0.0,0,0,0,0,0,936,0,0,0,2200,,interval_arithmetic=936;lower_skipped_by_nonpositive_upper=2200
9,1,interval_arithmetic,upper,3136,0,0.0,0.0,0,0,0,0,0,3136,0,0,0,0,,interval_arithmetic=3136
9,2,lp,lower,1568,92,0.10309758399999998,0.09724712371826172,1185,0,0,92,0,0,0,675,0,801,OPTIMAL=92,interval_proves_cutoff=675;lower_skipped_by_nonpositive_upper=801
9,2,lp,upper,1568,94,0.13010768299999997,0.11552906036376953,1328,0,0,94,0,0,0,799,675,0,OPTIMAL=94,interval_proves_cutoff=799;upper_skipped_by_nonnegative_interval_lower=675
9,3,lp,lower,100,0,0.0,0.0,0,0,0,0,0,0,0,9,0,91,,interval_proves_cutoff=9;lower_skipped_by_nonpositive_upper=91
9,3,lp,upper,100,0,0.0,0.0,0,0,0,0,0,0,0,91,9,0,,interval_proves_cutoff=91;upper_skipped_by_nonnegative_interval_lower=9
10,0,lp,lower,9,9,0.06827599300000001,0.06715011596679688,1650,0,0,9,0,0,0,0,0,0,OPTIMAL=9,
10,0,lp,upper,9,9,0.062661196,0.06153464317321777,1622,0,0,9,0,0,0,0,0,0,OPTIMAL=9,
10,1,interval_arithmetic,lower,3136,0,0.0,0.0,0,0,0,0,0,940,0,0,0,2196,,interval_arithmetic=940;lower_skipped_by_nonpositive_upper=2196
10,1,interval_arithmetic,upper,3136,0,0.0,0.0,0,0,0,0,0,3136,0,0,0,0,,interval_arithmetic=3136
10,2,lp,lower,1568,110,0.16540258800000007,0.15529346466064453,2063,0,0,110,0,0,0,646,0,812,OPTIMAL=110,interval_proves_cutoff=646;lower_skipped_by_nonpositive_upper=812
10,2,lp,upper,1568,116,0.16233338400000008,0.1473712921142578,2346,0,0,116,0,0,0,806,646,0,OPTIMAL=116,interval_proves_cutoff=806;upper_skipped_by_nonnegative_interval_lower=646
10,3,lp,lower,100,0,0.0,0.0,0,0,0,0,0,0,0,9,0,91,,interval_proves_cutoff=9;lower_skipped_by_nonpositive_upper=91
10,3,lp,upper,100,0,0.0,0.0,0,0,0,0,0,0,0,91,9,0,,interval_proves_cutoff=91;upper_skipped_by_nonnegative_interval_lower=9
11,0,lp,lower,9,9,0.05508390199999999,0.05405378341674805,1177,0,0,9,0,0,0,0,0,0,OPTIMAL=9,
11,0,lp,upper,9,9,0.05117411499999999,0.05009889602661133,1254,0,0,9,0,0,0,0,0,0,OPTIMAL=9,
11,1,interval_arithmetic,lower,3136,0,0.0,0.0,0,0,0,0,0,932,0,0,0,2204,,interval_arithmetic=932;lower_skipped_by_nonpositive_upper=2204
11,1,interval_arithmetic,upper,3136,0,0.0,0.0,0,0,0,0,0,3136,0,0,0,0,,interval_arithmetic=3136
11,2,lp,lower,1568,93,0.12936618599999994,0.1207587718963623,1106,0,0,93,0,0,0,671,0,804,OPTIMAL=93,interval_proves_cutoff=671;lower_skipped_by_nonpositive_upper=804
11,2,lp,upper,1568,107,0.13404258500000002,0.12054753303527832,1319,0,0,107,0,0,0,790,671,0,OPTIMAL=107,interval_proves_cutoff=790;upper_skipped_by_nonnegative_interval_lower=671
11,3,lp,lower,100,1,0.005773102,0.0056340694427490234,219,0,0,1,0,0,0,8,0,91,OPTIMAL=1,interval_proves_cutoff=8;lower_skipped_by_nonpositive_upper=91
11,3,lp,upper,100,1,0.009936603,0.009535074234008789,188,0,0,1,0,0,0,91,8,0,OPTIMAL=1,interval_proves_cutoff=91;upper_skipped_by_nonnegative_interval_lower=8
12,0,lp,lower,9,9,0.130248016,0.12885355949401855,2304,0,0,9,0,0,0,0,0,0,OPTIMAL=9,
12,0,lp,upper,9,9,0.141452508,0.14028644561767578,2415,0,0,9,0,0,0,0,0,0,OPTIMAL=9,
12,1,interval_arithmetic,lower,3136,0,0.0,0.0,0,0,0,0,0,942,0,0,0,2194,,interval_arithmetic=942;lower_skipped_by_nonpositive_upper=2194
12,1,interval_arithmetic,upper,3136,0,0.0,0.0,0,0,0,0,0,3136,0,0,0,0,,interval_arithmetic=3136
12,2,lp,lower,1568,154,0.20398696200000013,0.1902153491973877,2330,0,0,154,0,0,0,648,0,766,OPTIMAL=154,interval_proves_cutoff=648;lower_skipped_by_nonpositive_upper=766
12,2,lp,upper,1568,163,0.21541666299999998,0.1975851058959961,2823,0,0,163,0,0,0,757,648,0,OPTIMAL=163,interval_proves_cutoff=757;upper_skipped_by_nonnegative_interval_lower=648
12,3,lp,lower,100,1,0.008430095,0.008318424224853516,358,0,0,1,0,0,0,8,0,91,OPTIMAL=1,interval_proves_cutoff=8;lower_skipped_by_nonpositive_upper=91
12,3,lp,upper,100,1,0.008591994,0.008445262908935547,348,0,0,1,0,0,0,91,8,0,OPTIMAL=1,interval_proves_cutoff=91;upper_skipped_by_nonnegative_interval_lower=8
13,0,lp,lower,9,9,0.049388268,0.04844045639038086,1209,0,0,9,0,0,0,0,0,0,OPTIMAL=9,
13,0,lp,upper,9,9,0.060169758999999996,0.0591123104095459,1308,0,0,9,0,0,0,0,0,0,OPTIMAL=9,
13,1,interval_arithmetic,lower,3136,0,0.0,0.0,0,0,0,0,0,900,0,0,0,2236,,interval_arithmetic=900;lower_skipped_by_nonpositive_upper=2236
13,1,interval_arithmetic,upper,3136,0,0.0,0.0,0,0,0,0,0,3136,0,0,0,0,,interval_arithmetic=3136
13,2,lp,lower,1568,97,0.12324801899999997,0.11626148223876953,1279,0,0,97,0,0,0,647,0,824,OPTIMAL=97,interval_proves_cutoff=647;lower_skipped_by_nonpositive_upper=824
13,2,lp,upper,1568,102,0.13927941200000005,0.12420487403869629,1541,0,0,102,0,0,0,819,647,0,OPTIMAL=102,interval_proves_cutoff=819;upper_skipped_by_nonnegative_interval_lower=647
13,3,lp,lower,100,1,0.008357095,0.008249998092651367,273,0,0,1,0,0,0,8,0,91,OPTIMAL=1,interval_proves_cutoff=8;lower_skipped_by_nonpositive_upper=91
13,3,lp,upper,100,1,0.005923297,0.005798816680908203,208,0,0,1,0,0,0,91,8,0,OPTIMAL=1,interval_proves_cutoff=91;upper_skipped_by_nonnegative_interval_lower=8
14,0,lp,lower,9,9,0.066501112,0.06546163558959961,1644,0,0,9,0,0,0,0,0,0,OPTIMAL=9,
14,0,lp,upper,9,9,0.062153514,0.061090707778930664,1613,0,0,9,0,0,0,0,0,0,OPTIMAL=9,
14,1,interval_arithmetic,lower,3136,0,0.0,0.0,0,0,0,0,0,940,0,0,0,2196,,interval_arithmetic=940;lower_skipped_by_nonpositive_upper=2196
14,1,interval_arithmetic,upper,3136,0,0.0,0.0,0,0,0,0,0,3136,0,0,0,0,,interval_arithmetic=3136
14,2,lp,lower,1568,102,0.15070322600000002,0.1412639617919922,1489,0,0,102,0,0,0,675,0,791,OPTIMAL=102,interval_proves_cutoff=675;lower_skipped_by_nonpositive_upper=791
14,2,lp,upper,1568,106,0.184762439,0.16745471954345703,1605,0,0,106,0,0,0,787,675,0,OPTIMAL=106,interval_proves_cutoff=787;upper_skipped_by_nonnegative_interval_lower=675
14,3,lp,lower,100,0,0.0,0.0,0,0,0,0,0,0,0,8,0,92,,interval_proves_cutoff=8;lower_skipped_by_nonpositive_upper=92
14,3,lp,upper,100,1,0.008317202,0.00815439224243164,272,0,0,1,0,0,0,91,8,0,OPTIMAL=1,interval_proves_cutoff=91;upper_skipped_by_nonnegative_interval_lower=8
15,0,lp,lower,9,9,0.020542104000000002,0.019696712493896484,492,0,0,9,0,0,0,0,0,0,OPTIMAL=9,
15,0,lp,upper,9,9,0.019835105,0.019074440002441406,507,0,0,9,0,0,0,0,0,0,OPTIMAL=9,
15,1,interval_arithmetic,lower,3136,0,0.0,0.0,0,0,0,0,0,850,0,0,0,2286,,interval_arithmetic=850;lower_skipped_by_nonpositive_upper=2286
15,1,interval_arithmetic,upper,3136,0,0.0,0.0,0,0,0,0,0,3136,0,0,0,0,,interval_arithmetic=3136
15,2,lp,lower,1568,38,0.037171808,0.0346379280090332,117,0,0,38,0,0,0,653,0,877,OPTIMAL=38,interval_proves_cutoff=653;lower_skipped_by_nonpositive_upper=877
15,2,lp,upper,1568,40,0.04844131399999999,0.040048837661743164,223,0,0,40,0,0,0,875,653,0,OPTIMAL=40,interval_proves_cutoff=875;upper_skipped_by_nonnegative_interval_lower=653
15,3,lp,lower,100,0,0.0,0.0,0,0,0,0,0,0,0,8,0,92,,interval_proves_cutoff=8;lower_skipped_by_nonpositive_upper=92
15,3,lp,upper,100,0,0.0,0.0,0,0,0,0,0,0,0,92,8,0,,interval_proves_cutoff=92;upper_skipped_by_nonnegative_interval_lower=8
16,0,lp,lower,9,9,0.068310816,0.06724929809570312,1723,0,0,9,0,0,0,0,0,0,OPTIMAL=9,
16,0,lp,upper,9,9,0.05490771500000001,0.05393671989440918,1540,0,0,9,0,0,0,0,0,0,OPTIMAL=9,
16,1,interval_arithmetic,lower,3136,0,0.0,0.0,0,0,0,0,0,914,0,0,0,2222,,interval_arithmetic=914;lower_skipped_by_nonpositive_upper=2222
16,1,interval_arithmetic,upper,3136,0,0.0,0.0,0,0,0,0,0,3136,0,0,0,0,,interval_arithmetic=3136
16,2,lp,lower,1568,119,0.183899349,0.17359662055969238,1920,0,0,119,0,0,0,692,0,757,OPTIMAL=119,interval_proves_cutoff=692;lower_skipped_by_nonpositive_upper=757
16,2,lp,upper,1568,131,0.19150994300000004,0.17339754104614258,2161,0,0,131,0,0,0,745,692,0,OPTIMAL=131,interval_proves_cutoff=745;upper_skipped_by_nonnegative_interval_lower=692
16,3,lp,lower,100,1,0.010737303,0.010608673095703125,347,0,0,1,0,0,0,8,0,91,OPTIMAL=1,interval_proves_cutoff=8;lower_skipped_by_nonpositive_upper=91
16,3,lp,upper,100,1,0.007500602,0.007298469543457031,232,0,0,1,0,0,0,91,8,0,OPTIMAL=1,interval_proves_cutoff=91;upper_skipped_by_nonnegative_interval_lower=8
17,0,lp,lower,9,9,0.047510298000000006,0.04665565490722656,1342,0,0,9,0,0,0,0,0,0,OPTIMAL=9,
17,0,lp,upper,9,9,0.04928679600000001,0.04840540885925293,1369,0,0,9,0,0,0,0,0,0,OPTIMAL=9,
17,1,interval_arithmetic,lower,3136,0,0.0,0.0,0,0,0,0,0,916,0,0,0,2220,,interval_arithmetic=916;lower_skipped_by_nonpositive_upper=2220
17,1,interval_arithmetic,upper,3136,0,0.0,0.0,0,0,0,0,0,3136,0,0,0,0,,interval_arithmetic=3136
17,2,lp,lower,1568,91,0.12195648899999997,0.11490988731384277,1673,0,0,91,0,0,0,652,0,825,OPTIMAL=91,interval_proves_cutoff=652;lower_skipped_by_nonpositive_upper=825
17,2,lp,upper,1568,102,0.16291420100000004,0.14769577980041504,2072,0,0,102,0,0,0,814,652,0,OPTIMAL=102,interval_proves_cutoff=814;upper_skipped_by_nonnegative_interval_lower=652
17,3,lp,lower,100,1,0.0063137,0.00621795654296875,256,0,0,1,0,0,0,8,0,91,OPTIMAL=1,interval_proves_cutoff=8;lower_skipped_by_nonpositive_upper=91
17,3,lp,upper,100,1,0.0052694,0.0051555633544921875,196,0,0,1,0,0,0,91,8,0,OPTIMAL=1,interval_proves_cutoff=91;upper_skipped_by_nonnegative_interval_lower=8
18,0,lp,lower,9,9,0.045174598,0.04407668113708496,1075,0,0,9,0,0,0,0,0,0,OPTIMAL=9,
18,0,lp,upper,9,9,0.035478698999999995,0.03452324867248535,1185,0,0,9,0,0,0,0,0,0,OPTIMAL=9,
18,1,interval_arithmetic,lower,3136,0,0.0,0.0,0,0,0,0,0,902,0,0,0,2234,,interval_arithmetic=902;lower_skipped_by_nonpositive_upper=2234
18,1,interval_arithmetic,upper,3136,0,0.0,0.0,0,0,0,0,0,3136,0,0,0,0,,interval_arithmetic=3136
18,2,lp,lower,1568,66,0.07831229599999998,0.07426619529724121,799,0,0,66,0,0,0,664,0,838,OPTIMAL=66,interval_proves_cutoff=664;lower_skipped_by_nonpositive_upper=838
18,2,lp,upper,1568,68,0.10670079199999999,0.09271860122680664,931,0,0,68,0,0,0,836,664,0,OPTIMAL=68,interval_proves_cutoff=836;upper_skipped_by_nonnegative_interval_lower=664
18,3,lp,lower,100,0,0.0,0.0,0,0,0,0,0,0,0,8,0,92,,interval_proves_cutoff=8;lower_skipped_by_nonpositive_upper=92
18,3,lp,upper,100,0,0.0,0.0,0,0,0,0,0,0,0,92,8,0,,interval_proves_cutoff=92;upper_skipped_by_nonnegative_interval_lower=8
19,0,lp,lower,9,9,0.074154296,0.07298469543457031,1838,0,0,9,0,0,0,0,0,0,OPTIMAL=9,
19,0,lp,upper,9,9,0.08424889599999999,0.08307981491088867,1918,0,0,9,0,0,0,0,0,0,OPTIMAL=9,
19,1,interval_arithmetic,lower,3136,0,0.0,0.0,0,0,0,0,0,966,0,0,0,2170,,interval_arithmetic=966;lower_skipped_by_nonpositive_upper=2170
19,1,interval_arithmetic,upper,3136,0,0.0,0.0,0,0,0,0,0,3136,0,0,0,0,,interval_arithmetic=3136
19,2,lp,lower,1568,121,0.16374898799999998,0.15445852279663086,1746,0,0,121,0,0,0,682,0,765,OPTIMAL=121,interval_proves_cutoff=682;lower_skipped_by_nonpositive_upper=765
19,2,lp,upper,1568,128,0.20192448400000013,0.18370819091796875,2020,0,0,128,0,0,0,758,682,0,OPTIMAL=128,interval_proves_cutoff=758;upper_skipped_by_nonnegative_interval_lower=682
19,3,lp,lower,100,0,0.0,0.0,0,0,0,0,0,0,0,9,0,91,,interval_proves_cutoff=9;lower_skipped_by_nonpositive_upper=91
19,3,lp,upper,100,0,0.0,0.0,0,0,0,0,0,0,0,91,9,0,,interval_proves_cutoff=91;upper_skipped_by_nonnegative_interval_lower=9
20,0,lp,lower,9,9,0.06814629900000001,0.06695055961608887,1414,0,0,9,0,0,0,0,0,0,OPTIMAL=9,
20,0,lp,upper,9,9,0.077642797,0.07652521133422852,1631,0,0,9,0,0,0,0,0,0,OPTIMAL=9,
20,1,interval_arithmetic,lower,3136,0,0.0,0.0,0,0,0,0,0,885,0,0,0,2251,,interval_arithmetic=885;lower_skipped_by_nonpositive_upper=2251
20,1,interval_arithmetic,upper,3136,0,0.0,0.0,0,0,0,0,0,3136,0,0,0,0,,interval_arithmetic=3136
20,2,lp,lower,1568,135,0.15648142099999998,0.14632439613342285,1686,0,0,135,0,0,0,631,0,802,OPTIMAL=135,interval_proves_cutoff=631;lower_skipped_by_nonpositive_upper=802
20,2,lp,upper,1568,141,0.14570222400000002,0.13350677490234375,1828,0,0,141,0,0,0,796,631,0,OPTIMAL=141,interval_proves_cutoff=796;upper_skipped_by_nonnegative_interval_lower=631
20,3,lp,lower,100,1,0.0107648,0.010657072067260742,340,0,0,1,0,0,0,8,0,91,OPTIMAL=1,interval_proves_cutoff=8;lower_skipped_by_nonpositive_upper=91
20,3,lp,upper,100,1,0.009168199,0.009025335311889648,301,0,0,1,0,0,0,91,8,0,OPTIMAL=1,interval_proves_cutoff=91;upper_skipped_by_nonnegative_interval_lower=8
21,0,lp,lower,9,9,0.077976098,0.07694745063781738,1322,0,0,9,0,0,0,0,0,0,OPTIMAL=9,
21,0,lp,upper,9,9,0.073950499,0.07291054725646973,1465,0,0,9,0,0,0,0,0,0,OPTIMAL=9,
21,1,interval_arithmetic,lower,3136,0,0.0,0.0,0,0,0,0,0,916,0,0,0,2220,,interval_arithmetic=916;lower_skipped_by_nonpositive_upper=2220
21,1,interval_arithmetic,upper,3136,0,0.0,0.0,0,0,0,0,0,3136,0,0,0,0,,interval_arithmetic=3136
21,2,lp,lower,1568,70,0.09499599799999997,0.08890724182128906,931,0,0,70,0,0,0,656,0,842,OPTIMAL=70,interval_proves_cutoff=656;lower_skipped_by_nonpositive_upper=842
21,2,lp,upper,1568,72,0.09805029700000001,0.08513951301574707,1033,0,0,72,0,0,0,840,656,0,OPTIMAL=72,interval_proves_cutoff=840;upper_skipped_by_nonnegative_interval_lower=656
21,3,lp,lower,100,1,0.0053864,0.005293369293212891,213,0,0,1,0,0,0,8,0,91,OPTIMAL=1,interval_proves_cutoff=8;lower_skipped_by_nonpositive_upper=91
21,3,lp,upper,100,1,0.0043618,0.0042476654052734375,172,0,0,1,0,0,0,91,8,0,OPTIMAL=1,interval_proves_cutoff=91;upper_skipped_by_nonnegative_interval_lower=8
22,0,lp,lower,9,9,0.060815799999999996,0.05977201461791992,1382,0,0,9,0,0,0,0,0,0,OPTIMAL=9,
22,0,lp,upper,9,9,0.0811047,0.08004236221313477,1504,0,0,9,0,0,0,0,0,0,OPTIMAL=9,
22,1,interval_arithmetic,lower,3136,0,0.0,0.0,0,0,0,0,0,905,0,0,0,2231,,interval_arithmetic=905;lower_skipped_by_nonpositive_upper=2231
22,1,interval_arithmetic,upper,3136,0,0.0,0.0,0,0,0,0,0,3136,0,0,0,0,,interval_arithmetic=3136
22,2,lp,lower,1568,78,0.09332639999999999,0.08761215209960938,1363,0,0,78,0,0,0,666,0,824,OPTIMAL=78,interval_proves_cutoff=666;lower_skipped_by_nonpositive_upper=824
22,2,lp,upper,1568,80,0.129407199,0.11607885360717773,1541,0,0,80,0,0,0,822,666,0,OPTIMAL=80,interval_proves_cutoff=822;upper_skipped_by_nonnegative_interval_lower=666
22,3,lp,lower,100,2,0.0101507,0.009925127029418945,259,0,0,2,0,0,0,7,0,91,OPTIMAL=2,interval_proves_cutoff=7;lower_skipped_by_nonpositive_upper=91
22,3,lp,upper,100,2,0.012532600000000001,0.012261629104614258,336,0,0,2,0,0,0,91,7,0,OPTIMAL=2,interval_proves_cutoff=91;upper_skipped_by_nonnegative_interval_lower=7
23,0,lp,lower,9,9,0.0680425,0.06693315505981445,1526,0,0,9,0,0,0,0,0,0,OPTIMAL=9,
23,0,lp,upper,9,9,0.085982602,0.08477163314819336,1512,0,0,9,0,0,0,0,0,0,OPTIMAL=9,
23,1,interval_arithmetic,lower,3136,0,0.0,0.0,0,0,0,0,0,911,0,0,0,2225,,interval_arithmetic=911;lower_skipped_by_nonpositive_upper=2225
23,1,interval_arithmetic,upper,3136,0,0.0,0.0,0,0,0,0,0,3136,0,0,0,0,,interval_arithmetic=3136
23,2,lp,lower,1568,113,0.138536601,0.13051915168762207,1143,0,0,113,0,0,0,663,0,792,OPTIMAL=113,interval_proves_cutoff=663;lower_skipped_by_nonpositive_upper=792
23,2,lp,upper,1568,120,0.16097600000000006,0.1461637020111084,1271,0,0,120,0,0,0,785,663,0,OPTIMAL=120,interval_proves_cutoff=785;upper_skipped_by_nonnegative_interval_lower=663
23,3,lp,lower,100,2,0.0151805,0.014948368072509766,317,0,0,2,0,0,0,7,0,91,OPTIMAL=2,interval_proves_cutoff=7;lower_skipped_by_nonpositive_upper=91
23,3,lp,upper,100,2,0.016763601,0.016409635543823242,413,0,0,2,0,0,0,91,7,0,OPTIMAL=2,interval_proves_cutoff=91;upper_skipped_by_nonnegative_interval_lower=7
24,0,lp,lower,9,9,0.048396312999999996,0.04728102684020996,1343,0,0,9,0,0,0,0,0,0,OPTIMAL=9,
24,0,lp,upper,9,9,0.0536885,0.05269789695739746,1423,0,0,9,0,0,0,0,0,0,OPTIMAL=9,
24,1,interval_arithmetic,lower,3136,0,0.0,0.0,0,0,0,0,0,909,0,0,0,2227,,interval_arithmetic=909;lower_skipped_by_nonpositive_upper=2227
24,1,interval_arithmetic,upper,3136,0,0.0,0.0,0,0,0,0,0,3136,0,0,0,0,,interval_arithmetic=3136
24,2,lp,lower,1568,92,0.094088602,0.08893060684204102,1544,0,0,92,0,0,0,670,0,806,OPTIMAL=92,interval_proves_cutoff=670;lower_skipped_by_nonpositive_upper=806
24,2,lp,upper,1568,96,0.10548900099999997,0.09496402740478516,1629,0,0,96,0,0,0,802,670,0,OPTIMAL=96,interval_proves_cutoff=802;upper_skipped_by_nonnegative_interval_lower=670
24,3,lp,lower,100,1,0.0066903,0.0065762996673583984,261,0,0,1,0,0,0,8,0,91,OPTIMAL=1,interval_proves_cutoff=8;lower_skipped_by_nonpositive_upper=91
24,3,lp,upper,100,1,0.0068171,0.006692171096801758,234,0,0,1,0,0,0,91,8,0,OPTIMAL=1,interval_proves_cutoff=91;upper_skipped_by_nonnegative_interval_lower=8
25,0,lp,lower,9,9,0.07026854200000002,0.06925082206726074,1452,0,0,9,0,0,0,0,0,0,OPTIMAL=9,
25,0,lp,upper,9,9,0.066002644,0.06507635116577148,1461,0,0,9,0,0,0,0,0,0,OPTIMAL=9,
25,1,interval_arithmetic,lower,3136,0,0.0,0.0,0,0,0,0,0,875,0,0,0,2261,,interval_arithmetic=875;lower_skipped_by_nonpositive_upper=2261
25,1,interval_arithmetic,upper,3136,0,0.0,0.0,0,0,0,0,0,3136,0,0,0,0,,interval_arithmetic=3136
25,2,lp,lower,1568,100,0.11880843400000002,0.11267781257629395,1615,0,0,100,0,0,0,656,0,812,OPTIMAL=100,interval_proves_cutoff=656;lower_skipped_by_nonpositive_upper=812
25,2,lp,upper,1568,108,0.176162041,0.15802264213562012,1972,0,0,108,0,0,0,804,656,0,OPTIMAL=108,interval_proves_cutoff=804;upper_skipped_by_nonnegative_interval_lower=656
25,3,lp,lower,100,0,0.0,0.0,0,0,0,0,0,0,0,9,0,91,,interval_proves_cutoff=9;lower_skipped_by_nonpositive_upper=91
25,3,lp,upper,100,0,0.0,0.0,0,0,0,0,0,0,0,91,9,0,,interval_proves_cutoff=91;upper_skipped_by_nonnegative_interval_lower=9
26,0,lp,lower,9,9,0.053767154,0.0521392822265625,1247,0,0,9,0,0,0,0,0,0,OPTIMAL=9,
26,0,lp,upper,9,9,0.053782456,0.05225563049316406,1370,0,0,9,0,0,0,0,0,0,OPTIMAL=9,
26,1,interval_arithmetic,lower,3136,0,0.0,0.0,0,0,0,0,0,1009,0,0,0,2127,,interval_arithmetic=1009;lower_skipped_by_nonpositive_upper=2127
26,1,interval_arithmetic,upper,3136,0,0.0,0.0,0,0,0,0,0,3136,0,0,0,0,,interval_arithmetic=3136
26,2,lp,lower,1568,95,0.12745189199999998,0.1193394660949707,1082,0,0,95,0,0,0,707,0,766,OPTIMAL=95,interval_proves_cutoff=707;lower_skipped_by_nonpositive_upper=766
26,2,lp,upper,1568,105,0.18941314200000003,0.17077922821044922,1302,0,0,105,0,0,0,756,707,0,OPTIMAL=105,interval_proves_cutoff=756;upper_skipped_by_nonnegative_interval_lower=707
26,3,lp,lower,100,0,0.0,0.0,0,0,0,0,0,0,0,8,0,92,,interval_proves_cutoff=8;lower_skipped_by_nonpositive_upper=92
26,3,lp,upper,100,0,0.0,0.0,0,0,0,0,0,0,0,92,8,0,,interval_proves_cutoff=92;upper_skipped_by_nonnegative_interval_lower=8
27,0,lp,lower,9,9,0.045459281000000004,0.04437565803527832,1085,0,0,9,0,0,0,0,0,0,OPTIMAL=9,
27,0,lp,upper,9,9,0.055951452000000006,0.05452394485473633,1267,0,0,9,0,0,0,0,0,0,OPTIMAL=9,
27,1,interval_arithmetic,lower,3136,0,0.0,0.0,0,0,0,0,0,870,0,0,0,2266,,interval_arithmetic=870;lower_skipped_by_nonpositive_upper=2266
27,1,interval_arithmetic,upper,3136,0,0.0,0.0,0,0,0,0,0,3136,0,0,0,0,,interval_arithmetic=3136
27,2,lp,lower,1568,91,0.13121529100000004,0.12269043922424316,1175,0,0,91,0,0,0,654,0,823,OPTIMAL=91,interval_proves_cutoff=654;lower_skipped_by_nonpositive_upper=823
27,2,lp,upper,1568,95,0.137146087,0.12155818939208984,1221,0,0,95,0,0,0,819,654,0,OPTIMAL=95,interval_proves_cutoff=819;upper_skipped_by_nonnegative_interval_lower=654
27,3,lp,lower,100,0,0.0,0.0,0,0,0,0,0,0,0,8,0,92,,interval_proves_cutoff=8;lower_skipped_by_nonpositive_upper=92
27,3,lp,upper,100,0,0.0,0.0,0,0,0,0,0,0,0,92,8,0,,interval_proves_cutoff=92;upper_skipped_by_nonnegative_interval_lower=8
28,0,lp,lower,9,9,0.051741911,0.05059075355529785,934,0,0,9,0,0,0,0,0,0,OPTIMAL=9,
28,0,lp,upper,9,9,0.046443911,0.04534602165222168,986,0,0,9,0,0,0,0,0,0,OPTIMAL=9,
28,1,interval_arithmetic,lower,3136,0,0.0,0.0,0,0,0,0,0,887,0,0,0,2249,,interval_arithmetic=887;lower_skipped_by_nonpositive_upper=2249
28,1,interval_arithmetic,upper,3136,0,0.0,0.0,0,0,0,0,0,3136,0,0,0,0,,interval_arithmetic=3136
28,2,lp,lower,1568,72,0.091023625,0.08461904525756836,637,0,0,72,0,0,0,666,0,830,OPTIMAL=72,interval_proves_cutoff=666;lower_skipped_by_nonpositive_upper=830
28,2,lp,upper,1568,74,0.099486226,0.08691215515136719,735,0,0,74,0,0,0,828,666,0,OPTIMAL=74,interval_proves_cutoff=828;upper_skipped_by_nonnegative_interval_lower=666
28,3,lp,lower,100,1,0.004822101,0.004717111587524414,180,0,0,1,0,0,0,8,0,91,OPTIMAL=1,interval_proves_cutoff=8;lower_skipped_by_nonpositive_upper=91
28,3,lp,upper,100,1,0.004698701,0.004560232162475586,161,0,0,1,0,0,0,91,8,0,OPTIMAL=1,interval_proves_cutoff=91;upper_skipped_by_nonnegative_interval_lower=8
29,0,lp,lower,9,9,0.054666013,0.053578853607177734,1384,0,0,9,0,0,0,0,0,0,OPTIMAL=9,
29,0,lp,upper,9,9,0.055622713,0.05463123321533203,1582,0,0,9,0,0,0,0,0,0,OPTIMAL=9,
29,1,interval_arithmetic,lower,3136,0,0.0,0.0,0,0,0,0,0,952,0,0,0,2184,,interval_arithmetic=952;lower_skipped_by_nonpositive_upper=2184
29,1,interval_arithmetic,upper,3136,0,0.0,0.0,0,0,0,0,0,3136,0,0,0,0,,interval_arithmetic=3136
29,2,lp,lower,1568,98,0.11597653000000001,0.11017107963562012,1205,0,0,98,0,0,0,682,0,788,OPTIMAL=98,interval_proves_cutoff=682;lower_skipped_by_nonpositive_upper=788
29,2,lp,upper,1568,100,0.13651773400000003,0.12305164337158203,1222,0,0,100,0,0,0,786,682,0,OPTIMAL=100,interval_proves_cutoff=786;upper_skipped_by_nonnegative_interval_lower=682
29,3,lp,lower,100,0,0.0,0.0,0,0,0,0,0,0,0,9,0,91,,interval_proves_cutoff=9;lower_skipped_by_nonpositive_upper=91
29,3,lp,upper,100,0,0.0,0.0,0,0,0,0,0,0,0,91,9,0,,interval_proves_cutoff=91;upper_skipped_by_nonnegative_interval_lower=9
30,0,lp,lower,9,9,0.026314706,0.025417089462280273,699,0,0,9,0,0,0,0,0,0,OPTIMAL=9,
30,0,lp,upper,9,9,0.029563607,0.02866816520690918,787,0,0,9,0,0,0,0,0,0,OPTIMAL=9,
30,1,interval_arithmetic,lower,3136,0,0.0,0.0,0,0,0,0,0,849,0,0,0,2287,,interval_arithmetic=849;lower_skipped_by_nonpositive_upper=2287
30,1,interval_arithmetic,upper,3136,0,0.0,0.0,0,0,0,0,0,3136,0,0,0,0,,interval_arithmetic=3136
30,2,lp,lower,1568,67,0.08778822000000003,0.08168840408325195,570,0,0,67,0,0,0,629,0,872,OPTIMAL=67,interval_proves_cutoff=629;lower_skipped_by_nonpositive_upper=872
30,2,lp,upper,1568,71,0.11379472800000007,0.0960853099822998,703,0,0,71,0,0,0,868,629,0,OPTIMAL=71,interval_proves_cutoff=868;upper_skipped_by_nonnegative_interval_lower=629
30,3,lp,lower,100,0,0.0,0.0,0,0,0,0,0,0,0,9,0,91,,interval_proves_cutoff=9;lower_skipped_by_nonpositive_upper=91
30,3,lp,upper,100,0,0.0,0.0,0,0,0,0,0,0,0,91,9,0,,interval_proves_cutoff=91;upper_skipped_by_nonnegative_interval_lower=9
31,0,lp,lower,9,9,0.04745329599999999,0.04641437530517578,1131,0,0,9,0,0,0,0,0,0,OPTIMAL=9,
31,0,lp,upper,9,9,0.054387696,0.05319333076477051,1224,0,0,9,0,0,0,0,0,0,OPTIMAL=9,
31,1,interval_arithmetic,lower,3136,0,0.0,0.0,0,0,0,0,0,904,0,0,0,2232,,interval_arithmetic=904;lower_skipped_by_nonpositive_upper=2232
31,1,interval_arithmetic,upper,3136,0,0.0,0.0,0,0,0,0,0,3136,0,0,0,0,,interval_arithmetic=3136
31,2,lp,lower,1568,77,0.084932221,0.0794827938079834,891,0,0,77,0,0,0,657,0,834,OPTIMAL=77,interval_proves_cutoff=657;lower_skipped_by_nonpositive_upper=834
31,2,lp,upper,1568,79,0.09774793099999998,0.08629250526428223,958,0,0,79,0,0,0,832,657,0,OPTIMAL=79,interval_proves_cutoff=832;upper_skipped_by_nonnegative_interval_lower=657
31,3,lp,lower,100,0,0.0,0.0,0,0,0,0,0,0,0,8,0,92,,interval_proves_cutoff=8;lower_skipped_by_nonpositive_upper=92
31,3,lp,upper,100,0,0.0,0.0,0,0,0,0,0,0,0,92,8,0,,interval_proves_cutoff=92;upper_skipped_by_nonnegative_interval_lower=8
32,0,lp,lower,9,9,0.024538698999999997,0.023705482482910156,615,0,0,9,0,0,0,0,0,0,OPTIMAL=9,
32,0,lp,upper,9,9,0.020526997999999998,0.019723176956176758,597,0,0,9,0,0,0,0,0,0,OPTIMAL=9,
32,1,interval_arithmetic,lower,3136,0,0.0,0.0,0,0,0,0,0,835,0,0,0,2301,,interval_arithmetic=835;lower_skipped_by_nonpositive_upper=2301
32,1,interval_arithmetic,upper,3136,0,0.0,0.0,0,0,0,0,0,3136,0,0,0,0,,interval_arithmetic=3136
32,2,lp,lower,1568,45,0.04500809599999998,0.042345523834228516,313,0,0,45,0,0,0,637,0,886,OPTIMAL=45,interval_proves_cutoff=637;lower_skipped_by_nonpositive_upper=886
32,2,lp,upper,1568,47,0.06566649499999998,0.056149959564208984,389,0,0,47,0,0,0,884,637,0,OPTIMAL=47,interval_proves_cutoff=884;upper_skipped_by_nonnegative_interval_lower=637
32,3,lp,lower,100,0,0.0,0.0,0,0,0,0,0,0,0,9,0,91,,interval_proves_cutoff=9;lower_skipped_by_nonpositive_upper=91
32,3,lp,upper,100,0,0.0,0.0,0,0,0,0,0,0,0,91,9,0,,interval_proves_cutoff=91;upper_skipped_by_nonnegative_interval_lower=9
33,0,lp,lower,9,9,0.046731997,0.04567575454711914,1268,0,0,9,0,0,0,0,0,0,OPTIMAL=9,
33,0,lp,upper,9,9,0.040081195,0.03892111778259277,1148,0,0,9,0,0,0,0,0,0,OPTIMAL=9,
33,1,interval_arithmetic,lower,3136,0,0.0,0.0,0,0,0,0,0,918,0,0,0,2218,,interval_arithmetic=918;lower_skipped_by_nonpositive_upper=2218
33,1,interval_arithmetic,upper,3136,0,0.0,0.0,0,0,0,0,0,3136,0,0,0,0,,interval_arithmetic=3136
33,2,lp,lower,1568,76,0.095958797,0.08938884735107422,1052,0,0,76,0,0,0,679,0,813,OPTIMAL=76,interval_proves_cutoff=679;lower_skipped_by_nonpositive_upper=813
33,2,lp,upper,1568,87,0.12928459200000003,0.11081862449645996,1262,0,0,87,0,0,0,802,679,0,OPTIMAL=87,interval_proves_cutoff=802;upper_skipped_by_nonnegative_interval_lower=679
33,3,lp,lower,100,0,0.0,0.0,0,0,0,0,0,0,0,8,0,92,,interval_proves_cutoff=8;lower_skipped_by_nonpositive_upper=92
33,3,lp,upper,100,1,0.0038256,0.003690958023071289,166,0,0,1,0,0,0,91,8,0,OPTIMAL=1,interval_proves_cutoff=91;upper_skipped_by_nonnegative_interval_lower=8
34,0,lp,lower,9,9,0.067763897,0.06628775596618652,1545,0,0,9,0,0,0,0,0,0,OPTIMAL=9,
34,0,lp,upper,9,9,0.057411198,0.05639219284057617,1632,0,0,9,0,0,0,0,0,0,OPTIMAL=9,
34,1,interval_arithmetic,lower,3136,0,0.0,0.0,0,0,0,0,0,917,0,0,0,2219,,interval_arithmetic=917;lower_skipped_by_nonpositive_upper=2219
34,1,interval_arithmetic,upper,3136,0,0.0,0.0,0,0,0,0,0,3136,0,0,0,0,,interval_arithmetic=3136
34,2,lp,lower,1568,116,0.146283093,0.13761353492736816,1750,0,0,116,0,0,0,672,0,780,OPTIMAL=116,interval_proves_cutoff=672;lower_skipped_by_nonpositive_upper=780
34,2,lp,upper,1568,121,0.18169639200000012,0.16372179985046387,1947,0,0,121,0,0,0,775,672,0,OPTIMAL=121,interval_proves_cutoff=775;upper_skipped_by_nonnegative_interval_lower=672
34,3,lp,lower,100,0,0.0,0.0,0,0,0,0,0,0,0,9,0,91,,interval_proves_cutoff=9;lower_skipped_by_nonpositive_upper=91
34,3,lp,upper,100,0,0.0,0.0,0,0,0,0,0,0,0,91,9,0,,interval_proves_cutoff=91;upper_skipped_by_nonnegative_interval_lower=9
35,0,lp,lower,9,9,0.040159897,0.03915834426879883,1128,0,0,9,0,0,0,0,0,0,OPTIMAL=9,
35,0,lp,upper,9,9,0.050222599,0.049078941345214844,1141,0,0,9,0,0,0,0,0,0,OPTIMAL=9,
35,1,interval_arithmetic,lower,3136,0,0.0,0.0,0,0,0,0,0,911,0,0,0,2225,,interval_arithmetic=911;lower_skipped_by_nonpositive_upper=2225
35,1,interval_arithmetic,upper,3136,0,0.0,0.0,0,0,0,0,0,3136,0,0,0,0,,interval_arithmetic=3136
35,2,lp,lower,1568,70,0.097398395,0.09075379371643066,901,0,0,70,0,0,0,672,0,826,OPTIMAL=70,interval_proves_cutoff=672;lower_skipped_by_nonpositive_upper=826
35,2,lp,upper,1568,73,0.104171197,0.09221434593200684,1035,0,0,73,0,0,0,823,672,0,OPTIMAL=73,interval_proves_cutoff=823;upper_skipped_by_nonnegative_interval_lower=672
35,3,lp,lower,100,2,0.0092645,0.009021759033203125,225,0,0,2,0,0,0,7,0,91,OPTIMAL=2,interval_proves_cutoff=7;lower_skipped_by_nonpositive_upper=91
35,3,lp,upper,100,2,0.009565799,0.009317159652709961,295,0,0,2,0,0,0,91,7,0,OPTIMAL=2,interval_proves_cutoff=91;upper_skipped_by_nonnegative_interval_lower=7
36,0,lp,lower,9,9,0.05812341300000001,0.05688667297363281,1563,0,0,9,0,0,0,0,0,0,OPTIMAL=9,
36,0,lp,upper,9,9,0.056989912000000004,0.055832624435424805,1619,0,0,9,0,0,0,0,0,0,OPTIMAL=9,
36,1,interval_arithmetic,lower,3136,0,0.0,0.0,0,0,0,0,0,942,0,0,0,2194,,interval_arithmetic=942;lower_skipped_by_nonpositive_upper=2194
36,1,interval_arithmetic,upper,3136,0,0.0,0.0,0,0,0,0,0,3136,0,0,0,0,,interval_arithmetic=3136
36,2,lp,lower,1568,99,0.12089271300000001,0.11208534240722656,1365,0,0,99,0,0,0,683,0,786,OPTIMAL=99,interval_proves_cutoff=683;lower_skipped_by_nonpositive_upper=786
36,2,lp,upper,1568,106,0.14193709900000007,0.1232151985168457,1553,0,0,106,0,0,0,779,683,0,OPTIMAL=106,interval_proves_cutoff=779;upper_skipped_by_nonnegative_interval_lower=683
36,3,lp,lower,100,1,0.005663901,0.005570411682128906,271,0,0,1,0,0,0,8,0,91,OPTIMAL=1,interval_proves_cutoff=8;lower_skipped_by_nonpositive_upper=91
36,3,lp,upper,100,1,0.005098501,0.004986763000488281,247,0,0,1,0,0,0,91,8,0,OPTIMAL=1,interval_proves_cutoff=91;upper_skipped_by_nonnegative_interval_lower=8
37,0,lp,lower,9,9,0.041422792,0.04043412208557129,1192,0,0,9,0,0,0,0,0,0,OPTIMAL=9,
37,0,lp,upper,9,9,0.049309292,0.04852938652038574,1390,0,0,9,0,0,0,0,0,0,OPTIMAL=9,
37,1,interval_arithmetic,lower,3136,0,0.0,0.0,0,0,0,0,0,903,0,0,0,2233,,interval_arithmetic=903;lower_skipped_by_nonpositive_upper=2233
37,1,interval_arithmetic,upper,3136,0,0.0,0.0,0,0,0,0,0,3136,0,0,0,0,,interval_arithmetic=3136
37,2,lp,lower,1568,83,0.09950878300000003,0.09383749961853027,1101,0,0,83,0,0,0,678,0,807,OPTIMAL=83,interval_proves_cutoff=678;lower_skipped_by_nonpositive_upper=807
37,2,lp,upper,1568,84,0.11646507299999996,0.10325050354003906,1283,0,0,84,0,0,0,806,678,0,OPTIMAL=84,interval_proves_cutoff=806;upper_skipped_by_nonnegative_interval_lower=678
37,3,lp,lower,100,1,0.004745099,0.004662752151489258,246,0,0,1,0,0,0,8,0,91,OPTIMAL=1,interval_proves_cutoff=8;lower_skipped_by_nonpositive_upper=91
37,3,lp,upper,100,1,0.004592599,0.00448155403137207,183,0,0,1,0,0,0,91,8,0,OPTIMAL=1,interval_proves_cutoff=91;upper_skipped_by_nonnegative_interval_lower=8
38,0,lp,lower,9,9,0.05977198799999999,0.058577537536621094,1175,0,0,9,0,0,0,0,0,0,OPTIMAL=9,
38,0,lp,upper,9,9,0.057882988,0.05699729919433594,1215,0,0,9,0,0,0,0,0,0,OPTIMAL=9,
38,1,interval_arithmetic,lower,3136,0,0.0,0.0,0,0,0,0,0,860,0,0,0,2276,,interval_arithmetic=860;lower_skipped_by_nonpositive_upper=2276
38,1,interval_arithmetic,upper,3136,0,0.0,0.0,0,0,0,0,0,3136,0,0,0,0,,interval_arithmetic=3136
38,2,lp,lower,1568,65,0.06823338600000001,0.06465673446655273,818,0,0,65,0,0,0,639,0,864,OPTIMAL=65,interval_proves_cutoff=639;lower_skipped_by_nonpositive_upper=864
38,2,lp,upper,1568,69,0.08669708300000001,0.07565450668334961,1000,0,0,69,0,0,0,860,639,0,OPTIMAL=69,interval_proves_cutoff=860;upper_skipped_by_nonnegative_interval_lower=639
38,3,lp,lower,100,2,0.006698198000000001,0.0065021514892578125,200,0,0,2,0,0,0,7,0,91,OPTIMAL=2,interval_proves_cutoff=7;lower_skipped_by_nonpositive_upper=91
38,3,lp,upper,100,2,0.0062901,0.006094455718994141,234,0,0,2,0,0,0,91,7,0,OPTIMAL=2,interval_proves_cutoff=91;upper_skipped_by_nonnegative_interval_lower=7
39,0,lp,lower,9,9,0.065752885,0.06463837623596191,1561,0,0,9,0,0,0,0,0,0,OPTIMAL=9,
39,0,lp,upper,9,9,0.070482688,0.06912422180175781,1721,0,0,9,0,0,0,0,0,0,OPTIMAL=9,
39,1,interval_arithmetic,lower,3136,0,0.0,0.0,0,0,0,0,0,901,0,0,0,2235,,interval_arithmetic=901;lower_skipped_by_nonpositive_upper=2235
39,1,interval_arithmetic,upper,3136,0,0.0,0.0,0,0,0,0,0,3136,0,0,0,0,,interval_arithmetic=3136
39,2,lp,lower,1568,94,0.13198068000000002,0.12499165534973145,1818,0,0,94,0,0,0,664,0,810,OPTIMAL=94,interval_proves_cutoff=664;lower_skipped_by_nonpositive_upper=810
39,2,lp,upper,1568,95,0.13896087100000004,0.12447667121887207,1859,0,0,95,0,0,0,809,664,0,OPTIMAL=95,interval_proves_cutoff=809;upper_skipped_by_nonnegative_interval_lower=664
39,3,lp,lower,100,0,0.0,0.0,0,0,0,0,0,0,0,9,0,91,,interval_proves_cutoff=9;lower_skipped_by_nonpositive_upper=91
39,3,lp,upper,100,0,0.0,0.0,0,0,0,0,0,0,0,91,9,0,,interval_proves_cutoff=91;upper_skipped_by_nonnegative_interval_lower=9
40,0,lp,lower,9,9,0.05043379099999999,0.049469709396362305,1161,0,0,9,0,0,0,0,0,0,OPTIMAL=9,
40,0,lp,upper,9,9,0.06100759,0.05998539924621582,1190,0,0,9,0,0,0,0,0,0,OPTIMAL=9,
40,1,interval_arithmetic,lower,3136,0,0.0,0.0,0,0,0,0,0,876,0,0,0,2260,,interval_arithmetic=876;lower_skipped_by_nonpositive_upper=2260
40,1,interval_arithmetic,upper,3136,0,0.0,0.0,0,0,0,0,0,3136,0,0,0,0,,interval_arithmetic=3136
40,2,lp,lower,1568,70,0.114577175,0.10750174522399902,1032,0,0,70,0,0,0,636,0,862,OPTIMAL=70,interval_proves_cutoff=636;lower_skipped_by_nonpositive_upper=862
40,2,lp,upper,1568,71,0.135026677,0.11881589889526367,1128,0,0,71,0,0,0,861,636,0,OPTIMAL=71,interval_proves_cutoff=861;upper_skipped_by_nonnegative_interval_lower=636
40,3,lp,lower,100,1,0.006024299,0.0058743953704833984,188,0,0,1,0,0,0,8,0,91,OPTIMAL=1,interval_proves_cutoff=8;lower_skipped_by_nonpositive_upper=91
40,3,lp,upper,100,1,0.005158,0.0050089359283447266,180,0,0,1,0,0,0,91,8,0,OPTIMAL=1,interval_proves_cutoff=91;upper_skipped_by_nonnegative_interval_lower=8
41,0,lp,lower,9,9,0.055202292,0.0541534423828125,988,0,0,9,0,0,0,0,0,0,OPTIMAL=9,
41,0,lp,upper,9,9,0.060971091,0.059942007064819336,997,0,0,9,0,0,0,0,0,0,OPTIMAL=9,
41,1,interval_arithmetic,lower,3136,0,0.0,0.0,0,0,0,0,0,828,0,0,0,2308,,interval_arithmetic=828;lower_skipped_by_nonpositive_upper=2308
41,1,interval_arithmetic,upper,3136,0,0.0,0.0,0,0,0,0,0,3136,0,0,0,0,,interval_arithmetic=3136
41,2,lp,lower,1568,87,0.08521839000000005,0.07960987091064453,491,0,0,87,0,0,0,614,0,867,OPTIMAL=87,interval_proves_cutoff=614;lower_skipped_by_nonpositive_upper=867
41,2,lp,upper,1568,88,0.09204328699999996,0.08150672912597656,678,0,0,88,0,0,0,866,614,0,OPTIMAL=88,interval_proves_cutoff=866;upper_skipped_by_nonnegative_interval_lower=614
41,3,lp,lower,100,1,0.0042608,0.004169940948486328,168,0,0,1,0,0,0,8,0,91,OPTIMAL=1,interval_proves_cutoff=8;lower_skipped_by_nonpositive_upper=91
41,3,lp,upper,100,1,0.004261099,0.004143476486206055,166,0,0,1,0,0,0,91,8,0,OPTIMAL=1,interval_proves_cutoff=91;upper_skipped_by_nonnegative_interval_lower=8
42,0,lp,lower,9,9,0.09143191700000002,0.09032368659973145,1516,0,0,9,0,0,0,0,0,0,OPTIMAL=9,
42,0,lp,upper,9,9,0.095499319,0.09418439865112305,1450,0,0,9,0,0,0,0,0,0,OPTIMAL=9,
42,1,interval_arithmetic,lower,3136,0,0.0,0.0,0,0,0,0,0,881,0,0,0,2255,,interval_arithmetic=881;lower_skipped_by_nonpositive_upper=2255
42,1,interval_arithmetic,upper,3136,0,0.0,0.0,0,0,0,0,0,3136,0,0,0,0,,interval_arithmetic=3136
42,2,lp,lower,1568,101,0.11747392299999998,0.11113381385803223,1743,0,0,101,0,0,0,643,0,824,OPTIMAL=101,interval_proves_cutoff=643;lower_skipped_by_nonpositive_upper=824
42,2,lp,upper,1568,106,0.18675199299999995,0.15592336654663086,2100,0,0,106,0,0,0,819,643,0,OPTIMAL=106,interval_proves_cutoff=819;upper_skipped_by_nonnegative_interval_lower=643
42,3,lp,lower,100,1,0.011328902,0.011202812194824219,295,0,0,1,0,0,0,8,0,91,OPTIMAL=1,interval_proves_cutoff=8;lower_skipped_by_nonpositive_upper=91
42,3,lp,upper,100,1,0.007235202,0.007109403610229492,223,0,0,1,0,0,0,91,8,0,OPTIMAL=1,interval_proves_cutoff=91;upper_skipped_by_nonnegative_interval_lower=8
43,0,lp,lower,9,9,0.037750792,0.03657817840576172,755,0,0,9,0,0,0,0,0,0,OPTIMAL=9,
43,0,lp,upper,9,9,0.026107091,0.025241613388061523,717,0,0,9,0,0,0,0,0,0,OPTIMAL=9,
43,1,interval_arithmetic,lower,3136,0,0.0,0.0,0,0,0,0,0,891,0,0,0,2245,,interval_arithmetic=891;lower_skipped_by_nonpositive_upper=2245
43,1,interval_arithmetic,upper,3136,0,0.0,0.0,0,0,0,0,0,3136,0,0,0,0,,interval_arithmetic=3136
43,2,lp,lower,1568,55,0.07172269399999999,0.06658768653869629,448,0,0,55,0,0,0,668,0,845,OPTIMAL=55,interval_proves_cutoff=668;lower_skipped_by_nonpositive_upper=845
43,2,lp,upper,1568,59,0.085850521,0.07458758354187012,603,0,0,59,0,0,0,841,668,0,OPTIMAL=59,interval_proves_cutoff=841;upper_skipped_by_nonnegative_interval_lower=668
43,3,lp,lower,100,1,0.0027696,0.0026865005493164062,143,0,0,1,0,0,0,7,0,92,OPTIMAL=1,interval_proves_cutoff=7;lower_skipped_by_nonpositive_upper=92
43,3,lp,upper,100,1,0.002564599,0.002463817596435547,113,0,0,1,0,0,0,92,7,0,OPTIMAL=1,interval_proves_cutoff=92;upper_skipped_by_nonnegative_interval_lower=7
44,0,lp,lower,9,9,0.036046194999999996,0.03503704071044922,1124,0,0,9,0,0,0,0,0,0,OPTIMAL=9,
44,0,lp,upper,9,9,0.03855969299999999,0.037491798400878906,1258,0,0,9,0,0,0,0,0,0,OPTIMAL=9,
44,1,interval_arithmetic,lower,3136,0,0.0,0.0,0,0,0,0,0,870,0,0,0,2266,,interval_arithmetic=870;lower_skipped_by_nonpositive_upper=2266
44,1,interval_arithmetic,upper,3136,0,0.0,0.0,0,0,0,0,0,3136,0,0,0,0,,interval_arithmetic=3136
44,2,lp,lower,1568,88,0.10115708600000001,0.09476113319396973,1087,0,0,88,0,0,0,642,0,838,OPTIMAL=88,interval_proves_cutoff=642;lower_skipped_by_nonpositive_upper=838
44,2,lp,upper,1568,96,0.115415186,0.10318732261657715,1448,0,0,96,0,0,0,830,642,0,OPTIMAL=96,interval_proves_cutoff=830;upper_skipped_by_nonnegative_interval_lower=642
44,3,lp,lower,100,0,0.0,0.0,0,0,0,0,0,0,0,9,0,91,,interval_proves_cutoff=9;lower_skipped_by_nonpositive_upper=91
44,3,lp,upper,100,0,0.0,0.0,0,0,0,0,0,0,0,91,9,0,,interval_proves_cutoff=91;upper_skipped_by_nonnegative_interval_lower=9
45,0,lp,lower,9,9,0.037412394,0.03651022911071777,1114,0,0,9,0,0,0,0,0,0,OPTIMAL=9,
45,0,lp,upper,9,9,0.037048596,0.03614616394042969,1176,0,0,9,0,0,0,0,0,0,OPTIMAL=9,
45,1,interval_arithmetic,lower,3136,0,0.0,0.0,0,0,0,0,0,884,0,0,0,2252,,interval_arithmetic=884;lower_skipped_by_nonpositive_upper=2252
45,1,interval_arithmetic,upper,3136,0,0.0,0.0,0,0,0,0,0,3136,0,0,0,0,,interval_arithmetic=3136
45,2,lp,lower,1568,81,0.082406088,0.07754921913146973,923,0,0,81,0,0,0,641,0,846,OPTIMAL=81,interval_proves_cutoff=641;lower_skipped_by_nonpositive_upper=846
45,2,lp,upper,1568,82,0.10323448700000001,0.0903940200805664,1059,0,0,82,0,0,0,845,641,0,OPTIMAL=82,interval_proves_cutoff=845;upper_skipped_by_nonnegative_interval_lower=641
45,3,lp,lower,100,0,0.0,0.0,0,0,0,0,0,0,0,9,0,91,,interval_proves_cutoff=9;lower_skipped_by_nonpositive_upper=91
45,3,lp,upper,100,0,0.0,0.0,0,0,0,0,0,0,0,91,9,0,,interval_proves_cutoff=91;upper_skipped_by_nonnegative_interval_lower=9
46,0,lp,lower,9,9,0.132506885,0.13141322135925293,2294,0,0,9,0,0,0,0,0,0,OPTIMAL=9,
46,0,lp,upper,9,9,0.143896081,0.1427443027496338,2187,0,0,9,0,0,0,0,0,0,OPTIMAL=9,
46,1,interval_arithmetic,lower,3136,0,0.0,0.0,0,0,0,0,0,909,0,0,0,2227,,interval_arithmetic=909;lower_skipped_by_nonpositive_upper=2227
46,1,interval_arithmetic,upper,3136,0,0.0,0.0,0,0,0,0,0,3136,0,0,0,0,,interval_arithmetic=3136
46,2,lp,lower,1568,137,0.165346077,0.15548086166381836,2581,0,0,137,0,0,0,649,0,782,OPTIMAL=137,interval_proves_cutoff=649;lower_skipped_by_nonpositive_upper=782
46,2,lp,upper,1568,145,0.19615777399999987,0.177567720413208,2859,0,0,145,0,0,0,774,649,0,OPTIMAL=145,interval_proves_cutoff=774;upper_skipped_by_nonnegative_interval_lower=649
46,3,lp,lower,100,1,0.009851199,0.00975489616394043,340,0,0,1,0,0,0,8,0,91,OPTIMAL=1,interval_proves_cutoff=8;lower_skipped_by_nonpositive_upper=91
46,3,lp,upper,100,1,0.010219898,0.010077476501464844,305,0,0,1,0,0,0,91,8,0,OPTIMAL=1,interval_proves_cutoff=91;upper_skipped_by_nonnegative_interval_lower=8
47,0,lp,lower,9,9,0.030679506000000002,0.02975773811340332,899,0,0,9,0,0,0,0,0,0,OPTIMAL=9,
47,0,lp,upper,9,9,0.038147711,0.03714156150817871,1050,0,0,9,0,0,0,0,0,0,OPTIMAL=9,
47,1,interval_arithmetic,lower,3136,0,0.0,0.0,0,0,0,0,0,873,0,0,0,2263,,interval_arithmetic=873;lower_skipped_by_nonpositive_upper=2263
47,1,interval_arithmetic,upper,3136,0,0.0,0.0,0,0,0,0,0,3136,0,0,0,0,,interval_arithmetic=3136
47,2,lp,lower,1568,75,0.082802622,0.07707786560058594,710,0,0,75,0,0,0,632,0,861,OPTIMAL=75,interval_proves_cutoff=632;lower_skipped_by_nonpositive_upper=861
47,2,lp,upper,1568,80,0.09270222000000003,0.08174777030944824,955,0,0,80,0,0,0,856,632,0,OPTIMAL=80,interval_proves_cutoff=856;upper_skipped_by_nonnegative_interval_lower=632
47,3,lp,lower,100,0,0.0,0.0,0,0,0,0,0,0,0,9,0,91,,interval_proves_cutoff=9;lower_skipped_by_nonpositive_upper=91
47,3,lp,upper,100,0,0.0,0.0,0,0,0,0,0,0,0,91,9,0,,interval_proves_cutoff=91;upper_skipped_by_nonnegative_interval_lower=9
48,0,lp,lower,9,9,0.064101717,0.06300926208496094,1673,0,0,9,0,0,0,0,0,0,OPTIMAL=9,
48,0,lp,upper,9,9,0.07544712,0.07436466217041016,1628,0,0,9,0,0,0,0,0,0,OPTIMAL=9,
48,1,interval_arithmetic,lower,3136,0,0.0,0.0,0,0,0,0,0,896,0,0,0,2240,,interval_arithmetic=896;lower_skipped_by_nonpositive_upper=2240
48,1,interval_arithmetic,upper,3136,0,0.0,0.0,0,0,0,0,0,3136,0,0,0,0,,interval_arithmetic=3136
48,2,lp,lower,1568,116,0.12975002700000002,0.12214374542236328,2104,0,0,116,0,0,0,648,0,804,OPTIMAL=116,interval_proves_cutoff=648;lower_skipped_by_nonpositive_upper=804
48,2,lp,upper,1568,123,0.150732841,0.1362462043762207,2212,0,0,123,0,0,0,797,648,0,OPTIMAL=123,interval_proves_cutoff=797;upper_skipped_by_nonnegative_interval_lower=648
48,3,lp,lower,100,1,0.009701902,0.009510993957519531,313,0,0,1,0,0,0,8,0,91,OPTIMAL=1,interval_proves_cutoff=8;lower_skipped_by_nonpositive_upper=91
48,3,lp,upper,100,1,0.007604802,0.007446765899658203,270,0,0,1,0,0,0,91,8,0,OPTIMAL=1,interval_proves_cutoff=91;upper_skipped_by_nonnegative_interval_lower=8
49,0,lp,lower,9,9,0.046210713,0.04506969451904297,1120,0,0,9,0,0,0,0,0,0,OPTIMAL=9,
49,0,lp,upper,9,9,0.046923211,0.04574751853942871,1155,0,0,9,0,0,0,0,0,0,OPTIMAL=9,
49,1,interval_arithmetic,lower,3136,0,0.0,0.0,0,0,0,0,0,951,0,0,0,2185,,interval_arithmetic=951;lower_skipped_by_nonpositive_upper=2185
49,1,interval_arithmetic,upper,3136,0,0.0,0.0,0,0,0,0,0,3136,0,0,0,0,,interval_arithmetic=3136
49,2,lp,lower,1568,84,0.093654523,0.08855032920837402,920,0,0,84,0,0,0,662,0,822,OPTIMAL=84,interval_proves_cutoff=662;lower_skipped_by_nonpositive_upper=822
49,2,lp,upper,1568,89,0.12245481899999998,0.11094927787780762,1106,0,0,89,0,0,0,817,662,0,OPTIMAL=89,interval_proves_cutoff=817;upper_skipped_by_nonnegative_interval_lower=662
49,3,lp,lower,100,1,0.007016302,0.0068950653076171875,253,0,0,1,0,0,0,8,0,91,OPTIMAL=1,interval_proves_cutoff=8;lower_skipped_by_nonpositive_upper=91
49,3,lp,upper,100,1,0.004894101,0.00477147102355957,215,0,0,1,0,0,0,91,8,0,OPTIMAL=1,interval_proves_cutoff=91;upper_skipped_by_nonnegative_interval_lower=8
50,0,lp,lower,9,9,0.077314121,0.0761878490447998,1532,0,0,9,0,0,0,0,0,0,OPTIMAL=9,
50,0,lp,upper,9,9,0.07399862,0.07282543182373047,1631,0,0,9,0,0,0,0,0,0,OPTIMAL=9,
50,1,interval_arithmetic,lower,3136,0,0.0,0.0,0,0,0,0,0,912,0,0,0,2224,,interval_arithmetic=912;lower_skipped_by_nonpositive_upper=2224
50,1,interval_arithmetic,upper,3136,0,0.0,0.0,0,0,0,0,0,3136,0,0,0,0,,interval_arithmetic=3136
50,2,lp,lower,1568,117,0.12412063000000005,0.1159372329711914,1648,0,0,117,0,0,0,651,0,800,OPTIMAL=117,interval_proves_cutoff=651;lower_skipped_by_nonpositive_upper=800
50,2,lp,upper,1568,120,0.14947793699999998,0.1338803768157959,1811,0,0,120,0,0,0,797,651,0,OPTIMAL=120,interval_proves_cutoff=797;upper_skipped_by_nonnegative_interval_lower=651
50,3,lp,lower,100,1,0.007731702,0.007603883743286133,305,0,0,1,0,0,0,8,0,91,OPTIMAL=1,interval_proves_cutoff=8;lower_skipped_by_nonpositive_upper=91
50,3,lp,upper,100,1,0.007130502,0.00700688362121582,299,0,0,1,0,0,0,91,8,0,OPTIMAL=1,interval_proves_cutoff=91;upper_skipped_by_nonnegative_interval_lower=8
51,0,lp,lower,9,9,0.057522516,0.056511878967285156,1515,0,0,9,0,0,0,0,0,0,OPTIMAL=9,
51,0,lp,upper,9,9,0.058548214,0.057564496994018555,1481,0,0,9,0,0,0,0,0,0,OPTIMAL=9,
51,1,interval_arithmetic,lower,3136,0,0.0,0.0,0,0,0,0,0,903,0,0,0,2233,,interval_arithmetic=903;lower_skipped_by_nonpositive_upper=2233
51,1,interval_arithmetic,upper,3136,0,0.0,0.0,0,0,0,0,0,3136,0,0,0,0,,interval_arithmetic=3136
51,2,lp,lower,1568,89,0.110133129,0.10392403602600098,1558,0,0,89,0,0,0,642,0,837,OPTIMAL=89,interval_proves_cutoff=642;lower_skipped_by_nonpositive_upper=837
51,2,lp,upper,1568,103,0.14234474000000008,0.13005948066711426,1750,0,0,103,0,0,0,823,642,0,OPTIMAL=103,interval_proves_cutoff=823;upper_skipped_by_nonnegative_interval_lower=642
51,3,lp,lower,100,2,0.009856102,0.009634733200073242,284,0,0,2,0,0,0,7,0,91,OPTIMAL=2,interval_proves_cutoff=7;lower_skipped_by_nonpositive_upper=91
51,3,lp,upper,100,2,0.011240303,0.011004924774169922,328,0,0,2,0,0,0,91,7,0,OPTIMAL=2,interval_proves_cutoff=91;upper_skipped_by_nonnegative_interval_lower=7
52,0,lp,lower,9,9,0.052749913,0.05178332328796387,1494,0,0,9,0,0,0,0,0,0,OPTIMAL=9,
52,0,lp,upper,9,9,0.058384113999999994,0.05736064910888672,1597,0,0,9,0,0,0,0,0,0,OPTIMAL=9,
52,1,interval_arithmetic,lower,3136,0,0.0,0.0,0,0,0,0,0,961,0,0,0,2175,,interval_arithmetic=961;lower_skipped_by_nonpositive_upper=2175
52,1,interval_arithmetic,upper,3136,0,0.0,0.0,0,0,0,0,0,3136,0,0,0,0,,interval_arithmetic=3136
52,2,lp,lower,1568,102,0.13056083900000004,0.12353181838989258,1278,0,0,102,0,0,0,684,0,782,OPTIMAL=102,interval_proves_cutoff=684;lower_skipped_by_nonpositive_upper=782
52,2,lp,upper,1568,106,0.15101083900000012,0.1378774642944336,1442,0,0,106,0,0,0,778,684,0,OPTIMAL=106,interval_proves_cutoff=778;upper_skipped_by_nonnegative_interval_lower=684
52,3,lp,lower,100,1,0.010022802,0.009913206100463867,314,0,0,1,0,0,0,8,0,91,OPTIMAL=1,interval_proves_cutoff=8;lower_skipped_by_nonpositive_upper=91
52,3,lp,upper,100,1,0.007236202,0.0071146488189697266,263,0,0,1,0,0,0,91,8,0,OPTIMAL=1,interval_proves_cutoff=91;upper_skipped_by_nonnegative_interval_lower=8
53,0,lp,lower,9,9,0.125076031,0.12386918067932129,2181,0,0,9,0,0,0,0,0,0,OPTIMAL=9,
53,0,lp,upper,9,9,0.163928241,0.16278767585754395,2373,0,0,9,0,0,0,0,0,0,OPTIMAL=9,
53,1,interval_arithmetic,lower,3136,0,0.0,0.0,0,0,0,0,0,927,0,0,0,2209,,interval_arithmetic=927;lower_skipped_by_nonpositive_upper=2209
53,1,interval_arithmetic,upper,3136,0,0.0,0.0,0,0,0,0,0,3136,0,0,0,0,,interval_arithmetic=3136
53,2,lp,lower,1568,109,0.13596643399999997,0.12867951393127441,1744,0,0,109,0,0,0,673,0,786,OPTIMAL=109,interval_proves_cutoff=673;lower_skipped_by_nonpositive_upper=786
53,2,lp,upper,1568,116,0.15884612999999995,0.1450200080871582,1960,0,0,116,0,0,0,779,673,0,OPTIMAL=116,interval_proves_cutoff=779;upper_skipped_by_nonnegative_interval_lower=673
53,3,lp,lower,100,1,0.010270903,0.010151386260986328,326,0,0,1,0,0,0,8,0,91,OPTIMAL=1,interval_proves_cutoff=8;lower_skipped_by_nonpositive_upper=91
53,3,lp,upper,100,1,0.007960702,0.007793903350830078,273,0,0,1,0,0,0,91,8,0,OPTIMAL=1,interval_proves_cutoff=91;upper_skipped_by_nonnegative_interval_lower=8
54,0,lp,lower,9,9,0.092717226,0.09153127670288086,1738,0,0,9,0,0,0,0,0,0,OPTIMAL=9,
54,0,lp,upper,9,9,0.076559622,0.0754389762878418,1797,0,0,9,0,0,0,0,0,0,OPTIMAL=9,
54,1,interval_arithmetic,lower,3136,0,0.0,0.0,0,0,0,0,0,905,0,0,0,2231,,interval_arithmetic=905;lower_skipped_by_nonpositive_upper=2231
54,1,interval_arithmetic,upper,3136,0,0.0,0.0,0,0,0,0,0,3136,0,0,0,0,,interval_arithmetic=3136
54,2,lp,lower,1568,128,0.16537234300000006,0.1565561294555664,1894,0,0,128,0,0,0,654,0,786,OPTIMAL=128,interval_proves_cutoff=654;lower_skipped_by_nonpositive_upper=786
54,2,lp,upper,1568,137,0.18660585100000004,0.16814327239990234,2159,0,0,137,0,0,0,777,654,0,OPTIMAL=137,interval_proves_cutoff=777;upper_skipped_by_nonnegative_interval_lower=654
54,3,lp,lower,100,0,0.0,0.0,0,0,0,0,0,0,0,9,0,91,,interval_proves_cutoff=9;lower_skipped_by_nonpositive_upper=91
54,3,lp,upper,100,0,0.0,0.0,0,0,0,0,0,0,0,91,9,0,,interval_proves_cutoff=91;upper_skipped_by_nonnegative_interval_lower=9
55,0,lp,lower,9,9,0.089386725,0.08823704719543457,1865,0,0,9,0,0,0,0,0,0,OPTIMAL=9,
55,0,lp,upper,9,9,0.08741522400000001,0.08623099327087402,1889,0,0,9,0,0,0,0,0,0,OPTIMAL=9,
55,1,interval_arithmetic,lower,3136,0,0.0,0.0,0,0,0,0,0,962,0,0,0,2174,,interval_arithmetic=962;lower_skipped_by_nonpositive_upper=2174
55,1,interval_arithmetic,upper,3136,0,0.0,0.0,0,0,0,0,0,3136,0,0,0,0,,interval_arithmetic=3136
55,2,lp,lower,1568,112,0.150904038,0.14321231842041016,2065,0,0,112,0,0,0,669,0,787,OPTIMAL=112,interval_proves_cutoff=669;lower_skipped_by_nonpositive_upper=787
55,2,lp,upper,1568,121,0.195699454,0.17814946174621582,2209,0,0,121,0,0,0,778,669,0,OPTIMAL=121,interval_proves_cutoff=778;upper_skipped_by_nonnegative_interval_lower=669
55,3,lp,lower,100,1,0.012339104,0.01219940185546875,329,0,0,1,0,0,0,8,0,91,OPTIMAL=1,interval_proves_cutoff=8;lower_skipped_by_nonpositive_upper=91
55,3,lp,upper,100,1,0.007452002,0.007310152053833008,252,0,0,1,0,0,0,91,8,0,OPTIMAL=1,interval_proves_cutoff=91;upper_skipped_by_nonnegative_interval_lower=8
56,0,lp,lower,9,9,0.033673909,0.03266167640686035,1037,0,0,9,0,0,0,0,0,0,OPTIMAL=9,
56,0,lp,upper,9,9,0.034445008,0.033437490463256836,1142,0,0,9,0,0,0,0,0,0,OPTIMAL=9,
56,1,interval_arithmetic,lower,3136,0,0.0,0.0,0,0,0,0,0,915,0,0,0,2221,,interval_arithmetic=915;lower_skipped_by_nonpositive_upper=2221
56,1,interval_arithmetic,upper,3136,0,0.0,0.0,0,0,0,0,0,3136,0,0,0,0,,interval_arithmetic=3136
56,2,lp,lower,1568,76,0.08371402400000004,0.07955169677734375,926,0,0,76,0,0,0,681,0,811,OPTIMAL=76,interval_proves_cutoff=681;lower_skipped_by_nonpositive_upper=811
56,2,lp,upper,1568,82,0.107249626,0.09582996368408203,1135,0,0,82,0,0,0,805,681,0,OPTIMAL=82,interval_proves_cutoff=805;upper_skipped_by_nonnegative_interval_lower=681
56,3,lp,lower,100,0,0.0,0.0,0,0,0,0,0,0,0,9,0,91,,interval_proves_cutoff=9;lower_skipped_by_nonpositive_upper=91
56,3,lp,upper,100,0,0.0,0.0,0,0,0,0,0,0,0,91,9,0,,interval_proves_cutoff=91;upper_skipped_by_nonnegative_interval_lower=9
57,0,lp,lower,9,9,0.050104011999999996,0.04918408393859863,1287,0,0,9,0,0,0,0,0,0,OPTIMAL=9,
57,0,lp,upper,9,9,0.040409512,0.039559125900268555,1103,0,0,9,0,0,0,0,0,0,OPTIMAL=9,
57,1,interval_arithmetic,lower,3136,0,0.0,0.0,0,0,0,0,0,923,0,0,0,2213,,interval_arithmetic=923;lower_skipped_by_nonpositive_upper=2213
57,1,interval_arithmetic,upper,3136,0,0.0,0.0,0,0,0,0,0,3136,0,0,0,0,,interval_arithmetic=3136
57,2,lp,lower,1568,83,0.099719924,0.09402847290039062,1048,0,0,83,0,0,0,666,0,819,OPTIMAL=83,interval_proves_cutoff=666;lower_skipped_by_nonpositive_upper=819
57,2,lp,upper,1568,88,0.11051843500000001,0.09963345527648926,1286,0,0,88,0,0,0,814,666,0,OPTIMAL=88,interval_proves_cutoff=814;upper_skipped_by_nonnegative_interval_lower=666
57,3,lp,lower,100,1,0.004554301,0.0044782161712646484,215,0,0,1,0,0,0,8,0,91,OPTIMAL=1,interval_proves_cutoff=8;lower_skipped_by_nonpositive_upper=91
57,3,lp,upper,100,1,0.004004101,0.003907442092895508,178,0,0,1,0,0,0,91,8,0,OPTIMAL=1,interval_proves_cutoff=91;upper_skipped_by_nonnegative_interval_lower=8
58,0,lp,lower,9,9,0.034376708,0.03333473205566406,760,0,0,9,0,0,0,0,0,0,OPTIMAL=9,
58,0,lp,upper,9,9,0.028959207,0.02801656723022461,906,0,0,9,0,0,0,0,0,0,OPTIMAL=9,
58,1,interval_arithmetic,lower,3136,0,0.0,0.0,0,0,0,0,0,838,0,0,0,2298,,interval_arithmetic=838;lower_skipped_by_nonpositive_upper=2298
58,1,interval_arithmetic,upper,3136,0,0.0,0.0,0,0,0,0,0,3136,0,0,0,0,,interval_arithmetic=3136
58,2,lp,lower,1568,61,0.06980701199999999,0.06529951095581055,435,0,0,61,0,0,0,632,0,875,OPTIMAL=61,interval_proves_cutoff=632;lower_skipped_by_nonpositive_upper=875
58,2,lp,upper,1568,61,0.06701572199999999,0.05786728858947754,556,0,0,61,0,0,0,875,632,0,OPTIMAL=61,interval_proves_cutoff=875;upper_skipped_by_nonnegative_interval_lower=632
58,3,lp,lower,100,0,0.0,0.0,0,0,0,0,0,0,0,9,0,91,,interval_proves_cutoff=9;lower_skipped_by_nonpositive_upper=91
58,3,lp,upper,100,0,0.0,0.0,0,0,0,0,0,0,0,91,9,0,,interval_proves_cutoff=91;upper_skipped_by_nonnegative_interval_lower=9
59,0,lp,lower,9,9,0.07257601899999999,0.071533203125,1595,0,0,9,0,0,0,0,0,0,OPTIMAL=9,
59,0,lp,upper,9,9,0.086198723,0.08521175384521484,1790,0,0,9,0,0,0,0,0,0,OPTIMAL=9,
59,1,interval_arithmetic,lower,3136,0,0.0,0.0,0,0,0,0,0,922,0,0,0,2214,,interval_arithmetic=922;lower_skipped_by_nonpositive_upper=2214
59,1,interval_arithmetic,upper,3136,0,0.0,0.0,0,0,0,0,0,3136,0,0,0,0,,interval_arithmetic=3136
59,2,lp,lower,1568,90,0.09574262300000004,0.09152007102966309,1476,0,0,90,0,0,0,656,0,822,OPTIMAL=90,interval_proves_cutoff=656;lower_skipped_by_nonpositive_upper=822
59,2,lp,upper,1568,92,0.11265092700000001,0.10116362571716309,1638,0,0,92,0,0,0,820,656,0,OPTIMAL=92,interval_proves_cutoff=820;upper_skipped_by_nonnegative_interval_lower=656
59,3,lp,lower,100,1,0.006927502,0.006819963455200195,266,0,0,1,0,0,0,8,0,91,OPTIMAL=1,interval_proves_cutoff=8;lower_skipped_by_nonpositive_upper=91
59,3,lp,upper,100,1,0.004754901,0.004628658294677734,211,0,0,1,0,0,0,91,8,0,OPTIMAL=1,interval_proves_cutoff=91;upper_skipped_by_nonnegative_interval_lower=8
60,0,lp,lower,9,9,0.052165814,0.05110669136047363,1269,0,0,9,0,0,0,0,0,0,OPTIMAL=9,
60,0,lp,upper,9,9,0.054806016000000006,0.05371260643005371,1365,0,0,9,0,0,0,0,0,0,OPTIMAL=9,
60,1,interval_arithmetic,lower,3136,0,0.0,0.0,0,0,0,0,0,870,0,0,0,2266,,interval_arithmetic=870;lower_skipped_by_nonpositive_upper=2266
60,1,interval_arithmetic,upper,3136,0,0.0,0.0,0,0,0,0,0,3136,0,0,0,0,,interval_arithmetic=3136
60,2,lp,lower,1568,91,0.11676733299999997,0.10907340049743652,1585,0,0,91,0,0,0,635,0,842,OPTIMAL=91,interval_proves_cutoff=635;lower_skipped_by_nonpositive_upper=842
60,2,lp,upper,1568,100,0.14749733699999995,0.13027119636535645,1895,0,0,100,0,0,0,833,635,0,OPTIMAL=100,interval_proves_cutoff=833;upper_skipped_by_nonnegative_interval_lower=635
60,3,lp,lower,100,2,0.014220104,0.01396632194519043,324,0,0,2,0,0,0,7,0,91,OPTIMAL=2,interval_proves_cutoff=7;lower_skipped_by_nonpositive_upper=91
60,3,lp,upper,100,2,0.009411303,0.009153127670288086,333,0,0,2,0,0,0,91,7,0,OPTIMAL=2,interval_proves_cutoff=91;upper_skipped_by_nonnegative_interval_lower=7
61,0,lp,lower,9,9,0.025180506999999998,0.02418375015258789,698,0,0,9,0,0,0,0,0,0,OPTIMAL=9,
61,0,lp,upper,9,9,0.026781308000000004,0.02588796615600586,755,0,0,9,0,0,0,0,0,0,OPTIMAL=9,
61,1,interval_arithmetic,lower,3136,0,0.0,0.0,0,0,0,0,0,892,0,0,0,2244,,interval_arithmetic=892;lower_skipped_by_nonpositive_upper=2244
61,1,interval_arithmetic,upper,3136,0,0.0,0.0,0,0,0,0,0,3136,0,0,0,0,,interval_arithmetic=3136
61,2,lp,lower,1568,70,0.06774112199999999,0.06332564353942871,272,0,0,70,0,0,0,663,0,835,OPTIMAL=70,interval_proves_cutoff=663;lower_skipped_by_nonpositive_upper=835
61,2,lp,upper,1568,70,0.076175727,0.06553983688354492,384,0,0,70,0,0,0,835,663,0,OPTIMAL=70,interval_proves_cutoff=835;upper_skipped_by_nonnegative_interval_lower=663
61,3,lp,lower,100,1,0.003101601,0.0029976367950439453,152,0,0,1,0,0,0,7,0,92,OPTIMAL=1,interval_proves_cutoff=7;lower_skipped_by_nonpositive_upper=92
61,3,lp,upper,100,1,0.003811701,0.003668546676635742,108,0,0,1,0,0,0,92,7,0,OPTIMAL=1,interval_proves_cutoff=92;upper_skipped_by_nonnegative_interval_lower=7
62,0,lp,lower,9,9,0.049378009,0.04838705062866211,1430,0,0,9,0,0,0,0,0,0,OPTIMAL=9,
62,0,lp,upper,9,9,0.05820980900000001,0.05709433555603027,1507,0,0,9,0,0,0,0,0,0,OPTIMAL=9,
62,1,interval_arithmetic,lower,3136,0,0.0,0.0,0,0,0,0,0,945,0,0,0,2191,,interval_arithmetic=945;lower_skipped_by_nonpositive_upper=2191
62,1,interval_arithmetic,upper,3136,0,0.0,0.0,0,0,0,0,0,3136,0,0,0,0,,interval_arithmetic=3136
62,2,lp,lower,1568,107,0.12643733500000004,0.11776280403137207,1698,0,0,107,0,0,0,659,0,802,OPTIMAL=107,interval_proves_cutoff=659;lower_skipped_by_nonpositive_upper=802
62,2,lp,upper,1568,113,0.14054174300000005,0.12492609024047852,1834,0,0,113,0,0,0,796,659,0,OPTIMAL=113,interval_proves_cutoff=796;upper_skipped_by_nonnegative_interval_lower=659
62,3,lp,lower,100,0,0.0,0.0,0,0,0,0,0,0,0,9,0,91,,interval_proves_cutoff=9;lower_skipped_by_nonpositive_upper=91
62,3,lp,upper,100,0,0.0,0.0,0,0,0,0,0,0,0,91,9,0,,interval_proves_cutoff=91;upper_skipped_by_nonnegative_interval_lower=9
63,0,lp,lower,9,9,0.07378691100000001,0.07263827323913574,1584,0,0,9,0,0,0,0,0,0,OPTIMAL=9,
63,0,lp,upper,9,9,0.079620312,0.07843446731567383,1605,0,0,9,0,0,0,0,0,0,OPTIMAL=9,
63,1,interval_arithmetic,lower,3136,0,0.0,0.0,0,0,0,0,0,876,0,0,0,2260,,interval_arithmetic=876;lower_skipped_by_nonpositive_upper=2260
63,1,interval_arithmetic,upper,3136,0,0.0,0.0,0,0,0,0,0,3136,0,0,0,0,,interval_arithmetic=3136
63,2,lp,lower,1568,123,0.153216624,0.1437244415283203,1513,0,0,123,0,0,0,620,0,825,OPTIMAL=123,interval_proves_cutoff=620;lower_skipped_by_nonpositive_upper=825
63,2,lp,upper,1568,127,0.153465518,0.13994669914245605,1666,0,0,127,0,0,0,821,620,0,OPTIMAL=127,interval_proves_cutoff=821;upper_skipped_by_nonnegative_interval_lower=620
63,3,lp,lower,100,0,0.0,0.0,0,0,0,0,0,0,0,9,0,91,,interval_proves_cutoff=9;lower_skipped_by_nonpositive_upper=91
63,3,lp,upper,100,0,0.0,0.0,0,0,0,0,0,0,0,91,9,0,,interval_proves_cutoff=91;upper_skipped_by_nonnegative_interval_lower=9
64,0,lp,lower,9,9,0.061693263,0.06060314178466797,1457,0,0,9,0,0,0,0,0,0,OPTIMAL=9,
64,0,lp,upper,9,9,0.054151868000000006,0.05311274528503418,1578,0,0,9,0,0,0,0,0,0,OPTIMAL=9,
64,1,interval_arithmetic,lower,3136,0,0.0,0.0,0,0,0,0,0,908,0,0,0,2228,,interval_arithmetic=908;lower_skipped_by_nonpositive_upper=2228
64,1,interval_arithmetic,upper,3136,0,0.0,0.0,0,0,0,0,0,3136,0,0,0,0,,interval_arithmetic=3136
64,2,lp,lower,1568,100,0.14675411700000007,0.1382303237915039,1535,0,0,100,0,0,0,650,0,818,OPTIMAL=100,interval_proves_cutoff=650;lower_skipped_by_nonpositive_upper=818
64,2,lp,upper,1568,104,0.17048499500000006,0.1509544849395752,1640,0,0,104,0,0,0,814,650,0,OPTIMAL=104,interval_proves_cutoff=814;upper_skipped_by_nonnegative_interval_lower=650
64,3,lp,lower,100,0,0.0,0.0,0,0,0,0,0,0,0,9,0,91,,interval_proves_cutoff=9;lower_skipped_by_nonpositive_upper=91
64,3,lp,upper,100,0,0.0,0.0,0,0,0,0,0,0,0,91,9,0,,interval_proves_cutoff=91;upper_skipped_by_nonnegative_interval_lower=9
65,0,lp,lower,9,9,0.071240306,0.06961250305175781,1516,0,0,9,0,0,0,0,0,0,OPTIMAL=9,
65,0,lp,upper,9,9,0.09152500799999999,0.09021377563476562,1547,0,0,9,0,0,0,0,0,0,OPTIMAL=9,
65,1,interval_arithmetic,lower,3136,0,0.0,0.0,0,0,0,0,0,942,0,0,0,2194,,interval_arithmetic=942;lower_skipped_by_nonpositive_upper=2194
65,1,interval_arithmetic,upper,3136,0,0.0,0.0,0,0,0,0,0,3136,0,0,0,0,,interval_arithmetic=3136
65,2,lp,lower,1568,109,0.17934801200000006,0.16872191429138184,1420,0,0,109,0,0,0,671,0,788,OPTIMAL=109,interval_proves_cutoff=671;lower_skipped_by_nonpositive_upper=788
65,2,lp,upper,1568,113,0.20955591499999995,0.1907060146331787,1651,0,0,113,0,0,0,784,671,0,OPTIMAL=113,interval_proves_cutoff=784;upper_skipped_by_nonnegative_interval_lower=671
65,3,lp,lower,100,2,0.023512101,0.023067474365234375,356,0,0,2,0,0,0,7,0,91,OPTIMAL=2,interval_proves_cutoff=7;lower_skipped_by_nonpositive_upper=91
65,3,lp,upper,100,2,0.0146628,0.014385223388671875,424,0,0,2,0,0,0,91,7,0,OPTIMAL=2,interval_proves_cutoff=91;upper_skipped_by_nonnegative_interval_lower=7
66,0,lp,lower,9,9,0.085971809,0.08485245704650879,1499,0,0,9,0,0,0,0,0,0,OPTIMAL=9,
66,0,lp,upper,9,9,0.07258360400000001,0.07148408889770508,1434,0,0,9,0,0,0,0,0,0,OPTIMAL=9,
66,1,interval_arithmetic,lower,3136,0,0.0,0.0,0,0,0,0,0,865,0,0,0,2271,,interval_arithmetic=865;lower_skipped_by_nonpositive_upper=2271
66,1,interval_arithmetic,upper,3136,0,0.0,0.0,0,0,0,0,0,3136,0,0,0,0,,interval_arithmetic=3136
66,2,lp,lower,1568,122,0.12883540999999996,0.12088561058044434,1274,0,0,122,0,0,0,604,0,842,OPTIMAL=122,interval_proves_cutoff=604;lower_skipped_by_nonpositive_upper=842
66,2,lp,upper,1568,122,0.17040571599999998,0.1520991325378418,1456,0,0,122,0,0,0,842,604,0,OPTIMAL=122,interval_proves_cutoff=842;upper_skipped_by_nonnegative_interval_lower=604
66,3,lp,lower,100,0,0.0,0.0,0,0,0,0,0,0,0,9,0,91,,interval_proves_cutoff=9;lower_skipped_by_nonpositive_upper=91
66,3,lp,upper,100,0,0.0,0.0,0,0,0,0,0,0,0,91,9,0,,interval_proves_cutoff=91;upper_skipped_by_nonnegative_interval_lower=9
67,0,lp,lower,9,9,0.130295407,0.12921953201293945,2053,0,0,9,0,0,0,0,0,0,OPTIMAL=9,
67,0,lp,upper,9,9,0.143037709,0.14176440238952637,2028,0,0,9,0,0,0,0,0,0,OPTIMAL=9,
67,1,interval_arithmetic,lower,3136,0,0.0,0.0,0,0,0,0,0,926,0,0,0,2210,,interval_arithmetic=926;lower_skipped_by_nonpositive_upper=2210
67,1,interval_arithmetic,upper,3136,0,0.0,0.0,0,0,0,0,0,3136,0,0,0,0,,interval_arithmetic=3136
67,2,lp,lower,1568,111,0.16142950999999997,0.15213608741760254,2079,0,0,111,0,0,0,648,0,809,OPTIMAL=111,interval_proves_cutoff=648;lower_skipped_by_nonpositive_upper=809
67,2,lp,upper,1568,120,0.22160431700000005,0.20141077041625977,2249,0,0,120,0,0,0,800,648,0,OPTIMAL=120,interval_proves_cutoff=800;upper_skipped_by_nonnegative_interval_lower=648
67,3,lp,lower,100,2,0.020059502,0.01981949806213379,388,0,0,2,0,0,0,7,0,91,OPTIMAL=2,interval_proves_cutoff=7;lower_skipped_by_nonpositive_upper=91
67,3,lp,upper,100,2,0.014956299999999999,0.014664411544799805,451,0,0,2,0,0,0,91,7,0,OPTIMAL=2,interval_proves_cutoff=91;upper_skipped_by_nonnegative_interval_lower=7
68,0,lp,lower,9,9,0.056084304,0.05489993095397949,1410,0,0,9,0,0,0,0,0,0,OPTIMAL=9,
68,0,lp,upper,9,9,0.04984410399999999,0.04881763458251953,1416,0,0,9,0,0,0,0,0,0,OPTIMAL=9,
68,1,interval_arithmetic,lower,3136,0,0.0,0.0,0,0,0,0,0,913,0,0,0,2223,,interval_arithmetic=913;lower_skipped_by_nonpositive_upper=2223
68,1,interval_arithmetic,upper,3136,0,0.0,0.0,0,0,0,0,0,3136,0,0,0,0,,interval_arithmetic=3136
68,2,lp,lower,1568,108,0.13280651000000007,0.12433314323425293,1504,0,0,108,0,0,0,657,0,803,OPTIMAL=108,interval_proves_cutoff=657;lower_skipped_by_nonpositive_upper=803
68,2,lp,upper,1568,117,0.18231511099999997,0.1620333194732666,1670,0,0,117,0,0,0,794,657,0,OPTIMAL=117,interval_proves_cutoff=794;upper_skipped_by_nonnegative_interval_lower=657
68,3,lp,lower,100,1,0.0079963,0.007877349853515625,293,0,0,1,0,0,0,8,0,91,OPTIMAL=1,interval_proves_cutoff=8;lower_skipped_by_nonpositive_upper=91
68,3,lp,upper,100,1,0.004798401,0.004656553268432617,224,0,0,1,0,0,0,91,8,0,OPTIMAL=1,interval_proves_cutoff=91;upper_skipped_by_nonnegative_interval_lower=8
69,0,lp,lower,9,9,0.044446902,0.043257951736450195,1046,0,0,9,0,0,0,0,0,0,OPTIMAL=9,
69,0,lp,upper,9,9,0.038293503,0.037270545959472656,962,0,0,9,0,0,0,0,0,0,OPTIMAL=9,
69,1,interval_arithmetic,lower,3136,0,0.0,0.0,0,0,0,0,0,931,0,0,0,2205,,interval_arithmetic=931;lower_skipped_by_nonpositive_upper=2205
69,1,interval_arithmetic,upper,3136,0,0.0,0.0,0,0,0,0,0,3136,0,0,0,0,,interval_arithmetic=3136
69,2,lp,lower,1568,86,0.089515505,0.08345985412597656,404,0,0,86,0,0,0,686,0,796,OPTIMAL=86,interval_proves_cutoff=686;lower_skipped_by_nonpositive_upper=796
69,2,lp,upper,1568,86,0.10443830599999998,0.09155440330505371,389,0,0,86,0,0,0,796,686,0,OPTIMAL=86,interval_proves_cutoff=796;upper_skipped_by_nonnegative_interval_lower=686
69,3,lp,lower,100,1,0.004209,0.004023551940917969,187,0,0,1,0,0,0,8,0,91,OPTIMAL=1,interval_proves_cutoff=8;lower_skipped_by_nonpositive_upper=91
69,3,lp,upper,100,1,0.0042965,0.004171848297119141,164,0,0,1,0,0,0,91,8,0,OPTIMAL=1,interval_proves_cutoff=91;upper_skipped_by_nonnegative_interval_lower=8
70,0,lp,lower,9,9,0.08114080800000001,0.07985186576843262,1422,0,0,9,0,0,0,0,0,0,OPTIMAL=9,
70,0,lp,upper,9,9,0.074002306,0.07270407676696777,1434,0,0,9,0,0,0,0,0,0,OPTIMAL=9,
70,1,interval_arithmetic,lower,3136,0,0.0,0.0,0,0,0,0,0,937,0,0,0,2199,,interval_arithmetic=937;lower_skipped_by_nonpositive_upper=2199
70,1,interval_arithmetic,upper,3136,0,0.0,0.0,0,0,0,0,0,3136,0,0,0,0,,interval_arithmetic=3136
70,2,lp,lower,1568,97,0.15800571400000007,0.1474604606628418,1381,0,0,97,0,0,0,682,0,789,OPTIMAL=97,interval_proves_cutoff=682;lower_skipped_by_nonpositive_upper=789
70,2,lp,upper,1568,103,0.20461461599999997,0.18622255325317383,1585,0,0,103,0,0,0,783,682,0,OPTIMAL=103,interval_proves_cutoff=783;upper_skipped_by_nonnegative_interval_lower=682
70,3,lp,lower,100,1,0.010357801,0.010228157043457031,272,0,0,1,0,0,0,8,0,91,OPTIMAL=1,interval_proves_cutoff=8;lower_skipped_by_nonpositive_upper=91
70,3,lp,upper,100,1,0.0055465,0.0054204463958740234,205,0,0,1,0,0,0,91,8,0,OPTIMAL=1,interval_proves_cutoff=91;upper_skipped_by_nonnegative_interval_lower=8
71,0,lp,lower,9,9,0.042209106,0.041014909744262695,1070,0,0,9,0,0,0,0,0,0,OPTIMAL=9,
71,0,lp,upper,9,9,0.038162905999999996,0.03698086738586426,1068,0,0,9,0,0,0,0,0,0,OPTIMAL=9,
71,1,interval_arithmetic,lower,3136,0,0.0,0.0,0,0,0,0,0,906,0,0,0,2230,,interval_arithmetic=906;lower_skipped_by_nonpositive_upper=2230
71,1,interval_arithmetic,upper,3136,0,0.0,0.0,0,0,0,0,0,3136,0,0,0,0,,interval_arithmetic=3136
71,2,lp,lower,1568,69,0.08128531099999997,0.07541346549987793,845,0,0,69,0,0,0,661,0,838,OPTIMAL=69,interval_proves_cutoff=661;lower_skipped_by_nonpositive_upper=838
71,2,lp,upper,1568,78,0.15414071400000007,0.13214325904846191,1078,0,0,78,0,0,0,829,661,0,OPTIMAL=78,interval_proves_cutoff=829;upper_skipped_by_nonnegative_interval_lower=661
71,3,lp,lower,100,0,0.0,0.0,0,0,0,0,0,0,0,8,0,92,,interval_proves_cutoff=8;lower_skipped_by_nonpositive_upper=92
71,3,lp,upper,100,0,0.0,0.0,0,0,0,0,0,0,0,92,8,0,,interval_proves_cutoff=92;upper_skipped_by_nonnegative_interval_lower=8
72,0,lp,lower,9,9,0.07434300599999999,0.07262444496154785,1334,0,0,9,0,0,0,0,0,0,OPTIMAL=9,
72,0,lp,upper,9,9,0.064554806,0.0632178783416748,1399,0,0,9,0,0,0,0,0,0,OPTIMAL=9,
72,1,interval_arithmetic,lower,3136,0,0.0,0.0,0,0,0,0,0,968,0,0,0,2168,,interval_arithmetic=968;lower_skipped_by_nonpositive_upper=2168
72,1,interval_arithmetic,upper,3136,0,0.0,0.0,0,0,0,0,0,3136,0,0,0,0,,interval_arithmetic=3136
72,2,lp,lower,1568,94,0.11007251000000004,0.10153651237487793,818,0,0,94,0,0,0,688,0,786,OPTIMAL=94,interval_proves_cutoff=688;lower_skipped_by_nonpositive_upper=786
72,2,lp,upper,1568,105,0.1561874129999999,0.13486766815185547,1089,0,0,105,0,0,0,775,688,0,OPTIMAL=105,interval_proves_cutoff=775;upper_skipped_by_nonnegative_interval_lower=688
72,3,lp,lower,100,0,0.0,0.0,0,0,0,0,0,0,0,8,0,92,,interval_proves_cutoff=8;lower_skipped_by_nonpositive_upper=92
72,3,lp,upper,100,1,0.009113101,0.008582830429077148,211,0,0,1,0,0,0,91,8,0,OPTIMAL=1,interval_proves_cutoff=91;upper_skipped_by_nonnegative_interval_lower=8
73,0,lp,lower,9,9,0.07952490700000002,0.07837820053100586,1722,0,0,9,0,0,0,0,0,0,OPTIMAL=9,
73,0,lp,upper,9,9,0.08008811,0.07889771461486816,1725,0,0,9,0,0,0,0,0,0,OPTIMAL=9,
73,1,interval_arithmetic,lower,3136,0,0.0,0.0,0,0,0,0,0,931,0,0,0,2205,,interval_arithmetic=931;lower_skipped_by_nonpositive_upper=2205
73,1,interval_arithmetic,upper,3136,0,0.0,0.0,0,0,0,0,0,3136,0,0,0,0,,interval_arithmetic=3136
73,2,lp,lower,1568,108,0.15973991500000007,0.1492786407470703,1623,0,0,108,0,0,0,679,0,781,OPTIMAL=108,interval_proves_cutoff=679;lower_skipped_by_nonpositive_upper=781
73,2,lp,upper,1568,114,0.1956975180000001,0.1730821132659912,1708,0,0,114,0,0,0,775,679,0,OPTIMAL=114,interval_proves_cutoff=775;upper_skipped_by_nonnegative_interval_lower=679
73,3,lp,lower,100,1,0.007372201,0.007251262664794922,300,0,0,1,0,0,0,8,0,91,OPTIMAL=1,interval_proves_cutoff=8;lower_skipped_by_nonpositive_upper=91
73,3,lp,upper,100,1,0.0067075,0.0065767765045166016,229,0,0,1,0,0,0,91,8,0,OPTIMAL=1,interval_proves_cutoff=91;upper_skipped_by_nonnegative_interval_lower=8
74,0,lp,lower,9,9,0.027288002,0.026389122009277344,928,0,0,9,0,0,0,0,0,0,OPTIMAL=9,
74,0,lp,upper,9,9,0.033203503,0.032208919525146484,878,0,0,9,0,0,0,0,0,0,OPTIMAL=9,
74,1,interval_arithmetic,lower,3136,0,0.0,0.0,0,0,0,0,0,910,0,0,0,2226,,interval_arithmetic=910;lower_skipped_by_nonpositive_upper=2226
74,1,interval_arithmetic,upper,3136,0,0.0,0.0,0,0,0,0,0,3136,0,0,0,0,,interval_arithmetic=3136
74,2,lp,lower,1568,61,0.07280820299999997,0.06804823875427246,634,0,0,61,0,0,0,652,0,855,OPTIMAL=61,interval_proves_cutoff=652;lower_skipped_by_nonpositive_upper=855
74,2,lp,upper,1568,63,0.09250821099999999,0.08040070533752441,740,0,0,63,0,0,0,853,652,0,OPTIMAL=63,interval_proves_cutoff=853;upper_skipped_by_nonnegative_interval_lower=652
74,3,lp,lower,100,1,0.003671201,0.003576993942260742,163,0,0,1,0,0,0,8,0,91,OPTIMAL=1,interval_proves_cutoff=8;lower_skipped_by_nonpositive_upper=91
74,3,lp,upper,100,1,0.0033252,0.0032095909118652344,147,0,0,1,0,0,0,91,8,0,OPTIMAL=1,interval_proves_cutoff=91;upper_skipped_by_nonnegative_interval_lower=8
75,0,lp,lower,9,9,0.059757705999999994,0.058724164962768555,1166,0,0,9,0,0,0,0,0,0,OPTIMAL=9,
75,0,lp,upper,9,9,0.053872203,0.05280327796936035,1153,0,0,9,0,0,0,0,0,0,OPTIMAL=9,
75,1,interval_arithmetic,lower,3136,0,0.0,0.0,0,0,0,0,0,859,0,0,0,2277,,interval_arithmetic=859;lower_skipped_by_nonpositive_upper=2277
75,1,interval_arithmetic,upper,3136,0,0.0,0.0,0,0,0,0,0,3136,0,0,0,0,,interval_arithmetic=3136
75,2,lp,lower,1568,56,0.06421840599999999,0.060140132904052734,502,0,0,56,0,0,0,653,0,859,OPTIMAL=56,interval_proves_cutoff=653;lower_skipped_by_nonpositive_upper=859
75,2,lp,upper,1568,59,0.094748714,0.08230137825012207,662,0,0,59,0,0,0,856,653,0,OPTIMAL=59,interval_proves_cutoff=856;upper_skipped_by_nonnegative_interval_lower=653
75,3,lp,lower,100,2,0.007111299999999999,0.006913423538208008,200,0,0,2,0,0,0,7,0,91,OPTIMAL=2,interval_proves_cutoff=7;lower_skipped_by_nonpositive_upper=91
75,3,lp,upper,100,2,0.007032900999999999,0.0068356990814208984,244,0,0,2,0,0,0,91,7,0,OPTIMAL=2,interval_proves_cutoff=91;upper_skipped_by_nonnegative_interval_lower=7
76,0,lp,lower,9,9,0.092831206,0.09156012535095215,1542,0,0,9,0,0,0,0,0,0,OPTIMAL=9,
76,0,lp,upper,9,9,0.11174031400000001,0.11051368713378906,1792,0,0,9,0,0,0,0,0,0,OPTIMAL=9,
76,1,interval_arithmetic,lower,3136,0,0.0,0.0,0,0,0,0,0,912,0,0,0,2224,,interval_arithmetic=912;lower_skipped_by_nonpositive_upper=2224
76,1,interval_arithmetic,upper,3136,0,0.0,0.0,0,0,0,0,0,3136,0,0,0,0,,interval_arithmetic=3136
76,2,lp,lower,1568,107,0.13164990999999998,0.1240074634552002,1597,0,0,107,0,0,0,653,0,808,OPTIMAL=107,interval_proves_cutoff=653;lower_skipped_by_nonpositive_upper=808
76,2,lp,upper,1568,113,0.169768316,0.15340876579284668,1932,0,0,113,0,0,0,802,653,0,OPTIMAL=113,interval_proves_cutoff=802;upper_skipped_by_nonnegative_interval_lower=653
76,3,lp,lower,100,2,0.017505802,0.0172426700592041,395,0,0,2,0,0,0,7,0,91,OPTIMAL=2,interval_proves_cutoff=7;lower_skipped_by_nonpositive_upper=91
76,3,lp,upper,100,2,0.014141801999999998,0.013897895812988281,421,0,0,2,0,0,0,91,7,0,OPTIMAL=2,interval_proves_cutoff=91;upper_skipped_by_nonnegative_interval_lower=7
77,0,lp,lower,9,9,0.104198849,0.10310530662536621,1879,0,0,9,0,0,0,0,0,0,OPTIMAL=9,
77,0,lp,upper,9,9,0.12151524300000001,0.1203911304473877,2039,0,0,9,0,0,0,0,0,0,OPTIMAL=9,
77,1,interval_arithmetic,lower,3136,0,0.0,0.0,0,0,0,0,0,899,0,0,0,2237,,interval_arithmetic=899;lower_skipped_by_nonpositive_upper=2237
77,1,interval_arithmetic,upper,3136,0,0.0,0.0,0,0,0,0,0,3136,0,0,0,0,,interval_arithmetic=3136
77,2,lp,lower,1568,107,0.14900842499999997,0.13992953300476074,1789,0,0,107,0,0,0,652,0,809,OPTIMAL=107,interval_proves_cutoff=652;lower_skipped_by_nonpositive_upper=809
77,2,lp,upper,1568,114,0.17446062399999995,0.15479660034179688,2022,0,0,114,0,0,0,802,652,0,OPTIMAL=114,interval_proves_cutoff=802;upper_skipped_by_nonnegative_interval_lower=652
77,3,lp,lower,100,2,0.013730194,0.013471126556396484,313,0,0,2,0,0,0,7,0,91,OPTIMAL=2,interval_proves_cutoff=7;lower_skipped_by_nonpositive_upper=91
77,3,lp,upper,100,2,0.018431391,0.01816701889038086,465,0,0,2,0,0,0,91,7,0,OPTIMAL=2,interval_proves_cutoff=91;upper_skipped_by_nonnegative_interval_lower=7
78,0,lp,lower,9,9,0.082778961,0.08141160011291504,1803,0,0,9,0,0,0,0,0,0,OPTIMAL=9,
78,0,lp,upper,9,9,0.08222996099999999,0.08105731010437012,1878,0,0,9,0,0,0,0,0,0,OPTIMAL=9,
78,1,interval_arithmetic,lower,3136,0,0.0,0.0,0,0,0,0,0,892,0,0,0,2244,,interval_arithmetic=892;lower_skipped_by_nonpositive_upper=2244
78,1,interval_arithmetic,upper,3136,0,0.0,0.0,0,0,0,0,0,3136,0,0,0,0,,interval_arithmetic=3136
78,2,lp,lower,1568,120,0.16296772900000006,0.15292596817016602,1635,0,0,120,0,0,0,652,0,796,OPTIMAL=120,interval_proves_cutoff=652;lower_skipped_by_nonpositive_upper=796
78,2,lp,upper,1568,125,0.18511969999999997,0.16690373420715332,1916,0,0,125,0,0,0,791,652,0,OPTIMAL=125,interval_proves_cutoff=791;upper_skipped_by_nonnegative_interval_lower=652
78,3,lp,lower,100,0,0.0,0.0,0,0,0,0,0,0,0,9,0,91,,interval_proves_cutoff=9;lower_skipped_by_nonpositive_upper=91
78,3,lp,upper,100,0,0.0,0.0,0,0,0,0,0,0,0,91,9,0,,interval_proves_cutoff=91;upper_skipped_by_nonnegative_interval_lower=9
79,0,lp,lower,9,9,0.043159879,0.04213309288024902,1196,0,0,9,0,0,0,0,0,0,OPTIMAL=9,
79,0,lp,upper,9,9,0.046171279,0.045182228088378906,1297,0,0,9,0,0,0,0,0,0,OPTIMAL=9,
79,1,interval_arithmetic,lower,3136,0,0.0,0.0,0,0,0,0,0,895,0,0,0,2241,,interval_arithmetic=895;lower_skipped_by_nonpositive_upper=2241
79,1,interval_arithmetic,upper,3136,0,0.0,0.0,0,0,0,0,0,3136,0,0,0,0,,interval_arithmetic=3136
79,2,lp,lower,1568,80,0.09379536000000002,0.0876011848449707,1113,0,0,80,0,0,0,633,0,855,OPTIMAL=80,interval_proves_cutoff=633;lower_skipped_by_nonpositive_upper=855
79,2,lp,upper,1568,84,0.11347625000000003,0.10075783729553223,1226,0,0,84,0,0,0,851,633,0,OPTIMAL=84,interval_proves_cutoff=851;upper_skipped_by_nonnegative_interval_lower=633
79,3,lp,lower,100,1,0.004778898,0.004682779312133789,219,0,0,1,0,0,0,8,0,91,OPTIMAL=1,interval_proves_cutoff=8;lower_skipped_by_nonpositive_upper=91
79,3,lp,upper,100,1,0.004921097,0.004795551300048828,209,0,0,1,0,0,0,91,8,0,OPTIMAL=1,interval_proves_cutoff=91;upper_skipped_by_nonnegative_interval_lower=8
80,0,lp,lower,9,9,0.031511202,0.0304872989654541,1054,0,0,9,0,0,0,0,0,0,OPTIMAL=9,
80,0,lp,upper,9,9,0.037841503,0.036817073822021484,1167,0,0,9,0,0,0,0,0,0,OPTIMAL=9,
80,1,interval_arithmetic,lower,3136,0,0.0,0.0,0,0,0,0,0,958,0,0,0,2178,,interval_arithmetic=958;lower_skipped_by_nonpositive_upper=2178
80,1,interval_arithmetic,upper,3136,0,0.0,0.0,0,0,0,0,0,3136,0,0,0,0,,interval_arithmetic=3136
80,2,lp,lower,1568,74,0.08750430800000004,0.08190417289733887,797,0,0,74,0,0,0,674,0,820,OPTIMAL=74,interval_proves_cutoff=674;lower_skipped_by_nonpositive_upper=820
80,2,lp,upper,1568,77,0.10435071099999996,0.09171676635742188,892,0,0,77,0,0,0,817,674,0,OPTIMAL=77,interval_proves_cutoff=817;upper_skipped_by_nonnegative_interval_lower=674
80,3,lp,lower,100,0,0.0,0.0,0,0,0,0,0,0,0,9,0,91,,interval_proves_cutoff=9;lower_skipped_by_nonpositive_upper=91
80,3,lp,upper,100,0,0.0,0.0,0,0,0,0,0,0,0,91,9,0,,interval_proves_cutoff=91;upper_skipped_by_nonnegative_interval_lower=9
81,0,lp,lower,9,9,0.031977404,0.03110218048095703,862,0,0,9,0,0,0,0,0,0,OPTIMAL=9,
81,0,lp,upper,9,9,0.033448304,0.03257465362548828,818,0,0,9,0,0,0,0,0,0,OPTIMAL=9,
81,1,interval_arithmetic,lower,3136,0,0.0,0.0,0,0,0,0,0,873,0,0,0,2263,,interval_arithmetic=873;lower_skipped_by_nonpositive_upper=2263
81,1,interval_arithmetic,upper,3136,0,0.0,0.0,0,0,0,0,0,3136,0,0,0,0,,interval_arithmetic=3136
81,2,lp,lower,1568,57,0.054495709000000024,0.05137014389038086,549,0,0,57,0,0,0,667,0,844,OPTIMAL=57,interval_proves_cutoff=667;lower_skipped_by_nonpositive_upper=844
81,2,lp,upper,1568,62,0.07395010599999996,0.06328988075256348,665,0,0,62,0,0,0,839,667,0,OPTIMAL=62,interval_proves_cutoff=839;upper_skipped_by_nonnegative_interval_lower=667
81,3,lp,lower,100,1,0.0029432,0.0028600692749023438,148,0,0,1,0,0,0,8,0,91,OPTIMAL=1,interval_proves_cutoff=8;lower_skipped_by_nonpositive_upper=91
81,3,lp,upper,100,1,0.003584301,0.0034596920013427734,132,0,0,1,0,0,0,91,8,0,OPTIMAL=1,interval_proves_cutoff=91;upper_skipped_by_nonnegative_interval_lower=8
82,0,lp,lower,9,9,0.039611104,0.03866171836853027,1066,0,0,9,0,0,0,0,0,0,OPTIMAL=9,
82,0,lp,upper,9,9,0.040144004999999996,0.03919053077697754,1135,0,0,9,0,0,0,0,0,0,OPTIMAL=9,
82,1,interval_arithmetic,lower,3136,0,0.0,0.0,0,0,0,0,0,911,0,0,0,2225,,interval_arithmetic=911;lower_skipped_by_nonpositive_upper=2225
82,1,interval_arithmetic,upper,3136,0,0.0,0.0,0,0,0,0,0,3136,0,0,0,0,,interval_arithmetic=3136
82,2,lp,lower,1568,74,0.08361831299999999,0.07841277122497559,961,0,0,74,0,0,0,672,0,822,OPTIMAL=74,interval_proves_cutoff=672;lower_skipped_by_nonpositive_upper=822
82,2,lp,upper,1568,75,0.09407801600000001,0.08286285400390625,1070,0,0,75,0,0,0,821,672,0,OPTIMAL=75,interval_proves_cutoff=821;upper_skipped_by_nonnegative_interval_lower=672
82,3,lp,lower,100,1,0.0046704,0.0045719146728515625,213,0,0,1,0,0,0,8,0,91,OPTIMAL=1,interval_proves_cutoff=8;lower_skipped_by_nonpositive_upper=91
82,3,lp,upper,100,1,0.0036833,0.003562450408935547,175,0,0,1,0,0,0,91,8,0,OPTIMAL=1,interval_proves_cutoff=91;upper_skipped_by_nonnegative_interval_lower=8
83,0,lp,lower,9,9,0.044880202,0.04376697540283203,1427,0,0,9,0,0,0,0,0,0,OPTIMAL=9,
83,0,lp,upper,9,9,0.0431464,0.0421442985534668,1401,0,0,9,0,0,0,0,0,0,OPTIMAL=9,
83,1,interval_arithmetic,lower,3136,0,0.0,0.0,0,0,0,0,0,942,0,0,0,2194,,interval_arithmetic=942;lower_skipped_by_nonpositive_upper=2194
83,1,interval_arithmetic,upper,3136,0,0.0,0.0,0,0,0,0,0,3136,0,0,0,0,,interval_arithmetic=3136
83,2,lp,lower,1568,98,0.11693670400000003,0.11035346984863281,1346,0,0,98,0,0,0,685,0,785,OPTIMAL=98,interval_proves_cutoff=685;lower_skipped_by_nonpositive_upper=785
83,2,lp,upper,1568,103,0.14306700500000002,0.12786269187927246,1493,0,0,103,0,0,0,780,685,0,OPTIMAL=103,interval_proves_cutoff=780;upper_skipped_by_nonnegative_interval_lower=685
83,3,lp,lower,100,0,0.0,0.0,0,0,0,0,0,0,0,8,0,92,,interval_proves_cutoff=8;lower_skipped_by_nonpositive_upper=92
83,3,lp,upper,100,1,0.0050643,0.004918098449707031,217,0,0,1,0,0,0,91,8,0,OPTIMAL=1,interval_proves_cutoff=91;upper_skipped_by_nonnegative_interval_lower=8
84,0,lp,lower,9,9,0.043265601,0.042315006256103516,1111,0,0,9,0,0,0,0,0,0,OPTIMAL=9,
84,0,lp,upper,9,9,0.042596699999999994,0.0416715145111084,1155,0,0,9,0,0,0,0,0,0,OPTIMAL=9,
84,1,interval_arithmetic,lower,3136,0,0.0,0.0,0,0,0,0,0,882,0,0,0,2254,,interval_arithmetic=882;lower_skipped_by_nonpositive_upper=2254
84,1,interval_arithmetic,upper,3136,0,0.0,0.0,0,0,0,0,0,3136,0,0,0,0,,interval_arithmetic=3136
84,2,lp,lower,1568,72,0.09117030400000001,0.08524870872497559,817,0,0,72,0,0,0,653,0,843,OPTIMAL=72,interval_proves_cutoff=653;lower_skipped_by_nonpositive_upper=843
84,2,lp,upper,1568,77,0.106984104,0.09427499771118164,1038,0,0,77,0,0,0,838,653,0,OPTIMAL=77,interval_proves_cutoff=838;upper_skipped_by_nonnegative_interval_lower=653
84,3,lp,lower,100,1,0.0049044,0.004819393157958984,201,0,0,1,0,0,0,8,0,91,OPTIMAL=1,interval_proves_cutoff=8;lower_skipped_by_nonpositive_upper=91
84,3,lp,upper,100,1,0.0042058,0.0041081905364990234,191,0,0,1,0,0,0,91,8,0,OPTIMAL=1,interval_proves_cutoff=91;upper_skipped_by_nonnegative_interval_lower=8
85,0,lp,lower,9,9,0.067041703,0.0659937858581543,1603,0,0,9,0,0,0,0,0,0,OPTIMAL=9,
85,0,lp,upper,9,9,0.070649002,0.06953954696655273,1771,0,0,9,0,0,0,0,0,0,OPTIMAL=9,
85,1,interval_arithmetic,lower,3136,0,0.0,0.0,0,0,0,0,0,952,0,0,0,2184,,interval_arithmetic=952;lower_skipped_by_nonpositive_upper=2184
85,1,interval_arithmetic,upper,3136,0,0.0,0.0,0,0,0,0,0,3136,0,0,0,0,,interval_arithmetic=3136
85,2,lp,lower,1568,106,0.149104007,0.1429288387298584,2724,0,0,106,0,0,0,664,0,798,OPTIMAL=106,interval_proves_cutoff=664;lower_skipped_by_nonpositive_upper=798
85,2,lp,upper,1568,122,0.165233802,0.14982032775878906,3180,0,0,122,0,0,0,782,664,0,OPTIMAL=122,interval_proves_cutoff=782;upper_skipped_by_nonnegative_interval_lower=664
85,3,lp,lower,100,1,0.008896901,0.008801937103271484,324,0,0,1,0,0,0,8,0,91,OPTIMAL=1,interval_proves_cutoff=8;lower_skipped_by_nonpositive_upper=91
85,3,lp,upper,100,1,0.0075231,0.007402896881103516,266,0,0,1,0,0,0,91,8,0,OPTIMAL=1,interval_proves_cutoff=91;upper_skipped_by_nonnegative_interval_lower=8
86,0,lp,lower,9,9,0.0489145,0.047708749771118164,1241,0,0,9,0,0,0,0,0,0,OPTIMAL=9,
86,0,lp,upper,9,9,0.047542703,0.04657101631164551,1288,0,0,9,0,0,0,0,0,0,OPTIMAL=9,
86,1,interval_arithmetic,lower,3136,0,0.0,0.0,0,0,0,0,0,947,0,0,0,2189,,interval_arithmetic=947;lower_skipped_by_nonpositive_upper=2189
86,1,interval_arithmetic,upper,3136,0,0.0,0.0,0,0,0,0,0,3136,0,0,0,0,,interval_arithmetic=3136
86,2,lp,lower,1568,89,0.09235040300000003,0.08718061447143555,1143,0,0,89,0,0,0,669,0,810,OPTIMAL=89,interval_proves_cutoff=669;lower_skipped_by_nonpositive_upper=810
86,2,lp,upper,1568,93,0.11132850599999997,0.09803462028503418,1259,0,0,93,0,0,0,806,669,0,OPTIMAL=93,interval_proves_cutoff=806;upper_skipped_by_nonnegative_interval_lower=669
86,3,lp,lower,100,2,0.0097213,0.0095062255859375,278,0,0,2,0,0,0,7,0,91,OPTIMAL=2,interval_proves_cutoff=7;lower_skipped_by_nonpositive_upper=91
86,3,lp,upper,100,2,0.009479101,0.009232282638549805,350,0,0,2,0,0,0,91,7,0,OPTIMAL=2,interval_proves_cutoff=91;upper_skipped_by_nonnegative_interval_lower=7
87,0,lp,lower,9,9,0.060387506,0.05910825729370117,1322,0,0,9,0,0,0,0,0,0,OPTIMAL=9,
87,0,lp,upper,9,9,0.062183103,0.06113147735595703,1287,0,0,9,0,0,0,0,0,0,OPTIMAL=9,
87,1,interval_arithmetic,lower,3136,0,0.0,0.0,0,0,0,0,0,908,0,0,0,2228,,interval_arithmetic=908;lower_skipped_by_nonpositive_upper=2228
87,1,interval_arithmetic,upper,3136,0,0.0,0.0,0,0,0,0,0,3136,0,0,0,0,,interval_arithmetic=3136
87,2,lp,lower,1568,75,0.08765800400000003,0.08225798606872559,955,0,0,75,0,0,0,652,0,841,OPTIMAL=75,interval_proves_cutoff=652;lower_skipped_by_nonpositive_upper=841
87,2,lp,upper,1568,81,0.105173408,0.09363389015197754,1149,0,0,81,0,0,0,835,652,0,OPTIMAL=81,interval_proves_cutoff=835;upper_skipped_by_nonnegative_interval_lower=652
87,3,lp,lower,100,2,0.007493,0.007294416427612305,252,0,0,2,0,0,0,7,0,91,OPTIMAL=2,interval_proves_cutoff=7;lower_skipped_by_nonpositive_upper=91
87,3,lp,upper,100,2,0.007289701000000001,0.007063150405883789,267,0,0,2,0,0,0,91,7,0,OPTIMAL=2,interval_proves_cutoff=91;upper_skipped_by_nonnegative_interval_lower=7
88,0,lp,lower,9,9,0.059248007,0.05821514129638672,1459,0,0,9,0,0,0,0,0,0,OPTIMAL=9,
88,0,lp,upper,9,9,0.06793430700000001,0.06691646575927734,1644,0,0,9,0,0,0,0,0,0,OPTIMAL=9,
88,1,interval_arithmetic,lower,3136,0,0.0,0.0,0,0,0,0,0,932,0,0,0,2204,,interval_arithmetic=932;lower_skipped_by_nonpositive_upper=2204
88,1,interval_arithmetic,upper,3136,0,0.0,0.0,0,0,0,0,0,3136,0,0,0,0,,interval_arithmetic=3136
88,2,lp,lower,1568,93,0.11754070700000001,0.11038064956665039,1206,0,0,93,0,0,0,668,0,807,OPTIMAL=93,interval_proves_cutoff=668;lower_skipped_by_nonpositive_upper=807
88,2,lp,upper,1568,99,0.13592660999999995,0.12217187881469727,1430,0,0,99,0,0,0,801,668,0,OPTIMAL=99,interval_proves_cutoff=801;upper_skipped_by_nonnegative_interval_lower=668
88,3,lp,lower,100,1,0.006765801,0.006666421890258789,268,0,0,1,0,0,0,7,0,92,OPTIMAL=1,interval_proves_cutoff=7;lower_skipped_by_nonpositive_upper=92
88,3,lp,upper,100,2,0.010479602000000001,0.010059118270874023,382,0,0,2,0,0,0,91,7,0,OPTIMAL=2,interval_proves_cutoff=91;upper_skipped_by_nonnegative_interval_lower=7
89,0,lp,lower,9,9,0.13729291600000001,0.1361677646636963,2326,0,0,9,0,0,0,0,0,0,OPTIMAL=9,
89,0,lp,upper,9,9,0.10421261300000001,0.1030569076538086,2027,0,0,9,0,0,0,0,0,0,OPTIMAL=9,
89,1,interval_arithmetic,lower,3136,0,0.0,0.0,0,0,0,0,0,932,0,0,0,2204,,interval_arithmetic=932;lower_skipped_by_nonpositive_upper=2204
89,1,interval_arithmetic,upper,3136,0,0.0,0.0,0,0,0,0,0,3136,0,0,0,0,,interval_arithmetic=3136
89,2,lp,lower,1568,118,0.14630952099999997,0.13789033889770508,1636,0,0,118,0,0,0,658,0,792,OPTIMAL=118,interval_proves_cutoff=658;lower_skipped_by_nonpositive_upper=792
89,2,lp,upper,1568,119,0.16611661600000002,0.14932608604431152,1782,0,0,119,0,0,0,791,658,0,OPTIMAL=119,interval_proves_cutoff=791;upper_skipped_by_nonnegative_interval_lower=658
89,3,lp,lower,100,2,0.013760400999999998,0.013494729995727539,345,0,0,2,0,0,0,7,0,91,OPTIMAL=2,interval_proves_cutoff=7;lower_skipped_by_nonpositive_upper=91
89,3,lp,upper,100,2,0.014133302,0.013878345489501953,468,0,0,2,0,0,0,91,7,0,OPTIMAL=2,interval_proves_cutoff=91;upper_skipped_by_nonnegative_interval_lower=7
90,0,lp,lower,9,9,0.022530302,0.02161884307861328,626,0,0,9,0,0,0,0,0,0,OPTIMAL=9,
90,0,lp,upper,9,9,0.021742903,0.02093791961669922,613,0,0,9,0,0,0,0,0,0,OPTIMAL=9,
90,1,interval_arithmetic,lower,3136,0,0.0,0.0,0,0,0,0,0,858,0,0,0,2278,,interval_arithmetic=858;lower_skipped_by_nonpositive_upper=2278
90,1,interval_arithmetic,upper,3136,0,0.0,0.0,0,0,0,0,0,3136,0,0,0,0,,interval_arithmetic=3136
90,2,lp,lower,1568,54,0.056362406999999996,0.052576303482055664,444,0,0,54,0,0,0,635,0,879,OPTIMAL=54,interval_proves_cutoff=635;lower_skipped_by_nonpositive_upper=879
90,2,lp,upper,1568,59,0.07588230899999998,0.06540441513061523,519,0,0,59,0,0,0,874,635,0,OPTIMAL=59,interval_proves_cutoff=874;upper_skipped_by_nonnegative_interval_lower=635
90,3,lp,lower,100,0,0.0,0.0,0,0,0,0,0,0,0,8,0,92,,interval_proves_cutoff=8;lower_skipped_by_nonpositive_upper=92
90,3,lp,upper,100,0,0.0,0.0,0,0,0,0,0,0,0,92,8,0,,interval_proves_cutoff=92;upper_skipped_by_nonnegative_interval_lower=8
91,0,lp,lower,9,9,0.07359320899999999,0.07257699966430664,1373,0,0,9,0,0,0,0,0,0,OPTIMAL=9,
91,0,lp,upper,9,9,0.072740706,0.07162904739379883,1444,0,0,9,0,0,0,0,0,0,OPTIMAL=9,
91,1,interval_arithmetic,lower,3136,0,0.0,0.0,0,0,0,0,0,920,0,0,0,2216,,interval_arithmetic=920;lower_skipped_by_nonpositive_upper=2216
91,1,interval_arithmetic,upper,3136,0,0.0,0.0,0,0,0,0,0,3136,0,0,0,0,,interval_arithmetic=3136
91,2,lp,lower,1568,84,0.09866451400000001,0.09247636795043945,879,0,0,84,0,0,0,674,0,810,OPTIMAL=84,interval_proves_cutoff=674;lower_skipped_by_nonpositive_upper=810
91,2,lp,upper,1568,85,0.098687714,0.08803987503051758,933,0,0,85,0,0,0,809,674,0,OPTIMAL=85,interval_proves_cutoff=809;upper_skipped_by_nonnegative_interval_lower=674
91,3,lp,lower,100,1,0.006186601,0.006060600280761719,230,0,0,1,0,0,0,8,0,91,OPTIMAL=1,interval_proves_cutoff=8;lower_skipped_by_nonpositive_upper=91
91,3,lp,upper,100,1,0.004682001,0.004536867141723633,191,0,0,1,0,0,0,91,8,0,OPTIMAL=1,interval_proves_cutoff=91;upper_skipped_by_nonnegative_interval_lower=8
92,0,lp,lower,9,9,0.078804411,0.07766962051391602,1590,0,0,9,0,0,0,0,0,0,OPTIMAL=9,
92,0,lp,upper,9,9,0.075673411,0.07461118698120117,1606,0,0,9,0,0,0,0,0,0,OPTIMAL=9,
92,1,interval_arithmetic,lower,3136,0,0.0,0.0,0,0,0,0,0,908,0,0,0,2228,,interval_arithmetic=908;lower_skipped_by_nonpositive_upper=2228
92,1,interval_arithmetic,upper,3136,0,0.0,0.0,0,0,0,0,0,3136,0,0,0,0,,interval_arithmetic=3136
92,2,lp,lower,1568,106,0.115870615,0.10997843742370605,1747,0,0,106,0,0,0,646,0,816,OPTIMAL=106,interval_proves_cutoff=646;lower_skipped_by_nonpositive_upper=816
92,2,lp,upper,1568,115,0.14464992100000001,0.1304621696472168,1995,0,0,115,0,0,0,807,646,0,OPTIMAL=115,interval_proves_cutoff=807;upper_skipped_by_nonnegative_interval_lower=646
92,3,lp,lower,100,2,0.013052202,0.01278543472290039,341,0,0,2,0,0,0,7,0,91,OPTIMAL=2,interval_proves_cutoff=7;lower_skipped_by_nonpositive_upper=91
92,3,lp,upper,100,2,0.012578102,0.012357950210571289,406,0,0,2,0,0,0,91,7,0,OPTIMAL=2,interval_proves_cutoff=91;upper_skipped_by_nonnegative_interval_lower=7
93,0,lp,lower,9,9,0.088188412,0.08708715438842773,1891,0,0,9,0,0,0,0,0,0,OPTIMAL=9,
93,0,lp,upper,9,9,0.079866409,0.07860493659973145,1582,0,0,9,0,0,0,0,0,0,OPTIMAL=9,
93,1,interval_arithmetic,lower,3136,0,0.0,0.0,0,0,0,0,0,890,0,0,0,2246,,interval_arithmetic=890;lower_skipped_by_nonpositive_upper=2246
93,1,interval_arithmetic,upper,3136,0,0.0,0.0,0,0,0,0,0,3136,0,0,0,0,,interval_arithmetic=3136
93,2,lp,lower,1568,115,0.13300152100000004,0.12550759315490723,2322,0,0,115,0,0,0,615,0,838,OPTIMAL=115,interval_proves_cutoff=615;lower_skipped_by_nonpositive_upper=838
93,2,lp,upper,1568,130,0.20942523000000005,0.18291592597961426,2667,0,0,130,0,0,0,823,615,0,OPTIMAL=130,interval_proves_cutoff=823;upper_skipped_by_nonnegative_interval_lower=615
93,3,lp,lower,100,1,0.013207002,0.013072490692138672,274,0,0,1,0,0,0,8,0,91,OPTIMAL=1,interval_proves_cutoff=8;lower_skipped_by_nonpositive_upper=91
93,3,lp,upper,100,1,0.007540101,0.007393836975097656,270,0,0,1,0,0,0,91,8,0,OPTIMAL=1,interval_proves_cutoff=91;upper_skipped_by_nonnegative_interval_lower=8
94,0,lp,lower,9,9,0.030444298,0.029444456100463867,973,0,0,9,0,0,0,0,0,0,OPTIMAL=9,
94,0,lp,upper,9,9,0.032776200000000005,0.03176617622375488,993,0,0,9,0,0,0,0,0,0,OPTIMAL=9,
94,1,interval_arithmetic,lower,3136,0,0.0,0.0,0,0,0,0,0,929,0,0,0,2207,,interval_arithmetic=929;lower_skipped_by_nonpositive_upper=2207
94,1,interval_arithmetic,upper,3136,0,0.0,0.0,0,0,0,0,0,3136,0,0,0,0,,interval_arithmetic=3136
94,2,lp,lower,1568,77,0.072379999,0.06838488578796387,699,0,0,77,0,0,0,662,0,829,OPTIMAL=77,interval_proves_cutoff=662;lower_skipped_by_nonpositive_upper=829
94,2,lp,upper,1568,79,0.09504239700000003,0.08323860168457031,764,0,0,79,0,0,0,827,662,0,OPTIMAL=79,interval_proves_cutoff=827;upper_skipped_by_nonnegative_interval_lower=662
94,3,lp,lower,100,1,0.0071188,0.007001161575317383,181,0,0,1,0,0,0,8,0,91,OPTIMAL=1,interval_proves_cutoff=8;lower_skipped_by_nonpositive_upper=91
94,3,lp,upper,100,1,0.0043808,0.004244565963745117,173,0,0,1,0,0,0,91,8,0,OPTIMAL=1,interval_proves_cutoff=91;upper_skipped_by_nonnegative_interval_lower=8
95,0,lp,lower,9,9,0.025388899000000003,0.024533510208129883,810,0,0,9,0,0,0,0,0,0,OPTIMAL=9,
95,0,lp,upper,9,9,0.026213200000000002,0.025243520736694336,779,0,0,9,0,0,0,0,0,0,OPTIMAL=9,
95,1,interval_arithmetic,lower,3136,0,0.0,0.0,0,0,0,0,0,880,0,0,0,2256,,interval_arithmetic=880;lower_skipped_by_nonpositive_upper=2256
95,1,interval_arithmetic,upper,3136,0,0.0,0.0,0,0,0,0,0,3136,0,0,0,0,,interval_arithmetic=3136
95,2,lp,lower,1568,50,0.048543198999999995,0.04526519775390625,455,0,0,50,0,0,0,650,0,868,OPTIMAL=50,interval_proves_cutoff=650;lower_skipped_by_nonpositive_upper=868
95,2,lp,upper,1568,54,0.061544799,0.05154085159301758,606,0,0,54,0,0,0,864,650,0,OPTIMAL=54,interval_proves_cutoff=864;upper_skipped_by_nonnegative_interval_lower=650
95,3,lp,lower,100,0,0.0,0.0,0,0,0,0,0,0,0,9,0,91,,interval_proves_cutoff=9;lower_skipped_by_nonpositive_upper=91
95,3,lp,upper,100,0,0.0,0.0,0,0,0,0,0,0,0,91,9,0,,interval_proves_cutoff=91;upper_skipped_by_nonnegative_interval_lower=9
96,0,lp,lower,9,9,0.05455329899999999,0.05356931686401367,1393,0,0,9,0,0,0,0,0,0,OPTIMAL=9,
96,0,lp,upper,9,9,0.047997798,0.04695701599121094,1350,0,0,9,0,0,0,0,0,0,OPTIMAL=9,
96,1,interval_arithmetic,lower,3136,0,0.0,0.0,0,0,0,0,0,963,0,0,0,2173,,interval_arithmetic=963;lower_skipped_by_nonpositive_upper=2173
96,1,interval_arithmetic,upper,3136,0,0.0,0.0,0,0,0,0,0,3136,0,0,0,0,,interval_arithmetic=3136
96,2,lp,lower,1568,108,0.13053639699999997,0.12343049049377441,1525,0,0,108,0,0,0,661,0,799,OPTIMAL=108,interval_proves_cutoff=661;lower_skipped_by_nonpositive_upper=799
96,2,lp,upper,1568,112,0.12942179400000006,0.11524415016174316,1654,0,0,112,0,0,0,795,661,0,OPTIMAL=112,interval_proves_cutoff=795;upper_skipped_by_nonnegative_interval_lower=661
96,3,lp,lower,100,0,0.0,0.0,0,0,0,0,0,0,0,9,0,91,,interval_proves_cutoff=9;lower_skipped_by_nonpositive_upper=91
96,3,lp,upper,100,0,0.0,0.0,0,0,0,0,0,0,0,91,9,0,,interval_proves_cutoff=91;upper_skipped_by_nonnegative_interval_lower=9
97,0,lp,lower,9,9,0.03929179800000001,0.03830981254577637,1059,0,0,9,0,0,0,0,0,0,OPTIMAL=9,
97,0,lp,upper,9,9,0.037951097,0.03693556785583496,1059,0,0,9,0,0,0,0,0,0,OPTIMAL=9,
97,1,interval_arithmetic,lower,3136,0,0.0,0.0,0,0,0,0,0,855,0,0,0,2281,,interval_arithmetic=855;lower_skipped_by_nonpositive_upper=2281
97,1,interval_arithmetic,upper,3136,0,0.0,0.0,0,0,0,0,0,3136,0,0,0,0,,interval_arithmetic=3136
97,2,lp,lower,1568,69,0.06345289900000001,0.05997610092163086,892,0,0,69,0,0,0,617,0,882,OPTIMAL=69,interval_proves_cutoff=617;lower_skipped_by_nonpositive_upper=882
97,2,lp,upper,1568,74,0.077413098,0.06767654418945312,1142,0,0,74,0,0,0,877,617,0,OPTIMAL=74,interval_proves_cutoff=877;upper_skipped_by_nonnegative_interval_lower=617
97,3,lp,lower,100,0,0.0,0.0,0,0,0,0,0,0,0,9,0,91,,interval_proves_cutoff=9;lower_skipped_by_nonpositive_upper=91
97,3,lp,upper,100,0,0.0,0.0,0,0,0,0,0,0,0,91,9,0,,interval_proves_cutoff=91;upper_skipped_by_nonnegative_interval_lower=9
98,0,lp,lower,9,9,0.061956198000000004,0.060872793197631836,1508,0,0,9,0,0,0,0,0,0,OPTIMAL=9,
98,0,lp,upper,9,9,0.08532189800000001,0.08409595489501953,1664,0,0,9,0,0,0,0,0,0,OPTIMAL=9,
98,1,interval_arithmetic,lower,3136,0,0.0,0.0,0,0,0,0,0,930,0,0,0,2206,,interval_arithmetic=930;lower_skipped_by_nonpositive_upper=2206
98,1,interval_arithmetic,upper,3136,0,0.0,0.0,0,0,0,0,0,3136,0,0,0,0,,interval_arithmetic=3136
98,2,lp,lower,1568,114,0.130879698,0.12416577339172363,1309,0,0,114,0,0,0,656,0,798,OPTIMAL=114,interval_proves_cutoff=656;lower_skipped_by_nonpositive_upper=798
98,2,lp,upper,1568,116,0.167399497,0.1514909267425537,1580,0,0,116,0,0,0,796,656,0,OPTIMAL=116,interval_proves_cutoff=796;upper_skipped_by_nonnegative_interval_lower=656
98,3,lp,lower,100,1,0.006801099,0.006682872772216797,290,0,0,1,0,0,0,8,0,91,OPTIMAL=1,interval_proves_cutoff=8;lower_skipped_by_nonpositive_upper=91
98,3,lp,upper,100,1,0.0057613,0.005616188049316406,242,0,0,1,0,0,0,91,8,0,OPTIMAL=1,interval_proves_cutoff=91;upper_skipped_by_nonnegative_interval_lower=8
99,0,lp,lower,9,9,0.050999998,0.04992866516113281,1362,0,0,9,0,0,0,0,0,0,OPTIMAL=9,
99,0,lp,upper,9,9,0.055648099,0.05463695526123047,1395,0,0,9,0,0,0,0,0,0,OPTIMAL=9,
99,1,interval_arithmetic,lower,3136,0,0.0,0.0,0,0,0,0,0,911,0,0,0,2225,,interval_arithmetic=911;lower_skipped_by_nonpositive_upper=2225
99,1,interval_arithmetic,upper,3136,0,0.0,0.0,0,0,0,0,0,3136,0,0,0,0,,interval_arithmetic=3136
99,2,lp,lower,1568,93,0.127289497,0.12034773826599121,1403,0,0,93,0,0,0,669,0,806,OPTIMAL=93,interval_proves_cutoff=669;lower_skipped_by_nonpositive_upper=806
99,2,lp,upper,1568,101,0.14323419700000004,0.13007140159606934,1790,0,0,101,0,0,0,798,669,0,OPTIMAL=101,interval_proves_cutoff=798;upper_skipped_by_nonnegative_interval_lower=669
99,3,lp,lower,100,1,0.0048447,0.004725933074951172,237,0,0,1,0,0,0,8,0,91,OPTIMAL=1,interval_proves_cutoff=8;lower_skipped_by_nonpositive_upper=91
99,3,lp,upper,100,1,0.0057482,0.00562596321105957,206,0,0,1,0,0,0,91,8,0,OPTIMAL=1,interval_proves_cutoff=91;upper_skipped_by_nonnegative_interval_lower=8
100,0,lp,lower,9,9,0.044391106,0.04344320297241211,1160,0,0,9,0,0,0,0,0,0,OPTIMAL=9,
100,0,lp,upper,9,9,0.041716806,0.04074597358703613,1249,0,0,9,0,0,0,0,0,0,OPTIMAL=9,
100,1,interval_arithmetic,lower,3136,0,0.0,0.0,0,0,0,0,0,927,0,0,0,2209,,interval_arithmetic=927;lower_skipped_by_nonpositive_upper=2209
100,1,interval_arithmetic,upper,3136,0,0.0,0.0,0,0,0,0,0,3136,0,0,0,0,,interval_arithmetic=3136
100,2,lp,lower,1568,75,0.09949780999999999,0.09374070167541504,1003,0,0,75,0,0,0,665,0,828,OPTIMAL=75,interval_proves_cutoff=665;lower_skipped_by_nonpositive_upper=828
100,2,lp,upper,1568,83,0.11921831099999995,0.10689640045166016,1226,0,0,83,0,0,0,820,665,0,OPTIMAL=83,interval_proves_cutoff=820;upper_skipped_by_nonnegative_interval_lower=665
100,3,lp,lower,100,0,0.0,0.0,0,0,0,0,0,0,0,9,0,91,,interval_proves_cutoff=9;lower_skipped_by_nonpositive_upper=91
100,3,lp,upper,100,0,0.0,0.0,0,0,0,0,0,0,0,91,9,0,,interval_proves_cutoff=91;upper_skipped_by_nonnegative_interval_lower=9
101,0,lp,lower,9,9,0.111370016,0.11021208763122559,2058,0,0,9,0,0,0,0,0,0,OPTIMAL=9,
101,0,lp,upper,9,9,0.12160321600000001,0.12030935287475586,2256,0,0,9,0,0,0,0,0,0,OPTIMAL=9,
101,1,interval_arithmetic,lower,3136,0,0.0,0.0,0,0,0,0,0,916,0,0,0,2220,,interval_arithmetic=916;lower_skipped_by_nonpositive_upper=2220
101,1,interval_arithmetic,upper,3136,0,0.0,0.0,0,0,0,0,0,3136,0,0,0,0,,interval_arithmetic=3136
101,2,lp,lower,1568,131,0.16307122199999996,0.15540170669555664,2453,0,0,131,0,0,0,649,0,788,OPTIMAL=131,interval_proves_cutoff=649;lower_skipped_by_nonpositive_upper=788
101,2,lp,upper,1568,139,0.18527542500000002,0.17035675048828125,2625,0,0,139,0,0,0,780,649,0,OPTIMAL=139,interval_proves_cutoff=780;upper_skipped_by_nonnegative_interval_lower=649
101,3,lp,lower,100,2,0.018673203,0.018402576446533203,397,0,0,2,0,0,0,7,0,91,OPTIMAL=2,interval_proves_cutoff=7;lower_skipped_by_nonpositive_upper=91
101,3,lp,upper,100,2,0.021408703,0.021130800247192383,531,0,0,2,0,0,0,91,7,0,OPTIMAL=2,interval_proves_cutoff=91;upper_skipped_by_nonnegative_interval_lower=7
102,0,lp,lower,9,9,0.136593518,0.13517141342163086,1889,0,0,9,0,0,0,0,0,0,OPTIMAL=9,
102,0,lp,upper,9,9,0.163595522,0.16238737106323242,2213,0,0,9,0,0,0,0,0,0,OPTIMAL=9,
102,1,interval_arithmetic,lower,3136,0,0.0,0.0,0,0,0,0,0,936,0,0,0,2200,,interval_arithmetic=936;lower_skipped_by_nonpositive_upper=2200
102,1,interval_arithmetic,upper,3136,0,0.0,0.0,0,0,0,0,0,3136,0,0,0,0,,interval_arithmetic=3136
102,2,lp,lower,1568,118,0.15551232099999998,0.14722704887390137,1692,0,0,118,0,0,0,672,0,778,OPTIMAL=118,interval_proves_cutoff=672;lower_skipped_by_nonpositive_upper=778
102,2,lp,upper,1568,126,0.18413922,0.16806912422180176,1971,0,0,126,0,0,0,770,672,0,OPTIMAL=126,interval_proves_cutoff=770;upper_skipped_by_nonnegative_interval_lower=672
102,3,lp,lower,100,1,0.010128302,0.010014057159423828,337,0,0,1,0,0,0,8,0,91,OPTIMAL=1,interval_proves_cutoff=8;lower_skipped_by_nonpositive_upper=91
102,3,lp,upper,100,1,0.008408501,0.008257150650024414,289,0,0,1,0,0,0,91,8,0,OPTIMAL=1,interval_proves_cutoff=91;upper_skipped_by_nonnegative_interval_lower=8
103,0,lp,lower,9,9,0.109378616,0.10814380645751953,1786,0,0,9,0,0,0,0,0,0,OPTIMAL=9,
103,0,lp,upper,9,9,0.12182651900000001,0.12067294120788574,1827,0,0,9,0,0,0,0,0,0,OPTIMAL=9,
103,1,interval_arithmetic,lower,3136,0,0.0,0.0,0,0,0,0,0,935,0,0,0,2201,,interval_arithmetic=935;lower_skipped_by_nonpositive_upper=2201
103,1,interval_arithmetic,upper,3136,0,0.0,0.0,0,0,0,0,0,3136,0,0,0,0,,interval_arithmetic=3136
103,2,lp,lower,1568,122,0.16750702800000006,0.1574077606201172,1909,0,0,122,0,0,0,662,0,784,OPTIMAL=122,interval_proves_cutoff=662;lower_skipped_by_nonpositive_upper=784
103,2,lp,upper,1568,133,0.20470242800000005,0.18681120872497559,2228,0,0,133,0,0,0,773,662,0,OPTIMAL=133,interval_proves_cutoff=773;upper_skipped_by_nonnegative_interval_lower=662
103,3,lp,lower,100,2,0.017052902,0.01679849624633789,362,0,0,2,0,0,0,7,0,91,OPTIMAL=2,interval_proves_cutoff=7;lower_skipped_by_nonpositive_upper=91
103,3,lp,upper,100,2,0.014092902,0.013832569122314453,413,0,0,2,0,0,0,91,7,0,OPTIMAL=2,interval_proves_cutoff=91;upper_skipped_by_nonnegative_interval_lower=7
104,0,lp,lower,9,9,0.06235541000000001,0.06121683120727539,1421,0,0,9,0,0,0,0,0,0,OPTIMAL=9,
104,0,lp,upper,9,9,0.074565014,0.07351088523864746,1505,0,0,9,0,0,0,0,0,0,OPTIMAL=9,
104,1,interval_arithmetic,lower,3136,0,0.0,0.0,0,0,0,0,0,912,0,0,0,2224,,interval_arithmetic=912;lower_skipped_by_nonpositive_upper=2224
104,1,interval_arithmetic,upper,3136,0,0.0,0.0,0,0,0,0,0,3136,0,0,0,0,,interval_arithmetic=3136
104,2,lp,lower,1568,109,0.11918781899999993,0.11273527145385742,1507,0,0,109,0,0,0,665,0,794,OPTIMAL=109,interval_proves_cutoff=665;lower_skipped_by_nonpositive_upper=794
104,2,lp,upper,1568,116,0.17617762500000003,0.15678906440734863,1753,0,0,116,0,0,0,787,665,0,OPTIMAL=116,interval_proves_cutoff=787;upper_skipped_by_nonnegative_interval_lower=665
104,3,lp,lower,100,2,0.011276102999999999,0.011049985885620117,316,0,0,2,0,0,0,7,0,91,OPTIMAL=2,interval_proves_cutoff=7;lower_skipped_by_nonpositive_upper=91
104,3,lp,upper,100,2,0.015253902,0.014996528625488281,421,0,0,2,0,0,0,91,7,0,OPTIMAL=2,interval_proves_cutoff=91;upper_skipped_by_nonnegative_interval_lower=7
105,0,lp,lower,9,9,0.029630105,0.028741836547851562,897,0,0,9,0,0,0,0,0,0,OPTIMAL=9,
105,0,lp,upper,9,9,0.033310206,0.0323026180267334,1023,0,0,9,0,0,0,0,0,0,OPTIMAL=9,
105,1,interval_arithmetic,lower,3136,0,0.0,0.0,0,0,0,0,0,903,0,0,0,2233,,interval_arithmetic=903;lower_skipped_by_nonpositive_upper=2233
105,1,interval_arithmetic,upper,3136,0,0.0,0.0,0,0,0,0,0,3136,0,0,0,0,,interval_arithmetic=3136
105,2,lp,lower,1568,68,0.06939581400000001,0.06567549705505371,784,0,0,68,0,0,0,652,0,848,OPTIMAL=68,interval_proves_cutoff=652;lower_skipped_by_nonpositive_upper=848
105,2,lp,upper,1568,80,0.09885791499999996,0.08677029609680176,1027,0,0,80,0,0,0,836,652,0,OPTIMAL=80,interval_proves_cutoff=836;upper_skipped_by_nonnegative_interval_lower=652
105,3,lp,lower,100,0,0.0,0.0,0,0,0,0,0,0,0,9,0,91,,interval_proves_cutoff=9;lower_skipped_by_nonpositive_upper=91
105,3,lp,upper,100,0,0.0,0.0,0,0,0,0,0,0,0,91,9,0,,interval_proves_cutoff=91;upper_skipped_by_nonnegative_interval_lower=9
106,0,lp,lower,9,9,0.050138908,0.04900002479553223,1277,0,0,9,0,0,0,0,0,0,OPTIMAL=9,
106,0,lp,upper,9,9,0.055759609999999994,0.05458331108093262,1390,0,0,9,0,0,0,0,0,0,OPTIMAL=9,
106,1,interval_arithmetic,lower,3136,0,0.0,0.0,0,0,0,0,0,894,0,0,0,2242,,interval_arithmetic=894;lower_skipped_by_nonpositive_upper=2242
106,1,interval_arithmetic,upper,3136,0,0.0,0.0,0,0,0,0,0,3136,0,0,0,0,,interval_arithmetic=3136
106,2,lp,lower,1568,105,0.15210742700000005,0.1425168514251709,1862,0,0,105,0,0,0,652,0,811,OPTIMAL=105,interval_proves_cutoff=652;lower_skipped_by_nonpositive_upper=811
106,2,lp,upper,1568,114,0.17597084199999996,0.1586437225341797,1863,0,0,114,0,0,0,802,652,0,OPTIMAL=114,interval_proves_cutoff=802;upper_skipped_by_nonnegative_interval_lower=652
106,3,lp,lower,100,0,0.0,0.0,0,0,0,0,0,0,0,9,0,91,,interval_proves_cutoff=9;lower_skipped_by_nonpositive_upper=91
106,3,lp,upper,100,0,0.0,0.0,0,0,0,0,0,0,0,91,9,0,,interval_proves_cutoff=91;upper_skipped_by_nonnegative_interval_lower=9
107,0,lp,lower,9,9,0.09023611899999999,0.08858537673950195,1918,0,0,9,0,0,0,0,0,0,OPTIMAL=9,
107,0,lp,upper,9,9,0.09721732100000001,0.09583830833435059,1953,0,0,9,0,0,0,0,0,0,OPTIMAL=9,
107,1,interval_arithmetic,lower,3136,0,0.0,0.0,0,0,0,0,0,951,0,0,0,2185,,interval_arithmetic=951;lower_skipped_by_nonpositive_upper=2185
107,1,interval_arithmetic,upper,3136,0,0.0,0.0,0,0,0,0,0,3136,0,0,0,0,,interval_arithmetic=3136
107,2,lp,lower,1568,137,0.20771993800000005,0.19425439834594727,2222,0,0,137,0,0,0,662,0,769,OPTIMAL=137,interval_proves_cutoff=662;lower_skipped_by_nonpositive_upper=769
107,2,lp,upper,1568,146,0.189024634,0.17312884330749512,2433,0,0,146,0,0,0,760,662,0,OPTIMAL=146,interval_proves_cutoff=760;upper_skipped_by_nonnegative_interval_lower=662
107,3,lp,lower,100,2,0.021411503999999998,0.021135807037353516,426,0,0,2,0,0,0,7,0,91,OPTIMAL=2,interval_proves_cutoff=7;lower_skipped_by_nonpositive_upper=91
107,3,lp,upper,100,2,0.021778804,0.02144026756286621,487,0,0,2,0,0,0,91,7,0,OPTIMAL=2,interval_proves_cutoff=91;upper_skipped_by_nonnegative_interval_lower=7
108,0,lp,lower,9,9,0.028312909,0.02733612060546875,756,0,0,9,0,0,0,0,0,0,OPTIMAL=9,
108,0,lp,upper,9,9,0.027731305,0.02678203582763672,711,0,0,9,0,0,0,0,0,0,OPTIMAL=9,
108,1,interval_arithmetic,lower,3136,0,0.0,0.0,0,0,0,0,0,854,0,0,0,2282,,interval_arithmetic=854;lower_skipped_by_nonpositive_upper=2282
108,1,interval_arithmetic,upper,3136,0,0.0,0.0,0,0,0,0,0,3136,0,0,0,0,,interval_arithmetic=3136
108,2,lp,lower,1568,52,0.05660631500000002,0.052941083908081055,257,0,0,52,0,0,0,638,0,878,OPTIMAL=52,interval_proves_cutoff=638;lower_skipped_by_nonpositive_upper=878
108,2,lp,upper,1568,53,0.066638516,0.05705904960632324,363,0,0,53,0,0,0,877,638,0,OPTIMAL=53,interval_proves_cutoff=877;upper_skipped_by_nonnegative_interval_lower=638
108,3,lp,lower,100,1,0.002743601,0.002646923065185547,119,0,0,1,0,0,0,8,0,91,OPTIMAL=1,interval_proves_cutoff=8;lower_skipped_by_nonpositive_upper=91
108,3,lp,upper,100,1,0.003437201,0.003316640853881836,108,0,0,1,0,0,0,91,8,0,OPTIMAL=1,interval_proves_cutoff=91;upper_skipped_by_nonnegative_interval_lower=8
109,0,lp,lower,9,9,0.032306608,0.031365394592285156,987,0,0,9,0,0,0,0,0,0,OPTIMAL=9,
109,0,lp,upper,9,9,0.042859211,0.041843414306640625,1133,0,0,9,0,0,0,0,0,0,OPTIMAL=9,
109,1,interval_arithmetic,lower,3136,0,0.0,0.0,0,0,0,0,0,899,0,0,0,2237,,interval_arithmetic=899;lower_skipped_by_nonpositive_upper=2237
109,1,interval_arithmetic,upper,3136,0,0.0,0.0,0,0,0,0,0,3136,0,0,0,0,,interval_arithmetic=3136
109,2,lp,lower,1568,67,0.081731916,0.07659673690795898,998,0,0,67,0,0,0,641,0,860,OPTIMAL=67,interval_proves_cutoff=641;lower_skipped_by_nonpositive_upper=860
109,2,lp,upper,1568,68,0.087085118,0.07554030418395996,1071,0,0,68,0,0,0,859,641,0,OPTIMAL=68,interval_proves_cutoff=859;upper_skipped_by_nonnegative_interval_lower=641
109,3,lp,lower,100,0,0.0,0.0,0,0,0,0,0,0,0,9,0,91,,interval_proves_cutoff=9;lower_skipped_by_nonpositive_upper=91
109,3,lp,upper,100,0,0.0,0.0,0,0,0,0,0,0,0,91,9,0,,interval_proves_cutoff=91;upper_skipped_by_nonnegative_interval_lower=9
110,0,lp,lower,9,9,0.038096203,0.037146806716918945,860,0,0,9,0,0,0,0,0,0,OPTIMAL=9,
110,0,lp,upper,9,9,0.046534804,0.045580148696899414,960,0,0,9,0,0,0,0,0,0,OPTIMAL=9,
110,1,interval_arithmetic,lower,3136,0,0.0,0.0,0,0,0,0,0,882,0,0,0,2254,,interval_arithmetic=882;lower_skipped_by_nonpositive_upper=2254
110,1,interval_arithmetic,upper,3136,0,0.0,0.0,0,0,0,0,0,3136,0,0,0,0,,interval_arithmetic=3136
110,2,lp,lower,1568,91,0.09967971000000002,0.09240889549255371,967,0,0,91,0,0,0,660,0,817,OPTIMAL=91,interval_proves_cutoff=660;lower_skipped_by_nonpositive_upper=817
110,2,lp,upper,1568,102,0.12657141000000002,0.11203384399414062,1168,0,0,102,0,0,0,806,660,0,OPTIMAL=102,interval_proves_cutoff=806;upper_skipped_by_nonnegative_interval_lower=660
110,3,lp,lower,100,1,0.004099701,0.004013538360595703,171,0,0,1,0,0,0,8,0,91,OPTIMAL=1,interval_proves_cutoff=8;lower_skipped_by_nonpositive_upper=91
110,3,lp,upper,100,1,0.005388901,0.005021572113037109,155,0,0,1,0,0,0,91,8,0,OPTIMAL=1,interval_proves_cutoff=91;upper_skipped_by_nonnegative_interval_lower=8
111,0,lp,lower,9,9,0.069844708,0.06872963905334473,1605,0,0,9,0,0,0,0,0,0,OPTIMAL=9,
111,0,lp,upper,9,9,0.08810920800000001,0.08676958084106445,1784,0,0,9,0,0,0,0,0,0,OPTIMAL=9,
111,1,interval_arithmetic,lower,3136,0,0.0,0.0,0,0,0,0,0,946,0,0,0,2190,,interval_arithmetic=946;lower_skipped_by_nonpositive_upper=2190
111,1,interval_arithmetic,upper,3136,0,0.0,0.0,0,0,0,0,0,3136,0,0,0,0,,interval_arithmetic=3136
111,2,lp,lower,1568,105,0.13993180400000002,0.13134121894836426,2391,0,0,105,0,0,0,647,0,816,OPTIMAL=105,interval_proves_cutoff=647;lower_skipped_by_nonpositive_upper=816
111,2,lp,upper,1568,115,0.15878371800000002,0.14454054832458496,2574,0,0,115,0,0,0,806,647,0,OPTIMAL=115,interval_proves_cutoff=806;upper_skipped_by_nonnegative_interval_lower=647
111,3,lp,lower,100,1,0.008623001,0.008508443832397461,286,0,0,1,0,0,0,8,0,91,OPTIMAL=1,interval_proves_cutoff=8;lower_skipped_by_nonpositive_upper=91
111,3,lp,upper,100,1,0.007573301,0.0074367523193359375,251,0,0,1,0,0,0,91,8,0,OPTIMAL=1,interval_proves_cutoff=91;upper_skipped_by_nonnegative_interval_lower=8
112,0,lp,lower,9,9,0.042514803999999996,0.041324615478515625,843,0,0,9,0,0,0,0,0,0,OPTIMAL=9,
112,0,lp,upper,9,9,0.031537402,0.030345439910888672,921,0,0,9,0,0,0,0,0,0,OPTIMAL=9,
112,1,interval_arithmetic,lower,3136,0,0.0,0.0,0,0,0,0,0,873,0,0,0,2263,,interval_arithmetic=873;lower_skipped_by_nonpositive_upper=2263
112,1,interval_arithmetic,upper,3136,0,0.0,0.0,0,0,0,0,0,3136,0,0,0,0,,interval_arithmetic=3136
112,2,lp,lower,1568,57,0.06488680599999998,0.060552120208740234,560,0,0,57,0,0,0,637,0,874,OPTIMAL=57,interval_proves_cutoff=637;lower_skipped_by_nonpositive_upper=874
112,2,lp,upper,1568,59,0.071158908,0.0615086555480957,631,0,0,59,0,0,0,872,637,0,OPTIMAL=59,interval_proves_cutoff=872;upper_skipped_by_nonnegative_interval_lower=637
112,3,lp,lower,100,0,0.0,0.0,0,0,0,0,0,0,0,8,0,92,,interval_proves_cutoff=8;lower_skipped_by_nonpositive_upper=92
112,3,lp,upper,100,0,0.0,0.0,0,0,0,0,0,0,0,92,8,0,,interval_proves_cutoff=92;upper_skipped_by_nonnegative_interval_lower=8
113,0,lp,lower,9,9,0.044912704,0.04384183883666992,1050,0,0,9,0,0,0,0,0,0,OPTIMAL=9,
113,0,lp,upper,9,9,0.052269406,0.051253318786621094,1073,0,0,9,0,0,0,0,0,0,OPTIMAL=9,
113,1,interval_arithmetic,lower,3136,0,0.0,0.0,0,0,0,0,0,882,0,0,0,2254,,interval_arithmetic=882;lower_skipped_by_nonpositive_upper=2254
113,1,interval_arithmetic,upper,3136,0,0.0,0.0,0,0,0,0,0,3136,0,0,0,0,,interval_arithmetic=3136
113,2,lp,lower,1568,68,0.09240000799999999,0.08557772636413574,864,0,0,68,0,0,0,652,0,848,OPTIMAL=68,interval_proves_cutoff=652;lower_skipped_by_nonpositive_upper=848
113,2,lp,upper,1568,69,0.11718371399999998,0.10208940505981445,867,0,0,69,0,0,0,847,652,0,OPTIMAL=69,interval_proves_cutoff=847;upper_skipped_by_nonnegative_interval_lower=652
113,3,lp,lower,100,1,0.005803301,0.00566864013671875,171,0,0,1,0,0,0,8,0,91,OPTIMAL=1,interval_proves_cutoff=8;lower_skipped_by_nonpositive_upper=91
113,3,lp,upper,100,1,0.005731901,0.0053119659423828125,139,0,0,1,0,0,0,91,8,0,OPTIMAL=1,interval_proves_cutoff=91;upper_skipped_by_nonnegative_interval_lower=8
114,0,lp,lower,9,9,0.058464708,0.05735373497009277,1365,0,0,9,0,0,0,0,0,0,OPTIMAL=9,
114,0,lp,upper,9,9,0.06702221,0.06572532653808594,1348,0,0,9,0,0,0,0,0,0,OPTIMAL=9,
114,1,interval_arithmetic,lower,3136,0,0.0,0.0,0,0,0,0,0,905,0,0,0,2231,,interval_arithmetic=905;lower_skipped_by_nonpositive_upper=2231
114,1,interval_arithmetic,upper,3136,0,0.0,0.0,0,0,0,0,0,3136,0,0,0,0,,interval_arithmetic=3136
114,2,lp,lower,1568,91,0.125055811,0.1178138256072998,1524,0,0,91,0,0,0,656,0,821,OPTIMAL=91,interval_proves_cutoff=656;lower_skipped_by_nonpositive_upper=821
114,2,lp,upper,1568,95,0.153703423,0.1372542381286621,1714,0,0,95,0,0,0,817,656,0,OPTIMAL=95,interval_proves_cutoff=817;upper_skipped_by_nonnegative_interval_lower=656
114,3,lp,lower,100,2,0.018521202,0.01826190948486328,333,0,0,2,0,0,0,7,0,91,OPTIMAL=2,interval_proves_cutoff=7;lower_skipped_by_nonpositive_upper=91
114,3,lp,upper,100,2,0.013419501,0.01312398910522461,393,0,0,2,0,0,0,91,7,0,OPTIMAL=2,interval_proves_cutoff=91;upper_skipped_by_nonnegative_interval_lower=7
115,0,lp,lower,9,9,0.042210203999999994,0.041046142578125,936,0,0,9,0,0,0,0,0,0,OPTIMAL=9,
115,0,lp,upper,9,9,0.037697203,0.03668045997619629,998,0,0,9,0,0,0,0,0,0,OPTIMAL=9,
115,1,interval_arithmetic,lower,3136,0,0.0,0.0,0,0,0,0,0,883,0,0,0,2253,,interval_arithmetic=883;lower_skipped_by_nonpositive_upper=2253
115,1,interval_arithmetic,upper,3136,0,0.0,0.0,0,0,0,0,0,3136,0,0,0,0,,interval_arithmetic=3136
115,2,lp,lower,1568,68,0.076088114,0.0716238021850586,829,0,0,68,0,0,0,647,0,853,OPTIMAL=68,interval_proves_cutoff=647;lower_skipped_by_nonpositive_upper=853
115,2,lp,upper,1568,73,0.11285401400000002,0.08571195602416992,1023,0,0,73,0,0,0,848,647,0,OPTIMAL=73,interval_proves_cutoff=848;upper_skipped_by_nonnegative_interval_lower=647
115,3,lp,lower,100,1,0.004157301,0.00402379035949707,194,0,0,1,0,0,0,8,0,91,OPTIMAL=1,interval_proves_cutoff=8;lower_skipped_by_nonpositive_upper=91
115,3,lp,upper,100,1,0.003931501,0.0038194656372070312,157,0,0,1,0,0,0,91,8,0,OPTIMAL=1,interval_proves_cutoff=91;upper_skipped_by_nonnegative_interval_lower=8
116,0,lp,lower,9,9,0.038805499,0.037853240966796875,882,0,0,9,0,0,0,0,0,0,OPTIMAL=9,
116,0,lp,upper,9,9,0.043056198999999996,0.042135000228881836,925,0,0,9,0,0,0,0,0,0,OPTIMAL=9,
116,1,interval_arithmetic,lower,3136,0,0.0,0.0,0,0,0,0,0,878,0,0,0,2258,,interval_arithmetic=878;lower_skipped_by_nonpositive_upper=2258
116,1,interval_arithmetic,upper,3136,0,0.0,0.0,0,0,0,0,0,3136,0,0,0,0,,interval_arithmetic=3136
116,2,lp,lower,1568,61,0.07719329700000002,0.0716238021850586,638,0,0,61,0,0,0,648,0,859,OPTIMAL=61,interval_proves_cutoff=648;lower_skipped_by_nonpositive_upper=859
116,2,lp,upper,1568,74,0.12118919899999998,0.09695744514465332,961,0,0,74,0,0,0,846,648,0,OPTIMAL=74,interval_proves_cutoff=846;upper_skipped_by_nonnegative_interval_lower=648
116,3,lp,lower,100,1,0.005218799,0.005101442337036133,172,0,0,1,0,0,0,8,0,91,OPTIMAL=1,interval_proves_cutoff=8;lower_skipped_by_nonpositive_upper=91
116,3,lp,upper,100,1,0.0041367,0.00403141975402832,164,0,0,1,0,0,0,91,8,0,OPTIMAL=1,interval_proves_cutoff=91;upper_skipped_by_nonnegative_interval_lower=8
117,0,lp,lower,9,9,0.08581620799999999,0.08452796936035156,1248,0,0,9,0,0,0,0,0,0,OPTIMAL=9,
117,0,lp,upper,9,9,0.08186830900000001,0.08050799369812012,1135,0,0,9,0,0,0,0,0,0,OPTIMAL=9,
117,1,interval_arithmetic,lower,3136,0,0.0,0.0,0,0,0,0,0,863,0,0,0,2273,,interval_arithmetic=863;lower_skipped_by_nonpositive_upper=2273
117,1,interval_arithmetic,upper,3136,0,0.0,0.0,0,0,0,0,0,3136,0,0,0,0,,interval_arithmetic=3136
117,2,lp,lower,1568,86,0.20431182000000006,0.18908190727233887,956,0,0,86,0,0,0,628,0,854,OPTIMAL=86,interval_proves_cutoff=628;lower_skipped_by_nonpositive_upper=854
117,2,lp,upper,1568,94,0.25387081899999997,0.22417545318603516,1147,0,0,94,0,0,0,846,628,0,OPTIMAL=94,interval_proves_cutoff=846;upper_skipped_by_nonnegative_interval_lower=628
117,3,lp,lower,100,1,0.008050201,0.007914543151855469,192,0,0,1,0,0,0,8,0,91,OPTIMAL=1,interval_proves_cutoff=8;lower_skipped_by_nonpositive_upper=91
117,3,lp,upper,100,1,0.008911201,0.008742570877075195,178,0,0,1,0,0,0,91,8,0,OPTIMAL=1,interval_proves_cutoff=91;upper_skipped_by_nonnegative_interval_lower=8
118,0,lp,lower,9,9,0.110837609,0.1092987060546875,1544,0,0,9,0,0,0,0,0,0,OPTIMAL=9,
118,0,lp,upper,9,9,0.070491307,0.06936454772949219,1383,0,0,9,0,0,0,0,0,0,OPTIMAL=9,
118,1,interval_arithmetic,lower,3136,0,0.0,0.0,0,0,0,0,0,913,0,0,0,2223,,interval_arithmetic=913;lower_skipped_by_nonpositive_upper=2223
118,1,interval_arithmetic,upper,3136,0,0.0,0.0,0,0,0,0,0,3136,0,0,0,0,,interval_arithmetic=3136
118,2,lp,lower,1568,105,0.22389872200000002,0.20913386344909668,1494,0,0,105,0,0,0,660,0,803,OPTIMAL=105,interval_proves_cutoff=660;lower_skipped_by_nonpositive_upper=803
118,2,lp,upper,1568,116,0.272424125,0.24077224731445312,1766,0,0,116,0,0,0,792,660,0,OPTIMAL=116,interval_proves_cutoff=792;upper_skipped_by_nonnegative_interval_lower=660
118,3,lp,lower,100,1,0.0060143,0.005899906158447266,261,0,0,1,0,0,0,8,0,91,OPTIMAL=1,interval_proves_cutoff=8;lower_skipped_by_nonpositive_upper=91
118,3,lp,upper,100,1,0.008011701,0.007868528366088867,232,0,0,1,0,0,0,91,8,0,OPTIMAL=1,interval_proves_cutoff=91;upper_skipped_by_nonnegative_interval_lower=8
119,0,lp,lower,9,9,0.07630157900000001,0.07510757446289062,1306,0,0,9,0,0,0,0,0,0,OPTIMAL=9,
119,0,lp,upper,9,9,0.08862950900000001,0.08755898475646973,1508,0,0,9,0,0,0,0,0,0,OPTIMAL=9,
119,1,interval_arithmetic,lower,3136,0,0.0,0.0,0,0,0,0,0,886,0,0,0,2250,,interval_arithmetic=886;lower_skipped_by_nonpositive_upper=2250
119,1,interval_arithmetic,upper,3136,0,0.0,0.0,0,0,0,0,0,3136,0,0,0,0,,interval_arithmetic=3136
119,2,lp,lower,1568,108,0.19308112300000008,0.18075108528137207,1728,0,0,108,0,0,0,634,0,826,OPTIMAL=108,interval_proves_cutoff=634;lower_skipped_by_nonpositive_upper=826
119,2,lp,upper,1568,115,0.2090249259999998,0.16839957237243652,1970,0,0,115,0,0,0,819,634,0,OPTIMAL=115,interval_proves_cutoff=819;upper_skipped_by_nonnegative_interval_lower=634
119,3,lp,lower,100,1,0.010191501,0.010061502456665039,273,0,0,1,0,0,0,8,0,91,OPTIMAL=1,interval_proves_cutoff=8;lower_skipped_by_nonpositive_upper=91
119,3,lp,upper,100,1,0.007902201,0.007746696472167969,239,0,0,1,0,0,0,91,8,0,OPTIMAL=1,interval_proves_cutoff=91;upper_skipped_by_nonnegative_interval_lower=8
120,0,lp,lower,9,9,0.045634715,0.04463791847229004,1120,0,0,9,0,0,0,0,0,0,OPTIMAL=9,
120,0,lp,upper,9,9,0.070016567,0.06834578514099121,1318,0,0,9,0,0,0,0,0,0,OPTIMAL=9,
120,1,interval_arithmetic,lower,3136,0,0.0,0.0,0,0,0,0,0,929,0,0,0,2207,,interval_arithmetic=929;lower_skipped_by_nonpositive_upper=2207
120,1,interval_arithmetic,upper,3136,0,0.0,0.0,0,0,0,0,0,3136,0,0,0,0,,interval_arithmetic=3136
120,2,lp,lower,1568,67,0.098369714,0.09230160713195801,915,0,0,67,0,0,0,690,0,811,OPTIMAL=67,interval_proves_cutoff=690;lower_skipped_by_nonpositive_upper=811
120,2,lp,upper,1568,71,0.11561148000000007,0.10107636451721191,1063,0,0,71,0,0,0,807,690,0,OPTIMAL=71,interval_proves_cutoff=807;upper_skipped_by_nonnegative_interval_lower=690
120,3,lp,lower,100,1,0.00536199,0.005254030227661133,219,0,0,1,0,0,0,8,0,91,OPTIMAL=1,interval_proves_cutoff=8;lower_skipped_by_nonpositive_upper=91
120,3,lp,upper,100,1,0.004617491,0.004503965377807617,174,0,0,1,0,0,0,91,8,0,OPTIMAL=1,interval_proves_cutoff=91;upper_skipped_by_nonnegative_interval_lower=8
121,0,lp,lower,9,9,0.08707651500000001,0.08586001396179199,1530,0,0,9,0,0,0,0,0,0,OPTIMAL=9,
121,0,lp,upper,9,9,0.08816641600000001,0.08696508407592773,1557,0,0,9,0,0,0,0,0,0,OPTIMAL=9,
121,1,interval_arithmetic,lower,3136,0,0.0,0.0,0,0,0,0,0,956,0,0,0,2180,,interval_arithmetic=956;lower_skipped_by_nonpositive_upper=2180
121,1,interval_arithmetic,upper,3136,0,0.0,0.0,0,0,0,0,0,3136,0,0,0,0,,interval_arithmetic=3136
121,2,lp,lower,1568,103,0.15719632799999997,0.14752197265625,1309,0,0,103,0,0,0,684,0,781,OPTIMAL=103,interval_proves_cutoff=684;lower_skipped_by_nonpositive_upper=781
121,2,lp,upper,1568,106,0.16450002799999996,0.14506030082702637,1459,0,0,106,0,0,0,778,684,0,OPTIMAL=106,interval_proves_cutoff=778;upper_skipped_by_nonnegative_interval_lower=684
121,3,lp,lower,100,1,0.010768702,0.010611772537231445,269,0,0,1,0,0,0,8,0,91,OPTIMAL=1,interval_proves_cutoff=8;lower_skipped_by_nonpositive_upper=91
121,3,lp,upper,100,1,0.005821301,0.005690336227416992,196,0,0,1,0,0,0,91,8,0,OPTIMAL=1,interval_proves_cutoff=91;upper_skipped_by_nonnegative_interval_lower=8
122,0,lp,lower,9,9,0.09946262,0.09803557395935059,1323,0,0,9,0,0,0,0,0,0,OPTIMAL=9,
122,0,lp,upper,9,9,0.122574124,0.1210031509399414,1450,0,0,9,0,0,0,0,0,0,OPTIMAL=9,
122,1,interval_arithmetic,lower,3136,0,0.0,0.0,0,0,0,0,0,899,0,0,0,2237,,interval_arithmetic=899;lower_skipped_by_nonpositive_upper=2237
122,1,interval_arithmetic,upper,3136,0,0.0,0.0,0,0,0,0,0,3136,0,0,0,0,,interval_arithmetic=3136
122,2,lp,lower,1568,117,0.167131233,0.15670156478881836,1398,0,0,117,0,0,0,641,0,810,OPTIMAL=117,interval_proves_cutoff=641;lower_skipped_by_nonpositive_upper=810
122,2,lp,upper,1568,119,0.16111673200000007,0.1439228057861328,1524,0,0,119,0,0,0,808,641,0,OPTIMAL=119,interval_proves_cutoff=808;upper_skipped_by_nonnegative_interval_lower=641
122,3,lp,lower,100,1,0.008158301,0.008019208908081055,285,0,0,1,0,0,0,8,0,91,OPTIMAL=1,interval_proves_cutoff=8;lower_skipped_by_nonpositive_upper=91
122,3,lp,upper,100,1,0.005204601,0.005080223083496094,227,0,0,1,0,0,0,91,8,0,OPTIMAL=1,interval_proves_cutoff=91;upper_skipped_by_nonnegative_interval_lower=8
123,0,lp,lower,9,9,0.06144229300000001,0.0600740909576416,1091,0,0,9,0,0,0,0,0,0,OPTIMAL=9,
123,0,lp,upper,9,9,0.064823413,0.06371378898620605,1056,0,0,9,0,0,0,0,0,0,OPTIMAL=9,
123,1,interval_arithmetic,lower,3136,0,0.0,0.0,0,0,0,0,0,861,0,0,0,2275,,interval_arithmetic=861;lower_skipped_by_nonpositive_upper=2275
123,1,interval_arithmetic,upper,3136,0,0.0,0.0,0,0,0,0,0,3136,0,0,0,0,,interval_arithmetic=3136
123,2,lp,lower,1568,78,0.13670993100000003,0.12822699546813965,1125,0,0,78,0,0,0,626,0,864,OPTIMAL=78,interval_proves_cutoff=626;lower_skipped_by_nonpositive_upper=864
123,2,lp,upper,1568,82,0.12950331800000006,0.11575150489807129,1402,0,0,82,0,0,0,860,626,0,OPTIMAL=82,interval_proves_cutoff=860;upper_skipped_by_nonnegative_interval_lower=626
123,3,lp,lower,100,1,0.005087301,0.004942893981933594,182,0,0,1,0,0,0,8,0,91,OPTIMAL=1,interval_proves_cutoff=8;lower_skipped_by_nonpositive_upper=91
123,3,lp,upper,100,1,0.006002101,0.005877494812011719,175,0,0,1,0,0,0,91,8,0,OPTIMAL=1,interval_proves_cutoff=91;upper_skipped_by_nonnegative_interval_lower=8
124,0,lp,lower,9,9,0.099676272,0.0982818603515625,1571,0,0,9,0,0,0,0,0,0,OPTIMAL=9,
124,0,lp,upper,9,9,0.065220481,0.06392049789428711,1400,0,0,9,0,0,0,0,0,0,OPTIMAL=9,
124,1,interval_arithmetic,lower,3136,0,0.0,0.0,0,0,0,0,0,926,0,0,0,2210,,interval_arithmetic=926;lower_skipped_by_nonpositive_upper=2210
124,1,interval_arithmetic,upper,3136,0,0.0,0.0,0,0,0,0,0,3136,0,0,0,0,,interval_arithmetic=3136
124,2,lp,lower,1568,91,0.172435158,0.16230225563049316,1956,0,0,91,0,0,0,660,0,817,OPTIMAL=91,interval_proves_cutoff=660;lower_skipped_by_nonpositive_upper=817
124,2,lp,upper,1568,99,0.173577151,0.15737700462341309,2050,0,0,99,0,0,0,809,660,0,OPTIMAL=99,interval_proves_cutoff=809;upper_skipped_by_nonnegative_interval_lower=660
124,3,lp,lower,100,0,0.0,0.0,0,0,0,0,0,0,0,8,0,92,,interval_proves_cutoff=8;lower_skipped_by_nonpositive_upper=92
124,3,lp,upper,100,1,0.006862598,0.00673365592956543,234,0,0,1,0,0,0,91,8,0,OPTIMAL=1,interval_proves_cutoff=91;upper_skipped_by_nonnegative_interval_lower=8
125,0,lp,lower,9,9,0.03526769,0.034258127212524414,976,0,0,9,0,0,0,0,0,0,OPTIMAL=9,
125,0,lp,upper,9,9,0.036208191,0.035192012786865234,1111,0,0,9,0,0,0,0,0,0,OPTIMAL=9,
125,1,interval_arithmetic,lower,3136,0,0.0,0.0,0,0,0,0,0,910,0,0,0,2226,,interval_arithmetic=910;lower_skipped_by_nonpositive_upper=2226
125,1,interval_arithmetic,upper,3136,0,0.0,0.0,0,0,0,0,0,3136,0,0,0,0,,interval_arithmetic=3136
125,2,lp,lower,1568,78,0.11969897200000006,0.11127257347106934,859,0,0,78,0,0,0,664,0,826,OPTIMAL=78,interval_proves_cutoff=664;lower_skipped_by_nonpositive_upper=826
125,2,lp,upper,1568,81,0.14553525700000003,0.12644600868225098,1116,0,0,81,0,0,0,823,664,0,OPTIMAL=81,interval_proves_cutoff=823;upper_skipped_by_nonnegative_interval_lower=664
125,3,lp,lower,100,0,0.0,0.0,0,0,0,0,0,0,0,9,0,91,,interval_proves_cutoff=9;lower_skipped_by_nonpositive_upper=91
125,3,lp,upper,100,0,0.0,0.0,0,0,0,0,0,0,0,91,9,0,,interval_proves_cutoff=91;upper_skipped_by_nonnegative_interval_lower=9
126,0,lp,lower,9,9,0.056128084999999994,0.055101633071899414,1261,0,0,9,0,0,0,0,0,0,OPTIMAL=9,
126,0,lp,upper,9,9,0.060117882000000004,0.05894207954406738,1384,0,0,9,0,0,0,0,0,0,OPTIMAL=9,
126,1,interval_arithmetic,lower,3136,0,0.0,0.0,0,0,0,0,0,896,0,0,0,2240,,interval_arithmetic=896;lower_skipped_by_nonpositive_upper=2240
126,1,interval_arithmetic,upper,3136,0,0.0,0.0,0,0,0,0,0,3136,0,0,0,0,,interval_arithmetic=3136
126,2,lp,lower,1568,79,0.11345466400000001,0.1060342788696289,1177,0,0,79,0,0,0,653,0,836,OPTIMAL=79,interval_proves_cutoff=653;lower_skipped_by_nonpositive_upper=836
126,2,lp,upper,1568,91,0.16108305699999997,0.14471435546875,1544,0,0,91,0,0,0,824,653,0,OPTIMAL=91,interval_proves_cutoff=824;upper_skipped_by_nonnegative_interval_lower=653
126,3,lp,lower,100,0,0.0,0.0,0,0,0,0,0,0,0,9,0,91,,interval_proves_cutoff=9;lower_skipped_by_nonpositive_upper=91
126,3,lp,upper,100,0,0.0,0.0,0,0,0,0,0,0,0,91,9,0,,interval_proves_cutoff=91;upper_skipped_by_nonnegative_interval_lower=9
127,0,lp,lower,9,9,0.055769307000000004,0.054666757583618164,1332,0,0,9,0,0,0,0,0,0,OPTIMAL=9,
127,0,lp,upper,9,9,0.06341530799999999,0.06223297119140625,1407,0,0,9,0,0,0,0,0,0,OPTIMAL=9,
127,1,interval_arithmetic,lower,3136,0,0.0,0.0,0,0,0,0,0,942,0,0,0,2194,,interval_arithmetic=942;lower_skipped_by_nonpositive_upper=2194
127,1,interval_arithmetic,upper,3136,0,0.0,0.0,0,0,0,0,0,3136,0,0,0,0,,interval_arithmetic=3136
127,2,lp,lower,1568,100,0.15804281199999995,0.14818215370178223,1150,0,0,100,0,0,0,700,0,768,OPTIMAL=100,interval_proves_cutoff=700;lower_skipped_by_nonpositive_upper=768
127,2,lp,upper,1568,101,0.14841101799999998,0.1325693130493164,1314,0,0,101,0,0,0,767,700,0,OPTIMAL=101,interval_proves_cutoff=767;upper_skipped_by_nonnegative_interval_lower=700
127,3,lp,lower,100,1,0.008386901,0.00826573371887207,255,0,0,1,0,0,0,8,0,91,OPTIMAL=1,interval_proves_cutoff=8;lower_skipped_by_nonpositive_upper=91
127,3,lp,upper,100,1,0.007737801,0.007589101791381836,240,0,0,1,0,0,0,91,8,0,OPTIMAL=1,interval_proves_cutoff=91;upper_skipped_by_nonnegative_interval_lower=8
128,0,lp,lower,9,9,0.075728087,0.07441949844360352,1394,0,0,9,0,0,0,0,0,0,OPTIMAL=9,
128,0,lp,upper,9,9,0.078382402,0.07730460166931152,1459,0,0,9,0,0,0,0,0,0,OPTIMAL=9,
128,1,interval_arithmetic,lower,3136,0,0.0,0.0,0,0,0,0,0,921,0,0,0,2215,,interval_arithmetic=921;lower_skipped_by_nonpositive_upper=2215
128,1,interval_arithmetic,upper,3136,0,0.0,0.0,0,0,0,0,0,3136,0,0,0,0,,interval_arithmetic=3136
128,2,lp,lower,1568,81,0.108932812,0.10174989700317383,1108,0,0,81,0,0,0,680,0,807,OPTIMAL=81,interval_proves_cutoff=680;lower_skipped_by_nonpositive_upper=807
128,2,lp,upper,1568,88,0.136181812,0.11896586418151855,1269,0,0,88,0,0,0,800,680,0,OPTIMAL=88,interval_proves_cutoff=800;upper_skipped_by_nonnegative_interval_lower=680
128,3,lp,lower,100,1,0.008841201,0.00844264030456543,254,0,0,1,0,0,0,8,0,91,OPTIMAL=1,interval_proves_cutoff=8;lower_skipped_by_nonpositive_upper=91
128,3,lp,upper,100,1,0.007685801,0.00751948356628418,201,0,0,1,0,0,0,91,8,0,OPTIMAL=1,interval_proves_cutoff=91;upper_skipped_by_nonnegative_interval_lower=8
129,0,lp,lower,9,9,0.048694089999999995,0.04758620262145996,1232,0,0,9,0,0,0,0,0,0,OPTIMAL=9,
129,0,lp,upper,9,9,0.05502929,0.05382394790649414,1290,0,0,9,0,0,0,0,0,0,OPTIMAL=9,
129,1,interval_arithmetic,lower,3136,0,0.0,0.0,0,0,0,0,0,957,0,0,0,2179,,interval_arithmetic=957;lower_skipped_by_nonpositive_upper=2179
129,1,interval_arithmetic,upper,3136,0,0.0,0.0,0,0,0,0,0,3136,0,0,0,0,,interval_arithmetic=3136
129,2,lp,lower,1568,89,0.11880048199999993,0.11072206497192383,1375,0,0,89,0,0,0,670,0,809,OPTIMAL=89,interval_proves_cutoff=670;lower_skipped_by_nonpositive_upper=809
129,2,lp,upper,1568,93,0.151553872,0.13495731353759766,1413,0,0,93,0,0,0,805,670,0,OPTIMAL=93,interval_proves_cutoff=805;upper_skipped_by_nonnegative_interval_lower=670
129,3,lp,lower,100,1,0.014157697,0.01404571533203125,360,0,0,1,0,0,0,8,0,91,OPTIMAL=1,interval_proves_cutoff=8;lower_skipped_by_nonpositive_upper=91
129,3,lp,upper,100,1,0.006742699,0.006568193435668945,202,0,0,1,0,0,0,91,8,0,OPTIMAL=1,interval_proves_cutoff=91;upper_skipped_by_nonnegative_interval_lower=8
130,0,lp,lower,9,9,0.063563488,0.06211447715759277,1348,0,0,9,0,0,0,0,0,0,OPTIMAL=9,
130,0,lp,upper,9,9,0.05421119,0.052900075912475586,1375,0,0,9,0,0,0,0,0,0,OPTIMAL=9,
130,1,interval_arithmetic,lower,3136,0,0.0,0.0,0,0,0,0,0,915,0,0,0,2221,,interval_arithmetic=915;lower_skipped_by_nonpositive_upper=2221
130,1,interval_arithmetic,upper,3136,0,0.0,0.0,0,0,0,0,0,3136,0,0,0,0,,interval_arithmetic=3136
130,2,lp,lower,1568,86,0.137433081,0.12795472145080566,1144,0,0,86,0,0,0,664,0,818,OPTIMAL=86,interval_proves_cutoff=664;lower_skipped_by_nonpositive_upper=818
130,2,lp,upper,1568,87,0.17005786499999995,0.14925670623779297,1297,0,0,87,0,0,0,817,664,0,OPTIMAL=87,interval_proves_cutoff=817;upper_skipped_by_nonnegative_interval_lower=664
130,3,lp,lower,100,0,0.0,0.0,0,0,0,0,0,0,0,9,0,91,,interval_proves_cutoff=9;lower_skipped_by_nonpositive_upper=91
130,3,lp,upper,100,0,0.0,0.0,0,0,0,0,0,0,0,91,9,0,,interval_proves_cutoff=91;upper_skipped_by_nonnegative_interval_lower=9
131,0,lp,lower,9,9,0.086902905,0.08580183982849121,1681,0,0,9,0,0,0,0,0,0,OPTIMAL=9,
131,0,lp,upper,9,9,0.097302605,0.09613299369812012,1487,0,0,9,0,0,0,0,0,0,OPTIMAL=9,
131,1,interval_arithmetic,lower,3136,0,0.0,0.0,0,0,0,0,0,938,0,0,0,2198,,interval_arithmetic=938;lower_skipped_by_nonpositive_upper=2198
131,1,interval_arithmetic,upper,3136,0,0.0,0.0,0,0,0,0,0,3136,0,0,0,0,,interval_arithmetic=3136
131,2,lp,lower,1568,88,0.15100698000000004,0.14006781578063965,913,0,0,88,0,0,0,667,0,813,OPTIMAL=88,interval_proves_cutoff=667;lower_skipped_by_nonpositive_upper=813
131,2,lp,upper,1568,88,0.144448679,0.1289684772491455,1048,0,0,88,0,0,0,813,667,0,OPTIMAL=88,interval_proves_cutoff=813;upper_skipped_by_nonnegative_interval_lower=667
131,3,lp,lower,100,1,0.008821,0.008705854415893555,261,0,0,1,0,0,0,8,0,91,OPTIMAL=1,interval_proves_cutoff=8;lower_skipped_by_nonpositive_upper=91
131,3,lp,upper,100,1,0.005329699,0.0051763057708740234,239,0,0,1,0,0,0,91,8,0,OPTIMAL=1,interval_proves_cutoff=91;upper_skipped_by_nonnegative_interval_lower=8
132,0,lp,lower,9,9,0.070348905,0.06920981407165527,1601,0,0,9,0,0,0,0,0,0,OPTIMAL=9,
132,0,lp,upper,9,9,0.08750060800000001,0.08617353439331055,1721,0,0,9,0,0,0,0,0,0,OPTIMAL=9,
132,1,interval_arithmetic,lower,3136,0,0.0,0.0,0,0,0,0,0,966,0,0,0,2170,,interval_arithmetic=966;lower_skipped_by_nonpositive_upper=2170
132,1,interval_arithmetic,upper,3136,0,0.0,0.0,0,0,0,0,0,3136,0,0,0,0,,interval_arithmetic=3136
132,2,lp,lower,1568,94,0.14163501500000003,0.13232707977294922,1786,0,0,94,0,0,0,672,0,802,OPTIMAL=94,interval_proves_cutoff=672;lower_skipped_by_nonpositive_upper=802
132,2,lp,upper,1568,100,0.16930641500000007,0.13538002967834473,1979,0,0,100,0,0,0,796,672,0,OPTIMAL=100,interval_proves_cutoff=796;upper_skipped_by_nonnegative_interval_lower=672
132,3,lp,lower,100,1,0.0081386,0.008002758026123047,284,0,0,1,0,0,0,8,0,91,OPTIMAL=1,interval_proves_cutoff=8;lower_skipped_by_nonpositive_upper=91
132,3,lp,upper,100,1,0.007818501,0.007691860198974609,254,0,0,1,0,0,0,91,8,0,OPTIMAL=1,interval_proves_cutoff=91;upper_skipped_by_nonnegative_interval_lower=8
133,0,lp,lower,9,9,0.029405701000000003,0.028420209884643555,705,0,0,9,0,0,0,0,0,0,OPTIMAL=9,
133,0,lp,upper,9,9,0.03930070100000001,0.038175344467163086,698,0,0,9,0,0,0,0,0,0,OPTIMAL=9,
133,1,interval_arithmetic,lower,3136,0,0.0,0.0,0,0,0,0,0,934,0,0,0,2202,,interval_arithmetic=934;lower_skipped_by_nonpositive_upper=2202
133,1,interval_arithmetic,upper,3136,0,0.0,0.0,0,0,0,0,0,3136,0,0,0,0,,interval_arithmetic=3136
133,2,lp,lower,1568,56,0.08344410200000002,0.07623028755187988,321,0,0,56,0,0,0,692,0,820,OPTIMAL=56,interval_proves_cutoff=692;lower_skipped_by_nonpositive_upper=820
133,2,lp,upper,1568,60,0.07872860699999998,0.06538677215576172,422,0,0,60,0,0,0,816,692,0,OPTIMAL=60,interval_proves_cutoff=816;upper_skipped_by_nonnegative_interval_lower=692
133,3,lp,lower,100,1,0.003890801,0.003786802291870117,147,0,0,1,0,0,0,8,0,91,OPTIMAL=1,interval_proves_cutoff=8;lower_skipped_by_nonpositive_upper=91
133,3,lp,upper,100,1,0.0043021,0.004177570343017578,104,0,0,1,0,0,0,91,8,0,OPTIMAL=1,interval_proves_cutoff=91;upper_skipped_by_nonnegative_interval_lower=8
134,0,lp,lower,9,9,0.069067503,0.06809854507446289,1372,0,0,9,0,0,0,0,0,0,OPTIMAL=9,
134,0,lp,upper,9,9,0.052444502999999996,0.051309823989868164,1136,0,0,9,0,0,0,0,0,0,OPTIMAL=9,
134,1,interval_arithmetic,lower,3136,0,0.0,0.0,0,0,0,0,0,925,0,0,0,2211,,interval_arithmetic=925;lower_skipped_by_nonpositive_upper=2211
134,1,interval_arithmetic,upper,3136,0,0.0,0.0,0,0,0,0,0,3136,0,0,0,0,,interval_arithmetic=3136
134,2,lp,lower,1568,79,0.09752990500000001,0.09046149253845215,765,0,0,79,0,0,0,671,0,818,OPTIMAL=79,interval_proves_cutoff=671;lower_skipped_by_nonpositive_upper=818
134,2,lp,upper,1568,86,0.10702150199999998,0.09288620948791504,928,0,0,86,0,0,0,811,671,0,OPTIMAL=86,interval_proves_cutoff=811;upper_skipped_by_nonnegative_interval_lower=671
134,3,lp,lower,100,2,0.008806001,0.008591890335083008,247,0,0,2,0,0,0,6,0,92,OPTIMAL=2,interval_proves_cutoff=6;lower_skipped_by_nonpositive_upper=92
134,3,lp,upper,100,3,0.015539200999999999,0.015175342559814453,407,0,0,3,0,0,0,91,6,0,OPTIMAL=3,interval_proves_cutoff=91;upper_skipped_by_nonnegative_interval_lower=6
135,0,lp,lower,9,9,0.053430104,0.05229616165161133,1385,0,0,9,0,0,0,0,0,0,OPTIMAL=9,
135,0,lp,upper,9,9,0.065600203,0.06463360786437988,1467,0,0,9,0,0,0,0,0,0,OPTIMAL=9,
135,1,interval_arithmetic,lower,3136,0,0.0,0.0,0,0,0,0,0,938,0,0,0,2198,,interval_arithmetic=938;lower_skipped_by_nonpositive_upper=2198
135,1,interval_arithmetic,upper,3136,0,0.0,0.0,0,0,0,0,0,3136,0,0,0,0,,interval_arithmetic=3136
135,2,lp,lower,1568,100,0.11988130800000009,0.11235260963439941,1738,0,0,100,0,0,0,658,0,810,OPTIMAL=100,interval_proves_cutoff=658;lower_skipped_by_nonpositive_upper=810
135,2,lp,upper,1568,105,0.15240230700000004,0.13539886474609375,1797,0,0,105,0,0,0,805,658,0,OPTIMAL=105,interval_proves_cutoff=805;upper_skipped_by_nonnegative_interval_lower=658
135,3,lp,lower,100,1,0.010205401,0.010091066360473633,300,0,0,1,0,0,0,8,0,91,OPTIMAL=1,interval_proves_cutoff=8;lower_skipped_by_nonpositive_upper=91
135,3,lp,upper,100,1,0.009757001,0.009241104125976562,218,0,0,1,0,0,0,91,8,0,OPTIMAL=1,interval_proves_cutoff=91;upper_skipped_by_nonnegative_interval_lower=8
136,0,lp,lower,9,9,0.030615200999999998,0.029666423797607422,699,0,0,9,0,0,0,0,0,0,OPTIMAL=9,
136,0,lp,upper,9,9,0.044993002000000004,0.04375267028808594,844,0,0,9,0,0,0,0,0,0,OPTIMAL=9,
136,1,interval_arithmetic,lower,3136,0,0.0,0.0,0,0,0,0,0,865,0,0,0,2271,,interval_arithmetic=865;lower_skipped_by_nonpositive_upper=2271
136,1,interval_arithmetic,upper,3136,0,0.0,0.0,0,0,0,0,0,3136,0,0,0,0,,interval_arithmetic=3136
136,2,lp,lower,1568,53,0.058403601000000006,0.05438828468322754,435,0,0,53,0,0,0,654,0,861,OPTIMAL=53,interval_proves_cutoff=654;lower_skipped_by_nonpositive_upper=861
136,2,lp,upper,1568,53,0.078280304,0.06522583961486816,607,0,0,53,0,0,0,861,654,0,OPTIMAL=53,interval_proves_cutoff=861;upper_skipped_by_nonnegative_interval_lower=654
136,3,lp,lower,100,1,0.0026797,0.0025908946990966797,136,0,0,1,0,0,0,7,0,92,OPTIMAL=1,interval_proves_cutoff=7;lower_skipped_by_nonpositive_upper=92
136,3,lp,upper,100,1,0.0027409,0.0026361942291259766,116,0,0,1,0,0,0,92,7,0,OPTIMAL=1,interval_proves_cutoff=92;upper_skipped_by_nonnegative_interval_lower=7
137,0,lp,lower,9,9,0.051873503,0.05075573921203613,1211,0,0,9,0,0,0,0,0,0,OPTIMAL=9,
137,0,lp,upper,9,9,0.057664003,0.05653023719787598,1388,0,0,9,0,0,0,0,0,0,OPTIMAL=9,
137,1,interval_arithmetic,lower,3136,0,0.0,0.0,0,0,0,0,0,917,0,0,0,2219,,interval_arithmetic=917;lower_skipped_by_nonpositive_upper=2219
137,1,interval_arithmetic,upper,3136,0,0.0,0.0,0,0,0,0,0,3136,0,0,0,0,,interval_arithmetic=3136
137,2,lp,lower,1568,91,0.116173404,0.10914754867553711,1362,0,0,91,0,0,0,678,0,799,OPTIMAL=91,interval_proves_cutoff=678;lower_skipped_by_nonpositive_upper=799
137,2,lp,upper,1568,97,0.151879307,0.13593792915344238,1539,0,0,97,0,0,0,793,678,0,OPTIMAL=97,interval_proves_cutoff=793;upper_skipped_by_nonnegative_interval_lower=678
137,3,lp,lower,100,1,0.006853001,0.006681919097900391,267,0,0,1,0,0,0,8,0,91,OPTIMAL=1,interval_proves_cutoff=8;lower_skipped_by_nonpositive_upper=91
137,3,lp,upper,100,1,0.005845901,0.005376100540161133,224,0,0,1,0,0,0,91,8,0,OPTIMAL=1,interval_proves_cutoff=91;upper_skipped_by_nonnegative_interval_lower=8
138,0,lp,lower,9,9,0.027203101000000004,0.026347875595092773,728,0,0,9,0,0,0,0,0,0,OPTIMAL=9,
138,0,lp,upper,9,9,0.032623203999999996,0.031759023666381836,814,0,0,9,0,0,0,0,0,0,OPTIMAL=9,
138,1,interval_arithmetic,lower,3136,0,0.0,0.0,0,0,0,0,0,875,0,0,0,2261,,interval_arithmetic=875;lower_skipped_by_nonpositive_upper=2261
138,1,interval_arithmetic,upper,3136,0,0.0,0.0,0,0,0,0,0,3136,0,0,0,0,,interval_arithmetic=3136
138,2,lp,lower,1568,50,0.052763402,0.04921841621398926,520,0,0,50,0,0,0,639,0,879,OPTIMAL=50,interval_proves_cutoff=639;lower_skipped_by_nonpositive_upper=879
138,2,lp,upper,1568,59,0.07881030599999996,0.06824636459350586,699,0,0,59,0,0,0,870,639,0,OPTIMAL=59,interval_proves_cutoff=870;upper_skipped_by_nonnegative_interval_lower=639
138,3,lp,lower,100,1,0.002994801,0.0029053688049316406,128,0,0,1,0,0,0,8,0,91,OPTIMAL=1,interval_proves_cutoff=8;lower_skipped_by_nonpositive_upper=91
138,3,lp,upper,100,1,0.003833,0.003443479537963867,118,0,0,1,0,0,0,91,8,0,OPTIMAL=1,interval_proves_cutoff=91;upper_skipped_by_nonnegative_interval_lower=8
139,0,lp,lower,9,9,0.07287521200000001,0.07163286209106445,1563,0,0,9,0,0,0,0,0,0,OPTIMAL=9,
139,0,lp,upper,9,9,0.07002381099999999,0.06878185272216797,1648,0,0,9,0,0,0,0,0,0,OPTIMAL=9,
139,1,interval_arithmetic,lower,3136,0,0.0,0.0,0,0,0,0,0,928,0,0,0,2208,,interval_arithmetic=928;lower_skipped_by_nonpositive_upper=2208
139,1,interval_arithmetic,upper,3136,0,0.0,0.0,0,0,0,0,0,3136,0,0,0,0,,interval_arithmetic=3136
139,2,lp,lower,1568,110,0.1795518259999999,0.16858983039855957,1457,0,0,110,0,0,0,658,0,800,OPTIMAL=110,interval_proves_cutoff=658;lower_skipped_by_nonpositive_upper=800
139,2,lp,upper,1568,115,0.18653561500000004,0.16939043998718262,1645,0,0,115,0,0,0,795,658,0,OPTIMAL=115,interval_proves_cutoff=795;upper_skipped_by_nonnegative_interval_lower=658
139,3,lp,lower,100,0,0.0,0.0,0,0,0,0,0,0,0,8,0,92,,interval_proves_cutoff=8;lower_skipped_by_nonpositive_upper=92
139,3,lp,upper,100,0,0.0,0.0,0,0,0,0,0,0,0,92,8,0,,interval_proves_cutoff=92;upper_skipped_by_nonnegative_interval_lower=8
140,0,lp,lower,9,9,0.094738315,0.09349679946899414,1452,0,0,9,0,0,0,0,0,0,OPTIMAL=9,
140,0,lp,upper,9,9,0.11990851899999999,0.1184074878692627,1501,0,0,9,0,0,0,0,0,0,OPTIMAL=9,
140,1,interval_arithmetic,lower,3136,0,0.0,0.0,0,0,0,0,0,920,0,0,0,2216,,interval_arithmetic=920;lower_skipped_by_nonpositive_upper=2216
140,1,interval_arithmetic,upper,3136,0,0.0,0.0,0,0,0,0,0,3136,0,0,0,0,,interval_arithmetic=3136
140,2,lp,lower,1568,85,0.12032461700000001,0.1126556396484375,1321,0,0,85,0,0,0,663,0,820,OPTIMAL=85,interval_proves_cutoff=663;lower_skipped_by_nonpositive_upper=820
140,2,lp,upper,1568,88,0.14355911800000004,0.12759017944335938,1402,0,0,88,0,0,0,817,663,0,OPTIMAL=88,interval_proves_cutoff=817;upper_skipped_by_nonnegative_interval_lower=663
140,3,lp,lower,100,2,0.019099103,0.018782377243041992,310,0,0,2,0,0,0,7,0,91,OPTIMAL=2,interval_proves_cutoff=7;lower_skipped_by_nonpositive_upper=91
140,3,lp,upper,100,2,0.015078803,0.014784574508666992,353,0,0,2,0,0,0,91,7,0,OPTIMAL=2,interval_proves_cutoff=91;upper_skipped_by_nonnegative_interval_lower=7
141,0,lp,lower,9,9,0.12347101799999999,0.12221622467041016,1830,0,0,9,0,0,0,0,0,0,OPTIMAL=9,
141,0,lp,upper,9,9,0.113770018,0.11263370513916016,1805,0,0,9,0,0,0,0,0,0,OPTIMAL=9,
141,1,interval_arithmetic,lower,3136,0,0.0,0.0,0,0,0,0,0,885,0,0,0,2251,,interval_arithmetic=885;lower_skipped_by_nonpositive_upper=2251
141,1,interval_arithmetic,upper,3136,0,0.0,0.0,0,0,0,0,0,3136,0,0,0,0,,interval_arithmetic=3136
141,2,lp,lower,1568,110,0.19786613600000003,0.18380451202392578,1837,0,0,110,0,0,0,627,0,831,OPTIMAL=110,interval_proves_cutoff=627;lower_skipped_by_nonpositive_upper=831
141,2,lp,upper,1568,118,0.20599653500000006,0.18319439888000488,2062,0,0,118,0,0,0,823,627,0,OPTIMAL=118,interval_proves_cutoff=823;upper_skipped_by_nonnegative_interval_lower=627
141,3,lp,lower,100,2,0.022381104,0.022134780883789062,402,0,0,2,0,0,0,7,0,91,OPTIMAL=2,interval_proves_cutoff=7;lower_skipped_by_nonpositive_upper=91
141,3,lp,upper,100,2,0.020646902,0.02037501335144043,416,0,0,2,0,0,0,91,7,0,OPTIMAL=2,interval_proves_cutoff=91;upper_skipped_by_nonnegative_interval_lower=7
142,0,lp,lower,9,9,0.041047808000000005,0.03997802734375,945,0,0,9,0,0,0,0,0,0,OPTIMAL=9,
142,0,lp,upper,9,9,0.035085509,0.03406858444213867,883,0,0,9,0,0,0,0,0,0,OPTIMAL=9,
142,1,interval_arithmetic,lower,3136,0,0.0,0.0,0,0,0,0,0,889,0,0,0,2247,,interval_arithmetic=889;lower_skipped_by_nonpositive_upper=2247
142,1,interval_arithmetic,upper,3136,0,0.0,0.0,0,0,0,0,0,3136,0,0,0,0,,interval_arithmetic=3136
142,2,lp,lower,1568,78,0.09105951100000001,0.08450102806091309,668,0,0,78,0,0,0,664,0,826,OPTIMAL=78,interval_proves_cutoff=664;lower_skipped_by_nonpositive_upper=826
142,2,lp,upper,1568,79,0.10292851999999994,0.08965873718261719,770,0,0,79,0,0,0,825,664,0,OPTIMAL=79,interval_proves_cutoff=825;upper_skipped_by_nonnegative_interval_lower=664
142,3,lp,lower,100,2,0.008089102,0.007877588272094727,221,0,0,2,0,0,0,6,0,92,OPTIMAL=2,interval_proves_cutoff=6;lower_skipped_by_nonpositive_upper=92
142,3,lp,upper,100,3,0.011601501,0.011267900466918945,355,0,0,3,0,0,0,91,6,0,OPTIMAL=3,interval_proves_cutoff=91;upper_skipped_by_nonnegative_interval_lower=6
143,0,lp,lower,9,9,0.061599009999999996,0.060517072677612305,1652,0,0,9,0,0,0,0,0,0,OPTIMAL=9,
143,0,lp,upper,9,9,0.077220012,0.07609105110168457,1743,0,0,9,0,0,0,0,0,0,OPTIMAL=9,
143,1,interval_arithmetic,lower,3136,0,0.0,0.0,0,0,0,0,0,917,0,0,0,2219,,interval_arithmetic=917;lower_skipped_by_nonpositive_upper=2219
143,1,interval_arithmetic,upper,3136,0,0.0,0.0,0,0,0,0,0,3136,0,0,0,0,,interval_arithmetic=3136
143,2,lp,lower,1568,112,0.14005862200000008,0.131178617477417,1666,0,0,112,0,0,0,678,0,778,OPTIMAL=112,interval_proves_cutoff=678;lower_skipped_by_nonpositive_upper=778
143,2,lp,upper,1568,116,0.17681852700000006,0.15944600105285645,1736,0,0,116,0,0,0,774,678,0,OPTIMAL=116,interval_proves_cutoff=774;upper_skipped_by_nonnegative_interval_lower=678
143,3,lp,lower,100,1,0.008254601,0.008105993270874023,305,0,0,1,0,0,0,8,0,91,OPTIMAL=1,interval_proves_cutoff=8;lower_skipped_by_nonpositive_upper=91
143,3,lp,upper,100,1,0.007390301,0.00722193717956543,244,0,0,1,0,0,0,91,8,0,OPTIMAL=1,interval_proves_cutoff=91;upper_skipped_by_nonnegative_interval_lower=8
144,0,lp,lower,9,9,0.027367303,0.026406049728393555,650,0,0,9,0,0,0,0,0,0,OPTIMAL=9,
144,0,lp,upper,9,9,0.033646807,0.03266620635986328,732,0,0,9,0,0,0,0,0,0,OPTIMAL=9,
144,1,interval_arithmetic,lower,3136,0,0.0,0.0,0,0,0,0,0,841,0,0,0,2295,,interval_arithmetic=841;lower_skipped_by_nonpositive_upper=2295
144,1,interval_arithmetic,upper,3136,0,0.0,0.0,0,0,0,0,0,3136,0,0,0,0,,interval_arithmetic=3136
144,2,lp,lower,1568,54,0.061652613999999994,0.057813405990600586,355,0,0,54,0,0,0,631,0,883,OPTIMAL=54,interval_proves_cutoff=631;lower_skipped_by_nonpositive_upper=883
144,2,lp,upper,1568,57,0.08365631100000001,0.07109522819519043,488,0,0,57,0,0,0,880,631,0,OPTIMAL=57,interval_proves_cutoff=880;upper_skipped_by_nonnegative_interval_lower=631
144,3,lp,lower,100,1,0.0034262,0.0032973289489746094,126,0,0,1,0,0,0,8,0,91,OPTIMAL=1,interval_proves_cutoff=8;lower_skipped_by_nonpositive_upper=91
144,3,lp,upper,100,1,0.0025246,0.0024178028106689453,108,0,0,1,0,0,0,91,8,0,OPTIMAL=1,interval_proves_cutoff=91;upper_skipped_by_nonnegative_interval_lower=8
145,0,lp,lower,9,9,0.060498808,0.05947446823120117,1340,0,0,9,0,0,0,0,0,0,OPTIMAL=9,
145,0,lp,upper,9,9,0.07461641000000001,0.07355403900146484,1473,0,0,9,0,0,0,0,0,0,OPTIMAL=9,
145,1,interval_arithmetic,lower,3136,0,0.0,0.0,0,0,0,0,0,909,0,0,0,2227,,interval_arithmetic=909;lower_skipped_by_nonpositive_upper=2227
145,1,interval_arithmetic,upper,3136,0,0.0,0.0,0,0,0,0,0,3136,0,0,0,0,,interval_arithmetic=3136
145,2,lp,lower,1568,93,0.11406870999999999,0.10621237754821777,1363,0,0,93,0,0,0,667,0,808,OPTIMAL=93,interval_proves_cutoff=667;lower_skipped_by_nonpositive_upper=808
145,2,lp,upper,1568,100,0.132802022,0.11669564247131348,1571,0,0,100,0,0,0,801,667,0,OPTIMAL=100,interval_proves_cutoff=801;upper_skipped_by_nonnegative_interval_lower=667
145,3,lp,lower,100,2,0.013165702,0.012938261032104492,288,0,0,2,0,0,0,7,0,91,OPTIMAL=2,interval_proves_cutoff=7;lower_skipped_by_nonpositive_upper=91
145,3,lp,upper,100,2,0.011509802999999999,0.01121211051940918,336,0,0,2,0,0,0,91,7,0,OPTIMAL=2,interval_proves_cutoff=91;upper_skipped_by_nonnegative_interval_lower=7
146,0,lp,lower,9,9,0.035825207000000005,0.034836769104003906,761,0,0,9,0,0,0,0,0,0,OPTIMAL=9,
146,0,lp,upper,9,9,0.036877506000000004,0.0355226993560791,802,0,0,9,0,0,0,0,0,0,OPTIMAL=9,
146,1,interval_arithmetic,lower,3136,0,0.0,0.0,0,0,0,0,0,840,0,0,0,2296,,interval_arithmetic=840;lower_skipped_by_nonpositive_upper=2296
146,1,interval_arithmetic,upper,3136,0,0.0,0.0,0,0,0,0,0,3136,0,0,0,0,,interval_arithmetic=3136
146,2,lp,lower,1568,59,0.056463311,0.05216646194458008,598,0,0,59,0,0,0,640,0,869,OPTIMAL=59,interval_proves_cutoff=640;lower_skipped_by_nonpositive_upper=869
146,2,lp,upper,1568,59,0.06725740999999999,0.056282997131347656,677,0,0,59,0,0,0,869,640,0,OPTIMAL=59,interval_proves_cutoff=869;upper_skipped_by_nonnegative_interval_lower=640
146,3,lp,lower,100,0,0.0,0.0,0,0,0,0,0,0,0,9,0,91,,interval_proves_cutoff=9;lower_skipped_by_nonpositive_upper=91
146,3,lp,upper,100,0,0.0,0.0,0,0,0,0,0,0,0,91,9,0,,interval_proves_cutoff=91;upper_skipped_by_nonnegative_interval_lower=9
147,0,lp,lower,9,9,0.04289700700000001,0.04188275337219238,1162,0,0,9,0,0,0,0,0,0,OPTIMAL=9,
147,0,lp,upper,9,9,0.044896707,0.04354453086853027,1292,0,0,9,0,0,0,0,0,0,OPTIMAL=9,
147,1,interval_arithmetic,lower,3136,0,0.0,0.0,0,0,0,0,0,945,0,0,0,2191,,interval_arithmetic=945;lower_skipped_by_nonpositive_upper=2191
147,1,interval_arithmetic,upper,3136,0,0.0,0.0,0,0,0,0,0,3136,0,0,0,0,,interval_arithmetic=3136
147,2,lp,lower,1568,83,0.11450151600000001,0.10717535018920898,1310,0,0,83,0,0,0,676,0,809,OPTIMAL=83,interval_proves_cutoff=676;lower_skipped_by_nonpositive_upper=809
147,2,lp,upper,1568,92,0.1668714240000001,0.15078091621398926,1543,0,0,92,0,0,0,800,676,0,OPTIMAL=92,interval_proves_cutoff=800;upper_skipped_by_nonnegative_interval_lower=676
147,3,lp,lower,100,0,0.0,0.0,0,0,0,0,0,0,0,9,0,91,,interval_proves_cutoff=9;lower_skipped_by_nonpositive_upper=91
147,3,lp,upper,100,0,0.0,0.0,0,0,0,0,0,0,0,91,9,0,,interval_proves_cutoff=91;upper_skipped_by_nonnegative_interval_lower=9
148,0,lp,lower,9,9,0.071438414,0.07032132148742676,1553,0,0,9,0,0,0,0,0,0,OPTIMAL=9,
148,0,lp,upper,9,9,0.073586213,0.07212066650390625,1576,0,0,9,0,0,0,0,0,0,OPTIMAL=9,
148,1,interval_arithmetic,lower,3136,0,0.0,0.0,0,0,0,0,0,975,0,0,0,2161,,interval_arithmetic=975;lower_skipped_by_nonpositive_upper=2161
148,1,interval_arithmetic,upper,3136,0,0.0,0.0,0,0,0,0,0,3136,0,0,0,0,,interval_arithmetic=3136
148,2,lp,lower,1568,87,0.150939425,0.14215302467346191,1378,0,0,87,0,0,0,703,0,778,OPTIMAL=87,interval_proves_cutoff=703;lower_skipped_by_nonpositive_upper=778
148,2,lp,upper,1568,92,0.15386852299999992,0.13822221755981445,1497,0,0,92,0,0,0,773,703,0,OPTIMAL=92,interval_proves_cutoff=773;upper_skipped_by_nonnegative_interval_lower=703
148,3,lp,lower,100,1,0.007427802,0.007310390472412109,261,0,0,1,0,0,0,8,0,91,OPTIMAL=1,interval_proves_cutoff=8;lower_skipped_by_nonpositive_upper=91
148,3,lp,upper,100,1,0.005098601,0.004984617233276367,206,0,0,1,0,0,0,91,8,0,OPTIMAL=1,interval_proves_cutoff=91;upper_skipped_by_nonnegative_interval_lower=8
149,0,lp,lower,9,9,0.108684019,0.10743165016174316,1770,0,0,9,0,0,0,0,0,0,OPTIMAL=9,
149,0,lp,upper,9,9,0.11003971800000001,0.10883784294128418,1861,0,0,9,0,0,0,0,0,0,OPTIMAL=9,
149,1,interval_arithmetic,lower,3136,0,0.0,0.0,0,0,0,0,0,916,0,0,0,2220,,interval_arithmetic=916;lower_skipped_by_nonpositive_upper=2220
149,1,interval_arithmetic,upper,3136,0,0.0,0.0,0,0,0,0,0,3136,0,0,0,0,,interval_arithmetic=3136
149,2,lp,lower,1568,113,0.179565922,0.16688776016235352,1682,0,0,113,0,0,0,656,0,799,OPTIMAL=113,interval_proves_cutoff=656;lower_skipped_by_nonpositive_upper=799
149,2,lp,upper,1568,118,0.18625803400000002,0.16550517082214355,1826,0,0,118,0,0,0,794,656,0,OPTIMAL=118,interval_proves_cutoff=794;upper_skipped_by_nonnegative_interval_lower=656
149,3,lp,lower,100,1,0.022813904,0.02269434928894043,334,0,0,1,0,0,0,8,0,91,OPTIMAL=1,interval_proves_cutoff=8;lower_skipped_by_nonpositive_upper=91
149,3,lp,upper,100,1,0.014234502,0.014087677001953125,254,0,0,1,0,0,0,91,8,0,OPTIMAL=1,interval_proves_cutoff=91;upper_skipped_by_nonnegative_interval_lower=8
150,0,lp,lower,9,9,0.08689641599999999,0.08556246757507324,1862,0,0,9,0,0,0,0,0,0,OPTIMAL=9,
150,0,lp,upper,9,9,0.10374681899999999,0.10262680053710938,1935,0,0,9,0,0,0,0,0,0,OPTIMAL=9,
150,1,interval_arithmetic,lower,3136,0,0.0,0.0,0,0,0,0,0,905,0,0,0,2231,,interval_arithmetic=905;lower_skipped_by_nonpositive_upper=2231
150,1,interval_arithmetic,upper,3136,0,0.0,0.0,0,0,0,0,0,3136,0,0,0,0,,interval_arithmetic=3136
150,2,lp,lower,1568,120,0.254324342,0.2411954402923584,2907,0,0,120,0,0,0,623,0,825,OPTIMAL=120,interval_proves_cutoff=623;lower_skipped_by_nonpositive_upper=825
150,2,lp,upper,1568,141,0.30850665200000016,0.2837028503417969,3350,0,0,141,0,0,0,804,623,0,OPTIMAL=141,interval_proves_cutoff=804;upper_skipped_by_nonnegative_interval_lower=623
150,3,lp,lower,100,0,0.0,0.0,0,0,0,0,0,0,0,9,0,91,,interval_proves_cutoff=9;lower_skipped_by_nonpositive_upper=91
150,3,lp,upper,100,0,0.0,0.0,0,0,0,0,0,0,0,91,9,0,,interval_proves_cutoff=91;upper_skipped_by_nonnegative_interval_lower=9
151,0,lp,lower,9,9,0.056505010999999994,0.055333852767944336,1211,0,0,9,0,0,0,0,0,0,OPTIMAL=9,
151,0,lp,upper,9,9,0.054885009,0.0537877082824707,1323,0,0,9,0,0,0,0,0,0,OPTIMAL=9,
151,1,interval_arithmetic,lower,3136,0,0.0,0.0,0,0,0,0,0,905,0,0,0,2231,,interval_arithmetic=905;lower_skipped_by_nonpositive_upper=2231
151,1,interval_arithmetic,upper,3136,0,0.0,0.0,0,0,0,0,0,3136,0,0,0,0,,interval_arithmetic=3136
151,2,lp,lower,1568,85,0.12545831999999998,0.11803388595581055,1230,0,0,85,0,0,0,658,0,825,OPTIMAL=85,interval_proves_cutoff=658;lower_skipped_by_nonpositive_upper=825
151,2,lp,upper,1568,95,0.14260052400000006,0.12796950340270996,1510,0,0,95,0,0,0,815,658,0,OPTIMAL=95,interval_proves_cutoff=815;upper_skipped_by_nonnegative_interval_lower=658
151,3,lp,lower,100,0,0.0,0.0,0,0,0,0,0,0,0,9,0,91,,interval_proves_cutoff=9;lower_skipped_by_nonpositive_upper=91
151,3,lp,upper,100,0,0.0,0.0,0,0,0,0,0,0,0,91,9,0,,interval_proves_cutoff=91;upper_skipped_by_nonnegative_interval_lower=9
152,0,lp,lower,9,9,0.077833678,0.07650208473205566,1649,0,0,9,0,0,0,0,0,0,OPTIMAL=9,
152,0,lp,upper,9,9,0.07731417800000001,0.07618975639343262,1787,0,0,9,0,0,0,0,0,0,OPTIMAL=9,
152,1,interval_arithmetic,lower,3136,0,0.0,0.0,0,0,0,0,0,948,0,0,0,2188,,interval_arithmetic=948;lower_skipped_by_nonpositive_upper=2188
152,1,interval_arithmetic,upper,3136,0,0.0,0.0,0,0,0,0,0,3136,0,0,0,0,,interval_arithmetic=3136
152,2,lp,lower,1568,113,0.18105753599999996,0.17015337944030762,1859,0,0,113,0,0,0,680,0,775,OPTIMAL=113,interval_proves_cutoff=680;lower_skipped_by_nonpositive_upper=775
152,2,lp,upper,1568,116,0.2058465429999999,0.18336892127990723,1888,0,0,116,0,0,0,772,680,0,OPTIMAL=116,interval_proves_cutoff=772;upper_skipped_by_nonnegative_interval_lower=680
152,3,lp,lower,100,0,0.0,0.0,0,0,0,0,0,0,0,9,0,91,,interval_proves_cutoff=9;lower_skipped_by_nonpositive_upper=91
152,3,lp,upper,100,0,0.0,0.0,0,0,0,0,0,0,0,91,9,0,,interval_proves_cutoff=91;upper_skipped_by_nonnegative_interval_lower=9
153,0,lp,lower,9,9,0.06027988299999999,0.05911588668823242,1343,0,0,9,0,0,0,0,0,0,OPTIMAL=9,
153,0,lp,upper,9,9,0.054541983999999995,0.05345892906188965,1400,0,0,9,0,0,0,0,0,0,OPTIMAL=9,
153,1,interval_arithmetic,lower,3136,0,0.0,0.0,0,0,0,0,0,903,0,0,0,2233,,interval_arithmetic=903;lower_skipped_by_nonpositive_upper=2233
153,1,interval_arithmetic,upper,3136,0,0.0,0.0,0,0,0,0,0,3136,0,0,0,0,,interval_arithmetic=3136
153,2,lp,lower,1568,90,0.12858266599999998,0.12058830261230469,1386,0,0,90,0,0,0,687,0,791,OPTIMAL=90,interval_proves_cutoff=687;lower_skipped_by_nonpositive_upper=791
153,2,lp,upper,1568,91,0.137556963,0.12239527702331543,1537,0,0,91,0,0,0,790,687,0,OPTIMAL=91,interval_proves_cutoff=790;upper_skipped_by_nonnegative_interval_lower=687
153,3,lp,lower,100,0,0.0,0.0,0,0,0,0,0,0,0,9,0,91,,interval_proves_cutoff=9;lower_skipped_by_nonpositive_upper=91
153,3,lp,upper,100,0,0.0,0.0,0,0,0,0,0,0,0,91,9,0,,interval_proves_cutoff=91;upper_skipped_by_nonnegative_interval_lower=9
154,0,lp,lower,9,9,0.108366171,0.10709977149963379,1727,0,0,9,0,0,0,0,0,0,OPTIMAL=9,
154,0,lp,upper,9,9,0.09939037199999998,0.09816813468933105,1703,0,0,9,0,0,0,0,0,0,OPTIMAL=9,
154,1,interval_arithmetic,lower,3136,0,0.0,0.0,0,0,0,0,0,896,0,0,0,2240,,interval_arithmetic=896;lower_skipped_by_nonpositive_upper=2240
154,1,interval_arithmetic,upper,3136,0,0.0,0.0,0,0,0,0,0,3136,0,0,0,0,,interval_arithmetic=3136
154,2,lp,lower,1568,118,0.16648274599999996,0.15542173385620117,1119,0,0,118,0,0,0,668,0,782,OPTIMAL=118,interval_proves_cutoff=668;lower_skipped_by_nonpositive_upper=782
154,2,lp,upper,1568,122,0.19823605300000005,0.17905068397521973,1222,0,0,122,0,0,0,778,668,0,OPTIMAL=122,interval_proves_cutoff=778;upper_skipped_by_nonnegative_interval_lower=668
154,3,lp,lower,100,1,0.011830997,0.011709451675415039,274,0,0,1,0,0,0,8,0,91,OPTIMAL=1,interval_proves_cutoff=8;lower_skipped_by_nonpositive_upper=91
154,3,lp,upper,100,1,0.007074898,0.0069348812103271484,245,0,0,1,0,0,0,91,8,0,OPTIMAL=1,interval_proves_cutoff=91;upper_skipped_by_nonnegative_interval_lower=8
155,0,lp,lower,9,9,0.043297808,0.04231095314025879,1004,0,0,9,0,0,0,0,0,0,OPTIMAL=9,
155,0,lp,upper,9,9,0.048644007999999996,0.047595977783203125,1080,0,0,9,0,0,0,0,0,0,OPTIMAL=9,
155,1,interval_arithmetic,lower,3136,0,0.0,0.0,0,0,0,0,0,842,0,0,0,2294,,interval_arithmetic=842;lower_skipped_by_nonpositive_upper=2294
155,1,interval_arithmetic,upper,3136,0,0.0,0.0,0,0,0,0,0,3136,0,0,0,0,,interval_arithmetic=3136
155,2,lp,lower,1568,78,0.10100416899999998,0.09339165687561035,604,0,0,78,0,0,0,615,0,875,OPTIMAL=78,interval_proves_cutoff=615;lower_skipped_by_nonpositive_upper=875
155,2,lp,upper,1568,82,0.12875357199999998,0.11179280281066895,844,0,0,82,0,0,0,871,615,0,OPTIMAL=82,interval_proves_cutoff=871;upper_skipped_by_nonnegative_interval_lower=615
155,3,lp,lower,100,0,0.0,0.0,0,0,0,0,0,0,0,9,0,91,,interval_proves_cutoff=9;lower_skipped_by_nonpositive_upper=91
155,3,lp,upper,100,0,0.0,0.0,0,0,0,0,0,0,0,91,9,0,,interval_proves_cutoff=91;upper_skipped_by_nonnegative_interval_lower=9
156,0,lp,lower,9,9,0.041165810000000004,0.040201425552368164,1212,0,0,9,0,0,0,0,0,0,OPTIMAL=9,
156,0,lp,upper,9,9,0.05252271100000001,0.051458120346069336,1401,0,0,9,0,0,0,0,0,0,OPTIMAL=9,
156,1,interval_arithmetic,lower,3136,0,0.0,0.0,0,0,0,0,0,937,0,0,0,2199,,interval_arithmetic=937;lower_skipped_by_nonpositive_upper=2199
156,1,interval_arithmetic,upper,3136,0,0.0,0.0,0,0,0,0,0,3136,0,0,0,0,,interval_arithmetic=3136
156,2,lp,lower,1568,89,0.14405353500000004,0.13495349884033203,1298,0,0,89,0,0,0,661,0,818,OPTIMAL=89,interval_proves_cutoff=661;lower_skipped_by_nonpositive_upper=818
156,2,lp,upper,1568,102,0.17173643800000007,0.15497088432312012,1688,0,0,102,0,0,0,805,661,0,OPTIMAL=102,interval_proves_cutoff=805;upper_skipped_by_nonnegative_interval_lower=661
156,3,lp,lower,100,0,0.0,0.0,0,0,0,0,0,0,0,9,0,91,,interval_proves_cutoff=9;lower_skipped_by_nonpositive_upper=91
156,3,lp,upper,100,0,0.0,0.0,0,0,0,0,0,0,0,91,9,0,,interval_proves_cutoff=91;upper_skipped_by_nonnegative_interval_lower=9
157,0,lp,lower,9,9,0.065042584,0.0640256404876709,1660,0,0,9,0,0,0,0,0,0,OPTIMAL=9,
157,0,lp,upper,9,9,0.07594678,0.07480645179748535,1677,0,0,9,0,0,0,0,0,0,OPTIMAL=9,
157,1,interval_arithmetic,lower,3136,0,0.0,0.0,0,0,0,0,0,907,0,0,0,2229,,interval_arithmetic=907;lower_skipped_by_nonpositive_upper=2229
157,1,interval_arithmetic,upper,3136,0,0.0,0.0,0,0,0,0,0,3136,0,0,0,0,,interval_arithmetic=3136
157,2,lp,lower,1568,111,0.130752864,0.12271952629089355,2099,0,0,111,0,0,0,654,0,803,OPTIMAL=111,interval_proves_cutoff=654;lower_skipped_by_nonpositive_upper=803
157,2,lp,upper,1568,118,0.143699162,0.12960052490234375,2415,0,0,118,0,0,0,796,654,0,OPTIMAL=118,interval_proves_cutoff=796;upper_skipped_by_nonnegative_interval_lower=654
157,3,lp,lower,100,1,0.007224098,0.007101774215698242,307,0,0,1,0,0,0,8,0,91,OPTIMAL=1,interval_proves_cutoff=8;lower_skipped_by_nonpositive_upper=91
157,3,lp,upper,100,1,0.005853399,0.005736112594604492,248,0,0,1,0,0,0,91,8,0,OPTIMAL=1,interval_proves_cutoff=91;upper_skipped_by_nonnegative_interval_lower=8
158,0,lp,lower,9,9,0.061819784999999995,0.06076860427856445,1324,0,0,9,0,0,0,0,0,0,OPTIMAL=9,
158,0,lp,upper,9,9,0.06725968200000002,0.06611466407775879,1465,0,0,9,0,0,0,0,0,0,OPTIMAL=9,
158,1,interval_arithmetic,lower,3136,0,0.0,0.0,0,0,0,0,0,901,0,0,0,2235,,interval_arithmetic=901;lower_skipped_by_nonpositive_upper=2235
158,1,interval_arithmetic,upper,3136,0,0.0,0.0,0,0,0,0,0,3136,0,0,0,0,,interval_arithmetic=3136
158,2,lp,lower,1568,95,0.13217076399999994,0.1249237060546875,1098,0,0,95,0,0,0,663,0,810,OPTIMAL=95,interval_proves_cutoff=663;lower_skipped_by_nonpositive_upper=810
158,2,lp,upper,1568,103,0.145310161,0.13057398796081543,1301,0,0,103,0,0,0,802,663,0,OPTIMAL=103,interval_proves_cutoff=802;upper_skipped_by_nonnegative_interval_lower=663
158,3,lp,lower,100,1,0.007372298,0.007254123687744141,253,0,0,1,0,0,0,8,0,91,OPTIMAL=1,interval_proves_cutoff=8;lower_skipped_by_nonpositive_upper=91
158,3,lp,upper,100,1,0.005565899,0.005428791046142578,202,0,0,1,0,0,0,91,8,0,OPTIMAL=1,interval_proves_cutoff=91;upper_skipped_by_nonnegative_interval_lower=8
159,0,lp,lower,9,9,0.04555159,0.0444788932800293,1118,0,0,9,0,0,0,0,0,0,OPTIMAL=9,
159,0,lp,upper,9,9,0.04208899199999999,0.04112958908081055,1101,0,0,9,0,0,0,0,0,0,OPTIMAL=9,
159,1,interval_arithmetic,lower,3136,0,0.0,0.0,0,0,0,0,0,901,0,0,0,2235,,interval_arithmetic=901;lower_skipped_by_nonpositive_upper=2235
159,1,interval_arithmetic,upper,3136,0,0.0,0.0,0,0,0,0,0,3136,0,0,0,0,,interval_arithmetic=3136
159,2,lp,lower,1568,88,0.11394717500000001,0.1072683334350586,1172,0,0,88,0,0,0,672,0,808,OPTIMAL=88,interval_proves_cutoff=672;lower_skipped_by_nonpositive_upper=808
159,2,lp,upper,1568,94,0.11778336399999995,0.10479378700256348,1286,0,0,94,0,0,0,802,672,0,OPTIMAL=94,interval_proves_cutoff=802;upper_skipped_by_nonnegative_interval_lower=672
159,3,lp,lower,100,2,0.009014497,0.008816003799438477,269,0,0,2,0,0,0,7,0,91,OPTIMAL=2,interval_proves_cutoff=7;lower_skipped_by_nonpositive_upper=91
159,3,lp,upper,100,2,0.018092096,0.017804622650146484,356,0,0,2,0,0,0,91,7,0,OPTIMAL=2,interval_proves_cutoff=91;upper_skipped_by_nonnegative_interval_lower=7
160,0,lp,lower,9,9,0.047227992,0.04617190361022949,1046,0,0,9,0,0,0,0,0,0,OPTIMAL=9,
160,0,lp,upper,9,9,0.045943188999999995,0.045044660568237305,1095,0,0,9,0,0,0,0,0,0,OPTIMAL=9,
160,1,interval_arithmetic,lower,3136,0,0.0,0.0,0,0,0,0,0,868,0,0,0,2268,,interval_arithmetic=868;lower_skipped_by_nonpositive_upper=2268
160,1,interval_arithmetic,upper,3136,0,0.0,0.0,0,0,0,0,0,3136,0,0,0,0,,interval_arithmetic=3136
160,2,lp,lower,1568,63,0.10206937099999999,0.09644794464111328,1063,0,0,63,0,0,0,641,0,864,OPTIMAL=63,interval_proves_cutoff=641;lower_skipped_by_nonpositive_upper=864
160,2,lp,upper,1568,71,0.11462016699999998,0.09996223449707031,1246,0,0,71,0,0,0,856,641,0,OPTIMAL=71,interval_proves_cutoff=856;upper_skipped_by_nonnegative_interval_lower=641
160,3,lp,lower,100,3,0.010151397,0.009886980056762695,295,0,0,3,0,0,0,6,0,91,OPTIMAL=3,interval_proves_cutoff=6;lower_skipped_by_nonpositive_upper=91
160,3,lp,upper,100,3,0.011890597,0.011586904525756836,354,0,0,3,0,0,0,91,6,0,OPTIMAL=3,interval_proves_cutoff=91;upper_skipped_by_nonnegative_interval_lower=6
161,0,lp,lower,9,9,0.039934208000000006,0.03898906707763672,1050,0,0,9,0,0,0,0,0,0,OPTIMAL=9,
161,0,lp,upper,9,9,0.05337510800000001,0.05235552787780762,1215,0,0,9,0,0,0,0,0,0,OPTIMAL=9,
161,1,interval_arithmetic,lower,3136,0,0.0,0.0,0,0,0,0,0,908,0,0,0,2228,,interval_arithmetic=908;lower_skipped_by_nonpositive_upper=2228
161,1,interval_arithmetic,upper,3136,0,0.0,0.0,0,0,0,0,0,3136,0,0,0,0,,interval_arithmetic=3136
161,2,lp,lower,1568,81,0.10178551999999998,0.09535622596740723,1212,0,0,81,0,0,0,666,0,821,OPTIMAL=81,interval_proves_cutoff=666;lower_skipped_by_nonpositive_upper=821
161,2,lp,upper,1568,87,0.13027582500000004,0.11681008338928223,1556,0,0,87,0,0,0,815,666,0,OPTIMAL=87,interval_proves_cutoff=815;upper_skipped_by_nonnegative_interval_lower=666
161,3,lp,lower,100,0,0.0,0.0,0,0,0,0,0,0,0,9,0,91,,interval_proves_cutoff=9;lower_skipped_by_nonpositive_upper=91
161,3,lp,upper,100,0,0.0,0.0,0,0,0,0,0,0,0,91,9,0,,interval_proves_cutoff=91;upper_skipped_by_nonnegative_interval_lower=9
162,0,lp,lower,9,9,0.089411015,0.08827567100524902,1807,0,0,9,0,0,0,0,0,0,OPTIMAL=9,
162,0,lp,upper,9,9,0.09256381500000001,0.09144139289855957,1765,0,0,9,0,0,0,0,0,0,OPTIMAL=9,
162,1,interval_arithmetic,lower,3136,0,0.0,0.0,0,0,0,0,0,930,0,0,0,2206,,interval_arithmetic=930;lower_skipped_by_nonpositive_upper=2206
162,1,interval_arithmetic,upper,3136,0,0.0,0.0,0,0,0,0,0,3136,0,0,0,0,,interval_arithmetic=3136
162,2,lp,lower,1568,98,0.142691425,0.13587331771850586,1911,0,0,98,0,0,0,656,0,814,OPTIMAL=98,interval_proves_cutoff=656;lower_skipped_by_nonpositive_upper=814
162,2,lp,upper,1568,107,0.17695493600000006,0.15983152389526367,2085,0,0,107,0,0,0,805,656,0,OPTIMAL=107,interval_proves_cutoff=805;upper_skipped_by_nonnegative_interval_lower=656
162,3,lp,lower,100,1,0.007442501,0.007324934005737305,274,0,0,1,0,0,0,8,0,91,OPTIMAL=1,interval_proves_cutoff=8;lower_skipped_by_nonpositive_upper=91
162,3,lp,upper,100,1,0.006264001,0.006140470504760742,226,0,0,1,0,0,0,91,8,0,OPTIMAL=1,interval_proves_cutoff=91;upper_skipped_by_nonnegative_interval_lower=8
163,0,lp,lower,9,9,0.036528007,0.03560900688171387,1027,0,0,9,0,0,0,0,0,0,OPTIMAL=9,
163,0,lp,upper,9,9,0.037428407,0.03643202781677246,1034,0,0,9,0,0,0,0,0,0,OPTIMAL=9,
163,1,interval_arithmetic,lower,3136,0,0.0,0.0,0,0,0,0,0,941,0,0,0,2195,,interval_arithmetic=941;lower_skipped_by_nonpositive_upper=2195
163,1,interval_arithmetic,upper,3136,0,0.0,0.0,0,0,0,0,0,3136,0,0,0,0,,interval_arithmetic=3136
163,2,lp,lower,1568,75,0.08627771499999999,0.08159732818603516,807,0,0,75,0,0,0,702,0,791,OPTIMAL=75,interval_proves_cutoff=702;lower_skipped_by_nonpositive_upper=791
163,2,lp,upper,1568,81,0.11987462200000001,0.10791754722595215,998,0,0,81,0,0,0,785,702,0,OPTIMAL=81,interval_proves_cutoff=785;upper_skipped_by_nonnegative_interval_lower=702
163,3,lp,lower,100,0,0.0,0.0,0,0,0,0,0,0,0,8,0,92,,interval_proves_cutoff=8;lower_skipped_by_nonpositive_upper=92
163,3,lp,upper,100,1,0.003901401,0.0037894248962402344,163,0,0,1,0,0,0,91,8,0,OPTIMAL=1,interval_proves_cutoff=91;upper_skipped_by_nonnegative_interval_lower=8
164,0,lp,lower,9,9,0.047666309,0.04648447036743164,993,0,0,9,0,0,0,0,0,0,OPTIMAL=9,
164,0,lp,upper,9,9,0.038102807,0.037114858627319336,928,0,0,9,0,0,0,0,0,0,OPTIMAL=9,
164,1,interval_arithmetic,lower,3136,0,0.0,0.0,0,0,0,0,0,913,0,0,0,2223,,interval_arithmetic=913;lower_skipped_by_nonpositive_upper=2223
164,1,interval_arithmetic,upper,3136,0,0.0,0.0,0,0,0,0,0,3136,0,0,0,0,,interval_arithmetic=3136
164,2,lp,lower,1568,70,0.08999761799999999,0.08441901206970215,546,0,0,70,0,0,0,681,0,817,OPTIMAL=70,interval_proves_cutoff=681;lower_skipped_by_nonpositive_upper=817
164,2,lp,upper,1568,71,0.092117215,0.08037281036376953,652,0,0,71,0,0,0,816,681,0,OPTIMAL=71,interval_proves_cutoff=816;upper_skipped_by_nonnegative_interval_lower=681
164,3,lp,lower,100,1,0.004223001,0.004098653793334961,179,0,0,1,0,0,0,8,0,91,OPTIMAL=1,interval_proves_cutoff=8;lower_skipped_by_nonpositive_upper=91
164,3,lp,upper,100,1,0.003462001,0.003347158432006836,165,0,0,1,0,0,0,91,8,0,OPTIMAL=1,interval_proves_cutoff=91;upper_skipped_by_nonnegative_interval_lower=8
165,0,lp,lower,9,9,0.11134862000000001,0.11019277572631836,1803,0,0,9,0,0,0,0,0,0,OPTIMAL=9,
165,0,lp,upper,9,9,0.081195916,0.0801088809967041,1665,0,0,9,0,0,0,0,0,0,OPTIMAL=9,
165,1,interval_arithmetic,lower,3136,0,0.0,0.0,0,0,0,0,0,908,0,0,0,2228,,interval_arithmetic=908;lower_skipped_by_nonpositive_upper=2228
165,1,interval_arithmetic,upper,3136,0,0.0,0.0,0,0,0,0,0,3136,0,0,0,0,,interval_arithmetic=3136
165,2,lp,lower,1568,115,0.15748672800000002,0.14741730690002441,1938,0,0,115,0,0,0,646,0,807,OPTIMAL=115,interval_proves_cutoff=646;lower_skipped_by_nonpositive_upper=807
165,2,lp,upper,1568,127,0.165697535,0.15018081665039062,2243,0,0,127,0,0,0,795,646,0,OPTIMAL=127,interval_proves_cutoff=795;upper_skipped_by_nonnegative_interval_lower=646
165,3,lp,lower,100,2,0.012850203000000001,0.012550592422485352,323,0,0,2,0,0,0,7,0,91,OPTIMAL=2,interval_proves_cutoff=7;lower_skipped_by_nonpositive_upper=91
165,3,lp,upper,100,2,0.016015904,0.015787363052368164,409,0,0,2,0,0,0,91,7,0,OPTIMAL=2,interval_proves_cutoff=91;upper_skipped_by_nonnegative_interval_lower=7
166,0,lp,lower,9,9,0.070811713,0.06977081298828125,1419,0,0,9,0,0,0,0,0,0,OPTIMAL=9,
166,0,lp,upper,9,9,0.069196413,0.06805229187011719,1364,0,0,9,0,0,0,0,0,0,OPTIMAL=9,
166,1,interval_arithmetic,lower,3136,0,0.0,0.0,0,0,0,0,0,939,0,0,0,2197,,interval_arithmetic=939;lower_skipped_by_nonpositive_upper=2197
166,1,interval_arithmetic,upper,3136,0,0.0,0.0,0,0,0,0,0,3136,0,0,0,0,,interval_arithmetic=3136
166,2,lp,lower,1568,87,0.11126092299999997,0.10448646545410156,1008,0,0,87,0,0,0,687,0,794,OPTIMAL=87,interval_proves_cutoff=687;lower_skipped_by_nonpositive_upper=794
166,2,lp,upper,1568,89,0.13905172799999999,0.12420487403869629,1161,0,0,89,0,0,0,792,687,0,OPTIMAL=89,interval_proves_cutoff=792;upper_skipped_by_nonnegative_interval_lower=687
166,3,lp,lower,100,1,0.009248102,0.009129047393798828,252,0,0,1,0,0,0,8,0,91,OPTIMAL=1,interval_proves_cutoff=8;lower_skipped_by_nonpositive_upper=91
166,3,lp,upper,100,1,0.005078801,0.004911899566650391,209,0,0,1,0,0,0,91,8,0,OPTIMAL=1,interval_proves_cutoff=91;upper_skipped_by_nonnegative_interval_lower=8
167,0,lp,lower,9,9,0.051869210000000006,0.050856590270996094,1266,0,0,9,0,0,0,0,0,0,OPTIMAL=9,
167,0,lp,upper,9,9,0.058121510999999994,0.05705904960632324,1533,0,0,9,0,0,0,0,0,0,OPTIMAL=9,
167,1,interval_arithmetic,lower,3136,0,0.0,0.0,0,0,0,0,0,917,0,0,0,2219,,interval_arithmetic=917;lower_skipped_by_nonpositive_upper=2219
167,1,interval_arithmetic,upper,3136,0,0.0,0.0,0,0,0,0,0,3136,0,0,0,0,,interval_arithmetic=3136
167,2,lp,lower,1568,106,0.158277331,0.14836692810058594,2097,0,0,106,0,0,0,643,0,819,OPTIMAL=106,interval_proves_cutoff=643;lower_skipped_by_nonpositive_upper=819
167,2,lp,upper,1568,114,0.17168033799999993,0.15334534645080566,2240,0,0,114,0,0,0,811,643,0,OPTIMAL=114,interval_proves_cutoff=811;upper_skipped_by_nonnegative_interval_lower=643
167,3,lp,lower,100,0,0.0,0.0,0,0,0,0,0,0,0,9,0,91,,interval_proves_cutoff=9;lower_skipped_by_nonpositive_upper=91
167,3,lp,upper,100,0,0.0,0.0,0,0,0,0,0,0,0,91,9,0,,interval_proves_cutoff=91;upper_skipped_by_nonnegative_interval_lower=9
168,0,lp,lower,9,9,0.044130205,0.04317474365234375,1239,0,0,9,0,0,0,0,0,0,OPTIMAL=9,
168,0,lp,upper,9,9,0.046546406,0.04541206359863281,1226,0,0,9,0,0,0,0,0,0,OPTIMAL=9,
168,1,interval_arithmetic,lower,3136,0,0.0,0.0,0,0,0,0,0,894,0,0,0,2242,,interval_arithmetic=894;lower_skipped_by_nonpositive_upper=2242
168,1,interval_arithmetic,upper,3136,0,0.0,0.0,0,0,0,0,0,3136,0,0,0,0,,interval_arithmetic=3136
168,2,lp,lower,1568,91,0.11552281399999997,0.10822796821594238,1183,0,0,91,0,0,0,647,0,830,OPTIMAL=91,interval_proves_cutoff=647;lower_skipped_by_nonpositive_upper=830
168,2,lp,upper,1568,101,0.1605847180000001,0.14391779899597168,1459,0,0,101,0,0,0,820,647,0,OPTIMAL=101,interval_proves_cutoff=820;upper_skipped_by_nonnegative_interval_lower=647
168,3,lp,lower,100,1,0.006849101,0.006708860397338867,242,0,0,1,0,0,0,8,0,91,OPTIMAL=1,interval_proves_cutoff=8;lower_skipped_by_nonpositive_upper=91
168,3,lp,upper,100,1,0.0067328,0.006592512130737305,178,0,0,1,0,0,0,91,8,0,OPTIMAL=1,interval_proves_cutoff=91;upper_skipped_by_nonnegative_interval_lower=8
169,0,lp,lower,9,9,0.03307020200000001,0.03220558166503906,926,0,0,9,0,0,0,0,0,0,OPTIMAL=9,
169,0,lp,upper,9,9,0.031084907,0.030191659927368164,877,0,0,9,0,0,0,0,0,0,OPTIMAL=9,
169,1,interval_arithmetic,lower,3136,0,0.0,0.0,0,0,0,0,0,858,0,0,0,2278,,interval_arithmetic=858;lower_skipped_by_nonpositive_upper=2278
169,1,interval_arithmetic,upper,3136,0,0.0,0.0,0,0,0,0,0,3136,0,0,0,0,,interval_arithmetic=3136
169,2,lp,lower,1568,70,0.06445820700000002,0.060274362564086914,665,0,0,70,0,0,0,638,0,860,OPTIMAL=70,interval_proves_cutoff=638;lower_skipped_by_nonpositive_upper=860
169,2,lp,upper,1568,76,0.08199141000000001,0.07066822052001953,677,0,0,76,0,0,0,854,638,0,OPTIMAL=76,interval_proves_cutoff=854;upper_skipped_by_nonnegative_interval_lower=638
169,3,lp,lower,100,1,0.0037487,0.0036580562591552734,173,0,0,1,0,0,0,8,0,91,OPTIMAL=1,interval_proves_cutoff=8;lower_skipped_by_nonpositive_upper=91
169,3,lp,upper,100,1,0.0033107,0.0032050609588623047,146,0,0,1,0,0,0,91,8,0,OPTIMAL=1,interval_proves_cutoff=91;upper_skipped_by_nonnegative_interval_lower=8
170,0,lp,lower,9,9,0.036747104,0.035356998443603516,864,0,0,9,0,0,0,0,0,0,OPTIMAL=9,
170,0,lp,upper,9,9,0.030797904,0.029909849166870117,906,0,0,9,0,0,0,0,0,0,OPTIMAL=9,
170,1,interval_arithmetic,lower,3136,0,0.0,0.0,0,0,0,0,0,889,0,0,0,2247,,interval_arithmetic=889;lower_skipped_by_nonpositive_upper=2247
170,1,interval_arithmetic,upper,3136,0,0.0,0.0,0,0,0,0,0,3136,0,0,0,0,,interval_arithmetic=3136
170,2,lp,lower,1568,76,0.07300550799999997,0.06845736503601074,837,0,0,76,0,0,0,659,0,833,OPTIMAL=76,interval_proves_cutoff=659;lower_skipped_by_nonpositive_upper=833
170,2,lp,upper,1568,88,0.09938401100000001,0.08626580238342285,1169,0,0,88,0,0,0,821,659,0,OPTIMAL=88,interval_proves_cutoff=821;upper_skipped_by_nonnegative_interval_lower=659
170,3,lp,lower,100,1,0.0049369,0.004835367202758789,177,0,0,1,0,0,0,8,0,91,OPTIMAL=1,interval_proves_cutoff=8;lower_skipped_by_nonpositive_upper=91
170,3,lp,upper,100,1,0.00493,0.00481867790222168,181,0,0,1,0,0,0,91,8,0,OPTIMAL=1,interval_proves_cutoff=91;upper_skipped_by_nonnegative_interval_lower=8
171,0,lp,lower,9,9,0.031776304000000005,0.03068709373474121,773,0,0,9,0,0,0,0,0,0,OPTIMAL=9,
171,0,lp,upper,9,9,0.034070104999999996,0.03301262855529785,834,0,0,9,0,0,0,0,0,0,OPTIMAL=9,
171,1,interval_arithmetic,lower,3136,0,0.0,0.0,0,0,0,0,0,881,0,0,0,2255,,interval_arithmetic=881;lower_skipped_by_nonpositive_upper=2255
171,1,interval_arithmetic,upper,3136,0,0.0,0.0,0,0,0,0,0,3136,0,0,0,0,,interval_arithmetic=3136
171,2,lp,lower,1568,65,0.078902312,0.07378053665161133,628,0,0,65,0,0,0,658,0,845,OPTIMAL=65,interval_proves_cutoff=658;lower_skipped_by_nonpositive_upper=845
171,2,lp,upper,1568,67,0.09345581099999997,0.08251190185546875,721,0,0,67,0,0,0,843,658,0,OPTIMAL=67,interval_proves_cutoff=843;upper_skipped_by_nonnegative_interval_lower=658
171,3,lp,lower,100,0,0.0,0.0,0,0,0,0,0,0,0,9,0,91,,interval_proves_cutoff=9;lower_skipped_by_nonpositive_upper=91
171,3,lp,upper,100,0,0.0,0.0,0,0,0,0,0,0,0,91,9,0,,interval_proves_cutoff=91;upper_skipped_by_nonnegative_interval_lower=9
172,0,lp,lower,9,9,0.032733703,0.03182196617126465,1005,0,0,9,0,0,0,0,0,0,OPTIMAL=9,
172,0,lp,upper,9,9,0.036852803999999996,0.035711050033569336,986,0,0,9,0,0,0,0,0,0,OPTIMAL=9,
172,1,interval_arithmetic,lower,3136,0,0.0,0.0,0,0,0,0,0,936,0,0,0,2200,,interval_arithmetic=936;lower_skipped_by_nonpositive_upper=2200
172,1,interval_arithmetic,upper,3136,0,0.0,0.0,0,0,0,0,0,3136,0,0,0,0,,interval_arithmetic=3136
172,2,lp,lower,1568,72,0.12043231799999995,0.1124875545501709,911,0,0,72,0,0,0,646,0,850,OPTIMAL=72,interval_proves_cutoff=646;lower_skipped_by_nonpositive_upper=850
172,2,lp,upper,1568,76,0.15155631999999997,0.1369328498840332,984,0,0,76,0,0,0,846,646,0,OPTIMAL=76,interval_proves_cutoff=846;upper_skipped_by_nonnegative_interval_lower=646
172,3,lp,lower,100,1,0.005297601,0.005199909210205078,213,0,0,1,0,0,0,8,0,91,OPTIMAL=1,interval_proves_cutoff=8;lower_skipped_by_nonpositive_upper=91
172,3,lp,upper,100,1,0.004032101,0.003919363021850586,164,0,0,1,0,0,0,91,8,0,OPTIMAL=1,interval_proves_cutoff=91;upper_skipped_by_nonnegative_interval_lower=8
173,0,lp,lower,9,9,0.05759979999999999,0.056618690490722656,1598,0,0,9,0,0,0,0,0,0,OPTIMAL=9,
173,0,lp,upper,9,9,0.053419406999999995,0.052370548248291016,1586,0,0,9,0,0,0,0,0,0,OPTIMAL=9,
173,1,interval_arithmetic,lower,3136,0,0.0,0.0,0,0,0,0,0,954,0,0,0,2182,,interval_arithmetic=954;lower_skipped_by_nonpositive_upper=2182
173,1,interval_arithmetic,upper,3136,0,0.0,0.0,0,0,0,0,0,3136,0,0,0,0,,interval_arithmetic=3136
173,2,lp,lower,1568,90,0.12407132099999998,0.11740946769714355,1543,0,0,90,0,0,0,699,0,779,OPTIMAL=90,interval_proves_cutoff=699;lower_skipped_by_nonpositive_upper=779
173,2,lp,upper,1568,97,0.14540751799999999,0.13083863258361816,1928,0,0,97,0,0,0,772,699,0,OPTIMAL=97,interval_proves_cutoff=772;upper_skipped_by_nonnegative_interval_lower=699
173,3,lp,lower,100,1,0.006498401,0.006366729736328125,295,0,0,1,0,0,0,8,0,91,OPTIMAL=1,interval_proves_cutoff=8;lower_skipped_by_nonpositive_upper=91
173,3,lp,upper,100,1,0.007281101,0.007151365280151367,246,0,0,1,0,0,0,91,8,0,OPTIMAL=1,interval_proves_cutoff=91;upper_skipped_by_nonnegative_interval_lower=8
174,0,lp,lower,9,9,0.1472559,0.14600229263305664,2319,0,0,9,0,0,0,0,0,0,OPTIMAL=9,
174,0,lp,upper,9,9,0.15292879999999998,0.15159249305725098,2302,0,0,9,0,0,0,0,0,0,OPTIMAL=9,
174,1,interval_arithmetic,lower,3136,0,0.0,0.0,0,0,0,0,0,925,0,0,0,2211,,interval_arithmetic=925;lower_skipped_by_nonpositive_upper=2211
174,1,interval_arithmetic,upper,3136,0,0.0,0.0,0,0,0,0,0,3136,0,0,0,0,,interval_arithmetic=3136
174,2,lp,lower,1568,139,0.20248540000000004,0.19163203239440918,2651,0,0,139,0,0,0,659,0,770,OPTIMAL=139,interval_proves_cutoff=659;lower_skipped_by_nonpositive_upper=770
174,2,lp,upper,1568,149,0.2332289980000001,0.2148904800415039,3059,0,0,149,0,0,0,760,659,0,OPTIMAL=149,interval_proves_cutoff=760;upper_skipped_by_nonnegative_interval_lower=659
174,3,lp,lower,100,1,0.0134328,0.013312578201293945,366,0,0,1,0,0,0,8,0,91,OPTIMAL=1,interval_proves_cutoff=8;lower_skipped_by_nonpositive_upper=91
174,3,lp,upper,100,1,0.0106407,0.010492563247680664,322,0,0,1,0,0,0,91,8,0,OPTIMAL=1,interval_proves_cutoff=91;upper_skipped_by_nonnegative_interval_lower=8
175,0,lp,lower,9,9,0.039398301,0.03842663764953613,1043,0,0,9,0,0,0,0,0,0,OPTIMAL=9,
175,0,lp,upper,9,9,0.040259600000000006,0.03930306434631348,1147,0,0,9,0,0,0,0,0,0,OPTIMAL=9,
175,1,interval_arithmetic,lower,3136,0,0.0,0.0,0,0,0,0,0,908,0,0,0,2228,,interval_arithmetic=908;lower_skipped_by_nonpositive_upper=2228
175,1,interval_arithmetic,upper,3136,0,0.0,0.0,0,0,0,0,0,3136,0,0,0,0,,interval_arithmetic=3136
175,2,lp,lower,1568,70,0.123368701,0.11644673347473145,1090,0,0,70,0,0,0,671,0,827,OPTIMAL=70,interval_proves_cutoff=671;lower_skipped_by_nonpositive_upper=827
175,2,lp,upper,1568,76,0.1444199,0.12604498863220215,1072,0,0,76,0,0,0,821,671,0,OPTIMAL=76,interval_proves_cutoff=821;upper_skipped_by_nonnegative_interval_lower=671
175,3,lp,lower,100,0,0.0,0.0,0,0,0,0,0,0,0,9,0,91,,interval_proves_cutoff=9;lower_skipped_by_nonpositive_upper=91
175,3,lp,upper,100,0,0.0,0.0,0,0,0,0,0,0,0,91,9,0,,interval_proves_cutoff=91;upper_skipped_by_nonnegative_interval_lower=9
176,0,lp,lower,9,9,0.046454001,0.045314788818359375,1020,0,0,9,0,0,0,0,0,0,OPTIMAL=9,
176,0,lp,upper,9,9,0.0493831,0.0482938289642334,1050,0,0,9,0,0,0,0,0,0,OPTIMAL=9,
176,1,interval_arithmetic,lower,3136,0,0.0,0.0,0,0,0,0,0,839,0,0,0,2297,,interval_arithmetic=839;lower_skipped_by_nonpositive_upper=2297
176,1,interval_arithmetic,upper,3136,0,0.0,0.0,0,0,0,0,0,3136,0,0,0,0,,interval_arithmetic=3136
176,2,lp,lower,1568,87,0.11555130000000007,0.1083979606628418,1165,0,0,87,0,0,0,618,0,863,OPTIMAL=87,interval_proves_cutoff=618;lower_skipped_by_nonpositive_upper=863
176,2,lp,upper,1568,88,0.1293143,0.11483073234558105,1172,0,0,88,0,0,0,862,618,0,OPTIMAL=88,interval_proves_cutoff=862;upper_skipped_by_nonnegative_interval_lower=618
176,3,lp,lower,100,1,0.0057837,0.005677461624145508,203,0,0,1,0,0,0,8,0,91,OPTIMAL=1,interval_proves_cutoff=8;lower_skipped_by_nonpositive_upper=91
176,3,lp,upper,100,1,0.0053598,0.005239248275756836,174,0,0,1,0,0,0,91,8,0,OPTIMAL=1,interval_proves_cutoff=91;upper_skipped_by_nonnegative_interval_lower=8
177,0,lp,lower,9,9,0.0468342,0.04565596580505371,1063,0,0,9,0,0,0,0,0,0,OPTIMAL=9,
177,0,lp,upper,9,9,0.0505815,0.04968905448913574,1078,0,0,9,0,0,0,0,0,0,OPTIMAL=9,
177,1,interval_arithmetic,lower,3136,0,0.0,0.0,0,0,0,0,0,835,0,0,0,2301,,interval_arithmetic=835;lower_skipped_by_nonpositive_upper=2301
177,1,interval_arithmetic,upper,3136,0,0.0,0.0,0,0,0,0,0,3136,0,0,0,0,,interval_arithmetic=3136
177,2,lp,lower,1568,102,0.098861701,0.09343743324279785,763,0,0,102,0,0,0,611,0,855,OPTIMAL=102,interval_proves_cutoff=611;lower_skipped_by_nonpositive_upper=855
177,2,lp,upper,1568,106,0.1297083,0.11569905281066895,956,0,0,106,0,0,0,851,611,0,OPTIMAL=106,interval_proves_cutoff=851;upper_skipped_by_nonnegative_interval_lower=611
177,3,lp,lower,100,1,0.008097,0.007938146591186523,226,0,0,1,0,0,0,8,0,91,OPTIMAL=1,interval_proves_cutoff=8;lower_skipped_by_nonpositive_upper=91
177,3,lp,upper,100,1,0.0073461,0.007234334945678711,227,0,0,1,0,0,0,91,8,0,OPTIMAL=1,interval_proves_cutoff=91;upper_skipped_by_nonnegative_interval_lower=8
178,0,lp,lower,9,9,0.054538201999999994,0.05352210998535156,1343,0,0,9,0,0,0,0,0,0,OPTIMAL=9,
178,0,lp,upper,9,9,0.058868703,0.05794882774353027,1562,0,0,9,0,0,0,0,0,0,OPTIMAL=9,
178,1,interval_arithmetic,lower,3136,0,0.0,0.0,0,0,0,0,0,920,0,0,0,2216,,interval_arithmetic=920;lower_skipped_by_nonpositive_upper=2216
178,1,interval_arithmetic,upper,3136,0,0.0,0.0,0,0,0,0,0,3136,0,0,0,0,,interval_arithmetic=3136
178,2,lp,lower,1568,100,0.135034403,0.12674617767333984,1650,0,0,100,0,0,0,660,0,808,OPTIMAL=100,interval_proves_cutoff=660;lower_skipped_by_nonpositive_upper=808
178,2,lp,upper,1568,103,0.14820020300000003,0.13265728950500488,1829,0,0,103,0,0,0,805,660,0,OPTIMAL=103,interval_proves_cutoff=805;upper_skipped_by_nonnegative_interval_lower=660
178,3,lp,lower,100,0,0.0,0.0,0,0,0,0,0,0,0,9,0,91,,interval_proves_cutoff=9;lower_skipped_by_nonpositive_upper=91
178,3,lp,upper,100,0,0.0,0.0,0,0,0,0,0,0,0,91,9,0,,interval_proves_cutoff=91;upper_skipped_by_nonnegative_interval_lower=9
179,0,lp,lower,9,9,0.035471601000000005,0.0345304012298584,918,0,0,9,0,0,0,0,0,0,OPTIMAL=9,
179,0,lp,upper,9,9,0.036504203,0.03552961349487305,920,0,0,9,0,0,0,0,0,0,OPTIMAL=9,
179,1,interval_arithmetic,lower,3136,0,0.0,0.0,0,0,0,0,0,856,0,0,0,2280,,interval_arithmetic=856;lower_skipped_by_nonpositive_upper=2280
179,1,interval_arithmetic,upper,3136,0,0.0,0.0,0,0,0,0,0,3136,0,0,0,0,,interval_arithmetic=3136
179,2,lp,lower,1568,62,0.067070705,0.06347250938415527,957,0,0,62,0,0,0,634,0,872,OPTIMAL=62,interval_proves_cutoff=634;lower_skipped_by_nonpositive_upper=872
179,2,lp,upper,1568,65,0.09055020599999998,0.0790107250213623,1182,0,0,65,0,0,0,869,634,0,OPTIMAL=65,interval_proves_cutoff=869;upper_skipped_by_nonnegative_interval_lower=634
179,3,lp,lower,100,0,0.0,0.0,0,0,0,0,0,0,0,8,0,92,,interval_proves_cutoff=8;lower_skipped_by_nonpositive_upper=92
179,3,lp,upper,100,1,0.0042115,0.004069328308105469,144,0,0,1,0,0,0,91,8,0,OPTIMAL=1,interval_proves_cutoff=91;upper_skipped_by_nonnegative_interval_lower=8
180,0,lp,lower,9,9,0.044842002000000006,0.04374527931213379,1180,0,0,9,0,0,0,0,0,0,OPTIMAL=9,
180,0,lp,upper,9,9,0.056181706000000005,0.05479311943054199,1256,0,0,9,0,0,0,0,0,0,OPTIMAL=9,
180,1,interval_arithmetic,lower,3136,0,0.0,0.0,0,0,0,0,0,953,0,0,0,2183,,interval_arithmetic=953;lower_skipped_by_nonpositive_upper=2183
180,1,interval_arithmetic,upper,3136,0,0.0,0.0,0,0,0,0,0,3136,0,0,0,0,,interval_arithmetic=3136
180,2,lp,lower,1568,84,0.114483607,0.10727834701538086,1388,0,0,84,0,0,0,683,0,801,OPTIMAL=84,interval_proves_cutoff=683;lower_skipped_by_nonpositive_upper=801
180,2,lp,upper,1568,88,0.16570940899999997,0.1481320858001709,1629,0,0,88,0,0,0,797,683,0,OPTIMAL=88,interval_proves_cutoff=797;upper_skipped_by_nonnegative_interval_lower=683
180,3,lp,lower,100,0,0.0,0.0,0,0,0,0,0,0,0,9,0,91,,interval_proves_cutoff=9;lower_skipped_by_nonpositive_upper=91
180,3,lp,upper,100,0,0.0,0.0,0,0,0,0,0,0,0,91,9,0,,interval_proves_cutoff=91;upper_skipped_by_nonnegative_interval_lower=9
181,0,lp,lower,9,9,0.024130502,0.02336907386779785,643,0,0,9,0,0,0,0,0,0,OPTIMAL=9,
181,0,lp,upper,9,9,0.034430804,0.033440589904785156,637,0,0,9,0,0,0,0,0,0,OPTIMAL=9,
181,1,interval_arithmetic,lower,3136,0,0.0,0.0,0,0,0,0,0,847,0,0,0,2289,,interval_arithmetic=847;lower_skipped_by_nonpositive_upper=2289
181,1,interval_arithmetic,upper,3136,0,0.0,0.0,0,0,0,0,0,3136,0,0,0,0,,interval_arithmetic=3136
181,2,lp,lower,1568,57,0.08554560800000001,0.07994842529296875,365,0,0,57,0,0,0,640,0,871,OPTIMAL=57,interval_proves_cutoff=640;lower_skipped_by_nonpositive_upper=871
181,2,lp,upper,1568,59,0.08321090600000002,0.0723428726196289,398,0,0,59,0,0,0,869,640,0,OPTIMAL=59,interval_proves_cutoff=869;upper_skipped_by_nonnegative_interval_lower=640
181,3,lp,lower,100,1,0.005111801,0.004965543746948242,129,0,0,1,0,0,0,8,0,91,OPTIMAL=1,interval_proves_cutoff=8;lower_skipped_by_nonpositive_upper=91
181,3,lp,upper,100,1,0.004651,0.0044863224029541016,116,0,0,1,0,0,0,91,8,0,OPTIMAL=1,interval_proves_cutoff=91;upper_skipped_by_nonnegative_interval_lower=8
182,0,lp,lower,9,9,0.059255705,0.05827212333679199,1340,0,0,9,0,0,0,0,0,0,OPTIMAL=9,
182,0,lp,upper,9,9,0.056201602999999996,0.05517268180847168,1131,0,0,9,0,0,0,0,0,0,OPTIMAL=9,
182,1,interval_arithmetic,lower,3136,0,0.0,0.0,0,0,0,0,0,934,0,0,0,2202,,interval_arithmetic=934;lower_skipped_by_nonpositive_upper=2202
182,1,interval_arithmetic,upper,3136,0,0.0,0.0,0,0,0,0,0,3136,0,0,0,0,,interval_arithmetic=3136
182,2,lp,lower,1568,93,0.10452740799999997,0.09769535064697266,1424,0,0,93,0,0,0,672,0,803,OPTIMAL=93,interval_proves_cutoff=672;lower_skipped_by_nonpositive_upper=803
182,2,lp,upper,1568,105,0.13341871100000002,0.11856365203857422,1747,0,0,105,0,0,0,791,672,0,OPTIMAL=105,interval_proves_cutoff=791;upper_skipped_by_nonnegative_interval_lower=672
182,3,lp,lower,100,1,0.007798001,0.0076677799224853516,239,0,0,1,0,0,0,8,0,91,OPTIMAL=1,interval_proves_cutoff=8;lower_skipped_by_nonpositive_upper=91
182,3,lp,upper,100,1,0.006035601,0.005926609039306641,195,0,0,1,0,0,0,91,8,0,OPTIMAL=1,interval_proves_cutoff=91;upper_skipped_by_nonnegative_interval_lower=8
183,0,lp,lower,9,9,0.038691802,0.03770613670349121,1005,0,0,9,0,0,0,0,0,0,OPTIMAL=9,
183,0,lp,upper,9,9,0.044601704000000006,0.043320655822753906,1113,0,0,9,0,0,0,0,0,0,OPTIMAL=9,
183,1,interval_arithmetic,lower,3136,0,0.0,0.0,0,0,0,0,0,881,0,0,0,2255,,interval_arithmetic=881;lower_skipped_by_nonpositive_upper=2255
183,1,interval_arithmetic,upper,3136,0,0.0,0.0,0,0,0,0,0,3136,0,0,0,0,,interval_arithmetic=3136
183,2,lp,lower,1568,77,0.075593508,0.0707845687866211,1039,0,0,77,0,0,0,652,0,839,OPTIMAL=77,interval_proves_cutoff=652;lower_skipped_by_nonpositive_upper=839
183,2,lp,upper,1568,78,0.09606770800000004,0.08370685577392578,1195,0,0,78,0,0,0,838,652,0,OPTIMAL=78,interval_proves_cutoff=838;upper_skipped_by_nonnegative_interval_lower=652
183,3,lp,lower,100,0,0.0,0.0,0,0,0,0,0,0,0,9,0,91,,interval_proves_cutoff=9;lower_skipped_by_nonpositive_upper=91
183,3,lp,upper,100,0,0.0,0.0,0,0,0,0,0,0,0,91,9,0,,interval_proves_cutoff=91;upper_skipped_by_nonnegative_interval_lower=9
184,0,lp,lower,9,9,0.039472258,0.03825259208679199,996,0,0,9,0,0,0,0,0,0,OPTIMAL=9,
184,0,lp,upper,9,9,0.034788964,0.03366351127624512,1023,0,0,9,0,0,0,0,0,0,OPTIMAL=9,
184,1,interval_arithmetic,lower,3136,0,0.0,0.0,0,0,0,0,0,948,0,0,0,2188,,interval_arithmetic=948;lower_skipped_by_nonpositive_upper=2188
184,1,interval_arithmetic,upper,3136,0,0.0,0.0,0,0,0,0,0,3136,0,0,0,0,,interval_arithmetic=3136
184,2,lp,lower,1568,74,0.08065140999999998,0.07676172256469727,482,0,0,74,0,0,0,716,0,778,OPTIMAL=74,interval_proves_cutoff=716;lower_skipped_by_nonpositive_upper=778
184,2,lp,upper,1568,77,0.108874609,0.09634828567504883,579,0,0,77,0,0,0,775,716,0,OPTIMAL=77,interval_proves_cutoff=775;upper_skipped_by_nonnegative_interval_lower=716
184,3,lp,lower,100,0,0.0,0.0,0,0,0,0,0,0,0,8,0,92,,interval_proves_cutoff=8;lower_skipped_by_nonpositive_upper=92
184,3,lp,upper,100,0,0.0,0.0,0,0,0,0,0,0,0,92,8,0,,interval_proves_cutoff=92;upper_skipped_by_nonnegative_interval_lower=8
185,0,lp,lower,9,9,0.08656161000000001,0.08552122116088867,1679,0,0,9,0,0,0,0,0,0,OPTIMAL=9,
185,0,lp,upper,9,9,0.10639678799999999,0.10503411293029785,1801,0,0,9,0,0,0,0,0,0,OPTIMAL=9,
185,1,interval_arithmetic,lower,3136,0,0.0,0.0,0,0,0,0,0,928,0,0,0,2208,,interval_arithmetic=928;lower_skipped_by_nonpositive_upper=2208
185,1,interval_arithmetic,upper,3136,0,0.0,0.0,0,0,0,0,0,3136,0,0,0,0,,interval_arithmetic=3136
185,2,lp,lower,1568,112,0.15949582799999998,0.15033745765686035,1928,0,0,112,0,0,0,670,0,786,OPTIMAL=112,interval_proves_cutoff=670;lower_skipped_by_nonpositive_upper=786
185,2,lp,upper,1568,120,0.181917001,0.16621923446655273,2182,0,0,120,0,0,0,778,670,0,OPTIMAL=120,interval_proves_cutoff=778;upper_skipped_by_nonnegative_interval_lower=670
185,3,lp,lower,100,1,0.00973119,0.00962519645690918,318,0,0,1,0,0,0,8,0,91,OPTIMAL=1,interval_proves_cutoff=8;lower_skipped_by_nonpositive_upper=91
185,3,lp,upper,100,1,0.007259492,0.007139444351196289,249,0,0,1,0,0,0,91,8,0,OPTIMAL=1,interval_proves_cutoff=91;upper_skipped_by_nonnegative_interval_lower=8
186,0,lp,lower,9,9,0.044534909,0.04361224174499512,1235,0,0,9,0,0,0,0,0,0,OPTIMAL=9,
186,0,lp,upper,9,9,0.05521521099999999,0.05427432060241699,1333,0,0,9,0,0,0,0,0,0,OPTIMAL=9,
186,1,interval_arithmetic,lower,3136,0,0.0,0.0,0,0,0,0,0,910,0,0,0,2226,,interval_arithmetic=910;lower_skipped_by_nonpositive_upper=2226
186,1,interval_arithmetic,upper,3136,0,0.0,0.0,0,0,0,0,0,3136,0,0,0,0,,interval_arithmetic=3136
186,2,lp,lower,1568,91,0.118741995,0.11151838302612305,1649,0,0,91,0,0,0,641,0,836,OPTIMAL=91,interval_proves_cutoff=641;lower_skipped_by_nonpositive_upper=836
186,2,lp,upper,1568,106,0.15633983799999998,0.13841843605041504,1973,0,0,106,0,0,0,821,641,0,OPTIMAL=106,interval_proves_cutoff=821;upper_skipped_by_nonnegative_interval_lower=641
186,3,lp,lower,100,3,0.023003704,0.02266860008239746,433,0,0,3,0,0,0,6,0,91,OPTIMAL=3,interval_proves_cutoff=6;lower_skipped_by_nonpositive_upper=91
186,3,lp,upper,100,3,0.017796204,0.017443180084228516,473,0,0,3,0,0,0,91,6,0,OPTIMAL=3,interval_proves_cutoff=91;upper_skipped_by_nonnegative_interval_lower=6
187,0,lp,lower,9,9,0.058329211000000006,0.05733609199523926,1355,0,0,9,0,0,0,0,0,0,OPTIMAL=9,
187,0,lp,upper,9,9,0.07511621599999999,0.07406306266784668,1459,0,0,9,0,0,0,0,0,0,OPTIMAL=9,
187,1,interval_arithmetic,lower,3136,0,0.0,0.0,0,0,0,0,0,957,0,0,0,2179,,interval_arithmetic=957;lower_skipped_by_nonpositive_upper=2179
187,1,interval_arithmetic,upper,3136,0,0.0,0.0,0,0,0,0,0,3136,0,0,0,0,,interval_arithmetic=3136
187,2,lp,lower,1568,85,0.11309731999999997,0.10576057434082031,814,0,0,85,0,0,0,688,0,795,OPTIMAL=85,interval_proves_cutoff=688;lower_skipped_by_nonpositive_upper=795
187,2,lp,upper,1568,86,0.116246616,0.10485458374023438,917,0,0,86,0,0,0,794,688,0,OPTIMAL=86,interval_proves_cutoff=794;upper_skipped_by_nonnegative_interval_lower=688
187,3,lp,lower,100,2,0.010063202,0.00984644889831543,263,0,0,2,0,0,0,7,0,91,OPTIMAL=2,interval_proves_cutoff=7;lower_skipped_by_nonpositive_upper=91
187,3,lp,upper,100,2,0.012026901999999999,0.011752605438232422,310,0,0,2,0,0,0,91,7,0,OPTIMAL=2,interval_proves_cutoff=91;upper_skipped_by_nonnegative_interval_lower=7
188,0,lp,lower,9,9,0.058118908000000004,0.05705690383911133,1457,0,0,9,0,0,0,0,0,0,OPTIMAL=9,
188,0,lp,upper,9,9,0.05145451299999999,0.05039620399475098,1337,0,0,9,0,0,0,0,0,0,OPTIMAL=9,
188,1,interval_arithmetic,lower,3136,0,0.0,0.0,0,0,0,0,0,933,0,0,0,2203,,interval_arithmetic=933;lower_skipped_by_nonpositive_upper=2203
188,1,interval_arithmetic,upper,3136,0,0.0,0.0,0,0,0,0,0,3136,0,0,0,0,,interval_arithmetic=3136
188,2,lp,lower,1568,88,0.12144662100000002,0.11568236351013184,1326,0,0,88,0,0,0,692,0,788,OPTIMAL=88,interval_proves_cutoff=692;lower_skipped_by_nonpositive_upper=788
188,2,lp,upper,1568,100,0.144727732,0.13166379928588867,1526,0,0,100,0,0,0,776,692,0,OPTIMAL=100,interval_proves_cutoff=776;upper_skipped_by_nonnegative_interval_lower=692
188,3,lp,lower,100,1,0.006011501,0.005883455276489258,259,0,0,1,0,0,0,8,0,91,OPTIMAL=1,interval_proves_cutoff=8;lower_skipped_by_nonpositive_upper=91
188,3,lp,upper,100,1,0.007210601,0.007081747055053711,224,0,0,1,0,0,0,91,8,0,OPTIMAL=1,interval_proves_cutoff=91;upper_skipped_by_nonnegative_interval_lower=8
189,0,lp,lower,9,9,0.051404405,0.0504908561706543,1386,0,0,9,0,0,0,0,0,0,OPTIMAL=9,
189,0,lp,upper,9,9,0.057207205000000004,0.05623340606689453,1439,0,0,9,0,0,0,0,0,0,OPTIMAL=9,
189,1,interval_arithmetic,lower,3136,0,0.0,0.0,0,0,0,0,0,961,0,0,0,2175,,interval_arithmetic=961;lower_skipped_by_nonpositive_upper=2175
189,1,interval_arithmetic,upper,3136,0,0.0,0.0,0,0,0,0,0,3136,0,0,0,0,,interval_arithmetic=3136
189,2,lp,lower,1568,73,0.102659021,0.09753251075744629,1143,0,0,73,0,0,0,695,0,800,OPTIMAL=73,interval_proves_cutoff=695;lower_skipped_by_nonpositive_upper=800
189,2,lp,upper,1568,81,0.14304432599999994,0.12255692481994629,1290,0,0,81,0,0,0,792,695,0,OPTIMAL=81,interval_proves_cutoff=792;upper_skipped_by_nonnegative_interval_lower=695
189,3,lp,lower,100,1,0.004569601,0.004450798034667969,211,0,0,1,0,0,0,8,0,91,OPTIMAL=1,interval_proves_cutoff=8;lower_skipped_by_nonpositive_upper=91
189,3,lp,upper,100,1,0.004024,0.0038824081420898438,165,0,0,1,0,0,0,91,8,0,OPTIMAL=1,interval_proves_cutoff=91;upper_skipped_by_nonnegative_interval_lower=8
190,0,lp,lower,9,9,0.038606502,0.03768205642700195,933,0,0,9,0,0,0,0,0,0,OPTIMAL=9,
190,0,lp,upper,9,9,0.044802405000000003,0.0438227653503418,1113,0,0,9,0,0,0,0,0,0,OPTIMAL=9,
190,1,interval_arithmetic,lower,3136,0,0.0,0.0,0,0,0,0,0,841,0,0,0,2295,,interval_arithmetic=841;lower_skipped_by_nonpositive_upper=2295
190,1,interval_arithmetic,upper,3136,0,0.0,0.0,0,0,0,0,0,3136,0,0,0,0,,interval_arithmetic=3136
190,2,lp,lower,1568,69,0.07916610699999999,0.0745856761932373,892,0,0,69,0,0,0,628,0,871,OPTIMAL=69,interval_proves_cutoff=628;lower_skipped_by_nonpositive_upper=871
190,2,lp,upper,1568,70,0.08709901000000002,0.07468438148498535,955,0,0,70,0,0,0,870,628,0,OPTIMAL=70,interval_proves_cutoff=870;upper_skipped_by_nonnegative_interval_lower=628
190,3,lp,lower,100,0,0.0,0.0,0,0,0,0,0,0,0,9,0,91,,interval_proves_cutoff=9;lower_skipped_by_nonpositive_upper=91
190,3,lp,upper,100,0,0.0,0.0,0,0,0,0,0,0,0,91,9,0,,interval_proves_cutoff=91;upper_skipped_by_nonnegative_interval_lower=9
191,0,lp,lower,9,9,0.028781504,0.027840852737426758,735,0,0,9,0,0,0,0,0,0,OPTIMAL=9,
191,0,lp,upper,9,9,0.025102702,0.024286985397338867,718,0,0,9,0,0,0,0,0,0,OPTIMAL=9,
191,1,interval_arithmetic,lower,3136,0,0.0,0.0,0,0,0,0,0,882,0,0,0,2254,,interval_arithmetic=882;lower_skipped_by_nonpositive_upper=2254
191,1,interval_arithmetic,upper,3136,0,0.0,0.0,0,0,0,0,0,3136,0,0,0,0,,interval_arithmetic=3136
191,2,lp,lower,1568,49,0.04444130400000003,0.04208803176879883,440,0,0,49,0,0,0,648,0,871,OPTIMAL=49,interval_proves_cutoff=648;lower_skipped_by_nonpositive_upper=871
191,2,lp,upper,1568,54,0.061826904999999995,0.053090810775756836,653,0,0,54,0,0,0,866,648,0,OPTIMAL=54,interval_proves_cutoff=866;upper_skipped_by_nonnegative_interval_lower=648
191,3,lp,lower,100,2,0.005062301,0.004882097244262695,140,0,0,2,0,0,0,7,0,91,OPTIMAL=2,interval_proves_cutoff=7;lower_skipped_by_nonpositive_upper=91
191,3,lp,upper,100,2,0.005278201,0.005071878433227539,204,0,0,2,0,0,0,91,7,0,OPTIMAL=2,interval_proves_cutoff=91;upper_skipped_by_nonnegative_interval_lower=7
192,0,lp,lower,9,9,0.024872902,0.023988008499145508,738,0,0,9,0,0,0,0,0,0,OPTIMAL=9,
192,0,lp,upper,9,9,0.028608002999999996,0.027628183364868164,823,0,0,9,0,0,0,0,0,0,OPTIMAL=9,
192,1,interval_arithmetic,lower,3136,0,0.0,0.0,0,0,0,0,0,847,0,0,0,2289,,interval_arithmetic=847;lower_skipped_by_nonpositive_upper=2289
192,1,interval_arithmetic,upper,3136,0,0.0,0.0,0,0,0,0,0,3136,0,0,0,0,,interval_arithmetic=3136
192,2,lp,lower,1568,64,0.06640350600000003,0.0617523193359375,409,0,0,64,0,0,0,623,0,881,OPTIMAL=64,interval_proves_cutoff=623;lower_skipped_by_nonpositive_upper=881
192,2,lp,upper,1568,65,0.06617760500000004,0.05609250068664551,487,0,0,65,0,0,0,880,623,0,OPTIMAL=65,interval_proves_cutoff=880;upper_skipped_by_nonnegative_interval_lower=623
192,3,lp,lower,100,0,0.0,0.0,0,0,0,0,0,0,0,9,0,91,,interval_proves_cutoff=9;lower_skipped_by_nonpositive_upper=91
192,3,lp,upper,100,0,0.0,0.0,0,0,0,0,0,0,0,91,9,0,,interval_proves_cutoff=91;upper_skipped_by_nonnegative_interval_lower=9
193,0,lp,lower,9,9,0.039880603,0.03890204429626465,1360,0,0,9,0,0,0,0,0,0,OPTIMAL=9,
193,0,lp,upper,9,9,0.049266206,0.048079490661621094,1486,0,0,9,0,0,0,0,0,0,OPTIMAL=9,
193,1,interval_arithmetic,lower,3136,0,0.0,0.0,0,0,0,0,0,950,0,0,0,2186,,interval_arithmetic=950;lower_skipped_by_nonpositive_upper=2186
193,1,interval_arithmetic,upper,3136,0,0.0,0.0,0,0,0,0,0,3136,0,0,0,0,,interval_arithmetic=3136
193,2,lp,lower,1568,87,0.11873101599999998,0.11025166511535645,1224,0,0,87,0,0,0,679,0,802,OPTIMAL=87,interval_proves_cutoff=679;lower_skipped_by_nonpositive_upper=802
193,2,lp,upper,1568,92,0.12870941400000002,0.11409640312194824,1498,0,0,92,0,0,0,797,679,0,OPTIMAL=92,interval_proves_cutoff=797;upper_skipped_by_nonnegative_interval_lower=679
193,3,lp,lower,100,0,0.0,0.0,0,0,0,0,0,0,0,9,0,91,,interval_proves_cutoff=9;lower_skipped_by_nonpositive_upper=91
193,3,lp,upper,100,0,0.0,0.0,0,0,0,0,0,0,0,91,9,0,,interval_proves_cutoff=91;upper_skipped_by_nonnegative_interval_lower=9
194,0,lp,lower,9,9,0.103102112,0.10200166702270508,1820,0,0,9,0,0,0,0,0,0,OPTIMAL=9,
194,0,lp,upper,9,9,0.10276011100000002,0.10161304473876953,1756,0,0,9,0,0,0,0,0,0,OPTIMAL=9,
194,1,interval_arithmetic,lower,3136,0,0.0,0.0,0,0,0,0,0,907,0,0,0,2229,,interval_arithmetic=907;lower_skipped_by_nonpositive_upper=2229
194,1,interval_arithmetic,upper,3136,0,0.0,0.0,0,0,0,0,0,3136,0,0,0,0,,interval_arithmetic=3136
194,2,lp,lower,1568,121,0.12541751400000006,0.1191861629486084,2009,0,0,121,0,0,0,629,0,818,OPTIMAL=121,interval_proves_cutoff=629;lower_skipped_by_nonpositive_upper=818
194,2,lp,upper,1568,125,0.13902581800000005,0.12529563903808594,2258,0,0,125,0,0,0,814,629,0,OPTIMAL=125,interval_proves_cutoff=814;upper_skipped_by_nonnegative_interval_lower=629
194,3,lp,lower,100,1,0.016372102,0.01624751091003418,369,0,0,1,0,0,0,8,0,91,OPTIMAL=1,interval_proves_cutoff=8;lower_skipped_by_nonpositive_upper=91
194,3,lp,upper,100,1,0.010537601,0.010136842727661133,271,0,0,1,0,0,0,91,8,0,OPTIMAL=1,interval_proves_cutoff=91;upper_skipped_by_nonnegative_interval_lower=8
195,0,lp,lower,9,9,0.116906986,0.11583328247070312,2010,0,0,9,0,0,0,0,0,0,OPTIMAL=9,
195,0,lp,upper,9,9,0.10317538700000001,0.10214376449584961,2039,0,0,9,0,0,0,0,0,0,OPTIMAL=9,
195,1,interval_arithmetic,lower,3136,0,0.0,0.0,0,0,0,0,0,949,0,0,0,2187,,interval_arithmetic=949;lower_skipped_by_nonpositive_upper=2187
195,1,interval_arithmetic,upper,3136,0,0.0,0.0,0,0,0,0,0,3136,0,0,0,0,,interval_arithmetic=3136
195,2,lp,lower,1568,114,0.145147414,0.13836073875427246,1803,0,0,114,0,0,0,659,0,795,OPTIMAL=114,interval_proves_cutoff=659;lower_skipped_by_nonpositive_upper=795
195,2,lp,upper,1568,123,0.17879081699999996,0.161881685256958,1978,0,0,123,0,0,0,786,659,0,OPTIMAL=123,interval_proves_cutoff=786;upper_skipped_by_nonnegative_interval_lower=659
195,3,lp,lower,100,1,0.011322599,0.010987281799316406,311,0,0,1,0,0,0,8,0,91,OPTIMAL=1,interval_proves_cutoff=8;lower_skipped_by_nonpositive_upper=91
195,3,lp,upper,100,1,0.007696799,0.007570743560791016,247,0,0,1,0,0,0,91,8,0,OPTIMAL=1,interval_proves_cutoff=91;upper_skipped_by_nonnegative_interval_lower=8
196,0,lp,lower,9,9,0.061417092000000006,0.060424089431762695,1495,0,0,9,0,0,0,0,0,0,OPTIMAL=9,
196,0,lp,upper,9,9,0.065350891,0.06408429145812988,1513,0,0,9,0,0,0,0,0,0,OPTIMAL=9,
196,1,interval_arithmetic,lower,3136,0,0.0,0.0,0,0,0,0,0,865,0,0,0,2271,,interval_arithmetic=865;lower_skipped_by_nonpositive_upper=2271
196,1,interval_arithmetic,upper,3136,0,0.0,0.0,0,0,0,0,0,3136,0,0,0,0,,interval_arithmetic=3136
196,2,lp,lower,1568,89,0.10577018699999996,0.09915757179260254,1626,0,0,89,0,0,0,623,0,856,OPTIMAL=89,interval_proves_cutoff=623;lower_skipped_by_nonpositive_upper=856
196,2,lp,upper,1568,97,0.12525208600000007,0.11151504516601562,1834,0,0,97,0,0,0,848,623,0,OPTIMAL=97,interval_proves_cutoff=848;upper_skipped_by_nonnegative_interval_lower=623
196,3,lp,lower,100,0,0.0,0.0,0,0,0,0,0,0,0,9,0,91,,interval_proves_cutoff=9;lower_skipped_by_nonpositive_upper=91
196,3,lp,upper,100,0,0.0,0.0,0,0,0,0,0,0,0,91,9,0,,interval_proves_cutoff=91;upper_skipped_by_nonnegative_interval_lower=9
197,0,lp,lower,9,9,0.028688495999999997,0.027854442596435547,793,0,0,9,0,0,0,0,0,0,OPTIMAL=9,
197,0,lp,upper,9,9,0.026578998000000003,0.025816679000854492,813,0,0,9,0,0,0,0,0,0,OPTIMAL=9,
197,1,interval_arithmetic,lower,3136,0,0.0,0.0,0,0,0,0,0,869,0,0,0,2267,,interval_arithmetic=869;lower_skipped_by_nonpositive_upper=2267
197,1,interval_arithmetic,upper,3136,0,0.0,0.0,0,0,0,0,0,3136,0,0,0,0,,interval_arithmetic=3136
197,2,lp,lower,1568,63,0.07091969299999998,0.0677039623260498,432,0,0,63,0,0,0,640,0,865,OPTIMAL=63,interval_proves_cutoff=640;lower_skipped_by_nonpositive_upper=865
197,2,lp,upper,1568,64,0.07344259099999999,0.06371021270751953,641,0,0,64,0,0,0,864,640,0,OPTIMAL=64,interval_proves_cutoff=864;upper_skipped_by_nonnegative_interval_lower=640
197,3,lp,lower,100,0,0.0,0.0,0,0,0,0,0,0,0,8,0,92,,interval_proves_cutoff=8;lower_skipped_by_nonpositive_upper=92
197,3,lp,upper,100,0,0.0,0.0,0,0,0,0,0,0,0,92,8,0,,interval_proves_cutoff=92;upper_skipped_by_nonnegative_interval_lower=8
198,0,lp,lower,9,9,0.020601798,0.019794225692749023,612,0,0,9,0,0,0,0,0,0,OPTIMAL=9,
198,0,lp,upper,9,9,0.022845598,0.021925926208496094,616,0,0,9,0,0,0,0,0,0,OPTIMAL=9,
198,1,interval_arithmetic,lower,3136,0,0.0,0.0,0,0,0,0,0,906,0,0,0,2230,,interval_arithmetic=906;lower_skipped_by_nonpositive_upper=2230
198,1,interval_arithmetic,upper,3136,0,0.0,0.0,0,0,0,0,0,3136,0,0,0,0,,interval_arithmetic=3136
198,2,lp,lower,1568,44,0.046791894999999986,0.0442347526550293,189,0,0,44,0,0,0,680,0,844,OPTIMAL=44,interval_proves_cutoff=680;lower_skipped_by_nonpositive_upper=844
198,2,lp,upper,1568,46,0.058274193999999994,0.049027442932128906,253,0,0,46,0,0,0,842,680,0,OPTIMAL=46,interval_proves_cutoff=842;upper_skipped_by_nonnegative_interval_lower=680
198,3,lp,lower,100,0,0.0,0.0,0,0,0,0,0,0,0,8,0,92,,interval_proves_cutoff=8;lower_skipped_by_nonpositive_upper=92
198,3,lp,upper,100,0,0.0,0.0,0,0,0,0,0,0,0,92,8,0,,interval_proves_cutoff=92;upper_skipped_by_nonnegative_interval_lower=8
199,0,lp,lower,9,9,0.050215495,0.04941678047180176,1256,0,0,9,0,0,0,0,0,0,OPTIMAL=9,
199,0,lp,upper,9,9,0.050394693,0.04959845542907715,1189,0,0,9,0,0,0,0,0,0,OPTIMAL=9,
199,1,interval_arithmetic,lower,3136,0,0.0,0.0,0,0,0,0,0,890,0,0,0,2246,,interval_arithmetic=890;lower_skipped_by_nonpositive_upper=2246
199,1,interval_arithmetic,upper,3136,0,0.0,0.0,0,0,0,0,0,3136,0,0,0,0,,interval_arithmetic=3136
199,2,lp,lower,1568,80,0.09382679200000002,0.08890271186828613,1192,0,0,80,0,0,0,641,0,847,OPTIMAL=80,interval_proves_cutoff=641;lower_skipped_by_nonpositive_upper=847
199,2,lp,upper,1568,94,0.120241785,0.10814595222473145,1547,0,0,94,0,0,0,833,641,0,OPTIMAL=94,interval_proves_cutoff=833;upper_skipped_by_nonnegative_interval_lower=641
199,3,lp,lower,100,1,0.0062832,0.006197452545166016,246,0,0,1,0,0,0,8,0,91,OPTIMAL=1,interval_proves_cutoff=8;lower_skipped_by_nonpositive_upper=91
199,3,lp,upper,100,1,0.0047696,0.004656076431274414,193,0,0,1,0,0,0,91,8,0,OPTIMAL=1,interval_proves_cutoff=91;upper_skipped_by_nonnegative_interval_lower=8
200,0,lp,lower,9,9,0.057592810999999994,0.05672144889831543,1393,0,0,9,0,0,0,0,0,0,OPTIMAL=9,
200,0,lp,upper,9,9,0.056315200999999995,0.05530285835266113,1331,0,0,9,0,0,0,0,0,0,OPTIMAL=9,
200,1,interval_arithmetic,lower,3136,0,0.0,0.0,0,0,0,0,0,949,0,0,0,2187,,interval_arithmetic=949;lower_skipped_by_nonpositive_upper=2187
200,1,interval_arithmetic,upper,3136,0,0.0,0.0,0,0,0,0,0,3136,0,0,0,0,,interval_arithmetic=3136
200,2,lp,lower,1568,67,0.08250469000000002,0.07761979103088379,647,0,0,67,0,0,0,673,0,828,OPTIMAL=67,interval_proves_cutoff=673;lower_skipped_by_nonpositive_upper=828
200,2,lp,upper,1568,67,0.10266868899999998,0.09063243865966797,735,0,0,67,0,0,0,828,673,0,OPTIMAL=67,interval_proves_cutoff=828;upper_skipped_by_nonnegative_interval_lower=673
200,3,lp,lower,100,2,0.005776999,0.005578041076660156,217,0,0,2,0,0,0,7,0,91,OPTIMAL=2,interval_proves_cutoff=7;lower_skipped_by_nonpositive_upper=91
200,3,lp,upper,100,2,0.007165299,0.006929636001586914,258,0,0,2,0,0,0,91,7,0,OPTIMAL=2,interval_proves_cutoff=91;upper_skipped_by_nonnegative_interval_lower=7
201,0,lp,lower,9,9,0.042891906,0.041821956634521484,1218,0,0,9,0,0,0,0,0,0,OPTIMAL=9,
201,0,lp,upper,9,9,0.036662206999999995,0.03577399253845215,1156,0,0,9,0,0,0,0,0,0,OPTIMAL=9,
201,1,interval_arithmetic,lower,3136,0,0.0,0.0,0,0,0,0,0,1004,0,0,0,2132,,interval_arithmetic=1004;lower_skipped_by_nonpositive_upper=2132
201,1,interval_arithmetic,upper,3136,0,0.0,0.0,0,0,0,0,0,3136,0,0,0,0,,interval_arithmetic=3136
201,2,lp,lower,1568,78,0.089022214,0.08493995666503906,1079,0,0,78,0,0,0,706,0,784,OPTIMAL=78,interval_proves_cutoff=706;lower_skipped_by_nonpositive_upper=784
201,2,lp,upper,1568,81,0.106951017,0.09379816055297852,1152,0,0,81,0,0,0,781,706,0,OPTIMAL=81,interval_proves_cutoff=781;upper_skipped_by_nonnegative_interval_lower=706
201,3,lp,lower,100,1,0.005329801,0.005241870880126953,243,0,0,1,0,0,0,8,0,91,OPTIMAL=1,interval_proves_cutoff=8;lower_skipped_by_nonpositive_upper=91
201,3,lp,upper,100,1,0.004815701,0.00469970703125,185,0,0,1,0,0,0,91,8,0,OPTIMAL=1,interval_proves_cutoff=91;upper_skipped_by_nonnegative_interval_lower=8
202,0,lp,lower,9,9,0.072128638,0.0709233283996582,1579,0,0,9,0,0,0,0,0,0,OPTIMAL=9,
202,0,lp,upper,9,9,0.072076138,0.07100629806518555,1715,0,0,9,0,0,0,0,0,0,OPTIMAL=9,
202,1,interval_arithmetic,lower,3136,0,0.0,0.0,0,0,0,0,0,944,0,0,0,2192,,interval_arithmetic=944;lower_skipped_by_nonpositive_upper=2192
202,1,interval_arithmetic,upper,3136,0,0.0,0.0,0,0,0,0,0,3136,0,0,0,0,,interval_arithmetic=3136
202,2,lp,lower,1568,106,0.13006909199999994,0.12195658683776855,1474,0,0,106,0,0,0,668,0,794,OPTIMAL=106,interval_proves_cutoff=668;lower_skipped_by_nonpositive_upper=794
202,2,lp,upper,1568,114,0.156735985,0.14099621772766113,1631,0,0,114,0,0,0,786,668,0,OPTIMAL=114,interval_proves_cutoff=786;upper_skipped_by_nonnegative_interval_lower=668
202,3,lp,lower,100,1,0.007611994,0.00750422477722168,284,0,0,1,0,0,0,7,0,92,OPTIMAL=1,interval_proves_cutoff=7;lower_skipped_by_nonpositive_upper=92
202,3,lp,upper,100,1,0.006093895,0.005972623825073242,231,0,0,1,0,0,0,92,7,0,OPTIMAL=1,interval_proves_cutoff=92;upper_skipped_by_nonnegative_interval_lower=7
203,0,lp,lower,9,9,0.032564873999999994,0.031713008880615234,887,0,0,9,0,0,0,0,0,0,OPTIMAL=9,
203,0,lp,upper,9,9,0.042837064,0.04195237159729004,902,0,0,9,0,0,0,0,0,0,OPTIMAL=9,
203,1,interval_arithmetic,lower,3136,0,0.0,0.0,0,0,0,0,0,851,0,0,0,2285,,interval_arithmetic=851;lower_skipped_by_nonpositive_upper=2285
203,1,interval_arithmetic,upper,3136,0,0.0,0.0,0,0,0,0,0,3136,0,0,0,0,,interval_arithmetic=3136
203,2,lp,lower,1568,61,0.05406485600000001,0.05163216590881348,365,0,0,61,0,0,0,629,0,878,OPTIMAL=61,interval_proves_cutoff=629;lower_skipped_by_nonpositive_upper=878
203,2,lp,upper,1568,61,0.06413434200000001,0.05559110641479492,416,0,0,61,0,0,0,878,629,0,OPTIMAL=61,interval_proves_cutoff=878;upper_skipped_by_nonnegative_interval_lower=629
203,3,lp,lower,100,2,0.006797793999999999,0.0066127777099609375,183,0,0,2,0,0,0,7,0,91,OPTIMAL=2,interval_proves_cutoff=7;lower_skipped_by_nonpositive_upper=91
203,3,lp,upper,100,2,0.006779393999999999,0.006566762924194336,240,0,0,2,0,0,0,91,7,0,OPTIMAL=2,interval_proves_cutoff=91;upper_skipped_by_nonnegative_interval_lower=7
204,0,lp,lower,9,9,0.0330202,0.03223896026611328,955,0,0,9,0,0,0,0,0,0,OPTIMAL=9,
204,0,lp,upper,9,9,0.04260860500000001,0.04165983200073242,1090,0,0,9,0,0,0,0,0,0,OPTIMAL=9,
204,1,interval_arithmetic,lower,3136,0,0.0,0.0,0,0,0,0,0,838,0,0,0,2298,,interval_arithmetic=838;lower_skipped_by_nonpositive_upper=2298
204,1,interval_arithmetic,upper,3136,0,0.0,0.0,0,0,0,0,0,3136,0,0,0,0,,interval_arithmetic=3136
204,2,lp,lower,1568,90,0.08032787999999999,0.07569432258605957,686,0,0,90,0,0,0,614,0,864,OPTIMAL=90,interval_proves_cutoff=614;lower_skipped_by_nonpositive_upper=864
204,2,lp,upper,1568,92,0.09429562300000004,0.08204460144042969,866,0,0,92,0,0,0,862,614,0,OPTIMAL=92,interval_proves_cutoff=862;upper_skipped_by_nonnegative_interval_lower=614
204,3,lp,lower,100,0,0.0,0.0,0,0,0,0,0,0,0,9,0,91,,interval_proves_cutoff=9;lower_skipped_by_nonpositive_upper=91
204,3,lp,upper,100,0,0.0,0.0,0,0,0,0,0,0,0,91,9,0,,interval_proves_cutoff=91;upper_skipped_by_nonnegative_interval_lower=9
205,0,lp,lower,9,9,0.03601870099999999,0.03509211540222168,879,0,0,9,0,0,0,0,0,0,OPTIMAL=9,
205,0,lp,upper,9,9,0.036307203999999996,0.035431861877441406,898,0,0,9,0,0,0,0,0,0,OPTIMAL=9,
205,1,interval_arithmetic,lower,3136,0,0.0,0.0,0,0,0,0,0,839,0,0,0,2297,,interval_arithmetic=839;lower_skipped_by_nonpositive_upper=2297
205,1,interval_arithmetic,upper,3136,0,0.0,0.0,0,0,0,0,0,3136,0,0,0,0,,interval_arithmetic=3136
205,2,lp,lower,1568,67,0.05742470700000002,0.05477714538574219,746,0,0,67,0,0,0,623,0,878,OPTIMAL=67,interval_proves_cutoff=623;lower_skipped_by_nonpositive_upper=878
205,2,lp,upper,1568,72,0.07716340799999996,0.06756186485290527,993,0,0,72,0,0,0,873,623,0,OPTIMAL=72,interval_proves_cutoff=873;upper_skipped_by_nonnegative_interval_lower=623
205,3,lp,lower,100,1,0.0031084,0.003030061721801758,146,0,0,1,0,0,0,8,0,91,OPTIMAL=1,interval_proves_cutoff=8;lower_skipped_by_nonpositive_upper=91
205,3,lp,upper,100,1,0.0033437,0.0032482147216796875,140,0,0,1,0,0,0,91,8,0,OPTIMAL=1,interval_proves_cutoff=91;upper_skipped_by_nonnegative_interval_lower=8
206,0,lp,lower,9,9,0.041577404,0.04055190086364746,1085,0,0,9,0,0,0,0,0,0,OPTIMAL=9,
206,0,lp,upper,9,9,0.052916708,0.05192375183105469,1178,0,0,9,0,0,0,0,0,0,OPTIMAL=9,
206,1,interval_arithmetic,lower,3136,0,0.0,0.0,0,0,0,0,0,879,0,0,0,2257,,interval_arithmetic=879;lower_skipped_by_nonpositive_upper=2257
206,1,interval_arithmetic,upper,3136,0,0.0,0.0,0,0,0,0,0,3136,0,0,0,0,,interval_arithmetic=3136
206,2,lp,lower,1568,82,0.11558721100000002,0.10879969596862793,1278,0,0,82,0,0,0,656,0,830,OPTIMAL=82,interval_proves_cutoff=656;lower_skipped_by_nonpositive_upper=830
206,2,lp,upper,1568,86,0.14496251599999996,0.13075780868530273,1531,0,0,86,0,0,0,826,656,0,OPTIMAL=86,interval_proves_cutoff=826;upper_skipped_by_nonnegative_interval_lower=656
206,3,lp,lower,100,1,0.007020101,0.006932735443115234,225,0,0,1,0,0,0,7,0,92,OPTIMAL=1,interval_proves_cutoff=7;lower_skipped_by_nonpositive_upper=92
206,3,lp,upper,100,2,0.009678901,0.009491682052612305,328,0,0,2,0,0,0,91,7,0,OPTIMAL=2,interval_proves_cutoff=91;upper_skipped_by_nonnegative_interval_lower=7
207,0,lp,lower,9,9,0.054504407000000005,0.05339455604553223,1310,0,0,9,0,0,0,0,0,0,OPTIMAL=9,
207,0,lp,upper,9,9,0.047585206000000005,0.04651832580566406,1326,0,0,9,0,0,0,0,0,0,OPTIMAL=9,
207,1,interval_arithmetic,lower,3136,0,0.0,0.0,0,0,0,0,0,917,0,0,0,2219,,interval_arithmetic=917;lower_skipped_by_nonpositive_upper=2219
207,1,interval_arithmetic,upper,3136,0,0.0,0.0,0,0,0,0,0,3136,0,0,0,0,,interval_arithmetic=3136
207,2,lp,lower,1568,79,0.099639915,0.09448575973510742,1422,0,0,79,0,0,0,662,0,827,OPTIMAL=79,interval_proves_cutoff=662;lower_skipped_by_nonpositive_upper=827
207,2,lp,upper,1568,81,0.11130761600000001,0.10005664825439453,1579,0,0,81,0,0,0,825,662,0,OPTIMAL=81,interval_proves_cutoff=825;upper_skipped_by_nonnegative_interval_lower=662
207,3,lp,lower,100,0,0.0,0.0,0,0,0,0,0,0,0,9,0,91,,interval_proves_cutoff=9;lower_skipped_by_nonpositive_upper=91
207,3,lp,upper,100,0,0.0,0.0,0,0,0,0,0,0,0,91,9,0,,interval_proves_cutoff=91;upper_skipped_by_nonnegative_interval_lower=9
208,0,lp,lower,9,9,0.068903007,0.06781196594238281,1578,0,0,9,0,0,0,0,0,0,OPTIMAL=9,
208,0,lp,upper,9,9,0.072288907,0.07120442390441895,1520,0,0,9,0,0,0,0,0,0,OPTIMAL=9,
208,1,interval_arithmetic,lower,3136,0,0.0,0.0,0,0,0,0,0,921,0,0,0,2215,,interval_arithmetic=921;lower_skipped_by_nonpositive_upper=2215
208,1,interval_arithmetic,upper,3136,0,0.0,0.0,0,0,0,0,0,3136,0,0,0,0,,interval_arithmetic=3136
208,2,lp,lower,1568,113,0.16302401800000005,0.15314245223999023,1747,0,0,113,0,0,0,670,0,785,OPTIMAL=113,interval_proves_cutoff=670;lower_skipped_by_nonpositive_upper=785
208,2,lp,upper,1568,123,0.18901042200000004,0.17283201217651367,1989,0,0,123,0,0,0,775,670,0,OPTIMAL=123,interval_proves_cutoff=775;upper_skipped_by_nonnegative_interval_lower=670
208,3,lp,lower,100,1,0.009379801,0.009250640869140625,300,0,0,1,0,0,0,8,0,91,OPTIMAL=1,interval_proves_cutoff=8;lower_skipped_by_nonpositive_upper=91
208,3,lp,upper,100,1,0.009010401,0.008840799331665039,269,0,0,1,0,0,0,91,8,0,OPTIMAL=1,interval_proves_cutoff=91;upper_skipped_by_nonnegative_interval_lower=8
209,0,lp,lower,9,9,0.062421906,0.06127810478210449,1509,0,0,9,0,0,0,0,0,0,OPTIMAL=9,
209,0,lp,upper,9,9,0.075434208,0.07432794570922852,1591,0,0,9,0,0,0,0,0,0,OPTIMAL=9,
209,1,interval_arithmetic,lower,3136,0,0.0,0.0,0,0,0,0,0,908,0,0,0,2228,,interval_arithmetic=908;lower_skipped_by_nonpositive_upper=2228
209,1,interval_arithmetic,upper,3136,0,0.0,0.0,0,0,0,0,0,3136,0,0,0,0,,interval_arithmetic=3136
209,2,lp,lower,1568,108,0.14329921700000003,0.13546323776245117,1549,0,0,108,0,0,0,662,0,798,OPTIMAL=108,interval_proves_cutoff=662;lower_skipped_by_nonpositive_upper=798
209,2,lp,upper,1568,111,0.13694721200000007,0.12433147430419922,1576,0,0,111,0,0,0,795,662,0,OPTIMAL=111,interval_proves_cutoff=795;upper_skipped_by_nonnegative_interval_lower=662
209,3,lp,lower,100,1,0.007513401,0.007407426834106445,265,0,0,1,0,0,0,8,0,91,OPTIMAL=1,interval_proves_cutoff=8;lower_skipped_by_nonpositive_upper=91
209,3,lp,upper,100,1,0.007379701,0.007256269454956055,260,0,0,1,0,0,0,91,8,0,OPTIMAL=1,interval_proves_cutoff=91;upper_skipped_by_nonnegative_interval_lower=8
210,0,lp,lower,9,9,0.025809502999999998,0.024883031845092773,808,0,0,9,0,0,0,0,0,0,OPTIMAL=9,
210,0,lp,upper,9,9,0.024786804,0.023934364318847656,788,0,0,9,0,0,0,0,0,0,OPTIMAL=9,
210,1,interval_arithmetic,lower,3136,0,0.0,0.0,0,0,0,0,0,917,0,0,0,2219,,interval_arithmetic=917;lower_skipped_by_nonpositive_upper=2219
210,1,interval_arithmetic,upper,3136,0,0.0,0.0,0,0,0,0,0,3136,0,0,0,0,,interval_arithmetic=3136
210,2,lp,lower,1568,54,0.060001004,0.05679965019226074,453,0,0,54,0,0,0,672,0,842,OPTIMAL=54,interval_proves_cutoff=672;lower_skipped_by_nonpositive_upper=842
210,2,lp,upper,1568,55,0.07919970800000001,0.06624054908752441,595,0,0,55,0,0,0,841,672,0,OPTIMAL=55,interval_proves_cutoff=841;upper_skipped_by_nonnegative_interval_lower=672
210,3,lp,lower,100,0,0.0,0.0,0,0,0,0,0,0,0,8,0,92,,interval_proves_cutoff=8;lower_skipped_by_nonpositive_upper=92
210,3,lp,upper,100,1,0.0030738,0.0029342174530029297,131,0,0,1,0,0,0,91,8,0,OPTIMAL=1,interval_proves_cutoff=91;upper_skipped_by_nonnegative_interval_lower=8
211,0,lp,lower,9,9,0.039165303,0.0380864143371582,1094,0,0,9,0,0,0,0,0,0,OPTIMAL=9,
211,0,lp,upper,9,9,0.038923807,0.03791022300720215,1071,0,0,9,0,0,0,0,0,0,OPTIMAL=9,
211,1,interval_arithmetic,lower,3136,0,0.0,0.0,0,0,0,0,0,894,0,0,0,2242,,interval_arithmetic=894;lower_skipped_by_nonpositive_upper=2242
211,1,interval_arithmetic,upper,3136,0,0.0,0.0,0,0,0,0,0,3136,0,0,0,0,,interval_arithmetic=3136
211,2,lp,lower,1568,80,0.11226640800000007,0.10650277137756348,1276,0,0,80,0,0,0,647,0,841,OPTIMAL=80,interval_proves_cutoff=647;lower_skipped_by_nonpositive_upper=841
211,2,lp,upper,1568,89,0.10894571100000004,0.09796285629272461,1466,0,0,89,0,0,0,832,647,0,OPTIMAL=89,interval_proves_cutoff=832;upper_skipped_by_nonnegative_interval_lower=647
211,3,lp,lower,100,1,0.005973701,0.0058672428131103516,219,0,0,1,0,0,0,8,0,91,OPTIMAL=1,interval_proves_cutoff=8;lower_skipped_by_nonpositive_upper=91
211,3,lp,upper,100,1,0.005103701,0.004978179931640625,206,0,0,1,0,0,0,91,8,0,OPTIMAL=1,interval_proves_cutoff=91;upper_skipped_by_nonnegative_interval_lower=8
212,0,lp,lower,9,9,0.09800211100000002,0.09684944152832031,1898,0,0,9,0,0,0,0,0,0,OPTIMAL=9,
212,0,lp,upper,9,9,0.097389411,0.09624958038330078,1890,0,0,9,0,0,0,0,0,0,OPTIMAL=9,
212,1,interval_arithmetic,lower,3136,0,0.0,0.0,0,0,0,0,0,899,0,0,0,2237,,interval_arithmetic=899;lower_skipped_by_nonpositive_upper=2237
212,1,interval_arithmetic,upper,3136,0,0.0,0.0,0,0,0,0,0,3136,0,0,0,0,,interval_arithmetic=3136
212,2,lp,lower,1568,104,0.14147051400000005,0.13243508338928223,1846,0,0,104,0,0,0,645,0,819,OPTIMAL=104,interval_proves_cutoff=645;lower_skipped_by_nonpositive_upper=819
212,2,lp,upper,1568,110,0.13885741599999996,0.12525486946105957,2047,0,0,110,0,0,0,813,645,0,OPTIMAL=110,interval_proves_cutoff=813;upper_skipped_by_nonnegative_interval_lower=645
212,3,lp,lower,100,1,0.008482401,0.00837564468383789,318,0,0,1,0,0,0,8,0,91,OPTIMAL=1,interval_proves_cutoff=8;lower_skipped_by_nonpositive_upper=91
212,3,lp,upper,100,1,0.006523901,0.006400346755981445,237,0,0,1,0,0,0,91,8,0,OPTIMAL=1,interval_proves_cutoff=91;upper_skipped_by_nonnegative_interval_lower=8
213,0,lp,lower,9,9,0.08234751,0.08152365684509277,1732,0,0,9,0,0,0,0,0,0,OPTIMAL=9,
213,0,lp,upper,9,9,0.074618012,0.07373929023742676,1507,0,0,9,0,0,0,0,0,0,OPTIMAL=9,
213,1,interval_arithmetic,lower,3136,0,0.0,0.0,0,0,0,0,0,921,0,0,0,2215,,interval_arithmetic=921;lower_skipped_by_nonpositive_upper=2215
213,1,interval_arithmetic,upper,3136,0,0.0,0.0,0,0,0,0,0,3136,0,0,0,0,,interval_arithmetic=3136
213,2,lp,lower,1568,96,0.095895013,0.09147238731384277,1009,0,0,96,0,0,0,651,0,821,OPTIMAL=96,interval_proves_cutoff=651;lower_skipped_by_nonpositive_upper=821
213,2,lp,upper,1568,96,0.10590561899999998,0.09513568878173828,1164,0,0,96,0,0,0,821,651,0,OPTIMAL=96,interval_proves_cutoff=821;upper_skipped_by_nonnegative_interval_lower=651
213,3,lp,lower,100,2,0.010542202,0.010370731353759766,297,0,0,2,0,0,0,7,0,91,OPTIMAL=2,interval_proves_cutoff=7;lower_skipped_by_nonpositive_upper=91
213,3,lp,upper,100,2,0.011210701,0.011023759841918945,373,0,0,2,0,0,0,91,7,0,OPTIMAL=2,interval_proves_cutoff=91;upper_skipped_by_nonnegative_interval_lower=7
214,0,lp,lower,9,9,0.05289500799999999,0.05199003219604492,1258,0,0,9,0,0,0,0,0,0,OPTIMAL=9,
214,0,lp,upper,9,9,0.052711808,0.051857709884643555,1337,0,0,9,0,0,0,0,0,0,OPTIMAL=9,
214,1,interval_arithmetic,lower,3136,0,0.0,0.0,0,0,0,0,0,878,0,0,0,2258,,interval_arithmetic=878;lower_skipped_by_nonpositive_upper=2258
214,1,interval_arithmetic,upper,3136,0,0.0,0.0,0,0,0,0,0,3136,0,0,0,0,,interval_arithmetic=3136
214,2,lp,lower,1568,74,0.078453614,0.0750737190246582,1239,0,0,74,0,0,0,642,0,852,OPTIMAL=74,interval_proves_cutoff=642;lower_skipped_by_nonpositive_upper=852
214,2,lp,upper,1568,83,0.09182821500000002,0.08264446258544922,1469,0,0,83,0,0,0,843,642,0,OPTIMAL=83,interval_proves_cutoff=843;upper_skipped_by_nonnegative_interval_lower=642
214,3,lp,lower,100,2,0.008424702,0.008276700973510742,252,0,0,2,0,0,0,7,0,91,OPTIMAL=2,interval_proves_cutoff=7;lower_skipped_by_nonpositive_upper=91
214,3,lp,upper,100,2,0.007762101,0.007589578628540039,289,0,0,2,0,0,0,91,7,0,OPTIMAL=2,interval_proves_cutoff=91;upper_skipped_by_nonnegative_interval_lower=7
215,0,lp,lower,9,9,0.030082404,0.029306650161743164,934,0,0,9,0,0,0,0,0,0,OPTIMAL=9,
215,0,lp,upper,9,9,0.032262604,0.031560420989990234,972,0,0,9,0,0,0,0,0,0,OPTIMAL=9,
215,1,interval_arithmetic,lower,3136,0,0.0,0.0,0,0,0,0,0,914,0,0,0,2222,,interval_arithmetic=914;lower_skipped_by_nonpositive_upper=2222
215,1,interval_arithmetic,upper,3136,0,0.0,0.0,0,0,0,0,0,3136,0,0,0,0,,interval_arithmetic=3136
215,2,lp,lower,1568,69,0.06638760999999999,0.0635366439819336,827,0,0,69,0,0,0,664,0,835,OPTIMAL=69,interval_proves_cutoff=664;lower_skipped_by_nonpositive_upper=835
215,2,lp,upper,1568,74,0.07986860900000001,0.07107949256896973,1013,0,0,74,0,0,0,830,664,0,OPTIMAL=74,interval_proves_cutoff=830;upper_skipped_by_nonnegative_interval_lower=664
215,3,lp,lower,100,1,0.005644601,0.005576133728027344,221,0,0,1,0,0,0,8,0,91,OPTIMAL=1,interval_proves_cutoff=8;lower_skipped_by_nonpositive_upper=91
215,3,lp,upper,100,1,0.003646401,0.003545522689819336,164,0,0,1,0,0,0,91,8,0,OPTIMAL=1,interval_proves_cutoff=91;upper_skipped_by_nonnegative_interval_lower=8
216,0,lp,lower,9,9,0.03729768,0.03653120994567871,1165,0,0,9,0,0,0,0,0,0,OPTIMAL=9,
216,0,lp,upper,9,9,0.037912381,0.03718233108520508,1220,0,0,9,0,0,0,0,0,0,OPTIMAL=9,
216,1,interval_arithmetic,lower,3136,0,0.0,0.0,0,0,0,0,0,938,0,0,0,2198,,interval_arithmetic=938;lower_skipped_by_nonpositive_upper=2198
216,1,interval_arithmetic,upper,3136,0,0.0,0.0,0,0,0,0,0,3136,0,0,0,0,,interval_arithmetic=3136
216,2,lp,lower,1568,77,0.086202419,0.0829172134399414,1168,0,0,77,0,0,0,682,0,809,OPTIMAL=77,interval_proves_cutoff=682;lower_skipped_by_nonpositive_upper=809
216,2,lp,upper,1568,83,0.09442351699999996,0.08493423461914062,1267,0,0,83,0,0,0,803,682,0,OPTIMAL=83,interval_proves_cutoff=803;upper_skipped_by_nonnegative_interval_lower=682
216,3,lp,lower,100,1,0.005050601,0.004985332489013672,212,0,0,1,0,0,0,8,0,91,OPTIMAL=1,interval_proves_cutoff=8;lower_skipped_by_nonpositive_upper=91
216,3,lp,upper,100,1,0.0045167,0.0044155120849609375,186,0,0,1,0,0,0,91,8,0,OPTIMAL=1,interval_proves_cutoff=91;upper_skipped_by_nonnegative_interval_lower=8
217,0,lp,lower,9,9,0.051681877,0.050836801528930664,1333,0,0,9,0,0,0,0,0,0,OPTIMAL=9,
217,0,lp,upper,9,9,0.069060169,0.06816768646240234,1547,0,0,9,0,0,0,0,0,0,OPTIMAL=9,
217,1,interval_arithmetic,lower,3136,0,0.0,0.0,0,0,0,0,0,915,0,0,0,2221,,interval_arithmetic=915;lower_skipped_by_nonpositive_upper=2221
217,1,interval_arithmetic,upper,3136,0,0.0,0.0,0,0,0,0,0,3136,0,0,0,0,,interval_arithmetic=3136
217,2,lp,lower,1568,89,0.102502956,0.0972893238067627,1100,0,0,89,0,0,0,662,0,817,OPTIMAL=89,interval_proves_cutoff=662;lower_skipped_by_nonpositive_upper=817
217,2,lp,upper,1568,97,0.09841414899999998,0.08868646621704102,1334,0,0,97,0,0,0,809,662,0,OPTIMAL=97,interval_proves_cutoff=809;upper_skipped_by_nonnegative_interval_lower=662
217,3,lp,lower,100,2,0.010491796000000001,0.010255813598632812,275,0,0,2,0,0,0,7,0,91,OPTIMAL=2,interval_proves_cutoff=7;lower_skipped_by_nonpositive_upper=91
217,3,lp,upper,100,2,0.010248396,0.009865283966064453,352,0,0,2,0,0,0,91,7,0,OPTIMAL=2,interval_proves_cutoff=91;upper_skipped_by_nonnegative_interval_lower=7
218,0,lp,lower,9,9,0.031082085000000002,0.0303342342376709,905,0,0,9,0,0,0,0,0,0,OPTIMAL=9,
218,0,lp,upper,9,9,0.038169880999999996,0.03739166259765625,1041,0,0,9,0,0,0,0,0,0,OPTIMAL=9,
218,1,interval_arithmetic,lower,3136,0,0.0,0.0,0,0,0,0,0,908,0,0,0,2228,,interval_arithmetic=908;lower_skipped_by_nonpositive_upper=2228
218,1,interval_arithmetic,upper,3136,0,0.0,0.0,0,0,0,0,0,3136,0,0,0,0,,interval_arithmetic=3136
218,2,lp,lower,1568,77,0.07647936300000002,0.07291030883789062,671,0,0,77,0,0,0,671,0,820,OPTIMAL=77,interval_proves_cutoff=671;lower_skipped_by_nonpositive_upper=820
218,2,lp,upper,1568,79,0.08539836099999996,0.07602620124816895,726,0,0,79,0,0,0,818,671,0,OPTIMAL=79,interval_proves_cutoff=818;upper_skipped_by_nonnegative_interval_lower=671
218,3,lp,lower,100,1,0.003610699,0.003530740737915039,182,0,0,1,0,0,0,8,0,91,OPTIMAL=1,interval_proves_cutoff=8;lower_skipped_by_nonpositive_upper=91
218,3,lp,upper,100,1,0.003915398,0.0038175582885742188,168,0,0,1,0,0,0,91,8,0,OPTIMAL=1,interval_proves_cutoff=91;upper_skipped_by_nonnegative_interval_lower=8
219,0,lp,lower,9,9,0.08507926,0.08420634269714355,1748,0,0,9,0,0,0,0,0,0,OPTIMAL=9,
219,0,lp,upper,9,9,0.073610165,0.07265233993530273,1635,0,0,9,0,0,0,0,0,0,OPTIMAL=9,
219,1,interval_arithmetic,lower,3136,0,0.0,0.0,0,0,0,0,0,895,0,0,0,2241,,interval_arithmetic=895;lower_skipped_by_nonpositive_upper=2241
219,1,interval_arithmetic,upper,3136,0,0.0,0.0,0,0,0,0,0,3136,0,0,0,0,,interval_arithmetic=3136
219,2,lp,lower,1568,101,0.12147345,0.11575818061828613,1455,0,0,101,0,0,0,643,0,824,OPTIMAL=101,interval_proves_cutoff=643;lower_skipped_by_nonpositive_upper=824
219,2,lp,upper,1568,105,0.14704203600000004,0.13404178619384766,1729,0,0,105,0,0,0,820,643,0,OPTIMAL=105,interval_proves_cutoff=820;upper_skipped_by_nonnegative_interval_lower=643
219,3,lp,lower,100,1,0.005423998,0.005321502685546875,268,0,0,1,0,0,0,8,0,91,OPTIMAL=1,interval_proves_cutoff=8;lower_skipped_by_nonpositive_upper=91
219,3,lp,upper,100,1,0.004764998,0.0046520233154296875,212,0,0,1,0,0,0,91,8,0,OPTIMAL=1,interval_proves_cutoff=91;upper_skipped_by_nonnegative_interval_lower=8
220,0,lp,lower,9,9,0.046729278,0.0458827018737793,1534,0,0,9,0,0,0,0,0,0,OPTIMAL=9,
220,0,lp,upper,9,9,0.050887180000000004,0.05000162124633789,1498,0,0,9,0,0,0,0,0,0,OPTIMAL=9,
220,1,interval_arithmetic,lower,3136,0,0.0,0.0,0,0,0,0,0,923,0,0,0,2213,,interval_arithmetic=923;lower_skipped_by_nonpositive_upper=2213
220,1,interval_arithmetic,upper,3136,0,0.0,0.0,0,0,0,0,0,3136,0,0,0,0,,interval_arithmetic=3136
220,2,lp,lower,1568,97,0.10650664700000002,0.10208702087402344,1482,0,0,97,0,0,0,673,0,798,OPTIMAL=97,interval_proves_cutoff=673;lower_skipped_by_nonpositive_upper=798
220,2,lp,upper,1568,99,0.11931104199999996,0.10827803611755371,1548,0,0,99,0,0,0,796,673,0,OPTIMAL=99,interval_proves_cutoff=796;upper_skipped_by_nonnegative_interval_lower=673
220,3,lp,lower,100,1,0.007454397,0.007375478744506836,283,0,0,1,0,0,0,8,0,91,OPTIMAL=1,interval_proves_cutoff=8;lower_skipped_by_nonpositive_upper=91
220,3,lp,upper,100,1,0.004392098,0.0042836666107177734,215,0,0,1,0,0,0,91,8,0,OPTIMAL=1,interval_proves_cutoff=91;upper_skipped_by_nonnegative_interval_lower=8
221,0,lp,lower,9,9,0.023968988,0.023262500762939453,821,0,0,9,0,0,0,0,0,0,OPTIMAL=9,
221,0,lp,upper,9,9,0.026105886999999998,0.02537703514099121,897,0,0,9,0,0,0,0,0,0,OPTIMAL=9,
221,1,interval_arithmetic,lower,3136,0,0.0,0.0,0,0,0,0,0,906,0,0,0,2230,,interval_arithmetic=906;lower_skipped_by_nonpositive_upper=2230
221,1,interval_arithmetic,upper,3136,0,0.0,0.0,0,0,0,0,0,3136,0,0,0,0,,interval_arithmetic=3136
221,2,lp,lower,1568,56,0.05182907699999998,0.049540042877197266,485,0,0,56,0,0,0,666,0,846,OPTIMAL=56,interval_proves_cutoff=666;lower_skipped_by_nonpositive_upper=846
221,2,lp,upper,1568,56,0.064266972,0.05527639389038086,532,0,0,56,0,0,0,846,666,0,OPTIMAL=56,interval_proves_cutoff=846;upper_skipped_by_nonnegative_interval_lower=666
221,3,lp,lower,100,0,0.0,0.0,0,0,0,0,0,0,0,8,0,92,,interval_proves_cutoff=8;lower_skipped_by_nonpositive_upper=92
221,3,lp,upper,100,0,0.0,0.0,0,0,0,0,0,0,0,92,8,0,,interval_proves_cutoff=92;upper_skipped_by_nonnegative_interval_lower=8
222,0,lp,lower,9,9,0.045014307999999996,0.044184207916259766,1348,0,0,9,0,0,0,0,0,0,OPTIMAL=9,
222,0,lp,upper,9,9,0.048746009,0.047901153564453125,1474,0,0,9,0,0,0,0,0,0,OPTIMAL=9,
222,1,interval_arithmetic,lower,3136,0,0.0,0.0,0,0,0,0,0,939,0,0,0,2197,,interval_arithmetic=939;lower_skipped_by_nonpositive_upper=2197
222,1,interval_arithmetic,upper,3136,0,0.0,0.0,0,0,0,0,0,3136,0,0,0,0,,interval_arithmetic=3136
222,2,lp,lower,1568,103,0.11304831600000002,0.10813403129577637,1708,0,0,103,0,0,0,667,0,798,OPTIMAL=103,interval_proves_cutoff=667;lower_skipped_by_nonpositive_upper=798
222,2,lp,upper,1568,112,0.14035793399999993,0.12785649299621582,1931,0,0,112,0,0,0,789,667,0,OPTIMAL=112,interval_proves_cutoff=789;upper_skipped_by_nonnegative_interval_lower=667
222,3,lp,lower,100,1,0.007583701,0.007493734359741211,276,0,0,1,0,0,0,8,0,91,OPTIMAL=1,interval_proves_cutoff=8;lower_skipped_by_nonpositive_upper=91
222,3,lp,upper,100,1,0.007445301,0.00733637809753418,243,0,0,1,0,0,0,91,8,0,OPTIMAL=1,interval_proves_cutoff=91;upper_skipped_by_nonnegative_interval_lower=8
223,0,lp,lower,9,9,0.040926004,0.040070533752441406,1336,0,0,9,0,0,0,0,0,0,OPTIMAL=9,
223,0,lp,upper,9,9,0.041684106,0.04080820083618164,1503,0,0,9,0,0,0,0,0,0,OPTIMAL=9,
223,1,interval_arithmetic,lower,3136,0,0.0,0.0,0,0,0,0,0,1003,0,0,0,2133,,interval_arithmetic=1003;lower_skipped_by_nonpositive_upper=2133
223,1,interval_arithmetic,upper,3136,0,0.0,0.0,0,0,0,0,0,3136,0,0,0,0,,interval_arithmetic=3136
223,2,lp,lower,1568,83,0.085345113,0.08171772956848145,1032,0,0,83,0,0,0,698,0,787,OPTIMAL=83,interval_proves_cutoff=698;lower_skipped_by_nonpositive_upper=787
223,2,lp,upper,1568,85,0.09324471499999995,0.08388566970825195,1095,0,0,85,0,0,0,785,698,0,OPTIMAL=85,interval_proves_cutoff=785;upper_skipped_by_nonnegative_interval_lower=698
223,3,lp,lower,100,0,0.0,0.0,0,0,0,0,0,0,0,9,0,91,,interval_proves_cutoff=9;lower_skipped_by_nonpositive_upper=91
223,3,lp,upper,100,0,0.0,0.0,0,0,0,0,0,0,0,91,9,0,,interval_proves_cutoff=91;upper_skipped_by_nonnegative_interval_lower=9
224,0,lp,lower,9,9,0.050893706,0.050061941146850586,1354,0,0,9,0,0,0,0,0,0,OPTIMAL=9,
224,0,lp,upper,9,9,0.05028450899999999,0.049405574798583984,1307,0,0,9,0,0,0,0,0,0,OPTIMAL=9,
224,1,interval_arithmetic,lower,3136,0,0.0,0.0,0,0,0,0,0,904,0,0,0,2232,,interval_arithmetic=904;lower_skipped_by_nonpositive_upper=2232
224,1,interval_arithmetic,upper,3136,0,0.0,0.0,0,0,0,0,0,3136,0,0,0,0,,interval_arithmetic=3136
224,2,lp,lower,1568,76,0.07228710999999999,0.06891012191772461,1003,0,0,76,0,0,0,659,0,833,OPTIMAL=76,interval_proves_cutoff=659;lower_skipped_by_nonpositive_upper=833
224,2,lp,upper,1568,79,0.08586731399999999,0.07674837112426758,1138,0,0,79,0,0,0,830,659,0,OPTIMAL=79,interval_proves_cutoff=830;upper_skipped_by_nonnegative_interval_lower=659
224,3,lp,lower,100,2,0.007986601999999999,0.007817745208740234,250,0,0,2,0,0,0,7,0,91,OPTIMAL=2,interval_proves_cutoff=7;lower_skipped_by_nonpositive_upper=91
224,3,lp,upper,100,2,0.008595601000000001,0.008392810821533203,305,0,0,2,0,0,0,91,7,0,OPTIMAL=2,interval_proves_cutoff=91;upper_skipped_by_nonnegative_interval_lower=7
225,0,lp,lower,9,9,0.025638605,0.024863719940185547,804,0,0,9,0,0,0,0,0,0,OPTIMAL=9,
225,0,lp,upper,9,9,0.026503807999999997,0.025775671005249023,784,0,0,9,0,0,0,0,0,0,OPTIMAL=9,
225,1,interval_arithmetic,lower,3136,0,0.0,0.0,0,0,0,0,0,834,0,0,0,2302,,interval_arithmetic=834;lower_skipped_by_nonpositive_upper=2302
225,1,interval_arithmetic,upper,3136,0,0.0,0.0,0,0,0,0,0,3136,0,0,0,0,,interval_arithmetic=3136
225,2,lp,lower,1568,70,0.062358008000000006,0.05947709083557129,974,0,0,70,0,0,0,616,0,882,OPTIMAL=70,interval_proves_cutoff=616;lower_skipped_by_nonpositive_upper=882
225,2,lp,upper,1568,73,0.07414131000000002,0.06566596031188965,1061,0,0,73,0,0,0,879,616,0,OPTIMAL=73,interval_proves_cutoff=879;upper_skipped_by_nonnegative_interval_lower=616
225,3,lp,lower,100,1,0.003255101,0.0031762123107910156,160,0,0,1,0,0,0,8,0,91,OPTIMAL=1,interval_proves_cutoff=8;lower_skipped_by_nonpositive_upper=91
225,3,lp,upper,100,1,0.003482701,0.003378152847290039,157,0,0,1,0,0,0,91,8,0,OPTIMAL=1,interval_proves_cutoff=91;upper_skipped_by_nonnegative_interval_lower=8
226,0,lp,lower,9,9,0.055663308,0.05477476119995117,1440,0,0,9,0,0,0,0,0,0,OPTIMAL=9,
226,0,lp,upper,9,9,0.071152311,0.07025337219238281,1561,0,0,9,0,0,0,0,0,0,OPTIMAL=9,
226,1,interval_arithmetic,lower,3136,0,0.0,0.0,0,0,0,0,0,933,0,0,0,2203,,interval_arithmetic=933;lower_skipped_by_nonpositive_upper=2203
226,1,interval_arithmetic,upper,3136,0,0.0,0.0,0,0,0,0,0,3136,0,0,0,0,,interval_arithmetic=3136
226,2,lp,lower,1568,85,0.09868001500000005,0.09423327445983887,1083,0,0,85,0,0,0,696,0,787,OPTIMAL=85,interval_proves_cutoff=696;lower_skipped_by_nonpositive_upper=787
226,2,lp,upper,1568,89,0.11779201699999997,0.10730147361755371,1287,0,0,89,0,0,0,783,696,0,OPTIMAL=89,interval_proves_cutoff=783;upper_skipped_by_nonnegative_interval_lower=696
226,3,lp,lower,100,2,0.008659502,0.008481264114379883,255,0,0,2,0,0,0,7,0,91,OPTIMAL=2,interval_proves_cutoff=7;lower_skipped_by_nonpositive_upper=91
226,3,lp,upper,100,2,0.008982601,0.008804559707641602,310,0,0,2,0,0,0,91,7,0,OPTIMAL=2,interval_proves_cutoff=91;upper_skipped_by_nonnegative_interval_lower=7
227,0,lp,lower,9,9,0.055137309,0.05422711372375488,1289,0,0,9,0,0,0,0,0,0,OPTIMAL=9,
227,0,lp,upper,9,9,0.055728807,0.05487823486328125,1335,0,0,9,0,0,0,0,0,0,OPTIMAL=9,
227,1,interval_arithmetic,lower,3136,0,0.0,0.0,0,0,0,0,0,949,0,0,0,2187,,interval_arithmetic=949;lower_skipped_by_nonpositive_upper=2187
227,1,interval_arithmetic,upper,3136,0,0.0,0.0,0,0,0,0,0,3136,0,0,0,0,,interval_arithmetic=3136
227,2,lp,lower,1568,88,0.09631701700000002,0.09265780448913574,1154,0,0,88,0,0,0,675,0,805,OPTIMAL=88,interval_proves_cutoff=675;lower_skipped_by_nonpositive_upper=805
227,2,lp,upper,1568,92,0.108492814,0.09762930870056152,1307,0,0,92,0,0,0,801,675,0,OPTIMAL=92,interval_proves_cutoff=801;upper_skipped_by_nonnegative_interval_lower=675
227,3,lp,lower,100,1,0.006387201,0.00630497932434082,251,0,0,1,0,0,0,8,0,91,OPTIMAL=1,interval_proves_cutoff=8;lower_skipped_by_nonpositive_upper=91
227,3,lp,upper,100,1,0.005721801,0.0056018829345703125,193,0,0,1,0,0,0,91,8,0,OPTIMAL=1,interval_proves_cutoff=91;upper_skipped_by_nonnegative_interval_lower=8
228,0,lp,lower,9,9,0.04720500800000001,0.04633975028991699,1088,0,0,9,0,0,0,0,0,0,OPTIMAL=9,
228,0,lp,upper,9,9,0.05232590699999999,0.0514521598815918,1210,0,0,9,0,0,0,0,0,0,OPTIMAL=9,
228,1,interval_arithmetic,lower,3136,0,0.0,0.0,0,0,0,0,0,857,0,0,0,2279,,interval_arithmetic=857;lower_skipped_by_nonpositive_upper=2279
228,1,interval_arithmetic,upper,3136,0,0.0,0.0,0,0,0,0,0,3136,0,0,0,0,,interval_arithmetic=3136
228,2,lp,lower,1568,97,0.10320031900000001,0.09888815879821777,1385,0,0,97,0,0,0,631,0,840,OPTIMAL=97,interval_proves_cutoff=631;lower_skipped_by_nonpositive_upper=840
228,2,lp,upper,1568,101,0.12297491599999999,0.11249184608459473,1423,0,0,101,0,0,0,836,631,0,OPTIMAL=101,interval_proves_cutoff=836;upper_skipped_by_nonnegative_interval_lower=631
228,3,lp,lower,100,1,0.006609001,0.0065326690673828125,226,0,0,1,0,0,0,8,0,91,OPTIMAL=1,interval_proves_cutoff=8;lower_skipped_by_nonpositive_upper=91
228,3,lp,upper,100,1,0.006283001,0.006176471710205078,220,0,0,1,0,0,0,91,8,0,OPTIMAL=1,interval_proves_cutoff=91;upper_skipped_by_nonnegative_interval_lower=8
229,0,lp,lower,9,9,0.020648505,0.020006656646728516,623,0,0,9,0,0,0,0,0,0,OPTIMAL=9,
229,0,lp,upper,9,9,0.021276403,0.02055048942565918,592,0,0,9,0,0,0,0,0,0,OPTIMAL=9,
229,1,interval_arithmetic,lower,3136,0,0.0,0.0,0,0,0,0,0,845,0,0,0,2291,,interval_arithmetic=845;lower_skipped_by_nonpositive_upper=2291
229,1,interval_arithmetic,upper,3136,0,0.0,0.0,0,0,0,0,0,3136,0,0,0,0,,interval_arithmetic=3136
229,2,lp,lower,1568,45,0.046200709999999985,0.04309344291687012,303,0,0,45,0,0,0,634,0,889,OPTIMAL=45,interval_proves_cutoff=634;lower_skipped_by_nonpositive_upper=889
229,2,lp,upper,1568,50,0.06634600700000001,0.05657076835632324,489,0,0,50,0,0,0,884,634,0,OPTIMAL=50,interval_proves_cutoff=884;upper_skipped_by_nonnegative_interval_lower=634
229,3,lp,lower,100,1,0.0022238,0.0021178722381591797,110,0,0,1,0,0,0,8,0,91,OPTIMAL=1,interval_proves_cutoff=8;lower_skipped_by_nonpositive_upper=91
229,3,lp,upper,100,1,0.003102401,0.0030062198638916016,101,0,0,1,0,0,0,91,8,0,OPTIMAL=1,interval_proves_cutoff=91;upper_skipped_by_nonnegative_interval_lower=8
230,0,lp,lower,9,9,0.08544239899999999,0.08430719375610352,1440,0,0,9,0,0,0,0,0,0,OPTIMAL=9,
230,0,lp,upper,9,9,0.0683604,0.0674896240234375,1426,0,0,9,0,0,0,0,0,0,OPTIMAL=9,
230,1,interval_arithmetic,lower,3136,0,0.0,0.0,0,0,0,0,0,852,0,0,0,2284,,interval_arithmetic=852;lower_skipped_by_nonpositive_upper=2284
230,1,interval_arithmetic,upper,3136,0,0.0,0.0,0,0,0,0,0,3136,0,0,0,0,,interval_arithmetic=3136
230,2,lp,lower,1568,92,0.09218931400000002,0.08838319778442383,993,0,0,92,0,0,0,628,0,848,OPTIMAL=92,interval_proves_cutoff=628;lower_skipped_by_nonpositive_upper=848
230,2,lp,upper,1568,92,0.10085701599999998,0.09062504768371582,1187,0,0,92,0,0,0,848,628,0,OPTIMAL=92,interval_proves_cutoff=848;upper_skipped_by_nonnegative_interval_lower=628
230,3,lp,lower,100,2,0.011512999999999999,0.01130819320678711,285,0,0,2,0,0,0,7,0,91,OPTIMAL=2,interval_proves_cutoff=7;lower_skipped_by_nonpositive_upper=91
230,3,lp,upper,100,2,0.0121219,0.01189112663269043,339,0,0,2,0,0,0,91,7,0,OPTIMAL=2,interval_proves_cutoff=91;upper_skipped_by_nonnegative_interval_lower=7
231,0,lp,lower,9,9,0.07649510000000001,0.0755460262298584,1519,0,0,9,0,0,0,0,0,0,OPTIMAL=9,
231,0,lp,upper,9,9,0.06524110000000001,0.0642557144165039,1458,0,0,9,0,0,0,0,0,0,OPTIMAL=9,
231,1,interval_arithmetic,lower,3136,0,0.0,0.0,0,0,0,0,0,901,0,0,0,2235,,interval_arithmetic=901;lower_skipped_by_nonpositive_upper=2235
231,1,interval_arithmetic,upper,3136,0,0.0,0.0,0,0,0,0,0,3136,0,0,0,0,,interval_arithmetic=3136
231,2,lp,lower,1568,77,0.09241780000000002,0.0869436264038086,984,0,0,77,0,0,0,650,0,841,OPTIMAL=77,interval_proves_cutoff=650;lower_skipped_by_nonpositive_upper=841
231,2,lp,upper,1568,82,0.117226799,0.09269309043884277,1105,0,0,82,0,0,0,836,650,0,OPTIMAL=82,interval_proves_cutoff=836;upper_skipped_by_nonnegative_interval_lower=650
231,3,lp,lower,100,1,0.0060822,0.005995750427246094,238,0,0,1,0,0,0,8,0,91,OPTIMAL=1,interval_proves_cutoff=8;lower_skipped_by_nonpositive_upper=91
231,3,lp,upper,100,1,0.0038115,0.0037069320678710938,179,0,0,1,0,0,0,91,8,0,OPTIMAL=1,interval_proves_cutoff=91;upper_skipped_by_nonnegative_interval_lower=8
232,0,lp,lower,9,9,0.053509399000000006,0.0525972843170166,1488,0,0,9,0,0,0,0,0,0,OPTIMAL=9,
232,0,lp,upper,9,9,0.053384,0.05241060256958008,1535,0,0,9,0,0,0,0,0,0,OPTIMAL=9,
232,1,interval_arithmetic,lower,3136,0,0.0,0.0,0,0,0,0,0,890,0,0,0,2246,,interval_arithmetic=890;lower_skipped_by_nonpositive_upper=2246
232,1,interval_arithmetic,upper,3136,0,0.0,0.0,0,0,0,0,0,3136,0,0,0,0,,interval_arithmetic=3136
232,2,lp,lower,1568,99,0.11496120000000003,0.10936832427978516,1706,0,0,99,0,0,0,632,0,837,OPTIMAL=99,interval_proves_cutoff=632;lower_skipped_by_nonpositive_upper=837
232,2,lp,upper,1568,112,0.14631699799999995,0.13337421417236328,2079,0,0,112,0,0,0,824,632,0,OPTIMAL=112,interval_proves_cutoff=824;upper_skipped_by_nonnegative_interval_lower=632
232,3,lp,lower,100,1,0.0075444,0.007410287857055664,277,0,0,1,0,0,0,8,0,91,OPTIMAL=1,interval_proves_cutoff=8;lower_skipped_by_nonpositive_upper=91
232,3,lp,upper,100,1,0.0067402,0.006618499755859375,214,0,0,1,0,0,0,91,8,0,OPTIMAL=1,interval_proves_cutoff=91;upper_skipped_by_nonnegative_interval_lower=8
233,0,lp,lower,9,9,0.0610931,0.060108184814453125,1379,0,0,9,0,0,0,0,0,0,OPTIMAL=9,
233,0,lp,upper,9,9,0.06320350000000001,0.06234407424926758,1370,0,0,9,0,0,0,0,0,0,OPTIMAL=9,
233,1,interval_arithmetic,lower,3136,0,0.0,0.0,0,0,0,0,0,934,0,0,0,2202,,interval_arithmetic=934;lower_skipped_by_nonpositive_upper=2202
233,1,interval_arithmetic,upper,3136,0,0.0,0.0,0,0,0,0,0,3136,0,0,0,0,,interval_arithmetic=3136
233,2,lp,lower,1568,98,0.10074559999999996,0.09635472297668457,1157,0,0,98,0,0,0,668,0,802,OPTIMAL=98,interval_proves_cutoff=668;lower_skipped_by_nonpositive_upper=802
233,2,lp,upper,1568,108,0.1269444,0.11589860916137695,1420,0,0,108,0,0,0,792,668,0,OPTIMAL=108,interval_proves_cutoff=792;upper_skipped_by_nonnegative_interval_lower=668
233,3,lp,lower,100,1,0.0084771,0.008379459381103516,291,0,0,1,0,0,0,8,0,91,OPTIMAL=1,interval_proves_cutoff=8;lower_skipped_by_nonpositive_upper=91
233,3,lp,upper,100,1,0.0043211,0.004216909408569336,198,0,0,1,0,0,0,91,8,0,OPTIMAL=1,interval_proves_cutoff=91;upper_skipped_by_nonnegative_interval_lower=8
234,0,lp,lower,9,9,0.050190200000000004,0.049230098724365234,1293,0,0,9,0,0,0,0,0,0,OPTIMAL=9,
234,0,lp,upper,9,9,0.05714369999999999,0.05603384971618652,1345,0,0,9,0,0,0,0,0,0,OPTIMAL=9,
234,1,interval_arithmetic,lower,3136,0,0.0,0.0,0,0,0,0,0,947,0,0,0,2189,,interval_arithmetic=947;lower_skipped_by_nonpositive_upper=2189
234,1,interval_arithmetic,upper,3136,0,0.0,0.0,0,0,0,0,0,3136,0,0,0,0,,interval_arithmetic=3136
234,2,lp,lower,1568,89,0.09507999999999998,0.09124517440795898,1493,0,0,89,0,0,0,662,0,817,OPTIMAL=89,interval_proves_cutoff=662;lower_skipped_by_nonpositive_upper=817
234,2,lp,upper,1568,94,0.11128279999999999,0.09992051124572754,1636,0,0,94,0,0,0,812,662,0,OPTIMAL=94,interval_proves_cutoff=812;upper_skipped_by_nonnegative_interval_lower=662
234,3,lp,lower,100,0,0.0,0.0,0,0,0,0,0,0,0,9,0,91,,interval_proves_cutoff=9;lower_skipped_by_nonpositive_upper=91
234,3,lp,upper,100,0,0.0,0.0,0,0,0,0,0,0,0,91,9,0,,interval_proves_cutoff=91;upper_skipped_by_nonnegative_interval_lower=9
235,0,lp,lower,9,9,0.0330366,0.03226661682128906,976,0,0,9,0,0,0,0,0,0,OPTIMAL=9,
235,0,lp,upper,9,9,0.0353208,0.03440213203430176,1032,0,0,9,0,0,0,0,0,0,OPTIMAL=9,
235,1,interval_arithmetic,lower,3136,0,0.0,0.0,0,0,0,0,0,871,0,0,0,2265,,interval_arithmetic=871;lower_skipped_by_nonpositive_upper=2265
235,1,interval_arithmetic,upper,3136,0,0.0,0.0,0,0,0,0,0,3136,0,0,0,0,,interval_arithmetic=3136
235,2,lp,lower,1568,72,0.081116801,0.07613849639892578,1079,0,0,72,0,0,0,635,0,861,OPTIMAL=72,interval_proves_cutoff=635;lower_skipped_by_nonpositive_upper=861
235,2,lp,upper,1568,78,0.09977080000000002,0.08730411529541016,1246,0,0,78,0,0,0,855,635,0,OPTIMAL=78,interval_proves_cutoff=855;upper_skipped_by_nonnegative_interval_lower=635
235,3,lp,lower,100,0,0.0,0.0,0,0,0,0,0,0,0,8,0,92,,interval_proves_cutoff=8;lower_skipped_by_nonpositive_upper=92
235,3,lp,upper,100,1,0.0038185,0.0037147998809814453,167,0,0,1,0,0,0,91,8,0,OPTIMAL=1,interval_proves_cutoff=91;upper_skipped_by_nonnegative_interval_lower=8
236,0,lp,lower,9,9,0.0516954,0.050803422927856445,1406,0,0,9,0,0,0,0,0,0,OPTIMAL=9,
236,0,lp,upper,9,9,0.053467999999999995,0.05242657661437988,1471,0,0,9,0,0,0,0,0,0,OPTIMAL=9,
236,1,interval_arithmetic,lower,3136,0,0.0,0.0,0,0,0,0,0,893,0,0,0,2243,,interval_arithmetic=893;lower_skipped_by_nonpositive_upper=2243
236,1,interval_arithmetic,upper,3136,0,0.0,0.0,0,0,0,0,0,3136,0,0,0,0,,interval_arithmetic=3136
236,2,lp,lower,1568,103,0.10330010000000003,0.09890246391296387,1644,0,0,103,0,0,0,660,0,805,OPTIMAL=103,interval_proves_cutoff=660;lower_skipped_by_nonpositive_upper=805
236,2,lp,upper,1568,106,0.12162910100000003,0.11065936088562012,1754,0,0,106,0,0,0,802,660,0,OPTIMAL=106,interval_proves_cutoff=802;upper_skipped_by_nonnegative_interval_lower=660
236,3,lp,lower,100,0,0.0,0.0,0,0,0,0,0,0,0,9,0,91,,interval_proves_cutoff=9;lower_skipped_by_nonpositive_upper=91
236,3,lp,upper,100,0,0.0,0.0,0,0,0,0,0,0,0,91,9,0,,interval_proves_cutoff=91;upper_skipped_by_nonnegative_interval_lower=9
237,0,lp,lower,9,9,0.022660700000000002,0.02197742462158203,704,0,0,9,0,0,0,0,0,0,OPTIMAL=9,
237,0,lp,upper,9,9,0.022701799999999998,0.022014617919921875,729,0,0,9,0,0,0,0,0,0,OPTIMAL=9,
237,1,interval_arithmetic,lower,3136,0,0.0,0.0,0,0,0,0,0,893,0,0,0,2243,,interval_arithmetic=893;lower_skipped_by_nonpositive_upper=2243
237,1,interval_arithmetic,upper,3136,0,0.0,0.0,0,0,0,0,0,3136,0,0,0,0,,interval_arithmetic=3136
237,2,lp,lower,1568,58,0.054649300999999983,0.0523228645324707,223,0,0,58,0,0,0,676,0,834,OPTIMAL=58,interval_proves_cutoff=676;lower_skipped_by_nonpositive_upper=834
237,2,lp,upper,1568,59,0.05837380200000001,0.05009746551513672,245,0,0,59,0,0,0,833,676,0,OPTIMAL=59,interval_proves_cutoff=833;upper_skipped_by_nonnegative_interval_lower=676
237,3,lp,lower,100,0,0.0,0.0,0,0,0,0,0,0,0,8,0,92,,interval_proves_cutoff=8;lower_skipped_by_nonpositive_upper=92
237,3,lp,upper,100,1,0.0027808,0.0026836395263671875,111,0,0,1,0,0,0,91,8,0,OPTIMAL=1,interval_proves_cutoff=91;upper_skipped_by_nonnegative_interval_lower=8
238,0,lp,lower,9,9,0.029081001,0.0283353328704834,1078,0,0,9,0,0,0,0,0,0,OPTIMAL=9,
238,0,lp,upper,9,9,0.030566501999999995,0.029674053192138672,1107,0,0,9,0,0,0,0,0,0,OPTIMAL=9,
238,1,interval_arithmetic,lower,3136,0,0.0,0.0,0,0,0,0,0,894,0,0,0,2242,,interval_arithmetic=894;lower_skipped_by_nonpositive_upper=2242
238,1,interval_arithmetic,upper,3136,0,0.0,0.0,0,0,0,0,0,3136,0,0,0,0,,interval_arithmetic=3136
238,2,lp,lower,1568,72,0.069962001,0.06615924835205078,793,0,0,72,0,0,0,656,0,840,OPTIMAL=72,interval_proves_cutoff=656;lower_skipped_by_nonpositive_upper=840
238,2,lp,upper,1568,77,0.08017930199999998,0.07126569747924805,998,0,0,77,0,0,0,835,656,0,OPTIMAL=77,interval_proves_cutoff=835;upper_skipped_by_nonnegative_interval_lower=656
238,3,lp,lower,100,0,0.0,0.0,0,0,0,0,0,0,0,9,0,91,,interval_proves_cutoff=9;lower_skipped_by_nonpositive_upper=91
238,3,lp,upper,100,0,0.0,0.0,0,0,0,0,0,0,0,91,9,0,,interval_proves_cutoff=91;upper_skipped_by_nonnegative_interval_lower=9
239,0,lp,lower,9,9,0.05692940199999999,0.05590939521789551,1283,0,0,9,0,0,0,0,0,0,OPTIMAL=9,
239,0,lp,upper,9,9,0.055060802000000006,0.0540623664855957,1263,0,0,9,0,0,0,0,0,0,OPTIMAL=9,
239,1,interval_arithmetic,lower,3136,0,0.0,0.0,0,0,0,0,0,913,0,0,0,2223,,interval_arithmetic=913;lower_skipped_by_nonpositive_upper=2223
239,1,interval_arithmetic,upper,3136,0,0.0,0.0,0,0,0,0,0,3136,0,0,0,0,,interval_arithmetic=3136
239,2,lp,lower,1568,85,0.08686400200000001,0.08175802230834961,1067,0,0,85,0,0,0,651,0,832,OPTIMAL=85,interval_proves_cutoff=651;lower_skipped_by_nonpositive_upper=832
239,2,lp,upper,1568,94,0.10131350100000007,0.08994555473327637,1231,0,0,94,0,0,0,823,651,0,OPTIMAL=94,interval_proves_cutoff=823;upper_skipped_by_nonnegative_interval_lower=651
239,3,lp,lower,100,2,0.0109292,0.01072072982788086,289,0,0,2,0,0,0,7,0,91,OPTIMAL=2,interval_proves_cutoff=7;lower_skipped_by_nonpositive_upper=91
239,3,lp,upper,100,2,0.009695201,0.00940084457397461,323,0,0,2,0,0,0,91,7,0,OPTIMAL=2,interval_proves_cutoff=91;upper_skipped_by_nonnegative_interval_lower=7
240,0,lp,lower,9,9,0.050799200999999995,0.049957275390625,1101,0,0,9,0,0,0,0,0,0,OPTIMAL=9,
240,0,lp,upper,9,9,0.0430072,0.04217243194580078,1002,0,0,9,0,0,0,0,0,0,OPTIMAL=9,
240,1,interval_arithmetic,lower,3136,0,0.0,0.0,0,0,0,0,0,849,0,0,0,2287,,interval_arithmetic=849;lower_skipped_by_nonpositive_upper=2287
240,1,interval_arithmetic,upper,3136,0,0.0,0.0,0,0,0,0,0,3136,0,0,0,0,,interval_arithmetic=3136
240,2,lp,lower,1568,73,0.06581550300000001,0.06227540969848633,844,0,0,73,0,0,0,631,0,864,OPTIMAL=73,interval_proves_cutoff=631;lower_skipped_by_nonpositive_upper=864
240,2,lp,upper,1568,77,0.08269260400000004,0.07262921333312988,1027,0,0,77,0,0,0,860,631,0,OPTIMAL=77,interval_proves_cutoff=860;upper_skipped_by_nonnegative_interval_lower=631
240,3,lp,lower,100,2,0.0072051,0.0070154666900634766,201,0,0,2,0,0,0,7,0,91,OPTIMAL=2,interval_proves_cutoff=7;lower_skipped_by_nonpositive_upper=91
240,3,lp,upper,100,2,0.0087971,0.008381843566894531,252,0,0,2,0,0,0,91,7,0,OPTIMAL=2,interval_proves_cutoff=91;upper_skipped_by_nonnegative_interval_lower=7
241,0,lp,lower,9,9,0.111640808,0.11049842834472656,1699,0,0,9,0,0,0,0,0,0,OPTIMAL=9,
241,0,lp,upper,9,9,0.090400908,0.08930397033691406,1628,0,0,9,0,0,0,0,0,0,OPTIMAL=9,
241,1,interval_arithmetic,lower,3136,0,0.0,0.0,0,0,0,0,0,919,0,0,0,2217,,interval_arithmetic=919;lower_skipped_by_nonpositive_upper=2217
241,1,interval_arithmetic,upper,3136,0,0.0,0.0,0,0,0,0,0,3136,0,0,0,0,,interval_arithmetic=3136
241,2,lp,lower,1568,100,0.11023710299999999,0.10598444938659668,1531,0,0,100,0,0,0,667,0,801,OPTIMAL=100,interval_proves_cutoff=667;lower_skipped_by_nonpositive_upper=801
241,2,lp,upper,1568,109,0.13218030299999997,0.1195225715637207,1812,0,0,109,0,0,0,792,667,0,OPTIMAL=109,interval_proves_cutoff=792;upper_skipped_by_nonnegative_interval_lower=667
241,3,lp,lower,100,1,0.0082296,0.008116483688354492,302,0,0,1,0,0,0,8,0,91,OPTIMAL=1,interval_proves_cutoff=8;lower_skipped_by_nonpositive_upper=91
241,3,lp,upper,100,1,0.007872901,0.007744312286376953,245,0,0,1,0,0,0,91,8,0,OPTIMAL=1,interval_proves_cutoff=91;upper_skipped_by_nonnegative_interval_lower=8
242,0,lp,lower,9,9,0.052387204,0.05149364471435547,1508,0,0,9,0,0,0,0,0,0,OPTIMAL=9,
242,0,lp,upper,9,9,0.05947240299999999,0.05853080749511719,1705,0,0,9,0,0,0,0,0,0,OPTIMAL=9,
242,1,interval_arithmetic,lower,3136,0,0.0,0.0,0,0,0,0,0,948,0,0,0,2188,,interval_arithmetic=948;lower_skipped_by_nonpositive_upper=2188
242,1,interval_arithmetic,upper,3136,0,0.0,0.0,0,0,0,0,0,3136,0,0,0,0,,interval_arithmetic=3136
242,2,lp,lower,1568,108,0.12454420299999999,0.11905598640441895,1630,0,0,108,0,0,0,670,0,790,OPTIMAL=108,interval_proves_cutoff=670;lower_skipped_by_nonpositive_upper=790
242,2,lp,upper,1568,114,0.15368580199999993,0.14053058624267578,1797,0,0,114,0,0,0,784,670,0,OPTIMAL=114,interval_proves_cutoff=784;upper_skipped_by_nonnegative_interval_lower=670
242,3,lp,lower,100,0,0.0,0.0,0,0,0,0,0,0,0,9,0,91,,interval_proves_cutoff=9;lower_skipped_by_nonpositive_upper=91
242,3,lp,upper,100,0,0.0,0.0,0,0,0,0,0,0,0,91,9,0,,interval_proves_cutoff=91;upper_skipped_by_nonnegative_interval_lower=9
243,0,lp,lower,9,9,0.035937006,0.03519701957702637,1103,0,0,9,0,0,0,0,0,0,OPTIMAL=9,
243,0,lp,upper,9,9,0.040221906,0.03943371772766113,1022,0,0,9,0,0,0,0,0,0,OPTIMAL=9,
243,1,interval_arithmetic,lower,3136,0,0.0,0.0,0,0,0,0,0,952,0,0,0,2184,,interval_arithmetic=952;lower_skipped_by_nonpositive_upper=2184
243,1,interval_arithmetic,upper,3136,0,0.0,0.0,0,0,0,0,0,3136,0,0,0,0,,interval_arithmetic=3136
243,2,lp,lower,1568,80,0.08980231400000001,0.08611679077148438,1307,0,0,80,0,0,0,674,0,814,OPTIMAL=80,interval_proves_cutoff=674;lower_skipped_by_nonpositive_upper=814
243,2,lp,upper,1568,89,0.11177142000000002,0.10157394409179688,1586,0,0,89,0,0,0,805,674,0,OPTIMAL=89,interval_proves_cutoff=805;upper_skipped_by_nonnegative_interval_lower=674
243,3,lp,lower,100,1,0.004795801,0.004729747772216797,233,0,0,1,0,0,0,8,0,91,OPTIMAL=1,interval_proves_cutoff=8;lower_skipped_by_nonpositive_upper=91
243,3,lp,upper,100,1,0.004493901,0.0043222904205322266,180,0,0,1,0,0,0,91,8,0,OPTIMAL=1,interval_proves_cutoff=91;upper_skipped_by_nonnegative_interval_lower=8
244,0,lp,lower,9,9,0.05908501000000001,0.058049678802490234,1429,0,0,9,0,0,0,0,0,0,OPTIMAL=9,
244,0,lp,upper,9,9,0.060045209,0.05910301208496094,1442,0,0,9,0,0,0,0,0,0,OPTIMAL=9,
244,1,interval_arithmetic,lower,3136,0,0.0,0.0,0,0,0,0,0,900,0,0,0,2236,,interval_arithmetic=900;lower_skipped_by_nonpositive_upper=2236
244,1,interval_arithmetic,upper,3136,0,0.0,0.0,0,0,0,0,0,3136,0,0,0,0,,interval_arithmetic=3136
244,2,lp,lower,1568,96,0.11809961800000002,0.11157917976379395,1558,0,0,96,0,0,0,657,0,815,OPTIMAL=96,interval_proves_cutoff=657;lower_skipped_by_nonpositive_upper=815
244,2,lp,upper,1568,99,0.12834781400000006,0.11653280258178711,1703,0,0,99,0,0,0,812,657,0,OPTIMAL=99,interval_proves_cutoff=812;upper_skipped_by_nonnegative_interval_lower=657
244,3,lp,lower,100,1,0.008146301,0.008053064346313477,243,0,0,1,0,0,0,8,0,91,OPTIMAL=1,interval_proves_cutoff=8;lower_skipped_by_nonpositive_upper=91
244,3,lp,upper,100,1,0.006356401,0.0062181949615478516,224,0,0,1,0,0,0,91,8,0,OPTIMAL=1,interval_proves_cutoff=91;upper_skipped_by_nonnegative_interval_lower=8
245,0,lp,lower,9,9,0.03436937,0.03349018096923828,1057,0,0,9,0,0,0,0,0,0,OPTIMAL=9,
245,0,lp,upper,9,9,0.034228572,0.033399343490600586,1058,0,0,9,0,0,0,0,0,0,OPTIMAL=9,
245,1,interval_arithmetic,lower,3136,0,0.0,0.0,0,0,0,0,0,879,0,0,0,2257,,interval_arithmetic=879;lower_skipped_by_nonpositive_upper=2257
245,1,interval_arithmetic,upper,3136,0,0.0,0.0,0,0,0,0,0,3136,0,0,0,0,,interval_arithmetic=3136
245,2,lp,lower,1568,67,0.065863144,0.0626378059387207,728,0,0,67,0,0,0,647,0,854,OPTIMAL=67,interval_proves_cutoff=647;lower_skipped_by_nonpositive_upper=854
245,2,lp,upper,1568,68,0.07265943600000004,0.06381511688232422,869,0,0,68,0,0,0,853,647,0,OPTIMAL=68,interval_proves_cutoff=853;upper_skipped_by_nonnegative_interval_lower=647
245,3,lp,lower,100,0,0.0,0.0,0,0,0,0,0,0,0,9,0,91,,interval_proves_cutoff=9;lower_skipped_by_nonpositive_upper=91
245,3,lp,upper,100,0,0.0,0.0,0,0,0,0,0,0,0,91,9,0,,interval_proves_cutoff=91;upper_skipped_by_nonnegative_interval_lower=9
246,0,lp,lower,9,9,0.089968225,0.08893990516662598,1989,0,0,9,0,0,0,0,0,0,OPTIMAL=9,
246,0,lp,upper,9,9,0.08677842799999999,0.08564972877502441,1817,0,0,9,0,0,0,0,0,0,OPTIMAL=9,
246,1,interval_arithmetic,lower,3136,0,0.0,0.0,0,0,0,0,0,904,0,0,0,2232,,interval_arithmetic=904;lower_skipped_by_nonpositive_upper=2232
246,1,interval_arithmetic,upper,3136,0,0.0,0.0,0,0,0,0,0,3136,0,0,0,0,,interval_arithmetic=3136
246,2,lp,lower,1568,134,0.143063579,0.13682270050048828,2149,0,0,134,0,0,0,653,0,781,OPTIMAL=134,interval_proves_cutoff=653;lower_skipped_by_nonpositive_upper=781
246,2,lp,upper,1568,138,0.17769234699999997,0.16365456581115723,2290,0,0,138,0,0,0,777,653,0,OPTIMAL=138,interval_proves_cutoff=777;upper_skipped_by_nonnegative_interval_lower=653
246,3,lp,lower,100,1,0.01257949,0.012407064437866211,359,0,0,1,0,0,0,8,0,91,OPTIMAL=1,interval_proves_cutoff=8;lower_skipped_by_nonpositive_upper=91
246,3,lp,upper,100,1,0.009988992,0.009850740432739258,296,0,0,1,0,0,0,91,8,0,OPTIMAL=1,interval_proves_cutoff=91;upper_skipped_by_nonnegative_interval_lower=8
247,0,lp,lower,9,9,0.071443203,0.07029104232788086,1561,0,0,9,0,0,0,0,0,0,OPTIMAL=9,
247,0,lp,upper,9,9,0.067221404,0.06621646881103516,1473,0,0,9,0,0,0,0,0,0,OPTIMAL=9,
247,1,interval_arithmetic,lower,3136,0,0.0,0.0,0,0,0,0,0,954,0,0,0,2182,,interval_arithmetic=954;lower_skipped_by_nonpositive_upper=2182
247,1,interval_arithmetic,upper,3136,0,0.0,0.0,0,0,0,0,0,3136,0,0,0,0,,interval_arithmetic=3136
247,2,lp,lower,1568,111,0.11418010400000003,0.10730218887329102,993,0,0,111,0,0,0,695,0,762,OPTIMAL=111,interval_proves_cutoff=695;lower_skipped_by_nonpositive_upper=762
247,2,lp,upper,1568,114,0.1349929079999999,0.12166023254394531,1041,0,0,114,0,0,0,759,695,0,OPTIMAL=114,interval_proves_cutoff=759;upper_skipped_by_nonnegative_interval_lower=695
247,3,lp,lower,100,1,0.006075501,0.0059661865234375,255,0,0,1,0,0,0,8,0,91,OPTIMAL=1,interval_proves_cutoff=8;lower_skipped_by_nonpositive_upper=91
247,3,lp,upper,100,1,0.0055587,0.005240678787231445,229,0,0,1,0,0,0,91,8,0,OPTIMAL=1,interval_proves_cutoff=91;upper_skipped_by_nonnegative_interval_lower=8
249,0,lp,lower,9,9,0.031394504,0.030511140823364258,1040,0,0,9,0,0,0,0,0,0,OPTIMAL=9,
249,0,lp,upper,9,9,0.035566705,0.03453230857849121,1120,0,0,9,0,0,0,0,0,0,OPTIMAL=9,
249,1,interval_arithmetic,lower,3136,0,0.0,0.0,0,0,0,0,0,934,0,0,0,2202,,interval_arithmetic=934;lower_skipped_by_nonpositive_upper=2202
249,1,interval_arithmetic,upper,3136,0,0.0,0.0,0,0,0,0,0,3136,0,0,0,0,,interval_arithmetic=3136
249,2,lp,lower,1568,84,0.08613061600000001,0.08134818077087402,957,0,0,84,0,0,0,663,0,821,OPTIMAL=84,interval_proves_cutoff=663;lower_skipped_by_nonpositive_upper=821
249,2,lp,upper,1568,88,0.10997661300000001,0.09900403022766113,1041,0,0,88,0,0,0,817,663,0,OPTIMAL=88,interval_proves_cutoff=817;upper_skipped_by_nonnegative_interval_lower=663
249,3,lp,lower,100,0,0.0,0.0,0,0,0,0,0,0,0,9,0,91,,interval_proves_cutoff=9;lower_skipped_by_nonpositive_upper=91
249,3,lp,upper,100,0,0.0,0.0,0,0,0,0,0,0,0,91,9,0,,interval_proves_cutoff=91;upper_skipped_by_nonnegative_interval_lower=9
250,0,lp,lower,9,9,0.037801706000000004,0.03670620918273926,1062,0,0,9,0,0,0,0,0,0,OPTIMAL=9,
250,0,lp,upper,9,9,0.039116806,0.03815484046936035,1106,0,0,9,0,0,0,0,0,0,OPTIMAL=9,
250,1,interval_arithmetic,lower,3136,0,0.0,0.0,0,0,0,0,0,883,0,0,0,2253,,interval_arithmetic=883;lower_skipped_by_nonpositive_upper=2253
250,1,interval_arithmetic,upper,3136,0,0.0,0.0,0,0,0,0,0,3136,0,0,0,0,,interval_arithmetic=3136
250,2,lp,lower,1568,88,0.09904761400000003,0.09331274032592773,1110,0,0,88,0,0,0,638,0,842,OPTIMAL=88,interval_proves_cutoff=638;lower_skipped_by_nonpositive_upper=842
250,2,lp,upper,1568,98,0.11518121599999998,0.1038203239440918,1320,0,0,98,0,0,0,832,638,0,OPTIMAL=98,interval_proves_cutoff=832;upper_skipped_by_nonnegative_interval_lower=638
250,3,lp,lower,100,0,0.0,0.0,0,0,0,0,0,0,0,9,0,91,,interval_proves_cutoff=9;lower_skipped_by_nonpositive_upper=91
250,3,lp,upper,100,0,0.0,0.0,0,0,0,0,0,0,0,91,9,0,,interval_proves_cutoff=91;upper_skipped_by_nonnegative_interval_lower=9
251,0,lp,lower,9,9,0.03751950600000001,0.03658652305603027,1087,0,0,9,0,0,0,0,0,0,OPTIMAL=9,
251,0,lp,upper,9,9,0.043747006000000005,0.04285025596618652,1053,0,0,9,0,0,0,0,0,0,OPTIMAL=9,
251,1,interval_arithmetic,lower,3136,0,0.0,0.0,0,0,0,0,0,934,0,0,0,2202,,interval_arithmetic=934;lower_skipped_by_nonpositive_upper=2202
251,1,interval_arithmetic,upper,3136,0,0.0,0.0,0,0,0,0,0,3136,0,0,0,0,,interval_arithmetic=3136
251,2,lp,lower,1568,81,0.07992911200000002,0.0757293701171875,799,0,0,81,0,0,0,664,0,823,OPTIMAL=81,interval_proves_cutoff=664;lower_skipped_by_nonpositive_upper=823
251,2,lp,upper,1568,85,0.09561491500000004,0.0850226879119873,980,0,0,85,0,0,0,819,664,0,OPTIMAL=85,interval_proves_cutoff=819;upper_skipped_by_nonnegative_interval_lower=664
251,3,lp,lower,100,1,0.004851601,0.0047605037689208984,209,0,0,1,0,0,0,8,0,91,OPTIMAL=1,interval_proves_cutoff=8;lower_skipped_by_nonpositive_upper=91
251,3,lp,upper,100,1,0.004256301,0.003951311111450195,169,0,0,1,0,0,0,91,8,0,OPTIMAL=1,interval_proves_cutoff=91;upper_skipped_by_nonnegative_interval_lower=8
252,0,lp,lower,9,9,0.032769203999999996,0.03187394142150879,884,0,0,9,0,0,0,0,0,0,OPTIMAL=9,
252,0,lp,upper,9,9,0.032497509,0.03162837028503418,885,0,0,9,0,0,0,0,0,0,OPTIMAL=9,
252,1,interval_arithmetic,lower,3136,0,0.0,0.0,0,0,0,0,0,836,0,0,0,2300,,interval_arithmetic=836;lower_skipped_by_nonpositive_upper=2300
252,1,interval_arithmetic,upper,3136,0,0.0,0.0,0,0,0,0,0,3136,0,0,0,0,,interval_arithmetic=3136
252,2,lp,lower,1568,66,0.06452270900000001,0.06136655807495117,438,0,0,66,0,0,0,632,0,870,OPTIMAL=66,interval_proves_cutoff=632;lower_skipped_by_nonpositive_upper=870
252,2,lp,upper,1568,70,0.07383861299999998,0.06476449966430664,553,0,0,70,0,0,0,866,632,0,OPTIMAL=70,interval_proves_cutoff=866;upper_skipped_by_nonnegative_interval_lower=632
252,3,lp,lower,100,0,0.0,0.0,0,0,0,0,0,0,0,9,0,91,,interval_proves_cutoff=9;lower_skipped_by_nonpositive_upper=91
252,3,lp,upper,100,0,0.0,0.0,0,0,0,0,0,0,0,91,9,0,,interval_proves_cutoff=91;upper_skipped_by_nonnegative_interval_lower=9
253,0,lp,lower,9,9,0.033228405999999995,0.03234457969665527,1043,0,0,9,0,0,0,0,0,0,OPTIMAL=9,
253,0,lp,upper,9,9,0.035419404,0.03453183174133301,1141,0,0,9,0,0,0,0,0,0,OPTIMAL=9,
253,1,interval_arithmetic,lower,3136,0,0.0,0.0,0,0,0,0,0,921,0,0,0,2215,,interval_arithmetic=921;lower_skipped_by_nonpositive_upper=2215
253,1,interval_arithmetic,upper,3136,0,0.0,0.0,0,0,0,0,0,3136,0,0,0,0,,interval_arithmetic=3136
253,2,lp,lower,1568,66,0.07914871299999998,0.07520461082458496,874,0,0,66,0,0,0,658,0,844,OPTIMAL=66,interval_proves_cutoff=658;lower_skipped_by_nonpositive_upper=844
253,2,lp,upper,1568,75,0.11541011800000002,0.10270500183105469,1064,0,0,75,0,0,0,835,658,0,OPTIMAL=75,interval_proves_cutoff=835;upper_skipped_by_nonnegative_interval_lower=658
253,3,lp,lower,100,0,0.0,0.0,0,0,0,0,0,0,0,9,0,91,,interval_proves_cutoff=9;lower_skipped_by_nonpositive_upper=91
253,3,lp,upper,100,0,0.0,0.0,0,0,0,0,0,0,0,91,9,0,,interval_proves_cutoff=91;upper_skipped_by_nonnegative_interval_lower=9
254,0,lp,lower,9,9,0.044871908,0.0439145565032959,1235,0,0,9,0,0,0,0,0,0,OPTIMAL=9,
254,0,lp,upper,9,9,0.053315309,0.05229616165161133,1264,0,0,9,0,0,0,0,0,0,OPTIMAL=9,
254,1,interval_arithmetic,lower,3136,0,0.0,0.0,0,0,0,0,0,895,0,0,0,2241,,interval_arithmetic=895;lower_skipped_by_nonpositive_upper=2241
254,1,interval_arithmetic,upper,3136,0,0.0,0.0,0,0,0,0,0,3136,0,0,0,0,,interval_arithmetic=3136
254,2,lp,lower,1568,87,0.10300581799999999,0.0975804328918457,1364,0,0,87,0,0,0,653,0,828,OPTIMAL=87,interval_proves_cutoff=653;lower_skipped_by_nonpositive_upper=828
254,2,lp,upper,1568,90,0.113972316,0.1018533706665039,1420,0,0,90,0,0,0,825,653,0,OPTIMAL=90,interval_proves_cutoff=825;upper_skipped_by_nonnegative_interval_lower=653
254,3,lp,lower,100,1,0.004762501,0.004659175872802734,237,0,0,1,0,0,0,8,0,91,OPTIMAL=1,interval_proves_cutoff=8;lower_skipped_by_nonpositive_upper=91
254,3,lp,upper,100,1,0.005286001,0.0051555633544921875,194,0,0,1,0,0,0,91,8,0,OPTIMAL=1,interval_proves_cutoff=91;upper_skipped_by_nonnegative_interval_lower=8
255,0,lp,lower,9,9,0.047759807,0.0467071533203125,1180,0,0,9,0,0,0,0,0,0,OPTIMAL=9,
255,0,lp,upper,9,9,0.049048207,0.048104047775268555,1228,0,0,9,0,0,0,0,0,0,OPTIMAL=9,
255,1,interval_arithmetic,lower,3136,0,0.0,0.0,0,0,0,0,0,879,0,0,0,2257,,interval_arithmetic=879;lower_skipped_by_nonpositive_upper=2257
255,1,interval_arithmetic,upper,3136,0,0.0,0.0,0,0,0,0,0,3136,0,0,0,0,,interval_arithmetic=3136
255,2,lp,lower,1568,83,0.09316751899999998,0.0884556770324707,1025,0,0,83,0,0,0,640,0,845,OPTIMAL=83,interval_proves_cutoff=640;lower_skipped_by_nonpositive_upper=845
255,2,lp,upper,1568,89,0.10207281199999997,0.09121417999267578,1250,0,0,89,0,0,0,839,640,0,OPTIMAL=89,interval_proves_cutoff=839;upper_skipped_by_nonnegative_interval_lower=640
255,3,lp,lower,100,1,0.0045907,0.004491567611694336,225,0,0,1,0,0,0,7,0,92,OPTIMAL=1,interval_proves_cutoff=7;lower_skipped_by_nonpositive_upper=92
255,3,lp,upper,100,1,0.004382701,0.004271984100341797,184,0,0,1,0,0,0,92,7,0,OPTIMAL=1,interval_proves_cutoff=92;upper_skipped_by_nonnegative_interval_lower=7
256,0,lp,lower,9,9,0.046711191,0.04584455490112305,1053,0,0,9,0,0,0,0,0,0,OPTIMAL=9,
256,0,lp,upper,9,9,0.051616592999999995,0.05076169967651367,1157,0,0,9,0,0,0,0,0,0,OPTIMAL=9,
256,1,interval_arithmetic,lower,3136,0,0.0,0.0,0,0,0,0,0,876,0,0,0,2260,,interval_arithmetic=876;lower_skipped_by_nonpositive_upper=2260
256,1,interval_arithmetic,upper,3136,0,0.0,0.0,0,0,0,0,0,3136,0,0,0,0,,interval_arithmetic=3136
256,2,lp,lower,1568,64,0.054962106,0.05232667922973633,458,0,0,64,0,0,0,638,0,866,OPTIMAL=64,interval_proves_cutoff=638;lower_skipped_by_nonpositive_upper=866
256,2,lp,upper,1568,64,0.06351351100000001,0.05424976348876953,613,0,0,64,0,0,0,866,638,0,OPTIMAL=64,interval_proves_cutoff=866;upper_skipped_by_nonnegative_interval_lower=638
256,3,lp,lower,100,1,0.0025655,0.002504587173461914,84,0,0,1,0,0,0,7,0,92,OPTIMAL=1,interval_proves_cutoff=7;lower_skipped_by_nonpositive_upper=92
256,3,lp,upper,100,2,0.007272898,0.00706934928894043,250,0,0,2,0,0,0,91,7,0,OPTIMAL=2,interval_proves_cutoff=91;upper_skipped_by_nonnegative_interval_lower=7
257,0,lp,lower,9,9,0.058319093,0.05738997459411621,1520,0,0,9,0,0,0,0,0,0,OPTIMAL=9,
257,0,lp,upper,9,9,0.07511669,0.07405924797058105,1612,0,0,9,0,0,0,0,0,0,OPTIMAL=9,
257,1,interval_arithmetic,lower,3136,0,0.0,0.0,0,0,0,0,0,918,0,0,0,2218,,interval_arithmetic=918;lower_skipped_by_nonpositive_upper=2218
257,1,interval_arithmetic,upper,3136,0,0.0,0.0,0,0,0,0,0,3136,0,0,0,0,,interval_arithmetic=3136
257,2,lp,lower,1568,92,0.107442285,0.10288381576538086,1566,0,0,92,0,0,0,662,0,814,OPTIMAL=92,interval_proves_cutoff=662;lower_skipped_by_nonpositive_upper=814
257,2,lp,upper,1568,101,0.11535858499999999,0.10469698905944824,1675,0,0,101,0,0,0,805,662,0,OPTIMAL=101,interval_proves_cutoff=805;upper_skipped_by_nonnegative_interval_lower=662
257,3,lp,lower,100,2,0.009302898,0.009096622467041016,290,0,0,2,0,0,0,7,0,91,OPTIMAL=2,interval_proves_cutoff=7;lower_skipped_by_nonpositive_upper=91
257,3,lp,upper,100,2,0.011829899000000001,0.011589527130126953,340,0,0,2,0,0,0,91,7,0,OPTIMAL=2,interval_proves_cutoff=91;upper_skipped_by_nonnegative_interval_lower=7
258,0,lp,lower,9,9,0.075441089,0.07442665100097656,1443,0,0,9,0,0,0,0,0,0,OPTIMAL=9,
258,0,lp,upper,9,9,0.08282528800000001,0.08171367645263672,1537,0,0,9,0,0,0,0,0,0,OPTIMAL=9,
258,1,interval_arithmetic,lower,3136,0,0.0,0.0,0,0,0,0,0,907,0,0,0,2229,,interval_arithmetic=907;lower_skipped_by_nonpositive_upper=2229
258,1,interval_arithmetic,upper,3136,0,0.0,0.0,0,0,0,0,0,3136,0,0,0,0,,interval_arithmetic=3136
258,2,lp,lower,1568,96,0.09600168600000002,0.09034490585327148,988,0,0,96,0,0,0,625,0,847,OPTIMAL=96,interval_proves_cutoff=625;lower_skipped_by_nonpositive_upper=847
258,2,lp,upper,1568,101,0.11209768599999999,0.10044336318969727,1153,0,0,101,0,0,0,842,625,0,OPTIMAL=101,interval_proves_cutoff=842;upper_skipped_by_nonnegative_interval_lower=625
258,3,lp,lower,100,2,0.0105283,0.010266304016113281,275,0,0,2,0,0,0,7,0,91,OPTIMAL=2,interval_proves_cutoff=7;lower_skipped_by_nonpositive_upper=91
258,3,lp,upper,100,2,0.013278597999999999,0.01304936408996582,387,0,0,2,0,0,0,91,7,0,OPTIMAL=2,interval_proves_cutoff=91;upper_skipped_by_nonnegative_interval_lower=7
259,0,lp,lower,9,9,0.04651919399999999,0.04550027847290039,1157,0,0,9,0,0,0,0,0,0,OPTIMAL=9,
259,0,lp,upper,9,9,0.046307294,0.04537463188171387,1237,0,0,9,0,0,0,0,0,0,OPTIMAL=9,
259,1,interval_arithmetic,lower,3136,0,0.0,0.0,0,0,0,0,0,937,0,0,0,2199,,interval_arithmetic=937;lower_skipped_by_nonpositive_upper=2199
259,1,interval_arithmetic,upper,3136,0,0.0,0.0,0,0,0,0,0,3136,0,0,0,0,,interval_arithmetic=3136
259,2,lp,lower,1568,75,0.08991258799999999,0.08428955078125,934,0,0,75,0,0,0,685,0,808,OPTIMAL=75,interval_proves_cutoff=685;lower_skipped_by_nonpositive_upper=808
259,2,lp,upper,1568,80,0.10587718599999998,0.09311103820800781,1038,0,0,80,0,0,0,803,685,0,OPTIMAL=80,interval_proves_cutoff=803;upper_skipped_by_nonnegative_interval_lower=685
259,3,lp,lower,100,1,0.004464499,0.0043659210205078125,214,0,0,1,0,0,0,8,0,91,OPTIMAL=1,interval_proves_cutoff=8;lower_skipped_by_nonpositive_upper=91
259,3,lp,upper,100,1,0.0037401,0.0036268234252929688,165,0,0,1,0,0,0,91,8,0,OPTIMAL=1,interval_proves_cutoff=91;upper_skipped_by_nonnegative_interval_lower=8
261,0,lp,lower,9,9,0.10069560600000001,0.09968852996826172,2022,0,0,9,0,0,0,0,0,0,OPTIMAL=9,
261,0,lp,upper,9,9,0.08519860199999998,0.08412885665893555,1828,0,0,9,0,0,0,0,0,0,OPTIMAL=9,
261,1,interval_arithmetic,lower,3136,0,0.0,0.0,0,0,0,0,0,939,0,0,0,2197,,interval_arithmetic=939;lower_skipped_by_nonpositive_upper=2197
261,1,interval_arithmetic,upper,3136,0,0.0,0.0,0,0,0,0,0,3136,0,0,0,0,,interval_arithmetic=3136
261,2,lp,lower,1568,124,0.159667774,0.14987444877624512,2141,0,0,124,0,0,0,673,0,771,OPTIMAL=124,interval_proves_cutoff=673;lower_skipped_by_nonpositive_upper=771
261,2,lp,upper,1568,128,0.18237587599999994,0.16514992713928223,2268,0,0,128,0,0,0,767,673,0,OPTIMAL=128,interval_proves_cutoff=767;upper_skipped_by_nonnegative_interval_lower=673
261,3,lp,lower,100,0,0.0,0.0,0,0,0,0,0,0,0,9,0,91,,interval_proves_cutoff=9;lower_skipped_by_nonpositive_upper=91
261,3,lp,upper,100,0,0.0,0.0,0,0,0,0,0,0,0,91,9,0,,interval_proves_cutoff=91;upper_skipped_by_nonnegative_interval_lower=9
262,0,lp,lower,9,9,0.092761307,0.09170007705688477,1662,0,0,9,0,0,0,0,0,0,OPTIMAL=9,
262,0,lp,upper,9,9,0.08982340700000001,0.08884263038635254,1624,0,0,9,0,0,0,0,0,0,OPTIMAL=9,
262,1,interval_arithmetic,lower,3136,0,0.0,0.0,0,0,0,0,0,887,0,0,0,2249,,interval_arithmetic=887;lower_skipped_by_nonpositive_upper=2249
262,1,interval_arithmetic,upper,3136,0,0.0,0.0,0,0,0,0,0,3136,0,0,0,0,,interval_arithmetic=3136
262,2,lp,lower,1568,103,0.11442421400000004,0.10868597030639648,1192,0,0,103,0,0,0,649,0,816,OPTIMAL=103,interval_proves_cutoff=649;lower_skipped_by_nonpositive_upper=816
262,2,lp,upper,1568,108,0.13547731000000002,0.12380719184875488,1469,0,0,108,0,0,0,811,649,0,OPTIMAL=108,interval_proves_cutoff=811;upper_skipped_by_nonnegative_interval_lower=649
262,3,lp,lower,100,1,0.006729901,0.006623268127441406,269,0,0,1,0,0,0,8,0,91,OPTIMAL=1,interval_proves_cutoff=8;lower_skipped_by_nonpositive_upper=91
262,3,lp,upper,100,1,0.007607401,0.0074574947357177734,205,0,0,1,0,0,0,91,8,0,OPTIMAL=1,interval_proves_cutoff=91;upper_skipped_by_nonnegative_interval_lower=8
263,0,lp,lower,9,9,0.036039901,0.03510689735412598,1107,0,0,9,0,0,0,0,0,0,OPTIMAL=9,
263,0,lp,upper,9,9,0.0349652,0.03399300575256348,1017,0,0,9,0,0,0,0,0,0,OPTIMAL=9,
263,1,interval_arithmetic,lower,3136,0,0.0,0.0,0,0,0,0,0,898,0,0,0,2238,,interval_arithmetic=898;lower_skipped_by_nonpositive_upper=2238
263,1,interval_arithmetic,upper,3136,0,0.0,0.0,0,0,0,0,0,3136,0,0,0,0,,interval_arithmetic=3136
263,2,lp,lower,1568,71,0.061451902999999995,0.05785822868347168,657,0,0,71,0,0,0,655,0,842,OPTIMAL=71,interval_proves_cutoff=655;lower_skipped_by_nonpositive_upper=842
263,2,lp,upper,1568,73,0.07323190300000003,0.06384062767028809,852,0,0,73,0,0,0,840,655,0,OPTIMAL=73,interval_proves_cutoff=840;upper_skipped_by_nonnegative_interval_lower=655
263,3,lp,lower,100,1,0.0043503,0.004248619079589844,197,0,0,1,0,0,0,7,0,92,OPTIMAL=1,interval_proves_cutoff=7;lower_skipped_by_nonpositive_upper=92
263,3,lp,upper,100,1,0.0035139,0.0033979415893554688,143,0,0,1,0,0,0,92,7,0,OPTIMAL=1,interval_proves_cutoff=92;upper_skipped_by_nonnegative_interval_lower=7
264,0,lp,lower,9,9,0.044504204,0.04349064826965332,1122,0,0,9,0,0,0,0,0,0,OPTIMAL=9,
264,0,lp,upper,9,9,0.041266102,0.04032397270202637,1126,0,0,9,0,0,0,0,0,0,OPTIMAL=9,
264,1,interval_arithmetic,lower,3136,0,0.0,0.0,0,0,0,0,0,886,0,0,0,2250,,interval_arithmetic=886;lower_skipped_by_nonpositive_upper=2250
264,1,interval_arithmetic,upper,3136,0,0.0,0.0,0,0,0,0,0,3136,0,0,0,0,,interval_arithmetic=3136
264,2,lp,lower,1568,70,0.07665210499999998,0.07246947288513184,616,0,0,70,0,0,0,644,0,854,OPTIMAL=70,interval_proves_cutoff=644;lower_skipped_by_nonpositive_upper=854
264,2,lp,upper,1568,72,0.08468850600000002,0.07519125938415527,857,0,0,72,0,0,0,852,644,0,OPTIMAL=72,interval_proves_cutoff=852;upper_skipped_by_nonnegative_interval_lower=644
264,3,lp,lower,100,1,0.00431,0.004207611083984375,208,0,0,1,0,0,0,7,0,92,OPTIMAL=1,interval_proves_cutoff=7;lower_skipped_by_nonpositive_upper=92
264,3,lp,upper,100,1,0.003571401,0.0034644603729248047,156,0,0,1,0,0,0,92,7,0,OPTIMAL=1,interval_proves_cutoff=92;upper_skipped_by_nonnegative_interval_lower=7
265,0,lp,lower,9,9,0.034955905999999995,0.0340266227722168,1009,0,0,9,0,0,0,0,0,0,OPTIMAL=9,
265,0,lp,upper,9,9,0.036109401,0.03515267372131348,955,0,0,9,0,0,0,0,0,0,OPTIMAL=9,
265,1,interval_arithmetic,lower,3136,0,0.0,0.0,0,0,0,0,0,884,0,0,0,2252,,interval_arithmetic=884;lower_skipped_by_nonpositive_upper=2252
265,1,interval_arithmetic,upper,3136,0,0.0,0.0,0,0,0,0,0,3136,0,0,0,0,,interval_arithmetic=3136
265,2,lp,lower,1568,62,0.08374310600000001,0.07918596267700195,1082,0,0,62,0,0,0,655,0,851,OPTIMAL=62,interval_proves_cutoff=655;lower_skipped_by_nonpositive_upper=851
265,2,lp,upper,1568,72,0.10596150500000001,0.0944828987121582,1385,0,0,72,0,0,0,841,655,0,OPTIMAL=72,interval_proves_cutoff=841;upper_skipped_by_nonnegative_interval_lower=655
265,3,lp,lower,100,0,0.0,0.0,0,0,0,0,0,0,0,9,0,91,,interval_proves_cutoff=9;lower_skipped_by_nonpositive_upper=91
265,3,lp,upper,100,0,0.0,0.0,0,0,0,0,0,0,0,91,9,0,,interval_proves_cutoff=91;upper_skipped_by_nonnegative_interval_lower=9
266,0,lp,lower,9,9,0.027558303,0.026606082916259766,692,0,0,9,0,0,0,0,0,0,OPTIMAL=9,
266,0,lp,upper,9,9,0.029697501,0.028696537017822266,687,0,0,9,0,0,0,0,0,0,OPTIMAL=9,
266,1,interval_arithmetic,lower,3136,0,0.0,0.0,0,0,0,0,0,861,0,0,0,2275,,interval_arithmetic=861;lower_skipped_by_nonpositive_upper=2275
266,1,interval_arithmetic,upper,3136,0,0.0,0.0,0,0,0,0,0,3136,0,0,0,0,,interval_arithmetic=3136
266,2,lp,lower,1568,47,0.05292850499999999,0.04950070381164551,258,0,0,47,0,0,0,651,0,870,OPTIMAL=47,interval_proves_cutoff=651;lower_skipped_by_nonpositive_upper=870
266,2,lp,upper,1568,48,0.06372820500000002,0.05369710922241211,294,0,0,48,0,0,0,869,651,0,OPTIMAL=48,interval_proves_cutoff=869;upper_skipped_by_nonnegative_interval_lower=651
266,3,lp,lower,100,1,0.0027354,0.0026378631591796875,126,0,0,1,0,0,0,7,0,92,OPTIMAL=1,interval_proves_cutoff=7;lower_skipped_by_nonpositive_upper=92
266,3,lp,upper,100,1,0.003331201,0.0031890869140625,97,0,0,1,0,0,0,92,7,0,OPTIMAL=1,interval_proves_cutoff=92;upper_skipped_by_nonnegative_interval_lower=7
267,0,lp,lower,9,9,0.052798804000000005,0.051781654357910156,1223,0,0,9,0,0,0,0,0,0,OPTIMAL=9,
267,0,lp,upper,9,9,0.060941303,0.05997157096862793,1543,0,0,9,0,0,0,0,0,0,OPTIMAL=9,
267,1,interval_arithmetic,lower,3136,0,0.0,0.0,0,0,0,0,0,961,0,0,0,2175,,interval_arithmetic=961;lower_skipped_by_nonpositive_upper=2175
267,1,interval_arithmetic,upper,3136,0,0.0,0.0,0,0,0,0,0,3136,0,0,0,0,,interval_arithmetic=3136
267,2,lp,lower,1568,101,0.10922270299999998,0.10379719734191895,1229,0,0,101,0,0,0,668,0,799,OPTIMAL=101,interval_proves_cutoff=668;lower_skipped_by_nonpositive_upper=799
267,2,lp,upper,1568,108,0.16014291200000005,0.14682507514953613,1541,0,0,108,0,0,0,792,668,0,OPTIMAL=108,interval_proves_cutoff=792;upper_skipped_by_nonnegative_interval_lower=668
267,3,lp,lower,100,0,0.0,0.0,0,0,0,0,0,0,0,9,0,91,,interval_proves_cutoff=9;lower_skipped_by_nonpositive_upper=91
267,3,lp,upper,100,0,0.0,0.0,0,0,0,0,0,0,0,91,9,0,,interval_proves_cutoff=91;upper_skipped_by_nonnegative_interval_lower=9
268,0,lp,lower,9,9,0.024226303000000005,0.023391246795654297,699,0,0,9,0,0,0,0,0,0,OPTIMAL=9,
268,0,lp,upper,9,9,0.024639501999999997,0.023790359497070312,723,0,0,9,0,0,0,0,0,0,OPTIMAL=9,
268,1,interval_arithmetic,lower,3136,0,0.0,0.0,0,0,0,0,0,864,0,0,0,2272,,interval_arithmetic=864;lower_skipped_by_nonpositive_upper=2272
268,1,interval_arithmetic,upper,3136,0,0.0,0.0,0,0,0,0,0,3136,0,0,0,0,,interval_arithmetic=3136
268,2,lp,lower,1568,48,0.05464020299999999,0.05103135108947754,287,0,0,48,0,0,0,641,0,879,OPTIMAL=48,interval_proves_cutoff=641;lower_skipped_by_nonpositive_upper=879
268,2,lp,upper,1568,48,0.05624050500000001,0.04764246940612793,343,0,0,48,0,0,0,879,641,0,OPTIMAL=48,interval_proves_cutoff=879;upper_skipped_by_nonnegative_interval_lower=641
268,3,lp,lower,100,1,0.003443101,0.003353595733642578,150,0,0,1,0,0,0,7,0,92,OPTIMAL=1,interval_proves_cutoff=7;lower_skipped_by_nonpositive_upper=92
268,3,lp,upper,100,1,0.0026129,0.0025014877319335938,109,0,0,1,0,0,0,92,7,0,OPTIMAL=1,interval_proves_cutoff=92;upper_skipped_by_nonnegative_interval_lower=7
269,0,lp,lower,9,9,0.086099089,0.08498334884643555,2015,0,0,9,0,0,0,0,0,0,OPTIMAL=9,
269,0,lp,upper,9,9,0.080719106,0.07963418960571289,1944,0,0,9,0,0,0,0,0,0,OPTIMAL=9,
269,1,interval_arithmetic,lower,3136,0,0.0,0.0,0,0,0,0,0,957,0,0,0,2179,,interval_arithmetic=957;lower_skipped_by_nonpositive_upper=2179
269,1,interval_arithmetic,upper,3136,0,0.0,0.0,0,0,0,0,0,3136,0,0,0,0,,interval_arithmetic=3136
269,2,lp,lower,1568,124,0.17187151400000006,0.16170835494995117,2566,0,0,124,0,0,0,678,0,766,OPTIMAL=124,interval_proves_cutoff=678;lower_skipped_by_nonpositive_upper=766
269,2,lp,upper,1568,138,0.19926451400000006,0.18374943733215332,2903,0,0,138,0,0,0,752,678,0,OPTIMAL=138,interval_proves_cutoff=752;upper_skipped_by_nonnegative_interval_lower=678
269,3,lp,lower,100,1,0.013340201,0.013220548629760742,383,0,0,1,0,0,0,8,0,91,OPTIMAL=1,interval_proves_cutoff=8;lower_skipped_by_nonpositive_upper=91
269,3,lp,upper,100,1,0.010340001,0.01016378402709961,287,0,0,1,0,0,0,91,8,0,OPTIMAL=1,interval_proves_cutoff=91;upper_skipped_by_nonnegative_interval_lower=8
270,0,lp,lower,9,9,0.08020589100000002,0.07918763160705566,1832,0,0,9,0,0,0,0,0,0,OPTIMAL=9,
270,0,lp,upper,9,9,0.08460669,0.08352231979370117,1819,0,0,9,0,0,0,0,0,0,OPTIMAL=9,
270,1,interval_arithmetic,lower,3136,0,0.0,0.0,0,0,0,0,0,922,0,0,0,2214,,interval_arithmetic=922;lower_skipped_by_nonpositive_upper=2214
270,1,interval_arithmetic,upper,3136,0,0.0,0.0,0,0,0,0,0,3136,0,0,0,0,,interval_arithmetic=3136
270,2,lp,lower,1568,114,0.13475747799999996,0.12817645072937012,1490,0,0,114,0,0,0,678,0,776,OPTIMAL=114,interval_proves_cutoff=678;lower_skipped_by_nonpositive_upper=776
270,2,lp,upper,1568,115,0.17158387900000005,0.15489888191223145,1673,0,0,115,0,0,0,775,678,0,OPTIMAL=115,interval_proves_cutoff=775;upper_skipped_by_nonnegative_interval_lower=678
270,3,lp,lower,100,1,0.006633999,0.006523609161376953,294,0,0,1,0,0,0,8,0,91,OPTIMAL=1,interval_proves_cutoff=8;lower_skipped_by_nonpositive_upper=91
270,3,lp,upper,100,1,0.006129099,0.006009817123413086,226,0,0,1,0,0,0,91,8,0,OPTIMAL=1,interval_proves_cutoff=91;upper_skipped_by_nonnegative_interval_lower=8
271,0,lp,lower,9,9,0.063215891,0.06227850914001465,1408,0,0,9,0,0,0,0,0,0,OPTIMAL=9,
271,0,lp,upper,9,9,0.063204993,0.06226634979248047,1414,0,0,9,0,0,0,0,0,0,OPTIMAL=9,
271,1,interval_arithmetic,lower,3136,0,0.0,0.0,0,0,0,0,0,926,0,0,0,2210,,interval_arithmetic=926;lower_skipped_by_nonpositive_upper=2210
271,1,interval_arithmetic,upper,3136,0,0.0,0.0,0,0,0,0,0,3136,0,0,0,0,,interval_arithmetic=3136
271,2,lp,lower,1568,89,0.10624038799999999,0.10088324546813965,1106,0,0,89,0,0,0,667,0,812,OPTIMAL=89,interval_proves_cutoff=667;lower_skipped_by_nonpositive_upper=812
271,2,lp,upper,1568,97,0.12300738300000004,0.1116032600402832,1255,0,0,97,0,0,0,804,667,0,OPTIMAL=97,interval_proves_cutoff=804;upper_skipped_by_nonnegative_interval_lower=667
271,3,lp,lower,100,1,0.004435199,0.004338264465332031,224,0,0,1,0,0,0,7,0,92,OPTIMAL=1,interval_proves_cutoff=7;lower_skipped_by_nonpositive_upper=92
271,3,lp,upper,100,2,0.009972099,0.009756088256835938,362,0,0,2,0,0,0,91,7,0,OPTIMAL=2,interval_proves_cutoff=91;upper_skipped_by_nonnegative_interval_lower=7
272,0,lp,lower,9,9,0.046739895000000004,0.045742034912109375,1354,0,0,9,0,0,0,0,0,0,OPTIMAL=9,
272,0,lp,upper,9,9,0.050260896,0.04920697212219238,1471,0,0,9,0,0,0,0,0,0,OPTIMAL=9,
272,1,interval_arithmetic,lower,3136,0,0.0,0.0,0,0,0,0,0,945,0,0,0,2191,,interval_arithmetic=945;lower_skipped_by_nonpositive_upper=2191
272,1,interval_arithmetic,upper,3136,0,0.0,0.0,0,0,0,0,0,3136,0,0,0,0,,interval_arithmetic=3136
272,2,lp,lower,1568,103,0.11134378600000003,0.10623693466186523,1189,0,0,103,0,0,0,670,0,795,OPTIMAL=103,interval_proves_cutoff=670;lower_skipped_by_nonpositive_upper=795
272,2,lp,upper,1568,106,0.12903508500000002,0.11556053161621094,1311,0,0,106,0,0,0,792,670,0,OPTIMAL=106,interval_proves_cutoff=792;upper_skipped_by_nonnegative_interval_lower=670
272,3,lp,lower,100,1,0.011590699,0.011455059051513672,269,0,0,1,0,0,0,8,0,91,OPTIMAL=1,interval_proves_cutoff=8;lower_skipped_by_nonpositive_upper=91
272,3,lp,upper,100,1,0.007204399,0.007063388824462891,213,0,0,1,0,0,0,91,8,0,OPTIMAL=1,interval_proves_cutoff=91;upper_skipped_by_nonnegative_interval_lower=8
273,0,lp,lower,9,9,0.05645779399999999,0.05545926094055176,1227,0,0,9,0,0,0,0,0,0,OPTIMAL=9,
273,0,lp,upper,9,9,0.050207893999999996,0.04932880401611328,1169,0,0,9,0,0,0,0,0,0,OPTIMAL=9,
273,1,interval_arithmetic,lower,3136,0,0.0,0.0,0,0,0,0,0,851,0,0,0,2285,,interval_arithmetic=851;lower_skipped_by_nonpositive_upper=2285
273,1,interval_arithmetic,upper,3136,0,0.0,0.0,0,0,0,0,0,3136,0,0,0,0,,interval_arithmetic=3136
273,2,lp,lower,1568,87,0.08129699000000003,0.07722926139831543,1039,0,0,87,0,0,0,619,0,862,OPTIMAL=87,interval_proves_cutoff=619;lower_skipped_by_nonpositive_upper=862
273,2,lp,upper,1568,93,0.10126538999999998,0.0910494327545166,1259,0,0,93,0,0,0,856,619,0,OPTIMAL=93,interval_proves_cutoff=856;upper_skipped_by_nonnegative_interval_lower=619
273,3,lp,lower,100,3,0.012259999,0.012014389038085938,351,0,0,3,0,0,0,6,0,91,OPTIMAL=3,interval_proves_cutoff=6;lower_skipped_by_nonpositive_upper=91
273,3,lp,upper,100,3,0.011316899,0.010988473892211914,349,0,0,3,0,0,0,91,6,0,OPTIMAL=3,interval_proves_cutoff=91;upper_skipped_by_nonnegative_interval_lower=6
274,0,lp,lower,9,9,0.042667495,0.04169654846191406,1264,0,0,9,0,0,0,0,0,0,OPTIMAL=9,
274,0,lp,upper,9,9,0.043742497,0.042756080627441406,1358,0,0,9,0,0,0,0,0,0,OPTIMAL=9,
274,1,interval_arithmetic,lower,3136,0,0.0,0.0,0,0,0,0,0,917,0,0,0,2219,,interval_arithmetic=917;lower_skipped_by_nonpositive_upper=2219
274,1,interval_arithmetic,upper,3136,0,0.0,0.0,0,0,0,0,0,3136,0,0,0,0,,interval_arithmetic=3136
274,2,lp,lower,1568,84,0.10378479000000004,0.09891963005065918,1139,0,0,84,0,0,0,655,0,829,OPTIMAL=84,interval_proves_cutoff=655;lower_skipped_by_nonpositive_upper=829
274,2,lp,upper,1568,87,0.49480764499999985,0.09828901290893555,1234,0,0,87,0,0,0,826,655,0,OPTIMAL=87,interval_proves_cutoff=826;upper_skipped_by_nonnegative_interval_lower=655
274,3,lp,lower,100,0,0.0,0.0,0,0,0,0,0,0,0,9,0,91,,interval_proves_cutoff=9;lower_skipped_by_nonpositive_upper=91
274,3,lp,upper,100,0,0.0,0.0,0,0,0,0,0,0,0,91,9,0,,interval_proves_cutoff=91;upper_skipped_by_nonnegative_interval_lower=9
275,0,lp,lower,9,9,0.050411583999999995,0.049368858337402344,1322,0,0,9,0,0,0,0,0,0,OPTIMAL=9,
275,0,lp,upper,9,9,0.063036678,0.06196451187133789,1454,0,0,9,0,0,0,0,0,0,OPTIMAL=9,
275,1,interval_arithmetic,lower,3136,0,0.0,0.0,0,0,0,0,0,944,0,0,0,2192,,interval_arithmetic=944;lower_skipped_by_nonpositive_upper=2192
275,1,interval_arithmetic,upper,3136,0,0.0,0.0,0,0,0,0,0,3136,0,0,0,0,,interval_arithmetic=3136
275,2,lp,lower,1568,94,0.09467169,0.08989429473876953,1500,0,0,94,0,0,0,669,0,805,OPTIMAL=94,interval_proves_cutoff=669;lower_skipped_by_nonpositive_upper=805
275,2,lp,upper,1568,101,0.11571228999999997,0.10407614707946777,1759,0,0,101,0,0,0,798,669,0,OPTIMAL=101,interval_proves_cutoff=798;upper_skipped_by_nonnegative_interval_lower=669
275,3,lp,lower,100,1,0.007058797,0.006966352462768555,275,0,0,1,0,0,0,8,0,91,OPTIMAL=1,interval_proves_cutoff=8;lower_skipped_by_nonpositive_upper=91
275,3,lp,upper,100,1,0.004448399,0.004327058792114258,182,0,0,1,0,0,0,91,8,0,OPTIMAL=1,interval_proves_cutoff=91;upper_skipped_by_nonnegative_interval_lower=8
276,0,lp,lower,9,9,0.061004579,0.059972286224365234,1265,0,0,9,0,0,0,0,0,0,OPTIMAL=9,
276,0,lp,upper,9,9,0.067422577,0.06627106666564941,1237,0,0,9,0,0,0,0,0,0,OPTIMAL=9,
276,1,interval_arithmetic,lower,3136,0,0.0,0.0,0,0,0,0,0,908,0,0,0,2228,,interval_arithmetic=908;lower_skipped_by_nonpositive_upper=2228
276,1,interval_arithmetic,upper,3136,0,0.0,0.0,0,0,0,0,0,3136,0,0,0,0,,interval_arithmetic=3136
276,2,lp,lower,1568,88,0.10801035799999999,0.10125136375427246,925,0,0,88,0,0,0,667,0,813,OPTIMAL=88,interval_proves_cutoff=667;lower_skipped_by_nonpositive_upper=813
276,2,lp,upper,1568,89,0.10570876100000001,0.0933988094329834,998,0,0,89,0,0,0,812,667,0,OPTIMAL=89,interval_proves_cutoff=812;upper_skipped_by_nonnegative_interval_lower=667
276,3,lp,lower,100,1,0.006051598,0.0059392452239990234,237,0,0,1,0,0,0,8,0,91,OPTIMAL=1,interval_proves_cutoff=8;lower_skipped_by_nonpositive_upper=91
276,3,lp,upper,100,1,0.005655298,0.005519866943359375,203,0,0,1,0,0,0,91,8,0,OPTIMAL=1,interval_proves_cutoff=91;upper_skipped_by_nonnegative_interval_lower=8
277,0,lp,lower,9,9,0.034207488,0.03326845169067383,751,0,0,9,0,0,0,0,0,0,OPTIMAL=9,
277,0,lp,upper,9,9,0.030472489,0.02951669692993164,758,0,0,9,0,0,0,0,0,0,OPTIMAL=9,
277,1,interval_arithmetic,lower,3136,0,0.0,0.0,0,0,0,0,0,853,0,0,0,2283,,interval_arithmetic=853;lower_skipped_by_nonpositive_upper=2283
277,1,interval_arithmetic,upper,3136,0,0.0,0.0,0,0,0,0,0,3136,0,0,0,0,,interval_arithmetic=3136
277,2,lp,lower,1568,57,0.06234297700000001,0.05796551704406738,405,0,0,57,0,0,0,639,0,872,OPTIMAL=57,interval_proves_cutoff=639;lower_skipped_by_nonpositive_upper=872
277,2,lp,upper,1568,57,0.06890197599999999,0.05886244773864746,540,0,0,57,0,0,0,872,639,0,OPTIMAL=57,interval_proves_cutoff=872;upper_skipped_by_nonnegative_interval_lower=639
277,3,lp,lower,100,1,0.003016599,0.002923727035522461,129,0,0,1,0,0,0,8,0,91,OPTIMAL=1,interval_proves_cutoff=8;lower_skipped_by_nonpositive_upper=91
277,3,lp,upper,100,1,0.003986098,0.0036382675170898438,116,0,0,1,0,0,0,91,8,0,OPTIMAL=1,interval_proves_cutoff=91;upper_skipped_by_nonnegative_interval_lower=8
278,0,lp,lower,9,9,0.029749987999999998,0.028883695602416992,872,0,0,9,0,0,0,0,0,0,OPTIMAL=9,
278,0,lp,upper,9,9,0.034413290000000006,0.03369927406311035,1017,0,0,9,0,0,0,0,0,0,OPTIMAL=9,
278,1,interval_arithmetic,lower,3136,0,0.0,0.0,0,0,0,0,0,941,0,0,0,2195,,interval_arithmetic=941;lower_skipped_by_nonpositive_upper=2195
278,1,interval_arithmetic,upper,3136,0,0.0,0.0,0,0,0,0,0,3136,0,0,0,0,,interval_arithmetic=3136
278,2,lp,lower,1568,75,0.08448027300000002,0.07997465133666992,791,0,0,75,0,0,0,664,0,829,OPTIMAL=75,interval_proves_cutoff=664;lower_skipped_by_nonpositive_upper=829
278,2,lp,upper,1568,84,0.09717526700000001,0.08500409126281738,984,0,0,84,0,0,0,820,664,0,OPTIMAL=84,interval_proves_cutoff=820;upper_skipped_by_nonnegative_interval_lower=664
278,3,lp,lower,100,0,0.0,0.0,0,0,0,0,0,0,0,9,0,91,,interval_proves_cutoff=9;lower_skipped_by_nonpositive_upper=91
278,3,lp,upper,100,0,0.0,0.0,0,0,0,0,0,0,0,91,9,0,,interval_proves_cutoff=91;upper_skipped_by_nonnegative_interval_lower=9
279,0,lp,lower,9,9,0.043049784,0.042028188705444336,1071,0,0,9,0,0,0,0,0,0,OPTIMAL=9,
279,0,lp,upper,9,9,0.041342086,0.040470123291015625,1074,0,0,9,0,0,0,0,0,0,OPTIMAL=9,
279,1,interval_arithmetic,lower,3136,0,0.0,0.0,0,0,0,0,0,917,0,0,0,2219,,interval_arithmetic=917;lower_skipped_by_nonpositive_upper=2219
279,1,interval_arithmetic,upper,3136,0,0.0,0.0,0,0,0,0,0,3136,0,0,0,0,,interval_arithmetic=3136
279,2,lp,lower,1568,79,0.08090117100000001,0.07686352729797363,475,0,0,79,0,0,0,688,0,801,OPTIMAL=79,interval_proves_cutoff=688;lower_skipped_by_nonpositive_upper=801
279,2,lp,upper,1568,81,0.08724096899999996,0.07776379585266113,587,0,0,81,0,0,0,799,688,0,OPTIMAL=81,interval_proves_cutoff=799;upper_skipped_by_nonnegative_interval_lower=688
279,3,lp,lower,100,1,0.004025599,0.0039348602294921875,182,0,0,1,0,0,0,8,0,91,OPTIMAL=1,interval_proves_cutoff=8;lower_skipped_by_nonpositive_upper=91
279,3,lp,upper,100,1,0.004863198,0.0047533512115478516,182,0,0,1,0,0,0,91,8,0,OPTIMAL=1,interval_proves_cutoff=91;upper_skipped_by_nonnegative_interval_lower=8
280,0,lp,lower,9,9,0.02763369,0.0268707275390625,774,0,0,9,0,0,0,0,0,0,OPTIMAL=9,
280,0,lp,upper,9,9,0.025183197,0.024418115615844727,761,0,0,9,0,0,0,0,0,0,OPTIMAL=9,
280,1,interval_arithmetic,lower,3136,0,0.0,0.0,0,0,0,0,0,836,0,0,0,2300,,interval_arithmetic=836;lower_skipped_by_nonpositive_upper=2300
280,1,interval_arithmetic,upper,3136,0,0.0,0.0,0,0,0,0,0,3136,0,0,0,0,,interval_arithmetic=3136
280,2,lp,lower,1568,60,0.05984038099999999,0.05630826950073242,422,0,0,60,0,0,0,628,0,880,OPTIMAL=60,interval_proves_cutoff=628;lower_skipped_by_nonpositive_upper=880
280,2,lp,upper,1568,65,0.08089057599999996,0.0709834098815918,669,0,0,65,0,0,0,875,628,0,OPTIMAL=65,interval_proves_cutoff=875;upper_skipped_by_nonnegative_interval_lower=628
280,3,lp,lower,100,0,0.0,0.0,0,0,0,0,0,0,0,9,0,91,,interval_proves_cutoff=9;lower_skipped_by_nonpositive_upper=91
280,3,lp,upper,100,0,0.0,0.0,0,0,0,0,0,0,0,91,9,0,,interval_proves_cutoff=91;upper_skipped_by_nonnegative_interval_lower=9
281,0,lp,lower,9,9,0.028895402,0.02820277214050293,1126,0,0,9,0,0,0,0,0,0,OPTIMAL=9,
281,0,lp,upper,9,9,0.0281909,0.027498245239257812,1076,0,0,9,0,0,0,0,0,0,OPTIMAL=9,
281,1,interval_arithmetic,lower,3136,0,0.0,0.0,0,0,0,0,0,921,0,0,0,2215,,interval_arithmetic=921;lower_skipped_by_nonpositive_upper=2215
281,1,interval_arithmetic,upper,3136,0,0.0,0.0,0,0,0,0,0,3136,0,0,0,0,,interval_arithmetic=3136
281,2,lp,lower,1568,71,0.073375301,0.07028985023498535,948,0,0,71,0,0,0,681,0,816,OPTIMAL=71,interval_proves_cutoff=681;lower_skipped_by_nonpositive_upper=816
281,2,lp,upper,1568,79,0.09160958000000001,0.0826270580291748,1196,0,0,79,0,0,0,808,681,0,OPTIMAL=79,interval_proves_cutoff=808;upper_skipped_by_nonnegative_interval_lower=681
281,3,lp,lower,100,2,0.0055222,0.0053865909576416016,230,0,0,2,0,0,0,7,0,91,OPTIMAL=2,interval_proves_cutoff=7;lower_skipped_by_nonpositive_upper=91
281,3,lp,upper,100,2,0.0072472000000000005,0.007063627243041992,273,0,0,2,0,0,0,91,7,0,OPTIMAL=2,interval_proves_cutoff=91;upper_skipped_by_nonnegative_interval_lower=7
282,0,lp,lower,9,9,0.042590901,0.041672706604003906,1040,0,0,9,0,0,0,0,0,0,OPTIMAL=9,
282,0,lp,upper,9,9,0.046788801000000005,0.04584932327270508,1080,0,0,9,0,0,0,0,0,0,OPTIMAL=9,
282,1,interval_arithmetic,lower,3136,0,0.0,0.0,0,0,0,0,0,907,0,0,0,2229,,interval_arithmetic=907;lower_skipped_by_nonpositive_upper=2229
282,1,interval_arithmetic,upper,3136,0,0.0,0.0,0,0,0,0,0,3136,0,0,0,0,,interval_arithmetic=3136
282,2,lp,lower,1568,75,0.07534860199999999,0.07116985321044922,780,0,0,75,0,0,0,655,0,838,OPTIMAL=75,interval_proves_cutoff=655;lower_skipped_by_nonpositive_upper=838
282,2,lp,upper,1568,88,0.10132080299999997,0.09060025215148926,1008,0,0,88,0,0,0,825,655,0,OPTIMAL=88,interval_proves_cutoff=825;upper_skipped_by_nonnegative_interval_lower=655
282,3,lp,lower,100,2,0.006419001000000001,0.006230354309082031,214,0,0,2,0,0,0,7,0,91,OPTIMAL=2,interval_proves_cutoff=7;lower_skipped_by_nonpositive_upper=91
282,3,lp,upper,100,2,0.006737399999999999,0.006478548049926758,220,0,0,2,0,0,0,91,7,0,OPTIMAL=2,interval_proves_cutoff=91;upper_skipped_by_nonnegative_interval_lower=7
284,0,lp,lower,9,9,0.068773105,0.06798386573791504,1588,0,0,9,0,0,0,0,0,0,OPTIMAL=9,
284,0,lp,upper,9,9,0.08093040400000001,0.08011841773986816,1691,0,0,9,0,0,0,0,0,0,OPTIMAL=9,
284,1,interval_arithmetic,lower,3136,0,0.0,0.0,0,0,0,0,0,878,0,0,0,2258,,interval_arithmetic=878;lower_skipped_by_nonpositive_upper=2258
284,1,interval_arithmetic,upper,3136,0,0.0,0.0,0,0,0,0,0,3136,0,0,0,0,,interval_arithmetic=3136
284,2,lp,lower,1568,94,0.09360160800000002,0.08975076675415039,1325,0,0,94,0,0,0,643,0,831,OPTIMAL=94,interval_proves_cutoff=643;lower_skipped_by_nonpositive_upper=831
284,2,lp,upper,1568,101,0.10776150500000001,0.09770512580871582,1579,0,0,101,0,0,0,824,643,0,OPTIMAL=101,interval_proves_cutoff=824;upper_skipped_by_nonnegative_interval_lower=643
284,3,lp,lower,100,2,0.010346601,0.010217428207397461,321,0,0,2,0,0,0,7,0,91,OPTIMAL=2,interval_proves_cutoff=7;lower_skipped_by_nonpositive_upper=91
284,3,lp,upper,100,2,0.008695601,0.008513450622558594,349,0,0,2,0,0,0,91,7,0,OPTIMAL=2,interval_proves_cutoff=91;upper_skipped_by_nonnegative_interval_lower=7
285,0,lp,lower,9,9,0.05240890300000001,0.05159258842468262,1450,0,0,9,0,0,0,0,0,0,OPTIMAL=9,
285,0,lp,upper,9,9,0.053218605,0.05231523513793945,1551,0,0,9,0,0,0,0,0,0,OPTIMAL=9,
285,1,interval_arithmetic,lower,3136,0,0.0,0.0,0,0,0,0,0,914,0,0,0,2222,,interval_arithmetic=914;lower_skipped_by_nonpositive_upper=2222
285,1,interval_arithmetic,upper,3136,0,0.0,0.0,0,0,0,0,0,3136,0,0,0,0,,interval_arithmetic=3136
285,2,lp,lower,1568,99,0.10948380699999997,0.1053919792175293,1811,0,0,99,0,0,0,652,0,817,OPTIMAL=99,interval_proves_cutoff=652;lower_skipped_by_nonpositive_upper=817
285,2,lp,upper,1568,107,0.123140804,0.11250925064086914,1989,0,0,107,0,0,0,809,652,0,OPTIMAL=107,interval_proves_cutoff=809;upper_skipped_by_nonnegative_interval_lower=652
285,3,lp,lower,100,0,0.0,0.0,0,0,0,0,0,0,0,9,0,91,,interval_proves_cutoff=9;lower_skipped_by_nonpositive_upper=91
285,3,lp,upper,100,0,0.0,0.0,0,0,0,0,0,0,0,91,9,0,,interval_proves_cutoff=91;upper_skipped_by_nonnegative_interval_lower=9
286,0,lp,lower,9,9,0.056453004,0.05548262596130371,1569,0,0,9,0,0,0,0,0,0,OPTIMAL=9,
286,0,lp,upper,9,9,0.057473605000000004,0.05660438537597656,1590,0,0,9,0,0,0,0,0,0,OPTIMAL=9,
286,1,interval_arithmetic,lower,3136,0,0.0,0.0,0,0,0,0,0,919,0,0,0,2217,,interval_arithmetic=919;lower_skipped_by_nonpositive_upper=2217
286,1,interval_arithmetic,upper,3136,0,0.0,0.0,0,0,0,0,0,3136,0,0,0,0,,interval_arithmetic=3136
286,2,lp,lower,1568,105,0.11013750900000001,0.10538172721862793,1366,0,0,105,0,0,0,655,0,808,OPTIMAL=105,interval_proves_cutoff=655;lower_skipped_by_nonpositive_upper=808
286,2,lp,upper,1568,115,0.12703060700000002,0.11575126647949219,1596,0,0,115,0,0,0,798,655,0,OPTIMAL=115,interval_proves_cutoff=798;upper_skipped_by_nonnegative_interval_lower=655
286,3,lp,lower,100,1,0.0059954,0.005906105041503906,278,0,0,1,0,0,0,8,0,91,OPTIMAL=1,interval_proves_cutoff=8;lower_skipped_by_nonpositive_upper=91
286,3,lp,upper,100,1,0.0050038,0.004896640777587891,214,0,0,1,0,0,0,91,8,0,OPTIMAL=1,interval_proves_cutoff=91;upper_skipped_by_nonnegative_interval_lower=8
287,0,lp,lower,9,9,0.038200203,0.03724074363708496,1105,0,0,9,0,0,0,0,0,0,OPTIMAL=9,
287,0,lp,upper,9,9,0.035573503,0.034622907638549805,1147,0,0,9,0,0,0,0,0,0,OPTIMAL=9,
287,1,interval_arithmetic,lower,3136,0,0.0,0.0,0,0,0,0,0,906,0,0,0,2230,,interval_arithmetic=906;lower_skipped_by_nonpositive_upper=2230
287,1,interval_arithmetic,upper,3136,0,0.0,0.0,0,0,0,0,0,3136,0,0,0,0,,interval_arithmetic=3136
287,2,lp,lower,1568,74,0.08922820999999996,0.08426046371459961,1001,0,0,74,0,0,0,645,0,849,OPTIMAL=74,interval_proves_cutoff=645;lower_skipped_by_nonpositive_upper=849
287,2,lp,upper,1568,84,0.53591094,0.10339927673339844,1261,0,0,84,0,0,0,839,645,0,OPTIMAL=84,interval_proves_cutoff=839;upper_skipped_by_nonnegative_interval_lower=645
287,3,lp,lower,100,0,0.0,0.0,0,0,0,0,0,0,0,9,0,91,,interval_proves_cutoff=9;lower_skipped_by_nonpositive_upper=91
287,3,lp,upper,100,0,0.0,0.0,0,0,0,0,0,0,0,91,9,0,,interval_proves_cutoff=91;upper_skipped_by_nonnegative_interval_lower=9
288,0,lp,lower,9,9,0.037801903,0.03698086738586426,1084,0,0,9,0,0,0,0,0,0,OPTIMAL=9,
288,0,lp,upper,9,9,0.037979803,0.03709292411804199,1173,0,0,9,0,0,0,0,0,0,OPTIMAL=9,
288,1,interval_arithmetic,lower,3136,0,0.0,0.0,0,0,0,0,0,920,0,0,0,2216,,interval_arithmetic=920;lower_skipped_by_nonpositive_upper=2216
288,1,interval_arithmetic,upper,3136,0,0.0,0.0,0,0,0,0,0,3136,0,0,0,0,,interval_arithmetic=3136
288,2,lp,lower,1568,94,0.09584690700000001,0.09082961082458496,840,0,0,94,0,0,0,669,0,805,OPTIMAL=94,interval_proves_cutoff=669;lower_skipped_by_nonpositive_upper=805
288,2,lp,upper,1568,97,0.09901800899999998,0.08860993385314941,977,0,0,97,0,0,0,802,669,0,OPTIMAL=97,interval_proves_cutoff=802;upper_skipped_by_nonnegative_interval_lower=669
288,3,lp,lower,100,0,0.0,0.0,0,0,0,0,0,0,0,9,0,91,,interval_proves_cutoff=9;lower_skipped_by_nonpositive_upper=91
288,3,lp,upper,100,0,0.0,0.0,0,0,0,0,0,0,0,91,9,0,,interval_proves_cutoff=91;upper_skipped_by_nonnegative_interval_lower=9
289,0,lp,lower,9,9,0.019520002000000005,0.018728971481323242,577,0,0,9,0,0,0,0,0,0,OPTIMAL=9,
289,0,lp,upper,9,9,0.022288003,0.021390199661254883,652,0,0,9,0,0,0,0,0,0,OPTIMAL=9,
289,1,interval_arithmetic,lower,3136,0,0.0,0.0,0,0,0,0,0,854,0,0,0,2282,,interval_arithmetic=854;lower_skipped_by_nonpositive_upper=2282
289,1,interval_arithmetic,upper,3136,0,0.0,0.0,0,0,0,0,0,3136,0,0,0,0,,interval_arithmetic=3136
289,2,lp,lower,1568,49,0.035003901,0.0330049991607666,183,0,0,49,0,0,0,642,0,877,OPTIMAL=49,interval_proves_cutoff=642;lower_skipped_by_nonpositive_upper=877
289,2,lp,upper,1568,49,0.044356804,0.03674674034118652,269,0,0,49,0,0,0,877,642,0,OPTIMAL=49,interval_proves_cutoff=877;upper_skipped_by_nonnegative_interval_lower=642
289,3,lp,lower,100,0,0.0,0.0,0,0,0,0,0,0,0,9,0,91,,interval_proves_cutoff=9;lower_skipped_by_nonpositive_upper=91
289,3,lp,upper,100,0,0.0,0.0,0,0,0,0,0,0,0,91,9,0,,interval_proves_cutoff=91;upper_skipped_by_nonnegative_interval_lower=9
290,0,lp,lower,9,9,0.0583355,0.05721926689147949,1347,0,0,9,0,0,0,0,0,0,OPTIMAL=9,
290,0,lp,upper,9,9,0.056125401,0.05515575408935547,1438,0,0,9,0,0,0,0,0,0,OPTIMAL=9,
290,1,interval_arithmetic,lower,3136,0,0.0,0.0,0,0,0,0,0,889,0,0,0,2247,,interval_arithmetic=889;lower_skipped_by_nonpositive_upper=2247
290,1,interval_arithmetic,upper,3136,0,0.0,0.0,0,0,0,0,0,3136,0,0,0,0,,interval_arithmetic=3136
290,2,lp,lower,1568,93,0.10116000699999998,0.09655070304870605,1188,0,0,93,0,0,0,667,0,808,OPTIMAL=93,interval_proves_cutoff=667;lower_skipped_by_nonpositive_upper=808
290,2,lp,upper,1568,95,0.124280506,0.11251568794250488,1367,0,0,95,0,0,0,806,667,0,OPTIMAL=95,interval_proves_cutoff=806;upper_skipped_by_nonnegative_interval_lower=667
290,3,lp,lower,100,0,0.0,0.0,0,0,0,0,0,0,0,9,0,91,,interval_proves_cutoff=9;lower_skipped_by_nonpositive_upper=91
290,3,lp,upper,100,0,0.0,0.0,0,0,0,0,0,0,0,91,9,0,,interval_proves_cutoff=91;upper_skipped_by_nonnegative_interval_lower=9
291,0,lp,lower,9,9,0.04516130199999999,0.04425644874572754,1231,0,0,9,0,0,0,0,0,0,OPTIMAL=9,
291,0,lp,upper,9,9,0.045612001,0.04474520683288574,1237,0,0,9,0,0,0,0,0,0,OPTIMAL=9,
291,1,interval_arithmetic,lower,3136,0,0.0,0.0,0,0,0,0,0,937,0,0,0,2199,,interval_arithmetic=937;lower_skipped_by_nonpositive_upper=2199
291,1,interval_arithmetic,upper,3136,0,0.0,0.0,0,0,0,0,0,3136,0,0,0,0,,interval_arithmetic=3136
291,2,lp,lower,1568,79,0.09093730199999998,0.08713531494140625,1378,0,0,79,0,0,0,687,0,802,OPTIMAL=79,interval_proves_cutoff=687;lower_skipped_by_nonpositive_upper=802
291,2,lp,upper,1568,86,0.11639640600000002,0.10605311393737793,1608,0,0,86,0,0,0,795,687,0,OPTIMAL=86,interval_proves_cutoff=795;upper_skipped_by_nonnegative_interval_lower=687
291,3,lp,lower,100,1,0.008448701,0.008338689804077148,282,0,0,1,0,0,0,8,0,91,OPTIMAL=1,interval_proves_cutoff=8;lower_skipped_by_nonpositive_upper=91
291,3,lp,upper,100,1,0.0042362,0.004126787185668945,201,0,0,1,0,0,0,91,8,0,OPTIMAL=1,interval_proves_cutoff=91;upper_skipped_by_nonnegative_interval_lower=8
292,0,lp,lower,9,9,0.064093503,0.06307506561279297,1545,0,0,9,0,0,0,0,0,0,OPTIMAL=9,
292,0,lp,upper,9,9,0.055773902,0.0547635555267334,1693,0,0,9,0,0,0,0,0,0,OPTIMAL=9,
292,1,interval_arithmetic,lower,3136,0,0.0,0.0,0,0,0,0,0,939,0,0,0,2197,,interval_arithmetic=939;lower_skipped_by_nonpositive_upper=2197
292,1,interval_arithmetic,upper,3136,0,0.0,0.0,0,0,0,0,0,3136,0,0,0,0,,interval_arithmetic=3136
292,2,lp,lower,1568,104,0.11590850700000002,0.1108696460723877,1706,0,0,104,0,0,0,663,0,801,OPTIMAL=104,interval_proves_cutoff=663;lower_skipped_by_nonpositive_upper=801
292,2,lp,upper,1568,110,0.13649090499999997,0.12560319900512695,1779,0,0,110,0,0,0,795,663,0,OPTIMAL=110,interval_proves_cutoff=795;upper_skipped_by_nonnegative_interval_lower=663
292,3,lp,lower,100,0,0.0,0.0,0,0,0,0,0,0,0,9,0,91,,interval_proves_cutoff=9;lower_skipped_by_nonpositive_upper=91
292,3,lp,upper,100,0,0.0,0.0,0,0,0,0,0,0,0,91,9,0,,interval_proves_cutoff=91;upper_skipped_by_nonnegative_interval_lower=9
293,0,lp,lower,9,9,0.027813701,0.026981115341186523,746,0,0,9,0,0,0,0,0,0,OPTIMAL=9,
293,0,lp,upper,9,9,0.037292401999999995,0.03631949424743652,841,0,0,9,0,0,0,0,0,0,OPTIMAL=9,
293,1,interval_arithmetic,lower,3136,0,0.0,0.0,0,0,0,0,0,906,0,0,0,2230,,interval_arithmetic=906;lower_skipped_by_nonpositive_upper=2230
293,1,interval_arithmetic,upper,3136,0,0.0,0.0,0,0,0,0,0,3136,0,0,0,0,,interval_arithmetic=3136
293,2,lp,lower,1568,59,0.062295907,0.0591578483581543,507,0,0,59,0,0,0,683,0,826,OPTIMAL=59,interval_proves_cutoff=683;lower_skipped_by_nonpositive_upper=826
293,2,lp,upper,1568,61,0.07650210599999999,0.06720089912414551,594,0,0,61,0,0,0,824,683,0,OPTIMAL=61,interval_proves_cutoff=824;upper_skipped_by_nonnegative_interval_lower=683
293,3,lp,lower,100,0,0.0,0.0,0,0,0,0,0,0,0,9,0,91,,interval_proves_cutoff=9;lower_skipped_by_nonpositive_upper=91
293,3,lp,upper,100,0,0.0,0.0,0,0,0,0,0,0,0,91,9,0,,interval_proves_cutoff=91;upper_skipped_by_nonnegative_interval_lower=9
294,0,lp,lower,9,9,0.045575404,0.044744253158569336,1233,0,0,9,0,0,0,0,0,0,OPTIMAL=9,
294,0,lp,upper,9,9,0.039055802,0.03819441795349121,1121,0,0,9,0,0,0,0,0,0,OPTIMAL=9,
294,1,interval_arithmetic,lower,3136,0,0.0,0.0,0,0,0,0,0,921,0,0,0,2215,,interval_arithmetic=921;lower_skipped_by_nonpositive_upper=2215
294,1,interval_arithmetic,upper,3136,0,0.0,0.0,0,0,0,0,0,3136,0,0,0,0,,interval_arithmetic=3136
294,2,lp,lower,1568,73,0.09240200599999998,0.08713054656982422,832,0,0,73,0,0,0,668,0,827,OPTIMAL=73,interval_proves_cutoff=668;lower_skipped_by_nonpositive_upper=827
294,2,lp,upper,1568,74,0.094340106,0.08381342887878418,946,0,0,74,0,0,0,826,668,0,OPTIMAL=74,interval_proves_cutoff=826;upper_skipped_by_nonnegative_interval_lower=668
294,3,lp,lower,100,2,0.0071062,0.006970882415771484,232,0,0,2,0,0,0,7,0,91,OPTIMAL=2,interval_proves_cutoff=7;lower_skipped_by_nonpositive_upper=91
294,3,lp,upper,100,2,0.0072745,0.007081747055053711,250,0,0,2,0,0,0,91,7,0,OPTIMAL=2,interval_proves_cutoff=91;upper_skipped_by_nonnegative_interval_lower=7
295,0,lp,lower,9,9,0.074201404,0.07309985160827637,1552,0,0,9,0,0,0,0,0,0,OPTIMAL=9,
295,0,lp,upper,9,9,0.061648102999999996,0.06067538261413574,1597,0,0,9,0,0,0,0,0,0,OPTIMAL=9,
295,1,interval_arithmetic,lower,3136,0,0.0,0.0,0,0,0,0,0,931,0,0,0,2205,,interval_arithmetic=931;lower_skipped_by_nonpositive_upper=2205
295,1,interval_arithmetic,upper,3136,0,0.0,0.0,0,0,0,0,0,3136,0,0,0,0,,interval_arithmetic=3136
295,2,lp,lower,1568,109,0.123306506,0.11767101287841797,1652,0,0,109,0,0,0,673,0,786,OPTIMAL=109,interval_proves_cutoff=673;lower_skipped_by_nonpositive_upper=786
295,2,lp,upper,1568,116,0.15182920799999997,0.13965058326721191,1797,0,0,116,0,0,0,779,673,0,OPTIMAL=116,interval_proves_cutoff=779;upper_skipped_by_nonnegative_interval_lower=673
295,3,lp,lower,100,1,0.011201101,0.011070489883422852,301,0,0,1,0,0,0,8,0,91,OPTIMAL=1,interval_proves_cutoff=8;lower_skipped_by_nonpositive_upper=91
295,3,lp,upper,100,1,0.007630201,0.00747370719909668,243,0,0,1,0,0,0,91,8,0,OPTIMAL=1,interval_proves_cutoff=91;upper_skipped_by_nonnegative_interval_lower=8
296,0,lp,lower,9,9,0.055835246000000005,0.05486726760864258,1338,0,0,9,0,0,0,0,0,0,OPTIMAL=9,
296,0,lp,upper,9,9,0.067594103,0.06660270690917969,1423,0,0,9,0,0,0,0,0,0,OPTIMAL=9,
296,1,interval_arithmetic,lower,3136,0,0.0,0.0,0,0,0,0,0,900,0,0,0,2236,,interval_arithmetic=900;lower_skipped_by_nonpositive_upper=2236
296,1,interval_arithmetic,upper,3136,0,0.0,0.0,0,0,0,0,0,3136,0,0,0,0,,interval_arithmetic=3136
296,2,lp,lower,1568,98,0.11469640700000006,0.10807061195373535,999,0,0,98,0,0,0,663,0,807,OPTIMAL=98,interval_proves_cutoff=663;lower_skipped_by_nonpositive_upper=807
296,2,lp,upper,1568,100,0.12033960900000008,0.10702681541442871,1029,0,0,100,0,0,0,805,663,0,OPTIMAL=100,interval_proves_cutoff=805;upper_skipped_by_nonnegative_interval_lower=663
296,3,lp,lower,100,1,0.006735801,0.006623506546020508,242,0,0,1,0,0,0,8,0,91,OPTIMAL=1,interval_proves_cutoff=8;lower_skipped_by_nonpositive_upper=91
296,3,lp,upper,100,1,0.0055785,0.0054492950439453125,217,0,0,1,0,0,0,91,8,0,OPTIMAL=1,interval_proves_cutoff=91;upper_skipped_by_nonnegative_interval_lower=8
297,0,lp,lower,9,9,0.05159562299999999,0.050646305084228516,1415,0,0,9,0,0,0,0,0,0,OPTIMAL=9,
297,0,lp,upper,9,9,0.06904066,0.06806731224060059,1670,0,0,9,0,0,0,0,0,0,OPTIMAL=9,
297,1,interval_arithmetic,lower,3136,0,0.0,0.0,0,0,0,0,0,980,0,0,0,2156,,interval_arithmetic=980;lower_skipped_by_nonpositive_upper=2156
297,1,interval_arithmetic,upper,3136,0,0.0,0.0,0,0,0,0,0,3136,0,0,0,0,,interval_arithmetic=3136
297,2,lp,lower,1568,86,0.13016414399999995,0.12239766120910645,1052,0,0,86,0,0,0,708,0,774,OPTIMAL=86,interval_proves_cutoff=708;lower_skipped_by_nonpositive_upper=774
297,2,lp,upper,1568,92,0.12145337500000004,0.10934686660766602,1146,0,0,92,0,0,0,768,708,0,OPTIMAL=92,interval_proves_cutoff=768;upper_skipped_by_nonnegative_interval_lower=708
297,3,lp,lower,100,1,0.004789183,0.004677772521972656,224,0,0,1,0,0,0,8,0,91,OPTIMAL=1,interval_proves_cutoff=8;lower_skipped_by_nonpositive_upper=91
297,3,lp,upper,100,1,0.003597787,0.003482818603515625,177,0,0,1,0,0,0,91,8,0,OPTIMAL=1,interval_proves_cutoff=91;upper_skipped_by_nonnegative_interval_lower=8
298,0,lp,lower,9,9,0.05706680099999999,0.055904388427734375,1615,0,0,9,0,0,0,0,0,0,OPTIMAL=9,
298,0,lp,upper,9,9,0.075660438,0.07447648048400879,1794,0,0,9,0,0,0,0,0,0,OPTIMAL=9,
298,1,interval_arithmetic,lower,3136,0,0.0,0.0,0,0,0,0,0,944,0,0,0,2192,,interval_arithmetic=944;lower_skipped_by_nonpositive_upper=2192
298,1,interval_arithmetic,upper,3136,0,0.0,0.0,0,0,0,0,0,3136,0,0,0,0,,interval_arithmetic=3136
298,2,lp,lower,1568,129,0.14061571399999995,0.13291049003601074,1572,0,0,129,0,0,0,679,0,760,OPTIMAL=129,interval_proves_cutoff=679;lower_skipped_by_nonpositive_upper=760
298,2,lp,upper,1568,134,0.16162443199999998,0.14779257774353027,1852,0,0,134,0,0,0,755,679,0,OPTIMAL=134,interval_proves_cutoff=755;upper_skipped_by_nonnegative_interval_lower=679
298,3,lp,lower,100,1,0.011616459,0.01149606704711914,350,0,0,1,0,0,0,8,0,91,OPTIMAL=1,interval_proves_cutoff=8;lower_skipped_by_nonpositive_upper=91
298,3,lp,upper,100,1,0.011331161,0.011089086532592773,314,0,0,1,0,0,0,91,8,0,OPTIMAL=1,interval_proves_cutoff=91;upper_skipped_by_nonnegative_interval_lower=8
299,0,lp,lower,9,9,0.056602404,0.05560708045959473,1528,0,0,9,0,0,0,0,0,0,OPTIMAL=9,
299,0,lp,upper,9,9,0.062086404000000005,0.06111788749694824,1582,0,0,9,0,0,0,0,0,0,OPTIMAL=9,
299,1,interval_arithmetic,lower,3136,0,0.0,0.0,0,0,0,0,0,950,0,0,0,2186,,interval_arithmetic=950;lower_skipped_by_nonpositive_upper=2186
299,1,interval_arithmetic,upper,3136,0,0.0,0.0,0,0,0,0,0,3136,0,0,0,0,,interval_arithmetic=3136
299,2,lp,lower,1568,96,0.141445206,0.13466715812683105,1767,0,0,96,0,0,0,674,0,798,OPTIMAL=96,interval_proves_cutoff=674;lower_skipped_by_nonpositive_upper=798
299,2,lp,upper,1568,104,0.16192521,0.1483461856842041,2049,0,0,104,0,0,0,790,674,0,OPTIMAL=104,interval_proves_cutoff=790;upper_skipped_by_nonnegative_interval_lower=674
299,3,lp,lower,100,1,0.0091187,0.00897359848022461,290,0,0,1,0,0,0,8,0,91,OPTIMAL=1,interval_proves_cutoff=8;lower_skipped_by_nonpositive_upper=91
299,3,lp,upper,100,1,0.0059268,0.0058040618896484375,224,0,0,1,0,0,0,91,8,0,OPTIMAL=1,interval_proves_cutoff=91;upper_skipped_by_nonnegative_interval_lower=8
300,0,lp,lower,9,9,0.072487606,0.07151913642883301,1557,0,0,9,0,0,0,0,0,0,OPTIMAL=9,
300,0,lp,upper,9,9,0.063761304,0.06270313262939453,1371,0,0,9,0,0,0,0,0,0,OPTIMAL=9,
300,1,interval_arithmetic,lower,3136,0,0.0,0.0,0,0,0,0,0,919,0,0,0,2217,,interval_arithmetic=919;lower_skipped_by_nonpositive_upper=2217
300,1,interval_arithmetic,upper,3136,0,0.0,0.0,0,0,0,0,0,3136,0,0,0,0,,interval_arithmetic=3136
300,2,lp,lower,1568,94,0.10615430900000004,0.10034394264221191,1697,0,0,94,0,0,0,658,0,816,OPTIMAL=94,interval_proves_cutoff=658;lower_skipped_by_nonpositive_upper=816
300,2,lp,upper,1568,108,0.122124408,0.10971975326538086,1952,0,0,108,0,0,0,802,658,0,OPTIMAL=108,interval_proves_cutoff=802;upper_skipped_by_nonnegative_interval_lower=658
300,3,lp,lower,100,1,0.009207501,0.009091615676879883,283,0,0,1,0,0,0,8,0,91,OPTIMAL=1,interval_proves_cutoff=8;lower_skipped_by_nonpositive_upper=91
300,3,lp,upper,100,1,0.0054087,0.005301475524902344,200,0,0,1,0,0,0,91,8,0,OPTIMAL=1,interval_proves_cutoff=91;upper_skipped_by_nonnegative_interval_lower=8
301,0,lp,lower,9,9,0.047290003,0.046235084533691406,1178,0,0,9,0,0,0,0,0,0,OPTIMAL=9,
301,0,lp,upper,9,9,0.057922504,0.05688977241516113,1248,0,0,9,0,0,0,0,0,0,OPTIMAL=9,
301,1,interval_arithmetic,lower,3136,0,0.0,0.0,0,0,0,0,0,883,0,0,0,2253,,interval_arithmetic=883;lower_skipped_by_nonpositive_upper=2253
301,1,interval_arithmetic,upper,3136,0,0.0,0.0,0,0,0,0,0,3136,0,0,0,0,,interval_arithmetic=3136
301,2,lp,lower,1568,82,0.104591008,0.09824275970458984,1342,0,0,82,0,0,0,646,0,840,OPTIMAL=82,interval_proves_cutoff=646;lower_skipped_by_nonpositive_upper=840
301,2,lp,upper,1568,86,0.10456840799999997,0.08863115310668945,1468,0,0,86,0,0,0,836,646,0,OPTIMAL=86,interval_proves_cutoff=836;upper_skipped_by_nonnegative_interval_lower=646
301,3,lp,lower,100,1,0.0066815,0.0065805912017822266,223,0,0,1,0,0,0,8,0,91,OPTIMAL=1,interval_proves_cutoff=8;lower_skipped_by_nonpositive_upper=91
301,3,lp,upper,100,1,0.005443901,0.005320072174072266,207,0,0,1,0,0,0,91,8,0,OPTIMAL=1,interval_proves_cutoff=91;upper_skipped_by_nonnegative_interval_lower=8
302,0,lp,lower,9,9,0.057613886999999996,0.056581974029541016,1354,0,0,9,0,0,0,0,0,0,OPTIMAL=9,
302,0,lp,upper,9,9,0.058861489999999995,0.05781412124633789,1407,0,0,9,0,0,0,0,0,0,OPTIMAL=9,
302,1,interval_arithmetic,lower,3136,0,0.0,0.0,0,0,0,0,0,930,0,0,0,2206,,interval_arithmetic=930;lower_skipped_by_nonpositive_upper=2206
302,1,interval_arithmetic,upper,3136,0,0.0,0.0,0,0,0,0,0,3136,0,0,0,0,,interval_arithmetic=3136
302,2,lp,lower,1568,78,0.08547748499999999,0.08044910430908203,1246,0,0,78,0,0,0,651,0,839,OPTIMAL=78,interval_proves_cutoff=651;lower_skipped_by_nonpositive_upper=839
302,2,lp,upper,1568,82,0.10357717500000001,0.09134125709533691,1457,0,0,82,0,0,0,835,651,0,OPTIMAL=82,interval_proves_cutoff=835;upper_skipped_by_nonnegative_interval_lower=651
302,3,lp,lower,100,1,0.005916398,0.005803585052490234,237,0,0,1,0,0,0,8,0,91,OPTIMAL=1,interval_proves_cutoff=8;lower_skipped_by_nonpositive_upper=91
302,3,lp,upper,100,1,0.005446599,0.0051288604736328125,198,0,0,1,0,0,0,91,8,0,OPTIMAL=1,interval_proves_cutoff=91;upper_skipped_by_nonnegative_interval_lower=8
303,0,lp,lower,9,9,0.040415693,0.03942513465881348,880,0,0,9,0,0,0,0,0,0,OPTIMAL=9,
303,0,lp,upper,9,9,0.056446590000000005,0.05545616149902344,912,0,0,9,0,0,0,0,0,0,OPTIMAL=9,
303,1,interval_arithmetic,lower,3136,0,0.0,0.0,0,0,0,0,0,856,0,0,0,2280,,interval_arithmetic=856;lower_skipped_by_nonpositive_upper=2280
303,1,interval_arithmetic,upper,3136,0,0.0,0.0,0,0,0,0,0,3136,0,0,0,0,,interval_arithmetic=3136
303,2,lp,lower,1568,61,0.08713448299999997,0.08159732818603516,880,0,0,61,0,0,0,644,0,863,OPTIMAL=61,interval_proves_cutoff=644;lower_skipped_by_nonpositive_upper=863
303,2,lp,upper,1568,68,0.084462484,0.07373309135437012,966,0,0,68,0,0,0,856,644,0,OPTIMAL=68,interval_proves_cutoff=856;upper_skipped_by_nonnegative_interval_lower=644
303,3,lp,lower,100,2,0.011481898,0.011213302612304688,204,0,0,2,0,0,0,7,0,91,OPTIMAL=2,interval_proves_cutoff=7;lower_skipped_by_nonpositive_upper=91
303,3,lp,upper,100,2,0.009037198,0.008597612380981445,219,0,0,2,0,0,0,91,7,0,OPTIMAL=2,interval_proves_cutoff=91;upper_skipped_by_nonnegative_interval_lower=7
304,0,lp,lower,9,9,0.10342958199999999,0.10226297378540039,1945,0,0,9,0,0,0,0,0,0,OPTIMAL=9,
304,0,lp,upper,9,9,0.11457617800000001,0.11345481872558594,2033,0,0,9,0,0,0,0,0,0,OPTIMAL=9,
304,1,interval_arithmetic,lower,3136,0,0.0,0.0,0,0,0,0,0,891,0,0,0,2245,,interval_arithmetic=891;lower_skipped_by_nonpositive_upper=2245
304,1,interval_arithmetic,upper,3136,0,0.0,0.0,0,0,0,0,0,3136,0,0,0,0,,interval_arithmetic=3136
304,2,lp,lower,1568,116,0.14519236999999996,0.13620877265930176,1743,0,0,116,0,0,0,658,0,794,OPTIMAL=116,interval_proves_cutoff=658;lower_skipped_by_nonpositive_upper=794
304,2,lp,upper,1568,119,0.14858277499999994,0.13429570198059082,2028,0,0,119,0,0,0,791,658,0,OPTIMAL=119,interval_proves_cutoff=791;upper_skipped_by_nonnegative_interval_lower=658
304,3,lp,lower,100,1,0.016273497,0.01615428924560547,375,0,0,1,0,0,0,8,0,91,OPTIMAL=1,interval_proves_cutoff=8;lower_skipped_by_nonpositive_upper=91
304,3,lp,upper,100,1,0.009373698,0.009242534637451172,283,0,0,1,0,0,0,91,8,0,OPTIMAL=1,interval_proves_cutoff=91;upper_skipped_by_nonnegative_interval_lower=8
305,0,lp,lower,9,9,0.037852593,0.03689384460449219,1071,0,0,9,0,0,0,0,0,0,OPTIMAL=9,
305,0,lp,upper,9,9,0.042044092,0.04105496406555176,1113,0,0,9,0,0,0,0,0,0,OPTIMAL=9,
305,1,interval_arithmetic,lower,3136,0,0.0,0.0,0,0,0,0,0,906,0,0,0,2230,,interval_arithmetic=906;lower_skipped_by_nonpositive_upper=2230
305,1,interval_arithmetic,upper,3136,0,0.0,0.0,0,0,0,0,0,3136,0,0,0,0,,interval_arithmetic=3136
305,2,lp,lower,1568,86,0.11017157900000002,0.10385012626647949,1293,0,0,86,0,0,0,665,0,817,OPTIMAL=86,interval_proves_cutoff=665;lower_skipped_by_nonpositive_upper=817
305,2,lp,upper,1568,89,0.12111497999999997,0.1091604232788086,1446,0,0,89,0,0,0,814,665,0,OPTIMAL=89,interval_proves_cutoff=814;upper_skipped_by_nonnegative_interval_lower=665
305,3,lp,lower,100,2,0.009384798,0.009172677993774414,255,0,0,2,0,0,0,7,0,91,OPTIMAL=2,interval_proves_cutoff=7;lower_skipped_by_nonpositive_upper=91
305,3,lp,upper,100,2,0.008301598,0.008085012435913086,305,0,0,2,0,0,0,91,7,0,OPTIMAL=2,interval_proves_cutoff=91;upper_skipped_by_nonnegative_interval_lower=7
306,0,lp,lower,9,9,0.048420191999999994,0.047350406646728516,1383,0,0,9,0,0,0,0,0,0,OPTIMAL=9,
306,0,lp,upper,9,9,0.05541229,0.05439400672912598,1606,0,0,9,0,0,0,0,0,0,OPTIMAL=9,
306,1,interval_arithmetic,lower,3136,0,0.0,0.0,0,0,0,0,0,955,0,0,0,2181,,interval_arithmetic=955;lower_skipped_by_nonpositive_upper=2181
306,1,interval_arithmetic,upper,3136,0,0.0,0.0,0,0,0,0,0,3136,0,0,0,0,,interval_arithmetic=3136
306,2,lp,lower,1568,100,0.14587527500000003,0.13859939575195312,1904,0,0,100,0,0,0,707,0,761,OPTIMAL=100,interval_proves_cutoff=707;lower_skipped_by_nonpositive_upper=761
306,2,lp,upper,1568,105,0.15319806900000002,0.13939595222473145,2073,0,0,105,0,0,0,756,707,0,OPTIMAL=105,interval_proves_cutoff=756;upper_skipped_by_nonnegative_interval_lower=707
306,3,lp,lower,100,0,0.0,0.0,0,0,0,0,0,0,0,9,0,91,,interval_proves_cutoff=9;lower_skipped_by_nonpositive_upper=91
306,3,lp,upper,100,0,0.0,0.0,0,0,0,0,0,0,0,91,9,0,,interval_proves_cutoff=91;upper_skipped_by_nonnegative_interval_lower=9
307,0,lp,lower,9,9,0.053865994,0.05291271209716797,1431,0,0,9,0,0,0,0,0,0,OPTIMAL=9,
307,0,lp,upper,9,9,0.052511590999999996,0.05155014991760254,1496,0,0,9,0,0,0,0,0,0,OPTIMAL=9,
307,1,interval_arithmetic,lower,3136,0,0.0,0.0,0,0,0,0,0,911,0,0,0,2225,,interval_arithmetic=911;lower_skipped_by_nonpositive_upper=2225
307,1,interval_arithmetic,upper,3136,0,0.0,0.0,0,0,0,0,0,3136,0,0,0,0,,interval_arithmetic=3136
307,2,lp,lower,1568,89,0.11164228100000001,0.1063070297241211,1509,0,0,89,0,0,0,651,0,828,OPTIMAL=89,interval_proves_cutoff=651;lower_skipped_by_nonpositive_upper=828
307,2,lp,upper,1568,94,0.12568757800000002,0.11417603492736816,1708,0,0,94,0,0,0,823,651,0,OPTIMAL=94,interval_proves_cutoff=823;upper_skipped_by_nonnegative_interval_lower=651
307,3,lp,lower,100,1,0.007656999,0.007468223571777344,271,0,0,1,0,0,0,8,0,91,OPTIMAL=1,interval_proves_cutoff=8;lower_skipped_by_nonpositive_upper=91
307,3,lp,upper,100,1,0.005705299,0.005589485168457031,224,0,0,1,0,0,0,91,8,0,OPTIMAL=1,interval_proves_cutoff=91;upper_skipped_by_nonnegative_interval_lower=8
308,0,lp,lower,9,9,0.055873101999999994,0.054724931716918945,1295,0,0,9,0,0,0,0,0,0,OPTIMAL=9,
308,0,lp,upper,9,9,0.044417401,0.0433192253112793,1153,0,0,9,0,0,0,0,0,0,OPTIMAL=9,
308,1,interval_arithmetic,lower,3136,0,0.0,0.0,0,0,0,0,0,898,0,0,0,2238,,interval_arithmetic=898;lower_skipped_by_nonpositive_upper=2238
308,1,interval_arithmetic,upper,3136,0,0.0,0.0,0,0,0,0,0,3136,0,0,0,0,,interval_arithmetic=3136
308,2,lp,lower,1568,74,0.092599201,0.08773207664489746,1461,0,0,74,0,0,0,656,0,838,OPTIMAL=74,interval_proves_cutoff=656;lower_skipped_by_nonpositive_upper=838
308,2,lp,upper,1568,76,0.11415220099999997,0.10161566734313965,1552,0,0,76,0,0,0,836,656,0,OPTIMAL=76,interval_proves_cutoff=836;upper_skipped_by_nonnegative_interval_lower=656
308,3,lp,lower,100,3,0.014995001,0.01463460922241211,351,0,0,3,0,0,0,6,0,91,OPTIMAL=3,interval_proves_cutoff=6;lower_skipped_by_nonpositive_upper=91
308,3,lp,upper,100,3,0.0154361,0.015052080154418945,386,0,0,3,0,0,0,91,6,0,OPTIMAL=3,interval_proves_cutoff=91;upper_skipped_by_nonnegative_interval_lower=6
309,0,lp,lower,9,9,0.07828199999999999,0.07718372344970703,1471,0,0,9,0,0,0,0,0,0,OPTIMAL=9,
309,0,lp,upper,9,9,0.056132403,0.055126190185546875,1268,0,0,9,0,0,0,0,0,0,OPTIMAL=9,
309,1,interval_arithmetic,lower,3136,0,0.0,0.0,0,0,0,0,0,926,0,0,0,2210,,interval_arithmetic=926;lower_skipped_by_nonpositive_upper=2210
309,1,interval_arithmetic,upper,3136,0,0.0,0.0,0,0,0,0,0,3136,0,0,0,0,,interval_arithmetic=3136
309,2,lp,lower,1568,83,0.10374490300000001,0.09712934494018555,1097,0,0,83,0,0,0,661,0,824,OPTIMAL=83,interval_proves_cutoff=661;lower_skipped_by_nonpositive_upper=824
309,2,lp,upper,1568,91,0.12867620200000002,0.11543107032775879,1421,0,0,91,0,0,0,816,661,0,OPTIMAL=91,interval_proves_cutoff=816;upper_skipped_by_nonnegative_interval_lower=661
309,3,lp,lower,100,2,0.0088162,0.008603096008300781,269,0,0,2,0,0,0,7,0,91,OPTIMAL=2,interval_proves_cutoff=7;lower_skipped_by_nonpositive_upper=91
309,3,lp,upper,100,2,0.012333100999999999,0.011910438537597656,322,0,0,2,0,0,0,91,7,0,OPTIMAL=2,interval_proves_cutoff=91;upper_skipped_by_nonnegative_interval_lower=7
310,0,lp,lower,9,9,0.042490701000000006,0.0415496826171875,1274,0,0,9,0,0,0,0,0,0,OPTIMAL=9,
310,0,lp,upper,9,9,0.04495890100000001,0.04398989677429199,1359,0,0,9,0,0,0,0,0,0,OPTIMAL=9,
310,1,interval_arithmetic,lower,3136,0,0.0,0.0,0,0,0,0,0,888,0,0,0,2248,,interval_arithmetic=888;lower_skipped_by_nonpositive_upper=2248
310,1,interval_arithmetic,upper,3136,0,0.0,0.0,0,0,0,0,0,3136,0,0,0,0,,interval_arithmetic=3136
310,2,lp,lower,1568,104,0.112098701,0.10556292533874512,1091,0,0,104,0,0,0,667,0,797,OPTIMAL=104,interval_proves_cutoff=667;lower_skipped_by_nonpositive_upper=797
310,2,lp,upper,1568,109,0.12567130399999998,0.11328268051147461,1228,0,0,109,0,0,0,792,667,0,OPTIMAL=109,interval_proves_cutoff=792;upper_skipped_by_nonnegative_interval_lower=667
310,3,lp,lower,100,1,0.0082993,0.008167505264282227,258,0,0,1,0,0,0,8,0,91,OPTIMAL=1,interval_proves_cutoff=8;lower_skipped_by_nonpositive_upper=91
310,3,lp,upper,100,1,0.0046116,0.004503965377807617,210,0,0,1,0,0,0,91,8,0,OPTIMAL=1,interval_proves_cutoff=91;upper_skipped_by_nonnegative_interval_lower=8
311,0,lp,lower,9,9,0.042137401,0.041158199310302734,1220,0,0,9,0,0,0,0,0,0,OPTIMAL=9,
311,0,lp,upper,9,9,0.046170202,0.0451970100402832,1276,0,0,9,0,0,0,0,0,0,OPTIMAL=9,
311,1,interval_arithmetic,lower,3136,0,0.0,0.0,0,0,0,0,0,885,0,0,0,2251,,interval_arithmetic=885;lower_skipped_by_nonpositive_upper=2251
311,1,interval_arithmetic,upper,3136,0,0.0,0.0,0,0,0,0,0,3136,0,0,0,0,,interval_arithmetic=3136
311,2,lp,lower,1568,108,0.10873950300000003,0.10099482536315918,1064,0,0,108,0,0,0,647,0,813,OPTIMAL=108,interval_proves_cutoff=647;lower_skipped_by_nonpositive_upper=813
311,2,lp,upper,1568,118,0.156306503,0.1376206874847412,1276,0,0,118,0,0,0,803,647,0,OPTIMAL=118,interval_proves_cutoff=803;upper_skipped_by_nonnegative_interval_lower=647
311,3,lp,lower,100,1,0.0047266,0.004624366760253906,227,0,0,1,0,0,0,8,0,91,OPTIMAL=1,interval_proves_cutoff=8;lower_skipped_by_nonpositive_upper=91
311,3,lp,upper,100,1,0.0053214,0.005121707916259766,194,0,0,1,0,0,0,91,8,0,OPTIMAL=1,interval_proves_cutoff=91;upper_skipped_by_nonnegative_interval_lower=8
312,0,lp,lower,9,9,0.05013530200000001,0.04910421371459961,1247,0,0,9,0,0,0,0,0,0,OPTIMAL=9,
312,0,lp,upper,9,9,0.053258902,0.05228066444396973,1304,0,0,9,0,0,0,0,0,0,OPTIMAL=9,
312,1,interval_arithmetic,lower,3136,0,0.0,0.0,0,0,0,0,0,1006,0,0,0,2130,,interval_arithmetic=1006;lower_skipped_by_nonpositive_upper=2130
312,1,interval_arithmetic,upper,3136,0,0.0,0.0,0,0,0,0,0,3136,0,0,0,0,,interval_arithmetic=3136
312,2,lp,lower,1568,78,0.097374504,0.09254097938537598,924,0,0,78,0,0,0,699,0,791,OPTIMAL=78,interval_proves_cutoff=699;lower_skipped_by_nonpositive_upper=791
312,2,lp,upper,1568,87,0.14617450300000004,0.13278651237487793,1192,0,0,87,0,0,0,782,699,0,OPTIMAL=87,interval_proves_cutoff=782;upper_skipped_by_nonnegative_interval_lower=699
312,3,lp,lower,100,1,0.0055084,0.005407094955444336,212,0,0,1,0,0,0,8,0,91,OPTIMAL=1,interval_proves_cutoff=8;lower_skipped_by_nonpositive_upper=91
312,3,lp,upper,100,1,0.004893701,0.0047817230224609375,193,0,0,1,0,0,0,91,8,0,OPTIMAL=1,interval_proves_cutoff=91;upper_skipped_by_nonnegative_interval_lower=8
313,0,lp,lower,9,9,0.055451927,0.05435490608215332,1414,0,0,9,0,0,0,0,0,0,OPTIMAL=9,
313,0,lp,upper,9,9,0.057265627000000006,0.05623340606689453,1488,0,0,9,0,0,0,0,0,0,OPTIMAL=9,
313,1,interval_arithmetic,lower,3136,0,0.0,0.0,0,0,0,0,0,950,0,0,0,2186,,interval_arithmetic=950;lower_skipped_by_nonpositive_upper=2186
313,1,interval_arithmetic,upper,3136,0,0.0,0.0,0,0,0,0,0,3136,0,0,0,0,,interval_arithmetic=3136
313,2,lp,lower,1568,101,0.119188565,0.11319160461425781,1628,0,0,101,0,0,0,668,0,799,OPTIMAL=101,interval_proves_cutoff=668;lower_skipped_by_nonpositive_upper=799
313,2,lp,upper,1568,104,0.14005030399999996,0.12761378288269043,1708,0,0,104,0,0,0,796,668,0,OPTIMAL=104,interval_proves_cutoff=796;upper_skipped_by_nonnegative_interval_lower=668
313,3,lp,lower,100,1,0.009115704,0.009000062942504883,308,0,0,1,0,0,0,8,0,91,OPTIMAL=1,interval_proves_cutoff=8;lower_skipped_by_nonpositive_upper=91
313,3,lp,upper,100,1,0.008748305,0.008605003356933594,235,0,0,1,0,0,0,91,8,0,OPTIMAL=1,interval_proves_cutoff=91;upper_skipped_by_nonnegative_interval_lower=8
314,0,lp,lower,9,9,0.059115828999999995,0.058054447174072266,1551,0,0,9,0,0,0,0,0,0,OPTIMAL=9,
314,0,lp,upper,9,9,0.06305023100000001,0.06199479103088379,1710,0,0,9,0,0,0,0,0,0,OPTIMAL=9,
314,1,interval_arithmetic,lower,3136,0,0.0,0.0,0,0,0,0,0,927,0,0,0,2209,,interval_arithmetic=927;lower_skipped_by_nonpositive_upper=2209
314,1,interval_arithmetic,upper,3136,0,0.0,0.0,0,0,0,0,0,3136,0,0,0,0,,interval_arithmetic=3136
314,2,lp,lower,1568,113,0.154314489,0.14663267135620117,1886,0,0,113,0,0,0,678,0,777,OPTIMAL=113,interval_proves_cutoff=678;lower_skipped_by_nonpositive_upper=777
314,2,lp,upper,1568,121,0.18009218800000004,0.1648552417755127,2137,0,0,121,0,0,0,769,678,0,OPTIMAL=121,interval_proves_cutoff=769;upper_skipped_by_nonnegative_interval_lower=678
314,3,lp,lower,100,0,0.0,0.0,0,0,0,0,0,0,0,9,0,91,,interval_proves_cutoff=9;lower_skipped_by_nonpositive_upper=91
314,3,lp,upper,100,0,0.0,0.0,0,0,0,0,0,0,0,91,9,0,,interval_proves_cutoff=91;upper_skipped_by_nonnegative_interval_lower=9
315,0,lp,lower,9,9,0.028193714999999998,0.027162790298461914,675,0,0,9,0,0,0,0,0,0,OPTIMAL=9,
315,0,lp,upper,9,9,0.027958010999999998,0.02703380584716797,678,0,0,9,0,0,0,0,0,0,OPTIMAL=9,
315,1,interval_arithmetic,lower,3136,0,0.0,0.0,0,0,0,0,0,846,0,0,0,2290,,interval_arithmetic=846;lower_skipped_by_nonpositive_upper=2290
315,1,interval_arithmetic,upper,3136,0,0.0,0.0,0,0,0,0,0,3136,0,0,0,0,,interval_arithmetic=3136
315,2,lp,lower,1568,57,0.057920924,0.05295753479003906,119,0,0,57,0,0,0,644,0,867,OPTIMAL=57,interval_proves_cutoff=644;lower_skipped_by_nonpositive_upper=867
315,2,lp,upper,1568,62,0.07621063599999998,0.0644235610961914,300,0,0,62,0,0,0,862,644,0,OPTIMAL=62,interval_proves_cutoff=862;upper_skipped_by_nonnegative_interval_lower=644
315,3,lp,lower,100,1,0.003780902,0.0036547183990478516,115,0,0,1,0,0,0,7,0,92,OPTIMAL=1,interval_proves_cutoff=7;lower_skipped_by_nonpositive_upper=92
315,3,lp,upper,100,1,0.002733901,0.0026226043701171875,111,0,0,1,0,0,0,92,7,0,OPTIMAL=1,interval_proves_cutoff=92;upper_skipped_by_nonnegative_interval_lower=7
316,0,lp,lower,9,9,0.043253623000000005,0.04229331016540527,1337,0,0,9,0,0,0,0,0,0,OPTIMAL=9,
316,0,lp,upper,9,9,0.045838525,0.044939279556274414,1445,0,0,9,0,0,0,0,0,0,OPTIMAL=9,
316,1,interval_arithmetic,lower,3136,0,0.0,0.0,0,0,0,0,0,937,0,0,0,2199,,interval_arithmetic=937;lower_skipped_by_nonpositive_upper=2199
316,1,interval_arithmetic,upper,3136,0,0.0,0.0,0,0,0,0,0,3136,0,0,0,0,,interval_arithmetic=3136
316,2,lp,lower,1568,89,0.11019625099999994,0.10411953926086426,1228,0,0,89,0,0,0,658,0,821,OPTIMAL=89,interval_proves_cutoff=658;lower_skipped_by_nonpositive_upper=821
316,2,lp,upper,1568,104,0.17605508500000003,0.1534876823425293,1649,0,0,104,0,0,0,806,658,0,OPTIMAL=104,interval_proves_cutoff=806;upper_skipped_by_nonnegative_interval_lower=658
316,3,lp,lower,100,0,0.0,0.0,0,0,0,0,0,0,0,9,0,91,,interval_proves_cutoff=9;lower_skipped_by_nonpositive_upper=91
316,3,lp,upper,100,0,0.0,0.0,0,0,0,0,0,0,0,91,9,0,,interval_proves_cutoff=91;upper_skipped_by_nonnegative_interval_lower=9
317,0,lp,lower,9,9,0.04607682299999999,0.04506850242614746,1316,0,0,9,0,0,0,0,0,0,OPTIMAL=9,
317,0,lp,upper,9,9,0.047538023,0.04647660255432129,1289,0,0,9,0,0,0,0,0,0,OPTIMAL=9,
317,1,interval_arithmetic,lower,3136,0,0.0,0.0,0,0,0,0,0,899,0,0,0,2237,,interval_arithmetic=899;lower_skipped_by_nonpositive_upper=2237
317,1,interval_arithmetic,upper,3136,0,0.0,0.0,0,0,0,0,0,3136,0,0,0,0,,interval_arithmetic=3136
317,2,lp,lower,1568,93,0.101175628,0.0951383113861084,1110,0,0,93,0,0,0,635,0,840,OPTIMAL=93,interval_proves_cutoff=635;lower_skipped_by_nonpositive_upper=840
317,2,lp,upper,1568,101,0.13693437299999994,0.12149214744567871,1292,0,0,101,0,0,0,832,635,0,OPTIMAL=101,interval_proves_cutoff=832;upper_skipped_by_nonnegative_interval_lower=635
317,3,lp,lower,100,2,0.012369106000000001,0.012143135070800781,303,0,0,2,0,0,0,7,0,91,OPTIMAL=2,interval_proves_cutoff=7;lower_skipped_by_nonpositive_upper=91
317,3,lp,upper,100,2,0.009548906,0.009319543838500977,345,0,0,2,0,0,0,91,7,0,OPTIMAL=2,interval_proves_cutoff=91;upper_skipped_by_nonnegative_interval_lower=7
318,0,lp,lower,9,9,0.03822462100000001,0.03725147247314453,1119,0,0,9,0,0,0,0,0,0,OPTIMAL=9,
318,0,lp,upper,9,9,0.034822918,0.03383493423461914,1123,0,0,9,0,0,0,0,0,0,OPTIMAL=9,
318,1,interval_arithmetic,lower,3136,0,0.0,0.0,0,0,0,0,0,896,0,0,0,2240,,interval_arithmetic=896;lower_skipped_by_nonpositive_upper=2240
318,1,interval_arithmetic,upper,3136,0,0.0,0.0,0,0,0,0,0,3136,0,0,0,0,,interval_arithmetic=3136
318,2,lp,lower,1568,79,0.092782144,0.08766055107116699,887,0,0,79,0,0,0,636,0,853,OPTIMAL=79,interval_proves_cutoff=636;lower_skipped_by_nonpositive_upper=853
318,2,lp,upper,1568,91,0.11422035399999998,0.10215234756469727,1126,0,0,91,0,0,0,841,636,0,OPTIMAL=91,interval_proves_cutoff=841;upper_skipped_by_nonnegative_interval_lower=636
318,3,lp,lower,100,0,0.0,0.0,0,0,0,0,0,0,0,9,0,91,,interval_proves_cutoff=9;lower_skipped_by_nonpositive_upper=91
318,3,lp,upper,100,0,0.0,0.0,0,0,0,0,0,0,0,91,9,0,,interval_proves_cutoff=91;upper_skipped_by_nonnegative_interval_lower=9
319,0,lp,lower,9,9,0.07201486,0.07104682922363281,1775,0,0,9,0,0,0,0,0,0,OPTIMAL=9,
319,0,lp,upper,9,9,0.070787555,0.06981635093688965,1795,0,0,9,0,0,0,0,0,0,OPTIMAL=9,
319,1,interval_arithmetic,lower,3136,0,0.0,0.0,0,0,0,0,0,958,0,0,0,2178,,interval_arithmetic=958;lower_skipped_by_nonpositive_upper=2178
319,1,interval_arithmetic,upper,3136,0,0.0,0.0,0,0,0,0,0,3136,0,0,0,0,,interval_arithmetic=3136
319,2,lp,lower,1568,108,0.13423857800000003,0.12743020057678223,2040,0,0,108,0,0,0,682,0,778,OPTIMAL=108,interval_proves_cutoff=682;lower_skipped_by_nonpositive_upper=778
319,2,lp,upper,1568,120,0.15866917400000008,0.14525532722473145,2429,0,0,120,0,0,0,766,682,0,OPTIMAL=120,interval_proves_cutoff=766;upper_skipped_by_nonnegative_interval_lower=682
319,3,lp,lower,100,1,0.007140005,0.0070514678955078125,322,0,0,1,0,0,0,8,0,91,OPTIMAL=1,interval_proves_cutoff=8;lower_skipped_by_nonpositive_upper=91
319,3,lp,upper,100,1,0.005360404,0.005220651626586914,235,0,0,1,0,0,0,91,8,0,OPTIMAL=1,interval_proves_cutoff=91;upper_skipped_by_nonnegative_interval_lower=8
320,0,lp,lower,9,9,0.057985048,0.05709719657897949,1645,0,0,9,0,0,0,0,0,0,OPTIMAL=9,
320,0,lp,upper,9,9,0.06087585,0.05994248390197754,1677,0,0,9,0,0,0,0,0,0,OPTIMAL=9,
320,1,interval_arithmetic,lower,3136,0,0.0,0.0,0,0,0,0,0,949,0,0,0,2187,,interval_arithmetic=949;lower_skipped_by_nonpositive_upper=2187
320,1,interval_arithmetic,upper,3136,0,0.0,0.0,0,0,0,0,0,3136,0,0,0,0,,interval_arithmetic=3136
320,2,lp,lower,1568,113,0.12189329899999997,0.11688399314880371,1734,0,0,113,0,0,0,680,0,775,OPTIMAL=113,interval_proves_cutoff=680;lower_skipped_by_nonpositive_upper=775
320,2,lp,upper,1568,121,0.15702772699999995,0.1434922218322754,2070,0,0,121,0,0,0,767,680,0,OPTIMAL=121,interval_proves_cutoff=767;upper_skipped_by_nonnegative_interval_lower=680
320,3,lp,lower,100,1,0.007707206,0.007617473602294922,325,0,0,1,0,0,0,8,0,91,OPTIMAL=1,interval_proves_cutoff=8;lower_skipped_by_nonpositive_upper=91
320,3,lp,upper,100,1,0.006560005,0.0064449310302734375,266,0,0,1,0,0,0,91,8,0,OPTIMAL=1,interval_proves_cutoff=91;upper_skipped_by_nonnegative_interval_lower=8
321,0,lp,lower,9,9,0.030971725000000002,0.0302889347076416,971,0,0,9,0,0,0,0,0,0,OPTIMAL=9,
321,0,lp,upper,9,9,0.030059125,0.029340028762817383,964,0,0,9,0,0,0,0,0,0,OPTIMAL=9,
321,1,interval_arithmetic,lower,3136,0,0.0,0.0,0,0,0,0,0,872,0,0,0,2264,,interval_arithmetic=872;lower_skipped_by_nonpositive_upper=2264
321,1,interval_arithmetic,upper,3136,0,0.0,0.0,0,0,0,0,0,3136,0,0,0,0,,interval_arithmetic=3136
321,2,lp,lower,1568,65,0.055766045999999986,0.05327343940734863,895,0,0,65,0,0,0,632,0,871,OPTIMAL=65,interval_proves_cutoff=632;lower_skipped_by_nonpositive_upper=871
321,2,lp,upper,1568,67,0.070579659,0.06189727783203125,926,0,0,67,0,0,0,869,632,0,OPTIMAL=67,interval_proves_cutoff=869;upper_skipped_by_nonnegative_interval_lower=632
321,3,lp,lower,100,0,0.0,0.0,0,0,0,0,0,0,0,9,0,91,,interval_proves_cutoff=9;lower_skipped_by_nonpositive_upper=91
321,3,lp,upper,100,0,0.0,0.0,0,0,0,0,0,0,0,91,9,0,,interval_proves_cutoff=91;upper_skipped_by_nonnegative_interval_lower=9
323,0,lp,lower,9,9,0.050063457000000006,0.04911017417907715,1092,0,0,9,0,0,0,0,0,0,OPTIMAL=9,
323,0,lp,upper,9,9,0.04868485500000001,0.04799628257751465,1186,0,0,9,0,0,0,0,0,0,OPTIMAL=9,
323,1,interval_arithmetic,lower,3136,0,0.0,0.0,0,0,0,0,0,901,0,0,0,2235,,interval_arithmetic=901;lower_skipped_by_nonpositive_upper=2235
323,1,interval_arithmetic,upper,3136,0,0.0,0.0,0,0,0,0,0,3136,0,0,0,0,,interval_arithmetic=3136
323,2,lp,lower,1568,73,0.06419963999999997,0.0610966682434082,703,0,0,73,0,0,0,651,0,844,OPTIMAL=73,interval_proves_cutoff=651;lower_skipped_by_nonpositive_upper=844
323,2,lp,upper,1568,82,0.07991012600000001,0.07104063034057617,1001,0,0,82,0,0,0,835,651,0,OPTIMAL=82,interval_proves_cutoff=835;upper_skipped_by_nonnegative_interval_lower=651
323,3,lp,lower,100,2,0.006730794,0.006609678268432617,211,0,0,2,0,0,0,7,0,91,OPTIMAL=2,interval_proves_cutoff=7;lower_skipped_by_nonpositive_upper=91
323,3,lp,upper,100,2,0.006551894,0.006339073181152344,260,0,0,2,0,0,0,91,7,0,OPTIMAL=2,interval_proves_cutoff=91;upper_skipped_by_nonnegative_interval_lower=7
324,0,lp,lower,9,9,0.060138244,0.05937767028808594,1437,0,0,9,0,0,0,0,0,0,OPTIMAL=9,
324,0,lp,upper,9,9,0.057113848,0.05632328987121582,1421,0,0,9,0,0,0,0,0,0,OPTIMAL=9,
324,1,interval_arithmetic,lower,3136,0,0.0,0.0,0,0,0,0,0,904,0,0,0,2232,,interval_arithmetic=904;lower_skipped_by_nonpositive_upper=2232
324,1,interval_arithmetic,upper,3136,0,0.0,0.0,0,0,0,0,0,3136,0,0,0,0,,interval_arithmetic=3136
324,2,lp,lower,1568,78,0.07628602999999999,0.07321047782897949,1371,0,0,78,0,0,0,657,0,833,OPTIMAL=78,interval_proves_cutoff=657;lower_skipped_by_nonpositive_upper=833
324,2,lp,upper,1568,87,0.10498570599999998,0.0946509838104248,1524,0,0,87,0,0,0,824,657,0,OPTIMAL=87,interval_proves_cutoff=824;upper_skipped_by_nonnegative_interval_lower=657
324,3,lp,lower,100,1,0.004964896,0.004897594451904297,239,0,0,1,0,0,0,8,0,91,OPTIMAL=1,interval_proves_cutoff=8;lower_skipped_by_nonpositive_upper=91
324,3,lp,upper,100,1,0.005044195,0.004944801330566406,181,0,0,1,0,0,0,91,8,0,OPTIMAL=1,interval_proves_cutoff=91;upper_skipped_by_nonnegative_interval_lower=8
325,0,lp,lower,9,9,0.057489715,0.05659651756286621,1532,0,0,9,0,0,0,0,0,0,OPTIMAL=9,
325,0,lp,upper,9,9,0.061296513,0.06043100357055664,1613,0,0,9,0,0,0,0,0,0,OPTIMAL=9,
325,1,interval_arithmetic,lower,3136,0,0.0,0.0,0,0,0,0,0,902,0,0,0,2234,,interval_arithmetic=902;lower_skipped_by_nonpositive_upper=2234
325,1,interval_arithmetic,upper,3136,0,0.0,0.0,0,0,0,0,0,3136,0,0,0,0,,interval_arithmetic=3136
325,2,lp,lower,1568,102,0.11347898799999999,0.10785818099975586,1507,0,0,102,0,0,0,668,0,798,OPTIMAL=102,interval_proves_cutoff=668;lower_skipped_by_nonpositive_upper=798
325,2,lp,upper,1568,109,0.11198280200000008,0.10173964500427246,1756,0,0,109,0,0,0,791,668,0,OPTIMAL=109,interval_proves_cutoff=791;upper_skipped_by_nonnegative_interval_lower=668
325,3,lp,lower,100,0,0.0,0.0,0,0,0,0,0,0,0,9,0,91,,interval_proves_cutoff=9;lower_skipped_by_nonpositive_upper=91
325,3,lp,upper,100,0,0.0,0.0,0,0,0,0,0,0,0,91,9,0,,interval_proves_cutoff=91;upper_skipped_by_nonnegative_interval_lower=9
326,0,lp,lower,9,9,0.038346209,0.03753542900085449,1134,0,0,9,0,0,0,0,0,0,OPTIMAL=9,
326,0,lp,upper,9,9,0.04239331,0.041628360748291016,1278,0,0,9,0,0,0,0,0,0,OPTIMAL=9,
326,1,interval_arithmetic,lower,3136,0,0.0,0.0,0,0,0,0,0,888,0,0,0,2248,,interval_arithmetic=888;lower_skipped_by_nonpositive_upper=2248
326,1,interval_arithmetic,upper,3136,0,0.0,0.0,0,0,0,0,0,3136,0,0,0,0,,interval_arithmetic=3136
326,2,lp,lower,1568,93,0.09448382300000002,0.0905156135559082,1002,0,0,93,0,0,0,631,0,844,OPTIMAL=93,interval_proves_cutoff=631;lower_skipped_by_nonpositive_upper=844
326,2,lp,upper,1568,93,0.09409352199999999,0.08468985557556152,1081,0,0,93,0,0,0,844,631,0,OPTIMAL=93,interval_proves_cutoff=844;upper_skipped_by_nonnegative_interval_lower=631
326,3,lp,lower,100,1,0.005048501,0.004963874816894531,232,0,0,1,0,0,0,8,0,91,OPTIMAL=1,interval_proves_cutoff=8;lower_skipped_by_nonpositive_upper=91
326,3,lp,upper,100,1,0.005631802,0.005465030670166016,205,0,0,1,0,0,0,91,8,0,OPTIMAL=1,interval_proves_cutoff=91;upper_skipped_by_nonnegative_interval_lower=8
327,0,lp,lower,9,9,0.043633812,0.042814016342163086,1200,0,0,9,0,0,0,0,0,0,OPTIMAL=9,
327,0,lp,upper,9,9,0.043176509,0.0421748161315918,1169,0,0,9,0,0,0,0,0,0,OPTIMAL=9,
327,1,interval_arithmetic,lower,3136,0,0.0,0.0,0,0,0,0,0,900,0,0,0,2236,,interval_arithmetic=900;lower_skipped_by_nonpositive_upper=2236
327,1,interval_arithmetic,upper,3136,0,0.0,0.0,0,0,0,0,0,3136,0,0,0,0,,interval_arithmetic=3136
327,2,lp,lower,1568,89,0.09161672299999998,0.08796906471252441,1127,0,0,89,0,0,0,648,0,831,OPTIMAL=89,interval_proves_cutoff=648;lower_skipped_by_nonpositive_upper=831
327,2,lp,upper,1568,92,0.109064622,0.09829854965209961,1193,0,0,92,0,0,0,828,648,0,OPTIMAL=92,interval_proves_cutoff=828;upper_skipped_by_nonnegative_interval_lower=648
327,3,lp,lower,100,1,0.005199602,0.005095720291137695,216,0,0,1,0,0,0,8,0,91,OPTIMAL=1,interval_proves_cutoff=8;lower_skipped_by_nonpositive_upper=91
327,3,lp,upper,100,1,0.005006102,0.004887819290161133,196,0,0,1,0,0,0,91,8,0,OPTIMAL=1,interval_proves_cutoff=91;upper_skipped_by_nonnegative_interval_lower=8
328,0,lp,lower,9,9,0.032881698,0.0320281982421875,918,0,0,9,0,0,0,0,0,0,OPTIMAL=9,
328,0,lp,upper,9,9,0.032357097,0.03134918212890625,968,0,0,9,0,0,0,0,0,0,OPTIMAL=9,
328,1,interval_arithmetic,lower,3136,0,0.0,0.0,0,0,0,0,0,934,0,0,0,2202,,interval_arithmetic=934;lower_skipped_by_nonpositive_upper=2202
328,1,interval_arithmetic,upper,3136,0,0.0,0.0,0,0,0,0,0,3136,0,0,0,0,,interval_arithmetic=3136
328,2,lp,lower,1568,71,0.080620694,0.07559800148010254,448,0,0,71,0,0,0,696,0,801,OPTIMAL=71,interval_proves_cutoff=696;lower_skipped_by_nonpositive_upper=801
328,2,lp,upper,1568,74,0.093343991,0.08314943313598633,563,0,0,74,0,0,0,798,696,0,OPTIMAL=74,interval_proves_cutoff=798;upper_skipped_by_nonnegative_interval_lower=696
328,3,lp,lower,100,0,0.0,0.0,0,0,0,0,0,0,0,8,0,92,,interval_proves_cutoff=8;lower_skipped_by_nonpositive_upper=92
328,3,lp,upper,100,1,0.005243,0.0050966739654541016,162,0,0,1,0,0,0,91,8,0,OPTIMAL=1,interval_proves_cutoff=91;upper_skipped_by_nonnegative_interval_lower=8
329,0,lp,lower,9,9,0.033401698,0.032465219497680664,1011,0,0,9,0,0,0,0,0,0,OPTIMAL=9,
329,0,lp,upper,9,9,0.038912598,0.03789639472961426,1142,0,0,9,0,0,0,0,0,0,OPTIMAL=9,
329,1,interval_arithmetic,lower,3136,0,0.0,0.0,0,0,0,0,0,898,0,0,0,2238,,interval_arithmetic=898;lower_skipped_by_nonpositive_upper=2238
329,1,interval_arithmetic,upper,3136,0,0.0,0.0,0,0,0,0,0,3136,0,0,0,0,,interval_arithmetic=3136
329,2,lp,lower,1568,80,0.07534419400000003,0.0720674991607666,825,0,0,80,0,0,0,660,0,828,OPTIMAL=80,interval_proves_cutoff=660;lower_skipped_by_nonpositive_upper=828
329,2,lp,upper,1568,83,0.092339592,0.0828256607055664,1034,0,0,83,0,0,0,825,660,0,OPTIMAL=83,interval_proves_cutoff=825;upper_skipped_by_nonnegative_interval_lower=660
329,3,lp,lower,100,0,0.0,0.0,0,0,0,0,0,0,0,9,0,91,,interval_proves_cutoff=9;lower_skipped_by_nonpositive_upper=91
329,3,lp,upper,100,0,0.0,0.0,0,0,0,0,0,0,0,91,9,0,,interval_proves_cutoff=91;upper_skipped_by_nonnegative_interval_lower=9
330,0,lp,lower,9,9,0.027174198999999996,0.0263063907623291,786,0,0,9,0,0,0,0,0,0,OPTIMAL=9,
330,0,lp,upper,9,9,0.031281298,0.030363798141479492,830,0,0,9,0,0,0,0,0,0,OPTIMAL=9,
330,1,interval_arithmetic,lower,3136,0,0.0,0.0,0,0,0,0,0,853,0,0,0,2283,,interval_arithmetic=853;lower_skipped_by_nonpositive_upper=2283
330,1,interval_arithmetic,upper,3136,0,0.0,0.0,0,0,0,0,0,3136,0,0,0,0,,interval_arithmetic=3136
330,2,lp,lower,1568,69,0.062131196,0.05916953086853027,501,0,0,69,0,0,0,631,0,868,OPTIMAL=69,interval_proves_cutoff=631;lower_skipped_by_nonpositive_upper=868
330,2,lp,upper,1568,74,0.07752099200000001,0.06795144081115723,691,0,0,74,0,0,0,863,631,0,OPTIMAL=74,interval_proves_cutoff=863;upper_skipped_by_nonnegative_interval_lower=631
330,3,lp,lower,100,1,0.0039387,0.003841400146484375,159,0,0,1,0,0,0,7,0,92,OPTIMAL=1,interval_proves_cutoff=7;lower_skipped_by_nonpositive_upper=92
330,3,lp,upper,100,1,0.0031673,0.0029900074005126953,136,0,0,1,0,0,0,92,7,0,OPTIMAL=1,interval_proves_cutoff=92;upper_skipped_by_nonnegative_interval_lower=7
331,0,lp,lower,9,9,0.029269797999999996,0.02863335609436035,815,0,0,9,0,0,0,0,0,0,OPTIMAL=9,
331,0,lp,upper,9,9,0.031918398,0.0312044620513916,828,0,0,9,0,0,0,0,0,0,OPTIMAL=9,
331,1,interval_arithmetic,lower,3136,0,0.0,0.0,0,0,0,0,0,844,0,0,0,2292,,interval_arithmetic=844;lower_skipped_by_nonpositive_upper=2292
331,1,interval_arithmetic,upper,3136,0,0.0,0.0,0,0,0,0,0,3136,0,0,0,0,,interval_arithmetic=3136
331,2,lp,lower,1568,68,0.063338996,0.06064105033874512,493,0,0,68,0,0,0,633,0,867,OPTIMAL=68,interval_proves_cutoff=633;lower_skipped_by_nonpositive_upper=867
331,2,lp,upper,1568,70,0.07455939700000001,0.06516599655151367,553,0,0,70,0,0,0,865,633,0,OPTIMAL=70,interval_proves_cutoff=865;upper_skipped_by_nonnegative_interval_lower=633
331,3,lp,lower,100,1,0.0039664,0.003906965255737305,148,0,0,1,0,0,0,8,0,91,OPTIMAL=1,interval_proves_cutoff=8;lower_skipped_by_nonpositive_upper=91
331,3,lp,upper,100,1,0.0037441,0.003647327423095703,138,0,0,1,0,0,0,91,8,0,OPTIMAL=1,interval_proves_cutoff=91;upper_skipped_by_nonnegative_interval_lower=8
332,0,lp,lower,9,9,0.054618396,0.0536189079284668,1455,0,0,9,0,0,0,0,0,0,OPTIMAL=9,
332,0,lp,upper,9,9,0.071393995,0.07036685943603516,1631,0,0,9,0,0,0,0,0,0,OPTIMAL=9,
332,1,interval_arithmetic,lower,3136,0,0.0,0.0,0,0,0,0,0,900,0,0,0,2236,,interval_arithmetic=900;lower_skipped_by_nonpositive_upper=2236
332,1,interval_arithmetic,upper,3136,0,0.0,0.0,0,0,0,0,0,3136,0,0,0,0,,interval_arithmetic=3136
332,2,lp,lower,1568,115,0.11970199400000002,0.1143195629119873,1394,0,0,115,0,0,0,653,0,800,OPTIMAL=115,interval_proves_cutoff=653;lower_skipped_by_nonpositive_upper=800
332,2,lp,upper,1568,121,0.13909128800000004,0.12718415260314941,1507,0,0,121,0,0,0,794,653,0,OPTIMAL=121,interval_proves_cutoff=794;upper_skipped_by_nonnegative_interval_lower=653
332,3,lp,lower,100,2,0.012422399,0.012235164642333984,351,0,0,2,0,0,0,7,0,91,OPTIMAL=2,interval_proves_cutoff=7;lower_skipped_by_nonpositive_upper=91
332,3,lp,upper,100,2,0.011465198999999999,0.011248350143432617,391,0,0,2,0,0,0,91,7,0,OPTIMAL=2,interval_proves_cutoff=91;upper_skipped_by_nonnegative_interval_lower=7
333,0,lp,lower,9,9,0.022023299,0.021465539932250977,674,0,0,9,0,0,0,0,0,0,OPTIMAL=9,
333,0,lp,upper,9,9,0.023743597,0.02299809455871582,695,0,0,9,0,0,0,0,0,0,OPTIMAL=9,
333,1,interval_arithmetic,lower,3136,0,0.0,0.0,0,0,0,0,0,845,0,0,0,2291,,interval_arithmetic=845;lower_skipped_by_nonpositive_upper=2291
333,1,interval_arithmetic,upper,3136,0,0.0,0.0,0,0,0,0,0,3136,0,0,0,0,,interval_arithmetic=3136
333,2,lp,lower,1568,54,0.042626597,0.04063725471496582,284,0,0,54,0,0,0,637,0,877,OPTIMAL=54,interval_proves_cutoff=637;lower_skipped_by_nonpositive_upper=877
333,2,lp,upper,1568,54,0.053873597,0.04601263999938965,369,0,0,54,0,0,0,877,637,0,OPTIMAL=54,interval_proves_cutoff=877;upper_skipped_by_nonnegative_interval_lower=637
333,3,lp,lower,100,0,0.0,0.0,0,0,0,0,0,0,0,8,0,92,,interval_proves_cutoff=8;lower_skipped_by_nonpositive_upper=92
333,3,lp,upper,100,0,0.0,0.0,0,0,0,0,0,0,0,92,8,0,,interval_proves_cutoff=92;upper_skipped_by_nonnegative_interval_lower=8
334,0,lp,lower,9,9,0.05946649699999999,0.05865216255187988,1437,0,0,9,0,0,0,0,0,0,OPTIMAL=9,
334,0,lp,upper,9,9,0.064160597,0.06329655647277832,1460,0,0,9,0,0,0,0,0,0,OPTIMAL=9,
334,1,interval_arithmetic,lower,3136,0,0.0,0.0,0,0,0,0,0,912,0,0,0,2224,,interval_arithmetic=912;lower_skipped_by_nonpositive_upper=2224
334,1,interval_arithmetic,upper,3136,0,0.0,0.0,0,0,0,0,0,3136,0,0,0,0,,interval_arithmetic=3136
334,2,lp,lower,1568,87,0.091096494,0.08749151229858398,1415,0,0,87,0,0,0,681,0,800,OPTIMAL=87,interval_proves_cutoff=681;lower_skipped_by_nonpositive_upper=800
334,2,lp,upper,1568,92,0.10667929200000004,0.09681034088134766,1587,0,0,92,0,0,0,795,681,0,OPTIMAL=92,interval_proves_cutoff=795;upper_skipped_by_nonnegative_interval_lower=681
334,3,lp,lower,100,1,0.006332999,0.006256103515625,252,0,0,1,0,0,0,8,0,91,OPTIMAL=1,interval_proves_cutoff=8;lower_skipped_by_nonpositive_upper=91
334,3,lp,upper,100,1,0.0058701,0.005591154098510742,189,0,0,1,0,0,0,91,8,0,OPTIMAL=1,interval_proves_cutoff=91;upper_skipped_by_nonnegative_interval_lower=8
335,0,lp,lower,9,9,0.065362901,0.06444287300109863,1533,0,0,9,0,0,0,0,0,0,OPTIMAL=9,
335,0,lp,upper,9,9,0.086181202,0.08495187759399414,1713,0,0,9,0,0,0,0,0,0,OPTIMAL=9,
335,1,interval_arithmetic,lower,3136,0,0.0,0.0,0,0,0,0,0,910,0,0,0,2226,,interval_arithmetic=910;lower_skipped_by_nonpositive_upper=2226
335,1,interval_arithmetic,upper,3136,0,0.0,0.0,0,0,0,0,0,3136,0,0,0,0,,interval_arithmetic=3136
335,2,lp,lower,1568,94,0.10188949999999997,0.09772038459777832,1402,0,0,94,0,0,0,669,0,805,OPTIMAL=94,interval_proves_cutoff=669;lower_skipped_by_nonpositive_upper=805
335,2,lp,upper,1568,99,0.115856292,0.1050100326538086,1594,0,0,99,0,0,0,800,669,0,OPTIMAL=99,interval_proves_cutoff=800;upper_skipped_by_nonnegative_interval_lower=669
335,3,lp,lower,100,1,0.0051059,0.005012035369873047,243,0,0,1,0,0,0,8,0,91,OPTIMAL=1,interval_proves_cutoff=8;lower_skipped_by_nonpositive_upper=91
335,3,lp,upper,100,1,0.0046364,0.004520416259765625,212,0,0,1,0,0,0,91,8,0,OPTIMAL=1,interval_proves_cutoff=91;upper_skipped_by_nonnegative_interval_lower=8
336,0,lp,lower,9,9,0.039944601999999996,0.03907656669616699,1187,0,0,9,0,0,0,0,0,0,OPTIMAL=9,
336,0,lp,upper,9,9,0.041309302,0.04024386405944824,1253,0,0,9,0,0,0,0,0,0,OPTIMAL=9,
336,1,interval_arithmetic,lower,3136,0,0.0,0.0,0,0,0,0,0,895,0,0,0,2241,,interval_arithmetic=895;lower_skipped_by_nonpositive_upper=2241
336,1,interval_arithmetic,upper,3136,0,0.0,0.0,0,0,0,0,0,3136,0,0,0,0,,interval_arithmetic=3136
336,2,lp,lower,1568,88,0.08699210199999997,0.08309245109558105,1205,0,0,88,0,0,0,663,0,817,OPTIMAL=88,interval_proves_cutoff=663;lower_skipped_by_nonpositive_upper=817
336,2,lp,upper,1568,95,0.106777203,0.0963602066040039,1432,0,0,95,0,0,0,810,663,0,OPTIMAL=95,interval_proves_cutoff=810;upper_skipped_by_nonnegative_interval_lower=663
336,3,lp,lower,100,0,0.0,0.0,0,0,0,0,0,0,0,9,0,91,,interval_proves_cutoff=9;lower_skipped_by_nonpositive_upper=91
336,3,lp,upper,100,0,0.0,0.0,0,0,0,0,0,0,0,91,9,0,,interval_proves_cutoff=91;upper_skipped_by_nonnegative_interval_lower=9
337,0,lp,lower,9,9,0.04474630100000001,0.043926239013671875,1366,0,0,9,0,0,0,0,0,0,OPTIMAL=9,
337,0,lp,upper,9,9,0.050168401999999994,0.04912304878234863,1440,0,0,9,0,0,0,0,0,0,OPTIMAL=9,
337,1,interval_arithmetic,lower,3136,0,0.0,0.0,0,0,0,0,0,926,0,0,0,2210,,interval_arithmetic=926;lower_skipped_by_nonpositive_upper=2210
337,1,interval_arithmetic,upper,3136,0,0.0,0.0,0,0,0,0,0,3136,0,0,0,0,,interval_arithmetic=3136
337,2,lp,lower,1568,95,0.10363720100000001,0.09880185127258301,1452,0,0,95,0,0,0,657,0,816,OPTIMAL=95,interval_proves_cutoff=657;lower_skipped_by_nonpositive_upper=816
337,2,lp,upper,1568,96,0.10876940400000001,0.09859275817871094,1491,0,0,96,0,0,0,815,657,0,OPTIMAL=96,interval_proves_cutoff=815;upper_skipped_by_nonnegative_interval_lower=657
337,3,lp,lower,100,0,0.0,0.0,0,0,0,0,0,0,0,9,0,91,,interval_proves_cutoff=9;lower_skipped_by_nonpositive_upper=91
337,3,lp,upper,100,0,0.0,0.0,0,0,0,0,0,0,0,91,9,0,,interval_proves_cutoff=91;upper_skipped_by_nonnegative_interval_lower=9
338,0,lp,lower,9,9,0.039433701,0.03851938247680664,1119,0,0,9,0,0,0,0,0,0,OPTIMAL=9,
338,0,lp,upper,9,9,0.04301469999999999,0.04221320152282715,1150,0,0,9,0,0,0,0,0,0,OPTIMAL=9,
338,1,interval_arithmetic,lower,3136,0,0.0,0.0,0,0,0,0,0,889,0,0,0,2247,,interval_arithmetic=889;lower_skipped_by_nonpositive_upper=2247
338,1,interval_arithmetic,upper,3136,0,0.0,0.0,0,0,0,0,0,3136,0,0,0,0,,interval_arithmetic=3136
338,2,lp,lower,1568,75,0.07045570200000002,0.06743669509887695,786,0,0,75,0,0,0,668,0,825,OPTIMAL=75,interval_proves_cutoff=668;lower_skipped_by_nonpositive_upper=825
338,2,lp,upper,1568,79,0.08664070100000003,0.0774226188659668,1088,0,0,79,0,0,0,821,668,0,OPTIMAL=79,interval_proves_cutoff=821;upper_skipped_by_nonnegative_interval_lower=668
338,3,lp,lower,100,1,0.0050779,0.005013465881347656,217,0,0,1,0,0,0,7,0,92,OPTIMAL=1,interval_proves_cutoff=7;lower_skipped_by_nonpositive_upper=92
338,3,lp,upper,100,1,0.003952501,0.0037009716033935547,163,0,0,1,0,0,0,92,7,0,OPTIMAL=1,interval_proves_cutoff=92;upper_skipped_by_nonnegative_interval_lower=7
339,0,lp,lower,9,9,0.074844902,0.07394099235534668,1643,0,0,9,0,0,0,0,0,0,OPTIMAL=9,
339,0,lp,upper,9,9,0.064948201,0.0640561580657959,1694,0,0,9,0,0,0,0,0,0,OPTIMAL=9,
339,1,interval_arithmetic,lower,3136,0,0.0,0.0,0,0,0,0,0,971,0,0,0,2165,,interval_arithmetic=971;lower_skipped_by_nonpositive_upper=2165
339,1,interval_arithmetic,upper,3136,0,0.0,0.0,0,0,0,0,0,3136,0,0,0,0,,interval_arithmetic=3136
339,2,lp,lower,1568,112,0.132306301,0.12724518775939941,1773,0,0,112,0,0,0,688,0,768,OPTIMAL=112,interval_proves_cutoff=688;lower_skipped_by_nonpositive_upper=768
339,2,lp,upper,1568,123,0.14716970299999999,0.135606050491333,2021,0,0,123,0,0,0,757,688,0,OPTIMAL=123,interval_proves_cutoff=757;upper_skipped_by_nonnegative_interval_lower=688
339,3,lp,lower,100,1,0.0101664,0.010072708129882812,335,0,0,1,0,0,0,8,0,91,OPTIMAL=1,interval_proves_cutoff=8;lower_skipped_by_nonpositive_upper=91
339,3,lp,upper,100,1,0.0079428,0.007824420928955078,294,0,0,1,0,0,0,91,8,0,OPTIMAL=1,interval_proves_cutoff=91;upper_skipped_by_nonnegative_interval_lower=8
340,0,lp,lower,9,9,0.070980702,0.06991100311279297,1548,0,0,9,0,0,0,0,0,0,OPTIMAL=9,
340,0,lp,upper,9,9,0.061970402,0.06092953681945801,1542,0,0,9,0,0,0,0,0,0,OPTIMAL=9,
340,1,interval_arithmetic,lower,3136,0,0.0,0.0,0,0,0,0,0,916,0,0,0,2220,,interval_arithmetic=916;lower_skipped_by_nonpositive_upper=2220
340,1,interval_arithmetic,upper,3136,0,0.0,0.0,0,0,0,0,0,3136,0,0,0,0,,interval_arithmetic=3136
340,2,lp,lower,1568,102,0.12784010400000004,0.12160515785217285,1513,0,0,102,0,0,0,676,0,790,OPTIMAL=102,interval_proves_cutoff=676;lower_skipped_by_nonpositive_upper=790
340,2,lp,upper,1568,105,0.12347200399999993,0.11299324035644531,1682,0,0,105,0,0,0,787,676,0,OPTIMAL=105,interval_proves_cutoff=787;upper_skipped_by_nonnegative_interval_lower=676
340,3,lp,lower,100,1,0.0078401,0.007706880569458008,273,0,0,1,0,0,0,8,0,91,OPTIMAL=1,interval_proves_cutoff=8;lower_skipped_by_nonpositive_upper=91
340,3,lp,upper,100,1,0.005719301,0.005580425262451172,226,0,0,1,0,0,0,91,8,0,OPTIMAL=1,interval_proves_cutoff=91;upper_skipped_by_nonnegative_interval_lower=8
342,0,lp,lower,9,9,0.07414589299999999,0.07325410842895508,1827,0,0,9,0,0,0,0,0,0,OPTIMAL=9,
342,0,lp,upper,9,9,0.08388089,0.08295845985412598,1921,0,0,9,0,0,0,0,0,0,OPTIMAL=9,
342,1,interval_arithmetic,lower,3136,0,0.0,0.0,0,0,0,0,0,887,0,0,0,2249,,interval_arithmetic=887;lower_skipped_by_nonpositive_upper=2249
342,1,interval_arithmetic,upper,3136,0,0.0,0.0,0,0,0,0,0,3136,0,0,0,0,,interval_arithmetic=3136
342,2,lp,lower,1568,140,0.1669335059999999,0.15832257270812988,2562,0,0,140,0,0,0,622,0,806,OPTIMAL=140,interval_proves_cutoff=622;lower_skipped_by_nonpositive_upper=806
342,2,lp,upper,1568,152,0.18315990599999998,0.1690354347229004,2973,0,0,152,0,0,0,794,622,0,OPTIMAL=152,interval_proves_cutoff=794;upper_skipped_by_nonnegative_interval_lower=622
342,3,lp,lower,100,2,0.019599197999999998,0.01937270164489746,409,0,0,2,0,0,0,7,0,91,OPTIMAL=2,interval_proves_cutoff=7;lower_skipped_by_nonpositive_upper=91
342,3,lp,upper,100,2,0.017058198,0.016732215881347656,510,0,0,2,0,0,0,91,7,0,OPTIMAL=2,interval_proves_cutoff=91;upper_skipped_by_nonnegative_interval_lower=7
343,0,lp,lower,9,9,0.04140309500000001,0.040753841400146484,1014,0,0,9,0,0,0,0,0,0,OPTIMAL=9,
343,0,lp,upper,9,9,0.04749539500000001,0.046749114990234375,1086,0,0,9,0,0,0,0,0,0,OPTIMAL=9,
343,1,interval_arithmetic,lower,3136,0,0.0,0.0,0,0,0,0,0,858,0,0,0,2278,,interval_arithmetic=858;lower_skipped_by_nonpositive_upper=2278
343,1,interval_arithmetic,upper,3136,0,0.0,0.0,0,0,0,0,0,3136,0,0,0,0,,interval_arithmetic=3136
343,2,lp,lower,1568,65,0.058013493999999985,0.05543041229248047,689,0,0,65,0,0,0,643,0,860,OPTIMAL=65,interval_proves_cutoff=643;lower_skipped_by_nonpositive_upper=860
343,2,lp,upper,1568,70,0.073393293,0.06463265419006348,936,0,0,70,0,0,0,855,643,0,OPTIMAL=70,interval_proves_cutoff=855;upper_skipped_by_nonnegative_interval_lower=643
343,3,lp,lower,100,3,0.0090189,0.008829116821289062,258,0,0,3,0,0,0,6,0,91,OPTIMAL=3,interval_proves_cutoff=6;lower_skipped_by_nonpositive_upper=91
343,3,lp,upper,100,3,0.0089415,0.008636236190795898,295,0,0,3,0,0,0,91,6,0,OPTIMAL=3,interval_proves_cutoff=91;upper_skipped_by_nonnegative_interval_lower=6
344,0,lp,lower,9,9,0.056039295,0.05522274971008301,1581,0,0,9,0,0,0,0,0,0,OPTIMAL=9,
344,0,lp,upper,9,9,0.076295693,0.07542920112609863,1840,0,0,9,0,0,0,0,0,0,OPTIMAL=9,
344,1,interval_arithmetic,lower,3136,0,0.0,0.0,0,0,0,0,0,946,0,0,0,2190,,interval_arithmetic=946;lower_skipped_by_nonpositive_upper=2190
344,1,interval_arithmetic,upper,3136,0,0.0,0.0,0,0,0,0,0,3136,0,0,0,0,,interval_arithmetic=3136
344,2,lp,lower,1568,102,0.11234608400000001,0.1078023910522461,1901,0,0,102,0,0,0,679,0,787,OPTIMAL=102,interval_proves_cutoff=679;lower_skipped_by_nonpositive_upper=787
344,2,lp,upper,1568,110,0.13056558399999998,0.1199805736541748,2120,0,0,110,0,0,0,779,679,0,OPTIMAL=110,interval_proves_cutoff=779;upper_skipped_by_nonnegative_interval_lower=679
344,3,lp,lower,100,2,0.0131945,0.013005495071411133,375,0,0,2,0,0,0,7,0,91,OPTIMAL=2,interval_proves_cutoff=7;lower_skipped_by_nonpositive_upper=91
344,3,lp,upper,100,2,0.012484,0.01229405403137207,412,0,0,2,0,0,0,91,7,0,OPTIMAL=2,interval_proves_cutoff=91;upper_skipped_by_nonnegative_interval_lower=7
345,0,lp,lower,9,9,0.059940494999999996,0.05910134315490723,1522,0,0,9,0,0,0,0,0,0,OPTIMAL=9,
345,0,lp,upper,9,9,0.055328595,0.054322242736816406,1585,0,0,9,0,0,0,0,0,0,OPTIMAL=9,
345,1,interval_arithmetic,lower,3136,0,0.0,0.0,0,0,0,0,0,922,0,0,0,2214,,interval_arithmetic=922;lower_skipped_by_nonpositive_upper=2214
345,1,interval_arithmetic,upper,3136,0,0.0,0.0,0,0,0,0,0,3136,0,0,0,0,,interval_arithmetic=3136
345,2,lp,lower,1568,116,0.141082087,0.13321828842163086,2331,0,0,116,0,0,0,651,0,801,OPTIMAL=116,interval_proves_cutoff=651;lower_skipped_by_nonpositive_upper=801
345,2,lp,upper,1568,121,0.16131798200000005,0.14506888389587402,2345,0,0,121,0,0,0,796,651,0,OPTIMAL=121,interval_proves_cutoff=796;upper_skipped_by_nonnegative_interval_lower=651
345,3,lp,lower,100,0,0.0,0.0,0,0,0,0,0,0,0,9,0,91,,interval_proves_cutoff=9;lower_skipped_by_nonpositive_upper=91
345,3,lp,upper,100,0,0.0,0.0,0,0,0,0,0,0,0,91,9,0,,interval_proves_cutoff=91;upper_skipped_by_nonnegative_interval_lower=9
346,0,lp,lower,9,9,0.020050498000000003,0.019252538681030273,486,0,0,9,0,0,0,0,0,0,OPTIMAL=9,
346,0,lp,upper,9,9,0.021719299,0.020894765853881836,499,0,0,9,0,0,0,0,0,0,OPTIMAL=9,
346,1,interval_arithmetic,lower,3136,0,0.0,0.0,0,0,0,0,0,851,0,0,0,2285,,interval_arithmetic=851;lower_skipped_by_nonpositive_upper=2285
346,1,interval_arithmetic,upper,3136,0,0.0,0.0,0,0,0,0,0,3136,0,0,0,0,,interval_arithmetic=3136
346,2,lp,lower,1568,33,0.025117398000000003,0.02375340461730957,116,0,0,33,0,0,0,659,0,876,OPTIMAL=33,interval_proves_cutoff=659;lower_skipped_by_nonpositive_upper=876
346,2,lp,upper,1568,35,0.03327439700000001,0.0265958309173584,228,0,0,35,0,0,0,874,659,0,OPTIMAL=35,interval_proves_cutoff=874;upper_skipped_by_nonnegative_interval_lower=659
346,3,lp,lower,100,1,0.0015548,0.001497507095336914,68,0,0,1,0,0,0,7,0,92,OPTIMAL=1,interval_proves_cutoff=7;lower_skipped_by_nonpositive_upper=92
346,3,lp,upper,100,1,0.0017267,0.0016407966613769531,66,0,0,1,0,0,0,92,7,0,OPTIMAL=1,interval_proves_cutoff=92;upper_skipped_by_nonnegative_interval_lower=7
347,0,lp,lower,9,9,0.057342096,0.056398630142211914,1292,0,0,9,0,0,0,0,0,0,OPTIMAL=9,
347,0,lp,upper,9,9,0.077910992,0.07674264907836914,1717,0,0,9,0,0,0,0,0,0,OPTIMAL=9,
347,1,interval_arithmetic,lower,3136,0,0.0,0.0,0,0,0,0,0,922,0,0,0,2214,,interval_arithmetic=922;lower_skipped_by_nonpositive_upper=2214
347,1,interval_arithmetic,upper,3136,0,0.0,0.0,0,0,0,0,0,3136,0,0,0,0,,interval_arithmetic=3136
347,2,lp,lower,1568,98,0.09329999,0.08936667442321777,1412,0,0,98,0,0,0,655,0,815,OPTIMAL=98,interval_proves_cutoff=655;lower_skipped_by_nonpositive_upper=815
347,2,lp,upper,1568,103,0.10943589100000001,0.09962272644042969,1494,0,0,103,0,0,0,810,655,0,OPTIMAL=103,interval_proves_cutoff=810;upper_skipped_by_nonnegative_interval_lower=655
347,3,lp,lower,100,0,0.0,0.0,0,0,0,0,0,0,0,9,0,91,,interval_proves_cutoff=9;lower_skipped_by_nonpositive_upper=91
347,3,lp,upper,100,0,0.0,0.0,0,0,0,0,0,0,0,91,9,0,,interval_proves_cutoff=91;upper_skipped_by_nonnegative_interval_lower=9
348,0,lp,lower,9,9,0.072795305,0.07182168960571289,1589,0,0,9,0,0,0,0,0,0,OPTIMAL=9,
348,0,lp,upper,9,9,0.069626795,0.06868386268615723,1436,0,0,9,0,0,0,0,0,0,OPTIMAL=9,
348,1,interval_arithmetic,lower,3136,0,0.0,0.0,0,0,0,0,0,958,0,0,0,2178,,interval_arithmetic=958;lower_skipped_by_nonpositive_upper=2178
348,1,interval_arithmetic,upper,3136,0,0.0,0.0,0,0,0,0,0,3136,0,0,0,0,,interval_arithmetic=3136
348,2,lp,lower,1568,94,0.10844769199999997,0.10270071029663086,1101,0,0,94,0,0,0,684,0,790,OPTIMAL=94,interval_proves_cutoff=684;lower_skipped_by_nonpositive_upper=790
348,2,lp,upper,1568,99,0.11632418599999995,0.10592389106750488,1242,0,0,99,0,0,0,785,684,0,OPTIMAL=99,interval_proves_cutoff=785;upper_skipped_by_nonnegative_interval_lower=684
348,3,lp,lower,100,1,0.0063868,0.006282806396484375,245,0,0,1,0,0,0,8,0,91,OPTIMAL=1,interval_proves_cutoff=8;lower_skipped_by_nonpositive_upper=91
348,3,lp,upper,100,1,0.0052167,0.00510096549987793,210,0,0,1,0,0,0,91,8,0,OPTIMAL=1,interval_proves_cutoff=91;upper_skipped_by_nonnegative_interval_lower=8
349,0,lp,lower,9,9,0.035483602999999996,0.03470206260681152,937,0,0,9,0,0,0,0,0,0,OPTIMAL=9,
349,0,lp,upper,9,9,0.032054803,0.031064748764038086,858,0,0,9,0,0,0,0,0,0,OPTIMAL=9,
349,1,interval_arithmetic,lower,3136,0,0.0,0.0,0,0,0,0,0,856,0,0,0,2280,,interval_arithmetic=856;lower_skipped_by_nonpositive_upper=2280
349,1,interval_arithmetic,upper,3136,0,0.0,0.0,0,0,0,0,0,3136,0,0,0,0,,interval_arithmetic=3136
349,2,lp,lower,1568,66,0.05866330499999999,0.05531907081604004,643,0,0,66,0,0,0,632,0,870,OPTIMAL=66,interval_proves_cutoff=632;lower_skipped_by_nonpositive_upper=870
349,2,lp,upper,1568,70,0.07728200900000001,0.06577110290527344,753,0,0,70,0,0,0,866,632,0,OPTIMAL=70,interval_proves_cutoff=866;upper_skipped_by_nonnegative_interval_lower=632
349,3,lp,lower,100,2,0.005375899999999999,0.005230903625488281,176,0,0,2,0,0,0,7,0,91,OPTIMAL=2,interval_proves_cutoff=7;lower_skipped_by_nonpositive_upper=91
349,3,lp,upper,100,2,0.0065607,0.006396770477294922,243,0,0,2,0,0,0,91,7,0,OPTIMAL=2,interval_proves_cutoff=91;upper_skipped_by_nonnegative_interval_lower=7
350,0,lp,lower,9,9,0.037031303,0.036095380783081055,1181,0,0,9,0,0,0,0,0,0,OPTIMAL=9,
350,0,lp,upper,9,9,0.037922605,0.036989450454711914,1231,0,0,9,0,0,0,0,0,0,OPTIMAL=9,
350,1,interval_arithmetic,lower,3136,0,0.0,0.0,0,0,0,0,0,898,0,0,0,2238,,interval_arithmetic=898;lower_skipped_by_nonpositive_upper=2238
350,1,interval_arithmetic,upper,3136,0,0.0,0.0,0,0,0,0,0,3136,0,0,0,0,,interval_arithmetic=3136
350,2,lp,lower,1568,75,0.08407540500000002,0.08012533187866211,1045,0,0,75,0,0,0,650,0,843,OPTIMAL=75,interval_proves_cutoff=650;lower_skipped_by_nonpositive_upper=843
350,2,lp,upper,1568,79,0.095813911,0.08586430549621582,1235,0,0,79,0,0,0,839,650,0,OPTIMAL=79,interval_proves_cutoff=839;upper_skipped_by_nonnegative_interval_lower=650
350,3,lp,lower,100,0,0.0,0.0,0,0,0,0,0,0,0,9,0,91,,interval_proves_cutoff=9;lower_skipped_by_nonpositive_upper=91
350,3,lp,upper,100,0,0.0,0.0,0,0,0,0,0,0,0,91,9,0,,interval_proves_cutoff=91;upper_skipped_by_nonnegative_interval_lower=9
351,0,lp,lower,9,9,0.022523301,0.02179121971130371,638,0,0,9,0,0,0,0,0,0,OPTIMAL=9,
351,0,lp,upper,9,9,0.019818502999999998,0.019259929656982422,691,0,0,9,0,0,0,0,0,0,OPTIMAL=9,
351,1,interval_arithmetic,lower,3136,0,0.0,0.0,0,0,0,0,0,864,0,0,0,2272,,interval_arithmetic=864;lower_skipped_by_nonpositive_upper=2272
351,1,interval_arithmetic,upper,3136,0,0.0,0.0,0,0,0,0,0,3136,0,0,0,0,,interval_arithmetic=3136
351,2,lp,lower,1568,57,0.04950620300000001,0.0473635196685791,295,0,0,57,0,0,0,641,0,870,OPTIMAL=57,interval_proves_cutoff=641;lower_skipped_by_nonpositive_upper=870
351,2,lp,upper,1568,60,0.06396820600000001,0.055700063705444336,439,0,0,60,0,0,0,867,641,0,OPTIMAL=60,interval_proves_cutoff=867;upper_skipped_by_nonnegative_interval_lower=641
351,3,lp,lower,100,0,0.0,0.0,0,0,0,0,0,0,0,9,0,91,,interval_proves_cutoff=9;lower_skipped_by_nonpositive_upper=91
351,3,lp,upper,100,0,0.0,0.0,0,0,0,0,0,0,0,91,9,0,,interval_proves_cutoff=91;upper_skipped_by_nonnegative_interval_lower=9
352,0,lp,lower,9,9,0.07347270900000001,0.07254457473754883,1629,0,0,9,0,0,0,0,0,0,OPTIMAL=9,
352,0,lp,upper,9,9,0.07380770700000001,0.07272982597351074,1561,0,0,9,0,0,0,0,0,0,OPTIMAL=9,
352,1,interval_arithmetic,lower,3136,0,0.0,0.0,0,0,0,0,0,935,0,0,0,2201,,interval_arithmetic=935;lower_skipped_by_nonpositive_upper=2201
352,1,interval_arithmetic,upper,3136,0,0.0,0.0,0,0,0,0,0,3136,0,0,0,0,,interval_arithmetic=3136
352,2,lp,lower,1568,82,0.09440041199999998,0.0897226333618164,1012,0,0,82,0,0,0,697,0,789,OPTIMAL=82,interval_proves_cutoff=697;lower_skipped_by_nonpositive_upper=789
352,2,lp,upper,1568,87,0.12007751200000003,0.10558557510375977,1102,0,0,87,0,0,0,784,697,0,OPTIMAL=87,interval_proves_cutoff=784;upper_skipped_by_nonnegative_interval_lower=697
352,3,lp,lower,100,1,0.0056411,0.0055084228515625,232,0,0,1,0,0,0,8,0,91,OPTIMAL=1,interval_proves_cutoff=8;lower_skipped_by_nonpositive_upper=91
352,3,lp,upper,100,1,0.005700201,0.005585908889770508,212,0,0,1,0,0,0,91,8,0,OPTIMAL=1,interval_proves_cutoff=91;upper_skipped_by_nonnegative_interval_lower=8
353,0,lp,lower,9,9,0.088484307,0.0874333381652832,1971,0,0,9,0,0,0,0,0,0,OPTIMAL=9,
353,0,lp,upper,9,9,0.10304091100000001,0.10191059112548828,2081,0,0,9,0,0,0,0,0,0,OPTIMAL=9,
353,1,interval_arithmetic,lower,3136,0,0.0,0.0,0,0,0,0,0,970,0,0,0,2166,,interval_arithmetic=970;lower_skipped_by_nonpositive_upper=2166
353,1,interval_arithmetic,upper,3136,0,0.0,0.0,0,0,0,0,0,3136,0,0,0,0,,interval_arithmetic=3136
353,2,lp,lower,1568,116,0.15286881500000005,0.14480304718017578,1655,0,0,116,0,0,0,697,0,755,OPTIMAL=116,interval_proves_cutoff=697;lower_skipped_by_nonpositive_upper=755
353,2,lp,upper,1568,123,0.15953461100000002,0.1455850601196289,1922,0,0,123,0,0,0,748,697,0,OPTIMAL=123,interval_proves_cutoff=748;upper_skipped_by_nonnegative_interval_lower=697
353,3,lp,lower,100,1,0.010823502,0.010661602020263672,328,0,0,1,0,0,0,8,0,91,OPTIMAL=1,interval_proves_cutoff=8;lower_skipped_by_nonpositive_upper=91
353,3,lp,upper,100,1,0.008028301,0.007888317108154297,251,0,0,1,0,0,0,91,8,0,OPTIMAL=1,interval_proves_cutoff=91;upper_skipped_by_nonnegative_interval_lower=8
354,0,lp,lower,9,9,0.040295502,0.039342641830444336,1229,0,0,9,0,0,0,0,0,0,OPTIMAL=9,
354,0,lp,upper,9,9,0.048031607000000004,0.047025203704833984,1308,0,0,9,0,0,0,0,0,0,OPTIMAL=9,
354,1,interval_arithmetic,lower,3136,0,0.0,0.0,0,0,0,0,0,987,0,0,0,2149,,interval_arithmetic=987;lower_skipped_by_nonpositive_upper=2149
354,1,interval_arithmetic,upper,3136,0,0.0,0.0,0,0,0,0,0,3136,0,0,0,0,,interval_arithmetic=3136
354,2,lp,lower,1568,68,0.07589780699999998,0.07259273529052734,976,0,0,68,0,0,0,687,0,813,OPTIMAL=68,interval_proves_cutoff=687;lower_skipped_by_nonpositive_upper=813
354,2,lp,upper,1568,74,0.089829804,0.08101511001586914,1145,0,0,74,0,0,0,807,687,0,OPTIMAL=74,interval_proves_cutoff=807;upper_skipped_by_nonnegative_interval_lower=687
354,3,lp,lower,100,1,0.004666801,0.0045642852783203125,212,0,0,1,0,0,0,8,0,91,OPTIMAL=1,interval_proves_cutoff=8;lower_skipped_by_nonpositive_upper=91
354,3,lp,upper,100,1,0.003910901,0.003787994384765625,185,0,0,1,0,0,0,91,8,0,OPTIMAL=1,interval_proves_cutoff=91;upper_skipped_by_nonnegative_interval_lower=8
355,0,lp,lower,9,9,0.049185711,0.04818534851074219,1136,0,0,9,0,0,0,0,0,0,OPTIMAL=9,
355,0,lp,upper,9,9,0.049063705,0.04817795753479004,1171,0,0,9,0,0,0,0,0,0,OPTIMAL=9,
355,1,interval_arithmetic,lower,3136,0,0.0,0.0,0,0,0,0,0,860,0,0,0,2276,,interval_arithmetic=860;lower_skipped_by_nonpositive_upper=2276
355,1,interval_arithmetic,upper,3136,0,0.0,0.0,0,0,0,0,0,3136,0,0,0,0,,interval_arithmetic=3136
355,2,lp,lower,1568,75,0.07304010799999995,0.06961345672607422,835,0,0,75,0,0,0,630,0,863,OPTIMAL=75,interval_proves_cutoff=630;lower_skipped_by_nonpositive_upper=863
355,2,lp,upper,1568,76,0.08968320699999996,0.07912850379943848,909,0,0,76,0,0,0,862,630,0,OPTIMAL=76,interval_proves_cutoff=862;upper_skipped_by_nonnegative_interval_lower=630
355,3,lp,lower,100,1,0.007109401,0.007006645202636719,224,0,0,1,0,0,0,8,0,91,OPTIMAL=1,interval_proves_cutoff=8;lower_skipped_by_nonpositive_upper=91
355,3,lp,upper,100,1,0.004722,0.00461578369140625,169,0,0,1,0,0,0,91,8,0,OPTIMAL=1,interval_proves_cutoff=91;upper_skipped_by_nonnegative_interval_lower=8
356,0,lp,lower,9,9,0.061633798,0.060422420501708984,1412,0,0,9,0,0,0,0,0,0,OPTIMAL=9,
356,0,lp,upper,9,9,0.06967420499999999,0.06820845603942871,1387,0,0,9,0,0,0,0,0,0,OPTIMAL=9,
356,1,interval_arithmetic,lower,3136,0,0.0,0.0,0,0,0,0,0,928,0,0,0,2208,,interval_arithmetic=928;lower_skipped_by_nonpositive_upper=2208
356,1,interval_arithmetic,upper,3136,0,0.0,0.0,0,0,0,0,0,3136,0,0,0,0,,interval_arithmetic=3136
356,2,lp,lower,1568,109,0.11948766599999996,0.11452865600585938,1721,0,0,109,0,0,0,655,0,804,OPTIMAL=109,interval_proves_cutoff=655;lower_skipped_by_nonpositive_upper=804
356,2,lp,upper,1568,116,0.135193394,0.12343835830688477,1859,0,0,116,0,0,0,797,655,0,OPTIMAL=116,interval_proves_cutoff=797;upper_skipped_by_nonnegative_interval_lower=655
356,3,lp,lower,100,1,0.011650148,0.011493682861328125,306,0,0,1,0,0,0,8,0,91,OPTIMAL=1,interval_proves_cutoff=8;lower_skipped_by_nonpositive_upper=91
356,3,lp,upper,100,1,0.007582966,0.007443428039550781,239,0,0,1,0,0,0,91,8,0,OPTIMAL=1,interval_proves_cutoff=91;upper_skipped_by_nonnegative_interval_lower=8
357,0,lp,lower,9,9,0.09254769800000001,0.09149646759033203,1618,0,0,9,0,0,0,0,0,0,OPTIMAL=9,
357,0,lp,upper,9,9,0.07961189900000001,0.07863807678222656,1595,0,0,9,0,0,0,0,0,0,OPTIMAL=9,
357,1,interval_arithmetic,lower,3136,0,0.0,0.0,0,0,0,0,0,940,0,0,0,2196,,interval_arithmetic=940;lower_skipped_by_nonpositive_upper=2196
357,1,interval_arithmetic,upper,3136,0,0.0,0.0,0,0,0,0,0,3136,0,0,0,0,,interval_arithmetic=3136
357,2,lp,lower,1568,90,0.10655649800000001,0.09987783432006836,1009,0,0,90,0,0,0,678,0,800,OPTIMAL=90,interval_proves_cutoff=678;lower_skipped_by_nonpositive_upper=800
357,2,lp,upper,1568,95,0.13021349700000004,0.10372304916381836,1231,0,0,95,0,0,0,795,678,0,OPTIMAL=95,interval_proves_cutoff=795;upper_skipped_by_nonnegative_interval_lower=678
357,3,lp,lower,100,2,0.008761399999999999,0.008578300476074219,268,0,0,2,0,0,0,7,0,91,OPTIMAL=2,interval_proves_cutoff=7;lower_skipped_by_nonpositive_upper=91
357,3,lp,upper,100,2,0.007694999,0.007508754730224609,329,0,0,2,0,0,0,91,7,0,OPTIMAL=2,interval_proves_cutoff=91;upper_skipped_by_nonnegative_interval_lower=7
358,0,lp,lower,9,9,0.031691398999999995,0.03072524070739746,816,0,0,9,0,0,0,0,0,0,OPTIMAL=9,
358,0,lp,upper,9,9,0.0392837,0.03833818435668945,999,0,0,9,0,0,0,0,0,0,OPTIMAL=9,
358,1,interval_arithmetic,lower,3136,0,0.0,0.0,0,0,0,0,0,832,0,0,0,2304,,interval_arithmetic=832;lower_skipped_by_nonpositive_upper=2304
358,1,interval_arithmetic,upper,3136,0,0.0,0.0,0,0,0,0,0,3136,0,0,0,0,,interval_arithmetic=3136
358,2,lp,lower,1568,79,0.07260109800000002,0.06763601303100586,497,0,0,79,0,0,0,612,0,877,OPTIMAL=79,interval_proves_cutoff=612;lower_skipped_by_nonpositive_upper=877
358,2,lp,upper,1568,81,0.08988279799999999,0.07814645767211914,685,0,0,81,0,0,0,875,612,0,OPTIMAL=81,interval_proves_cutoff=875;upper_skipped_by_nonnegative_interval_lower=612
358,3,lp,lower,100,0,0.0,0.0,0,0,0,0,0,0,0,9,0,91,,interval_proves_cutoff=9;lower_skipped_by_nonpositive_upper=91
358,3,lp,upper,100,0,0.0,0.0,0,0,0,0,0,0,0,91,9,0,,interval_proves_cutoff=91;upper_skipped_by_nonnegative_interval_lower=9
359,0,lp,lower,9,9,0.0379472,0.03706169128417969,1004,0,0,9,0,0,0,0,0,0,OPTIMAL=9,
359,0,lp,upper,9,9,0.046367,0.0454256534576416,1088,0,0,9,0,0,0,0,0,0,OPTIMAL=9,
359,1,interval_arithmetic,lower,3136,0,0.0,0.0,0,0,0,0,0,881,0,0,0,2255,,interval_arithmetic=881;lower_skipped_by_nonpositive_upper=2255
359,1,interval_arithmetic,upper,3136,0,0.0,0.0,0,0,0,0,0,3136,0,0,0,0,,interval_arithmetic=3136
359,2,lp,lower,1568,84,0.08441809899999998,0.07956695556640625,1012,0,0,84,0,0,0,645,0,839,OPTIMAL=84,interval_proves_cutoff=645;lower_skipped_by_nonpositive_upper=839
359,2,lp,upper,1568,95,0.10485399999999999,0.09325385093688965,1321,0,0,95,0,0,0,828,645,0,OPTIMAL=95,interval_proves_cutoff=828;upper_skipped_by_nonnegative_interval_lower=645
359,3,lp,lower,100,1,0.005017699,0.004930019378662109,199,0,0,1,0,0,0,8,0,91,OPTIMAL=1,interval_proves_cutoff=8;lower_skipped_by_nonpositive_upper=91
359,3,lp,upper,100,1,0.0050575,0.004942178726196289,174,0,0,1,0,0,0,91,8,0,OPTIMAL=1,interval_proves_cutoff=91;upper_skipped_by_nonnegative_interval_lower=8
360,0,lp,lower,9,9,0.053301607,0.05229043960571289,1319,0,0,9,0,0,0,0,0,0,OPTIMAL=9,
360,0,lp,upper,9,9,0.057753004999999996,0.05668759346008301,1346,0,0,9,0,0,0,0,0,0,OPTIMAL=9,
360,1,interval_arithmetic,lower,3136,0,0.0,0.0,0,0,0,0,0,932,0,0,0,2204,,interval_arithmetic=932;lower_skipped_by_nonpositive_upper=2204
360,1,interval_arithmetic,upper,3136,0,0.0,0.0,0,0,0,0,0,3136,0,0,0,0,,interval_arithmetic=3136
360,2,lp,lower,1568,86,0.11415791100000003,0.10800457000732422,1068,0,0,86,0,0,0,665,0,817,OPTIMAL=86,interval_proves_cutoff=665;lower_skipped_by_nonpositive_upper=817
360,2,lp,upper,1568,92,0.10702671399999997,0.09638309478759766,1231,0,0,92,0,0,0,811,665,0,OPTIMAL=92,interval_proves_cutoff=811;upper_skipped_by_nonnegative_interval_lower=665
360,3,lp,lower,100,1,0.0049696,0.00485992431640625,236,0,0,1,0,0,0,8,0,91,OPTIMAL=1,interval_proves_cutoff=8;lower_skipped_by_nonpositive_upper=91
360,3,lp,upper,100,1,0.0036686,0.003562450408935547,188,0,0,1,0,0,0,91,8,0,OPTIMAL=1,interval_proves_cutoff=91;upper_skipped_by_nonnegative_interval_lower=8
361,0,lp,lower,9,9,0.041320505,0.04038667678833008,1119,0,0,9,0,0,0,0,0,0,OPTIMAL=9,
361,0,lp,upper,9,9,0.045379405,0.04445981979370117,1120,0,0,9,0,0,0,0,0,0,OPTIMAL=9,
361,1,interval_arithmetic,lower,3136,0,0.0,0.0,0,0,0,0,0,919,0,0,0,2217,,interval_arithmetic=919;lower_skipped_by_nonpositive_upper=2217
361,1,interval_arithmetic,upper,3136,0,0.0,0.0,0,0,0,0,0,3136,0,0,0,0,,interval_arithmetic=3136
361,2,lp,lower,1568,73,0.07296161000000001,0.06964731216430664,947,0,0,73,0,0,0,676,0,819,OPTIMAL=73,interval_proves_cutoff=676;lower_skipped_by_nonpositive_upper=819
361,2,lp,upper,1568,79,0.09025070999999998,0.0809636116027832,1054,0,0,79,0,0,0,813,676,0,OPTIMAL=79,interval_proves_cutoff=813;upper_skipped_by_nonnegative_interval_lower=676
361,3,lp,lower,100,2,0.0066262000000000005,0.006418943405151367,224,0,0,2,0,0,0,7,0,91,OPTIMAL=2,interval_proves_cutoff=7;lower_skipped_by_nonpositive_upper=91
361,3,lp,upper,100,2,0.007360401,0.007173776626586914,312,0,0,2,0,0,0,91,7,0,OPTIMAL=2,interval_proves_cutoff=91;upper_skipped_by_nonnegative_interval_lower=7
362,0,lp,lower,9,9,0.046052105999999995,0.04515647888183594,1421,0,0,9,0,0,0,0,0,0,OPTIMAL=9,
362,0,lp,upper,9,9,0.051441706999999996,0.0504908561706543,1509,0,0,9,0,0,0,0,0,0,OPTIMAL=9,
362,1,interval_arithmetic,lower,3136,0,0.0,0.0,0,0,0,0,0,926,0,0,0,2210,,interval_arithmetic=926;lower_skipped_by_nonpositive_upper=2210
362,1,interval_arithmetic,upper,3136,0,0.0,0.0,0,0,0,0,0,3136,0,0,0,0,,interval_arithmetic=3136
362,2,lp,lower,1568,97,0.109319712,0.10415077209472656,1173,0,0,97,0,0,0,649,0,822,OPTIMAL=97,interval_proves_cutoff=649;lower_skipped_by_nonpositive_upper=822
362,2,lp,upper,1568,104,0.13157401400000002,0.11985492706298828,1278,0,0,104,0,0,0,815,649,0,OPTIMAL=104,interval_proves_cutoff=815;upper_skipped_by_nonnegative_interval_lower=649
362,3,lp,lower,100,0,0.0,0.0,0,0,0,0,0,0,0,8,0,92,,interval_proves_cutoff=8;lower_skipped_by_nonpositive_upper=92
362,3,lp,upper,100,1,0.006227101,0.006104469299316406,217,0,0,1,0,0,0,91,8,0,OPTIMAL=1,interval_proves_cutoff=91;upper_skipped_by_nonnegative_interval_lower=8
363,0,lp,lower,9,9,0.03964680600000001,0.038805484771728516,1365,0,0,9,0,0,0,0,0,0,OPTIMAL=9,
363,0,lp,upper,9,9,0.040875800999999996,0.03998279571533203,1375,0,0,9,0,0,0,0,0,0,OPTIMAL=9,
363,1,interval_arithmetic,lower,3136,0,0.0,0.0,0,0,0,0,0,918,0,0,0,2218,,interval_arithmetic=918;lower_skipped_by_nonpositive_upper=2218
363,1,interval_arithmetic,upper,3136,0,0.0,0.0,0,0,0,0,0,3136,0,0,0,0,,interval_arithmetic=3136
363,2,lp,lower,1568,86,0.08556490100000005,0.08156871795654297,1255,0,0,86,0,0,0,683,0,799,OPTIMAL=86,interval_proves_cutoff=683;lower_skipped_by_nonpositive_upper=799
363,2,lp,upper,1568,89,0.10064660199999995,0.08997297286987305,1345,0,0,89,0,0,0,796,683,0,OPTIMAL=89,interval_proves_cutoff=796;upper_skipped_by_nonnegative_interval_lower=683
363,3,lp,lower,100,0,0.0,0.0,0,0,0,0,0,0,0,8,0,92,,interval_proves_cutoff=8;lower_skipped_by_nonpositive_upper=92
363,3,lp,upper,100,1,0.0042488,0.004144191741943359,205,0,0,1,0,0,0,91,8,0,OPTIMAL=1,interval_proves_cutoff=91;upper_skipped_by_nonnegative_interval_lower=8
364,0,lp,lower,9,9,0.039734407000000006,0.03875422477722168,1182,0,0,9,0,0,0,0,0,0,OPTIMAL=9,
364,0,lp,upper,9,9,0.05555171,0.05435657501220703,1372,0,0,9,0,0,0,0,0,0,OPTIMAL=9,
364,1,interval_arithmetic,lower,3136,0,0.0,0.0,0,0,0,0,0,889,0,0,0,2247,,interval_arithmetic=889;lower_skipped_by_nonpositive_upper=2247
364,1,interval_arithmetic,upper,3136,0,0.0,0.0,0,0,0,0,0,3136,0,0,0,0,,interval_arithmetic=3136
364,2,lp,lower,1568,89,0.09333091799999996,0.08980846405029297,1053,0,0,89,0,0,0,658,0,821,OPTIMAL=89,interval_proves_cutoff=658;lower_skipped_by_nonpositive_upper=821
364,2,lp,upper,1568,94,0.110259425,0.10029792785644531,1114,0,0,94,0,0,0,816,658,0,OPTIMAL=94,interval_proves_cutoff=816;upper_skipped_by_nonnegative_interval_lower=658
364,3,lp,lower,100,0,0.0,0.0,0,0,0,0,0,0,0,9,0,91,,interval_proves_cutoff=9;lower_skipped_by_nonpositive_upper=91
364,3,lp,upper,100,0,0.0,0.0,0,0,0,0,0,0,0,91,9,0,,interval_proves_cutoff=91;upper_skipped_by_nonnegative_interval_lower=9
365,0,lp,lower,9,9,0.082095714,0.08115673065185547,1717,0,0,9,0,0,0,0,0,0,OPTIMAL=9,
365,0,lp,upper,9,9,0.080331615,0.07940864562988281,1713,0,0,9,0,0,0,0,0,0,OPTIMAL=9,
365,1,interval_arithmetic,lower,3136,0,0.0,0.0,0,0,0,0,0,931,0,0,0,2205,,interval_arithmetic=931;lower_skipped_by_nonpositive_upper=2205
365,1,interval_arithmetic,upper,3136,0,0.0,0.0,0,0,0,0,0,3136,0,0,0,0,,interval_arithmetic=3136
365,2,lp,lower,1568,102,0.13758962499999997,0.12991547584533691,1333,0,0,102,0,0,0,676,0,790,OPTIMAL=102,interval_proves_cutoff=676;lower_skipped_by_nonpositive_upper=790
365,2,lp,upper,1568,111,0.15794022599999996,0.14488458633422852,1593,0,0,111,0,0,0,781,676,0,OPTIMAL=111,interval_proves_cutoff=781;upper_skipped_by_nonnegative_interval_lower=676
365,3,lp,lower,100,1,0.007675001,0.007558345794677734,281,0,0,1,0,0,0,8,0,91,OPTIMAL=1,interval_proves_cutoff=8;lower_skipped_by_nonpositive_upper=91
365,3,lp,upper,100,1,0.007322601,0.007193088531494141,244,0,0,1,0,0,0,91,8,0,OPTIMAL=1,interval_proves_cutoff=91;upper_skipped_by_nonnegative_interval_lower=8
366,0,lp,lower,9,9,0.05300901,0.05217719078063965,1436,0,0,9,0,0,0,0,0,0,OPTIMAL=9,
366,0,lp,upper,9,9,0.06106971099999999,0.06017422676086426,1594,0,0,9,0,0,0,0,0,0,OPTIMAL=9,
366,1,interval_arithmetic,lower,3136,0,0.0,0.0,0,0,0,0,0,910,0,0,0,2226,,interval_arithmetic=910;lower_skipped_by_nonpositive_upper=2226
366,1,interval_arithmetic,upper,3136,0,0.0,0.0,0,0,0,0,0,3136,0,0,0,0,,interval_arithmetic=3136
366,2,lp,lower,1568,108,0.11364771600000001,0.10903549194335938,1662,0,0,108,0,0,0,658,0,802,OPTIMAL=108,interval_proves_cutoff=658;lower_skipped_by_nonpositive_upper=802
366,2,lp,upper,1568,114,0.13441752699999995,0.12395191192626953,1886,0,0,114,0,0,0,796,658,0,OPTIMAL=114,interval_proves_cutoff=796;upper_skipped_by_nonnegative_interval_lower=658
366,3,lp,lower,100,1,0.007491001,0.007414817810058594,290,0,0,1,0,0,0,8,0,91,OPTIMAL=1,interval_proves_cutoff=8;lower_skipped_by_nonpositive_upper=91
366,3,lp,upper,100,1,0.006179401,0.006066083908081055,229,0,0,1,0,0,0,91,8,0,OPTIMAL=1,interval_proves_cutoff=91;upper_skipped_by_nonnegative_interval_lower=8
367,0,lp,lower,9,9,0.056720011,0.05588507652282715,1555,0,0,9,0,0,0,0,0,0,OPTIMAL=9,
367,0,lp,upper,9,9,0.065339314,0.06435298919677734,1591,0,0,9,0,0,0,0,0,0,OPTIMAL=9,
367,1,interval_arithmetic,lower,3136,0,0.0,0.0,0,0,0,0,0,927,0,0,0,2209,,interval_arithmetic=927;lower_skipped_by_nonpositive_upper=2209
367,1,interval_arithmetic,upper,3136,0,0.0,0.0,0,0,0,0,0,3136,0,0,0,0,,interval_arithmetic=3136
367,2,lp,lower,1568,120,0.139873222,0.1336507797241211,1814,0,0,120,0,0,0,647,0,801,OPTIMAL=120,interval_proves_cutoff=647;lower_skipped_by_nonpositive_upper=801
367,2,lp,upper,1568,127,0.16077382599999995,0.14766883850097656,2151,0,0,127,0,0,0,794,647,0,OPTIMAL=127,interval_proves_cutoff=794;upper_skipped_by_nonnegative_interval_lower=647
367,3,lp,lower,100,1,0.008984102,0.00889444351196289,318,0,0,1,0,0,0,8,0,91,OPTIMAL=1,interval_proves_cutoff=8;lower_skipped_by_nonpositive_upper=91
367,3,lp,upper,100,1,0.006910101,0.006798267364501953,252,0,0,1,0,0,0,91,8,0,OPTIMAL=1,interval_proves_cutoff=91;upper_skipped_by_nonnegative_interval_lower=8
368,0,lp,lower,9,9,0.049910903000000006,0.04888415336608887,1415,0,0,9,0,0,0,0,0,0,OPTIMAL=9,
368,0,lp,upper,9,9,0.053420602000000005,0.052434444427490234,1586,0,0,9,0,0,0,0,0,0,OPTIMAL=9,
368,1,interval_arithmetic,lower,3136,0,0.0,0.0,0,0,0,0,0,919,0,0,0,2217,,interval_arithmetic=919;lower_skipped_by_nonpositive_upper=2217
368,1,interval_arithmetic,upper,3136,0,0.0,0.0,0,0,0,0,0,3136,0,0,0,0,,interval_arithmetic=3136
368,2,lp,lower,1568,111,0.10900111200000001,0.10444378852844238,1018,0,0,111,0,0,0,686,0,771,OPTIMAL=111,interval_proves_cutoff=686;lower_skipped_by_nonpositive_upper=771
368,2,lp,upper,1568,118,0.12767692,0.11652779579162598,1099,0,0,118,0,0,0,764,686,0,OPTIMAL=118,interval_proves_cutoff=764;upper_skipped_by_nonnegative_interval_lower=686
368,3,lp,lower,100,0,0.0,0.0,0,0,0,0,0,0,0,9,0,91,,interval_proves_cutoff=9;lower_skipped_by_nonpositive_upper=91
368,3,lp,upper,100,0,0.0,0.0,0,0,0,0,0,0,0,91,9,0,,interval_proves_cutoff=91;upper_skipped_by_nonnegative_interval_lower=9
369,0,lp,lower,9,9,0.042398302000000006,0.04147195816040039,1118,0,0,9,0,0,0,0,0,0,OPTIMAL=9,
369,0,lp,upper,9,9,0.042842303,0.04181218147277832,1270,0,0,9,0,0,0,0,0,0,OPTIMAL=9,
369,1,interval_arithmetic,lower,3136,0,0.0,0.0,0,0,0,0,0,894,0,0,0,2242,,interval_arithmetic=894;lower_skipped_by_nonpositive_upper=2242
369,1,interval_arithmetic,upper,3136,0,0.0,0.0,0,0,0,0,0,3136,0,0,0,0,,interval_arithmetic=3136
369,2,lp,lower,1568,87,0.092325204,0.08740520477294922,1160,0,0,87,0,0,0,651,0,830,OPTIMAL=87,interval_proves_cutoff=651;lower_skipped_by_nonpositive_upper=830
369,2,lp,upper,1568,91,0.108462803,0.09778833389282227,1247,0,0,91,0,0,0,826,651,0,OPTIMAL=91,interval_proves_cutoff=826;upper_skipped_by_nonnegative_interval_lower=651
369,3,lp,lower,100,0,0.0,0.0,0,0,0,0,0,0,0,9,0,91,,interval_proves_cutoff=9;lower_skipped_by_nonpositive_upper=91
369,3,lp,upper,100,0,0.0,0.0,0,0,0,0,0,0,0,91,9,0,,interval_proves_cutoff=91;upper_skipped_by_nonnegative_interval_lower=9
370,0,lp,lower,9,9,0.048559003999999996,0.04755115509033203,1447,0,0,9,0,0,0,0,0,0,OPTIMAL=9,
370,0,lp,upper,9,9,0.048819207999999996,0.04779791831970215,1558,0,0,9,0,0,0,0,0,0,OPTIMAL=9,
370,1,interval_arithmetic,lower,3136,0,0.0,0.0,0,0,0,0,0,904,0,0,0,2232,,interval_arithmetic=904;lower_skipped_by_nonpositive_upper=2232
370,1,interval_arithmetic,upper,3136,0,0.0,0.0,0,0,0,0,0,3136,0,0,0,0,,interval_arithmetic=3136
370,2,lp,lower,1568,110,0.12186511099999998,0.1160428524017334,1769,0,0,110,0,0,0,661,0,797,OPTIMAL=110,interval_proves_cutoff=661;lower_skipped_by_nonpositive_upper=797
370,2,lp,upper,1568,118,0.146723012,0.13480162620544434,2057,0,0,118,0,0,0,789,661,0,OPTIMAL=118,interval_proves_cutoff=789;upper_skipped_by_nonnegative_interval_lower=661
370,3,lp,lower,100,0,0.0,0.0,0,0,0,0,0,0,0,9,0,91,,interval_proves_cutoff=9;lower_skipped_by_nonpositive_upper=91
370,3,lp,upper,100,0,0.0,0.0,0,0,0,0,0,0,0,91,9,0,,interval_proves_cutoff=91;upper_skipped_by_nonnegative_interval_lower=9
371,0,lp,lower,9,9,0.044785303,0.04409980773925781,1027,0,0,9,0,0,0,0,0,0,OPTIMAL=9,
371,0,lp,upper,9,9,0.035792905,0.035134077072143555,903,0,0,9,0,0,0,0,0,0,OPTIMAL=9,
371,1,interval_arithmetic,lower,3136,0,0.0,0.0,0,0,0,0,0,867,0,0,0,2269,,interval_arithmetic=867;lower_skipped_by_nonpositive_upper=2269
371,1,interval_arithmetic,upper,3136,0,0.0,0.0,0,0,0,0,0,3136,0,0,0,0,,interval_arithmetic=3136
371,2,lp,lower,1568,56,0.050678905,0.04735279083251953,282,0,0,56,0,0,0,651,0,861,OPTIMAL=56,interval_proves_cutoff=651;lower_skipped_by_nonpositive_upper=861
371,2,lp,upper,1568,58,0.053038507999999984,0.04545879364013672,398,0,0,58,0,0,0,859,651,0,OPTIMAL=58,interval_proves_cutoff=859;upper_skipped_by_nonnegative_interval_lower=651
371,3,lp,lower,100,3,0.007744601,0.0075795650482177734,257,0,0,3,0,0,0,6,0,91,OPTIMAL=3,interval_proves_cutoff=6;lower_skipped_by_nonpositive_upper=91
371,3,lp,upper,100,3,0.0078787,0.007633686065673828,281,0,0,3,0,0,0,91,6,0,OPTIMAL=3,interval_proves_cutoff=91;upper_skipped_by_nonnegative_interval_lower=6
372,0,lp,lower,9,9,0.030786204,0.029942035675048828,1071,0,0,9,0,0,0,0,0,0,OPTIMAL=9,
372,0,lp,upper,9,9,0.028919701,0.028057575225830078,1018,0,0,9,0,0,0,0,0,0,OPTIMAL=9,
372,1,interval_arithmetic,lower,3136,0,0.0,0.0,0,0,0,0,0,916,0,0,0,2220,,interval_arithmetic=916;lower_skipped_by_nonpositive_upper=2220
372,1,interval_arithmetic,upper,3136,0,0.0,0.0,0,0,0,0,0,3136,0,0,0,0,,interval_arithmetic=3136
372,2,lp,lower,1568,68,0.06865540300000002,0.06458187103271484,759,0,0,68,0,0,0,674,0,826,OPTIMAL=68,interval_proves_cutoff=674;lower_skipped_by_nonpositive_upper=826
372,2,lp,upper,1568,83,0.09253600900000002,0.08234834671020508,1071,0,0,83,0,0,0,811,674,0,OPTIMAL=83,interval_proves_cutoff=811;upper_skipped_by_nonnegative_interval_lower=674
372,3,lp,lower,100,1,0.003576501,0.003496408462524414,195,0,0,1,0,0,0,7,0,92,OPTIMAL=1,interval_proves_cutoff=7;lower_skipped_by_nonpositive_upper=92
372,3,lp,upper,100,1,0.0039751,0.003866434097290039,149,0,0,1,0,0,0,92,7,0,OPTIMAL=1,interval_proves_cutoff=92;upper_skipped_by_nonnegative_interval_lower=7
373,0,lp,lower,9,9,0.090802508,0.08978796005249023,1952,0,0,9,0,0,0,0,0,0,OPTIMAL=9,
373,0,lp,upper,9,9,0.102173711,0.10112833976745605,2006,0,0,9,0,0,0,0,0,0,OPTIMAL=9,
373,1,interval_arithmetic,lower,3136,0,0.0,0.0,0,0,0,0,0,927,0,0,0,2209,,interval_arithmetic=927;lower_skipped_by_nonpositive_upper=2209
373,1,interval_arithmetic,upper,3136,0,0.0,0.0,0,0,0,0,0,3136,0,0,0,0,,interval_arithmetic=3136
373,2,lp,lower,1568,125,0.151179818,0.14511680603027344,2218,0,0,125,0,0,0,673,0,770,OPTIMAL=125,interval_proves_cutoff=673;lower_skipped_by_nonpositive_upper=770
373,2,lp,upper,1568,137,0.17199851699999996,0.15883445739746094,2350,0,0,137,0,0,0,758,673,0,OPTIMAL=137,interval_proves_cutoff=758;upper_skipped_by_nonnegative_interval_lower=673
373,3,lp,lower,100,1,0.009570201,0.009474515914916992,326,0,0,1,0,0,0,8,0,91,OPTIMAL=1,interval_proves_cutoff=8;lower_skipped_by_nonpositive_upper=91
373,3,lp,upper,100,1,0.007119601,0.006997823715209961,281,0,0,1,0,0,0,91,8,0,OPTIMAL=1,interval_proves_cutoff=91;upper_skipped_by_nonnegative_interval_lower=8
374,0,lp,lower,9,9,0.050940105,0.05002927780151367,1413,0,0,9,0,0,0,0,0,0,OPTIMAL=9,
374,0,lp,upper,9,9,0.053600206,0.05270671844482422,1454,0,0,9,0,0,0,0,0,0,OPTIMAL=9,
374,1,interval_arithmetic,lower,3136,0,0.0,0.0,0,0,0,0,0,954,0,0,0,2182,,interval_arithmetic=954;lower_skipped_by_nonpositive_upper=2182
374,1,interval_arithmetic,upper,3136,0,0.0,0.0,0,0,0,0,0,3136,0,0,0,0,,interval_arithmetic=3136
374,2,lp,lower,1568,108,0.10846640699999999,0.10377955436706543,1898,0,0,108,0,0,0,664,0,796,OPTIMAL=108,interval_proves_cutoff=664;lower_skipped_by_nonpositive_upper=796
374,2,lp,upper,1568,112,0.12626980600000007,0.11462879180908203,2097,0,0,112,0,0,0,792,664,0,OPTIMAL=112,interval_proves_cutoff=792;upper_skipped_by_nonnegative_interval_lower=664
374,3,lp,lower,100,1,0.015013602,0.01492619514465332,358,0,0,1,0,0,0,8,0,91,OPTIMAL=1,interval_proves_cutoff=8;lower_skipped_by_nonpositive_upper=91
374,3,lp,upper,100,1,0.007442401,0.007335186004638672,275,0,0,1,0,0,0,91,8,0,OPTIMAL=1,interval_proves_cutoff=91;upper_skipped_by_nonnegative_interval_lower=8
375,0,lp,lower,9,9,0.066710304,0.06570291519165039,1623,0,0,9,0,0,0,0,0,0,OPTIMAL=9,
375,0,lp,upper,9,9,0.076048608,0.07503819465637207,1845,0,0,9,0,0,0,0,0,0,OPTIMAL=9,
375,1,interval_arithmetic,lower,3136,0,0.0,0.0,0,0,0,0,0,922,0,0,0,2214,,interval_arithmetic=922;lower_skipped_by_nonpositive_upper=2214
375,1,interval_arithmetic,upper,3136,0,0.0,0.0,0,0,0,0,0,3136,0,0,0,0,,interval_arithmetic=3136
375,2,lp,lower,1568,120,0.14095181599999998,0.1353011131286621,2168,0,0,120,0,0,0,654,0,794,OPTIMAL=120,interval_proves_cutoff=654;lower_skipped_by_nonpositive_upper=794
375,2,lp,upper,1568,121,0.15739431800000006,0.14572691917419434,2227,0,0,121,0,0,0,793,654,0,OPTIMAL=121,interval_proves_cutoff=793;upper_skipped_by_nonnegative_interval_lower=654
375,3,lp,lower,100,0,0.0,0.0,0,0,0,0,0,0,0,9,0,91,,interval_proves_cutoff=9;lower_skipped_by_nonpositive_upper=91
375,3,lp,upper,100,0,0.0,0.0,0,0,0,0,0,0,0,91,9,0,,interval_proves_cutoff=91;upper_skipped_by_nonnegative_interval_lower=9
376,0,lp,lower,9,9,0.07713130400000001,0.07603025436401367,1528,0,0,9,0,0,0,0,0,0,OPTIMAL=9,
376,0,lp,upper,9,9,0.064354902,0.06340742111206055,1524,0,0,9,0,0,0,0,0,0,OPTIMAL=9,
376,1,interval_arithmetic,lower,3136,0,0.0,0.0,0,0,0,0,0,923,0,0,0,2213,,interval_arithmetic=923;lower_skipped_by_nonpositive_upper=2213
376,1,interval_arithmetic,upper,3136,0,0.0,0.0,0,0,0,0,0,3136,0,0,0,0,,interval_arithmetic=3136
376,2,lp,lower,1568,107,0.11826450700000002,0.11320066452026367,1367,0,0,107,0,0,0,667,0,794,OPTIMAL=107,interval_proves_cutoff=667;lower_skipped_by_nonpositive_upper=794
376,2,lp,upper,1568,119,0.14550021000000007,0.1336362361907959,1711,0,0,119,0,0,0,782,667,0,OPTIMAL=119,interval_proves_cutoff=782;upper_skipped_by_nonnegative_interval_lower=667
376,3,lp,lower,100,1,0.0055788,0.005484342575073242,268,0,0,1,0,0,0,8,0,91,OPTIMAL=1,interval_proves_cutoff=8;lower_skipped_by_nonpositive_upper=91
376,3,lp,upper,100,1,0.006933501,0.0068187713623046875,224,0,0,1,0,0,0,91,8,0,OPTIMAL=1,interval_proves_cutoff=91;upper_skipped_by_nonnegative_interval_lower=8
378,0,lp,lower,9,9,0.032409100999999996,0.03157949447631836,835,0,0,9,0,0,0,0,0,0,OPTIMAL=9,
378,0,lp,upper,9,9,0.037099502,0.03628253936767578,999,0,0,9,0,0,0,0,0,0,OPTIMAL=9,
378,1,interval_arithmetic,lower,3136,0,0.0,0.0,0,0,0,0,0,842,0,0,0,2294,,interval_arithmetic=842;lower_skipped_by_nonpositive_upper=2294
378,1,interval_arithmetic,upper,3136,0,0.0,0.0,0,0,0,0,0,3136,0,0,0,0,,interval_arithmetic=3136
378,2,lp,lower,1568,73,0.074725806,0.07150626182556152,788,0,0,73,0,0,0,631,0,864,OPTIMAL=73,interval_proves_cutoff=631;lower_skipped_by_nonpositive_upper=864
378,2,lp,upper,1568,73,0.08293840300000002,0.0739905834197998,927,0,0,73,0,0,0,864,631,0,OPTIMAL=73,interval_proves_cutoff=864;upper_skipped_by_nonnegative_interval_lower=631
378,3,lp,lower,100,0,0.0,0.0,0,0,0,0,0,0,0,9,0,91,,interval_proves_cutoff=9;lower_skipped_by_nonpositive_upper=91
378,3,lp,upper,100,0,0.0,0.0,0,0,0,0,0,0,0,91,9,0,,interval_proves_cutoff=91;upper_skipped_by_nonnegative_interval_lower=9
379,0,lp,lower,9,9,0.029125001000000005,0.028315067291259766,849,0,0,9,0,0,0,0,0,0,OPTIMAL=9,
379,0,lp,upper,9,9,0.034247801,0.03347516059875488,909,0,0,9,0,0,0,0,0,0,OPTIMAL=9,
379,1,interval_arithmetic,lower,3136,0,0.0,0.0,0,0,0,0,0,849,0,0,0,2287,,interval_arithmetic=849;lower_skipped_by_nonpositive_upper=2287
379,1,interval_arithmetic,upper,3136,0,0.0,0.0,0,0,0,0,0,3136,0,0,0,0,,interval_arithmetic=3136
379,2,lp,lower,1568,62,0.05819740300000001,0.05555391311645508,646,0,0,62,0,0,0,633,0,873,OPTIMAL=62,interval_proves_cutoff=633;lower_skipped_by_nonpositive_upper=873
379,2,lp,upper,1568,63,0.06847580600000001,0.06001162528991699,796,0,0,63,0,0,0,872,633,0,OPTIMAL=63,interval_proves_cutoff=872;upper_skipped_by_nonnegative_interval_lower=633
379,3,lp,lower,100,1,0.0037763,0.0037088394165039062,178,0,0,1,0,0,0,8,0,91,OPTIMAL=1,interval_proves_cutoff=8;lower_skipped_by_nonpositive_upper=91
379,3,lp,upper,100,1,0.00297,0.0028641223907470703,131,0,0,1,0,0,0,91,8,0,OPTIMAL=1,interval_proves_cutoff=91;upper_skipped_by_nonnegative_interval_lower=8
380,0,lp,lower,9,9,0.032096801,0.03130745887756348,997,0,0,9,0,0,0,0,0,0,OPTIMAL=9,
380,0,lp,upper,9,9,0.034173302999999995,0.03338623046875,960,0,0,9,0,0,0,0,0,0,OPTIMAL=9,
380,1,interval_arithmetic,lower,3136,0,0.0,0.0,0,0,0,0,0,898,0,0,0,2238,,interval_arithmetic=898;lower_skipped_by_nonpositive_upper=2238
380,1,interval_arithmetic,upper,3136,0,0.0,0.0,0,0,0,0,0,3136,0,0,0,0,,interval_arithmetic=3136
380,2,lp,lower,1568,78,0.07968280499999998,0.07637453079223633,1129,0,0,78,0,0,0,655,0,835,OPTIMAL=78,interval_proves_cutoff=655;lower_skipped_by_nonpositive_upper=835
380,2,lp,upper,1568,87,0.10243820800000004,0.0926821231842041,1462,0,0,87,0,0,0,826,655,0,OPTIMAL=87,interval_proves_cutoff=826;upper_skipped_by_nonnegative_interval_lower=655
380,3,lp,lower,100,1,0.0065124,0.006438732147216797,201,0,0,1,0,0,0,8,0,91,OPTIMAL=1,interval_proves_cutoff=8;lower_skipped_by_nonpositive_upper=91
380,3,lp,upper,100,1,0.0040105,0.003903627395629883,173,0,0,1,0,0,0,91,8,0,OPTIMAL=1,interval_proves_cutoff=91;upper_skipped_by_nonnegative_interval_lower=8
381,0,lp,lower,9,9,0.039217702,0.038331031799316406,1362,0,0,9,0,0,0,0,0,0,OPTIMAL=9,
381,0,lp,upper,9,9,0.046337903,0.045415401458740234,1412,0,0,9,0,0,0,0,0,0,OPTIMAL=9,
381,1,interval_arithmetic,lower,3136,0,0.0,0.0,0,0,0,0,0,940,0,0,0,2196,,interval_arithmetic=940;lower_skipped_by_nonpositive_upper=2196
381,1,interval_arithmetic,upper,3136,0,0.0,0.0,0,0,0,0,0,3136,0,0,0,0,,interval_arithmetic=3136
381,2,lp,lower,1568,91,0.10951810399999998,0.10467696189880371,1417,0,0,91,0,0,0,695,0,782,OPTIMAL=91,interval_proves_cutoff=695;lower_skipped_by_nonpositive_upper=782
381,2,lp,upper,1568,98,0.125791508,0.11474776268005371,1700,0,0,98,0,0,0,775,695,0,OPTIMAL=98,interval_proves_cutoff=775;upper_skipped_by_nonnegative_interval_lower=695
381,3,lp,lower,100,1,0.0055572,0.0054814815521240234,281,0,0,1,0,0,0,8,0,91,OPTIMAL=1,interval_proves_cutoff=8;lower_skipped_by_nonpositive_upper=91
381,3,lp,upper,100,1,0.004356401,0.004251003265380859,189,0,0,1,0,0,0,91,8,0,OPTIMAL=1,interval_proves_cutoff=91;upper_skipped_by_nonnegative_interval_lower=8
383,0,lp,lower,9,9,0.034601602,0.033833980560302734,896,0,0,9,0,0,0,0,0,0,OPTIMAL=9,
383,0,lp,upper,9,9,0.034886702,0.03409290313720703,943,0,0,9,0,0,0,0,0,0,OPTIMAL=9,
383,1,interval_arithmetic,lower,3136,0,0.0,0.0,0,0,0,0,0,921,0,0,0,2215,,interval_arithmetic=921;lower_skipped_by_nonpositive_upper=2215
383,1,interval_arithmetic,upper,3136,0,0.0,0.0,0,0,0,0,0,3136,0,0,0,0,,interval_arithmetic=3136
383,2,lp,lower,1568,60,0.06044670499999998,0.05757856369018555,437,0,0,60,0,0,0,675,0,833,OPTIMAL=60,interval_proves_cutoff=675;lower_skipped_by_nonpositive_upper=833
383,2,lp,upper,1568,63,0.07156390400000001,0.06273150444030762,539,0,0,63,0,0,0,830,675,0,OPTIMAL=63,interval_proves_cutoff=830;upper_skipped_by_nonnegative_interval_lower=675
383,3,lp,lower,100,1,0.003601101,0.0035114288330078125,160,0,0,1,0,0,0,8,0,91,OPTIMAL=1,interval_proves_cutoff=8;lower_skipped_by_nonpositive_upper=91
383,3,lp,upper,100,1,0.0024699,0.002368450164794922,117,0,0,1,0,0,0,91,8,0,OPTIMAL=1,interval_proves_cutoff=91;upper_skipped_by_nonnegative_interval_lower=8
384,0,lp,lower,9,9,0.030316701,0.029430150985717773,882,0,0,9,0,0,0,0,0,0,OPTIMAL=9,
384,0,lp,upper,9,9,0.030305001999999998,0.029541492462158203,830,0,0,9,0,0,0,0,0,0,OPTIMAL=9,
384,1,interval_arithmetic,lower,3136,0,0.0,0.0,0,0,0,0,0,856,0,0,0,2280,,interval_arithmetic=856;lower_skipped_by_nonpositive_upper=2280
384,1,interval_arithmetic,upper,3136,0,0.0,0.0,0,0,0,0,0,3136,0,0,0,0,,interval_arithmetic=3136
384,2,lp,lower,1568,79,0.07378380400000001,0.07028317451477051,690,0,0,79,0,0,0,641,0,848,OPTIMAL=79,interval_proves_cutoff=641;lower_skipped_by_nonpositive_upper=848
384,2,lp,upper,1568,83,0.08466740500000003,0.07549023628234863,850,0,0,83,0,0,0,844,641,0,OPTIMAL=83,interval_proves_cutoff=844;upper_skipped_by_nonnegative_interval_lower=641
384,3,lp,lower,100,2,0.0051453,0.004990577697753906,193,0,0,2,0,0,0,7,0,91,OPTIMAL=2,interval_proves_cutoff=7;lower_skipped_by_nonpositive_upper=91
384,3,lp,upper,100,2,0.0059202000000000005,0.005735635757446289,229,0,0,2,0,0,0,91,7,0,OPTIMAL=2,interval_proves_cutoff=91;upper_skipped_by_nonnegative_interval_lower=7
385,0,lp,lower,9,9,0.059013003,0.05810189247131348,1880,0,0,9,0,0,0,0,0,0,OPTIMAL=9,
385,0,lp,upper,9,9,0.06739680299999999,0.06641745567321777,1827,0,0,9,0,0,0,0,0,0,OPTIMAL=9,
385,1,interval_arithmetic,lower,3136,0,0.0,0.0,0,0,0,0,0,949,0,0,0,2187,,interval_arithmetic=949;lower_skipped_by_nonpositive_upper=2187
385,1,interval_arithmetic,upper,3136,0,0.0,0.0,0,0,0,0,0,3136,0,0,0,0,,interval_arithmetic=3136
385,2,lp,lower,1568,107,0.11805220599999995,0.11288261413574219,1867,0,0,107,0,0,0,669,0,792,OPTIMAL=107,interval_proves_cutoff=669;lower_skipped_by_nonpositive_upper=792
385,2,lp,upper,1568,113,0.14475170499999998,0.13211369514465332,2015,0,0,113,0,0,0,786,669,0,OPTIMAL=113,interval_proves_cutoff=786;upper_skipped_by_nonnegative_interval_lower=669
385,3,lp,lower,100,0,0.0,0.0,0,0,0,0,0,0,0,8,0,92,,interval_proves_cutoff=8;lower_skipped_by_nonpositive_upper=92
385,3,lp,upper,100,1,0.0077215,0.007587909698486328,283,0,0,1,0,0,0,91,8,0,OPTIMAL=1,interval_proves_cutoff=91;upper_skipped_by_nonnegative_interval_lower=8
386,0,lp,lower,9,9,0.0339703,0.03314328193664551,838,0,0,9,0,0,0,0,0,0,OPTIMAL=9,
386,0,lp,upper,9,9,0.034670203,0.03368520736694336,883,0,0,9,0,0,0,0,0,0,OPTIMAL=9,
386,1,interval_arithmetic,lower,3136,0,0.0,0.0,0,0,0,0,0,833,0,0,0,2303,,interval_arithmetic=833;lower_skipped_by_nonpositive_upper=2303
386,1,interval_arithmetic,upper,3136,0,0.0,0.0,0,0,0,0,0,3136,0,0,0,0,,interval_arithmetic=3136
386,2,lp,lower,1568,63,0.05096150199999999,0.04860258102416992,423,0,0,63,0,0,0,634,0,871,OPTIMAL=63,interval_proves_cutoff=634;lower_skipped_by_nonpositive_upper=871
386,2,lp,upper,1568,66,0.06160160199999998,0.05322551727294922,470,0,0,66,0,0,0,868,634,0,OPTIMAL=66,interval_proves_cutoff=868;upper_skipped_by_nonnegative_interval_lower=634
386,3,lp,lower,100,1,0.003015901,0.0029382705688476562,142,0,0,1,0,0,0,8,0,91,OPTIMAL=1,interval_proves_cutoff=8;lower_skipped_by_nonpositive_upper=91
386,3,lp,upper,100,1,0.0025022,0.002407073974609375,116,0,0,1,0,0,0,91,8,0,OPTIMAL=1,interval_proves_cutoff=91;upper_skipped_by_nonnegative_interval_lower=8
387,0,lp,lower,9,9,0.0399422,0.03897500038146973,1208,0,0,9,0,0,0,0,0,0,OPTIMAL=9,
387,0,lp,upper,9,9,0.051929002999999994,0.05092763900756836,1381,0,0,9,0,0,0,0,0,0,OPTIMAL=9,
387,1,interval_arithmetic,lower,3136,0,0.0,0.0,0,0,0,0,0,902,0,0,0,2234,,interval_arithmetic=902;lower_skipped_by_nonpositive_upper=2234
387,1,interval_arithmetic,upper,3136,0,0.0,0.0,0,0,0,0,0,3136,0,0,0,0,,interval_arithmetic=3136
387,2,lp,lower,1568,88,0.08971170499999997,0.08583664894104004,1234,0,0,88,0,0,0,656,0,824,OPTIMAL=88,interval_proves_cutoff=656;lower_skipped_by_nonpositive_upper=824
387,2,lp,upper,1568,94,0.11193820700000001,0.10160994529724121,1473,0,0,94,0,0,0,818,656,0,OPTIMAL=94,interval_proves_cutoff=818;upper_skipped_by_nonnegative_interval_lower=656
387,3,lp,lower,100,0,0.0,0.0,0,0,0,0,0,0,0,9,0,91,,interval_proves_cutoff=9;lower_skipped_by_nonpositive_upper=91
387,3,lp,upper,100,0,0.0,0.0,0,0,0,0,0,0,0,91,9,0,,interval_proves_cutoff=91;upper_skipped_by_nonnegative_interval_lower=9
388,0,lp,lower,9,9,0.075612603,0.07462215423583984,1790,0,0,9,0,0,0,0,0,0,OPTIMAL=9,
388,0,lp,upper,9,9,0.098426406,0.09731411933898926,1902,0,0,9,0,0,0,0,0,0,OPTIMAL=9,
388,1,interval_arithmetic,lower,3136,0,0.0,0.0,0,0,0,0,0,890,0,0,0,2246,,interval_arithmetic=890;lower_skipped_by_nonpositive_upper=2246
388,1,interval_arithmetic,upper,3136,0,0.0,0.0,0,0,0,0,0,3136,0,0,0,0,,interval_arithmetic=3136
388,2,lp,lower,1568,114,0.10984490499999999,0.10455584526062012,1581,0,0,114,0,0,0,640,0,814,OPTIMAL=114,interval_proves_cutoff=640;lower_skipped_by_nonpositive_upper=814
388,2,lp,upper,1568,123,0.141711806,0.12456011772155762,1937,0,0,123,0,0,0,805,640,0,OPTIMAL=123,interval_proves_cutoff=805;upper_skipped_by_nonnegative_interval_lower=640
388,3,lp,lower,100,1,0.0095486,0.009428739547729492,302,0,0,1,0,0,0,8,0,91,OPTIMAL=1,interval_proves_cutoff=8;lower_skipped_by_nonpositive_upper=91
388,3,lp,upper,100,1,0.007592501,0.007439613342285156,265,0,0,1,0,0,0,91,8,0,OPTIMAL=1,interval_proves_cutoff=91;upper_skipped_by_nonnegative_interval_lower=8
389,0,lp,lower,9,9,0.027745202000000004,0.02698826789855957,866,0,0,9,0,0,0,0,0,0,OPTIMAL=9,
389,0,lp,upper,9,9,0.031203901,0.030363082885742188,1020,0,0,9,0,0,0,0,0,0,OPTIMAL=9,
389,1,interval_arithmetic,lower,3136,0,0.0,0.0,0,0,0,0,0,852,0,0,0,2284,,interval_arithmetic=852;lower_skipped_by_nonpositive_upper=2284
389,1,interval_arithmetic,upper,3136,0,0.0,0.0,0,0,0,0,0,3136,0,0,0,0,,interval_arithmetic=3136
389,2,lp,lower,1568,74,0.08133350500000003,0.07688713073730469,794,0,0,74,0,0,0,624,0,870,OPTIMAL=74,interval_proves_cutoff=624;lower_skipped_by_nonpositive_upper=870
389,2,lp,upper,1568,77,0.089712204,0.08039665222167969,913,0,0,77,0,0,0,867,624,0,OPTIMAL=77,interval_proves_cutoff=867;upper_skipped_by_nonnegative_interval_lower=624
389,3,lp,lower,100,0,0.0,0.0,0,0,0,0,0,0,0,9,0,91,,interval_proves_cutoff=9;lower_skipped_by_nonpositive_upper=91
389,3,lp,upper,100,0,0.0,0.0,0,0,0,0,0,0,0,91,9,0,,interval_proves_cutoff=91;upper_skipped_by_nonnegative_interval_lower=9
390,0,lp,lower,9,9,0.025022001000000002,0.02432417869567871,761,0,0,9,0,0,0,0,0,0,OPTIMAL=9,
390,0,lp,upper,9,9,0.025965303,0.02515387535095215,833,0,0,9,0,0,0,0,0,0,OPTIMAL=9,
390,1,interval_arithmetic,lower,3136,0,0.0,0.0,0,0,0,0,0,895,0,0,0,2241,,interval_arithmetic=895;lower_skipped_by_nonpositive_upper=2241
390,1,interval_arithmetic,upper,3136,0,0.0,0.0,0,0,0,0,0,3136,0,0,0,0,,interval_arithmetic=3136
390,2,lp,lower,1568,62,0.05896089999999999,0.05641365051269531,567,0,0,62,0,0,0,664,0,842,OPTIMAL=62,interval_proves_cutoff=664;lower_skipped_by_nonpositive_upper=842
390,2,lp,upper,1568,67,0.07720380200000003,0.0685722827911377,769,0,0,67,0,0,0,837,664,0,OPTIMAL=67,interval_proves_cutoff=837;upper_skipped_by_nonnegative_interval_lower=664
390,3,lp,lower,100,0,0.0,0.0,0,0,0,0,0,0,0,9,0,91,,interval_proves_cutoff=9;lower_skipped_by_nonpositive_upper=91
390,3,lp,upper,100,0,0.0,0.0,0,0,0,0,0,0,0,91,9,0,,interval_proves_cutoff=91;upper_skipped_by_nonnegative_interval_lower=9
391,0,lp,lower,9,9,0.04374719800000001,0.0428776741027832,1365,0,0,9,0,0,0,0,0,0,OPTIMAL=9,
391,0,lp,upper,9,9,0.046810002,0.04587912559509277,1479,0,0,9,0,0,0,0,0,0,OPTIMAL=9,
391,1,interval_arithmetic,lower,3136,0,0.0,0.0,0,0,0,0,0,964,0,0,0,2172,,interval_arithmetic=964;lower_skipped_by_nonpositive_upper=2172
391,1,interval_arithmetic,upper,3136,0,0.0,0.0,0,0,0,0,0,3136,0,0,0,0,,interval_arithmetic=3136
391,2,lp,lower,1568,96,0.10387840699999999,0.09930801391601562,851,0,0,95,0,0,0,668,0,804,OPTIMAL=95;OTHER_ERROR=1,interval_proves_cutoff=668;lower_skipped_by_nonpositive_upper=804
391,2,lp,upper,1568,97,0.11568060800000006,0.10534310340881348,1016,0,0,97,0,0,0,803,668,0,OPTIMAL=97,interval_proves_cutoff=803;upper_skipped_by_nonnegative_interval_lower=668
391,3,lp,lower,100,0,0.0,0.0,0,0,0,0,0,0,0,9,0,91,,interval_proves_cutoff=9;lower_skipped_by_nonpositive_upper=91
391,3,lp,upper,100,0,0.0,0.0,0,0,0,0,0,0,0,91,9,0,,interval_proves_cutoff=91;upper_skipped_by_nonnegative_interval_lower=9
392,0,lp,lower,9,9,0.040529096,0.039684295654296875,1217,0,0,9,0,0,0,0,0,0,OPTIMAL=9,
392,0,lp,upper,9,9,0.042591998,0.041739463806152344,1364,0,0,9,0,0,0,0,0,0,OPTIMAL=9,
392,1,interval_arithmetic,lower,3136,0,0.0,0.0,0,0,0,0,0,955,0,0,0,2181,,interval_arithmetic=955;lower_skipped_by_nonpositive_upper=2181
392,1,interval_arithmetic,upper,3136,0,0.0,0.0,0,0,0,0,0,3136,0,0,0,0,,interval_arithmetic=3136
392,2,lp,lower,1568,86,0.09588039400000002,0.09197854995727539,1270,0,0,86,0,0,0,672,0,810,OPTIMAL=86,interval_proves_cutoff=672;lower_skipped_by_nonpositive_upper=810
392,2,lp,upper,1568,89,0.10603819099999996,0.09645867347717285,1279,0,0,89,0,0,0,807,672,0,OPTIMAL=89,interval_proves_cutoff=807;upper_skipped_by_nonnegative_interval_lower=672
392,3,lp,lower,100,0,0.0,0.0,0,0,0,0,0,0,0,9,0,91,,interval_proves_cutoff=9;lower_skipped_by_nonpositive_upper=91
392,3,lp,upper,100,0,0.0,0.0,0,0,0,0,0,0,0,91,9,0,,interval_proves_cutoff=91;upper_skipped_by_nonnegative_interval_lower=9
393,0,lp,lower,9,9,0.07266459600000001,0.07169938087463379,1675,0,0,9,0,0,0,0,0,0,OPTIMAL=9,
393,0,lp,upper,9,9,0.060107895,0.059183359146118164,1583,0,0,9,0,0,0,0,0,0,OPTIMAL=9,
393,1,interval_arithmetic,lower,3136,0,0.0,0.0,0,0,0,0,0,898,0,0,0,2238,,interval_arithmetic=898;lower_skipped_by_nonpositive_upper=2238
393,1,interval_arithmetic,upper,3136,0,0.0,0.0,0,0,0,0,0,3136,0,0,0,0,,interval_arithmetic=3136
393,2,lp,lower,1568,105,0.11230359399999998,0.1076362133026123,1643,0,0,105,0,0,0,649,0,814,OPTIMAL=105,interval_proves_cutoff=649;lower_skipped_by_nonpositive_upper=814
393,2,lp,upper,1568,113,0.128742592,0.11777091026306152,1910,0,0,113,0,0,0,806,649,0,OPTIMAL=113,interval_proves_cutoff=806;upper_skipped_by_nonnegative_interval_lower=649
393,3,lp,lower,100,2,0.013005499,0.01282358169555664,354,0,0,2,0,0,0,7,0,91,OPTIMAL=2,interval_proves_cutoff=7;lower_skipped_by_nonpositive_upper=91
393,3,lp,upper,100,2,0.011773599,0.011569976806640625,386,0,0,2,0,0,0,91,7,0,OPTIMAL=2,interval_proves_cutoff=91;upper_skipped_by_nonnegative_interval_lower=7
394,0,lp,lower,9,9,0.0333184,0.03256058692932129,870,0,0,9,0,0,0,0,0,0,OPTIMAL=9,
394,0,lp,upper,9,9,0.032773895,0.031960487365722656,922,0,0,9,0,0,0,0,0,0,OPTIMAL=9,
394,1,interval_arithmetic,lower,3136,0,0.0,0.0,0,0,0,0,0,849,0,0,0,2287,,interval_arithmetic=849;lower_skipped_by_nonpositive_upper=2287
394,1,interval_arithmetic,upper,3136,0,0.0,0.0,0,0,0,0,0,3136,0,0,0,0,,interval_arithmetic=3136
394,2,lp,lower,1568,68,0.062515495,0.05969810485839844,551,0,0,68,0,0,0,636,0,864,OPTIMAL=68,interval_proves_cutoff=636;lower_skipped_by_nonpositive_upper=864
394,2,lp,upper,1568,68,0.068495194,0.0599362850189209,614,0,0,68,0,0,0,864,636,0,OPTIMAL=68,interval_proves_cutoff=864;upper_skipped_by_nonnegative_interval_lower=636
394,3,lp,lower,100,0,0.0,0.0,0,0,0,0,0,0,0,9,0,91,,interval_proves_cutoff=9;lower_skipped_by_nonpositive_upper=91
394,3,lp,upper,100,0,0.0,0.0,0,0,0,0,0,0,0,91,9,0,,interval_proves_cutoff=91;upper_skipped_by_nonnegative_interval_lower=9
395,0,lp,lower,9,9,0.070534296,0.0696110725402832,1777,0,0,9,0,0,0,0,0,0,OPTIMAL=9,
395,0,lp,upper,9,9,0.066299896,0.06522846221923828,1612,0,0,9,0,0,0,0,0,0,OPTIMAL=9,
395,1,interval_arithmetic,lower,3136,0,0.0,0.0,0,0,0,0,0,898,0,0,0,2238,,interval_arithmetic=898;lower_skipped_by_nonpositive_upper=2238
395,1,interval_arithmetic,upper,3136,0,0.0,0.0,0,0,0,0,0,3136,0,0,0,0,,interval_arithmetic=3136
395,2,lp,lower,1568,125,0.14133049499999994,0.1356797218322754,2447,0,0,125,0,0,0,628,0,815,OPTIMAL=125,interval_proves_cutoff=628;lower_skipped_by_nonpositive_upper=815
395,2,lp,upper,1568,133,0.16122959,0.1492922306060791,2766,0,0,133,0,0,0,807,628,0,OPTIMAL=133,interval_proves_cutoff=807;upper_skipped_by_nonnegative_interval_lower=628
395,3,lp,lower,100,1,0.0080208,0.00792384147644043,306,0,0,1,0,0,0,8,0,91,OPTIMAL=1,interval_proves_cutoff=8;lower_skipped_by_nonpositive_upper=91
395,3,lp,upper,100,1,0.0085196,0.008402585983276367,289,0,0,1,0,0,0,91,8,0,OPTIMAL=1,interval_proves_cutoff=91;upper_skipped_by_nonnegative_interval_lower=8
396,0,lp,lower,9,9,0.06365310600000001,0.06269383430480957,1679,0,0,9,0,0,0,0,0,0,OPTIMAL=9,
396,0,lp,upper,9,9,0.068720608,0.0677938461303711,1727,0,0,9,0,0,0,0,0,0,OPTIMAL=9,
396,1,interval_arithmetic,lower,3136,0,0.0,0.0,0,0,0,0,0,944,0,0,0,2192,,interval_arithmetic=944;lower_skipped_by_nonpositive_upper=2192
396,1,interval_arithmetic,upper,3136,0,0.0,0.0,0,0,0,0,0,3136,0,0,0,0,,interval_arithmetic=3136
396,2,lp,lower,1568,116,0.129875692,0.12460923194885254,2151,0,0,116,0,0,0,666,0,786,OPTIMAL=116,interval_proves_cutoff=666;lower_skipped_by_nonpositive_upper=786
396,2,lp,upper,1568,131,0.160449892,0.14758038520812988,2533,0,0,131,0,0,0,771,666,0,OPTIMAL=131,interval_proves_cutoff=771;upper_skipped_by_nonnegative_interval_lower=666
396,3,lp,lower,100,0,0.0,0.0,0,0,0,0,0,0,0,8,0,92,,interval_proves_cutoff=8;lower_skipped_by_nonpositive_upper=92
396,3,lp,upper,100,1,0.0068496,0.006724357604980469,274,0,0,1,0,0,0,91,8,0,OPTIMAL=1,interval_proves_cutoff=91;upper_skipped_by_nonnegative_interval_lower=8
397,0,lp,lower,9,9,0.046889504,0.0460362434387207,1477,0,0,9,0,0,0,0,0,0,OPTIMAL=9,
397,0,lp,upper,9,9,0.037656902,0.036748647689819336,1254,0,0,9,0,0,0,0,0,0,OPTIMAL=9,
397,1,interval_arithmetic,lower,3136,0,0.0,0.0,0,0,0,0,0,929,0,0,0,2207,,interval_arithmetic=929;lower_skipped_by_nonpositive_upper=2207
397,1,interval_arithmetic,upper,3136,0,0.0,0.0,0,0,0,0,0,3136,0,0,0,0,,interval_arithmetic=3136
397,2,lp,lower,1568,81,0.081807408,0.07835602760314941,1165,0,0,81,0,0,0,656,0,831,OPTIMAL=81,interval_proves_cutoff=656;lower_skipped_by_nonpositive_upper=831
397,2,lp,upper,1568,84,0.097301307,0.08771729469299316,1309,0,0,84,0,0,0,828,656,0,OPTIMAL=84,interval_proves_cutoff=828;upper_skipped_by_nonnegative_interval_lower=656
397,3,lp,lower,100,1,0.0044691,0.004384756088256836,232,0,0,1,0,0,0,8,0,91,OPTIMAL=1,interval_proves_cutoff=8;lower_skipped_by_nonpositive_upper=91
397,3,lp,upper,100,1,0.003953,0.003840208053588867,175,0,0,1,0,0,0,91,8,0,OPTIMAL=1,interval_proves_cutoff=91;upper_skipped_by_nonnegative_interval_lower=8
398,0,lp,lower,9,9,0.06460498399999999,0.06368136405944824,1482,0,0,9,0,0,0,0,0,0,OPTIMAL=9,
398,0,lp,upper,9,9,0.066717785,0.06588149070739746,1471,0,0,9,0,0,0,0,0,0,OPTIMAL=9,
398,1,interval_arithmetic,lower,3136,0,0.0,0.0,0,0,0,0,0,905,0,0,0,2231,,interval_arithmetic=905;lower_skipped_by_nonpositive_upper=2231
398,1,interval_arithmetic,upper,3136,0,0.0,0.0,0,0,0,0,0,3136,0,0,0,0,,interval_arithmetic=3136
398,2,lp,lower,1568,70,0.07299178400000002,0.06992602348327637,1037,0,0,70,0,0,0,682,0,816,OPTIMAL=70,interval_proves_cutoff=682;lower_skipped_by_nonpositive_upper=816
398,2,lp,upper,1568,76,0.08824129299999994,0.07872939109802246,1216,0,0,76,0,0,0,810,682,0,OPTIMAL=76,interval_proves_cutoff=810;upper_skipped_by_nonnegative_interval_lower=682
398,3,lp,lower,100,1,0.005013799,0.004939079284667969,255,0,0,1,0,0,0,8,0,91,OPTIMAL=1,interval_proves_cutoff=8;lower_skipped_by_nonpositive_upper=91
398,3,lp,upper,100,1,0.0040556,0.003953456878662109,172,0,0,1,0,0,0,91,8,0,OPTIMAL=1,interval_proves_cutoff=91;upper_skipped_by_nonnegative_interval_lower=8
399,0,lp,lower,9,9,0.034599991,0.03369927406311035,1009,0,0,9,0,0,0,0,0,0,OPTIMAL=9,
399,0,lp,upper,9,9,0.037305993,0.0364537239074707,1116,0,0,9,0,0,0,0,0,0,OPTIMAL=9,
399,1,interval_arithmetic,lower,3136,0,0.0,0.0,0,0,0,0,0,893,0,0,0,2243,,interval_arithmetic=893;lower_skipped_by_nonpositive_upper=2243
399,1,interval_arithmetic,upper,3136,0,0.0,0.0,0,0,0,0,0,3136,0,0,0,0,,interval_arithmetic=3136
399,2,lp,lower,1568,77,0.07436568100000002,0.07112288475036621,920,0,0,77,0,0,0,661,0,830,OPTIMAL=77,interval_proves_cutoff=661;lower_skipped_by_nonpositive_upper=830
399,2,lp,upper,1568,80,0.08538958100000003,0.07605266571044922,1041,0,0,80,0,0,0,827,661,0,OPTIMAL=80,interval_proves_cutoff=827;upper_skipped_by_nonnegative_interval_lower=661
399,3,lp,lower,100,0,0.0,0.0,0,0,0,0,0,0,0,9,0,91,,interval_proves_cutoff=9;lower_skipped_by_nonpositive_upper=91
399,3,lp,upper,100,0,0.0,0.0,0,0,0,0,0,0,0,91,9,0,,interval_proves_cutoff=91;upper_skipped_by_nonnegative_interval_lower=9
400,0,lp,lower,9,9,0.029370492,0.028550386428833008,939,0,0,9,0,0,0,0,0,0,OPTIMAL=9,
400,0,lp,upper,9,9,0.029718693,0.02891254425048828,999,0,0,9,0,0,0,0,0,0,OPTIMAL=9,
400,1,interval_arithmetic,lower,3136,0,0.0,0.0,0,0,0,0,0,902,0,0,0,2234,,interval_arithmetic=902;lower_skipped_by_nonpositive_upper=2234
400,1,interval_arithmetic,upper,3136,0,0.0,0.0,0,0,0,0,0,3136,0,0,0,0,,interval_arithmetic=3136
400,2,lp,lower,1568,78,0.072198283,0.06896257400512695,662,0,0,78,0,0,0,670,0,820,OPTIMAL=78,interval_proves_cutoff=670;lower_skipped_by_nonpositive_upper=820
400,2,lp,upper,1568,82,0.09761147899999999,0.07564926147460938,765,0,0,82,0,0,0,816,670,0,OPTIMAL=82,interval_proves_cutoff=816;upper_skipped_by_nonnegative_interval_lower=670
400,3,lp,lower,100,0,0.0,0.0,0,0,0,0,0,0,0,9,0,91,,interval_proves_cutoff=9;lower_skipped_by_nonpositive_upper=91
400,3,lp,upper,100,0,0.0,0.0,0,0,0,0,0,0,0,91,9,0,,interval_proves_cutoff=91;upper_skipped_by_nonnegative_interval_lower=9
401,0,lp,lower,9,9,0.052610291,0.0517430305480957,1540,0,0,9,0,0,0,0,0,0,OPTIMAL=9,
401,0,lp,upper,9,9,0.050128888999999996,0.049228668212890625,1605,0,0,9,0,0,0,0,0,0,OPTIMAL=9,
401,1,interval_arithmetic,lower,3136,0,0.0,0.0,0,0,0,0,0,952,0,0,0,2184,,interval_arithmetic=952;lower_skipped_by_nonpositive_upper=2184
401,1,interval_arithmetic,upper,3136,0,0.0,0.0,0,0,0,0,0,3136,0,0,0,0,,interval_arithmetic=3136
401,2,lp,lower,1568,100,0.12004077599999997,0.11532759666442871,1558,0,0,100,0,0,0,663,0,805,OPTIMAL=100,interval_proves_cutoff=663;lower_skipped_by_nonpositive_upper=805
401,2,lp,upper,1568,113,0.132885374,0.12139010429382324,1779,0,0,113,0,0,0,792,663,0,OPTIMAL=113,interval_proves_cutoff=792;upper_skipped_by_nonnegative_interval_lower=663
401,3,lp,lower,100,0,0.0,0.0,0,0,0,0,0,0,0,9,0,91,,interval_proves_cutoff=9;lower_skipped_by_nonpositive_upper=91
401,3,lp,upper,100,0,0.0,0.0,0,0,0,0,0,0,0,91,9,0,,interval_proves_cutoff=91;upper_skipped_by_nonnegative_interval_lower=9
402,0,lp,lower,9,9,0.04761250399999999,0.04677319526672363,1329,0,0,9,0,0,0,0,0,0,OPTIMAL=9,
402,0,lp,upper,9,9,0.050602403,0.04974102973937988,1471,0,0,9,0,0,0,0,0,0,OPTIMAL=9,
402,1,interval_arithmetic,lower,3136,0,0.0,0.0,0,0,0,0,0,912,0,0,0,2224,,interval_arithmetic=912;lower_skipped_by_nonpositive_upper=2224
402,1,interval_arithmetic,upper,3136,0,0.0,0.0,0,0,0,0,0,3136,0,0,0,0,,interval_arithmetic=3136
402,2,lp,lower,1568,91,0.09003300699999998,0.08627080917358398,1674,0,0,91,0,0,0,656,0,821,OPTIMAL=91,interval_proves_cutoff=656;lower_skipped_by_nonpositive_upper=821
402,2,lp,upper,1568,101,0.10990589599999999,0.09941649436950684,2016,0,0,101,0,0,0,811,656,0,OPTIMAL=101,interval_proves_cutoff=811;upper_skipped_by_nonnegative_interval_lower=656
402,3,lp,lower,100,0,0.0,0.0,0,0,0,0,0,0,0,9,0,91,,interval_proves_cutoff=9;lower_skipped_by_nonpositive_upper=91
402,3,lp,upper,100,0,0.0,0.0,0,0,0,0,0,0,0,91,9,0,,interval_proves_cutoff=91;upper_skipped_by_nonnegative_interval_lower=9
403,0,lp,lower,9,9,0.073812008,0.07275652885437012,1854,0,0,9,0,0,0,0,0,0,OPTIMAL=9,
403,0,lp,upper,9,9,0.08104990699999999,0.0797574520111084,1965,0,0,9,0,0,0,0,0,0,OPTIMAL=9,
403,1,interval_arithmetic,lower,3136,0,0.0,0.0,0,0,0,0,0,958,0,0,0,2178,,interval_arithmetic=958;lower_skipped_by_nonpositive_upper=2178
403,1,interval_arithmetic,upper,3136,0,0.0,0.0,0,0,0,0,0,3136,0,0,0,0,,interval_arithmetic=3136
403,2,lp,lower,1568,124,0.1372081100000001,0.13154077529907227,2284,0,0,124,0,0,0,693,0,751,OPTIMAL=124,interval_proves_cutoff=693;lower_skipped_by_nonpositive_upper=751
403,2,lp,upper,1568,132,0.15375751,0.14103031158447266,2541,0,0,132,0,0,0,743,693,0,OPTIMAL=132,interval_proves_cutoff=743;upper_skipped_by_nonnegative_interval_lower=693
403,3,lp,lower,100,0,0.0,0.0,0,0,0,0,0,0,0,9,0,91,,interval_proves_cutoff=9;lower_skipped_by_nonpositive_upper=91
403,3,lp,upper,100,0,0.0,0.0,0,0,0,0,0,0,0,91,9,0,,interval_proves_cutoff=91;upper_skipped_by_nonnegative_interval_lower=9
404,0,lp,lower,9,9,0.06653869999999999,0.06558918952941895,1617,0,0,9,0,0,0,0,0,0,OPTIMAL=9,
404,0,lp,upper,9,9,0.07448480099999999,0.07330727577209473,1763,0,0,9,0,0,0,0,0,0,OPTIMAL=9,
404,1,interval_arithmetic,lower,3136,0,0.0,0.0,0,0,0,0,0,921,0,0,0,2215,,interval_arithmetic=921;lower_skipped_by_nonpositive_upper=2215
404,1,interval_arithmetic,upper,3136,0,0.0,0.0,0,0,0,0,0,3136,0,0,0,0,,interval_arithmetic=3136
404,2,lp,lower,1568,99,0.11333700899999995,0.10844993591308594,2074,0,0,99,0,0,0,655,0,814,OPTIMAL=99,interval_proves_cutoff=655;lower_skipped_by_nonpositive_upper=814
404,2,lp,upper,1568,100,0.121712409,0.11084771156311035,2238,0,0,100,0,0,0,813,655,0,OPTIMAL=100,interval_proves_cutoff=813;upper_skipped_by_nonnegative_interval_lower=655
404,3,lp,lower,100,0,0.0,0.0,0,0,0,0,0,0,0,9,0,91,,interval_proves_cutoff=9;lower_skipped_by_nonpositive_upper=91
404,3,lp,upper,100,0,0.0,0.0,0,0,0,0,0,0,0,91,9,0,,interval_proves_cutoff=91;upper_skipped_by_nonnegative_interval_lower=9
405,0,lp,lower,9,9,0.057497599999999996,0.05651378631591797,1538,0,0,9,0,0,0,0,0,0,OPTIMAL=9,
405,0,lp,upper,9,9,0.0701127,0.06922674179077148,1688,0,0,9,0,0,0,0,0,0,OPTIMAL=9,
405,1,interval_arithmetic,lower,3136,0,0.0,0.0,0,0,0,0,0,915,0,0,0,2221,,interval_arithmetic=915;lower_skipped_by_nonpositive_upper=2221
405,1,interval_arithmetic,upper,3136,0,0.0,0.0,0,0,0,0,0,3136,0,0,0,0,,interval_arithmetic=3136
405,2,lp,lower,1568,96,0.1070191,0.10237836837768555,1710,0,0,96,0,0,0,668,0,804,OPTIMAL=96,interval_proves_cutoff=668;lower_skipped_by_nonpositive_upper=804
405,2,lp,upper,1568,100,0.12220189999999997,0.11150884628295898,1808,0,0,100,0,0,0,800,668,0,OPTIMAL=100,interval_proves_cutoff=800;upper_skipped_by_nonnegative_interval_lower=668
405,3,lp,lower,100,2,0.0095091,0.009355783462524414,302,0,0,2,0,0,0,7,0,91,OPTIMAL=2,interval_proves_cutoff=7;lower_skipped_by_nonpositive_upper=91
405,3,lp,upper,100,2,0.0104439,0.01003408432006836,344,0,0,2,0,0,0,91,7,0,OPTIMAL=2,interval_proves_cutoff=91;upper_skipped_by_nonnegative_interval_lower=7
406,0,lp,lower,9,9,0.0287976,0.027966976165771484,998,0,0,9,0,0,0,0,0,0,OPTIMAL=9,
406,0,lp,upper,9,9,0.030950201,0.03005361557006836,1022,0,0,9,0,0,0,0,0,0,OPTIMAL=9,
406,1,interval_arithmetic,lower,3136,0,0.0,0.0,0,0,0,0,0,935,0,0,0,2201,,interval_arithmetic=935;lower_skipped_by_nonpositive_upper=2201
406,1,interval_arithmetic,upper,3136,0,0.0,0.0,0,0,0,0,0,3136,0,0,0,0,,interval_arithmetic=3136
406,2,lp,lower,1568,80,0.08290330099999997,0.07935047149658203,618,0,0,80,0,0,0,683,0,805,OPTIMAL=80,interval_proves_cutoff=683;lower_skipped_by_nonpositive_upper=805
406,2,lp,upper,1568,83,0.09154479999999995,0.08202123641967773,816,0,0,83,0,0,0,802,683,0,OPTIMAL=83,interval_proves_cutoff=802;upper_skipped_by_nonnegative_interval_lower=683
406,3,lp,lower,100,0,0.0,0.0,0,0,0,0,0,0,0,9,0,91,,interval_proves_cutoff=9;lower_skipped_by_nonpositive_upper=91
406,3,lp,upper,100,0,0.0,0.0,0,0,0,0,0,0,0,91,9,0,,interval_proves_cutoff=91;upper_skipped_by_nonnegative_interval_lower=9
407,0,lp,lower,9,9,0.042422300999999996,0.041412353515625,1297,0,0,9,0,0,0,0,0,0,OPTIMAL=9,
407,0,lp,upper,9,9,0.0468062,0.04584550857543945,1543,0,0,9,0,0,0,0,0,0,OPTIMAL=9,
407,1,interval_arithmetic,lower,3136,0,0.0,0.0,0,0,0,0,0,986,0,0,0,2150,,interval_arithmetic=986;lower_skipped_by_nonpositive_upper=2150
407,1,interval_arithmetic,upper,3136,0,0.0,0.0,0,0,0,0,0,3136,0,0,0,0,,interval_arithmetic=3136
407,2,lp,lower,1568,82,0.11309920099999998,0.10735964775085449,1297,0,0,82,0,0,0,685,0,801,OPTIMAL=82,interval_proves_cutoff=685;lower_skipped_by_nonpositive_upper=801
407,2,lp,upper,1568,88,0.11149230099999999,0.10087895393371582,1479,0,0,88,0,0,0,795,685,0,OPTIMAL=88,interval_proves_cutoff=795;upper_skipped_by_nonnegative_interval_lower=685
407,3,lp,lower,100,0,0.0,0.0,0,0,0,0,0,0,0,9,0,91,,interval_proves_cutoff=9;lower_skipped_by_nonpositive_upper=91
407,3,lp,upper,100,0,0.0,0.0,0,0,0,0,0,0,0,91,9,0,,interval_proves_cutoff=91;upper_skipped_by_nonnegative_interval_lower=9
408,0,lp,lower,9,9,0.0344301,0.03357720375061035,1032,0,0,9,0,0,0,0,0,0,OPTIMAL=9,
408,0,lp,upper,9,9,0.0450367,0.04410600662231445,1148,0,0,9,0,0,0,0,0,0,OPTIMAL=9,
408,1,interval_arithmetic,lower,3136,0,0.0,0.0,0,0,0,0,0,941,0,0,0,2195,,interval_arithmetic=941;lower_skipped_by_nonpositive_upper=2195
408,1,interval_arithmetic,upper,3136,0,0.0,0.0,0,0,0,0,0,3136,0,0,0,0,,interval_arithmetic=3136
408,2,lp,lower,1568,79,0.077042501,0.07373929023742676,561,0,0,79,0,0,0,686,0,803,OPTIMAL=79,interval_proves_cutoff=686;lower_skipped_by_nonpositive_upper=803
408,2,lp,upper,1568,82,0.08809070099999997,0.07876968383789062,658,0,0,82,0,0,0,800,686,0,OPTIMAL=82,interval_proves_cutoff=800;upper_skipped_by_nonnegative_interval_lower=686
408,3,lp,lower,100,1,0.0042245,0.004125118255615234,190,0,0,1,0,0,0,8,0,91,OPTIMAL=1,interval_proves_cutoff=8;lower_skipped_by_nonpositive_upper=91
408,3,lp,upper,100,1,0.0038924,0.003783702850341797,169,0,0,1,0,0,0,91,8,0,OPTIMAL=1,interval_proves_cutoff=91;upper_skipped_by_nonnegative_interval_lower=8
409,0,lp,lower,9,9,0.070549101,0.06957316398620605,1786,0,0,9,0,0,0,0,0,0,OPTIMAL=9,
409,0,lp,upper,9,9,0.075262401,0.07431554794311523,1853,0,0,9,0,0,0,0,0,0,OPTIMAL=9,
409,1,interval_arithmetic,lower,3136,0,0.0,0.0,0,0,0,0,0,934,0,0,0,2202,,interval_arithmetic=934;lower_skipped_by_nonpositive_upper=2202
409,1,interval_arithmetic,upper,3136,0,0.0,0.0,0,0,0,0,0,3136,0,0,0,0,,interval_arithmetic=3136
409,2,lp,lower,1568,112,0.12596890100000002,0.12075328826904297,1818,0,0,112,0,0,0,674,0,782,OPTIMAL=112,interval_proves_cutoff=674;lower_skipped_by_nonpositive_upper=782
409,2,lp,upper,1568,113,0.13496359999999993,0.12387681007385254,1853,0,0,113,0,0,0,781,674,0,OPTIMAL=113,interval_proves_cutoff=781;upper_skipped_by_nonnegative_interval_lower=674
409,3,lp,lower,100,1,0.0108614,0.010755062103271484,335,0,0,1,0,0,0,8,0,91,OPTIMAL=1,interval_proves_cutoff=8;lower_skipped_by_nonpositive_upper=91
409,3,lp,upper,100,1,0.0088954,0.008769989013671875,294,0,0,1,0,0,0,91,8,0,OPTIMAL=1,interval_proves_cutoff=91;upper_skipped_by_nonnegative_interval_lower=8
410,0,lp,lower,9,9,0.027801099,0.027116060256958008,787,0,0,9,0,0,0,0,0,0,OPTIMAL=9,
410,0,lp,upper,9,9,0.024613194,0.02389049530029297,725,0,0,9,0,0,0,0,0,0,OPTIMAL=9,
410,1,interval_arithmetic,lower,3136,0,0.0,0.0,0,0,0,0,0,857,0,0,0,2279,,interval_arithmetic=857;lower_skipped_by_nonpositive_upper=2279
410,1,interval_arithmetic,upper,3136,0,0.0,0.0,0,0,0,0,0,3136,0,0,0,0,,interval_arithmetic=3136
410,2,lp,lower,1568,47,0.042420197,0.04041767120361328,473,0,0,47,0,0,0,652,0,869,OPTIMAL=47,interval_proves_cutoff=652;lower_skipped_by_nonpositive_upper=869
410,2,lp,upper,1568,50,0.05259740000000001,0.0448453426361084,539,0,0,50,0,0,0,866,652,0,OPTIMAL=50,interval_proves_cutoff=866;upper_skipped_by_nonnegative_interval_lower=652
410,3,lp,lower,100,1,0.002462,0.0024013519287109375,126,0,0,1,0,0,0,8,0,91,OPTIMAL=1,interval_proves_cutoff=8;lower_skipped_by_nonpositive_upper=91
410,3,lp,upper,100,1,0.0023361,0.0022411346435546875,107,0,0,1,0,0,0,91,8,0,OPTIMAL=1,interval_proves_cutoff=91;upper_skipped_by_nonnegative_interval_lower=8
411,0,lp,lower,9,9,0.027681496,0.026912689208984375,919,0,0,9,0,0,0,0,0,0,OPTIMAL=9,
411,0,lp,upper,9,9,0.025665194,0.024921178817749023,845,0,0,9,0,0,0,0,0,0,OPTIMAL=9,
411,1,interval_arithmetic,lower,3136,0,0.0,0.0,0,0,0,0,0,888,0,0,0,2248,,interval_arithmetic=888;lower_skipped_by_nonpositive_upper=2248
411,1,interval_arithmetic,upper,3136,0,0.0,0.0,0,0,0,0,0,3136,0,0,0,0,,interval_arithmetic=3136
411,2,lp,lower,1568,73,0.07131398600000002,0.06799530982971191,778,0,0,73,0,0,0,662,0,833,OPTIMAL=73,interval_proves_cutoff=662;lower_skipped_by_nonpositive_upper=833
411,2,lp,upper,1568,77,0.08103928599999997,0.072113037109375,882,0,0,77,0,0,0,829,662,0,OPTIMAL=77,interval_proves_cutoff=829;upper_skipped_by_nonnegative_interval_lower=662
411,3,lp,lower,100,1,0.003201299,0.003118753433227539,180,0,0,1,0,0,0,7,0,92,OPTIMAL=1,interval_proves_cutoff=7;lower_skipped_by_nonpositive_upper=92
411,3,lp,upper,100,1,0.003071999,0.002969980239868164,153,0,0,1,0,0,0,92,7,0,OPTIMAL=1,interval_proves_cutoff=92;upper_skipped_by_nonnegative_interval_lower=7
412,0,lp,lower,9,9,0.031319595000000006,0.0304868221282959,888,0,0,9,0,0,0,0,0,0,OPTIMAL=9,
412,0,lp,upper,9,9,0.033875095,0.03307819366455078,928,0,0,9,0,0,0,0,0,0,OPTIMAL=9,
412,1,interval_arithmetic,lower,3136,0,0.0,0.0,0,0,0,0,0,867,0,0,0,2269,,interval_arithmetic=867;lower_skipped_by_nonpositive_upper=2269
412,1,interval_arithmetic,upper,3136,0,0.0,0.0,0,0,0,0,0,3136,0,0,0,0,,interval_arithmetic=3136
412,2,lp,lower,1568,61,0.052454191000000004,0.04978656768798828,624,0,0,61,0,0,0,636,0,871,OPTIMAL=61,interval_proves_cutoff=636;lower_skipped_by_nonpositive_upper=871
412,2,lp,upper,1568,64,0.064683189,0.055559396743774414,698,0,0,64,0,0,0,868,636,0,OPTIMAL=64,interval_proves_cutoff=868;upper_skipped_by_nonnegative_interval_lower=636
412,3,lp,lower,100,1,0.003459499,0.0033888816833496094,153,0,0,1,0,0,0,8,0,91,OPTIMAL=1,interval_proves_cutoff=8;lower_skipped_by_nonpositive_upper=91
412,3,lp,upper,100,1,0.004271299,0.003987550735473633,143,0,0,1,0,0,0,91,8,0,OPTIMAL=1,interval_proves_cutoff=91;upper_skipped_by_nonnegative_interval_lower=8
413,0,lp,lower,9,9,0.025087196,0.024365663528442383,940,0,0,9,0,0,0,0,0,0,OPTIMAL=9,
413,0,lp,upper,9,9,0.024528096,0.023771286010742188,897,0,0,9,0,0,0,0,0,0,OPTIMAL=9,
413,1,interval_arithmetic,lower,3136,0,0.0,0.0,0,0,0,0,0,967,0,0,0,2169,,interval_arithmetic=967;lower_skipped_by_nonpositive_upper=2169
413,1,interval_arithmetic,upper,3136,0,0.0,0.0,0,0,0,0,0,3136,0,0,0,0,,interval_arithmetic=3136
413,2,lp,lower,1568,65,0.06111669100000001,0.058118343353271484,703,0,0,65,0,0,0,699,0,804,OPTIMAL=65,interval_proves_cutoff=699;lower_skipped_by_nonpositive_upper=804
413,2,lp,upper,1568,74,0.084763785,0.07338714599609375,904,0,0,74,0,0,0,795,699,0,OPTIMAL=74,interval_proves_cutoff=795;upper_skipped_by_nonnegative_interval_lower=699
413,3,lp,lower,100,2,0.0053379,0.005220174789428711,223,0,0,2,0,0,0,7,0,91,OPTIMAL=2,interval_proves_cutoff=7;lower_skipped_by_nonpositive_upper=91
413,3,lp,upper,100,2,0.0059617,0.005804777145385742,234,0,0,2,0,0,0,91,7,0,OPTIMAL=2,interval_proves_cutoff=91;upper_skipped_by_nonnegative_interval_lower=7
414,0,lp,lower,9,9,0.032994795,0.03216218948364258,1081,0,0,9,0,0,0,0,0,0,OPTIMAL=9,
414,0,lp,upper,9,9,0.034835893,0.0340116024017334,1039,0,0,9,0,0,0,0,0,0,OPTIMAL=9,
414,1,interval_arithmetic,lower,3136,0,0.0,0.0,0,0,0,0,0,932,0,0,0,2204,,interval_arithmetic=932;lower_skipped_by_nonpositive_upper=2204
414,1,interval_arithmetic,upper,3136,0,0.0,0.0,0,0,0,0,0,3136,0,0,0,0,,interval_arithmetic=3136
414,2,lp,lower,1568,72,0.06463458999999999,0.061673879623413086,862,0,0,72,0,0,0,677,0,819,OPTIMAL=72,interval_proves_cutoff=677;lower_skipped_by_nonpositive_upper=819
414,2,lp,upper,1568,72,0.07667708899999995,0.06675052642822266,928,0,0,72,0,0,0,819,677,0,OPTIMAL=72,interval_proves_cutoff=819;upper_skipped_by_nonnegative_interval_lower=677
414,3,lp,lower,100,1,0.004560499,0.004467964172363281,213,0,0,1,0,0,0,8,0,91,OPTIMAL=1,interval_proves_cutoff=8;lower_skipped_by_nonpositive_upper=91
414,3,lp,upper,100,1,0.0038715,0.003765106201171875,164,0,0,1,0,0,0,91,8,0,OPTIMAL=1,interval_proves_cutoff=91;upper_skipped_by_nonnegative_interval_lower=8
415,0,lp,lower,9,9,0.07672030299999999,0.07572031021118164,1702,0,0,9,0,0,0,0,0,0,OPTIMAL=9,
415,0,lp,upper,9,9,0.078050396,0.07709074020385742,1619,0,0,9,0,0,0,0,0,0,OPTIMAL=9,
415,1,interval_arithmetic,lower,3136,0,0.0,0.0,0,0,0,0,0,893,0,0,0,2243,,interval_arithmetic=893;lower_skipped_by_nonpositive_upper=2243
415,1,interval_arithmetic,upper,3136,0,0.0,0.0,0,0,0,0,0,3136,0,0,0,0,,interval_arithmetic=3136
415,2,lp,lower,1568,91,0.09418268599999996,0.0902254581451416,1497,0,0,91,0,0,0,632,0,845,OPTIMAL=91,interval_proves_cutoff=632;lower_skipped_by_nonpositive_upper=845
415,2,lp,upper,1568,96,0.11260958499999996,0.1025397777557373,1542,0,0,96,0,0,0,840,632,0,OPTIMAL=96,interval_proves_cutoff=840;upper_skipped_by_nonnegative_interval_lower=632
415,3,lp,lower,100,2,0.008771597999999999,0.008616209030151367,273,0,0,2,0,0,0,7,0,91,OPTIMAL=2,interval_proves_cutoff=7;lower_skipped_by_nonpositive_upper=91
415,3,lp,upper,100,2,0.010434799000000002,0.010254144668579102,336,0,0,2,0,0,0,91,7,0,OPTIMAL=2,interval_proves_cutoff=91;upper_skipped_by_nonnegative_interval_lower=7
416,0,lp,lower,9,9,0.030748301999999998,0.02989339828491211,868,0,0,9,0,0,0,0,0,0,OPTIMAL=9,
416,0,lp,upper,9,9,0.031600502999999995,0.030751943588256836,938,0,0,9,0,0,0,0,0,0,OPTIMAL=9,
416,1,interval_arithmetic,lower,3136,0,0.0,0.0,0,0,0,0,0,885,0,0,0,2251,,interval_arithmetic=885;lower_skipped_by_nonpositive_upper=2251
416,1,interval_arithmetic,upper,3136,0,0.0,0.0,0,0,0,0,0,3136,0,0,0,0,,interval_arithmetic=3136
416,2,lp,lower,1568,71,0.06912700100000002,0.06611204147338867,633,0,0,71,0,0,0,649,0,848,OPTIMAL=71,interval_proves_cutoff=649;lower_skipped_by_nonpositive_upper=848
416,2,lp,upper,1568,77,0.084868302,0.07551193237304688,788,0,0,77,0,0,0,842,649,0,OPTIMAL=77,interval_proves_cutoff=842;upper_skipped_by_nonnegative_interval_lower=649
416,3,lp,lower,100,1,0.0033258,0.0032570362091064453,176,0,0,1,0,0,0,8,0,91,OPTIMAL=1,interval_proves_cutoff=8;lower_skipped_by_nonpositive_upper=91
416,3,lp,upper,100,1,0.0034526,0.003353118896484375,152,0,0,1,0,0,0,91,8,0,OPTIMAL=1,interval_proves_cutoff=91;upper_skipped_by_nonnegative_interval_lower=8
417,0,lp,lower,9,9,0.023713602,0.02297520637512207,715,0,0,9,0,0,0,0,0,0,OPTIMAL=9,
417,0,lp,upper,9,9,0.025398199999999996,0.02465963363647461,799,0,0,9,0,0,0,0,0,0,OPTIMAL=9,
417,1,interval_arithmetic,lower,3136,0,0.0,0.0,0,0,0,0,0,853,0,0,0,2283,,interval_arithmetic=853;lower_skipped_by_nonpositive_upper=2283
417,1,interval_arithmetic,upper,3136,0,0.0,0.0,0,0,0,0,0,3136,0,0,0,0,,interval_arithmetic=3136
417,2,lp,lower,1568,54,0.049746,0.04754066467285156,340,0,0,54,0,0,0,650,0,864,OPTIMAL=54,interval_proves_cutoff=650;lower_skipped_by_nonpositive_upper=864
417,2,lp,upper,1568,55,0.059089301999999996,0.051286935806274414,454,0,0,55,0,0,0,863,650,0,OPTIMAL=55,interval_proves_cutoff=863;upper_skipped_by_nonnegative_interval_lower=650
417,3,lp,lower,100,0,0.0,0.0,0,0,0,0,0,0,0,8,0,92,,interval_proves_cutoff=8;lower_skipped_by_nonpositive_upper=92
417,3,lp,upper,100,0,0.0,0.0,0,0,0,0,0,0,0,92,8,0,,interval_proves_cutoff=92;upper_skipped_by_nonnegative_interval_lower=8
418,0,lp,lower,9,9,0.039861800999999995,0.03896379470825195,1147,0,0,9,0,0,0,0,0,0,OPTIMAL=9,
418,0,lp,upper,9,9,0.043275701,0.04240846633911133,1259,0,0,9,0,0,0,0,0,0,OPTIMAL=9,
418,1,interval_arithmetic,lower,3136,0,0.0,0.0,0,0,0,0,0,900,0,0,0,2236,,interval_arithmetic=900;lower_skipped_by_nonpositive_upper=2236
418,1,interval_arithmetic,upper,3136,0,0.0,0.0,0,0,0,0,0,3136,0,0,0,0,,interval_arithmetic=3136
418,2,lp,lower,1568,96,0.09208680100000002,0.08798623085021973,1136,0,0,96,0,0,0,633,0,839,OPTIMAL=96,interval_proves_cutoff=633;lower_skipped_by_nonpositive_upper=839
418,2,lp,upper,1568,107,0.12142600299999996,0.1106412410736084,1550,0,0,107,0,0,0,828,633,0,OPTIMAL=107,interval_proves_cutoff=828;upper_skipped_by_nonnegative_interval_lower=633
418,3,lp,lower,100,1,0.0053683,0.005247354507446289,241,0,0,1,0,0,0,8,0,91,OPTIMAL=1,interval_proves_cutoff=8;lower_skipped_by_nonpositive_upper=91
418,3,lp,upper,100,1,0.006306,0.006181001663208008,192,0,0,1,0,0,0,91,8,0,OPTIMAL=1,interval_proves_cutoff=91;upper_skipped_by_nonnegative_interval_lower=8
419,0,lp,lower,9,9,0.07581690199999999,0.07483816146850586,1866,0,0,9,0,0,0,0,0,0,OPTIMAL=9,
419,0,lp,upper,9,9,0.07852490000000001,0.07748174667358398,1909,0,0,9,0,0,0,0,0,0,OPTIMAL=9,
419,1,interval_arithmetic,lower,3136,0,0.0,0.0,0,0,0,0,0,928,0,0,0,2208,,interval_arithmetic=928;lower_skipped_by_nonpositive_upper=2208
419,1,interval_arithmetic,upper,3136,0,0.0,0.0,0,0,0,0,0,3136,0,0,0,0,,interval_arithmetic=3136
419,2,lp,lower,1568,114,0.12290949999999999,0.11793065071105957,1823,0,0,114,0,0,0,646,0,808,OPTIMAL=114,interval_proves_cutoff=646;lower_skipped_by_nonpositive_upper=808
419,2,lp,upper,1568,129,0.152866402,0.14053058624267578,2194,0,0,129,0,0,0,793,646,0,OPTIMAL=129,interval_proves_cutoff=793;upper_skipped_by_nonnegative_interval_lower=646
419,3,lp,lower,100,1,0.0111576,0.011052846908569336,338,0,0,1,0,0,0,8,0,91,OPTIMAL=1,interval_proves_cutoff=8;lower_skipped_by_nonpositive_upper=91
419,3,lp,upper,100,1,0.0091214,0.008991241455078125,271,0,0,1,0,0,0,91,8,0,OPTIMAL=1,interval_proves_cutoff=91;upper_skipped_by_nonnegative_interval_lower=8
420,0,lp,lower,9,9,0.053885499999999996,0.05283546447753906,1236,0,0,9,0,0,0,0,0,0,OPTIMAL=9,
420,0,lp,upper,9,9,0.037758801,0.036673545837402344,949,0,0,9,0,0,0,0,0,0,OPTIMAL=9,
420,1,interval_arithmetic,lower,3136,0,0.0,0.0,0,0,0,0,0,845,0,0,0,2291,,interval_arithmetic=845;lower_skipped_by_nonpositive_upper=2291
420,1,interval_arithmetic,upper,3136,0,0.0,0.0,0,0,0,0,0,3136,0,0,0,0,,interval_arithmetic=3136
420,2,lp,lower,1568,84,0.08163160100000001,0.07799458503723145,1206,0,0,84,0,0,0,621,0,863,OPTIMAL=84,interval_proves_cutoff=621;lower_skipped_by_nonpositive_upper=863
420,2,lp,upper,1568,85,0.09100340099999997,0.08169245719909668,1401,0,0,85,0,0,0,862,621,0,OPTIMAL=85,interval_proves_cutoff=862;upper_skipped_by_nonnegative_interval_lower=621
420,3,lp,lower,100,1,0.0045013,0.004377841949462891,208,0,0,1,0,0,0,8,0,91,OPTIMAL=1,interval_proves_cutoff=8;lower_skipped_by_nonpositive_upper=91
420,3,lp,upper,100,1,0.0045822,0.004458427429199219,174,0,0,1,0,0,0,91,8,0,OPTIMAL=1,interval_proves_cutoff=91;upper_skipped_by_nonnegative_interval_lower=8
421,0,lp,lower,9,9,0.053327200000000005,0.052426815032958984,1370,0,0,9,0,0,0,0,0,0,OPTIMAL=9,
421,0,lp,upper,9,9,0.049786399999999995,0.048868656158447266,1427,0,0,9,0,0,0,0,0,0,OPTIMAL=9,
421,1,interval_arithmetic,lower,3136,0,0.0,0.0,0,0,0,0,0,880,0,0,0,2256,,interval_arithmetic=880;lower_skipped_by_nonpositive_upper=2256
421,1,interval_arithmetic,upper,3136,0,0.0,0.0,0,0,0,0,0,3136,0,0,0,0,,interval_arithmetic=3136
421,2,lp,lower,1568,98,0.10553200099999997,0.10090899467468262,1659,0,0,98,0,0,0,645,0,825,OPTIMAL=98,interval_proves_cutoff=645;lower_skipped_by_nonpositive_upper=825
421,2,lp,upper,1568,99,0.142102902,0.11594796180725098,1882,0,0,99,0,0,0,824,645,0,OPTIMAL=99,interval_proves_cutoff=824;upper_skipped_by_nonnegative_interval_lower=645
421,3,lp,lower,100,0,0.0,0.0,0,0,0,0,0,0,0,9,0,91,,interval_proves_cutoff=9;lower_skipped_by_nonpositive_upper=91
421,3,lp,upper,100,0,0.0,0.0,0,0,0,0,0,0,0,91,9,0,,interval_proves_cutoff=91;upper_skipped_by_nonnegative_interval_lower=9
422,0,lp,lower,9,9,0.063480702,0.06253242492675781,1613,0,0,9,0,0,0,0,0,0,OPTIMAL=9,
422,0,lp,upper,9,9,0.072291801,0.07124876976013184,1640,0,0,9,0,0,0,0,0,0,OPTIMAL=9,
422,1,interval_arithmetic,lower,3136,0,0.0,0.0,0,0,0,0,0,915,0,0,0,2221,,interval_arithmetic=915;lower_skipped_by_nonpositive_upper=2221
422,1,interval_arithmetic,upper,3136,0,0.0,0.0,0,0,0,0,0,3136,0,0,0,0,,interval_arithmetic=3136
422,2,lp,lower,1568,116,0.11941580199999999,0.11431598663330078,1507,0,0,116,0,0,0,680,0,772,OPTIMAL=116,interval_proves_cutoff=680;lower_skipped_by_nonpositive_upper=772
422,2,lp,upper,1568,126,0.14107150200000002,0.12946581840515137,1693,0,0,126,0,0,0,762,680,0,OPTIMAL=126,interval_proves_cutoff=762;upper_skipped_by_nonnegative_interval_lower=680
422,3,lp,lower,100,1,0.007193801,0.00710606575012207,308,0,0,1,0,0,0,8,0,91,OPTIMAL=1,interval_proves_cutoff=8;lower_skipped_by_nonpositive_upper=91
422,3,lp,upper,100,1,0.0068588,0.006736040115356445,262,0,0,1,0,0,0,91,8,0,OPTIMAL=1,interval_proves_cutoff=91;upper_skipped_by_nonnegative_interval_lower=8
423,0,lp,lower,9,9,0.032984002,0.032170772552490234,1078,0,0,9,0,0,0,0,0,0,OPTIMAL=9,
423,0,lp,upper,9,9,0.040999101,0.040114641189575195,1174,0,0,9,0,0,0,0,0,0,OPTIMAL=9,
423,1,interval_arithmetic,lower,3136,0,0.0,0.0,0,0,0,0,0,903,0,0,0,2233,,interval_arithmetic=903;lower_skipped_by_nonpositive_upper=2233
423,1,interval_arithmetic,upper,3136,0,0.0,0.0,0,0,0,0,0,3136,0,0,0,0,,interval_arithmetic=3136
423,2,lp,lower,1568,76,0.07604650099999999,0.07268786430358887,1212,0,0,76,0,0,0,642,0,850,OPTIMAL=76,interval_proves_cutoff=642;lower_skipped_by_nonpositive_upper=850
423,2,lp,upper,1568,89,0.10221240099999998,0.0922088623046875,1626,0,0,89,0,0,0,837,642,0,OPTIMAL=89,interval_proves_cutoff=837;upper_skipped_by_nonnegative_interval_lower=642
423,3,lp,lower,100,1,0.0044781,0.00439000129699707,208,0,0,1,0,0,0,8,0,91,OPTIMAL=1,interval_proves_cutoff=8;lower_skipped_by_nonpositive_upper=91
423,3,lp,upper,100,1,0.0046472,0.004537820816040039,196,0,0,1,0,0,0,91,8,0,OPTIMAL=1,interval_proves_cutoff=91;upper_skipped_by_nonnegative_interval_lower=8
424,0,lp,lower,9,9,0.05376490400000001,0.05270719528198242,1398,0,0,9,0,0,0,0,0,0,OPTIMAL=9,
424,0,lp,upper,9,9,0.059019601,0.058083295822143555,1521,0,0,9,0,0,0,0,0,0,OPTIMAL=9,
424,1,interval_arithmetic,lower,3136,0,0.0,0.0,0,0,0,0,0,912,0,0,0,2224,,interval_arithmetic=912;lower_skipped_by_nonpositive_upper=2224
424,1,interval_arithmetic,upper,3136,0,0.0,0.0,0,0,0,0,0,3136,0,0,0,0,,interval_arithmetic=3136
424,2,lp,lower,1568,86,0.08465210199999998,0.08091497421264648,1042,0,0,86,0,0,0,659,0,823,OPTIMAL=86,interval_proves_cutoff=659;lower_skipped_by_nonpositive_upper=823
424,2,lp,upper,1568,90,0.09721930099999997,0.08727598190307617,1226,0,0,90,0,0,0,819,659,0,OPTIMAL=90,interval_proves_cutoff=819;upper_skipped_by_nonnegative_interval_lower=659
424,3,lp,lower,100,1,0.0059156,0.005810737609863281,265,0,0,1,0,0,0,8,0,91,OPTIMAL=1,interval_proves_cutoff=8;lower_skipped_by_nonpositive_upper=91
424,3,lp,upper,100,1,0.004629901,0.004483461380004883,187,0,0,1,0,0,0,91,8,0,OPTIMAL=1,interval_proves_cutoff=91;upper_skipped_by_nonnegative_interval_lower=8
425,0,lp,lower,9,9,0.076196404,0.07504510879516602,1997,0,0,9,0,0,0,0,0,0,OPTIMAL=9,
425,0,lp,upper,9,9,0.095791005,0.09457707405090332,2084,0,0,9,0,0,0,0,0,0,OPTIMAL=9,
425,1,interval_arithmetic,lower,3136,0,0.0,0.0,0,0,0,0,0,939,0,0,0,2197,,interval_arithmetic=939;lower_skipped_by_nonpositive_upper=2197
425,1,interval_arithmetic,upper,3136,0,0.0,0.0,0,0,0,0,0,3136,0,0,0,0,,interval_arithmetic=3136
425,2,lp,lower,1568,147,0.161616708,0.15262460708618164,2297,0,0,147,0,0,0,659,0,762,OPTIMAL=147,interval_proves_cutoff=659;lower_skipped_by_nonpositive_upper=762
425,2,lp,upper,1568,156,0.18165691000000006,0.16732311248779297,2493,0,0,156,0,0,0,753,659,0,OPTIMAL=156,interval_proves_cutoff=753;upper_skipped_by_nonnegative_interval_lower=659
425,3,lp,lower,100,1,0.0105582,0.010445594787597656,366,0,0,1,0,0,0,8,0,91,OPTIMAL=1,interval_proves_cutoff=8;lower_skipped_by_nonpositive_upper=91
425,3,lp,upper,100,1,0.0079652,0.007834911346435547,328,0,0,1,0,0,0,91,8,0,OPTIMAL=1,interval_proves_cutoff=91;upper_skipped_by_nonnegative_interval_lower=8
426,0,lp,lower,9,9,0.031709203,0.030922412872314453,1033,0,0,9,0,0,0,0,0,0,OPTIMAL=9,
426,0,lp,upper,9,9,0.03479050300000001,0.033798933029174805,1041,0,0,9,0,0,0,0,0,0,OPTIMAL=9,
426,1,interval_arithmetic,lower,3136,0,0.0,0.0,0,0,0,0,0,919,0,0,0,2217,,interval_arithmetic=919;lower_skipped_by_nonpositive_upper=2217
426,1,interval_arithmetic,upper,3136,0,0.0,0.0,0,0,0,0,0,3136,0,0,0,0,,interval_arithmetic=3136
426,2,lp,lower,1568,69,0.08279200300000002,0.07860398292541504,879,0,0,69,0,0,0,718,0,781,OPTIMAL=69,interval_proves_cutoff=718;lower_skipped_by_nonpositive_upper=781
426,2,lp,upper,1568,69,0.09871550300000004,0.08797526359558105,947,0,0,69,0,0,0,781,718,0,OPTIMAL=69,interval_proves_cutoff=781;upper_skipped_by_nonnegative_interval_lower=718
426,3,lp,lower,100,0,0.0,0.0,0,0,0,0,0,0,0,8,0,92,,interval_proves_cutoff=8;lower_skipped_by_nonpositive_upper=92
426,3,lp,upper,100,0,0.0,0.0,0,0,0,0,0,0,0,92,8,0,,interval_proves_cutoff=92;upper_skipped_by_nonnegative_interval_lower=8
427,0,lp,lower,9,9,0.043223602,0.042327880859375,1205,0,0,9,0,0,0,0,0,0,OPTIMAL=9,
427,0,lp,upper,9,9,0.041045704,0.04024481773376465,1273,0,0,9,0,0,0,0,0,0,OPTIMAL=9,
427,1,interval_arithmetic,lower,3136,0,0.0,0.0,0,0,0,0,0,882,0,0,0,2254,,interval_arithmetic=882;lower_skipped_by_nonpositive_upper=2254
427,1,interval_arithmetic,upper,3136,0,0.0,0.0,0,0,0,0,0,3136,0,0,0,0,,interval_arithmetic=3136
427,2,lp,lower,1568,82,0.07539360599999999,0.07191014289855957,1366,0,0,82,0,0,0,633,0,853,OPTIMAL=82,interval_proves_cutoff=633;lower_skipped_by_nonpositive_upper=853
427,2,lp,upper,1568,86,0.08791250499999997,0.07889556884765625,1536,0,0,86,0,0,0,849,633,0,OPTIMAL=86,interval_proves_cutoff=849;upper_skipped_by_nonnegative_interval_lower=633
427,3,lp,lower,100,0,0.0,0.0,0,0,0,0,0,0,0,9,0,91,,interval_proves_cutoff=9;lower_skipped_by_nonpositive_upper=91
427,3,lp,upper,100,0,0.0,0.0,0,0,0,0,0,0,0,91,9,0,,interval_proves_cutoff=91;upper_skipped_by_nonnegative_interval_lower=9
428,0,lp,lower,9,9,0.044831405000000005,0.04393196105957031,1059,0,0,9,0,0,0,0,0,0,OPTIMAL=9,
428,0,lp,upper,9,9,0.047742003000000005,0.04677939414978027,1016,0,0,9,0,0,0,0,0,0,OPTIMAL=9,
428,1,interval_arithmetic,lower,3136,0,0.0,0.0,0,0,0,0,0,847,0,0,0,2289,,interval_arithmetic=847;lower_skipped_by_nonpositive_upper=2289
428,1,interval_arithmetic,upper,3136,0,0.0,0.0,0,0,0,0,0,3136,0,0,0,0,,interval_arithmetic=3136
428,2,lp,lower,1568,81,0.07996980299999998,0.07672500610351562,835,0,0,81,0,0,0,634,0,853,OPTIMAL=81,interval_proves_cutoff=634;lower_skipped_by_nonpositive_upper=853
428,2,lp,upper,1568,85,0.07866450400000001,0.06974387168884277,971,0,0,85,0,0,0,849,634,0,OPTIMAL=85,interval_proves_cutoff=849;upper_skipped_by_nonnegative_interval_lower=634
428,3,lp,lower,100,2,0.008103901,0.007967472076416016,231,0,0,2,0,0,0,7,0,91,OPTIMAL=2,interval_proves_cutoff=7;lower_skipped_by_nonpositive_upper=91
428,3,lp,upper,100,2,0.0084326,0.008258342742919922,273,0,0,2,0,0,0,91,7,0,OPTIMAL=2,interval_proves_cutoff=91;upper_skipped_by_nonnegative_interval_lower=7
429,0,lp,lower,9,9,0.050060203,0.04908943176269531,1268,0,0,9,0,0,0,0,0,0,OPTIMAL=9,
429,0,lp,upper,9,9,0.050809103999999994,0.049962520599365234,1311,0,0,9,0,0,0,0,0,0,OPTIMAL=9,
429,1,interval_arithmetic,lower,3136,0,0.0,0.0,0,0,0,0,0,906,0,0,0,2230,,interval_arithmetic=906;lower_skipped_by_nonpositive_upper=2230
429,1,interval_arithmetic,upper,3136,0,0.0,0.0,0,0,0,0,0,3136,0,0,0,0,,interval_arithmetic=3136
429,2,lp,lower,1568,93,0.09050360599999999,0.08586311340332031,1276,0,0,93,0,0,0,659,0,816,OPTIMAL=93,interval_proves_cutoff=659;lower_skipped_by_nonpositive_upper=816
429,2,lp,upper,1568,97,0.10796910599999998,0.0957179069519043,1318,0,0,97,0,0,0,812,659,0,OPTIMAL=97,interval_proves_cutoff=812;upper_skipped_by_nonnegative_interval_lower=659
429,3,lp,lower,100,2,0.008084701,0.007952213287353516,300,0,0,2,0,0,0,7,0,91,OPTIMAL=2,interval_proves_cutoff=7;lower_skipped_by_nonpositive_upper=91
429,3,lp,upper,100,2,0.008103599999999999,0.007728099822998047,331,0,0,2,0,0,0,91,7,0,OPTIMAL=2,interval_proves_cutoff=91;upper_skipped_by_nonnegative_interval_lower=7
430,0,lp,lower,9,9,0.044792303,0.04400181770324707,1380,0,0,9,0,0,0,0,0,0,OPTIMAL=9,
430,0,lp,upper,9,9,0.048070603,0.04725480079650879,1429,0,0,9,0,0,0,0,0,0,OPTIMAL=9,
430,1,interval_arithmetic,lower,3136,0,0.0,0.0,0,0,0,0,0,920,0,0,0,2216,,interval_arithmetic=920;lower_skipped_by_nonpositive_upper=2216
430,1,interval_arithmetic,upper,3136,0,0.0,0.0,0,0,0,0,0,3136,0,0,0,0,,interval_arithmetic=3136
430,2,lp,lower,1568,98,0.10660960799999998,0.10219454765319824,1796,0,0,98,0,0,0,666,0,804,OPTIMAL=98,interval_proves_cutoff=666;lower_skipped_by_nonpositive_upper=804
430,2,lp,upper,1568,102,0.11742950399999999,0.10676240921020508,2042,0,0,102,0,0,0,800,666,0,OPTIMAL=102,interval_proves_cutoff=800;upper_skipped_by_nonnegative_interval_lower=666
430,3,lp,lower,100,0,0.0,0.0,0,0,0,0,0,0,0,9,0,91,,interval_proves_cutoff=9;lower_skipped_by_nonpositive_upper=91
430,3,lp,upper,100,0,0.0,0.0,0,0,0,0,0,0,0,91,9,0,,interval_proves_cutoff=91;upper_skipped_by_nonnegative_interval_lower=9
431,0,lp,lower,9,9,0.035635902,0.03473544120788574,1038,0,0,9,0,0,0,0,0,0,OPTIMAL=9,
431,0,lp,upper,9,9,0.043606200000000005,0.042726993560791016,1150,0,0,9,0,0,0,0,0,0,OPTIMAL=9,
431,1,interval_arithmetic,lower,3136,0,0.0,0.0,0,0,0,0,0,848,0,0,0,2288,,interval_arithmetic=848;lower_skipped_by_nonpositive_upper=2288
431,1,interval_arithmetic,upper,3136,0,0.0,0.0,0,0,0,0,0,3136,0,0,0,0,,interval_arithmetic=3136
431,2,lp,lower,1568,77,0.06754890300000001,0.06468462944030762,638,0,0,77,0,0,0,630,0,861,OPTIMAL=77,interval_proves_cutoff=630;lower_skipped_by_nonpositive_upper=861
431,2,lp,upper,1568,80,0.07841900299999999,0.07021641731262207,681,0,0,80,0,0,0,858,630,0,OPTIMAL=80,interval_proves_cutoff=858;upper_skipped_by_nonnegative_interval_lower=630
431,3,lp,lower,100,1,0.0041708,0.004076480865478516,193,0,0,1,0,0,0,8,0,91,OPTIMAL=1,interval_proves_cutoff=8;lower_skipped_by_nonpositive_upper=91
431,3,lp,upper,100,1,0.0038647,0.003759622573852539,166,0,0,1,0,0,0,91,8,0,OPTIMAL=1,interval_proves_cutoff=91;upper_skipped_by_nonnegative_interval_lower=8
432,0,lp,lower,9,9,0.119031807,0.11785316467285156,2183,0,0,9,0,0,0,0,0,0,OPTIMAL=9,
432,0,lp,upper,9,9,0.132823308,0.13174080848693848,2526,0,0,9,0,0,0,0,0,0,OPTIMAL=9,
432,1,interval_arithmetic,lower,3136,0,0.0,0.0,0,0,0,0,0,929,0,0,0,2207,,interval_arithmetic=929;lower_skipped_by_nonpositive_upper=2207
432,1,interval_arithmetic,upper,3136,0,0.0,0.0,0,0,0,0,0,3136,0,0,0,0,,interval_arithmetic=3136
432,2,lp,lower,1568,173,0.24221441000000002,0.23014330863952637,3622,0,0,173,0,0,0,652,0,743,OPTIMAL=173,interval_proves_cutoff=652;lower_skipped_by_nonpositive_upper=743
432,2,lp,upper,1568,181,0.2424950159999999,0.224501371383667,3534,0,0,181,0,0,0,735,652,0,OPTIMAL=181,interval_proves_cutoff=735;upper_skipped_by_nonnegative_interval_lower=652
432,3,lp,lower,100,0,0.0,0.0,0,0,0,0,0,0,0,9,0,91,,interval_proves_cutoff=9;lower_skipped_by_nonpositive_upper=91
432,3,lp,upper,100,0,0.0,0.0,0,0,0,0,0,0,0,91,9,0,,interval_proves_cutoff=91;upper_skipped_by_nonnegative_interval_lower=9
433,0,lp,lower,9,9,0.041027301999999995,0.04006624221801758,1054,0,0,9,0,0,0,0,0,0,OPTIMAL=9,
433,0,lp,upper,9,9,0.039757305,0.03872394561767578,1112,0,0,9,0,0,0,0,0,0,OPTIMAL=9,
433,1,interval_arithmetic,lower,3136,0,0.0,0.0,0,0,0,0,0,875,0,0,0,2261,,interval_arithmetic=875;lower_skipped_by_nonpositive_upper=2261
433,1,interval_arithmetic,upper,3136,0,0.0,0.0,0,0,0,0,0,3136,0,0,0,0,,interval_arithmetic=3136
433,2,lp,lower,1568,84,0.083813605,0.0794217586517334,805,0,0,84,0,0,0,641,0,843,OPTIMAL=84,interval_proves_cutoff=641;lower_skipped_by_nonpositive_upper=843
433,2,lp,upper,1568,88,0.09505591000000004,0.08473587036132812,958,0,0,88,0,0,0,839,641,0,OPTIMAL=88,interval_proves_cutoff=839;upper_skipped_by_nonnegative_interval_lower=641
433,3,lp,lower,100,0,0.0,0.0,0,0,0,0,0,0,0,9,0,91,,interval_proves_cutoff=9;lower_skipped_by_nonpositive_upper=91
433,3,lp,upper,100,0,0.0,0.0,0,0,0,0,0,0,0,91,9,0,,interval_proves_cutoff=91;upper_skipped_by_nonnegative_interval_lower=9
434,0,lp,lower,9,9,0.050693603999999996,0.049938201904296875,1480,0,0,9,0,0,0,0,0,0,OPTIMAL=9,
434,0,lp,upper,9,9,0.055108503,0.05425667762756348,1515,0,0,9,0,0,0,0,0,0,OPTIMAL=9,
434,1,interval_arithmetic,lower,3136,0,0.0,0.0,0,0,0,0,0,919,0,0,0,2217,,interval_arithmetic=919;lower_skipped_by_nonpositive_upper=2217
434,1,interval_arithmetic,upper,3136,0,0.0,0.0,0,0,0,0,0,3136,0,0,0,0,,interval_arithmetic=3136
434,2,lp,lower,1568,98,0.103277005,0.09915375709533691,1591,0,0,98,0,0,0,659,0,811,OPTIMAL=98,interval_proves_cutoff=659;lower_skipped_by_nonpositive_upper=811
434,2,lp,upper,1568,101,0.12728290899999997,0.1156461238861084,1686,0,0,101,0,0,0,808,659,0,OPTIMAL=101,interval_proves_cutoff=808;upper_skipped_by_nonnegative_interval_lower=659
434,3,lp,lower,100,1,0.007415501,0.007339000701904297,301,0,0,1,0,0,0,8,0,91,OPTIMAL=1,interval_proves_cutoff=8;lower_skipped_by_nonpositive_upper=91
434,3,lp,upper,100,1,0.0070419,0.006930828094482422,254,0,0,1,0,0,0,91,8,0,OPTIMAL=1,interval_proves_cutoff=91;upper_skipped_by_nonnegative_interval_lower=8
435,0,lp,lower,9,9,0.049573202000000004,0.048628807067871094,1213,0,0,9,0,0,0,0,0,0,OPTIMAL=9,
435,0,lp,upper,9,9,0.050337204,0.04940915107727051,1244,0,0,9,0,0,0,0,0,0,OPTIMAL=9,
435,1,interval_arithmetic,lower,3136,0,0.0,0.0,0,0,0,0,0,884,0,0,0,2252,,interval_arithmetic=884;lower_skipped_by_nonpositive_upper=2252
435,1,interval_arithmetic,upper,3136,0,0.0,0.0,0,0,0,0,0,3136,0,0,0,0,,interval_arithmetic=3136
435,2,lp,lower,1568,76,0.08151450799999997,0.07685446739196777,1171,0,0,76,0,0,0,641,0,851,OPTIMAL=76,interval_proves_cutoff=641;lower_skipped_by_nonpositive_upper=851
435,2,lp,upper,1568,76,0.090924907,0.08074259757995605,1238,0,0,76,0,0,0,851,641,0,OPTIMAL=76,interval_proves_cutoff=851;upper_skipped_by_nonnegative_interval_lower=641
435,3,lp,lower,100,1,0.0056221,0.005515336990356445,216,0,0,1,0,0,0,8,0,91,OPTIMAL=1,interval_proves_cutoff=8;lower_skipped_by_nonpositive_upper=91
435,3,lp,upper,100,1,0.004721701,0.004614591598510742,197,0,0,1,0,0,0,91,8,0,OPTIMAL=1,interval_proves_cutoff=91;upper_skipped_by_nonnegative_interval_lower=8
436,0,lp,lower,9,9,0.030237506,0.029433012008666992,897,0,0,9,0,0,0,0,0,0,OPTIMAL=9,
436,0,lp,upper,9,9,0.031093704000000003,0.03022146224975586,1028,0,0,9,0,0,0,0,0,0,OPTIMAL=9,
436,1,interval_arithmetic,lower,3136,0,0.0,0.0,0,0,0,0,0,912,0,0,0,2224,,interval_arithmetic=912;lower_skipped_by_nonpositive_upper=2224
436,1,interval_arithmetic,upper,3136,0,0.0,0.0,0,0,0,0,0,3136,0,0,0,0,,interval_arithmetic=3136
436,2,lp,lower,1568,61,0.06426370599999999,0.06092715263366699,857,0,0,61,0,0,0,663,0,844,OPTIMAL=61,interval_proves_cutoff=663;lower_skipped_by_nonpositive_upper=844
436,2,lp,upper,1568,66,0.09564530600000003,0.07186412811279297,1008,0,0,66,0,0,0,839,663,0,OPTIMAL=66,interval_proves_cutoff=839;upper_skipped_by_nonnegative_interval_lower=663
436,3,lp,lower,100,0,0.0,0.0,0,0,0,0,0,0,0,9,0,91,,interval_proves_cutoff=9;lower_skipped_by_nonpositive_upper=91
436,3,lp,upper,100,0,0.0,0.0,0,0,0,0,0,0,0,91,9,0,,interval_proves_cutoff=91;upper_skipped_by_nonnegative_interval_lower=9
437,0,lp,lower,9,9,0.049989003,0.04910993576049805,1355,0,0,9,0,0,0,0,0,0,OPTIMAL=9,
437,0,lp,upper,9,9,0.051577602,0.05080080032348633,1531,0,0,9,0,0,0,0,0,0,OPTIMAL=9,
437,1,interval_arithmetic,lower,3136,0,0.0,0.0,0,0,0,0,0,923,0,0,0,2213,,interval_arithmetic=923;lower_skipped_by_nonpositive_upper=2213
437,1,interval_arithmetic,upper,3136,0,0.0,0.0,0,0,0,0,0,3136,0,0,0,0,,interval_arithmetic=3136
437,2,lp,lower,1568,91,0.099855608,0.0960087776184082,1932,0,0,91,0,0,0,659,0,818,OPTIMAL=91,interval_proves_cutoff=659;lower_skipped_by_nonpositive_upper=818
437,2,lp,upper,1568,107,0.12836560700000002,0.1174168586730957,2444,0,0,107,0,0,0,802,659,0,OPTIMAL=107,interval_proves_cutoff=802;upper_skipped_by_nonnegative_interval_lower=659
437,3,lp,lower,100,0,0.0,0.0,0,0,0,0,0,0,0,9,0,91,,interval_proves_cutoff=9;lower_skipped_by_nonpositive_upper=91
437,3,lp,upper,100,0,0.0,0.0,0,0,0,0,0,0,0,91,9,0,,interval_proves_cutoff=91;upper_skipped_by_nonnegative_interval_lower=9
438,0,lp,lower,9,9,0.053292703,0.05259060859680176,1414,0,0,9,0,0,0,0,0,0,OPTIMAL=9,
438,0,lp,upper,9,9,0.044518704,0.04370880126953125,1313,0,0,9,0,0,0,0,0,0,OPTIMAL=9,
438,1,interval_arithmetic,lower,3136,0,0.0,0.0,0,0,0,0,0,994,0,0,0,2142,,interval_arithmetic=994;lower_skipped_by_nonpositive_upper=2142
438,1,interval_arithmetic,upper,3136,0,0.0,0.0,0,0,0,0,0,3136,0,0,0,0,,interval_arithmetic=3136
438,2,lp,lower,1568,82,0.09389670500000002,0.09051799774169922,1102,0,0,82,0,0,0,715,0,771,OPTIMAL=82,interval_proves_cutoff=715;lower_skipped_by_nonpositive_upper=771
438,2,lp,upper,1568,86,0.12726660799999998,0.10855364799499512,1263,0,0,86,0,0,0,767,715,0,OPTIMAL=86,interval_proves_cutoff=767;upper_skipped_by_nonnegative_interval_lower=715
438,3,lp,lower,100,1,0.006928901,0.006830453872680664,274,0,0,1,0,0,0,8,0,91,OPTIMAL=1,interval_proves_cutoff=8;lower_skipped_by_nonpositive_upper=91
438,3,lp,upper,100,1,0.0054392,0.0053217411041259766,196,0,0,1,0,0,0,91,8,0,OPTIMAL=1,interval_proves_cutoff=91;upper_skipped_by_nonnegative_interval_lower=8
439,0,lp,lower,9,9,0.037060501,0.036310672760009766,1105,0,0,9,0,0,0,0,0,0,OPTIMAL=9,
439,0,lp,upper,9,9,0.042623601,0.04185366630554199,1137,0,0,9,0,0,0,0,0,0,OPTIMAL=9,
439,1,interval_arithmetic,lower,3136,0,0.0,0.0,0,0,0,0,0,884,0,0,0,2252,,interval_arithmetic=884;lower_skipped_by_nonpositive_upper=2252
439,1,interval_arithmetic,upper,3136,0,0.0,0.0,0,0,0,0,0,3136,0,0,0,0,,interval_arithmetic=3136
439,2,lp,lower,1568,83,0.071631804,0.06858134269714355,1054,0,0,83,0,0,0,652,0,833,OPTIMAL=83,interval_proves_cutoff=652;lower_skipped_by_nonpositive_upper=833
439,2,lp,upper,1568,88,0.087023104,0.07796740531921387,1282,0,0,88,0,0,0,828,652,0,OPTIMAL=88,interval_proves_cutoff=828;upper_skipped_by_nonnegative_interval_lower=652
439,3,lp,lower,100,1,0.006313,0.0062410831451416016,263,0,0,1,0,0,0,7,0,92,OPTIMAL=1,interval_proves_cutoff=7;lower_skipped_by_nonpositive_upper=92
439,3,lp,upper,100,1,0.0046345,0.004537343978881836,181,0,0,1,0,0,0,92,7,0,OPTIMAL=1,interval_proves_cutoff=92;upper_skipped_by_nonnegative_interval_lower=7
440,0,lp,lower,9,9,0.047357603,0.04656791687011719,1420,0,0,9,0,0,0,0,0,0,OPTIMAL=9,
440,0,lp,upper,9,9,0.051275004,0.050363779067993164,1406,0,0,9,0,0,0,0,0,0,OPTIMAL=9,
440,1,interval_arithmetic,lower,3136,0,0.0,0.0,0,0,0,0,0,894,0,0,0,2242,,interval_arithmetic=894;lower_skipped_by_nonpositive_upper=2242
440,1,interval_arithmetic,upper,3136,0,0.0,0.0,0,0,0,0,0,3136,0,0,0,0,,interval_arithmetic=3136
440,2,lp,lower,1568,98,0.09975180700000001,0.09397125244140625,1235,0,0,98,0,0,0,637,0,833,OPTIMAL=98,interval_proves_cutoff=637;lower_skipped_by_nonpositive_upper=833
440,2,lp,upper,1568,99,0.09801150799999998,0.08825802803039551,1428,0,0,99,0,0,0,832,637,0,OPTIMAL=99,interval_proves_cutoff=832;upper_skipped_by_nonnegative_interval_lower=637
440,3,lp,lower,100,0,0.0,0.0,0,0,0,0,0,0,0,9,0,91,,interval_proves_cutoff=9;lower_skipped_by_nonpositive_upper=91
440,3,lp,upper,100,0,0.0,0.0,0,0,0,0,0,0,0,91,9,0,,interval_proves_cutoff=91;upper_skipped_by_nonnegative_interval_lower=9
441,0,lp,lower,9,9,0.07191480299999999,0.07088947296142578,1987,0,0,9,0,0,0,0,0,0,OPTIMAL=9,
441,0,lp,upper,9,9,0.077811605,0.07677745819091797,2037,0,0,9,0,0,0,0,0,0,OPTIMAL=9,
441,1,interval_arithmetic,lower,3136,0,0.0,0.0,0,0,0,0,0,1023,0,0,0,2113,,interval_arithmetic=1023;lower_skipped_by_nonpositive_upper=2113
441,1,interval_arithmetic,upper,3136,0,0.0,0.0,0,0,0,0,0,3136,0,0,0,0,,interval_arithmetic=3136
441,2,lp,lower,1568,119,0.13015480800000004,0.12433409690856934,1499,0,0,119,0,0,0,688,0,761,OPTIMAL=119,interval_proves_cutoff=688;lower_skipped_by_nonpositive_upper=761
441,2,lp,upper,1568,121,0.14784961000000008,0.1365833282470703,1745,0,0,121,0,0,0,759,688,0,OPTIMAL=121,interval_proves_cutoff=759;upper_skipped_by_nonnegative_interval_lower=688
441,3,lp,lower,100,1,0.009387301,0.009302139282226562,352,0,0,1,0,0,0,8,0,91,OPTIMAL=1,interval_proves_cutoff=8;lower_skipped_by_nonpositive_upper=91
441,3,lp,upper,100,1,0.006522201,0.006412982940673828,280,0,0,1,0,0,0,91,8,0,OPTIMAL=1,interval_proves_cutoff=91;upper_skipped_by_nonnegative_interval_lower=8
442,0,lp,lower,9,9,0.066765906,0.06592750549316406,1534,0,0,9,0,0,0,0,0,0,OPTIMAL=9,
442,0,lp,upper,9,9,0.069746404,0.0686485767364502,1679,0,0,9,0,0,0,0,0,0,OPTIMAL=9,
442,1,interval_arithmetic,lower,3136,0,0.0,0.0,0,0,0,0,0,929,0,0,0,2207,,interval_arithmetic=929;lower_skipped_by_nonpositive_upper=2207
442,1,interval_arithmetic,upper,3136,0,0.0,0.0,0,0,0,0,0,3136,0,0,0,0,,interval_arithmetic=3136
442,2,lp,lower,1568,93,0.09482810600000004,0.09123492240905762,1259,0,0,93,0,0,0,675,0,800,OPTIMAL=93,interval_proves_cutoff=675;lower_skipped_by_nonpositive_upper=800
442,2,lp,upper,1568,95,0.11034490999999999,0.1006467342376709,1434,0,0,95,0,0,0,798,675,0,OPTIMAL=95,interval_proves_cutoff=798;upper_skipped_by_nonnegative_interval_lower=675
442,3,lp,lower,100,1,0.0068978,0.0068225860595703125,293,0,0,1,0,0,0,8,0,91,OPTIMAL=1,interval_proves_cutoff=8;lower_skipped_by_nonpositive_upper=91
442,3,lp,upper,100,1,0.004402201,0.0042972564697265625,218,0,0,1,0,0,0,91,8,0,OPTIMAL=1,interval_proves_cutoff=91;upper_skipped_by_nonnegative_interval_lower=8
443,0,lp,lower,9,9,0.03367877899999999,0.032926082611083984,1157,0,0,9,0,0,0,0,0,0,OPTIMAL=9,
443,0,lp,upper,9,9,0.04552857199999999,0.04464221000671387,1324,0,0,9,0,0,0,0,0,0,OPTIMAL=9,
443,1,interval_arithmetic,lower,3136,0,0.0,0.0,0,0,0,0,0,934,0,0,0,2202,,interval_arithmetic=934;lower_skipped_by_nonpositive_upper=2202
443,1,interval_arithmetic,upper,3136,0,0.0,0.0,0,0,0,0,0,3136,0,0,0,0,,interval_arithmetic=3136
443,2,lp,lower,1568,97,0.11189860700000002,0.10611963272094727,1480,0,0,97,0,0,0,659,0,812,OPTIMAL=97,interval_proves_cutoff=659;lower_skipped_by_nonpositive_upper=812
443,2,lp,upper,1568,110,0.13973411099999997,0.12653613090515137,1823,0,0,110,0,0,0,799,659,0,OPTIMAL=110,interval_proves_cutoff=799;upper_skipped_by_nonnegative_interval_lower=659
443,3,lp,lower,100,0,0.0,0.0,0,0,0,0,0,0,0,8,0,92,,interval_proves_cutoff=8;lower_skipped_by_nonpositive_upper=92
443,3,lp,upper,100,0,0.0,0.0,0,0,0,0,0,0,0,92,8,0,,interval_proves_cutoff=92;upper_skipped_by_nonnegative_interval_lower=8
444,0,lp,lower,9,9,0.107120336,0.10611271858215332,2066,0,0,9,0,0,0,0,0,0,OPTIMAL=9,
444,0,lp,upper,9,9,0.105562433,0.10457348823547363,2115,0,0,9,0,0,0,0,0,0,OPTIMAL=9,
444,1,interval_arithmetic,lower,3136,0,0.0,0.0,0,0,0,0,0,885,0,0,0,2251,,interval_arithmetic=885;lower_skipped_by_nonpositive_upper=2251
444,1,interval_arithmetic,upper,3136,0,0.0,0.0,0,0,0,0,0,3136,0,0,0,0,,interval_arithmetic=3136
444,2,lp,lower,1568,145,0.164266205,0.15591049194335938,2292,0,0,145,0,0,0,603,0,820,OPTIMAL=145,interval_proves_cutoff=603;lower_skipped_by_nonpositive_upper=820
444,2,lp,upper,1568,152,0.17710549100000006,0.16417193412780762,2614,0,0,152,0,0,0,813,603,0,OPTIMAL=152,interval_proves_cutoff=813;upper_skipped_by_nonnegative_interval_lower=603
444,3,lp,lower,100,0,0.0,0.0,0,0,0,0,0,0,0,9,0,91,,interval_proves_cutoff=9;lower_skipped_by_nonpositive_upper=91
444,3,lp,upper,100,0,0.0,0.0,0,0,0,0,0,0,0,91,9,0,,interval_proves_cutoff=91;upper_skipped_by_nonnegative_interval_lower=9
445,0,lp,lower,9,9,0.091899744,0.09072017669677734,1801,0,0,9,0,0,0,0,0,0,OPTIMAL=9,
445,0,lp,upper,9,9,0.092479244,0.09143304824829102,1915,0,0,9,0,0,0,0,0,0,OPTIMAL=9,
445,1,interval_arithmetic,lower,3136,0,0.0,0.0,0,0,0,0,0,934,0,0,0,2202,,interval_arithmetic=934;lower_skipped_by_nonpositive_upper=2202
445,1,interval_arithmetic,upper,3136,0,0.0,0.0,0,0,0,0,0,3136,0,0,0,0,,interval_arithmetic=3136
445,2,lp,lower,1568,104,0.12143742399999999,0.11574172973632812,1588,0,0,104,0,0,0,662,0,802,OPTIMAL=104,interval_proves_cutoff=662;lower_skipped_by_nonpositive_upper=802
445,2,lp,upper,1568,114,0.13298301700000004,0.12187910079956055,1880,0,0,114,0,0,0,792,662,0,OPTIMAL=114,interval_proves_cutoff=792;upper_skipped_by_nonnegative_interval_lower=662
445,3,lp,lower,100,2,0.011602193,0.01141667366027832,342,0,0,2,0,0,0,7,0,91,OPTIMAL=2,interval_proves_cutoff=7;lower_skipped_by_nonpositive_upper=91
445,3,lp,upper,100,2,0.009551994,0.009297609329223633,350,0,0,2,0,0,0,91,7,0,OPTIMAL=2,interval_proves_cutoff=91;upper_skipped_by_nonnegative_interval_lower=7
446,0,lp,lower,9,9,0.109338586,0.10821080207824707,2135,0,0,9,0,0,0,0,0,0,OPTIMAL=9,
446,0,lp,upper,9,9,0.12123778300000002,0.12009882926940918,2103,0,0,9,0,0,0,0,0,0,OPTIMAL=9,
446,1,interval_arithmetic,lower,3136,0,0.0,0.0,0,0,0,0,0,923,0,0,0,2213,,interval_arithmetic=923;lower_skipped_by_nonpositive_upper=2213
446,1,interval_arithmetic,upper,3136,0,0.0,0.0,0,0,0,0,0,3136,0,0,0,0,,interval_arithmetic=3136
446,2,lp,lower,1568,142,0.14644547800000002,0.14040827751159668,2429,0,0,142,0,0,0,650,0,776,OPTIMAL=142,interval_proves_cutoff=650;lower_skipped_by_nonpositive_upper=776
446,2,lp,upper,1568,152,0.17580269799999995,0.16283202171325684,2829,0,0,152,0,0,0,766,650,0,OPTIMAL=152,interval_proves_cutoff=766;upper_skipped_by_nonnegative_interval_lower=650
446,3,lp,lower,100,2,0.020539998,0.020282983779907227,462,0,0,2,0,0,0,7,0,91,OPTIMAL=2,interval_proves_cutoff=7;lower_skipped_by_nonpositive_upper=91
446,3,lp,upper,100,2,0.014664197,0.01441335678100586,493,0,0,2,0,0,0,91,7,0,OPTIMAL=2,interval_proves_cutoff=91;upper_skipped_by_nonnegative_interval_lower=7
447,0,lp,lower,9,9,0.14019918,0.13916254043579102,2422,0,0,9,0,0,0,0,0,0,OPTIMAL=9,
447,0,lp,upper,9,9,0.11770658399999999,0.11661076545715332,2021,0,0,9,0,0,0,0,0,0,OPTIMAL=9,
447,1,interval_arithmetic,lower,3136,0,0.0,0.0,0,0,0,0,0,957,0,0,0,2179,,interval_arithmetic=957;lower_skipped_by_nonpositive_upper=2179
447,1,interval_arithmetic,upper,3136,0,0.0,0.0,0,0,0,0,0,3136,0,0,0,0,,interval_arithmetic=3136
447,2,lp,lower,1568,102,0.11272858399999999,0.10802030563354492,1705,0,0,102,0,0,0,659,0,807,OPTIMAL=102,interval_proves_cutoff=659;lower_skipped_by_nonpositive_upper=807
447,2,lp,upper,1568,102,0.13596827999999994,0.12213850021362305,1785,0,0,102,0,0,0,807,659,0,OPTIMAL=102,interval_proves_cutoff=807;upper_skipped_by_nonnegative_interval_lower=659
447,3,lp,lower,100,2,0.014841098,0.014647245407104492,401,0,0,2,0,0,0,7,0,91,OPTIMAL=2,interval_proves_cutoff=7;lower_skipped_by_nonpositive_upper=91
447,3,lp,upper,100,2,0.013880899,0.013661384582519531,446,0,0,2,0,0,0,91,7,0,OPTIMAL=2,interval_proves_cutoff=91;upper_skipped_by_nonnegative_interval_lower=7
448,0,lp,lower,9,9,0.033121794999999996,0.03237104415893555,1119,0,0,9,0,0,0,0,0,0,OPTIMAL=9,
448,0,lp,upper,9,9,0.033047193999999995,0.03233766555786133,1204,0,0,9,0,0,0,0,0,0,OPTIMAL=9,
448,1,interval_arithmetic,lower,3136,0,0.0,0.0,0,0,0,0,0,933,0,0,0,2203,,interval_arithmetic=933;lower_skipped_by_nonpositive_upper=2203
448,1,interval_arithmetic,upper,3136,0,0.0,0.0,0,0,0,0,0,3136,0,0,0,0,,interval_arithmetic=3136
448,2,lp,lower,1568,84,0.08266648899999998,0.0789794921875,993,0,0,84,0,0,0,650,0,834,OPTIMAL=84,interval_proves_cutoff=650;lower_skipped_by_nonpositive_upper=834
448,2,lp,upper,1568,91,0.10353178199999999,0.0927419662475586,1200,0,0,91,0,0,0,827,650,0,OPTIMAL=91,interval_proves_cutoff=827;upper_skipped_by_nonnegative_interval_lower=650
448,3,lp,lower,100,0,0.0,0.0,0,0,0,0,0,0,0,9,0,91,,interval_proves_cutoff=9;lower_skipped_by_nonpositive_upper=91
448,3,lp,upper,100,0,0.0,0.0,0,0,0,0,0,0,0,91,9,0,,interval_proves_cutoff=91;upper_skipped_by_nonnegative_interval_lower=9
449,0,lp,lower,9,9,0.039638704,0.03881502151489258,1272,0,0,9,0,0,0,0,0,0,OPTIMAL=9,
449,0,lp,upper,9,9,0.043577805,0.042510271072387695,1293,0,0,9,0,0,0,0,0,0,OPTIMAL=9,
449,1,interval_arithmetic,lower,3136,0,0.0,0.0,0,0,0,0,0,927,0,0,0,2209,,interval_arithmetic=927;lower_skipped_by_nonpositive_upper=2209
449,1,interval_arithmetic,upper,3136,0,0.0,0.0,0,0,0,0,0,3136,0,0,0,0,,interval_arithmetic=3136
449,2,lp,lower,1568,86,0.092210085,0.08692026138305664,1007,0,0,86,0,0,0,661,0,821,OPTIMAL=86,interval_proves_cutoff=661;lower_skipped_by_nonpositive_upper=821
449,2,lp,upper,1568,87,0.10198068500000002,0.09082150459289551,1076,0,0,87,0,0,0,820,661,0,OPTIMAL=87,interval_proves_cutoff=820;upper_skipped_by_nonnegative_interval_lower=661
449,3,lp,lower,100,0,0.0,0.0,0,0,0,0,0,0,0,9,0,91,,interval_proves_cutoff=9;lower_skipped_by_nonpositive_upper=91
449,3,lp,upper,100,0,0.0,0.0,0,0,0,0,0,0,0,91,9,0,,interval_proves_cutoff=91;upper_skipped_by_nonnegative_interval_lower=9
451,0,lp,lower,9,9,0.026652606,0.025676727294921875,845,0,0,9,0,0,0,0,0,0,OPTIMAL=9,
451,0,lp,upper,9,9,0.025664199999999998,0.0247952938079834,901,0,0,9,0,0,0,0,0,0,OPTIMAL=9,
451,1,interval_arithmetic,lower,3136,0,0.0,0.0,0,0,0,0,0,940,0,0,0,2196,,interval_arithmetic=940;lower_skipped_by_nonpositive_upper=2196
451,1,interval_arithmetic,upper,3136,0,0.0,0.0,0,0,0,0,0,3136,0,0,0,0,,interval_arithmetic=3136
451,2,lp,lower,1568,65,0.06604100900000003,0.06224393844604492,506,0,0,65,0,0,0,681,0,822,OPTIMAL=65,interval_proves_cutoff=681;lower_skipped_by_nonpositive_upper=822
451,2,lp,upper,1568,71,0.07731281100000002,0.0674600601196289,615,0,0,71,0,0,0,816,681,0,OPTIMAL=71,interval_proves_cutoff=816;upper_skipped_by_nonnegative_interval_lower=681
451,3,lp,lower,100,0,0.0,0.0,0,0,0,0,0,0,0,9,0,91,,interval_proves_cutoff=9;lower_skipped_by_nonpositive_upper=91
451,3,lp,upper,100,0,0.0,0.0,0,0,0,0,0,0,0,91,9,0,,interval_proves_cutoff=91;upper_skipped_by_nonnegative_interval_lower=9
452,0,lp,lower,9,9,0.023237001,0.022448301315307617,731,0,0,9,0,0,0,0,0,0,OPTIMAL=9,
452,0,lp,upper,9,9,0.022695103,0.021929502487182617,787,0,0,9,0,0,0,0,0,0,OPTIMAL=9,
452,1,interval_arithmetic,lower,3136,0,0.0,0.0,0,0,0,0,0,941,0,0,0,2195,,interval_arithmetic=941;lower_skipped_by_nonpositive_upper=2195
452,1,interval_arithmetic,upper,3136,0,0.0,0.0,0,0,0,0,0,3136,0,0,0,0,,interval_arithmetic=3136
452,2,lp,lower,1568,54,0.051376109,0.04880666732788086,297,0,0,54,0,0,0,704,0,810,OPTIMAL=54,interval_proves_cutoff=704;lower_skipped_by_nonpositive_upper=810
452,2,lp,upper,1568,58,0.06184821,0.05331110954284668,409,0,0,58,0,0,0,806,704,0,OPTIMAL=58,interval_proves_cutoff=806;upper_skipped_by_nonnegative_interval_lower=704
452,3,lp,lower,100,0,0.0,0.0,0,0,0,0,0,0,0,9,0,91,,interval_proves_cutoff=9;lower_skipped_by_nonpositive_upper=91
452,3,lp,upper,100,0,0.0,0.0,0,0,0,0,0,0,0,91,9,0,,interval_proves_cutoff=91;upper_skipped_by_nonnegative_interval_lower=9
453,0,lp,lower,9,9,0.043983505,0.0431821346282959,1271,0,0,9,0,0,0,0,0,0,OPTIMAL=9,
453,0,lp,upper,9,9,0.051269009,0.05044889450073242,1382,0,0,9,0,0,0,0,0,0,OPTIMAL=9,
453,1,interval_arithmetic,lower,3136,0,0.0,0.0,0,0,0,0,0,902,0,0,0,2234,,interval_arithmetic=902;lower_skipped_by_nonpositive_upper=2234
453,1,interval_arithmetic,upper,3136,0,0.0,0.0,0,0,0,0,0,3136,0,0,0,0,,interval_arithmetic=3136
453,2,lp,lower,1568,96,0.10959891600000002,0.10431861877441406,1097,0,0,96,0,0,0,660,0,812,OPTIMAL=96,interval_proves_cutoff=660;lower_skipped_by_nonpositive_upper=812
453,2,lp,upper,1568,97,0.11522441499999996,0.1042013168334961,1143,0,0,97,0,0,0,811,660,0,OPTIMAL=97,interval_proves_cutoff=811;upper_skipped_by_nonnegative_interval_lower=660
453,3,lp,lower,100,1,0.007669001,0.007587432861328125,272,0,0,1,0,0,0,8,0,91,OPTIMAL=1,interval_proves_cutoff=8;lower_skipped_by_nonpositive_upper=91
453,3,lp,upper,100,1,0.005077,0.004959821701049805,198,0,0,1,0,0,0,91,8,0,OPTIMAL=1,interval_proves_cutoff=91;upper_skipped_by_nonnegative_interval_lower=8
454,0,lp,lower,9,9,0.050684908,0.04982876777648926,1513,0,0,9,0,0,0,0,0,0,OPTIMAL=9,
454,0,lp,upper,9,9,0.051429907,0.05035281181335449,1515,0,0,9,0,0,0,0,0,0,OPTIMAL=9,
454,1,interval_arithmetic,lower,3136,0,0.0,0.0,0,0,0,0,0,942,0,0,0,2194,,interval_arithmetic=942;lower_skipped_by_nonpositive_upper=2194
454,1,interval_arithmetic,upper,3136,0,0.0,0.0,0,0,0,0,0,3136,0,0,0,0,,interval_arithmetic=3136
454,2,lp,lower,1568,114,0.122002616,0.11550092697143555,1765,0,0,114,0,0,0,690,0,764,OPTIMAL=114,interval_proves_cutoff=690;lower_skipped_by_nonpositive_upper=764
454,2,lp,upper,1568,124,0.14074532099999998,0.12850165367126465,1965,0,0,124,0,0,0,754,690,0,OPTIMAL=124,interval_proves_cutoff=754;upper_skipped_by_nonnegative_interval_lower=690
454,3,lp,lower,100,1,0.006169501,0.006063699722290039,297,0,0,1,0,0,0,8,0,91,OPTIMAL=1,interval_proves_cutoff=8;lower_skipped_by_nonpositive_upper=91
454,3,lp,upper,100,1,0.005133401,0.005028486251831055,242,0,0,1,0,0,0,91,8,0,OPTIMAL=1,interval_proves_cutoff=91;upper_skipped_by_nonnegative_interval_lower=8
455,0,lp,lower,9,9,0.036042806000000004,0.03533530235290527,1087,0,0,9,0,0,0,0,0,0,OPTIMAL=9,
455,0,lp,upper,9,9,0.044166405,0.04321718215942383,1330,0,0,9,0,0,0,0,0,0,OPTIMAL=9,
455,1,interval_arithmetic,lower,3136,0,0.0,0.0,0,0,0,0,0,906,0,0,0,2230,,interval_arithmetic=906;lower_skipped_by_nonpositive_upper=2230
455,1,interval_arithmetic,upper,3136,0,0.0,0.0,0,0,0,0,0,3136,0,0,0,0,,interval_arithmetic=3136
455,2,lp,lower,1568,81,0.080925114,0.07702302932739258,1013,0,0,81,0,0,0,671,0,816,OPTIMAL=81,interval_proves_cutoff=671;lower_skipped_by_nonpositive_upper=816
455,2,lp,upper,1568,88,0.09467931600000004,0.08541536331176758,1230,0,0,88,0,0,0,809,671,0,OPTIMAL=88,interval_proves_cutoff=809;upper_skipped_by_nonnegative_interval_lower=671
455,3,lp,lower,100,0,0.0,0.0,0,0,0,0,0,0,0,9,0,91,,interval_proves_cutoff=9;lower_skipped_by_nonpositive_upper=91
455,3,lp,upper,100,0,0.0,0.0,0,0,0,0,0,0,0,91,9,0,,interval_proves_cutoff=91;upper_skipped_by_nonnegative_interval_lower=9
456,0,lp,lower,9,9,0.037659910000000005,0.03694033622741699,974,0,0,9,0,0,0,0,0,0,OPTIMAL=9,
456,0,lp,upper,9,9,0.037893408,0.03720688819885254,995,0,0,9,0,0,0,0,0,0,OPTIMAL=9,
456,1,interval_arithmetic,lower,3136,0,0.0,0.0,0,0,0,0,0,863,0,0,0,2273,,interval_arithmetic=863;lower_skipped_by_nonpositive_upper=2273
456,1,interval_arithmetic,upper,3136,0,0.0,0.0,0,0,0,0,0,3136,0,0,0,0,,interval_arithmetic=3136
456,2,lp,lower,1568,60,0.05517761,0.052927494049072266,621,0,0,60,0,0,0,631,0,877,OPTIMAL=60,interval_proves_cutoff=631;lower_skipped_by_nonpositive_upper=877
456,2,lp,upper,1568,64,0.06645310999999995,0.0585627555847168,726,0,0,64,0,0,0,873,631,0,OPTIMAL=64,interval_proves_cutoff=873;upper_skipped_by_nonnegative_interval_lower=631
456,3,lp,lower,100,2,0.0058614,0.005758523941040039,176,0,0,2,0,0,0,7,0,91,OPTIMAL=2,interval_proves_cutoff=7;lower_skipped_by_nonpositive_upper=91
456,3,lp,upper,100,2,0.0051432019999999995,0.004828453063964844,219,0,0,2,0,0,0,91,7,0,OPTIMAL=2,interval_proves_cutoff=91;upper_skipped_by_nonnegative_interval_lower=7
457,0,lp,lower,9,9,0.038360609999999996,0.03756856918334961,1182,0,0,9,0,0,0,0,0,0,OPTIMAL=9,
457,0,lp,upper,9,9,0.04683521399999999,0.0460205078125,1455,0,0,9,0,0,0,0,0,0,OPTIMAL=9,
457,1,interval_arithmetic,lower,3136,0,0.0,0.0,0,0,0,0,0,892,0,0,0,2244,,interval_arithmetic=892;lower_skipped_by_nonpositive_upper=2244
457,1,interval_arithmetic,upper,3136,0,0.0,0.0,0,0,0,0,0,3136,0,0,0,0,,interval_arithmetic=3136
457,2,lp,lower,1568,87,0.092988723,0.08953189849853516,1479,0,0,87,0,0,0,656,0,825,OPTIMAL=87,interval_proves_cutoff=656;lower_skipped_by_nonpositive_upper=825
457,2,lp,upper,1568,93,0.10964442599999999,0.09989547729492188,1758,0,0,93,0,0,0,819,656,0,OPTIMAL=93,interval_proves_cutoff=819;upper_skipped_by_nonnegative_interval_lower=656
457,3,lp,lower,100,0,0.0,0.0,0,0,0,0,0,0,0,9,0,91,,interval_proves_cutoff=9;lower_skipped_by_nonpositive_upper=91
457,3,lp,upper,100,0,0.0,0.0,0,0,0,0,0,0,0,91,9,0,,interval_proves_cutoff=91;upper_skipped_by_nonnegative_interval_lower=9
458,0,lp,lower,9,9,0.059801816,0.05901002883911133,1609,0,0,9,0,0,0,0,0,0,OPTIMAL=9,
458,0,lp,upper,9,9,0.066784718,0.0659933090209961,1609,0,0,9,0,0,0,0,0,0,OPTIMAL=9,
458,1,interval_arithmetic,lower,3136,0,0.0,0.0,0,0,0,0,0,914,0,0,0,2222,,interval_arithmetic=914;lower_skipped_by_nonpositive_upper=2222
458,1,interval_arithmetic,upper,3136,0,0.0,0.0,0,0,0,0,0,3136,0,0,0,0,,interval_arithmetic=3136
458,2,lp,lower,1568,86,0.09120302599999998,0.08752179145812988,1414,0,0,86,0,0,0,664,0,818,OPTIMAL=86,interval_proves_cutoff=664;lower_skipped_by_nonpositive_upper=818
458,2,lp,upper,1568,88,0.103457528,0.09416747093200684,1558,0,0,88,0,0,0,816,664,0,OPTIMAL=88,interval_proves_cutoff=816;upper_skipped_by_nonnegative_interval_lower=664
458,3,lp,lower,100,1,0.008742902,0.00866389274597168,283,0,0,1,0,0,0,8,0,91,OPTIMAL=1,interval_proves_cutoff=8;lower_skipped_by_nonpositive_upper=91
458,3,lp,upper,100,1,0.007898802,0.007787942886352539,249,0,0,1,0,0,0,91,8,0,OPTIMAL=1,interval_proves_cutoff=91;upper_skipped_by_nonnegative_interval_lower=8
459,0,lp,lower,9,9,0.058896117,0.057904720306396484,1525,0,0,9,0,0,0,0,0,0,OPTIMAL=9,
459,0,lp,upper,9,9,0.06021491699999999,0.05936074256896973,1659,0,0,9,0,0,0,0,0,0,OPTIMAL=9,
459,1,interval_arithmetic,lower,3136,0,0.0,0.0,0,0,0,0,0,929,0,0,0,2207,,interval_arithmetic=929;lower_skipped_by_nonpositive_upper=2207
459,1,interval_arithmetic,upper,3136,0,0.0,0.0,0,0,0,0,0,3136,0,0,0,0,,interval_arithmetic=3136
459,2,lp,lower,1568,100,0.132157135,0.12546372413635254,2351,0,0,100,0,0,0,639,0,829,OPTIMAL=100,interval_proves_cutoff=639;lower_skipped_by_nonpositive_upper=829
459,2,lp,upper,1568,106,0.15136323799999998,0.13880586624145508,2551,0,0,106,0,0,0,823,639,0,OPTIMAL=106,interval_proves_cutoff=823;upper_skipped_by_nonnegative_interval_lower=639
459,3,lp,lower,100,0,0.0,0.0,0,0,0,0,0,0,0,9,0,91,,interval_proves_cutoff=9;lower_skipped_by_nonpositive_upper=91
459,3,lp,upper,100,0,0.0,0.0,0,0,0,0,0,0,0,91,9,0,,interval_proves_cutoff=91;upper_skipped_by_nonnegative_interval_lower=9
460,0,lp,lower,9,9,0.045907712999999996,0.0450894832611084,1242,0,0,9,0,0,0,0,0,0,OPTIMAL=9,
460,0,lp,upper,9,9,0.051230113,0.05049586296081543,1281,0,0,9,0,0,0,0,0,0,OPTIMAL=9,
460,1,interval_arithmetic,lower,3136,0,0.0,0.0,0,0,0,0,0,918,0,0,0,2218,,interval_arithmetic=918;lower_skipped_by_nonpositive_upper=2218
460,1,interval_arithmetic,upper,3136,0,0.0,0.0,0,0,0,0,0,3136,0,0,0,0,,interval_arithmetic=3136
460,2,lp,lower,1568,100,0.09330561700000004,0.08951854705810547,814,0,0,100,0,0,0,674,0,794,OPTIMAL=100,interval_proves_cutoff=674;lower_skipped_by_nonpositive_upper=794
460,2,lp,upper,1568,101,0.10184262499999996,0.09194302558898926,900,0,0,101,0,0,0,793,674,0,OPTIMAL=101,interval_proves_cutoff=793;upper_skipped_by_nonnegative_interval_lower=674
460,3,lp,lower,100,1,0.005175202,0.005105733871459961,246,0,0,1,0,0,0,8,0,91,OPTIMAL=1,interval_proves_cutoff=8;lower_skipped_by_nonpositive_upper=91
460,3,lp,upper,100,1,0.003890401,0.0037870407104492188,188,0,0,1,0,0,0,91,8,0,OPTIMAL=1,interval_proves_cutoff=91;upper_skipped_by_nonnegative_interval_lower=8
461,0,lp,lower,9,9,0.065328618,0.06462454795837402,1557,0,0,9,0,0,0,0,0,0,OPTIMAL=9,
461,0,lp,upper,9,9,0.07914242199999999,0.07840204238891602,1705,0,0,9,0,0,0,0,0,0,OPTIMAL=9,
461,1,interval_arithmetic,lower,3136,0,0.0,0.0,0,0,0,0,0,893,0,0,0,2243,,interval_arithmetic=893;lower_skipped_by_nonpositive_upper=2243
461,1,interval_arithmetic,upper,3136,0,0.0,0.0,0,0,0,0,0,3136,0,0,0,0,,interval_arithmetic=3136
461,2,lp,lower,1568,81,0.08020591899999999,0.07695817947387695,1097,0,0,81,0,0,0,650,0,837,OPTIMAL=81,interval_proves_cutoff=650;lower_skipped_by_nonpositive_upper=837
461,2,lp,upper,1568,95,0.10628182100000003,0.09552836418151855,1327,0,0,95,0,0,0,823,650,0,OPTIMAL=95,interval_proves_cutoff=823;upper_skipped_by_nonnegative_interval_lower=650
461,3,lp,lower,100,1,0.005147602,0.005070209503173828,215,0,0,1,0,0,0,8,0,91,OPTIMAL=1,interval_proves_cutoff=8;lower_skipped_by_nonpositive_upper=91
461,3,lp,upper,100,1,0.004821402,0.004720211029052734,207,0,0,1,0,0,0,91,8,0,OPTIMAL=1,interval_proves_cutoff=91;upper_skipped_by_nonnegative_interval_lower=8
462,0,lp,lower,9,9,0.030302807999999997,0.02942514419555664,949,0,0,9,0,0,0,0,0,0,OPTIMAL=9,
462,0,lp,upper,9,9,0.024744406,0.02408576011657715,953,0,0,9,0,0,0,0,0,0,OPTIMAL=9,
462,1,interval_arithmetic,lower,3136,0,0.0,0.0,0,0,0,0,0,946,0,0,0,2190,,interval_arithmetic=946;lower_skipped_by_nonpositive_upper=2190
462,1,interval_arithmetic,upper,3136,0,0.0,0.0,0,0,0,0,0,3136,0,0,0,0,,interval_arithmetic=3136
462,2,lp,lower,1568,69,0.060773320999999984,0.05807805061340332,571,0,0,69,0,0,0,686,0,813,OPTIMAL=69,interval_proves_cutoff=686;lower_skipped_by_nonpositive_upper=813
462,2,lp,upper,1568,71,0.06977491999999999,0.06145310401916504,663,0,0,71,0,0,0,811,686,0,OPTIMAL=71,interval_proves_cutoff=811;upper_skipped_by_nonnegative_interval_lower=686
462,3,lp,lower,100,1,0.003049301,0.0029938220977783203,109,0,0,1,0,0,0,7,0,92,OPTIMAL=1,interval_proves_cutoff=7;lower_skipped_by_nonpositive_upper=92
462,3,lp,upper,100,2,0.005800802000000001,0.005630970001220703,248,0,0,2,0,0,0,91,7,0,OPTIMAL=2,interval_proves_cutoff=91;upper_skipped_by_nonnegative_interval_lower=7
463,0,lp,lower,9,9,0.026654407,0.025793790817260742,780,0,0,9,0,0,0,0,0,0,OPTIMAL=9,
463,0,lp,upper,9,9,0.028018508000000004,0.027026653289794922,881,0,0,9,0,0,0,0,0,0,OPTIMAL=9,
463,1,interval_arithmetic,lower,3136,0,0.0,0.0,0,0,0,0,0,968,0,0,0,2168,,interval_arithmetic=968;lower_skipped_by_nonpositive_upper=2168
463,1,interval_arithmetic,upper,3136,0,0.0,0.0,0,0,0,0,0,3136,0,0,0,0,,interval_arithmetic=3136
463,2,lp,lower,1568,73,0.07437991600000005,0.07004070281982422,509,0,0,73,0,0,0,693,0,802,OPTIMAL=73,interval_proves_cutoff=693;lower_skipped_by_nonpositive_upper=802
463,2,lp,upper,1568,75,0.08342682900000001,0.07246184349060059,562,0,0,75,0,0,0,800,693,0,OPTIMAL=75,interval_proves_cutoff=800;upper_skipped_by_nonnegative_interval_lower=693
463,3,lp,lower,100,0,0.0,0.0,0,0,0,0,0,0,0,9,0,91,,interval_proves_cutoff=9;lower_skipped_by_nonpositive_upper=91
463,3,lp,upper,100,0,0.0,0.0,0,0,0,0,0,0,0,91,9,0,,interval_proves_cutoff=91;upper_skipped_by_nonnegative_interval_lower=9
464,0,lp,lower,9,9,0.047006407,0.04599356651306152,1413,0,0,9,0,0,0,0,0,0,OPTIMAL=9,
464,0,lp,upper,9,9,0.050796005000000005,0.049826860427856445,1540,0,0,9,0,0,0,0,0,0,OPTIMAL=9,
464,1,interval_arithmetic,lower,3136,0,0.0,0.0,0,0,0,0,0,945,0,0,0,2191,,interval_arithmetic=945;lower_skipped_by_nonpositive_upper=2191
464,1,interval_arithmetic,upper,3136,0,0.0,0.0,0,0,0,0,0,3136,0,0,0,0,,interval_arithmetic=3136
464,2,lp,lower,1568,106,0.107547214,0.10292172431945801,1234,0,0,106,0,0,0,667,0,795,OPTIMAL=106,interval_proves_cutoff=667;lower_skipped_by_nonpositive_upper=795
464,2,lp,upper,1568,110,0.11635872199999994,0.10595202445983887,1417,0,0,110,0,0,0,791,667,0,OPTIMAL=110,interval_proves_cutoff=791;upper_skipped_by_nonnegative_interval_lower=667
464,3,lp,lower,100,0,0.0,0.0,0,0,0,0,0,0,0,8,0,92,,interval_proves_cutoff=8;lower_skipped_by_nonpositive_upper=92
464,3,lp,upper,100,1,0.005287001,0.0051708221435546875,235,0,0,1,0,0,0,91,8,0,OPTIMAL=1,interval_proves_cutoff=91;upper_skipped_by_nonnegative_interval_lower=8
465,0,lp,lower,9,9,0.177026625,0.17593789100646973,2749,0,0,9,0,0,0,0,0,0,OPTIMAL=9,
465,0,lp,upper,9,9,0.123220217,0.12212967872619629,2343,0,0,9,0,0,0,0,0,0,OPTIMAL=9,
465,1,interval_arithmetic,lower,3136,0,0.0,0.0,0,0,0,0,0,940,0,0,0,2196,,interval_arithmetic=940;lower_skipped_by_nonpositive_upper=2196
465,1,interval_arithmetic,upper,3136,0,0.0,0.0,0,0,0,0,0,3136,0,0,0,0,,interval_arithmetic=3136
465,2,lp,lower,1568,129,0.15990802400000004,0.15238356590270996,2215,0,0,129,0,0,0,646,0,793,OPTIMAL=129,interval_proves_cutoff=646;lower_skipped_by_nonpositive_upper=793
465,2,lp,upper,1568,133,0.18418182900000007,0.16904401779174805,2528,0,0,133,0,0,0,789,646,0,OPTIMAL=133,interval_proves_cutoff=789;upper_skipped_by_nonnegative_interval_lower=646
465,3,lp,lower,100,4,0.032327005,0.03173565864562988,772,0,0,4,0,0,0,5,0,91,OPTIMAL=4,interval_proves_cutoff=5;lower_skipped_by_nonpositive_upper=91
465,3,lp,upper,100,4,0.031266804,0.03074932098388672,859,0,0,4,0,0,0,91,5,0,OPTIMAL=4,interval_proves_cutoff=91;upper_skipped_by_nonnegative_interval_lower=5
466,0,lp,lower,9,9,0.029742004000000002,0.028810501098632812,855,0,0,9,0,0,0,0,0,0,OPTIMAL=9,
466,0,lp,upper,9,9,0.028769305999999994,0.02784109115600586,932,0,0,9,0,0,0,0,0,0,OPTIMAL=9,
466,1,interval_arithmetic,lower,3136,0,0.0,0.0,0,0,0,0,0,937,0,0,0,2199,,interval_arithmetic=937;lower_skipped_by_nonpositive_upper=2199
466,1,interval_arithmetic,upper,3136,0,0.0,0.0,0,0,0,0,0,3136,0,0,0,0,,interval_arithmetic=3136
466,2,lp,lower,1568,74,0.073026508,0.0684046745300293,495,0,0,74,0,0,0,684,0,810,OPTIMAL=74,interval_proves_cutoff=684;lower_skipped_by_nonpositive_upper=810
466,2,lp,upper,1568,76,0.06941791,0.06086850166320801,552,0,0,76,0,0,0,808,684,0,OPTIMAL=76,interval_proves_cutoff=808;upper_skipped_by_nonnegative_interval_lower=684
466,3,lp,lower,100,0,0.0,0.0,0,0,0,0,0,0,0,9,0,91,,interval_proves_cutoff=9;lower_skipped_by_nonpositive_upper=91
466,3,lp,upper,100,0,0.0,0.0,0,0,0,0,0,0,0,91,9,0,,interval_proves_cutoff=91;upper_skipped_by_nonnegative_interval_lower=9
467,0,lp,lower,9,9,0.061965909,0.06093859672546387,1540,0,0,9,0,0,0,0,0,0,OPTIMAL=9,
467,0,lp,upper,9,9,0.07469291,0.07373166084289551,1859,0,0,9,0,0,0,0,0,0,OPTIMAL=9,
467,1,interval_arithmetic,lower,3136,0,0.0,0.0,0,0,0,0,0,929,0,0,0,2207,,interval_arithmetic=929;lower_skipped_by_nonpositive_upper=2207
467,1,interval_arithmetic,upper,3136,0,0.0,0.0,0,0,0,0,0,3136,0,0,0,0,,interval_arithmetic=3136
467,2,lp,lower,1568,119,0.147584921,0.14051246643066406,1799,0,0,119,0,0,0,656,0,793,OPTIMAL=119,interval_proves_cutoff=656;lower_skipped_by_nonpositive_upper=793
467,2,lp,upper,1568,123,0.13226972,0.12013626098632812,1880,0,0,123,0,0,0,789,656,0,OPTIMAL=123,interval_proves_cutoff=789;upper_skipped_by_nonnegative_interval_lower=656
467,3,lp,lower,100,0,0.0,0.0,0,0,0,0,0,0,0,9,0,91,,interval_proves_cutoff=9;lower_skipped_by_nonpositive_upper=91
467,3,lp,upper,100,0,0.0,0.0,0,0,0,0,0,0,0,91,9,0,,interval_proves_cutoff=91;upper_skipped_by_nonnegative_interval_lower=9
468,0,lp,lower,9,9,0.052998607999999996,0.05207705497741699,1402,0,0,9,0,0,0,0,0,0,OPTIMAL=9,
468,0,lp,upper,9,9,0.051553508,0.05057358741760254,1434,0,0,9,0,0,0,0,0,0,OPTIMAL=9,
468,1,interval_arithmetic,lower,3136,0,0.0,0.0,0,0,0,0,0,925,0,0,0,2211,,interval_arithmetic=925;lower_skipped_by_nonpositive_upper=2211
468,1,interval_arithmetic,upper,3136,0,0.0,0.0,0,0,0,0,0,3136,0,0,0,0,,interval_arithmetic=3136
468,2,lp,lower,1568,84,0.09741161600000002,0.09273886680603027,937,0,0,84,0,0,0,659,0,825,OPTIMAL=84,interval_proves_cutoff=659;lower_skipped_by_nonpositive_upper=825
468,2,lp,upper,1568,90,0.10033861599999999,0.08902120590209961,1151,0,0,90,0,0,0,819,659,0,OPTIMAL=90,interval_proves_cutoff=819;upper_skipped_by_nonnegative_interval_lower=659
468,3,lp,lower,100,1,0.004313501,0.004210948944091797,209,0,0,1,0,0,0,7,0,92,OPTIMAL=1,interval_proves_cutoff=7;lower_skipped_by_nonpositive_upper=92
468,3,lp,upper,100,1,0.004550301,0.004420042037963867,175,0,0,1,0,0,0,92,7,0,OPTIMAL=1,interval_proves_cutoff=92;upper_skipped_by_nonnegative_interval_lower=7
469,0,lp,lower,9,9,0.037251503,0.03635573387145996,941,0,0,9,0,0,0,0,0,0,OPTIMAL=9,
469,0,lp,upper,9,9,0.036239207999999995,0.035507917404174805,954,0,0,9,0,0,0,0,0,0,OPTIMAL=9,
469,1,interval_arithmetic,lower,3136,0,0.0,0.0,0,0,0,0,0,925,0,0,0,2211,,interval_arithmetic=925;lower_skipped_by_nonpositive_upper=2211
469,1,interval_arithmetic,upper,3136,0,0.0,0.0,0,0,0,0,0,3136,0,0,0,0,,interval_arithmetic=3136
469,2,lp,lower,1568,69,0.06868281000000002,0.06572461128234863,493,0,0,69,0,0,0,666,0,833,OPTIMAL=69,interval_proves_cutoff=666;lower_skipped_by_nonpositive_upper=833
469,2,lp,upper,1568,71,0.07804801,0.06961178779602051,550,0,0,71,0,0,0,831,666,0,OPTIMAL=71,interval_proves_cutoff=831;upper_skipped_by_nonnegative_interval_lower=666
469,3,lp,lower,100,2,0.005649100000000001,0.005539894104003906,186,0,0,2,0,0,0,7,0,91,OPTIMAL=2,interval_proves_cutoff=7;lower_skipped_by_nonpositive_upper=91
469,3,lp,upper,100,2,0.0062245,0.006063699722290039,220,0,0,2,0,0,0,91,7,0,OPTIMAL=2,interval_proves_cutoff=91;upper_skipped_by_nonnegative_interval_lower=7
470,0,lp,lower,9,9,0.054997204,0.05393838882446289,1357,0,0,9,0,0,0,0,0,0,OPTIMAL=9,
470,0,lp,upper,9,9,0.065828404,0.06469035148620605,1407,0,0,9,0,0,0,0,0,0,OPTIMAL=9,
470,1,interval_arithmetic,lower,3136,0,0.0,0.0,0,0,0,0,0,934,0,0,0,2202,,interval_arithmetic=934;lower_skipped_by_nonpositive_upper=2202
470,1,interval_arithmetic,upper,3136,0,0.0,0.0,0,0,0,0,0,3136,0,0,0,0,,interval_arithmetic=3136
470,2,lp,lower,1568,84,0.08868540399999995,0.08473515510559082,934,0,0,84,0,0,0,683,0,801,OPTIMAL=84,interval_proves_cutoff=683;lower_skipped_by_nonpositive_upper=801
470,2,lp,upper,1568,92,0.11232011100000001,0.10174155235290527,1123,0,0,92,0,0,0,793,683,0,OPTIMAL=92,interval_proves_cutoff=793;upper_skipped_by_nonnegative_interval_lower=683
470,3,lp,lower,100,1,0.0040321,0.0039632320404052734,213,0,0,1,0,0,0,8,0,91,OPTIMAL=1,interval_proves_cutoff=8;lower_skipped_by_nonpositive_upper=91
470,3,lp,upper,100,1,0.0036429,0.0035314559936523438,176,0,0,1,0,0,0,91,8,0,OPTIMAL=1,interval_proves_cutoff=91;upper_skipped_by_nonnegative_interval_lower=8
471,0,lp,lower,9,9,0.076580705,0.07572674751281738,1748,0,0,9,0,0,0,0,0,0,OPTIMAL=9,
471,0,lp,upper,9,9,0.079019706,0.07819414138793945,1676,0,0,9,0,0,0,0,0,0,OPTIMAL=9,
471,1,interval_arithmetic,lower,3136,0,0.0,0.0,0,0,0,0,0,931,0,0,0,2205,,interval_arithmetic=931;lower_skipped_by_nonpositive_upper=2205
471,1,interval_arithmetic,upper,3136,0,0.0,0.0,0,0,0,0,0,3136,0,0,0,0,,interval_arithmetic=3136
471,2,lp,lower,1568,104,0.11536891000000002,0.1110680103302002,1921,0,0,104,0,0,0,657,0,807,OPTIMAL=104,interval_proves_cutoff=657;lower_skipped_by_nonpositive_upper=807
471,2,lp,upper,1568,108,0.15156840999999988,0.1375408172607422,2028,0,0,108,0,0,0,803,657,0,OPTIMAL=108,interval_proves_cutoff=803;upper_skipped_by_nonnegative_interval_lower=657
471,3,lp,lower,100,1,0.009304201,0.009224653244018555,310,0,0,1,0,0,0,8,0,91,OPTIMAL=1,interval_proves_cutoff=8;lower_skipped_by_nonpositive_upper=91
471,3,lp,upper,100,1,0.0067041,0.006588459014892578,233,0,0,1,0,0,0,91,8,0,OPTIMAL=1,interval_proves_cutoff=91;upper_skipped_by_nonnegative_interval_lower=8
472,0,lp,lower,9,9,0.058397706,0.05742192268371582,1365,0,0,9,0,0,0,0,0,0,OPTIMAL=9,
472,0,lp,upper,9,9,0.061792404999999995,0.060836076736450195,1335,0,0,9,0,0,0,0,0,0,OPTIMAL=9,
472,1,interval_arithmetic,lower,3136,0,0.0,0.0,0,0,0,0,0,876,0,0,0,2260,,interval_arithmetic=876;lower_skipped_by_nonpositive_upper=2260
472,1,interval_arithmetic,upper,3136,0,0.0,0.0,0,0,0,0,0,3136,0,0,0,0,,interval_arithmetic=3136
472,2,lp,lower,1568,89,0.08666340499999996,0.0830385684967041,1195,0,0,89,0,0,0,644,0,835,OPTIMAL=89,interval_proves_cutoff=644;lower_skipped_by_nonpositive_upper=835
472,2,lp,upper,1568,94,0.10119841000000002,0.09073352813720703,1400,0,0,94,0,0,0,830,644,0,OPTIMAL=94,interval_proves_cutoff=830;upper_skipped_by_nonnegative_interval_lower=644
472,3,lp,lower,100,1,0.009796001,0.009692668914794922,274,0,0,1,0,0,0,8,0,91,OPTIMAL=1,interval_proves_cutoff=8;lower_skipped_by_nonpositive_upper=91
472,3,lp,upper,100,1,0.006338801,0.006215572357177734,216,0,0,1,0,0,0,91,8,0,OPTIMAL=1,interval_proves_cutoff=91;upper_skipped_by_nonnegative_interval_lower=8
473,0,lp,lower,9,9,0.067306806,0.06647205352783203,1542,0,0,9,0,0,0,0,0,0,OPTIMAL=9,
473,0,lp,upper,9,9,0.05672500500000001,0.0559689998626709,1452,0,0,9,0,0,0,0,0,0,OPTIMAL=9,
473,1,interval_arithmetic,lower,3136,0,0.0,0.0,0,0,0,0,0,913,0,0,0,2223,,interval_arithmetic=913;lower_skipped_by_nonpositive_upper=2223
473,1,interval_arithmetic,upper,3136,0,0.0,0.0,0,0,0,0,0,3136,0,0,0,0,,interval_arithmetic=3136
473,2,lp,lower,1568,96,0.08830120599999998,0.08462095260620117,1133,0,0,96,0,0,0,660,0,812,OPTIMAL=96,interval_proves_cutoff=660;lower_skipped_by_nonpositive_upper=812
473,2,lp,upper,1568,102,0.10896181,0.09895038604736328,1210,0,0,102,0,0,0,806,660,0,OPTIMAL=102,interval_proves_cutoff=806;upper_skipped_by_nonnegative_interval_lower=660
473,3,lp,lower,100,1,0.0046264,0.004557371139526367,227,0,0,1,0,0,0,8,0,91,OPTIMAL=1,interval_proves_cutoff=8;lower_skipped_by_nonpositive_upper=91
473,3,lp,upper,100,1,0.0047217,0.004616498947143555,228,0,0,1,0,0,0,91,8,0,OPTIMAL=1,interval_proves_cutoff=91;upper_skipped_by_nonnegative_interval_lower=8
474,0,lp,lower,9,9,0.05887210400000001,0.057924509048461914,1312,0,0,9,0,0,0,0,0,0,OPTIMAL=9,
474,0,lp,upper,9,9,0.054209403999999996,0.05348658561706543,1393,0,0,9,0,0,0,0,0,0,OPTIMAL=9,
474,1,interval_arithmetic,lower,3136,0,0.0,0.0,0,0,0,0,0,834,0,0,0,2302,,interval_arithmetic=834;lower_skipped_by_nonpositive_upper=2302
474,1,interval_arithmetic,upper,3136,0,0.0,0.0,0,0,0,0,0,3136,0,0,0,0,,interval_arithmetic=3136
474,2,lp,lower,1568,99,0.08256120700000001,0.07908344268798828,1084,0,0,99,0,0,0,604,0,865,OPTIMAL=99,interval_proves_cutoff=604;lower_skipped_by_nonpositive_upper=865
474,2,lp,upper,1568,101,0.09696860599999994,0.08780550956726074,1113,0,0,101,0,0,0,863,604,0,OPTIMAL=101,interval_proves_cutoff=863;upper_skipped_by_nonnegative_interval_lower=604
474,3,lp,lower,100,0,0.0,0.0,0,0,0,0,0,0,0,9,0,91,,interval_proves_cutoff=9;lower_skipped_by_nonpositive_upper=91
474,3,lp,upper,100,0,0.0,0.0,0,0,0,0,0,0,0,91,9,0,,interval_proves_cutoff=91;upper_skipped_by_nonnegative_interval_lower=9
475,0,lp,lower,9,9,0.047649204,0.046684980392456055,1323,0,0,9,0,0,0,0,0,0,OPTIMAL=9,
475,0,lp,upper,9,9,0.054227604,0.05330395698547363,1530,0,0,9,0,0,0,0,0,0,OPTIMAL=9,
475,1,interval_arithmetic,lower,3136,0,0.0,0.0,0,0,0,0,0,967,0,0,0,2169,,interval_arithmetic=967;lower_skipped_by_nonpositive_upper=2169
475,1,interval_arithmetic,upper,3136,0,0.0,0.0,0,0,0,0,0,3136,0,0,0,0,,interval_arithmetic=3136
475,2,lp,lower,1568,107,0.11675840699999997,0.1119844913482666,1934,0,0,107,0,0,0,672,0,789,OPTIMAL=107,interval_proves_cutoff=672;lower_skipped_by_nonpositive_upper=789
475,2,lp,upper,1568,117,0.16287721500000002,0.14792561531066895,2219,0,0,117,0,0,0,779,672,0,OPTIMAL=117,interval_proves_cutoff=779;upper_skipped_by_nonnegative_interval_lower=672
475,3,lp,lower,100,0,0.0,0.0,0,0,0,0,0,0,0,9,0,91,,interval_proves_cutoff=9;lower_skipped_by_nonpositive_upper=91
475,3,lp,upper,100,0,0.0,0.0,0,0,0,0,0,0,0,91,9,0,,interval_proves_cutoff=91;upper_skipped_by_nonnegative_interval_lower=9
476,0,lp,lower,9,9,0.044399203000000005,0.04355287551879883,1260,0,0,9,0,0,0,0,0,0,OPTIMAL=9,
476,0,lp,upper,9,9,0.048702602,0.04773974418640137,1318,0,0,9,0,0,0,0,0,0,OPTIMAL=9,
476,1,interval_arithmetic,lower,3136,0,0.0,0.0,0,0,0,0,0,958,0,0,0,2178,,interval_arithmetic=958;lower_skipped_by_nonpositive_upper=2178
476,1,interval_arithmetic,upper,3136,0,0.0,0.0,0,0,0,0,0,3136,0,0,0,0,,interval_arithmetic=3136
476,2,lp,lower,1568,92,0.09037300799999999,0.08675289154052734,875,0,0,92,0,0,0,690,0,786,OPTIMAL=92,interval_proves_cutoff=690;lower_skipped_by_nonpositive_upper=786
476,2,lp,upper,1568,94,0.10473791100000003,0.0951237678527832,1041,0,0,94,0,0,0,784,690,0,OPTIMAL=94,interval_proves_cutoff=784;upper_skipped_by_nonnegative_interval_lower=690
476,3,lp,lower,100,1,0.0043466,0.004258394241333008,229,0,0,1,0,0,0,8,0,91,OPTIMAL=1,interval_proves_cutoff=8;lower_skipped_by_nonpositive_upper=91
476,3,lp,upper,100,1,0.004197201,0.0040836334228515625,206,0,0,1,0,0,0,91,8,0,OPTIMAL=1,interval_proves_cutoff=91;upper_skipped_by_nonnegative_interval_lower=8
477,0,lp,lower,9,9,0.052470802999999996,0.05143141746520996,1187,0,0,9,0,0,0,0,0,0,OPTIMAL=9,
477,0,lp,upper,9,9,0.053241606,0.052306413650512695,1262,0,0,9,0,0,0,0,0,0,OPTIMAL=9,
477,1,interval_arithmetic,lower,3136,0,0.0,0.0,0,0,0,0,0,863,0,0,0,2273,,interval_arithmetic=863;lower_skipped_by_nonpositive_upper=2273
477,1,interval_arithmetic,upper,3136,0,0.0,0.0,0,0,0,0,0,3136,0,0,0,0,,interval_arithmetic=3136
477,2,lp,lower,1568,75,0.08009210699999998,0.07483363151550293,965,0,0,75,0,0,0,638,0,855,OPTIMAL=75,interval_proves_cutoff=638;lower_skipped_by_nonpositive_upper=855
477,2,lp,upper,1568,87,0.08272630600000003,0.0736989974975586,1169,0,0,87,0,0,0,843,638,0,OPTIMAL=87,interval_proves_cutoff=843;upper_skipped_by_nonnegative_interval_lower=638
477,3,lp,lower,100,3,0.011391201,0.011155843734741211,313,0,0,3,0,0,0,6,0,91,OPTIMAL=3,interval_proves_cutoff=6;lower_skipped_by_nonpositive_upper=91
477,3,lp,upper,100,3,0.011419700999999999,0.01113128662109375,393,0,0,3,0,0,0,91,6,0,OPTIMAL=3,interval_proves_cutoff=91;upper_skipped_by_nonnegative_interval_lower=6
478,0,lp,lower,9,9,0.031727202999999995,0.030848979949951172,965,0,0,9,0,0,0,0,0,0,OPTIMAL=9,
478,0,lp,upper,9,9,0.032894403,0.032019853591918945,1086,0,0,9,0,0,0,0,0,0,OPTIMAL=9,
478,1,interval_arithmetic,lower,3136,0,0.0,0.0,0,0,0,0,0,907,0,0,0,2229,,interval_arithmetic=907;lower_skipped_by_nonpositive_upper=2229
478,1,interval_arithmetic,upper,3136,0,0.0,0.0,0,0,0,0,0,3136,0,0,0,0,,interval_arithmetic=3136
478,2,lp,lower,1568,84,0.079544508,0.07618927955627441,516,0,0,84,0,0,0,684,0,800,OPTIMAL=84,interval_proves_cutoff=684;lower_skipped_by_nonpositive_upper=800
478,2,lp,upper,1568,88,0.10160311300000006,0.09122276306152344,637,0,0,88,0,0,0,796,684,0,OPTIMAL=88,interval_proves_cutoff=796;upper_skipped_by_nonnegative_interval_lower=684
478,3,lp,lower,100,0,0.0,0.0,0,0,0,0,0,0,0,9,0,91,,interval_proves_cutoff=9;lower_skipped_by_nonpositive_upper=91
478,3,lp,upper,100,0,0.0,0.0,0,0,0,0,0,0,0,91,9,0,,interval_proves_cutoff=91;upper_skipped_by_nonnegative_interval_lower=9
479,0,lp,lower,9,9,0.040541403,0.03983163833618164,1320,0,0,9,0,0,0,0,0,0,OPTIMAL=9,
479,0,lp,upper,9,9,0.044475103999999994,0.043735504150390625,1395,0,0,9,0,0,0,0,0,0,OPTIMAL=9,
479,1,interval_arithmetic,lower,3136,0,0.0,0.0,0,0,0,0,0,901,0,0,0,2235,,interval_arithmetic=901;lower_skipped_by_nonpositive_upper=2235
479,1,interval_arithmetic,upper,3136,0,0.0,0.0,0,0,0,0,0,3136,0,0,0,0,,interval_arithmetic=3136
479,2,lp,lower,1568,92,0.09433470799999998,0.09068131446838379,1386,0,0,92,0,0,0,646,0,830,OPTIMAL=92,interval_proves_cutoff=646;lower_skipped_by_nonpositive_upper=830
479,2,lp,upper,1568,106,0.16020061400000002,0.11921381950378418,1638,0,0,106,0,0,0,816,646,0,OPTIMAL=106,interval_proves_cutoff=816;upper_skipped_by_nonnegative_interval_lower=646
479,3,lp,lower,100,0,0.0,0.0,0,0,0,0,0,0,0,9,0,91,,interval_proves_cutoff=9;lower_skipped_by_nonpositive_upper=91
479,3,lp,upper,100,0,0.0,0.0,0,0,0,0,0,0,0,91,9,0,,interval_proves_cutoff=91;upper_skipped_by_nonnegative_interval_lower=9
480,0,lp,lower,9,9,0.05589860599999999,0.05509662628173828,1574,0,0,9,0,0,0,0,0,0,OPTIMAL=9,
480,0,lp,upper,9,9,0.054434104999999997,0.053556203842163086,1631,0,0,9,0,0,0,0,0,0,OPTIMAL=9,
480,1,interval_arithmetic,lower,3136,0,0.0,0.0,0,0,0,0,0,917,0,0,0,2219,,interval_arithmetic=917;lower_skipped_by_nonpositive_upper=2219
480,1,interval_arithmetic,upper,3136,0,0.0,0.0,0,0,0,0,0,3136,0,0,0,0,,interval_arithmetic=3136
480,2,lp,lower,1568,100,0.11359370400000002,0.10956430435180664,1995,0,0,100,0,0,0,674,0,794,OPTIMAL=100,interval_proves_cutoff=674;lower_skipped_by_nonpositive_upper=794
480,2,lp,upper,1568,102,0.126090613,0.11629581451416016,2062,0,0,102,0,0,0,792,674,0,OPTIMAL=102,interval_proves_cutoff=792;upper_skipped_by_nonnegative_interval_lower=674
480,3,lp,lower,100,0,0.0,0.0,0,0,0,0,0,0,0,9,0,91,,interval_proves_cutoff=9;lower_skipped_by_nonpositive_upper=91
480,3,lp,upper,100,0,0.0,0.0,0,0,0,0,0,0,0,91,9,0,,interval_proves_cutoff=91;upper_skipped_by_nonnegative_interval_lower=9
481,0,lp,lower,9,9,0.0335235,0.032889604568481445,907,0,0,9,0,0,0,0,0,0,OPTIMAL=9,
481,0,lp,upper,9,9,0.028419501,0.02776503562927246,819,0,0,9,0,0,0,0,0,0,OPTIMAL=9,
481,1,interval_arithmetic,lower,3136,0,0.0,0.0,0,0,0,0,0,843,0,0,0,2293,,interval_arithmetic=843;lower_skipped_by_nonpositive_upper=2293
481,1,interval_arithmetic,upper,3136,0,0.0,0.0,0,0,0,0,0,3136,0,0,0,0,,interval_arithmetic=3136
481,2,lp,lower,1568,64,0.057319901,0.05482840538024902,581,0,0,64,0,0,0,628,0,876,OPTIMAL=64,interval_proves_cutoff=628;lower_skipped_by_nonpositive_upper=876
481,2,lp,upper,1568,64,0.06483320099999998,0.05694007873535156,619,0,0,64,0,0,0,876,628,0,OPTIMAL=64,interval_proves_cutoff=876;upper_skipped_by_nonnegative_interval_lower=628
481,3,lp,lower,100,1,0.0040027,0.00391840934753418,158,0,0,1,0,0,0,8,0,91,OPTIMAL=1,interval_proves_cutoff=8;lower_skipped_by_nonpositive_upper=91
481,3,lp,upper,100,1,0.0033197,0.0032188892364501953,139,0,0,1,0,0,0,91,8,0,OPTIMAL=1,interval_proves_cutoff=91;upper_skipped_by_nonnegative_interval_lower=8
482,0,lp,lower,9,9,0.0409446,0.04023432731628418,1179,0,0,9,0,0,0,0,0,0,OPTIMAL=9,
482,0,lp,upper,9,9,0.047691700999999996,0.04689335823059082,1249,0,0,9,0,0,0,0,0,0,OPTIMAL=9,
482,1,interval_arithmetic,lower,3136,0,0.0,0.0,0,0,0,0,0,903,0,0,0,2233,,interval_arithmetic=903;lower_skipped_by_nonpositive_upper=2233
482,1,interval_arithmetic,upper,3136,0,0.0,0.0,0,0,0,0,0,3136,0,0,0,0,,interval_arithmetic=3136
482,2,lp,lower,1568,82,0.09426630200000001,0.08937215805053711,862,0,0,82,0,0,0,654,0,832,OPTIMAL=82,interval_proves_cutoff=654;lower_skipped_by_nonpositive_upper=832
482,2,lp,upper,1568,85,0.12097100200000006,0.1068120002746582,975,0,0,85,0,0,0,829,654,0,OPTIMAL=85,interval_proves_cutoff=829;upper_skipped_by_nonnegative_interval_lower=654
482,3,lp,lower,100,1,0.0065405,0.006440401077270508,247,0,0,1,0,0,0,8,0,91,OPTIMAL=1,interval_proves_cutoff=8;lower_skipped_by_nonpositive_upper=91
482,3,lp,upper,100,1,0.0074018,0.007260799407958984,190,0,0,1,0,0,0,91,8,0,OPTIMAL=1,interval_proves_cutoff=91;upper_skipped_by_nonnegative_interval_lower=8
483,0,lp,lower,9,9,0.05286570000000001,0.052123069763183594,1261,0,0,9,0,0,0,0,0,0,OPTIMAL=9,
483,0,lp,upper,9,9,0.041521600000000006,0.04069232940673828,1144,0,0,9,0,0,0,0,0,0,OPTIMAL=9,
483,1,interval_arithmetic,lower,3136,0,0.0,0.0,0,0,0,0,0,885,0,0,0,2251,,interval_arithmetic=885;lower_skipped_by_nonpositive_upper=2251
483,1,interval_arithmetic,upper,3136,0,0.0,0.0,0,0,0,0,0,3136,0,0,0,0,,interval_arithmetic=3136
483,2,lp,lower,1568,82,0.080175302,0.07666277885437012,858,0,0,82,0,0,0,655,0,831,OPTIMAL=82,interval_proves_cutoff=655;lower_skipped_by_nonpositive_upper=831
483,2,lp,upper,1568,86,0.090895301,0.0817863941192627,1066,0,0,86,0,0,0,827,655,0,OPTIMAL=86,interval_proves_cutoff=827;upper_skipped_by_nonnegative_interval_lower=655
483,3,lp,lower,100,2,0.0063849,0.006245851516723633,222,0,0,2,0,0,0,6,0,92,OPTIMAL=2,interval_proves_cutoff=6;lower_skipped_by_nonpositive_upper=92
483,3,lp,upper,100,2,0.0078547,0.007658720016479492,276,0,0,2,0,0,0,92,6,0,OPTIMAL=2,interval_proves_cutoff=92;upper_skipped_by_nonnegative_interval_lower=6
484,0,lp,lower,9,9,0.034645300000000004,0.033957719802856445,1097,0,0,9,0,0,0,0,0,0,OPTIMAL=9,
484,0,lp,upper,9,9,0.038677899999999994,0.037981271743774414,1168,0,0,9,0,0,0,0,0,0,OPTIMAL=9,
484,1,interval_arithmetic,lower,3136,0,0.0,0.0,0,0,0,0,0,867,0,0,0,2269,,interval_arithmetic=867;lower_skipped_by_nonpositive_upper=2269
484,1,interval_arithmetic,upper,3136,0,0.0,0.0,0,0,0,0,0,3136,0,0,0,0,,interval_arithmetic=3136
484,2,lp,lower,1568,88,0.08429740099999997,0.08087849617004395,961,0,0,88,0,0,0,647,0,833,OPTIMAL=88,interval_proves_cutoff=647;lower_skipped_by_nonpositive_upper=833
484,2,lp,upper,1568,92,0.09842820100000006,0.08918523788452148,1225,0,0,92,0,0,0,829,647,0,OPTIMAL=92,interval_proves_cutoff=829;upper_skipped_by_nonnegative_interval_lower=647
484,3,lp,lower,100,0,0.0,0.0,0,0,0,0,0,0,0,9,0,91,,interval_proves_cutoff=9;lower_skipped_by_nonpositive_upper=91
484,3,lp,upper,100,0,0.0,0.0,0,0,0,0,0,0,0,91,9,0,,interval_proves_cutoff=91;upper_skipped_by_nonnegative_interval_lower=9
485,0,lp,lower,9,9,0.040343699999999996,0.03966927528381348,1139,0,0,9,0,0,0,0,0,0,OPTIMAL=9,
485,0,lp,upper,9,9,0.05370200099999999,0.053030967712402344,1338,0,0,9,0,0,0,0,0,0,OPTIMAL=9,
485,1,interval_arithmetic,lower,3136,0,0.0,0.0,0,0,0,0,0,891,0,0,0,2245,,interval_arithmetic=891;lower_skipped_by_nonpositive_upper=2245
485,1,interval_arithmetic,upper,3136,0,0.0,0.0,0,0,0,0,0,3136,0,0,0,0,,interval_arithmetic=3136
485,2,lp,lower,1568,68,0.067988002,0.06512928009033203,1123,0,0,68,0,0,0,664,0,836,OPTIMAL=68,interval_proves_cutoff=664;lower_skipped_by_nonpositive_upper=836
485,2,lp,upper,1568,73,0.08304339999999998,0.07448458671569824,1311,0,0,73,0,0,0,831,664,0,OPTIMAL=73,interval_proves_cutoff=831;upper_skipped_by_nonnegative_interval_lower=664
485,3,lp,lower,100,1,0.005233301,0.0051686763763427734,225,0,0,1,0,0,0,8,0,91,OPTIMAL=1,interval_proves_cutoff=8;lower_skipped_by_nonpositive_upper=91
485,3,lp,upper,100,1,0.0047837,0.004683732986450195,210,0,0,1,0,0,0,91,8,0,OPTIMAL=1,interval_proves_cutoff=91;upper_skipped_by_nonnegative_interval_lower=8
486,0,lp,lower,9,9,0.042437607,0.0417790412902832,1370,0,0,9,0,0,0,0,0,0,OPTIMAL=9,
486,0,lp,upper,9,9,0.03866280600000001,0.037941694259643555,1412,0,0,9,0,0,0,0,0,0,OPTIMAL=9,
486,1,interval_arithmetic,lower,3136,0,0.0,0.0,0,0,0,0,0,919,0,0,0,2217,,interval_arithmetic=919;lower_skipped_by_nonpositive_upper=2217
486,1,interval_arithmetic,upper,3136,0,0.0,0.0,0,0,0,0,0,3136,0,0,0,0,,interval_arithmetic=3136
486,2,lp,lower,1568,88,0.09140802000000005,0.08770275115966797,1440,0,0,88,0,0,0,668,0,812,OPTIMAL=88,interval_proves_cutoff=668;lower_skipped_by_nonpositive_upper=812
486,2,lp,upper,1568,98,0.11204901600000006,0.10219764709472656,1716,0,0,98,0,0,0,802,668,0,OPTIMAL=98,interval_proves_cutoff=802;upper_skipped_by_nonnegative_interval_lower=668
486,3,lp,lower,100,0,0.0,0.0,0,0,0,0,0,0,0,9,0,91,,interval_proves_cutoff=9;lower_skipped_by_nonpositive_upper=91
486,3,lp,upper,100,0,0.0,0.0,0,0,0,0,0,0,0,91,9,0,,interval_proves_cutoff=91;upper_skipped_by_nonnegative_interval_lower=9
487,0,lp,lower,9,9,0.04199740899999999,0.041303396224975586,1254,0,0,9,0,0,0,0,0,0,OPTIMAL=9,
487,0,lp,upper,9,9,0.040602609,0.039819955825805664,1364,0,0,9,0,0,0,0,0,0,OPTIMAL=9,
487,1,interval_arithmetic,lower,3136,0,0.0,0.0,0,0,0,0,0,926,0,0,0,2210,,interval_arithmetic=926;lower_skipped_by_nonpositive_upper=2210
487,1,interval_arithmetic,upper,3136,0,0.0,0.0,0,0,0,0,0,3136,0,0,0,0,,interval_arithmetic=3136
487,2,lp,lower,1568,89,0.09380731699999999,0.09042048454284668,1373,0,0,89,0,0,0,679,0,800,OPTIMAL=89,interval_proves_cutoff=679;lower_skipped_by_nonpositive_upper=800
487,2,lp,upper,1568,94,0.110167523,0.09980940818786621,1548,0,0,94,0,0,0,795,679,0,OPTIMAL=94,interval_proves_cutoff=795;upper_skipped_by_nonnegative_interval_lower=679
487,3,lp,lower,100,0,0.0,0.0,0,0,0,0,0,0,0,9,0,91,,interval_proves_cutoff=9;lower_skipped_by_nonpositive_upper=91
487,3,lp,upper,100,0,0.0,0.0,0,0,0,0,0,0,0,91,9,0,,interval_proves_cutoff=91;upper_skipped_by_nonnegative_interval_lower=9
488,0,lp,lower,9,9,0.062254013000000004,0.06142544746398926,1539,0,0,9,0,0,0,0,0,0,OPTIMAL=9,
488,0,lp,upper,9,9,0.058989812,0.058229923248291016,1472,0,0,9,0,0,0,0,0,0,OPTIMAL=9,
488,1,interval_arithmetic,lower,3136,0,0.0,0.0,0,0,0,0,0,917,0,0,0,2219,,interval_arithmetic=917;lower_skipped_by_nonpositive_upper=2219
488,1,interval_arithmetic,upper,3136,0,0.0,0.0,0,0,0,0,0,3136,0,0,0,0,,interval_arithmetic=3136
488,2,lp,lower,1568,89,0.08266661599999998,0.07921624183654785,1552,0,0,89,0,0,0,640,0,839,OPTIMAL=89,interval_proves_cutoff=640;lower_skipped_by_nonpositive_upper=839
488,2,lp,upper,1568,100,0.10523992400000003,0.09559345245361328,1859,0,0,100,0,0,0,828,640,0,OPTIMAL=100,interval_proves_cutoff=828;upper_skipped_by_nonnegative_interval_lower=640
488,3,lp,lower,100,1,0.006379201,0.0063130855560302734,248,0,0,1,0,0,0,8,0,91,OPTIMAL=1,interval_proves_cutoff=8;lower_skipped_by_nonpositive_upper=91
488,3,lp,upper,100,1,0.004409901,0.004309892654418945,201,0,0,1,0,0,0,91,8,0,OPTIMAL=1,interval_proves_cutoff=91;upper_skipped_by_nonnegative_interval_lower=8
489,0,lp,lower,9,9,0.043823509,0.04307723045349121,1255,0,0,9,0,0,0,0,0,0,OPTIMAL=9,
489,0,lp,upper,9,9,0.04978611,0.0489957332611084,1331,0,0,9,0,0,0,0,0,0,OPTIMAL=9,
489,1,interval_arithmetic,lower,3136,0,0.0,0.0,0,0,0,0,0,894,0,0,0,2242,,interval_arithmetic=894;lower_skipped_by_nonpositive_upper=2242
489,1,interval_arithmetic,upper,3136,0,0.0,0.0,0,0,0,0,0,3136,0,0,0,0,,interval_arithmetic=3136
489,2,lp,lower,1568,88,0.09169251800000001,0.08832240104675293,1732,0,0,88,0,0,0,655,0,825,OPTIMAL=88,interval_proves_cutoff=655;lower_skipped_by_nonpositive_upper=825
489,2,lp,upper,1568,92,0.10816722099999998,0.09897923469543457,1871,0,0,92,0,0,0,821,655,0,OPTIMAL=92,interval_proves_cutoff=821;upper_skipped_by_nonnegative_interval_lower=655
489,3,lp,lower,100,0,0.0,0.0,0,0,0,0,0,0,0,9,0,91,,interval_proves_cutoff=9;lower_skipped_by_nonpositive_upper=91
489,3,lp,upper,100,0,0.0,0.0,0,0,0,0,0,0,0,91,9,0,,interval_proves_cutoff=91;upper_skipped_by_nonnegative_interval_lower=9
490,0,lp,lower,9,9,0.029773005,0.029199600219726562,814,0,0,9,0,0,0,0,0,0,OPTIMAL=9,
490,0,lp,upper,9,9,0.035757308,0.035080909729003906,888,0,0,9,0,0,0,0,0,0,OPTIMAL=9,
490,1,interval_arithmetic,lower,3136,0,0.0,0.0,0,0,0,0,0,836,0,0,0,2300,,interval_arithmetic=836;lower_skipped_by_nonpositive_upper=2300
490,1,interval_arithmetic,upper,3136,0,0.0,0.0,0,0,0,0,0,3136,0,0,0,0,,interval_arithmetic=3136
490,2,lp,lower,1568,64,0.055565612,0.05311417579650879,408,0,0,64,0,0,0,632,0,872,OPTIMAL=64,interval_proves_cutoff=632;lower_skipped_by_nonpositive_upper=872
490,2,lp,upper,1568,67,0.067299318,0.059255361557006836,589,0,0,67,0,0,0,869,632,0,OPTIMAL=67,interval_proves_cutoff=869;upper_skipped_by_nonnegative_interval_lower=632
490,3,lp,lower,100,2,0.004559602,0.0044596195220947266,148,0,0,2,0,0,0,7,0,91,OPTIMAL=2,interval_proves_cutoff=7;lower_skipped_by_nonpositive_upper=91
490,3,lp,upper,100,2,0.005411202,0.005255699157714844,214,0,0,2,0,0,0,91,7,0,OPTIMAL=2,interval_proves_cutoff=91;upper_skipped_by_nonnegative_interval_lower=7
491,0,lp,lower,9,9,0.033766308,0.03303170204162598,1177,0,0,9,0,0,0,0,0,0,OPTIMAL=9,
491,0,lp,upper,9,9,0.036910208,0.03621673583984375,1238,0,0,9,0,0,0,0,0,0,OPTIMAL=9,
491,1,interval_arithmetic,lower,3136,0,0.0,0.0,0,0,0,0,0,908,0,0,0,2228,,interval_arithmetic=908;lower_skipped_by_nonpositive_upper=2228
491,1,interval_arithmetic,upper,3136,0,0.0,0.0,0,0,0,0,0,3136,0,0,0,0,,interval_arithmetic=3136
491,2,lp,lower,1568,86,0.08517781799999999,0.08173084259033203,1161,0,0,86,0,0,0,676,0,806,OPTIMAL=86,interval_proves_cutoff=676;lower_skipped_by_nonpositive_upper=806
491,2,lp,upper,1568,99,0.119531026,0.10891866683959961,1459,0,0,99,0,0,0,793,676,0,OPTIMAL=99,interval_proves_cutoff=793;upper_skipped_by_nonnegative_interval_lower=676
491,3,lp,lower,100,1,0.004579901,0.004517316818237305,234,0,0,1,0,0,0,8,0,91,OPTIMAL=1,interval_proves_cutoff=8;lower_skipped_by_nonpositive_upper=91
491,3,lp,upper,100,1,0.004094801,0.003998279571533203,179,0,0,1,0,0,0,91,8,0,OPTIMAL=1,interval_proves_cutoff=91;upper_skipped_by_nonnegative_interval_lower=8
492,0,lp,lower,9,9,0.07118250200000001,0.07017707824707031,1565,0,0,9,0,0,0,0,0,0,OPTIMAL=9,
492,0,lp,upper,9,9,0.075154607,0.07425665855407715,1671,0,0,9,0,0,0,0,0,0,OPTIMAL=9,
492,1,interval_arithmetic,lower,3136,0,0.0,0.0,0,0,0,0,0,906,0,0,0,2230,,interval_arithmetic=906;lower_skipped_by_nonpositive_upper=2230
492,1,interval_arithmetic,upper,3136,0,0.0,0.0,0,0,0,0,0,3136,0,0,0,0,,interval_arithmetic=3136
492,2,lp,lower,1568,96,0.10366831999999997,0.09967780113220215,1639,0,0,96,0,0,0,670,0,802,OPTIMAL=96,interval_proves_cutoff=670;lower_skipped_by_nonpositive_upper=802
492,2,lp,upper,1568,103,0.11894972600000002,0.10900092124938965,1887,0,0,103,0,0,0,795,670,0,OPTIMAL=103,interval_proves_cutoff=795;upper_skipped_by_nonnegative_interval_lower=670
492,3,lp,lower,100,1,0.007326902,0.007245302200317383,274,0,0,1,0,0,0,8,0,91,OPTIMAL=1,interval_proves_cutoff=8;lower_skipped_by_nonpositive_upper=91
492,3,lp,upper,100,1,0.005115501,0.004999399185180664,210,0,0,1,0,0,0,91,8,0,OPTIMAL=1,interval_proves_cutoff=91;upper_skipped_by_nonnegative_interval_lower=8
493,0,lp,lower,9,9,0.029930903999999998,0.029237031936645508,992,0,0,9,0,0,0,0,0,0,OPTIMAL=9,
493,0,lp,upper,9,9,0.027055001999999998,0.026390552520751953,984,0,0,9,0,0,0,0,0,0,OPTIMAL=9,
493,1,interval_arithmetic,lower,3136,0,0.0,0.0,0,0,0,0,0,916,0,0,0,2220,,interval_arithmetic=916;lower_skipped_by_nonpositive_upper=2220
493,1,interval_arithmetic,upper,3136,0,0.0,0.0,0,0,0,0,0,3136,0,0,0,0,,interval_arithmetic=3136
493,2,lp,lower,1568,75,0.072261805,0.06891083717346191,474,0,0,75,0,0,0,685,0,808,OPTIMAL=75,interval_proves_cutoff=685;lower_skipped_by_nonpositive_upper=808
493,2,lp,upper,1568,76,0.07678560800000002,0.06834697723388672,571,0,0,76,0,0,0,807,685,0,OPTIMAL=76,interval_proves_cutoff=807;upper_skipped_by_nonnegative_interval_lower=685
493,3,lp,lower,100,0,0.0,0.0,0,0,0,0,0,0,0,9,0,91,,interval_proves_cutoff=9;lower_skipped_by_nonpositive_upper=91
493,3,lp,upper,100,0,0.0,0.0,0,0,0,0,0,0,0,91,9,0,,interval_proves_cutoff=91;upper_skipped_by_nonnegative_interval_lower=9
494,0,lp,lower,9,9,0.09820730899999999,0.09737539291381836,2101,0,0,9,0,0,0,0,0,0,OPTIMAL=9,
494,0,lp,upper,9,9,0.109710611,0.10886263847351074,2376,0,0,9,0,0,0,0,0,0,OPTIMAL=9,
494,1,interval_arithmetic,lower,3136,0,0.0,0.0,0,0,0,0,0,981,0,0,0,2155,,interval_arithmetic=981;lower_skipped_by_nonpositive_upper=2155
494,1,interval_arithmetic,upper,3136,0,0.0,0.0,0,0,0,0,0,3136,0,0,0,0,,interval_arithmetic=3136
494,2,lp,lower,1568,108,0.11806511300000001,0.113555908203125,1504,0,0,108,0,0,0,697,0,763,OPTIMAL=108,interval_proves_cutoff=697;lower_skipped_by_nonpositive_upper=763
494,2,lp,upper,1568,112,0.137699215,0.12658143043518066,1828,0,0,112,0,0,0,759,697,0,OPTIMAL=112,interval_proves_cutoff=759;upper_skipped_by_nonnegative_interval_lower=697
494,3,lp,lower,100,2,0.010833201,0.010698080062866211,375,0,0,2,0,0,0,7,0,91,OPTIMAL=2,interval_proves_cutoff=7;lower_skipped_by_nonpositive_upper=91
494,3,lp,upper,100,2,0.010427500999999999,0.010233402252197266,449,0,0,2,0,0,0,91,7,0,OPTIMAL=2,interval_proves_cutoff=91;upper_skipped_by_nonnegative_interval_lower=7
495,0,lp,lower,9,9,0.067403409,0.06657958030700684,1511,0,0,9,0,0,0,0,0,0,OPTIMAL=9,
495,0,lp,upper,9,9,0.06698450500000001,0.0661766529083252,1485,0,0,9,0,0,0,0,0,0,OPTIMAL=9,
495,1,interval_arithmetic,lower,3136,0,0.0,0.0,0,0,0,0,0,909,0,0,0,2227,,interval_arithmetic=909;lower_skipped_by_nonpositive_upper=2227
495,1,interval_arithmetic,upper,3136,0,0.0,0.0,0,0,0,0,0,3136,0,0,0,0,,interval_arithmetic=3136
495,2,lp,lower,1568,99,0.09384630700000003,0.08969736099243164,970,0,0,99,0,0,0,642,0,827,OPTIMAL=99,interval_proves_cutoff=642;lower_skipped_by_nonpositive_upper=827
495,2,lp,upper,1568,99,0.10283250600000003,0.09349393844604492,1042,0,0,99,0,0,0,827,642,0,OPTIMAL=99,interval_proves_cutoff=827;upper_skipped_by_nonnegative_interval_lower=642
495,3,lp,lower,100,2,0.009602501999999999,0.009471654891967773,310,0,0,2,0,0,0,7,0,91,OPTIMAL=2,interval_proves_cutoff=7;lower_skipped_by_nonpositive_upper=91
495,3,lp,upper,100,2,0.0111172,0.010939359664916992,379,0,0,2,0,0,0,91,7,0,OPTIMAL=2,interval_proves_cutoff=91;upper_skipped_by_nonnegative_interval_lower=7
496,0,lp,lower,9,9,0.024825403,0.02423572540283203,941,0,0,9,0,0,0,0,0,0,OPTIMAL=9,
496,0,lp,upper,9,9,0.026709402,0.026023387908935547,963,0,0,9,0,0,0,0,0,0,OPTIMAL=9,
496,1,interval_arithmetic,lower,3136,0,0.0,0.0,0,0,0,0,0,974,0,0,0,2162,,interval_arithmetic=974;lower_skipped_by_nonpositive_upper=2162
496,1,interval_arithmetic,upper,3136,0,0.0,0.0,0,0,0,0,0,3136,0,0,0,0,,interval_arithmetic=3136
496,2,lp,lower,1568,73,0.07002750599999998,0.06719160079956055,857,0,0,73,0,0,0,673,0,822,OPTIMAL=73,interval_proves_cutoff=673;lower_skipped_by_nonpositive_upper=822
496,2,lp,upper,1568,84,0.095168508,0.0858767032623291,1150,0,0,84,0,0,0,811,673,0,OPTIMAL=84,interval_proves_cutoff=811;upper_skipped_by_nonnegative_interval_lower=673
496,3,lp,lower,100,0,0.0,0.0,0,0,0,0,0,0,0,9,0,91,,interval_proves_cutoff=9;lower_skipped_by_nonpositive_upper=91
496,3,lp,upper,100,0,0.0,0.0,0,0,0,0,0,0,0,91,9,0,,interval_proves_cutoff=91;upper_skipped_by_nonnegative_interval_lower=9
497,0,lp,lower,9,9,0.04293770399999999,0.04231619834899902,1227,0,0,9,0,0,0,0,0,0,OPTIMAL=9,
497,0,lp,upper,9,9,0.047648205,0.046914100646972656,1278,0,0,9,0,0,0,0,0,0,OPTIMAL=9,
497,1,interval_arithmetic,lower,3136,0,0.0,0.0,0,0,0,0,0,889,0,0,0,2247,,interval_arithmetic=889;lower_skipped_by_nonpositive_upper=2247
497,1,interval_arithmetic,upper,3136,0,0.0,0.0,0,0,0,0,0,3136,0,0,0,0,,interval_arithmetic=3136
497,2,lp,lower,1568,88,0.08635190999999998,0.0829470157623291,1525,0,0,88,0,0,0,642,0,838,OPTIMAL=88,interval_proves_cutoff=642;lower_skipped_by_nonpositive_upper=838
497,2,lp,upper,1568,93,0.10195581200000003,0.09249424934387207,1511,0,0,93,0,0,0,833,642,0,OPTIMAL=93,interval_proves_cutoff=833;upper_skipped_by_nonnegative_interval_lower=642
497,3,lp,lower,100,2,0.0097817,0.009664297103881836,256,0,0,2,0,0,0,7,0,91,OPTIMAL=2,interval_proves_cutoff=7;lower_skipped_by_nonpositive_upper=91
497,3,lp,upper,100,2,0.009277801,0.009114265441894531,329,0,0,2,0,0,0,91,7,0,OPTIMAL=2,interval_proves_cutoff=91;upper_skipped_by_nonnegative_interval_lower=7
498,0,lp,lower,9,9,0.039603903,0.03874707221984863,953,0,0,9,0,0,0,0,0,0,OPTIMAL=9,
498,0,lp,upper,9,9,0.040216004,0.039510488510131836,1007,0,0,9,0,0,0,0,0,0,OPTIMAL=9,
498,1,interval_arithmetic,lower,3136,0,0.0,0.0,0,0,0,0,0,877,0,0,0,2259,,interval_arithmetic=877;lower_skipped_by_nonpositive_upper=2259
498,1,interval_arithmetic,upper,3136,0,0.0,0.0,0,0,0,0,0,3136,0,0,0,0,,interval_arithmetic=3136
498,2,lp,lower,1568,66,0.059708704999999994,0.05710792541503906,677,0,0,66,0,0,0,642,0,860,OPTIMAL=66,interval_proves_cutoff=642;lower_skipped_by_nonpositive_upper=860
498,2,lp,upper,1568,67,0.06794020499999996,0.05938124656677246,730,0,0,67,0,0,0,859,642,0,OPTIMAL=67,interval_proves_cutoff=859;upper_skipped_by_nonnegative_interval_lower=642
498,3,lp,lower,100,1,0.0041839,0.0039310455322265625,177,0,0,1,0,0,0,8,0,91,OPTIMAL=1,interval_proves_cutoff=8;lower_skipped_by_nonpositive_upper=91
498,3,lp,upper,100,1,0.003151801,0.002986431121826172,156,0,0,1,0,0,0,91,8,0,OPTIMAL=1,interval_proves_cutoff=91;upper_skipped_by_nonnegative_interval_lower=8
499,0,lp,lower,9,9,0.062108405000000005,0.06132149696350098,1656,0,0,9,0,0,0,0,0,0,OPTIMAL=9,
499,0,lp,upper,9,9,0.06023080200000001,0.05945467948913574,1508,0,0,9,0,0,0,0,0,0,OPTIMAL=9,
499,1,interval_arithmetic,lower,3136,0,0.0,0.0,0,0,0,0,0,918,0,0,0,2218,,interval_arithmetic=918;lower_skipped_by_nonpositive_upper=2218
499,1,interval_arithmetic,upper,3136,0,0.0,0.0,0,0,0,0,0,3136,0,0,0,0,,interval_arithmetic=3136
499,2,lp,lower,1568,88,0.08742640200000003,0.08405017852783203,1291,0,0,88,0,0,0,667,0,813,OPTIMAL=88,interval_proves_cutoff=667;lower_skipped_by_nonpositive_upper=813
499,2,lp,upper,1568,93,0.105450606,0.0954446792602539,1498,0,0,93,0,0,0,808,667,0,OPTIMAL=93,interval_proves_cutoff=808;upper_skipped_by_nonnegative_interval_lower=667
499,3,lp,lower,100,1,0.0065601,0.0064890384674072266,259,0,0,1,0,0,0,8,0,91,OPTIMAL=1,interval_proves_cutoff=8;lower_skipped_by_nonpositive_upper=91
499,3,lp,upper,100,1,0.0049408,0.004836320877075195,216,0,0,1,0,0,0,91,8,0,OPTIMAL=1,interval_proves_cutoff=91;upper_skipped_by_nonnegative_interval_lower=8
500,0,lp,lower,9,9,0.030971799999999994,0.030348777770996094,1022,0,0,9,0,0,0,0,0,0,OPTIMAL=9,
500,0,lp,upper,9,9,0.033164101,0.03240227699279785,1060,0,0,9,0,0,0,0,0,0,OPTIMAL=9,
500,1,interval_arithmetic,lower,3136,0,0.0,0.0,0,0,0,0,0,874,0,0,0,2262,,interval_arithmetic=874;lower_skipped_by_nonpositive_upper=2262
500,1,interval_arithmetic,upper,3136,0,0.0,0.0,0,0,0,0,0,3136,0,0,0,0,,interval_arithmetic=3136
500,2,lp,lower,1568,68,0.06482820200000003,0.06215524673461914,1018,0,0,68,0,0,0,644,0,856,OPTIMAL=68,interval_proves_cutoff=644;lower_skipped_by_nonpositive_upper=856
500,2,lp,upper,1568,69,0.07245350200000002,0.0640556812286377,1186,0,0,69,0,0,0,855,644,0,OPTIMAL=69,interval_proves_cutoff=855;upper_skipped_by_nonnegative_interval_lower=644
500,3,lp,lower,100,0,0.0,0.0,0,0,0,0,0,0,0,9,0,91,,interval_proves_cutoff=9;lower_skipped_by_nonpositive_upper=91
500,3,lp,upper,100,0,0.0,0.0,0,0,0,0,0,0,0,91,9,0,,interval_proves_cutoff=91;upper_skipped_by_nonnegative_interval_lower=9
