sample_index,solve_status,semantic_outcome,adversarial_example_objective,witness_available,witness_target_verified,witness_perturbation_verified,witness_verified,witness_margin,witness_output,perturbed_input_value,total_time_seconds,solve_time_seconds,objective_value,objective_bound,formulation_time_seconds,bound_tightening_time_seconds,bound_solver_wall_time_seconds,bound_solver_reported_time_seconds,formulation_excluding_bound_solver_time_seconds,formulation_residual_time_seconds,main_solve_wall_time_seconds,bound_request_count,bound_solver_call_count,bound_optimal_count,bound_time_limit_count,bound_interval_arithmetic_count,bound_constant_expression_count,bound_interval_cutoff_count,bound_upper_skipped_count,bound_lower_skipped_count,bound_simplex_iterations,bound_barrier_iterations,bound_node_count,relu_layer_count,relu_total_count,relu_stable_count,relu_unstable_count,relu_zero_output_count,relu_linear_in_input_count,relu_constant_output_count,num_variables,num_binary_variables,num_structural_constraints,num_total_constraints,main_node_count,main_simplex_iterations,main_barrier_iterations,main_relative_gap
1,INFEASIBLE,certified_no_adversarial_example,feasibility,false,false,false,false,,,,17.736094847,0.040685176849365234,0.0,0.0,15.764110978,4.807536023999999,1.268305232,0.3193247318267822,14.495805746,10.956574954,0.085177842,9626,197,197,0,4023,0,1575,645,3186,6081,0,0,3,4804,4689,115,3186,1503,0,1801,117,1250,4735,,639,0,
2,INFEASIBLE,certified_no_adversarial_example,feasibility,false,false,false,false,,,,0.765494022,0.03149008750915527,0.0,0.0,0.718094269,0.388051245,0.24444664100000002,0.23106718063354492,0.47364762799999993,0.33004302399999996,0.044112098,9626,177,177,0,4059,0,1586,696,3108,4152,0,0,3,4804,4690,114,3108,1582,0,1800,117,1248,4731,,592,0,
3,INFEASIBLE,certified_no_adversarial_example,feasibility,false,false,false,false,,,,0.690924009,0.029128313064575195,0.0,0.0,0.647522658,0.372239208,0.23626251699999995,0.22389769554138184,0.411260141,0.27528345,0.04020697,9626,166,166,0,3974,0,1592,623,3271,3824,0,0,3,4804,4725,79,3271,1454,0,1730,82,1108,4486,,546,0,
4,INFEASIBLE,certified_no_adversarial_example,feasibility,false,false,false,false,,,,0.720620315,0.029535293579101562,0.0,0.0,0.675799085,0.391864408,0.24633574,0.23297500610351562,0.42946334499999994,0.28393467699999997,0.041728749,9626,169,169,0,4089,0,1591,686,3091,4601,0,0,3,4804,4691,113,3091,1600,0,1797,115,1242,4721,,597,0,
5,INFEASIBLE,certified_no_adversarial_example,feasibility,false,false,false,false,,,,0.832487851,0.031812191009521484,0.0,0.0,0.783990821,0.505239651,0.34038909600000006,0.3240842819213867,0.4436017249999999,0.27875116999999994,0.045380273,9626,248,248,0,4033,0,1546,660,3139,5550,0,0,3,4804,4676,128,3139,1537,0,1824,128,1297,4817,,588,0,
6,INFEASIBLE,certified_no_adversarial_example,feasibility,false,false,false,false,,,,0.638964007,0.018605947494506836,0.0,0.0,0.60687153,0.334316296,0.20378568600000002,0.19258546829223633,0.403085844,0.27255523400000004,0.029006168,9626,143,143,0,3993,0,1604,639,3247,3499,0,0,3,4804,4724,80,3247,1477,0,1731,82,1110,4490,,422,0,
7,INFEASIBLE,certified_no_adversarial_example,feasibility,false,false,false,false,,,,0.924426978,0.06029915809631348,0.0,0.0,0.846939599,0.558059452,0.375518179,0.35956859588623047,0.47142142000000004,0.2888801470000001,0.074393816,9626,245,245,0,4041,0,1551,646,3143,6453,0,0,3,4804,4663,141,3143,1520,0,1853,143,1354,4917,,855,0,
8,INFEASIBLE,certified_no_adversarial_example,feasibility,false,false,false,false,,,,0.743235317,0.0397944450378418,0.0,0.0,0.687747201,0.406102926,0.26365943299999994,0.24999117851257324,0.42408776800000003,0.281644275,0.05236615,9626,182,182,0,4029,0,1584,651,3180,4757,0,0,3,4804,4688,116,3180,1508,0,1800,116,1249,4733,,765,0,
9,OPTIMAL,adversarial_example_found_or_best_known,feasibility,true,true,true,true,-1.3322676295501878e-14,-9.004767828749968;-29.326531494895512;-13.306771782013477;-11.065804407836179;-10.745773065985743;3.938935975122104;3.9389359751220905;-20.10201593315005;-1.9038875915270292;-7.008066057722658,0.0;0.1;0.1;0.0;0.0;0.0;0.1;0.0;0.0;0.1;0.1;0.1;0.1;0.1;0.1;0.0;0.0;0.1;0.1;0.1;0.1;0.0;0.1;0.1;0.1;0.0;0.0;0.1;0.0;0.1;0.0;0.0;0.0;0.1;0.1;0.0;0.1;0.1;0.1;0.1;0.1;0.0;0.0;0.0;0.0;0.0;0.1;0.1;0.1;0.1;0.1;0.1;0.1;0.0;0.0;0.1;0.0;0.1;0.1;0.0;0.0;0.1;0.1;0.0;0.0;0.1;0.1;0.1;0.1;0.1;0.1;0.0;0.0;0.0;0.0;0.1;0.1;0.0;0.1;0.1;0.0;0.0;0.0;0.1;0.0;0.0;0.0;0.0;0.0;0.0;0.1;0.0;0.1;0.0;0.1;0.1;0.1;0.1;0.0;0.1;0.1;0.0;0.1;0.1;0.1;0.0;0.1;0.1;0.0;0.0;0.0;0.1;0.0;0.1;0.1;0.0;0.0;0.1;0.1;0.0;0.1;0.1;0.1;0.1;0.1;0.1;0.1;0.1;0.1;0.0;0.0;0.1;0.1;0.1;0.1;0.1;0.1;0.0;0.0;0.1;0.0;0.0;0.0;0.1;0.1;0.1;0.1;0.1;0.1;0.0;0.0;0.0;0.4607843137254902;0.6882352941176471;0.8176470588235294;1.0;0.6450980392156862;0.11176470588235295;0.1;0.0;0.1;0.1;0.1;0.1;0.08775077659793121;0.1;0.0;0.0;0.0;0.0;0.0;0.0;0.0;0.1;0.1;0.1;0.1;0.1;0.0;0.42156862745098045;1.0;1.0;0.8921568627450981;1.0;1.0;0.10784313725490197;0.0;0.1;0.1;0.1;0.1;0.1;0.1;0.0;0.0;0.0;0.0;0.0;0.0;0.0;0.0;0.1;0.1;0.1;0.1;0.14313725490196078;0.6966408411467243;0.8921568627450981;0.8847899535153554;0.7823529411764706;0.873464186365967;0.8921568627450981;0.8921568627450981;0.7549019607843137;0.1;0.1;0.1;0.1;0.1;0.0;0.1;0.1;0.1;0.0;0.0;0.0;0.0;0.1;0.0;0.1;0.1;0.1;0.1784313725490196;0.907843137254902;0.8921568627450981;1.0;0.20980392156862746;0.1;0.5980392156862745;1.0;0.8921568627450981;0.9705882352941176;0.1;0.1;0.1;0.1;0.1;0.0;0.0;0.1;0.1;0.0;0.0;0.0;0.0;0.0;0.0;0.0;0.1;0.1;0.4176470588235295;0.8921568627450981;0.6176470588235294;0.1588235294117647;0.1;0.1;0.29215686274509806;0.884313725490196;1.0;0.884313725490196;0.36274509803921573;0.0;0.1;0.0;0.1;0.1;0.1;0.1;0.1;0.0;0.0;0.1;0.1;0.1;0.1;0.0;0.0;0.1;0.18235294117647058;0.2058823529411765;0.10105324454505789;0.0;0.0;0.1;0.1;0.676470588235294;0.8921568627450981;1.0;0.38235294117647056;0.1;0.1;0.1;0.1;0.1;0.1;0.1;0.1;0.0;0.1;0.1;0.1;0.1;0.1;0.1;0.0;0.1;0.0;0.0;0.1;0.0;0.1;0.0;0.1;0.45686274509803926;0.8921568627450981;1.0;0.8685218179717791;0.5705882352941176;0.296078431372549;0.10215776805659173;0.1;0.1;0.0;0.0;0.0;0.1;0.0;0.0;0.1;0.1;0.0;0.1;0.1047522991897096;0.34705882352941175;0.12352941176470589;0.0;0.0;0.0;0.0;0.1;0.1;0.5745098039215686;1.0;0.8921568627450981;1.0;1.0;0.9503028079934864;0.7549019607843137;0.10160479258848758;0.1;0.1;0.0;0.0;0.0;0.0;0.0;0.1;0.0;0.1;0.1;0.45686274509803926;0.8921568627450981;0.8793330364392575;0.22549019607843138;0.1;0.1;0.1;0.1;0.0;0.43333333333333335;0.8921568627450981;0.8921568627450981;0.8921568627450981;1.0;1.0;1.0;0.8058823529411765;0.1;0.0;0.1;0.0;0.0;0.0;0.1;0.1;0.1;0.1;0.1;1.0;1.0;0.7901960784313725;0.0;0.0;0.1;0.1;0.0;0.0;0.2647058823529412;0.8921568627450981;1.0;0.8921568627450981;0.696078431372549;1.0;0.8921568627450981;0.9271724563831271;0.4647058823529412;0.1;0.0;0.0;0.0;0.1;0.1;0.0;0.0;0.1;0.3232935073728597;1.0;1.0;0.8333333333333334;0.16941128058117144;0.1;0.0;0.1;0.1;0.0;0.20662940452318002;0.8921568627450981;1.0;1.0;0.104003629667849;0.6372549019607844;1.0;1.0;0.48431372549019613;0.0;0.1;0.0;0.0;0.0;0.1;0.1;0.1;0.1;0.5;1.0;1.0;0.5588235294117647;0.09311475534057691;0.0;0.0;0.0;0.1;0.0;0.43333333333333335;1.0;0.8921568627450981;0.8921568627450981;0.7431372549019608;0.8882352941176471;1.0;0.7666666666666667;0.18627450980392157;0.1;0.0;0.0;0.0;0.0;0.0;0.1;0.0;0.16666666666666669;0.9509803921568627;1.0;1.0;0.38627450980392153;0.0;0.0;0.1;0.1;0.0;0.0;0.20980392156862746;1.0;0.8921568627450981;1.0;1.0;1.0;1.0;0.6019607843137255;0.1;0.1;0.1;0.0;0.1;0.0;0.1;0.1;0.1;0.28431372549019607;0.8921568627450981;1.0;1.0;0.17058823529411762;0.0;0.0;0.0;0.0;0.1;0.0;0.1;0.7588235294117647;1.0;1.0;1.0;1.0;0.7271653222451856;0.0;0.1;0.1;0.0;0.0;0.0;0.0;0.0;0.1;0.1;0.28431372549019607;1.0;1.0;1.0;0.10372219614762378;0.1;0.0;0.1;0.0;0.0;0.1;0.1;0.1;0.5862745098039216;0.5862745098039216;0.6792991198939771;0.5798544646783862;0.14313725490196078;0.1;0.1;0.0;0.1;0.0;0.1;0.0;0.0;0.1;0.1;0.28431372549019607;0.8921568627450981;1.0;0.9352941176470588;0.14313725490196078;0.0;0.0;0.1;0.0;0.0;0.1;0.1;0.1;0.0;0.09978049174570795;0.0;0.1;0.0;0.0;0.1;0.1;0.1;0.066936556417247;0.0;0.0;0.1;0.0;0.0;0.1627450980392157;0.7931005487025489;1.0;0.5666666666666667;0.0;0.1;0.0;0.0;0.1;0.0;0.1;0.1;0.1;0.1;0.1;0.0;0.0;0.0;0.1;0.0;0.1;0.1;0.0;0.1;0.0;0.1;0.1;0.1;0.40588235294117647;0.8647058823529412;1.0;0.7666666666666666;0.09925747169511667;0.1;0.1;0.0;0.0;0.0;0.1;0.1;0.1;0.1;0.1;0.0;0.0;0.0;0.0;0.1;0.1;0.1;0.1;0.1;0.1;0.0;0.1;0.1;0.43333333333333335;0.8921568627450981;0.8921568627450981;0.5666666666666667;0.1;0.0;0.1;0.0;0.0;0.0;0.1;0.1;0.1;0.1;0.1;0.029473205614586787;0.1;0.0;0.1;0.0;0.1;0.1;0.1;0.1;0.0;0.0;0.0;0.1;0.09667648307152406;1.0;0.8921568627450981;0.7666666666666666;0.1;0.0;0.1;0.0;0.0;0.1;0.1;0.1;0.1;0.1;0.1;0.1;0.1;0.0;0.0;0.0;0.1;0.1;0.1;0.1;0.0;0.0;0.10000000000000014;0.0;0.1;0.1;0.1;0.1;0.1;0.1;0.0;0.0;0.0;0.0;0.1;0.0;0.1;0.1;0.1;0.1;0.0;0.1;0.07477278127639349;0.0;0.1;0.0;0.1;0.1;0.0;0.0;0.0;0.0;0.1;0.1;0.09846637022738554;0.1;0.1;0.0;0.0;0.1;0.0;0.1;0.1;0.1;0.1;0.1;0.1;0.0;0.0;0.0;0.0;0.0;0.0;0.1;0.1;0.1;0.1;0.1;0.1;0.1;0.1;0.0;0.1;0.1;0.1;0.0;0.0;0.0;0.0;0.0;0.1;0.0;0.0;0.1;0.1;0.1;0.0;0.1;0.0;0.1;0.0;0.0;0.0;0.0,5.280363973,3.8204760551452637,0.0,0.0,0.738841097,0.449847078,0.29522448599999995,0.28004026412963867,0.44361661100000005,0.288994019,3.833604494,9626,204,204,0,4072,0,1574,684,3092,5293,0,0,3,4804,4666,138,3092,1574,0,1844,138,1337,4887,1,42062,,0.0
10,INFEASIBLE,certified_no_adversarial_example,feasibility,false,false,false,false,,,,0.982587804,0.0496058464050293,0.0,0.0,0.915667777,0.5712770280000001,0.39941811699999996,0.3828089237213135,0.51624966,0.3443907489999999,0.063526861,9626,244,244,0,4076,0,1552,655,3099,7880,0,0,3,4804,4654,150,3099,1555,0,1871,152,1390,4980,,712,0,
11,INFEASIBLE,certified_no_adversarial_example,feasibility,false,false,false,false,,,,1.148650622,0.028717994689941406,0.0,0.0,1.103404593,0.473293446,0.315473542,0.30046534538269043,0.787931051,0.630111147,0.042122258,9626,220,220,0,4068,0,1560,679,3099,5263,0,0,3,4804,4682,122,3099,1583,0,1816,125,1280,4787,,528,0,
12,INFEASIBLE,certified_no_adversarial_example,feasibility,false,false,false,false,,,,1.241607625,0.06473493576049805,0.0,0.0,1.155193709,0.8306342520000001,0.6232897700000003,0.603203296661377,0.5319039389999997,0.3245594569999999,0.083302658,9626,337,337,0,4078,0,1504,656,3051,10573,0,0,3,4804,4610,194,3051,1559,0,1961,198,1570,5294,,739,0,
13,INFEASIBLE,certified_no_adversarial_example,feasibility,false,false,false,false,,,,0.875203566,0.04100298881530762,0.0,0.0,0.817973662,0.531916013,0.3264686339999999,0.3107295036315918,0.49150502800000007,0.28605764899999997,0.054142713,9626,219,219,0,4036,0,1565,655,3151,5785,0,0,3,4804,4681,123,3151,1530,0,1819,127,1286,4797,,638,0,
14,INFEASIBLE,certified_no_adversarial_example,feasibility,false,false,false,false,,,,0.883247837,0.030062437057495117,0.0,0.0,0.835854278,0.5204975869999999,0.35381763599999994,0.3378899097442627,0.48203664200000007,0.3153566910000001,0.04432881,9626,227,227,0,4076,0,1561,683,3079,6620,0,0,3,4804,4659,145,3079,1580,0,1863,149,1374,4951,,516,0,
15,INFEASIBLE,certified_no_adversarial_example,feasibility,false,false,false,false,,,,0.48120311,0.011735677719116211,0.0,0.0,0.457782335,0.21085361400000002,0.103824645,0.0943458080291748,0.35395769,0.24692872099999996,0.020370432,9626,96,96,0,3986,0,1628,661,3255,1339,0,0,3,4804,4757,47,3255,1502,0,1662,47,973,4250,,404,0,
16,INFEASIBLE,certified_no_adversarial_example,feasibility,false,false,false,false,,,,0.994151486,0.04047966003417969,0.0,0.0,0.926823963,0.622748787,0.4349001410000001,0.41757798194885254,0.49192382199999996,0.304075176,0.064209816,9626,270,270,0,4050,0,1536,700,3070,7916,0,0,3,4804,4648,156,3070,1578,0,1880,156,1409,5013,,653,0,
17,INFEASIBLE,certified_no_adversarial_example,feasibility,false,false,false,false,,,,0.854954179,0.04145407676696777,0.0,0.0,0.796637618,0.514484659,0.343211713,0.32805776596069336,0.453425905,0.28215295900000004,0.055194736,9626,213,213,0,4052,0,1565,660,3136,6908,0,0,3,4804,4676,128,3136,1540,0,1828,131,1304,4829,,664,0,
18,INFEASIBLE,certified_no_adversarial_example,feasibility,false,false,false,false,,,,0.667705333,0.019568681716918945,0.0,0.0,0.632797997,0.346454819,0.21929106399999998,0.20672178268432617,0.41350693299999997,0.2863431779999999,0.031762007,9626,152,152,0,4038,0,1600,672,3164,3983,0,0,3,4804,4698,106,3164,1534,0,1780,106,1209,4663,,470,0,
19,TIME_LIMIT,time_limit_unresolved,feasibility,false,false,false,false,,,,120.943141101,120.00907444953918,,0.0,0.916125524,0.5986214970000001,0.438194074,0.4200778007507324,0.47793145000000004,0.3175040269999999,120.023938094,9626,267,267,0,4102,0,1540,691,3026,7519,0,0,3,4804,4633,171,3026,1607,0,1913,173,1474,5127,0,2611577,,
20,INFEASIBLE,certified_no_adversarial_example,feasibility,false,false,false,false,,,,1.053843373,0.04746651649475098,0.0,0.0,0.987913977,0.623183381,0.444573683,0.42643046379089355,0.5433402940000001,0.364730596,0.062790157,9626,296,296,0,4021,0,1526,639,3144,7197,0,0,3,4804,4639,165,3144,1495,0,1898,165,1445,5076,,754,0,
21,INFEASIBLE,certified_no_adversarial_example,feasibility,false,false,false,false,,,,1.100158171,0.030392169952392578,0.0,0.0,1.054419319,0.7793434739999999,0.292993263,0.2801980972290039,0.7614260559999999,0.27507584500000004,0.042672287,9626,162,162,0,4052,0,1595,664,3153,5127,0,0,3,4804,4695,109,3153,1542,0,1790,112,1228,4696,,549,0,
22,INFEASIBLE,certified_no_adversarial_example,feasibility,false,false,false,false,,,,0.830464637,0.031123876571655273,0.0,0.0,0.782946714,0.505708954,0.3304753710000001,0.31710267066955566,0.45247134299999997,0.27723776,0.044421513,9626,180,180,0,4041,0,1586,673,3146,6377,0,0,3,4804,4687,117,3146,1541,0,1802,117,1253,4740,,558,0,
23,INFEASIBLE,certified_no_adversarial_example,feasibility,false,false,false,false,,,,0.962268989,0.04068183898925781,0.0,0.0,0.90451775,0.5886190840000001,0.420497825,0.4040043354034424,0.484019925,0.31589866599999994,0.054688942,9626,255,255,0,4047,0,1546,670,3108,6207,0,0,3,4804,4662,142,3108,1554,0,1857,146,1362,4930,,551,0,
24,INFEASIBLE,certified_no_adversarial_example,feasibility,false,false,false,false,,,,0.846317246,0.026964187622070312,0.0,0.0,0.80301513,0.494473097,0.33589474599999997,0.3206813335418701,0.46712038400000006,0.30854203300000005,0.040182833,9626,208,208,0,4045,0,1571,678,3124,6447,0,0,3,4804,4668,136,3124,1544,0,1844,139,1336,4885,,511,0,
25,INFEASIBLE,certified_no_adversarial_example,feasibility,false,false,false,false,,,,0.867009944,0.038446903228759766,0.0,0.0,0.812088733,0.5136287390000001,0.35755153,0.34202098846435547,0.45453720299999995,0.2984599939999999,0.051860638,9626,226,226,0,4011,0,1560,665,3164,6499,0,0,3,4804,4670,134,3164,1506,0,1839,136,1326,4868,,639,0,
26,INFEASIBLE,certified_no_adversarial_example,feasibility,false,false,false,false,,,,0.813416538,0.029721736907958984,0.0,0.0,0.766761167,0.462245271,0.30580148600000007,0.2903296947479248,0.4609596809999999,0.30451589599999995,0.04353786,9626,218,218,0,4145,0,1563,715,2985,5002,0,0,3,4804,4667,137,2985,1682,0,1842,137,1333,4880,,598,0,
27,INFEASIBLE,certified_no_adversarial_example,feasibility,false,false,false,false,,,,0.753499169,0.03197193145751953,0.0,0.0,0.706279245,0.432166226,0.28141764999999996,0.26705050468444824,0.4248615950000001,0.27411301900000007,0.044086634,9626,204,204,0,4006,0,1573,662,3181,4748,0,0,3,4804,4691,113,3181,1510,0,1794,113,1237,4712,,641,0,
28,INFEASIBLE,certified_no_adversarial_example,feasibility,false,false,false,false,,,,0.702895208,0.03166055679321289,0.0,0.0,0.655899251,0.3715595,0.232635586,0.21984553337097168,0.423263665,0.28433975100000003,0.043904574,9626,166,166,0,4023,0,1593,674,3170,3629,0,0,3,4804,4709,95,3170,1539,0,1758,95,1165,4586,,660,0,
29,INFEASIBLE,certified_no_adversarial_example,feasibility,false,false,false,false,,,,0.835337332,0.03349018096923828,0.0,0.0,0.783663472,0.47287275900000003,0.326041461,0.31059813499450684,0.457622011,0.31079071299999994,0.048586386,9626,216,216,0,4088,0,1568,691,3063,5390,0,0,3,4804,4661,143,3063,1598,0,1858,146,1364,4934,,606,0,
30,INFEASIBLE,certified_no_adversarial_example,feasibility,false,false,false,false,,,,0.982805168,0.01743769645690918,0.0,0.0,0.952181337,0.31168164600000003,0.18791101899999998,0.17549943923950195,0.764270318,0.6404996909999999,0.027499248,9626,156,156,0,3985,0,1597,638,3250,2763,0,0,3,4804,4728,76,3250,1478,0,1720,76,1089,4453,,454,0,
31,INFEASIBLE,certified_no_adversarial_example,feasibility,false,false,false,false,,,,0.694426287,0.02645254135131836,0.0,0.0,0.652500225,0.376889923,0.24365744899999997,0.23023414611816406,0.4088427760000001,0.27561030200000003,0.038830683,9626,174,174,0,4040,0,1589,665,3158,4197,0,0,3,4804,4696,108,3158,1538,0,1787,110,1222,4686,,519,0,
32,INFEASIBLE,certified_no_adversarial_example,feasibility,false,false,false,false,,,,0.539163498,0.017497539520263672,0.0,0.0,0.508505944,0.24855018699999998,0.133289108,0.1231391429901123,0.37521683600000005,0.25995575700000007,0.027317278,9626,110,110,0,3971,0,1621,646,3278,1914,0,0,3,4804,4746,58,3278,1468,0,1684,58,1017,4327,,496,0,
33,INFEASIBLE,certified_no_adversarial_example,feasibility,false,false,false,false,,,,0.751049987,0.022094011306762695,0.0,0.0,0.714468153,0.41229192400000003,0.265565297,0.2516322135925293,0.448902856,0.30217622899999996,0.033509899,9626,182,182,0,4054,0,1580,687,3123,4904,0,0,3,4804,4696,108,3123,1573,0,1784,108,1217,4677,,505,0,
34,INFEASIBLE,certified_no_adversarial_example,feasibility,false,false,false,false,,,,1.081154015,0.20289230346679688,0.0,0.0,0.859806563,0.5611747039999999,0.394588309,0.37769365310668945,0.465218254,0.2986318590000001,0.218254737,9626,255,255,0,4053,0,1547,681,3090,6879,0,0,3,4804,4642,162,3090,1552,0,1895,164,1438,5064,,834,0,
35,INFEASIBLE,certified_no_adversarial_example,feasibility,false,false,false,false,,,,0.751936009,0.03886818885803223,0.0,0.0,0.697458585,0.408475277,0.254679031,0.24184226989746094,0.442779554,0.288983308,0.051337692,9626,165,165,0,4047,0,1593,679,3142,4721,0,0,3,4804,4695,109,3142,1553,0,1790,112,1228,4696,,775,0,
36,INFEASIBLE,certified_no_adversarial_example,feasibility,false,false,false,false,,,,0.884228763,0.029871463775634766,0.0,0.0,0.836967601,0.52909132,0.36631229299999996,0.3497958183288574,0.47065530800000005,0.307876281,0.044154454,9626,225,225,0,4078,0,1561,691,3071,6618,0,0,3,4804,4658,146,3071,1587,0,1864,149,1376,4955,,530,0,
37,INFEASIBLE,certified_no_adversarial_example,feasibility,false,false,false,false,,,,0.820304914,0.06125473976135254,0.0,0.0,0.743334383,0.451817397,0.291953664,0.2777829170227051,0.451380719,0.291516986,0.073870504,9626,187,187,0,4039,0,1583,686,3131,5392,0,0,3,4804,4682,122,3131,1551,0,1816,125,1280,4787,,1018,0,
38,INFEASIBLE,certified_no_adversarial_example,feasibility,false,false,false,false,,,,0.713817856,0.02327752113342285,0.0,0.0,0.675832227,0.41536849,0.26810401799999994,0.2556424140930176,0.40772820900000006,0.26046373700000003,0.034853521,9626,156,156,0,3996,0,1597,646,3231,4673,0,0,3,4804,4716,88,3231,1485,0,1747,90,1142,4546,,474,0,
39,INFEASIBLE,certified_no_adversarial_example,feasibility,false,false,false,false,,,,0.852212136,0.05279183387756348,0.0,0.0,0.782670713,0.497174978,0.34022490799999994,0.324901819229126,0.4424458050000001,0.28549573500000003,0.066444241,9626,207,207,0,4037,0,1573,673,3136,6994,0,0,3,4804,4664,140,3136,1528,0,1852,143,1352,4913,,783,0,
40,INFEASIBLE,certified_no_adversarial_example,feasibility,false,false,false,false,,,,0.70348158,0.023697853088378906,0.0,0.0,0.665165796,0.40098173699999995,0.25037613999999997,0.2374734878540039,0.41478965600000006,0.2641840590000001,0.03525988,9626,161,161,0,4012,0,1596,644,3213,4879,0,0,3,4804,4702,102,3213,1489,0,1772,102,1193,4635,,486,0,
41,INFEASIBLE,certified_no_adversarial_example,feasibility,false,false,false,false,,,,0.787000916,0.04546165466308594,0.0,0.0,0.726138123,0.41572379299999995,0.2669196809999999,0.25305771827697754,0.4592184420000001,0.31041433000000007,0.057789256,9626,195,195,0,3964,0,1579,622,3266,3490,0,0,3,4804,4704,100,3266,1438,0,1771,102,1190,4630,,724,0,
42,INFEASIBLE,certified_no_adversarial_example,feasibility,false,false,false,false,,,,1.268486636,0.05914139747619629,0.0,0.0,1.191538096,0.90879451,0.40646009299999997,0.39054155349731445,0.785078003,0.28274358599999994,0.073811204,9626,227,227,0,4017,0,1561,651,3170,7327,0,0,3,4804,4671,133,3170,1501,0,1838,136,1324,4864,,918,0,
43,INFEASIBLE,certified_no_adversarial_example,feasibility,false,false,false,false,,,,0.614049227,0.023728370666503906,0.0,0.0,0.576005581,0.31001378300000004,0.167676643,0.1560502052307129,0.40832893800000003,0.26599179799999995,0.034915337,9626,134,134,0,4027,0,1608,675,3182,2779,0,0,3,4804,4730,74,3182,1548,0,1716,74,1081,4439,,581,0,
44,INFEASIBLE,certified_no_adversarial_example,feasibility,false,false,false,false,,,,0.771644913,0.03808736801147461,0.0,0.0,0.71766031,0.41568913700000004,0.2768203269999999,0.26219654083251953,0.44083998300000005,0.3019711729999999,0.050862064,9626,202,202,0,4006,0,1572,651,3195,4917,0,0,3,4804,4689,115,3195,1494,0,1804,120,1256,4744,,667,0,
45,INFEASIBLE,certified_no_adversarial_example,feasibility,false,false,false,false,,,,0.736123482,0.03599047660827637,0.0,0.0,0.685056144,0.40415594199999993,0.25553526400000004,0.24201631546020508,0.42952088,0.2809002020000001,0.048006861,9626,181,181,0,4020,0,1586,650,3189,4272,0,0,3,4804,4690,114,3189,1501,0,1796,114,1241,4719,,687,0,
46,INFEASIBLE,certified_no_adversarial_example,feasibility,false,false,false,false,,,,61.864794397,60.706862449645996,,0.0,1.138269354,0.8297907310000001,0.63016911,0.61104416847229,0.508100244,0.30847862299999984,60.723457803,9626,302,302,0,4045,0,1522,657,3100,10536,0,0,3,4804,4622,182,3100,1522,0,1937,186,1522,5210,,1714,0,
47,INFEASIBLE,certified_no_adversarial_example,feasibility,false,false,false,false,,,,0.670064999,0.02034163475036621,0.0,0.0,0.635472664,0.362767393,0.22374427600000002,0.21112799644470215,0.411728388,0.272705271,0.031530344,9626,173,173,0,4009,0,1588,641,3215,3615,0,0,3,4804,4709,95,3215,1494,0,1762,98,1172,4598,,422,0,
48,INFEASIBLE,certified_no_adversarial_example,feasibility,false,false,false,false,,,,0.970658023,0.05110025405883789,0.0,0.0,0.902427221,0.60067794,0.42896313399999997,0.41202759742736816,0.473464087,0.301749281,0.065178128,9626,259,259,0,4032,0,1544,656,3135,8220,0,0,3,4804,4652,152,3135,1517,0,1877,156,1402,5000,,743,0,
49,INFEASIBLE,certified_no_adversarial_example,feasibility,false,false,false,false,,,,0.767077521,0.03135371208190918,0.0,0.0,0.720315852,0.43171355,0.27481081999999996,0.2604038715362549,0.4455050320000001,0.28860230200000003,0.04364571,9626,193,193,0,4087,0,1578,670,3098,4770,0,0,3,4804,4684,120,3098,1586,0,1808,120,1265,4761,,619,0,
50,INFEASIBLE,certified_no_adversarial_example,feasibility,false,false,false,false,,,,0.982443341,0.05812191963195801,0.0,0.0,0.906956309,0.60826144,0.415806133,0.3985779285430908,0.491150176,0.298694869,0.072422519,9626,257,257,0,4048,0,1547,659,3115,7226,0,0,3,4804,4641,163,3115,1526,0,1894,163,1437,5062,,872,0,
51,INFEASIBLE,certified_no_adversarial_example,feasibility,false,false,false,false,,,,0.853775619,0.02684950828552246,0.0,0.0,0.811357362,0.52310321,0.351085977,0.3361074924468994,0.460271385,0.28825415199999993,0.039356535,9626,214,214,0,4039,0,1563,649,3161,6921,0,0,3,4804,4682,122,3161,1521,0,1815,124,1278,4784,,468,0,
52,INFEASIBLE,certified_no_adversarial_example,feasibility,false,false,false,false,,,,0.921715576,0.024779319763183594,0.0,0.0,0.88037526,0.536645688,0.37289312599999996,0.3474612236022949,0.507482134,0.343729572,0.038274859,9626,228,228,0,4097,0,1561,692,3048,6393,0,0,3,4804,4665,139,3048,1617,0,1850,142,1348,4906,,478,0,
53,INFEASIBLE,certified_no_adversarial_example,feasibility,false,false,false,false,,,,1.37575555,0.029401540756225586,0.0,0.0,1.327738006,0.681649205,0.5118231,0.4952123165130615,0.8159149059999999,0.6460888009999999,0.044902733,9626,245,245,0,4063,0,1551,681,3086,8781,0,0,3,4804,4646,158,3086,1560,0,1887,160,1422,5036,,505,0,
54,INFEASIBLE,certified_no_adversarial_example,feasibility,false,false,false,false,,,,1.195444993,0.2312180995941162,0.0,0.0,0.945665399,0.6408715599999999,0.450066839,0.4320976734161377,0.49559856,0.3047938390000001,0.246693787,9626,283,283,0,4041,0,1531,663,3108,7588,0,0,3,4804,4632,172,3108,1524,0,1917,176,1482,5140,,773,0,
55,INFEASIBLE,certified_no_adversarial_example,feasibility,false,false,false,false,,,,1.045780038,0.08204126358032227,0.0,0.0,0.945367353,0.631782056,0.4591762469999999,0.4422142505645752,0.48619110600000004,0.31358529699999993,0.097333381,9626,253,253,0,4098,0,1546,677,3052,8610,0,0,3,4804,4643,161,3052,1591,0,1894,164,1436,5060,,1126,0,
56,INFEASIBLE,certified_no_adversarial_example,feasibility,false,false,false,false,,,,0.711753098,0.030108213424682617,0.0,0.0,0.658461925,0.382741036,0.23964153599999993,0.22652554512023926,0.41882038900000007,0.275720889,0.050218122,9626,176,176,0,4051,0,1586,690,3123,4240,0,0,3,4804,4698,106,3123,1575,0,1780,106,1209,4663,,652,0,
57,INFEASIBLE,certified_no_adversarial_example,feasibility,false,false,false,false,,,,0.757896903,0.023100852966308594,0.0,0.0,0.718747721,0.443523387,0.285106181,0.27143383026123047,0.43364153999999994,0.27522433399999996,0.036024371,9626,191,191,0,4059,0,1579,674,3123,5116,0,0,3,4804,4691,113,3123,1568,0,1794,113,1237,4712,,516,0,
58,INFEASIBLE,certified_no_adversarial_example,feasibility,false,false,false,false,,,,0.589378633,0.02029561996459961,0.0,0.0,0.555648381,0.298977734,0.173742749,0.16285300254821777,0.38190563200000005,0.25667064700000003,0.030652657,9626,140,140,0,3974,0,1607,641,3264,2657,0,0,3,4804,4728,76,3264,1464,0,1725,80,1098,4468,,426,0,
59,INFEASIBLE,certified_no_adversarial_example,feasibility,false,false,false,false,,,,0.878044762,0.029096364974975586,0.0,0.0,0.832893376,0.539290719,0.377855203,0.36321067810058594,0.45503817300000005,0.293602657,0.042089842,9626,202,202,0,4058,0,1575,664,3127,6936,0,0,3,4804,4676,128,3127,1549,0,1828,131,1304,4829,,533,0,
60,INFEASIBLE,certified_no_adversarial_example,feasibility,false,false,false,false,,,,0.83616323,0.03502249717712402,0.0,0.0,0.784914829,0.49946560200000006,0.33333769,0.31822657585144043,0.45157713899999996,0.2854492269999999,0.048180084,9626,213,213,0,4006,0,1566,642,3199,6771,0,0,3,4804,4678,126,3199,1479,0,1829,134,1306,4830,,545,0,
61,INFEASIBLE,certified_no_adversarial_example,feasibility,false,false,false,false,,,,0.669168447,0.02382040023803711,0.0,0.0,0.631880474,0.32218509,0.180396533,0.1682729721069336,0.451483941,0.309695384,0.034209382,9626,160,160,0,4028,0,1597,670,3171,2362,0,0,3,4804,4724,80,3171,1553,0,1728,80,1105,4481,,556,0,
62,INFEASIBLE,certified_no_adversarial_example,feasibility,false,false,false,false,,,,1.182750813,0.04151463508605957,0.0,0.0,1.123996551,0.5031998630000001,0.35218909100000007,0.33576297760009766,0.77180746,0.620796688,0.055683095,9626,238,238,0,4081,0,1555,668,3084,6469,0,0,3,4804,4657,147,3084,1573,0,1868,152,1384,4968,,626,0,
63,OPTIMAL,adversarial_example_found_or_best_known,feasibility,true,true,true,true,-4.440892098500626e-15,-10.034476844778482;-17.82261239009748;-8.367211380472835;-7.8239923465124335;-7.42251895361997;-2.2585586269784894;-7.1359089381867005;-6.950381807630758;-1.7258045843369585;-1.725804584336954,0.1;0.0;0.0;0.1;0.1;0.0;0.0;0.1;0.1;0.0;0.0;0.0;0.0;0.1;0.1;0.1;0.1;0.0;0.0;0.1;0.0;0.0;0.0;0.1;0.1;0.0;0.0;0.1;0.1;0.1;0.0;0.1;0.1;0.1;0.1;0.1;0.0;0.0;0.0;0.0;0.0;0.0;0.0;0.1;0.0;0.1;0.0;0.0;0.0;0.0;0.0;0.1;0.0;0.0;0.0;0.0;0.1;0.0;0.0;0.0;0.0;0.1;0.1;0.1;0.1;0.0;0.0;0.0;0.0;0.1;0.1;0.1;0.1;0.1;0.1;0.0;0.0;0.0;0.0;0.1;0.1;0.0;0.0;0.0;0.1;0.1;0.0;0.0;0.0;0.1;0.0;0.1;0.0;0.0;0.0;0.1;0.0;0.1;0.0;0.0;0.1;0.1;0.1;0.0;0.0;0.1;0.1;0.1;0.0;0.1;0.0;0.0;0.1;0.0;0.0;0.0;0.0;0.1;0.1;0.1;0.1;0.0;0.0;0.0;0.0;0.1;0.0;0.1;0.1;0.1;0.1;0.0;0.0;0.1;0.1;0.1;0.1;0.0;0.0;0.0;0.0;0.0;0.1;0.0;0.1;0.1;0.0;0.0;0.0;0.0;0.0;0.1;0.0;0.1;0.0;0.1;0.1;0.0;0.1;0.0;0.1;0.1;0.1;0.1;0.1;0.1;0.01615812352316766;0.1;0.1;0.0;0.0;0.0;0.0;0.1;0.1;0.1;0.1;0.0;0.0;0.0;0.0;0.1;0.1;0.1;0.1;0.0;0.0;0.0;0.0;0.1;0.1;0.1;0.1;0.1;0.1;0.0;0.0;0.0;0.0;0.1;0.0;0.1;0.0;0.1;0.1;0.0;0.0;0.0;0.0;0.1;0.0;0.1;0.1;0.0;0.1;0.1;0.1;0.0;0.1;0.1;0.0006317590359770812;0.1;0.0;0.0;0.1;0.0;0.0;0.1;0.1;0.1;0.1;0.0;0.0;0.0;0.10582566532121672;0.033333333333333326;0.0;0.1;0.1;0.1;0.1;0.0;0.0;0.1;0.1;0.1;0.1;0.1;0.1;0.1;0.0;0.0;0.0;0.0;0.0;0.1;0.1;0.1;0.0;0.26872342172152625;0.7509803921568627;0.9352941176470588;0.7627450980392158;0.8647058823529412;0.7567635272217116;0.4137254901960784;0.2215686274509804;0.10215539629005244;0.1;0.0;0.1;0.1;0.1;0.1;0.1;0.0;0.1;0.1;0.0;0.1;0.0;0.0;0.0;0.1;0.1;0.0;0.45686274509803926;0.7705882352941177;0.8686274509803922;0.5235294117647059;0.36298128249866957;0.40980392156862744;0.8647058823529412;0.8960784313725491;0.8960784313725491;0.6686274509803922;0.3313725490196079;0.0;0.0;0.1;0.1;0.0;0.0;0.0;0.0;0.1;0.1;0.0;0.0;0.0;0.0;0.0;0.0;0.0;1.0;0.2176470588235294;0.1;0.1;0.1;0.1;0.1823529411764706;0.4882352941176471;0.487230772306462;0.9941176470588236;0.8960784313725491;0.8021368682585608;0.16666666666666669;0.1;0.1;0.1;0.1;0.0;0.1;0.0;0.0;0.0;0.1;0.0;0.0;0.1;0.0;0.1;0.7000000000000001;0.19019607843137257;0.1;0.1;0.1;0.0;0.09943745678757025;0.1;0.1;0.14313725490196078;0.40588235294117647;1.0;0.5549019607843138;0.1;0.1;0.1;0.1;0.0;0.0;0.1;0.1;0.0;0.0;0.0;0.0;0.1;0.0;0.1;0.5745098039215687;0.5638869981438713;0.0;0.0;0.1;0.0;0.1;0.0;0.0;0.0;0.0;0.6176470588235294;0.676470588235294;0.1;0.0;0.1;0.1;0.1;0.1;0.1;0.1;0.0;0.1;0.0;0.0;0.1;0.1;0.1;0.6803921568627451;0.6254901960784314;0.0;0.1;0.1;0.0;0.1;0.0;0.0;0.1;0.0975400027178323;0.6372549019607844;0.09847091866200332;0.0;0.1;0.0;0.1;0.0;0.1;0.1;0.1;0.0;0.1;0.0;0.1;0.0;0.1;0.1;0.6490196078431373;0.8294117647058824;0.0;0.1;0.1;0.1;0.0;0.1;0.2333333333333333;0.5118284521857065;0.711764705882353;0.5862745098039216;0.6725490196078431;0.47667763185877066;0.28823529411764703;0.6494386980875494;0.4294117647058824;0.28823529411764703;0.28823529411764703;0.3941176470588236;0.0;0.0;0.1;0.0;0.0;0.0;0.0;0.1;0.45686274509803926;0.8294117647058824;0.0;0.1;0.1;0.0;0.6152907174436936;0.6411764705882353;0.7980392156862746;0.8960784313725491;0.97625416115986;0.8960784313725491;1.0;0.8960784313725491;0.8960784313725491;0.8960784313725491;0.8098039215686275;0.884313725490196;0.8647058823529412;0.9980392156862745;0.0;0.0;0.1;0.0;0.1;0.0;0.1;0.1;0.20588235294117646;0.8803921568627451;0.5509803921568628;0.1;0.06997193250539595;0.1;0.17058823529411762;0.44509803921568625;0.24901960784313723;0.12352941176470589;0.12352941176470589;0.12352941176470589;0.1779434637731197;0.3235294117647059;0.12352941176470589;0.2449090980258068;0.10511784652791444;0.19028974736717216;0.10475073119437037;0.1;0.0;0.1;0.1;0.0;0.0;0.0;0.0;0.1;0.09749660170901985;0.6607843137254902;0.2176470588235294;0.1;0.1;0.0;0.0;0.0;0.1;0.0;0.0;0.0;0.0;0.0;0.0;0.0;0.0;0.1;0.09944018172819578;0.1;0.1;0.0;0.1;0.1;0.0;0.0;0.1;0.1;0.0;0.21372549019607845;0.10609004122068602;0.0;0.1;0.0;0.1;0.1;0.1;0.0;0.1;0.0;0.0;0.0;0.1;0.0;0.0;0.1;0.1;0.0;0.1;0.08953248616608564;0.1;0.1;0.1;0.0;0.0;0.1;0.1;0.1;0.1;0.0;0.1;0.1;0.1;0.1;0.1;0.0;0.0;0.0;0.0;0.0;0.0;0.0;0.0;0.1;0.1;0.0;0.1;0.1;0.0470082174579063;0.1;0.0;0.0;0.0;0.0;0.1;0.1;0.1;0.0;0.1;0.0;0.1;0.1;0.1;0.0;0.0;0.0;0.0;0.0;0.0;0.0;0.1;0.0;0.1;0.0;0.1;0.1;0.1;0.1;0.1;0.0;0.0;0.1;0.1;0.0;0.1;0.0;0.0;0.1;0.1;0.1;0.1;0.0;0.0;0.0;0.0;0.0;0.0;0.0;0.0;0.1;0.1;0.0;0.0;0.0;0.0;0.0;0.0;0.0;0.0;0.0;0.0;0.0;0.0;0.0;0.0;0.0;0.0;0.1;0.0;0.1;0.0;0.0;0.0;0.1;0.0;0.1;0.0;0.1;0.0;0.0;0.0;0.1;0.1;0.1;0.0;0.0;0.0;0.0;0.0;0.0;0.0;0.1;0.1;0.1;0.1;0.1;0.1;0.1;0.0;0.0;0.0;0.1;0.1;0.0;0.0;0.1;0.1;0.0;0.0;0.1;0.0;0.1;0.0;0.1;0.0;0.0;0.0;0.1;0.0;0.0;0.0;0.0;0.0;0.1;0.0;0.1;0.0;0.1;0.0;0.1;0.0;0.0;0.0;0.1;0.0;0.0;0.0;0.1;0.1;0.1;0.1;0.1;0.0;0.0;0.0;0.1;0.1;0.0;0.0;0.1;0.1;0.1;0.1;0.0;0.0;0.1;0.0;0.1;0.1;0.0;0.0;0.0;0.0;0.0;0.0;0.1;0.0;0.0;0.0;0.1;0.1;0.0;0.0;0.1;0.0;0.0;0.0;0.1;0.0;0.0;0.0;0.1;0.0;0.1;0.1;0.1;0.1;0.1;0.1;0.0;0.1;0.0;0.0;0.0,21.413091113,20.55862331390381,0.0,0.0,0.83319174,0.543699077,0.3847973960000001,0.36786532402038574,0.44839434399999983,0.289492663,20.573471437,9626,268,268,0,4012,0,1541,629,3176,6359,0,0,3,4804,4657,147,3176,1481,0,1867,151,1382,4965,1,222693,,0.0
64,INFEASIBLE,certified_no_adversarial_example,feasibility,false,false,false,false,,,,0.847267421,0.03735184669494629,0.0,0.0,0.793778183,0.5121781110000001,0.333217949,0.31810808181762695,0.460560234,0.2816000719999999,0.050420966,9626,222,222,0,4044,0,1564,659,3137,6198,0,0,3,4804,4666,138,3137,1529,0,1844,138,1337,4887,,660,0,
65,INFEASIBLE,certified_no_adversarial_example,feasibility,false,false,false,false,,,,0.971389628,0.05823850631713867,0.0,0.0,0.895567453,0.58659807,0.407894537,0.3915097713470459,0.48767291599999996,0.308969383,0.072736231,9626,244,244,0,4078,0,1553,678,3073,6890,0,0,3,4804,4648,156,3073,1575,0,1884,159,1416,5025,,912,0,
66,INFEASIBLE,certified_no_adversarial_example,feasibility,false,false,false,false,,,,1.14690804,0.3168318271636963,,0.0,0.813813379,0.527950167,0.369621624,0.3537423610687256,0.44419175499999997,0.285863212,0.330008107,9626,262,262,0,4001,0,1546,613,3204,5657,0,0,3,4804,4660,144,3204,1456,0,1859,146,1366,4938,,1638,0,
67,INFEASIBLE,certified_no_adversarial_example,feasibility,false,false,false,false,,,,1.112561543,0.08442211151123047,0.0,0.0,1.010473507,0.707515753,0.524070426,0.5069794654846191,0.48640308099999996,0.3029577539999999,0.098993166,9626,253,253,0,4062,0,1546,655,3110,9301,0,0,3,4804,4647,157,3110,1537,0,1885,159,1418,5029,,1118,0,
68,INFEASIBLE,certified_no_adversarial_example,feasibility,false,false,false,false,,,,0.870090112,0.028445720672607422,0.0,0.0,0.824620837,0.530425103,0.354834592,0.33835935592651367,0.469786245,0.294195734,0.042385224,9626,245,245,0,4049,0,1550,665,3117,6517,0,0,3,4804,4658,146,3117,1541,0,1860,146,1369,4943,,519,0,
69,INFEASIBLE,certified_no_adversarial_example,feasibility,false,false,false,false,,,,0.703828059,0.021557331085205078,0.0,0.0,0.666864152,0.38876855,0.236925989,0.22343730926513672,0.42993816300000004,0.27809560200000005,0.033860531,9626,192,192,0,4067,0,1581,694,3092,3152,0,0,3,4804,4703,101,3092,1611,0,1775,105,1198,4643,,428,0,
70,INFEASIBLE,certified_no_adversarial_example,feasibility,false,false,false,false,,,,0.869849904,0.031701087951660156,0.0,0.0,0.820833873,0.520604741,0.3475683869999999,0.33179497718811035,0.47326548600000007,0.300229132,0.045913394,9626,220,220,0,4073,0,1564,690,3079,6311,0,0,3,4804,4662,142,3079,1583,0,1855,144,1358,4924,,546,0,
71,INFEASIBLE,certified_no_adversarial_example,feasibility,false,false,false,false,,,,0.675861294,0.02387237548828125,0.0,0.0,0.636660435,0.350143889,0.21960495000000002,0.20642590522766113,0.417055485,0.28651654600000004,0.036062548,9626,165,165,0,4042,0,1590,669,3160,4061,0,0,3,4804,4696,108,3160,1536,0,1787,110,1222,4686,,493,0,
72,INFEASIBLE,certified_no_adversarial_example,feasibility,false,false,false,false,,,,0.842023682,0.027270078659057617,0.0,0.0,0.798577538,0.44845423900000003,0.294547287,0.279465913772583,0.504030251,0.35012329899999994,0.040328973,9626,218,218,0,4104,0,1562,696,3046,4851,0,0,3,4804,4677,127,3046,1631,0,1825,129,1298,4819,,549,0,
73,INFEASIBLE,certified_no_adversarial_example,feasibility,false,false,false,false,,,,1.271839158,0.031119346618652344,0.0,0.0,1.2231464,0.926009326,0.41433813300000005,0.398054838180542,0.8088082670000001,0.2971370740000001,0.045597946,9626,242,242,0,4067,0,1553,687,3077,7307,0,0,3,4804,4646,158,3077,1569,0,1884,158,1417,5027,,571,0,
74,INFEASIBLE,certified_no_adversarial_example,feasibility,false,false,false,false,,,,0.634376036,0.021130800247192383,0.0,0.0,0.599016088,0.33243319800000004,0.18501430099999996,0.1734459400177002,0.414001787,0.2665828899999999,0.032285065,9626,144,144,0,4046,0,1604,660,3172,3490,0,0,3,4804,4719,85,3172,1547,0,1741,87,1130,4525,,483,0,
75,INFEASIBLE,certified_no_adversarial_example,feasibility,false,false,false,false,,,,0.684621017,0.021654367446899414,0.0,0.0,0.649437217,0.356276964,0.22285982400000004,0.21170401573181152,0.42657739299999997,0.29316025300000004,0.032117993,9626,137,137,0,3995,0,1607,660,3227,3925,0,0,3,4804,4725,79,3227,1498,0,1729,81,1106,4483,,464,0,
76,INFEASIBLE,certified_no_adversarial_example,feasibility,false,false,false,false,,,,0.981733539,0.037525177001953125,0.0,0.0,0.926230294,0.630763356,0.445044393,0.428910493850708,0.481185901,0.295466938,0.052387576,9626,242,242,0,4048,0,1553,660,3123,7662,0,0,3,4804,4647,157,3123,1524,0,1882,157,1413,5020,,545,0,
77,INFEASIBLE,certified_no_adversarial_example,feasibility,false,false,false,false,,,,1.042689281,0.04540538787841797,0.0,0.0,0.978814677,0.690498386,0.500180657,0.4842078685760498,0.47863402,0.288316291,0.060791414,9626,243,243,0,4035,0,1552,659,3137,8579,0,0,3,4804,4655,149,3137,1518,0,1870,152,1388,4976,,621,0,
78,INFEASIBLE,certified_no_adversarial_example,feasibility,false,false,false,false,,,,0.956068838,0.04049086570739746,0.0,0.0,0.898069799,0.594926101,0.428430248,0.41155576705932617,0.46963955099999993,0.30314369799999996,0.054912112,9626,263,263,0,4028,0,1543,661,3131,7229,0,0,3,4804,4642,162,3131,1511,0,1898,167,1444,5073,,581,0,
79,INFEASIBLE,certified_no_adversarial_example,feasibility,false,false,false,false,,,,0.860565858,0.15321874618530273,0.0,0.0,0.692197086,0.41881532899999996,0.26638124900000004,0.2524385452270508,0.4258158369999999,0.273381757,0.165240509,9626,184,184,0,4031,0,1583,641,3187,5257,0,0,3,4804,4692,112,3187,1505,0,1795,114,1238,4714,,816,0,
80,INFEASIBLE,certified_no_adversarial_example,feasibility,false,false,false,false,,,,0.695019526,0.036145925521850586,0.0,0.0,0.644007148,0.36664985499999997,0.22490297999999992,0.21219921112060547,0.4191041680000001,0.27735729300000006,0.047923728,9626,169,169,0,4094,0,1591,683,3089,3910,0,0,3,4804,4694,110,3089,1605,0,1791,112,1230,4700,,705,0,
81,INFEASIBLE,certified_no_adversarial_example,feasibility,false,false,false,false,,,,0.634652353,0.023316621780395508,0.0,0.0,0.598053334,0.318995287,0.18952748499999997,0.17842912673950195,0.4085258490000001,0.27905804700000003,0.033480664,9626,139,139,0,4009,0,1605,675,3198,3183,0,0,3,4804,4723,81,3198,1525,0,1730,81,1109,4488,,553,0,
82,INFEASIBLE,certified_no_adversarial_example,feasibility,false,false,false,false,,,,0.722278468,0.024161338806152344,0.0,0.0,0.682620253,0.398599444,0.248664315,0.23583221435546875,0.433955938,0.28402080899999993,0.036557653,9626,169,169,0,4047,0,1592,680,3138,4624,0,0,3,4804,4694,110,3138,1556,0,1788,110,1225,4691,,530,0,
83,INFEASIBLE,certified_no_adversarial_example,feasibility,false,false,false,false,,,,0.865320211,0.02763843536376953,0.0,0.0,0.821278001,0.47834191700000006,0.310916994,0.2956550121307373,0.510361007,0.342936084,0.040947278,9626,220,220,0,4078,0,1564,693,3071,5884,0,0,3,4804,4665,139,3071,1594,0,1850,142,1348,4906,,557,0,
84,INFEASIBLE,certified_no_adversarial_example,feasibility,false,false,false,false,,,,1.041374815,0.022532224655151367,0.0,0.0,1.004403071,0.7364988159999999,0.25444853900000003,0.2413022518157959,0.7499545320000001,0.26790425500000015,0.033902611,9626,169,169,0,4018,0,1590,661,3188,4513,0,0,3,4804,4699,105,3188,1511,0,1778,105,1205,4656,,525,0,
85,INFEASIBLE,certified_no_adversarial_example,feasibility,false,false,false,false,,,,0.975932549,0.04416680335998535,0.0,0.0,0.912526049,0.611367581,0.42466087599999996,0.40782642364501953,0.48786517300000004,0.301158468,0.0603178,9626,248,248,0,4088,0,1545,672,3073,9855,0,0,3,4804,4642,162,3073,1569,0,1899,168,1446,5076,,638,0,
86,INFEASIBLE,certified_no_adversarial_example,feasibility,false,false,false,false,,,,0.860527623,0.023740053176879883,0.0,0.0,0.820306189,0.486832089,0.311663353,0.296750545501709,0.5086428359999999,0.33347409999999994,0.037056333,9626,204,204,0,4083,0,1573,676,3090,5586,0,0,3,4804,4675,129,3090,1585,0,1826,129,1301,4824,,516,0,
87,INFEASIBLE,certified_no_adversarial_example,feasibility,false,false,false,false,,,,0.779927441,0.026653289794921875,0.0,0.0,0.738386686,0.44669503099999996,0.295586173,0.28189635276794434,0.442800513,0.29169165500000005,0.038474096,9626,178,178,0,4044,0,1585,659,3160,5199,0,0,3,4804,4694,110,3160,1534,0,1791,112,1230,4700,,533,0,
88,INFEASIBLE,certified_no_adversarial_example,feasibility,false,false,false,false,,,,0.883274803,0.055377960205078125,0.0,0.0,0.811366102,0.521719576,0.3508603209999999,0.33588075637817383,0.4605057810000001,0.28964652600000007,0.068817356,9626,213,213,0,4068,0,1567,675,3103,6383,0,0,3,4804,4662,142,3103,1559,0,1858,147,1364,4933,,851,0,
89,INFEASIBLE,certified_no_adversarial_example,feasibility,false,false,false,false,,,,1.054419199,0.04789614677429199,0.0,0.0,0.987982185,0.68815209,0.5018094969999999,0.4850928783416748,0.48617268800000013,0.299830095,0.063347427,9626,259,259,0,4068,0,1547,665,3087,8495,0,0,3,4804,4641,163,3087,1554,0,1899,167,1446,5077,,609,0,
90,INFEASIBLE,certified_no_adversarial_example,feasibility,false,false,false,false,,,,0.553630457,0.01657581329345703,0.0,0.0,0.524595127,0.261513221,0.145963177,0.13561034202575684,0.37863195,0.263081906,0.025935094,9626,131,131,0,3994,0,1609,643,3249,2202,0,0,3,4804,4741,63,3249,1492,0,1698,66,1044,4374,,421,0,
91,INFEASIBLE,certified_no_adversarial_example,feasibility,false,false,false,false,,,,0.810882948,0.024662017822265625,0.0,0.0,0.770653766,0.481274871,0.325281932,0.31174755096435547,0.445371834,0.289378895,0.037137691,9626,189,189,0,4056,0,1582,682,3117,5071,0,0,3,4804,4682,122,3117,1565,0,1816,125,1280,4787,,457,0,
92,INFEASIBLE,certified_no_adversarial_example,feasibility,false,false,false,false,,,,0.953701013,0.04059886932373047,0.0,0.0,0.896987045,0.6065769049999999,0.43109850999999993,0.41486477851867676,0.4658885350000001,0.2904101400000001,0.053624601,9626,243,243,0,4044,0,1551,653,3135,7821,0,0,3,4804,4668,136,3135,1533,0,1843,138,1334,4882,,710,0,
93,OPTIMAL,adversarial_example_found_or_best_known,feasibility,true,true,true,true,-3.3306690738754696e-15,-7.9749390605536385;-6.239612122661439;-5.964869537523203;-3.451954099628548;1.2689060386597175;-7.226744546929902;-10.66374532205005;-2.7514218738840537;-1.292473333792655;1.2689060386597208,0.1;0.0;0.0;0.1;0.0;0.0;0.0;0.0;0.0;0.1;0.1;0.0;0.0;0.1;0.1;0.0;0.0;0.1;0.1;0.0;0.0;0.1;0.1;0.0;0.0;0.0;0.0;0.1;0.0;0.1;0.0;0.1;0.0;0.0;0.0;0.0;0.1;0.1;0.0;0.006335113192793514;0.1;0.1;0.1;0.1;0.1;0.1;0.1;0.1;0.1;0.1;0.1;0.1;0.1;0.0;0.1;0.1;0.1;0.1;0.0;0.1;0.1;0.1;0.1;0.0;0.0;0.1;0.1;0.0;0.0;0.0;0.0;0.1;0.1;0.0;0.1;0.1;0.1;0.1;0.1;0.0;0.0;0.0;0.0;0.1;0.0;0.0;0.0;0.1;0.0;0.1;0.1;0.0;0.1;0.1;0.1;0.0;0.1;0.0;0.1;0.1;0.1;0.0;0.0;0.0;0.1;0.0;0.1;0.0;0.0;0.0;0.0;0.0;0.0;0.1;0.1;0.1;0.1;0.1;0.1;0.0;0.1;0.1;0.1;0.0;0.0;0.0;0.0;0.1;0.1;0.0;0.0;0.1;0.1;0.0;0.1;0.0;0.0;0.0;0.0;0.0;0.0;0.1;0.1;0.0;0.1;0.1;0.1;0.0;0.1;0.0;0.1;0.0;0.1;0.0;0.1;0.1;0.1;0.0;0.0;0.1;0.1;0.1;0.0;0.0;0.0;0.1;0.0;0.0;0.1;0.0;0.0;0.0;0.0;0.1;0.1;0.1;0.1;0.0;0.1;0.0;0.0;0.0;0.0;0.1;0.1;0.0;0.0;0.1;0.1;0.0;0.0;0.0;0.1;0.1;0.1;0.0;0.0;0.1;0.1;0.0;0.1;0.1;0.1;0.1;0.0;0.0;0.1;0.1;0.1;0.1;0.0;0.1;0.1;0.1;0.1;0.1;0.1;0.1;0.1;0.0;0.0;0.0;0.0;0.0;0.0;0.1;0.1;0.0;0.0;0.1;0.1;0.1;0.1;0.0;0.0;0.0;0.1;0.0;0.0;0.1;0.1;0.0;0.0;0.0;0.0;0.1;0.0;0.1;0.0;0.19411764705882353;0.1;0.0;0.0;0.0;0.0;0.1;0.0;0.1;0.1;0.1;0.0;0.1;0.0;0.0;0.1;0.10236970626589419;0.10191603180926279;0.17322551604979158;0.0;0.0;0.0;0.0;0.1;0.1;0.2686274509803922;0.7909326779484163;0.8883959019294562;0.28600416927024447;0.1;0.1;0.0;0.0;0.0;0.1;0.1;0.1;0.1;0.1;0.1;0.0;0.0;0.1;0.2520179573693077;0.9823529411764705;0.9980392156862745;0.8764705882352941;0.515686274509804;0.0;0.0;0.0;0.0;0.3509803921568627;1.0;0.9705882352941176;0.5901960784313726;0.10784313725490197;0.1;0.1;0.0;0.1;0.0;0.1;0.0;0.0;0.1;0.0;0.1;0.0;0.0;0.4553388123244324;0.8990266122719701;0.4764705882352941;0.0;0.707843137254902;0.6941278777838319;0.1;0.0;0.0;0.5392156862745098;1.0;0.5431372549019609;0.0;0.1;0.0;0.1;0.0;0.1;0.0;0.0;0.1;0.1;0.0;0.0;0.1;0.15490196078431373;0.23725490196078433;0.48439889663338426;0.888235294117647;0.1392156862745098;0.0;0.09523745271709848;0.8921568627450981;0.38235294117647056;0.0;0.21372549019607845;0.9588235294117646;0.8860408059589207;0.38627450980392153;0.0;0.0;0.0;0.0;0.0;0.1;0.0;0.0;0.0;0.1;0.1;0.1;0.1;0.0;0.7784313725490196;0.80032612171821;0.4702117351820389;0.0;0.1;0.0;0.33529411764705885;0.9666666666666667;0.0;0.46637794151951856;1.0;0.7950648636896805;0.0;0.0;0.0;0.0;0.1;0.1;0.1;0.0;0.0;0.0;0.0;0.1;0.0;0.1;0.0;0.6843137254901961;0.6843137254901961;0.0;0.0;0.0;0.0;0.0;0.49215686274509807;0.907843137254902;0.6294117647058823;0.8960784313725491;0.8294117647058824;0.19411764705882353;0.1;0.0;0.0;0.1;0.1;0.1;0.1;0.0;0.0;0.0;0.0;0.0;0.0;0.1;0.460299597124044;0.6490196078431373;0.1196078431372549;0.0;0.0;0.1;0.0;0.16666666666666666;0.9;0.8647058823529412;0.8813561007170788;0.6764705882352942;0.10618603331012358;0.0;0.1;0.0;0.09595124950610853;0.1;0.0;0.1;0.0;0.0;0.0;0.0;0.0;0.0;0.0;0.0;0.8529411764705882;0.27254901960784317;0.0;0.0;0.0;0.0;0.0;0.6607843137254902;0.8764705882352941;0.692156862745098;0.45686274509803926;0.0;0.0;0.0;0.0;0.1;0.1;0.1;0.0;0.1;0.1;0.0;0.0;0.0;0.0;0.0;0.1;0.1;0.7784313725490196;0.10353261604489829;0.0;0.0;0.0;0.1;0.669901137802086;0.9784313725490196;0.20027650873179972;0.0;0.0;0.1;0.1;0.1;0.1;0.1;0.1;0.0;0.0;0.1;0.1;0.0;0.0;0.0;0.0;0.1;0.1;0.0;0.8647058823529412;0.5196078431372549;0.1392156862745098;0.0;0.09846381690181837;0.6843137254901961;1.0;0.3313725490196079;0.0;0.0;0.0;0.1;0.1;0.0;0.0;0.0;0.0;0.0;0.0;0.1;0.1;0.0;0.0;0.0;0.0;0.1;0.0;0.1;0.13137254901960785;0.14371499100615706;0.0;0.19795991062615223;1.0;0.8882352941176471;0.44509803921568625;0.0;0.0;0.0;0.1;0.0;0.0;0.0;0.1;0.0;0.1;0.1;0.1;0.1;0.0;0.0;0.1;0.0;0.0;0.1;0.1;0.1;0.09819962668321956;0.16666666666666669;0.6764705882352942;0.696078431372549;1.0;0.4294117647058824;0.0;0.0;0.0;0.0;0.0;0.1;0.1;0.0;0.1;0.1;0.1;0.1;0.1;0.1;0.1;0.0;0.1;0.0;0.0;0.0;0.1;0.1;0.18672803768554894;0.9588235294117646;0.9941176470588236;0.2270787878234015;0.21610271740690545;0.0;0.0;0.1;0.0;0.1;0.1;0.1;0.0;0.1;0.1;0.0;0.1;0.0;0.0;0.1;0.0326966540838685;0.1;0.1;0.0;0.0;0.0;0.0;0.1;0.5745098039215686;0.9941176470588236;0.27254901960784317;0.1;0.1;0.0;0.1;0.0;0.0;0.0;0.0;0.1;0.1;0.1;0.0;0.0;0.0;0.1;0.1;0.1;0.1;0.0;0.0;0.1;0.1;0.0;0.1;0.0;0.1041560575612329;0.159036199868474;0.1;0.1;0.1;0.1;0.1;0.1;0.1;0.1;0.0;0.0;0.0;0.1;0.0;0.0;0.0;0.1;0.0;0.1;0.0;0.0;0.1;0.1;0.1;0.0;0.0;0.0;0.1;0.1;0.1;0.1;0.1;0.0;0.0;0.1;0.1;0.1;0.1;0.1;0.1;0.1;0.1;0.0;0.0;0.1;0.0;0.0;0.0;0.0;0.0;0.1;0.0;0.0;0.1;0.0;0.1;0.0;0.1;0.1;0.1;0.0;0.06574301492085417;0.0;0.1;0.1;0.0;0.1;0.0;0.1;0.0;0.0;0.0;0.0;0.1;0.1;0.0;0.1;0.1;0.1;0.1;0.0;0.0;0.0;0.0;0.0;0.1;0.1;0.1;0.0;0.0;0.1;0.1;0.1;0.1;0.1;0.1;0.0;0.1;0.0;0.0;0.0;0.0;0.0;0.0;0.1;0.0;0.1;0.1;0.1;0.1;0.0;0.1;0.0;0.1;0.1;0.1;0.1;0.0;0.0;0.0;0.0;0.0;0.1;0.0;0.0;0.1;0.1;0.1;0.0;0.1;0.0;0.0;0.0,2.6090162,1.6700046062469482,0.0,0.0,0.919060225,0.6300635809999999,0.4488470949999999,0.43132829666137695,0.47021313000000003,0.288996644,1.683548112,9626,265,265,0,4026,0,1537,623,3175,8882,0,0,3,4804,4656,148,3175,1481,0,1868,151,1384,4969,1,11681,,0.0
94,INFEASIBLE,certified_no_adversarial_example,feasibility,false,false,false,false,,,,0.682139649,0.019707441329956055,0.0,0.0,0.648022062,0.375434889,0.22398598400000003,0.21093511581420898,0.424036078,0.272587173,0.031075584,9626,176,176,0,4065,0,1588,670,3127,3783,0,0,3,4804,4706,98,3127,1579,0,1767,100,1182,4616,,450,0,
95,INFEASIBLE,certified_no_adversarial_example,feasibility,false,false,false,false,,,,0.942245758,0.017452239990234375,0.0,0.0,0.911766245,0.31851006400000004,0.150871571,0.14038467407226562,0.760894674,0.593256181,0.0273885,9626,122,122,0,4016,0,1614,659,3215,2650,0,0,3,4804,4733,71,3215,1518,0,1710,71,1069,4418,,449,0,
96,INFEASIBLE,certified_no_adversarial_example,feasibility,false,false,false,false,,,,0.856718155,0.06152153015136719,0.0,0.0,0.778441122,0.486287509,0.33221293500000004,0.3165130615234375,0.446228187,0.29215361300000003,0.07510539,9626,238,238,0,4099,0,1556,670,3063,5922,0,0,3,4804,4667,137,3063,1604,0,1846,140,1340,4892,,946,0,
97,INFEASIBLE,certified_no_adversarial_example,feasibility,false,false,false,false,,,,0.678548907,0.04728293418884277,0.0,0.0,0.616029668,0.357526345,0.21372699600000003,0.20175838470458984,0.40230267200000003,0.258503323,0.059360515,9626,161,161,0,3991,0,1594,626,3254,4152,0,0,3,4804,4709,95,3254,1455,0,1766,102,1180,4610,,820,0,
98,INFEASIBLE,certified_no_adversarial_example,feasibility,false,false,false,false,,,,1.029795727,0.09099698066711426,0.0,0.0,0.920417967,0.562098956,0.391893671,0.3759477138519287,0.5285242960000001,0.35831901099999997,0.106164284,9626,250,250,0,4066,0,1551,664,3095,6593,0,0,3,4804,4653,151,3095,1558,0,1874,154,1396,4990,,885,0,
99,INFEASIBLE,certified_no_adversarial_example,feasibility,false,false,false,false,,,,0.820245081,0.02173590660095215,0.0,0.0,0.782169216,0.5003156099999999,0.32574319399999996,0.3108954429626465,0.45642602200000004,0.2818536060000001,0.034951186,9626,214,214,0,4047,0,1566,677,3122,6393,0,0,3,4804,4670,134,3122,1548,0,1836,134,1321,4859,,456,0,
100,INFEASIBLE,certified_no_adversarial_example,feasibility,false,false,false,false,,,,0.716443204,0.020522117614746094,0.0,0.0,0.681264203,0.393234535,0.259128762,0.24527287483215332,0.422135441,0.288029668,0.032105478,9626,176,176,0,4063,0,1585,674,3128,4638,0,0,3,4804,4696,108,3128,1568,0,1787,110,1222,4686,,458,0,
101,INFEASIBLE,certified_no_adversarial_example,feasibility,false,false,false,false,,,,1.130019498,0.05024862289428711,0.0,0.0,1.06124563,0.74822151,0.562288683,0.5438799858093262,0.49895694699999993,0.3130241199999999,0.06569306,9626,292,292,0,4052,0,1527,656,3099,10254,0,0,3,4804,4627,177,3099,1528,0,1927,181,1502,5175,,660,0,
102,INFEASIBLE,certified_no_adversarial_example,feasibility,false,false,false,false,,,,1.074821716,0.06049180030822754,0.0,0.0,0.995297819,0.685688809,0.500031194,0.48304128646850586,0.49526662500000007,0.3096090100000001,0.076398225,9626,264,264,0,4072,0,1541,680,3069,8395,0,0,3,4804,4630,174,3069,1561,0,1919,176,1486,5148,,819,0,
103,INFEASIBLE,certified_no_adversarial_example,feasibility,false,false,false,false,,,,1.059039016,0.04276275634765625,0.0,0.0,0.999477096,0.697700371,0.5191246429999999,0.4913449287414551,0.48035245300000007,0.30177672499999997,0.056453713,9626,277,277,0,4071,0,1533,669,3076,8523,0,0,3,4804,4649,155,3076,1573,0,1878,155,1405,5006,,708,0,
104,INFEASIBLE,certified_no_adversarial_example,feasibility,false,false,false,false,,,,0.930354791,0.03717470169067383,0.0,0.0,0.876722563,0.578738119,0.4016816299999999,0.38566017150878906,0.47504093300000005,0.2979844439999999,0.050515496,9626,247,247,0,4048,0,1550,672,3109,6916,0,0,3,4804,4662,142,3109,1553,0,1855,144,1358,4924,,570,0,
105,INFEASIBLE,certified_no_adversarial_example,feasibility,false,false,false,false,,,,0.64613554,0.019706249237060547,0.0,0.0,0.61188996,0.348691887,0.21007027099999998,0.19725275039672852,0.401819689,0.263198073,0.031125731,9626,166,166,0,4039,0,1588,661,3172,3731,0,0,3,4804,4711,93,3172,1539,0,1754,93,1157,4572,,501,0,
106,INFEASIBLE,certified_no_adversarial_example,feasibility,false,false,false,false,,,,0.824574321,0.03534984588623047,0.0,0.0,0.772984303,0.484806058,0.3294650699999999,0.3143010139465332,0.44351923300000007,0.288178245,0.048481772,9626,237,237,0,4030,0,1554,661,3144,6392,0,0,3,4804,4672,132,3144,1528,0,1837,136,1322,4860,,569,0,
107,INFEASIBLE,certified_no_adversarial_example,feasibility,false,false,false,false,,,,1.471020128,0.03505587577819824,0.0,0.0,1.41761837,0.720948189,0.529846855,0.5106368064880371,0.8877715150000001,0.696670181,0.050330079,9626,305,305,0,4087,0,1520,669,3045,9438,0,0,3,4804,4620,184,3045,1575,0,1940,187,1528,5221,,518,0,
108,INFEASIBLE,certified_no_adversarial_example,feasibility,false,false,false,false,,,,0.558934263,0.02369546890258789,0.0,0.0,0.521365135,0.26923002399999996,0.147852886,0.1374354362487793,0.373512249,0.2521351110000001,0.034473946,9626,125,125,0,3990,0,1614,646,3251,2314,0,0,3,4804,4734,70,3251,1483,0,1714,75,1076,4429,,486,0,
109,INFEASIBLE,certified_no_adversarial_example,feasibility,false,false,false,false,,,,0.670189051,0.03523874282836914,0.0,0.0,0.61935346,0.348349164,0.20459622000000008,0.19262194633483887,0.4147572399999999,0.27100429600000003,0.047690927,9626,153,153,0,4035,0,1600,650,3188,4189,0,0,3,4804,4704,100,3188,1516,0,1772,103,1192,4633,,638,0,
110,INFEASIBLE,certified_no_adversarial_example,feasibility,false,false,false,false,,,,0.797703525,0.022301912307739258,0.0,0.0,0.761177161,0.430536121,0.267507688,0.25281333923339844,0.49366947299999997,0.33064104,0.033455257,9626,213,213,0,4018,0,1565,668,3162,4281,0,0,3,4804,4709,95,3162,1547,0,1761,97,1170,4595,,436,0,
111,INFEASIBLE,certified_no_adversarial_example,feasibility,false,false,false,false,,,,0.927525403,0.03133678436279297,0.0,0.0,0.87862988,0.585423908,0.41146772600000003,0.3951997756958008,0.46716215399999994,0.293205972,0.045809618,9626,240,240,0,4082,0,1552,655,3097,8891,0,0,3,4804,4653,151,3097,1556,0,1873,153,1394,4987,,550,0,
112,INFEASIBLE,certified_no_adversarial_example,feasibility,false,false,false,false,,,,0.597773822,0.023973464965820312,0.0,0.0,0.560257641,0.285377389,0.166633205,0.15547680854797363,0.39362443599999997,0.274880252,0.034466272,9626,134,134,0,4009,0,1609,645,3229,2955,0,0,3,4804,4722,82,3229,1493,0,1736,85,1120,4507,,534,0,
113,INFEASIBLE,certified_no_adversarial_example,feasibility,false,false,false,false,,,,0.685357592,0.0225522518157959,0.0,0.0,0.648631495,0.366748874,0.22971288899999998,0.21732449531555176,0.41891860599999997,0.28188262099999994,0.033678463,9626,157,157,0,4018,0,1598,660,3193,4169,0,0,3,4804,4706,98,3193,1513,0,1767,100,1182,4616,,489,0,
114,INFEASIBLE,certified_no_adversarial_example,feasibility,false,false,false,false,,,,0.85330354,0.04450511932373047,0.0,0.0,0.792633285,0.491427626,0.3353086089999999,0.32085442543029785,0.45732467600000004,0.30120565899999996,0.057586745,9626,208,208,0,4041,0,1571,663,3143,6662,0,0,3,4804,4674,130,3143,1531,0,1833,134,1314,4846,,673,0,
115,INFEASIBLE,certified_no_adversarial_example,feasibility,false,false,false,false,,,,0.669777734,0.025443315505981445,0.0,0.0,0.630288693,0.366527069,0.220262206,0.20759820938110352,0.410026487,0.26376162400000003,0.036407953,9626,161,161,0,4019,0,1594,655,3197,4139,0,0,3,4804,4709,95,3197,1512,0,1761,97,1170,4595,,505,0,
116,OPTIMAL,adversarial_example_found_or_best_known,feasibility,true,true,true,true,1.2212453270876722e-14,-8.64910573096378;-9.889241736003662;-8.0812108800983;-5.02552693261711;1.7937398212177662;-3.155111184645529;-2.7228050769497374;-8.002105827630032;-3.0614326407645356;1.7937398212177784,0.0;0.1;0.1;0.0;0.1;0.0;0.1;0.1;0.0;0.0;0.0;0.1;0.1;0.0;0.0;0.1;0.1;0.0;0.0;0.1;0.1;0.0;0.0;0.1;0.1;0.1;0.1;0.0;0.1;0.0;0.1;0.0;0.1;0.1;0.1;0.1;0.0;0.0;0.0;0.1;0.0;0.0;0.0;0.0;0.0;0.0;0.0;0.0;0.0;0.0;0.0;0.0;0.1;0.1;0.0;0.0;0.0;0.0;0.0;0.0;0.0;0.1;0.1;0.1;0.1;0.0;0.0;0.1;0.1;0.0;0.0;0.1;0.1;0.0;0.0;0.1;0.1;0.0;0.0;0.1;0.1;0.1;0.1;0.0;0.1;0.1;0.1;0.0;0.0;0.0;0.0;0.0;0.0;0.0;0.1;0.1;0.0;0.1;0.1;0.1;0.1;0.1;0.0;0.1;0.0;0.1;0.0;0.0;0.1;0.1;0.1;0.0;0.1;0.1;0.0;0.0;0.0;0.1;0.1;0.0;0.0;0.0;0.0;0.1;0.1;0.1;0.0;0.1;0.1;0.1;0.1;0.1;0.0;0.0;0.0;0.0;0.0;0.1;0.1;0.0;0.1;0.0;0.0;0.0;0.0;0.0;0.0;0.0;0.0;0.1;0.1;0.1;0.1;0.0;0.1;0.0;0.0;0.0;0.0;0.0;0.0;0.1;0.0;0.0;0.1;0.0;0.0;0.1;0.0;0.1;0.1;0.1;0.1;0.1;0.1;0.0;0.0;0.0;0.0;0.1;0.1;0.1;0.0;0.0;0.1;0.0;0.0;0.0;0.0;0.1;0.1;0.0;0.0;0.1;0.1;0.1;0.1;0.1;0.08513839371475636;0.1;0.0;0.1;0.0;0.0;0.1;0.1;0.1;0.1;0.0;0.1;0.1;0.1;0.0;0.0;0.1;0.0;0.0;0.0;0.0;0.1;0.1;0.0;0.1;0.1;0.1;0.1;0.1;0.1;0.1;0.1;0.0;0.0;0.0;0.1;0.1;0.1;0.1;0.2411764705882353;0.3431372549019608;0.2647058823529412;0.1;0.0;0.0;0.0;0.0;0.1;0.1;0.1;0.1;0.0;0.0;0.1;0.1;0.0;0.1;0.0;0.1;0.1;0.1;0.0;0.1;0.0;0.1;0.22156862745098038;0.6882352941176471;0.8686274509803922;1.0;0.8803921568627451;0.40936359509032955;0.0;0.0;0.0;0.0;0.1;0.0;0.0;0.1;0.0;0.1;0.1;0.1;0.0;0.0;0.0;0.0;0.0;0.1;0.0;0.0;0.11568627450980393;0.5549019607843138;0.9823529411764705;0.8960784313725491;0.6019607843137255;0.6058823529411765;1.0;0.8921568627450981;0.24509803921568626;0.0;0.0;0.1;0.1;0.0;0.0;0.0;0.0;0.0;0.1;0.0;0.0;0.1;0.0;0.0;0.0;0.1;0.1;0.22549019607843138;0.7784313725490196;1.0;0.7196078431372549;0.33529411764705885;0.0;0.10392156862745099;0.5784313725490197;0.8960784313725491;0.9823529411764705;0.12352941176470589;0.0;0.0;0.0;0.1;0.0;0.1;0.0;0.1;0.1;0.1;0.1;0.1;0.0;0.0;0.0;0.1;0.2647058823529412;0.9862745098039215;0.8882352941176471;0.5509803921568628;0.05686274509803921;0.0;0.0;0.1;0.303921568627451;1.0;1.0;0.10110944454923575;0.0;0.0;0.28823529411764703;0.3313725490196079;0.24901960784313726;0.1;0.0;0.1;0.1;0.0;0.0;0.1;0.0;0.0;0.1;0.20379852129824855;0.9823529411764705;0.884313725490196;0.44509803921568625;0.0;0.1;0.1;0.0;0.1;0.1;0.8215686274509804;1.0;0.10392156862745097;0.3289482941507182;0.6058823529411765;0.8764705882352941;0.8960784313725491;0.8568627450980393;0.1;0.0;0.1;0.1;0.1;0.1;0.1;0.0;0.09972658649698458;0.515686274509804;1.0;1.0;0.3313725490196079;0.1;0.0;0.1;0.0;0.0;0.1;0.2450980392156863;1.0;1.0;0.8960784313725491;1.0;0.8960784313725491;0.8960784313725491;1.0;0.8490196078431372;0.1;0.0;0.0;0.1;0.1;0.1;0.1;0.0;0.307843137254902;0.8882352941176471;0.8753188447269004;0.4134614911013387;0.1;0.1;0.1;0.0;0.11960784313725491;0.23333333333333334;0.5666666666666667;1.0;1.0;1.0;0.8529411764705882;0.8549132975075088;0.4764705882352941;0.6073723496588027;0.12352941176470589;0.0;0.0;0.0;0.0;0.1;0.1;0.1;0.1;0.0;0.8960784313725491;1.0;0.4254901960784314;0.1;0.1;0.1;0.10245405405946606;0.017647058823529405;0.5352941176470588;0.8960784313725491;0.8960784313725491;1.0;0.884313725490196;0.8450980392156863;0.021568627450980385;0.1;0.1;0.0;0.09936845972427855;0.0;0.0;0.0;0.0;0.1;0.0;0.1;0.1;0.1;0.3702046318620616;0.37058823529411766;0.1;0.0;0.1;0.11176470588235295;0.5666666666666667;1.0;0.8960784313725491;1.0;0.8960784313725491;0.503921568627451;0.10766581003216168;0.0;0.0;0.0;0.0;0.0;0.0;0.1;0.0;0.0;0.0;0.1;0.0;0.1;0.1;0.1;0.0;0.0;0.0;0.1;0.1;0.0;0.292156862745098;0.7274509803921568;0.8333333333333333;0.3274509803921568;0.09928740242490633;0.10784313725490197;0.1;0.1;0.1;0.0;0.0;0.1;0.0;0.1;0.1;0.0;0.0;0.1;0.0;0.0;0.1;0.0;0.0;0.0;0.0;0.1;0.1;0.0;0.0;0.13137254901960785;0.0;0.1;0.0;0.1;0.0;0.1;0.0;0.1;0.0;0.1;0.0;0.1;0.0;0.0;0.0;0.1;0.0;0.1;0.1;0.0;0.0;0.0;0.1;0.1;0.1;0.0;0.0;0.0;0.0;0.1;0.1;0.1;0.1;0.0;0.0;0.0;0.0;0.0;0.0;0.1;0.1;0.0;0.0;0.1;0.0;0.1;0.1;0.1;0.1;0.1;0.0;0.1;0.1;0.0;0.0;0.0;0.1;0.0;0.0;0.1;0.0;0.0;0.0;0.0;0.0;0.1;0.0;0.011019978379061969;0.0;0.0;0.0;0.0;0.1;0.1;0.1;0.1;0.1;0.0;0.0;0.1;0.1;0.0;0.0;0.0;0.0;0.1;0.1;0.1;0.1;0.0;0.0;0.0;0.1;0.1;0.1;0.0;0.0;0.0;0.0;0.1;0.0;0.1;0.1;0.0;0.0;0.1;0.0;0.0;0.0;0.0;0.1;0.1;0.0;0.1;0.0;0.1;0.1;0.0;0.0886761501584476;0.0;0.1;0.1;0.1;0.1;0.1;0.004683893773992155;0.1;0.0;0.0;0.1;0.1;0.0;0.0;0.1;0.1;0.0;0.0;0.0;0.0;0.1;0.1;0.0;0.0;0.0;0.0;0.0;0.0;0.0;0.0;0.1;0.1;0.1;0.1;0.1;0.1;0.0;0.1;0.0;0.1;0.0;0.0;0.1;0.0;0.1;0.0;0.0;0.1;0.0;0.1;0.1;0.1;0.1;0.1;0.0;0.1;0.0;0.1;0.0;8.691557724751212e-5;0.1;0.0;0.1;0.1;0.0;0.0;0.0;0.1;0.1;0.1;0.1;0.1;0.0;0.0;0.0;0.0;0.0;0.0;0.0;0.1;0.1;0.1;0.0;0.0;0.1;0.1;0.1;0.1;0.1;0.1;0.1;0.1;0.0;0.0;0.1;0.1;0.1;0.1;0.1;0.1;0.1;0.0;0.1;0.1;0.0;0.1;0.1;0.1;0.1;0.1;0.1;0.1;0.1;0.1;0.0;0.0;0.1;0.0;0.1;0.1;0.1,4.321353242,3.6776580810546875,0.0,0.0,0.62685154,0.347514869,0.21535113700000003,0.20311665534973145,0.41150040299999996,0.279336671,3.688098065,9626,155,155,0,4014,0,1593,656,3208,3724,0,0,3,4804,4718,86,3208,1510,0,1740,86,1129,4523,1,53501,,0.0
117,INFEASIBLE,certified_no_adversarial_example,feasibility,false,false,false,false,,,,0.740277962,0.02719879150390625,0.0,0.0,0.698405141,0.427288451,0.27324310999999996,0.2599632740020752,0.425162031,0.27111668999999994,0.038807703,9626,200,200,0,3999,0,1573,636,3218,4847,0,0,3,4804,4703,101,3218,1485,0,1770,101,1189,4628,,541,0,
118,INFEASIBLE,certified_no_adversarial_example,feasibility,false,false,false,false,,,,0.899459817,0.039392948150634766,0.0,0.0,0.843257494,0.548921591,0.386371651,0.36119627952575684,0.45688584300000007,0.294335903,0.053088045,9626,241,241,0,4049,0,1551,668,3117,6672,0,0,3,4804,4666,138,3117,1549,0,1844,138,1337,4887,,677,0,
119,INFEASIBLE,certified_no_adversarial_example,feasibility,false,false,false,false,,,,0.88887131,0.03926277160644531,0.0,0.0,0.825007389,0.5480736639999999,0.376556561,0.3607170581817627,0.448450828,0.27693372500000013,0.060760393,9626,243,243,0,4022,0,1552,642,3167,7013,0,0,3,4804,4670,134,3167,1503,0,1841,138,1330,4874,,603,0,
120,INFEASIBLE,certified_no_adversarial_example,feasibility,false,false,false,false,,,,0.787862795,0.03946852684020996,0.0,0.0,0.733422,0.450101357,0.257076391,0.24387741088867188,0.476345609,0.28332064300000004,0.051367565,9626,158,158,0,4065,0,1596,698,3109,4809,0,0,3,4804,4694,110,3109,1585,0,1792,113,1232,4703,,736,0,
121,INFEASIBLE,certified_no_adversarial_example,feasibility,false,false,false,false,,,,1.243281036,0.03643941879272461,0.0,0.0,1.189245925,0.5459918539999999,0.383408599,0.36785364151000977,0.805837326,0.6432540710000001,0.050933244,9626,229,229,0,4092,0,1561,692,3052,6320,0,0,3,4804,4659,145,3052,1607,0,1862,148,1372,4948,,551,0,
122,INFEASIBLE,certified_no_adversarial_example,feasibility,false,false,false,false,,,,1.125703612,0.256908655166626,0.0,0.0,0.850210539,0.5533175640000001,0.36850442299999997,0.3520350456237793,0.481706116,0.2968929749999999,0.272396193,9626,256,256,0,4035,0,1548,649,3138,6207,0,0,3,4804,4653,151,3138,1515,0,1874,154,1396,4990,,1336,0,
123,INFEASIBLE,certified_no_adversarial_example,feasibility,false,false,false,false,,,,0.779327459,0.023428678512573242,0.0,0.0,0.740842334,0.419861359,0.26444763400000004,0.2509927749633789,0.47639469999999995,0.320980975,0.035382355,9626,180,180,0,3997,0,1585,634,3230,5028,0,0,3,4804,4700,104,3230,1470,0,1779,106,1206,4658,,462,0,
124,INFEASIBLE,certified_no_adversarial_example,feasibility,false,false,false,false,,,,0.865665168,0.030970335006713867,0.0,0.0,0.81784269,0.521181702,0.357713285,0.3428525924682617,0.460129405,0.29666098799999996,0.044739506,9626,209,209,0,4062,0,1568,668,3119,7211,0,0,3,4804,4663,141,3119,1544,0,1854,144,1356,4920,,541,0,
125,INFEASIBLE,certified_no_adversarial_example,feasibility,false,false,false,false,,,,0.694500798,0.01769709587097168,0.0,0.0,0.661540451,0.387787434,0.232584273,0.21974921226501465,0.428956178,0.27375301700000004,0.029870301,9626,177,177,0,4046,0,1587,673,3143,4064,0,0,3,4804,4694,110,3143,1551,0,1788,110,1225,4691,,453,0,
126,INFEASIBLE,certified_no_adversarial_example,feasibility,false,false,false,false,,,,0.757210686,0.03505730628967285,0.0,0.0,0.707141572,0.42137122600000004,0.28313176799999995,0.2695913314819336,0.4240098040000001,0.285770346,0.04697329,9626,188,188,0,4032,0,1577,662,3167,5368,0,0,3,4804,4690,114,3167,1523,0,1796,114,1241,4719,,668,0,
127,INFEASIBLE,certified_no_adversarial_example,feasibility,false,false,false,false,,,,0.874008376,0.05821537971496582,0.0,0.0,0.799110574,0.49368379399999995,0.326161714,0.31082892417907715,0.47294885999999997,0.30542678,0.071789374,9626,221,221,0,4078,0,1566,708,3053,5698,0,0,3,4804,4665,139,3053,1612,0,1852,144,1352,4912,,886,0,
128,INFEASIBLE,certified_no_adversarial_example,feasibility,false,false,false,false,,,,0.81373984,0.024053335189819336,0.0,0.0,0.773726962,0.48388395900000003,0.32267065699999997,0.3090693950653076,0.45105630500000005,0.289843003,0.036907786,9626,189,189,0,4057,0,1579,688,3113,5678,0,0,3,4804,4685,119,3113,1572,0,1811,123,1270,4769,,442,0,
129,INFEASIBLE,certified_no_adversarial_example,feasibility,false,false,false,false,,,,0.81097116,0.03787517547607422,0.0,0.0,0.757352144,0.469831608,0.30896348599999995,0.2945411205291748,0.448388658,0.28752053599999994,0.050531269,9626,202,202,0,4093,0,1574,678,3079,5869,0,0,3,4804,4680,124,3079,1601,0,1821,128,1290,4804,,634,0,
130,INFEASIBLE,certified_no_adversarial_example,feasibility,false,false,false,false,,,,0.75151575,0.022893190383911133,0.0,0.0,0.712197295,0.414813754,0.2773968189999999,0.26381731033325195,0.43480047600000005,0.297383541,0.036196712,9626,191,191,0,4051,0,1581,673,3130,5164,0,0,3,4804,4676,128,3130,1546,0,1828,131,1304,4829,,462,0,
131,INFEASIBLE,certified_no_adversarial_example,feasibility,false,false,false,false,,,,0.83432901,0.03165769577026367,0.0,0.0,0.787120449,0.495282898,0.33831634200000005,0.3244647979736328,0.44880410699999995,0.291837551,0.044112697,9626,196,196,0,4074,0,1579,675,3102,5629,0,0,3,4804,4679,125,3102,1577,0,1818,125,1285,4796,,647,0,
132,INFEASIBLE,certified_no_adversarial_example,feasibility,false,false,false,false,,,,0.884100952,0.033266544342041016,0.0,0.0,0.834416823,0.5337972120000001,0.37635559500000004,0.3609790802001953,0.45806122799999993,0.3006196109999999,0.046627758,9626,214,214,0,4102,0,1567,680,3063,7598,0,0,3,4804,4660,144,3063,1597,0,1856,144,1361,4929,,586,0,
133,INFEASIBLE,certified_no_adversarial_example,feasibility,false,false,false,false,,,,0.972862075,0.01973104476928711,0.0,0.0,0.93974142,0.300284977,0.172607478,0.16100740432739258,0.7671339420000001,0.639456443,0.030051059,9626,136,136,0,4070,0,1607,700,3113,2397,0,0,3,4804,4730,74,3113,1617,0,1716,74,1081,4439,,506,0,
134,INFEASIBLE,certified_no_adversarial_example,feasibility,false,false,false,false,,,,0.773468195,0.03604722023010254,0.0,0.0,0.721594863,0.44303113800000005,0.29517986500000004,0.2817223072052002,0.42641499799999993,0.27856372499999993,0.048717756,9626,188,188,0,4061,0,1579,677,3121,4883,0,0,3,4804,4693,111,3121,1572,0,1793,113,1234,4707,,707,0,
135,INFEASIBLE,certified_no_adversarial_example,feasibility,false,false,false,false,,,,0.866059201,0.02643299102783203,0.0,0.0,0.821274792,0.523282581,0.33997141900000005,0.3244442939758301,0.4813033729999999,0.29799221099999995,0.041631298,9626,225,225,0,4074,0,1562,666,3099,6901,0,0,3,4804,4660,144,3099,1561,0,1860,147,1368,4941,,509,0,
136,INFEASIBLE,certified_no_adversarial_example,feasibility,false,false,false,false,,,,0.648980056,0.017261266708374023,0.0,0.0,0.618105701,0.299894871,0.163717124,0.15299081802368164,0.45438857699999996,0.31821082999999994,0.027746781,9626,126,126,0,4001,0,1614,661,3224,2839,0,0,3,4804,4729,75,3224,1505,0,1718,75,1085,4446,,438,0,
137,INFEASIBLE,certified_no_adversarial_example,feasibility,false,false,false,false,,,,0.789518681,0.026635408401489258,0.0,0.0,0.745978413,0.45933968700000005,0.29936171,0.28495192527770996,0.446616703,0.28663872599999995,0.04043663,9626,208,208,0,4053,0,1570,686,3109,5988,0,0,3,4804,4676,128,3109,1567,0,1827,130,1302,4826,,560,0,
138,INFEASIBLE,certified_no_adversarial_example,feasibility,false,false,false,false,,,,0.597934167,0.015686511993408203,0.0,0.0,0.569731736,0.297494223,0.17190704,0.16123127937316895,0.39782469600000003,0.27223751300000004,0.025135642,9626,129,129,0,4011,0,1608,647,3231,3007,0,0,3,4804,4738,66,3231,1507,0,1703,68,1054,4392,,394,0,
139,INFEASIBLE,certified_no_adversarial_example,feasibility,false,false,false,false,,,,0.862870135,0.02512192726135254,0.0,0.0,0.820706414,0.530231808,0.363955487,0.3479883670806885,0.456750927,0.29047460599999997,0.039114703,9626,243,243,0,4064,0,1553,666,3100,6314,0,0,3,4804,4657,147,3100,1557,0,1868,152,1384,4968,,456,0,
140,INFEASIBLE,certified_no_adversarial_example,feasibility,false,false,false,false,,,,0.861015505,0.02974867820739746,0.0,0.0,0.815772404,0.508819278,0.353780813,0.3396341800689697,0.4619915909999999,0.3069531259999999,0.042131564,9626,195,195,0,4056,0,1578,670,3127,6350,0,0,3,4804,4675,129,3127,1548,0,1826,129,1301,4824,,544,0,
141,INFEASIBLE,certified_no_adversarial_example,feasibility,false,false,false,false,,,,0.993673077,0.04540514945983887,0.0,0.0,0.931235995,0.651979512,0.474166906,0.45812273025512695,0.457069089,0.27925648299999994,0.059348507,9626,250,250,0,4021,0,1548,634,3173,8265,0,0,3,4804,4659,145,3173,1486,0,1862,148,1372,4948,,616,0,
142,INFEASIBLE,certified_no_adversarial_example,feasibility,false,false,false,false,,,,0.693820284,0.020431041717529297,0.0,0.0,0.658776719,0.38174936499999995,0.23110897700000002,0.21845698356628418,0.427667742,0.27702735400000006,0.031968265,9626,180,180,0,4025,0,1586,670,3165,3842,0,0,3,4804,4700,104,3165,1535,0,1779,106,1206,4658,,439,0,
143,INFEASIBLE,certified_no_adversarial_example,feasibility,false,false,false,false,,,,0.94177719,0.03199911117553711,0.0,0.0,0.891924144,0.5835779209999999,0.4069819189999999,0.3906440734863281,0.48494222500000006,0.30834622300000003,0.046764261,9626,248,248,0,4053,0,1551,686,3088,7346,0,0,3,4804,4644,160,3088,1556,0,1891,162,1430,5050,,498,0,
144,INFEASIBLE,certified_no_adversarial_example,feasibility,false,false,false,false,,,,0.578174914,0.018880128860473633,0.0,0.0,0.546576338,0.292485633,0.16018925,0.14923858642578125,0.38638708800000005,0.25409070500000003,0.028491266,9626,131,131,0,3977,0,1610,639,3269,2459,0,0,3,4804,4734,70,3269,1465,0,1708,70,1065,4411,,454,0,
145,INFEASIBLE,certified_no_adversarial_example,feasibility,false,false,false,false,,,,0.853977915,0.041213274002075195,0.0,0.0,0.797072712,0.512438682,0.3438855389999999,0.32875800132751465,0.45318717300000005,0.28463403,0.053784438,9626,215,215,0,4045,0,1566,674,3126,6369,0,0,3,4804,4679,125,3126,1553,0,1821,127,1290,4805,,719,0,
146,INFEASIBLE,certified_no_adversarial_example,feasibility,false,false,false,false,,,,0.627687915,0.017125368118286133,0.0,0.0,0.597484098,0.287629898,0.169801894,0.1586153507232666,0.427682204,0.3098542,0.027148026,9626,136,136,0,3976,0,1609,649,3256,2840,0,0,3,4804,4727,77,3256,1471,0,1722,77,1093,4460,,461,0,
147,INFEASIBLE,certified_no_adversarial_example,feasibility,false,false,false,false,,,,1.095474541,0.025405406951904297,0.0,0.0,1.05360162,0.768012569,0.284047768,0.26998019218444824,0.769553852,0.285589051,0.038789089,9626,193,193,0,4081,0,1576,685,3091,5312,0,0,3,4804,4674,130,3091,1583,0,1833,134,1314,4846,,495,0,
148,INFEASIBLE,certified_no_adversarial_example,feasibility,false,false,false,false,,,,0.844325657,0.024086475372314453,0.0,0.0,0.803090926,0.504202589,0.330660194,0.31627511978149414,0.47243073199999996,0.29888833699999995,0.038158073,9626,199,199,0,4111,0,1575,711,3030,6461,0,0,3,4804,4671,133,3030,1641,0,1837,135,1322,4861,,502,0,
149,INFEASIBLE,certified_no_adversarial_example,feasibility,false,false,false,false,,,,1.00671777,0.06013131141662598,0.0,0.0,0.928835475,0.6241411539999999,0.435771232,0.4192032814025879,0.49306424299999996,0.30469432100000005,0.074805897,9626,251,251,0,4052,0,1549,664,3110,7731,0,0,3,4804,4654,150,3110,1544,0,1872,153,1392,4983,,894,0,
150,OPTIMAL,adversarial_example_found_or_best_known,feasibility,true,true,true,true,-2.0761170560490427e-14,-10.879798654035238;-8.940337491716239;0.4675155938353881;-3.298804743813892;-4.251512926917345;-6.7199891162455145;-8.596462465820661;-8.894608976361882;-6.5301658441409645;0.46751559383536734,0.0;0.1;0.1;0.0;0.0;0.1;0.1;0.1;0.1;0.0;0.0;0.1;0.1;0.0;0.0;0.0;0.0;0.1;0.1;0.0;0.0;0.1;0.1;0.0;0.0;0.1;0.1;0.0;0.0;0.1;0.1;0.0;0.1;0.1;0.1;0.0;0.1;0.0;0.1;0.1;0.1;0.1;0.1;0.0;0.0;0.0;0.0;0.0;0.0;0.0;0.1;0.0;0.1;0.1;0.1;0.1;0.0;0.1;0.1;0.0;0.0;0.1;0.1;0.0;0.1;0.0;0.0;0.1;0.1;0.1;0.1;0.0;0.0;0.1;0.1;0.0;0.0;0.1;0.1;0.0;0.0;0.1;0.1;0.0;0.0;0.0;0.0;0.0;0.0;0.1;0.0;0.0;0.1;0.0;0.1;0.0;0.1;0.1;0.1;0.1;0.0;0.1;0.0;0.0;0.0;0.0;0.1;0.0;0.1;0.0;0.1;0.0;0.0;0.1;0.0;0.0;0.0;0.1;0.1;0.0;0.1;0.0;0.0;0.0;0.0;0.1;0.1;0.1;0.1;0.1;0.1;0.1;0.0;0.0;0.0;0.0;0.0;0.1;0.1;0.1;0.1;0.1;0.1;0.0;0.1;0.1;0.1;0.1;0.1;0.0;0.1;0.0;0.1;0.0;0.0;0.0;0.0;0.0;0.1;0.1;0.0;0.0;0.0;0.0;0.0;0.0;0.1;0.0;0.0;0.1;0.1;0.0;0.0;0.0;0.0;0.1;0.1;0.0;0.0;0.1;0.1;0.1;0.3313725490196079;0.6803921568627451;0.5975497781042575;0.10784313725490197;0.0;0.1;0.1;0.0;0.0;0.0;0.0;0.1;0.1;0.0;0.1;0.1;0.1;0.0;0.0;0.0;0.0;0.1;0.1;0.0;0.0;0.1;0.15098039215686276;0.40588235294117647;1.0;0.7769652713642599;0.5235294117647059;0.9745098039215686;0.43092833489448795;0.10256329882915469;0.0;0.1;0.0;0.02348630156185427;0.04688538116859655;0.0;0.1;0.1;0.0;0.1;0.1;0.0;0.0;0.0;0.0;0.1;0.1;0.0;0.1;0.1;0.48431372549019613;0.5588235294117647;0.19411764705882353;0.0;0.0;0.20196078431372547;0.8921568627450981;0.8490196078431372;0.10179638677537997;0.1;0.0;0.1;0.0;0.0;0.0;0.0;0.09790392560505658;0.1;0.1;0.1;0.0;0.0;0.0;0.1;0.1;0.0;0.1;0.14441894026792923;1.0;0.4019607843137255;0.0;0.0;0.1;0.1;0.7705882352941176;0.7196078431372549;0.0;0.1;0.1;0.1;0.0;0.1;0.1;0.0;0.1;0.1;0.1;0.1;0.0;0.0;0.0;0.1;0.1;0.0;0.1;0.5470588235294118;0.8450980392156863;0.017647058823529405;0.0;0.0;0.0;0.3941176470588236;1.0;0.4764705882352941;0.1;0.1;0.1;0.1;0.1;0.1;0.0;0.0;0.1;0.1;0.1;0.1;0.0;0.0;0.1980392156862745;0.18529351785928483;0.1;0.0;0.1;0.7313285448843986;0.8596234628088945;0.1;0.0;0.0;0.21764705882352942;0.7794062844507679;0.8871856162865377;0.0;0.0;0.0;0.0;0.0;0.06620804646864425;0.1;0.1;0.1;0.0;0.1;0.1;0.1;0.1;0.0;1.0;0.44509803921568625;0.0;0.0;0.0;0.5235294117647059;0.9823529411764705;0.12352941176470589;0.0;0.18627450980392155;0.7901960784313725;0.896078431372549;0.09593830483852225;0.1;0.0;0.0;0.0;0.1;0.1;0.1;0.1;0.0;0.0;0.1;0.1;0.1;0.1;0.0;0.9549019607843137;0.7784313725490196;0.0;0.0;0.0;0.3941176470588236;0.8960784313725491;0.20196078431372547;0.24901960784313723;0.7941176470588236;0.8940706333589197;0.17922512891361067;0.0;0.0;0.1;0.0;0.0;0.1;0.1;0.1;0.1;0.0;0.0;0.1;0.1;0.0;0.0;0.0;0.4073307719533339;0.8882352941176471;0.17450980392156865;0.0;0.0;0.1627450980392157;0.9980392156862745;0.8960784313725491;0.8960784313725491;0.703921568627451;0.0;0.1;0.1;0.0;0.0;0.0;0.0;0.0;0.1;0.1;0.1;0.0;0.0;0.1;0.1;0.0;0.1;0.0;0.0;0.6568627450980392;1.0;0.3937463851588713;0.0;0.17581433744800273;0.8727448020511372;1.0;0.8620831549826306;0.0;0.1;0.1;0.0;0.0;0.0;0.0;0.0;0.0;0.0;0.1;0.1;0.1;0.0;0.1;0.1;0.0;0.0;0.0;0.09712826532720466;0.04901960784313725;0.8958776429442781;0.884313725490196;0.9352941176470588;0.7823529411764706;0.5666666666666667;0.6294117647058823;0.8725490196078431;0.2058823529411765;0.0;0.1;0.1;0.0;0.0;0.0;0.0;0.0;0.0;0.1;0.1;0.1;0.0;0.1;0.1;0.0;0.1;0.1;0.1;0.0;0.005882352941176464;0.32146614814157515;0.5745098039215686;0.2568627450980392;0.09542818960951481;0.10386248521501773;0.968779968462077;0.8007487247448786;0.04117647058823529;0.1;0.1;0.1;0.0;0.0;0.0;0.0;0.0;0.0;0.0;0.0;0.0;0.1;0.1;0.0;0.0;0.1;0.1;0.0;0.0;0.1;0.0;0.0;0.0;0.0;0.3156862745098039;0.8647058823529412;0.7666666666666667;0.2411764705882353;0.1;0.1;0.1;0.0;0.0;0.0;0.0;0.0;0.1;0.1;0.1;0.1;0.1;0.1;0.09323971124732885;0.0;0.1;0.0;0.1;0.1;0.1;0.0;0.1;0.0;0.0;0.05686274509803921;0.8953278289978512;0.7876833192053174;0.10141109446676637;0.1;0.0;0.1;0.0;0.1;0.010029998165705446;0.0;0.0;0.1;0.0;0.1;0.1;0.1;0.1;0.1;0.1;0.0;0.0;0.1;0.1;0.0;0.0;0.1;0.0;0.1;0.017647058823529405;0.7431372549019608;0.8450980392156863;0.3784313725490196;0.1;0.1;0.0;0.1;0.1;0.0;0.0;0.1;0.1;0.1;0.1;0.1;0.0;0.1;0.0;0.0;0.1;0.1;0.1;0.1;0.0;0.0;0.0;0.0;0.1;0.0;0.6019607843137255;1.0;0.0607843137254902;0.1;0.0;0.1;0.0;0.0;0.010267484776122736;0.0;0.0;0.1;0.1;0.0;0.0;0.1;0.0;0.0;0.0;0.1;0.1;0.1;0.0;0.1;0.0;0.0;0.0;0.1;0.13529411764705884;0.9156862745098039;0.8607843137254902;0.2529411764705882;0.1;0.1;0.1;0.0;0.0;0.0;0.1;0.0;0.03807496214028144;0.0;0.1;0.0;0.1;0.0;0.1;0.1;0.1;0.1;0.1;0.0;0.08708866920628222;0.0;0.1;0.0;0.0;0.0;0.6294117647058823;1.0;0.47298480035333906;0.10242061774085363;0.0;0.0;0.1;0.1;0.0;0.0;0.1;0.1;0.0;0.0;0.0;0.0;0.0;0.0;0.0;0.0;0.1;0.1;0.1;0.0;0.0;0.0;0.0;0.0;0.0;0.3313725490196079;1.0;0.8647058823529411;0.0;0.1;0.1;0.0;0.1;0.0;0.0;0.0;0.1;0.1;0.1;0.0;0.005915634584997951;0.0;0.1;0.1;0.0;0.1;0.1;0.1;0.1;0.0;0.0;0.0;0.0;0.0;0.41764705882352937;0.7830581929897312;0.0;0.1;0.1;0.0;0.0;0.0;0.1;0.1;0.0;0.1;0.1;0.0;0.0;0.1;0.1;0.1;0.1;0.1;0.0;0.0;0.0;0.0;0.0;0.0;0.0;0.0;0.0;0.0;0.0;0.0;0.1;0.1;0.1;0.0;0.1;0.0;0.0;0.1;0.0;0.0;0.0;0.1;0.0;0.1;0.0;0.0;0.0;0.0;0.1;0.1;0.0;0.1;0.0;0.0;0.0;0.0;0.0;0.0;0.0;0.0,1.443684377,0.4047060012817383,0.0,0.0,1.018670333,0.666654045,0.49654591300000006,0.47864484786987305,0.5221244199999999,0.35201628799999996,0.418603758,9626,279,279,0,4041,0,1527,632,3147,10037,0,0,3,4804,4645,159,3147,1498,0,1886,159,1421,5034,1,1591,,0.0
151,INFEASIBLE,certified_no_adversarial_example,feasibility,false,false,false,false,,,,0.793239002,0.03187918663024902,0.0,0.0,0.745668771,0.4677315230000001,0.28998938600000007,0.2760193347930908,0.4556793849999999,0.27793724799999986,0.044489926,9626,198,198,0,4041,0,1573,667,3147,5264,0,0,3,4804,4682,122,3147,1535,0,1816,125,1280,4787,,553,0,
152,INFEASIBLE,certified_no_adversarial_example,feasibility,false,false,false,false,,,,1.133482002,0.24671006202697754,0.0,0.0,0.868962741,0.567530919,0.39009529900000006,0.37342190742492676,0.478867442,0.30143182200000007,0.261416065,9626,247,247,0,4084,0,1552,689,3054,7202,0,0,3,4804,4639,165,3054,1585,0,1901,167,1450,5085,,994,0,
153,INFEASIBLE,certified_no_adversarial_example,feasibility,false,false,false,false,,,,0.775927505,0.022688865661621094,0.0,0.0,0.737305883,0.452511477,0.31218193099999997,0.2857353687286377,0.425123952,0.284794406,0.035533693,9626,199,199,0,4039,0,1577,696,3115,5666,0,0,3,4804,4673,131,3115,1558,0,1834,134,1316,4850,,478,0,
154,INFEASIBLE,certified_no_adversarial_example,feasibility,false,false,false,false,,,,0.952002994,0.03057384490966797,0.0,0.0,0.904742622,0.599501951,0.425812713,0.40879201889038086,0.478929909,0.30524067099999996,0.044182602,9626,260,260,0,4032,0,1545,676,3113,6307,0,0,3,4804,4660,144,3113,1547,0,1860,147,1368,4941,,502,0,
155,INFEASIBLE,certified_no_adversarial_example,feasibility,false,false,false,false,,,,0.668637403,0.0422365665435791,0.0,0.0,0.612080091,0.358877936,0.221616031,0.2088911533355713,0.39046406000000006,0.25320215500000004,0.053498849,9626,178,178,0,3978,0,1586,624,3260,3532,0,0,3,4804,4706,98,3260,1446,0,1770,103,1188,4625,,730,0,
156,INFEASIBLE,certified_no_adversarial_example,feasibility,false,false,false,false,,,,0.783792233,0.023533105850219727,0.0,0.0,0.744891301,0.45323942800000006,0.30054677700000004,0.28595495223999023,0.44434452399999996,0.29165187299999995,0.035822562,9626,209,209,0,4073,0,1566,670,3108,5599,0,0,3,4804,4680,124,3108,1572,0,1821,128,1290,4804,,473,0,
157,INFEASIBLE,certified_no_adversarial_example,feasibility,false,false,false,false,,,,0.924810333,0.02753925323486328,0.0,0.0,0.880240708,0.572113197,0.40477335000000003,0.3887207508087158,0.47546735799999995,0.308127511,0.041502765,9626,249,249,0,4043,0,1549,662,3123,8404,0,0,3,4804,4649,155,3123,1526,0,1883,159,1414,5021,,436,0,
158,INFEASIBLE,certified_no_adversarial_example,feasibility,false,false,false,false,,,,0.882893795,0.04559826850891113,0.0,0.0,0.821365924,0.474518409,0.32158697199999997,0.3068125247955322,0.499778952,0.346847515,0.058473584,9626,218,218,0,4037,0,1564,671,3136,5637,0,0,3,4804,4675,129,3136,1539,0,1832,134,1312,4842,,724,0,
159,INFEASIBLE,certified_no_adversarial_example,feasibility,false,false,false,false,,,,1.108749335,0.02764129638671875,0.0,0.0,1.065864082,0.784159652,0.290199791,0.2757441997528076,0.775664291,0.28170443,0.039767618,9626,204,204,0,4037,0,1572,679,3134,5293,0,0,3,4804,4684,120,3134,1550,0,1808,120,1265,4761,,546,0,
160,INFEASIBLE,certified_no_adversarial_example,feasibility,false,false,false,false,,,,0.69602167,0.03137516975402832,0.0,0.0,0.65016904,0.39437497699999996,0.24703996300000003,0.23446941375732422,0.40312907699999995,0.255794063,0.042758207,9626,158,158,0,4004,0,1594,647,3223,5069,0,0,3,4804,4710,94,3223,1487,0,1759,96,1166,4588,,649,0,
161,INFEASIBLE,certified_no_adversarial_example,feasibility,false,false,false,false,,,,0.731214203,0.02757740020751953,0.0,0.0,0.688059145,0.40259764800000003,0.24754384399999993,0.23433446884155273,0.440515301,0.28546149699999995,0.040047971,9626,186,186,0,4044,0,1581,675,3140,5033,0,0,3,4804,4692,112,3140,1552,0,1796,115,1240,4717,,523,0,
162,INFEASIBLE,certified_no_adversarial_example,feasibility,false,false,false,false,,,,0.966789355,0.028636693954467773,0.0,0.0,0.922027491,0.635449229,0.4163209309999999,0.4005913734436035,0.5057065600000001,0.28657826200000003,0.041673143,9626,225,225,0,4066,0,1560,664,3111,8097,0,0,3,4804,4667,137,3111,1556,0,1842,137,1333,4880,,565,0,
163,INFEASIBLE,certified_no_adversarial_example,feasibility,false,false,false,false,,,,0.732382943,0.022597312927246094,0.0,0.0,0.695044026,0.38833489499999996,0.237010277,0.22352290153503418,0.45803374900000005,0.3067091310000001,0.034289489,9626,175,175,0,4077,0,1586,710,3078,4037,0,0,3,4804,4694,110,3078,1616,0,1791,112,1230,4700,,483,0,
164,INFEASIBLE,certified_no_adversarial_example,feasibility,false,false,false,false,,,,0.686631933,0.021629810333251953,0.0,0.0,0.651213438,0.359460235,0.21928484799999998,0.20673489570617676,0.43192859,0.29175320299999996,0.032357495,9626,161,161,0,4049,0,1596,689,3131,3458,0,0,3,4804,4707,97,3131,1576,0,1762,97,1173,4600,,522,0,
165,INFEASIBLE,certified_no_adversarial_example,feasibility,false,false,false,false,,,,1.008418025,0.05569171905517578,0.0,0.0,0.936009875,0.628356076,0.456306259,0.4395484924316406,0.479703616,0.307653799,0.069335047,9626,264,264,0,4044,0,1539,653,3126,8368,0,0,3,4804,4657,147,3126,1531,0,1868,152,1384,4968,,823,0,
166,INFEASIBLE,certified_no_adversarial_example,feasibility,false,false,false,false,,,,0.822926736,0.029527902603149414,0.0,0.0,0.777471769,0.486133854,0.318652793,0.3042280673980713,0.45881897600000005,0.29133791500000006,0.042339285,9626,196,196,0,4075,0,1578,695,3082,5415,0,0,3,4804,4673,131,3082,1591,0,1834,134,1316,4850,,532,0,
167,INFEASIBLE,certified_no_adversarial_example,feasibility,false,false,false,false,,,,0.87570166,0.037603139877319336,0.0,0.0,0.821743397,0.5145274679999999,0.3643925130000001,0.3488292694091797,0.4573508839999999,0.30721592900000005,0.05090161,9626,238,238,0,4053,0,1554,652,3129,7140,0,0,3,4804,4659,145,3129,1530,0,1861,147,1370,4945,,610,0,
168,INFEASIBLE,certified_no_adversarial_example,feasibility,false,false,false,false,,,,0.934550044,0.17657804489135742,0.0,0.0,0.742159199,0.460170426,0.2980318679999999,0.2837190628051758,0.4441273310000001,0.281988773,0.189284249,9626,212,212,0,4030,0,1566,655,3163,5486,0,0,3,4804,4684,120,3163,1521,0,1811,122,1270,4770,,912,0,
169,INFEASIBLE,certified_no_adversarial_example,feasibility,false,false,false,false,,,,0.643792511,0.019297122955322266,0.0,0.0,0.610783663,0.35426245700000003,0.210547516,0.19849562644958496,0.400236147,0.25652120599999995,0.029939129,9626,166,166,0,3994,0,1591,646,3229,3468,0,0,3,4804,4716,88,3229,1487,0,1744,88,1137,4537,,470,0,
170,INFEASIBLE,certified_no_adversarial_example,feasibility,false,false,false,false,,,,0.700511164,0.024365663528442383,0.0,0.0,0.662248114,0.386298791,0.23575686199999996,0.2230391502380371,0.4264912520000001,0.2759493230000001,0.035193302,9626,184,184,0,4025,0,1579,667,3171,4134,0,0,3,4804,4708,96,3171,1537,0,1760,96,1169,4593,,546,0,
171,INFEASIBLE,certified_no_adversarial_example,feasibility,false,false,false,false,,,,0.99451315,0.023866653442382812,0.0,0.0,0.957250557,0.31199319200000003,0.18958646799999998,0.17775917053222656,0.7676640889999999,0.645257365,0.034175523,9626,150,150,0,4017,0,1601,667,3191,2956,0,0,3,4804,4715,89,3191,1524,0,1746,89,1141,4544,,584,0,
172,INFEASIBLE,certified_no_adversarial_example,feasibility,false,false,false,false,,,,0.676452586,0.0282137393951416,0.0,0.0,0.633438192,0.364099189,0.22465301900000006,0.2114706039428711,0.4087851729999999,0.26933900299999997,0.039946891,9626,168,168,0,4072,0,1591,654,3141,4263,0,0,3,4804,4702,102,3141,1561,0,1777,106,1202,4650,,537,0,
173,INFEASIBLE,certified_no_adversarial_example,feasibility,false,false,false,false,,,,0.884122547,0.04225778579711914,0.0,0.0,0.824243077,0.5180557379999999,0.33624995800000007,0.32132530212402344,0.4879931189999999,0.30618733900000006,0.056787652,9626,207,207,0,4090,0,1570,707,3052,7196,0,0,3,4804,4656,148,3052,1604,0,1867,150,1382,4966,,753,0,
174,INFEASIBLE,certified_no_adversarial_example,feasibility,false,false,false,false,,,,1.398618623,0.08423471450805664,0.0,0.0,1.29486269,0.96654002,0.6994990510000001,0.6800448894500732,0.5953636389999999,0.3283226699999999,0.100676387,9626,308,308,0,4061,0,1518,667,3072,11561,0,0,3,4804,4607,197,3072,1535,0,1969,203,1586,5321,,981,0,
175,INFEASIBLE,certified_no_adversarial_example,feasibility,false,false,false,false,,,,0.661344849,0.01993846893310547,0.0,0.0,0.626896998,0.357005871,0.22434632200000004,0.2115321159362793,0.40255067599999994,0.269891127,0.03138675,9626,164,164,0,4044,0,1592,680,3146,4352,0,0,3,4804,4702,102,3146,1556,0,1772,102,1193,4635,,486,0,
176,INFEASIBLE,certified_no_adversarial_example,feasibility,false,false,false,false,,,,0.985402219,0.26377081871032715,,0.0,0.707091373,0.41751959399999994,0.272473111,0.25942492485046387,0.43461826200000003,0.2895717790000001,0.275241229,9626,195,195,0,3975,0,1579,626,3251,4784,0,0,3,4804,4698,106,3251,1447,0,1784,109,1216,4675,,1287,0,
177,INFEASIBLE,certified_no_adversarial_example,feasibility,false,false,false,false,,,,0.789139067,0.03704237937927246,0.0,0.0,0.736328987,0.46950726600000003,0.296181983,0.2822239398956299,0.44014700400000006,0.266821721,0.049724422,9626,228,228,0,3971,0,1561,619,3247,4323,0,0,3,4804,4686,118,3247,1439,0,1812,125,1272,4771,,538,0,
178,INFEASIBLE,certified_no_adversarial_example,feasibility,false,false,false,false,,,,0.851226315,0.05083632469177246,0.0,0.0,0.7831109,0.49811164499999994,0.33916219799999997,0.3242948055267334,0.4439487020000001,0.2849992550000001,0.065049696,9626,221,221,0,4056,0,1565,669,3115,6378,0,0,3,4804,4662,142,3115,1547,0,1860,149,1368,4939,,716,0,
179,INFEASIBLE,certified_no_adversarial_example,feasibility,false,false,false,false,,,,0.654204685,0.028592824935913086,0.0,0.0,0.611052034,0.33587243099999997,0.205562212,0.19430971145629883,0.40548982199999994,0.275179603,0.039989931,9626,146,146,0,3992,0,1602,642,3244,4121,0,0,3,4804,4717,87,3244,1473,0,1747,91,1142,4545,,542,0,
180,INFEASIBLE,certified_no_adversarial_example,feasibility,false,false,false,false,,,,0.751187319,0.023911476135253906,0.0,0.0,0.711302334,0.427786786,0.2774305,0.2635233402252197,0.43387183399999996,0.283515548,0.036772548,9626,190,190,0,4089,0,1580,692,3075,5453,0,0,3,4804,4674,130,3075,1599,0,1828,130,1305,4831,,518,0,
181,INFEASIBLE,certified_no_adversarial_example,feasibility,false,false,false,false,,,,0.570611973,0.01950550079345703,0.0,0.0,0.538153674,0.284442466,0.16104592700000003,0.14998698234558105,0.377107747,0.253711208,0.029370147,9626,136,136,0,3983,0,1608,648,3251,2288,0,0,3,4804,4734,70,3251,1483,0,1711,72,1070,4420,,435,0,
182,INFEASIBLE,certified_no_adversarial_example,feasibility,false,false,false,false,,,,0.844443421,0.02687978744506836,0.0,0.0,0.80136109,0.493413803,0.337467908,0.32235097885131836,0.463893182,0.307947287,0.040001052,9626,218,218,0,4070,0,1562,680,3096,6076,0,0,3,4804,4672,132,3096,1576,0,1837,136,1322,4860,,491,0,
183,INFEASIBLE,certified_no_adversarial_example,feasibility,false,false,false,false,,,,0.727610341,0.0220944881439209,0.0,0.0,0.69082526,0.374397225,0.23333489699999999,0.22014880180358887,0.457490363,0.316428035,0.033732787,9626,173,173,0,4017,0,1590,661,3185,4356,0,0,3,4804,4696,108,3185,1511,0,1788,111,1224,4689,,477,0,
184,INFEASIBLE,certified_no_adversarial_example,feasibility,false,false,false,false,,,,0.999778105,0.026598215103149414,0.0,0.0,0.958489571,0.34203712399999997,0.21374450599999995,0.20138216018676758,0.744745065,0.616452447,0.038211203,9626,169,169,0,4084,0,1591,724,3058,3080,0,0,3,4804,4706,98,3058,1648,0,1767,100,1182,4616,,577,0,
185,INFEASIBLE,certified_no_adversarial_example,feasibility,false,false,false,false,,,,1.19114389,0.25615906715393066,0.0,0.0,0.91701509,0.618073032,0.43995135500000004,0.42328476905822754,0.477063735,0.29894205800000007,0.270995765,9626,252,252,0,4064,0,1547,678,3085,8154,0,0,3,4804,4652,152,3085,1567,0,1875,154,1398,4994,,1118,0,
186,INFEASIBLE,certified_no_adversarial_example,feasibility,false,false,false,false,,,,0.859399402,0.041133880615234375,0.0,0.0,0.802046336,0.520256697,0.33510485899999987,0.31970906257629395,0.4669414770000001,0.281789639,0.05427186,9626,221,221,0,4046,0,1559,647,3153,7096,0,0,3,4804,4682,122,3153,1529,0,1812,122,1273,4775,,749,0,
187,INFEASIBLE,certified_no_adversarial_example,feasibility,false,false,false,false,,,,0.880534304,0.04078793525695801,0.0,0.0,0.824439285,0.47237139100000003,0.3084448489999999,0.2943601608276367,0.5159944360000001,0.35206789399999994,0.053007722,9626,193,193,0,4093,0,1580,695,3065,5118,0,0,3,4804,4683,121,3065,1618,0,1813,123,1274,4777,,759,0,
188,INFEASIBLE,certified_no_adversarial_example,feasibility,false,false,false,false,,,,0.860263093,0.03550148010253906,0.0,0.0,0.808593367,0.493509731,0.32875415599999996,0.3139209747314453,0.479839211,0.31508363599999994,0.048585103,9626,208,208,0,4069,0,1567,700,3082,6123,0,0,3,4804,4666,138,3082,1584,0,1847,140,1342,4896,,583,0,
189,INFEASIBLE,certified_no_adversarial_example,feasibility,false,false,false,false,,,,0.784471244,0.03290891647338867,0.0,0.0,0.724816675,0.43878316399999995,0.291954053,0.2785491943359375,0.43286262200000003,0.2860335110000001,0.056555619,9626,174,174,0,4097,0,1586,703,3066,5634,0,0,3,4804,4690,114,3066,1624,0,1799,116,1246,4728,,607,0,
190,INFEASIBLE,certified_no_adversarial_example,feasibility,false,false,false,false,,,,0.640228527,0.025725841522216797,0.0,0.0,0.60078215,0.343536726,0.21928585299999998,0.20753002166748047,0.38149629700000004,0.257245424,0.036384516,9626,157,157,0,3977,0,1598,637,3257,3888,0,0,3,4804,4711,93,3257,1454,0,1754,93,1157,4572,,571,0,
191,INFEASIBLE,certified_no_adversarial_example,feasibility,false,false,false,false,,,,0.582284338,0.017463207244873047,0.0,0.0,0.551896787,0.298984226,0.16458638,0.15381622314453125,0.38731040699999997,0.252912561,0.027262612,9626,125,125,0,4018,0,1612,655,3216,2890,0,0,3,4804,4737,67,3216,1521,0,1702,67,1053,4390,,466,0,
192,INFEASIBLE,certified_no_adversarial_example,feasibility,false,false,false,false,,,,0.575095879,0.019298553466796875,0.0,0.0,0.542574089,0.295236041,0.16381481,0.15236616134643555,0.37875927900000006,0.24733804800000003,0.029431386,9626,147,147,0,3983,0,1603,632,3261,2457,0,0,3,4804,4727,77,3261,1466,0,1726,80,1100,4472,,433,0,
193,INFEASIBLE,certified_no_adversarial_example,feasibility,false,false,false,false,,,,0.789715395,0.034740447998046875,0.0,0.0,0.739301271,0.43241440600000003,0.292294263,0.27794504165649414,0.447007008,0.30688686499999995,0.047329611,9626,197,197,0,4086,0,1576,688,3079,5582,0,0,3,4804,4666,138,3079,1587,0,1844,138,1337,4887,,678,0,
194,INFEASIBLE,certified_no_adversarial_example,feasibility,false,false,false,false,,,,1.288258165,0.32466578483581543,0.0,0.0,0.945911128,0.646692094,0.4639452889999999,0.4470479488372803,0.48196583900000006,0.29921903399999994,0.339222059,9626,266,266,0,4043,0,1542,637,3138,8471,0,0,3,4804,4641,163,3138,1503,0,1900,168,1448,5080,,1020,0,
195,INFEASIBLE,certified_no_adversarial_example,feasibility,false,false,false,false,,,,1.030016118,0.028348445892333984,0.0,0.0,0.984050194,0.676929651,0.49455455700000006,0.47760677337646484,0.489495637,0.307120543,0.042833621,9626,257,257,0,4085,0,1544,667,3073,8405,0,0,3,4804,4641,163,3073,1568,0,1900,168,1448,5080,,412,0,
196,INFEASIBLE,certified_no_adversarial_example,feasibility,false,false,false,false,,,,0.79767974,0.042365312576293945,0.0,0.0,0.738759571,0.46578467999999995,0.31474129900000003,0.30054140090942383,0.424018272,0.27297489100000005,0.055830926,9626,204,204,0,4001,0,1571,632,3218,6460,0,0,3,4804,4673,131,3218,1455,0,1837,137,1322,4859,,624,0,
197,INFEASIBLE,certified_no_adversarial_example,feasibility,false,false,false,false,,,,0.589764207,0.017070770263671875,0.0,0.0,0.559179434,0.289345649,0.17105896800000003,0.15981101989746094,0.388120466,0.26983378500000005,0.027496822,9626,145,145,0,4005,0,1604,648,3224,2679,0,0,3,4804,4728,76,3224,1504,0,1720,76,1089,4453,,444,0,
198,INFEASIBLE,certified_no_adversarial_example,feasibility,false,false,false,false,,,,0.89759996,0.014197349548339844,0.0,0.0,0.870551665,0.23333352499999999,0.12217447500000003,0.11166858673095703,0.74837719,0.6372181400000001,0.023959424,9626,108,108,0,4042,0,1622,688,3166,1670,0,0,3,4804,4744,60,3166,1578,0,1688,60,1025,4341,,447,0,
199,INFEASIBLE,certified_no_adversarial_example,feasibility,false,false,false,false,,,,0.755918197,0.022258281707763672,0.0,0.0,0.719141184,0.45069008,0.30412223199999994,0.2902791500091553,0.4150189520000001,0.26845110400000005,0.03370868,9626,194,194,0,4026,0,1573,649,3184,5671,0,0,3,4804,4700,104,3184,1516,0,1776,104,1201,4649,,513,0,
200,INFEASIBLE,certified_no_adversarial_example,feasibility,false,false,false,false,,,,0.756033253,0.03862738609313965,0.0,0.0,0.702197689,0.416114865,0.25624034900000003,0.2439253330230713,0.44595734,0.286082824,0.05077215,9626,156,156,0,4085,0,1599,680,3106,4610,0,0,3,4804,4698,106,3106,1592,0,1780,106,1209,4663,,733,0,
201,INFEASIBLE,certified_no_adversarial_example,feasibility,false,false,false,false,,,,0.827034068,0.0424497127532959,0.0,0.0,0.769474026,0.416370263,0.251756,0.23827004432678223,0.517718026,0.353103763,0.054462504,9626,179,179,0,4140,0,1586,714,3007,5033,0,0,3,4804,4685,119,3007,1678,0,1811,123,1270,4769,,767,0,
202,INFEASIBLE,certified_no_adversarial_example,feasibility,false,false,false,false,,,,0.905702344,0.0374600887298584,0.0,0.0,0.851075694,0.5568865199999999,0.39419273000000005,0.37772226333618164,0.456882964,0.2941891740000001,0.051538299,9626,240,240,0,4080,0,1553,675,3078,6912,0,0,3,4804,4656,148,3078,1578,0,1867,150,1382,4966,,622,0,
203,INFEASIBLE,certified_no_adversarial_example,feasibility,false,false,false,false,,,,0.660829942,0.0217440128326416,0.0,0.0,0.625614882,0.36665726600000004,0.20761669200000002,0.19644474983215332,0.41799819000000005,0.258957616,0.032157757,9626,144,144,0,3987,0,1605,636,3254,3103,0,0,3,4804,4723,81,3254,1469,0,1734,84,1116,4500,,470,0,
204,INFEASIBLE,certified_no_adversarial_example,feasibility,false,false,false,false,,,,0.703053415,0.04654121398925781,0.0,0.0,0.641871307,0.373608702,0.23781008700000006,0.22480559349060059,0.4040612199999999,0.26826260499999993,0.058108555,9626,200,200,0,3974,0,1576,623,3253,3603,0,0,3,4804,4699,105,3253,1446,0,1783,109,1214,4671,,681,0,
205,INFEASIBLE,certified_no_adversarial_example,feasibility,false,false,false,false,,,,0.649299203,0.02314281463623047,0.0,0.0,0.612692268,0.361628579,0.21649129200000003,0.20404648780822754,0.3962009759999999,0.251063689,0.033541949,9626,159,159,0,3975,0,1595,631,3266,3807,0,0,3,4804,4723,81,3266,1457,0,1733,83,1114,4497,,495,0,
206,INFEASIBLE,certified_no_adversarial_example,feasibility,false,false,false,false,,,,0.768326399,0.02705097198486328,0.0,0.0,0.716952653,0.44357825900000003,0.285060457,0.2717702388763428,0.431892196,0.27337439399999997,0.0482508,9626,189,189,0,4015,0,1580,663,3179,5657,0,0,3,4804,4690,114,3179,1511,0,1802,119,1252,4737,,478,0,
207,INFEASIBLE,certified_no_adversarial_example,feasibility,false,false,false,false,,,,0.732424879,0.02483344078063965,0.0,0.0,0.692507496,0.40959259800000003,0.275432702,0.2621285915374756,0.41707479399999997,0.2829148979999999,0.036830153,9626,178,178,0,4053,0,1587,671,3137,5637,0,0,3,4804,4691,113,3137,1554,0,1797,115,1242,4721,,483,0,
208,INFEASIBLE,certified_no_adversarial_example,feasibility,false,false,false,false,,,,0.98291975,0.05436253547668457,0.0,0.0,0.909822173,0.5904786830000001,0.41342323599999997,0.3970191478729248,0.49639893700000004,0.31934348999999995,0.068260832,9626,256,256,0,4057,0,1544,678,3091,7408,0,0,3,4804,4653,151,3091,1562,0,1875,155,1398,4993,,759,0,
209,INFEASIBLE,certified_no_adversarial_example,feasibility,false,false,false,false,,,,0.891013402,0.027795791625976562,0.0,0.0,0.846647079,0.557175107,0.38650596000000004,0.37111997604370117,0.460141119,0.2894719720000001,0.041286417,9626,239,239,0,4044,0,1556,670,3117,6748,0,0,3,4804,4657,147,3117,1540,0,1867,151,1382,4965,,510,0,
210,INFEASIBLE,certified_no_adversarial_example,feasibility,false,false,false,false,,,,0.606222445,0.03309154510498047,0.0,0.0,0.559736537,0.297396163,0.16146382199999998,0.15031147003173828,0.39827271500000005,0.26234037400000004,0.043434164,9626,128,128,0,4053,0,1612,680,3153,2775,0,0,3,4804,4721,83,3153,1568,0,1737,85,1122,4511,,809,0,
211,INFEASIBLE,certified_no_adversarial_example,feasibility,false,false,false,false,,,,0.75113241,0.03998422622680664,0.0,0.0,0.69643931,0.41185543,0.2654445030000001,0.25179195404052734,0.4309948069999999,0.28458388,0.051631007,9626,189,189,0,4030,0,1578,655,3174,5332,0,0,3,4804,4693,111,3174,1519,0,1793,113,1234,4707,,764,0,
212,OPTIMAL,adversarial_example_found_or_best_known,feasibility,true,true,true,true,1.199040866595169e-14,-9.916849688173862;-13.342922314494716;-13.068801647302198;0.8025100681158164;-7.21941241336584;0.8025100681158044;-14.382658776679037;-8.888997955722633;-3.448448812451155;-0.8840013788052195,0.0;0.0;0.0;0.1;0.1;0.1;0.1;0.0;0.1;0.0;0.1;0.0;0.0;0.1;0.1;0.0;0.0;0.0;0.0;0.1;0.1;0.0;0.0;0.1;0.1;0.0;0.0;0.1;0.0;0.0;0.0;0.0;0.0;0.0;0.1;0.1;0.1;0.0;0.1;0.0;0.1;0.1;0.1;0.1;0.1;0.1;0.1;0.1;0.1;0.0;0.0;0.0;0.0;0.0;0.1;0.0;0.1;0.0;0.0;0.0;0.1;0.0;0.1;0.1;0.1;0.0;0.0;0.0;0.0;0.1;0.1;0.0;0.0;0.1;0.1;0.1;0.1;0.1;0.0;0.1;0.1;0.0;0.0;0.0;0.04298557083008409;0.1;0.1;0.1;0.1;0.0;0.1;0.0;0.0;0.1;0.0;0.0;0.0;0.0;0.1;0.0;0.0;0.0;0.1;0.0;0.1;0.1;0.0;0.1;0.0;0.1;0.0;0.1;0.1;0.1;0.1;0.1;0.1;0.0;0.0;0.1;0.1;0.1;0.1;0.0;0.0;0.0;0.0;0.0;0.0;0.1;0.1;0.1;0.1;0.1;0.1;0.0;0.0;0.1;0.1;0.1;0.1;0.0;0.1;0.0;0.1;0.1;0.1;0.1;0.0;0.1;0.0;0.0;0.0;0.1;0.0;0.1;0.0;0.1;0.0;0.0;0.1;0.0;0.0;0.0;0.0;0.0;0.0;0.1;0.0;0.1;0.1;0.0;0.1;0.1;0.1;0.1;0.1;0.1;0.1;0.0;0.0;0.1;0.1;0.1;0.0;0.0;0.0;0.1;0.1;0.1;0.2019607843137255;0.04117647058823529;0.11960784313725491;0.1;0.1;0.1;0.1;0.1;0.1;0.0;0.1;0.0;0.1;0.1;0.0;0.1;0.0;0.0;0.0;0.1;0.1;0.1;0.0;0.0;0.0;0.1;0.0;0.0;0.46862745098039216;0.8490196078431372;0.6294117647058823;0.11568627450980393;0.1;0.1;0.1;0.1;0.1;0.0;0.0;0.0;0.1;0.1;0.1;0.1;0.1;0.0;0.03725490196078432;0.18235294117647058;0.10442487787725453;0.0;0.0;0.0;0.0;0.0;0.0;0.1;0.0;0.1;0.9941176470588236;0.515686274509804;0.1;0.1;0.1;0.1;0.1;0.0;0.1;0.1;0.1;0.1;0.1;0.1;0.1;0.6019607843137255;0.892239278406649;0.8921568627450981;0.7784313725490196;0.6019607843137255;0.0;0.1;0.0;0.1;0.0;0.1;0.0;0.0;0.7588235294117647;0.7901960784313725;0.1;0.0;0.1;0.1;0.1;0.0;0.0;0.1;0.1;0.1;0.1;0.1;0.4019607843137255;0.8803921568627451;0.49215686274509807;0.4764705882352941;0.5431372549019609;0.8921568627450981;0.6647058823529411;0.0;0.0;0.1;0.0;0.1;0.1;0.1;0.5392156862745098;0.896078431372549;0.0;0.1;0.1;0.0;0.0;0.0;0.1;0.1;0.1;0.1;0.1;0.1784313725490196;1.0;0.7945290400126779;0.0;0.1;0.10568421000616303;0.5901960784313726;0.8882352941176471;0.6843137254901961;0.0;0.1;0.0;0.0;0.0;0.27254901960784317;0.8630932689445855;0.6294117647058823;0.0;0.0;0.0;0.1;0.1;0.0;0.0;0.1;0.1;0.1;0.09694624529374084;0.8647058823529411;0.896078431372549;0.0;0.0;0.1;0.09742861232248896;0.0;0.40588235294117647;0.8921568627450981;0.292156862745098;0.10392156862745099;0.1;0.0;0.0;0.707843137254902;1.0;0.3666666666666667;0.1;0.0;0.1;0.1;0.06599555297688985;0.0;0.1;0.1;0.1;0.1;0.4019607843137255;1.0;0.4254901960784314;0.0;0.1;0.1;0.1;0.1;0.21372549019607845;0.7;1.0;0.19803921568627453;0.0;0.009803921568627444;0.692156862745098;1.0;0.20980392156862746;0.0;0.0;0.1;0.1;0.1;0.1;0.0;0.0;0.1;0.09996730682320223;0.307843137254902;0.7985160566655133;0.7039215686274509;0.34705882352941175;0.4019607843137255;0.11176470588235295;0.1;0.1;0.0;0.09515237587860828;0.21372549019607845;1.0;0.7196078431372549;0.13529411764705881;0.6294117647058823;1.0;0.5549019607843138;0.0;0.0;0.0;0.0;0.1;0.1;0.1;0.0;0.1;0.0;0.0;0.5570562714171006;0.7313725490196079;0.10369471325388151;0.5901960784313726;1.0;0.14313725490196078;0.1;0.1;0.0;0.1;0.1;0.307843137254902;1.0;1.0;1.0;0.5549019607843138;0.10386113598648976;0.0;0.0;0.0;0.1;0.1;0.1;0.1;0.0;0.0;0.1;0.1588235294117647;1.0;0.29607843137254897;0.005882352941176464;0.9784313725490196;0.7431372549019608;0.10784313725490197;0.1;0.1;0.06788045665935012;0.1;0.1;0.0;0.05686274509803921;0.5313725490196078;0.42156862745098045;0.14705882352941177;0.1;0.1;0.0;0.0;0.1;0.1;0.1;0.013597285623238342;0.0;0.1;0.1;0.3784313725490196;0.9236045463747198;0.10280779484515117;0.38627450980392153;1.0;0.4725490196078431;0.1;0.1;0.1;0.0;0.1;0.1;0.0;0.0;0.1;0.1;0.0;0.1;0.0;0.1;0.0;0.1;0.0;0.1;0.1;0.0;0.0;0.1;1.0;0.9313725490196079;0.0;0.6529411764705882;0.7156862745098039;0.0;0.0;0.1;0.1;0.1;0.1;0.1;0.1;0.1;0.1;0.1;0.1;0.0;0.0;0.0;0.0;0.1;0.0631501349031397;0.054029257957603626;0.1;0.0;0.1;0.1;0.8882352941176471;0.24509803921568626;0.16666666666666666;1.0;0.4764705882352941;0.0;0.1;0.1;0.1;0.0;0.1;0.0;0.0;0.0;0.1;0.0;0.1;0.0;0.0;0.0;0.1;0.0;0.0;0.1;0.1;0.0;0.0;0.0;1.0;0.5705882352941176;0.7823529411764706;0.6254901960784314;0.0;0.0;0.1;0.1;0.1;0.0;0.0;0.1;0.1;0.1;0.1;0.1;0.1;0.1;0.0;0.0;0.0;0.1;0.1;0.1;0.1;0.0;0.1;0.1;0.9;0.8921568627450981;0.7196078431372549;0.08823529411764705;0.1;0.0;0.1;0.0;0.0;0.0;0.0;0.1;0.0;0.1;0.1;0.1;0.1;0.1;0.0;0.1;0.1;0.1;0.0;0.1;0.1;0.0;0.0;0.0;0.7470588235294118;0.8294117647058823;0.09896001019281421;0.0;0.0;0.1;0.1;0.1;0.1;0.0;0.0;0.1;0.1;0.1;0.1;0.1;0.1;0.0;0.1;0.1;0.0;0.0;0.1;0.0;0.1;0.0;0.1;0.1;0.10524838567446716;0.10391430980270165;0.1;0.0;0.034051849381085235;0.1;0.1;0.0;0.0;0.0;0.1;0.0;0.1;0.0;0.1;0.1;0.1;0.0;0.02406814826898101;0.1;0.0;0.0;0.0;0.0;0.1;0.1;0.1;0.1;0.1;0.1;0.1;0.0;0.0;0.1;0.1;0.0;0.0;0.0;0.0;0.1;0.1;0.0;0.1;0.1;0.1;0.0;0.0;0.1;0.1;0.1;0.1;0.1;0.1;0.1;0.1;0.1;0.03819759265879975;0.1;0.06510042434446658;0.0;0.1;0.1;0.1;0.1;0.1;0.0;0.0;0.0;0.1;0.0;0.1;0.0;0.0;0.0;0.0;0.1;0.0;0.0;0.0;0.1;0.1;0.1;0.1;0.1;0.1;0.1;0.1;0.0;0.0;0.1;0.1;0.1;0.1;0.0;0.0;0.1;0.1;0.0;0.0;0.1;0.1;0.0;0.0;0.1;0.1;0.0;0.0;0.1;0.1;0.1;0.1;0.1;0.1;0.1;0.0;0.0;0.1;0.0;0.1;0.0;0.0;0.0;0.0;0.0;0.0;0.1;0.1;0.1;0.1;0.0;0.1;0.1;0.1;0.1,93.20652664,92.22990155220032,0.0,0.0,0.953684306,0.601948038,0.438791974,0.42279052734375,0.5148923320000001,0.351736268,92.246392972,9626,234,234,0,4035,0,1557,653,3147,8267,0,0,3,4804,4654,150,3147,1507,0,1872,153,1392,4983,2094,1120092,,0.0
213,INFEASIBLE,certified_no_adversarial_example,feasibility,false,false,false,false,,,,1.21452404,0.03905010223388672,0.0,0.0,1.15917629,0.877255802,0.381059411,0.366793155670166,0.7781168789999999,0.281920488,0.052288773,9626,214,214,0,4057,0,1570,658,3127,6077,0,0,3,4804,4673,131,3127,1546,0,1836,136,1320,4856,,603,0,
214,INFEASIBLE,certified_no_adversarial_example,feasibility,false,false,false,false,,,,0.778058634,0.031902313232421875,0.0,0.0,0.7308832,0.463997295,0.298093817,0.28508615493774414,0.43278938299999997,0.266885905,0.04405382,9626,179,179,0,4014,0,1583,649,3201,5843,0,0,3,4804,4696,108,3201,1495,0,1787,110,1222,4686,,592,0,
215,INFEASIBLE,certified_no_adversarial_example,feasibility,false,false,false,false,,,,0.689245639,0.025682687759399414,0.0,0.0,0.649343735,0.361456035,0.22469349300000002,0.2120683193206787,0.42465024199999996,0.28788769999999997,0.036767666,9626,163,163,0,4050,0,1593,672,3148,4131,0,0,3,4804,4709,95,3148,1561,0,1761,97,1170,4595,,511,0,
216,INFEASIBLE,certified_no_adversarial_example,feasibility,false,false,false,false,,,,0.751150752,0.025263547897338867,0.0,0.0,0.711003541,0.42255909300000005,0.266979257,0.2532172203063965,0.44402428399999994,0.2884444479999999,0.037040435,9626,180,180,0,4074,0,1584,690,3098,5218,0,0,3,4804,4690,114,3098,1592,0,1800,117,1248,4731,,524,0,
217,INFEASIBLE,certified_no_adversarial_example,feasibility,false,false,false,false,,,,0.824745255,0.027049541473388672,0.0,0.0,0.781882017,0.50031661,0.33301099600000006,0.3186168670654297,0.448871021,0.281565407,0.039806055,9626,208,208,0,4051,0,1569,669,3129,5933,0,0,3,4804,4674,130,3129,1545,0,1832,133,1312,4843,,484,0,
218,INFEASIBLE,certified_no_adversarial_example,feasibility,false,false,false,false,,,,0.701305408,0.03065204620361328,0.0,0.0,0.656481903,0.371534883,0.23189072800000002,0.2193007469177246,0.424591175,0.28494702,0.041769719,9626,176,176,0,4044,0,1588,679,3139,3693,0,0,3,4804,4701,103,3139,1562,0,1774,103,1197,4642,,641,0,
219,INFEASIBLE,certified_no_adversarial_example,feasibility,false,false,false,false,,,,0.906161049,0.03110480308532715,0.0,0.0,0.85841991,0.554607421,0.3979427910000001,0.3828394412994385,0.4604771189999999,0.3038124889999999,0.044664299,9626,226,226,0,4031,0,1562,651,3156,7047,0,0,3,4804,4663,141,3156,1507,0,1855,145,1358,4923,,492,0,
220,INFEASIBLE,certified_no_adversarial_example,feasibility,false,false,false,false,,,,0.850127999,0.0375063419342041,0.0,0.0,0.796165678,0.48826451299999996,0.332181241,0.31702375411987305,0.463984437,0.3079011650000001,0.05089026,9626,216,216,0,4059,0,1568,681,3102,6561,0,0,3,4804,4658,146,3102,1556,0,1864,149,1376,4955,,649,0,
221,INFEASIBLE,certified_no_adversarial_example,feasibility,false,false,false,false,,,,0.635728195,0.016019582748413086,0.0,0.0,0.606326154,0.29130475699999997,0.162956359,0.15182805061340332,0.443369795,0.31502139700000004,0.026347222,9626,130,130,0,4042,0,1612,674,3168,2734,0,0,3,4804,4716,88,3168,1548,0,1744,88,1137,4537,,433,0,
222,INFEASIBLE,certified_no_adversarial_example,feasibility,false,false,false,false,,,,1.203921575,0.047051429748535156,0.0,0.0,1.140904256,0.855948919,0.35639402799999986,0.34023499488830566,0.7845102280000001,0.284955337,0.059942153,9626,235,235,0,4075,0,1555,675,3086,6980,0,0,3,4804,4669,135,3086,1583,0,1841,137,1330,4875,,740,0,
223,INFEASIBLE,certified_no_adversarial_example,feasibility,false,false,false,false,,,,0.779583093,0.03792858123779297,0.0,0.0,0.726350623,0.41680796,0.271404124,0.25673580169677734,0.45494649899999995,0.309542663,0.050141353,9626,186,186,0,4139,0,1583,707,3011,4985,0,0,3,4804,4678,126,3011,1667,0,1820,126,1289,4803,,707,0,
224,INFEASIBLE,certified_no_adversarial_example,feasibility,false,false,false,false,,,,0.75606684,0.0259091854095459,0.0,0.0,0.715566599,0.4458112449999999,0.286601554,0.2732551097869873,0.428965045,0.26975535400000006,0.037431798,9626,177,177,0,4040,0,1587,666,3156,5374,0,0,3,4804,4692,112,3156,1536,0,1792,112,1233,4705,,516,0,
225,INFEASIBLE,certified_no_adversarial_example,feasibility,false,false,false,false,,,,0.637807183,0.029279470443725586,0.0,0.0,0.594496079,0.33683376800000003,0.20284295500000002,0.19078636169433594,0.39165312399999996,0.257662311,0.040196224,9626,163,163,0,3970,0,1594,624,3275,3940,0,0,3,4804,4712,92,3275,1437,0,1755,94,1158,4574,,591,0,
226,INFEASIBLE,certified_no_adversarial_example,feasibility,false,false,false,false,,,,0.87724445,0.06199049949645996,0.0,0.0,0.800045329,0.497944578,0.34622140600000006,0.33220696449279785,0.45382392299999996,0.302100751,0.074124938,9626,196,196,0,4069,0,1577,703,3081,5924,0,0,3,4804,4681,123,3081,1600,0,1817,125,1282,4791,,1036,0,
227,INFEASIBLE,certified_no_adversarial_example,feasibility,false,false,false,false,,,,0.844423482,0.04771018028259277,0.0,0.0,0.78089525,0.494010476,0.323498447,0.3093440532684326,0.457396803,0.28688477400000006,0.060432678,9626,200,200,0,4085,0,1575,683,3083,5574,0,0,3,4804,4681,123,3083,1598,0,1821,129,1290,4803,,729,0,
228,INFEASIBLE,certified_no_adversarial_example,feasibility,false,false,false,false,,,,0.840994317,0.06596040725708008,0.0,0.0,0.759535933,0.48218212699999996,0.3191417559999999,0.3044767379760742,0.4403941770000001,0.27735380600000004,0.078393326,9626,218,218,0,3993,0,1566,639,3210,5544,0,0,3,4804,4685,119,3210,1475,0,1812,124,1272,4772,,972,0,
229,INFEASIBLE,certified_no_adversarial_example,feasibility,false,false,false,false,,,,0.532874037,0.013331174850463867,0.0,0.0,0.507421251,0.26507868,0.13377051799999998,0.12321591377258301,0.37365073300000007,0.242342571,0.022388099,9626,115,115,0,3981,0,1617,642,3271,2218,0,0,3,4804,4744,60,3271,1473,0,1688,60,1025,4341,,418,0,
230,INFEASIBLE,certified_no_adversarial_example,feasibility,false,false,false,false,,,,0.841588586,0.02911663055419922,0.0,0.0,0.797500776,0.5167229739999999,0.36037116699999994,0.34647059440612793,0.4371296090000001,0.28077780200000013,0.041030786,9626,206,206,0,3988,0,1574,635,3223,5765,0,0,3,4804,4687,117,3223,1464,0,1802,117,1253,4740,,543,0,
231,INFEASIBLE,certified_no_adversarial_example,feasibility,false,false,false,false,,,,0.819608387,0.021810054779052734,0.0,0.0,0.783195525,0.44899578,0.30682334799999994,0.293536901473999,0.47637217700000006,0.334199745,0.033334578,9626,179,179,0,4037,0,1585,658,3167,5439,0,0,3,4804,4695,109,3167,1528,0,1786,109,1221,4684,,460,0,
232,INFEASIBLE,certified_no_adversarial_example,feasibility,false,false,false,false,,,,1.195727167,0.028404712677001953,0.0,0.0,1.150815681,0.871778605,0.36430476199999995,0.34915781021118164,0.7865109190000001,0.27903707600000005,0.041828404,9626,231,231,0,4026,0,1555,640,3174,7297,0,0,3,4804,4661,143,3174,1487,0,1858,146,1364,4934,,480,0,
233,INFEASIBLE,certified_no_adversarial_example,feasibility,false,false,false,false,,,,1.660904634,0.8360121250152588,,0.0,0.809001388,0.520179155,0.348576146,0.3334941864013672,0.460425242,0.288822233,0.848817128,9626,226,226,0,4070,0,1559,676,3095,5826,0,0,3,4804,4677,127,3095,1582,0,1825,129,1298,4819,,1327,0,
234,INFEASIBLE,certified_no_adversarial_example,feasibility,false,false,false,false,,,,0.830535602,0.04935503005981445,0.0,0.0,0.765281004,0.47852078400000003,0.31067698500000007,0.2959456443786621,0.4546040189999999,0.28676021999999995,0.062168811,9626,201,201,0,4083,0,1574,671,3097,5758,0,0,3,4804,4676,128,3097,1579,0,1829,132,1306,4832,,810,0,
235,INFEASIBLE,certified_no_adversarial_example,feasibility,false,false,false,false,,,,0.714475242,0.03700065612792969,0.0,0.0,0.662729647,0.390015346,0.23454882800000001,0.2222461700439453,0.42818081900000005,0.27271430100000005,0.048569831,9626,169,169,0,4007,0,1589,643,3218,4500,0,0,3,4804,4707,97,3218,1489,0,1765,99,1178,4609,,694,0,
236,INFEASIBLE,certified_no_adversarial_example,feasibility,false,false,false,false,,,,0.825397286,0.03544926643371582,0.0,0.0,0.773963102,0.479339719,0.33402016599999995,0.31926965713500977,0.439942936,0.29462338299999996,0.048341886,9626,227,227,0,4029,0,1562,669,3139,6266,0,0,3,4804,4667,137,3139,1528,0,1845,139,1338,4889,,578,0,
237,INFEASIBLE,certified_no_adversarial_example,feasibility,false,false,false,false,,,,0.583446537,0.015633344650268555,0.0,0.0,0.555246608,0.280289723,0.156541972,0.1457521915435791,0.39870463600000006,0.27495688500000004,0.025119813,9626,136,136,0,4029,0,1608,684,3169,2013,0,0,3,4804,4735,69,3169,1566,0,1706,69,1061,4404,,497,0,
238,INFEASIBLE,certified_no_adversarial_example,feasibility,false,false,false,false,,,,0.665248947,0.02300548553466797,0.0,0.0,0.621642976,0.355146294,0.215658905,0.20305705070495605,0.40598407099999995,0.266496682,0.040540562,9626,167,167,0,4030,0,1591,665,3173,3976,0,0,3,4804,4705,99,3173,1532,0,1766,99,1181,4614,,562,0,
239,INFEASIBLE,certified_no_adversarial_example,feasibility,false,false,false,false,,,,0.806494758,0.034722328186035156,0.0,0.0,0.755901571,0.48037390700000004,0.317834495,0.3039238452911377,0.438067076,0.27552766399999995,0.047497341,9626,201,201,0,4049,0,1572,658,3146,5461,0,0,3,4804,4688,116,3146,1542,0,1800,116,1249,4733,,617,0,
240,INFEASIBLE,certified_no_adversarial_example,feasibility,false,false,false,false,,,,0.7127489,0.03505110740661621,0.0,0.0,0.662843848,0.39533588499999994,0.25751685500000004,0.24517107009887695,0.4053269929999999,0.267507963,0.046776596,9626,172,172,0,3985,0,1589,638,3242,4427,0,0,3,4804,4711,93,3242,1469,0,1759,97,1166,4587,,579,0,
241,INFEASIBLE,certified_no_adversarial_example,feasibility,false,false,false,false,,,,0.946259345,0.03663516044616699,0.0,0.0,0.892790685,0.583928683,0.42378458499999994,0.40807151794433594,0.4690061000000001,0.308862002,0.050314477,9626,229,229,0,4055,0,1558,675,3109,7221,0,0,3,4804,4664,140,3109,1555,0,1852,143,1352,4913,,579,0,
242,OPTIMAL,adversarial_example_found_or_best_known,feasibility,true,true,true,true,2.064437509829986e-11,-8.649015329094977;-23.899346430280957;-8.219223815616136;-3.4273857135865047;-10.39620832958501;-3.019759792339877;-9.370036497285808;-15.013695099487098;-0.5281328360176798;-0.5281328360383242,0.1;0.0;0.0;0.1;0.1;0.0;0.0;0.1;0.1;0.0;0.0;0.0;0.0;0.1;0.1;0.1;0.1;0.0;0.0;0.1;0.1;0.0;0.0;0.1;0.1;0.0;0.0;0.1;0.1;0.1;0.0;0.1;0.0;0.0;0.0;0.1;0.0;0.0;0.0;0.0;0.1;0.0;0.1;0.1;0.0;0.1;0.0;0.1;0.1;0.0;0.1;0.1;0.1;0.1;0.1;0.0;0.1;0.0;0.0;0.1;0.1;0.0;0.0;0.1;0.1;0.0;0.0;0.0;0.0;0.1;0.1;0.1;0.1;0.0;0.0;0.1;0.1;0.0;0.0;0.0;0.0;0.1;0.1;0.0;0.1;0.1;0.0;0.1;0.0;0.1;0.0;0.1;0.0;0.1;0.0;0.1;0.0;0.0;0.0;0.1;0.0;0.0;0.0;0.1;0.1;0.0;0.1;0.0;0.0;0.0;0.0;0.0;0.1;0.1;0.1;0.0;0.0;0.0;0.0;0.1;0.0;0.0;0.0;0.1;0.0;0.0;0.0;0.1;0.0;0.0;0.0;0.1;0.1;0.0;0.0;0.1;0.0;0.0;0.0;0.0;0.0;0.0;0.0;0.1;0.1;0.1;0.1;0.0;0.1;0.0;0.0;0.1;0.0;0.1;0.0;0.0;0.0;0.0;0.0;0.0;0.1;0.0;0.1;0.1;0.0;0.0;0.0;0.1;0.1;0.0;0.1;0.0;0.0;0.0;0.0;0.0;0.0;0.0;0.1;0.0;0.1;0.1;0.1;0.0;0.0;0.0;0.0;0.0;0.1;0.0;0.0;0.1;0.1;0.0;0.0;0.1;0.0;0.1;0.0;0.0;0.1;0.1;0.1;0.1;0.44509803921568625;0.48431372549019613;0.6843137254901961;0.48431372549019613;0.5222075421050288;0.48431372549019613;0.10392156862745097;0.1;0.1;0.0;0.0;0.12013825437486611;0.10213662845975766;0.0;0.0;0.1;0.0;0.0;0.1;0.1;0.1;0.0;0.0;0.0;0.1;0.0;0.10042107293145444;0.5;0.7352941176470589;1.0;1.0;0.8921568627450981;1.0;1.0;0.7980392156862746;0.5784313725490197;0.10348117289840734;0.0;0.0;0.7509803921568627;0.3666666666666667;0.0;0.0;0.1;0.1;0.0;0.0;0.1;0.0;0.0;0.0;0.0;0.0;0.1;0.4607843137254902;0.8921568627450981;0.8921568627450981;1.0;0.6372549019607843;0.4271267493674762;0.7470588235294118;1.0;1.0;0.8921568627450981;0.3901960784313726;0.0;0.1;0.5594697753966561;1.0;0.7739436763126816;0.1489117252037275;0.1;0.1;0.0;0.1;0.0;0.1;0.0;0.0;0.0;0.1;0.2019607843137255;0.9392156862745098;1.0;0.7431372549019608;0.23333333333333334;0.09812818727739396;0.0;0.09324391609974592;0.3431372549019608;0.729173351430633;0.8921568627450981;0.8019607843137254;0.0;0.09993742124760965;0.22549019607843138;0.692156862745098;0.8921568627450981;0.9431372549019608;0.21372549019607845;0.1;0.0;0.1;0.1;0.1;0.1;0.0;0.0;0.1;0.6098039215686274;0.8921568627450981;1.0;0.14714747961443533;0.0;0.1;0.0;0.1;0.0;0.5;1.0;0.8673037012662264;0.0;0.1;0.1;0.22549019607843138;0.9352941176470588;1.0;0.6344158850978242;0.10126372444816971;0.1;0.1;0.0;0.1;0.0;0.0;0.1;0.09859422382283152;0.7588235294117647;0.8921568627450981;0.6725490196078431;0.0988286844963058;0.1;0.1;0.1;0.1;0.1;0.34705882352941175;0.8921568627450981;0.8019607843137254;0.0;0.1;0.1;0.09415299518153279;0.3156862745098039;0.8921568627450981;1.0;0.1003648651701794;0.1;0.1;0.0;0.1;0.0;0.07988068628710043;0.0;0.0;0.8960784313725491;0.8921568627450981;0.38468094689552806;0.0;0.1;0.0;0.1;0.1;0.0;0.34705882352941175;1.0;0.8668244204507755;0.204049738661601;0.1;0.0;0.0;0.22502797266920538;1.0;1.0;0.42741253055072237;0.1;0.1;0.1;0.0;0.0;0.0;0.0;0.09869083830980736;0.8960784313725491;0.8921568627450981;0.33529411764705885;0.0;0.1;0.1;0.1;0.1;0.1;0.4764705882352941;0.8921568627450981;0.8137254901960784;0.04117647058823529;0.1;0.1;0.1;0.1;1.0;1.0;0.6058823529411764;0.1;0.1;0.0;0.0;0.0;0.1;0.0;0.1;0.515686274509804;0.8921568627450981;0.676470588235294;0.1;0.1;0.1;0.1;0.1;0.1;0.8294117647058823;0.8921568627450981;0.8019607843137254;0.0;0.1;0.0;0.0;0.1;0.8629462517119726;1.0;0.8756439962658426;0.1;0.0;0.0;0.0;0.0;0.0;0.1;0.09989718841416899;0.45686274509803926;0.8921568627450981;0.8803921568627451;0.2333333333333333;0.1;0.1;0.0;0.0;0.0;0.6294117647058823;1.0;0.40980392156862744;0.1;0.1;0.0;0.0;0.0;0.8254901960784314;0.8921568627450981;0.6529411764705882;0.1;0.1;0.0;0.1;0.0;0.0;0.0;0.1;0.10326641647847513;0.8943479143742504;1.0;0.9941176470588236;0.7939033429868476;0.7274509803921568;0.40588235294117647;0.5745098039215687;0.7274509803921568;0.8670324921418466;1.0;0.5862745098039216;0.30101172078309524;0.44509803921568625;0.39036144667465017;0.44509803921568625;0.6345163016499444;0.8803921568627451;1.0;0.4882352941176471;0.1;0.0;0.0;0.1;0.0;0.0;0.1;0.1;0.1;0.0019607843137254832;0.5549019607843138;1.0;0.8921568627450981;0.8921568627450981;0.8921568627450981;0.8921568627450981;0.8921568627450981;0.8921568627450981;1.0;1.0;1.0;1.0;1.0;0.8921568627450981;0.8921568627450981;1.0;0.9235294117647058;0.09564392976609092;0.1;0.1;0.0;0.0;0.0;0.1;0.0;0.1;0.1;0.1;0.10434670376308526;0.2091339769807032;0.21764705882352942;0.21764705882352942;0.3907355080338955;0.503921568627451;0.503921568627451;0.5980392156862745;0.8921568627450981;1.0;1.0;1.0;1.0;1.0;0.7967863416668389;0.49215686274509807;0.1627450980392157;0.0;0.1;0.0;0.0;0.1;0.0;0.0;0.0;0.1;0.1;0.1;0.0;0.0;0.1;0.09962535634520986;0.1;0.1;0.0;0.09789181434955938;0.19411764705882353;0.09394468605094186;0.3509803921568627;0.3747257502630783;0.19411764705882353;0.19411764705882353;0.0;0.09922120224064869;0.1;0.1;0.1;0.1;0.0;0.0;0.0;0.0;0.1;0.1;0.0;0.0;0.0;0.1;0.1;0.1;0.1;0.0;0.1;0.1;0.0;0.0;0.1;0.1;0.0;0.1;0.0;0.1;0.1;0.1;0.1;0.0781203169976567;0.1;0.1;0.0;0.0;0.1;0.1;0.0;0.1;0.0;0.0;0.1;0.1;0.1;0.1;0.1;0.1;0.0;0.0;0.0;0.1;0.0;0.0;0.1;0.1;0.1;0.1;0.1;0.1;0.0;0.0;0.0;0.0;0.1;0.1;0.0;0.1;0.0;0.1;0.0;0.0;0.0;0.0;0.1;0.0;0.0;0.0;0.0;0.0;0.0;0.1;0.0;0.1;0.1;0.1;0.0;0.0;0.0;0.1;0.1;0.0;0.1;0.1;0.0;0.0;0.0;0.0;0.1;0.1;0.1;0.1;0.1;0.1;0.0;0.0;0.1;0.0;0.1;0.0;0.0;0.0;0.1;0.1;0.0;0.0;0.1;0.0;0.1;0.0;0.1;0.1;0.0;0.1;0.0;0.1;0.0;0.0;0.0;0.0;0.1;0.0;0.0;0.0;0.0;0.0;0.1;0.1;0.0;0.1;0.1;0.1;0.1;0.0;0.1;0.1;0.1;0.0;0.1;0.1;0.0;0.0;0.1;0.1;0.0;0.0;0.1;0.0;0.1;0.1;0.0;0.0;0.1;0.1;0.1;0.1;0.0;0.0;0.1;0.1;0.0;0.0;0.1;0.0;0.0;0.1;0.1;0.1;0.1;0.0;0.1;0.0;0.1;0.0;0.1;0.0;0.0;0.0;0.1;0.0;0.1;0.1;0.1;0.1;0.1;0.1;0.0;0.0;0.0;0.0;0.0,5.60025354,4.75348424911499,0.0,0.0,0.825959395,0.5122184430000001,0.3598298099999999,0.3435995578765869,0.4661295850000001,0.31374095199999996,4.767865021,9626,240,240,0,4084,0,1554,679,3069,6640,0,0,3,4804,4649,155,3069,1580,0,1882,158,1412,5018,1,26131,,0.0
243,INFEASIBLE,certified_no_adversarial_example,feasibility,false,false,false,false,,,,0.837699181,0.04513287544250488,0.0,0.0,0.77666835,0.431001996,0.28089587499999996,0.2646970748901367,0.49577247500000005,0.345666354,0.057931527,9626,189,189,0,4088,0,1578,682,3089,5432,0,0,3,4804,4687,117,3089,1598,0,1805,119,1258,4749,,812,0,
244,INFEASIBLE,certified_no_adversarial_example,feasibility,false,false,false,false,,,,1.218270906,0.0474703311920166,0.0,0.0,1.153699242,0.8685795839999999,0.36022886900000006,0.345386266708374,0.793470373,0.28511965800000016,0.061445584,9626,215,215,0,4036,0,1568,665,3142,6596,0,0,3,4804,4666,138,3142,1524,0,1849,142,1346,4902,,733,0,
245,INFEASIBLE,certified_no_adversarial_example,feasibility,false,false,false,false,,,,0.644851094,0.033438682556152344,0.0,0.0,0.596480735,0.33405832,0.19820735500000006,0.18599915504455566,0.3982733799999999,0.26242241499999996,0.045301715,9626,153,153,0,4015,0,1600,656,3202,3712,0,0,3,4804,4711,93,3202,1509,0,1757,95,1162,4581,,720,0,
246,INFEASIBLE,certified_no_adversarial_example,feasibility,false,false,false,false,,,,51.406289844,50.326287031173706,,0.0,1.060481805,0.748502006,0.5216148850000001,0.503321647644043,0.5388669199999999,0.31197979899999995,50.342691555,9626,292,292,0,4040,0,1529,661,3104,8895,0,0,3,4804,4622,182,3104,1518,0,1938,187,1524,5213,,1739,0,
247,INFEASIBLE,certified_no_adversarial_example,feasibility,false,false,false,false,,,,0.922807758,0.030657052993774414,0.0,0.0,0.866366543,0.569873523,0.382968658,0.36670827865600586,0.483397885,0.29649302,0.05332964,9626,245,245,0,4090,0,1553,703,3035,5560,0,0,3,4804,4662,142,3035,1627,0,1855,144,1358,4924,,549,0,
248,SKIPPED_PREDICTED_IN_TARGETED,adversarial_example_found_or_best_known,feasibility,true,true,true,true,3.292735486053167,-3.1983125677117146;-7.862744704439692;0.9794937564112143;-6.607636350202855;-0.6142769453788455;-7.99250481794685;2.6784585406743213;-8.92205058273872;-3.3271914533305935;-12.715222537470826,0.0;0.0;0.0;0.0;0.0;0.0;0.0;0.0;0.0;0.0;0.0;0.0;0.0;0.0;0.0;0.0;0.0;0.0;0.0;0.0;0.0;0.0;0.0;0.0;0.0;0.0;0.0;0.0;0.0;0.0;0.0;0.0;0.0;0.0;0.0;0.0;0.0;0.0;0.0;0.0;0.0;0.0;0.0;0.0;0.0;0.0;0.0;0.0;0.0;0.0;0.0;0.0;0.0;0.0;0.0;0.0;0.0;0.0;0.0;0.0;0.0;0.0;0.0;0.0;0.0;0.0;0.0;0.0;0.0;0.0;0.0;0.0;0.0;0.0;0.0;0.0;0.0;0.0;0.0;0.0;0.0;0.0;0.0;0.0;0.0;0.0;0.0;0.0;0.0;0.0;0.0;0.0;0.0;0.0;0.0;0.0;0.0;0.0;0.0;0.0;0.0;0.0;0.0;0.0;0.0;0.0;0.0;0.0;0.0;0.0;0.0;0.0;0.0;0.0;0.0;0.0;0.0;0.0;0.0;0.0;0.0;0.0;0.0;0.0;0.0;0.0;0.0;0.0;0.0;0.0;0.0;0.0;0.0;0.0;0.0;0.0;0.0;0.0;0.0;0.0;0.0;0.0;0.0;0.0;0.0;0.0;0.0;0.0;0.0;0.0;0.0;0.0;0.0;0.0;0.0;0.0;0.0;0.0;0.0;0.0;0.07450980392156863;0.09411764705882353;0.0;0.0;0.0;0.0;0.0;0.0;0.0;0.0;0.0;0.0;0.0;0.0;0.0;0.0;0.0;0.0;0.0;0.0;0.0;0.0;0.0;0.0;0.0;0.0196078431372549;0.16470588235294117;0.6274509803921569;0.8823529411764706;0.9137254901960784;0.0;0.0;0.0;0.0;0.0;0.0;0.0;0.0;0.0;0.0;0.0;0.0;0.0;0.0;0.0;0.0;0.0;0.0;0.0;0.0;0.0;0.0;0.058823529411764705;0.6078431372549019;0.996078431372549;0.996078431372549;0.996078431372549;0.996078431372549;0.0;0.0;0.0;0.0;0.0;0.0;0.0;0.0;0.0;0.0;0.0;0.0;0.0;0.0;0.0;0.0;0.0;0.0;0.0;0.0;0.0;0.058823529411764705;0.6078431372549019;0.996078431372549;0.996078431372549;0.996078431372549;0.9725490196078431;0.2627450980392157;0.0;0.0;0.0;0.0;0.0;0.0;0.0;0.0;0.0;0.0;0.0;0.0;0.0;0.0;0.0;0.0;0.0;0.0;0.0;0.0;0.0196078431372549;0.7450980392156863;0.996078431372549;0.996078431372549;0.996078431372549;0.8666666666666667;0.21568627450980393;0.0;0.0;0.0;0.0;0.0;0.0;0.0;0.0;0.0;0.0;0.0;0.0;0.0;0.0;0.0;0.0;0.0;0.0;0.0;0.0;0.0;0.30196078431372547;0.996078431372549;0.996078431372549;0.996078431372549;0.6352941176470588;0.12156862745098039;0.0;0.0;0.0;0.0;0.0;0.0;0.0;0.0;0.0;0.0;0.0;0.0;0.0;0.0;0.0;0.0;0.0;0.0;0.0;0.0;0.0;0.17254901960784313;0.8941176470588236;0.996078431372549;0.9529411764705882;0.4470588235294118;0.011764705882352941;0.0;0.0;0.0;0.0;0.0;0.0;0.0;0.0;0.0;0.0;0.0;0.0;0.0;0.0;0.0;0.0;0.0;0.0;0.0;0.0;0.043137254901960784;0.48627450980392156;0.8862745098039215;0.996078431372549;0.996078431372549;0.4980392156862745;0.0;0.0;0.0;0.0;0.0;0.0;0.0;0.0;0.0;0.0;0.0;0.0;0.0;0.0;0.0;0.0;0.0;0.0;0.0;0.0;0.08627450980392157;0.37254901960784315;0.7372549019607844;0.996078431372549;0.996078431372549;0.996078431372549;0.996078431372549;0.44313725490196076;0.03137254901960784;0.37254901960784315;0.4549019607843137;0.5607843137254902;0.09803921568627451;0.0;0.0;0.0;0.0;0.0;0.0;0.0;0.0;0.0;0.0;0.0;0.0;0.0;0.11764705882352941;0.3843137254901961;0.8470588235294118;0.996078431372549;0.996078431372549;0.7411764705882353;0.3568627450980392;0.0392156862745098;0.996078431372549;0.792156862745098;0.9294117647058824;1.0;0.996078431372549;0.9686274509803922;0.19215686274509805;0.0;0.0;0.0;0.0;0.0;0.0;0.0;0.0;0.0392156862745098;0.14901960784313725;0.14901960784313725;0.14901960784313725;0.5607843137254902;0.9333333333333333;0.996078431372549;0.9058823529411765;0.6666666666666666;0.20392156862745098;0.0;0.0784313725490196;0.3176470588235294;0.996078431372549;0.996078431372549;0.996078431372549;0.996078431372549;0.6313725490196078;0.2901960784313726;0.0;0.0;0.0;0.0;0.0;0.0;0.0;0.0;0.0;0.6980392156862745;0.996078431372549;0.996078431372549;0.996078431372549;0.9725490196078431;0.9294117647058824;0.4666666666666667;0.09019607843137255;0.0;0.01568627450980392;0.27450980392156865;0.8509803921568627;0.996078431372549;0.996078431372549;0.996078431372549;0.9921568627450981;0.7098039215686275;0.00784313725490196;0.0;0.0;0.0;0.0;0.0;0.0;0.0;0.0;0.0;0.0;0.5647058823529412;0.9607843137254902;0.8745098039215686;0.5882352941176471;0.14901960784313725;0.0;0.0;0.0;0.03529411764705882;0.6941176470588235;0.996078431372549;0.996078431372549;0.996078431372549;0.996078431372549;0.996078431372549;0.8117647058823529;0.0;0.0;0.0;0.0;0.0;0.0;0.0;0.0;0.0;0.0;0.0;0.0;0.0;0.06666666666666667;0.043137254901960784;0.0;0.0;0.0;0.0;0.0;0.050980392156862744;0.7843137254901961;0.996078431372549;0.8980392156862745;0.8862745098039215;0.996078431372549;0.996078431372549;0.5490196078431373;0.0;0.0;0.0;0.0;0.0;0.0;0.0;0.0;0.0;0.0;0.0;0.0;0.0;0.0;0.0;0.0;0.0;0.0;0.0;0.0;0.0;0.07058823529411765;0.1843137254901961;0.09019607843137255;0.10588235294117647;0.996078431372549;0.996078431372549;0.25098039215686274;0.0;0.0;0.0;0.0;0.0;0.0;0.0;0.0;0.0;0.0;0.0;0.0;0.0;0.0;0.0;0.0;0.0;0.0;0.0;0.0;0.0;0.0;0.0;0.0;0.027450980392156862;0.8823529411764706;0.8627450980392157;0.054901960784313725;0.0;0.0;0.0;0.0;0.0;0.0;0.0;0.0;0.0;0.0;0.0;0.0;0.0;0.0;0.0;0.0;0.0;0.0;0.0;0.0;0.0;0.0;0.0;0.0;0.0;0.27058823529411763;0.4666666666666667;0.0;0.0;0.0;0.0;0.0;0.0;0.0;0.0;0.0;0.0;0.0;0.0;0.0;0.0;0.0;0.0;0.0;0.0;0.0;0.0;0.0;0.0;0.0;0.0;0.0;0.0;0.0;0.0;0.0;0.0;0.0;0.0;0.0;0.0;0.0;0.0;0.0;0.0;0.0;0.0;0.0;0.0;0.0;0.0;0.0;0.0;0.0;0.0;0.0;0.0;0.0;0.0;0.0;0.0;0.0;0.0;0.0;0.0;0.0;0.0;0.0;0.0;0.0;0.0;0.0;0.0;0.0;0.0;0.0;0.0;0.0;0.0;0.0;0.0;0.0;0.0;0.0;0.0;0.0;0.0;0.0;0.0;0.0;0.0;0.0;0.0;0.0;0.0;0.0;0.0;0.0;0.0;0.0;0.0;0.0;0.0;0.0;0.0;0.0;0.0;0.0;0.0;0.0;0.0;0.0;0.0;0.0;0.0;0.0;0.0;0.0;0.0;0.0;0.0;0.0;0.0;0.0;0.0;0.0;0.0;0.0;0.0;0.0;0.0;0.0;0.0;0.0;0.0;0.0;0.0;0.0;0.0;0.0;0.0;0.0;0.0;0.0;0.0;0.0;0.0;0.0;0.0;0.0;0.0;0.0;0.0;0.0;0.0;0.0;0.0;0.0;0.0;0.0;0.0;0.0;0.0;0.0;0.0;0.0;0.0;0.0;0.0;0.0;0.0;0.0;0.0;0.0;0.0;0.0;0.0;0.0;0.0;0.0;0.0;0.0;0.0;0.0;0.0;0.0,0.00592792,0.0,0.0,0.0,,,,,,,,,,,,,,,,,,,,,,,,,,,,,,,,,,
249,INFEASIBLE,certified_no_adversarial_example,feasibility,false,false,false,false,,,,0.716295255,0.022233009338378906,0.0,0.0,0.679076394,0.388078911,0.253086374,0.23974823951721191,0.42599001999999997,0.29099748299999995,0.034128425,9626,190,190,0,4070,0,1580,672,3114,4158,0,0,3,4804,4689,115,3114,1575,0,1798,115,1245,4726,,545,0,
250,INFEASIBLE,certified_no_adversarial_example,feasibility,false,false,false,false,,,,0.732110861,0.027337074279785156,0.0,0.0,0.690300564,0.404205019,0.267850404,0.2543001174926758,0.42245015999999996,0.28609554499999995,0.038721274,9626,204,204,0,4019,0,1570,647,3186,4598,0,0,3,4804,4699,105,3186,1513,0,1781,107,1210,4665,,536,0,
251,INFEASIBLE,certified_no_adversarial_example,feasibility,false,false,false,false,,,,0.728333167,0.03406643867492676,0.0,0.0,0.679161075,0.403618237,0.251656574,0.23852992057800293,0.427504501,0.275542838,0.046015653,9626,186,186,0,4070,0,1582,672,3116,4296,0,0,3,4804,4696,108,3116,1580,0,1784,108,1217,4677,,653,0,
252,INFEASIBLE,certified_no_adversarial_example,feasibility,false,false,false,false,,,,0.599189339,0.022954702377319336,0.0,0.0,0.562343494,0.313401606,0.18348006300000003,0.17159557342529297,0.37886343100000003,0.24894188800000006,0.033770135,9626,154,154,0,3972,0,1598,641,3261,2760,0,0,3,4804,4723,81,3261,1462,0,1734,84,1116,4500,,474,0,
253,INFEASIBLE,certified_no_adversarial_example,feasibility,false,false,false,false,,,,0.658203905,0.021622657775878906,0.0,0.0,0.622683643,0.359581062,0.21797013,0.20546698570251465,0.404713513,0.263102581,0.032406292,9626,159,159,0,4057,0,1593,667,3150,4123,0,0,3,4804,4707,97,3150,1557,0,1762,97,1173,4600,,532,0,
254,INFEASIBLE,certified_no_adversarial_example,feasibility,false,false,false,false,,,,0.794332054,0.03465127944946289,0.0,0.0,0.743989648,0.44907833199999997,0.300483778,0.2864706516265869,0.44350587,0.29491131600000003,0.047257339,9626,197,197,0,4031,0,1577,661,3160,5716,0,0,3,4804,4681,123,3160,1521,0,1818,126,1284,4794,,603,0,
255,INFEASIBLE,certified_no_adversarial_example,feasibility,false,false,false,false,,,,0.792139693,0.03048086166381836,0.0,0.0,0.746918071,0.417611695,0.273123483,0.2594950199127197,0.47379458799999996,0.32930637599999996,0.042149099,9626,192,192,0,4015,0,1578,647,3194,5092,0,0,3,4804,4694,110,3194,1500,0,1791,112,1230,4700,,633,0,
256,INFEASIBLE,certified_no_adversarial_example,feasibility,false,false,false,false,,,,0.994266979,0.0206911563873291,0.0,0.0,0.959823637,0.6993691660000001,0.23178119800000002,0.21990680694580078,0.728042439,0.26045447099999985,0.031373404,9626,149,149,0,4012,0,1602,645,3218,3595,0,0,3,4804,4715,89,3218,1497,0,1749,91,1146,4553,,370,0,
257,INFEASIBLE,certified_no_adversarial_example,feasibility,false,false,false,false,,,,0.934770945,0.0658731460571289,0.0,0.0,0.852953516,0.545213846,0.3707405749999999,0.35559678077697754,0.4822129410000001,0.30773967,0.078739236,9626,215,215,0,4054,0,1565,669,3123,6993,0,0,3,4804,4673,131,3123,1550,0,1834,134,1316,4850,,1091,0,
258,INFEASIBLE,certified_no_adversarial_example,feasibility,false,false,false,false,,,,0.876018028,0.05096697807312012,0.0,0.0,0.80933771,0.5358588230000001,0.36926857599999996,0.35476136207580566,0.44006913400000003,0.2734788869999999,0.063617924,9626,219,219,0,4043,0,1565,632,3167,5800,0,0,3,4804,4679,125,3167,1512,0,1823,129,1294,4811,,769,0,
259,INFEASIBLE,certified_no_adversarial_example,feasibility,false,false,false,false,,,,0.73684062,0.025157451629638672,0.0,0.0,0.69676006,0.409927484,0.266242294,0.25301408767700195,0.430517766,0.286832576,0.036999181,9626,175,175,0,4073,0,1587,693,3098,4783,0,0,3,4804,4696,108,3098,1598,0,1784,108,1217,4677,,550,0,
260,SKIPPED_PREDICTED_IN_TARGETED,adversarial_example_found_or_best_known,feasibility,true,true,true,true,0.3002934737537224,7.290348228500029;-22.067922446375803;-9.379877940571268;-10.70022477442401;-11.486169259765942;-0.017832851115525017;6.990054754746307;-12.66962458555858;-4.756892198159106;-11.750407480686617,0.0;0.0;0.0;0.0;0.0;0.0;0.0;0.0;0.0;0.0;0.0;0.0;0.0;0.0;0.0;0.0;0.0;0.0;0.0;0.0;0.0;0.0;0.0;0.0;0.0;0.0;0.0;0.0;0.0;0.0;0.0;0.0;0.0;0.0;0.0;0.0;0.0;0.0;0.0;0.0;0.0;0.0;0.0;0.0;0.0;0.0;0.0;0.0;0.0;0.0;0.0;0.0;0.0;0.0;0.0;0.0;0.0;0.0;0.0;0.0;0.0;0.0;0.0;0.0;0.0;0.0;0.0;0.0;0.0;0.0;0.0;0.0;0.0;0.0;0.0;0.0;0.0;0.0;0.0;0.0;0.0;0.0;0.0;0.0;0.0;0.0;0.0;0.0;0.0;0.0;0.0;0.0;0.0;0.0;0.0;0.0;0.0;0.0;0.0;0.0;0.0;0.0;0.0;0.0;0.0;0.0;0.0;0.0;0.0;0.0;0.0;0.0;0.0;0.0;0.0;0.0;0.0;0.0;0.0;0.0;0.0;0.0;0.0;0.0;0.0;0.0;0.0;0.0;0.0;0.0;0.0;0.0;0.0;0.0;0.0;0.0;0.0;0.0;0.0;0.0;0.0;0.0;0.0;0.0;0.0;0.0;0.0;0.0;0.0;0.0;0.0;0.0;0.0;0.0;0.0;0.0;0.0;0.0;0.0;0.0;0.0;0.0;0.0;0.0;0.0;0.0;0.0;0.0;0.0;0.0;0.0;0.0;0.0;0.0;0.0;0.0;0.0;0.0;0.0;0.0;0.0;0.0;0.0;0.0;0.0;0.0;0.0;0.0;0.0;0.0;0.0;0.0;0.0;0.0;0.0;0.0;0.0;0.0;0.0;0.0;0.0;0.0;0.0;0.0;0.0;0.0;0.0;0.37254901960784315;0.4627450980392157;0.4627450980392157;0.4627450980392157;0.4627450980392157;0.4627450980392157;0.4627450980392157;0.17647058823529413;0.0;0.0;0.0;0.0;0.0;0.0;0.0;0.0;0.0;0.0;0.0;0.0;0.0;0.0;0.0;0.0;0.0;0.3843137254901961;0.4392156862745098;0.8588235294117647;0.984313725490196;0.9921568627450981;0.9921568627450981;0.9921568627450981;0.9921568627450981;0.9921568627450981;0.9921568627450981;0.9647058823529412;0.6431372549019608;0.19215686274509805;0.0;0.0;0.0;0.0;0.0;0.0;0.0;0.0;0.0;0.0;0.0;0.0;0.0;0.5882352941176471;0.9215686274509803;0.984313725490196;0.9921568627450981;0.9921568627450981;0.9921568627450981;0.9921568627450981;0.9921568627450981;0.9921568627450981;0.9921568627450981;0.9921568627450981;0.9921568627450981;0.9921568627450981;0.9921568627450981;0.6392156862745098;0.0;0.0;0.0;0.0;0.0;0.0;0.0;0.0;0.0;0.0;0.0;0.611764705882353;0.8941176470588236;0.984313725490196;0.9921568627450981;0.6549019607843137;0.4392156862745098;0.09803921568627451;0.5490196078431373;0.9921568627450981;0.9921568627450981;0.9137254901960784;0.2549019607843137;0.09803921568627451;0.09803921568627451;0.4549019607843137;0.9921568627450981;0.9607843137254902;0.17647058823529413;0.0;0.0;0.0;0.0;0.0;0.0;0.0;0.0;0.0;0.17647058823529413;0.9803921568627451;0.9921568627450981;0.8431372549019608;0.17647058823529413;0.01568627450980392;0.0;0.2980392156862745;0.8666666666666667;0.9921568627450981;0.9098039215686274;0.5019607843137255;0.0;0.0;0.0;0.06666666666666667;0.8470588235294118;0.9921568627450981;0.6392156862745098;0.0;0.0;0.0;0.0;0.0;0.0;0.0;0.0;0.0;0.9215686274509803;0.9921568627450981;0.8470588235294118;0.12549019607843137;0.0;0.0;0.28627450980392155;0.9686274509803922;0.9921568627450981;0.9058823529411765;0.24705882352941178;0.0;0.0;0.0;0.0;0.0;0.4196078431372549;0.9921568627450981;0.9764705882352941;0.16470588235294117;0.0;0.0;0.0;0.0;0.0;0.0;0.0;0.0;1.0;0.8509803921568627;0.12549019607843137;0.0;0.0;0.0;0.7529411764705882;0.9921568627450981;0.7607843137254902;0.13333333333333333;0.0;0.0;0.0;0.0;0.0;0.0;0.01568627450980392;0.6392156862745098;0.9921568627450981;0.6392156862745098;0.0;0.0;0.0;0.0;0.0;0.0;0.0;0.0;0.20392156862745098;0.10980392156862745;0.0;0.0;0.0;0.10196078431372549;0.8862745098039215;0.9921568627450981;0.3058823529411765;0.0;0.0;0.0;0.0;0.0;0.0;0.0;0.0;0.5607843137254902;0.9921568627450981;0.9921568627450981;0.0;0.0;0.0;0.0;0.0;0.0;0.0;0.0;0.0;0.0;0.0;0.0;0.0;0.3607843137254902;0.9921568627450981;0.9921568627450981;0.2;0.0;0.0;0.0;0.0;0.0;0.0;0.0;0.0;0.5607843137254902;0.9921568627450981;0.9921568627450981;0.0;0.0;0.0;0.0;0.0;0.0;0.0;0.0;0.0;0.0;0.0;0.0;0.0;0.3607843137254902;0.9921568627450981;0.9921568627450981;0.2;0.0;0.0;0.0;0.0;0.0;0.0;0.0;0.0;0.5607843137254902;0.9921568627450981;0.9921568627450981;0.0;0.0;0.0;0.0;0.0;0.0;0.0;0.0;0.0;0.0;0.0;0.0;0.0;0.10196078431372549;0.8862745098039215;0.9921568627450981;0.2;0.0;0.0;0.0;0.0;0.0;0.0;0.0;0.0;0.30196078431372547;0.9921568627450981;0.8862745098039215;0.0;0.0;0.0;0.0;0.0;0.0;0.0;0.0;0.0;0.0;0.0;0.0;0.0;0.0;0.8431372549019608;0.9921568627450981;0.2;0.0;0.0;0.0;0.0;0.0;0.0;0.0;0.01568627450980392;0.6392156862745098;0.9921568627450981;0.4823529411764706;0.0;0.0;0.0;0.0;0.0;0.0;0.0;0.0;0.0;0.0;0.0;0.0;0.0;0.0;0.7647058823529411;0.9921568627450981;0.5411764705882353;0.0;0.0;0.0;0.0;0.0;0.0;0.0;0.1568627450980392;0.9921568627450981;0.8980392156862745;0.1607843137254902;0.0;0.0;0.0;0.0;0.0;0.0;0.0;0.0;0.0;0.0;0.0;0.0;0.0;0.0;0.3333333333333333;0.9921568627450981;0.8941176470588236;0.24705882352941178;0.10196078431372549;0.0;0.0;0.0;0.0196078431372549;0.1843137254901961;0.8470588235294118;0.9215686274509803;0.4;0.0;0.0;0.0;0.0;0.0;0.0;0.0;0.0;0.0;0.0;0.0;0.0;0.0;0.0;0.0;0.12941176470588237;0.8313725490196079;0.9921568627450981;0.9921568627450981;0.9058823529411765;0.24705882352941178;0.10588235294117647;0.1843137254901961;0.6627450980392157;0.9921568627450981;0.9921568627450981;0.43137254901960786;0.0;0.0;0.0;0.0;0.0;0.0;0.0;0.0;0.0;0.0;0.0;0.0;0.0;0.0;0.0;0.0;0.0;0.12549019607843137;0.5490196078431373;0.9764705882352941;0.9921568627450981;0.9921568627450981;0.9921568627450981;0.9921568627450981;0.9921568627450981;0.9450980392156862;0.611764705882353;0.17647058823529413;0.0;0.0;0.0;0.0;0.0;0.0;0.0;0.0;0.0;0.0;0.0;0.0;0.0;0.0;0.0;0.0;0.0;0.0;0.0;0.3333333333333333;0.5490196078431373;0.9411764705882353;0.9411764705882353;0.9411764705882353;0.611764705882353;0.16470588235294117;0.0;0.0;0.0;0.0;0.0;0.0;0.0;0.0;0.0;0.0;0.0;0.0;0.0;0.0;0.0;0.0;0.0;0.0;0.0;0.0;0.0;0.0;0.0;0.0;0.0;0.0;0.0;0.0;0.0;0.0;0.0;0.0;0.0;0.0;0.0;0.0;0.0;0.0;0.0;0.0;0.0;0.0;0.0;0.0;0.0;0.0;0.0;0.0;0.0;0.0;0.0;0.0;0.0;0.0;0.0;0.0;0.0;0.0;0.0;0.0;0.0;0.0;0.0;0.0;0.0;0.0;0.0;0.0;0.0;0.0;0.0;0.0;0.0;0.0;0.0;0.0;0.0;0.0;0.0;0.0;0.0;0.0;0.0;0.0;0.0;0.0;0.0;0.0;0.0;0.0;0.0;0.0;0.0;0.0;0.0;0.0;0.0;0.0;0.0;0.0;0.0;0.0;0.0;0.0;0.0;0.0;0.0;0.0;0.0;0.0;0.0;0.0;0.0;0.0;0.0;0.0;0.0;0.0;0.0;0.0;0.0,0.005914695,0.0,0.0,0.0,,,,,,,,,,,,,,,,,,,,,,,,,,,,,,,,,,
261,INFEASIBLE,certified_no_adversarial_example,feasibility,false,false,false,false,,,,1.030076896,0.04748892784118652,0.0,0.0,0.964935458,0.648855106,0.48793646700000004,0.4704279899597168,0.476998991,0.31608035200000006,0.062126423,9626,270,270,0,4075,0,1540,682,3059,8412,0,0,3,4804,4634,170,3059,1575,0,1913,174,1474,5126,,637,0,
262,INFEASIBLE,certified_no_adversarial_example,feasibility,false,false,false,false,,,,0.90855348,0.03335714340209961,0.0,0.0,0.859410721,0.575469358,0.39920870999999997,0.38390040397644043,0.4602020110000001,0.28394136300000006,0.046082239,9626,231,231,0,4023,0,1559,657,3156,6415,0,0,3,4804,4672,132,3156,1516,0,1835,134,1318,4854,,574,0,
263,INFEASIBLE,certified_no_adversarial_example,feasibility,false,false,false,false,,,,0.675742131,0.021326780319213867,0.0,0.0,0.640291819,0.367281749,0.22170642499999998,0.20946812629699707,0.418585394,0.27301007,0.03240496,9626,164,164,0,4034,0,1594,662,3172,3974,0,0,3,4804,4705,99,3172,1533,0,1769,101,1186,4623,,456,0,
264,INFEASIBLE,certified_no_adversarial_example,feasibility,false,false,false,false,,,,0.673633917,0.025878190994262695,0.0,0.0,0.633483967,0.371252646,0.224909483,0.2127666473388672,0.40857448399999996,0.26223132099999996,0.037076085,9626,162,162,0,4022,0,1595,651,3196,4085,0,0,3,4804,4703,101,3196,1507,0,1773,103,1194,4637,,501,0,
265,INFEASIBLE,certified_no_adversarial_example,feasibility,false,false,false,false,,,,0.777806959,0.14256787300109863,0.0,0.0,0.62134077,0.348161274,0.21230609100000003,0.20051002502441406,0.40903467899999996,0.27317949599999997,0.153330528,9626,152,152,0,4020,0,1596,664,3194,4431,0,0,3,4804,4710,94,3194,1516,0,1759,96,1166,4588,,844,0,
266,INFEASIBLE,certified_no_adversarial_example,feasibility,false,false,false,false,,,,0.6005823,0.017907142639160156,0.0,0.0,0.569713006,0.260567377,0.14274417699999997,0.1321887969970703,0.426968829,0.309145629,0.027754003,9626,115,115,0,3997,0,1619,658,3237,2154,0,0,3,4804,4741,63,3237,1504,0,1694,63,1037,4362,,473,0,
267,INFEASIBLE,certified_no_adversarial_example,feasibility,false,false,false,false,,,,1.166638313,0.03956103324890137,0.0,0.0,1.110164086,0.824562924,0.337139695,0.3213376998901367,0.7730243909999999,0.28560116199999996,0.053365958,9626,227,227,0,4097,0,1560,677,3065,5556,0,0,3,4804,4672,132,3065,1607,0,1835,134,1318,4854,,659,0,
268,INFEASIBLE,certified_no_adversarial_example,feasibility,false,false,false,false,,,,0.545688733,0.016364097595214844,0.0,0.0,0.516151673,0.264079607,0.13649672,0.12606310844421387,0.37965495299999996,0.252072066,0.026468033,9626,116,116,0,4000,0,1619,648,3243,2311,0,0,3,4804,4734,70,3243,1491,0,1711,72,1070,4420,,413,0,
269,INFEASIBLE,certified_no_adversarial_example,feasibility,false,false,false,false,,,,1.123796621,0.03725910186767578,0.0,0.0,1.067772133,0.750136361,0.51688232,0.4983482360839844,0.5508898130000001,0.31763577200000004,0.052959369,9626,282,282,0,4093,0,1529,686,3036,10141,0,0,3,4804,4618,186,3036,1582,0,1945,190,1538,5238,,562,0,
270,INFEASIBLE,certified_no_adversarial_example,feasibility,false,false,false,false,,,,1.005231387,0.05950427055358887,0.0,0.0,0.928384099,0.628583103,0.436829812,0.42049717903137207,0.491554287,0.299800996,0.073783973,9626,249,249,0,4058,0,1552,686,3081,7360,0,0,3,4804,4649,155,3081,1568,0,1883,159,1414,5021,,817,0,
271,INFEASIBLE,certified_no_adversarial_example,feasibility,false,false,false,false,,,,0.83359602,0.030116558074951172,0.0,0.0,0.788202314,0.508300397,0.344513405,0.3303511142730713,0.44368890899999996,0.279901917,0.042321834,9626,207,207,0,4062,0,1569,674,3114,5764,0,0,3,4804,4683,121,3114,1569,0,1810,121,1269,4768,,564,0,
272,INFEASIBLE,certified_no_adversarial_example,feasibility,false,false,false,false,,,,0.863406549,0.038819313049316406,0.0,0.0,0.808381202,0.5091296909999999,0.339834341,0.3247385025024414,0.468546861,0.299251511,0.051957289,9626,229,229,0,4081,0,1561,678,3077,5807,0,0,3,4804,4666,138,3077,1589,0,1847,140,1342,4896,,675,0,
273,INFEASIBLE,certified_no_adversarial_example,feasibility,false,false,false,false,,,,0.790563645,0.04010772705078125,0.0,0.0,0.735559167,0.48129003200000003,0.312437896,0.298994779586792,0.423121271,0.254269135,0.051908788,9626,204,204,0,3987,0,1572,625,3238,5394,0,0,3,4804,4703,101,3238,1465,0,1774,104,1196,4640,,653,0,
274,INFEASIBLE,certified_no_adversarial_example,feasibility,false,false,false,false,,,,0.745769284,0.02803778648376465,0.0,0.0,0.702550487,0.41821218299999996,0.27394378399999997,0.2596287727355957,0.42860670300000003,0.28433830400000004,0.040144658,9626,189,189,0,4053,0,1581,664,3139,4991,0,0,3,4804,4685,119,3139,1546,0,1809,121,1266,4763,,546,0,
275,INFEASIBLE,certified_no_adversarial_example,feasibility,false,false,false,false,,,,0.855951992,0.04026222229003906,0.0,0.0,0.800008598,0.5061214709999999,0.34105480499999996,0.3260645866394043,0.45895379300000005,0.2938871270000001,0.052831888,9626,215,215,0,4080,0,1566,677,3088,6521,0,0,3,4804,4678,126,3088,1590,0,1824,129,1296,4815,,699,0,
276,INFEASIBLE,certified_no_adversarial_example,feasibility,false,false,false,false,,,,0.776967531,0.03215193748474121,0.0,0.0,0.729704834,0.451287042,0.293353006,0.2790861129760742,0.43635182799999994,0.27841779199999994,0.044179466,9626,197,197,0,4044,0,1578,675,3132,4866,0,0,3,4804,4686,118,3132,1554,0,1804,118,1257,4747,,611,0,
277,INFEASIBLE,certified_no_adversarial_example,feasibility,false,false,false,false,,,,0.637563135,0.01953268051147461,0.0,0.0,0.60509449,0.294182244,0.16928181199999998,0.15834283828735352,0.43581267800000006,0.31091224600000006,0.029377779,9626,134,134,0,3989,0,1610,647,3246,2699,0,0,3,4804,4730,74,3246,1484,0,1719,76,1086,4448,,431,0,
278,INFEASIBLE,certified_no_adversarial_example,feasibility,false,false,false,false,,,,1.010454585,0.02581310272216797,0.0,0.0,0.969406693,0.36020439699999995,0.229783646,0.21731972694396973,0.739623047,0.6092022960000001,0.037962887,9626,177,177,0,4077,0,1584,673,3115,3664,0,0,3,4804,4704,100,3115,1589,0,1774,105,1196,4639,,502,0,
279,INFEASIBLE,certified_no_adversarial_example,feasibility,false,false,false,false,,,,0.723652171,0.0295259952545166,0.0,0.0,0.678323291,0.394268434,0.23754568999999998,0.2245197296142578,0.440777601,0.284054857,0.042226942,9626,180,180,0,4053,0,1586,696,3111,3571,0,0,3,4804,4705,99,3111,1594,0,1766,99,1181,4614,,590,0,
280,INFEASIBLE,certified_no_adversarial_example,feasibility,false,false,false,false,,,,0.634902572,0.02213430404663086,0.0,0.0,0.598365715,0.34054557999999996,0.164755661,0.15335774421691895,0.433610054,0.25782013500000006,0.033420433,9626,143,143,0,3972,0,1603,637,3271,2624,0,0,3,4804,4725,79,3271,1454,0,1731,83,1110,4489,,444,0,
281,INFEASIBLE,certified_no_adversarial_example,feasibility,false,false,false,false,,,,0.703911744,0.025793075561523438,0.0,0.0,0.66234523,0.386856704,0.24007093,0.22684001922607422,0.4222743,0.275488526,0.038463274,9626,172,172,0,4057,0,1587,688,3122,4849,0,0,3,4804,4693,111,3122,1571,0,1794,114,1236,4710,,533,0,
282,INFEASIBLE,certified_no_adversarial_example,feasibility,false,false,false,false,,,,0.753731014,0.033319950103759766,0.0,0.0,0.706335087,0.41436257,0.268564691,0.25510215759277344,0.437770396,0.29197251700000004,0.044326999,9626,185,185,0,4043,0,1578,662,3158,4344,0,0,3,4804,4710,94,3158,1552,0,1760,97,1168,4591,,624,0,
283,SKIPPED_PREDICTED_IN_TARGETED,adversarial_example_found_or_best_known,feasibility,true,true,true,true,0.22285015405848352,-7.516663392924261;-0.872521953938235;-0.853122840908195;0.5445518124805913;-8.307060967332022;-6.442983629958491;-13.568858899456988;0.32170165842210774;-1.3078431965389932;-2.188543257688663,0.0;0.0;0.0;0.0;0.0;0.0;0.0;0.0;0.0;0.0;0.0;0.0;0.0;0.0;0.0;0.0;0.0;0.0;0.0;0.0;0.0;0.0;0.0;0.0;0.0;0.0;0.0;0.0;0.0;0.0;0.0;0.0;0.0;0.0;0.0;0.0;0.0;0.0;0.0;0.0;0.0;0.0;0.0;0.0;0.0;0.0;0.0;0.0;0.0;0.0;0.0;0.0;0.0;0.0;0.0;0.0;0.0;0.0;0.0;0.0;0.0;0.0;0.0;0.0;0.0;0.0;0.0;0.0;0.0;0.0;0.0;0.0;0.0;0.0;0.0;0.0;0.0;0.0;0.0;0.0;0.0;0.0;0.0;0.0;0.0;0.0;0.0;0.0;0.0;0.0;0.0;0.0;0.0;0.0;0.0;0.0;0.0;0.0;0.0;0.0;0.0;0.0;0.0;0.0;0.0;0.0;0.0;0.0;0.0;0.0;0.0;0.0;0.0;0.0;0.0;0.0;0.0;0.0;0.0;0.0;0.0;0.0;0.0;0.0;0.0;0.0;0.0;0.0;0.0;0.0;0.0;0.0;0.0;0.0;0.0;0.0;0.0;0.0;0.0;0.0;0.0;0.0;0.0;0.0;0.0;0.0;0.0;0.0;0.0;0.0;0.0;0.0;0.0;0.0;0.0;0.0;0.0;0.0;0.0;0.0;0.0;0.0;0.0;0.0;0.0;0.0;0.0;0.0;0.0;0.0;0.0;0.0;0.0;0.0;0.0;0.0;0.0;0.0;0.0;0.0;0.0;0.0;0.0;0.0;0.0;0.0;0.0;0.0;0.0;0.0;0.0;0.0;0.0;0.0;0.0;0.0;0.0;0.0;0.0;0.0;0.0;0.0;0.0;0.0;0.0;0.0;0.0;0.0;0.0;0.0;0.0;0.0;0.0;0.0;0.0;0.0;0.0;0.0;0.0;0.0;0.0;0.0;0.0;0.0;0.0;0.0;0.0;0.0;0.0;0.0;0.0;0.0;0.0;0.0;0.0;0.0;0.0;0.0;0.0;0.0;0.0;0.0;0.0;0.0;0.0;0.0;0.0;0.0;0.0;0.0;0.0;0.0;0.0;0.0;0.0;0.0;0.0;0.0;0.0;0.0;0.403921568627451;0.8666666666666667;0.23137254901960785;0.0;0.0;0.0;0.0;0.0;0.0;0.0;0.12549019607843137;0.28627450980392155;0.0;0.0;0.0;0.0;0.0;0.0;0.0;0.0;0.0;0.0;0.0;0.0;0.0;0.0;0.0;0.03137254901960784;0.8274509803921568;0.9921568627450981;0.15294117647058825;0.0;0.0;0.0;0.0;0.0;0.0;0.0;0.5019607843137255;0.9921568627450981;0.20784313725490197;0.0;0.0;0.0;0.0;0.0;0.0;0.0;0.0;0.0;0.0;0.0;0.0;0.0;0.0;0.5019607843137255;0.9921568627450981;0.8901960784313725;0.0;0.0;0.0;0.0;0.0;0.0;0.0;0.023529411764705882;0.8117647058823529;0.9411764705882353;0.3058823529411765;0.0;0.0;0.0;0.0;0.0;0.0;0.0;0.0;0.0;0.0;0.0;0.0;0.0;0.19607843137254902;0.9607843137254902;0.9607843137254902;0.1607843137254902;0.0;0.0;0.0;0.0;0.0;0.0;0.0;0.16862745098039217;0.9921568627450981;0.6352941176470588;0.0;0.01568627450980392;0.07450980392156863;0.07450980392156863;0.047058823529411764;0.0;0.0;0.0;0.0;0.0;0.0;0.0;0.0;0.0;0.6941176470588235;0.9921568627450981;0.6627450980392157;0.0;0.0;0.0;0.0;0.0;0.0;0.0;0.0;0.5019607843137255;0.9921568627450981;0.7607843137254902;0.3607843137254902;0.7450980392156863;0.9921568627450981;0.9921568627450981;0.7607843137254902;0.0;0.0;0.0;0.0;0.0;0.0;0.0;0.0;0.0;0.9254901960784314;0.996078431372549;0.21176470588235294;0.0;0.0;0.0;0.1450980392156863;0.28627450980392155;0.28627450980392155;0.38823529411764707;0.7137254901960784;0.996078431372549;0.996078431372549;0.996078431372549;1.0;0.996078431372549;0.996078431372549;0.996078431372549;0.996078431372549;0.0;0.0;0.0;0.0;0.0;0.0;0.0;0.0;0.34509803921568627;0.9882352941176471;0.9411764705882353;0.3058823529411765;0.47058823529411764;0.9254901960784314;0.9215686274509803;0.9568627450980393;0.9921568627450981;0.9921568627450981;0.996078431372549;0.9921568627450981;0.9921568627450981;0.9921568627450981;0.9921568627450981;0.996078431372549;0.9921568627450981;0.9921568627450981;0.8235294117647058;0.4;0.0;0.0;0.0;0.0;0.0;0.0;0.0;0.0;0.6392156862745098;0.9921568627450981;0.9921568627450981;0.9921568627450981;0.9921568627450981;0.996078431372549;0.9921568627450981;0.9921568627450981;0.9921568627450981;0.9921568627450981;0.9019607843137255;0.8470588235294118;0.9725490196078431;0.9921568627450981;0.5058823529411764;0.1411764705882353;0.1411764705882353;0.1411764705882353;0.03137254901960784;0.0;0.0;0.0;0.0;0.0;0.0;0.0;0.0;0.0;0.7647058823529411;0.9921568627450981;0.9921568627450981;0.9921568627450981;0.9921568627450981;0.996078431372549;0.8745098039215686;0.38823529411764707;0.21176470588235294;0.21176470588235294;0.0784313725490196;0.0;0.4235294117647059;0.9607843137254902;0.1607843137254902;0.0;0.0;0.0;0.0;0.0;0.0;0.0;0.0;0.0;0.0;0.0;0.0;0.0;0.1843137254901961;0.5333333333333333;0.4627450980392157;0.6078431372549019;0.2823529411764706;0.2823529411764706;0.12156862745098039;0.0;0.0;0.0;0.0;0.0;0.043137254901960784;0.2627450980392157;0.0;0.0;0.0;0.0;0.0;0.0;0.0;0.0;0.0;0.0;0.0;0.0;0.0;0.0;0.0;0.0;0.0;0.0;0.0;0.0;0.0;0.0;0.0;0.0;0.0;0.0;0.0;0.0;0.0;0.0;0.0;0.0;0.0;0.0;0.0;0.0;0.0;0.0;0.0;0.0;0.0;0.0;0.0;0.0;0.0;0.0;0.0;0.0;0.0;0.0;0.0;0.0;0.0;0.0;0.0;0.0;0.0;0.0;0.0;0.0;0.0;0.0;0.0;0.0;0.0;0.0;0.0;0.0;0.0;0.0;0.0;0.0;0.0;0.0;0.0;0.0;0.0;0.0;0.0;0.0;0.0;0.0;0.0;0.0;0.0;0.0;0.0;0.0;0.0;0.0;0.0;0.0;0.0;0.0;0.0;0.0;0.0;0.0;0.0;0.0;0.0;0.0;0.0;0.0;0.0;0.0;0.0;0.0;0.0;0.0;0.0;0.0;0.0;0.0;0.0;0.0;0.0;0.0;0.0;0.0;0.0;0.0;0.0;0.0;0.0;0.0;0.0;0.0;0.0;0.0;0.0;0.0;0.0;0.0;0.0;0.0;0.0;0.0;0.0;0.0;0.0;0.0;0.0;0.0;0.0;0.0;0.0;0.0;0.0;0.0;0.0;0.0;0.0;0.0;0.0;0.0;0.0;0.0;0.0;0.0;0.0;0.0;0.0;0.0;0.0;0.0;0.0;0.0;0.0;0.0;0.0;0.0;0.0;0.0;0.0;0.0;0.0;0.0;0.0;0.0;0.0;0.0;0.0;0.0;0.0;0.0;0.0;0.0;0.0;0.0;0.0;0.0;0.0;0.0;0.0;0.0;0.0;0.0;0.0;0.0;0.0;0.0;0.0;0.0;0.0;0.0;0.0;0.0;0.0;0.0;0.0;0.0;0.0;0.0;0.0;0.0;0.0;0.0;0.0;0.0;0.0;0.0;0.0;0.0;0.0;0.0;0.0;0.0;0.0;0.0;0.0;0.0;0.0;0.0;0.0;0.0;0.0;0.0;0.0;0.0;0.0;0.0;0.0;0.0;0.0;0.0;0.0;0.0;0.0;0.0;0.0;0.0;0.0;0.0;0.0;0.0;0.0;0.0;0.0;0.0;0.0,0.005897367,0.0,0.0,0.0,,,,,,,,,,,,,,,,,,,,,,,,,,,,,,,,,,
284,INFEASIBLE,certified_no_adversarial_example,feasibility,false,false,false,false,,,,0.900036432,0.027489900588989258,0.0,0.0,0.857088758,0.5688794770000001,0.39768227300000003,0.38323402404785156,0.4594064849999999,0.2882092809999999,0.039884347,9626,217,217,0,4014,0,1565,650,3180,6866,0,0,3,4804,4675,129,3180,1495,0,1826,129,1301,4824,,572,0,
285,INFEASIBLE,certified_no_adversarial_example,feasibility,false,false,false,false,,,,0.834673618,0.0296323299407959,0.0,0.0,0.788934995,0.503734279,0.3453018160000001,0.3302128314971924,0.4436331789999999,0.28520071599999997,0.042633007,9626,224,224,0,4050,0,1561,661,3130,6795,0,0,3,4804,4667,137,3130,1537,0,1846,140,1340,4892,,519,0,
286,INFEASIBLE,certified_no_adversarial_example,feasibility,false,false,false,false,,,,0.88252719,0.035926103591918945,0.0,0.0,0.830549741,0.5229917559999999,0.363200694,0.3475196361541748,0.467349047,0.3075579850000001,0.048888985,9626,240,240,0,4055,0,1552,663,3116,6568,0,0,3,4804,4664,140,3116,1548,0,1851,142,1350,4910,,609,0,
287,INFEASIBLE,certified_no_adversarial_example,feasibility,false,false,false,false,,,,0.696906207,0.0334315299987793,0.0,0.0,0.648178414,0.37819458400000006,0.23790169100000005,0.22504806518554688,0.41027672299999995,0.2699838299999999,0.04560789,9626,176,176,0,4042,0,1584,654,3170,4514,0,0,3,4804,4694,110,3170,1524,0,1791,112,1230,4700,,645,0,
288,INFEASIBLE,certified_no_adversarial_example,feasibility,false,false,false,false,,,,0.750898547,0.02476048469543457,0.0,0.0,0.710836358,0.419792367,0.27204741099999996,0.2579152584075928,0.43878894700000004,0.291043991,0.036980035,9626,209,209,0,4056,0,1571,678,3112,4074,0,0,3,4804,4680,124,3112,1568,0,1819,126,1286,4798,,492,0,
289,INFEASIBLE,certified_no_adversarial_example,feasibility,false,false,false,false,,,,0.518715122,0.016231060028076172,0.0,0.0,0.490095853,0.24638892899999998,0.12425276399999999,0.11420440673828125,0.36584308900000007,0.24370692400000005,0.025514735,9626,116,116,0,3990,0,1619,651,3250,1681,0,0,3,4804,4744,60,3250,1494,0,1688,60,1025,4341,,463,0,
290,INFEASIBLE,certified_no_adversarial_example,feasibility,false,false,false,false,,,,0.795175563,0.0276029109954834,0.0,0.0,0.752018167,0.461002612,0.312357221,0.29835009574890137,0.439660946,0.29101555500000004,0.040079621,9626,206,206,0,4025,0,1573,676,3146,5347,0,0,3,4804,4680,124,3146,1534,0,1819,126,1286,4798,,465,0,
291,OPTIMAL,adversarial_example_found_or_best_known,feasibility,true,true,true,true,2.0872192862952943e-14,-13.549148756735887;-19.99812606906189;-11.819771816756923;-8.652663617400158;1.0295779672801961;-1.8384418400159213;-1.872195554207801;-12.910812785606915;1.0295779672801753;-2.120396694723526,0.1;0.0;0.1;0.1;0.1;0.0;0.1;0.1;0.1;0.1;0.1;0.0;0.0;0.1;0.1;0.0;0.0;0.0;0.1;0.0;0.0;0.1;0.1;0.0;0.0;0.0;0.0;0.1;0.1;0.0;0.0;0.0;0.0;0.1;0.0;0.0;0.0;0.0;0.1;0.1;0.1;0.1;0.1;0.0;0.1;0.1;0.1;0.1;0.1;0.1;0.0;0.1;0.0;0.0;0.0;0.1;0.1;0.0;0.0;0.1;0.1;0.1;0.0;0.1;0.1;0.0;0.0;0.1;0.1;0.1;0.1;0.0;0.0;0.0;0.1;0.0;0.1;0.1;0.1;0.1;0.1;0.0;0.0;0.1;0.0;0.0;0.0;0.0;0.1;0.1;0.0;0.1;0.0;0.0;0.0;0.1;0.1;0.0;0.1;0.0;0.0;0.0;0.1;0.0;0.1;0.1;0.0;0.1;0.0;0.0;0.0;0.0;0.0;0.0;0.0;0.1;0.1;0.1;0.0;0.1;0.1;0.0;0.0;0.1;0.1;0.1;0.1;0.0;0.0;0.1;0.1;0.1;0.1;0.0;0.1;0.1;0.0;0.0;0.0;0.1;0.0;0.1;0.0;0.1;0.1;0.1;0.0;0.1;0.0;0.1;0.1;0.1;0.1;0.1;0.1;0.0;0.0;0.0;0.1;0.1;0.0;0.0;0.0;0.1;0.0;0.1;0.0;0.0;0.1;0.0;0.0;0.0;0.1;0.1;0.1;0.1;0.1;0.0;0.0;0.1;0.10135398373652114;0.5392156862745098;0.3392156862745098;0.3392156862745098;0.10391339919065254;0.1;0.1;0.0;0.0;0.0;0.0;0.0;0.0;0.0;0.0;0.0;0.1;0.0;0.1;0.0;0.1;0.1;0.1;0.0;0.0;0.0;0.04901960784313725;0.5189712722221559;0.8755487329522207;0.8921568627450981;0.8921568627450981;0.8921568627450981;0.3784313725490196;0.1;0.035324241378622404;0.1;0.0;0.0;0.1;0.0;0.0;0.0;0.0;0.0;0.0;0.0;0.0;0.0;0.0;0.1;0.1;0.1;0.09821641995753815;0.7470588235294118;1.0;1.0;0.9488235696757936;1.0;1.0;0.8921568627450981;0.4411764705882353;0.1;0.1;0.1;0.1;0.0;0.0;0.0;0.0;0.1;0.1;0.0;0.0;0.0;0.0;0.0;0.0;0.0;0.0;0.4647058823529412;1.0;1.0;0.8921568627450981;0.7862745098039216;0.7130320934648694;0.7787566347436645;0.8921568627450981;1.0;0.369370909496444;0.0;0.0;0.0;0.0;0.1;0.0;0.09708055059831501;0.05367545284718488;0.1;0.0;0.0;0.0;0.0;0.0;0.1;0.0;0.0;0.6607843137254902;0.884313725490196;1.0;0.7627450980392158;0.5784313725490197;0.12352941176470589;0.09312752066824913;0.6176470588235294;0.8921568627450981;0.696078431372549;0.09804437254649435;0.1;0.1;0.1;0.0;0.1;0.1;0.1;0.1;0.1;0.1;0.0;0.1;0.1;0.0;0.1;0.009449739952178588;0.9235294117647058;0.8882352941176471;1.0;0.8796931696628486;0.1044071699229514;0.1;0.1;0.21613217623843803;0.8568627450980393;0.8921568627450981;0.7906470292958725;0.1;0.0;0.1;0.0;0.1;0.0;0.1;0.0;0.1;0.1;0.1;0.0;0.0;0.1;0.0;0.1;0.09639244698304213;0.8960784313725491;1.0;0.6254901960784314;0.3196078431372549;0.0;0.0;0.0;0.3549019607843137;0.8921568627450981;1.0;1.0;0.692156862745098;0.8019607843137254;0.38235294117647056;0.38235294117647056;0.10301691013745808;0.1;0.1;0.1;0.1;0.1;0.1;0.0;0.1;0.1;0.0;0.1;0.0;0.6411764705882353;0.43359987024107643;0.10416230495041841;0.0;0.0;0.07931899641280529;0.292156862745098;1.0;1.0;0.925291787669798;0.8921568627450981;0.8921568627450981;1.0;1.0;1.0;0.8730386410304485;0.3786584582068729;0.1;0.1;0.08860293219399179;0.1;0.1;0.1;0.0;0.1;0.0;0.0;0.1;0.0;0.0;0.1;0.0;0.307843137254902;0.8411764705882353;1.0;1.0;0.8921568627450981;1.0;0.9196078431372549;0.3549019607843137;0.1549019607843137;0.1549019607843137;0.41764705882352937;0.8058823529411765;0.8725490196078431;0.6137254901960785;0.005882352941176464;0.1;0.1;0.1;0.0;0.0;0.0;0.0;0.1;0.0;0.1;0.1;0.1;0.42193367540862364;1.0;1.0;0.9830351162070078;0.8910451435803223;1.0;1.0;0.907843137254902;0.0;0.0;0.0;0.0;0.3901960784313725;1.0;0.8921568627450981;0.4647058823529412;0.10147509059280412;0.1;0.1;0.0;0.0;0.0;0.0;0.1;0.09773143047166985;0.0;0.09829468227341419;0.49607843137254903;0.8725490196078431;0.8921568627450981;1.0;0.48039215686274506;0.04901960784313725;0.7549019607843137;1.0;1.0;0.27254901960784317;0.1;0.0;0.1;0.094045635808553;0.13529411764705881;0.8921568627450981;0.8921568627450981;0.6030636677449616;0.1;0.1;0.0;0.0;0.0;0.0;0.1;0.1;0.1;0.1;0.8450980392156863;0.8921568627450981;0.483065896194885;0.27330926659462823;0.0;0.0;0.32774589345314586;0.8774651724040627;0.8921568627450981;0.8742569932705035;0.7666666666666666;0.4254901960784314;0.10227221981628905;0.1;0.10347366402636511;0.6725490196078432;0.8921568627450981;1.0;0.1;0.1;0.1;0.0;0.1;0.1;0.0;0.1;0.0;0.09708654764076138;1.0;0.8921568627450981;0.0;0.0;0.0;0.0;0.1;0.41625544654532204;0.9941176470588236;0.8921568627450981;0.8921568627450981;1.0;1.0;0.5392156862745098;0.7666666666666666;0.8921568627450981;0.8921568627450981;0.8921568627450981;0.1;0.1;0.0;0.1;0.0;0.1;0.1;0.08890596644213795;0.0;0.0;1.0;0.6372549019607844;0.1326210274522531;0.0;0.0;0.0;0.1;0.0;0.13353730630340263;0.502536963391794;0.7984913034347765;0.8790529721277636;0.8921568627450981;1.0;0.8921568627450981;1.0;0.9031235659119773;0.6034493505608373;0.1;0.1;0.0;0.1;0.0;0.0;0.1;0.0;0.1;0.0;0.7078431372549019;0.2814424228721043;0.1;0.1;0.0;0.0;0.1;0.1;0.0;0.0;0.0;0.37450980392156863;0.5078431372549019;0.307843137254902;0.5078431372549019;0.5078431372549019;0.307843137254902;0.30000000000000004;0.1;0.1;0.0;0.1;0.1;0.05389543843414565;0.0;0.06744943828631643;0.0;0.0;0.1;0.0;0.1;0.0;0.1;0.0;0.1;0.0;0.0;0.1;0.0;0.1;0.1;0.0;0.0;0.0;0.0;0.0;0.1;0.0;0.1;0.1;0.1;0.0;0.0;0.1;0.0;0.0;0.1;0.1;0.1;0.1;0.1;0.0;0.1;0.1;0.0;0.0;0.0;0.0;0.1;0.1;0.0;0.0;0.1;0.0;0.1;0.1;0.0;0.0;0.1;0.1;0.1;0.1;0.0;0.07022125812676636;0.0;0.1;0.1;0.1;0.1;0.0;0.1;0.1;0.0;0.1;0.0;0.06916068666930722;0.1;0.0;0.0;0.1;0.0;0.1;0.0;0.1;0.0;0.1;0.1;0.1;0.1;0.0;0.0;0.0;0.1;0.0;0.1;0.1;0.1;0.0;0.1;0.1;0.0;0.0;0.0;0.0;0.1;0.1;0.0;0.0;0.0;0.1;0.0;0.0;0.0;0.1;0.1;0.1;0.0;0.0;0.0;0.1;0.0;0.1;0.0;0.1;0.1;0.1;0.1;0.1;0.1;0.0;0.0;0.1;0.1;0.1;0.1;0.1;0.0;0.1;0.0;0.0;0.1;0.1;0.1;0.1;0.0;0.0;0.0;0.1;0.1;0.1;0.1;0.1;0.1;0.1;0.1;0.0;0.0;0.0;0.0;0.0;0.1;0.1;0.0;0.0;0.0;0.0;0.0;0.0;0.0;0.0;0.0;0.0;0.0;0.0;0.1;0.0;0.0;0.1;0.0;0.1;0.1;0.0;0.1;0.1;0.1;0.0;0.1;0.1;0.1;0.0;0.1;0.1;0.1;0.0;0.0;0.1;0.0,2.274753732,1.1477818489074707,0.0,0.0,1.1083335,0.7731256129999999,0.292376108,0.27826976776123047,0.8159573920000001,0.33520788700000015,1.159774869,9626,185,185,0,4073,0,1581,695,3092,5925,0,0,3,4804,4689,115,3092,1597,0,1803,119,1254,4741,1,12507,,0.0
292,INFEASIBLE,certified_no_adversarial_example,feasibility,false,false,false,false,,,,0.859496451,0.04104423522949219,0.0,0.0,0.800952937,0.507295183,0.35491962099999996,0.339475154876709,0.44603331600000007,0.29365775400000005,0.055432899,9626,232,232,0,4075,0,1558,672,3089,6746,0,0,3,4804,4656,148,3089,1567,0,1868,151,1384,4969,,649,0,
293,INFEASIBLE,certified_no_adversarial_example,feasibility,false,false,false,false,,,,0.602632822,0.021340131759643555,0.0,0.0,0.567425027,0.300527924,0.162373927,0.15130257606506348,0.4050511,0.26689710299999997,0.032118108,9626,138,138,0,4042,0,1607,692,3147,2688,0,0,3,4804,4724,80,3147,1577,0,1731,82,1110,4490,,482,0,
294,INFEASIBLE,certified_no_adversarial_example,feasibility,false,false,false,false,,,,0.780762478,0.02563643455505371,0.0,0.0,0.739920298,0.40069634500000006,0.248611194,0.23608779907226562,0.49130910400000005,0.33922395299999997,0.037777591,9626,169,169,0,4057,0,1592,675,3133,4614,0,0,3,4804,4703,101,3133,1570,0,1770,101,1189,4628,,586,0,
295,INFEASIBLE,certified_no_adversarial_example,feasibility,false,false,false,false,,,,0.930918648,0.04134726524353027,0.0,0.0,0.851900165,0.553976352,0.38135835399999995,0.3655095100402832,0.47054181100000003,0.29792381300000004,0.075897901,9626,245,245,0,4067,0,1551,681,3082,7116,0,0,3,4804,4652,152,3082,1570,0,1876,155,1400,4997,,634,0,
296,INFEASIBLE,certified_no_adversarial_example,feasibility,false,false,false,false,,,,0.824214167,0.04039502143859863,0.0,0.0,0.76797327,0.48471856,0.332648522,0.3180832862854004,0.43532474800000004,0.28325471,0.053165277,9626,218,218,0,4036,0,1567,671,3134,5244,0,0,3,4804,4678,126,3134,1544,0,1820,126,1289,4803,,699,0,
297,INFEASIBLE,certified_no_adversarial_example,feasibility,false,false,false,false,,,,0.828563985,0.024139881134033203,0.0,0.0,0.789089508,0.4746152050000001,0.32313470099999997,0.3090074062347412,0.465954807,0.3144743029999999,0.03641091,9626,198,198,0,4116,0,1575,716,3021,5687,0,0,3,4804,4678,126,3021,1657,0,1823,128,1294,4812,,538,0,
298,INFEASIBLE,certified_no_adversarial_example,feasibility,false,false,false,false,,,,0.991335639,0.050788164138793945,0.0,0.0,0.923195606,0.614829573,0.43876431000000005,0.4208405017852783,0.4844312959999999,0.308366033,0.06507912,9626,283,283,0,4080,0,1533,687,3043,7495,0,0,3,4804,4631,173,3043,1588,0,1914,173,1477,5132,,761,0,
299,INFEASIBLE,certified_no_adversarial_example,feasibility,false,false,false,false,,,,0.901485221,0.029726743698120117,0.0,0.0,0.854685884,0.5494742850000001,0.37560837599999997,0.36029577255249023,0.47907750800000004,0.30521159899999994,0.043731451,9626,220,220,0,4086,0,1563,682,3075,7440,0,0,3,4804,4653,151,3075,1578,0,1873,153,1394,4987,,548,0,
300,INFEASIBLE,certified_no_adversarial_example,feasibility,false,false,false,false,,,,0.875484778,0.03287553787231445,0.0,0.0,0.820497637,0.5376375330000001,0.368877111,0.3536708354949951,0.451620526,0.28286010399999995,0.051911021,9626,222,222,0,4055,0,1559,666,3124,7060,0,0,3,4804,4678,126,3124,1554,0,1820,126,1289,4803,,618,0,
301,INFEASIBLE,certified_no_adversarial_example,feasibility,false,false,false,false,,,,0.783222617,0.04461932182312012,0.0,0.0,0.723184616,0.43774584400000005,0.29154183200000006,0.2778623104095459,0.4316427839999999,0.2854387719999999,0.056942779,9626,188,188,0,4019,0,1581,654,3184,5664,0,0,3,4804,4691,113,3184,1507,0,1801,119,1250,4733,,687,0,
302,INFEASIBLE,certified_no_adversarial_example,feasibility,false,false,false,false,,,,0.78146278,0.03634309768676758,0.0,0.0,0.729706247,0.442761162,0.2880623550000001,0.2747478485107422,0.44164389199999987,0.286945085,0.048654588,9626,180,180,0,4066,0,1585,659,3136,5899,0,0,3,4804,4685,119,3136,1549,0,1809,121,1266,4763,,671,0,
303,INFEASIBLE,certified_no_adversarial_example,feasibility,false,false,false,false,,,,0.651166478,0.01898503303527832,0.0,0.0,0.618451933,0.361702948,0.21853414699999996,0.2069709300994873,0.39991778600000005,0.256748985,0.029617881,9626,151,151,0,3992,0,1598,651,3234,4061,0,0,3,4804,4722,82,3234,1488,0,1732,82,1113,4495,,450,0,
304,INFEASIBLE,certified_no_adversarial_example,feasibility,false,false,false,false,,,,1.073720588,0.040833473205566406,0.0,0.0,1.015433988,0.666832517,0.48550627199999996,0.4689030647277832,0.5299277160000001,0.34860147100000005,0.055184876,9626,255,255,0,4027,0,1548,666,3130,8408,0,0,3,4804,4648,156,3130,1518,0,1886,161,1420,5031,,611,0,
305,INFEASIBLE,certified_no_adversarial_example,feasibility,false,false,false,false,,,,1.09588652,0.029433250427246094,0.0,0.0,1.050596326,0.775014955,0.27948899,0.2656571865081787,0.771107336,0.275581371,0.042140792,9626,197,197,0,4042,0,1577,672,3138,5483,0,0,3,4804,4688,116,3138,1550,0,1803,118,1254,4742,,537,0,
306,INFEASIBLE,certified_no_adversarial_example,feasibility,false,false,false,false,,,,0.833821638,0.027808666229248047,0.0,0.0,0.788903319,0.49100725,0.332837352,0.31741762161254883,0.456065967,0.297896069,0.041835991,9626,223,223,0,4091,0,1563,716,3033,6883,0,0,3,4804,4660,144,3033,1627,0,1860,147,1368,4941,,497,0,
307,INFEASIBLE,certified_no_adversarial_example,feasibility,false,false,false,false,,,,0.838892144,0.04577064514160156,0.0,0.0,0.775499135,0.485129579,0.31063392900000003,0.29632115364074707,0.464865206,0.29036955600000003,0.060309204,9626,203,203,0,4047,0,1573,659,3144,6639,0,0,3,4804,4667,137,3144,1523,0,1846,140,1340,4892,,750,0,
308,INFEASIBLE,certified_no_adversarial_example,feasibility,false,false,false,false,,,,0.81665099,0.030129671096801758,0.0,0.0,0.771371042,0.448003965,0.293051732,0.27971506118774414,0.47831930999999994,0.32336707699999995,0.042146391,9626,174,174,0,4034,0,1589,662,3167,6194,0,0,3,4804,4693,111,3167,1526,0,1793,113,1234,4707,,586,0,
309,INFEASIBLE,certified_no_adversarial_example,feasibility,false,false,false,false,,,,0.864343445,0.03818964958190918,0.0,0.0,0.810850625,0.5230257890000001,0.33508992299999996,0.32010865211486816,0.4757607020000001,0.287824836,0.050409385,9626,196,196,0,4062,0,1575,668,3125,5826,0,0,3,4804,4682,122,3125,1557,0,1815,124,1278,4784,,655,0,
310,INFEASIBLE,certified_no_adversarial_example,feasibility,false,false,false,false,,,,0.820424122,0.03511786460876465,0.0,0.0,0.769297039,0.4736570010000001,0.31427709100000006,0.29857397079467773,0.45501994799999995,0.29564003799999994,0.048024707,9626,233,233,0,4024,0,1558,675,3136,5419,0,0,3,4804,4670,134,3136,1534,0,1839,136,1326,4868,,561,0,
311,INFEASIBLE,certified_no_adversarial_example,feasibility,false,false,false,false,,,,0.838329491,0.04698324203491211,0.0,0.0,0.774985015,0.49722871599999996,0.32578588799999997,0.3100271224975586,0.4491991270000001,0.2777562990000001,0.060225109,9626,246,246,0,4021,0,1549,655,3155,5249,0,0,3,4804,4679,125,3155,1524,0,1823,129,1294,4811,,734,0,
312,INFEASIBLE,certified_no_adversarial_example,feasibility,false,false,false,false,,,,0.792465841,0.02397298812866211,0.0,0.0,0.753703518,0.44606503200000003,0.300428386,0.2867558002471924,0.453275132,0.307638486,0.035700183,9626,185,185,0,4142,0,1580,707,3012,5074,0,0,3,4804,4694,110,3012,1682,0,1791,112,1230,4700,,525,0,
313,INFEASIBLE,certified_no_adversarial_example,feasibility,false,false,false,false,,,,0.887548259,0.0376439094543457,0.0,0.0,0.833289025,0.5312053760000001,0.35900177499999997,0.3435804843902588,0.47428725000000005,0.30208364899999995,0.051211641,9626,225,225,0,4086,0,1563,676,3076,6789,0,0,3,4804,4654,150,3076,1578,0,1873,154,1394,4986,,600,0,
314,INFEASIBLE,certified_no_adversarial_example,feasibility,false,false,false,false,,,,0.918423401,0.03932619094848633,0.0,0.0,0.862500242,0.558687354,0.39427587899999994,0.3775172233581543,0.46822436300000003,0.30381288799999995,0.052836323,9626,252,252,0,4063,0,1547,687,3077,7284,0,0,3,4804,4649,155,3077,1572,0,1878,155,1405,5006,,699,0,
315,INFEASIBLE,certified_no_adversarial_example,feasibility,false,false,false,false,,,,0.559478899,0.021282196044921875,0.0,0.0,0.524918666,0.27055153,0.14959201300000002,0.13896846771240234,0.375326653,0.25436713600000005,0.03147235,9626,139,139,0,3982,0,1605,651,3249,1998,0,0,3,4804,4740,64,3249,1491,0,1699,66,1046,4378,,485,0,
316,INFEASIBLE,certified_no_adversarial_example,feasibility,false,false,false,false,,,,0.7790045,0.027373313903808594,0.0,0.0,0.73624787,0.44622027400000003,0.2969374899999999,0.28211236000061035,0.4393103800000001,0.290027596,0.039684647,9626,211,211,0,4073,0,1564,667,3111,5658,0,0,3,4804,4684,120,3111,1573,0,1813,124,1274,4776,,517,0,
317,INFEASIBLE,certified_no_adversarial_example,feasibility,false,false,false,false,,,,1.192828129,0.04883694648742676,0.0,0.0,1.128328898,0.801265095,0.312624813,0.2978363037109375,0.8157040849999999,0.32706380299999993,0.061400558,9626,216,216,0,4035,0,1565,642,3168,5658,0,0,3,4804,4678,126,3168,1510,0,1823,128,1294,4812,,809,0,
318,INFEASIBLE,certified_no_adversarial_example,feasibility,false,false,false,false,,,,0.690986754,0.026726245880126953,0.0,0.0,0.648656439,0.37976647399999997,0.24202288299999997,0.22840666770935059,0.40663355600000006,0.26888996500000006,0.039213548,9626,188,188,0,4032,0,1577,645,3184,4255,0,0,3,4804,4699,105,3184,1515,0,1778,105,1205,4656,,584,0,
319,INFEASIBLE,certified_no_adversarial_example,feasibility,false,false,false,false,,,,1.195737817,0.24183011054992676,0.0,0.0,0.935256178,0.6206398,0.4247607590000001,0.407620906829834,0.510495419,0.3146163780000001,0.257403054,9626,248,248,0,4094,0,1547,690,3047,8599,0,0,3,4804,4637,167,3047,1590,0,1905,169,1458,5099,,967,0,
320,INFEASIBLE,certified_no_adversarial_example,feasibility,false,false,false,false,,,,1.045408708,0.04885601997375488,0.0,0.0,0.978865092,0.598181077,0.40635516800000004,0.3894634246826172,0.572509924,0.38068401500000004,0.063420274,9626,254,254,0,4085,0,1546,688,3053,7719,0,0,3,4804,4641,163,3053,1588,0,1898,166,1444,5074,,669,0,
321,OPTIMAL,adversarial_example_found_or_best_known,feasibility,true,true,true,true,1.3877787807814457e-15,-9.621260892821851;-2.5005211875275286;-3.9104839629035437;-3.671585957821409;-5.467072098319277;-6.961394176636871;-15.065815044450446;-0.8203169598335962;-0.10836051796956331;-0.1083605179695647,0.1;0.0;0.0;0.1;0.1;0.0;0.0;0.1;0.1;0.0;0.0;0.0;0.0;0.1;0.1;0.1;0.1;0.0;0.0;0.1;0.1;0.0;0.0;0.1;0.1;0.0;0.0;0.1;0.1;0.0;0.0;0.1;0.0;0.0;0.0;0.0;0.0;0.1;0.0;0.0;0.0;0.0;0.0;0.1;0.0;0.1;0.0;0.1;0.1;0.0;0.0;0.1;0.0;0.0;0.0;0.0;0.1;0.0;0.0;0.1;0.1;0.0;0.0;0.0;0.1;0.0;0.0;0.0;0.0;0.1;0.1;0.1;0.1;0.0;0.0;0.1;0.1;0.0;0.0;0.1;0.1;0.0;0.0;0.0;0.1;0.1;0.1;0.1;0.0;0.1;0.0;0.1;0.0;0.1;0.0;0.1;0.0;0.1;0.0;0.0;0.1;0.0;0.0;0.1;0.0;0.0;0.1;0.1;0.0;0.1;0.0;0.0;0.1;0.1;0.1;0.1;0.1;0.0;0.0;0.0;0.0;0.1;0.1;0.1;0.1;0.0;0.0;0.0;0.0;0.0;0.0;0.1;0.1;0.0;0.0;0.1;0.1;0.0;0.0;0.0;0.0;0.0;0.1;0.1;0.1;0.0;0.1;0.0;0.0;0.0;0.0;0.1;0.1;0.1;0.0;0.0;0.0;0.0;0.0;0.0;0.1;0.1;0.1;0.1;0.1;0.1;0.1;0.1;0.1;0.0;0.1;0.0;0.0;0.0;0.0;0.1;0.1;0.1;0.1;0.1;0.1;0.1;0.0;0.0;0.0;0.0;0.0;0.0;0.1;0.0;0.0;0.1;0.1;0.1;0.1;0.0;0.0;0.1;0.0;0.0;0.0;0.0;0.1;0.1;0.1;0.0;0.1;0.0;0.0;0.0;0.0;0.1;0.1;0.0;0.1;0.0;0.1;0.0;0.1;0.0;0.1;0.1;0.0;0.0;0.1;0.0;0.0;0.0;0.0;0.1;0.1;0.1;0.1;0.0;0.0;0.1;0.1;0.1;0.1;0.1;0.1;0.1;0.1;0.0;0.0;0.1;0.1;0.0;0.0;0.1;0.1;0.0;0.0;0.0;0.0;0.0;0.1;0.0;0.0;0.0;0.0;0.0;0.1;0.1;0.1;0.1;0.0;0.1;0.1;0.0;0.1;0.0;0.0;0.1;0.1;0.0;0.1;0.1;0.0;0.1;0.0;0.0;0.0;0.0;0.0;0.1;0.0;0.0;0.0;0.0;0.1;0.1;0.1;0.0;0.0;0.1;0.1;0.0;0.0;0.1;0.1;0.1;0.1;0.0;0.0;0.1;0.1;0.0;0.0;0.1;0.0;0.1;0.0;0.1;0.307843137254902;0.7995847115326676;1.0;0.7941176470588235;0.4372549019607843;0.2410253346677083;0.1;0.1;0.1;0.0;0.1;0.0;0.0;0.0;0.0;0.0;0.1;0.1;0.0;0.1;0.0;0.0;0.1;0.0;0.0;0.1;0.0;0.1;0.7078431372549019;0.8960784313725491;1.0;1.0;1.0;0.8921568627450981;0.3204997394670795;0.1;0.1;0.1;0.0;0.1;0.0;0.2607843137254902;0.2607843137254902;0.2607843137254902;0.2607843137254902;0.2607843137254902;0.10366661541312859;0.1;0.1;0.0;0.0;0.0;0.0;0.0;0.0;0.1;0.6568627450980392;1.0;0.18235294117647058;0.3666666666666667;0.7823529411764706;0.8960784313725491;0.40980392156862744;0.1;0.0;0.17450980392156862;0.4764705882352941;0.5705882352941176;0.9705882352941176;1.0;0.9;0.8960784313725491;1.0;1.0;0.696078431372549;0.102434256628992;0.0;0.0;0.1;0.0;0.0;0.1;0.1;0.1;0.515686274509804;1.0;0.24509803921568626;0.0;0.48039215686274506;0.8960784313725491;0.8921568627450981;1.0;1.0;1.0;1.0;1.0;0.8960784313725491;0.8960784313725491;0.8960784313725491;0.8960784313725491;0.8960784313725491;1.0;0.8960784313725491;1.0;0.1;0.0;0.1;0.0;0.1;0.0;0.1;0.1;0.19411764705882353;0.8960784313725491;0.7745098039215687;0.10284567914750403;0.5862745098039216;1.0;0.8960784313725491;0.8960784313725491;1.0;0.8960784313725491;0.8725490196078431;0.48431372549019613;0.1549019607843137;0.10399202437474331;0.29600884651065845;0.2960359468422754;0.10710178694885987;0.10365916970680578;0.8686274509803922;0.8921568627450981;0.0;0.0;0.1;0.0;0.0;0.0;0.0;0.1;0.09358957457436386;0.896078431372549;0.8960784313725491;0.42156862745098045;0.7823529411764706;1.0;0.6607843137254902;0.49215686274509807;0.28769254660593263;0.39803921568627454;0.09983489416906537;0.0;0.0;0.1;0.1;0.1;0.1;0.1;0.8333333333333333;0.40980392156862744;0.1;0.0;0.1;0.0;0.06442786453831496;0.0;0.1;0.1;0.1;0.3392156862745098;0.6450980392156862;0.8372549019607843;0.8803921568627451;0.2686274509803922;0.0;0.1;0.1;0.1;0.0;0.1;0.1;0.0;0.1;0.1;0.1;0.0;0.0;0.1;0.0;0.1;0.1;0.0;0.0;0.0;0.1;0.1;0.1;0.1;0.0;0.2176470588235294;0.2568627450980392;0.0;0.0;0.1;0.1;0.0;0.0;0.0;0.0;0.0;0.0;0.1;0.1;0.0;0.0;0.1;0.1;0.0;0.1;0.1;0.1;0.0;0.1;0.1;0.1;0.0;0.1;0.0;0.1;0.0;0.0;0.0;0.1;0.0;0.1;0.0;0.0;0.0;0.1;0.0;0.1;0.0;0.0;0.0;0.0;0.0;0.1;0.1;0.1;0.0;0.0;0.1;0.1;0.0;0.1;0.1;0.1;0.0;0.0;0.1;0.1;0.0;0.0;0.0;0.0;0.0;0.0;0.0;0.0;0.1;0.1;0.1;0.1;0.0;0.1;0.1;0.055986924582230306;0.0;0.1;0.0;0.1;0.0;0.1;0.0;0.1;0.0;0.0;0.1;0.1;0.0;0.0;0.0;0.0;0.0;0.1;0.0;0.09940080368718238;0.0;0.0;0.0;0.0;0.0;0.1;0.1;0.1;0.0;0.0;0.1;0.1;0.0;0.0;0.0;0.0;0.0;0.0;0.1;0.1;0.0;0.0;0.0;0.0;0.1;0.1;0.0;0.0;0.1;0.1;0.1;0.1;0.0;0.0;0.1;0.0;0.0;0.0;0.0;0.0;0.0;0.0;0.0;0.1;0.0;0.1;0.1;0.1;0.0;0.046435665163578894;0.0;0.0;0.1;0.0;0.1;0.0;0.1;0.0;0.1;0.0;0.1;0.1;0.1;0.1;0.0;0.0;0.0;0.0;0.1;0.0;0.1;0.1;0.1;0.1;0.1;0.1;0.0;0.0;0.0;0.0;0.1;0.1;0.0;0.0;0.1;0.1;0.0;0.0;0.0;0.0;0.1;0.0;0.1;0.0;0.0;0.0;0.1;0.0;0.0;0.1;0.0;0.1;0.1;0.0;0.1;0.0;0.1;0.0;0.1;0.0;0.0;0.0;0.0;0.0;0.1;0.0;0.1;0.1;0.1;0.1;0.1;0.0;0.0;0.0;0.1;0.1;0.0;0.0;0.1;0.1;0.1;0.1;0.0;0.0;0.0;0.0;0.1;0.1;0.0;0.0;0.0;0.0;0.0;0.0;0.1;0.0;0.0;0.0;0.1;0.1;0.0;0.0;0.1;0.0;0.0;0.0;0.1;0.0;0.1;0.0;0.1;0.0;0.1;0.1;0.1;0.1;0.1;0.1;0.0;0.1;0.0;0.0;0.0,8.650131439,8.054717540740967,0.0,0.0,0.577610502,0.320150002,0.19702130299999998,0.18515753746032715,0.380589199,0.2574605,8.066075045,9626,150,150,0,4008,0,1601,641,3226,3756,0,0,3,4804,4713,91,3226,1487,0,1754,94,1156,4570,208,95857,,0.0
322,SKIPPED_PREDICTED_IN_TARGETED,adversarial_example_found_or_best_known,feasibility,true,true,true,true,2.846903114660533,-7.913966580484432;-3.979934130716689;0.5674479509500268;-0.6403658549181954;-12.241826631904123;-8.083758444954368;-18.033394517332248;3.4143510656105596;-0.5432207726818382;-3.026330585529838,0.0;0.0;0.0;0.0;0.0;0.0;0.0;0.0;0.0;0.0;0.0;0.0;0.0;0.0;0.0;0.0;0.0;0.0;0.0;0.0;0.0;0.0;0.0;0.0;0.0;0.0;0.0;0.0;0.0;0.0;0.0;0.0;0.0;0.0;0.0;0.0;0.0;0.0;0.0;0.0;0.0;0.0;0.0;0.0;0.0;0.0;0.0;0.0;0.0;0.0;0.0;0.0;0.0;0.0;0.0;0.0;0.0;0.0;0.0;0.0;0.0;0.0;0.0;0.0;0.0;0.0;0.0;0.0;0.0;0.0;0.0;0.0;0.0;0.0;0.0;0.0;0.0;0.0;0.0;0.0;0.0;0.0;0.0;0.0;0.0;0.0;0.0;0.0;0.0;0.0;0.0;0.0;0.0;0.0;0.0;0.0;0.0;0.0;0.0;0.0;0.0;0.0;0.0;0.0;0.0;0.0;0.0;0.0;0.0;0.0;0.0;0.0;0.0;0.0;0.0;0.0;0.0;0.0;0.0;0.0;0.0;0.0;0.0;0.0;0.0;0.0;0.0;0.0;0.0;0.0;0.0;0.0;0.0;0.0;0.0;0.0;0.0;0.0;0.0;0.0;0.0;0.0;0.0;0.0;0.0;0.0;0.0;0.0;0.0;0.0;0.0;0.0;0.0;0.0;0.0;0.0;0.0;0.0;0.0;0.0;0.0;0.0;0.0;0.0;0.0;0.0;0.0;0.0;0.0;0.0;0.0;0.0;0.0;0.0;0.0;0.0;0.0;0.0;0.0;0.0;0.0;0.0;0.0;0.0;0.0;0.0;0.0;0.0;0.0;0.0;0.0;0.0;0.0;0.0;0.0;0.0;0.0;0.0;0.0;0.0;0.0;0.0;0.0;0.0;0.0;0.0392156862745098;0.0;0.0;0.0;0.0;0.0;0.0;0.0;0.0;0.0;0.0;0.0;0.0;0.0;0.0;0.0;0.0;0.0;0.0;0.0;0.0;0.0;0.0;0.0;0.0;0.0;0.0;0.35294117647058826;0.7411764705882353;0.0;0.0;0.0;0.0;0.0;0.0;0.0;0.0;0.0;0.0;0.0;0.0;0.0;0.0;0.0;0.0;0.0;0.0;0.0;0.0;0.0;0.0;0.0;0.0;0.0;0.3568627450980392;0.9529411764705882;0.7529411764705882;0.0;0.0;0.0;0.0;0.0;0.0;0.0;0.0;0.0;0.0;0.0;0.0;0.0;0.0;0.0;0.0;0.0;0.0;0.0;0.0;0.0;0.0;0.0;0.0;0.06274509803921569;0.8352941176470589;0.9882352941176471;0.26666666666666666;0.0;0.0;0.0;0.0;0.0;0.0;0.0;0.0;0.0;0.00392156862745098;0.32941176470588235;0.47843137254901963;0.6823529411764706;0.9058823529411765;0.5843137254901961;0.08235294117647059;0.0;0.0;0.0;0.0;0.0;0.0;0.0;0.0;0.20784313725490197;0.9882352941176471;0.9215686274509803;0.03529411764705882;0.0;0.0;0.0;0.0;0.0;0.0;0.0;0.0;0.1450980392156863;0.6196078431372549;0.9882352941176471;0.9882352941176471;0.9882352941176471;0.9882352941176471;0.9882352941176471;0.8196078431372549;0.0;0.0;0.0;0.0;0.0;0.0;0.0;0.0;0.5607843137254902;0.9882352941176471;0.6;0.0;0.0;0.0;0.0;0.0;0.0;0.0;0.043137254901960784;0.4196078431372549;0.9450980392156862;0.9882352941176471;0.9882352941176471;0.9882352941176471;0.5019607843137255;0.5725490196078431;0.9882352941176471;0.9882352941176471;0.0;0.0;0.0;0.0;0.0;0.0;0.0;0.0;0.5607843137254902;0.9882352941176471;0.41568627450980394;0.0;0.0;0.0;0.0;0.0;0.0;0.19215686274509805;0.6941176470588235;0.9882352941176471;0.9882352941176471;0.9882352941176471;0.611764705882353;0.12941176470588237;0.011764705882352941;0.17647058823529413;0.9882352941176471;0.8;0.0;0.0;0.0;0.0;0.0;0.0;0.0;0.0;0.996078431372549;0.9921568627450981;0.17254901960784313;0.0;0.0;0.0;0.00784313725490196;0.396078431372549;0.6941176470588235;0.9921568627450981;1.0;0.9607843137254902;0.5058823529411764;0.20784313725490197;0.0;0.0;0.027450980392156862;0.8235294117647058;0.9921568627450981;0.3176470588235294;0.0;0.0;0.0;0.0;0.0;0.0;0.0;0.0;0.9921568627450981;0.807843137254902;0.050980392156862744;0.0;0.0;0.20784313725490197;0.4823529411764706;0.9882352941176471;0.9882352941176471;0.9882352941176471;0.7333333333333333;0.35294117647058826;0.0;0.0;0.0;0.0;0.34901960784313724;0.9450980392156862;0.596078431372549;0.0392156862745098;0.0;0.0;0.0;0.0;0.0;0.0;0.0;0.0;0.9921568627450981;0.8313725490196079;0.06666666666666667;0.03529411764705882;0.48627450980392156;0.9529411764705882;0.9882352941176471;0.9882352941176471;0.8705882352941177;0.41568627450980394;0.0;0.0;0.0;0.0;0.0;0.0;0.8352941176470589;0.4627450980392157;0.0;0.0;0.0;0.0;0.0;0.0;0.0;0.0;0.0;0.0;0.9921568627450981;0.9882352941176471;0.9568627450980393;0.9529411764705882;0.9882352941176471;0.9882352941176471;0.9294117647058824;0.4;0.027450980392156862;0.0;0.0;0.0;0.0;0.0;0.0;0.3411764705882353;0.2627450980392157;0.01568627450980392;0.0;0.0;0.0;0.0;0.0;0.0;0.0;0.0;0.0;0.0;0.8980392156862745;0.9882352941176471;0.9882352941176471;0.9882352941176471;0.8470588235294118;0.43529411764705883;0.1803921568627451;0.0;0.0;0.0;0.0;0.0;0.0;0.0;0.0;0.0;0.0;0.0;0.0;0.0;0.0;0.0;0.0;0.0;0.0;0.0;0.0;0.0;0.12156862745098039;0.21568627450980393;0.5686274509803921;0.23137254901960785;0.07450980392156863;0.0;0.0;0.0;0.0;0.0;0.0;0.0;0.0;0.0;0.0;0.0;0.0;0.0;0.0;0.0;0.0;0.0;0.0;0.0;0.0;0.0;0.0;0.0;0.0;0.0;0.0;0.0;0.0;0.0;0.0;0.0;0.0;0.0;0.0;0.0;0.0;0.0;0.0;0.0;0.0;0.0;0.0;0.0;0.0;0.0;0.0;0.0;0.0;0.0;0.0;0.0;0.0;0.0;0.0;0.0;0.0;0.0;0.0;0.0;0.0;0.0;0.0;0.0;0.0;0.0;0.0;0.0;0.0;0.0;0.0;0.0;0.0;0.0;0.0;0.0;0.0;0.0;0.0;0.0;0.0;0.0;0.0;0.0;0.0;0.0;0.0;0.0;0.0;0.0;0.0;0.0;0.0;0.0;0.0;0.0;0.0;0.0;0.0;0.0;0.0;0.0;0.0;0.0;0.0;0.0;0.0;0.0;0.0;0.0;0.0;0.0;0.0;0.0;0.0;0.0;0.0;0.0;0.0;0.0;0.0;0.0;0.0;0.0;0.0;0.0;0.0;0.0;0.0;0.0;0.0;0.0;0.0;0.0;0.0;0.0;0.0;0.0;0.0;0.0;0.0;0.0;0.0;0.0;0.0;0.0;0.0;0.0;0.0;0.0;0.0;0.0;0.0;0.0;0.0;0.0;0.0;0.0;0.0;0.0;0.0;0.0;0.0;0.0;0.0;0.0;0.0;0.0;0.0;0.0;0.0;0.0;0.0;0.0;0.0;0.0;0.0;0.0;0.0;0.0;0.0;0.0;0.0;0.0;0.0;0.0;0.0;0.0;0.0;0.0;0.0;0.0;0.0;0.0;0.0;0.0;0.0;0.0;0.0;0.0;0.0;0.0;0.0;0.0;0.0;0.0;0.0;0.0;0.0;0.0;0.0;0.0;0.0;0.0;0.0;0.0;0.0;0.0;0.0;0.0;0.0;0.0;0.0;0.0;0.0;0.0;0.0;0.0;0.0;0.0;0.0;0.0;0.0;0.0;0.0;0.0;0.0;0.0;0.0;0.0;0.0;0.0,0.006106335,0.0,0.0,0.0,,,,,,,,,,,,,,,,,,,,,,,,,,,,,,,,,,
323,INFEASIBLE,certified_no_adversarial_example,feasibility,false,false,false,false,,,,0.742633456,0.024867773056030273,0.0,0.0,0.702793336,0.4311537569999999,0.26362163799999994,0.2510526180267334,0.4391716980000001,0.27163957900000013,0.036790329,9626,177,177,0,4037,0,1584,658,3170,4439,0,0,3,4804,4714,90,3170,1544,0,1753,94,1154,4566,,489,0,
324,INFEASIBLE,certified_no_adversarial_example,feasibility,false,false,false,false,,,,0.793152785,0.023480892181396484,0.0,0.0,0.754132566,0.478116019,0.31772898400000005,0.3041808605194092,0.43640358199999996,0.276016547,0.035910336,9626,185,185,0,4040,0,1580,665,3156,6181,0,0,3,4804,4689,115,3156,1533,0,1801,117,1250,4735,,446,0,
325,INFEASIBLE,certified_no_adversarial_example,feasibility,false,false,false,false,,,,1.044306469,0.20860791206359863,0.0,0.0,0.818826167,0.512518156,0.364610121,0.34937214851379395,0.454216046,0.30630801100000005,0.222397229,9626,229,229,0,4038,0,1559,677,3123,6451,0,0,3,4804,4666,138,3123,1543,0,1850,143,1348,4905,,825,0,
326,INFEASIBLE,certified_no_adversarial_example,feasibility,false,false,false,false,,,,0.790042011,0.04335784912109375,0.0,0.0,0.730191927,0.45755579300000004,0.289340807,0.2752203941345215,0.44085112000000004,0.272636134,0.056465637,9626,206,206,0,4024,0,1574,639,3183,4932,0,0,3,4804,4677,127,3183,1494,0,1825,129,1298,4819,,763,0,
327,INFEASIBLE,certified_no_adversarial_example,feasibility,false,false,false,false,,,,1.087858186,0.35404014587402344,,0.0,0.718879405,0.44815786700000004,0.28788981599999997,0.2733500003814697,0.43098958900000006,0.270721538,0.365890767,9626,201,201,0,4036,0,1575,656,3158,5086,0,0,3,4804,4685,119,3158,1527,0,1806,119,1261,4754,,1391,0,
328,INFEASIBLE,certified_no_adversarial_example,feasibility,false,false,false,false,,,,0.661860978,0.022241592407226562,0.0,0.0,0.62530675,0.352636864,0.20760421499999998,0.19546890258789062,0.41770253500000004,0.27266988600000003,0.033432872,9626,164,164,0,4070,0,1593,704,3095,3059,0,0,3,4804,4714,90,3095,1619,0,1752,93,1152,4563,,511,0,
329,INFEASIBLE,certified_no_adversarial_example,feasibility,false,false,false,false,,,,0.691135695,0.023050546646118164,0.0,0.0,0.652565089,0.37416586499999993,0.23379397900000004,0.22096490859985352,0.41877110999999995,0.27839922400000006,0.035479398,9626,181,181,0,4034,0,1585,669,3157,4012,0,0,3,4804,4696,108,3157,1539,0,1789,112,1226,4692,,434,0,
330,INFEASIBLE,certified_no_adversarial_example,feasibility,false,false,false,false,,,,0.624607677,0.01883864402770996,0.0,0.0,0.592328329,0.33017065500000004,0.19085793299999998,0.17910170555114746,0.401470396,0.26215767399999995,0.029211365,9626,163,163,0,3989,0,1593,638,3243,3103,0,0,3,4804,4725,79,3243,1482,0,1729,81,1106,4483,,422,0,
331,INFEASIBLE,certified_no_adversarial_example,feasibility,false,false,false,false,,,,1.017109264,0.02528834342956543,0.0,0.0,0.978313158,0.381893012,0.200509536,0.18874669075012207,0.777803622,0.596420146,0.03572732,9626,158,158,0,3980,0,1597,641,3250,2979,0,0,3,4804,4722,82,3250,1472,0,1736,85,1120,4507,,464,0,
332,INFEASIBLE,certified_no_adversarial_example,feasibility,false,false,false,false,,,,0.931422924,0.050371408462524414,0.0,0.0,0.863602192,0.570009153,0.399443459,0.38321661949157715,0.464158733,0.293593039,0.064761866,9626,258,258,0,4036,0,1545,660,3127,6731,0,0,3,4804,4652,152,3127,1525,0,1876,155,1400,4997,,738,0,
333,INFEASIBLE,certified_no_adversarial_example,feasibility,false,false,false,false,,,,0.55950695,0.018410444259643555,0.0,0.0,0.528111751,0.267889886,0.13759099600000002,0.12724828720092773,0.39052075499999994,0.26022186499999994,0.028349998,9626,126,126,0,3981,0,1614,645,3260,2022,0,0,3,4804,4739,65,3260,1479,0,1703,69,1054,4391,,412,0,
334,INFEASIBLE,certified_no_adversarial_example,feasibility,false,false,false,false,,,,0.905919925,0.03012251853942871,0.0,0.0,0.86023018,0.5667849070000001,0.355347005,0.3402903079986572,0.504883175,0.2934452729999999,0.04263635,9626,199,199,0,4048,0,1575,689,3115,6341,0,0,3,4804,4675,129,3115,1560,0,1826,129,1301,4824,,575,0,
335,INFEASIBLE,certified_no_adversarial_example,feasibility,false,false,false,false,,,,0.878760448,0.025594711303710938,0.0,0.0,0.837141687,0.548631071,0.365756422,0.3509681224822998,0.471385265,0.28851061600000005,0.038561748,9626,213,213,0,4046,0,1568,677,3122,6765,0,0,3,4804,4673,131,3122,1551,0,1835,135,1318,4853,,462,0,
336,INFEASIBLE,certified_no_adversarial_example,feasibility,false,false,false,false,,,,0.763857373,0.0330812931060791,0.0,0.0,0.715197276,0.426420853,0.283988183,0.26914310455322266,0.43120909300000004,0.28877642300000006,0.045543363,9626,201,201,0,4031,0,1573,672,3149,5088,0,0,3,4804,4686,118,3149,1537,0,1807,120,1262,4756,,576,0,
337,INFEASIBLE,certified_no_adversarial_example,feasibility,false,false,false,false,,,,0.790755913,0.031403303146362305,0.0,0.0,0.743085932,0.44845259299999995,0.306155551,0.29157066345214844,0.4369303809999999,0.294633339,0.044601565,9626,209,209,0,4062,0,1572,666,3117,5749,0,0,3,4804,4662,142,3117,1545,0,1855,144,1358,4924,,587,0,
338,INFEASIBLE,certified_no_adversarial_example,feasibility,false,false,false,false,,,,0.740844992,0.05109906196594238,0.0,0.0,0.674890843,0.404196855,0.250580123,0.23726153373718262,0.42431072000000003,0.270693988,0.062890504,9626,174,174,0,4025,0,1588,675,3164,4525,0,0,3,4804,4697,107,3164,1533,0,1785,109,1218,4679,,925,0,
339,INFEASIBLE,certified_no_adversarial_example,feasibility,false,false,false,false,,,,0.983254952,0.019506216049194336,0.0,0.0,0.94604932,0.621470989,0.45027497800000005,0.43338775634765625,0.4957743419999999,0.324578331,0.034129133,9626,255,255,0,4107,0,1544,696,3024,7789,0,0,3,4804,4642,162,3024,1618,0,1896,165,1440,5067,,169,0,
340,INFEASIBLE,certified_no_adversarial_example,feasibility,false,false,false,false,,,,0.886894012,0.031610727310180664,0.0,0.0,0.838739174,0.542878243,0.373692189,0.3581855297088623,0.46504698499999997,0.295860931,0.045086733,9626,227,227,0,4052,0,1562,684,3101,6775,0,0,3,4804,4656,148,3101,1555,0,1867,150,1382,4966,,565,0,
341,SKIPPED_PREDICTED_IN_TARGETED,adversarial_example_found_or_best_known,feasibility,true,true,true,true,0.16197722870995257,-9.36350374037776;-4.73728072307982;-5.955382538277586;0.6623982775483936;-3.6996330114362963;0.5004210488384411;-2.457616954322277;-11.920484625312678;-6.050209075033795;-6.59785455868615,0.0;0.0;0.0;0.0;0.0;0.0;0.0;0.0;0.0;0.0;0.0;0.0;0.0;0.0;0.0;0.0;0.0;0.0;0.0;0.0;0.0;0.0;0.0;0.0;0.0;0.0;0.0;0.0;0.0;0.0;0.0;0.0;0.0;0.0;0.0;0.0;0.0;0.0;0.0;0.0;0.0;0.0;0.0;0.0;0.0;0.0;0.0;0.0;0.0;0.0;0.0;0.0;0.0;0.0;0.0;0.0;0.0;0.0;0.0;0.0;0.0;0.0;0.0;0.0;0.0;0.0;0.0;0.0;0.0;0.0;0.0;0.0;0.0;0.0;0.0;0.0;0.0;0.0;0.0;0.0;0.0;0.0;0.0;0.0;0.0;0.0;0.0;0.0;0.0;0.0;0.0;0.0;0.0;0.0;0.0;0.0;0.0;0.0;0.0;0.0;0.0;0.0;0.0;0.0;0.0;0.0;0.0;0.0;0.0;0.0;0.0;0.0;0.0;0.0;0.0;0.0;0.0;0.0;0.0;0.0;0.0;0.0;0.0;0.0;0.0;0.0;0.0;0.0;0.0;0.0;0.0;0.0;0.0;0.0;0.0;0.0;0.0;0.0;0.0;0.0;0.0;0.0;0.0;0.0;0.0;0.0;0.0;0.0;0.0;0.0;0.0;0.0;0.0;0.0;0.0;0.0;0.0;0.0;0.0;0.0;0.0;0.0;0.0;0.0;0.0;0.0;0.0;0.0;0.0;0.0;0.0;0.0;0.0;0.0;0.0;0.0;0.0;0.0;0.0;0.0;0.0;0.0;0.0;0.0;0.0;0.0;0.0;0.0;0.0;0.0;0.0;0.0;0.0;0.0;0.0;0.0;0.0;0.0;0.0;0.0;0.0;0.0;0.0;0.0;0.0;0.0;0.0;0.0;0.0;0.0;0.0;0.0;0.0;0.0;0.0;0.10196078431372549;0.11372549019607843;0.10196078431372549;0.0;0.0;0.0;0.0;0.0;0.0;0.0;0.0;0.0;0.0;0.0;0.0;0.0;0.0;0.0;0.0;0.0;0.0;0.0;0.0;0.0;0.0;0.0;0.0;0.24705882352941178;0.9411764705882353;0.9882352941176471;0.9372549019607843;0.24705882352941178;0.0;0.0;0.0;0.0;0.0;0.0;0.0;0.0;0.0;0.0;0.0;0.0;0.0;0.0;0.0;0.0;0.0;0.0;0.0;0.0;0.0;0.0;0.0;0.24705882352941178;0.6980392156862745;0.9921568627450981;0.9921568627450981;0.4392156862745098;0.0;0.0;0.0;0.0;0.0;0.0;0.0;0.0;0.0;0.0;0.0;0.0;0.0;0.0;0.0;0.0;0.0;0.0;0.0;0.0;0.0;0.0;0.0;0.0;0.3333333333333333;0.9882352941176471;0.9882352941176471;0.4392156862745098;0.0;0.0;0.0;0.0;0.0;0.0;0.0;0.0;0.0;0.0;0.0;0.0;0.0;0.10196078431372549;0.2235294117647059;0.17254901960784313;0.0;0.0;0.0;0.0;0.0;0.0;0.0;0.0;0.3333333333333333;0.9882352941176471;0.9882352941176471;0.8666666666666667;0.0;0.0;0.0;0.0;0.0;0.0;0.0;0.0;0.0;0.0;0.0;0.01568627450980392;0.4196078431372549;0.8117647058823529;0.9882352941176471;0.9137254901960784;0.6;0.11372549019607843;0.0;0.0;0.0;0.0;0.0;0.0;0.3333333333333333;0.9882352941176471;0.9882352941176471;0.615686274509804;0.0;0.0;0.0;0.0;0.0;0.0;0.0;0.0;0.0;0.0;0.43529411764705883;0.6;0.9882352941176471;0.9921568627450981;0.9882352941176471;0.9882352941176471;0.9882352941176471;0.9882352941176471;0.5529411764705883;0.058823529411764705;0.0;0.0;0.0;0.0;0.6392156862745098;0.9882352941176471;0.9882352941176471;0.4392156862745098;0.0;0.0;0.0;0.0;0.0;0.0;0.0;0.0;0.0;0.14901960784313725;0.8705882352941177;0.9921568627450981;0.9921568627450981;1.0;0.9921568627450981;0.9921568627450981;0.9921568627450981;0.9921568627450981;1.0;0.35294117647058826;0.0;0.0;0.0;0.0;0.8862745098039215;0.9921568627450981;0.8823529411764706;0.0;0.0;0.0;0.0;0.0;0.0;0.0;0.0;0.0;0.14901960784313725;0.8588235294117647;0.9882352941176471;0.9882352941176471;0.9882352941176471;0.9921568627450981;0.6901960784313725;0.9137254901960784;0.9882352941176471;0.9882352941176471;0.9921568627450981;0.9529411764705882;0.6862745098039216;0.0;0.0;0.396078431372549;0.9764705882352941;0.9882352941176471;0.6901960784313725;0.0;0.0;0.0;0.0;0.0;0.0;0.0;0.0;0.0;0.7490196078431373;0.9882352941176471;0.9882352941176471;0.8392156862745098;0.7647058823529411;0.2196078431372549;0.023529411764705882;0.16862745098039217;0.5843137254901961;0.8901960784313725;0.9921568627450981;0.9882352941176471;0.9372549019607843;0.403921568627451;0.2235294117647059;0.8705882352941177;0.9882352941176471;0.9372549019607843;0.2549019607843137;0.0;0.0;0.0;0.0;0.0;0.0;0.0;0.0;0.0;0.396078431372549;0.8745098039215686;0.7529411764705882;0.10980392156862745;0.0;0.0;0.0;0.0;0.0;0.1843137254901961;0.8823529411764706;0.9764705882352941;0.9882352941176471;0.9882352941176471;0.9882352941176471;0.9921568627450981;0.9882352941176471;0.4;0.0;0.0;0.0;0.0;0.0;0.0;0.0;0.0;0.0;0.0;0.0;0.0;0.0;0.0;0.0;0.0;0.0;0.0;0.0;0.0;0.0;0.5725490196078431;0.9882352941176471;0.9882352941176471;0.9882352941176471;0.9921568627450981;0.8;0.09803921568627451;0.0;0.0;0.0;0.0;0.0;0.0;0.0;0.0;0.0;0.0;0.0;0.0;0.0;0.0;0.0;0.0;0.0;0.0;0.0;0.0;0.0;0.18823529411764706;0.8980392156862745;0.9921568627450981;0.9921568627450981;1.0;0.10588235294117647;0.0;0.0;0.0;0.0;0.0;0.0;0.0;0.0;0.0;0.0;0.0;0.0;0.0;0.0;0.0;0.0;0.0;0.0;0.0;0.0;0.0;0.0;0.0;0.08235294117647059;0.10588235294117647;0.10588235294117647;0.10588235294117647;0.011764705882352941;0.0;0.0;0.0;0.0;0.0;0.0;0.0;0.0;0.0;0.0;0.0;0.0;0.0;0.0;0.0;0.0;0.0;0.0;0.0;0.0;0.0;0.0;0.0;0.0;0.0;0.0;0.0;0.0;0.0;0.0;0.0;0.0;0.0;0.0;0.0;0.0;0.0;0.0;0.0;0.0;0.0;0.0;0.0;0.0;0.0;0.0;0.0;0.0;0.0;0.0;0.0;0.0;0.0;0.0;0.0;0.0;0.0;0.0;0.0;0.0;0.0;0.0;0.0;0.0;0.0;0.0;0.0;0.0;0.0;0.0;0.0;0.0;0.0;0.0;0.0;0.0;0.0;0.0;0.0;0.0;0.0;0.0;0.0;0.0;0.0;0.0;0.0;0.0;0.0;0.0;0.0;0.0;0.0;0.0;0.0;0.0;0.0;0.0;0.0;0.0;0.0;0.0;0.0;0.0;0.0;0.0;0.0;0.0;0.0;0.0;0.0;0.0;0.0;0.0;0.0;0.0;0.0;0.0;0.0;0.0;0.0;0.0;0.0;0.0;0.0;0.0;0.0;0.0;0.0;0.0;0.0;0.0;0.0;0.0;0.0;0.0;0.0;0.0;0.0;0.0;0.0;0.0;0.0;0.0;0.0;0.0;0.0;0.0;0.0;0.0;0.0;0.0;0.0;0.0;0.0;0.0;0.0;0.0;0.0;0.0;0.0;0.0;0.0;0.0;0.0;0.0;0.0;0.0;0.0;0.0;0.0;0.0;0.0;0.0;0.0;0.0;0.0;0.0;0.0;0.0;0.0;0.0;0.0;0.0;0.0;0.0;0.0;0.0;0.0;0.0;0.0;0.0;0.0;0.0;0.0;0.0;0.0;0.0;0.0;0.0;0.0;0.0;0.0;0.0,0.005928173,0.0,0.0,0.0,,,,,,,,,,,,,,,,,,,,,,,,,,,,,,,,,,
342,INFEASIBLE,certified_no_adversarial_example,feasibility,false,false,false,false,,,,1.087405757,0.0319828987121582,0.0,0.0,1.037030805,0.7398300360000001,0.527315154,0.5084288120269775,0.5097156510000002,0.29720076900000003,0.047355086,9626,314,314,0,4023,0,1514,629,3146,10208,0,0,3,4804,4628,176,3146,1482,0,1925,180,1498,5168,,448,0,
343,INFEASIBLE,certified_no_adversarial_example,feasibility,false,false,false,false,,,,0.693753074,0.028484344482421875,0.0,0.0,0.651478318,0.389907024,0.23959083800000003,0.22744512557983398,0.41188748,0.261571294,0.039193685,9626,159,159,0,3994,0,1595,649,3229,4272,0,0,3,4804,4718,86,3229,1489,0,1743,88,1134,4532,,550,0,
344,INFEASIBLE,certified_no_adversarial_example,feasibility,false,false,false,false,,,,0.999556368,0.03857922554016113,0.0,0.0,0.944140688,0.639493552,0.416440064,0.40048813819885254,0.527700624,0.30464713599999993,0.05234054,9626,234,234,0,4082,0,1556,686,3068,8229,0,0,3,4804,4647,157,3068,1579,0,1882,157,1413,5020,,610,0,
345,INFEASIBLE,certified_no_adversarial_example,feasibility,false,false,false,false,,,,1.43243706,0.22275972366333008,0.0,0.0,1.192569197,0.564079711,0.40817415299999993,0.3915445804595947,0.7843950440000002,0.6284894860000001,0.236784709,9626,255,255,0,4058,0,1547,660,3106,7784,0,0,3,4804,4652,152,3106,1546,0,1875,154,1398,4994,,903,0,
346,INFEASIBLE,certified_no_adversarial_example,feasibility,false,false,false,false,,,,0.495071475,0.011532783508300781,0.0,0.0,0.471753748,0.22454484600000002,0.09955107499999999,0.09067869186401367,0.372202673,0.24720890199999995,0.020233912,9626,88,88,0,3987,0,1632,666,3253,1463,0,0,3,4804,4764,40,3253,1511,0,1648,40,945,4201,,389,0,
347,INFEASIBLE,certified_no_adversarial_example,feasibility,false,false,false,false,,,,0.881430777,0.03940153121948242,0.0,0.0,0.826655853,0.491643198,0.33052192999999996,0.3155081272125244,0.49613392300000003,0.335012655,0.051680779,9626,219,219,0,4058,0,1565,664,3120,5871,0,0,3,4804,4675,129,3120,1555,0,1826,129,1301,4824,,707,0,
348,INFEASIBLE,certified_no_adversarial_example,feasibility,false,false,false,false,,,,0.875235906,0.035500526428222656,0.0,0.0,0.823100118,0.527529369,0.3701471310000001,0.35532379150390625,0.452952987,0.295570749,0.049066711,9626,213,213,0,4094,0,1568,692,3059,5851,0,0,3,4804,4669,135,3059,1610,0,1842,138,1332,4878,,611,0,
349,INFEASIBLE,certified_no_adversarial_example,feasibility,false,false,false,false,,,,0.65683849,0.016283512115478516,0.0,0.0,0.627263672,0.349055948,0.21201779499999995,0.20010066032409668,0.41524587700000004,0.278207724,0.026524616,9626,158,158,0,3992,0,1596,639,3241,3603,0,0,3,4804,4720,84,3241,1479,0,1736,84,1121,4509,,432,0,
350,INFEASIBLE,certified_no_adversarial_example,feasibility,false,false,false,false,,,,0.726781279,0.04117441177368164,0.0,0.0,0.67037986,0.400685501,0.24783751900000006,0.2351975440979004,0.422542341,0.26969435900000005,0.053333342,9626,172,172,0,4034,0,1589,659,3172,4692,0,0,3,4804,4684,120,3172,1512,0,1811,122,1270,4770,,778,0,
351,INFEASIBLE,certified_no_adversarial_example,feasibility,false,false,false,false,,,,0.55880641,0.02407050132751465,0.0,0.0,0.521699152,0.267404764,0.15105613899999998,0.1403210163116455,0.3706430130000001,0.25429438800000004,0.034021337,9626,135,135,0,4000,0,1608,650,3233,2063,0,0,3,4804,4733,71,3233,1500,0,1715,75,1078,4433,,501,0,
352,INFEASIBLE,certified_no_adversarial_example,feasibility,false,false,false,false,,,,0.840855347,0.027089834213256836,0.0,0.0,0.798194505,0.5003672259999999,0.341762554,0.32800841331481934,0.456431951,0.29782727900000006,0.039558923,9626,189,189,0,4071,0,1580,705,3081,5724,0,0,3,4804,4683,121,3081,1602,0,1814,124,1276,4780,,485,0,
353,INFEASIBLE,certified_no_adversarial_example,feasibility,false,false,false,false,,,,1.055522583,0.05685544013977051,0.0,0.0,0.981228179,0.6677373,0.48308865300000003,0.46607303619384766,0.498139526,0.31349087900000006,0.071210588,9626,259,259,0,4106,0,1544,705,3012,8176,0,0,3,4804,4639,165,3012,1627,0,1901,167,1450,5085,,774,0,
354,INFEASIBLE,certified_no_adversarial_example,feasibility,false,false,false,false,,,,0.740568349,0.019875764846801758,0.0,0.0,0.705691785,0.413377968,0.260736913,0.24805140495300293,0.44495487199999995,0.292313817,0.031767131,9626,162,162,0,4123,0,1593,695,3053,5051,0,0,3,4804,4691,113,3053,1638,0,1797,115,1242,4721,,453,0,
355,INFEASIBLE,certified_no_adversarial_example,feasibility,false,false,false,false,,,,0.715364731,0.025038480758666992,0.0,0.0,0.67581816,0.412587542,0.265480165,0.25272226333618164,0.41033799499999996,0.26323061799999997,0.036497909,9626,171,171,0,3996,0,1591,638,3230,4442,0,0,3,4804,4699,105,3230,1469,0,1781,107,1210,4665,,495,0,
356,INFEASIBLE,certified_no_adversarial_example,feasibility,false,false,false,false,,,,0.914499757,0.05008530616760254,0.0,0.0,0.847087609,0.548533489,0.37499884800000005,0.3591001033782959,0.47208876099999997,0.29855412000000003,0.064352968,9626,245,245,0,4064,0,1551,663,3103,6921,0,0,3,4804,4653,151,3103,1550,0,1877,157,1402,4999,,685,0,
357,INFEASIBLE,certified_no_adversarial_example,feasibility,false,false,false,false,,,,0.889900405,0.030536174774169922,0.0,0.0,0.843256148,0.535319485,0.37860203300000006,0.363877534866333,0.464654115,0.307936663,0.043579778,9626,207,207,0,4076,0,1571,685,3087,6051,0,0,3,4804,4671,133,3087,1584,0,1837,135,1322,4861,,569,0,
358,INFEASIBLE,certified_no_adversarial_example,feasibility,false,false,false,false,,,,1.025068022,0.029685020446777344,0.0,0.0,0.980567326,0.38677159399999994,0.209371087,0.19684910774230957,0.771196239,0.593795732,0.041403406,9626,178,178,0,3968,0,1587,621,3272,2997,0,0,3,4804,4711,93,3272,1439,0,1757,95,1162,4581,,543,0,
359,INFEASIBLE,certified_no_adversarial_example,feasibility,false,false,false,false,,,,2.327568019,1.6215763092041016,,0.0,0.69092961,0.418460724,0.267993046,0.25424766540527344,0.42293656399999996,0.27246888599999997,1.633554243,9626,199,199,0,4017,0,1572,653,3185,4785,0,0,3,4804,4701,103,3185,1516,0,1778,106,1204,4654,,1291,0,
360,OPTIMAL,adversarial_example_found_or_best_known,feasibility,true,true,true,true,2.0872192862952943e-14,-11.333149505226533;-11.046702385371168;-9.005472453670492;-6.03125474228508;3.17996752951587;-6.952364933038373;-12.725699784911459;-7.246178370749014;-1.5841182486778709;3.179967529515849,0.0;0.0;0.0;0.0;0.0;0.0;0.0;0.0;0.0;0.0;0.0;0.0;0.0;0.0;0.0;0.0;0.0;0.0;0.0;0.0;0.0;0.0;0.0;0.0;0.0;0.0;0.0;0.0;0.1;0.0;0.0;0.1;0.0;0.0;0.0;0.0;0.0;0.1;0.1;0.1;0.1;0.1;0.1;0.0;0.0;0.0;0.0;0.0;0.0;0.0;0.0;0.0;0.0;0.1;0.1;0.0;0.0;0.0;0.0;0.0;0.0;0.0;0.0;0.0;0.0;0.0;0.0;0.0;0.0;0.1;0.1;0.0;0.0;0.1;0.0;0.0;0.0;0.0;0.0;0.0;0.0;0.1;0.1;0.0;0.1;0.0;0.0;0.0;0.1;0.0;0.0;0.0;0.0;0.0;0.1;0.0;0.1;0.1;0.1;0.0;0.1;0.1;0.1;0.0;0.0;0.0;0.1;0.1;0.011756193729249043;0.0;0.1;0.0;0.0;0.0;0.0;0.0;0.0;0.0;0.0;0.0;0.0;0.0;0.0;0.0;0.0;0.1;0.1;0.0;0.0;0.1;0.1;0.0;0.0;0.0;0.1;0.0;0.0;0.0;0.1;0.0;0.0;0.1;0.0;0.0;0.0;0.0;0.1;0.1;0.1;0.0;0.1;0.0;0.1;0.0;0.0;0.0;0.0;0.1;0.1;0.0;0.0;0.0;0.1;0.1;0.1;0.0;0.1;0.1;0.1;0.0;0.1;0.0;0.0;0.0;0.0;0.0;0.0;0.1;0.0;0.1;0.0;0.0;0.0;0.0;0.0;0.0;0.0;0.0;0.0;0.0;0.0;0.1;0.0;0.0;0.0;0.1;0.1;0.1;0.0;0.0;0.0;0.0;0.1;0.0;0.1;0.0;0.2019607843137255;0.692156862745098;0.8789095165320655;1.0;0.49215686274509807;0.1;0.1;0.1;0.1;0.1;0.0;0.0;0.0;0.1;0.0;0.0;0.0;0.1;0.1;0.1;0.09382916080979277;0.0;0.0;0.0;0.0;0.0;0.0;0.3392156862745098;0.9156862745098039;0.9139415966220863;0.8921568627450981;0.8921568627450981;0.8921568627450981;0.6490196078431373;0.0;0.0;0.0;0.1;0.0;0.0;0.0;0.1;0.0;0.0;0.0;0.1;0.1;0.1;0.1;0.0;0.0;0.1;0.1;0.1;0.10171688337753908;0.7588235294117647;1.0;1.0;0.891423127221383;0.8725490196078431;1.0;1.0;0.0;0.0;0.1;0.1;0.0;0.0;0.0;0.1;0.0;0.0;0.0;0.1;0.1;0.1;0.1;0.0;0.0;0.1;0.1;0.0;0.7431372549019608;1.0;0.884313725490196;0.37058823529411766;0.09153465226186691;0.32745098039215687;0.8921568627450981;1.0;0.38627450980392153;0.1;0.1;0.1;0.1;0.0;0.0;0.0;0.0;0.0;0.0;0.1;0.0;0.1;0.1;0.0;0.0;0.1;0.1;0.24901960784313723;0.966482709874967;1.0;0.3292551432165043;0.0;0.1;0.0;0.6176470588235294;0.8921568627450981;0.8813724925289571;0.1;0.02313771185861532;0.0;0.1;0.0;0.1;0.1;0.1;0.0;0.0950750795993344;0.1;0.1;0.1;0.1;0.0;0.1;0.1;0.09750680036087986;0.7431372549019608;0.884313725490196;0.5784313725490197;0.0;0.1;0.1;0.1;0.5352941176470588;1.0;0.5980392156862745;0.1;0.0;0.0;0.0;0.0;0.0;0.1;0.1;0.0;0.0;0.1;0.1;0.0;0.0;0.0;0.0;0.10236586402203356;0.5274509803921569;1.0;0.6333333333333333;0.0;0.1;0.0;0.1;0.1;0.6716040875084435;0.8921568627450981;0.4600851859875651;0.0;0.0;0.307843137254902;0.25529565169059715;0.3156862745098039;0.23951630801449755;0.11568627450980393;0.1020405083351832;0.0;0.1;0.0;0.1;0.1;0.1;0.1;0.1;0.24901960784313726;0.9389027363495103;1.0;0.1549019607843137;0.1;0.1;0.1;0.1;0.12352941176470589;0.8647058823529411;1.0;0.6058823529411765;0.6843137254901961;0.884313725490196;1.0;0.8921568627450981;0.8921568627450981;0.9962755453378731;1.0;0.5352941176470588;0.0;0.0;0.1;0.06826012626297996;0.1;0.1;0.1;0.0;0.10280945306258364;0.27254901960784317;0.19411764705882353;0.0;0.10185419858475635;0.0;0.44430114135858406;0.7400521290476789;1.0;1.0;0.8921568627450981;0.8921568627450981;1.0;1.0;1.0;0.8921568627450981;1.0;0.8921568627450981;0.8921568627450981;0.8921568627450981;0.0;0.0;0.0;0.1;0.1;0.1;0.1;0.1;0.0;0.4411764705882353;0.7588235294117647;0.7528567498374411;0.8647058823529411;1.0;0.8921568627450981;1.0;1.0;1.0;1.0;0.8921568627450981;0.8921568627450981;1.0;1.0;0.8921568627450981;0.8921568627450981;0.8921568627450981;1.0;0.7941176470588236;0.0;0.0;0.0;0.1;0.1;0.1;0.0;0.0;0.6571199406822541;1.0;1.0;1.0;1.0;1.0;0.8921568627450981;0.8921568627450981;0.8921568627450981;0.8815693689003669;0.7029684259718076;0.707843137254902;0.8921568627450981;0.5111753916414885;0.1043690522990559;0.08823529411764705;0.7588235294117647;0.8921568627450981;0.7944795385383567;0.07254901960784313;0.1;0.1;0.1;0.1;0.1;0.1;0.0;0.0;0.9;1.0;0.9862745098039215;0.9862745098039215;0.46862745098039216;0.5084327200453413;0.9313725490196079;1.0;0.7784313725490196;0.28431372549019607;0.1;0.10001379438069098;0.0;0.0;0.0;0.22549019607843138;0.8450980392156863;0.49607843137254903;0.11176470588235295;0.0;0.0;0.0;0.0;0.1;0.1;0.0;0.0;0.0;0.8022574485156916;0.8725490196078431;0.0;0.1;0.16406852043829948;0.884313725490196;0.8450980392156863;0.5901960784313726;0.1;0.1;0.0;0.049718317036343496;0.1;0.1;0.0;0.6372549019607844;0.1881089963912894;0.0;0.1;0.1;0.1;0.0;0.0;0.1;0.1;0.1;0.0;0.0;0.0;0.06862745098039216;0.29607843137254897;0.4753472323901898;0.44509803921568625;0.4490196078431372;0.23725490196078433;0.0;0.0;0.1;0.1;0.1;0.1;0.1;0.1;0.0;0.0;0.0;0.0;0.0;0.1;0.1;0.0;0.1;0.1;0.09933980492142215;0.1;0.1;0.0;0.0;0.0;0.1;0.0;0.1;0.0;0.0;0.1;0.1;0.0;0.1;0.0;0.1;0.1;0.1;0.1;0.1;0.0;0.1;0.0;0.09488691672229312;0.0;0.1;0.1;0.1;0.1;0.1;0.0;0.0;0.1;0.1;0.1;0.1;0.0;0.0;0.1;0.1;0.1;0.0;0.0;0.0;0.1;0.1;0.0;0.0;0.0;0.0;0.1;0.1;0.1;0.0;0.1;0.1;0.1;0.0;0.0;0.1;0.1;0.1;0.0;0.1;0.0;0.1;0.0;0.1;0.0;0.1;0.0;0.0;0.0;0.1;0.0;0.1;0.0;0.0;0.0;0.0;0.0;0.1;0.1;0.1;0.1;0.0;0.0;0.0;0.1;0.1;0.0;0.1;0.0;0.1;0.1;0.1;0.0;0.0;0.0;0.0;0.0;0.0;0.1;0.1;0.0;0.1;0.0;0.0;0.0;0.1;0.1;0.1;0.1;0.08096275239826155;0.0;0.1;0.0;0.0;0.0;0.05662294204587856;0.0;0.0;0.1;0.1;0.0;0.1;0.0;0.070409510239013;0.1;0.1;0.1;0.0;0.1;0.0;0.1;0.0;0.0;0.1;0.1;0.1;0.0;0.0;0.0;0.0;0.1;0.1;0.0;0.0;0.043293142248835764;0.0;0.1;0.1;0.0;0.0;0.1;0.1;0.1;0.1;0.1;0.1;0.0;0.0;0.0;0.0;0.1;0.1;0.0;0.1;0.0;0.0;0.1;0.1;0.1;0.0;0.0;0.0;0.1;0.0;0.1;0.0;0.0;0.0;0.1;0.1;0.1;0.0;0.0;0.0;0.1;0.0;0.0;0.0;0.0,1.184404919,0.4021320343017578,0.0,0.0,0.762271473,0.47209828,0.300760533,0.28658199310302734,0.46151094,0.290173193,0.415542065,9626,198,198,0,4068,0,1575,673,3112,5394,0,0,3,4804,4679,125,3112,1567,0,1818,125,1285,4796,1,1423,,0.0
361,INFEASIBLE,certified_no_adversarial_example,feasibility,false,false,false,false,,,,0.822045243,0.031896114349365234,0.0,0.0,0.775424379,0.42311246599999996,0.259324939,0.24587106704711914,0.5160994400000001,0.3523119130000001,0.043562256,9626,174,174,0,4055,0,1587,683,3127,4776,0,0,3,4804,4693,111,3127,1566,0,1794,114,1236,4710,,603,0,
362,INFEASIBLE,certified_no_adversarial_example,feasibility,false,false,false,false,,,,0.807595727,0.03693032264709473,0.0,0.0,0.753013566,0.471062558,0.31681104899999996,0.30193161964416504,0.43620251700000007,0.281951008,0.051488869,9626,220,220,0,4062,0,1563,657,3124,5598,0,0,3,4804,4671,133,3124,1547,0,1837,135,1322,4861,,617,0,
363,INFEASIBLE,certified_no_adversarial_example,feasibility,false,false,false,false,,,,0.792233208,0.025423526763916016,0.0,0.0,0.751149718,0.442760673,0.28877280299999997,0.274517297744751,0.462376915,0.308389045,0.038014102,9626,194,194,0,4054,0,1578,691,3109,5550,0,0,3,4804,4676,128,3109,1567,0,1828,131,1304,4829,,506,0,
364,INFEASIBLE,certified_no_adversarial_example,feasibility,false,false,false,false,,,,0.750482161,0.03172612190246582,0.0,0.0,0.703496226,0.43395997799999997,0.279751256,0.2664034366607666,0.42374496999999994,0.269536248,0.043916507,9626,201,201,0,4025,0,1574,667,3159,4721,0,0,3,4804,4685,119,3159,1526,0,1809,121,1266,4763,,575,0,
365,INFEASIBLE,certified_no_adversarial_example,feasibility,false,false,false,false,,,,0.96555442,0.04510974884033203,0.0,0.0,0.904089474,0.587454389,0.425751664,0.4100074768066406,0.47833781,0.3166350849999999,0.05837528,9626,233,233,0,4067,0,1556,684,3086,6842,0,0,3,4804,4666,138,3086,1580,0,1849,142,1346,4902,,642,0,
366,INFEASIBLE,certified_no_adversarial_example,feasibility,false,false,false,false,,,,0.90718439,0.049231767654418945,0.0,0.0,0.841373683,0.5547163039999999,0.37947342399999995,0.3636002540588379,0.4619002590000001,0.2866573790000001,0.062735317,9626,242,242,0,4046,0,1553,666,3119,7091,0,0,3,4804,4657,147,3119,1538,0,1866,150,1380,4962,,749,0,
367,INFEASIBLE,certified_no_adversarial_example,feasibility,false,false,false,false,,,,1.121620531,0.20699572563171387,0.0,0.0,0.897898932,0.595456243,0.414090369,0.3971986770629883,0.483808563,0.30244268900000004,0.220577082,9626,267,267,0,4063,0,1540,655,3101,7688,0,0,3,4804,4653,151,3101,1552,0,1873,153,1394,4987,,962,0,
368,INFEASIBLE,certified_no_adversarial_example,feasibility,false,false,false,false,,,,0.857280711,0.040525197982788086,0.0,0.0,0.799680467,0.48535951000000005,0.337951583,0.32212018966674805,0.46172888399999995,0.3143209569999999,0.054475181,9626,247,247,0,4055,0,1550,695,3079,5118,0,0,3,4804,4658,146,3079,1579,0,1865,150,1378,4958,,589,0,
369,INFEASIBLE,certified_no_adversarial_example,feasibility,false,false,false,false,,,,0.736126101,0.026137590408325195,0.0,0.0,0.694658363,0.41206344699999997,0.26916382699999997,0.25540900230407715,0.425494536,0.282594916,0.038374545,9626,196,196,0,4030,0,1577,660,3163,4795,0,0,3,4804,4688,116,3163,1525,0,1803,118,1254,4742,,469,0,
370,INFEASIBLE,certified_no_adversarial_example,feasibility,false,false,false,false,,,,0.872024435,0.03436613082885742,0.0,0.0,0.82072524,0.506814399,0.35569391800000005,0.33942627906799316,0.46503132199999997,0.313910841,0.048208757,9626,246,246,0,4040,0,1550,670,3120,6840,0,0,3,4804,4654,150,3120,1534,0,1873,154,1394,4986,,526,0,
371,INFEASIBLE,certified_no_adversarial_example,feasibility,false,false,false,false,,,,0.696225037,0.031542301177978516,0.0,0.0,0.651538514,0.34122517500000005,0.202917621,0.1916489601135254,0.44862089299999997,0.3103133389999999,0.041621404,9626,138,138,0,4003,0,1607,657,3221,3123,0,0,3,4804,4732,72,3221,1511,0,1716,75,1080,4437,,596,0,
372,INFEASIBLE,certified_no_adversarial_example,feasibility,false,false,false,false,,,,1.022426496,0.030594348907470703,0.0,0.0,0.977368137,0.36787600200000004,0.22755097799999996,0.21449542045593262,0.749817159,0.609492135,0.041985052,9626,171,171,0,4052,0,1584,681,3138,4263,0,0,3,4804,4701,103,3138,1563,0,1777,105,1202,4651,,740,0,
373,INFEASIBLE,certified_no_adversarial_example,feasibility,false,false,false,false,,,,1.060996655,0.04384779930114746,0.0,0.0,0.998611923,0.691657122,0.5057141569999999,0.48784589767456055,0.4928977660000001,0.30695480100000005,0.059292021,9626,282,282,0,4063,0,1530,681,3070,9031,0,0,3,4804,4638,166,3070,1568,0,1903,168,1454,5092,,646,0,
374,INFEASIBLE,certified_no_adversarial_example,feasibility,false,false,false,false,,,,0.931637215,0.03708767890930176,0.0,0.0,0.876046882,0.56891918,0.37816985100000006,0.36202073097229004,0.49787703099999997,0.30712770200000006,0.052496689,9626,240,240,0,4090,0,1555,672,3069,7485,0,0,3,4804,4655,149,3069,1586,0,1873,155,1394,4985,,560,0,
375,INFEASIBLE,certified_no_adversarial_example,feasibility,false,false,false,false,,,,1.000723816,0.03716301918029785,0.0,0.0,0.945466514,0.6431049310000001,0.43354427000000006,0.41667699813842773,0.511922244,0.30236158299999993,0.052175371,9626,259,259,0,4058,0,1547,663,3099,7863,0,0,3,4804,4640,164,3099,1541,0,1901,168,1450,5084,,547,0,
376,INFEASIBLE,certified_no_adversarial_example,feasibility,false,false,false,false,,,,0.929047149,0.03338313102722168,0.0,0.0,0.879152955,0.5838685969999999,0.383411446,0.3664364814758301,0.495741509,0.2952843580000001,0.046807463,9626,246,246,0,4059,0,1548,675,3098,6537,0,0,3,4804,4660,144,3098,1562,0,1861,148,1370,4944,,527,0,
377,SKIPPED_PREDICTED_IN_TARGETED,adversarial_example_found_or_best_known,feasibility,true,true,true,true,0.7384724000999636,-11.31621937437328;-9.62066281841146;-9.93916838203988;-4.053343232921428;5.287578958346149;-6.463668344440133;-15.955117081606602;-3.185804291541266;-5.4249607126192725;6.026051358446113,0.0;0.0;0.0;0.0;0.0;0.0;0.0;0.0;0.0;0.0;0.0;0.0;0.0;0.0;0.0;0.0;0.0;0.0;0.0;0.0;0.0;0.0;0.0;0.0;0.0;0.0;0.0;0.0;0.0;0.0;0.0;0.0;0.0;0.0;0.0;0.0;0.0;0.0;0.0;0.0;0.0;0.0;0.0;0.0;0.0;0.0;0.0;0.0;0.0;0.0;0.0;0.0;0.0;0.0;0.0;0.0;0.0;0.0;0.0;0.0;0.0;0.0;0.0;0.0;0.0;0.0;0.0;0.0;0.0;0.0;0.0;0.0;0.0;0.0;0.0;0.0;0.0;0.0;0.0;0.0;0.0;0.0;0.0;0.0;0.0;0.0;0.0;0.0;0.0;0.0;0.0;0.0;0.0;0.0;0.0;0.0;0.0;0.0;0.0;0.0;0.0;0.0;0.0;0.0;0.0;0.0;0.0;0.0;0.0;0.0;0.0;0.0;0.0;0.0;0.0;0.0;0.0;0.0;0.0;0.0;0.0;0.0;0.0;0.0;0.0;0.0;0.0;0.0;0.0;0.0;0.0;0.0;0.0;0.0;0.0;0.0;0.0;0.0;0.0;0.0;0.0;0.0;0.0;0.0;0.0;0.0;0.0;0.0;0.0;0.0;0.0;0.0;0.0;0.0;0.0;0.0;0.0;0.0;0.0;0.0;0.0;0.0;0.0;0.0;0.0;0.0;0.0;0.0;0.0;0.0;0.0;0.0;0.0;0.0;0.0;0.0;0.0;0.0;0.0;0.0;0.0;0.0;0.0;0.0;0.0;0.0;0.0;0.0;0.0;0.0;0.0;0.0;0.0;0.0;0.0;0.0;0.0;0.0;0.0;0.0;0.0;0.0;0.0;0.0;0.0;0.0;0.0;0.0;0.0;0.0;0.0;0.0;0.0;0.0;0.0;0.0;0.0;0.0;0.0;0.0;0.0;0.0;0.0;0.0;0.0;0.0;0.0;0.0;0.0;0.0;0.0;0.0;0.0;0.0;0.0;0.0;0.0;0.0;0.08627450980392157;0.08235294117647059;0.0;0.0;0.0;0.0;0.0;0.0;0.0;0.0;0.0;0.0;0.0;0.0;0.0;0.0;0.0;0.0;0.0;0.0;0.0;0.0;0.0;0.0;0.0;0.0;0.4470588235294118;0.6941176470588235;0.9490196078431372;0.9372549019607843;0.1411764705882353;0.0;0.0;0.0;0.0;0.0;0.0;0.0;0.0;0.0;0.0;0.0;0.0;0.0;0.0;0.0;0.0;0.0;0.0;0.0;0.0;0.023529411764705882;0.44313725490196076;0.5882352941176471;0.984313725490196;0.996078431372549;0.996078431372549;0.9137254901960784;0.12156862745098039;0.0;0.0;0.0;0.0;0.0;0.0;0.0;0.0;0.0;0.0;0.0;0.0;0.0;0.0;0.0;0.0;0.0;0.0;0.09411764705882353;0.3058823529411765;0.7647058823529411;0.996078431372549;0.996078431372549;0.984313725490196;0.8117647058823529;0.996078431372549;0.996078431372549;0.20392156862745098;0.0;0.0;0.0;0.0;0.0;0.0;0.0;0.0;0.0;0.0;0.0;0.0;0.0;0.0;0.0;0.0;0.0;0.25098039215686274;0.807843137254902;1.0;0.996078431372549;0.9803921568627451;0.8588235294117647;0.3686274509803922;0.1411764705882353;0.9294117647058824;0.996078431372549;0.20392156862745098;0.0;0.0;0.0;0.0;0.0;0.0;0.0;0.0;0.0;0.0;0.0;0.0;0.0;0.0;0.0;0.0;0.0;0.07450980392156863;0.5333333333333333;0.403921568627451;0.38823529411764707;0.03137254901960784;0.0;0.0;0.0;0.8392156862745098;0.996078431372549;0.28627450980392155;0.0;0.0;0.0;0.0;0.0;0.0;0.0;0.0;0.0;0.0;0.0;0.0;0.0;0.0;0.0;0.0;0.0;0.0;0.0;0.0;0.0;0.0;0.0;0.0;0.0;0.8392156862745098;0.996078431372549;0.28627450980392155;0.0;0.0;0.0;0.0;0.0;0.0;0.0;0.0;0.0;0.0;0.0;0.0;0.0;0.0;0.0;0.0;0.0;0.17647058823529413;0.5725490196078431;0.5725490196078431;0.5725490196078431;0.5725490196078431;0.5725490196078431;0.5725490196078431;0.5725490196078431;0.9294117647058824;0.996078431372549;0.6588235294117647;0.5725490196078431;0.5725490196078431;0.5725490196078431;0.5725490196078431;0.7725490196078432;0.9803921568627451;0.9803921568627451;0.9803921568627451;0.7450980392156863;0.0;0.0;0.0;0.0;0.0;0.0;0.0;0.0;0.9019607843137255;0.996078431372549;0.996078431372549;0.996078431372549;0.996078431372549;0.996078431372549;0.996078431372549;0.996078431372549;0.996078431372549;0.996078431372549;0.996078431372549;0.996078431372549;0.996078431372549;0.996078431372549;0.996078431372549;0.996078431372549;0.996078431372549;0.984313725490196;0.6509803921568628;0.2196078431372549;0.0;0.0;0.0;0.0;0.0;0.0;0.0;0.0;0.5411764705882353;0.8745098039215686;0.8745098039215686;0.8745098039215686;0.8745098039215686;0.8745098039215686;0.8745098039215686;0.8745098039215686;0.9294117647058824;0.996078431372549;0.8980392156862745;0.8745098039215686;0.7333333333333333;0.4196078431372549;0.1843137254901961;0.09803921568627451;0.058823529411764705;0.058823529411764705;0.0;0.0;0.0;0.0;0.0;0.0;0.0;0.0;0.0;0.0;0.0;0.0;0.0;0.0;0.0;0.0;0.0;0.0;0.30196078431372547;0.6901960784313725;0.1411764705882353;0.0;0.0;0.0;0.0;0.0;0.0;0.0;0.0;0.0;0.0;0.0;0.0;0.0;0.0;0.0;0.0;0.0;0.0;0.0;0.0;0.0;0.0;0.0;0.0;0.0;0.0;0.0;0.0;0.0;0.0;0.0;0.0;0.0;0.0;0.0;0.0;0.0;0.0;0.0;0.0;0.0;0.0;0.0;0.0;0.0;0.0;0.0;0.0;0.0;0.0;0.0;0.0;0.0;0.0;0.0;0.0;0.0;0.0;0.0;0.0;0.0;0.0;0.0;0.0;0.0;0.0;0.0;0.0;0.0;0.0;0.0;0.0;0.0;0.0;0.0;0.0;0.0;0.0;0.0;0.0;0.0;0.0;0.0;0.0;0.0;0.0;0.0;0.0;0.0;0.0;0.0;0.0;0.0;0.0;0.0;0.0;0.0;0.0;0.0;0.0;0.0;0.0;0.0;0.0;0.0;0.0;0.0;0.0;0.0;0.0;0.0;0.0;0.0;0.0;0.0;0.0;0.0;0.0;0.0;0.0;0.0;0.0;0.0;0.0;0.0;0.0;0.0;0.0;0.0;0.0;0.0;0.0;0.0;0.0;0.0;0.0;0.0;0.0;0.0;0.0;0.0;0.0;0.0;0.0;0.0;0.0;0.0;0.0;0.0;0.0;0.0;0.0;0.0;0.0;0.0;0.0;0.0;0.0;0.0;0.0;0.0;0.0;0.0;0.0;0.0;0.0;0.0;0.0;0.0;0.0;0.0;0.0;0.0;0.0;0.0;0.0;0.0;0.0;0.0;0.0;0.0;0.0;0.0;0.0;0.0;0.0;0.0;0.0;0.0;0.0;0.0;0.0;0.0;0.0;0.0;0.0;0.0;0.0;0.0;0.0;0.0;0.0;0.0;0.0;0.0;0.0;0.0;0.0;0.0;0.0;0.0;0.0;0.0;0.0;0.0;0.0;0.0;0.0;0.0;0.0;0.0;0.0;0.0;0.0;0.0;0.0;0.0;0.0;0.0;0.0;0.0;0.0;0.0;0.0;0.0;0.0;0.0;0.0;0.0;0.0;0.0;0.0;0.0;0.0;0.0;0.0;0.0;0.0;0.0;0.0;0.0;0.0;0.0;0.0;0.0;0.0;0.0;0.0;0.0;0.0;0.0;0.0;0.0,0.005933123,0.0,0.0,0.0,,,,,,,,,,,,,,,,,,,,,,,,,,,,,,,,,,
378,INFEASIBLE,certified_no_adversarial_example,feasibility,false,false,false,false,,,,0.643871186,0.027718305587768555,0.0,0.0,0.601502858,0.33369136499999996,0.205833651,0.19376301765441895,0.395669207,0.26781149300000007,0.039305483,9626,164,164,0,3978,0,1595,640,3249,3549,0,0,3,4804,4711,93,3249,1462,0,1757,95,1162,4581,,511,0,
379,INFEASIBLE,certified_no_adversarial_example,feasibility,false,false,false,false,,,,0.626938597,0.023102998733520508,0.0,0.0,0.589291248,0.334330348,0.192690855,0.18083596229553223,0.396600393,0.2549609,0.034566709,9626,145,145,0,3985,0,1604,641,3251,3509,0,0,3,4804,4717,87,3251,1466,0,1747,91,1142,4545,,449,0,
380,INFEASIBLE,certified_no_adversarial_example,feasibility,false,false,false,false,,,,0.720454718,0.023484230041503906,0.0,0.0,0.682249339,0.41280661999999996,0.257372445,0.24419784545898438,0.42487689399999995,0.269442719,0.035100715,9626,185,185,0,4034,0,1580,663,3164,4922,0,0,3,4804,4696,108,3164,1532,0,1784,108,1217,4677,,539,0,
381,INFEASIBLE,certified_no_adversarial_example,feasibility,false,false,false,false,,,,0.826988765,0.021651268005371094,0.0,0.0,0.789724401,0.49440710199999993,0.324128319,0.30908918380737305,0.46559608199999997,0.29531729900000003,0.034204693,9626,209,209,0,4076,0,1569,703,3069,6361,0,0,3,4804,4669,135,3069,1600,0,1838,135,1325,4866,,511,0,
382,SKIPPED_PREDICTED_IN_TARGETED,adversarial_example_found_or_best_known,feasibility,true,true,true,true,0.8035999846533031,-6.5366797110128925;-7.846000956749322;0.9836872109167376;3.146723197789054;-8.79486037981519;-6.480337466701446;-13.181225210672011;3.9503231824423573;-5.19205743912975;-3.8832690527601956,0.0;0.0;0.0;0.0;0.0;0.0;0.0;0.0;0.0;0.0;0.0;0.0;0.0;0.0;0.0;0.0;0.0;0.0;0.0;0.0;0.0;0.0;0.0;0.0;0.0;0.0;0.0;0.0;0.0;0.0;0.0;0.0;0.0;0.0;0.0;0.0;0.0;0.0;0.0;0.0;0.0;0.0;0.0;0.0;0.0;0.0;0.0;0.0;0.0;0.0;0.0;0.0;0.0;0.0;0.0;0.0;0.0;0.0;0.0;0.0;0.0;0.0;0.0;0.0;0.29411764705882354;0.7764705882352941;0.16470588235294117;0.0;0.0;0.0;0.0;0.0;0.0;0.0;0.0;0.0;0.0;0.0;0.0;0.0;0.0;0.0;0.0;0.0;0.0;0.0;0.0;0.0;0.0;0.0;0.0;0.0;0.8313725490196079;0.996078431372549;0.792156862745098;0.06666666666666667;0.0;0.0;0.0;0.0;0.0;0.0;0.0;0.0;0.0;0.0;0.0;0.0;0.0;0.0;0.0;0.0;0.0;0.0;0.0;0.0;0.0;0.0;0.0;0.0;0.9490196078431372;0.8274509803921568;0.6274509803921569;0.0392156862745098;0.0;0.0;0.0;0.0;0.0;0.0;0.0;0.0;0.0;0.0;0.0;0.0;0.0;0.0;0.0;0.0;0.0;0.0;0.0;0.0;0.0;0.0;0.0;0.08235294117647059;0.9647058823529412;0.7254901960784313;0.0;0.0;0.0;0.0;0.0;0.0;0.0;0.0;0.0;0.0;0.0;0.0;0.0;0.0;0.0;0.0;0.0;0.0;0.0;0.0;0.0;0.0;0.0;0.0;0.0;0.6039215686274509;0.996078431372549;0.5411764705882353;0.0;0.0;0.0;0.0;0.0;0.0;0.0;0.0;0.0;0.0;0.0;0.0;0.0;0.0;0.0;0.0;0.0;0.0;0.0;0.0;0.0;0.0;0.0;0.0;0.0;0.8235294117647058;0.9058823529411765;0.27058823529411763;0.0;0.0;0.0;0.0;0.0;0.0;0.0;0.0;0.0;0.0;0.0;0.0;0.0;0.0;0.0;0.0;0.0;0.0;0.0;0.0;0.0;0.0;0.0;0.0;0.0;0.6627450980392157;0.996078431372549;0.2901960784313726;0.0;0.0;0.0;0.0;0.0;0.0;0.0;0.0;0.0;0.0;0.0;0.0;0.0;0.0;0.0;0.0;0.0;0.0;0.0;0.0;0.0;0.0;0.0;0.0;0.0;0.23137254901960785;0.9803921568627451;0.2235294117647059;0.0;0.0;0.0;0.0;0.0;0.0;0.0;0.0;0.0;0.0;0.0;0.0;0.0;0.0;0.0;0.0;0.0;0.0;0.0;0.0;0.0;0.0;0.0;0.0;0.0;0.23529411764705882;0.9882352941176471;0.24705882352941178;0.0;0.0;0.0;0.0;0.0;0.0;0.0;0.0;0.0;0.0;0.0;0.0;0.0;0.0;0.0;0.0;0.0;0.0;0.0;0.0;0.0;0.0;0.0;0.0;0.0;0.10196078431372549;0.9647058823529412;0.4627450980392157;0.0;0.0;0.0;0.0;0.0;0.0;0.0;0.0;0.0;0.0;0.0;0.3568627450980392;0.050980392156862744;0.0;0.0;0.0;0.0;0.0;0.0;0.0;0.0;0.0;0.0;0.0;0.0;0.0;0.9490196078431372;0.7411764705882353;0.0;0.0;0.0;0.0;0.0;0.0;0.0;0.0;0.0;0.0;0.0;0.611764705882353;0.5686274509803921;0.0;0.0;0.0;0.0;0.0;0.0;0.0;0.0;0.0;0.0;0.0;0.0;0.0;0.6274509803921569;0.7411764705882353;0.0;0.0;0.0;0.0;0.0;0.0;0.0;0.0;0.0;0.0;0.2196078431372549;0.9490196078431372;0.7411764705882353;0.0;0.0;0.0;0.0;0.0;0.0;0.0;0.0;0.0;0.0;0.0;0.0;0.0;0.27450980392156865;0.9450980392156862;0.06666666666666667;0.0;0.29411764705882354;0.396078431372549;0.0196078431372549;0.0;0.0;0.0;0.0;0.0;0.5607843137254902;0.996078431372549;0.5843137254901961;0.0;0.0;0.0;0.0;0.0;0.0;0.0;0.0;0.0;0.0;0.0;0.0;0.0;0.27450980392156865;0.996078431372549;0.23529411764705882;0.023529411764705882;0.8941176470588236;0.996078431372549;0.6392156862745098;0.07450980392156863;0.0;0.0;0.0;0.10196078431372549;0.9450980392156862;0.996078431372549;0.28627450980392155;0.0;0.0;0.0;0.0;0.0;0.0;0.0;0.0;0.0;0.0;0.0;0.0;0.0;0.06666666666666667;0.9215686274509803;0.5647058823529412;0.14901960784313725;0.9568627450980393;0.996078431372549;0.9686274509803922;0.5843137254901961;0.01568627450980392;0.0;0.0;0.4549019607843137;0.996078431372549;0.8313725490196079;0.16470588235294117;0.0;0.0;0.0;0.0;0.0;0.0;0.0;0.0;0.0;0.0;0.0;0.0;0.0;0.0;0.4588235294117647;0.9372549019607843;0.6862745098039216;0.996078431372549;0.8196078431372549;0.28627450980392155;0.8784313725490196;0.28627450980392155;0.0;0.043137254901960784;0.8588235294117647;0.996078431372549;0.6078431372549019;0.0;0.0;0.0;0.0;0.0;0.0;0.0;0.0;0.0;0.0;0.0;0.0;0.0;0.0;0.0;0.1568627450980392;0.8313725490196079;0.996078431372549;0.996078431372549;0.9254901960784314;0.09411764705882353;0.6823529411764706;0.9607843137254902;0.16470588235294117;0.3686274509803922;0.996078431372549;0.996078431372549;0.47843137254901963;0.0;0.0;0.0;0.0;0.0;0.0;0.0;0.0;0.0;0.0;0.0;0.0;0.0;0.0;0.0;0.0;0.24705882352941178;0.7176470588235294;0.9294117647058824;0.4117647058823529;0.0;0.047058823529411764;0.7411764705882353;0.8666666666666667;0.9372549019607843;0.996078431372549;0.9372549019607843;0.0784313725490196;0.0;0.0;0.0;0.0;0.0;0.0;0.0;0.0;0.0;0.0;0.0;0.0;0.0;0.0;0.0;0.0;0.0;0.44313725490196076;0.9882352941176471;0.35294117647058826;0.0;0.0;0.19215686274509805;0.6823529411764706;1.0;0.9686274509803922;0.3843137254901961;0.0;0.0;0.0;0.0;0.0;0.0;0.0;0.0;0.0;0.0;0.0;0.0;0.0;0.0;0.0;0.0;0.0;0.0;0.07450980392156863;0.2627450980392157;0.0;0.0;0.0;0.0;0.08235294117647059;0.8901960784313725;0.6;0.0;0.0;0.0;0.0;0.0;0.0;0.0;0.0;0.0;0.0;0.0;0.0;0.0;0.0;0.0;0.0;0.0;0.0;0.0;0.0;0.0;0.0;0.0;0.0;0.0;0.0;0.0;0.0;0.0;0.0;0.0;0.0;0.0;0.0;0.0;0.0;0.0;0.0;0.0;0.0;0.0;0.0;0.0;0.0;0.0;0.0;0.0;0.0;0.0;0.0;0.0;0.0;0.0;0.0;0.0;0.0;0.0;0.0;0.0;0.0;0.0;0.0;0.0;0.0;0.0;0.0;0.0;0.0;0.0;0.0;0.0;0.0;0.0;0.0;0.0;0.0;0.0;0.0;0.0;0.0;0.0;0.0;0.0;0.0;0.0;0.0;0.0;0.0;0.0;0.0;0.0;0.0;0.0;0.0;0.0;0.0;0.0;0.0;0.0;0.0;0.0;0.0;0.0;0.0;0.0;0.0;0.0;0.0;0.0;0.0;0.0;0.0;0.0;0.0;0.0;0.0;0.0;0.0;0.0;0.0;0.0;0.0;0.0;0.0;0.0;0.0;0.0;0.0;0.0;0.0;0.0;0.0;0.0;0.0;0.0;0.0;0.0;0.0;0.0;0.0;0.0;0.0;0.0;0.0;0.0;0.0;0.0;0.0;0.0;0.0;0.0;0.0;0.0;0.0;0.0;0.0;0.0;0.0;0.0;0.0;0.0;0.0;0.0;0.0;0.0;0.0;0.0;0.0;0.0;0.0;0.0;0.0;0.0;0.0;0.0;0.0,0.005899159,0.0,0.0,0.0,,,,,,,,,,,,,,,,,,,,,,,,,,,,,,,,,,
383,INFEASIBLE,certified_no_adversarial_example,feasibility,false,false,false,false,,,,0.669147678,0.0332639217376709,0.0,0.0,0.622698043,0.34698575,0.205030883,0.19339871406555176,0.41766716,0.275712293,0.043431403,9626,143,143,0,4057,0,1604,683,3139,3082,0,0,3,4804,4725,79,3139,1586,0,1730,82,1108,4486,,627,0,
384,INFEASIBLE,certified_no_adversarial_example,feasibility,false,false,false,false,,,,0.683598556,0.030828475952148438,0.0,0.0,0.638212997,0.380895907,0.22898915200000003,0.2163715362548828,0.409223845,0.25731709,0.042315159,9626,184,184,0,3992,0,1583,648,3219,3674,0,0,3,4804,4712,92,3219,1493,0,1755,94,1158,4574,,616,0,
385,INFEASIBLE,certified_no_adversarial_example,feasibility,false,false,false,false,,,,0.920616725,0.03131890296936035,0.0,0.0,0.871275113,0.5785698699999999,0.40130845599999987,0.3845827579498291,0.4699666570000002,0.2927052430000001,0.046215117,9626,239,239,0,4085,0,1554,677,3071,7885,0,0,3,4804,4642,162,3071,1571,0,1892,162,1433,5055,,578,0,
386,INFEASIBLE,certified_no_adversarial_example,feasibility,false,false,false,false,,,,0.997299694,0.027064800262451172,0.0,0.0,0.956943961,0.321732216,0.193464423,0.18179106712341309,0.763479538,0.635211745,0.03729459,9626,149,149,0,3969,0,1601,642,3265,2888,0,0,3,4804,4726,78,3265,1461,0,1728,81,1104,4479,,561,0,
387,INFEASIBLE,certified_no_adversarial_example,feasibility,false,false,false,false,,,,0.75061812,0.03476095199584961,0.0,0.0,0.69984375,0.42163328699999997,0.27927613800000006,0.2654883861541748,0.4205676119999999,0.278210463,0.047690937,9626,200,200,0,4038,0,1574,665,3149,5296,0,0,3,4804,4686,118,3149,1537,0,1807,120,1262,4756,,563,0,
388,INFEASIBLE,certified_no_adversarial_example,feasibility,false,false,false,false,,,,0.992901683,0.05208230018615723,0.0,0.0,0.923100288,0.624039824,0.4366412070000001,0.4200780391693115,0.4864590809999999,0.29906046399999997,0.066708172,9626,257,257,0,4026,0,1544,648,3151,7789,0,0,3,4804,4658,146,3151,1507,0,1865,150,1378,4958,,742,0,
389,INFEASIBLE,certified_no_adversarial_example,feasibility,false,false,false,false,,,,0.722730723,0.036038875579833984,0.0,0.0,0.67245382,0.34432311600000004,0.20240832299999997,0.19003939628601074,0.470045497,0.32813070399999994,0.047198377,9626,169,169,0,3988,0,1591,633,3245,3593,0,0,3,4804,4710,94,3245,1465,0,1759,96,1166,4588,,665,0,
390,INFEASIBLE,certified_no_adversarial_example,feasibility,false,false,false,false,,,,0.596202826,0.01720285415649414,0.0,0.0,0.56507773,0.30263776200000003,0.180266432,0.1686413288116455,0.3848112979999999,0.2624399679999999,0.028059534,9626,147,147,0,4031,0,1601,673,3174,2930,0,0,3,4804,4722,82,3174,1548,0,1735,84,1118,4504,,421,0,
391,INFEASIBLE,certified_no_adversarial_example,feasibility,false,false,false,false,,,,0.986350435,0.032412052154541016,0.0,0.0,0.937598719,0.6425783570000001,0.30507268899999995,0.2909517288208008,0.6325260300000001,0.2950203619999999,0.045628587,9626,211,210,0,4100,0,1571,677,3067,4711,0,0,3,4804,4669,135,3067,1602,0,1843,139,1334,4881,,532,0,
392,INFEASIBLE,certified_no_adversarial_example,feasibility,false,false,false,false,,,,0.930254471,0.1736588478088379,0.0,0.0,0.740538592,0.4555708319999999,0.309237086,0.2720057964324951,0.43130150600000006,0.2849677600000001,0.186620502,9626,193,193,0,4091,0,1579,681,3082,5130,0,0,3,4804,4674,130,3082,1592,0,1831,132,1310,4840,,744,0,
393,INFEASIBLE,certified_no_adversarial_example,feasibility,false,false,false,false,,,,0.925098506,0.0371241569519043,0.0,0.0,0.87070054,0.587930098,0.405309312,0.3897216320037842,0.465391228,0.282770442,0.051256251,9626,240,240,0,4034,0,1553,656,3143,7614,0,0,3,4804,4665,139,3143,1522,0,1849,141,1346,4903,,636,0,
394,INFEASIBLE,certified_no_adversarial_example,feasibility,false,false,false,false,,,,0.629288241,0.02146005630493164,0.0,0.0,0.593667965,0.31924534600000004,0.197839304,0.18631315231323242,0.39582866099999997,0.2744226189999999,0.03254717,9626,154,154,0,3985,0,1600,645,3242,2957,0,0,3,4804,4718,86,3242,1476,0,1744,89,1136,4535,,435,0,
395,INFEASIBLE,certified_no_adversarial_example,feasibility,false,false,false,false,,,,1.208737538,0.25049257278442383,0.0,0.0,0.940458958,0.6507428270000001,0.46265236099999996,0.44498276710510254,0.47780659700000006,0.28971613099999993,0.26517713,9626,278,278,0,4034,0,1534,636,3144,9191,0,0,3,4804,4638,166,3144,1494,0,1903,168,1454,5092,,1163,0,
396,INFEASIBLE,certified_no_adversarial_example,feasibility,false,false,false,false,,,,0.987508469,0.034414052963256836,0.0,0.0,0.93574164,0.627799778,0.4431139339999998,0.42592835426330566,0.4926277060000002,0.30794186200000007,0.048676382,9626,266,266,0,4080,0,1536,674,3070,8368,0,0,3,4804,4642,162,3070,1572,0,1896,165,1440,5067,,524,0,
397,INFEASIBLE,certified_no_adversarial_example,feasibility,false,false,false,false,,,,0.760238211,0.02236461639404297,0.0,0.0,0.722270777,0.43761264,0.28288343600000004,0.26920270919799805,0.43938734099999993,0.284658137,0.034829517,9626,185,185,0,4065,0,1583,664,3129,5633,0,0,3,4804,4685,119,3129,1556,0,1809,121,1266,4763,,472,0,
398,INFEASIBLE,certified_no_adversarial_example,feasibility,false,false,false,false,,,,0.831832166,0.022536039352416992,0.0,0.0,0.79370284,0.505535745,0.311413817,0.2982819080352783,0.48228902300000004,0.28816709500000004,0.035022828,9626,166,166,0,4041,0,1591,690,3138,5632,0,0,3,4804,4685,119,3138,1547,0,1809,121,1266,4763,,456,0,
399,INFEASIBLE,certified_no_adversarial_example,feasibility,false,false,false,false,,,,1.021360647,0.02263927459716797,0.0,0.0,0.984599866,0.71002408,0.240166019,0.22651147842407227,0.744433847,0.2745757860000001,0.033693466,9626,175,175,0,4029,0,1588,670,3164,4086,0,0,3,4804,4698,106,3164,1534,0,1780,106,1209,4663,,502,0,
400,INFEASIBLE,certified_no_adversarial_example,feasibility,false,false,false,false,,,,0.672038282,0.024196147918701172,0.0,0.0,0.632757948,0.35365544400000004,0.21561124899999995,0.2028038501739502,0.417146699,0.2791025039999999,0.036225502,9626,178,178,0,4038,0,1586,679,3145,3365,0,0,3,4804,4701,103,3145,1556,0,1778,106,1204,4654,,489,0,
401,INFEASIBLE,certified_no_adversarial_example,feasibility,false,false,false,false,,,,0.842190529,0.018097639083862305,0.0,0.0,0.806814282,0.5070878649999999,0.337181128,0.32169318199157715,0.46963315400000005,0.29972641700000013,0.032308251,9626,231,231,0,4088,0,1555,672,3080,6482,0,0,3,4804,4662,142,3080,1582,0,1857,146,1362,4930,,169,0,
402,INFEASIBLE,certified_no_adversarial_example,feasibility,false,false,false,false,,,,0.892550392,0.044437408447265625,0.0,0.0,0.831565538,0.542525158,0.327906441,0.31308841705322266,0.503659097,0.28904038,0.057889116,9626,210,210,0,4048,0,1567,665,3136,6490,0,0,3,4804,4672,132,3136,1536,0,1835,134,1318,4854,,751,0,
403,INFEASIBLE,certified_no_adversarial_example,feasibility,false,false,false,false,,,,1.032263056,0.056136369705200195,0.0,0.0,0.957228139,0.64337234,0.44781318700000006,0.4298970699310303,0.509414952,0.31385579900000005,0.071960609,9626,274,274,0,4094,0,1536,702,3020,8628,0,0,3,4804,4624,180,3020,1604,0,1931,182,1510,5190,,753,0,
404,INFEASIBLE,certified_no_adversarial_example,feasibility,false,false,false,false,,,,1.386754549,0.5325992107391357,,0.0,0.837021261,0.526650454,0.371915802,0.35692787170410156,0.46510545899999994,0.31037080699999997,0.546639383,9626,217,217,0,4057,0,1568,664,3120,7642,0,0,3,4804,4651,153,3120,1531,0,1879,157,1406,5007,,1392,0,
405,INFEASIBLE,certified_no_adversarial_example,feasibility,false,false,false,false,,,,1.055666696,0.2024369239807129,0.0,0.0,0.836814268,0.535922271,0.374114503,0.3587310314178467,0.46269976500000004,0.300891997,0.215741502,9626,218,218,0,4051,0,1566,675,3116,7391,0,0,3,4804,4670,134,3116,1554,0,1839,136,1326,4868,,879,0,
406,INFEASIBLE,certified_no_adversarial_example,feasibility,false,false,false,false,,,,0.693593687,0.023813486099243164,0.0,0.0,0.655108937,0.376792899,0.229709832,0.21617603302001953,0.42539910499999994,0.27831603799999993,0.035403747,9626,181,181,0,4071,0,1585,692,3097,3454,0,0,3,4804,4695,109,3097,1598,0,1786,109,1221,4684,,535,0,
407,INFEASIBLE,certified_no_adversarial_example,feasibility,false,false,false,false,,,,1.420295356,0.6677014827728271,,0.0,0.736538163,0.436718943,0.28464992000000006,0.2705070972442627,0.4518882429999999,0.29981921999999994,0.68067038,9626,188,188,0,4122,0,1580,694,3042,5610,0,0,3,4804,4669,135,3042,1627,0,1843,139,1334,4881,,1241,0,
408,INFEASIBLE,certified_no_adversarial_example,feasibility,false,false,false,false,,,,0.721880568,0.026917219161987305,0.0,0.0,0.679858675,0.40019392,0.248396956,0.23528790473937988,0.43146171899999997,0.279664755,0.03891906,9626,181,181,0,4077,0,1585,694,3089,3756,0,0,3,4804,4699,105,3089,1610,0,1781,107,1210,4665,,558,0,
409,INFEASIBLE,certified_no_adversarial_example,feasibility,false,false,false,false,,,,1.01876965,0.04545307159423828,0.0,0.0,0.955556063,0.647185047,0.4260376430000001,0.41002678871154785,0.5295184199999998,0.30837101599999994,0.060106236,9626,245,245,0,4070,0,1554,682,3075,7883,0,0,3,4804,4644,160,3075,1569,0,1892,163,1432,5053,,668,0,
410,INFEASIBLE,certified_no_adversarial_example,feasibility,false,false,false,false,,,,0.896369313,0.014040470123291016,0.0,0.0,0.869669886,0.282035462,0.160029191,0.14954233169555664,0.7096406949999999,0.587634424,0.023633824,9626,117,117,0,3993,0,1617,660,3239,2752,0,0,3,4804,4736,68,3239,1497,0,1704,68,1057,4397,,410,0,
411,INFEASIBLE,certified_no_adversarial_example,feasibility,false,false,false,false,,,,0.66815839,0.02160167694091797,0.0,0.0,0.632066398,0.36298779800000003,0.208406637,0.19588446617126465,0.42365976099999997,0.26907859999999995,0.033043331,9626,170,170,0,4024,0,1590,669,3173,3757,0,0,3,4804,4709,95,3173,1536,0,1761,97,1170,4595,,504,0,
412,INFEASIBLE,certified_no_adversarial_example,feasibility,false,false,false,false,,,,0.643621861,0.02310466766357422,0.0,0.0,0.606548567,0.341343088,0.195379654,0.1837458610534668,0.411168913,0.265205479,0.033996129,9626,145,145,0,4003,0,1603,644,3231,3425,0,0,3,4804,4724,80,3231,1493,0,1728,80,1105,4481,,520,0,
413,INFEASIBLE,certified_no_adversarial_example,feasibility,false,false,false,false,,,,0.787206618,0.05922651290893555,0.0,0.0,0.713364267,0.42815146300000007,0.22252678799999998,0.2103557586669922,0.490837479,0.28521280399999993,0.070742394,9626,161,161,0,4103,0,1592,706,3064,3901,0,0,3,4804,4708,96,3064,1644,0,1760,96,1169,4593,,629,0,
414,INFEASIBLE,certified_no_adversarial_example,feasibility,false,false,false,false,,,,0.731114984,0.040692806243896484,0.0,0.0,0.675399627,0.405194085,0.23311766499999997,0.2201838493347168,0.44228196200000003,0.270205542,0.05263721,9626,164,164,0,4068,0,1595,685,3114,4288,0,0,3,4804,4693,111,3114,1579,0,1793,113,1234,4707,,776,0,
415,INFEASIBLE,certified_no_adversarial_example,feasibility,false,false,false,false,,,,1.060352215,0.1977553367614746,0.0,0.0,0.847330487,0.5570666390000001,0.39683461099999995,0.3821830749511719,0.4504958760000001,0.29026384799999994,0.209946548,9626,209,209,0,4029,0,1570,639,3179,7098,0,0,3,4804,4686,118,3179,1507,0,1807,120,1262,4756,,899,0,
416,INFEASIBLE,certified_no_adversarial_example,feasibility,false,false,false,false,,,,0.678043532,0.02917003631591797,0.0,0.0,0.634643245,0.366843359,0.216810724,0.2039327621459961,0.417832521,0.26779988600000004,0.040315749,9626,168,168,0,4021,0,1590,657,3190,3554,0,0,3,4804,4707,97,3190,1517,0,1762,97,1173,4600,,623,0,
417,INFEASIBLE,certified_no_adversarial_example,feasibility,false,false,false,false,,,,0.548905945,0.014773130416870117,0.0,0.0,0.520960739,0.259882805,0.145705295,0.13526105880737305,0.37525544399999994,0.26107793399999996,0.02484523,9626,127,127,0,3989,0,1613,658,3239,2308,0,0,3,4804,4734,70,3239,1495,0,1708,70,1065,4411,,424,0,
418,INFEASIBLE,certified_no_adversarial_example,feasibility,false,false,false,false,,,,0.813988375,0.05493474006652832,0.0,0.0,0.743551829,0.463927572,0.30162814699999996,0.28735995292663574,0.4419236820000001,0.27962425700000004,0.067314449,9626,223,223,0,4036,0,1560,641,3166,5525,0,0,3,4804,4685,119,3166,1519,0,1811,123,1270,4769,,851,0,
419,INFEASIBLE,certified_no_adversarial_example,feasibility,false,false,false,false,,,,0.979179294,0.03335833549499512,0.0,0.0,0.928860963,0.636705616,0.454468216,0.4373941421508789,0.474392747,0.292155347,0.047260423,9626,263,263,0,4064,0,1538,654,3107,8393,0,0,3,4804,4652,152,3107,1545,0,1876,155,1400,4997,,545,0,
420,INFEASIBLE,certified_no_adversarial_example,feasibility,false,false,false,false,,,,0.764672054,0.0545654296875,0.0,0.0,0.69448262,0.42511732300000005,0.271922947,0.25896620750427246,0.422559673,0.269365297,0.067096501,9626,189,189,0,3981,0,1582,629,3245,5178,0,0,3,4804,4694,110,3245,1449,0,1792,113,1232,4703,,864,0,
421,INFEASIBLE,certified_no_adversarial_example,feasibility,false,false,false,false,,,,0.926448319,0.14547395706176758,0.0,0.0,0.764524369,0.476833116,0.3269071090000001,0.31217050552368164,0.4376172599999999,0.287691253,0.158844581,9626,215,215,0,4016,0,1569,654,3172,6339,0,0,3,4804,4669,135,3172,1497,0,1843,139,1334,4881,,718,0,
422,INFEASIBLE,certified_no_adversarial_example,feasibility,false,false,false,false,,,,1.347249406,0.05562782287597656,0.0,0.0,1.274021529,0.586322505,0.419593085,0.4027872085571289,0.8544284440000001,0.687699024,0.070138299,9626,262,262,0,4051,0,1541,688,3084,7053,0,0,3,4804,4657,147,3084,1573,0,1869,153,1386,4971,,773,0,
423,INFEASIBLE,certified_no_adversarial_example,feasibility,false,false,false,false,,,,0.732289524,0.02529764175415039,0.0,0.0,0.691725326,0.419218792,0.264983507,0.25145673751831055,0.426741819,0.272506534,0.037514765,9626,185,185,0,4039,0,1578,650,3174,5494,0,0,3,4804,4697,107,3174,1523,0,1786,110,1220,4682,,482,0,
424,INFEASIBLE,certified_no_adversarial_example,feasibility,false,false,false,false,,,,0.793212608,0.024419307708740234,0.0,0.0,0.751960807,0.4685193200000001,0.300720683,0.28669285774230957,0.451240124,0.28344148699999994,0.038154149,9626,196,196,0,4048,0,1577,667,3138,5629,0,0,3,4804,4678,126,3138,1540,0,1820,126,1289,4803,,539,0,
425,INFEASIBLE,certified_no_adversarial_example,feasibility,false,false,false,false,,,,1.196949519,0.04346513748168945,0.0,0.0,1.134624239,0.7453321660000001,0.5319921449999999,0.5120854377746582,0.6026320940000002,0.389292073,0.059223973,9626,323,323,0,4075,0,1511,667,3050,9552,0,0,3,4804,4619,185,3050,1569,0,1942,188,1532,5228,,619,0,
426,INFEASIBLE,certified_no_adversarial_example,feasibility,false,false,false,false,,,,0.662384666,0.025486469268798828,0.0,0.0,0.622217069,0.34898791100000004,0.22079427599999996,0.20836663246154785,0.401422793,0.2732291579999999,0.037111974,9626,156,156,0,4055,0,1599,726,3090,3900,0,0,3,4804,4701,103,3090,1611,0,1777,105,1202,4651,,568,0,
427,INFEASIBLE,certified_no_adversarial_example,feasibility,false,false,false,false,,,,0.760168786,0.042260169982910156,0.0,0.0,0.701927507,0.42907953099999996,0.26718514599999993,0.25434255599975586,0.434742361,0.272847976,0.055162312,9626,186,186,0,4018,0,1582,642,3198,5367,0,0,3,4804,4691,113,3198,1493,0,1799,117,1246,4727,,675,0,
428,INFEASIBLE,certified_no_adversarial_example,feasibility,false,false,false,false,,,,0.76428027,0.05886268615722656,0.0,0.0,0.690472419,0.434464911,0.267283728,0.2540016174316406,0.423188691,0.256007508,0.070730627,9626,188,188,0,3983,0,1581,641,3233,4371,0,0,3,4804,4706,98,3233,1473,0,1771,104,1190,4628,,969,0,
429,INFEASIBLE,certified_no_adversarial_example,feasibility,false,false,false,false,,,,0.823743438,0.03130507469177246,0.0,0.0,0.775560142,0.494573538,0.323928161,0.30968546867370605,0.451631981,0.28098660400000003,0.045032156,9626,212,212,0,4042,0,1569,666,3137,5804,0,0,3,4804,4677,127,3137,1540,0,1826,130,1300,4822,,573,0,
430,INFEASIBLE,certified_no_adversarial_example,feasibility,false,false,false,false,,,,0.834319738,0.029343128204345703,0.0,0.0,0.788802517,0.492586206,0.33530063800000004,0.32025861740112305,0.453501879,0.296216311,0.042410533,9626,218,218,0,4056,0,1566,675,3111,6647,0,0,3,4804,4667,137,3111,1556,0,1845,139,1338,4889,,554,0,
431,INFEASIBLE,certified_no_adversarial_example,feasibility,false,false,false,false,,,,0.672973871,0.01973414421081543,0.0,0.0,0.639085524,0.383063558,0.23514208399999997,0.22268247604370117,0.40394344,0.25602196599999993,0.030813358,9626,177,177,0,3984,0,1587,638,3240,3866,0,0,3,4804,4707,97,3240,1467,0,1762,97,1173,4600,,446,0,
432,INFEASIBLE,certified_no_adversarial_example,feasibility,false,false,false,false,,,,1.649265283,0.3980123996734619,0.0,0.0,1.230354604,0.890437889,0.6920700249999999,0.6703741550445557,0.538284579,0.339916715,0.415766281,9626,372,372,0,4065,0,1487,661,3041,11865,0,0,3,4804,4581,223,3041,1540,0,2018,226,1684,5494,,1421,0,
433,INFEASIBLE,certified_no_adversarial_example,feasibility,false,false,false,false,,,,0.698111312,0.022617816925048828,0.0,0.0,0.660650939,0.382138031,0.24247294499999994,0.22905826568603516,0.4181779940000001,0.27851290800000006,0.0343666,9626,190,190,0,4011,0,1580,650,3195,3929,0,0,3,4804,4698,106,3195,1503,0,1784,109,1216,4675,,457,0,
434,INFEASIBLE,certified_no_adversarial_example,feasibility,false,false,false,false,,,,0.872864,0.04369306564331055,0.0,0.0,0.812194029,0.5207490530000001,0.3517426390000001,0.336545467376709,0.46045138999999996,0.29144497599999997,0.057564224,9626,219,219,0,4055,0,1566,667,3119,6822,0,0,3,4804,4662,142,3119,1543,0,1855,144,1358,4924,,690,0,
435,INFEASIBLE,certified_no_adversarial_example,feasibility,false,false,false,false,,,,0.79519325,0.03884530067443848,0.0,0.0,0.690808513,0.42302247400000004,0.26846528100000006,0.2551441192626953,0.42234323199999996,0.267786039,0.10130582,9626,172,172,0,4020,0,1591,649,3194,5279,0,0,3,4804,4696,108,3194,1502,0,1789,112,1226,4692,,637,0,
436,INFEASIBLE,certified_no_adversarial_example,feasibility,false,false,false,false,,,,0.992266045,0.03446555137634277,0.0,0.0,0.942779987,0.324222568,0.19908108700000002,0.1874394416809082,0.7436988999999999,0.618557419,0.0463526,9626,145,145,0,4048,0,1602,672,3159,3790,0,0,3,4804,4711,93,3159,1552,0,1759,97,1166,4587,,648,0,
437,INFEASIBLE,certified_no_adversarial_example,feasibility,false,false,false,false,,,,0.840923058,0.0381317138671875,0.0,0.0,0.785699771,0.495696906,0.341696674,0.3263695240020752,0.444003097,0.290002865,0.052126856,9626,216,216,0,4059,0,1561,668,3122,7255,0,0,3,4804,4662,142,3122,1540,0,1856,145,1360,4927,,617,0,
438,INFEASIBLE,certified_no_adversarial_example,feasibility,false,false,false,false,,,,0.82936216,0.0375211238861084,0.0,0.0,0.775121599,0.46925012899999996,0.29880032700000003,0.2847599983215332,0.47632127199999996,0.30587147000000003,0.051130807,9626,188,188,0,4130,0,1581,723,3004,5561,0,0,3,4804,4673,131,3004,1669,0,1833,133,1314,4847,,672,0,
439,INFEASIBLE,certified_no_adversarial_example,feasibility,false,false,false,false,,,,0.821940589,0.0363154411315918,0.0,0.0,0.770628033,0.49018928,0.27489891,0.26100683212280273,0.49572912300000005,0.28043875300000004,0.04824957,9626,191,191,0,4020,0,1579,659,3177,5022,0,0,3,4804,4687,117,3177,1510,0,1802,117,1253,4740,,674,0,
440,INFEASIBLE,certified_no_adversarial_example,feasibility,false,false,false,false,,,,0.805155533,0.03326916694641113,0.0,0.0,0.755965888,0.456787801,0.30817619099999993,0.293292760848999,0.44778969700000004,0.299178087,0.04611654,9626,215,215,0,4030,0,1569,646,3166,5488,0,0,3,4804,4669,135,3166,1503,0,1841,137,1330,4875,,559,0,
441,INFEASIBLE,certified_no_adversarial_example,feasibility,false,false,false,false,,,,1.012240179,0.05029892921447754,0.0,0.0,0.943708913,0.621398702,0.44831225399999997,0.431246280670166,0.4953966590000001,0.322310211,0.065445928,9626,260,260,0,4159,0,1546,696,2965,7883,0,0,3,4804,4635,169,2965,1670,0,1912,174,1472,5122,,700,0,
442,INFEASIBLE,certified_no_adversarial_example,feasibility,false,false,false,false,,,,0.867543987,0.035338401794433594,0.0,0.0,0.816348606,0.5266083,0.358898102,0.3443117141723633,0.45745050400000004,0.289740306,0.048036395,9626,208,208,0,4065,0,1572,683,3098,6407,0,0,3,4804,4666,138,3098,1568,0,1844,138,1337,4887,,668,0,
443,INFEASIBLE,certified_no_adversarial_example,feasibility,false,false,false,false,,,,0.785798217,0.024575471878051758,0.0,0.0,0.745742226,0.453714275,0.30837710799999996,0.2929556369781494,0.437365118,0.29202795099999995,0.037005868,9626,225,225,0,4070,0,1558,667,3106,5784,0,0,3,4804,4679,125,3106,1573,0,1821,127,1290,4805,,515,0,
444,INFEASIBLE,certified_no_adversarial_example,feasibility,false,false,false,false,,,,1.581954598,0.5512244701385498,,0.0,1.011797219,0.718073709,0.5384458240000002,0.5200355052947998,0.4733513949999998,0.29372350999999997,0.567060749,9626,315,315,0,4021,0,1516,612,3162,9077,0,0,3,4804,4627,177,3162,1465,0,1925,179,1498,5169,,1726,0,
445,OPTIMAL,adversarial_example_found_or_best_known,feasibility,true,true,true,true,1.7763568394002505e-15,-8.577806555471028;-10.556751749841114;4.825047493743143;1.5532801489113894;-16.601554147070306;-10.142503120980372;-15.055361953748328;-2.5974385650407794;4.825047493743145;-5.1923717720067,0.0;0.1;0.1;0.0;0.0;0.0;0.0;0.1;0.1;0.0;0.0;0.1;0.1;0.0;0.0;0.1;0.1;0.1;0.1;0.0;0.0;0.1;0.0;0.0;0.0;0.1;0.1;0.0;0.1;0.1;0.1;0.1;0.1;0.1;0.1;0.1;0.1;0.0;0.0;0.0;0.0;0.0;0.1;0.0;0.0;0.0;0.0;0.0;0.1;0.1;0.1;0.1;0.0;0.1;0.0;0.0;0.0;0.0;0.1;0.0;0.0;0.1;0.0;0.1;0.1;0.0;0.0;0.1;0.1;0.0;0.0;0.1;0.0;0.1;0.1;0.0;0.0;0.1;0.1;0.0;0.0;0.1;0.0;0.0;0.0;0.0;0.0;0.0;0.0;0.0;0.0;0.1;0.1;0.0;0.1;0.1;0.0;0.1;0.1;0.1;0.0;0.1;0.0;0.0;0.0;0.1;0.1;0.0;0.1;0.1;0.0;0.0;0.0;0.0;0.0;0.0;0.0;0.1;0.0;0.1;0.1;0.0;0.0;0.1;0.1;0.1;0.1;0.1;0.0;0.1;0.1;0.0;0.0;0.1;0.1;0.0;0.0;0.0;0.0;0.0;0.1;0.0;0.0;0.1;0.1;0.0;0.0;0.0;0.0;0.0;0.1;0.0;0.0;0.0;0.0;0.0;0.1;0.0;0.1;0.0;0.0;0.1;0.1;0.1;0.0;0.1;0.0;0.0;0.0;0.0;0.0;0.1;0.1;0.1;0.1;0.0;0.0;0.1;0.0;0.0;0.0;0.0;0.0;0.0;0.1;0.1;0.1;0.0;0.4490196078431372;0.7313725490196078;0.5313725490196078;0.5705882352941176;0.0;0.0;0.0;0.0;0.0;0.1;0.0;0.1;0.03538052083566621;0.1;0.1;0.10226218736874061;0.37450980392156863;0.0;0.1;0.1;0.1;0.1;0.1;0.1;0.1;0.0;0.1;0.14614318465671414;0.8672908500184132;1.0;0.8882352941176471;1.0;0.11176470588235293;0.0;0.0;0.1;0.0;0.0;0.0;0.1;0.1;0.0;0.09844381130042067;0.7431372549019608;0.8882352941176471;0.3549019607843137;0.1;0.1;0.0;0.1;0.1;0.1;0.1;0.1;0.0;0.7235294117647059;1.0;0.8882352941176471;0.8882352941176471;0.8882352941176471;0.4372549019607843;0.0;0.0;0.0;0.0;0.0;0.0;0.1;0.0;0.1;0.10177940707402618;1.0;1.0;0.5187012376856274;0.0;0.1;0.1;0.1;0.1;0.1;0.1;0.0;0.46914126005346746;1.0;0.8921568627450981;0.4374969838293039;0.6450980392156863;0.8882352941176471;0.6168280515793018;0.0;0.0;0.1;0.0;0.0;0.0;0.1;0.0;0.0;0.09586427011803143;1.0;1.0;0.6882352941176471;0.0;0.0;0.0;0.1;0.1;0.1;0.0;0.29215686274509806;1.0;0.8921568627450981;0.5196078431372549;0.1;0.6254901960784314;1.0;0.6450980392156863;0.1;0.0;0.1;0.0;0.0;0.0;0.0;0.0;0.1;0.37058823529411766;0.8882352941176471;0.8272482211287092;0.5988991585706225;0.1;0.0;0.1;0.1;0.02861622846219354;0.1;0.30000000000000004;0.7941176470588236;1.0;0.8058823529411765;0.1;0.10319941787920545;0.6725490196078432;0.8882352941176471;0.6372549019607843;0.1;0.0;0.1;0.1;0.0;0.0;0.0;0.0;0.0;0.6294117647058823;1.0;0.4019607843137255;0.025490196078431365;0.0;0.0;0.0;0.1;0.1;0.12745098039215685;0.8294117647058823;1.0;0.9901960784313725;0.28823529411764703;0.1;0.28431372549019607;0.8882352941176471;1.0;0.31176470588235294;0.1;0.1;0.1;0.0;0.0;0.0;0.1;0.0;0.16523397795015726;0.8882352941176471;0.7919564285118424;0.10537876324903363;0.0;0.0;0.0;0.0;0.1;0.0;0.2747073129383845;1.0;1.0;0.4239865659558887;0.0;0.0;0.44796332159226643;1.0;1.0;0.18627450980392157;0.1;0.1;0.0;0.1;0.0;0.0;0.1;0.0;0.4019607843137255;0.8882352941176471;0.8176470588235294;0.09841863829213468;0.0;0.0;0.0;0.0;0.1;0.10784313725490197;0.8529411764705882;0.9461455566553088;0.7666666666666667;0.0;0.1;0.14313725490196078;0.896078431372549;0.9666666666666667;0.4764705882352941;0.10784313725490197;0.1;0.1;0.1;0.0;0.1;0.0;0.0;0.0;0.6106639567303822;1.0;0.6215686274509804;0.0;0.1;0.0;0.0;0.0;0.13529411764705884;0.8098039215686275;1.0;0.7549019607843137;0.1282211112636561;0.0;0.1;0.2291098921106829;1.0;0.7784313725490196;0.1;0.0;0.1;0.1;0.1;0.1;0.0;0.0;0.1;0.1;0.4411764705882353;0.8882352941176471;0.5352941176470588;0.0;0.0;0.0;0.0;0.0;0.5509803921568628;0.9213614598752354;0.8764705882352941;0.19411764705882353;0.0;0.0;0.1;0.5627450980392157;0.8568627450980393;0.1196078431372549;0.1;0.1;0.0;0.0;0.1;0.0;0.0;0.0;0.1;0.0;0.8003107707755095;1.0;0.17910862433614547;0.0;0.1;0.1;0.1;0.6254901960784314;1.0;1.0;0.26631148546118927;0.1;0.1;0.1;0.0;0.0;0.1196078431372549;0.0;0.1;0.0;0.0;0.1;0.0;0.0;0.0;0.0;0.0;0.0;0.8058823529411765;0.8882352941176471;0.37058823529411766;0.0;0.0;0.09873723728153883;0.5470588235294118;1.0;0.8882352941176471;0.5549019607843138;0.0;0.1;0.1;0.1;0.0;0.1;0.0;0.0;0.1;0.1;0.0;0.1;0.0;0.0;0.0;0.0;0.1;0.1;1.0;1.0;0.3189690200127008;0.0;0.0;0.6019607843137255;0.8882352941176471;1.0;0.6048853657458914;0.10701378356486033;0.0;0.0;0.1;0.1;0.1;0.0;0.0;0.0;0.1;0.1;0.0;0.1;0.0;0.1;0.0;0.0;0.1;0.09949628170435368;0.6490196078431373;0.8921568627450981;0.40980392156862744;0.13529411764705884;0.6098039215686275;0.9;0.8921568627450981;0.3784313725490196;0.0;0.0;0.0;0.0;0.1;0.1;0.1;0.1;0.0;0.0;0.1;0.1;0.0;0.1;0.0;0.0;0.1;0.0;0.1;0.1;0.478478145809996;0.8882352941176471;0.9901960784313725;0.6607843137254902;0.8882352941176471;1.0;0.4445909136905665;0.1560380125315119;0.0;0.0;0.0;0.0;0.0;0.0;0.0;0.1;0.0;0.1;0.1;0.0;0.0;0.08208037716488564;0.0;0.0;0.0;0.0;0.0;0.0;0.08823529411764705;0.7901960784313725;1.0;0.7901960784313725;0.6176470588235294;0.5509803921568628;0.0;0.0;0.1;0.1;0.0;0.0;0.0;0.1;0.1;0.1;0.0;0.0;0.1;0.1;0.0;0.0;0.0;0.1;0.0;0.0;0.0;0.1;0.0;0.21372549019607845;0.19758115128966494;0.10723335800131584;0.0;0.0;0.1;0.0;0.1;0.0;0.1;0.0;0.0;0.0;0.1;0.0;0.0;0.005763578438198036;0.1;0.0;0.1;0.0;0.0;0.0;0.0;0.0;0.0;0.0;0.1;0.0;0.0;0.0;0.0;0.0;0.1;0.1;0.1;0.1;0.1;0.1;0.0;0.0;0.1;0.1;0.0;0.0;0.1;0.1;0.1;0.1;0.0;0.1;0.0;0.0;0.0;0.1;0.0;0.0;0.0;0.0;0.0;0.0;0.1;0.1;0.1;0.0;0.1;0.0;0.1;0.0;0.1;0.0;0.0;0.1;0.0;0.0;0.1;0.0;0.1;0.1;0.0;0.0;0.1;0.1;0.1;0.1;0.0;0.0;0.0;0.0;0.1;0.1;0.1;0.1;0.1;0.1;0.0;0.0;0.1;0.1;0.0;0.0;0.0;0.0;0.1;0.1;0.0;0.1;0.0;0.0;0.1;0.1;0.1;0.0;0.1;0.0;0.0;0.0;0.0;0.1;0.0;0.1;0.0;0.0;0.1;0.1;0.0;0.1;0.0;0.1;0.1;0.1;0.0;0.0;0.0,4.703027186,3.7560479640960693,0.0,0.0,0.927155685,0.6358225630000001,0.4571801680000001,0.4414091110229492,0.4699755169999999,0.29133312199999994,3.769455545,9626,240,240,0,4070,0,1552,669,3095,7916,0,0,3,4804,4654,150,3095,1559,0,1868,150,1385,4971,1,13464,,0.0
446,OPTIMAL,adversarial_example_found_or_best_known,feasibility,true,true,true,true,0.2847250878728227,4.862577953291084;-24.201661312285797;-8.110678136729508;-10.095543668590008;-4.524675836869179;-2.394972460333735;4.5778528654182615;-9.62663713746248;-9.856268364246588;-5.075289040662348,0.0;0.1;0.1;0.0;0.0;0.1;0.1;0.0;0.0;0.1;0.1;0.0;0.0;0.1;0.1;0.0;0.0;0.0;0.1;0.0;0.1;0.1;0.1;0.0;0.0;0.0;0.0;0.1;0.0;0.1;0.0;0.0;0.0;0.0;0.0;0.1;0.1;0.1;0.1;0.0;0.1;0.1;0.1;0.1;0.0;0.0;0.1;0.0;0.1;0.1;0.1;0.1;0.1;0.1;0.1;0.1;0.0;0.1;0.1;0.0;0.0;0.0;0.0;0.0;0.0;0.1;0.1;0.0;0.0;0.1;0.1;0.1;0.1;0.0;0.0;0.0;0.0;0.1;0.1;0.1;0.0;0.0;0.0;0.1;0.1;0.0;0.1;0.1;0.1;0.0;0.1;0.0;0.1;0.0;0.0;0.0;0.0;0.0;0.0;0.1;0.1;0.1;0.1;0.1;0.1;0.0;0.0;0.0;0.0;0.0;0.0;0.1;0.0;0.1;0.1;0.1;0.1;0.0;0.0;0.0;0.0;0.1;0.1;0.0;0.0;0.0;0.0;0.1;0.1;0.1;0.1;0.1;0.1;0.0;0.0;0.0;0.0;0.0;0.0;0.1;0.1;0.1;0.1;0.0;0.0;0.0;0.0;0.0;0.0;0.0;0.0;0.0;0.0;0.0;0.0;0.5556327373774804;0.8960784313725491;0.9;1.0;0.7972429727374124;0.0;0.0;0.0;0.1;0.0;0.0;0.0;0.1;0.1;0.1;0.1;0.0;0.0;0.1;0.1;0.1;0.1;0.0;0.0;0.1;0.0;0.11568627450980393;0.7196078431372549;1.0;0.8921568627450981;1.0;0.8921568627450981;1.0;0.5196078431372549;0.04901960784313725;0.0;0.0;0.0;0.0;0.0;0.1;0.1;0.1;0.1;0.0;0.0;0.1;0.0;0.1;0.0;0.1;0.0;0.10184370322548002;0.8164936921680388;0.8490196078431372;0.8921568627450981;0.7465460261916417;0.6490196078431373;0.795601690198908;1.0;0.8921568627450981;0.4725490196078431;0.1020515588516704;0.0;0.1;0.0;0.007930466158674102;0.0;0.1;0.0;0.1;0.1;0.0;0.0;0.1;0.1;0.1;0.1;0.37058823529411766;0.6097771790313087;0.8333333333333333;1.0;0.7000000000000001;0.5431372549019607;0.11568627450980393;0.09629205992657258;0.0;0.8254901960784313;1.0;0.692156862745098;0.033333333333333326;0.0;0.1;0.1;0.0;0.0;0.1;0.1;0.1;0.0;0.0;0.0;0.1;0.10347750026232762;0.10207806434470404;0.6372549019607844;0.6529411764705882;0.8450980392156863;0.10322471478870016;0.8333333333333333;0.30000000000000004;0.0;0.0;0.0;0.1;0.10575077437845873;0.7976816628960729;1.0;0.7960914871008046;0.0;0.0;0.1;0.0;0.0;0.0;0.1;0.1;0.1;0.0;0.0;0.1;0.676470588235294;0.8921568627450981;0.7196078431372549;0.0;0.097975068443062;0.303921568627451;0.9509803921568627;0.7470588235294118;0.1;0.0;0.0;0.0;0.09559967457905054;0.2411764705882353;1.0;1.0;0.1;0.1;0.1;0.0;0.0;0.1;0.1;0.1;0.0;0.0;0.0;0.3658052239702297;0.6058823529411765;0.25168911203088334;0.19026781146541968;0.0;0.0;0.18627450980392157;0.10500738060209062;0.10370271569755077;0.1;0.0;0.1;0.1;0.1;0.5862745098039216;1.0;1.0;0.1;0.0;0.1;0.008950285325971119;0.0;0.0;0.0;0.1;0.1;0.0;0.0;0.0;0.0;0.1;0.0;0.0;0.0;0.0;0.1;0.1;0.1;0.0;0.0;0.1;0.1;0.7274509803921568;0.8921568627450981;1.0;0.09849233067452111;0.1;0.1;0.1;0.1;0.0;0.1;0.1;0.0;0.1;0.0;0.0;0.0;0.1;0.0;0.1;0.15890906741657923;0.6215686274509804;0.611971073697845;0.0;0.1;0.0;0.0;0.0;0.0;0.7988692536769173;1.0;0.515686274509804;0.0;0.1;0.0718812849343864;0.02677434140640487;0.0;0.0;0.0;0.1;0.1;0.1;0.1;0.1;0.0;0.1;0.1;0.0;0.692156862745098;0.7470588235294118;0.10087889565152577;0.0;0.1;0.1;0.1;0.1;0.09943617850041801;0.9823529411764705;0.6411764705882352;0.1;0.0;0.1;0.1;0.1;0.1;0.0;0.1;0.1;0.0;0.1;0.0;0.1;0.1;0.1;0.0;0.0;0.869682742467322;0.7509803921568627;0.10327700597595406;0.1;0.0;0.1;0.0;0.1;0.581740315999117;0.5509803921568628;0.10671215993838686;0.1;0.05781090002933346;0.1;0.0;0.1;0.1;0.0;0.0;0.1;0.1;0.1;0.0;0.1;0.0;0.1;0.1;0.03725490196078432;0.7470588235294118;1.0;0.17058823529411762;0.0;0.0;0.0;0.1;0.10392156862745097;0.8764705882352941;0.06862745098039216;0.09961148000823113;0.1;0.1;0.0;0.0;0.1;0.1;0.0;0.1;0.1;0.0;0.0;0.0;0.0;0.1;0.1;0.0;0.10379076136859237;0.7745098039215687;1.0;0.17058823529411762;0.1;0.1;0.0;0.0;0.5315812268314541;0.5862745098039216;0.10346663501966973;0.1;0.1;0.1;0.0;0.0;0.0;0.0;0.0;0.0;0.1;0.0;0.0;0.0;0.0;0.1;0.1;0.1;0.0;0.6686274509803922;0.6019607843137255;0.09994910246295405;0.1;0.0;0.1;0.6254901960784314;0.8803921568627451;0.3784313725490196;0.0;0.0;0.1;0.1;0.0;0.0;0.0;0.0;0.0;0.1;0.1;0.0;0.0;0.1;0.1;0.1;0.1;0.0;0.2696711168157194;0.7470588235294118;0.4137254901960784;0.04117647058823529;0.0;0.0;0.6019607843137255;0.8758801550232338;0.7979996628019187;0.13137254901960785;0.0;0.0;0.1;0.1;0.1;0.1;0.1;0.0;0.1;0.0;0.0;0.0;0.0;0.0;0.1;0.1;0.1;0.1;0.38627450980392153;0.8921568627450981;0.8921568627450981;0.7431372549019608;0.15098039215686276;0.2411764705882353;1.0;0.6019607843137255;0.033333333333333326;0.1;0.0;0.0;0.1;0.1;0.1;0.1;0.1;0.1;0.0;0.0;0.0;0.0;0.0;0.1;0.0;0.1;0.0;0.0;0.5355142273891337;1.0;1.0;0.8725490196078431;0.7155658112436666;1.0;0.6111064784436365;0.12352941176470589;0.0;0.0;0.0;0.0;0.0;0.061934416404706115;0.0;0.1;0.0;0.0;0.0;0.0;0.0;0.0;0.0;0.0;0.0;0.0;0.1;0.1;0.38627450980392153;0.8921568627450981;1.0;0.8921568627450981;0.8921568627450981;1.0;0.13137254901960785;0.1;0.1;0.1;0.0;0.0;0.1;0.1;0.0;0.0;0.1;0.1;0.0;0.0;0.1;0.1;0.1;0.03840847079188978;0.0;0.1;0.0;0.1;0.3357798136158283;0.8689203491666206;0.8921568627450981;0.6485381545777986;0.6256839957127577;0.711764705882353;0.10377882924383276;0.0;0.1;0.0;0.1;0.0;0.0;0.0;0.1;0.0;0.1;0.0;0.1;0.0;0.1;0.1;0.1;0.1;0.0;0.0;0.0;0.0;0.1;0.692156862745098;0.6019607843137255;0.09728620201113089;0.1;0.09842880171752652;0.1;0.1;0.1;0.0;0.1;0.1;0.0;0.0;0.1;0.1;0.1;0.0;0.0;0.0;0.0;0.1;0.1;0.0;0.0;0.1;0.1;0.0;0.0;0.0;0.0;0.1;0.1;0.1;0.1;0.0;0.1;0.0;0.1;0.0;0.1;0.0;0.0;0.0;0.0;0.1;0.1;0.0;0.1;0.1;0.1;0.1;0.0;0.0;0.1;0.0;0.1;0.1;0.0;0.0;0.1;0.1;0.1;0.1;0.1;0.1;0.1;0.1;0.0;0.0;0.0;0.0;0.0;0.0;0.0;0.1;0.1;0.1;0.1;0.0;0.0;0.03920189228256495;0.1;0.0;0.1;0.1;0.0;0.1;0.0;0.1;0.0;0.1;0.0;0.0;0.0;0.0;0.0;0.0;0.0;0.0;0.0;0.0;0.0,7.885757941,6.744583368301392,0.0,0.0,1.119686216,0.808176195,0.6053125739999999,0.5860588550567627,0.5143736420000001,0.311510021,6.75961871,9626,316,316,0,4059,0,1514,657,3080,10457,0,0,3,4804,4621,183,3080,1541,0,1937,185,1522,5211,1,43125,,0.0
447,INFEASIBLE,certified_no_adversarial_example,feasibility,false,false,false,false,,,,1.077947361,0.04814934730529785,0.0,0.0,1.005345311,0.705834705,0.5262950820000001,0.5105006694793701,0.4790502289999998,0.2995106059999999,0.06952631,9626,226,226,0,4093,0,1564,666,3077,8736,0,0,3,4804,4644,160,3077,1567,0,1891,162,1430,5050,,708,0,
448,INFEASIBLE,certified_no_adversarial_example,feasibility,false,false,false,false,,,,0.84771171,0.1554124355316162,0.0,0.0,0.677030058,0.402259327,0.2550031019999999,0.241180419921875,0.4220269560000001,0.27477073100000005,0.167612825,9626,193,193,0,4069,0,1577,659,3128,4516,0,0,3,4804,4689,115,3128,1561,0,1801,117,1250,4735,,719,0,
449,OPTIMAL,adversarial_example_found_or_best_known,feasibility,true,true,true,true,8.038014698286133e-14,-7.641861883645651;-12.589783779898717;-8.51518031357185;-2.3669377466935018;-5.725942037403661;-5.577317356125166;-14.26081364706872;-12.374442713730788;0.27846407250416605;0.27846407250408567,0.1;0.0;0.0;0.1;0.1;0.0;0.0;0.1;0.1;0.0;0.0;0.0;0.0;0.1;0.1;0.1;0.1;0.0;0.0;0.1;0.1;0.0;0.0;0.1;0.1;0.0;0.0;0.1;0.1;0.0;0.0;0.1;0.0;0.0;0.0;0.0;0.0;0.0;0.0;0.0;0.1;0.1;0.1;0.0;0.0;0.0;0.0;0.0;0.1;0.1;0.1;0.1;0.0;0.0;0.0;0.0;0.1;0.0;0.0;0.1;0.1;0.1;0.1;0.1;0.1;0.0;0.0;0.0;0.0;0.1;0.1;0.1;0.1;0.1;0.1;0.0;0.1;0.1;0.1;0.1;0.1;0.0;0.0;0.0;0.1;0.1;0.0;0.1;0.0;0.1;0.1;0.1;0.0;0.0;0.1;0.1;0.1;0.1;0.0;0.1;0.1;0.0;0.1;0.0;0.1;0.0;0.1;0.1;0.1;0.1;0.0;0.0;0.1;0.1;0.1;0.1;0.1;0.1;0.1;0.1;0.1;0.0;0.0;0.0;0.0;0.1;0.1;0.1;0.1;0.0;0.1;0.1;0.0;0.1;0.1;0.1;0.1;0.1;0.1;0.0;0.0;0.0;0.0;0.0;0.1;0.1;0.0;0.1;0.0;0.0;0.024914049523258572;0.1;0.1;0.1;0.1;0.1;0.0;0.0;0.1;0.1;0.1;0.1;0.1;0.0;0.0;0.1;0.1;0.0;0.1;0.1;0.1;0.0;0.0;0.1;0.1;0.1;0.1;0.0;0.0;0.1;0.1;0.0;0.0;0.1;0.1;0.0;0.0;0.1;0.1;0.1;0.1;0.0;0.0;0.1;0.0;0.0;0.0;0.1;0.0;0.0;0.0;0.1;0.1;0.1;0.1;0.0;0.1;0.0;0.0;0.0;0.0;0.1;0.0;0.0;0.1;0.0;0.1;0.0;0.1;0.0;0.0;0.0;0.1;0.0;0.1;0.1;0.0;0.0;0.0;0.1;0.1;0.0;0.0;0.0;0.0;0.0;0.1;0.0;0.0;0.1;0.1;0.0;0.16666666666668026;0.5117647058823529;0.5117647058823529;0.48039215686274506;0.1;0.0;0.0;0.0;0.1;0.0;0.0;0.0;0.0;0.1;0.1;0.1;0.1;0.0;0.0;0.0;0.1;0.32425404504075545;0.28823529411764703;0.1784313725490196;0.1;0.1;0.1;0.1;0.7156862745098039;0.8921568627450981;1.0;1.0;0.8262820778978124;0.47377197415435357;0.2763681579180186;0.1;0.0;0.1;0.0;0.0;0.0;0.1;0.1;0.1;0.1;0.0;0.0;0.04117647058823529;0.6411764705882352;0.8764705882352941;0.8921568627450981;0.8568627450980393;0.6372549019607844;0.19411764705882353;0.1;0.1;0.5274509803921569;0.7352941176470588;0.7549019607843137;0.8921568627450981;0.8921568627450981;0.8921568627450981;0.38235294117647056;0.0;0.1;0.1;0.1;0.0;0.0;0.1;0.0;0.0;0.0;0.24901960784313726;0.8763082387494947;1.0;1.0;0.8921568627450981;1.0;0.8921568627450981;1.0;0.6322188560177976;0.1;0.1;0.1;0.0;0.13227223764540538;0.5470588235294118;1.0;1.0;0.8792270400055602;0.1;0.1;0.0;0.1;0.0;0.0;0.1;0.1;0.0;0.19469713201000835;0.7078431372549019;1.0;0.9296056403417147;0.9823529411764705;0.7862745098039216;0.6803921568627451;1.0;0.8921568627450981;0.7823529411764706;0.16703437406912516;0.1;0.1;0.0;0.09506198933226163;0.6137254901960785;0.8921568627450981;0.8921568627450981;0.6686274509803921;0.1;0.1;0.0;0.0;0.0;0.0;0.1;0.1;0.1;0.7039215686274509;0.8921568627450981;1.0;0.7903887372014604;0.2674131266464353;0.0;0.20980392156862746;0.8921568627450981;1.0;0.7346510592156998;0.1;0.1;0.1;0.0;0.5196078431372549;0.8921568627450981;1.0;1.0;0.5823529411764706;0.0;0.0;0.1;0.0;0.0;0.0;0.1;0.1;0.0;1.0;1.0;0.7745098039215687;0.12352941176470589;0.1;0.1;0.20980392156862746;1.0;0.9588235294117646;0.3392156862745098;0.09747637201628806;0.4490196078431372;0.6686274509803922;0.696078431372549;1.0;0.8921568627450981;0.8921568627450981;0.9392156862745098;0.20980392156862746;0.1;0.1;0.1;0.0;0.0;0.1;0.0;0.1;0.5862745098039216;1.0;1.0;0.44635989274857646;0.1;0.1;0.12887456177194206;0.5705882352941176;0.8921568627450981;1.0;0.703921568627451;0.692156862745098;1.0;1.0;0.9428250143828435;1.0;1.0;0.8372549019607843;0.21764705882352942;0.0;0.1;0.0;0.0;0.0;0.0;0.0;0.1;0.09837169018809853;0.8960784313725491;1.0;1.0;0.09603973924511833;0.0;0.09872899258806565;0.3392156862745098;1.0;0.8921568627450981;1.0;1.0;0.8921568627450981;1.0;1.0;1.0;1.0;0.8254901960784313;0.09525564673699773;0.1;0.1;0.1;0.0;0.0;0.0;0.0;0.1;0.0;0.1;0.9;1.0;0.7885441699447546;0.5901960784313726;0.5901960784313726;0.5901960784313726;1.0;1.0;1.0;1.0;0.8921568627450981;0.7627450980392158;0.6497683557930778;0.40588235294117647;0.40588235294117647;0.37450980392156863;0.1;0.1;0.1;0.0;0.1;0.0;0.0;0.0;0.0;0.0;0.1;0.0;0.8176470588235294;1.0;0.8921568627450981;0.8921568627450981;0.8921568627450981;1.0;1.0;1.0;0.7392156862745098;0.4672205843313583;0.4294117647058824;0.09899007559511687;0.0;0.0;0.1;0.0;0.1;0.1;0.1;0.1;0.1;0.1;0.0;0.1;0.0;0.0;0.0;0.1;0.27647058823529413;0.8929347136805729;1.0;1.0;1.0;1.0;0.7941176470588235;0.34705882352941175;0.1;0.1;0.1;0.1;0.0;0.1;0.1;0.1;0.0;0.1;0.1;0.0;0.1;0.0;0.0;0.0;0.0;0.0;0.1;0.1;0.0;0.0;0.48431372549019613;0.9901960784313725;0.5901960784313726;0.3431372549019608;0.1;0.008031999246092417;0.1;0.1;0.1;0.1;0.0;0.0;0.1;0.1;0.0;0.0;0.1;0.1;0.0;0.0;0.0;0.1;0.0;0.0;0.0;0.1;0.0;0.0;0.0;0.0;0.1;0.0;0.0;0.0;0.1;0.1;0.1;0.0;0.0;0.1;0.0;0.1;0.0;0.07789223262939549;0.1;0.0;0.0;0.0;0.0;0.0;0.0;0.0;0.1;0.1;0.0;0.0;0.1;0.1;0.0;0.0;0.0;0.0;0.1;0.1;0.1;0.1;0.0;0.0;0.1;0.1;0.1;0.1;0.1;0.1;0.1;0.0;0.0;0.0;0.1;0.0;0.0;0.0;0.0;0.0;0.0;0.0;0.0;0.1;0.0;0.0;0.0;0.0;0.0;0.0;0.0;0.1;0.1;0.0;0.1;0.0;0.1;0.0;0.1;0.0;0.1;0.1;0.1;0.0;0.0;0.0;0.0;0.0;0.0;0.0;0.0;0.0;0.0;0.0;0.0;0.0;0.0;0.1;0.0;0.1;0.1;0.1;0.0;0.0;0.1;0.1;0.0;0.0;0.0;0.0;0.1;0.0;0.1;0.0;0.0;0.0;0.1;0.1;0.1;0.0;0.0;0.0;0.0;0.0;0.1;0.0;0.0;0.0;0.1;0.0;0.0;0.0;0.1;0.0;0.1;0.0;0.0;0.1;0.1;0.0;0.0;0.0;0.0;0.0;0.1;0.1;0.1;0.1;0.0;0.0;0.0;0.0;0.0;0.0;0.0;0.0;0.1;0.1;0.0;0.0;0.0;0.0;0.0;0.0;0.1;0.0;0.0;0.0;0.1;0.1;0.0;0.0;0.1;0.0;0.0;0.0;0.1;0.0;0.0;0.0;0.1;0.0;0.1;0.1;0.1;0.1;0.1;0.1;0.0;0.1;0.0;0.0;0.0,7.194748218,6.080061912536621,0.0,0.0,1.095678985,0.45103461199999995,0.266239674,0.25252795219421387,0.829439311,0.644644373,6.092627592,9626,191,191,0,4063,0,1581,670,3121,4648,0,0,3,4804,4682,122,3121,1561,0,1815,124,1278,4784,1,58478,,0.0
450,SKIPPED_PREDICTED_IN_TARGETED,adversarial_example_found_or_best_known,feasibility,true,true,true,true,2.2410409404484843,-16.874292785828768;-18.693010771475816;-9.13870824613213;2.4236912277142713;-16.633377721453947;4.664732168162756;-12.837538205061414;-16.288981833070302;-5.341585905311758;-12.060242129602688,0.0;0.0;0.0;0.0;0.0;0.0;0.0;0.0;0.0;0.0;0.0;0.0;0.0;0.0;0.0;0.0;0.0;0.0;0.0;0.0;0.0;0.0;0.0;0.0;0.0;0.0;0.0;0.0;0.0;0.0;0.0;0.0;0.0;0.0;0.0;0.0;0.0;0.0;0.0;0.0;0.0;0.0;0.0;0.0;0.0;0.0;0.0;0.0;0.0;0.0;0.0;0.0;0.0;0.0;0.0;0.0;0.0;0.0;0.0;0.0;0.0;0.0;0.0;0.0;0.0;0.0;0.0;0.0;0.0;0.0;0.0;0.0;0.0;0.0;0.0;0.0;0.0;0.0;0.0;0.0;0.0;0.0;0.0;0.0;0.0;0.0;0.0;0.0;0.0;0.0;0.0;0.0;0.0;0.0;0.0;0.0;0.0;0.0;0.0;0.0;0.0;0.0;0.0;0.0;0.0;0.0;0.0;0.0;0.0;0.0;0.0;0.0;0.0;0.0;0.0;0.0;0.0;0.47843137254901963;0.996078431372549;0.996078431372549;0.40784313725490196;0.0;0.0;0.0;0.0;0.0;0.0;0.0;0.0;0.0;0.0;0.0;0.0;0.0;0.0;0.0;0.0;0.0;0.0;0.0;0.0;0.0;0.0;0.0;0.0;0.4745098039215686;0.9921568627450981;0.9921568627450981;0.6784313725490196;0.0;0.0;0.0;0.0;0.0;0.0;0.0;0.0;0.0;0.0;0.0;0.0;0.0;0.0;0.0;0.0;0.0;0.0;0.0;0.0;0.0;0.0;0.0;0.0;0.30196078431372547;0.9764705882352941;0.9921568627450981;0.6784313725490196;0.0;0.0;0.0;0.0;0.0;0.0;0.0;0.0;0.0;0.0;0.0;0.0784313725490196;0.3137254901960784;0.0;0.0;0.0;0.0;0.0;0.0;0.0;0.0;0.0;0.0;0.0;0.0;0.9450980392156862;0.9921568627450981;0.6784313725490196;0.0;0.0;0.050980392156862744;0.28627450980392155;0.0;0.0;0.0;0.0;0.0;0.0;0.39215686274509803;0.8705882352941177;0.9686274509803922;0.7529411764705882;0.0;0.0;0.0;0.0;0.0;0.0;0.0;0.0;0.0;0.0;0.0;0.9450980392156862;0.9921568627450981;0.7607843137254902;0.26666666666666666;0.3764705882352941;0.8196078431372549;0.9725490196078431;0.48627450980392156;0.12549019607843137;0.0;0.0;0.0;0.0;0.788235294117647;0.9921568627450981;0.9921568627450981;0.9137254901960784;0.11372549019607843;0.0;0.0;0.0;0.0;0.0;0.0;0.0;0.0;0.0;0.0;0.9450980392156862;0.9921568627450981;0.9921568627450981;0.9921568627450981;0.9921568627450981;0.9921568627450981;0.9921568627450981;0.9921568627450981;0.47058823529411764;0.0;0.0;0.0;0.0;0.6196078431372549;0.9372549019607843;0.9921568627450981;0.9921568627450981;0.803921568627451;0.0;0.0;0.0;0.0;0.0;0.0;0.0;0.0;0.0;0.0;0.9450980392156862;0.9921568627450981;0.9921568627450981;0.9921568627450981;0.9921568627450981;0.9921568627450981;0.9921568627450981;0.9921568627450981;0.8274509803921568;0.0;0.0;0.0;0.0;0.0;0.3764705882352941;0.9921568627450981;0.9921568627450981;0.9411764705882353;0.0;0.0;0.0;0.0;0.0;0.0;0.0;0.0;0.0;0.0;0.9450980392156862;0.9921568627450981;0.9921568627450981;0.9921568627450981;0.9921568627450981;0.9215686274509803;0.9529411764705882;0.9921568627450981;0.9921568627450981;0.0;0.0;0.0;0.0;0.0;0.21176470588235294;0.9921568627450981;0.9921568627450981;0.9411764705882353;0.0;0.0;0.0;0.0;0.0;0.0;0.0;0.0;0.0;0.0;0.9450980392156862;0.9921568627450981;0.9921568627450981;0.9921568627450981;0.9803921568627451;0.29411764705882354;0.6313725490196078;0.9921568627450981;0.9921568627450981;0.30980392156862746;0.0;0.0;0.0;0.0;0.21176470588235294;0.9921568627450981;0.9921568627450981;0.6352941176470588;0.0;0.0;0.0;0.0;0.0;0.0;0.0;0.0;0.0;0.0;0.9450980392156862;0.9921568627450981;0.9921568627450981;0.9921568627450981;0.5019607843137255;0.0;0.6313725490196078;0.9921568627450981;0.9921568627450981;0.5254901960784314;0.0;0.0;0.0;0.0;0.49019607843137253;0.9921568627450981;0.9921568627450981;0.4196078431372549;0.0;0.0;0.0;0.0;0.0;0.0;0.0;0.0;0.0;0.0;0.9490196078431372;0.996078431372549;0.996078431372549;0.8745098039215686;0.13725490196078433;0.0;0.3843137254901961;0.996078431372549;0.996078431372549;0.7529411764705882;0.023529411764705882;0.0;0.0;0.0;0.7372549019607844;1.0;1.0;0.4196078431372549;0.0;0.0;0.0;0.0;0.0;0.0;0.0;0.0;0.0;0.0;0.4470588235294118;0.9921568627450981;0.9921568627450981;0.7294117647058823;0.0;0.0;0.00784313725490196;0.596078431372549;0.9921568627450981;0.996078431372549;0.050980392156862744;0.0;0.0;0.0;0.7333333333333333;0.9921568627450981;0.9921568627450981;0.4196078431372549;0.0;0.0;0.0;0.0;0.0;0.0;0.0;0.0;0.0;0.0;0.4235294117647059;0.9921568627450981;0.9921568627450981;0.7294117647058823;0.0;0.0;0.0;0.5764705882352941;0.9921568627450981;0.996078431372549;0.5176470588235295;0.0;0.0;0.23921568627450981;0.9686274509803922;0.9921568627450981;0.9529411764705882;0.2627450980392157;0.0;0.0;0.0;0.0;0.0;0.0;0.0;0.0;0.0;0.0;0.4235294117647059;0.9921568627450981;0.9921568627450981;0.5607843137254902;0.0;0.0;0.0;0.13725490196078433;0.9921568627450981;0.996078431372549;0.7058823529411765;0.03529411764705882;0.0;0.26666666666666666;0.9921568627450981;0.9921568627450981;0.8862745098039215;0.0;0.0;0.0;0.0;0.0;0.0;0.0;0.0;0.0;0.0;0.0;0.6980392156862745;0.9921568627450981;0.9921568627450981;0.48627450980392156;0.0;0.0;0.0;0.054901960784313725;0.9921568627450981;0.996078431372549;0.9921568627450981;0.10196078431372549;0.0;0.6784313725490196;0.9921568627450981;0.9921568627450981;0.4745098039215686;0.0;0.0;0.0;0.0;0.0;0.0;0.0;0.0;0.0;0.0;0.0;0.3333333333333333;0.7803921568627451;0.7803921568627451;0.16470588235294117;0.0;0.0;0.0;0.01568627450980392;0.6470588235294118;0.996078431372549;0.9921568627450981;0.21176470588235294;0.23529411764705882;0.9411764705882353;0.9921568627450981;0.9607843137254902;0.2901960784313726;0.0;0.0;0.0;0.0;0.0;0.0;0.0;0.0;0.0;0.0;0.0;0.0;0.0;0.0;0.0;0.0;0.0;0.0;0.0;0.16470588235294117;1.0;0.9921568627450981;0.8784313725490196;0.7803921568627451;0.9921568627450981;0.9921568627450981;0.8352941176470589;0.0;0.0;0.0;0.0;0.0;0.0;0.0;0.0;0.0;0.0;0.0;0.0;0.0;0.0;0.0;0.0;0.0;0.0;0.0;0.0;0.0;0.6627450980392157;0.9921568627450981;0.9921568627450981;0.9921568627450981;0.9921568627450981;0.9921568627450981;0.7803921568627451;0.0;0.0;0.0;0.0;0.0;0.0;0.0;0.0;0.0;0.0;0.0;0.0;0.0;0.0;0.0;0.0;0.0;0.0;0.0;0.0;0.0;0.45098039215686275;0.9607843137254902;0.9921568627450981;0.9921568627450981;0.9921568627450981;0.9529411764705882;0.29411764705882354;0.0;0.0;0.0;0.0;0.0;0.0;0.0;0.0;0.0;0.0;0.0;0.0;0.0;0.0;0.0;0.0;0.0;0.0;0.0;0.0;0.0;0.0;0.4235294117647059;0.9921568627450981;0.9921568627450981;0.8549019607843137;0.12156862745098039;0.0;0.0;0.0;0.0;0.0;0.0;0.0;0.0;0.0;0.0;0.0;0.0;0.0;0.0;0.0;0.0;0.0;0.0;0.0;0.0;0.0;0.0;0.0;0.0;0.0;0.0;0.0;0.0;0.0;0.0;0.0;0.0;0.0;0.0;0.0;0.0;0.0;0.0;0.0;0.0;0.0;0.0;0.0;0.0;0.0;0.0;0.0;0.0;0.0;0.0;0.0;0.0;0.0;0.0;0.0;0.0;0.0;0.0;0.0;0.0;0.0;0.0;0.0;0.0;0.0;0.0;0.0;0.0;0.0;0.0;0.0;0.0;0.0;0.0;0.0;0.0;0.0;0.0;0.0;0.0;0.0;0.0;0.0;0.0;0.0;0.0;0.0;0.0;0.0;0.0;0.0;0.0;0.0;0.0;0.0;0.0;0.0;0.0;0.0;0.0;0.0;0.0;0.0;0.0;0.0;0.0;0.0;0.0;0.0;0.0;0.0;0.0;0.0;0.0;0.0;0.0;0.0;0.0;0.0,0.005907125,0.0,0.0,0.0,,,,,,,,,,,,,,,,,,,,,,,,,,,,,,,,,,
451,INFEASIBLE,certified_no_adversarial_example,feasibility,false,false,false,false,,,,0.620467425,0.022929668426513672,0.0,0.0,0.583586682,0.312885829,0.18462301700000003,0.17278289794921875,0.3989636649999999,0.27070085299999996,0.033845378,9626,154,154,0,4076,0,1597,690,3109,2867,0,0,3,4804,4716,88,3109,1607,0,1744,88,1137,4537,,571,0,
452,INFEASIBLE,certified_no_adversarial_example,feasibility,false,false,false,false,,,,0.604000611,0.019021034240722656,0.0,0.0,0.57109636,0.290403406,0.15330197399999995,0.14237332344055176,0.417794386,0.280692954,0.029852355,9626,130,130,0,4077,0,1610,713,3096,2224,0,0,3,4804,4727,77,3096,1631,0,1726,80,1100,4472,,451,0,
453,INFEASIBLE,certified_no_adversarial_example,feasibility,false,false,false,false,,,,0.86889541,0.03778433799743652,0.0,0.0,0.815142709,0.525471402,0.31746511499999996,0.30309009552001953,0.497677594,0.289671307,0.050698822,9626,213,213,0,4038,0,1570,668,3137,5372,0,0,3,4804,4675,129,3137,1538,0,1829,131,1306,4833,,660,0,
454,INFEASIBLE,certified_no_adversarial_example,feasibility,false,false,false,false,,,,0.937659709,0.026615381240844727,0.0,0.0,0.893789482,0.5938585639999999,0.3967265850000001,0.37923765182495117,0.4970628969999999,0.29993091800000005,0.040808945,9626,258,258,0,4078,0,1543,698,3049,7306,0,0,3,4804,4648,156,3049,1599,0,1884,159,1416,5025,,479,0,
455,INFEASIBLE,certified_no_adversarial_example,feasibility,false,false,false,false,,,,0.725614426,0.029147863388061523,0.0,0.0,0.681569483,0.406320222,0.2581195460000001,0.24509978294372559,0.4234499369999999,0.27524926099999997,0.040987758,9626,187,187,0,4042,0,1580,680,3137,4665,0,0,3,4804,4690,114,3137,1553,0,1799,116,1246,4728,,567,0,
456,INFEASIBLE,certified_no_adversarial_example,feasibility,false,false,false,false,,,,0.67459191,0.03493976593017578,0.0,0.0,0.626014878,0.37036702,0.216204737,0.20491290092468262,0.409810141,0.255647858,0.045487997,9626,146,146,0,3999,0,1602,638,3241,3711,0,0,3,4804,4722,82,3241,1481,0,1736,85,1120,4507,,608,0,
457,INFEASIBLE,certified_no_adversarial_example,feasibility,false,false,false,false,,,,0.79236657,0.042223215103149414,0.0,0.0,0.734744747,0.451590136,0.30126105200000003,0.2869102954864502,0.433483695,0.28315461100000006,0.054552715,9626,198,198,0,4028,0,1575,665,3160,5874,0,0,3,4804,4675,129,3160,1515,0,1826,129,1301,4824,,765,0,
458,INFEASIBLE,certified_no_adversarial_example,feasibility,false,false,false,false,,,,0.866054489,0.046894073486328125,0.0,0.0,0.80301268,0.519030707,0.353148738,0.33854079246520996,0.449863942,0.28398197300000005,0.059989382,9626,194,194,0,4050,0,1579,672,3131,6746,0,0,3,4804,4667,137,3131,1536,0,1845,139,1338,4889,,743,0,
459,INFEASIBLE,certified_no_adversarial_example,feasibility,false,false,false,false,,,,0.878323176,0.03855729103088379,0.0,0.0,0.823042002,0.528946845,0.36973149299999997,0.35437631607055664,0.45331050900000003,0.294095157,0.052167133,9626,224,224,0,4065,0,1562,648,3127,8086,0,0,3,4804,4659,145,3127,1532,0,1862,148,1372,4948,,633,0,
460,INFEASIBLE,certified_no_adversarial_example,feasibility,false,false,false,false,,,,0.810788157,0.02320098876953125,0.0,0.0,0.771291192,0.473821888,0.3117125209999999,0.2970573902130127,0.45957867100000005,0.29746930399999993,0.036420373,9626,221,221,0,4054,0,1566,682,3103,4673,0,0,3,4804,4675,129,3103,1572,0,1831,133,1310,4839,,259,0,
461,INFEASIBLE,certified_no_adversarial_example,feasibility,false,false,false,false,,,,0.906383093,0.049093008041381836,0.0,0.0,0.842120144,0.5037336020000001,0.35635234800000004,0.34205102920532227,0.485767796,0.33838654199999996,0.061195513,9626,196,196,0,4029,0,1572,658,3171,6051,0,0,3,4804,4690,114,3171,1519,0,1799,116,1246,4728,,902,0,
462,INFEASIBLE,certified_no_adversarial_example,feasibility,false,false,false,false,,,,0.987778186,0.01839423179626465,0.0,0.0,0.954543979,0.683130621,0.204490768,0.19224238395690918,0.750053211,0.271413358,0.030137638,9626,161,161,0,4082,0,1595,693,3095,3493,0,0,3,4804,4714,90,3095,1619,0,1752,93,1152,4563,,407,0,
463,INFEASIBLE,certified_no_adversarial_example,feasibility,false,false,false,false,,,,0.648771615,0.022752046585083008,0.0,0.0,0.611248243,0.33358080599999995,0.193949315,0.18190431594848633,0.417298928,0.2776674370000001,0.034413419,9626,166,166,0,4104,0,1593,702,3061,2732,0,0,3,4804,4719,85,3061,1658,0,1741,87,1130,4525,,478,0,
464,INFEASIBLE,certified_no_adversarial_example,feasibility,false,false,false,false,,,,0.89020013,0.022954940795898438,0.0,0.0,0.850311011,0.549542938,0.324780586,0.30942654609680176,0.5255304249999999,0.30076807299999997,0.036791968,9626,235,235,0,4081,0,1557,675,3078,5834,0,0,3,4804,4668,136,3078,1590,0,1843,138,1334,4882,,472,0,
465,INFEASIBLE,certified_no_adversarial_example,feasibility,false,false,false,false,,,,1.47390687,0.29610228538513184,0.0,0.0,1.159644281,0.8322851800000001,0.635924458,0.6175312995910645,0.5237198230000001,0.327359101,0.311124282,9626,288,288,0,4076,0,1531,651,3080,11223,0,0,3,4804,4631,173,3080,1551,0,1918,176,1484,5144,,1098,0,
466,INFEASIBLE,certified_no_adversarial_example,feasibility,false,false,false,false,,,,0.660206628,0.03024125099182129,0.0,0.0,0.616195466,0.333693262,0.206562613,0.19426608085632324,0.40963285299999996,0.282502204,0.040939909,9626,168,168,0,4073,0,1592,693,3100,2839,0,0,3,4804,4711,93,3100,1611,0,1754,93,1157,4572,,636,0,
467,INFEASIBLE,certified_no_adversarial_example,feasibility,false,false,false,false,,,,0.936156832,0.05173230171203613,0.0,0.0,0.86701647,0.559162072,0.40450782100000005,0.3880589008331299,0.462508649,0.30785439800000003,0.066071764,9626,260,260,0,4065,0,1545,665,3091,7079,0,0,3,4804,4640,164,3091,1549,0,1900,167,1448,5081,,761,0,
468,INFEASIBLE,certified_no_adversarial_example,feasibility,false,false,false,false,,,,0.786717101,0.031426191329956055,0.0,0.0,0.739997125,0.463524657,0.30232378400000004,0.28854966163635254,0.437673341,0.276472468,0.043654294,9626,194,194,0,4061,0,1577,666,3128,5302,0,0,3,4804,4686,118,3128,1558,0,1808,121,1264,4759,,574,0,
469,INFEASIBLE,certified_no_adversarial_example,feasibility,false,false,false,false,,,,0.713044582,0.045920610427856445,0.0,0.0,0.652494775,0.363445927,0.22665281700000003,0.21456050872802734,0.4258419579999999,0.28904884799999997,0.057448368,9626,162,162,0,4061,0,1595,673,3135,3346,0,0,3,4804,4717,87,3135,1582,0,1747,91,1142,4545,,852,0,
470,INFEASIBLE,certified_no_adversarial_example,feasibility,false,false,false,false,,,,0.795285252,0.021580934524536133,0.0,0.0,0.757911049,0.454194526,0.304574278,0.2901887893676758,0.45333677099999997,0.30371652299999996,0.034259099,9626,196,196,0,4070,0,1575,691,3094,5210,0,0,3,4804,4685,119,3094,1591,0,1809,121,1266,4763,,436,0,
471,INFEASIBLE,certified_no_adversarial_example,feasibility,false,false,false,false,,,,0.956722491,0.03560352325439453,0.0,0.0,0.903915766,0.611573851,0.42790192400000004,0.41195249557495117,0.47601384199999996,0.29234191500000006,0.049715547,9626,232,232,0,4067,0,1559,665,3103,7896,0,0,3,4804,4653,151,3103,1550,0,1875,155,1398,4993,,560,0,
472,INFEASIBLE,certified_no_adversarial_example,feasibility,false,false,false,false,,,,0.975683198,0.19617009162902832,0.0,0.0,0.763223765,0.484762803,0.324044281,0.30979442596435547,0.439179484,0.278460962,0.209329823,9626,203,203,0,4012,0,1573,652,3186,5784,0,0,3,4804,4684,120,3186,1498,0,1812,123,1272,4773,,747,0,
473,INFEASIBLE,certified_no_adversarial_example,feasibility,false,false,false,false,,,,1.24739562,0.06819748878479004,0.0,0.0,0.828317482,0.544495277,0.38673577199999987,0.32172608375549316,0.4415817100000001,0.283822205,0.41598269,9626,218,218,0,4049,0,1565,668,3126,5756,0,0,3,4804,4680,124,3126,1554,0,1821,128,1290,4804,,1013,0,
474,INFEASIBLE,certified_no_adversarial_example,feasibility,false,false,false,false,,,,0.750885176,0.03097057342529297,0.0,0.0,0.703636924,0.45124006399999994,0.314062563,0.30045294761657715,0.389574361,0.25239686000000006,0.044140151,9626,218,218,0,3970,0,1567,613,3258,4893,0,0,3,4804,4688,116,3258,1430,0,1804,119,1256,4745,,497,0,
475,INFEASIBLE,certified_no_adversarial_example,feasibility,false,false,false,false,,,,0.895599104,0.03765606880187988,0.0,0.0,0.840126101,0.533130989,0.35814433199999995,0.34200239181518555,0.481981769,0.30699511199999996,0.052387443,9626,242,242,0,4103,0,1551,681,3049,7006,0,0,3,4804,4657,147,3049,1608,0,1869,153,1386,4971,,552,0,
476,INFEASIBLE,certified_no_adversarial_example,feasibility,false,false,false,false,,,,0.859456078,0.03444933891296387,0.0,0.0,0.809465378,0.509915594,0.296717369,0.28189539909362793,0.512748009,0.299549784,0.04686688,9626,206,206,0,4094,0,1573,698,3055,4938,0,0,3,4804,4676,128,3055,1621,0,1824,128,1297,4817,,632,0,
477,INFEASIBLE,certified_no_adversarial_example,feasibility,false,false,false,false,,,,0.779358988,0.03495001792907715,0.0,0.0,0.730112788,0.445382691,0.29457321299999994,0.28127026557922363,0.43553957500000007,0.284730097,0.046096441,9626,186,186,0,3999,0,1578,644,3219,5281,0,0,3,4804,4706,98,3219,1487,0,1767,100,1182,4616,,645,0,
478,INFEASIBLE,certified_no_adversarial_example,feasibility,false,false,false,false,,,,0.684992475,0.021562576293945312,0.0,0.0,0.638739582,0.36298724399999993,0.23038408600000004,0.2170724868774414,0.408355496,0.2757523380000001,0.043183886,9626,190,190,0,4043,0,1580,693,3120,3204,0,0,3,4804,4700,104,3120,1580,0,1776,104,1201,4649,,520,0,
479,INFEASIBLE,certified_no_adversarial_example,feasibility,false,false,false,false,,,,1.684265301,0.9269945621490479,,0.0,0.741618157,0.453346997,0.3098104769999999,0.2951657772064209,0.4318076800000001,0.28827116,0.939550324,9626,216,216,0,4037,0,1562,655,3156,5737,0,0,3,4804,4675,129,3156,1519,0,1830,132,1308,4836,,1647,0,
480,OPTIMAL,adversarial_example_found_or_best_known,feasibility,true,true,true,true,-5.773159728050814e-15,-8.59300800478946;-19.642291875943513;-9.501637260003584;-4.052725531622235;-5.724163842397239;-4.194485878921236;-10.969661516554511;-10.24200265941484;-0.18723478255341375;-0.18723478255340797,0.1;0.0;0.0;0.1;0.1;0.0;0.0;0.1;0.1;0.0;0.0;0.0;0.0;0.1;0.1;0.1;0.1;0.0;0.0;0.1;0.1;0.0;0.0;0.1;0.1;0.0;0.0;0.1;0.1;0.0;0.0;0.1;0.0;0.0;0.0;0.1;0.0;0.0;0.0;0.0;0.1;0.1;0.0;0.1;0.1;0.1;0.0;0.1;0.1;0.1;0.0;0.1;0.0;0.0;0.0;0.0;0.0;0.0;0.0;0.1;0.1;0.0;0.0;0.1;0.1;0.0;0.0;0.0;0.0;0.1;0.1;0.0;0.0;0.0;0.0;0.1;0.1;0.0;0.0;0.1;0.1;0.0;0.0;0.0;0.0;0.0;0.0;0.1;0.0;0.1;0.0;0.1;0.0;0.1;0.0;0.1;0.0;0.0;0.0;0.0;0.0;0.0;0.0;0.1;0.0;0.0;0.1;0.1;0.0;0.1;0.0;0.0;0.0;0.0;0.0;0.1;0.1;0.0;0.0;0.1;0.0;0.0;0.0;0.1;0.0;0.0;0.0;0.0;0.0;0.0;0.0;0.1;0.1;0.0;0.0;0.1;0.1;0.0;0.0;0.0;0.0;0.0;0.0;0.1;0.1;0.1;0.1;0.0;0.0;0.0;0.0;0.1;0.0;0.0;0.0;0.0;0.0;0.0;0.1;0.1;0.1;0.0;0.1;0.1;0.1;0.1;0.1;0.1;0.0;0.0;0.0;0.1;0.1;0.1;0.0;0.0;0.0;0.0;0.1;0.1;0.1;0.0;0.0;0.0;0.0;0.0;0.0;0.1;0.1;0.0;0.0;0.1;0.1;0.1;0.1;0.0;0.0;0.0;0.0;0.1;0.1;0.1;0.1;0.1784313725490196;0.27254901960784317;0.5901960784313726;0.692156862745098;0.49215686274509807;0.3509803921568627;0.10213789107450066;0.0;0.0;0.0;0.0;0.0;0.1;0.0;0.0;0.0;0.1;0.1;0.0;0.0;0.0;0.1;0.0;0.0;0.1;0.1;0.1;0.3235294117647059;0.7549019607843137;0.8921568627450981;1.0;0.8921568627450981;0.8921568627450981;0.8921568627450981;0.8372549019607843;0.1026390019486515;0.0;0.0;0.0;0.0;0.1;0.1;0.0;0.0;0.1;0.1;0.1;0.0;0.0;0.0;0.0;0.0;0.0;0.1;0.17717091087263026;0.868406121732321;0.8921568627450981;0.5980392156862745;0.6254901960784314;0.4254901960784314;0.6254901960784314;0.8379299266148954;1.0;0.7392156862745098;0.10236206626647301;0.0;0.0;0.0;0.1;0.0;0.1021176809242554;0.10392156862745099;0.1;0.1;0.1;0.0;0.1;0.0;0.0;0.0;0.1;0.1;0.7549019607843137;1.0;0.707843137254902;0.09823477216574454;0.0;0.1;0.1;0.0;0.6025879721425317;0.8921568627450981;0.19411764705882353;0.0;0.0;0.0;0.1;0.32862618066753996;1.0;0.6686274509803921;0.1588235294117647;0.1;0.1;0.1;0.0;0.0;0.1;0.0;0.1;0.1;1.0;0.7901960784313725;0.103837804225278;0.1;0.0;0.1;0.0;0.1;0.16666666666666669;1.0;0.7313725490196078;0.1;0.0;0.0;0.13366737083783212;0.7980392156862745;0.7549019607843137;1.0;0.5196078431372549;0.0;0.1;0.0;0.0;0.1;0.0;0.0;0.1;0.1;1.0;0.5941176470588235;0.0;0.0;0.1;0.1;0.1;0.1;0.10784313725490197;0.7666666666666666;0.5313725490196078;0.0;0.1;0.1;0.11176470588235295;0.1627450980392157;0.1;0.6686274509803922;0.9549019607843137;0.10300962279965666;0.1;0.1;0.0;0.1;0.0;0.0;0.1;0.1;0.9;0.5941176470588235;0.0;0.0;0.1;0.1;0.1;0.1;0.12745098039215685;0.8659687136766835;0.4647058823529412;0.0;0.0;0.0;0.0;0.0;0.1;0.36274509803921573;1.0;0.4294117647058824;0.1;0.0;0.0;0.0;0.0;0.0;0.1;0.1;0.9431372549019608;0.703921568627451;0.14705882352941177;0.0;0.1;0.1;0.1;0.1;0.15098039215686276;0.8176470588235294;0.11176470588235293;0.0;0.1;0.1;0.0;0.0;0.1;0.22941176470588237;1.0;1.0;0.1;0.1;0.0;0.0;0.0;0.0;0.0;0.1;0.2568627450980392;0.8921568627450981;0.48039215686274506;0.18627450980392157;0.10198295376571412;0.11176470588235295;0.1;0.1;0.6019607843137255;0.8568627450980392;0.0;0.1;0.1;0.0;0.0;0.0;0.0;0.22941176470588237;1.0;0.8921568627450981;0.1;0.0;0.0;0.0;0.0;0.0;0.1;0.1;0.15098039215686276;0.8137254901960784;1.0;1.0;1.0;0.7901960784313725;0.7588235294117647;0.5784313725490197;1.0;0.26078431372549016;0.1;0.1;0.1;0.0;0.0;0.0;0.1;0.22941176470588237;0.8921568627450981;0.8921568627450981;0.1;0.1;0.0;0.1;0.0;0.0;0.0;0.1;0.1;0.1588235294117647;0.6490196078431373;1.0;0.8921568627450981;1.0;0.8921568627450981;1.0;1.0;0.7745098039215687;0.37450980392156863;0.23328727481488526;0.1;0.0;0.1;0.0;0.10195859142753975;0.7431372549019608;1.0;0.5470588235294118;0.1;0.0;0.0;0.1;0.0;0.0;0.1;0.1;0.1;0.1;0.11960784313725491;0.21372549019607845;0.3666666666666667;0.3666666666666667;0.5666666666666667;0.6882352941176471;0.9941176470588236;0.8921568627450981;1.0;1.0;0.7745098039215687;0.4294117647058824;0.6294117647058823;0.548225096418579;0.8725490196078431;1.0;1.0;0.09487943713997743;0.1;0.1;0.0;0.1;0.0;0.0;0.0;0.1;0.1;0.1;0.0;0.1;0.1;0.1;0.1;0.0;0.10387015294760434;0.3504977890424637;0.6372549019607844;0.6372549019607844;0.7000000000000001;1.0;1.0;1.0;0.8803921568627451;1.0;0.4529411764705883;0.0;0.0;0.0;0.0;0.1;0.0;0.0;0.0;0.0;0.1;0.1;0.1;0.1;0.1;0.1;0.1;0.1;0.1;0.1;0.1;0.0963642068484924;0.0;0.43333333333333335;0.6450980392156862;0.2686274509803922;0.0;0.09892665644518296;0.1;0.1;0.1;0.0;0.0;0.0;0.0;0.0;0.0;0.1;0.0;0.0;0.0;0.0;0.0;0.1;0.0;0.0;0.1;0.0;0.1;0.0;0.0;0.0;0.0;0.1;0.1;0.1;0.1;0.1;0.1;0.0;0.0;0.1;0.0;0.0;0.0;0.1;0.0;0.1;0.0;0.0;0.0;0.0;0.0;0.0;0.1;0.1;0.1;0.1;0.0;0.0;0.0;0.1;0.1;0.1;0.1;0.1;0.1;0.0;0.0;0.0;0.0;0.0;0.0;0.0;0.0;0.0;0.0;0.0;0.0;0.0;0.0;0.0;0.1;0.0;0.0;0.0;0.0;0.0;0.0;0.1;0.0;0.0;0.1;0.0;0.1;0.0;0.1;0.1;0.1;0.0;0.0;0.0;0.0;0.0;0.1;0.0;0.0;0.1;0.0;0.0;0.1;0.1;0.0;0.0;0.0;0.0;0.1;0.1;0.0;0.0;0.1;0.1;0.0;0.0;0.0;0.0;0.1;0.0;0.1;0.0;0.0;0.0;0.1;0.0;0.0;0.0;0.0;0.0;0.1;0.0;0.1;0.0;0.1;0.1;0.1;0.1;0.0;0.1;0.1;0.1;0.1;0.0;0.1;0.1;0.1;0.1;0.1;0.1;0.0;0.0;0.1;0.1;0.0;0.0;0.0;0.0;0.1;0.1;0.0;0.0;0.0;0.0;0.1;0.1;0.0;0.0;0.1;0.1;0.0;0.0;0.1;0.0;0.0;0.0;0.1;0.1;0.0;0.0;0.1;0.0;0.0;0.0;0.1;0.0;0.0;0.0;0.1;0.0;0.1;0.1;0.1;0.1;0.1;0.1;0.0;0.1;0.0;0.0;0.0,7.839748985,7.015765190124512,0.0,0.0,0.803147401,0.504024545,0.35512601900000007,0.3399960994720459,0.44802138199999997,0.299122856,7.030071557,9626,220,220,0,4053,0,1566,683,3104,7269,0,0,3,4804,4653,151,3104,1549,0,1874,154,1396,4990,1,50623,,0.0
481,INFEASIBLE,certified_no_adversarial_example,feasibility,false,false,false,false,,,,0.63654118,0.02481222152709961,0.0,0.0,0.597403316,0.33661908500000004,0.19936787699999997,0.18801045417785645,0.398035439,0.2607842309999999,0.036045161,9626,148,148,0,3979,0,1603,636,3260,3223,0,0,3,4804,4722,82,3260,1462,0,1737,86,1122,4510,,450,0,
482,INFEASIBLE,certified_no_adversarial_example,feasibility,false,false,false,false,,,,0.749110047,0.035628557205200195,0.0,0.0,0.697637894,0.425172885,0.270607279,0.2573692798614502,0.427030615,0.272465009,0.048369843,9626,187,187,0,4039,0,1582,662,3156,4702,0,0,3,4804,4689,115,3156,1533,0,1798,115,1245,4726,,625,0,
483,INFEASIBLE,certified_no_adversarial_example,feasibility,false,false,false,false,,,,0.750885,0.026545047760009766,0.0,0.0,0.709725484,0.440043294,0.28380289599999997,0.2702181339263916,0.42592258800000005,0.26968219000000004,0.038078536,9626,190,190,0,4021,0,1580,661,3174,4829,0,0,3,4804,4698,106,3174,1524,0,1783,108,1214,4672,,523,0,
484,INFEASIBLE,certified_no_adversarial_example,feasibility,false,false,false,false,,,,0.739036687,0.0289151668548584,0.0,0.0,0.694665227,0.413806239,0.267639201,0.25400662422180176,0.427026026,0.280858988,0.04131161,9626,198,198,0,4003,0,1576,656,3193,4451,0,0,3,4804,4686,118,3193,1493,0,1810,123,1268,4765,,503,0,
485,INFEASIBLE,certified_no_adversarial_example,feasibility,false,false,false,false,,,,0.742128397,0.027881383895874023,0.0,0.0,0.699172549,0.41935105399999995,0.26805270600000003,0.25542736053466797,0.431119843,0.2798214950000001,0.039828212,9626,161,161,0,4027,0,1594,672,3172,5346,0,0,3,4804,4698,106,3172,1526,0,1780,106,1209,4663,,580,0,
486,INFEASIBLE,certified_no_adversarial_example,feasibility,false,false,false,false,,,,0.803784837,0.0368499755859375,0.0,0.0,0.750925395,0.456460918,0.302547319,0.2877953052520752,0.448378076,0.294464477,0.049781337,9626,204,204,0,4055,0,1570,677,3120,5933,0,0,3,4804,4674,130,3120,1554,0,1832,133,1312,4843,,690,0,
487,INFEASIBLE,certified_no_adversarial_example,feasibility,false,false,false,false,,,,0.832438895,0.033622026443481445,0.0,0.0,0.782207518,0.443930158,0.291458818,0.2773749828338623,0.4907487,0.33827735999999997,0.047136642,9626,201,201,0,4062,0,1574,688,3101,5544,0,0,3,4804,4672,132,3101,1571,0,1838,137,1324,4863,,539,0,
488,INFEASIBLE,certified_no_adversarial_example,feasibility,false,false,false,false,,,,1.210649076,0.04947519302368164,0.0,0.0,1.14590859,0.529972002,0.37271550800000003,0.35729026794433594,0.7731930819999999,0.6159365879999998,0.061684853,9626,209,209,0,4053,0,1567,648,3149,6846,0,0,3,4804,4678,126,3149,1529,0,1820,126,1289,4803,,822,0,
489,INFEASIBLE,certified_no_adversarial_example,feasibility,false,false,false,false,,,,0.766053716,0.0316309928894043,0.0,0.0,0.718327815,0.43913803800000006,0.2935797399999999,0.27957892417907715,0.42474807500000006,0.2791897769999999,0.044651824,9626,198,198,0,4030,0,1576,664,3158,6189,0,0,3,4804,4683,121,3158,1525,0,1810,121,1269,4768,,599,0,
490,INFEASIBLE,certified_no_adversarial_example,feasibility,false,false,false,false,,,,0.63631347,0.021549224853515625,0.0,0.0,0.601120118,0.34000329100000004,0.191250664,0.180070161819458,0.40986945399999997,0.26111682699999994,0.032111831,9626,153,153,0,3972,0,1599,639,3263,3048,0,0,3,4804,4732,72,3263,1469,0,1717,76,1082,4440,,421,0,
491,INFEASIBLE,certified_no_adversarial_example,feasibility,false,false,false,false,,,,0.816169338,0.027025222778320312,0.0,0.0,0.77395877,0.442894026,0.28607488100000006,0.27164721488952637,0.48788388899999996,0.331064744,0.03914157,9626,205,205,0,4044,0,1568,684,3125,5446,0,0,3,4804,4685,119,3125,1560,0,1809,121,1266,4763,,624,0,
492,INFEASIBLE,certified_no_adversarial_example,feasibility,false,false,false,false,,,,0.926924301,0.035994768142700195,0.0,0.0,0.87431167,0.581661595,0.3921046390000001,0.3771679401397705,0.4822070309999999,0.29265007499999995,0.049553362,9626,219,219,0,4042,0,1564,678,3123,7244,0,0,3,4804,4664,140,3123,1541,0,1851,142,1350,4910,,613,0,
493,OPTIMAL,adversarial_example_found_or_best_known,feasibility,true,true,true,true,-7.993605777301127e-15,-7.765711656076588;-14.852334701037336;4.164023912954023;0.3305767974981453;-20.45311379128098;-7.421072374207565;-10.12886876205821;-11.603740960945112;4.164023912954015;-10.587775716446904,0.0;0.1;0.1;0.0;0.0;0.0;0.0;0.1;0.1;0.0;0.0;0.1;0.1;0.0;0.0;0.1;0.0;0.0;0.0;0.0;0.0;0.1;0.1;0.0;0.0;0.1;0.1;0.0;0.1;0.1;0.1;0.0;0.0;0.0;0.0;0.1;0.1;0.0;0.0;0.0;0.1;0.1;0.1;0.1;0.0;0.0;0.0;0.0;0.0;0.0;0.0;0.0;0.0;0.0;0.0;0.0;0.0;0.0;0.1;0.0;0.0;0.1;0.0;0.1;0.1;0.1;0.0;0.1;0.1;0.1;0.1;0.1;0.0;0.0;0.0;0.0;0.0;0.0;0.0;0.0;0.0;0.0;0.0;0.0;0.0;0.0;0.0;0.0;0.0;0.1;0.0;0.1;0.0;0.0;0.1;0.1;0.1;0.0;0.1;0.0;0.1;0.1;0.0;0.0;0.0;0.0;0.0;0.0;0.0;0.0;0.0;0.1;0.0;0.0;0.0;0.1;0.0;0.1;0.0;0.0;0.0;0.0;0.1;0.1;0.1;0.0;0.1;0.1;0.0;0.1;0.0;0.0;0.0;0.4019607843137255;0.6490196078431373;0.0;0.0;0.0;0.0;0.0;0.0;0.0;0.0;0.1;0.1;0.0;0.0;0.0;0.0;0.1;0.1;0.1;0.1;0.1;0.1;0.0;0.1;0.1;0.1;0.22572357143568456;1.0;1.0;0.9;0.0;0.0;0.0;0.0;0.0;0.0;0.0;0.1;0.0;0.1;0.1;0.0;0.0;0.0;0.0;0.0;0.1;0.1;0.1;0.0;0.0;0.0;0.1;0.15098039215686274;1.0;1.0;1.0;0.9;0.4019607843137255;0.0;0.0;0.0;0.0;0.0;0.0;0.0;0.0;0.0;0.1;0.1;0.0;0.0;0.0;0.1;0.0;0.1;0.0;0.1;0.1;0.1;0.0;0.4019607843137255;1.0;0.9;1.0;1.0;0.48638629927239607;0.0;0.1;0.0;0.0;0.0;0.0;0.0;0.1;0.1;0.1;0.1;0.1;0.0;0.1;0.1;0.1;0.1;0.1;0.1;0.1;0.0;0.15098039215686274;1.0;0.9;0.9;1.0;0.9;0.1;0.0;0.0;0.0;0.0;0.0;0.0;0.0;0.1;0.0;0.0;0.1;0.0;0.0;0.0;0.0;0.0;0.1;0.0;0.0;0.1;0.1;0.6490196078431373;1.0;0.15098039215686274;1.0;0.9;1.0;0.0;0.1;0.1;0.1;0.0;0.0;0.1;0.0;0.1;0.1;0.1;0.0;0.0;0.0;0.1;0.0;0.0;0.1;0.0;0.0;0.0;0.6019607843137255;1.0;0.9;0.0;1.0;0.9;0.8490196078431372;0.0;0.0;0.1;0.1;0.0;0.0;0.0;0.0;0.1;0.1;0.0;0.1;0.26122766661412117;0.3509803921568627;0.1;0.0;0.0;0.1;0.1;0.0;0.31347565423643936;0.9193067951803933;0.9;0.1;0.1;0.9;0.9;0.5569086330442558;0.0;0.1;0.1;0.0;0.0;0.0;0.0;0.0;0.1;0.0;0.15098039215686274;0.6490196078431373;0.9;0.6019607843137255;0.1;0.1;0.1;0.0;0.0;0.0;0.6490196078431373;1.0;0.6019607843137255;0.0;0.0;0.9;1.0;0.3509803921568627;0.0;0.0;0.1;0.1;0.0;0.0;0.0;0.0;0.0;0.0;0.7421264894489439;0.9;1.0;0.0;0.0;0.1;0.0;0.1;0.0;0.3509803921568627;0.9;0.8490196078431372;0.0;0.0;0.1627663732528098;0.9;1.0;0.0;0.0;0.0;0.0;0.0;0.0;0.1;0.1;0.0;0.1;0.0;0.9;0.9;0.4019607843137255;0.0;0.0;0.0;0.1;0.0;0.15098039215686274;0.9;0.6490196078431373;0.0;0.0;0.0;0.9;0.9;0.6019607843137255;0.0;0.1;0.1;0.0;0.0;0.0;0.0;0.1;0.0;0.0;0.596367678416041;1.0;1.0;0.3303247882374764;0.0;0.0;0.0;0.0;0.0;0.7977834115303746;1.0;0.15098039215686274;0.0;0.0;0.16081567967132285;0.9;0.9;0.18353314089004022;0.1;0.1;0.029277207292911576;0.1;0.0;0.0;0.1;0.1;0.0;0.1;0.6019607843137255;1.0;1.0;0.0;0.0;0.0;0.0;0.0;0.6019607843137255;0.9;0.6490196078431373;0.0;0.0;0.0;0.4019607843137255;0.9;1.0;0.0;0.1;0.1;0.1;0.1;0.0;0.0;0.0;0.0;0.0;0.1;0.8490196078431372;0.9;1.0;0.5025638649697838;0.0;0.1;0.0;0.1;0.9;1.0;0.15098039215686274;0.1;0.0;0.1;0.4881622947427003;0.9;0.0;0.0;0.1;0.0;0.0;0.1;0.1;0.1;0.0;0.0;0.0;0.1;1.0;1.0;0.9;0.1;0.0;0.0;0.09795085034053536;0.8490196078431372;0.9;0.15098039215686274;0.0;0.0;0.0;0.1;1.0;0.6490196078431373;0.0;0.0;0.0;0.0;0.0;0.1;0.1;0.1;0.1;0.0;0.0;0.1;0.9;0.9;0.4019607843137255;0.1;0.0;0.0;0.15098039215686274;1.0;0.6019607843137255;0.0;0.1;0.0;0.1;0.1;0.6819008389522456;0.1;0.1;0.0;0.0;0.0;0.1;0.0;0.1;0.0;0.1;0.0;0.0;0.0;0.9;1.0;0.6490196078431373;0.1;0.0;0.15098039215686274;1.0;1.0;0.0;0.0;0.1;0.0;0.0;0.1;0.15098039215686274;0.0;0.0;0.1;0.01656099699251609;0.0;0.0;0.0;0.0;0.1;0.1;0.0;0.0;0.1;0.4502711123987315;0.9;1.0;0.4019607843137255;0.4019607843137255;1.0;1.0;0.5286878437576443;0.1;0.0;0.1;0.0;0.1;0.0;0.1;0.0;0.1;0.1;0.0;0.1;0.1;0.1;0.1;0.0;0.1;0.0;0.0;0.0;0.3509803921568627;1.0;0.9;1.0;0.9;0.9;0.7828262870991686;0.1;0.1;0.0;0.1;0.0;0.0;0.1;0.1;0.0;0.1;0.1;0.1;0.1;0.1;0.0;0.0;0.1;0.1;0.1;0.0;0.1;0.1;0.1737354018575427;0.9;0.9;0.6612126804230327;0.1;0.1;0.1;0.1;0.1;0.06873030289241124;0.0;0.1;0.0;0.1;0.0;0.1;0.1;0.1;0.1;0.07967927653610218;0.1;0.0;0.0;0.0;0.1;0.0;0.0;0.1;0.0;0.0974464922907822;0.1;0.0;0.1;0.0;0.1;0.1;0.1;0.1;0.0;0.0;0.0;0.0;0.0;0.0;0.0;0.1;0.1;0.1;0.1;0.1;0.0;0.0;0.0;0.0;0.1;0.0;0.0;0.0;0.0;0.0;0.1;0.1;0.1;0.002634406413153965;0.1;0.0;0.1;0.0;0.1;0.1;0.0;0.0;0.0;0.08083166999686808;0.0;0.0;0.0;0.0;0.0;0.0;0.0;0.0;0.0;0.0;0.0;0.0;0.0;0.0;0.1;0.1;0.1;0.1;0.1;0.1;0.0;0.0;0.1;0.1;0.0;0.0;0.0;0.0;0.0;0.0;0.0;0.1;0.0;0.1;0.1;0.0;0.1;0.0;0.0;0.0;0.0;0.0;0.0;0.0;0.0;0.0;0.1;0.1;0.1;0.0;0.1;0.1;0.1;0.0;0.1;0.0;0.1;0.0;0.0;0.0;0.0,1.032946582,0.3839128017425537,0.0,0.0,0.631911434,0.355112641,0.211247854,0.19898605346679688,0.42066358000000004,0.27679879300000004,0.394604646,9626,169,169,0,4052,0,1592,694,3119,3021,0,0,3,4804,4706,98,3119,1587,0,1764,98,1177,4607,1,1586,,0.0
494,INFEASIBLE,certified_no_adversarial_example,feasibility,false,false,false,false,,,,1.066067106,0.03374743461608887,0.0,0.0,1.014898338,0.695743685,0.511059419,0.4942631721496582,0.5038389190000001,0.3191546530000001,0.048115529,9626,242,242,0,4117,0,1554,704,3009,8614,0,0,3,4804,4638,166,3009,1629,0,1903,168,1454,5092,,557,0,
495,INFEASIBLE,certified_no_adversarial_example,feasibility,false,false,false,false,,,,0.895837363,0.05371236801147461,0.0,0.0,0.818696063,0.537148575,0.371119186,0.35638427734375,0.447576877,0.28154748799999996,0.07406011,9626,220,220,0,4045,0,1567,649,3145,5696,0,0,3,4804,4672,132,3145,1527,0,1836,135,1320,4857,,851,0,
496,OPTIMAL,adversarial_example_found_or_best_known,feasibility,true,true,true,true,-1.199040866595169e-14,-2.7090361291581218;-14.34254659262991;-0.147016466253457;-3.8044225174372137;-7.955367660626306;-7.639771918726255;-1.8039711646227587;-16.342580062000042;-0.147016466253445;-8.965847225979463,0.1;0.0;0.0;0.1;0.1;0.1;0.1;0.0;0.0;0.1;0.1;0.1;0.0;0.1;0.0;0.0;0.0;0.0;0.0;0.1;0.1;0.1;0.1;0.1;0.1;0.0;0.0;0.1;0.0;0.0;0.0;0.0;0.1;0.1;0.1;0.1;0.0;0.1;0.1;0.1;0.0;0.0;0.0;0.1;0.1;0.1;0.1;0.1;0.1;0.1;0.1;0.0;0.1;0.1;0.1;0.1;0.1;0.0;0.0;0.1;0.1;0.0;0.1;0.0;0.0;0.1;0.1;0.1;0.0;0.0;0.0;0.0;0.0;0.0;0.0;0.1;0.1;0.1;0.1;0.0;0.1;0.1;0.1;0.1;0.1;0.0;0.0;0.0;0.0;0.0;0.1;0.0;0.0;0.0;0.0;0.1;0.1;0.0;0.0;0.0;0.1;0.1;0.1;0.0;0.0;0.0;0.0;0.0;0.0;0.1;0.0;0.1;0.1;0.0;0.0;0.1;0.0;0.0;0.1;0.0;0.1;0.0;0.0;0.1;0.1;0.0;0.0;0.0;0.0;0.1;0.1;0.1;0.1;0.1;0.1;0.0;0.0;0.1;0.1;0.1;0.0;0.0;0.0;0.0;0.0;0.1;0.1;0.1;0.0;0.1;0.0;0.0;0.0;0.0;0.0;0.0;0.0;0.0;0.0;0.0;0.0;0.0;0.1;0.0;0.0;0.0;0.0;0.1;0.1;0.0;0.0;0.0;0.1;0.1;0.1;0.1;0.1;0.1;0.1;0.1;0.1;0.0;0.0;0.0;0.0;0.08823529411764705;0.4372549019607843;0.2333333333333333;0.2333333333333333;0.009803921568627444;0.0;0.0;0.0;0.0;0.0;0.1;0.1;0.0;0.1;0.0;0.1;0.0;0.0;0.1;0.0;0.1;0.0;0.1;0.0;0.0;0.0;0.18000944194322074;0.6882352941176471;0.793935245965443;1.0;0.8882352941176471;0.8882352941176471;0.7957468331393843;0.5244332838650915;0.1;0.1;0.1;0.1;0.1;0.1;0.0;0.0;0.0;0.0;0.1;0.1;0.1;0.1;0.1;0.1;0.0;0.0;0.1;0.49215686274509807;0.8176470588235294;1.0;0.8882352941176471;1.0;0.8882352941176471;1.0;0.8882352941176471;1.0;0.0;0.1;0.0;0.0;0.1;0.1;0.0;0.1;0.0;0.1;0.1;0.1;0.1;0.1;0.1;0.0;0.1;0.0;0.4956834796294082;0.866909617880427;0.8882352941176471;0.8882352941176471;0.8882352941176471;0.8921568627450981;0.8882352941176471;1.0;1.0;1.0;0.0;0.0;0.0;0.1;0.1;0.1;0.0;0.0;0.0;0.0;0.1;0.1;0.0;0.13588430699805037;0.7235294117647059;0.8921568627450981;1.0;0.8921568627450981;1.0;1.0;0.8921568627450981;1.0;1.0;0.9;0.8450980392156863;1.0;1.0;0.8921568627450981;0.0;0.0;0.0;0.0;0.1;0.0;0.0;0.1;0.0;0.1;0.1;0.10275033794830668;0.4725490196078431;1.0;0.8882352941176471;1.0;0.8882352941176471;1.0;1.0;0.8882352941176471;0.8882352941176471;0.6647058823529411;0.3480580148905301;0.0;0.6222831298688819;1.0;0.8882352941176471;0.8882352941176471;0.1;0.0;0.1;0.0;0.1;0.0;0.0;0.0;0.0;0.1;0.27647058823529413;0.511764705882353;0.8882352941176471;0.8921568627450981;1.0;0.8882352941176471;1.0;0.8882352941176471;1.0;0.8882352941176471;1.0;0.1549019607843137;0.1;0.0;0.7823529411764706;1.0;1.0;0.8882352941176471;0.0;0.0;0.0;0.0;0.1;0.0;0.0;0.0;0.0;0.10226547281723009;0.696078431372549;0.8882352941176471;0.8882352941176471;1.0;1.0;0.6764705882352942;0.4494929982718366;0.8632702007175248;1.0;0.8882352941176471;0.30604091158823443;0.0;0.0;0.10245955892828155;0.8939299039173634;1.0;1.0;0.515686274509804;0.0;0.0;0.0;0.1;0.1;0.0;0.1;0.0;0.1;0.5392156862745098;1.0;0.8882352941176471;0.8882352941176471;1.0;0.9;0.09253513698026948;0.0;0.896078431372549;1.0;1.0;0.42156862745098045;0.0;0.1;0.5431372549019607;0.8882352941176471;1.0;0.8882352941176471;0.3392156862745098;0.0;0.0;0.0;0.0;0.1;0.1;0.1;0.1;0.30000000000000004;0.8694257897744275;0.8921568627450981;0.8921568627450981;0.8921568627450981;1.0;0.1814097797905107;0.1;0.0;0.6490196078431373;0.9;0.8921568627450981;0.8921568627450981;0.6725490196078431;0.0;0.9;0.8921568627450981;0.8921568627450981;0.9823529411764705;0.1;0.0;0.1;0.0;0.1;0.0;0.0;0.1;0.09748676991703366;0.8333333333333334;0.8882352941176471;1.0;0.8882352941176471;0.8882352941176471;1.0;0.3901960784313726;0.09914753344413002;0.013725490196078424;0.8882352941176471;1.0;1.0;0.8882352941176471;1.0;0.7823529411764706;1.0;0.8882352941176471;1.0;0.9745098039215686;0.09817234553091404;0.0;0.0;0.0;0.0;0.1;0.1;0.1;0.1;0.9320886493165685;1.0;0.8882352941176471;0.8882352941176471;0.8882352941176471;0.8921568627450981;0.6421588836369028;0.12352941176470589;0.511764705882353;0.8882352941176471;1.0;1.0;0.8882352941176471;0.8882352941176471;0.8882352941176471;0.8921568627450981;1.0;1.0;0.9745098039215686;0.1;0.1;0.014862116465515418;0.1;0.0;0.1;0.1;0.1;0.1;0.24901960784313726;0.9196078431372549;0.6686274509803921;1.0;0.8882352941176471;1.0;0.8882352941176471;1.0;0.8882352941176471;1.0;0.8921568627450981;1.0;0.8882352941176471;1.0;0.8882352941176471;1.0;0.8882352941176471;1.0;0.5745098039215686;0.1;0.1;0.1;0.0;0.0;0.0;0.1;0.0;0.1;0.0;0.1;0.0;0.45686274509803926;0.8882352941176471;1.0;0.8882352941176471;0.8882352941176471;0.8882352941176471;0.8882352941176471;1.0;0.8928376805550414;1.0;0.8882352941176471;0.8882352941176471;0.8921568627450981;0.8882352941176471;0.3645908345762023;0.0;0.0;0.0;0.0;0.1;0.0;0.1;0.1;0.1;0.1;0.0;0.1;0.1;0.0;0.4529411764705883;1.0;0.8921568627450981;0.8921568627450981;0.8921568627450981;1.0;0.20980392156862746;0.0;0.4294117647058824;1.0;0.8921568627450981;1.0;0.20588235294117646;0.0;0.0;0.0;0.0;0.0;0.1;0.1;0.1;0.1;0.1;0.1;0.0;0.1;0.0;0.1;0.4392009855985526;0.5588235294117647;0.8529411764705882;0.8137254901960784;0.6201913993079589;0.4490196078431372;0.1;0.1;0.1041956935841681;0.5784313725490197;0.7549019607843137;0.515686274509804;0.0;0.0;0.1;0.0;0.0;0.0;0.1;0.07836118796176418;0.0;0.1;0.1;0.1;0.030026849947086317;0.1;0.1;0.1;0.0;0.09886679928065228;0.2803921568627451;0.19019607843137257;0.0;0.0;0.0;0.1;0.0;0.0;0.1;0.0;0.1;0.1;0.1;0.0;0.0;0.0;0.1;0.1;0.1;0.1;0.1;0.1;0.0;0.018854966958645962;0.1;0.1;0.1;0.1;0.1;0.0;0.0;0.0;0.0;0.0;0.0;0.0;0.0;0.1;0.0;0.0;0.1;0.1;0.0;0.0;0.1;0.1;0.1;0.1;0.1;0.1;0.0;0.0;0.1;0.1;0.1;0.1;0.0;0.0;0.0;0.0;0.0;0.0;0.0;0.0;0.0;0.1;0.1;0.1;0.1;0.1;0.0;0.0;0.1;0.1;0.0;0.1;0.1;0.1;0.1;0.1;0.1;0.1;0.1;0.1;0.1;0.0;0.0;0.0;0.0;0.0;0.0;0.1;0.0;0.1;0.0;0.0;0.0;0.0;0.0;0.0;0.1;0.1;0.0;0.1;0.1;0.1;0.1;0.1;0.1;0.1;0.1;0.1;0.1;0.1;0.0;0.0;0.0;0.0;0.1;0.1;0.0;0.1;0.0;0.0;0.1;0.1;0.0;0.0;0.1;0.1;0.0;0.0;0.1;0.0;0.1;0.0;0.1;0.1;0.1;0.0;0.0;0.0;0.0;0.1;0.0;0.0;0.0;0.0;0.0;0.0;0.1;0.0;0.0;0.0;0.0;0.0;0.1;0.1;0.1,2.795908878,2.134398937225342,0.0,0.0,0.644251495,0.370464564,0.227122802,0.21395421028137207,0.417128693,0.273786931,2.145239966,9626,175,175,0,4110,0,1584,682,3075,3911,0,0,3,4804,4706,98,3075,1631,0,1768,101,1184,4619,1,18997,,0.0
497,INFEASIBLE,certified_no_adversarial_example,feasibility,false,false,false,false,,,,0.815527286,0.03229928016662598,0.0,0.0,0.767459964,0.482788236,0.32086939400000003,0.30672407150268555,0.44659057,0.28467172800000007,0.044974842,9626,203,203,0,4025,0,1573,649,3176,6101,0,0,3,4804,4686,118,3176,1510,0,1807,120,1262,4756,,581,0,
498,INFEASIBLE,certified_no_adversarial_example,feasibility,false,false,false,false,,,,0.822690434,0.17954802513122559,0.0,0.0,0.628811731,0.349070278,0.2182039400000001,0.20595073699951172,0.4106077909999999,0.279741453,0.190797404,9626,153,153,0,4013,0,1600,650,3210,3700,0,0,3,4804,4714,90,3210,1504,0,1751,92,1150,4560,,1055,0,
499,INFEASIBLE,certified_no_adversarial_example,feasibility,false,false,false,false,,,,0.897291714,0.03797602653503418,0.0,0.0,0.842692381,0.558419161,0.34400926800000003,0.3296201229095459,0.49868311299999996,0.28427322,0.051500771,9626,201,201,0,4054,0,1574,675,3122,6428,0,0,3,4804,4671,133,3122,1549,0,1837,135,1322,4861,,651,0,
500,INFEASIBLE,certified_no_adversarial_example,feasibility,false,false,false,false,,,,0.99238709,0.021323204040527344,0.0,0.0,0.956697576,0.6938157189999999,0.226526638,0.21403908729553223,0.7301709380000001,0.2628818570000001,0.032622048,9626,155,155,0,4010,0,1599,653,3209,4286,0,0,3,4804,4700,104,3209,1491,0,1779,106,1206,4658,,467,0,
