sample_index,relu_layer_index,tightening_algorithm,bound_type,request_count,solver_call_count,solver_wall_time_seconds,solver_reported_time_seconds,simplex_iterations,barrier_iterations,node_count,optimal_count,time_limit_count,interval_arithmetic_count,constant_expression_count,interval_cutoff_count,upper_skipped_count,lower_skipped_count,status_counts,skip_counts
1,0,lp,lower,9,9,0.057481053,0.056781768798828125,1309,0,0,9,0,0,0,0,0,0,OPTIMAL=9,
1,0,lp,upper,9,9,0.067234555,0.06648945808410645,1433,0,0,9,0,0,0,0,0,0,OPTIMAL=9,
1,1,interval_arithmetic,lower,3136,0,0.0,0.0,0,0,0,0,0,887,0,0,0,2249,,interval_arithmetic=887;lower_skipped_by_nonpositive_upper=2249
1,1,interval_arithmetic,upper,3136,0,0.0,0.0,0,0,0,0,0,3136,0,0,0,0,,interval_arithmetic=3136
1,2,lp,lower,1568,84,0.08772478800000001,0.08455443382263184,1241,0,0,84,0,0,0,638,0,846,OPTIMAL=84,interval_proves_cutoff=638;lower_skipped_by_nonpositive_upper=846
1,2,lp,upper,1568,91,0.6719224120000005,0.09847307205200195,1463,0,0,91,0,0,0,839,638,0,OPTIMAL=91,interval_proves_cutoff=839;upper_skipped_by_nonnegative_interval_lower=638
1,3,lp,lower,100,2,0.009884968000000001,0.009668588638305664,275,0,0,2,0,0,0,7,0,91,OPTIMAL=2,interval_proves_cutoff=7;lower_skipped_by_nonpositive_upper=91
1,3,lp,upper,100,2,0.011100683,0.010877609252929688,336,0,0,2,0,0,0,91,7,0,OPTIMAL=2,interval_proves_cutoff=91;upper_skipped_by_nonnegative_interval_lower=7
2,0,lp,lower,9,9,0.037516335000000005,0.0370025634765625,1178,0,0,9,0,0,0,0,0,0,OPTIMAL=9,
2,0,lp,upper,9,9,0.04027649700000001,0.03969240188598633,1199,0,0,9,0,0,0,0,0,0,OPTIMAL=9,
2,1,interval_arithmetic,lower,3136,0,0.0,0.0,0,0,0,0,0,923,0,0,0,2213,,interval_arithmetic=923;lower_skipped_by_nonpositive_upper=2213
2,1,interval_arithmetic,upper,3136,0,0.0,0.0,0,0,0,0,0,3136,0,0,0,0,,interval_arithmetic=3136
2,2,lp,lower,1568,77,0.07954287300000001,0.07658839225769043,812,0,0,77,0,0,0,687,0,804,OPTIMAL=77,interval_proves_cutoff=687;lower_skipped_by_nonpositive_upper=804
2,2,lp,upper,1568,82,0.095405743,0.08607792854309082,963,0,0,82,0,0,0,799,687,0,OPTIMAL=82,interval_proves_cutoff=799;upper_skipped_by_nonnegative_interval_lower=687
2,3,lp,lower,100,0,0.0,0.0,0,0,0,0,0,0,0,9,0,91,,interval_proves_cutoff=9;lower_skipped_by_nonpositive_upper=91
2,3,lp,upper,100,0,0.0,0.0,0,0,0,0,0,0,0,91,9,0,,interval_proves_cutoff=91;upper_skipped_by_nonnegative_interval_lower=9
3,0,lp,lower,9,9,0.039951014,0.03946876525878906,910,0,0,9,0,0,0,0,0,0,OPTIMAL=9,
3,0,lp,upper,9,9,0.044260614000000004,0.04376029968261719,975,0,0,9,0,0,0,0,0,0,OPTIMAL=9,
3,1,interval_arithmetic,lower,3136,0,0.0,0.0,0,0,0,0,0,838,0,0,0,2298,,interval_arithmetic=838;lower_skipped_by_nonpositive_upper=2298
3,1,interval_arithmetic,upper,3136,0,0.0,0.0,0,0,0,0,0,3136,0,0,0,0,,interval_arithmetic=3136
3,2,lp,lower,1568,70,0.06670392200000004,0.06423592567443848,745,0,0,70,0,0,0,616,0,882,OPTIMAL=70,interval_proves_cutoff=616;lower_skipped_by_nonpositive_upper=882
3,2,lp,upper,1568,74,0.07998703900000001,0.07160377502441406,816,0,0,74,0,0,0,878,616,0,OPTIMAL=74,interval_proves_cutoff=878;upper_skipped_by_nonnegative_interval_lower=616
3,3,lp,lower,100,2,0.005793487,0.005681514739990234,161,0,0,2,0,0,0,7,0,91,OPTIMAL=2,interval_proves_cutoff=7;lower_skipped_by_nonpositive_upper=91
3,3,lp,upper,100,2,0.006193752,0.006019115447998047,217,0,0,2,0,0,0,91,7,0,OPTIMAL=2,interval_proves_cutoff=91;upper_skipped_by_nonnegative_interval_lower=7
4,0,lp,lower,9,9,0.036282884,0.035787343978881836,1122,0,0,9,0,0,0,0,0,0,OPTIMAL=9,
4,0,lp,upper,9,9,0.037313231999999995,0.03673100471496582,1161,0,0,9,0,0,0,0,0,0,OPTIMAL=9,
4,1,interval_arithmetic,lower,3136,0,0.0,0.0,0,0,0,0,0,953,0,0,0,2183,,interval_arithmetic=953;lower_skipped_by_nonpositive_upper=2183
4,1,interval_arithmetic,upper,3136,0,0.0,0.0,0,0,0,0,0,3136,0,0,0,0,,interval_arithmetic=3136
4,2,lp,lower,1568,74,0.08341191800000002,0.08053278923034668,1140,0,0,74,0,0,0,677,0,817,OPTIMAL=74,interval_proves_cutoff=677;lower_skipped_by_nonpositive_upper=817
4,2,lp,upper,1568,77,0.09553676800000004,0.08659839630126953,1178,0,0,77,0,0,0,814,677,0,OPTIMAL=77,interval_proves_cutoff=814;upper_skipped_by_nonnegative_interval_lower=677
4,3,lp,lower,100,0,0.0,0.0,0,0,0,0,0,0,0,9,0,91,,interval_proves_cutoff=9;lower_skipped_by_nonpositive_upper=91
4,3,lp,upper,100,0,0.0,0.0,0,0,0,0,0,0,0,91,9,0,,interval_proves_cutoff=91;upper_skipped_by_nonnegative_interval_lower=9
5,0,lp,lower,9,9,0.047603097,0.047051429748535156,1220,0,0,9,0,0,0,0,0,0,OPTIMAL=9,
5,0,lp,upper,9,9,0.049680877,0.04907560348510742,1264,0,0,9,0,0,0,0,0,0,OPTIMAL=9,
5,1,interval_arithmetic,lower,3136,0,0.0,0.0,0,0,0,0,0,897,0,0,0,2239,,interval_arithmetic=897;lower_skipped_by_nonpositive_upper=2239
5,1,interval_arithmetic,upper,3136,0,0.0,0.0,0,0,0,0,0,3136,0,0,0,0,,interval_arithmetic=3136
5,2,lp,lower,1568,108,0.11770013400000001,0.11360955238342285,1378,0,0,108,0,0,0,651,0,809,OPTIMAL=108,interval_proves_cutoff=651;lower_skipped_by_nonpositive_upper=809
5,2,lp,upper,1568,122,0.14022842099999985,0.12980914115905762,1688,0,0,122,0,0,0,795,651,0,OPTIMAL=122,interval_proves_cutoff=795;upper_skipped_by_nonnegative_interval_lower=651
5,3,lp,lower,100,0,0.0,0.0,0,0,0,0,0,0,0,9,0,91,,interval_proves_cutoff=9;lower_skipped_by_nonpositive_upper=91
5,3,lp,upper,100,0,0.0,0.0,0,0,0,0,0,0,0,91,9,0,,interval_proves_cutoff=91;upper_skipped_by_nonnegative_interval_lower=9
6,0,lp,lower,9,9,0.039282636999999995,0.03879213333129883,949,0,0,9,0,0,0,0,0,0,OPTIMAL=9,
6,0,lp,upper,9,9,0.033833853000000004,0.0333552360534668,852,0,0,9,0,0,0,0,0,0,OPTIMAL=9,
6,1,interval_arithmetic,lower,3136,0,0.0,0.0,0,0,0,0,0,857,0,0,0,2279,,interval_arithmetic=857;lower_skipped_by_nonpositive_upper=2279
6,1,interval_arithmetic,upper,3136,0,0.0,0.0,0,0,0,0,0,3136,0,0,0,0,,interval_arithmetic=3136
6,2,lp,lower,1568,59,0.05533791400000001,0.05324578285217285,611,0,0,59,0,0,0,632,0,877,OPTIMAL=59,interval_proves_cutoff=632;lower_skipped_by_nonpositive_upper=877
6,2,lp,upper,1568,62,0.06745965600000002,0.059174299240112305,693,0,0,62,0,0,0,874,632,0,OPTIMAL=62,interval_proves_cutoff=874;upper_skipped_by_nonnegative_interval_lower=632
6,3,lp,lower,100,2,0.006348481,0.006243228912353516,178,0,0,2,0,0,0,7,0,91,OPTIMAL=2,interval_proves_cutoff=7;lower_skipped_by_nonpositive_upper=91
6,3,lp,upper,100,2,0.006250466,0.006068706512451172,207,0,0,2,0,0,0,91,7,0,OPTIMAL=2,interval_proves_cutoff=91;upper_skipped_by_nonnegative_interval_lower=7
7,0,lp,lower,9,9,0.06026464899999999,0.05968213081359863,1429,0,0,9,0,0,0,0,0,0,OPTIMAL=9,
7,0,lp,upper,9,9,0.063336184,0.06267285346984863,1440,0,0,9,0,0,0,0,0,0,OPTIMAL=9,
7,1,interval_arithmetic,lower,3136,0,0.0,0.0,0,0,0,0,0,905,0,0,0,2231,,interval_arithmetic=905;lower_skipped_by_nonpositive_upper=2231
7,1,interval_arithmetic,upper,3136,0,0.0,0.0,0,0,0,0,0,3136,0,0,0,0,,interval_arithmetic=3136
7,2,lp,lower,1568,109,0.114647592,0.1105039119720459,1443,0,0,109,0,0,0,638,0,821,OPTIMAL=109,interval_proves_cutoff=638;lower_skipped_by_nonpositive_upper=821
7,2,lp,upper,1568,116,0.13361559100000003,0.12276911735534668,1656,0,0,116,0,0,0,814,638,0,OPTIMAL=116,interval_proves_cutoff=814;upper_skipped_by_nonnegative_interval_lower=638
7,3,lp,lower,100,1,0.007355637,0.007286787033081055,272,0,0,1,0,0,0,8,0,91,OPTIMAL=1,interval_proves_cutoff=8;lower_skipped_by_nonpositive_upper=91
7,3,lp,upper,100,1,0.00718907,0.007028341293334961,238,0,0,1,0,0,0,91,8,0,OPTIMAL=1,interval_proves_cutoff=91;upper_skipped_by_nonnegative_interval_lower=8
8,0,lp,lower,9,9,0.046282196000000005,0.04575657844543457,1210,0,0,9,0,0,0,0,0,0,OPTIMAL=9,
8,0,lp,upper,9,9,0.047425917,0.0468294620513916,1226,0,0,9,0,0,0,0,0,0,OPTIMAL=9,
8,1,interval_arithmetic,lower,3136,0,0.0,0.0,0,0,0,0,0,893,0,0,0,2243,,interval_arithmetic=893;lower_skipped_by_nonpositive_upper=2243
8,1,interval_arithmetic,upper,3136,0,0.0,0.0,0,0,0,0,0,3136,0,0,0,0,,interval_arithmetic=3136
8,2,lp,lower,1568,80,0.08073200399999998,0.07771658897399902,1078,0,0,80,0,0,0,642,0,846,OPTIMAL=80,interval_proves_cutoff=642;lower_skipped_by_nonpositive_upper=846
8,2,lp,upper,1568,84,0.09576043799999998,0.08648967742919922,1243,0,0,84,0,0,0,842,642,0,OPTIMAL=84,interval_proves_cutoff=842;upper_skipped_by_nonnegative_interval_lower=642
8,3,lp,lower,100,0,0.0,0.0,0,0,0,0,0,0,0,9,0,91,,interval_proves_cutoff=9;lower_skipped_by_nonpositive_upper=91
8,3,lp,upper,100,0,0.0,0.0,0,0,0,0,0,0,0,91,9,0,,interval_proves_cutoff=91;upper_skipped_by_nonnegative_interval_lower=9
9,0,lp,lower,9,9,0.042971591,0.04243588447570801,1349,0,0,9,0,0,0,0,0,0,OPTIMAL=9,
9,0,lp,upper,9,9,0.045456323,0.04484272003173828,1431,0,0,9,0,0,0,0,0,0,OPTIMAL=9,
9,1,interval_arithmetic,lower,3136,0,0.0,0.0,0,0,0,0,0,936,0,0,0,2200,,interval_arithmetic=936;lower_skipped_by_nonpositive_upper=2200
9,1,interval_arithmetic,upper,3136,0,0.0,0.0,0,0,0,0,0,3136,0,0,0,0,,interval_arithmetic=3136
9,2,lp,lower,1568,92,0.09963497799999996,0.09600019454956055,1185,0,0,92,0,0,0,675,0,801,OPTIMAL=92,interval_proves_cutoff=675;lower_skipped_by_nonpositive_upper=801
9,2,lp,upper,1568,94,0.11225666299999996,0.10230422019958496,1328,0,0,94,0,0,0,799,675,0,OPTIMAL=94,interval_proves_cutoff=799;upper_skipped_by_nonnegative_interval_lower=675
9,3,lp,lower,100,0,0.0,0.0,0,0,0,0,0,0,0,9,0,91,,interval_proves_cutoff=9;lower_skipped_by_nonpositive_upper=91
9,3,lp,upper,100,0,0.0,0.0,0,0,0,0,0,0,0,91,9,0,,interval_proves_cutoff=91;upper_skipped_by_nonnegative_interval_lower=9
10,0,lp,lower,9,9,0.076198908,0.0755760669708252,1789,0,0,9,0,0,0,0,0,0,OPTIMAL=9,
10,0,lp,upper,9,9,0.060069426,0.05942535400390625,1633,0,0,9,0,0,0,0,0,0,OPTIMAL=9,
10,1,interval_arithmetic,lower,3136,0,0.0,0.0,0,0,0,0,0,940,0,0,0,2196,,interval_arithmetic=940;lower_skipped_by_nonpositive_upper=2196
10,1,interval_arithmetic,upper,3136,0,0.0,0.0,0,0,0,0,0,3136,0,0,0,0,,interval_arithmetic=3136
10,2,lp,lower,1568,110,0.129352206,0.12485718727111816,2063,0,0,110,0,0,0,646,0,812,OPTIMAL=110,interval_proves_cutoff=646;lower_skipped_by_nonpositive_upper=812
10,2,lp,upper,1568,116,0.1431838359999999,0.132338285446167,2346,0,0,116,0,0,0,806,646,0,OPTIMAL=116,interval_proves_cutoff=806;upper_skipped_by_nonnegative_interval_lower=646
10,3,lp,lower,100,0,0.0,0.0,0,0,0,0,0,0,0,9,0,91,,interval_proves_cutoff=9;lower_skipped_by_nonpositive_upper=91
10,3,lp,upper,100,0,0.0,0.0,0,0,0,0,0,0,0,91,9,0,,interval_proves_cutoff=91;upper_skipped_by_nonnegative_interval_lower=9
11,0,lp,lower,9,9,0.043238442,0.04272294044494629,1177,0,0,9,0,0,0,0,0,0,OPTIMAL=9,
11,0,lp,upper,9,9,0.046509497999999996,0.04597902297973633,1254,0,0,9,0,0,0,0,0,0,OPTIMAL=9,
11,1,interval_arithmetic,lower,3136,0,0.0,0.0,0,0,0,0,0,932,0,0,0,2204,,interval_arithmetic=932;lower_skipped_by_nonpositive_upper=2204
11,1,interval_arithmetic,upper,3136,0,0.0,0.0,0,0,0,0,0,3136,0,0,0,0,,interval_arithmetic=3136
11,2,lp,lower,1568,93,0.09908347000000002,0.09554648399353027,1106,0,0,93,0,0,0,671,0,804,OPTIMAL=93,interval_proves_cutoff=671;lower_skipped_by_nonpositive_upper=804
11,2,lp,upper,1568,107,0.12471803400000002,0.11454367637634277,1319,0,0,107,0,0,0,790,671,0,OPTIMAL=107,interval_proves_cutoff=790;upper_skipped_by_nonnegative_interval_lower=671
11,3,lp,lower,100,1,0.00512409,0.005062103271484375,219,0,0,1,0,0,0,8,0,91,OPTIMAL=1,interval_proves_cutoff=8;lower_skipped_by_nonpositive_upper=91
11,3,lp,upper,100,1,0.005253842,0.005130290985107422,188,0,0,1,0,0,0,91,8,0,OPTIMAL=1,interval_proves_cutoff=91;upper_skipped_by_nonnegative_interval_lower=8
12,0,lp,lower,9,9,0.12981328,0.12908363342285156,2325,0,0,9,0,0,0,0,0,0,OPTIMAL=9,
12,0,lp,upper,9,9,0.1412366,0.1404435634613037,2399,0,0,9,0,0,0,0,0,0,OPTIMAL=9,
12,1,interval_arithmetic,lower,3136,0,0.0,0.0,0,0,0,0,0,942,0,0,0,2194,,interval_arithmetic=942;lower_skipped_by_nonpositive_upper=2194
12,1,interval_arithmetic,upper,3136,0,0.0,0.0,0,0,0,0,0,3136,0,0,0,0,,interval_arithmetic=3136
12,2,lp,lower,1568,154,0.1701653919999999,0.1641402244567871,2330,0,0,154,0,0,0,648,0,766,OPTIMAL=154,interval_proves_cutoff=648;lower_skipped_by_nonpositive_upper=766
12,2,lp,upper,1568,163,0.19334030400000002,0.18022584915161133,2823,0,0,163,0,0,0,757,648,0,OPTIMAL=163,interval_proves_cutoff=757;upper_skipped_by_nonnegative_interval_lower=648
12,3,lp,lower,100,1,0.009523032,0.009447097778320312,358,0,0,1,0,0,0,8,0,91,OPTIMAL=1,interval_proves_cutoff=8;lower_skipped_by_nonpositive_upper=91
12,3,lp,upper,100,1,0.009404546,0.009194374084472656,348,0,0,1,0,0,0,91,8,0,OPTIMAL=1,interval_proves_cutoff=91;upper_skipped_by_nonnegative_interval_lower=8
13,0,lp,lower,9,9,0.061481515,0.06069040298461914,1209,0,0,9,0,0,0,0,0,0,OPTIMAL=9,
13,0,lp,upper,9,9,0.056674140000000005,0.056098222732543945,1308,0,0,9,0,0,0,0,0,0,OPTIMAL=9,
13,1,interval_arithmetic,lower,3136,0,0.0,0.0,0,0,0,0,0,900,0,0,0,2236,,interval_arithmetic=900;lower_skipped_by_nonpositive_upper=2236
13,1,interval_arithmetic,upper,3136,0,0.0,0.0,0,0,0,0,0,3136,0,0,0,0,,interval_arithmetic=3136
13,2,lp,lower,1568,97,0.09424190700000003,0.09065961837768555,1279,0,0,97,0,0,0,647,0,824,OPTIMAL=97,interval_proves_cutoff=647;lower_skipped_by_nonpositive_upper=824
13,2,lp,upper,1568,102,0.10681084600000001,0.09702920913696289,1541,0,0,102,0,0,0,819,647,0,OPTIMAL=102,interval_proves_cutoff=819;upper_skipped_by_nonnegative_interval_lower=647
13,3,lp,lower,100,1,0.008864196,0.008794784545898438,273,0,0,1,0,0,0,8,0,91,OPTIMAL=1,interval_proves_cutoff=8;lower_skipped_by_nonpositive_upper=91
13,3,lp,upper,100,1,0.006461303,0.006329059600830078,208,0,0,1,0,0,0,91,8,0,OPTIMAL=1,interval_proves_cutoff=91;upper_skipped_by_nonnegative_interval_lower=8
14,0,lp,lower,9,9,0.060599595,0.060011863708496094,1644,0,0,9,0,0,0,0,0,0,OPTIMAL=9,
14,0,lp,upper,9,9,0.059441642,0.058863162994384766,1612,0,0,9,0,0,0,0,0,0,OPTIMAL=9,
14,1,interval_arithmetic,lower,3136,0,0.0,0.0,0,0,0,0,0,940,0,0,0,2196,,interval_arithmetic=940;lower_skipped_by_nonpositive_upper=2196
14,1,interval_arithmetic,upper,3136,0,0.0,0.0,0,0,0,0,0,3136,0,0,0,0,,interval_arithmetic=3136
14,2,lp,lower,1568,102,0.108816763,0.10485148429870605,1489,0,0,102,0,0,0,675,0,791,OPTIMAL=102,interval_proves_cutoff=675;lower_skipped_by_nonpositive_upper=791
14,2,lp,upper,1568,106,0.12292840299999998,0.11233997344970703,1605,0,0,106,0,0,0,787,675,0,OPTIMAL=106,interval_proves_cutoff=787;upper_skipped_by_nonnegative_interval_lower=675
14,3,lp,lower,100,0,0.0,0.0,0,0,0,0,0,0,0,8,0,92,,interval_proves_cutoff=8;lower_skipped_by_nonpositive_upper=92
14,3,lp,upper,100,1,0.008633773,0.008498191833496094,272,0,0,1,0,0,0,91,8,0,OPTIMAL=1,interval_proves_cutoff=91;upper_skipped_by_nonnegative_interval_lower=8
15,0,lp,lower,9,9,0.017896952,0.017495155334472656,492,0,0,9,0,0,0,0,0,0,OPTIMAL=9,
15,0,lp,upper,9,9,0.01946178,0.018963098526000977,507,0,0,9,0,0,0,0,0,0,OPTIMAL=9,
15,1,interval_arithmetic,lower,3136,0,0.0,0.0,0,0,0,0,0,850,0,0,0,2286,,interval_arithmetic=850;lower_skipped_by_nonpositive_upper=2286
15,1,interval_arithmetic,upper,3136,0,0.0,0.0,0,0,0,0,0,3136,0,0,0,0,,interval_arithmetic=3136
15,2,lp,lower,1568,38,0.03031943799999999,0.02899909019470215,117,0,0,38,0,0,0,653,0,877,OPTIMAL=38,interval_proves_cutoff=653;lower_skipped_by_nonpositive_upper=877
15,2,lp,upper,1568,40,0.040571318000000016,0.03354001045227051,223,0,0,40,0,0,0,875,653,0,OPTIMAL=40,interval_proves_cutoff=875;upper_skipped_by_nonnegative_interval_lower=653
15,3,lp,lower,100,0,0.0,0.0,0,0,0,0,0,0,0,8,0,92,,interval_proves_cutoff=8;lower_skipped_by_nonpositive_upper=92
15,3,lp,upper,100,0,0.0,0.0,0,0,0,0,0,0,0,92,8,0,,interval_proves_cutoff=92;upper_skipped_by_nonnegative_interval_lower=8
16,0,lp,lower,9,9,0.067449666,0.06685781478881836,1718,0,0,9,0,0,0,0,0,0,OPTIMAL=9,
16,0,lp,upper,9,9,0.057050379,0.05639934539794922,1537,0,0,9,0,0,0,0,0,0,OPTIMAL=9,
16,1,interval_arithmetic,lower,3136,0,0.0,0.0,0,0,0,0,0,914,0,0,0,2222,,interval_arithmetic=914;lower_skipped_by_nonpositive_upper=2222
16,1,interval_arithmetic,upper,3136,0,0.0,0.0,0,0,0,0,0,3136,0,0,0,0,,interval_arithmetic=3136
16,2,lp,lower,1568,119,0.13854534700000004,0.13389253616333008,1920,0,0,119,0,0,0,692,0,757,OPTIMAL=119,interval_proves_cutoff=692;lower_skipped_by_nonpositive_upper=757
16,2,lp,upper,1568,131,0.16052151799999995,0.14927458763122559,2161,0,0,131,0,0,0,745,692,0,OPTIMAL=131,interval_proves_cutoff=745;upper_skipped_by_nonnegative_interval_lower=692
16,3,lp,lower,100,1,0.011119999,0.011032581329345703,347,0,0,1,0,0,0,8,0,91,OPTIMAL=1,interval_proves_cutoff=8;lower_skipped_by_nonpositive_upper=91
16,3,lp,upper,100,1,0.00752904,0.00739288330078125,232,0,0,1,0,0,0,91,8,0,OPTIMAL=1,interval_proves_cutoff=91;upper_skipped_by_nonnegative_interval_lower=8
17,0,lp,lower,9,9,0.048752456000000007,0.048211097717285156,1347,0,0,9,0,0,0,0,0,0,OPTIMAL=9,
17,0,lp,upper,9,9,0.052726751999999995,0.05217742919921875,1366,0,0,9,0,0,0,0,0,0,OPTIMAL=9,
17,1,interval_arithmetic,lower,3136,0,0.0,0.0,0,0,0,0,0,916,0,0,0,2220,,interval_arithmetic=916;lower_skipped_by_nonpositive_upper=2220
17,1,interval_arithmetic,upper,3136,0,0.0,0.0,0,0,0,0,0,3136,0,0,0,0,,interval_arithmetic=3136
17,2,lp,lower,1568,91,0.10372209000000004,0.1001899242401123,1673,0,0,91,0,0,0,652,0,825,OPTIMAL=91,interval_proves_cutoff=652;lower_skipped_by_nonpositive_upper=825
17,2,lp,upper,1568,102,0.12840821999999996,0.1185450553894043,2072,0,0,102,0,0,0,814,652,0,OPTIMAL=102,interval_proves_cutoff=814;upper_skipped_by_nonnegative_interval_lower=652
17,3,lp,lower,100,1,0.006728001,0.006665468215942383,256,0,0,1,0,0,0,8,0,91,OPTIMAL=1,interval_proves_cutoff=8;lower_skipped_by_nonpositive_upper=91
17,3,lp,upper,100,1,0.006135399,0.0059931278228759766,196,0,0,1,0,0,0,91,8,0,OPTIMAL=1,interval_proves_cutoff=91;upper_skipped_by_nonnegative_interval_lower=8
18,0,lp,lower,9,9,0.036522305,0.03603553771972656,1075,0,0,9,0,0,0,0,0,0,OPTIMAL=9,
18,0,lp,upper,9,9,0.038086301,0.03747892379760742,1185,0,0,9,0,0,0,0,0,0,OPTIMAL=9,
18,1,interval_arithmetic,lower,3136,0,0.0,0.0,0,0,0,0,0,902,0,0,0,2234,,interval_arithmetic=902;lower_skipped_by_nonpositive_upper=2234
18,1,interval_arithmetic,upper,3136,0,0.0,0.0,0,0,0,0,0,3136,0,0,0,0,,interval_arithmetic=3136
18,2,lp,lower,1568,66,0.068143159,0.06568264961242676,799,0,0,66,0,0,0,664,0,838,OPTIMAL=66,interval_proves_cutoff=664;lower_skipped_by_nonpositive_upper=838
18,2,lp,upper,1568,68,0.081020447,0.07235360145568848,931,0,0,68,0,0,0,836,664,0,OPTIMAL=68,interval_proves_cutoff=836;upper_skipped_by_nonnegative_interval_lower=664
18,3,lp,lower,100,0,0.0,0.0,0,0,0,0,0,0,0,8,0,92,,interval_proves_cutoff=8;lower_skipped_by_nonpositive_upper=92
18,3,lp,upper,100,0,0.0,0.0,0,0,0,0,0,0,0,92,8,0,,interval_proves_cutoff=92;upper_skipped_by_nonnegative_interval_lower=8
19,0,lp,lower,9,9,0.07390201,0.07324576377868652,1829,0,0,9,0,0,0,0,0,0,OPTIMAL=9,
19,0,lp,upper,9,9,0.075406863,0.07471442222595215,1912,0,0,9,0,0,0,0,0,0,OPTIMAL=9,
19,1,interval_arithmetic,lower,3136,0,0.0,0.0,0,0,0,0,0,966,0,0,0,2170,,interval_arithmetic=966;lower_skipped_by_nonpositive_upper=2170
19,1,interval_arithmetic,upper,3136,0,0.0,0.0,0,0,0,0,0,3136,0,0,0,0,,interval_arithmetic=3136
19,2,lp,lower,1568,121,0.138789387,0.13376951217651367,1746,0,0,121,0,0,0,682,0,765,OPTIMAL=121,interval_proves_cutoff=682;lower_skipped_by_nonpositive_upper=765
19,2,lp,upper,1568,128,0.15664830200000004,0.1452479362487793,2020,0,0,128,0,0,0,758,682,0,OPTIMAL=128,interval_proves_cutoff=758;upper_skipped_by_nonnegative_interval_lower=682
19,3,lp,lower,100,0,0.0,0.0,0,0,0,0,0,0,0,9,0,91,,interval_proves_cutoff=9;lower_skipped_by_nonpositive_upper=91
19,3,lp,upper,100,0,0.0,0.0,0,0,0,0,0,0,0,91,9,0,,interval_proves_cutoff=91;upper_skipped_by_nonnegative_interval_lower=9
20,0,lp,lower,9,9,0.06429821599999999,0.06366991996765137,1418,0,0,9,0,0,0,0,0,0,OPTIMAL=9,
20,0,lp,upper,9,9,0.08111309000000001,0.08046221733093262,1639,0,0,9,0,0,0,0,0,0,OPTIMAL=9,
20,1,interval_arithmetic,lower,3136,0,0.0,0.0,0,0,0,0,0,885,0,0,0,2251,,interval_arithmetic=885;lower_skipped_by_nonpositive_upper=2251
20,1,interval_arithmetic,upper,3136,0,0.0,0.0,0,0,0,0,0,3136,0,0,0,0,,interval_arithmetic=3136
20,2,lp,lower,1568,135,0.13383416600000003,0.12888193130493164,1686,0,0,135,0,0,0,631,0,802,OPTIMAL=135,interval_proves_cutoff=631;lower_skipped_by_nonpositive_upper=802
20,2,lp,upper,1568,141,0.148737964,0.1374509334564209,1828,0,0,141,0,0,0,796,631,0,OPTIMAL=141,interval_proves_cutoff=796;upper_skipped_by_nonnegative_interval_lower=631
20,3,lp,lower,100,1,0.011939695,0.011864185333251953,340,0,0,1,0,0,0,8,0,91,OPTIMAL=1,interval_proves_cutoff=8;lower_skipped_by_nonpositive_upper=91
20,3,lp,upper,100,1,0.010545294,0.01040792465209961,301,0,0,1,0,0,0,91,8,0,OPTIMAL=1,interval_proves_cutoff=91;upper_skipped_by_nonnegative_interval_lower=8
21,0,lp,lower,9,9,0.058596617,0.05807161331176758,1316,0,0,9,0,0,0,0,0,0,OPTIMAL=9,
21,0,lp,upper,9,9,0.067274664,0.06670403480529785,1465,0,0,9,0,0,0,0,0,0,OPTIMAL=9,
21,1,interval_arithmetic,lower,3136,0,0.0,0.0,0,0,0,0,0,916,0,0,0,2220,,interval_arithmetic=916;lower_skipped_by_nonpositive_upper=2220
21,1,interval_arithmetic,upper,3136,0,0.0,0.0,0,0,0,0,0,3136,0,0,0,0,,interval_arithmetic=3136
21,2,lp,lower,1568,70,0.07285119899999999,0.07017278671264648,931,0,0,70,0,0,0,656,0,842,OPTIMAL=70,interval_proves_cutoff=656;lower_skipped_by_nonpositive_upper=842
21,2,lp,upper,1568,72,0.08186016300000001,0.0730280876159668,1033,0,0,72,0,0,0,840,656,0,OPTIMAL=72,interval_proves_cutoff=840;upper_skipped_by_nonnegative_interval_lower=656
21,3,lp,lower,100,1,0.005596032,0.005522012710571289,213,0,0,1,0,0,0,8,0,91,OPTIMAL=1,interval_proves_cutoff=8;lower_skipped_by_nonpositive_upper=91
21,3,lp,upper,100,1,0.004811226,0.004669904708862305,172,0,0,1,0,0,0,91,8,0,OPTIMAL=1,interval_proves_cutoff=91;upper_skipped_by_nonnegative_interval_lower=8
22,0,lp,lower,9,9,0.057188365,0.05665421485900879,1373,0,0,9,0,0,0,0,0,0,OPTIMAL=9,
22,0,lp,upper,9,9,0.073800579,0.07323360443115234,1504,0,0,9,0,0,0,0,0,0,OPTIMAL=9,
22,1,interval_arithmetic,lower,3136,0,0.0,0.0,0,0,0,0,0,905,0,0,0,2231,,interval_arithmetic=905;lower_skipped_by_nonpositive_upper=2231
22,1,interval_arithmetic,upper,3136,0,0.0,0.0,0,0,0,0,0,3136,0,0,0,0,,interval_arithmetic=3136
22,2,lp,lower,1568,78,0.084050308,0.08098363876342773,1363,0,0,78,0,0,0,666,0,824,OPTIMAL=78,interval_proves_cutoff=666;lower_skipped_by_nonpositive_upper=824
22,2,lp,upper,1568,80,0.098021845,0.08872437477111816,1541,0,0,80,0,0,0,822,666,0,OPTIMAL=80,interval_proves_cutoff=822;upper_skipped_by_nonnegative_interval_lower=666
22,3,lp,lower,100,2,0.00929069,0.009170770645141602,259,0,0,2,0,0,0,7,0,91,OPTIMAL=2,interval_proves_cutoff=7;lower_skipped_by_nonpositive_upper=91
22,3,lp,upper,100,2,0.009770132,0.00956273078918457,336,0,0,2,0,0,0,91,7,0,OPTIMAL=2,interval_proves_cutoff=91;upper_skipped_by_nonnegative_interval_lower=7
23,0,lp,lower,9,9,0.07217717800000001,0.0715646743774414,1528,0,0,9,0,0,0,0,0,0,OPTIMAL=9,
23,0,lp,upper,9,9,0.07954313700000001,0.07892489433288574,1518,0,0,9,0,0,0,0,0,0,OPTIMAL=9,
23,1,interval_arithmetic,lower,3136,0,0.0,0.0,0,0,0,0,0,911,0,0,0,2225,,interval_arithmetic=911;lower_skipped_by_nonpositive_upper=2225
23,1,interval_arithmetic,upper,3136,0,0.0,0.0,0,0,0,0,0,3136,0,0,0,0,,interval_arithmetic=3136
23,2,lp,lower,1568,113,0.110090989,0.1058511734008789,1143,0,0,113,0,0,0,663,0,792,OPTIMAL=113,interval_proves_cutoff=663;lower_skipped_by_nonpositive_upper=792
23,2,lp,upper,1568,120,0.12313699100000002,0.11258459091186523,1271,0,0,120,0,0,0,785,663,0,OPTIMAL=120,interval_proves_cutoff=785;upper_skipped_by_nonnegative_interval_lower=663
23,3,lp,lower,100,2,0.014005874,0.013876199722290039,317,0,0,2,0,0,0,7,0,91,OPTIMAL=2,interval_proves_cutoff=7;lower_skipped_by_nonpositive_upper=91
23,3,lp,upper,100,2,0.013331282,0.013095378875732422,413,0,0,2,0,0,0,91,7,0,OPTIMAL=2,interval_proves_cutoff=91;upper_skipped_by_nonnegative_interval_lower=7
24,0,lp,lower,9,9,0.052437831000000004,0.051831960678100586,1345,0,0,9,0,0,0,0,0,0,OPTIMAL=9,
24,0,lp,upper,9,9,0.059154232999999994,0.058556318283081055,1434,0,0,9,0,0,0,0,0,0,OPTIMAL=9,
24,1,interval_arithmetic,lower,3136,0,0.0,0.0,0,0,0,0,0,909,0,0,0,2227,,interval_arithmetic=909;lower_skipped_by_nonpositive_upper=2227
24,1,interval_arithmetic,upper,3136,0,0.0,0.0,0,0,0,0,0,3136,0,0,0,0,,interval_arithmetic=3136
24,2,lp,lower,1568,92,0.09792493300000003,0.09440422058105469,1544,0,0,92,0,0,0,670,0,806,OPTIMAL=92,interval_proves_cutoff=670;lower_skipped_by_nonpositive_upper=806
24,2,lp,upper,1568,96,0.110882044,0.10077977180480957,1629,0,0,96,0,0,0,802,670,0,OPTIMAL=96,interval_proves_cutoff=802;upper_skipped_by_nonnegative_interval_lower=670
24,3,lp,lower,100,1,0.007162589,0.007078409194946289,261,0,0,1,0,0,0,8,0,91,OPTIMAL=1,interval_proves_cutoff=8;lower_skipped_by_nonpositive_upper=91
24,3,lp,upper,100,1,0.007737863,0.007601261138916016,234,0,0,1,0,0,0,91,8,0,OPTIMAL=1,interval_proves_cutoff=91;upper_skipped_by_nonnegative_interval_lower=8
25,0,lp,lower,9,9,0.067975776,0.06742382049560547,1445,0,0,9,0,0,0,0,0,0,OPTIMAL=9,
25,0,lp,upper,9,9,0.062540885,0.06190896034240723,1455,0,0,9,0,0,0,0,0,0,OPTIMAL=9,
25,1,interval_arithmetic,lower,3136,0,0.0,0.0,0,0,0,0,0,875,0,0,0,2261,,interval_arithmetic=875;lower_skipped_by_nonpositive_upper=2261
25,1,interval_arithmetic,upper,3136,0,0.0,0.0,0,0,0,0,0,3136,0,0,0,0,,interval_arithmetic=3136
25,2,lp,lower,1568,100,0.10752564000000003,0.1037607192993164,1615,0,0,100,0,0,0,656,0,812,OPTIMAL=100,interval_proves_cutoff=656;lower_skipped_by_nonpositive_upper=812
25,2,lp,upper,1568,108,0.5111452289999998,0.11826777458190918,1972,0,0,108,0,0,0,804,656,0,OPTIMAL=108,interval_proves_cutoff=804;upper_skipped_by_nonnegative_interval_lower=656
25,3,lp,lower,100,0,0.0,0.0,0,0,0,0,0,0,0,9,0,91,,interval_proves_cutoff=9;lower_skipped_by_nonpositive_upper=91
25,3,lp,upper,100,0,0.0,0.0,0,0,0,0,0,0,0,91,9,0,,interval_proves_cutoff=91;upper_skipped_by_nonnegative_interval_lower=9
26,0,lp,lower,9,9,0.039309771,0.038774728775024414,1247,0,0,9,0,0,0,0,0,0,OPTIMAL=9,
26,0,lp,upper,9,9,0.042579675,0.041934967041015625,1370,0,0,9,0,0,0,0,0,0,OPTIMAL=9,
26,1,interval_arithmetic,lower,3136,0,0.0,0.0,0,0,0,0,0,1009,0,0,0,2127,,interval_arithmetic=1009;lower_skipped_by_nonpositive_upper=2127
26,1,interval_arithmetic,upper,3136,0,0.0,0.0,0,0,0,0,0,3136,0,0,0,0,,interval_arithmetic=3136
26,2,lp,lower,1568,95,0.09798502000000003,0.09433603286743164,1082,0,0,95,0,0,0,707,0,766,OPTIMAL=95,interval_proves_cutoff=707;lower_skipped_by_nonpositive_upper=766
26,2,lp,upper,1568,105,0.11963947500000004,0.10952925682067871,1302,0,0,105,0,0,0,756,707,0,OPTIMAL=105,interval_proves_cutoff=756;upper_skipped_by_nonnegative_interval_lower=707
26,3,lp,lower,100,0,0.0,0.0,0,0,0,0,0,0,0,8,0,92,,interval_proves_cutoff=8;lower_skipped_by_nonpositive_upper=92
26,3,lp,upper,100,0,0.0,0.0,0,0,0,0,0,0,0,92,8,0,,interval_proves_cutoff=92;upper_skipped_by_nonnegative_interval_lower=8
27,0,lp,lower,9,9,0.041977612,0.04145646095275879,1080,0,0,9,0,0,0,0,0,0,OPTIMAL=9,
27,0,lp,upper,9,9,0.049498743000000005,0.048840999603271484,1281,0,0,9,0,0,0,0,0,0,OPTIMAL=9,
27,1,interval_arithmetic,lower,3136,0,0.0,0.0,0,0,0,0,0,870,0,0,0,2266,,interval_arithmetic=870;lower_skipped_by_nonpositive_upper=2266
27,1,interval_arithmetic,upper,3136,0,0.0,0.0,0,0,0,0,0,3136,0,0,0,0,,interval_arithmetic=3136
27,2,lp,lower,1568,91,0.08675141799999997,0.08341240882873535,1175,0,0,91,0,0,0,654,0,823,OPTIMAL=91,interval_proves_cutoff=654;lower_skipped_by_nonpositive_upper=823
27,2,lp,upper,1568,95,0.099754491,0.09012818336486816,1221,0,0,95,0,0,0,819,654,0,OPTIMAL=95,interval_proves_cutoff=819;upper_skipped_by_nonnegative_interval_lower=654
27,3,lp,lower,100,0,0.0,0.0,0,0,0,0,0,0,0,8,0,92,,interval_proves_cutoff=8;lower_skipped_by_nonpositive_upper=92
27,3,lp,upper,100,0,0.0,0.0,0,0,0,0,0,0,0,92,8,0,,interval_proves_cutoff=92;upper_skipped_by_nonnegative_interval_lower=8
28,0,lp,lower,9,9,0.040814534,0.040313720703125,938,0,0,9,0,0,0,0,0,0,OPTIMAL=9,
28,0,lp,upper,9,9,0.040515497,0.0400080680847168,986,0,0,9,0,0,0,0,0,0,OPTIMAL=9,
28,1,interval_arithmetic,lower,3136,0,0.0,0.0,0,0,0,0,0,887,0,0,0,2249,,interval_arithmetic=887;lower_skipped_by_nonpositive_upper=2249
28,1,interval_arithmetic,upper,3136,0,0.0,0.0,0,0,0,0,0,3136,0,0,0,0,,interval_arithmetic=3136
28,2,lp,lower,1568,72,0.06439260599999999,0.061783790588378906,637,0,0,72,0,0,0,666,0,830,OPTIMAL=72,interval_proves_cutoff=666;lower_skipped_by_nonpositive_upper=830
28,2,lp,upper,1568,74,0.07640418299999997,0.06783103942871094,735,0,0,74,0,0,0,828,666,0,OPTIMAL=74,interval_proves_cutoff=828;upper_skipped_by_nonnegative_interval_lower=666
28,3,lp,lower,100,1,0.004724738,0.0046689510345458984,180,0,0,1,0,0,0,8,0,91,OPTIMAL=1,interval_proves_cutoff=8;lower_skipped_by_nonpositive_upper=91
28,3,lp,upper,100,1,0.004426715,0.004299640655517578,161,0,0,1,0,0,0,91,8,0,OPTIMAL=1,interval_proves_cutoff=91;upper_skipped_by_nonnegative_interval_lower=8
29,0,lp,lower,9,9,0.05516068899999999,0.0544888973236084,1386,0,0,9,0,0,0,0,0,0,OPTIMAL=9,
29,0,lp,upper,9,9,0.05663666400000001,0.05601000785827637,1573,0,0,9,0,0,0,0,0,0,OPTIMAL=9,
29,1,interval_arithmetic,lower,3136,0,0.0,0.0,0,0,0,0,0,952,0,0,0,2184,,interval_arithmetic=952;lower_skipped_by_nonpositive_upper=2184
29,1,interval_arithmetic,upper,3136,0,0.0,0.0,0,0,0,0,0,3136,0,0,0,0,,interval_arithmetic=3136
29,2,lp,lower,1568,98,0.10697105899999995,0.10318899154663086,1205,0,0,98,0,0,0,682,0,788,OPTIMAL=98,interval_proves_cutoff=682;lower_skipped_by_nonpositive_upper=788
29,2,lp,upper,1568,100,0.11757036899999998,0.10755252838134766,1222,0,0,100,0,0,0,786,682,0,OPTIMAL=100,interval_proves_cutoff=786;upper_skipped_by_nonnegative_interval_lower=682
29,3,lp,lower,100,0,0.0,0.0,0,0,0,0,0,0,0,9,0,91,,interval_proves_cutoff=9;lower_skipped_by_nonpositive_upper=91
29,3,lp,upper,100,0,0.0,0.0,0,0,0,0,0,0,0,91,9,0,,interval_proves_cutoff=91;upper_skipped_by_nonnegative_interval_lower=9
30,0,lp,lower,9,9,0.026018796999999996,0.02557373046875,701,0,0,9,0,0,0,0,0,0,OPTIMAL=9,
30,0,lp,upper,9,9,0.028016354,0.02743077278137207,789,0,0,9,0,0,0,0,0,0,OPTIMAL=9,
30,1,interval_arithmetic,lower,3136,0,0.0,0.0,0,0,0,0,0,849,0,0,0,2287,,interval_arithmetic=849;lower_skipped_by_nonpositive_upper=2287
30,1,interval_arithmetic,upper,3136,0,0.0,0.0,0,0,0,0,0,3136,0,0,0,0,,interval_arithmetic=3136
30,2,lp,lower,1568,67,0.059968355000000015,0.05763864517211914,570,0,0,67,0,0,0,629,0,872,OPTIMAL=67,interval_proves_cutoff=629;lower_skipped_by_nonpositive_upper=872
30,2,lp,upper,1568,71,0.072010063,0.06367087364196777,703,0,0,71,0,0,0,868,629,0,OPTIMAL=71,interval_proves_cutoff=868;upper_skipped_by_nonnegative_interval_lower=629
30,3,lp,lower,100,0,0.0,0.0,0,0,0,0,0,0,0,9,0,91,,interval_proves_cutoff=9;lower_skipped_by_nonpositive_upper=91
30,3,lp,upper,100,0,0.0,0.0,0,0,0,0,0,0,0,91,9,0,,interval_proves_cutoff=91;upper_skipped_by_nonnegative_interval_lower=9
31,0,lp,lower,9,9,0.03980407800000001,0.03927183151245117,1131,0,0,9,0,0,0,0,0,0,OPTIMAL=9,
31,0,lp,upper,9,9,0.044545451,0.04394268989562988,1224,0,0,9,0,0,0,0,0,0,OPTIMAL=9,
31,1,interval_arithmetic,lower,3136,0,0.0,0.0,0,0,0,0,0,904,0,0,0,2232,,interval_arithmetic=904;lower_skipped_by_nonpositive_upper=2232
31,1,interval_arithmetic,upper,3136,0,0.0,0.0,0,0,0,0,0,3136,0,0,0,0,,interval_arithmetic=3136
31,2,lp,lower,1568,77,0.07720069400000001,0.07416796684265137,891,0,0,77,0,0,0,657,0,834,OPTIMAL=77,interval_proves_cutoff=657;lower_skipped_by_nonpositive_upper=834
31,2,lp,upper,1568,79,0.08688342,0.07768034934997559,958,0,0,79,0,0,0,832,657,0,OPTIMAL=79,interval_proves_cutoff=832;upper_skipped_by_nonnegative_interval_lower=657
31,3,lp,lower,100,0,0.0,0.0,0,0,0,0,0,0,0,8,0,92,,interval_proves_cutoff=8;lower_skipped_by_nonpositive_upper=92
31,3,lp,upper,100,0,0.0,0.0,0,0,0,0,0,0,0,92,8,0,,interval_proves_cutoff=92;upper_skipped_by_nonnegative_interval_lower=8
32,0,lp,lower,9,9,0.020965717,0.02055072784423828,615,0,0,9,0,0,0,0,0,0,OPTIMAL=9,
32,0,lp,upper,9,9,0.021438831000000002,0.020939350128173828,597,0,0,9,0,0,0,0,0,0,OPTIMAL=9,
32,1,interval_arithmetic,lower,3136,0,0.0,0.0,0,0,0,0,0,835,0,0,0,2301,,interval_arithmetic=835;lower_skipped_by_nonpositive_upper=2301
32,1,interval_arithmetic,upper,3136,0,0.0,0.0,0,0,0,0,0,3136,0,0,0,0,,interval_arithmetic=3136
32,2,lp,lower,1568,45,0.039800759999999984,0.03824901580810547,313,0,0,45,0,0,0,637,0,886,OPTIMAL=45,interval_proves_cutoff=637;lower_skipped_by_nonpositive_upper=886
32,2,lp,upper,1568,47,0.04837048000000001,0.041037559509277344,389,0,0,47,0,0,0,884,637,0,OPTIMAL=47,interval_proves_cutoff=884;upper_skipped_by_nonnegative_interval_lower=637
32,3,lp,lower,100,0,0.0,0.0,0,0,0,0,0,0,0,9,0,91,,interval_proves_cutoff=9;lower_skipped_by_nonpositive_upper=91
32,3,lp,upper,100,0,0.0,0.0,0,0,0,0,0,0,0,91,9,0,,interval_proves_cutoff=91;upper_skipped_by_nonnegative_interval_lower=9
33,0,lp,lower,9,9,0.041764619,0.04122138023376465,1274,0,0,9,0,0,0,0,0,0,OPTIMAL=9,
33,0,lp,upper,9,9,0.037575114,0.03707003593444824,1151,0,0,9,0,0,0,0,0,0,OPTIMAL=9,
33,1,interval_arithmetic,lower,3136,0,0.0,0.0,0,0,0,0,0,918,0,0,0,2218,,interval_arithmetic=918;lower_skipped_by_nonpositive_upper=2218
33,1,interval_arithmetic,upper,3136,0,0.0,0.0,0,0,0,0,0,3136,0,0,0,0,,interval_arithmetic=3136
33,2,lp,lower,1568,76,0.07832078699999998,0.07543015480041504,1052,0,0,76,0,0,0,679,0,813,OPTIMAL=76,interval_proves_cutoff=679;lower_skipped_by_nonpositive_upper=813
33,2,lp,upper,1568,87,0.101325298,0.09171891212463379,1262,0,0,87,0,0,0,802,679,0,OPTIMAL=87,interval_proves_cutoff=802;upper_skipped_by_nonnegative_interval_lower=679
33,3,lp,lower,100,0,0.0,0.0,0,0,0,0,0,0,0,8,0,92,,interval_proves_cutoff=8;lower_skipped_by_nonpositive_upper=92
33,3,lp,upper,100,1,0.00392446,0.0038061141967773438,166,0,0,1,0,0,0,91,8,0,OPTIMAL=1,interval_proves_cutoff=91;upper_skipped_by_nonnegative_interval_lower=8
34,0,lp,lower,9,9,0.057853262999999995,0.05728960037231445,1546,0,0,9,0,0,0,0,0,0,OPTIMAL=9,
34,0,lp,upper,9,9,0.05911864099999999,0.058481693267822266,1632,0,0,9,0,0,0,0,0,0,OPTIMAL=9,
34,1,interval_arithmetic,lower,3136,0,0.0,0.0,0,0,0,0,0,917,0,0,0,2219,,interval_arithmetic=917;lower_skipped_by_nonpositive_upper=2219
34,1,interval_arithmetic,upper,3136,0,0.0,0.0,0,0,0,0,0,3136,0,0,0,0,,interval_arithmetic=3136
34,2,lp,lower,1568,116,0.13032127199999996,0.12587499618530273,1750,0,0,116,0,0,0,672,0,780,OPTIMAL=116,interval_proves_cutoff=672;lower_skipped_by_nonpositive_upper=780
34,2,lp,upper,1568,121,0.14527959300000004,0.13419270515441895,1947,0,0,121,0,0,0,775,672,0,OPTIMAL=121,interval_proves_cutoff=775;upper_skipped_by_nonnegative_interval_lower=672
34,3,lp,lower,100,0,0.0,0.0,0,0,0,0,0,0,0,9,0,91,,interval_proves_cutoff=9;lower_skipped_by_nonpositive_upper=91
34,3,lp,upper,100,0,0.0,0.0,0,0,0,0,0,0,0,91,9,0,,interval_proves_cutoff=91;upper_skipped_by_nonnegative_interval_lower=9
35,0,lp,lower,9,9,0.038630684,0.03813290596008301,1128,0,0,9,0,0,0,0,0,0,OPTIMAL=9,
35,0,lp,upper,9,9,0.040554892,0.04002857208251953,1141,0,0,9,0,0,0,0,0,0,OPTIMAL=9,
35,1,interval_arithmetic,lower,3136,0,0.0,0.0,0,0,0,0,0,911,0,0,0,2225,,interval_arithmetic=911;lower_skipped_by_nonpositive_upper=2225
35,1,interval_arithmetic,upper,3136,0,0.0,0.0,0,0,0,0,0,3136,0,0,0,0,,interval_arithmetic=3136
35,2,lp,lower,1568,70,0.071312142,0.06867265701293945,901,0,0,70,0,0,0,672,0,826,OPTIMAL=70,interval_proves_cutoff=672;lower_skipped_by_nonpositive_upper=826
35,2,lp,upper,1568,73,0.084105839,0.07526826858520508,1035,0,0,73,0,0,0,823,672,0,OPTIMAL=73,interval_proves_cutoff=823;upper_skipped_by_nonnegative_interval_lower=672
35,3,lp,lower,100,2,0.006965669,0.0068492889404296875,225,0,0,2,0,0,0,7,0,91,OPTIMAL=2,interval_proves_cutoff=7;lower_skipped_by_nonpositive_upper=91
35,3,lp,upper,100,2,0.009067121000000001,0.008878946304321289,295,0,0,2,0,0,0,91,7,0,OPTIMAL=2,interval_proves_cutoff=91;upper_skipped_by_nonnegative_interval_lower=7
36,0,lp,lower,9,9,0.056894737,0.05632495880126953,1563,0,0,9,0,0,0,0,0,0,OPTIMAL=9,
36,0,lp,upper,9,9,0.06117221899999999,0.060594797134399414,1619,0,0,9,0,0,0,0,0,0,OPTIMAL=9,
36,1,interval_arithmetic,lower,3136,0,0.0,0.0,0,0,0,0,0,942,0,0,0,2194,,interval_arithmetic=942;lower_skipped_by_nonpositive_upper=2194
36,1,interval_arithmetic,upper,3136,0,0.0,0.0,0,0,0,0,0,3136,0,0,0,0,,interval_arithmetic=3136
36,2,lp,lower,1568,99,0.10915378000000005,0.10523772239685059,1365,0,0,99,0,0,0,683,0,786,OPTIMAL=99,interval_proves_cutoff=683;lower_skipped_by_nonpositive_upper=786
36,2,lp,upper,1568,106,0.12656525899999999,0.11625289916992188,1553,0,0,106,0,0,0,779,683,0,OPTIMAL=106,interval_proves_cutoff=779;upper_skipped_by_nonnegative_interval_lower=683
36,3,lp,lower,100,1,0.006385456,0.006320476531982422,271,0,0,1,0,0,0,8,0,91,OPTIMAL=1,interval_proves_cutoff=8;lower_skipped_by_nonpositive_upper=91
36,3,lp,upper,100,1,0.00617177,0.006041049957275391,247,0,0,1,0,0,0,91,8,0,OPTIMAL=1,interval_proves_cutoff=91;upper_skipped_by_nonnegative_interval_lower=8
37,0,lp,lower,9,9,0.044563357,0.04404854774475098,1184,0,0,9,0,0,0,0,0,0,OPTIMAL=9,
37,0,lp,upper,9,9,0.057539835,0.056993961334228516,1393,0,0,9,0,0,0,0,0,0,OPTIMAL=9,
37,1,interval_arithmetic,lower,3136,0,0.0,0.0,0,0,0,0,0,903,0,0,0,2233,,interval_arithmetic=903;lower_skipped_by_nonpositive_upper=2233
37,1,interval_arithmetic,upper,3136,0,0.0,0.0,0,0,0,0,0,3136,0,0,0,0,,interval_arithmetic=3136
37,2,lp,lower,1568,83,0.08701461100000002,0.08388137817382812,1101,0,0,83,0,0,0,678,0,807,OPTIMAL=83,interval_proves_cutoff=678;lower_skipped_by_nonpositive_upper=807
37,2,lp,upper,1568,84,0.09597355899999999,0.08655953407287598,1283,0,0,84,0,0,0,806,678,0,OPTIMAL=84,interval_proves_cutoff=806;upper_skipped_by_nonnegative_interval_lower=678
37,3,lp,lower,100,1,0.005651046,0.00558924674987793,246,0,0,1,0,0,0,8,0,91,OPTIMAL=1,interval_proves_cutoff=8;lower_skipped_by_nonpositive_upper=91
37,3,lp,upper,100,1,0.00549239,0.005307435989379883,183,0,0,1,0,0,0,91,8,0,OPTIMAL=1,interval_proves_cutoff=91;upper_skipped_by_nonnegative_interval_lower=8
38,0,lp,lower,9,9,0.055775164,0.055271148681640625,1160,0,0,9,0,0,0,0,0,0,OPTIMAL=9,
38,0,lp,upper,9,9,0.06274062,0.06221485137939453,1234,0,0,9,0,0,0,0,0,0,OPTIMAL=9,
38,1,interval_arithmetic,lower,3136,0,0.0,0.0,0,0,0,0,0,860,0,0,0,2276,,interval_arithmetic=860;lower_skipped_by_nonpositive_upper=2276
38,1,interval_arithmetic,upper,3136,0,0.0,0.0,0,0,0,0,0,3136,0,0,0,0,,interval_arithmetic=3136
38,2,lp,lower,1568,65,0.062202974999999994,0.059815168380737305,818,0,0,65,0,0,0,639,0,864,OPTIMAL=65,interval_proves_cutoff=639;lower_skipped_by_nonpositive_upper=864
38,2,lp,upper,1568,69,0.07472185999999999,0.06615376472473145,1000,0,0,69,0,0,0,860,639,0,OPTIMAL=69,interval_proves_cutoff=860;upper_skipped_by_nonnegative_interval_lower=639
38,3,lp,lower,100,2,0.007033308,0.006928920745849609,200,0,0,2,0,0,0,7,0,91,OPTIMAL=2,interval_proves_cutoff=7;lower_skipped_by_nonpositive_upper=91
38,3,lp,upper,100,2,0.006881844999999999,0.006713151931762695,234,0,0,2,0,0,0,91,7,0,OPTIMAL=2,interval_proves_cutoff=91;upper_skipped_by_nonnegative_interval_lower=7
39,0,lp,lower,9,9,0.05648326499999999,0.05591940879821777,1561,0,0,9,0,0,0,0,0,0,OPTIMAL=9,
39,0,lp,upper,9,9,0.066225511,0.06559562683105469,1721,0,0,9,0,0,0,0,0,0,OPTIMAL=9,
39,1,interval_arithmetic,lower,3136,0,0.0,0.0,0,0,0,0,0,901,0,0,0,2235,,interval_arithmetic=901;lower_skipped_by_nonpositive_upper=2235
39,1,interval_arithmetic,upper,3136,0,0.0,0.0,0,0,0,0,0,3136,0,0,0,0,,interval_arithmetic=3136
39,2,lp,lower,1568,94,0.10177269800000002,0.09813094139099121,1818,0,0,94,0,0,0,664,0,810,OPTIMAL=94,interval_proves_cutoff=664;lower_skipped_by_nonpositive_upper=810
39,2,lp,upper,1568,95,0.11370025499999993,0.10367918014526367,1859,0,0,95,0,0,0,809,664,0,OPTIMAL=95,interval_proves_cutoff=809;upper_skipped_by_nonnegative_interval_lower=664
39,3,lp,lower,100,0,0.0,0.0,0,0,0,0,0,0,0,9,0,91,,interval_proves_cutoff=9;lower_skipped_by_nonpositive_upper=91
39,3,lp,upper,100,0,0.0,0.0,0,0,0,0,0,0,0,91,9,0,,interval_proves_cutoff=91;upper_skipped_by_nonnegative_interval_lower=9
40,0,lp,lower,9,9,0.050298182999999996,0.049790143966674805,1160,0,0,9,0,0,0,0,0,0,OPTIMAL=9,
40,0,lp,upper,9,9,0.051975285999999996,0.051432132720947266,1190,0,0,9,0,0,0,0,0,0,OPTIMAL=9,
40,1,interval_arithmetic,lower,3136,0,0.0,0.0,0,0,0,0,0,876,0,0,0,2260,,interval_arithmetic=876;lower_skipped_by_nonpositive_upper=2260
40,1,interval_arithmetic,upper,3136,0,0.0,0.0,0,0,0,0,0,3136,0,0,0,0,,interval_arithmetic=3136
40,2,lp,lower,1568,70,0.066096378,0.063568115234375,1032,0,0,70,0,0,0,636,0,862,OPTIMAL=70,interval_proves_cutoff=636;lower_skipped_by_nonpositive_upper=862
40,2,lp,upper,1568,71,0.073849228,0.06525897979736328,1128,0,0,71,0,0,0,861,636,0,OPTIMAL=71,interval_proves_cutoff=861;upper_skipped_by_nonnegative_interval_lower=636
40,3,lp,lower,100,1,0.004800627,0.004729509353637695,188,0,0,1,0,0,0,8,0,91,OPTIMAL=1,interval_proves_cutoff=8;lower_skipped_by_nonpositive_upper=91
40,3,lp,upper,100,1,0.004808289,0.004616498947143555,180,0,0,1,0,0,0,91,8,0,OPTIMAL=1,interval_proves_cutoff=91;upper_skipped_by_nonnegative_interval_lower=8
41,0,lp,lower,9,9,0.054745578,0.054207563400268555,1004,0,0,9,0,0,0,0,0,0,OPTIMAL=9,
41,0,lp,upper,9,9,0.055494399,0.05495190620422363,1005,0,0,9,0,0,0,0,0,0,OPTIMAL=9,
41,1,interval_arithmetic,lower,3136,0,0.0,0.0,0,0,0,0,0,828,0,0,0,2308,,interval_arithmetic=828;lower_skipped_by_nonpositive_upper=2308
41,1,interval_arithmetic,upper,3136,0,0.0,0.0,0,0,0,0,0,3136,0,0,0,0,,interval_arithmetic=3136
41,2,lp,lower,1568,87,0.06869339699999999,0.06574583053588867,491,0,0,87,0,0,0,614,0,867,OPTIMAL=87,interval_proves_cutoff=614;lower_skipped_by_nonpositive_upper=867
41,2,lp,upper,1568,88,0.079091331,0.07039427757263184,678,0,0,88,0,0,0,866,614,0,OPTIMAL=88,interval_proves_cutoff=866;upper_skipped_by_nonnegative_interval_lower=614
41,3,lp,lower,100,1,0.004882659,0.004822492599487305,168,0,0,1,0,0,0,8,0,91,OPTIMAL=1,interval_proves_cutoff=8;lower_skipped_by_nonpositive_upper=91
41,3,lp,upper,100,1,0.004613859,0.004479885101318359,166,0,0,1,0,0,0,91,8,0,OPTIMAL=1,interval_proves_cutoff=91;upper_skipped_by_nonnegative_interval_lower=8
42,0,lp,lower,9,9,0.076956453,0.07636165618896484,1516,0,0,9,0,0,0,0,0,0,OPTIMAL=9,
42,0,lp,upper,9,9,0.07427553199999999,0.07366514205932617,1450,0,0,9,0,0,0,0,0,0,OPTIMAL=9,
42,1,interval_arithmetic,lower,3136,0,0.0,0.0,0,0,0,0,0,881,0,0,0,2255,,interval_arithmetic=881;lower_skipped_by_nonpositive_upper=2255
42,1,interval_arithmetic,upper,3136,0,0.0,0.0,0,0,0,0,0,3136,0,0,0,0,,interval_arithmetic=3136
42,2,lp,lower,1568,101,0.11152948400000005,0.10766386985778809,1743,0,0,101,0,0,0,643,0,824,OPTIMAL=101,interval_proves_cutoff=643;lower_skipped_by_nonpositive_upper=824
42,2,lp,upper,1568,106,0.1287141840000001,0.11873054504394531,2100,0,0,106,0,0,0,819,643,0,OPTIMAL=106,interval_proves_cutoff=819;upper_skipped_by_nonnegative_interval_lower=643
42,3,lp,lower,100,1,0.009588715,0.009519815444946289,295,0,0,1,0,0,0,8,0,91,OPTIMAL=1,interval_proves_cutoff=8;lower_skipped_by_nonpositive_upper=91
42,3,lp,upper,100,1,0.006650483,0.006529808044433594,223,0,0,1,0,0,0,91,8,0,OPTIMAL=1,interval_proves_cutoff=91;upper_skipped_by_nonnegative_interval_lower=8
43,0,lp,lower,9,9,0.028020289,0.027566909790039062,755,0,0,9,0,0,0,0,0,0,OPTIMAL=9,
43,0,lp,upper,9,9,0.028003295,0.027512550354003906,717,0,0,9,0,0,0,0,0,0,OPTIMAL=9,
43,1,interval_arithmetic,lower,3136,0,0.0,0.0,0,0,0,0,0,891,0,0,0,2245,,interval_arithmetic=891;lower_skipped_by_nonpositive_upper=2245
43,1,interval_arithmetic,upper,3136,0,0.0,0.0,0,0,0,0,0,3136,0,0,0,0,,interval_arithmetic=3136
43,2,lp,lower,1568,55,0.05024823300000001,0.0482783317565918,448,0,0,55,0,0,0,668,0,845,OPTIMAL=55,interval_proves_cutoff=668;lower_skipped_by_nonpositive_upper=845
43,2,lp,upper,1568,59,0.06450509900000002,0.05657815933227539,603,0,0,59,0,0,0,841,668,0,OPTIMAL=59,interval_proves_cutoff=841;upper_skipped_by_nonnegative_interval_lower=668
43,3,lp,lower,100,1,0.003058851,0.0030057430267333984,143,0,0,1,0,0,0,7,0,92,OPTIMAL=1,interval_proves_cutoff=7;lower_skipped_by_nonpositive_upper=92
43,3,lp,upper,100,1,0.003050829,0.002936840057373047,113,0,0,1,0,0,0,92,7,0,OPTIMAL=1,interval_proves_cutoff=92;upper_skipped_by_nonnegative_interval_lower=7
44,0,lp,lower,9,9,0.035413246,0.03491020202636719,1122,0,0,9,0,0,0,0,0,0,OPTIMAL=9,
44,0,lp,upper,9,9,0.040041696999999994,0.03946208953857422,1258,0,0,9,0,0,0,0,0,0,OPTIMAL=9,
44,1,interval_arithmetic,lower,3136,0,0.0,0.0,0,0,0,0,0,870,0,0,0,2266,,interval_arithmetic=870;lower_skipped_by_nonpositive_upper=2266
44,1,interval_arithmetic,upper,3136,0,0.0,0.0,0,0,0,0,0,3136,0,0,0,0,,interval_arithmetic=3136
44,2,lp,lower,1568,88,0.08737135000000001,0.08412528038024902,1087,0,0,88,0,0,0,642,0,838,OPTIMAL=88,interval_proves_cutoff=642;lower_skipped_by_nonpositive_upper=838
44,2,lp,upper,1568,96,0.10704850199999996,0.09731936454772949,1448,0,0,96,0,0,0,830,642,0,OPTIMAL=96,interval_proves_cutoff=830;upper_skipped_by_nonnegative_interval_lower=642
44,3,lp,lower,100,0,0.0,0.0,0,0,0,0,0,0,0,9,0,91,,interval_proves_cutoff=9;lower_skipped_by_nonpositive_upper=91
44,3,lp,upper,100,0,0.0,0.0,0,0,0,0,0,0,0,91,9,0,,interval_proves_cutoff=91;upper_skipped_by_nonnegative_interval_lower=9
45,0,lp,lower,9,9,0.040467777999999996,0.03992938995361328,1114,0,0,9,0,0,0,0,0,0,OPTIMAL=9,
45,0,lp,upper,9,9,0.041747629,0.04114794731140137,1176,0,0,9,0,0,0,0,0,0,OPTIMAL=9,
45,1,interval_arithmetic,lower,3136,0,0.0,0.0,0,0,0,0,0,884,0,0,0,2252,,interval_arithmetic=884;lower_skipped_by_nonpositive_upper=2252
45,1,interval_arithmetic,upper,3136,0,0.0,0.0,0,0,0,0,0,3136,0,0,0,0,,interval_arithmetic=3136
45,2,lp,lower,1568,81,0.07705545899999998,0.0741117000579834,923,0,0,81,0,0,0,641,0,846,OPTIMAL=81,interval_proves_cutoff=641;lower_skipped_by_nonpositive_upper=846
45,2,lp,upper,1568,82,0.08984572400000002,0.08101844787597656,1059,0,0,82,0,0,0,845,641,0,OPTIMAL=82,interval_proves_cutoff=845;upper_skipped_by_nonnegative_interval_lower=641
45,3,lp,lower,100,0,0.0,0.0,0,0,0,0,0,0,0,9,0,91,,interval_proves_cutoff=9;lower_skipped_by_nonpositive_upper=91
45,3,lp,upper,100,0,0.0,0.0,0,0,0,0,0,0,0,91,9,0,,interval_proves_cutoff=91;upper_skipped_by_nonnegative_interval_lower=9
46,0,lp,lower,9,9,0.14745497500000002,0.14673757553100586,2293,0,0,9,0,0,0,0,0,0,OPTIMAL=9,
46,0,lp,upper,9,9,0.14425257900000002,0.14355945587158203,2182,0,0,9,0,0,0,0,0,0,OPTIMAL=9,
46,1,interval_arithmetic,lower,3136,0,0.0,0.0,0,0,0,0,0,909,0,0,0,2227,,interval_arithmetic=909;lower_skipped_by_nonpositive_upper=2227
46,1,interval_arithmetic,upper,3136,0,0.0,0.0,0,0,0,0,0,3136,0,0,0,0,,interval_arithmetic=3136
46,2,lp,lower,1568,137,0.157723849,0.1521914005279541,2581,0,0,137,0,0,0,649,0,782,OPTIMAL=137,interval_proves_cutoff=649;lower_skipped_by_nonpositive_upper=782
46,2,lp,upper,1568,145,0.17304586100000008,0.16126036643981934,2859,0,0,145,0,0,0,774,649,0,OPTIMAL=145,interval_proves_cutoff=774;upper_skipped_by_nonnegative_interval_lower=649
46,3,lp,lower,100,1,0.01105952,0.010981321334838867,340,0,0,1,0,0,0,8,0,91,OPTIMAL=1,interval_proves_cutoff=8;lower_skipped_by_nonpositive_upper=91
46,3,lp,upper,100,1,0.011512262,0.011378765106201172,305,0,0,1,0,0,0,91,8,0,OPTIMAL=1,interval_proves_cutoff=91;upper_skipped_by_nonnegative_interval_lower=8
47,0,lp,lower,9,9,0.031080212,0.030600786209106445,900,0,0,9,0,0,0,0,0,0,OPTIMAL=9,
47,0,lp,upper,9,9,0.037467598000000005,0.03686881065368652,1050,0,0,9,0,0,0,0,0,0,OPTIMAL=9,
47,1,interval_arithmetic,lower,3136,0,0.0,0.0,0,0,0,0,0,873,0,0,0,2263,,interval_arithmetic=873;lower_skipped_by_nonpositive_upper=2263
47,1,interval_arithmetic,upper,3136,0,0.0,0.0,0,0,0,0,0,3136,0,0,0,0,,interval_arithmetic=3136
47,2,lp,lower,1568,75,0.06804939,0.06537246704101562,710,0,0,75,0,0,0,632,0,861,OPTIMAL=75,interval_proves_cutoff=632;lower_skipped_by_nonpositive_upper=861
47,2,lp,upper,1568,80,0.08447090800000003,0.07569599151611328,955,0,0,80,0,0,0,856,632,0,OPTIMAL=80,interval_proves_cutoff=856;upper_skipped_by_nonnegative_interval_lower=632
47,3,lp,lower,100,0,0.0,0.0,0,0,0,0,0,0,0,9,0,91,,interval_proves_cutoff=9;lower_skipped_by_nonpositive_upper=91
47,3,lp,upper,100,0,0.0,0.0,0,0,0,0,0,0,0,91,9,0,,interval_proves_cutoff=91;upper_skipped_by_nonnegative_interval_lower=9
48,0,lp,lower,9,9,0.06776094,0.06716609001159668,1675,0,0,9,0,0,0,0,0,0,OPTIMAL=9,
48,0,lp,upper,9,9,0.07561051799999999,0.07499432563781738,1626,0,0,9,0,0,0,0,0,0,OPTIMAL=9,
48,1,interval_arithmetic,lower,3136,0,0.0,0.0,0,0,0,0,0,896,0,0,0,2240,,interval_arithmetic=896;lower_skipped_by_nonpositive_upper=2240
48,1,interval_arithmetic,upper,3136,0,0.0,0.0,0,0,0,0,0,3136,0,0,0,0,,interval_arithmetic=3136
48,2,lp,lower,1568,116,0.12722844500000005,0.12273693084716797,2104,0,0,116,0,0,0,648,0,804,OPTIMAL=116,interval_proves_cutoff=648;lower_skipped_by_nonpositive_upper=804
48,2,lp,upper,1568,123,0.14204489999999997,0.1311817169189453,2212,0,0,123,0,0,0,797,648,0,OPTIMAL=123,interval_proves_cutoff=797;upper_skipped_by_nonnegative_interval_lower=648
48,3,lp,lower,100,1,0.010105406,0.01003575325012207,306,0,0,1,0,0,0,8,0,91,OPTIMAL=1,interval_proves_cutoff=8;lower_skipped_by_nonpositive_upper=91
48,3,lp,upper,100,1,0.008682833,0.008565902709960938,270,0,0,1,0,0,0,91,8,0,OPTIMAL=1,interval_proves_cutoff=91;upper_skipped_by_nonnegative_interval_lower=8
49,0,lp,lower,9,9,0.043172666,0.04265570640563965,1120,0,0,9,0,0,0,0,0,0,OPTIMAL=9,
49,0,lp,upper,9,9,0.04417523600000001,0.043631553649902344,1155,0,0,9,0,0,0,0,0,0,OPTIMAL=9,
49,1,interval_arithmetic,lower,3136,0,0.0,0.0,0,0,0,0,0,951,0,0,0,2185,,interval_arithmetic=951;lower_skipped_by_nonpositive_upper=2185
49,1,interval_arithmetic,upper,3136,0,0.0,0.0,0,0,0,0,0,3136,0,0,0,0,,interval_arithmetic=3136
49,2,lp,lower,1568,84,0.080471746,0.077423095703125,920,0,0,84,0,0,0,662,0,822,OPTIMAL=84,interval_proves_cutoff=662;lower_skipped_by_nonpositive_upper=822
49,2,lp,upper,1568,89,0.096627555,0.08716893196105957,1106,0,0,89,0,0,0,817,662,0,OPTIMAL=89,interval_proves_cutoff=817;upper_skipped_by_nonnegative_interval_lower=662
49,3,lp,lower,100,1,0.007034565,0.0069732666015625,253,0,0,1,0,0,0,8,0,91,OPTIMAL=1,interval_proves_cutoff=8;lower_skipped_by_nonpositive_upper=91
49,3,lp,upper,100,1,0.005188344,0.005066871643066406,215,0,0,1,0,0,0,91,8,0,OPTIMAL=1,interval_proves_cutoff=91;upper_skipped_by_nonnegative_interval_lower=8
50,0,lp,lower,9,9,0.07178268800000001,0.07117056846618652,1532,0,0,9,0,0,0,0,0,0,OPTIMAL=9,
50,0,lp,upper,9,9,0.075343615,0.07461690902709961,1631,0,0,9,0,0,0,0,0,0,OPTIMAL=9,
50,1,interval_arithmetic,lower,3136,0,0.0,0.0,0,0,0,0,0,912,0,0,0,2224,,interval_arithmetic=912;lower_skipped_by_nonpositive_upper=2224
50,1,interval_arithmetic,upper,3136,0,0.0,0.0,0,0,0,0,0,3136,0,0,0,0,,interval_arithmetic=3136
50,2,lp,lower,1568,117,0.12279785300000007,0.11846494674682617,1648,0,0,117,0,0,0,651,0,800,OPTIMAL=117,interval_proves_cutoff=651;lower_skipped_by_nonpositive_upper=800
50,2,lp,upper,1568,120,0.13324410900000008,0.12256073951721191,1811,0,0,120,0,0,0,797,651,0,OPTIMAL=120,interval_proves_cutoff=797;upper_skipped_by_nonnegative_interval_lower=651
50,3,lp,lower,100,1,0.008535464,0.008466243743896484,305,0,0,1,0,0,0,8,0,91,OPTIMAL=1,interval_proves_cutoff=8;lower_skipped_by_nonpositive_upper=91
50,3,lp,upper,100,1,0.007880191,0.007750988006591797,299,0,0,1,0,0,0,91,8,0,OPTIMAL=1,interval_proves_cutoff=91;upper_skipped_by_nonnegative_interval_lower=8
51,0,lp,lower,9,9,0.060322083,0.05979180335998535,1517,0,0,9,0,0,0,0,0,0,OPTIMAL=9,
51,0,lp,upper,9,9,0.061443458,0.06089639663696289,1482,0,0,9,0,0,0,0,0,0,OPTIMAL=9,
51,1,interval_arithmetic,lower,3136,0,0.0,0.0,0,0,0,0,0,903,0,0,0,2233,,interval_arithmetic=903;lower_skipped_by_nonpositive_upper=2233
51,1,interval_arithmetic,upper,3136,0,0.0,0.0,0,0,0,0,0,3136,0,0,0,0,,interval_arithmetic=3136
51,2,lp,lower,1568,89,0.09838484299999997,0.09502768516540527,1558,0,0,89,0,0,0,642,0,837,OPTIMAL=89,interval_proves_cutoff=642;lower_skipped_by_nonpositive_upper=837
51,2,lp,upper,1568,103,0.12021323600000004,0.10987210273742676,1750,0,0,103,0,0,0,823,642,0,OPTIMAL=103,interval_proves_cutoff=823;upper_skipped_by_nonnegative_interval_lower=642
51,3,lp,lower,100,2,0.010063252,0.009939908981323242,284,0,0,2,0,0,0,7,0,91,OPTIMAL=2,interval_proves_cutoff=7;lower_skipped_by_nonpositive_upper=91
51,3,lp,upper,100,2,0.011437705,0.011250019073486328,328,0,0,2,0,0,0,91,7,0,OPTIMAL=2,interval_proves_cutoff=91;upper_skipped_by_nonnegative_interval_lower=7
52,0,lp,lower,9,9,0.056361510999999996,0.055788278579711914,1494,0,0,9,0,0,0,0,0,0,OPTIMAL=9,
52,0,lp,upper,9,9,0.06163525200000001,0.06099987030029297,1593,0,0,9,0,0,0,0,0,0,OPTIMAL=9,
52,1,interval_arithmetic,lower,3136,0,0.0,0.0,0,0,0,0,0,961,0,0,0,2175,,interval_arithmetic=961;lower_skipped_by_nonpositive_upper=2175
52,1,interval_arithmetic,upper,3136,0,0.0,0.0,0,0,0,0,0,3136,0,0,0,0,,interval_arithmetic=3136
52,2,lp,lower,1568,102,0.107801445,0.10386395454406738,1278,0,0,102,0,0,0,684,0,782,OPTIMAL=102,interval_proves_cutoff=684;lower_skipped_by_nonpositive_upper=782
52,2,lp,upper,1568,106,0.12113819500000005,0.11091423034667969,1442,0,0,106,0,0,0,778,684,0,OPTIMAL=106,interval_proves_cutoff=778;upper_skipped_by_nonnegative_interval_lower=684
52,3,lp,lower,100,1,0.010940105,0.010871410369873047,315,0,0,1,0,0,0,8,0,91,OPTIMAL=1,interval_proves_cutoff=8;lower_skipped_by_nonpositive_upper=91
52,3,lp,upper,100,1,0.009295382,0.009090900421142578,263,0,0,1,0,0,0,91,8,0,OPTIMAL=1,interval_proves_cutoff=91;upper_skipped_by_nonnegative_interval_lower=8
53,0,lp,lower,9,9,0.10344916,0.10281944274902344,2102,0,0,9,0,0,0,0,0,0,OPTIMAL=9,
53,0,lp,upper,9,9,0.143205706,0.14254307746887207,2381,0,0,9,0,0,0,0,0,0,OPTIMAL=9,
53,1,interval_arithmetic,lower,3136,0,0.0,0.0,0,0,0,0,0,927,0,0,0,2209,,interval_arithmetic=927;lower_skipped_by_nonpositive_upper=2209
53,1,interval_arithmetic,upper,3136,0,0.0,0.0,0,0,0,0,0,3136,0,0,0,0,,interval_arithmetic=3136
53,2,lp,lower,1568,109,0.12340624900000001,0.11912155151367188,1744,0,0,109,0,0,0,673,0,786,OPTIMAL=109,interval_proves_cutoff=673;lower_skipped_by_nonpositive_upper=786
53,2,lp,upper,1568,116,0.14295876199999985,0.1323862075805664,1960,0,0,116,0,0,0,779,673,0,OPTIMAL=116,interval_proves_cutoff=779;upper_skipped_by_nonnegative_interval_lower=673
53,3,lp,lower,100,1,0.009794804,0.009719371795654297,326,0,0,1,0,0,0,8,0,91,OPTIMAL=1,interval_proves_cutoff=8;lower_skipped_by_nonpositive_upper=91
53,3,lp,upper,100,1,0.007927371,0.007792472839355469,273,0,0,1,0,0,0,91,8,0,OPTIMAL=1,interval_proves_cutoff=91;upper_skipped_by_nonnegative_interval_lower=8
54,0,lp,lower,9,9,0.08398031,0.08337640762329102,1738,0,0,9,0,0,0,0,0,0,OPTIMAL=9,
54,0,lp,upper,9,9,0.07684745899999999,0.07614660263061523,1797,0,0,9,0,0,0,0,0,0,OPTIMAL=9,
54,1,interval_arithmetic,lower,3136,0,0.0,0.0,0,0,0,0,0,905,0,0,0,2231,,interval_arithmetic=905;lower_skipped_by_nonpositive_upper=2231
54,1,interval_arithmetic,upper,3136,0,0.0,0.0,0,0,0,0,0,3136,0,0,0,0,,interval_arithmetic=3136
54,2,lp,lower,1568,128,0.14826324900000004,0.1432628631591797,1894,0,0,128,0,0,0,654,0,786,OPTIMAL=128,interval_proves_cutoff=654;lower_skipped_by_nonpositive_upper=786
54,2,lp,upper,1568,137,0.162949912,0.1513841152191162,2159,0,0,137,0,0,0,777,654,0,OPTIMAL=137,interval_proves_cutoff=777;upper_skipped_by_nonnegative_interval_lower=654
54,3,lp,lower,100,0,0.0,0.0,0,0,0,0,0,0,0,9,0,91,,interval_proves_cutoff=9;lower_skipped_by_nonpositive_upper=91
54,3,lp,upper,100,0,0.0,0.0,0,0,0,0,0,0,0,91,9,0,,interval_proves_cutoff=91;upper_skipped_by_nonnegative_interval_lower=9
55,0,lp,lower,9,9,0.083048199,0.08237576484680176,1863,0,0,9,0,0,0,0,0,0,OPTIMAL=9,
55,0,lp,upper,9,9,0.089469509,0.0887904167175293,1892,0,0,9,0,0,0,0,0,0,OPTIMAL=9,
55,1,interval_arithmetic,lower,3136,0,0.0,0.0,0,0,0,0,0,962,0,0,0,2174,,interval_arithmetic=962;lower_skipped_by_nonpositive_upper=2174
55,1,interval_arithmetic,upper,3136,0,0.0,0.0,0,0,0,0,0,3136,0,0,0,0,,interval_arithmetic=3136
55,2,lp,lower,1568,112,0.13622392399999994,0.13164687156677246,2065,0,0,112,0,0,0,669,0,787,OPTIMAL=112,interval_proves_cutoff=669;lower_skipped_by_nonpositive_upper=787
55,2,lp,upper,1568,121,0.15216675499999993,0.14102983474731445,2209,0,0,121,0,0,0,778,669,0,OPTIMAL=121,interval_proves_cutoff=778;upper_skipped_by_nonnegative_interval_lower=669
55,3,lp,lower,100,1,0.012049852,0.011978626251220703,329,0,0,1,0,0,0,8,0,91,OPTIMAL=1,interval_proves_cutoff=8;lower_skipped_by_nonpositive_upper=91
55,3,lp,upper,100,1,0.007416933,0.007282733917236328,252,0,0,1,0,0,0,91,8,0,OPTIMAL=1,interval_proves_cutoff=91;upper_skipped_by_nonnegative_interval_lower=8
56,0,lp,lower,9,9,0.035875481,0.03538346290588379,1037,0,0,9,0,0,0,0,0,0,OPTIMAL=9,
56,0,lp,upper,9,9,0.037862564,0.03725600242614746,1142,0,0,9,0,0,0,0,0,0,OPTIMAL=9,
56,1,interval_arithmetic,lower,3136,0,0.0,0.0,0,0,0,0,0,915,0,0,0,2221,,interval_arithmetic=915;lower_skipped_by_nonpositive_upper=2221
56,1,interval_arithmetic,upper,3136,0,0.0,0.0,0,0,0,0,0,3136,0,0,0,0,,interval_arithmetic=3136
56,2,lp,lower,1568,76,0.07564754,0.07284736633300781,926,0,0,76,0,0,0,681,0,811,OPTIMAL=76,interval_proves_cutoff=681;lower_skipped_by_nonpositive_upper=811
56,2,lp,upper,1568,82,0.091881676,0.08295226097106934,1135,0,0,82,0,0,0,805,681,0,OPTIMAL=82,interval_proves_cutoff=805;upper_skipped_by_nonnegative_interval_lower=681
56,3,lp,lower,100,0,0.0,0.0,0,0,0,0,0,0,0,9,0,91,,interval_proves_cutoff=9;lower_skipped_by_nonpositive_upper=91
56,3,lp,upper,100,0,0.0,0.0,0,0,0,0,0,0,0,91,9,0,,interval_proves_cutoff=91;upper_skipped_by_nonnegative_interval_lower=9
57,0,lp,lower,9,9,0.050994047,0.050481557846069336,1287,0,0,9,0,0,0,0,0,0,OPTIMAL=9,
57,0,lp,upper,9,9,0.044114361,0.04357647895812988,1103,0,0,9,0,0,0,0,0,0,OPTIMAL=9,
57,1,interval_arithmetic,lower,3136,0,0.0,0.0,0,0,0,0,0,923,0,0,0,2213,,interval_arithmetic=923;lower_skipped_by_nonpositive_upper=2213
57,1,interval_arithmetic,upper,3136,0,0.0,0.0,0,0,0,0,0,3136,0,0,0,0,,interval_arithmetic=3136
57,2,lp,lower,1568,83,0.08445348,0.08138179779052734,1048,0,0,83,0,0,0,666,0,819,OPTIMAL=83,interval_proves_cutoff=666;lower_skipped_by_nonpositive_upper=819
57,2,lp,upper,1568,88,0.09967018999999998,0.09036827087402344,1286,0,0,88,0,0,0,814,666,0,OPTIMAL=88,interval_proves_cutoff=814;upper_skipped_by_nonnegative_interval_lower=666
57,3,lp,lower,100,1,0.005254622,0.005194425582885742,215,0,0,1,0,0,0,8,0,91,OPTIMAL=1,interval_proves_cutoff=8;lower_skipped_by_nonpositive_upper=91
57,3,lp,upper,100,1,0.004584677,0.004452228546142578,178,0,0,1,0,0,0,91,8,0,OPTIMAL=1,interval_proves_cutoff=91;upper_skipped_by_nonnegative_interval_lower=8
58,0,lp,lower,9,9,0.027588009999999996,0.027120590209960938,760,0,0,9,0,0,0,0,0,0,OPTIMAL=9,
58,0,lp,upper,9,9,0.031131843999999995,0.030562639236450195,906,0,0,9,0,0,0,0,0,0,OPTIMAL=9,
58,1,interval_arithmetic,lower,3136,0,0.0,0.0,0,0,0,0,0,838,0,0,0,2298,,interval_arithmetic=838;lower_skipped_by_nonpositive_upper=2298
58,1,interval_arithmetic,upper,3136,0,0.0,0.0,0,0,0,0,0,3136,0,0,0,0,,interval_arithmetic=3136
58,2,lp,lower,1568,61,0.05322819699999999,0.05114912986755371,435,0,0,61,0,0,0,632,0,875,OPTIMAL=61,interval_proves_cutoff=632;lower_skipped_by_nonpositive_upper=875
58,2,lp,upper,1568,61,0.06048829499999999,0.05258536338806152,556,0,0,61,0,0,0,875,632,0,OPTIMAL=61,interval_proves_cutoff=875;upper_skipped_by_nonnegative_interval_lower=632
58,3,lp,lower,100,0,0.0,0.0,0,0,0,0,0,0,0,9,0,91,,interval_proves_cutoff=9;lower_skipped_by_nonpositive_upper=91
58,3,lp,upper,100,0,0.0,0.0,0,0,0,0,0,0,0,91,9,0,,interval_proves_cutoff=91;upper_skipped_by_nonnegative_interval_lower=9
59,0,lp,lower,9,9,0.077086025,0.07641410827636719,1587,0,0,9,0,0,0,0,0,0,OPTIMAL=9,
59,0,lp,upper,9,9,0.08511352199999998,0.08452320098876953,1704,0,0,9,0,0,0,0,0,0,OPTIMAL=9,
59,1,interval_arithmetic,lower,3136,0,0.0,0.0,0,0,0,0,0,922,0,0,0,2214,,interval_arithmetic=922;lower_skipped_by_nonpositive_upper=2214
59,1,interval_arithmetic,upper,3136,0,0.0,0.0,0,0,0,0,0,3136,0,0,0,0,,interval_arithmetic=3136
59,2,lp,lower,1568,90,0.09603917299999998,0.09266233444213867,1476,0,0,90,0,0,0,656,0,822,OPTIMAL=90,interval_proves_cutoff=656;lower_skipped_by_nonpositive_upper=822
59,2,lp,upper,1568,92,0.108259442,0.09852075576782227,1638,0,0,92,0,0,0,820,656,0,OPTIMAL=92,interval_proves_cutoff=820;upper_skipped_by_nonnegative_interval_lower=656
59,3,lp,lower,100,1,0.007635257,0.007574796676635742,266,0,0,1,0,0,0,8,0,91,OPTIMAL=1,interval_proves_cutoff=8;lower_skipped_by_nonpositive_upper=91
59,3,lp,upper,100,1,0.005325086,0.005197763442993164,211,0,0,1,0,0,0,91,8,0,OPTIMAL=1,interval_proves_cutoff=91;upper_skipped_by_nonnegative_interval_lower=8
60,0,lp,lower,9,9,0.047438013999999994,0.04689645767211914,1261,0,0,9,0,0,0,0,0,0,OPTIMAL=9,
60,0,lp,upper,9,9,0.053582137999999994,0.05305600166320801,1365,0,0,9,0,0,0,0,0,0,OPTIMAL=9,
60,1,interval_arithmetic,lower,3136,0,0.0,0.0,0,0,0,0,0,870,0,0,0,2266,,interval_arithmetic=870;lower_skipped_by_nonpositive_upper=2266
60,1,interval_arithmetic,upper,3136,0,0.0,0.0,0,0,0,0,0,3136,0,0,0,0,,interval_arithmetic=3136
60,2,lp,lower,1568,91,0.09577459499999999,0.09229516983032227,1585,0,0,91,0,0,0,635,0,842,OPTIMAL=91,interval_proves_cutoff=635;lower_skipped_by_nonpositive_upper=842
60,2,lp,upper,1568,100,0.115531334,0.10557842254638672,1895,0,0,100,0,0,0,833,635,0,OPTIMAL=100,interval_proves_cutoff=833;upper_skipped_by_nonnegative_interval_lower=635
60,3,lp,lower,100,2,0.013098719,0.01297903060913086,324,0,0,2,0,0,0,7,0,91,OPTIMAL=2,interval_proves_cutoff=7;lower_skipped_by_nonpositive_upper=91
60,3,lp,upper,100,2,0.009029227,0.00883936882019043,333,0,0,2,0,0,0,91,7,0,OPTIMAL=2,interval_proves_cutoff=91;upper_skipped_by_nonnegative_interval_lower=7
61,0,lp,lower,9,9,0.02462243,0.024152040481567383,701,0,0,9,0,0,0,0,0,0,OPTIMAL=9,
61,0,lp,upper,9,9,0.027301575999999998,0.026813745498657227,737,0,0,9,0,0,0,0,0,0,OPTIMAL=9,
61,1,interval_arithmetic,lower,3136,0,0.0,0.0,0,0,0,0,0,892,0,0,0,2244,,interval_arithmetic=892;lower_skipped_by_nonpositive_upper=2244
61,1,interval_arithmetic,upper,3136,0,0.0,0.0,0,0,0,0,0,3136,0,0,0,0,,interval_arithmetic=3136
61,2,lp,lower,1568,70,0.05661508699999998,0.05412650108337402,272,0,0,70,0,0,0,663,0,835,OPTIMAL=70,interval_proves_cutoff=663;lower_skipped_by_nonpositive_upper=835
61,2,lp,upper,1568,70,0.065011108,0.056836843490600586,384,0,0,70,0,0,0,835,663,0,OPTIMAL=70,interval_proves_cutoff=835;upper_skipped_by_nonnegative_interval_lower=663
61,3,lp,lower,100,1,0.003397475,0.003331899642944336,152,0,0,1,0,0,0,7,0,92,OPTIMAL=1,interval_proves_cutoff=7;lower_skipped_by_nonpositive_upper=92
61,3,lp,upper,100,1,0.00334,0.0031540393829345703,108,0,0,1,0,0,0,92,7,0,OPTIMAL=1,interval_proves_cutoff=92;upper_skipped_by_nonnegative_interval_lower=7
62,0,lp,lower,9,9,0.054011177,0.053375959396362305,1443,0,0,9,0,0,0,0,0,0,OPTIMAL=9,
62,0,lp,upper,9,9,0.056253074,0.05554080009460449,1507,0,0,9,0,0,0,0,0,0,OPTIMAL=9,
62,1,interval_arithmetic,lower,3136,0,0.0,0.0,0,0,0,0,0,945,0,0,0,2191,,interval_arithmetic=945;lower_skipped_by_nonpositive_upper=2191
62,1,interval_arithmetic,upper,3136,0,0.0,0.0,0,0,0,0,0,3136,0,0,0,0,,interval_arithmetic=3136
62,2,lp,lower,1568,107,0.11681645900000004,0.11262154579162598,1698,0,0,107,0,0,0,659,0,802,OPTIMAL=107,interval_proves_cutoff=659;lower_skipped_by_nonpositive_upper=802
62,2,lp,upper,1568,113,0.13112236099999997,0.12048673629760742,1834,0,0,113,0,0,0,796,659,0,OPTIMAL=113,interval_proves_cutoff=796;upper_skipped_by_nonnegative_interval_lower=659
62,3,lp,lower,100,0,0.0,0.0,0,0,0,0,0,0,0,9,0,91,,interval_proves_cutoff=9;lower_skipped_by_nonpositive_upper=91
62,3,lp,upper,100,0,0.0,0.0,0,0,0,0,0,0,0,91,9,0,,interval_proves_cutoff=91;upper_skipped_by_nonnegative_interval_lower=9
63,0,lp,lower,9,9,0.07920040299999999,0.07858109474182129,1587,0,0,9,0,0,0,0,0,0,OPTIMAL=9,
63,0,lp,upper,9,9,0.073852855,0.07314705848693848,1605,0,0,9,0,0,0,0,0,0,OPTIMAL=9,
63,1,interval_arithmetic,lower,3136,0,0.0,0.0,0,0,0,0,0,876,0,0,0,2260,,interval_arithmetic=876;lower_skipped_by_nonpositive_upper=2260
63,1,interval_arithmetic,upper,3136,0,0.0,0.0,0,0,0,0,0,3136,0,0,0,0,,interval_arithmetic=3136
63,2,lp,lower,1568,123,0.12159406799999999,0.11707353591918945,1513,0,0,123,0,0,0,620,0,825,OPTIMAL=123,interval_proves_cutoff=620;lower_skipped_by_nonpositive_upper=825
63,2,lp,upper,1568,127,0.14833929599999995,0.1336679458618164,1666,0,0,127,0,0,0,821,620,0,OPTIMAL=127,interval_proves_cutoff=821;upper_skipped_by_nonnegative_interval_lower=620
63,3,lp,lower,100,0,0.0,0.0,0,0,0,0,0,0,0,9,0,91,,interval_proves_cutoff=9;lower_skipped_by_nonpositive_upper=91
63,3,lp,upper,100,0,0.0,0.0,0,0,0,0,0,0,0,91,9,0,,interval_proves_cutoff=91;upper_skipped_by_nonnegative_interval_lower=9
64,0,lp,lower,9,9,0.051929461,0.05138063430786133,1444,0,0,9,0,0,0,0,0,0,OPTIMAL=9,
64,0,lp,upper,9,9,0.067484622,0.056220293045043945,1578,0,0,9,0,0,0,0,0,0,OPTIMAL=9,
64,1,interval_arithmetic,lower,3136,0,0.0,0.0,0,0,0,0,0,908,0,0,0,2228,,interval_arithmetic=908;lower_skipped_by_nonpositive_upper=2228
64,1,interval_arithmetic,upper,3136,0,0.0,0.0,0,0,0,0,0,3136,0,0,0,0,,interval_arithmetic=3136
64,2,lp,lower,1568,100,0.111516285,0.10764098167419434,1535,0,0,100,0,0,0,650,0,818,OPTIMAL=100,interval_proves_cutoff=650;lower_skipped_by_nonpositive_upper=818
64,2,lp,upper,1568,104,0.12470444600000002,0.11462140083312988,1640,0,0,104,0,0,0,814,650,0,OPTIMAL=104,interval_proves_cutoff=814;upper_skipped_by_nonnegative_interval_lower=650
64,3,lp,lower,100,0,0.0,0.0,0,0,0,0,0,0,0,9,0,91,,interval_proves_cutoff=9;lower_skipped_by_nonpositive_upper=91
64,3,lp,upper,100,0,0.0,0.0,0,0,0,0,0,0,0,91,9,0,,interval_proves_cutoff=91;upper_skipped_by_nonnegative_interval_lower=9
65,0,lp,lower,9,9,0.060690703000000006,0.0600278377532959,1516,0,0,9,0,0,0,0,0,0,OPTIMAL=9,
65,0,lp,upper,9,9,0.070153096,0.06953072547912598,1547,0,0,9,0,0,0,0,0,0,OPTIMAL=9,
65,1,interval_arithmetic,lower,3136,0,0.0,0.0,0,0,0,0,0,942,0,0,0,2194,,interval_arithmetic=942;lower_skipped_by_nonpositive_upper=2194
65,1,interval_arithmetic,upper,3136,0,0.0,0.0,0,0,0,0,0,3136,0,0,0,0,,interval_arithmetic=3136
65,2,lp,lower,1568,109,0.12315796499999997,0.11886191368103027,1420,0,0,109,0,0,0,671,0,788,OPTIMAL=109,interval_proves_cutoff=671;lower_skipped_by_nonpositive_upper=788
65,2,lp,upper,1568,113,0.1494665370000001,0.12622976303100586,1651,0,0,113,0,0,0,784,671,0,OPTIMAL=113,interval_proves_cutoff=784;upper_skipped_by_nonnegative_interval_lower=671
65,3,lp,lower,100,2,0.013665555,0.013533592224121094,356,0,0,2,0,0,0,7,0,91,OPTIMAL=2,interval_proves_cutoff=7;lower_skipped_by_nonpositive_upper=91
65,3,lp,upper,100,2,0.014145418,0.013941287994384766,424,0,0,2,0,0,0,91,7,0,OPTIMAL=2,interval_proves_cutoff=91;upper_skipped_by_nonnegative_interval_lower=7
66,0,lp,lower,9,9,0.073305946,0.0726773738861084,1460,0,0,9,0,0,0,0,0,0,OPTIMAL=9,
66,0,lp,upper,9,9,0.06639785799999999,0.06572461128234863,1424,0,0,9,0,0,0,0,0,0,OPTIMAL=9,
66,1,interval_arithmetic,lower,3136,0,0.0,0.0,0,0,0,0,0,865,0,0,0,2271,,interval_arithmetic=865;lower_skipped_by_nonpositive_upper=2271
66,1,interval_arithmetic,upper,3136,0,0.0,0.0,0,0,0,0,0,3136,0,0,0,0,,interval_arithmetic=3136
66,2,lp,lower,1568,122,0.11055396600000002,0.10629653930664062,1274,0,0,122,0,0,0,604,0,842,OPTIMAL=122,interval_proves_cutoff=604;lower_skipped_by_nonpositive_upper=842
66,2,lp,upper,1568,122,0.12182657699999998,0.11150193214416504,1456,0,0,122,0,0,0,842,604,0,OPTIMAL=122,interval_proves_cutoff=842;upper_skipped_by_nonnegative_interval_lower=604
66,3,lp,lower,100,0,0.0,0.0,0,0,0,0,0,0,0,9,0,91,,interval_proves_cutoff=9;lower_skipped_by_nonpositive_upper=91
66,3,lp,upper,100,0,0.0,0.0,0,0,0,0,0,0,0,91,9,0,,interval_proves_cutoff=91;upper_skipped_by_nonnegative_interval_lower=9
67,0,lp,lower,9,9,0.121230718,0.1205892562866211,2074,0,0,9,0,0,0,0,0,0,OPTIMAL=9,
67,0,lp,upper,9,9,0.11342430599999999,0.11278200149536133,2045,0,0,9,0,0,0,0,0,0,OPTIMAL=9,
67,1,interval_arithmetic,lower,3136,0,0.0,0.0,0,0,0,0,0,926,0,0,0,2210,,interval_arithmetic=926;lower_skipped_by_nonpositive_upper=2210
67,1,interval_arithmetic,upper,3136,0,0.0,0.0,0,0,0,0,0,3136,0,0,0,0,,interval_arithmetic=3136
67,2,lp,lower,1568,111,0.12767900499999996,0.12335801124572754,2079,0,0,111,0,0,0,648,0,809,OPTIMAL=111,interval_proves_cutoff=648;lower_skipped_by_nonpositive_upper=809
67,2,lp,upper,1568,120,0.146915348,0.1357574462890625,2249,0,0,120,0,0,0,800,648,0,OPTIMAL=120,interval_proves_cutoff=800;upper_skipped_by_nonnegative_interval_lower=648
67,3,lp,lower,100,2,0.017110919,0.01698589324951172,388,0,0,2,0,0,0,7,0,91,OPTIMAL=2,interval_proves_cutoff=7;lower_skipped_by_nonpositive_upper=91
67,3,lp,upper,100,2,0.014026283,0.013834476470947266,451,0,0,2,0,0,0,91,7,0,OPTIMAL=2,interval_proves_cutoff=91;upper_skipped_by_nonnegative_interval_lower=7
68,0,lp,lower,9,9,0.054172494,0.05362510681152344,1410,0,0,9,0,0,0,0,0,0,OPTIMAL=9,
68,0,lp,upper,9,9,0.053070709,0.052503108978271484,1416,0,0,9,0,0,0,0,0,0,OPTIMAL=9,
68,1,interval_arithmetic,lower,3136,0,0.0,0.0,0,0,0,0,0,913,0,0,0,2223,,interval_arithmetic=913;lower_skipped_by_nonpositive_upper=2223
68,1,interval_arithmetic,upper,3136,0,0.0,0.0,0,0,0,0,0,3136,0,0,0,0,,interval_arithmetic=3136
68,2,lp,lower,1568,108,0.11235194800000002,0.10831713676452637,1504,0,0,108,0,0,0,657,0,803,OPTIMAL=108,interval_proves_cutoff=657;lower_skipped_by_nonpositive_upper=803
68,2,lp,upper,1568,117,0.12843611600000004,0.11789298057556152,1670,0,0,117,0,0,0,794,657,0,OPTIMAL=117,interval_proves_cutoff=794;upper_skipped_by_nonnegative_interval_lower=657
68,3,lp,lower,100,1,0.00777686,0.007699251174926758,293,0,0,1,0,0,0,8,0,91,OPTIMAL=1,interval_proves_cutoff=8;lower_skipped_by_nonpositive_upper=91
68,3,lp,upper,100,1,0.00533014,0.005201578140258789,224,0,0,1,0,0,0,91,8,0,OPTIMAL=1,interval_proves_cutoff=91;upper_skipped_by_nonnegative_interval_lower=8
69,0,lp,lower,9,9,0.037177153,0.03665876388549805,1046,0,0,9,0,0,0,0,0,0,OPTIMAL=9,
69,0,lp,upper,9,9,0.036828437,0.03625226020812988,962,0,0,9,0,0,0,0,0,0,OPTIMAL=9,
69,1,interval_arithmetic,lower,3136,0,0.0,0.0,0,0,0,0,0,931,0,0,0,2205,,interval_arithmetic=931;lower_skipped_by_nonpositive_upper=2205
69,1,interval_arithmetic,upper,3136,0,0.0,0.0,0,0,0,0,0,3136,0,0,0,0,,interval_arithmetic=3136
69,2,lp,lower,1568,86,0.07561803000000002,0.07245349884033203,404,0,0,86,0,0,0,686,0,796,OPTIMAL=86,interval_proves_cutoff=686;lower_skipped_by_nonpositive_upper=796
69,2,lp,upper,1568,86,0.08176469800000001,0.07286858558654785,389,0,0,86,0,0,0,796,686,0,OPTIMAL=86,interval_proves_cutoff=796;upper_skipped_by_nonnegative_interval_lower=686
69,3,lp,lower,100,1,0.004136648,0.00406336784362793,187,0,0,1,0,0,0,8,0,91,OPTIMAL=1,interval_proves_cutoff=8;lower_skipped_by_nonpositive_upper=91
69,3,lp,upper,100,1,0.004007877,0.0038824081420898438,164,0,0,1,0,0,0,91,8,0,OPTIMAL=1,interval_proves_cutoff=91;upper_skipped_by_nonnegative_interval_lower=8
70,0,lp,lower,9,9,0.058599264,0.05804562568664551,1432,0,0,9,0,0,0,0,0,0,OPTIMAL=9,
70,0,lp,upper,9,9,0.05564561999999999,0.05504131317138672,1436,0,0,9,0,0,0,0,0,0,OPTIMAL=9,
70,1,interval_arithmetic,lower,3136,0,0.0,0.0,0,0,0,0,0,937,0,0,0,2199,,interval_arithmetic=937;lower_skipped_by_nonpositive_upper=2199
70,1,interval_arithmetic,upper,3136,0,0.0,0.0,0,0,0,0,0,3136,0,0,0,0,,interval_arithmetic=3136
70,2,lp,lower,1568,97,0.10681846000000002,0.10312080383300781,1381,0,0,97,0,0,0,682,0,789,OPTIMAL=97,interval_proves_cutoff=682;lower_skipped_by_nonpositive_upper=789
70,2,lp,upper,1568,103,0.12428395599999995,0.11393857002258301,1585,0,0,103,0,0,0,783,682,0,OPTIMAL=103,interval_proves_cutoff=783;upper_skipped_by_nonnegative_interval_lower=682
70,3,lp,lower,100,1,0.006676788,0.0065996646881103516,272,0,0,1,0,0,0,8,0,91,OPTIMAL=1,interval_proves_cutoff=8;lower_skipped_by_nonpositive_upper=91
70,3,lp,upper,100,1,0.005635301,0.005499601364135742,205,0,0,1,0,0,0,91,8,0,OPTIMAL=1,interval_proves_cutoff=91;upper_skipped_by_nonnegative_interval_lower=8
71,0,lp,lower,9,9,0.03220266199999999,0.03172922134399414,1070,0,0,9,0,0,0,0,0,0,OPTIMAL=9,
71,0,lp,upper,9,9,0.032599117999999996,0.03198957443237305,1068,0,0,9,0,0,0,0,0,0,OPTIMAL=9,
71,1,interval_arithmetic,lower,3136,0,0.0,0.0,0,0,0,0,0,906,0,0,0,2230,,interval_arithmetic=906;lower_skipped_by_nonpositive_upper=2230
71,1,interval_arithmetic,upper,3136,0,0.0,0.0,0,0,0,0,0,3136,0,0,0,0,,interval_arithmetic=3136
71,2,lp,lower,1568,69,0.069092153,0.06650829315185547,845,0,0,69,0,0,0,661,0,838,OPTIMAL=69,interval_proves_cutoff=661;lower_skipped_by_nonpositive_upper=838
71,2,lp,upper,1568,78,0.08826852999999997,0.07900404930114746,1078,0,0,78,0,0,0,829,661,0,OPTIMAL=78,interval_proves_cutoff=829;upper_skipped_by_nonnegative_interval_lower=661
71,3,lp,lower,100,0,0.0,0.0,0,0,0,0,0,0,0,8,0,92,,interval_proves_cutoff=8;lower_skipped_by_nonpositive_upper=92
71,3,lp,upper,100,0,0.0,0.0,0,0,0,0,0,0,0,92,8,0,,interval_proves_cutoff=92;upper_skipped_by_nonnegative_interval_lower=8
72,0,lp,lower,9,9,0.04144575500000001,0.04092812538146973,1332,0,0,9,0,0,0,0,0,0,OPTIMAL=9,
72,0,lp,upper,9,9,0.04175289599999999,0.041214942932128906,1395,0,0,9,0,0,0,0,0,0,OPTIMAL=9,
72,1,interval_arithmetic,lower,3136,0,0.0,0.0,0,0,0,0,0,968,0,0,0,2168,,interval_arithmetic=968;lower_skipped_by_nonpositive_upper=2168
72,1,interval_arithmetic,upper,3136,0,0.0,0.0,0,0,0,0,0,3136,0,0,0,0,,interval_arithmetic=3136
72,2,lp,lower,1568,94,0.097619878,0.09402275085449219,818,0,0,94,0,0,0,688,0,786,OPTIMAL=94,interval_proves_cutoff=688;lower_skipped_by_nonpositive_upper=786
72,2,lp,upper,1568,105,0.119562107,0.1096956729888916,1089,0,0,105,0,0,0,775,688,0,OPTIMAL=105,interval_proves_cutoff=775;upper_skipped_by_nonnegative_interval_lower=688
72,3,lp,lower,100,0,0.0,0.0,0,0,0,0,0,0,0,8,0,92,,interval_proves_cutoff=8;lower_skipped_by_nonpositive_upper=92
72,3,lp,upper,100,1,0.005015608,0.004889726638793945,211,0,0,1,0,0,0,91,8,0,OPTIMAL=1,interval_proves_cutoff=91;upper_skipped_by_nonnegative_interval_lower=8
73,0,lp,lower,9,9,0.07525126900000001,0.07465386390686035,1728,0,0,9,0,0,0,0,0,0,OPTIMAL=9,
73,0,lp,upper,9,9,0.070103106,0.06949758529663086,1722,0,0,9,0,0,0,0,0,0,OPTIMAL=9,
73,1,interval_arithmetic,lower,3136,0,0.0,0.0,0,0,0,0,0,931,0,0,0,2205,,interval_arithmetic=931;lower_skipped_by_nonpositive_upper=2205
73,1,interval_arithmetic,upper,3136,0,0.0,0.0,0,0,0,0,0,3136,0,0,0,0,,interval_arithmetic=3136
73,2,lp,lower,1568,108,0.12055051100000001,0.11608052253723145,1623,0,0,108,0,0,0,679,0,781,OPTIMAL=108,interval_proves_cutoff=679;lower_skipped_by_nonpositive_upper=781
73,2,lp,upper,1568,114,0.130707568,0.11998295783996582,1708,0,0,114,0,0,0,775,679,0,OPTIMAL=114,interval_proves_cutoff=775;upper_skipped_by_nonnegative_interval_lower=679
73,3,lp,lower,100,1,0.007732953,0.0076618194580078125,300,0,0,1,0,0,0,8,0,91,OPTIMAL=1,interval_proves_cutoff=8;lower_skipped_by_nonpositive_upper=91
73,3,lp,upper,100,1,0.006648063,0.006519794464111328,229,0,0,1,0,0,0,91,8,0,OPTIMAL=1,interval_proves_cutoff=91;upper_skipped_by_nonnegative_interval_lower=8
74,0,lp,lower,9,9,0.027960853,0.027513504028320312,928,0,0,9,0,0,0,0,0,0,OPTIMAL=9,
74,0,lp,upper,9,9,0.029164771999999995,0.028673887252807617,878,0,0,9,0,0,0,0,0,0,OPTIMAL=9,
74,1,interval_arithmetic,lower,3136,0,0.0,0.0,0,0,0,0,0,910,0,0,0,2226,,interval_arithmetic=910;lower_skipped_by_nonpositive_upper=2226
74,1,interval_arithmetic,upper,3136,0,0.0,0.0,0,0,0,0,0,3136,0,0,0,0,,interval_arithmetic=3136
74,2,lp,lower,1568,61,0.06007726400000002,0.05786585807800293,634,0,0,61,0,0,0,652,0,855,OPTIMAL=61,interval_proves_cutoff=652;lower_skipped_by_nonpositive_upper=855
74,2,lp,upper,1568,63,0.07079842999999998,0.06261968612670898,740,0,0,63,0,0,0,853,652,0,OPTIMAL=63,interval_proves_cutoff=853;upper_skipped_by_nonnegative_interval_lower=652
74,3,lp,lower,100,1,0.003735958,0.003670215606689453,163,0,0,1,0,0,0,8,0,91,OPTIMAL=1,interval_proves_cutoff=8;lower_skipped_by_nonpositive_upper=91
74,3,lp,upper,100,1,0.003660456,0.003553152084350586,147,0,0,1,0,0,0,91,8,0,OPTIMAL=1,interval_proves_cutoff=91;upper_skipped_by_nonnegative_interval_lower=8
75,0,lp,lower,9,9,0.053485200999999996,0.052980661392211914,1166,0,0,9,0,0,0,0,0,0,OPTIMAL=9,
75,0,lp,upper,9,9,0.051174494,0.05068659782409668,1152,0,0,9,0,0,0,0,0,0,OPTIMAL=9,
75,1,interval_arithmetic,lower,3136,0,0.0,0.0,0,0,0,0,0,859,0,0,0,2277,,interval_arithmetic=859;lower_skipped_by_nonpositive_upper=2277
75,1,interval_arithmetic,upper,3136,0,0.0,0.0,0,0,0,0,0,3136,0,0,0,0,,interval_arithmetic=3136
75,2,lp,lower,1568,56,0.05064334599999998,0.04870152473449707,502,0,0,56,0,0,0,653,0,859,OPTIMAL=56,interval_proves_cutoff=653;lower_skipped_by_nonpositive_upper=859
75,2,lp,upper,1568,59,0.062372282,0.05440211296081543,662,0,0,59,0,0,0,856,653,0,OPTIMAL=59,interval_proves_cutoff=856;upper_skipped_by_nonnegative_interval_lower=653
75,3,lp,lower,100,2,0.0068330560000000005,0.0067293643951416016,200,0,0,2,0,0,0,7,0,91,OPTIMAL=2,interval_proves_cutoff=7;lower_skipped_by_nonpositive_upper=91
75,3,lp,upper,100,2,0.007491385,0.007313966751098633,244,0,0,2,0,0,0,91,7,0,OPTIMAL=2,interval_proves_cutoff=91;upper_skipped_by_nonnegative_interval_lower=7
76,0,lp,lower,9,9,0.076445024,0.07582879066467285,1542,0,0,9,0,0,0,0,0,0,OPTIMAL=9,
76,0,lp,upper,9,9,0.09786715900000001,0.09724307060241699,1763,0,0,9,0,0,0,0,0,0,OPTIMAL=9,
76,1,interval_arithmetic,lower,3136,0,0.0,0.0,0,0,0,0,0,912,0,0,0,2224,,interval_arithmetic=912;lower_skipped_by_nonpositive_upper=2224
76,1,interval_arithmetic,upper,3136,0,0.0,0.0,0,0,0,0,0,3136,0,0,0,0,,interval_arithmetic=3136
76,2,lp,lower,1568,107,0.11572873700000001,0.11168527603149414,1597,0,0,107,0,0,0,653,0,808,OPTIMAL=107,interval_proves_cutoff=653;lower_skipped_by_nonpositive_upper=808
76,2,lp,upper,1568,113,0.13592307699999995,0.12540149688720703,1932,0,0,113,0,0,0,802,653,0,OPTIMAL=113,interval_proves_cutoff=802;upper_skipped_by_nonnegative_interval_lower=653
76,3,lp,lower,100,2,0.017766675,0.01763749122619629,395,0,0,2,0,0,0,7,0,91,OPTIMAL=2,interval_proves_cutoff=7;lower_skipped_by_nonpositive_upper=91
76,3,lp,upper,100,2,0.012972045,0.012772798538208008,421,0,0,2,0,0,0,91,7,0,OPTIMAL=2,interval_proves_cutoff=91;upper_skipped_by_nonnegative_interval_lower=7
77,0,lp,lower,9,9,0.10343018,0.1027989387512207,1875,0,0,9,0,0,0,0,0,0,OPTIMAL=9,
77,0,lp,upper,9,9,0.115573693,0.11494612693786621,1984,0,0,9,0,0,0,0,0,0,OPTIMAL=9,
77,1,interval_arithmetic,lower,3136,0,0.0,0.0,0,0,0,0,0,899,0,0,0,2237,,interval_arithmetic=899;lower_skipped_by_nonpositive_upper=2237
77,1,interval_arithmetic,upper,3136,0,0.0,0.0,0,0,0,0,0,3136,0,0,0,0,,interval_arithmetic=3136
77,2,lp,lower,1568,107,0.11607915800000004,0.1118917465209961,1789,0,0,107,0,0,0,652,0,809,OPTIMAL=107,interval_proves_cutoff=652;lower_skipped_by_nonpositive_upper=809
77,2,lp,upper,1568,114,0.13445401999999995,0.12385368347167969,2022,0,0,114,0,0,0,802,652,0,OPTIMAL=114,interval_proves_cutoff=802;upper_skipped_by_nonnegative_interval_lower=652
77,3,lp,lower,100,2,0.01325961,0.013101816177368164,313,0,0,2,0,0,0,7,0,91,OPTIMAL=2,interval_proves_cutoff=7;lower_skipped_by_nonpositive_upper=91
77,3,lp,upper,100,2,0.019093235,0.018881559371948242,465,0,0,2,0,0,0,91,7,0,OPTIMAL=2,interval_proves_cutoff=91;upper_skipped_by_nonnegative_interval_lower=7
78,0,lp,lower,9,9,0.07761527499999998,0.07700729370117188,1785,0,0,9,0,0,0,0,0,0,OPTIMAL=9,
78,0,lp,upper,9,9,0.08049580199999999,0.07980823516845703,1884,0,0,9,0,0,0,0,0,0,OPTIMAL=9,
78,1,interval_arithmetic,lower,3136,0,0.0,0.0,0,0,0,0,0,892,0,0,0,2244,,interval_arithmetic=892;lower_skipped_by_nonpositive_upper=2244
78,1,interval_arithmetic,upper,3136,0,0.0,0.0,0,0,0,0,0,3136,0,0,0,0,,interval_arithmetic=3136
78,2,lp,lower,1568,120,0.12811505099999995,0.12343764305114746,1635,0,0,120,0,0,0,652,0,796,OPTIMAL=120,interval_proves_cutoff=652;lower_skipped_by_nonpositive_upper=796
78,2,lp,upper,1568,125,0.14701949599999994,0.13585472106933594,1916,0,0,125,0,0,0,791,652,0,OPTIMAL=125,interval_proves_cutoff=791;upper_skipped_by_nonnegative_interval_lower=652
78,3,lp,lower,100,0,0.0,0.0,0,0,0,0,0,0,0,9,0,91,,interval_proves_cutoff=9;lower_skipped_by_nonpositive_upper=91
78,3,lp,upper,100,0,0.0,0.0,0,0,0,0,0,0,0,91,9,0,,interval_proves_cutoff=91;upper_skipped_by_nonnegative_interval_lower=9
79,0,lp,lower,9,9,0.042244276000000004,0.04170370101928711,1205,0,0,9,0,0,0,0,0,0,OPTIMAL=9,
79,0,lp,upper,9,9,0.045556584000000004,0.044996023178100586,1294,0,0,9,0,0,0,0,0,0,OPTIMAL=9,
79,1,interval_arithmetic,lower,3136,0,0.0,0.0,0,0,0,0,0,895,0,0,0,2241,,interval_arithmetic=895;lower_skipped_by_nonpositive_upper=2241
79,1,interval_arithmetic,upper,3136,0,0.0,0.0,0,0,0,0,0,3136,0,0,0,0,,interval_arithmetic=3136
79,2,lp,lower,1568,80,0.07861513900000001,0.07566618919372559,1113,0,0,80,0,0,0,633,0,855,OPTIMAL=80,interval_proves_cutoff=633;lower_skipped_by_nonpositive_upper=855
79,2,lp,upper,1568,84,0.092250458,0.08300065994262695,1226,0,0,84,0,0,0,851,633,0,OPTIMAL=84,interval_proves_cutoff=851;upper_skipped_by_nonnegative_interval_lower=633
79,3,lp,lower,100,1,0.004987046,0.004915475845336914,219,0,0,1,0,0,0,8,0,91,OPTIMAL=1,interval_proves_cutoff=8;lower_skipped_by_nonpositive_upper=91
79,3,lp,upper,100,1,0.005417305,0.005292654037475586,209,0,0,1,0,0,0,91,8,0,OPTIMAL=1,interval_proves_cutoff=91;upper_skipped_by_nonnegative_interval_lower=8
80,0,lp,lower,9,9,0.031222327,0.030751466751098633,1052,0,0,9,0,0,0,0,0,0,OPTIMAL=9,
80,0,lp,upper,9,9,0.035235336,0.03467965126037598,1171,0,0,9,0,0,0,0,0,0,OPTIMAL=9,
80,1,interval_arithmetic,lower,3136,0,0.0,0.0,0,0,0,0,0,958,0,0,0,2178,,interval_arithmetic=958;lower_skipped_by_nonpositive_upper=2178
80,1,interval_arithmetic,upper,3136,0,0.0,0.0,0,0,0,0,0,3136,0,0,0,0,,interval_arithmetic=3136
80,2,lp,lower,1568,74,0.07441864000000002,0.07163810729980469,797,0,0,74,0,0,0,674,0,820,OPTIMAL=74,interval_proves_cutoff=674;lower_skipped_by_nonpositive_upper=820
80,2,lp,upper,1568,77,0.08725492000000001,0.07779932022094727,892,0,0,77,0,0,0,817,674,0,OPTIMAL=77,interval_proves_cutoff=817;upper_skipped_by_nonnegative_interval_lower=674
80,3,lp,lower,100,0,0.0,0.0,0,0,0,0,0,0,0,9,0,91,,interval_proves_cutoff=9;lower_skipped_by_nonpositive_upper=91
80,3,lp,upper,100,0,0.0,0.0,0,0,0,0,0,0,0,91,9,0,,interval_proves_cutoff=91;upper_skipped_by_nonnegative_interval_lower=9
81,0,lp,lower,9,9,0.033815918,0.033334970474243164,860,0,0,9,0,0,0,0,0,0,OPTIMAL=9,
81,0,lp,upper,9,9,0.036723849,0.03622865676879883,827,0,0,9,0,0,0,0,0,0,OPTIMAL=9,
81,1,interval_arithmetic,lower,3136,0,0.0,0.0,0,0,0,0,0,873,0,0,0,2263,,interval_arithmetic=873;lower_skipped_by_nonpositive_upper=2263
81,1,interval_arithmetic,upper,3136,0,0.0,0.0,0,0,0,0,0,3136,0,0,0,0,,interval_arithmetic=3136
81,2,lp,lower,1568,57,0.05084419700000001,0.04880094528198242,549,0,0,57,0,0,0,667,0,844,OPTIMAL=57,interval_proves_cutoff=667;lower_skipped_by_nonpositive_upper=844
81,2,lp,upper,1568,62,0.064955481,0.05695676803588867,665,0,0,62,0,0,0,839,667,0,OPTIMAL=62,interval_proves_cutoff=839;upper_skipped_by_nonnegative_interval_lower=667
81,3,lp,lower,100,1,0.003557824,0.003499746322631836,148,0,0,1,0,0,0,8,0,91,OPTIMAL=1,interval_proves_cutoff=8;lower_skipped_by_nonpositive_upper=91
81,3,lp,upper,100,1,0.004057485,0.003880739212036133,132,0,0,1,0,0,0,91,8,0,OPTIMAL=1,interval_proves_cutoff=91;upper_skipped_by_nonnegative_interval_lower=8
82,0,lp,lower,9,9,0.042172618999999995,0.04165244102478027,1066,0,0,9,0,0,0,0,0,0,OPTIMAL=9,
82,0,lp,upper,9,9,0.04228873,0.041733741760253906,1135,0,0,9,0,0,0,0,0,0,OPTIMAL=9,
82,1,interval_arithmetic,lower,3136,0,0.0,0.0,0,0,0,0,0,911,0,0,0,2225,,interval_arithmetic=911;lower_skipped_by_nonpositive_upper=2225
82,1,interval_arithmetic,upper,3136,0,0.0,0.0,0,0,0,0,0,3136,0,0,0,0,,interval_arithmetic=3136
82,2,lp,lower,1568,74,0.07566887900000001,0.0728459358215332,961,0,0,74,0,0,0,672,0,822,OPTIMAL=74,interval_proves_cutoff=672;lower_skipped_by_nonpositive_upper=822
82,2,lp,upper,1568,75,0.08522381300000001,0.07628154754638672,1070,0,0,75,0,0,0,821,672,0,OPTIMAL=75,interval_proves_cutoff=821;upper_skipped_by_nonnegative_interval_lower=672
82,3,lp,lower,100,1,0.00519837,0.005134105682373047,213,0,0,1,0,0,0,8,0,91,OPTIMAL=1,interval_proves_cutoff=8;lower_skipped_by_nonpositive_upper=91
82,3,lp,upper,100,1,0.004160198,0.004042625427246094,175,0,0,1,0,0,0,91,8,0,OPTIMAL=1,interval_proves_cutoff=91;upper_skipped_by_nonnegative_interval_lower=8
83,0,lp,lower,9,9,0.043189989000000005,0.04265475273132324,1427,0,0,9,0,0,0,0,0,0,OPTIMAL=9,
83,0,lp,upper,9,9,0.044952568,0.04440760612487793,1401,0,0,9,0,0,0,0,0,0,OPTIMAL=9,
83,1,interval_arithmetic,lower,3136,0,0.0,0.0,0,0,0,0,0,942,0,0,0,2194,,interval_arithmetic=942;lower_skipped_by_nonpositive_upper=2194
83,1,interval_arithmetic,upper,3136,0,0.0,0.0,0,0,0,0,0,3136,0,0,0,0,,interval_arithmetic=3136
83,2,lp,lower,1568,98,0.10767358999999997,0.10391354560852051,1346,0,0,98,0,0,0,685,0,785,OPTIMAL=98,interval_proves_cutoff=685;lower_skipped_by_nonpositive_upper=785
83,2,lp,upper,1568,103,0.12497349599999993,0.11477899551391602,1493,0,0,103,0,0,0,780,685,0,OPTIMAL=103,interval_proves_cutoff=780;upper_skipped_by_nonnegative_interval_lower=685
83,3,lp,lower,100,0,0.0,0.0,0,0,0,0,0,0,0,8,0,92,,interval_proves_cutoff=8;lower_skipped_by_nonpositive_upper=92
83,3,lp,upper,100,1,0.005197378,0.005074501037597656,217,0,0,1,0,0,0,91,8,0,OPTIMAL=1,interval_proves_cutoff=91;upper_skipped_by_nonnegative_interval_lower=8
84,0,lp,lower,9,9,0.044628811000000004,0.044130563735961914,1111,0,0,9,0,0,0,0,0,0,OPTIMAL=9,
84,0,lp,upper,9,9,0.046162444999999996,0.045641422271728516,1155,0,0,9,0,0,0,0,0,0,OPTIMAL=9,
84,1,interval_arithmetic,lower,3136,0,0.0,0.0,0,0,0,0,0,882,0,0,0,2254,,interval_arithmetic=882;lower_skipped_by_nonpositive_upper=2254
84,1,interval_arithmetic,upper,3136,0,0.0,0.0,0,0,0,0,0,3136,0,0,0,0,,interval_arithmetic=3136
84,2,lp,lower,1568,72,0.07256245000000001,0.06987643241882324,817,0,0,72,0,0,0,653,0,843,OPTIMAL=72,interval_proves_cutoff=653;lower_skipped_by_nonpositive_upper=843
84,2,lp,upper,1568,77,0.088766575,0.07998776435852051,1038,0,0,77,0,0,0,838,653,0,OPTIMAL=77,interval_proves_cutoff=838;upper_skipped_by_nonnegative_interval_lower=653
84,3,lp,lower,100,1,0.005518676,0.0054624080657958984,201,0,0,1,0,0,0,8,0,91,OPTIMAL=1,interval_proves_cutoff=8;lower_skipped_by_nonpositive_upper=91
84,3,lp,upper,100,1,0.004670066,0.004553794860839844,191,0,0,1,0,0,0,91,8,0,OPTIMAL=1,interval_proves_cutoff=91;upper_skipped_by_nonnegative_interval_lower=8
85,0,lp,lower,9,9,0.06433710100000001,0.06376242637634277,1606,0,0,9,0,0,0,0,0,0,OPTIMAL=9,
85,0,lp,upper,9,9,0.07238409000000001,0.07177090644836426,1751,0,0,9,0,0,0,0,0,0,OPTIMAL=9,
85,1,interval_arithmetic,lower,3136,0,0.0,0.0,0,0,0,0,0,952,0,0,0,2184,,interval_arithmetic=952;lower_skipped_by_nonpositive_upper=2184
85,1,interval_arithmetic,upper,3136,0,0.0,0.0,0,0,0,0,0,3136,0,0,0,0,,interval_arithmetic=3136
85,2,lp,lower,1568,106,0.13507522700000002,0.1307539939880371,2724,0,0,106,0,0,0,664,0,798,OPTIMAL=106,interval_proves_cutoff=664;lower_skipped_by_nonpositive_upper=798
85,2,lp,upper,1568,122,0.166347091,0.15468382835388184,3180,0,0,122,0,0,0,782,664,0,OPTIMAL=122,interval_proves_cutoff=782;upper_skipped_by_nonnegative_interval_lower=664
85,3,lp,lower,100,1,0.009834451,0.009739875793457031,323,0,0,1,0,0,0,8,0,91,OPTIMAL=1,interval_proves_cutoff=8;lower_skipped_by_nonpositive_upper=91
85,3,lp,upper,100,1,0.008322555,0.008199214935302734,266,0,0,1,0,0,0,91,8,0,OPTIMAL=1,interval_proves_cutoff=91;upper_skipped_by_nonnegative_interval_lower=8
86,0,lp,lower,9,9,0.053089731,0.0525050163269043,1267,0,0,9,0,0,0,0,0,0,OPTIMAL=9,
86,0,lp,upper,9,9,0.05128485299999999,0.050713300704956055,1288,0,0,9,0,0,0,0,0,0,OPTIMAL=9,
86,1,interval_arithmetic,lower,3136,0,0.0,0.0,0,0,0,0,0,947,0,0,0,2189,,interval_arithmetic=947;lower_skipped_by_nonpositive_upper=2189
86,1,interval_arithmetic,upper,3136,0,0.0,0.0,0,0,0,0,0,3136,0,0,0,0,,interval_arithmetic=3136
86,2,lp,lower,1568,89,0.09316774300000004,0.08980393409729004,1143,0,0,89,0,0,0,669,0,810,OPTIMAL=89,interval_proves_cutoff=669;lower_skipped_by_nonpositive_upper=810
86,2,lp,upper,1568,93,0.10714574500000004,0.09751439094543457,1259,0,0,93,0,0,0,806,669,0,OPTIMAL=93,interval_proves_cutoff=806;upper_skipped_by_nonnegative_interval_lower=669
86,3,lp,lower,100,2,0.01023113,0.010114192962646484,278,0,0,2,0,0,0,7,0,91,OPTIMAL=2,interval_proves_cutoff=7;lower_skipped_by_nonpositive_upper=91
86,3,lp,upper,100,2,0.010183159,0.00998997688293457,350,0,0,2,0,0,0,91,7,0,OPTIMAL=2,interval_proves_cutoff=91;upper_skipped_by_nonnegative_interval_lower=7
87,0,lp,lower,9,9,0.059695495,0.05914640426635742,1299,0,0,9,0,0,0,0,0,0,OPTIMAL=9,
87,0,lp,upper,9,9,0.06252213599999999,0.06197023391723633,1277,0,0,9,0,0,0,0,0,0,OPTIMAL=9,
87,1,interval_arithmetic,lower,3136,0,0.0,0.0,0,0,0,0,0,908,0,0,0,2228,,interval_arithmetic=908;lower_skipped_by_nonpositive_upper=2228
87,1,interval_arithmetic,upper,3136,0,0.0,0.0,0,0,0,0,0,3136,0,0,0,0,,interval_arithmetic=3136
87,2,lp,lower,1568,75,0.07664302399999998,0.07375812530517578,955,0,0,75,0,0,0,652,0,841,OPTIMAL=75,interval_proves_cutoff=652;lower_skipped_by_nonpositive_upper=841
87,2,lp,upper,1568,81,0.08829263799999998,0.07941031455993652,1149,0,0,81,0,0,0,835,652,0,OPTIMAL=81,interval_proves_cutoff=835;upper_skipped_by_nonnegative_interval_lower=652
87,3,lp,lower,100,2,0.008075506999999999,0.007962226867675781,252,0,0,2,0,0,0,7,0,91,OPTIMAL=2,interval_proves_cutoff=7;lower_skipped_by_nonpositive_upper=91
87,3,lp,upper,100,2,0.007617687,0.007440805435180664,267,0,0,2,0,0,0,91,7,0,OPTIMAL=2,interval_proves_cutoff=91;upper_skipped_by_nonnegative_interval_lower=7
88,0,lp,lower,9,9,0.058929146999999994,0.05837726593017578,1455,0,0,9,0,0,0,0,0,0,OPTIMAL=9,
88,0,lp,upper,9,9,0.069683166,0.06911325454711914,1629,0,0,9,0,0,0,0,0,0,OPTIMAL=9,
88,1,interval_arithmetic,lower,3136,0,0.0,0.0,0,0,0,0,0,932,0,0,0,2204,,interval_arithmetic=932;lower_skipped_by_nonpositive_upper=2204
88,1,interval_arithmetic,upper,3136,0,0.0,0.0,0,0,0,0,0,3136,0,0,0,0,,interval_arithmetic=3136
88,2,lp,lower,1568,93,0.09895276099999997,0.09536576271057129,1206,0,0,93,0,0,0,668,0,807,OPTIMAL=93,interval_proves_cutoff=668;lower_skipped_by_nonpositive_upper=807
88,2,lp,upper,1568,99,0.114706942,0.10486412048339844,1430,0,0,99,0,0,0,801,668,0,OPTIMAL=99,interval_proves_cutoff=801;upper_skipped_by_nonnegative_interval_lower=668
88,3,lp,lower,100,1,0.006904798,0.006844043731689453,268,0,0,1,0,0,0,7,0,92,OPTIMAL=1,interval_proves_cutoff=7;lower_skipped_by_nonpositive_upper=92
88,3,lp,upper,100,2,0.009905296000000001,0.009713411331176758,382,0,0,2,0,0,0,91,7,0,OPTIMAL=2,interval_proves_cutoff=91;upper_skipped_by_nonnegative_interval_lower=7
89,0,lp,lower,9,9,0.140752828,0.14010095596313477,2354,0,0,9,0,0,0,0,0,0,OPTIMAL=9,
89,0,lp,upper,9,9,0.107736178,0.10707521438598633,2023,0,0,9,0,0,0,0,0,0,OPTIMAL=9,
89,1,interval_arithmetic,lower,3136,0,0.0,0.0,0,0,0,0,0,932,0,0,0,2204,,interval_arithmetic=932;lower_skipped_by_nonpositive_upper=2204
89,1,interval_arithmetic,upper,3136,0,0.0,0.0,0,0,0,0,0,3136,0,0,0,0,,interval_arithmetic=3136
89,2,lp,lower,1568,118,0.122886136,0.11835336685180664,1636,0,0,118,0,0,0,658,0,792,OPTIMAL=118,interval_proves_cutoff=658;lower_skipped_by_nonpositive_upper=792
89,2,lp,upper,1568,119,0.13531010900000004,0.1245880126953125,1782,0,0,119,0,0,0,791,658,0,OPTIMAL=119,interval_proves_cutoff=791;upper_skipped_by_nonnegative_interval_lower=658
89,3,lp,lower,100,2,0.013035938,0.012897014617919922,344,0,0,2,0,0,0,7,0,91,OPTIMAL=2,interval_proves_cutoff=7;lower_skipped_by_nonpositive_upper=91
89,3,lp,upper,100,2,0.014825375,0.014621973037719727,468,0,0,2,0,0,0,91,7,0,OPTIMAL=2,interval_proves_cutoff=91;upper_skipped_by_nonnegative_interval_lower=7
90,0,lp,lower,9,9,0.021286514,0.020864248275756836,626,0,0,9,0,0,0,0,0,0,OPTIMAL=9,
90,0,lp,upper,9,9,0.020709188,0.020206212997436523,613,0,0,9,0,0,0,0,0,0,OPTIMAL=9,
90,1,interval_arithmetic,lower,3136,0,0.0,0.0,0,0,0,0,0,858,0,0,0,2278,,interval_arithmetic=858;lower_skipped_by_nonpositive_upper=2278
90,1,interval_arithmetic,upper,3136,0,0.0,0.0,0,0,0,0,0,3136,0,0,0,0,,interval_arithmetic=3136
90,2,lp,lower,1568,54,0.04530309299999998,0.04346036911010742,444,0,0,54,0,0,0,635,0,879,OPTIMAL=54,interval_proves_cutoff=635;lower_skipped_by_nonpositive_upper=879
90,2,lp,upper,1568,59,0.05784366199999998,0.04992246627807617,519,0,0,59,0,0,0,874,635,0,OPTIMAL=59,interval_proves_cutoff=874;upper_skipped_by_nonnegative_interval_lower=635
90,3,lp,lower,100,0,0.0,0.0,0,0,0,0,0,0,0,8,0,92,,interval_proves_cutoff=8;lower_skipped_by_nonpositive_upper=92
90,3,lp,upper,100,0,0.0,0.0,0,0,0,0,0,0,0,92,8,0,,interval_proves_cutoff=92;upper_skipped_by_nonnegative_interval_lower=8
91,0,lp,lower,9,9,0.068694666,0.06814050674438477,1371,0,0,9,0,0,0,0,0,0,OPTIMAL=9,
91,0,lp,upper,9,9,0.068823538,0.06816339492797852,1444,0,0,9,0,0,0,0,0,0,OPTIMAL=9,
91,1,interval_arithmetic,lower,3136,0,0.0,0.0,0,0,0,0,0,920,0,0,0,2216,,interval_arithmetic=920;lower_skipped_by_nonpositive_upper=2216
91,1,interval_arithmetic,upper,3136,0,0.0,0.0,0,0,0,0,0,3136,0,0,0,0,,interval_arithmetic=3136
91,2,lp,lower,1568,84,0.08405989100000001,0.08087158203125,879,0,0,84,0,0,0,674,0,810,OPTIMAL=84,interval_proves_cutoff=674;lower_skipped_by_nonpositive_upper=810
91,2,lp,upper,1568,85,0.09234196599999998,0.08304286003112793,933,0,0,85,0,0,0,809,674,0,OPTIMAL=85,interval_proves_cutoff=809;upper_skipped_by_nonnegative_interval_lower=674
91,3,lp,lower,100,1,0.006326509,0.006266593933105469,230,0,0,1,0,0,0,8,0,91,OPTIMAL=1,interval_proves_cutoff=8;lower_skipped_by_nonpositive_upper=91
91,3,lp,upper,100,1,0.00499457,0.004876852035522461,191,0,0,1,0,0,0,91,8,0,OPTIMAL=1,interval_proves_cutoff=91;upper_skipped_by_nonnegative_interval_lower=8
92,0,lp,lower,9,9,0.09604230400000001,0.09545254707336426,1812,0,0,9,0,0,0,0,0,0,OPTIMAL=9,
92,0,lp,upper,9,9,0.080901412,0.08027267456054688,1631,0,0,9,0,0,0,0,0,0,OPTIMAL=9,
92,1,interval_arithmetic,lower,3136,0,0.0,0.0,0,0,0,0,0,908,0,0,0,2228,,interval_arithmetic=908;lower_skipped_by_nonpositive_upper=2228
92,1,interval_arithmetic,upper,3136,0,0.0,0.0,0,0,0,0,0,3136,0,0,0,0,,interval_arithmetic=3136
92,2,lp,lower,1568,106,0.11625214300000003,0.1121068000793457,1747,0,0,106,0,0,0,646,0,816,OPTIMAL=106,interval_proves_cutoff=646;lower_skipped_by_nonpositive_upper=816
92,2,lp,upper,1568,115,0.12808875300000003,0.1174168586730957,1995,0,0,115,0,0,0,807,646,0,OPTIMAL=115,interval_proves_cutoff=807;upper_skipped_by_nonnegative_interval_lower=646
92,3,lp,lower,100,2,0.01336772,0.013239383697509766,341,0,0,2,0,0,0,7,0,91,OPTIMAL=2,interval_proves_cutoff=7;lower_skipped_by_nonpositive_upper=91
92,3,lp,upper,100,2,0.013963565,0.013781547546386719,406,0,0,2,0,0,0,91,7,0,OPTIMAL=2,interval_proves_cutoff=91;upper_skipped_by_nonnegative_interval_lower=7
93,0,lp,lower,9,9,0.086866797,0.08628559112548828,1876,0,0,9,0,0,0,0,0,0,OPTIMAL=9,
93,0,lp,upper,9,9,0.07564443500000001,0.07506871223449707,1582,0,0,9,0,0,0,0,0,0,OPTIMAL=9,
93,1,interval_arithmetic,lower,3136,0,0.0,0.0,0,0,0,0,0,890,0,0,0,2246,,interval_arithmetic=890;lower_skipped_by_nonpositive_upper=2246
93,1,interval_arithmetic,upper,3136,0,0.0,0.0,0,0,0,0,0,3136,0,0,0,0,,interval_arithmetic=3136
93,2,lp,lower,1568,115,0.12430752300000002,0.11988639831542969,2322,0,0,115,0,0,0,615,0,838,OPTIMAL=115,interval_proves_cutoff=615;lower_skipped_by_nonpositive_upper=838
93,2,lp,upper,1568,130,0.15144908400000007,0.1401691436767578,2667,0,0,130,0,0,0,823,615,0,OPTIMAL=130,interval_proves_cutoff=823;upper_skipped_by_nonnegative_interval_lower=615
93,3,lp,lower,100,1,0.009209174,0.009145975112915039,274,0,0,1,0,0,0,8,0,91,OPTIMAL=1,interval_proves_cutoff=8;lower_skipped_by_nonpositive_upper=91
93,3,lp,upper,100,1,0.007570271,0.007439136505126953,270,0,0,1,0,0,0,91,8,0,OPTIMAL=1,interval_proves_cutoff=91;upper_skipped_by_nonnegative_interval_lower=8
94,0,lp,lower,9,9,0.03061547,0.030124187469482422,973,0,0,9,0,0,0,0,0,0,OPTIMAL=9,
94,0,lp,upper,9,9,0.032251611,0.031725406646728516,993,0,0,9,0,0,0,0,0,0,OPTIMAL=9,
94,1,interval_arithmetic,lower,3136,0,0.0,0.0,0,0,0,0,0,929,0,0,0,2207,,interval_arithmetic=929;lower_skipped_by_nonpositive_upper=2207
94,1,interval_arithmetic,upper,3136,0,0.0,0.0,0,0,0,0,0,3136,0,0,0,0,,interval_arithmetic=3136
94,2,lp,lower,1568,77,0.07371623899999996,0.07086324691772461,699,0,0,77,0,0,0,662,0,829,OPTIMAL=77,interval_proves_cutoff=662;lower_skipped_by_nonpositive_upper=829
94,2,lp,upper,1568,79,0.086639158,0.07737326622009277,764,0,0,79,0,0,0,827,662,0,OPTIMAL=79,interval_proves_cutoff=827;upper_skipped_by_nonnegative_interval_lower=662
94,3,lp,lower,100,1,0.004865344,0.004795074462890625,181,0,0,1,0,0,0,8,0,91,OPTIMAL=1,interval_proves_cutoff=8;lower_skipped_by_nonpositive_upper=91
94,3,lp,upper,100,1,0.004743193,0.00462031364440918,173,0,0,1,0,0,0,91,8,0,OPTIMAL=1,interval_proves_cutoff=91;upper_skipped_by_nonnegative_interval_lower=8
95,0,lp,lower,9,9,0.026316135999999997,0.02588653564453125,810,0,0,9,0,0,0,0,0,0,OPTIMAL=9,
95,0,lp,upper,9,9,0.026751445,0.02617621421813965,779,0,0,9,0,0,0,0,0,0,OPTIMAL=9,
95,1,interval_arithmetic,lower,3136,0,0.0,0.0,0,0,0,0,0,880,0,0,0,2256,,interval_arithmetic=880;lower_skipped_by_nonpositive_upper=2256
95,1,interval_arithmetic,upper,3136,0,0.0,0.0,0,0,0,0,0,3136,0,0,0,0,,interval_arithmetic=3136
95,2,lp,lower,1568,50,0.04388991199999999,0.04212307929992676,455,0,0,50,0,0,0,650,0,868,OPTIMAL=50,interval_proves_cutoff=650;lower_skipped_by_nonpositive_upper=868
95,2,lp,upper,1568,54,0.05564500300000001,0.047786712646484375,606,0,0,54,0,0,0,864,650,0,OPTIMAL=54,interval_proves_cutoff=864;upper_skipped_by_nonnegative_interval_lower=650
95,3,lp,lower,100,0,0.0,0.0,0,0,0,0,0,0,0,9,0,91,,interval_proves_cutoff=9;lower_skipped_by_nonpositive_upper=91
95,3,lp,upper,100,0,0.0,0.0,0,0,0,0,0,0,0,91,9,0,,interval_proves_cutoff=91;upper_skipped_by_nonnegative_interval_lower=9
96,0,lp,lower,9,9,0.05590435300000001,0.05535483360290527,1395,0,0,9,0,0,0,0,0,0,OPTIMAL=9,
96,0,lp,upper,9,9,0.048179892,0.04756450653076172,1350,0,0,9,0,0,0,0,0,0,OPTIMAL=9,
96,1,interval_arithmetic,lower,3136,0,0.0,0.0,0,0,0,0,0,963,0,0,0,2173,,interval_arithmetic=963;lower_skipped_by_nonpositive_upper=2173
96,1,interval_arithmetic,upper,3136,0,0.0,0.0,0,0,0,0,0,3136,0,0,0,0,,interval_arithmetic=3136
96,2,lp,lower,1568,108,0.11258658999999997,0.10836648941040039,1525,0,0,108,0,0,0,661,0,799,OPTIMAL=108,interval_proves_cutoff=661;lower_skipped_by_nonpositive_upper=799
96,2,lp,upper,1568,112,0.12505030500000003,0.11483263969421387,1654,0,0,112,0,0,0,795,661,0,OPTIMAL=112,interval_proves_cutoff=795;upper_skipped_by_nonnegative_interval_lower=661
96,3,lp,lower,100,0,0.0,0.0,0,0,0,0,0,0,0,9,0,91,,interval_proves_cutoff=9;lower_skipped_by_nonpositive_upper=91
96,3,lp,upper,100,0,0.0,0.0,0,0,0,0,0,0,0,91,9,0,,interval_proves_cutoff=91;upper_skipped_by_nonnegative_interval_lower=9
97,0,lp,lower,9,9,0.039831025000000006,0.03935551643371582,1059,0,0,9,0,0,0,0,0,0,OPTIMAL=9,
97,0,lp,upper,9,9,0.038767556,0.03818368911743164,1059,0,0,9,0,0,0,0,0,0,OPTIMAL=9,
97,1,interval_arithmetic,lower,3136,0,0.0,0.0,0,0,0,0,0,855,0,0,0,2281,,interval_arithmetic=855;lower_skipped_by_nonpositive_upper=2281
97,1,interval_arithmetic,upper,3136,0,0.0,0.0,0,0,0,0,0,3136,0,0,0,0,,interval_arithmetic=3136
97,2,lp,lower,1568,69,0.067909188,0.06541776657104492,892,0,0,69,0,0,0,617,0,882,OPTIMAL=69,interval_proves_cutoff=617;lower_skipped_by_nonpositive_upper=882
97,2,lp,upper,1568,74,0.081499723,0.07300448417663574,1142,0,0,74,0,0,0,877,617,0,OPTIMAL=74,interval_proves_cutoff=877;upper_skipped_by_nonnegative_interval_lower=617
97,3,lp,lower,100,0,0.0,0.0,0,0,0,0,0,0,0,9,0,91,,interval_proves_cutoff=9;lower_skipped_by_nonpositive_upper=91
97,3,lp,upper,100,0,0.0,0.0,0,0,0,0,0,0,0,91,9,0,,interval_proves_cutoff=91;upper_skipped_by_nonnegative_interval_lower=9
98,0,lp,lower,9,9,0.066729827,0.06613278388977051,1555,0,0,9,0,0,0,0,0,0,OPTIMAL=9,
98,0,lp,upper,9,9,0.088412934,0.0878000259399414,1662,0,0,9,0,0,0,0,0,0,OPTIMAL=9,
98,1,interval_arithmetic,lower,3136,0,0.0,0.0,0,0,0,0,0,930,0,0,0,2206,,interval_arithmetic=930;lower_skipped_by_nonpositive_upper=2206
98,1,interval_arithmetic,upper,3136,0,0.0,0.0,0,0,0,0,0,3136,0,0,0,0,,interval_arithmetic=3136
98,2,lp,lower,1568,114,0.12041977499999999,0.11614346504211426,1309,0,0,114,0,0,0,656,0,798,OPTIMAL=114,interval_proves_cutoff=656;lower_skipped_by_nonpositive_upper=798
98,2,lp,upper,1568,116,0.13284010099999993,0.12236475944519043,1580,0,0,116,0,0,0,796,656,0,OPTIMAL=116,interval_proves_cutoff=796;upper_skipped_by_nonnegative_interval_lower=656
98,3,lp,lower,100,1,0.007291628,0.007212638854980469,290,0,0,1,0,0,0,8,0,91,OPTIMAL=1,interval_proves_cutoff=8;lower_skipped_by_nonpositive_upper=91
98,3,lp,upper,100,1,0.006296449,0.006176948547363281,242,0,0,1,0,0,0,91,8,0,OPTIMAL=1,interval_proves_cutoff=91;upper_skipped_by_nonnegative_interval_lower=8
99,0,lp,lower,9,9,0.051780968999999996,0.05123400688171387,1362,0,0,9,0,0,0,0,0,0,OPTIMAL=9,
99,0,lp,upper,9,9,0.054794635,0.05421614646911621,1395,0,0,9,0,0,0,0,0,0,OPTIMAL=9,
99,1,interval_arithmetic,lower,3136,0,0.0,0.0,0,0,0,0,0,911,0,0,0,2225,,interval_arithmetic=911;lower_skipped_by_nonpositive_upper=2225
99,1,interval_arithmetic,upper,3136,0,0.0,0.0,0,0,0,0,0,3136,0,0,0,0,,interval_arithmetic=3136
99,2,lp,lower,1568,93,0.10377479899999997,0.10017108917236328,1403,0,0,93,0,0,0,669,0,806,OPTIMAL=93,interval_proves_cutoff=669;lower_skipped_by_nonpositive_upper=806
99,2,lp,upper,1568,101,0.11997143699999997,0.10984086990356445,1790,0,0,101,0,0,0,798,669,0,OPTIMAL=101,interval_proves_cutoff=798;upper_skipped_by_nonnegative_interval_lower=669
99,3,lp,lower,100,1,0.005039944,0.004975795745849609,237,0,0,1,0,0,0,8,0,91,OPTIMAL=1,interval_proves_cutoff=8;lower_skipped_by_nonpositive_upper=91
99,3,lp,upper,100,1,0.006004706,0.005881547927856445,206,0,0,1,0,0,0,91,8,0,OPTIMAL=1,interval_proves_cutoff=91;upper_skipped_by_nonnegative_interval_lower=8
100,0,lp,lower,9,9,0.04363177000000001,0.04314136505126953,1155,0,0,9,0,0,0,0,0,0,OPTIMAL=9,
100,0,lp,upper,9,9,0.042240153,0.04164838790893555,1249,0,0,9,0,0,0,0,0,0,OPTIMAL=9,
100,1,interval_arithmetic,lower,3136,0,0.0,0.0,0,0,0,0,0,927,0,0,0,2209,,interval_arithmetic=927;lower_skipped_by_nonpositive_upper=2209
100,1,interval_arithmetic,upper,3136,0,0.0,0.0,0,0,0,0,0,3136,0,0,0,0,,interval_arithmetic=3136
100,2,lp,lower,1568,75,0.07974206199999999,0.07690620422363281,1003,0,0,75,0,0,0,665,0,828,OPTIMAL=75,interval_proves_cutoff=665;lower_skipped_by_nonpositive_upper=828
100,2,lp,upper,1568,83,0.09796936000000002,0.08861517906188965,1226,0,0,83,0,0,0,820,665,0,OPTIMAL=83,interval_proves_cutoff=820;upper_skipped_by_nonnegative_interval_lower=665
100,3,lp,lower,100,0,0.0,0.0,0,0,0,0,0,0,0,9,0,91,,interval_proves_cutoff=9;lower_skipped_by_nonpositive_upper=91
100,3,lp,upper,100,0,0.0,0.0,0,0,0,0,0,0,0,91,9,0,,interval_proves_cutoff=91;upper_skipped_by_nonnegative_interval_lower=9
101,0,lp,lower,9,9,0.107430161,0.10678672790527344,2058,0,0,9,0,0,0,0,0,0,OPTIMAL=9,
101,0,lp,upper,9,9,0.124228154,0.12355875968933105,2281,0,0,9,0,0,0,0,0,0,OPTIMAL=9,
101,1,interval_arithmetic,lower,3136,0,0.0,0.0,0,0,0,0,0,916,0,0,0,2220,,interval_arithmetic=916;lower_skipped_by_nonpositive_upper=2220
101,1,interval_arithmetic,upper,3136,0,0.0,0.0,0,0,0,0,0,3136,0,0,0,0,,interval_arithmetic=3136
101,2,lp,lower,1568,131,0.148968789,0.14388418197631836,2453,0,0,131,0,0,0,649,0,788,OPTIMAL=131,interval_proves_cutoff=649;lower_skipped_by_nonpositive_upper=788
101,2,lp,upper,1568,139,0.16817239099999995,0.15654325485229492,2625,0,0,139,0,0,0,780,649,0,OPTIMAL=139,interval_proves_cutoff=780;upper_skipped_by_nonnegative_interval_lower=649
101,3,lp,lower,100,2,0.017933832,0.01778268814086914,397,0,0,2,0,0,0,7,0,91,OPTIMAL=2,interval_proves_cutoff=7;lower_skipped_by_nonpositive_upper=91
101,3,lp,upper,100,2,0.022499052999999998,0.022281408309936523,531,0,0,2,0,0,0,91,7,0,OPTIMAL=2,interval_proves_cutoff=91;upper_skipped_by_nonnegative_interval_lower=7
102,0,lp,lower,9,9,0.100645955,0.10000038146972656,1979,0,0,9,0,0,0,0,0,0,OPTIMAL=9,
102,0,lp,upper,9,9,0.123293978,0.12262415885925293,2210,0,0,9,0,0,0,0,0,0,OPTIMAL=9,
102,1,interval_arithmetic,lower,3136,0,0.0,0.0,0,0,0,0,0,936,0,0,0,2200,,interval_arithmetic=936;lower_skipped_by_nonpositive_upper=2200
102,1,interval_arithmetic,upper,3136,0,0.0,0.0,0,0,0,0,0,3136,0,0,0,0,,interval_arithmetic=3136
102,2,lp,lower,1568,118,0.13028809699999996,0.12567424774169922,1692,0,0,118,0,0,0,672,0,778,OPTIMAL=118,interval_proves_cutoff=672;lower_skipped_by_nonpositive_upper=778
102,2,lp,upper,1568,126,0.147911181,0.13656044006347656,1971,0,0,126,0,0,0,770,672,0,OPTIMAL=126,interval_proves_cutoff=770;upper_skipped_by_nonnegative_interval_lower=672
102,3,lp,lower,100,1,0.008731968,0.008648157119750977,337,0,0,1,0,0,0,8,0,91,OPTIMAL=1,interval_proves_cutoff=8;lower_skipped_by_nonpositive_upper=91
102,3,lp,upper,100,1,0.008211494,0.008069038391113281,289,0,0,1,0,0,0,91,8,0,OPTIMAL=1,interval_proves_cutoff=91;upper_skipped_by_nonnegative_interval_lower=8
103,0,lp,lower,9,9,0.097220527,0.09660053253173828,1851,0,0,9,0,0,0,0,0,0,OPTIMAL=9,
103,0,lp,upper,9,9,0.10400976099999999,0.10338473320007324,1824,0,0,9,0,0,0,0,0,0,OPTIMAL=9,
103,1,interval_arithmetic,lower,3136,0,0.0,0.0,0,0,0,0,0,935,0,0,0,2201,,interval_arithmetic=935;lower_skipped_by_nonpositive_upper=2201
103,1,interval_arithmetic,upper,3136,0,0.0,0.0,0,0,0,0,0,3136,0,0,0,0,,interval_arithmetic=3136
103,2,lp,lower,1568,122,0.14203459999999996,0.1372232437133789,1909,0,0,122,0,0,0,662,0,784,OPTIMAL=122,interval_proves_cutoff=662;lower_skipped_by_nonpositive_upper=784
103,2,lp,upper,1568,133,0.16149279700000002,0.1500244140625,2228,0,0,133,0,0,0,773,662,0,OPTIMAL=133,interval_proves_cutoff=773;upper_skipped_by_nonnegative_interval_lower=662
103,3,lp,lower,100,2,0.014961689,0.014837026596069336,362,0,0,2,0,0,0,7,0,91,OPTIMAL=2,interval_proves_cutoff=7;lower_skipped_by_nonpositive_upper=91
103,3,lp,upper,100,2,0.01385175,0.013665437698364258,413,0,0,2,0,0,0,91,7,0,OPTIMAL=2,interval_proves_cutoff=91;upper_skipped_by_nonnegative_interval_lower=7
104,0,lp,lower,9,9,0.063556765,0.06296038627624512,1415,0,0,9,0,0,0,0,0,0,OPTIMAL=9,
104,0,lp,upper,9,9,0.077407994,0.07682299613952637,1504,0,0,9,0,0,0,0,0,0,OPTIMAL=9,
104,1,interval_arithmetic,lower,3136,0,0.0,0.0,0,0,0,0,0,912,0,0,0,2224,,interval_arithmetic=912;lower_skipped_by_nonpositive_upper=2224
104,1,interval_arithmetic,upper,3136,0,0.0,0.0,0,0,0,0,0,3136,0,0,0,0,,interval_arithmetic=3136
104,2,lp,lower,1568,109,0.10894856000000003,0.10483026504516602,1507,0,0,109,0,0,0,665,0,794,OPTIMAL=109,interval_proves_cutoff=665;lower_skipped_by_nonpositive_upper=794
104,2,lp,upper,1568,116,0.12594866000000002,0.11555671691894531,1753,0,0,116,0,0,0,787,665,0,OPTIMAL=116,interval_proves_cutoff=787;upper_skipped_by_nonnegative_interval_lower=665
104,3,lp,lower,100,2,0.012503078,0.012382984161376953,316,0,0,2,0,0,0,7,0,91,OPTIMAL=2,interval_proves_cutoff=7;lower_skipped_by_nonpositive_upper=91
104,3,lp,upper,100,2,0.014533332999999999,0.01435089111328125,421,0,0,2,0,0,0,91,7,0,OPTIMAL=2,interval_proves_cutoff=91;upper_skipped_by_nonnegative_interval_lower=7
105,0,lp,lower,9,9,0.031539058,0.031066179275512695,897,0,0,9,0,0,0,0,0,0,OPTIMAL=9,
105,0,lp,upper,9,9,0.03290111,0.03226470947265625,1023,0,0,9,0,0,0,0,0,0,OPTIMAL=9,
105,1,interval_arithmetic,lower,3136,0,0.0,0.0,0,0,0,0,0,903,0,0,0,2233,,interval_arithmetic=903;lower_skipped_by_nonpositive_upper=2233
105,1,interval_arithmetic,upper,3136,0,0.0,0.0,0,0,0,0,0,3136,0,0,0,0,,interval_arithmetic=3136
105,2,lp,lower,1568,68,0.06323983299999998,0.06074333190917969,784,0,0,68,0,0,0,652,0,848,OPTIMAL=68,interval_proves_cutoff=652;lower_skipped_by_nonpositive_upper=848
105,2,lp,upper,1568,80,0.08212831000000001,0.07326292991638184,1027,0,0,80,0,0,0,836,652,0,OPTIMAL=80,interval_proves_cutoff=836;upper_skipped_by_nonnegative_interval_lower=652
105,3,lp,lower,100,0,0.0,0.0,0,0,0,0,0,0,0,9,0,91,,interval_proves_cutoff=9;lower_skipped_by_nonpositive_upper=91
105,3,lp,upper,100,0,0.0,0.0,0,0,0,0,0,0,0,91,9,0,,interval_proves_cutoff=91;upper_skipped_by_nonnegative_interval_lower=9
106,0,lp,lower,9,9,0.048653872,0.048089027404785156,1279,0,0,9,0,0,0,0,0,0,OPTIMAL=9,
106,0,lp,upper,9,9,0.048817906,0.04811835289001465,1398,0,0,9,0,0,0,0,0,0,OPTIMAL=9,
106,1,interval_arithmetic,lower,3136,0,0.0,0.0,0,0,0,0,0,894,0,0,0,2242,,interval_arithmetic=894;lower_skipped_by_nonpositive_upper=2242
106,1,interval_arithmetic,upper,3136,0,0.0,0.0,0,0,0,0,0,3136,0,0,0,0,,interval_arithmetic=3136
106,2,lp,lower,1568,105,0.11229894300000005,0.10826587677001953,1862,0,0,105,0,0,0,652,0,811,OPTIMAL=105,interval_proves_cutoff=652;lower_skipped_by_nonpositive_upper=811
106,2,lp,upper,1568,114,0.12820949099999998,0.11793947219848633,1863,0,0,114,0,0,0,802,652,0,OPTIMAL=114,interval_proves_cutoff=802;upper_skipped_by_nonnegative_interval_lower=652
106,3,lp,lower,100,0,0.0,0.0,0,0,0,0,0,0,0,9,0,91,,interval_proves_cutoff=9;lower_skipped_by_nonpositive_upper=91
106,3,lp,upper,100,0,0.0,0.0,0,0,0,0,0,0,0,91,9,0,,interval_proves_cutoff=91;upper_skipped_by_nonnegative_interval_lower=9
107,0,lp,lower,9,9,0.08590958099999998,0.08526492118835449,1915,0,0,9,0,0,0,0,0,0,OPTIMAL=9,
107,0,lp,upper,9,9,0.09148769400000001,0.09083867073059082,1949,0,0,9,0,0,0,0,0,0,OPTIMAL=9,
107,1,interval_arithmetic,lower,3136,0,0.0,0.0,0,0,0,0,0,951,0,0,0,2185,,interval_arithmetic=951;lower_skipped_by_nonpositive_upper=2185
107,1,interval_arithmetic,upper,3136,0,0.0,0.0,0,0,0,0,0,3136,0,0,0,0,,interval_arithmetic=3136
107,2,lp,lower,1568,137,0.15538381399999995,0.1498875617980957,2222,0,0,137,0,0,0,662,0,769,OPTIMAL=137,interval_proves_cutoff=662;lower_skipped_by_nonpositive_upper=769
107,2,lp,upper,1568,146,0.17713211499999992,0.16509294509887695,2433,0,0,146,0,0,0,760,662,0,OPTIMAL=146,interval_proves_cutoff=760;upper_skipped_by_nonnegative_interval_lower=662
107,3,lp,lower,100,2,0.017809417,0.017653465270996094,426,0,0,2,0,0,0,7,0,91,OPTIMAL=2,interval_proves_cutoff=7;lower_skipped_by_nonpositive_upper=91
107,3,lp,upper,100,2,0.017196618,0.016915559768676758,487,0,0,2,0,0,0,91,7,0,OPTIMAL=2,interval_proves_cutoff=91;upper_skipped_by_nonnegative_interval_lower=7
108,0,lp,lower,9,9,0.02925935,0.028689146041870117,745,0,0,9,0,0,0,0,0,0,OPTIMAL=9,
108,0,lp,upper,9,9,0.026491201,0.02598881721496582,711,0,0,9,0,0,0,0,0,0,OPTIMAL=9,
108,1,interval_arithmetic,lower,3136,0,0.0,0.0,0,0,0,0,0,854,0,0,0,2282,,interval_arithmetic=854;lower_skipped_by_nonpositive_upper=2282
108,1,interval_arithmetic,upper,3136,0,0.0,0.0,0,0,0,0,0,3136,0,0,0,0,,interval_arithmetic=3136
108,2,lp,lower,1568,52,0.042736777000000004,0.0408935546875,257,0,0,52,0,0,0,638,0,878,OPTIMAL=52,interval_proves_cutoff=638;lower_skipped_by_nonpositive_upper=878
108,2,lp,upper,1568,53,0.052197208,0.04447150230407715,363,0,0,53,0,0,0,877,638,0,OPTIMAL=53,interval_proves_cutoff=877;upper_skipped_by_nonnegative_interval_lower=638
108,3,lp,lower,100,1,0.002493253,0.0024297237396240234,119,0,0,1,0,0,0,8,0,91,OPTIMAL=1,interval_proves_cutoff=8;lower_skipped_by_nonpositive_upper=91
108,3,lp,upper,100,1,0.003006806,0.0028312206268310547,108,0,0,1,0,0,0,91,8,0,OPTIMAL=1,interval_proves_cutoff=91;upper_skipped_by_nonnegative_interval_lower=8
109,0,lp,lower,9,9,0.034027718,0.03354501724243164,987,0,0,9,0,0,0,0,0,0,OPTIMAL=9,
109,0,lp,upper,9,9,0.038243003,0.03765392303466797,1133,0,0,9,0,0,0,0,0,0,OPTIMAL=9,
109,1,interval_arithmetic,lower,3136,0,0.0,0.0,0,0,0,0,0,899,0,0,0,2237,,interval_arithmetic=899;lower_skipped_by_nonpositive_upper=2237
109,1,interval_arithmetic,upper,3136,0,0.0,0.0,0,0,0,0,0,3136,0,0,0,0,,interval_arithmetic=3136
109,2,lp,lower,1568,67,0.06853836299999998,0.06605744361877441,998,0,0,67,0,0,0,641,0,860,OPTIMAL=67,interval_proves_cutoff=641;lower_skipped_by_nonpositive_upper=860
109,2,lp,upper,1568,68,0.07809460100000003,0.06972956657409668,1071,0,0,68,0,0,0,859,641,0,OPTIMAL=68,interval_proves_cutoff=859;upper_skipped_by_nonnegative_interval_lower=641
109,3,lp,lower,100,0,0.0,0.0,0,0,0,0,0,0,0,9,0,91,,interval_proves_cutoff=9;lower_skipped_by_nonpositive_upper=91
109,3,lp,upper,100,0,0.0,0.0,0,0,0,0,0,0,0,91,9,0,,interval_proves_cutoff=91;upper_skipped_by_nonnegative_interval_lower=9
110,0,lp,lower,9,9,0.035016599,0.03452587127685547,858,0,0,9,0,0,0,0,0,0,OPTIMAL=9,
110,0,lp,upper,9,9,0.044089557,0.043581485748291016,960,0,0,9,0,0,0,0,0,0,OPTIMAL=9,
110,1,interval_arithmetic,lower,3136,0,0.0,0.0,0,0,0,0,0,882,0,0,0,2254,,interval_arithmetic=882;lower_skipped_by_nonpositive_upper=2254
110,1,interval_arithmetic,upper,3136,0,0.0,0.0,0,0,0,0,0,3136,0,0,0,0,,interval_arithmetic=3136
110,2,lp,lower,1568,91,0.08582422999999999,0.0825355052947998,967,0,0,91,0,0,0,660,0,817,OPTIMAL=91,interval_proves_cutoff=660;lower_skipped_by_nonpositive_upper=817
110,2,lp,upper,1568,102,0.10697182199999995,0.09749150276184082,1168,0,0,102,0,0,0,806,660,0,OPTIMAL=102,interval_proves_cutoff=806;upper_skipped_by_nonnegative_interval_lower=660
110,3,lp,lower,100,1,0.004085164,0.004017353057861328,171,0,0,1,0,0,0,8,0,91,OPTIMAL=1,interval_proves_cutoff=8;lower_skipped_by_nonpositive_upper=91
110,3,lp,upper,100,1,0.004184121,0.004065752029418945,155,0,0,1,0,0,0,91,8,0,OPTIMAL=1,interval_proves_cutoff=91;upper_skipped_by_nonnegative_interval_lower=8
111,0,lp,lower,9,9,0.070199926,0.06963205337524414,1666,0,0,9,0,0,0,0,0,0,OPTIMAL=9,
111,0,lp,upper,9,9,0.081307687,0.08073568344116211,1784,0,0,9,0,0,0,0,0,0,OPTIMAL=9,
111,1,interval_arithmetic,lower,3136,0,0.0,0.0,0,0,0,0,0,946,0,0,0,2190,,interval_arithmetic=946;lower_skipped_by_nonpositive_upper=2190
111,1,interval_arithmetic,upper,3136,0,0.0,0.0,0,0,0,0,0,3136,0,0,0,0,,interval_arithmetic=3136
111,2,lp,lower,1568,105,0.12366271500000002,0.11948680877685547,2391,0,0,105,0,0,0,647,0,816,OPTIMAL=105,interval_proves_cutoff=647;lower_skipped_by_nonpositive_upper=816
111,2,lp,upper,1568,115,0.14437236799999995,0.133314847946167,2574,0,0,115,0,0,0,806,647,0,OPTIMAL=115,interval_proves_cutoff=806;upper_skipped_by_nonnegative_interval_lower=647
111,3,lp,lower,100,1,0.009169471,0.009102582931518555,286,0,0,1,0,0,0,8,0,91,OPTIMAL=1,interval_proves_cutoff=8;lower_skipped_by_nonpositive_upper=91
111,3,lp,upper,100,1,0.008372658,0.008230924606323242,251,0,0,1,0,0,0,91,8,0,OPTIMAL=1,interval_proves_cutoff=91;upper_skipped_by_nonnegative_interval_lower=8
112,0,lp,lower,9,9,0.028002098,0.027536630630493164,843,0,0,9,0,0,0,0,0,0,OPTIMAL=9,
112,0,lp,upper,9,9,0.029613728000000002,0.02901601791381836,921,0,0,9,0,0,0,0,0,0,OPTIMAL=9,
112,1,interval_arithmetic,lower,3136,0,0.0,0.0,0,0,0,0,0,873,0,0,0,2263,,interval_arithmetic=873;lower_skipped_by_nonpositive_upper=2263
112,1,interval_arithmetic,upper,3136,0,0.0,0.0,0,0,0,0,0,3136,0,0,0,0,,interval_arithmetic=3136
112,2,lp,lower,1568,57,0.05078953900000001,0.04874992370605469,560,0,0,57,0,0,0,637,0,874,OPTIMAL=57,interval_proves_cutoff=637;lower_skipped_by_nonpositive_upper=874
112,2,lp,upper,1568,59,0.06050489800000001,0.05250811576843262,631,0,0,59,0,0,0,872,637,0,OPTIMAL=59,interval_proves_cutoff=872;upper_skipped_by_nonnegative_interval_lower=637
112,3,lp,lower,100,0,0.0,0.0,0,0,0,0,0,0,0,8,0,92,,interval_proves_cutoff=8;lower_skipped_by_nonpositive_upper=92
112,3,lp,upper,100,0,0.0,0.0,0,0,0,0,0,0,0,92,8,0,,interval_proves_cutoff=92;upper_skipped_by_nonnegative_interval_lower=8
113,0,lp,lower,9,9,0.037925599,0.03743314743041992,1043,0,0,9,0,0,0,0,0,0,OPTIMAL=9,
113,0,lp,upper,9,9,0.044309075,0.04378700256347656,1073,0,0,9,0,0,0,0,0,0,OPTIMAL=9,
113,1,interval_arithmetic,lower,3136,0,0.0,0.0,0,0,0,0,0,882,0,0,0,2254,,interval_arithmetic=882;lower_skipped_by_nonpositive_upper=2254
113,1,interval_arithmetic,upper,3136,0,0.0,0.0,0,0,0,0,0,3136,0,0,0,0,,interval_arithmetic=3136
113,2,lp,lower,1568,68,0.065792401,0.06328487396240234,864,0,0,68,0,0,0,652,0,848,OPTIMAL=68,interval_proves_cutoff=652;lower_skipped_by_nonpositive_upper=848
113,2,lp,upper,1568,69,0.07671667800000001,0.06789708137512207,867,0,0,69,0,0,0,847,652,0,OPTIMAL=69,interval_proves_cutoff=847;upper_skipped_by_nonnegative_interval_lower=652
113,3,lp,lower,100,1,0.00379944,0.0037412643432617188,171,0,0,1,0,0,0,8,0,91,OPTIMAL=1,interval_proves_cutoff=8;lower_skipped_by_nonpositive_upper=91
113,3,lp,upper,100,1,0.003771599,0.0036568641662597656,139,0,0,1,0,0,0,91,8,0,OPTIMAL=1,interval_proves_cutoff=91;upper_skipped_by_nonnegative_interval_lower=8
114,0,lp,lower,9,9,0.054159424,0.05362987518310547,1365,0,0,9,0,0,0,0,0,0,OPTIMAL=9,
114,0,lp,upper,9,9,0.05833538599999999,0.05777335166931152,1348,0,0,9,0,0,0,0,0,0,OPTIMAL=9,
114,1,interval_arithmetic,lower,3136,0,0.0,0.0,0,0,0,0,0,905,0,0,0,2231,,interval_arithmetic=905;lower_skipped_by_nonpositive_upper=2231
114,1,interval_arithmetic,upper,3136,0,0.0,0.0,0,0,0,0,0,3136,0,0,0,0,,interval_arithmetic=3136
114,2,lp,lower,1568,91,0.09451016400000001,0.09108209609985352,1524,0,0,91,0,0,0,656,0,821,OPTIMAL=91,interval_proves_cutoff=656;lower_skipped_by_nonpositive_upper=821
114,2,lp,upper,1568,95,0.10736129900000004,0.0977637767791748,1714,0,0,95,0,0,0,817,656,0,OPTIMAL=95,interval_proves_cutoff=817;upper_skipped_by_nonnegative_interval_lower=656
114,3,lp,lower,100,2,0.01334575,0.013223409652709961,333,0,0,2,0,0,0,7,0,91,OPTIMAL=2,interval_proves_cutoff=7;lower_skipped_by_nonpositive_upper=91
114,3,lp,upper,100,2,0.012578852,0.012329339981079102,393,0,0,2,0,0,0,91,7,0,OPTIMAL=2,interval_proves_cutoff=91;upper_skipped_by_nonnegative_interval_lower=7
115,0,lp,lower,9,9,0.033503143,0.03301095962524414,938,0,0,9,0,0,0,0,0,0,OPTIMAL=9,
115,0,lp,upper,9,9,0.037524575,0.03701162338256836,998,0,0,9,0,0,0,0,0,0,OPTIMAL=9,
115,1,interval_arithmetic,lower,3136,0,0.0,0.0,0,0,0,0,0,883,0,0,0,2253,,interval_arithmetic=883;lower_skipped_by_nonpositive_upper=2253
115,1,interval_arithmetic,upper,3136,0,0.0,0.0,0,0,0,0,0,3136,0,0,0,0,,interval_arithmetic=3136
115,2,lp,lower,1568,68,0.06416134799999999,0.06164073944091797,829,0,0,68,0,0,0,647,0,853,OPTIMAL=68,interval_proves_cutoff=647;lower_skipped_by_nonpositive_upper=853
115,2,lp,upper,1568,73,0.07688299899999998,0.0682823657989502,1023,0,0,73,0,0,0,848,647,0,OPTIMAL=73,interval_proves_cutoff=848;upper_skipped_by_nonnegative_interval_lower=647
115,3,lp,lower,100,1,0.004127847,0.0040700435638427734,194,0,0,1,0,0,0,8,0,91,OPTIMAL=1,interval_proves_cutoff=8;lower_skipped_by_nonpositive_upper=91
115,3,lp,upper,100,1,0.004307233,0.004179716110229492,157,0,0,1,0,0,0,91,8,0,OPTIMAL=1,interval_proves_cutoff=91;upper_skipped_by_nonnegative_interval_lower=8
116,0,lp,lower,9,9,0.034849519999999995,0.034381866455078125,863,0,0,9,0,0,0,0,0,0,OPTIMAL=9,
116,0,lp,upper,9,9,0.03940186999999999,0.038900136947631836,926,0,0,9,0,0,0,0,0,0,OPTIMAL=9,
116,1,interval_arithmetic,lower,3136,0,0.0,0.0,0,0,0,0,0,878,0,0,0,2258,,interval_arithmetic=878;lower_skipped_by_nonpositive_upper=2258
116,1,interval_arithmetic,upper,3136,0,0.0,0.0,0,0,0,0,0,3136,0,0,0,0,,interval_arithmetic=3136
116,2,lp,lower,1568,61,0.05354510399999998,0.05130290985107422,638,0,0,61,0,0,0,648,0,859,OPTIMAL=61,interval_proves_cutoff=648;lower_skipped_by_nonpositive_upper=859
116,2,lp,upper,1568,74,0.074914184,0.06631350517272949,961,0,0,74,0,0,0,846,648,0,OPTIMAL=74,interval_proves_cutoff=846;upper_skipped_by_nonnegative_interval_lower=648
116,3,lp,lower,100,1,0.004311761,0.0042569637298583984,172,0,0,1,0,0,0,8,0,91,OPTIMAL=1,interval_proves_cutoff=8;lower_skipped_by_nonpositive_upper=91
116,3,lp,upper,100,1,0.003988951,0.0038785934448242188,164,0,0,1,0,0,0,91,8,0,OPTIMAL=1,interval_proves_cutoff=91;upper_skipped_by_nonnegative_interval_lower=8
117,0,lp,lower,9,9,0.052900658,0.05238056182861328,1248,0,0,9,0,0,0,0,0,0,OPTIMAL=9,
117,0,lp,upper,9,9,0.050298596,0.04973268508911133,1135,0,0,9,0,0,0,0,0,0,OPTIMAL=9,
117,1,interval_arithmetic,lower,3136,0,0.0,0.0,0,0,0,0,0,863,0,0,0,2273,,interval_arithmetic=863;lower_skipped_by_nonpositive_upper=2273
117,1,interval_arithmetic,upper,3136,0,0.0,0.0,0,0,0,0,0,3136,0,0,0,0,,interval_arithmetic=3136
117,2,lp,lower,1568,86,0.07501032199999999,0.07186722755432129,956,0,0,86,0,0,0,628,0,854,OPTIMAL=86,interval_proves_cutoff=628;lower_skipped_by_nonpositive_upper=854
117,2,lp,upper,1568,94,0.091365187,0.08201193809509277,1147,0,0,94,0,0,0,846,628,0,OPTIMAL=94,interval_proves_cutoff=846;upper_skipped_by_nonnegative_interval_lower=628
117,3,lp,lower,100,1,0.004782552,0.004706382751464844,192,0,0,1,0,0,0,8,0,91,OPTIMAL=1,interval_proves_cutoff=8;lower_skipped_by_nonpositive_upper=91
117,3,lp,upper,100,1,0.004853417,0.0046727657318115234,178,0,0,1,0,0,0,91,8,0,OPTIMAL=1,interval_proves_cutoff=91;upper_skipped_by_nonnegative_interval_lower=8
118,0,lp,lower,9,9,0.07098241999999999,0.07040238380432129,1561,0,0,9,0,0,0,0,0,0,OPTIMAL=9,
118,0,lp,upper,9,9,0.063497133,0.06292080879211426,1383,0,0,9,0,0,0,0,0,0,OPTIMAL=9,
118,1,interval_arithmetic,lower,3136,0,0.0,0.0,0,0,0,0,0,913,0,0,0,2223,,interval_arithmetic=913;lower_skipped_by_nonpositive_upper=2223
118,1,interval_arithmetic,upper,3136,0,0.0,0.0,0,0,0,0,0,3136,0,0,0,0,,interval_arithmetic=3136
118,2,lp,lower,1568,105,0.10757256599999998,0.10358762741088867,1494,0,0,105,0,0,0,660,0,803,OPTIMAL=105,interval_proves_cutoff=660;lower_skipped_by_nonpositive_upper=803
118,2,lp,upper,1568,116,0.13135154600000007,0.12068033218383789,1766,0,0,116,0,0,0,792,660,0,OPTIMAL=116,interval_proves_cutoff=792;upper_skipped_by_nonnegative_interval_lower=660
118,3,lp,lower,100,1,0.006239786,0.0061686038970947266,261,0,0,1,0,0,0,8,0,91,OPTIMAL=1,interval_proves_cutoff=8;lower_skipped_by_nonpositive_upper=91
118,3,lp,upper,100,1,0.005990386,0.005873918533325195,232,0,0,1,0,0,0,91,8,0,OPTIMAL=1,interval_proves_cutoff=91;upper_skipped_by_nonnegative_interval_lower=8
119,0,lp,lower,9,9,0.05942883100000001,0.05881690979003906,1304,0,0,9,0,0,0,0,0,0,OPTIMAL=9,
119,0,lp,upper,9,9,0.06904231,0.0684504508972168,1463,0,0,9,0,0,0,0,0,0,OPTIMAL=9,
119,1,interval_arithmetic,lower,3136,0,0.0,0.0,0,0,0,0,0,886,0,0,0,2250,,interval_arithmetic=886;lower_skipped_by_nonpositive_upper=2250
119,1,interval_arithmetic,upper,3136,0,0.0,0.0,0,0,0,0,0,3136,0,0,0,0,,interval_arithmetic=3136
119,2,lp,lower,1568,108,0.11460542100000007,0.11054134368896484,1728,0,0,108,0,0,0,634,0,826,OPTIMAL=108,interval_proves_cutoff=634;lower_skipped_by_nonpositive_upper=826
119,2,lp,upper,1568,115,0.13126028199999998,0.12097907066345215,1970,0,0,115,0,0,0,819,634,0,OPTIMAL=115,interval_proves_cutoff=819;upper_skipped_by_nonnegative_interval_lower=634
119,3,lp,lower,100,1,0.009152242,0.009089469909667969,273,0,0,1,0,0,0,8,0,91,OPTIMAL=1,interval_proves_cutoff=8;lower_skipped_by_nonpositive_upper=91
119,3,lp,upper,100,1,0.007143027,0.007029056549072266,239,0,0,1,0,0,0,91,8,0,OPTIMAL=1,interval_proves_cutoff=91;upper_skipped_by_nonnegative_interval_lower=8
120,0,lp,lower,9,9,0.03956176,0.039064645767211914,1128,0,0,9,0,0,0,0,0,0,OPTIMAL=9,
120,0,lp,upper,9,9,0.054309942,0.0537562370300293,1321,0,0,9,0,0,0,0,0,0,OPTIMAL=9,
120,1,interval_arithmetic,lower,3136,0,0.0,0.0,0,0,0,0,0,929,0,0,0,2207,,interval_arithmetic=929;lower_skipped_by_nonpositive_upper=2207
120,1,interval_arithmetic,upper,3136,0,0.0,0.0,0,0,0,0,0,3136,0,0,0,0,,interval_arithmetic=3136
120,2,lp,lower,1568,67,0.07209639100000004,0.06948351860046387,915,0,0,67,0,0,0,690,0,811,OPTIMAL=67,interval_proves_cutoff=690;lower_skipped_by_nonpositive_upper=811
120,2,lp,upper,1568,71,0.08698611300000002,0.07818388938903809,1063,0,0,71,0,0,0,807,690,0,OPTIMAL=71,interval_proves_cutoff=807;upper_skipped_by_nonnegative_interval_lower=690
120,3,lp,lower,100,1,0.005484415,0.005326509475708008,219,0,0,1,0,0,0,8,0,91,OPTIMAL=1,interval_proves_cutoff=8;lower_skipped_by_nonpositive_upper=91
120,3,lp,upper,100,1,0.01944817,0.004995822906494141,174,0,0,1,0,0,0,91,8,0,OPTIMAL=1,interval_proves_cutoff=91;upper_skipped_by_nonnegative_interval_lower=8
121,0,lp,lower,9,9,0.068456078,0.06787681579589844,1517,0,0,9,0,0,0,0,0,0,OPTIMAL=9,
121,0,lp,upper,9,9,0.075058492,0.07447290420532227,1559,0,0,9,0,0,0,0,0,0,OPTIMAL=9,
121,1,interval_arithmetic,lower,3136,0,0.0,0.0,0,0,0,0,0,956,0,0,0,2180,,interval_arithmetic=956;lower_skipped_by_nonpositive_upper=2180
121,1,interval_arithmetic,upper,3136,0,0.0,0.0,0,0,0,0,0,3136,0,0,0,0,,interval_arithmetic=3136
121,2,lp,lower,1568,103,0.10891247399999998,0.10489296913146973,1309,0,0,103,0,0,0,684,0,781,OPTIMAL=103,interval_proves_cutoff=684;lower_skipped_by_nonpositive_upper=781
121,2,lp,upper,1568,106,0.11867911300000003,0.10838937759399414,1459,0,0,106,0,0,0,778,684,0,OPTIMAL=106,interval_proves_cutoff=778;upper_skipped_by_nonnegative_interval_lower=684
121,3,lp,lower,100,1,0.005910277,0.005835771560668945,269,0,0,1,0,0,0,8,0,91,OPTIMAL=1,interval_proves_cutoff=8;lower_skipped_by_nonpositive_upper=91
121,3,lp,upper,100,1,0.005903056,0.005777120590209961,196,0,0,1,0,0,0,91,8,0,OPTIMAL=1,interval_proves_cutoff=91;upper_skipped_by_nonnegative_interval_lower=8
122,0,lp,lower,9,9,0.05485386799999999,0.05428957939147949,1323,0,0,9,0,0,0,0,0,0,OPTIMAL=9,
122,0,lp,upper,9,9,0.06598343599999999,0.06538677215576172,1450,0,0,9,0,0,0,0,0,0,OPTIMAL=9,
122,1,interval_arithmetic,lower,3136,0,0.0,0.0,0,0,0,0,0,899,0,0,0,2237,,interval_arithmetic=899;lower_skipped_by_nonpositive_upper=2237
122,1,interval_arithmetic,upper,3136,0,0.0,0.0,0,0,0,0,0,3136,0,0,0,0,,interval_arithmetic=3136
122,2,lp,lower,1568,117,0.12459836800000001,0.12020421028137207,1398,0,0,117,0,0,0,641,0,810,OPTIMAL=117,interval_proves_cutoff=641;lower_skipped_by_nonpositive_upper=810
122,2,lp,upper,1568,119,0.13314473499999996,0.12279891967773438,1524,0,0,119,0,0,0,808,641,0,OPTIMAL=119,interval_proves_cutoff=808;upper_skipped_by_nonnegative_interval_lower=641
122,3,lp,lower,100,1,0.007130028,0.0070648193359375,285,0,0,1,0,0,0,8,0,91,OPTIMAL=1,interval_proves_cutoff=8;lower_skipped_by_nonpositive_upper=91
122,3,lp,upper,100,1,0.005802586,0.0056591033935546875,227,0,0,1,0,0,0,91,8,0,OPTIMAL=1,interval_proves_cutoff=91;upper_skipped_by_nonnegative_interval_lower=8
123,0,lp,lower,9,9,0.046834488,0.046280622482299805,1088,0,0,9,0,0,0,0,0,0,OPTIMAL=9,
123,0,lp,upper,9,9,0.051873111000000006,0.051275014877319336,1052,0,0,9,0,0,0,0,0,0,OPTIMAL=9,
123,1,interval_arithmetic,lower,3136,0,0.0,0.0,0,0,0,0,0,861,0,0,0,2275,,interval_arithmetic=861;lower_skipped_by_nonpositive_upper=2275
123,1,interval_arithmetic,upper,3136,0,0.0,0.0,0,0,0,0,0,3136,0,0,0,0,,interval_arithmetic=3136
123,2,lp,lower,1568,78,0.076523709,0.07371377944946289,1125,0,0,78,0,0,0,626,0,864,OPTIMAL=78,interval_proves_cutoff=626;lower_skipped_by_nonpositive_upper=864
123,2,lp,upper,1568,82,0.09047600000000003,0.0816195011138916,1402,0,0,82,0,0,0,860,626,0,OPTIMAL=82,interval_proves_cutoff=860;upper_skipped_by_nonnegative_interval_lower=626
123,3,lp,lower,100,1,0.005320281,0.005261421203613281,182,0,0,1,0,0,0,8,0,91,OPTIMAL=1,interval_proves_cutoff=8;lower_skipped_by_nonpositive_upper=91
123,3,lp,upper,100,1,0.005624172,0.005499362945556641,175,0,0,1,0,0,0,91,8,0,OPTIMAL=1,interval_proves_cutoff=91;upper_skipped_by_nonnegative_interval_lower=8
124,0,lp,lower,9,9,0.060223467,0.059658050537109375,1571,0,0,9,0,0,0,0,0,0,OPTIMAL=9,
124,0,lp,upper,9,9,0.055630456,0.055074214935302734,1400,0,0,9,0,0,0,0,0,0,OPTIMAL=9,
124,1,interval_arithmetic,lower,3136,0,0.0,0.0,0,0,0,0,0,926,0,0,0,2210,,interval_arithmetic=926;lower_skipped_by_nonpositive_upper=2210
124,1,interval_arithmetic,upper,3136,0,0.0,0.0,0,0,0,0,0,3136,0,0,0,0,,interval_arithmetic=3136
124,2,lp,lower,1568,91,0.10567181900000003,0.1020967960357666,1956,0,0,91,0,0,0,660,0,817,OPTIMAL=91,interval_proves_cutoff=660;lower_skipped_by_nonpositive_upper=817
124,2,lp,upper,1568,99,0.12363900799999994,0.1135249137878418,2050,0,0,99,0,0,0,809,660,0,OPTIMAL=99,interval_proves_cutoff=809;upper_skipped_by_nonnegative_interval_lower=660
124,3,lp,lower,100,0,0.0,0.0,0,0,0,0,0,0,0,8,0,92,,interval_proves_cutoff=8;lower_skipped_by_nonpositive_upper=92
124,3,lp,upper,100,1,0.006896591,0.006772756576538086,234,0,0,1,0,0,0,91,8,0,OPTIMAL=1,interval_proves_cutoff=91;upper_skipped_by_nonnegative_interval_lower=8
125,0,lp,lower,9,9,0.031482529,0.030991554260253906,976,0,0,9,0,0,0,0,0,0,OPTIMAL=9,
125,0,lp,upper,9,9,0.034700089,0.0341184139251709,1111,0,0,9,0,0,0,0,0,0,OPTIMAL=9,
125,1,interval_arithmetic,lower,3136,0,0.0,0.0,0,0,0,0,0,910,0,0,0,2226,,interval_arithmetic=910;lower_skipped_by_nonpositive_upper=2226
125,1,interval_arithmetic,upper,3136,0,0.0,0.0,0,0,0,0,0,3136,0,0,0,0,,interval_arithmetic=3136
125,2,lp,lower,1568,78,0.07715241299999996,0.07415080070495605,859,0,0,78,0,0,0,664,0,826,OPTIMAL=78,interval_proves_cutoff=664;lower_skipped_by_nonpositive_upper=826
125,2,lp,upper,1568,81,0.09038545999999997,0.08129096031188965,1116,0,0,81,0,0,0,823,664,0,OPTIMAL=81,interval_proves_cutoff=823;upper_skipped_by_nonnegative_interval_lower=664
125,3,lp,lower,100,0,0.0,0.0,0,0,0,0,0,0,0,9,0,91,,interval_proves_cutoff=9;lower_skipped_by_nonpositive_upper=91
125,3,lp,upper,100,0,0.0,0.0,0,0,0,0,0,0,0,91,9,0,,interval_proves_cutoff=91;upper_skipped_by_nonnegative_interval_lower=9
126,0,lp,lower,9,9,0.05062375400000001,0.05011487007141113,1263,0,0,9,0,0,0,0,0,0,OPTIMAL=9,
126,0,lp,upper,9,9,0.052534419000000006,0.051953792572021484,1384,0,0,9,0,0,0,0,0,0,OPTIMAL=9,
126,1,interval_arithmetic,lower,3136,0,0.0,0.0,0,0,0,0,0,896,0,0,0,2240,,interval_arithmetic=896;lower_skipped_by_nonpositive_upper=2240
126,1,interval_arithmetic,upper,3136,0,0.0,0.0,0,0,0,0,0,3136,0,0,0,0,,interval_arithmetic=3136
126,2,lp,lower,1568,79,0.08078057599999998,0.0778651237487793,1177,0,0,79,0,0,0,653,0,836,OPTIMAL=79,interval_proves_cutoff=653;lower_skipped_by_nonpositive_upper=836
126,2,lp,upper,1568,91,0.10106311899999999,0.09149932861328125,1544,0,0,91,0,0,0,824,653,0,OPTIMAL=91,interval_proves_cutoff=824;upper_skipped_by_nonnegative_interval_lower=653
126,3,lp,lower,100,0,0.0,0.0,0,0,0,0,0,0,0,9,0,91,,interval_proves_cutoff=9;lower_skipped_by_nonpositive_upper=91
126,3,lp,upper,100,0,0.0,0.0,0,0,0,0,0,0,0,91,9,0,,interval_proves_cutoff=91;upper_skipped_by_nonnegative_interval_lower=9
127,0,lp,lower,9,9,0.04697384599999999,0.04643082618713379,1332,0,0,9,0,0,0,0,0,0,OPTIMAL=9,
127,0,lp,upper,9,9,0.051203904,0.050534963607788086,1407,0,0,9,0,0,0,0,0,0,OPTIMAL=9,
127,1,interval_arithmetic,lower,3136,0,0.0,0.0,0,0,0,0,0,942,0,0,0,2194,,interval_arithmetic=942;lower_skipped_by_nonpositive_upper=2194
127,1,interval_arithmetic,upper,3136,0,0.0,0.0,0,0,0,0,0,3136,0,0,0,0,,interval_arithmetic=3136
127,2,lp,lower,1568,100,0.10439170399999999,0.10061383247375488,1150,0,0,100,0,0,0,700,0,768,OPTIMAL=100,interval_proves_cutoff=700;lower_skipped_by_nonpositive_upper=768
127,2,lp,upper,1568,101,0.11399058400000005,0.10393786430358887,1314,0,0,101,0,0,0,767,700,0,OPTIMAL=101,interval_proves_cutoff=767;upper_skipped_by_nonnegative_interval_lower=700
127,3,lp,lower,100,1,0.00616158,0.0060977935791015625,255,0,0,1,0,0,0,8,0,91,OPTIMAL=1,interval_proves_cutoff=8;lower_skipped_by_nonpositive_upper=91
127,3,lp,upper,100,1,0.006322208,0.006197214126586914,240,0,0,1,0,0,0,91,8,0,OPTIMAL=1,interval_proves_cutoff=91;upper_skipped_by_nonnegative_interval_lower=8
128,0,lp,lower,9,9,0.061925597000000006,0.06136727333068848,1391,0,0,9,0,0,0,0,0,0,OPTIMAL=9,
128,0,lp,upper,9,9,0.06785203599999999,0.06730771064758301,1450,0,0,9,0,0,0,0,0,0,OPTIMAL=9,
128,1,interval_arithmetic,lower,3136,0,0.0,0.0,0,0,0,0,0,921,0,0,0,2215,,interval_arithmetic=921;lower_skipped_by_nonpositive_upper=2215
128,1,interval_arithmetic,upper,3136,0,0.0,0.0,0,0,0,0,0,3136,0,0,0,0,,interval_arithmetic=3136
128,2,lp,lower,1568,81,0.08528614500000002,0.08220911026000977,1108,0,0,81,0,0,0,680,0,807,OPTIMAL=81,interval_proves_cutoff=680;lower_skipped_by_nonpositive_upper=807
128,2,lp,upper,1568,88,0.10084958099999998,0.09141850471496582,1269,0,0,88,0,0,0,800,680,0,OPTIMAL=88,interval_proves_cutoff=800;upper_skipped_by_nonnegative_interval_lower=680
128,3,lp,lower,100,1,0.006872535,0.00680232048034668,254,0,0,1,0,0,0,8,0,91,OPTIMAL=1,interval_proves_cutoff=8;lower_skipped_by_nonpositive_upper=91
128,3,lp,upper,100,1,0.006204524,0.00607752799987793,201,0,0,1,0,0,0,91,8,0,OPTIMAL=1,interval_proves_cutoff=91;upper_skipped_by_nonnegative_interval_lower=8
129,0,lp,lower,9,9,0.042264052,0.041744232177734375,1191,0,0,9,0,0,0,0,0,0,OPTIMAL=9,
129,0,lp,upper,9,9,0.048046157000000006,0.04750967025756836,1272,0,0,9,0,0,0,0,0,0,OPTIMAL=9,
129,1,interval_arithmetic,lower,3136,0,0.0,0.0,0,0,0,0,0,957,0,0,0,2179,,interval_arithmetic=957;lower_skipped_by_nonpositive_upper=2179
129,1,interval_arithmetic,upper,3136,0,0.0,0.0,0,0,0,0,0,3136,0,0,0,0,,interval_arithmetic=3136
129,2,lp,lower,1568,89,0.090639404,0.0872337818145752,1375,0,0,89,0,0,0,670,0,809,OPTIMAL=89,interval_proves_cutoff=670;lower_skipped_by_nonpositive_upper=809
129,2,lp,upper,1568,93,0.10191941700000007,0.09226059913635254,1413,0,0,93,0,0,0,805,670,0,OPTIMAL=93,interval_proves_cutoff=805;upper_skipped_by_nonnegative_interval_lower=670
129,3,lp,lower,100,1,0.013784309,0.0137176513671875,360,0,0,1,0,0,0,8,0,91,OPTIMAL=1,interval_proves_cutoff=8;lower_skipped_by_nonpositive_upper=91
129,3,lp,upper,100,1,0.006170012,0.006040334701538086,202,0,0,1,0,0,0,91,8,0,OPTIMAL=1,interval_proves_cutoff=91;upper_skipped_by_nonnegative_interval_lower=8
130,0,lp,lower,9,9,0.046793063999999995,0.046262264251708984,1346,0,0,9,0,0,0,0,0,0,OPTIMAL=9,
130,0,lp,upper,9,9,0.047735868,0.047118425369262695,1370,0,0,9,0,0,0,0,0,0,OPTIMAL=9,
130,1,interval_arithmetic,lower,3136,0,0.0,0.0,0,0,0,0,0,915,0,0,0,2221,,interval_arithmetic=915;lower_skipped_by_nonpositive_upper=2221
130,1,interval_arithmetic,upper,3136,0,0.0,0.0,0,0,0,0,0,3136,0,0,0,0,,interval_arithmetic=3136
130,2,lp,lower,1568,86,0.08694719400000002,0.08341598510742188,1144,0,0,86,0,0,0,664,0,818,OPTIMAL=86,interval_proves_cutoff=664;lower_skipped_by_nonpositive_upper=818
130,2,lp,upper,1568,87,0.098361964,0.08879828453063965,1297,0,0,87,0,0,0,817,664,0,OPTIMAL=87,interval_proves_cutoff=817;upper_skipped_by_nonnegative_interval_lower=664
130,3,lp,lower,100,0,0.0,0.0,0,0,0,0,0,0,0,9,0,91,,interval_proves_cutoff=9;lower_skipped_by_nonpositive_upper=91
130,3,lp,upper,100,0,0.0,0.0,0,0,0,0,0,0,0,91,9,0,,interval_proves_cutoff=91;upper_skipped_by_nonnegative_interval_lower=9
131,0,lp,lower,9,9,0.077300758,0.07670927047729492,1676,0,0,9,0,0,0,0,0,0,OPTIMAL=9,
131,0,lp,upper,9,9,0.073824816,0.07325983047485352,1487,0,0,9,0,0,0,0,0,0,OPTIMAL=9,
131,1,interval_arithmetic,lower,3136,0,0.0,0.0,0,0,0,0,0,938,0,0,0,2198,,interval_arithmetic=938;lower_skipped_by_nonpositive_upper=2198
131,1,interval_arithmetic,upper,3136,0,0.0,0.0,0,0,0,0,0,3136,0,0,0,0,,interval_arithmetic=3136
131,2,lp,lower,1568,88,0.08625274799999998,0.08298635482788086,913,0,0,88,0,0,0,667,0,813,OPTIMAL=88,interval_proves_cutoff=667;lower_skipped_by_nonpositive_upper=813
131,2,lp,upper,1568,88,0.09481381000000003,0.08552241325378418,1048,0,0,88,0,0,0,813,667,0,OPTIMAL=88,interval_proves_cutoff=813;upper_skipped_by_nonnegative_interval_lower=667
131,3,lp,lower,100,1,0.007358507,0.007299184799194336,261,0,0,1,0,0,0,8,0,91,OPTIMAL=1,interval_proves_cutoff=8;lower_skipped_by_nonpositive_upper=91
131,3,lp,upper,100,1,0.005583161,0.00546717643737793,239,0,0,1,0,0,0,91,8,0,OPTIMAL=1,interval_proves_cutoff=91;upper_skipped_by_nonnegative_interval_lower=8
132,0,lp,lower,9,9,0.066029179,0.0654745101928711,1584,0,0,9,0,0,0,0,0,0,OPTIMAL=9,
132,0,lp,upper,9,9,0.07986814,0.07927632331848145,1725,0,0,9,0,0,0,0,0,0,OPTIMAL=9,
132,1,interval_arithmetic,lower,3136,0,0.0,0.0,0,0,0,0,0,966,0,0,0,2170,,interval_arithmetic=966;lower_skipped_by_nonpositive_upper=2170
132,1,interval_arithmetic,upper,3136,0,0.0,0.0,0,0,0,0,0,3136,0,0,0,0,,interval_arithmetic=3136
132,2,lp,lower,1568,94,0.10945731100000004,0.10577630996704102,1786,0,0,94,0,0,0,672,0,802,OPTIMAL=94,interval_proves_cutoff=672;lower_skipped_by_nonpositive_upper=802
132,2,lp,upper,1568,100,0.12507722400000004,0.11502480506896973,1979,0,0,100,0,0,0,796,672,0,OPTIMAL=100,interval_proves_cutoff=796;upper_skipped_by_nonnegative_interval_lower=672
132,3,lp,lower,100,1,0.006688952,0.006628513336181641,284,0,0,1,0,0,0,8,0,91,OPTIMAL=1,interval_proves_cutoff=8;lower_skipped_by_nonpositive_upper=91
132,3,lp,upper,100,1,0.006532912,0.006421804428100586,254,0,0,1,0,0,0,91,8,0,OPTIMAL=1,interval_proves_cutoff=91;upper_skipped_by_nonnegative_interval_lower=8
133,0,lp,lower,9,9,0.026929308,0.026473522186279297,705,0,0,9,0,0,0,0,0,0,OPTIMAL=9,
133,0,lp,upper,9,9,0.028227936000000002,0.02774667739868164,698,0,0,9,0,0,0,0,0,0,OPTIMAL=9,
133,1,interval_arithmetic,lower,3136,0,0.0,0.0,0,0,0,0,0,934,0,0,0,2202,,interval_arithmetic=934;lower_skipped_by_nonpositive_upper=2202
133,1,interval_arithmetic,upper,3136,0,0.0,0.0,0,0,0,0,0,3136,0,0,0,0,,interval_arithmetic=3136
133,2,lp,lower,1568,56,0.05077010899999999,0.04877448081970215,321,0,0,56,0,0,0,692,0,820,OPTIMAL=56,interval_proves_cutoff=692;lower_skipped_by_nonpositive_upper=820
133,2,lp,upper,1568,60,0.06325306499999998,0.055382728576660156,422,0,0,60,0,0,0,816,692,0,OPTIMAL=60,interval_proves_cutoff=816;upper_skipped_by_nonnegative_interval_lower=692
133,3,lp,lower,100,1,0.003559385,0.0035009384155273438,147,0,0,1,0,0,0,8,0,91,OPTIMAL=1,interval_proves_cutoff=8;lower_skipped_by_nonpositive_upper=91
133,3,lp,upper,100,1,0.003254092,0.003143310546875,104,0,0,1,0,0,0,91,8,0,OPTIMAL=1,interval_proves_cutoff=91;upper_skipped_by_nonnegative_interval_lower=8
134,0,lp,lower,9,9,0.065737488,0.06520676612854004,1385,0,0,9,0,0,0,0,0,0,OPTIMAL=9,
134,0,lp,upper,9,9,0.04766456,0.047095298767089844,1139,0,0,9,0,0,0,0,0,0,OPTIMAL=9,
134,1,interval_arithmetic,lower,3136,0,0.0,0.0,0,0,0,0,0,925,0,0,0,2211,,interval_arithmetic=925;lower_skipped_by_nonpositive_upper=2211
134,1,interval_arithmetic,upper,3136,0,0.0,0.0,0,0,0,0,0,3136,0,0,0,0,,interval_arithmetic=3136
134,2,lp,lower,1568,79,0.07728015600000003,0.07437682151794434,765,0,0,79,0,0,0,671,0,818,OPTIMAL=79,interval_proves_cutoff=671;lower_skipped_by_nonpositive_upper=818
134,2,lp,upper,1568,86,0.09134383899999998,0.08219289779663086,928,0,0,86,0,0,0,811,671,0,OPTIMAL=86,interval_proves_cutoff=811;upper_skipped_by_nonnegative_interval_lower=671
134,3,lp,lower,100,2,0.00914569,0.009032487869262695,247,0,0,2,0,0,0,6,0,92,OPTIMAL=2,interval_proves_cutoff=6;lower_skipped_by_nonpositive_upper=92
134,3,lp,upper,100,3,0.013623289,0.013377904891967773,422,0,0,3,0,0,0,91,6,0,OPTIMAL=3,interval_proves_cutoff=91;upper_skipped_by_nonnegative_interval_lower=6
135,0,lp,lower,9,9,0.050867255,0.05028080940246582,1386,0,0,9,0,0,0,0,0,0,OPTIMAL=9,
135,0,lp,upper,9,9,0.059354517999999995,0.058743953704833984,1464,0,0,9,0,0,0,0,0,0,OPTIMAL=9,
135,1,interval_arithmetic,lower,3136,0,0.0,0.0,0,0,0,0,0,938,0,0,0,2198,,interval_arithmetic=938;lower_skipped_by_nonpositive_upper=2198
135,1,interval_arithmetic,upper,3136,0,0.0,0.0,0,0,0,0,0,3136,0,0,0,0,,interval_arithmetic=3136
135,2,lp,lower,1568,100,0.11182122399999998,0.1078188419342041,1738,0,0,100,0,0,0,658,0,810,OPTIMAL=100,interval_proves_cutoff=658;lower_skipped_by_nonpositive_upper=810
135,2,lp,upper,1568,105,0.12334777899999994,0.11304736137390137,1797,0,0,105,0,0,0,805,658,0,OPTIMAL=105,interval_proves_cutoff=805;upper_skipped_by_nonnegative_interval_lower=658
135,3,lp,lower,100,1,0.008469267,0.008404254913330078,300,0,0,1,0,0,0,8,0,91,OPTIMAL=1,interval_proves_cutoff=8;lower_skipped_by_nonpositive_upper=91
135,3,lp,upper,100,1,0.006334266,0.0062139034271240234,218,0,0,1,0,0,0,91,8,0,OPTIMAL=1,interval_proves_cutoff=91;upper_skipped_by_nonnegative_interval_lower=8
136,0,lp,lower,9,9,0.0261496,0.0257112979888916,699,0,0,9,0,0,0,0,0,0,OPTIMAL=9,
136,0,lp,upper,9,9,0.035461899,0.03495597839355469,844,0,0,9,0,0,0,0,0,0,OPTIMAL=9,
136,1,interval_arithmetic,lower,3136,0,0.0,0.0,0,0,0,0,0,865,0,0,0,2271,,interval_arithmetic=865;lower_skipped_by_nonpositive_upper=2271
136,1,interval_arithmetic,upper,3136,0,0.0,0.0,0,0,0,0,0,3136,0,0,0,0,,interval_arithmetic=3136
136,2,lp,lower,1568,53,0.04693841400000002,0.04509234428405762,435,0,0,53,0,0,0,654,0,861,OPTIMAL=53,interval_proves_cutoff=654;lower_skipped_by_nonpositive_upper=861
136,2,lp,upper,1568,53,0.05730427299999998,0.04977703094482422,607,0,0,53,0,0,0,861,654,0,OPTIMAL=53,interval_proves_cutoff=861;upper_skipped_by_nonnegative_interval_lower=654
136,3,lp,lower,100,1,0.002995759,0.002930879592895508,136,0,0,1,0,0,0,7,0,92,OPTIMAL=1,interval_proves_cutoff=7;lower_skipped_by_nonpositive_upper=92
136,3,lp,upper,100,1,0.003149036,0.003039121627807617,116,0,0,1,0,0,0,92,7,0,OPTIMAL=1,interval_proves_cutoff=92;upper_skipped_by_nonnegative_interval_lower=7
137,0,lp,lower,9,9,0.040343607000000004,0.03981900215148926,1211,0,0,9,0,0,0,0,0,0,OPTIMAL=9,
137,0,lp,upper,9,9,0.050446810999999994,0.049890995025634766,1388,0,0,9,0,0,0,0,0,0,OPTIMAL=9,
137,1,interval_arithmetic,lower,3136,0,0.0,0.0,0,0,0,0,0,917,0,0,0,2219,,interval_arithmetic=917;lower_skipped_by_nonpositive_upper=2219
137,1,interval_arithmetic,upper,3136,0,0.0,0.0,0,0,0,0,0,3136,0,0,0,0,,interval_arithmetic=3136
137,2,lp,lower,1568,91,0.09780714100000003,0.09418892860412598,1362,0,0,91,0,0,0,678,0,799,OPTIMAL=91,interval_proves_cutoff=678;lower_skipped_by_nonpositive_upper=799
137,2,lp,upper,1568,97,0.11283614,0.10300827026367188,1539,0,0,97,0,0,0,793,678,0,OPTIMAL=97,interval_proves_cutoff=793;upper_skipped_by_nonnegative_interval_lower=678
137,3,lp,lower,100,1,0.005985878,0.005923271179199219,267,0,0,1,0,0,0,8,0,91,OPTIMAL=1,interval_proves_cutoff=8;lower_skipped_by_nonpositive_upper=91
137,3,lp,upper,100,1,0.005684652,0.005544900894165039,224,0,0,1,0,0,0,91,8,0,OPTIMAL=1,interval_proves_cutoff=91;upper_skipped_by_nonnegative_interval_lower=8
138,0,lp,lower,9,9,0.026168087,0.02572178840637207,728,0,0,9,0,0,0,0,0,0,OPTIMAL=9,
138,0,lp,upper,9,9,0.031386307,0.0309295654296875,814,0,0,9,0,0,0,0,0,0,OPTIMAL=9,
138,1,interval_arithmetic,lower,3136,0,0.0,0.0,0,0,0,0,0,875,0,0,0,2261,,interval_arithmetic=875;lower_skipped_by_nonpositive_upper=2261
138,1,interval_arithmetic,upper,3136,0,0.0,0.0,0,0,0,0,0,3136,0,0,0,0,,interval_arithmetic=3136
138,2,lp,lower,1568,50,0.046305499,0.0445103645324707,520,0,0,50,0,0,0,639,0,879,OPTIMAL=50,interval_proves_cutoff=639;lower_skipped_by_nonpositive_upper=879
138,2,lp,upper,1568,59,0.06370786099999999,0.05557131767272949,699,0,0,59,0,0,0,870,639,0,OPTIMAL=59,interval_proves_cutoff=870;upper_skipped_by_nonnegative_interval_lower=639
138,3,lp,lower,100,1,0.002847819,0.0027992725372314453,128,0,0,1,0,0,0,8,0,91,OPTIMAL=1,interval_proves_cutoff=8;lower_skipped_by_nonpositive_upper=91
138,3,lp,upper,100,1,0.002768461,0.0026464462280273438,118,0,0,1,0,0,0,91,8,0,OPTIMAL=1,interval_proves_cutoff=91;upper_skipped_by_nonnegative_interval_lower=8
139,0,lp,lower,9,9,0.060477906,0.0599207878112793,1565,0,0,9,0,0,0,0,0,0,OPTIMAL=9,
139,0,lp,upper,9,9,0.06328476400000001,0.06263160705566406,1651,0,0,9,0,0,0,0,0,0,OPTIMAL=9,
139,1,interval_arithmetic,lower,3136,0,0.0,0.0,0,0,0,0,0,928,0,0,0,2208,,interval_arithmetic=928;lower_skipped_by_nonpositive_upper=2208
139,1,interval_arithmetic,upper,3136,0,0.0,0.0,0,0,0,0,0,3136,0,0,0,0,,interval_arithmetic=3136
139,2,lp,lower,1568,110,0.11532429199999995,0.11110138893127441,1457,0,0,110,0,0,0,658,0,800,OPTIMAL=110,interval_proves_cutoff=658;lower_skipped_by_nonpositive_upper=800
139,2,lp,upper,1568,115,0.13137585800000004,0.12072062492370605,1645,0,0,115,0,0,0,795,658,0,OPTIMAL=115,interval_proves_cutoff=795;upper_skipped_by_nonnegative_interval_lower=658
139,3,lp,lower,100,0,0.0,0.0,0,0,0,0,0,0,0,8,0,92,,interval_proves_cutoff=8;lower_skipped_by_nonpositive_upper=92
139,3,lp,upper,100,0,0.0,0.0,0,0,0,0,0,0,0,92,8,0,,interval_proves_cutoff=92;upper_skipped_by_nonnegative_interval_lower=8
140,0,lp,lower,9,9,0.072344017,0.07177925109863281,1458,0,0,9,0,0,0,0,0,0,OPTIMAL=9,
140,0,lp,upper,9,9,0.07222516000000001,0.0715939998626709,1501,0,0,9,0,0,0,0,0,0,OPTIMAL=9,
140,1,interval_arithmetic,lower,3136,0,0.0,0.0,0,0,0,0,0,920,0,0,0,2216,,interval_arithmetic=920;lower_skipped_by_nonpositive_upper=2216
140,1,interval_arithmetic,upper,3136,0,0.0,0.0,0,0,0,0,0,3136,0,0,0,0,,interval_arithmetic=3136
140,2,lp,lower,1568,85,0.08947894200000003,0.08618474006652832,1321,0,0,85,0,0,0,663,0,820,OPTIMAL=85,interval_proves_cutoff=663;lower_skipped_by_nonpositive_upper=820
140,2,lp,upper,1568,88,0.10251935499999994,0.09300374984741211,1402,0,0,88,0,0,0,817,663,0,OPTIMAL=88,interval_proves_cutoff=817;upper_skipped_by_nonnegative_interval_lower=663
140,3,lp,lower,100,2,0.011617591,0.011502742767333984,310,0,0,2,0,0,0,7,0,91,OPTIMAL=2,interval_proves_cutoff=7;lower_skipped_by_nonpositive_upper=91
140,3,lp,upper,100,2,0.011944817,0.011765241622924805,353,0,0,2,0,0,0,91,7,0,OPTIMAL=2,interval_proves_cutoff=91;upper_skipped_by_nonnegative_interval_lower=7
141,0,lp,lower,9,9,0.109498129,0.10876893997192383,1833,0,0,9,0,0,0,0,0,0,OPTIMAL=9,
141,0,lp,upper,9,9,0.09872477,0.0981302261352539,1765,0,0,9,0,0,0,0,0,0,OPTIMAL=9,
141,1,interval_arithmetic,lower,3136,0,0.0,0.0,0,0,0,0,0,885,0,0,0,2251,,interval_arithmetic=885;lower_skipped_by_nonpositive_upper=2251
141,1,interval_arithmetic,upper,3136,0,0.0,0.0,0,0,0,0,0,3136,0,0,0,0,,interval_arithmetic=3136
141,2,lp,lower,1568,110,0.11402903100000002,0.10989117622375488,1837,0,0,110,0,0,0,627,0,831,OPTIMAL=110,interval_proves_cutoff=627;lower_skipped_by_nonpositive_upper=831
141,2,lp,upper,1568,118,0.13235089000000005,0.12188291549682617,2062,0,0,118,0,0,0,823,627,0,OPTIMAL=118,interval_proves_cutoff=823;upper_skipped_by_nonnegative_interval_lower=627
141,3,lp,lower,100,2,0.019867622,0.019740581512451172,402,0,0,2,0,0,0,7,0,91,OPTIMAL=2,interval_proves_cutoff=7;lower_skipped_by_nonpositive_upper=91
141,3,lp,upper,100,2,0.016624917,0.01643657684326172,416,0,0,2,0,0,0,91,7,0,OPTIMAL=2,interval_proves_cutoff=91;upper_skipped_by_nonnegative_interval_lower=7
142,0,lp,lower,9,9,0.034136461,0.03364849090576172,945,0,0,9,0,0,0,0,0,0,OPTIMAL=9,
142,0,lp,upper,9,9,0.030833015999999998,0.030346393585205078,883,0,0,9,0,0,0,0,0,0,OPTIMAL=9,
142,1,interval_arithmetic,lower,3136,0,0.0,0.0,0,0,0,0,0,889,0,0,0,2247,,interval_arithmetic=889;lower_skipped_by_nonpositive_upper=2247
142,1,interval_arithmetic,upper,3136,0,0.0,0.0,0,0,0,0,0,3136,0,0,0,0,,interval_arithmetic=3136
142,2,lp,lower,1568,78,0.07055770600000001,0.06781649589538574,668,0,0,78,0,0,0,664,0,826,OPTIMAL=78,interval_proves_cutoff=664;lower_skipped_by_nonpositive_upper=826
142,2,lp,upper,1568,79,0.08184109900000003,0.07305645942687988,770,0,0,79,0,0,0,825,664,0,OPTIMAL=79,interval_proves_cutoff=825;upper_skipped_by_nonnegative_interval_lower=664
142,3,lp,lower,100,2,0.0073439560000000004,0.007231712341308594,221,0,0,2,0,0,0,6,0,92,OPTIMAL=2,interval_proves_cutoff=6;lower_skipped_by_nonpositive_upper=92
142,3,lp,upper,100,3,0.011062727999999999,0.010818958282470703,355,0,0,3,0,0,0,91,6,0,OPTIMAL=3,interval_proves_cutoff=91;upper_skipped_by_nonnegative_interval_lower=6
143,0,lp,lower,9,9,0.060775021000000005,0.06018853187561035,1646,0,0,9,0,0,0,0,0,0,OPTIMAL=9,
143,0,lp,upper,9,9,0.07832987500000001,0.0776987075805664,1743,0,0,9,0,0,0,0,0,0,OPTIMAL=9,
143,1,interval_arithmetic,lower,3136,0,0.0,0.0,0,0,0,0,0,917,0,0,0,2219,,interval_arithmetic=917;lower_skipped_by_nonpositive_upper=2219
143,1,interval_arithmetic,upper,3136,0,0.0,0.0,0,0,0,0,0,3136,0,0,0,0,,interval_arithmetic=3136
143,2,lp,lower,1568,112,0.11724391299999999,0.11281156539916992,1666,0,0,112,0,0,0,678,0,778,OPTIMAL=112,interval_proves_cutoff=678;lower_skipped_by_nonpositive_upper=778
143,2,lp,upper,1568,116,0.13137205999999996,0.12050724029541016,1736,0,0,116,0,0,0,774,678,0,OPTIMAL=116,interval_proves_cutoff=774;upper_skipped_by_nonnegative_interval_lower=678
143,3,lp,lower,100,1,0.008993287,0.008922338485717773,305,0,0,1,0,0,0,8,0,91,OPTIMAL=1,interval_proves_cutoff=8;lower_skipped_by_nonpositive_upper=91
143,3,lp,upper,100,1,0.007029669,0.006915092468261719,244,0,0,1,0,0,0,91,8,0,OPTIMAL=1,interval_proves_cutoff=91;upper_skipped_by_nonnegative_interval_lower=8
144,0,lp,lower,9,9,0.025737630999999997,0.025293588638305664,650,0,0,9,0,0,0,0,0,0,OPTIMAL=9,
144,0,lp,upper,9,9,0.031967135,0.03122687339782715,732,0,0,9,0,0,0,0,0,0,OPTIMAL=9,
144,1,interval_arithmetic,lower,3136,0,0.0,0.0,0,0,0,0,0,841,0,0,0,2295,,interval_arithmetic=841;lower_skipped_by_nonpositive_upper=2295
144,1,interval_arithmetic,upper,3136,0,0.0,0.0,0,0,0,0,0,3136,0,0,0,0,,interval_arithmetic=3136
144,2,lp,lower,1568,54,0.043456551,0.04163670539855957,355,0,0,54,0,0,0,631,0,883,OPTIMAL=54,interval_proves_cutoff=631;lower_skipped_by_nonpositive_upper=883
144,2,lp,upper,1568,57,0.054532763000000005,0.04664111137390137,488,0,0,57,0,0,0,880,631,0,OPTIMAL=57,interval_proves_cutoff=880;upper_skipped_by_nonnegative_interval_lower=631
144,3,lp,lower,100,1,0.00255276,0.0025031566619873047,126,0,0,1,0,0,0,8,0,91,OPTIMAL=1,interval_proves_cutoff=8;lower_skipped_by_nonpositive_upper=91
144,3,lp,upper,100,1,0.002548915,0.0024433135986328125,108,0,0,1,0,0,0,91,8,0,OPTIMAL=1,interval_proves_cutoff=91;upper_skipped_by_nonnegative_interval_lower=8
145,0,lp,lower,9,9,0.05641681700000001,0.05586361885070801,1323,0,0,9,0,0,0,0,0,0,OPTIMAL=9,
145,0,lp,upper,9,9,0.065281244,0.06469297409057617,1468,0,0,9,0,0,0,0,0,0,OPTIMAL=9,
145,1,interval_arithmetic,lower,3136,0,0.0,0.0,0,0,0,0,0,909,0,0,0,2227,,interval_arithmetic=909;lower_skipped_by_nonpositive_upper=2227
145,1,interval_arithmetic,upper,3136,0,0.0,0.0,0,0,0,0,0,3136,0,0,0,0,,interval_arithmetic=3136
145,2,lp,lower,1568,93,0.098318329,0.09472918510437012,1363,0,0,93,0,0,0,667,0,808,OPTIMAL=93,interval_proves_cutoff=667;lower_skipped_by_nonpositive_upper=808
145,2,lp,upper,1568,100,0.11627673199999998,0.1062774658203125,1571,0,0,100,0,0,0,801,667,0,OPTIMAL=100,interval_proves_cutoff=801;upper_skipped_by_nonnegative_interval_lower=667
145,3,lp,lower,100,2,0.010836366,0.010712146759033203,288,0,0,2,0,0,0,7,0,91,OPTIMAL=2,interval_proves_cutoff=7;lower_skipped_by_nonpositive_upper=91
145,3,lp,upper,100,2,0.010371697,0.01018381118774414,336,0,0,2,0,0,0,91,7,0,OPTIMAL=2,interval_proves_cutoff=91;upper_skipped_by_nonnegative_interval_lower=7
146,0,lp,lower,9,9,0.030438868,0.02999114990234375,761,0,0,9,0,0,0,0,0,0,OPTIMAL=9,
146,0,lp,upper,9,9,0.030700026000000002,0.030124664306640625,802,0,0,9,0,0,0,0,0,0,OPTIMAL=9,
146,1,interval_arithmetic,lower,3136,0,0.0,0.0,0,0,0,0,0,840,0,0,0,2296,,interval_arithmetic=840;lower_skipped_by_nonpositive_upper=2296
146,1,interval_arithmetic,upper,3136,0,0.0,0.0,0,0,0,0,0,3136,0,0,0,0,,interval_arithmetic=3136
146,2,lp,lower,1568,59,0.053811202999999995,0.05177664756774902,598,0,0,59,0,0,0,640,0,869,OPTIMAL=59,interval_proves_cutoff=640;lower_skipped_by_nonpositive_upper=869
146,2,lp,upper,1568,59,0.06325148800000001,0.05556011199951172,677,0,0,59,0,0,0,869,640,0,OPTIMAL=59,interval_proves_cutoff=869;upper_skipped_by_nonnegative_interval_lower=640
146,3,lp,lower,100,0,0.0,0.0,0,0,0,0,0,0,0,9,0,91,,interval_proves_cutoff=9;lower_skipped_by_nonpositive_upper=91
146,3,lp,upper,100,0,0.0,0.0,0,0,0,0,0,0,0,91,9,0,,interval_proves_cutoff=91;upper_skipped_by_nonnegative_interval_lower=9
147,0,lp,lower,9,9,0.037980979,0.03746438026428223,1162,0,0,9,0,0,0,0,0,0,OPTIMAL=9,
147,0,lp,upper,9,9,0.043838274999999996,0.04313349723815918,1293,0,0,9,0,0,0,0,0,0,OPTIMAL=9,
147,1,interval_arithmetic,lower,3136,0,0.0,0.0,0,0,0,0,0,945,0,0,0,2191,,interval_arithmetic=945;lower_skipped_by_nonpositive_upper=2191
147,1,interval_arithmetic,upper,3136,0,0.0,0.0,0,0,0,0,0,3136,0,0,0,0,,interval_arithmetic=3136
147,2,lp,lower,1568,83,0.08900905300000002,0.08573293685913086,1310,0,0,83,0,0,0,676,0,809,OPTIMAL=83,interval_proves_cutoff=676;lower_skipped_by_nonpositive_upper=809
147,2,lp,upper,1568,92,0.10904561700000004,0.09924507141113281,1543,0,0,92,0,0,0,800,676,0,OPTIMAL=92,interval_proves_cutoff=800;upper_skipped_by_nonnegative_interval_lower=676
147,3,lp,lower,100,0,0.0,0.0,0,0,0,0,0,0,0,9,0,91,,interval_proves_cutoff=9;lower_skipped_by_nonpositive_upper=91
147,3,lp,upper,100,0,0.0,0.0,0,0,0,0,0,0,0,91,9,0,,interval_proves_cutoff=91;upper_skipped_by_nonnegative_interval_lower=9
148,0,lp,lower,9,9,0.06316821,0.06260871887207031,1552,0,0,9,0,0,0,0,0,0,OPTIMAL=9,
148,0,lp,upper,9,9,0.06566182200000001,0.06506848335266113,1576,0,0,9,0,0,0,0,0,0,OPTIMAL=9,
148,1,interval_arithmetic,lower,3136,0,0.0,0.0,0,0,0,0,0,975,0,0,0,2161,,interval_arithmetic=975;lower_skipped_by_nonpositive_upper=2161
148,1,interval_arithmetic,upper,3136,0,0.0,0.0,0,0,0,0,0,3136,0,0,0,0,,interval_arithmetic=3136
148,2,lp,lower,1568,87,0.10163628999999999,0.09806990623474121,1378,0,0,87,0,0,0,703,0,778,OPTIMAL=87,interval_proves_cutoff=703;lower_skipped_by_nonpositive_upper=778
148,2,lp,upper,1568,92,0.10947215500000006,0.09977221488952637,1497,0,0,92,0,0,0,773,703,0,OPTIMAL=92,interval_proves_cutoff=773;upper_skipped_by_nonnegative_interval_lower=703
148,3,lp,lower,100,1,0.007399097,0.007325649261474609,261,0,0,1,0,0,0,8,0,91,OPTIMAL=1,interval_proves_cutoff=8;lower_skipped_by_nonpositive_upper=91
148,3,lp,upper,100,1,0.005377065,0.0052602291107177734,206,0,0,1,0,0,0,91,8,0,OPTIMAL=1,interval_proves_cutoff=91;upper_skipped_by_nonnegative_interval_lower=8
149,0,lp,lower,9,9,0.092362382,0.09170103073120117,1760,0,0,9,0,0,0,0,0,0,OPTIMAL=9,
149,0,lp,upper,9,9,0.09234775899999999,0.09170246124267578,1863,0,0,9,0,0,0,0,0,0,OPTIMAL=9,
149,1,interval_arithmetic,lower,3136,0,0.0,0.0,0,0,0,0,0,916,0,0,0,2220,,interval_arithmetic=916;lower_skipped_by_nonpositive_upper=2220
149,1,interval_arithmetic,upper,3136,0,0.0,0.0,0,0,0,0,0,3136,0,0,0,0,,interval_arithmetic=3136
149,2,lp,lower,1568,113,0.12155085999999998,0.11726880073547363,1682,0,0,113,0,0,0,656,0,799,OPTIMAL=113,interval_proves_cutoff=656;lower_skipped_by_nonpositive_upper=799
149,2,lp,upper,1568,118,0.139000525,0.12839245796203613,1826,0,0,118,0,0,0,794,656,0,OPTIMAL=118,interval_proves_cutoff=794;upper_skipped_by_nonnegative_interval_lower=656
149,3,lp,lower,100,1,0.012895279,0.012825727462768555,334,0,0,1,0,0,0,8,0,91,OPTIMAL=1,interval_proves_cutoff=8;lower_skipped_by_nonpositive_upper=91
149,3,lp,upper,100,1,0.009440709,0.009307146072387695,254,0,0,1,0,0,0,91,8,0,OPTIMAL=1,interval_proves_cutoff=91;upper_skipped_by_nonnegative_interval_lower=8
150,0,lp,lower,9,9,0.07719905300000002,0.07661032676696777,1827,0,0,9,0,0,0,0,0,0,OPTIMAL=9,
150,0,lp,upper,9,9,0.089641451,0.08892703056335449,1959,0,0,9,0,0,0,0,0,0,OPTIMAL=9,
150,1,interval_arithmetic,lower,3136,0,0.0,0.0,0,0,0,0,0,905,0,0,0,2231,,interval_arithmetic=905;lower_skipped_by_nonpositive_upper=2231
150,1,interval_arithmetic,upper,3136,0,0.0,0.0,0,0,0,0,0,3136,0,0,0,0,,interval_arithmetic=3136
150,2,lp,lower,1568,120,0.15280076899999995,0.14800000190734863,2907,0,0,120,0,0,0,623,0,825,OPTIMAL=120,interval_proves_cutoff=623;lower_skipped_by_nonpositive_upper=825
150,2,lp,upper,1568,141,0.18671014299999997,0.17464971542358398,3350,0,0,141,0,0,0,804,623,0,OPTIMAL=141,interval_proves_cutoff=804;upper_skipped_by_nonnegative_interval_lower=623
150,3,lp,lower,100,0,0.0,0.0,0,0,0,0,0,0,0,9,0,91,,interval_proves_cutoff=9;lower_skipped_by_nonpositive_upper=91
150,3,lp,upper,100,0,0.0,0.0,0,0,0,0,0,0,0,91,9,0,,interval_proves_cutoff=91;upper_skipped_by_nonnegative_interval_lower=9
151,0,lp,lower,9,9,0.051022054000000004,0.05048513412475586,1201,0,0,9,0,0,0,0,0,0,OPTIMAL=9,
151,0,lp,upper,9,9,0.050288325,0.049658775329589844,1323,0,0,9,0,0,0,0,0,0,OPTIMAL=9,
151,1,interval_arithmetic,lower,3136,0,0.0,0.0,0,0,0,0,0,905,0,0,0,2231,,interval_arithmetic=905;lower_skipped_by_nonpositive_upper=2231
151,1,interval_arithmetic,upper,3136,0,0.0,0.0,0,0,0,0,0,3136,0,0,0,0,,interval_arithmetic=3136
151,2,lp,lower,1568,85,0.08918093499999999,0.08591651916503906,1230,0,0,85,0,0,0,658,0,825,OPTIMAL=85,interval_proves_cutoff=658;lower_skipped_by_nonpositive_upper=825
151,2,lp,upper,1568,95,0.11199330100000003,0.10231709480285645,1510,0,0,95,0,0,0,815,658,0,OPTIMAL=95,interval_proves_cutoff=815;upper_skipped_by_nonnegative_interval_lower=658
151,3,lp,lower,100,0,0.0,0.0,0,0,0,0,0,0,0,9,0,91,,interval_proves_cutoff=9;lower_skipped_by_nonpositive_upper=91
151,3,lp,upper,100,0,0.0,0.0,0,0,0,0,0,0,0,91,9,0,,interval_proves_cutoff=91;upper_skipped_by_nonnegative_interval_lower=9
152,0,lp,lower,9,9,0.06698557100000001,0.06639719009399414,1659,0,0,9,0,0,0,0,0,0,OPTIMAL=9,
152,0,lp,upper,9,9,0.07261187599999999,0.07189583778381348,1782,0,0,9,0,0,0,0,0,0,OPTIMAL=9,
152,1,interval_arithmetic,lower,3136,0,0.0,0.0,0,0,0,0,0,948,0,0,0,2188,,interval_arithmetic=948;lower_skipped_by_nonpositive_upper=2188
152,1,interval_arithmetic,upper,3136,0,0.0,0.0,0,0,0,0,0,3136,0,0,0,0,,interval_arithmetic=3136
152,2,lp,lower,1568,113,0.128731459,0.12431001663208008,1859,0,0,113,0,0,0,680,0,775,OPTIMAL=113,interval_proves_cutoff=680;lower_skipped_by_nonpositive_upper=775
152,2,lp,upper,1568,116,0.14170010500000002,0.1306312084197998,1888,0,0,116,0,0,0,772,680,0,OPTIMAL=116,interval_proves_cutoff=772;upper_skipped_by_nonnegative_interval_lower=680
152,3,lp,lower,100,0,0.0,0.0,0,0,0,0,0,0,0,9,0,91,,interval_proves_cutoff=9;lower_skipped_by_nonpositive_upper=91
152,3,lp,upper,100,0,0.0,0.0,0,0,0,0,0,0,0,91,9,0,,interval_proves_cutoff=91;upper_skipped_by_nonnegative_interval_lower=9
153,0,lp,lower,9,9,0.053109265,0.05254030227661133,1343,0,0,9,0,0,0,0,0,0,OPTIMAL=9,
153,0,lp,upper,9,9,0.050942356,0.05025768280029297,1400,0,0,9,0,0,0,0,0,0,OPTIMAL=9,
153,1,interval_arithmetic,lower,3136,0,0.0,0.0,0,0,0,0,0,903,0,0,0,2233,,interval_arithmetic=903;lower_skipped_by_nonpositive_upper=2233
153,1,interval_arithmetic,upper,3136,0,0.0,0.0,0,0,0,0,0,3136,0,0,0,0,,interval_arithmetic=3136
153,2,lp,lower,1568,90,0.09786228099999997,0.09436750411987305,1386,0,0,90,0,0,0,687,0,791,OPTIMAL=90,interval_proves_cutoff=687;lower_skipped_by_nonpositive_upper=791
153,2,lp,upper,1568,91,0.10538277099999997,0.09535717964172363,1537,0,0,91,0,0,0,790,687,0,OPTIMAL=91,interval_proves_cutoff=790;upper_skipped_by_nonnegative_interval_lower=687
153,3,lp,lower,100,0,0.0,0.0,0,0,0,0,0,0,0,9,0,91,,interval_proves_cutoff=9;lower_skipped_by_nonpositive_upper=91
153,3,lp,upper,100,0,0.0,0.0,0,0,0,0,0,0,0,91,9,0,,interval_proves_cutoff=91;upper_skipped_by_nonnegative_interval_lower=9
154,0,lp,lower,9,9,0.08807211200000001,0.08734345436096191,1747,0,0,9,0,0,0,0,0,0,OPTIMAL=9,
154,0,lp,upper,9,9,0.086968072,0.08632779121398926,1708,0,0,9,0,0,0,0,0,0,OPTIMAL=9,
154,1,interval_arithmetic,lower,3136,0,0.0,0.0,0,0,0,0,0,896,0,0,0,2240,,interval_arithmetic=896;lower_skipped_by_nonpositive_upper=2240
154,1,interval_arithmetic,upper,3136,0,0.0,0.0,0,0,0,0,0,3136,0,0,0,0,,interval_arithmetic=3136
154,2,lp,lower,1568,118,0.115808429,0.11137604713439941,1119,0,0,118,0,0,0,668,0,782,OPTIMAL=118,interval_proves_cutoff=668;lower_skipped_by_nonpositive_upper=782
154,2,lp,upper,1568,122,0.139438148,0.11617040634155273,1222,0,0,122,0,0,0,778,668,0,OPTIMAL=122,interval_proves_cutoff=778;upper_skipped_by_nonnegative_interval_lower=668
154,3,lp,lower,100,1,0.008695076,0.008625984191894531,274,0,0,1,0,0,0,8,0,91,OPTIMAL=1,interval_proves_cutoff=8;lower_skipped_by_nonpositive_upper=91
154,3,lp,upper,100,1,0.007148389,0.0070171356201171875,245,0,0,1,0,0,0,91,8,0,OPTIMAL=1,interval_proves_cutoff=91;upper_skipped_by_nonnegative_interval_lower=8
155,0,lp,lower,9,9,0.035627434,0.03512239456176758,1004,0,0,9,0,0,0,0,0,0,OPTIMAL=9,
155,0,lp,upper,9,9,0.038063616,0.03745746612548828,1081,0,0,9,0,0,0,0,0,0,OPTIMAL=9,
155,1,interval_arithmetic,lower,3136,0,0.0,0.0,0,0,0,0,0,842,0,0,0,2294,,interval_arithmetic=842;lower_skipped_by_nonpositive_upper=2294
155,1,interval_arithmetic,upper,3136,0,0.0,0.0,0,0,0,0,0,3136,0,0,0,0,,interval_arithmetic=3136
155,2,lp,lower,1568,78,0.06811507800000001,0.06538772583007812,604,0,0,78,0,0,0,615,0,875,OPTIMAL=78,interval_proves_cutoff=615;lower_skipped_by_nonpositive_upper=875
155,2,lp,upper,1568,82,0.08118613200000001,0.07228922843933105,844,0,0,82,0,0,0,871,615,0,OPTIMAL=82,interval_proves_cutoff=871;upper_skipped_by_nonnegative_interval_lower=615
155,3,lp,lower,100,0,0.0,0.0,0,0,0,0,0,0,0,9,0,91,,interval_proves_cutoff=9;lower_skipped_by_nonpositive_upper=91
155,3,lp,upper,100,0,0.0,0.0,0,0,0,0,0,0,0,91,9,0,,interval_proves_cutoff=91;upper_skipped_by_nonnegative_interval_lower=9
156,0,lp,lower,9,9,0.039908455,0.03940320014953613,1212,0,0,9,0,0,0,0,0,0,OPTIMAL=9,
156,0,lp,upper,9,9,0.04761997,0.0469670295715332,1401,0,0,9,0,0,0,0,0,0,OPTIMAL=9,
156,1,interval_arithmetic,lower,3136,0,0.0,0.0,0,0,0,0,0,937,0,0,0,2199,,interval_arithmetic=937;lower_skipped_by_nonpositive_upper=2199
156,1,interval_arithmetic,upper,3136,0,0.0,0.0,0,0,0,0,0,3136,0,0,0,0,,interval_arithmetic=3136
156,2,lp,lower,1568,89,0.09513161400000003,0.0916893482208252,1298,0,0,89,0,0,0,661,0,818,OPTIMAL=89,interval_proves_cutoff=661;lower_skipped_by_nonpositive_upper=818
156,2,lp,upper,1568,102,0.12194173199999998,0.1118922233581543,1688,0,0,102,0,0,0,805,661,0,OPTIMAL=102,interval_proves_cutoff=805;upper_skipped_by_nonnegative_interval_lower=661
156,3,lp,lower,100,0,0.0,0.0,0,0,0,0,0,0,0,9,0,91,,interval_proves_cutoff=9;lower_skipped_by_nonpositive_upper=91
156,3,lp,upper,100,0,0.0,0.0,0,0,0,0,0,0,0,91,9,0,,interval_proves_cutoff=91;upper_skipped_by_nonnegative_interval_lower=9
157,0,lp,lower,9,9,0.065388266,0.06481170654296875,1660,0,0,9,0,0,0,0,0,0,OPTIMAL=9,
157,0,lp,upper,9,9,0.07303397500000001,0.0723731517791748,1677,0,0,9,0,0,0,0,0,0,OPTIMAL=9,
157,1,interval_arithmetic,lower,3136,0,0.0,0.0,0,0,0,0,0,907,0,0,0,2229,,interval_arithmetic=907;lower_skipped_by_nonpositive_upper=2229
157,1,interval_arithmetic,upper,3136,0,0.0,0.0,0,0,0,0,0,3136,0,0,0,0,,interval_arithmetic=3136
157,2,lp,lower,1568,111,0.12108746300000005,0.11685848236083984,2099,0,0,111,0,0,0,654,0,803,OPTIMAL=111,interval_proves_cutoff=654;lower_skipped_by_nonpositive_upper=803
157,2,lp,upper,1568,118,0.13961373599999996,0.12867116928100586,2415,0,0,118,0,0,0,796,654,0,OPTIMAL=118,interval_proves_cutoff=796;upper_skipped_by_nonnegative_interval_lower=654
157,3,lp,lower,100,1,0.007818184,0.007755279541015625,307,0,0,1,0,0,0,8,0,91,OPTIMAL=1,interval_proves_cutoff=8;lower_skipped_by_nonpositive_upper=91
157,3,lp,upper,100,1,0.006601186,0.006470680236816406,248,0,0,1,0,0,0,91,8,0,OPTIMAL=1,interval_proves_cutoff=91;upper_skipped_by_nonnegative_interval_lower=8
158,0,lp,lower,9,9,0.052378418,0.051825523376464844,1338,0,0,9,0,0,0,0,0,0,OPTIMAL=9,
158,0,lp,upper,9,9,0.059014879,0.05845808982849121,1466,0,0,9,0,0,0,0,0,0,OPTIMAL=9,
158,1,interval_arithmetic,lower,3136,0,0.0,0.0,0,0,0,0,0,901,0,0,0,2235,,interval_arithmetic=901;lower_skipped_by_nonpositive_upper=2235
158,1,interval_arithmetic,upper,3136,0,0.0,0.0,0,0,0,0,0,3136,0,0,0,0,,interval_arithmetic=3136
158,2,lp,lower,1568,95,0.09079038799999997,0.0872342586517334,1098,0,0,95,0,0,0,663,0,810,OPTIMAL=95,interval_proves_cutoff=663;lower_skipped_by_nonpositive_upper=810
158,2,lp,upper,1568,103,0.10795924800000004,0.09807443618774414,1301,0,0,103,0,0,0,802,663,0,OPTIMAL=103,interval_proves_cutoff=802;upper_skipped_by_nonnegative_interval_lower=663
158,3,lp,lower,100,1,0.005785955,0.005726814270019531,253,0,0,1,0,0,0,8,0,91,OPTIMAL=1,interval_proves_cutoff=8;lower_skipped_by_nonpositive_upper=91
158,3,lp,upper,100,1,0.00539879,0.005284309387207031,202,0,0,1,0,0,0,91,8,0,OPTIMAL=1,interval_proves_cutoff=91;upper_skipped_by_nonnegative_interval_lower=8
159,0,lp,lower,9,9,0.03988032700000001,0.03935670852661133,1129,0,0,9,0,0,0,0,0,0,OPTIMAL=9,
159,0,lp,upper,9,9,0.04089710800000001,0.04033231735229492,1102,0,0,9,0,0,0,0,0,0,OPTIMAL=9,
159,1,interval_arithmetic,lower,3136,0,0.0,0.0,0,0,0,0,0,901,0,0,0,2235,,interval_arithmetic=901;lower_skipped_by_nonpositive_upper=2235
159,1,interval_arithmetic,upper,3136,0,0.0,0.0,0,0,0,0,0,3136,0,0,0,0,,interval_arithmetic=3136
159,2,lp,lower,1568,88,0.08666904600000001,0.08336329460144043,1172,0,0,88,0,0,0,672,0,808,OPTIMAL=88,interval_proves_cutoff=672;lower_skipped_by_nonpositive_upper=808
159,2,lp,upper,1568,94,0.103260953,0.09366798400878906,1286,0,0,94,0,0,0,802,672,0,OPTIMAL=94,interval_proves_cutoff=802;upper_skipped_by_nonnegative_interval_lower=672
159,3,lp,lower,100,2,0.009255913000000001,0.009111642837524414,269,0,0,2,0,0,0,7,0,91,OPTIMAL=2,interval_proves_cutoff=7;lower_skipped_by_nonpositive_upper=91
159,3,lp,upper,100,2,0.011854533,0.011592626571655273,356,0,0,2,0,0,0,91,7,0,OPTIMAL=2,interval_proves_cutoff=91;upper_skipped_by_nonnegative_interval_lower=7
160,0,lp,lower,9,9,0.043320427,0.04281139373779297,1046,0,0,9,0,0,0,0,0,0,OPTIMAL=9,
160,0,lp,upper,9,9,0.04782863,0.047267913818359375,1068,0,0,9,0,0,0,0,0,0,OPTIMAL=9,
160,1,interval_arithmetic,lower,3136,0,0.0,0.0,0,0,0,0,0,868,0,0,0,2268,,interval_arithmetic=868;lower_skipped_by_nonpositive_upper=2268
160,1,interval_arithmetic,upper,3136,0,0.0,0.0,0,0,0,0,0,3136,0,0,0,0,,interval_arithmetic=3136
160,2,lp,lower,1568,63,0.06681770700000002,0.06446528434753418,1063,0,0,63,0,0,0,641,0,864,OPTIMAL=63,interval_proves_cutoff=641;lower_skipped_by_nonpositive_upper=864
160,2,lp,upper,1568,71,0.08346388000000002,0.07477927207946777,1246,0,0,71,0,0,0,856,641,0,OPTIMAL=71,interval_proves_cutoff=856;upper_skipped_by_nonnegative_interval_lower=641
160,3,lp,lower,100,3,0.010194236999999998,0.010036468505859375,295,0,0,3,0,0,0,6,0,91,OPTIMAL=3,interval_proves_cutoff=6;lower_skipped_by_nonpositive_upper=91
160,3,lp,upper,100,3,0.011584470999999999,0.011325836181640625,354,0,0,3,0,0,0,91,6,0,OPTIMAL=3,interval_proves_cutoff=91;upper_skipped_by_nonnegative_interval_lower=6
161,0,lp,lower,9,9,0.037214159000000004,0.03669333457946777,1055,0,0,9,0,0,0,0,0,0,OPTIMAL=9,
161,0,lp,upper,9,9,0.04178228,0.04118490219116211,1217,0,0,9,0,0,0,0,0,0,OPTIMAL=9,
161,1,interval_arithmetic,lower,3136,0,0.0,0.0,0,0,0,0,0,908,0,0,0,2228,,interval_arithmetic=908;lower_skipped_by_nonpositive_upper=2228
161,1,interval_arithmetic,upper,3136,0,0.0,0.0,0,0,0,0,0,3136,0,0,0,0,,interval_arithmetic=3136
161,2,lp,lower,1568,81,0.085882313,0.08281493186950684,1212,0,0,81,0,0,0,666,0,821,OPTIMAL=81,interval_proves_cutoff=666;lower_skipped_by_nonpositive_upper=821
161,2,lp,upper,1568,87,0.10517270799999996,0.09575128555297852,1556,0,0,87,0,0,0,815,666,0,OPTIMAL=87,interval_proves_cutoff=815;upper_skipped_by_nonnegative_interval_lower=666
161,3,lp,lower,100,0,0.0,0.0,0,0,0,0,0,0,0,9,0,91,,interval_proves_cutoff=9;lower_skipped_by_nonpositive_upper=91
161,3,lp,upper,100,0,0.0,0.0,0,0,0,0,0,0,0,91,9,0,,interval_proves_cutoff=91;upper_skipped_by_nonnegative_interval_lower=9
162,0,lp,lower,9,9,0.08084022699999999,0.08022785186767578,1823,0,0,9,0,0,0,0,0,0,OPTIMAL=9,
162,0,lp,upper,9,9,0.08450509699999999,0.08384466171264648,1802,0,0,9,0,0,0,0,0,0,OPTIMAL=9,
162,1,interval_arithmetic,lower,3136,0,0.0,0.0,0,0,0,0,0,930,0,0,0,2206,,interval_arithmetic=930;lower_skipped_by_nonpositive_upper=2206
162,1,interval_arithmetic,upper,3136,0,0.0,0.0,0,0,0,0,0,3136,0,0,0,0,,interval_arithmetic=3136
162,2,lp,lower,1568,98,0.11514428499999997,0.11130261421203613,1911,0,0,98,0,0,0,656,0,814,OPTIMAL=98,interval_proves_cutoff=656;lower_skipped_by_nonpositive_upper=814
162,2,lp,upper,1568,107,0.13291530799999995,0.12275004386901855,2085,0,0,107,0,0,0,805,656,0,OPTIMAL=107,interval_proves_cutoff=805;upper_skipped_by_nonnegative_interval_lower=656
162,3,lp,lower,100,1,0.007721195,0.007645368576049805,274,0,0,1,0,0,0,8,0,91,OPTIMAL=1,interval_proves_cutoff=8;lower_skipped_by_nonpositive_upper=91
162,3,lp,upper,100,1,0.006264031,0.006108283996582031,226,0,0,1,0,0,0,91,8,0,OPTIMAL=1,interval_proves_cutoff=91;upper_skipped_by_nonnegative_interval_lower=8
163,0,lp,lower,9,9,0.034519076,0.03399848937988281,1035,0,0,9,0,0,0,0,0,0,OPTIMAL=9,
163,0,lp,upper,9,9,0.034654145000000004,0.03406405448913574,1034,0,0,9,0,0,0,0,0,0,OPTIMAL=9,
163,1,interval_arithmetic,lower,3136,0,0.0,0.0,0,0,0,0,0,941,0,0,0,2195,,interval_arithmetic=941;lower_skipped_by_nonpositive_upper=2195
163,1,interval_arithmetic,upper,3136,0,0.0,0.0,0,0,0,0,0,3136,0,0,0,0,,interval_arithmetic=3136
163,2,lp,lower,1568,75,0.07998765300000002,0.07710814476013184,807,0,0,75,0,0,0,702,0,791,OPTIMAL=75,interval_proves_cutoff=702;lower_skipped_by_nonpositive_upper=791
163,2,lp,upper,1568,81,0.09712976299999998,0.08798027038574219,998,0,0,81,0,0,0,785,702,0,OPTIMAL=81,interval_proves_cutoff=785;upper_skipped_by_nonnegative_interval_lower=702
163,3,lp,lower,100,0,0.0,0.0,0,0,0,0,0,0,0,8,0,92,,interval_proves_cutoff=8;lower_skipped_by_nonpositive_upper=92
163,3,lp,upper,100,1,0.004343499,0.004208803176879883,163,0,0,1,0,0,0,91,8,0,OPTIMAL=1,interval_proves_cutoff=91;upper_skipped_by_nonnegative_interval_lower=8
164,0,lp,lower,9,9,0.039772167000000004,0.03927326202392578,991,0,0,9,0,0,0,0,0,0,OPTIMAL=9,
164,0,lp,upper,9,9,0.037164702,0.03663825988769531,928,0,0,9,0,0,0,0,0,0,OPTIMAL=9,
164,1,interval_arithmetic,lower,3136,0,0.0,0.0,0,0,0,0,0,913,0,0,0,2223,,interval_arithmetic=913;lower_skipped_by_nonpositive_upper=2223
164,1,interval_arithmetic,upper,3136,0,0.0,0.0,0,0,0,0,0,3136,0,0,0,0,,interval_arithmetic=3136
164,2,lp,lower,1568,70,0.06765638400000001,0.06510186195373535,546,0,0,70,0,0,0,681,0,817,OPTIMAL=70,interval_proves_cutoff=681;lower_skipped_by_nonpositive_upper=817
164,2,lp,upper,1568,71,0.076349641,0.06781268119812012,652,0,0,71,0,0,0,816,681,0,OPTIMAL=71,interval_proves_cutoff=816;upper_skipped_by_nonnegative_interval_lower=681
164,3,lp,lower,100,1,0.004318673,0.004261493682861328,179,0,0,1,0,0,0,8,0,91,OPTIMAL=1,interval_proves_cutoff=8;lower_skipped_by_nonpositive_upper=91
164,3,lp,upper,100,1,0.003909365,0.0037839412689208984,165,0,0,1,0,0,0,91,8,0,OPTIMAL=1,interval_proves_cutoff=91;upper_skipped_by_nonnegative_interval_lower=8
165,0,lp,lower,9,9,0.089458796,0.08883547782897949,1779,0,0,9,0,0,0,0,0,0,OPTIMAL=9,
165,0,lp,upper,9,9,0.07789622400000001,0.07729911804199219,1664,0,0,9,0,0,0,0,0,0,OPTIMAL=9,
165,1,interval_arithmetic,lower,3136,0,0.0,0.0,0,0,0,0,0,908,0,0,0,2228,,interval_arithmetic=908;lower_skipped_by_nonpositive_upper=2228
165,1,interval_arithmetic,upper,3136,0,0.0,0.0,0,0,0,0,0,3136,0,0,0,0,,interval_arithmetic=3136
165,2,lp,lower,1568,115,0.127173029,0.12273859977722168,1938,0,0,115,0,0,0,646,0,807,OPTIMAL=115,interval_proves_cutoff=646;lower_skipped_by_nonpositive_upper=807
165,2,lp,upper,1568,127,0.149104608,0.1377699375152588,2243,0,0,127,0,0,0,795,646,0,OPTIMAL=127,interval_proves_cutoff=795;upper_skipped_by_nonnegative_interval_lower=646
165,3,lp,lower,100,2,0.012580561,0.01245570182800293,322,0,0,2,0,0,0,7,0,91,OPTIMAL=2,interval_proves_cutoff=7;lower_skipped_by_nonpositive_upper=91
165,3,lp,upper,100,2,0.015913379,0.015714645385742188,409,0,0,2,0,0,0,91,7,0,OPTIMAL=2,interval_proves_cutoff=91;upper_skipped_by_nonnegative_interval_lower=7
166,0,lp,lower,9,9,0.063965833,0.06341147422790527,1390,0,0,9,0,0,0,0,0,0,OPTIMAL=9,
166,0,lp,upper,9,9,0.059860836,0.05926775932312012,1363,0,0,9,0,0,0,0,0,0,OPTIMAL=9,
166,1,interval_arithmetic,lower,3136,0,0.0,0.0,0,0,0,0,0,939,0,0,0,2197,,interval_arithmetic=939;lower_skipped_by_nonpositive_upper=2197
166,1,interval_arithmetic,upper,3136,0,0.0,0.0,0,0,0,0,0,3136,0,0,0,0,,interval_arithmetic=3136
166,2,lp,lower,1568,87,0.088628669,0.08534932136535645,1008,0,0,87,0,0,0,687,0,794,OPTIMAL=87,interval_proves_cutoff=687;lower_skipped_by_nonpositive_upper=794
166,2,lp,upper,1568,89,0.10275249699999998,0.09312605857849121,1161,0,0,89,0,0,0,792,687,0,OPTIMAL=89,interval_proves_cutoff=792;upper_skipped_by_nonnegative_interval_lower=687
166,3,lp,lower,100,1,0.006402046,0.0063326358795166016,252,0,0,1,0,0,0,8,0,91,OPTIMAL=1,interval_proves_cutoff=8;lower_skipped_by_nonpositive_upper=91
166,3,lp,upper,100,1,0.004915789,0.0047757625579833984,209,0,0,1,0,0,0,91,8,0,OPTIMAL=1,interval_proves_cutoff=91;upper_skipped_by_nonnegative_interval_lower=8
167,0,lp,lower,9,9,0.049687121,0.049134016036987305,1270,0,0,9,0,0,0,0,0,0,OPTIMAL=9,
167,0,lp,upper,9,9,0.061820236,0.061177968978881836,1533,0,0,9,0,0,0,0,0,0,OPTIMAL=9,
167,1,interval_arithmetic,lower,3136,0,0.0,0.0,0,0,0,0,0,917,0,0,0,2219,,interval_arithmetic=917;lower_skipped_by_nonpositive_upper=2219
167,1,interval_arithmetic,upper,3136,0,0.0,0.0,0,0,0,0,0,3136,0,0,0,0,,interval_arithmetic=3136
167,2,lp,lower,1568,106,0.12251160299999998,0.11835503578186035,2097,0,0,106,0,0,0,643,0,819,OPTIMAL=106,interval_proves_cutoff=643;lower_skipped_by_nonpositive_upper=819
167,2,lp,upper,1568,114,0.1399618910000001,0.12910747528076172,2240,0,0,114,0,0,0,811,643,0,OPTIMAL=114,interval_proves_cutoff=811;upper_skipped_by_nonnegative_interval_lower=643
167,3,lp,lower,100,0,0.0,0.0,0,0,0,0,0,0,0,9,0,91,,interval_proves_cutoff=9;lower_skipped_by_nonpositive_upper=91
167,3,lp,upper,100,0,0.0,0.0,0,0,0,0,0,0,0,91,9,0,,interval_proves_cutoff=91;upper_skipped_by_nonnegative_interval_lower=9
168,0,lp,lower,9,9,0.047382978,0.04672074317932129,1240,0,0,9,0,0,0,0,0,0,OPTIMAL=9,
168,0,lp,upper,9,9,0.046064850000000004,0.04550433158874512,1222,0,0,9,0,0,0,0,0,0,OPTIMAL=9,
168,1,interval_arithmetic,lower,3136,0,0.0,0.0,0,0,0,0,0,894,0,0,0,2242,,interval_arithmetic=894;lower_skipped_by_nonpositive_upper=2242
168,1,interval_arithmetic,upper,3136,0,0.0,0.0,0,0,0,0,0,3136,0,0,0,0,,interval_arithmetic=3136
168,2,lp,lower,1568,91,0.09113320600000004,0.08765578269958496,1183,0,0,91,0,0,0,647,0,830,OPTIMAL=91,interval_proves_cutoff=647;lower_skipped_by_nonpositive_upper=830
168,2,lp,upper,1568,101,0.11166449899999997,0.10171627998352051,1459,0,0,101,0,0,0,820,647,0,OPTIMAL=101,interval_proves_cutoff=820;upper_skipped_by_nonnegative_interval_lower=647
168,3,lp,lower,100,1,0.007276234,0.007202863693237305,242,0,0,1,0,0,0,8,0,91,OPTIMAL=1,interval_proves_cutoff=8;lower_skipped_by_nonpositive_upper=91
168,3,lp,upper,100,1,0.005524884,0.0054013729095458984,178,0,0,1,0,0,0,91,8,0,OPTIMAL=1,interval_proves_cutoff=91;upper_skipped_by_nonnegative_interval_lower=8
169,0,lp,lower,9,9,0.03574469,0.03526449203491211,930,0,0,9,0,0,0,0,0,0,OPTIMAL=9,
169,0,lp,upper,9,9,0.034083604,0.033548593521118164,877,0,0,9,0,0,0,0,0,0,OPTIMAL=9,
169,1,interval_arithmetic,lower,3136,0,0.0,0.0,0,0,0,0,0,858,0,0,0,2278,,interval_arithmetic=858;lower_skipped_by_nonpositive_upper=2278
169,1,interval_arithmetic,upper,3136,0,0.0,0.0,0,0,0,0,0,3136,0,0,0,0,,interval_arithmetic=3136
169,2,lp,lower,1568,70,0.06230463,0.05984139442443848,665,0,0,70,0,0,0,638,0,860,OPTIMAL=70,interval_proves_cutoff=638;lower_skipped_by_nonpositive_upper=860
169,2,lp,upper,1568,76,0.07681034100000003,0.06829476356506348,677,0,0,76,0,0,0,854,638,0,OPTIMAL=76,interval_proves_cutoff=854;upper_skipped_by_nonnegative_interval_lower=638
169,3,lp,lower,100,1,0.004083542,0.004014253616333008,173,0,0,1,0,0,0,8,0,91,OPTIMAL=1,interval_proves_cutoff=8;lower_skipped_by_nonpositive_upper=91
169,3,lp,upper,100,1,0.003999858,0.0038824081420898438,146,0,0,1,0,0,0,91,8,0,OPTIMAL=1,interval_proves_cutoff=91;upper_skipped_by_nonnegative_interval_lower=8
170,0,lp,lower,9,9,0.031223279000000003,0.03074193000793457,864,0,0,9,0,0,0,0,0,0,OPTIMAL=9,
170,0,lp,upper,9,9,0.032628684,0.032144784927368164,906,0,0,9,0,0,0,0,0,0,OPTIMAL=9,
170,1,interval_arithmetic,lower,3136,0,0.0,0.0,0,0,0,0,0,889,0,0,0,2247,,interval_arithmetic=889;lower_skipped_by_nonpositive_upper=2247
170,1,interval_arithmetic,upper,3136,0,0.0,0.0,0,0,0,0,0,3136,0,0,0,0,,interval_arithmetic=3136
170,2,lp,lower,1568,76,0.06898954400000001,0.06625890731811523,837,0,0,76,0,0,0,659,0,833,OPTIMAL=76,interval_proves_cutoff=659;lower_skipped_by_nonpositive_upper=833
170,2,lp,upper,1568,88,0.09106077499999998,0.08177733421325684,1169,0,0,88,0,0,0,821,659,0,OPTIMAL=88,interval_proves_cutoff=821;upper_skipped_by_nonnegative_interval_lower=659
170,3,lp,lower,100,1,0.005350422,0.005294084548950195,177,0,0,1,0,0,0,8,0,91,OPTIMAL=1,interval_proves_cutoff=8;lower_skipped_by_nonpositive_upper=91
170,3,lp,upper,100,1,0.005348279,0.005227327346801758,181,0,0,1,0,0,0,91,8,0,OPTIMAL=1,interval_proves_cutoff=91;upper_skipped_by_nonnegative_interval_lower=8
171,0,lp,lower,9,9,0.026779923000000004,0.02631664276123047,773,0,0,9,0,0,0,0,0,0,OPTIMAL=9,
171,0,lp,upper,9,9,0.028861353,0.02833700180053711,834,0,0,9,0,0,0,0,0,0,OPTIMAL=9,
171,1,interval_arithmetic,lower,3136,0,0.0,0.0,0,0,0,0,0,881,0,0,0,2255,,interval_arithmetic=881;lower_skipped_by_nonpositive_upper=2255
171,1,interval_arithmetic,upper,3136,0,0.0,0.0,0,0,0,0,0,3136,0,0,0,0,,interval_arithmetic=3136
171,2,lp,lower,1568,65,0.05912106399999999,0.05677342414855957,628,0,0,65,0,0,0,658,0,845,OPTIMAL=65,interval_proves_cutoff=658;lower_skipped_by_nonpositive_upper=845
171,2,lp,upper,1568,67,0.06842097899999998,0.06011557579040527,721,0,0,67,0,0,0,843,658,0,OPTIMAL=67,interval_proves_cutoff=843;upper_skipped_by_nonnegative_interval_lower=658
171,3,lp,lower,100,0,0.0,0.0,0,0,0,0,0,0,0,9,0,91,,interval_proves_cutoff=9;lower_skipped_by_nonpositive_upper=91
171,3,lp,upper,100,0,0.0,0.0,0,0,0,0,0,0,0,91,9,0,,interval_proves_cutoff=91;upper_skipped_by_nonnegative_interval_lower=9
172,0,lp,lower,9,9,0.031779593999999994,0.03130173683166504,1005,0,0,9,0,0,0,0,0,0,OPTIMAL=9,
172,0,lp,upper,9,9,0.032819296000000005,0.03230714797973633,986,0,0,9,0,0,0,0,0,0,OPTIMAL=9,
172,1,interval_arithmetic,lower,3136,0,0.0,0.0,0,0,0,0,0,936,0,0,0,2200,,interval_arithmetic=936;lower_skipped_by_nonpositive_upper=2200
172,1,interval_arithmetic,upper,3136,0,0.0,0.0,0,0,0,0,0,3136,0,0,0,0,,interval_arithmetic=3136
172,2,lp,lower,1568,72,0.073545813,0.07082343101501465,911,0,0,72,0,0,0,646,0,850,OPTIMAL=72,interval_proves_cutoff=646;lower_skipped_by_nonpositive_upper=850
172,2,lp,upper,1568,76,0.08873791000000003,0.07982444763183594,984,0,0,76,0,0,0,846,646,0,OPTIMAL=76,interval_proves_cutoff=846;upper_skipped_by_nonnegative_interval_lower=646
172,3,lp,lower,100,1,0.004497466,0.004426717758178711,213,0,0,1,0,0,0,8,0,91,OPTIMAL=1,interval_proves_cutoff=8;lower_skipped_by_nonpositive_upper=91
172,3,lp,upper,100,1,0.004210731,0.0040929317474365234,164,0,0,1,0,0,0,91,8,0,OPTIMAL=1,interval_proves_cutoff=91;upper_skipped_by_nonnegative_interval_lower=8
173,0,lp,lower,9,9,0.057885162,0.057327985763549805,1598,0,0,9,0,0,0,0,0,0,OPTIMAL=9,
173,0,lp,upper,9,9,0.05585790399999999,0.05528593063354492,1586,0,0,9,0,0,0,0,0,0,OPTIMAL=9,
173,1,interval_arithmetic,lower,3136,0,0.0,0.0,0,0,0,0,0,954,0,0,0,2182,,interval_arithmetic=954;lower_skipped_by_nonpositive_upper=2182
173,1,interval_arithmetic,upper,3136,0,0.0,0.0,0,0,0,0,0,3136,0,0,0,0,,interval_arithmetic=3136
173,2,lp,lower,1568,90,0.09973097900000001,0.0960988998413086,1543,0,0,90,0,0,0,699,0,779,OPTIMAL=90,interval_proves_cutoff=699;lower_skipped_by_nonpositive_upper=779
173,2,lp,upper,1568,97,0.12190366299999998,0.11150169372558594,1928,0,0,97,0,0,0,772,699,0,OPTIMAL=97,interval_proves_cutoff=772;upper_skipped_by_nonnegative_interval_lower=699
173,3,lp,lower,100,1,0.007004237,0.006923198699951172,295,0,0,1,0,0,0,8,0,91,OPTIMAL=1,interval_proves_cutoff=8;lower_skipped_by_nonpositive_upper=91
173,3,lp,upper,100,1,0.007854689,0.007662296295166016,246,0,0,1,0,0,0,91,8,0,OPTIMAL=1,interval_proves_cutoff=91;upper_skipped_by_nonnegative_interval_lower=8
174,0,lp,lower,9,9,0.139395058,0.13860797882080078,2345,0,0,9,0,0,0,0,0,0,OPTIMAL=9,
174,0,lp,upper,9,9,0.156162405,0.15535426139831543,2338,0,0,9,0,0,0,0,0,0,OPTIMAL=9,
174,1,interval_arithmetic,lower,3136,0,0.0,0.0,0,0,0,0,0,925,0,0,0,2211,,interval_arithmetic=925;lower_skipped_by_nonpositive_upper=2211
174,1,interval_arithmetic,upper,3136,0,0.0,0.0,0,0,0,0,0,3136,0,0,0,0,,interval_arithmetic=3136
174,2,lp,lower,1568,139,0.15929535300000006,0.15361690521240234,2651,0,0,139,0,0,0,659,0,770,OPTIMAL=139,interval_proves_cutoff=659;lower_skipped_by_nonpositive_upper=770
174,2,lp,upper,1568,149,0.184935416,0.1724691390991211,3059,0,0,149,0,0,0,760,659,0,OPTIMAL=149,interval_proves_cutoff=760;upper_skipped_by_nonnegative_interval_lower=659
174,3,lp,lower,100,1,0.014021934,0.013934135437011719,366,0,0,1,0,0,0,8,0,91,OPTIMAL=1,interval_proves_cutoff=8;lower_skipped_by_nonpositive_upper=91
174,3,lp,upper,100,1,0.011657154,0.011450529098510742,322,0,0,1,0,0,0,91,8,0,OPTIMAL=1,interval_proves_cutoff=91;upper_skipped_by_nonnegative_interval_lower=8
175,0,lp,lower,9,9,0.033443463,0.032952070236206055,1043,0,0,9,0,0,0,0,0,0,OPTIMAL=9,
175,0,lp,upper,9,9,0.038391739,0.03773641586303711,1147,0,0,9,0,0,0,0,0,0,OPTIMAL=9,
175,1,interval_arithmetic,lower,3136,0,0.0,0.0,0,0,0,0,0,908,0,0,0,2228,,interval_arithmetic=908;lower_skipped_by_nonpositive_upper=2228
175,1,interval_arithmetic,upper,3136,0,0.0,0.0,0,0,0,0,0,3136,0,0,0,0,,interval_arithmetic=3136
175,2,lp,lower,1568,70,0.07190184599999998,0.06922554969787598,1090,0,0,70,0,0,0,671,0,827,OPTIMAL=70,interval_proves_cutoff=671;lower_skipped_by_nonpositive_upper=827
175,2,lp,upper,1568,76,0.085924412,0.07665061950683594,1072,0,0,76,0,0,0,821,671,0,OPTIMAL=76,interval_proves_cutoff=821;upper_skipped_by_nonnegative_interval_lower=671
175,3,lp,lower,100,0,0.0,0.0,0,0,0,0,0,0,0,9,0,91,,interval_proves_cutoff=9;lower_skipped_by_nonpositive_upper=91
175,3,lp,upper,100,0,0.0,0.0,0,0,0,0,0,0,0,91,9,0,,interval_proves_cutoff=91;upper_skipped_by_nonnegative_interval_lower=9
176,0,lp,lower,9,9,0.043817264,0.04330039024353027,1020,0,0,9,0,0,0,0,0,0,OPTIMAL=9,
176,0,lp,upper,9,9,0.046167599,0.04564714431762695,1050,0,0,9,0,0,0,0,0,0,OPTIMAL=9,
176,1,interval_arithmetic,lower,3136,0,0.0,0.0,0,0,0,0,0,839,0,0,0,2297,,interval_arithmetic=839;lower_skipped_by_nonpositive_upper=2297
176,1,interval_arithmetic,upper,3136,0,0.0,0.0,0,0,0,0,0,3136,0,0,0,0,,interval_arithmetic=3136
176,2,lp,lower,1568,87,0.09000715100000001,0.08668947219848633,1165,0,0,87,0,0,0,618,0,863,OPTIMAL=87,interval_proves_cutoff=618;lower_skipped_by_nonpositive_upper=863
176,2,lp,upper,1568,88,0.092879206,0.08357930183410645,1172,0,0,88,0,0,0,862,618,0,OPTIMAL=88,interval_proves_cutoff=862;upper_skipped_by_nonnegative_interval_lower=618
176,3,lp,lower,100,1,0.006080616,0.006017923355102539,203,0,0,1,0,0,0,8,0,91,OPTIMAL=1,interval_proves_cutoff=8;lower_skipped_by_nonpositive_upper=91
176,3,lp,upper,100,1,0.005175051,0.0050525665283203125,174,0,0,1,0,0,0,91,8,0,OPTIMAL=1,interval_proves_cutoff=91;upper_skipped_by_nonnegative_interval_lower=8
177,0,lp,lower,9,9,0.04520802800000001,0.044689178466796875,1059,0,0,9,0,0,0,0,0,0,OPTIMAL=9,
177,0,lp,upper,9,9,0.04886719900000001,0.04833865165710449,1093,0,0,9,0,0,0,0,0,0,OPTIMAL=9,
177,1,interval_arithmetic,lower,3136,0,0.0,0.0,0,0,0,0,0,835,0,0,0,2301,,interval_arithmetic=835;lower_skipped_by_nonpositive_upper=2301
177,1,interval_arithmetic,upper,3136,0,0.0,0.0,0,0,0,0,0,3136,0,0,0,0,,interval_arithmetic=3136
177,2,lp,lower,1568,102,0.08851155000000001,0.08499002456665039,763,0,0,102,0,0,0,611,0,855,OPTIMAL=102,interval_proves_cutoff=611;lower_skipped_by_nonpositive_upper=855
177,2,lp,upper,1568,106,0.10282981200000003,0.09330081939697266,956,0,0,106,0,0,0,851,611,0,OPTIMAL=106,interval_proves_cutoff=851;upper_skipped_by_nonnegative_interval_lower=611
177,3,lp,lower,100,1,0.008373474,0.008311033248901367,225,0,0,1,0,0,0,8,0,91,OPTIMAL=1,interval_proves_cutoff=8;lower_skipped_by_nonpositive_upper=91
177,3,lp,upper,100,1,0.00777984,0.007653474807739258,227,0,0,1,0,0,0,91,8,0,OPTIMAL=1,interval_proves_cutoff=91;upper_skipped_by_nonnegative_interval_lower=8
178,0,lp,lower,9,9,0.056462214999999996,0.055919647216796875,1350,0,0,9,0,0,0,0,0,0,OPTIMAL=9,
178,0,lp,upper,9,9,0.064252576,0.06362104415893555,1552,0,0,9,0,0,0,0,0,0,OPTIMAL=9,
178,1,interval_arithmetic,lower,3136,0,0.0,0.0,0,0,0,0,0,920,0,0,0,2216,,interval_arithmetic=920;lower_skipped_by_nonpositive_upper=2216
178,1,interval_arithmetic,upper,3136,0,0.0,0.0,0,0,0,0,0,3136,0,0,0,0,,interval_arithmetic=3136
178,2,lp,lower,1568,100,0.10582797899999997,0.10207629203796387,1650,0,0,100,0,0,0,660,0,808,OPTIMAL=100,interval_proves_cutoff=660;lower_skipped_by_nonpositive_upper=808
178,2,lp,upper,1568,103,0.12204398199999998,0.11160540580749512,1829,0,0,103,0,0,0,805,660,0,OPTIMAL=103,interval_proves_cutoff=805;upper_skipped_by_nonnegative_interval_lower=660
178,3,lp,lower,100,0,0.0,0.0,0,0,0,0,0,0,0,9,0,91,,interval_proves_cutoff=9;lower_skipped_by_nonpositive_upper=91
178,3,lp,upper,100,0,0.0,0.0,0,0,0,0,0,0,0,91,9,0,,interval_proves_cutoff=91;upper_skipped_by_nonnegative_interval_lower=9
179,0,lp,lower,9,9,0.033613238999999996,0.03316164016723633,918,0,0,9,0,0,0,0,0,0,OPTIMAL=9,
179,0,lp,upper,9,9,0.033798724999999995,0.03330397605895996,920,0,0,9,0,0,0,0,0,0,OPTIMAL=9,
179,1,interval_arithmetic,lower,3136,0,0.0,0.0,0,0,0,0,0,856,0,0,0,2280,,interval_arithmetic=856;lower_skipped_by_nonpositive_upper=2280
179,1,interval_arithmetic,upper,3136,0,0.0,0.0,0,0,0,0,0,3136,0,0,0,0,,interval_arithmetic=3136
179,2,lp,lower,1568,62,0.06285206500000001,0.06065726280212402,957,0,0,62,0,0,0,634,0,872,OPTIMAL=62,interval_proves_cutoff=634;lower_skipped_by_nonpositive_upper=872
179,2,lp,upper,1568,65,0.07579266799999998,0.06752514839172363,1182,0,0,65,0,0,0,869,634,0,OPTIMAL=65,interval_proves_cutoff=869;upper_skipped_by_nonnegative_interval_lower=634
179,3,lp,lower,100,0,0.0,0.0,0,0,0,0,0,0,0,8,0,92,,interval_proves_cutoff=8;lower_skipped_by_nonpositive_upper=92
179,3,lp,upper,100,1,0.00428294,0.004168272018432617,144,0,0,1,0,0,0,91,8,0,OPTIMAL=1,interval_proves_cutoff=91;upper_skipped_by_nonnegative_interval_lower=8
180,0,lp,lower,9,9,0.039507471999999995,0.03897404670715332,1180,0,0,9,0,0,0,0,0,0,OPTIMAL=9,
180,0,lp,upper,9,9,0.041826694,0.041179656982421875,1256,0,0,9,0,0,0,0,0,0,OPTIMAL=9,
180,1,interval_arithmetic,lower,3136,0,0.0,0.0,0,0,0,0,0,953,0,0,0,2183,,interval_arithmetic=953;lower_skipped_by_nonpositive_upper=2183
180,1,interval_arithmetic,upper,3136,0,0.0,0.0,0,0,0,0,0,3136,0,0,0,0,,interval_arithmetic=3136
180,2,lp,lower,1568,84,0.09469863300000003,0.09145140647888184,1388,0,0,84,0,0,0,683,0,801,OPTIMAL=84,interval_proves_cutoff=683;lower_skipped_by_nonpositive_upper=801
180,2,lp,upper,1568,88,0.109070981,0.09933090209960938,1629,0,0,88,0,0,0,797,683,0,OPTIMAL=88,interval_proves_cutoff=797;upper_skipped_by_nonnegative_interval_lower=683
180,3,lp,lower,100,0,0.0,0.0,0,0,0,0,0,0,0,9,0,91,,interval_proves_cutoff=9;lower_skipped_by_nonpositive_upper=91
180,3,lp,upper,100,0,0.0,0.0,0,0,0,0,0,0,0,91,9,0,,interval_proves_cutoff=91;upper_skipped_by_nonnegative_interval_lower=9
181,0,lp,lower,9,9,0.025254987999999996,0.024808406829833984,643,0,0,9,0,0,0,0,0,0,OPTIMAL=9,
181,0,lp,upper,9,9,0.023894007999999998,0.023430347442626953,637,0,0,9,0,0,0,0,0,0,OPTIMAL=9,
181,1,interval_arithmetic,lower,3136,0,0.0,0.0,0,0,0,0,0,847,0,0,0,2289,,interval_arithmetic=847;lower_skipped_by_nonpositive_upper=2289
181,1,interval_arithmetic,upper,3136,0,0.0,0.0,0,0,0,0,0,3136,0,0,0,0,,interval_arithmetic=3136
181,2,lp,lower,1568,57,0.04812423599999999,0.04617953300476074,365,0,0,57,0,0,0,640,0,871,OPTIMAL=57,interval_proves_cutoff=640;lower_skipped_by_nonpositive_upper=871
181,2,lp,upper,1568,59,0.05654723799999999,0.048614501953125,398,0,0,59,0,0,0,869,640,0,OPTIMAL=59,interval_proves_cutoff=869;upper_skipped_by_nonnegative_interval_lower=640
181,3,lp,lower,100,1,0.002985824,0.0029337406158447266,129,0,0,1,0,0,0,8,0,91,OPTIMAL=1,interval_proves_cutoff=8;lower_skipped_by_nonpositive_upper=91
181,3,lp,upper,100,1,0.003115025,0.002924680709838867,116,0,0,1,0,0,0,91,8,0,OPTIMAL=1,interval_proves_cutoff=91;upper_skipped_by_nonnegative_interval_lower=8
182,0,lp,lower,9,9,0.06225421700000001,0.06170845031738281,1340,0,0,9,0,0,0,0,0,0,OPTIMAL=9,
182,0,lp,upper,9,9,0.05154955,0.05097007751464844,1131,0,0,9,0,0,0,0,0,0,OPTIMAL=9,
182,1,interval_arithmetic,lower,3136,0,0.0,0.0,0,0,0,0,0,934,0,0,0,2202,,interval_arithmetic=934;lower_skipped_by_nonpositive_upper=2202
182,1,interval_arithmetic,upper,3136,0,0.0,0.0,0,0,0,0,0,3136,0,0,0,0,,interval_arithmetic=3136
182,2,lp,lower,1568,93,0.09535450700000005,0.09181380271911621,1424,0,0,93,0,0,0,672,0,803,OPTIMAL=93,interval_proves_cutoff=672;lower_skipped_by_nonpositive_upper=803
182,2,lp,upper,1568,105,0.11828614199999998,0.1079864501953125,1747,0,0,105,0,0,0,791,672,0,OPTIMAL=105,interval_proves_cutoff=791;upper_skipped_by_nonnegative_interval_lower=672
182,3,lp,lower,100,1,0.006882509,0.0068111419677734375,239,0,0,1,0,0,0,8,0,91,OPTIMAL=1,interval_proves_cutoff=8;lower_skipped_by_nonpositive_upper=91
182,3,lp,upper,100,1,0.006369538,0.006247758865356445,195,0,0,1,0,0,0,91,8,0,OPTIMAL=1,interval_proves_cutoff=91;upper_skipped_by_nonnegative_interval_lower=8
183,0,lp,lower,9,9,0.034269425,0.03378105163574219,1007,0,0,9,0,0,0,0,0,0,OPTIMAL=9,
183,0,lp,upper,9,9,0.038105288,0.0375368595123291,1113,0,0,9,0,0,0,0,0,0,OPTIMAL=9,
183,1,interval_arithmetic,lower,3136,0,0.0,0.0,0,0,0,0,0,881,0,0,0,2255,,interval_arithmetic=881;lower_skipped_by_nonpositive_upper=2255
183,1,interval_arithmetic,upper,3136,0,0.0,0.0,0,0,0,0,0,3136,0,0,0,0,,interval_arithmetic=3136
183,2,lp,lower,1568,77,0.072489084,0.06965327262878418,1039,0,0,77,0,0,0,652,0,839,OPTIMAL=77,interval_proves_cutoff=652;lower_skipped_by_nonpositive_upper=839
183,2,lp,upper,1568,78,0.08409023899999998,0.07511305809020996,1195,0,0,78,0,0,0,838,652,0,OPTIMAL=78,interval_proves_cutoff=838;upper_skipped_by_nonnegative_interval_lower=652
183,3,lp,lower,100,0,0.0,0.0,0,0,0,0,0,0,0,9,0,91,,interval_proves_cutoff=9;lower_skipped_by_nonpositive_upper=91
183,3,lp,upper,100,0,0.0,0.0,0,0,0,0,0,0,0,91,9,0,,interval_proves_cutoff=91;upper_skipped_by_nonnegative_interval_lower=9
184,0,lp,lower,9,9,0.033340875,0.03285670280456543,996,0,0,9,0,0,0,0,0,0,OPTIMAL=9,
184,0,lp,upper,9,9,0.034009269,0.033336639404296875,1023,0,0,9,0,0,0,0,0,0,OPTIMAL=9,
184,1,interval_arithmetic,lower,3136,0,0.0,0.0,0,0,0,0,0,948,0,0,0,2188,,interval_arithmetic=948;lower_skipped_by_nonpositive_upper=2188
184,1,interval_arithmetic,upper,3136,0,0.0,0.0,0,0,0,0,0,3136,0,0,0,0,,interval_arithmetic=3136
184,2,lp,lower,1568,74,0.06716737199999999,0.06441879272460938,482,0,0,74,0,0,0,716,0,778,OPTIMAL=74,interval_proves_cutoff=716;lower_skipped_by_nonpositive_upper=778
184,2,lp,upper,1568,77,0.07794584499999999,0.06920528411865234,579,0,0,77,0,0,0,775,716,0,OPTIMAL=77,interval_proves_cutoff=775;upper_skipped_by_nonnegative_interval_lower=716
184,3,lp,lower,100,0,0.0,0.0,0,0,0,0,0,0,0,8,0,92,,interval_proves_cutoff=8;lower_skipped_by_nonpositive_upper=92
184,3,lp,upper,100,0,0.0,0.0,0,0,0,0,0,0,0,92,8,0,,interval_proves_cutoff=92;upper_skipped_by_nonnegative_interval_lower=8
185,0,lp,lower,9,9,0.087373061,0.08677363395690918,1675,0,0,9,0,0,0,0,0,0,OPTIMAL=9,
185,0,lp,upper,9,9,0.090956674,0.09032082557678223,1802,0,0,9,0,0,0,0,0,0,OPTIMAL=9,
185,1,interval_arithmetic,lower,3136,0,0.0,0.0,0,0,0,0,0,928,0,0,0,2208,,interval_arithmetic=928;lower_skipped_by_nonpositive_upper=2208
185,1,interval_arithmetic,upper,3136,0,0.0,0.0,0,0,0,0,0,3136,0,0,0,0,,interval_arithmetic=3136
185,2,lp,lower,1568,112,0.124355402,0.1199948787689209,1928,0,0,112,0,0,0,670,0,786,OPTIMAL=112,interval_proves_cutoff=670;lower_skipped_by_nonpositive_upper=786
185,2,lp,upper,1568,120,0.142163136,0.13132071495056152,2182,0,0,120,0,0,0,778,670,0,OPTIMAL=120,interval_proves_cutoff=778;upper_skipped_by_nonnegative_interval_lower=670
185,3,lp,lower,100,1,0.010047298,0.009973287582397461,318,0,0,1,0,0,0,8,0,91,OPTIMAL=1,interval_proves_cutoff=8;lower_skipped_by_nonpositive_upper=91
185,3,lp,upper,100,1,0.008287325,0.008165597915649414,249,0,0,1,0,0,0,91,8,0,OPTIMAL=1,interval_proves_cutoff=91;upper_skipped_by_nonnegative_interval_lower=8
186,0,lp,lower,9,9,0.044966777000000006,0.04443168640136719,1229,0,0,9,0,0,0,0,0,0,OPTIMAL=9,
186,0,lp,upper,9,9,0.054061740999999996,0.05352449417114258,1342,0,0,9,0,0,0,0,0,0,OPTIMAL=9,
186,1,interval_arithmetic,lower,3136,0,0.0,0.0,0,0,0,0,0,910,0,0,0,2226,,interval_arithmetic=910;lower_skipped_by_nonpositive_upper=2226
186,1,interval_arithmetic,upper,3136,0,0.0,0.0,0,0,0,0,0,3136,0,0,0,0,,interval_arithmetic=3136
186,2,lp,lower,1568,91,0.100305711,0.0968472957611084,1649,0,0,91,0,0,0,641,0,836,OPTIMAL=91,interval_proves_cutoff=641;lower_skipped_by_nonpositive_upper=836
186,2,lp,upper,1568,106,0.12878053600000003,0.11871671676635742,1973,0,0,106,0,0,0,821,641,0,OPTIMAL=106,interval_proves_cutoff=821;upper_skipped_by_nonnegative_interval_lower=641
186,3,lp,lower,100,3,0.019104325000000002,0.01892828941345215,435,0,0,3,0,0,0,6,0,91,OPTIMAL=3,interval_proves_cutoff=6;lower_skipped_by_nonpositive_upper=91
186,3,lp,upper,100,3,0.016586549,0.01634669303894043,473,0,0,3,0,0,0,91,6,0,OPTIMAL=3,interval_proves_cutoff=91;upper_skipped_by_nonnegative_interval_lower=6
187,0,lp,lower,9,9,0.056924965,0.0563807487487793,1355,0,0,9,0,0,0,0,0,0,OPTIMAL=9,
187,0,lp,upper,9,9,0.06844994699999998,0.06787276268005371,1459,0,0,9,0,0,0,0,0,0,OPTIMAL=9,
187,1,interval_arithmetic,lower,3136,0,0.0,0.0,0,0,0,0,0,957,0,0,0,2179,,interval_arithmetic=957;lower_skipped_by_nonpositive_upper=2179
187,1,interval_arithmetic,upper,3136,0,0.0,0.0,0,0,0,0,0,3136,0,0,0,0,,interval_arithmetic=3136
187,2,lp,lower,1568,85,0.08700372499999998,0.08380341529846191,814,0,0,85,0,0,0,688,0,795,OPTIMAL=85,interval_proves_cutoff=688;lower_skipped_by_nonpositive_upper=795
187,2,lp,upper,1568,86,0.09821516899999999,0.08907914161682129,917,0,0,86,0,0,0,794,688,0,OPTIMAL=86,interval_proves_cutoff=794;upper_skipped_by_nonnegative_interval_lower=688
187,3,lp,lower,100,2,0.008752856,0.008639335632324219,263,0,0,2,0,0,0,7,0,91,OPTIMAL=2,interval_proves_cutoff=7;lower_skipped_by_nonpositive_upper=91
187,3,lp,upper,100,2,0.008778715,0.008600473403930664,310,0,0,2,0,0,0,91,7,0,OPTIMAL=2,interval_proves_cutoff=91;upper_skipped_by_nonnegative_interval_lower=7
188,0,lp,lower,9,9,0.056886736,0.056340694427490234,1449,0,0,9,0,0,0,0,0,0,OPTIMAL=9,
188,0,lp,upper,9,9,0.050659107999999994,0.050095319747924805,1338,0,0,9,0,0,0,0,0,0,OPTIMAL=9,
188,1,interval_arithmetic,lower,3136,0,0.0,0.0,0,0,0,0,0,933,0,0,0,2203,,interval_arithmetic=933;lower_skipped_by_nonpositive_upper=2203
188,1,interval_arithmetic,upper,3136,0,0.0,0.0,0,0,0,0,0,3136,0,0,0,0,,interval_arithmetic=3136
188,2,lp,lower,1568,88,0.101898787,0.09842777252197266,1326,0,0,88,0,0,0,692,0,788,OPTIMAL=88,interval_proves_cutoff=692;lower_skipped_by_nonpositive_upper=788
188,2,lp,upper,1568,100,0.12324249099999998,0.11317729949951172,1526,0,0,100,0,0,0,776,692,0,OPTIMAL=100,interval_proves_cutoff=776;upper_skipped_by_nonnegative_interval_lower=692
188,3,lp,lower,100,1,0.006238553,0.006178617477416992,259,0,0,1,0,0,0,8,0,91,OPTIMAL=1,interval_proves_cutoff=8;lower_skipped_by_nonpositive_upper=91
188,3,lp,upper,100,1,0.006241748,0.006119728088378906,224,0,0,1,0,0,0,91,8,0,OPTIMAL=1,interval_proves_cutoff=91;upper_skipped_by_nonnegative_interval_lower=8
189,0,lp,lower,9,9,0.052679957,0.05214691162109375,1375,0,0,9,0,0,0,0,0,0,OPTIMAL=9,
189,0,lp,upper,9,9,0.05812704499999999,0.05759930610656738,1439,0,0,9,0,0,0,0,0,0,OPTIMAL=9,
189,1,interval_arithmetic,lower,3136,0,0.0,0.0,0,0,0,0,0,961,0,0,0,2175,,interval_arithmetic=961;lower_skipped_by_nonpositive_upper=2175
189,1,interval_arithmetic,upper,3136,0,0.0,0.0,0,0,0,0,0,3136,0,0,0,0,,interval_arithmetic=3136
189,2,lp,lower,1568,73,0.08380754199999997,0.08094382286071777,1143,0,0,73,0,0,0,695,0,800,OPTIMAL=73,interval_proves_cutoff=695;lower_skipped_by_nonpositive_upper=800
189,2,lp,upper,1568,81,0.10387972600000006,0.09450697898864746,1290,0,0,81,0,0,0,792,695,0,OPTIMAL=81,interval_proves_cutoff=792;upper_skipped_by_nonnegative_interval_lower=695
189,3,lp,lower,100,1,0.004710874,0.0046482086181640625,211,0,0,1,0,0,0,8,0,91,OPTIMAL=1,interval_proves_cutoff=8;lower_skipped_by_nonpositive_upper=91
189,3,lp,upper,100,1,0.004323109,0.004197359085083008,165,0,0,1,0,0,0,91,8,0,OPTIMAL=1,interval_proves_cutoff=91;upper_skipped_by_nonnegative_interval_lower=8
190,0,lp,lower,9,9,0.036209033999999994,0.03573775291442871,928,0,0,9,0,0,0,0,0,0,OPTIMAL=9,
190,0,lp,upper,9,9,0.04410490799999999,0.04354715347290039,1113,0,0,9,0,0,0,0,0,0,OPTIMAL=9,
190,1,interval_arithmetic,lower,3136,0,0.0,0.0,0,0,0,0,0,841,0,0,0,2295,,interval_arithmetic=841;lower_skipped_by_nonpositive_upper=2295
190,1,interval_arithmetic,upper,3136,0,0.0,0.0,0,0,0,0,0,3136,0,0,0,0,,interval_arithmetic=3136
190,2,lp,lower,1568,69,0.06654728100000001,0.06410503387451172,892,0,0,69,0,0,0,628,0,871,OPTIMAL=69,interval_proves_cutoff=628;lower_skipped_by_nonpositive_upper=871
190,2,lp,upper,1568,70,0.07599970700000003,0.06789851188659668,955,0,0,70,0,0,0,870,628,0,OPTIMAL=70,interval_proves_cutoff=870;upper_skipped_by_nonnegative_interval_lower=628
190,3,lp,lower,100,0,0.0,0.0,0,0,0,0,0,0,0,9,0,91,,interval_proves_cutoff=9;lower_skipped_by_nonpositive_upper=91
190,3,lp,upper,100,0,0.0,0.0,0,0,0,0,0,0,0,91,9,0,,interval_proves_cutoff=91;upper_skipped_by_nonnegative_interval_lower=9
191,0,lp,lower,9,9,0.027096222000000003,0.026653528213500977,735,0,0,9,0,0,0,0,0,0,OPTIMAL=9,
191,0,lp,upper,9,9,0.027134699,0.026683568954467773,718,0,0,9,0,0,0,0,0,0,OPTIMAL=9,
191,1,interval_arithmetic,lower,3136,0,0.0,0.0,0,0,0,0,0,882,0,0,0,2254,,interval_arithmetic=882;lower_skipped_by_nonpositive_upper=2254
191,1,interval_arithmetic,upper,3136,0,0.0,0.0,0,0,0,0,0,3136,0,0,0,0,,interval_arithmetic=3136
191,2,lp,lower,1568,49,0.044075594999999995,0.04235100746154785,440,0,0,49,0,0,0,648,0,871,OPTIMAL=49,interval_proves_cutoff=648;lower_skipped_by_nonpositive_upper=871
191,2,lp,upper,1568,54,0.05831931200000001,0.05068659782409668,653,0,0,54,0,0,0,866,648,0,OPTIMAL=54,interval_proves_cutoff=866;upper_skipped_by_nonnegative_interval_lower=648
191,3,lp,lower,100,2,0.005662136,0.00555872917175293,140,0,0,2,0,0,0,7,0,91,OPTIMAL=2,interval_proves_cutoff=7;lower_skipped_by_nonpositive_upper=91
191,3,lp,upper,100,2,0.006203661,0.0060269832611083984,204,0,0,2,0,0,0,91,7,0,OPTIMAL=2,interval_proves_cutoff=91;upper_skipped_by_nonnegative_interval_lower=7
192,0,lp,lower,9,9,0.023381043999999997,0.02284836769104004,738,0,0,9,0,0,0,0,0,0,OPTIMAL=9,
192,0,lp,upper,9,9,0.025072827,0.024564266204833984,823,0,0,9,0,0,0,0,0,0,OPTIMAL=9,
192,1,interval_arithmetic,lower,3136,0,0.0,0.0,0,0,0,0,0,847,0,0,0,2289,,interval_arithmetic=847;lower_skipped_by_nonpositive_upper=2289
192,1,interval_arithmetic,upper,3136,0,0.0,0.0,0,0,0,0,0,3136,0,0,0,0,,interval_arithmetic=3136
192,2,lp,lower,1568,64,0.053881836,0.051676034927368164,409,0,0,64,0,0,0,623,0,881,OPTIMAL=64,interval_proves_cutoff=623;lower_skipped_by_nonpositive_upper=881
192,2,lp,upper,1568,65,0.064103564,0.056127309799194336,487,0,0,65,0,0,0,880,623,0,OPTIMAL=65,interval_proves_cutoff=880;upper_skipped_by_nonnegative_interval_lower=623
192,3,lp,lower,100,0,0.0,0.0,0,0,0,0,0,0,0,9,0,91,,interval_proves_cutoff=9;lower_skipped_by_nonpositive_upper=91
192,3,lp,upper,100,0,0.0,0.0,0,0,0,0,0,0,0,91,9,0,,interval_proves_cutoff=91;upper_skipped_by_nonnegative_interval_lower=9
193,0,lp,lower,9,9,0.04370447,0.04316353797912598,1357,0,0,9,0,0,0,0,0,0,OPTIMAL=9,
193,0,lp,upper,9,9,0.046596455999999994,0.04590773582458496,1486,0,0,9,0,0,0,0,0,0,OPTIMAL=9,
193,1,interval_arithmetic,lower,3136,0,0.0,0.0,0,0,0,0,0,950,0,0,0,2186,,interval_arithmetic=950;lower_skipped_by_nonpositive_upper=2186
193,1,interval_arithmetic,upper,3136,0,0.0,0.0,0,0,0,0,0,3136,0,0,0,0,,interval_arithmetic=3136
193,2,lp,lower,1568,87,0.092102395,0.0887148380279541,1224,0,0,87,0,0,0,679,0,802,OPTIMAL=87,interval_proves_cutoff=679;lower_skipped_by_nonpositive_upper=802
193,2,lp,upper,1568,92,0.111553121,0.10167145729064941,1498,0,0,92,0,0,0,797,679,0,OPTIMAL=92,interval_proves_cutoff=797;upper_skipped_by_nonnegative_interval_lower=679
193,3,lp,lower,100,0,0.0,0.0,0,0,0,0,0,0,0,9,0,91,,interval_proves_cutoff=9;lower_skipped_by_nonpositive_upper=91
193,3,lp,upper,100,0,0.0,0.0,0,0,0,0,0,0,0,91,9,0,,interval_proves_cutoff=91;upper_skipped_by_nonnegative_interval_lower=9
194,0,lp,lower,9,9,0.088660341,0.08804059028625488,1830,0,0,9,0,0,0,0,0,0,OPTIMAL=9,
194,0,lp,upper,9,9,0.088952015,0.08833074569702148,1781,0,0,9,0,0,0,0,0,0,OPTIMAL=9,
194,1,interval_arithmetic,lower,3136,0,0.0,0.0,0,0,0,0,0,907,0,0,0,2229,,interval_arithmetic=907;lower_skipped_by_nonpositive_upper=2229
194,1,interval_arithmetic,upper,3136,0,0.0,0.0,0,0,0,0,0,3136,0,0,0,0,,interval_arithmetic=3136
194,2,lp,lower,1568,121,0.12610835399999998,0.12150216102600098,2009,0,0,121,0,0,0,629,0,818,OPTIMAL=121,interval_proves_cutoff=629;lower_skipped_by_nonpositive_upper=818
194,2,lp,upper,1568,125,0.14113864999999995,0.1300654411315918,2258,0,0,125,0,0,0,814,629,0,OPTIMAL=125,interval_proves_cutoff=814;upper_skipped_by_nonnegative_interval_lower=629
194,3,lp,lower,100,1,0.015922642,0.015849828720092773,369,0,0,1,0,0,0,8,0,91,OPTIMAL=1,interval_proves_cutoff=8;lower_skipped_by_nonpositive_upper=91
194,3,lp,upper,100,1,0.009376763,0.009250164031982422,271,0,0,1,0,0,0,91,8,0,OPTIMAL=1,interval_proves_cutoff=91;upper_skipped_by_nonnegative_interval_lower=8
195,0,lp,lower,9,9,0.106741116,0.1061241626739502,2027,0,0,9,0,0,0,0,0,0,OPTIMAL=9,
195,0,lp,upper,9,9,0.10201894600000001,0.1013796329498291,2039,0,0,9,0,0,0,0,0,0,OPTIMAL=9,
195,1,interval_arithmetic,lower,3136,0,0.0,0.0,0,0,0,0,0,949,0,0,0,2187,,interval_arithmetic=949;lower_skipped_by_nonpositive_upper=2187
195,1,interval_arithmetic,upper,3136,0,0.0,0.0,0,0,0,0,0,3136,0,0,0,0,,interval_arithmetic=3136
195,2,lp,lower,1568,114,0.12416449400000003,0.1197197437286377,1803,0,0,114,0,0,0,659,0,795,OPTIMAL=114,interval_proves_cutoff=659;lower_skipped_by_nonpositive_upper=795
195,2,lp,upper,1568,123,0.14346096799999997,0.1322007179260254,1978,0,0,123,0,0,0,786,659,0,OPTIMAL=123,interval_proves_cutoff=786;upper_skipped_by_nonnegative_interval_lower=659
195,3,lp,lower,100,1,0.009479415,0.009409904479980469,311,0,0,1,0,0,0,8,0,91,OPTIMAL=1,interval_proves_cutoff=8;lower_skipped_by_nonpositive_upper=91
195,3,lp,upper,100,1,0.007667224,0.007536649703979492,247,0,0,1,0,0,0,91,8,0,OPTIMAL=1,interval_proves_cutoff=91;upper_skipped_by_nonnegative_interval_lower=8
196,0,lp,lower,9,9,0.05964922599999999,0.05911135673522949,1458,0,0,9,0,0,0,0,0,0,OPTIMAL=9,
196,0,lp,upper,9,9,0.060038813999999996,0.059290409088134766,1515,0,0,9,0,0,0,0,0,0,OPTIMAL=9,
196,1,interval_arithmetic,lower,3136,0,0.0,0.0,0,0,0,0,0,865,0,0,0,2271,,interval_arithmetic=865;lower_skipped_by_nonpositive_upper=2271
196,1,interval_arithmetic,upper,3136,0,0.0,0.0,0,0,0,0,0,3136,0,0,0,0,,interval_arithmetic=3136
196,2,lp,lower,1568,89,0.08967264599999998,0.08635759353637695,1626,0,0,89,0,0,0,623,0,856,OPTIMAL=89,interval_proves_cutoff=623;lower_skipped_by_nonpositive_upper=856
196,2,lp,upper,1568,97,0.106648088,0.0967874526977539,1834,0,0,97,0,0,0,848,623,0,OPTIMAL=97,interval_proves_cutoff=848;upper_skipped_by_nonnegative_interval_lower=623
196,3,lp,lower,100,0,0.0,0.0,0,0,0,0,0,0,0,9,0,91,,interval_proves_cutoff=9;lower_skipped_by_nonpositive_upper=91
196,3,lp,upper,100,0,0.0,0.0,0,0,0,0,0,0,0,91,9,0,,interval_proves_cutoff=91;upper_skipped_by_nonnegative_interval_lower=9
197,0,lp,lower,9,9,0.027812258,0.027371883392333984,793,0,0,9,0,0,0,0,0,0,OPTIMAL=9,
197,0,lp,upper,9,9,0.027223872000000003,0.026719093322753906,813,0,0,9,0,0,0,0,0,0,OPTIMAL=9,
197,1,interval_arithmetic,lower,3136,0,0.0,0.0,0,0,0,0,0,869,0,0,0,2267,,interval_arithmetic=869;lower_skipped_by_nonpositive_upper=2267
197,1,interval_arithmetic,upper,3136,0,0.0,0.0,0,0,0,0,0,3136,0,0,0,0,,interval_arithmetic=3136
197,2,lp,lower,1568,63,0.054432245000000004,0.05229520797729492,432,0,0,63,0,0,0,640,0,865,OPTIMAL=63,interval_proves_cutoff=640;lower_skipped_by_nonpositive_upper=865
197,2,lp,upper,1568,64,0.06715702599999998,0.05910086631774902,641,0,0,64,0,0,0,864,640,0,OPTIMAL=64,interval_proves_cutoff=864;upper_skipped_by_nonnegative_interval_lower=640
197,3,lp,lower,100,0,0.0,0.0,0,0,0,0,0,0,0,8,0,92,,interval_proves_cutoff=8;lower_skipped_by_nonpositive_upper=92
197,3,lp,upper,100,0,0.0,0.0,0,0,0,0,0,0,0,92,8,0,,interval_proves_cutoff=92;upper_skipped_by_nonnegative_interval_lower=8
198,0,lp,lower,9,9,0.019601834999999998,0.019185543060302734,612,0,0,9,0,0,0,0,0,0,OPTIMAL=9,
198,0,lp,upper,9,9,0.020046156000000002,0.019545316696166992,616,0,0,9,0,0,0,0,0,0,OPTIMAL=9,
198,1,interval_arithmetic,lower,3136,0,0.0,0.0,0,0,0,0,0,906,0,0,0,2230,,interval_arithmetic=906;lower_skipped_by_nonpositive_upper=2230
198,1,interval_arithmetic,upper,3136,0,0.0,0.0,0,0,0,0,0,3136,0,0,0,0,,interval_arithmetic=3136
198,2,lp,lower,1568,44,0.03867538399999999,0.0371401309967041,189,0,0,44,0,0,0,680,0,844,OPTIMAL=44,interval_proves_cutoff=680;lower_skipped_by_nonpositive_upper=844
198,2,lp,upper,1568,46,0.047146384000000006,0.03998112678527832,253,0,0,46,0,0,0,842,680,0,OPTIMAL=46,interval_proves_cutoff=842;upper_skipped_by_nonnegative_interval_lower=680
198,3,lp,lower,100,0,0.0,0.0,0,0,0,0,0,0,0,8,0,92,,interval_proves_cutoff=8;lower_skipped_by_nonpositive_upper=92
198,3,lp,upper,100,0,0.0,0.0,0,0,0,0,0,0,0,92,8,0,,interval_proves_cutoff=92;upper_skipped_by_nonnegative_interval_lower=8
199,0,lp,lower,9,9,0.058193225,0.05765414237976074,1307,0,0,9,0,0,0,0,0,0,OPTIMAL=9,
199,0,lp,upper,9,9,0.056101109999999996,0.055580854415893555,1189,0,0,9,0,0,0,0,0,0,OPTIMAL=9,
199,1,interval_arithmetic,lower,3136,0,0.0,0.0,0,0,0,0,0,890,0,0,0,2246,,interval_arithmetic=890;lower_skipped_by_nonpositive_upper=2246
199,1,interval_arithmetic,upper,3136,0,0.0,0.0,0,0,0,0,0,3136,0,0,0,0,,interval_arithmetic=3136
199,2,lp,lower,1568,80,0.07922358399999997,0.07621431350708008,1192,0,0,80,0,0,0,641,0,847,OPTIMAL=80,interval_proves_cutoff=641;lower_skipped_by_nonpositive_upper=847
199,2,lp,upper,1568,94,0.101087324,0.09154486656188965,1547,0,0,94,0,0,0,833,641,0,OPTIMAL=94,interval_proves_cutoff=833;upper_skipped_by_nonnegative_interval_lower=641
199,3,lp,lower,100,1,0.006884182,0.00682520866394043,246,0,0,1,0,0,0,8,0,91,OPTIMAL=1,interval_proves_cutoff=8;lower_skipped_by_nonpositive_upper=91
199,3,lp,upper,100,1,0.005240681,0.0050466060638427734,193,0,0,1,0,0,0,91,8,0,OPTIMAL=1,interval_proves_cutoff=91;upper_skipped_by_nonnegative_interval_lower=8
200,0,lp,lower,9,9,0.06352553,0.06299161911010742,1429,0,0,9,0,0,0,0,0,0,OPTIMAL=9,
200,0,lp,upper,9,9,0.056472057,0.05593132972717285,1331,0,0,9,0,0,0,0,0,0,OPTIMAL=9,
200,1,interval_arithmetic,lower,3136,0,0.0,0.0,0,0,0,0,0,949,0,0,0,2187,,interval_arithmetic=949;lower_skipped_by_nonpositive_upper=2187
200,1,interval_arithmetic,upper,3136,0,0.0,0.0,0,0,0,0,0,3136,0,0,0,0,,interval_arithmetic=3136
200,2,lp,lower,1568,67,0.06408679700000003,0.06149649620056152,647,0,0,67,0,0,0,673,0,828,OPTIMAL=67,interval_proves_cutoff=673;lower_skipped_by_nonpositive_upper=828
200,2,lp,upper,1568,67,0.07355249100000003,0.06505155563354492,735,0,0,67,0,0,0,828,673,0,OPTIMAL=67,interval_proves_cutoff=828;upper_skipped_by_nonnegative_interval_lower=673
200,3,lp,lower,100,2,0.006138075,0.006019115447998047,217,0,0,2,0,0,0,7,0,91,OPTIMAL=2,interval_proves_cutoff=7;lower_skipped_by_nonpositive_upper=91
200,3,lp,upper,100,2,0.00770447,0.00744938850402832,258,0,0,2,0,0,0,91,7,0,OPTIMAL=2,interval_proves_cutoff=91;upper_skipped_by_nonnegative_interval_lower=7
201,0,lp,lower,9,9,0.038751447999999994,0.03824281692504883,1218,0,0,9,0,0,0,0,0,0,OPTIMAL=9,
201,0,lp,upper,9,9,0.038550730000000005,0.03803610801696777,1156,0,0,9,0,0,0,0,0,0,OPTIMAL=9,
201,1,interval_arithmetic,lower,3136,0,0.0,0.0,0,0,0,0,0,1004,0,0,0,2132,,interval_arithmetic=1004;lower_skipped_by_nonpositive_upper=2132
201,1,interval_arithmetic,upper,3136,0,0.0,0.0,0,0,0,0,0,3136,0,0,0,0,,interval_arithmetic=3136
201,2,lp,lower,1568,78,0.085364384,0.08241772651672363,1079,0,0,78,0,0,0,706,0,784,OPTIMAL=78,interval_proves_cutoff=706;lower_skipped_by_nonpositive_upper=784
201,2,lp,upper,1568,81,0.09625043899999998,0.08731484413146973,1152,0,0,81,0,0,0,781,706,0,OPTIMAL=81,interval_proves_cutoff=781;upper_skipped_by_nonnegative_interval_lower=706
201,3,lp,lower,100,1,0.006065365,0.00600433349609375,243,0,0,1,0,0,0,8,0,91,OPTIMAL=1,interval_proves_cutoff=8;lower_skipped_by_nonpositive_upper=91
201,3,lp,upper,100,1,0.004919475,0.004799365997314453,185,0,0,1,0,0,0,91,8,0,OPTIMAL=1,interval_proves_cutoff=91;upper_skipped_by_nonnegative_interval_lower=8
202,0,lp,lower,9,9,0.06637192900000001,0.0657963752746582,1596,0,0,9,0,0,0,0,0,0,OPTIMAL=9,
202,0,lp,upper,9,9,0.07486031300000001,0.07426285743713379,1710,0,0,9,0,0,0,0,0,0,OPTIMAL=9,
202,1,interval_arithmetic,lower,3136,0,0.0,0.0,0,0,0,0,0,944,0,0,0,2192,,interval_arithmetic=944;lower_skipped_by_nonpositive_upper=2192
202,1,interval_arithmetic,upper,3136,0,0.0,0.0,0,0,0,0,0,3136,0,0,0,0,,interval_arithmetic=3136
202,2,lp,lower,1568,106,0.117027795,0.11287093162536621,1474,0,0,106,0,0,0,668,0,794,OPTIMAL=106,interval_proves_cutoff=668;lower_skipped_by_nonpositive_upper=794
202,2,lp,upper,1568,114,0.136155051,0.12561488151550293,1631,0,0,114,0,0,0,786,668,0,OPTIMAL=114,interval_proves_cutoff=786;upper_skipped_by_nonnegative_interval_lower=668
202,3,lp,lower,100,1,0.00814314,0.008078575134277344,284,0,0,1,0,0,0,7,0,92,OPTIMAL=1,interval_proves_cutoff=7;lower_skipped_by_nonpositive_upper=92
202,3,lp,upper,100,1,0.006259194,0.006125211715698242,231,0,0,1,0,0,0,92,7,0,OPTIMAL=1,interval_proves_cutoff=92;upper_skipped_by_nonnegative_interval_lower=7
203,0,lp,lower,9,9,0.035006659999999995,0.03450465202331543,876,0,0,9,0,0,0,0,0,0,OPTIMAL=9,
203,0,lp,upper,9,9,0.042961968999999996,0.04247474670410156,886,0,0,9,0,0,0,0,0,0,OPTIMAL=9,
203,1,interval_arithmetic,lower,3136,0,0.0,0.0,0,0,0,0,0,851,0,0,0,2285,,interval_arithmetic=851;lower_skipped_by_nonpositive_upper=2285
203,1,interval_arithmetic,upper,3136,0,0.0,0.0,0,0,0,0,0,3136,0,0,0,0,,interval_arithmetic=3136
203,2,lp,lower,1568,61,0.05031631900000001,0.04818010330200195,365,0,0,61,0,0,0,629,0,878,OPTIMAL=61,interval_proves_cutoff=629;lower_skipped_by_nonpositive_upper=878
203,2,lp,upper,1568,61,0.05961960199999999,0.051642417907714844,416,0,0,61,0,0,0,878,629,0,OPTIMAL=61,interval_proves_cutoff=878;upper_skipped_by_nonnegative_interval_lower=629
203,3,lp,lower,100,2,0.0067776139999999995,0.006673574447631836,183,0,0,2,0,0,0,7,0,91,OPTIMAL=2,interval_proves_cutoff=7;lower_skipped_by_nonpositive_upper=91
203,3,lp,upper,100,2,0.006949478,0.00677490234375,240,0,0,2,0,0,0,91,7,0,OPTIMAL=2,interval_proves_cutoff=91;upper_skipped_by_nonnegative_interval_lower=7
204,0,lp,lower,9,9,0.037586239,0.03708314895629883,955,0,0,9,0,0,0,0,0,0,OPTIMAL=9,
204,0,lp,upper,9,9,0.046906856999999996,0.046311140060424805,1090,0,0,9,0,0,0,0,0,0,OPTIMAL=9,
204,1,interval_arithmetic,lower,3136,0,0.0,0.0,0,0,0,0,0,838,0,0,0,2298,,interval_arithmetic=838;lower_skipped_by_nonpositive_upper=2298
204,1,interval_arithmetic,upper,3136,0,0.0,0.0,0,0,0,0,0,3136,0,0,0,0,,interval_arithmetic=3136
204,2,lp,lower,1568,90,0.07956275400000001,0.07636475563049316,686,0,0,90,0,0,0,614,0,864,OPTIMAL=90,interval_proves_cutoff=614;lower_skipped_by_nonpositive_upper=864
204,2,lp,upper,1568,92,0.08898816199999998,0.07993221282958984,866,0,0,92,0,0,0,862,614,0,OPTIMAL=92,interval_proves_cutoff=862;upper_skipped_by_nonnegative_interval_lower=614
204,3,lp,lower,100,0,0.0,0.0,0,0,0,0,0,0,0,9,0,91,,interval_proves_cutoff=9;lower_skipped_by_nonpositive_upper=91
204,3,lp,upper,100,0,0.0,0.0,0,0,0,0,0,0,0,91,9,0,,interval_proves_cutoff=91;upper_skipped_by_nonnegative_interval_lower=9
205,0,lp,lower,9,9,0.035989877,0.03551983833312988,879,0,0,9,0,0,0,0,0,0,OPTIMAL=9,
205,0,lp,upper,9,9,0.038422328000000006,0.03792142868041992,898,0,0,9,0,0,0,0,0,0,OPTIMAL=9,
205,1,interval_arithmetic,lower,3136,0,0.0,0.0,0,0,0,0,0,839,0,0,0,2297,,interval_arithmetic=839;lower_skipped_by_nonpositive_upper=2297
205,1,interval_arithmetic,upper,3136,0,0.0,0.0,0,0,0,0,0,3136,0,0,0,0,,interval_arithmetic=3136
205,2,lp,lower,1568,67,0.06229553699999999,0.05991530418395996,746,0,0,67,0,0,0,623,0,878,OPTIMAL=67,interval_proves_cutoff=623;lower_skipped_by_nonpositive_upper=878
205,2,lp,upper,1568,72,0.07716067300000001,0.06877255439758301,993,0,0,72,0,0,0,873,623,0,OPTIMAL=72,interval_proves_cutoff=873;upper_skipped_by_nonnegative_interval_lower=623
205,3,lp,lower,100,1,0.003727755,0.0036683082580566406,146,0,0,1,0,0,0,8,0,91,OPTIMAL=1,interval_proves_cutoff=8;lower_skipped_by_nonpositive_upper=91
205,3,lp,upper,100,1,0.003853521,0.0037412643432617188,140,0,0,1,0,0,0,91,8,0,OPTIMAL=1,interval_proves_cutoff=91;upper_skipped_by_nonnegative_interval_lower=8
206,0,lp,lower,9,9,0.040595426,0.04008650779724121,1087,0,0,9,0,0,0,0,0,0,OPTIMAL=9,
206,0,lp,upper,9,9,0.051470164,0.0508275032043457,1175,0,0,9,0,0,0,0,0,0,OPTIMAL=9,
206,1,interval_arithmetic,lower,3136,0,0.0,0.0,0,0,0,0,0,879,0,0,0,2257,,interval_arithmetic=879;lower_skipped_by_nonpositive_upper=2257
206,1,interval_arithmetic,upper,3136,0,0.0,0.0,0,0,0,0,0,3136,0,0,0,0,,interval_arithmetic=3136
206,2,lp,lower,1568,82,0.08480481599999996,0.08173251152038574,1278,0,0,82,0,0,0,656,0,830,OPTIMAL=82,interval_proves_cutoff=656;lower_skipped_by_nonpositive_upper=830
206,2,lp,upper,1568,86,0.099184497,0.08980679512023926,1531,0,0,86,0,0,0,826,656,0,OPTIMAL=86,interval_proves_cutoff=826;upper_skipped_by_nonnegative_interval_lower=656
206,3,lp,lower,100,1,0.007820171,0.007760763168334961,225,0,0,1,0,0,0,7,0,92,OPTIMAL=1,interval_proves_cutoff=7;lower_skipped_by_nonpositive_upper=92
206,3,lp,upper,100,2,0.010240645,0.010045766830444336,328,0,0,2,0,0,0,91,7,0,OPTIMAL=2,interval_proves_cutoff=91;upper_skipped_by_nonnegative_interval_lower=7
207,0,lp,lower,9,9,0.050675715,0.05018210411071777,1304,0,0,9,0,0,0,0,0,0,OPTIMAL=9,
207,0,lp,upper,9,9,0.047263679,0.04668283462524414,1326,0,0,9,0,0,0,0,0,0,OPTIMAL=9,
207,1,interval_arithmetic,lower,3136,0,0.0,0.0,0,0,0,0,0,917,0,0,0,2219,,interval_arithmetic=917;lower_skipped_by_nonpositive_upper=2219
207,1,interval_arithmetic,upper,3136,0,0.0,0.0,0,0,0,0,0,3136,0,0,0,0,,interval_arithmetic=3136
207,2,lp,lower,1568,79,0.08399163299999998,0.08100247383117676,1422,0,0,79,0,0,0,662,0,827,OPTIMAL=79,interval_proves_cutoff=662;lower_skipped_by_nonpositive_upper=827
207,2,lp,upper,1568,81,0.09655016599999998,0.0872647762298584,1579,0,0,81,0,0,0,825,662,0,OPTIMAL=81,interval_proves_cutoff=825;upper_skipped_by_nonnegative_interval_lower=662
207,3,lp,lower,100,0,0.0,0.0,0,0,0,0,0,0,0,9,0,91,,interval_proves_cutoff=9;lower_skipped_by_nonpositive_upper=91
207,3,lp,upper,100,0,0.0,0.0,0,0,0,0,0,0,0,91,9,0,,interval_proves_cutoff=91;upper_skipped_by_nonnegative_interval_lower=9
208,0,lp,lower,9,9,0.063263975,0.06263017654418945,1514,0,0,9,0,0,0,0,0,0,OPTIMAL=9,
208,0,lp,upper,9,9,0.070513949,0.06989049911499023,1521,0,0,9,0,0,0,0,0,0,OPTIMAL=9,
208,1,interval_arithmetic,lower,3136,0,0.0,0.0,0,0,0,0,0,921,0,0,0,2215,,interval_arithmetic=921;lower_skipped_by_nonpositive_upper=2215
208,1,interval_arithmetic,upper,3136,0,0.0,0.0,0,0,0,0,0,3136,0,0,0,0,,interval_arithmetic=3136
208,2,lp,lower,1568,113,0.12014841099999995,0.11570858955383301,1747,0,0,113,0,0,0,670,0,785,OPTIMAL=113,interval_proves_cutoff=670;lower_skipped_by_nonpositive_upper=785
208,2,lp,upper,1568,123,0.137331464,0.1264328956604004,1989,0,0,123,0,0,0,775,670,0,OPTIMAL=123,interval_proves_cutoff=775;upper_skipped_by_nonnegative_interval_lower=670
208,3,lp,lower,100,1,0.00902484,0.00895833969116211,300,0,0,1,0,0,0,8,0,91,OPTIMAL=1,interval_proves_cutoff=8;lower_skipped_by_nonpositive_upper=91
208,3,lp,upper,100,1,0.009155014,0.009022951126098633,269,0,0,1,0,0,0,91,8,0,OPTIMAL=1,interval_proves_cutoff=91;upper_skipped_by_nonnegative_interval_lower=8
209,0,lp,lower,9,9,0.063456862,0.06286787986755371,1505,0,0,9,0,0,0,0,0,0,OPTIMAL=9,
209,0,lp,upper,9,9,0.073296781,0.07266712188720703,1591,0,0,9,0,0,0,0,0,0,OPTIMAL=9,
209,1,interval_arithmetic,lower,3136,0,0.0,0.0,0,0,0,0,0,908,0,0,0,2228,,interval_arithmetic=908;lower_skipped_by_nonpositive_upper=2228
209,1,interval_arithmetic,upper,3136,0,0.0,0.0,0,0,0,0,0,3136,0,0,0,0,,interval_arithmetic=3136
209,2,lp,lower,1568,108,0.11280643,0.1086733341217041,1549,0,0,108,0,0,0,662,0,798,OPTIMAL=108,interval_proves_cutoff=662;lower_skipped_by_nonpositive_upper=798
209,2,lp,upper,1568,111,0.12205651699999996,0.11169314384460449,1576,0,0,111,0,0,0,795,662,0,OPTIMAL=111,interval_proves_cutoff=795;upper_skipped_by_nonnegative_interval_lower=662
209,3,lp,lower,100,1,0.008301837,0.008232593536376953,265,0,0,1,0,0,0,8,0,91,OPTIMAL=1,interval_proves_cutoff=8;lower_skipped_by_nonpositive_upper=91
209,3,lp,upper,100,1,0.008332432,0.00820612907409668,260,0,0,1,0,0,0,91,8,0,OPTIMAL=1,interval_proves_cutoff=91;upper_skipped_by_nonnegative_interval_lower=8
210,0,lp,lower,9,9,0.025021573000000002,0.02456378936767578,808,0,0,9,0,0,0,0,0,0,OPTIMAL=9,
210,0,lp,upper,9,9,0.024376825,0.02391648292541504,788,0,0,9,0,0,0,0,0,0,OPTIMAL=9,
210,1,interval_arithmetic,lower,3136,0,0.0,0.0,0,0,0,0,0,917,0,0,0,2219,,interval_arithmetic=917;lower_skipped_by_nonpositive_upper=2219
210,1,interval_arithmetic,upper,3136,0,0.0,0.0,0,0,0,0,0,3136,0,0,0,0,,interval_arithmetic=3136
210,2,lp,lower,1568,54,0.052070626999999974,0.0501253604888916,453,0,0,54,0,0,0,672,0,842,OPTIMAL=54,interval_proves_cutoff=672;lower_skipped_by_nonpositive_upper=842
210,2,lp,upper,1568,55,0.06236592499999998,0.05442023277282715,595,0,0,55,0,0,0,841,672,0,OPTIMAL=55,interval_proves_cutoff=841;upper_skipped_by_nonnegative_interval_lower=672
210,3,lp,lower,100,0,0.0,0.0,0,0,0,0,0,0,0,8,0,92,,interval_proves_cutoff=8;lower_skipped_by_nonpositive_upper=92
210,3,lp,upper,100,1,0.003318627,0.003200054168701172,131,0,0,1,0,0,0,91,8,0,OPTIMAL=1,interval_proves_cutoff=91;upper_skipped_by_nonnegative_interval_lower=8
211,0,lp,lower,9,9,0.038172700999999996,0.037671804428100586,1094,0,0,9,0,0,0,0,0,0,OPTIMAL=9,
211,0,lp,upper,9,9,0.039313825000000004,0.03880476951599121,1071,0,0,9,0,0,0,0,0,0,OPTIMAL=9,
211,1,interval_arithmetic,lower,3136,0,0.0,0.0,0,0,0,0,0,894,0,0,0,2242,,interval_arithmetic=894;lower_skipped_by_nonpositive_upper=2242
211,1,interval_arithmetic,upper,3136,0,0.0,0.0,0,0,0,0,0,3136,0,0,0,0,,interval_arithmetic=3136
211,2,lp,lower,1568,80,0.081319075,0.07826972007751465,1276,0,0,80,0,0,0,647,0,841,OPTIMAL=80,interval_proves_cutoff=647;lower_skipped_by_nonpositive_upper=841
211,2,lp,upper,1568,89,0.097679851,0.08822154998779297,1466,0,0,89,0,0,0,832,647,0,OPTIMAL=89,interval_proves_cutoff=832;upper_skipped_by_nonnegative_interval_lower=647
211,3,lp,lower,100,1,0.006048781,0.005987644195556641,219,0,0,1,0,0,0,8,0,91,OPTIMAL=1,interval_proves_cutoff=8;lower_skipped_by_nonpositive_upper=91
211,3,lp,upper,100,1,0.00546875,0.005267143249511719,206,0,0,1,0,0,0,91,8,0,OPTIMAL=1,interval_proves_cutoff=91;upper_skipped_by_nonnegative_interval_lower=8
212,0,lp,lower,9,9,0.099980692,0.09936046600341797,1906,0,0,9,0,0,0,0,0,0,OPTIMAL=9,
212,0,lp,upper,9,9,0.09593687000000001,0.09528684616088867,1898,0,0,9,0,0,0,0,0,0,OPTIMAL=9,
212,1,interval_arithmetic,lower,3136,0,0.0,0.0,0,0,0,0,0,899,0,0,0,2237,,interval_arithmetic=899;lower_skipped_by_nonpositive_upper=2237
212,1,interval_arithmetic,upper,3136,0,0.0,0.0,0,0,0,0,0,3136,0,0,0,0,,interval_arithmetic=3136
212,2,lp,lower,1568,104,0.11042868700000003,0.10640430450439453,1846,0,0,104,0,0,0,645,0,819,OPTIMAL=104,interval_proves_cutoff=645;lower_skipped_by_nonpositive_upper=819
212,2,lp,upper,1568,110,0.12600965099999997,0.11566710472106934,2047,0,0,110,0,0,0,813,645,0,OPTIMAL=110,interval_proves_cutoff=813;upper_skipped_by_nonnegative_interval_lower=645
212,3,lp,lower,100,1,0.009144528,0.009077787399291992,318,0,0,1,0,0,0,8,0,91,OPTIMAL=1,interval_proves_cutoff=8;lower_skipped_by_nonpositive_upper=91
212,3,lp,upper,100,1,0.007328061,0.007128000259399414,237,0,0,1,0,0,0,91,8,0,OPTIMAL=1,interval_proves_cutoff=91;upper_skipped_by_nonnegative_interval_lower=8
213,0,lp,lower,9,9,0.09237504499999999,0.09176325798034668,1708,0,0,9,0,0,0,0,0,0,OPTIMAL=9,
213,0,lp,upper,9,9,0.08169378100000001,0.0810999870300293,1499,0,0,9,0,0,0,0,0,0,OPTIMAL=9,
213,1,interval_arithmetic,lower,3136,0,0.0,0.0,0,0,0,0,0,921,0,0,0,2215,,interval_arithmetic=921;lower_skipped_by_nonpositive_upper=2215
213,1,interval_arithmetic,upper,3136,0,0.0,0.0,0,0,0,0,0,3136,0,0,0,0,,interval_arithmetic=3136
213,2,lp,lower,1568,96,0.09117240600000004,0.08768272399902344,1009,0,0,96,0,0,0,651,0,821,OPTIMAL=96,interval_proves_cutoff=651;lower_skipped_by_nonpositive_upper=821
213,2,lp,upper,1568,96,0.10056340300000007,0.09110760688781738,1164,0,0,96,0,0,0,821,651,0,OPTIMAL=96,interval_proves_cutoff=821;upper_skipped_by_nonnegative_interval_lower=651
213,3,lp,lower,100,2,0.011828782999999999,0.0117034912109375,297,0,0,2,0,0,0,7,0,91,OPTIMAL=2,interval_proves_cutoff=7;lower_skipped_by_nonpositive_upper=91
213,3,lp,upper,100,2,0.012783701,0.012526273727416992,373,0,0,2,0,0,0,91,7,0,OPTIMAL=2,interval_proves_cutoff=91;upper_skipped_by_nonnegative_interval_lower=7
214,0,lp,lower,9,9,0.052500808,0.05199837684631348,1256,0,0,9,0,0,0,0,0,0,OPTIMAL=9,
214,0,lp,upper,9,9,0.05849302,0.05795788764953613,1350,0,0,9,0,0,0,0,0,0,OPTIMAL=9,
214,1,interval_arithmetic,lower,3136,0,0.0,0.0,0,0,0,0,0,878,0,0,0,2258,,interval_arithmetic=878;lower_skipped_by_nonpositive_upper=2258
214,1,interval_arithmetic,upper,3136,0,0.0,0.0,0,0,0,0,0,3136,0,0,0,0,,interval_arithmetic=3136
214,2,lp,lower,1568,74,0.08060585399999996,0.07783174514770508,1239,0,0,74,0,0,0,642,0,852,OPTIMAL=74,interval_proves_cutoff=642;lower_skipped_by_nonpositive_upper=852
214,2,lp,upper,1568,83,0.09795834199999995,0.08899307250976562,1469,0,0,83,0,0,0,843,642,0,OPTIMAL=83,interval_proves_cutoff=843;upper_skipped_by_nonnegative_interval_lower=642
214,3,lp,lower,100,2,0.009905956,0.009782075881958008,252,0,0,2,0,0,0,7,0,91,OPTIMAL=2,interval_proves_cutoff=7;lower_skipped_by_nonpositive_upper=91
214,3,lp,upper,100,2,0.008839553,0.008660554885864258,289,0,0,2,0,0,0,91,7,0,OPTIMAL=2,interval_proves_cutoff=91;upper_skipped_by_nonnegative_interval_lower=7
215,0,lp,lower,9,9,0.031960202,0.03145885467529297,934,0,0,9,0,0,0,0,0,0,OPTIMAL=9,
215,0,lp,upper,9,9,0.035314355,0.03481912612915039,972,0,0,9,0,0,0,0,0,0,OPTIMAL=9,
215,1,interval_arithmetic,lower,3136,0,0.0,0.0,0,0,0,0,0,914,0,0,0,2222,,interval_arithmetic=914;lower_skipped_by_nonpositive_upper=2222
215,1,interval_arithmetic,upper,3136,0,0.0,0.0,0,0,0,0,0,3136,0,0,0,0,,interval_arithmetic=3136
215,2,lp,lower,1568,69,0.066590954,0.06404232978820801,827,0,0,69,0,0,0,664,0,835,OPTIMAL=69,interval_proves_cutoff=664;lower_skipped_by_nonpositive_upper=835
215,2,lp,upper,1568,74,0.08028368199999995,0.07177090644836426,1013,0,0,74,0,0,0,830,664,0,OPTIMAL=74,interval_proves_cutoff=830;upper_skipped_by_nonnegative_interval_lower=664
215,3,lp,lower,100,1,0.00630709,0.006251335144042969,221,0,0,1,0,0,0,8,0,91,OPTIMAL=1,interval_proves_cutoff=8;lower_skipped_by_nonpositive_upper=91
215,3,lp,upper,100,1,0.004374119,0.004240751266479492,164,0,0,1,0,0,0,91,8,0,OPTIMAL=1,interval_proves_cutoff=91;upper_skipped_by_nonnegative_interval_lower=8
216,0,lp,lower,9,9,0.040165073,0.03968095779418945,1165,0,0,9,0,0,0,0,0,0,OPTIMAL=9,
216,0,lp,upper,9,9,0.042177943,0.04165911674499512,1220,0,0,9,0,0,0,0,0,0,OPTIMAL=9,
216,1,interval_arithmetic,lower,3136,0,0.0,0.0,0,0,0,0,0,938,0,0,0,2198,,interval_arithmetic=938;lower_skipped_by_nonpositive_upper=2198
216,1,interval_arithmetic,upper,3136,0,0.0,0.0,0,0,0,0,0,3136,0,0,0,0,,interval_arithmetic=3136
216,2,lp,lower,1568,77,0.08273145999999997,0.07970595359802246,1168,0,0,77,0,0,0,682,0,809,OPTIMAL=77,interval_proves_cutoff=682;lower_skipped_by_nonpositive_upper=809
216,2,lp,upper,1568,83,0.09578068299999996,0.08647775650024414,1267,0,0,83,0,0,0,803,682,0,OPTIMAL=83,interval_proves_cutoff=803;upper_skipped_by_nonnegative_interval_lower=682
216,3,lp,lower,100,1,0.005743793,0.005689144134521484,212,0,0,1,0,0,0,8,0,91,OPTIMAL=1,interval_proves_cutoff=8;lower_skipped_by_nonpositive_upper=91
216,3,lp,upper,100,1,0.005044704,0.004929542541503906,186,0,0,1,0,0,0,91,8,0,OPTIMAL=1,interval_proves_cutoff=91;upper_skipped_by_nonnegative_interval_lower=8
217,0,lp,lower,9,9,0.054143554,0.05359172821044922,1351,0,0,9,0,0,0,0,0,0,OPTIMAL=9,
217,0,lp,upper,9,9,0.06768318400000001,0.06711888313293457,1551,0,0,9,0,0,0,0,0,0,OPTIMAL=9,
217,1,interval_arithmetic,lower,3136,0,0.0,0.0,0,0,0,0,0,915,0,0,0,2221,,interval_arithmetic=915;lower_skipped_by_nonpositive_upper=2221
217,1,interval_arithmetic,upper,3136,0,0.0,0.0,0,0,0,0,0,3136,0,0,0,0,,interval_arithmetic=3136
217,2,lp,lower,1568,89,0.093661954,0.09029817581176758,1100,0,0,89,0,0,0,662,0,817,OPTIMAL=89,interval_proves_cutoff=662;lower_skipped_by_nonpositive_upper=817
217,2,lp,upper,1568,97,0.10833213799999998,0.09871482849121094,1334,0,0,97,0,0,0,809,662,0,OPTIMAL=97,interval_proves_cutoff=809;upper_skipped_by_nonnegative_interval_lower=662
217,3,lp,lower,100,2,0.009698693000000001,0.009562492370605469,276,0,0,2,0,0,0,7,0,91,OPTIMAL=2,interval_proves_cutoff=7;lower_skipped_by_nonpositive_upper=91
217,3,lp,upper,100,2,0.010309761,0.010115623474121094,352,0,0,2,0,0,0,91,7,0,OPTIMAL=2,interval_proves_cutoff=91;upper_skipped_by_nonnegative_interval_lower=7
218,0,lp,lower,9,9,0.030963385000000003,0.030466794967651367,905,0,0,9,0,0,0,0,0,0,OPTIMAL=9,
218,0,lp,upper,9,9,0.040184779000000004,0.03966927528381348,1041,0,0,9,0,0,0,0,0,0,OPTIMAL=9,
218,1,interval_arithmetic,lower,3136,0,0.0,0.0,0,0,0,0,0,908,0,0,0,2228,,interval_arithmetic=908;lower_skipped_by_nonpositive_upper=2228
218,1,interval_arithmetic,upper,3136,0,0.0,0.0,0,0,0,0,0,3136,0,0,0,0,,interval_arithmetic=3136
218,2,lp,lower,1568,77,0.07227074999999998,0.06942319869995117,671,0,0,77,0,0,0,671,0,820,OPTIMAL=77,interval_proves_cutoff=671;lower_skipped_by_nonpositive_upper=820
218,2,lp,upper,1568,79,0.082754473,0.07388186454772949,726,0,0,79,0,0,0,818,671,0,OPTIMAL=79,interval_proves_cutoff=818;upper_skipped_by_nonnegative_interval_lower=671
218,3,lp,lower,100,1,0.004116297,0.004047870635986328,182,0,0,1,0,0,0,8,0,91,OPTIMAL=1,interval_proves_cutoff=8;lower_skipped_by_nonpositive_upper=91
218,3,lp,upper,100,1,0.00454918,0.0044307708740234375,168,0,0,1,0,0,0,91,8,0,OPTIMAL=1,interval_proves_cutoff=91;upper_skipped_by_nonnegative_interval_lower=8
219,0,lp,lower,9,9,0.091354273,0.09076189994812012,1750,0,0,9,0,0,0,0,0,0,OPTIMAL=9,
219,0,lp,upper,9,9,0.082749376,0.08202862739562988,1633,0,0,9,0,0,0,0,0,0,OPTIMAL=9,
219,1,interval_arithmetic,lower,3136,0,0.0,0.0,0,0,0,0,0,895,0,0,0,2241,,interval_arithmetic=895;lower_skipped_by_nonpositive_upper=2241
219,1,interval_arithmetic,upper,3136,0,0.0,0.0,0,0,0,0,0,3136,0,0,0,0,,interval_arithmetic=3136
219,2,lp,lower,1568,101,0.10501554300000004,0.10122823715209961,1455,0,0,101,0,0,0,643,0,824,OPTIMAL=101,interval_proves_cutoff=643;lower_skipped_by_nonpositive_upper=824
219,2,lp,upper,1568,105,0.12073082399999999,0.11037778854370117,1729,0,0,105,0,0,0,820,643,0,OPTIMAL=105,interval_proves_cutoff=820;upper_skipped_by_nonnegative_interval_lower=643
219,3,lp,lower,100,1,0.005891295,0.005812644958496094,268,0,0,1,0,0,0,8,0,91,OPTIMAL=1,interval_proves_cutoff=8;lower_skipped_by_nonpositive_upper=91
219,3,lp,upper,100,1,0.005054402,0.004912137985229492,212,0,0,1,0,0,0,91,8,0,OPTIMAL=1,interval_proves_cutoff=91;upper_skipped_by_nonnegative_interval_lower=8
220,0,lp,lower,9,9,0.051689266,0.05112504959106445,1552,0,0,9,0,0,0,0,0,0,OPTIMAL=9,
220,0,lp,upper,9,9,0.054569478000000005,0.053951263427734375,1494,0,0,9,0,0,0,0,0,0,OPTIMAL=9,
220,1,interval_arithmetic,lower,3136,0,0.0,0.0,0,0,0,0,0,923,0,0,0,2213,,interval_arithmetic=923;lower_skipped_by_nonpositive_upper=2213
220,1,interval_arithmetic,upper,3136,0,0.0,0.0,0,0,0,0,0,3136,0,0,0,0,,interval_arithmetic=3136
220,2,lp,lower,1568,97,0.10602824199999997,0.10224318504333496,1482,0,0,97,0,0,0,673,0,798,OPTIMAL=97,interval_proves_cutoff=673;lower_skipped_by_nonpositive_upper=798
220,2,lp,upper,1568,99,0.11814421000000006,0.10814714431762695,1548,0,0,99,0,0,0,796,673,0,OPTIMAL=99,interval_proves_cutoff=796;upper_skipped_by_nonnegative_interval_lower=673
220,3,lp,lower,100,1,0.007427618,0.007354259490966797,283,0,0,1,0,0,0,8,0,91,OPTIMAL=1,interval_proves_cutoff=8;lower_skipped_by_nonpositive_upper=91
220,3,lp,upper,100,1,0.004981873,0.004857063293457031,215,0,0,1,0,0,0,91,8,0,OPTIMAL=1,interval_proves_cutoff=91;upper_skipped_by_nonnegative_interval_lower=8
221,0,lp,lower,9,9,0.026636164000000004,0.026171207427978516,821,0,0,9,0,0,0,0,0,0,OPTIMAL=9,
221,0,lp,upper,9,9,0.028729386000000006,0.02819085121154785,897,0,0,9,0,0,0,0,0,0,OPTIMAL=9,
221,1,interval_arithmetic,lower,3136,0,0.0,0.0,0,0,0,0,0,906,0,0,0,2230,,interval_arithmetic=906;lower_skipped_by_nonpositive_upper=2230
221,1,interval_arithmetic,upper,3136,0,0.0,0.0,0,0,0,0,0,3136,0,0,0,0,,interval_arithmetic=3136
221,2,lp,lower,1568,56,0.05262851500000001,0.05058026313781738,485,0,0,56,0,0,0,666,0,846,OPTIMAL=56,interval_proves_cutoff=666;lower_skipped_by_nonpositive_upper=846
221,2,lp,upper,1568,56,0.061792424,0.053922176361083984,532,0,0,56,0,0,0,846,666,0,OPTIMAL=56,interval_proves_cutoff=846;upper_skipped_by_nonnegative_interval_lower=666
221,3,lp,lower,100,0,0.0,0.0,0,0,0,0,0,0,0,8,0,92,,interval_proves_cutoff=8;lower_skipped_by_nonpositive_upper=92
221,3,lp,upper,100,0,0.0,0.0,0,0,0,0,0,0,0,92,8,0,,interval_proves_cutoff=92;upper_skipped_by_nonnegative_interval_lower=8
222,0,lp,lower,9,9,0.048613514,0.04805874824523926,1346,0,0,9,0,0,0,0,0,0,OPTIMAL=9,
222,0,lp,upper,9,9,0.053800562999999996,0.05323004722595215,1474,0,0,9,0,0,0,0,0,0,OPTIMAL=9,
222,1,interval_arithmetic,lower,3136,0,0.0,0.0,0,0,0,0,0,939,0,0,0,2197,,interval_arithmetic=939;lower_skipped_by_nonpositive_upper=2197
222,1,interval_arithmetic,upper,3136,0,0.0,0.0,0,0,0,0,0,3136,0,0,0,0,,interval_arithmetic=3136
222,2,lp,lower,1568,103,0.11341020900000004,0.1093292236328125,1708,0,0,103,0,0,0,667,0,798,OPTIMAL=103,interval_proves_cutoff=667;lower_skipped_by_nonpositive_upper=798
222,2,lp,upper,1568,112,0.13572877300000008,0.12548041343688965,1931,0,0,112,0,0,0,789,667,0,OPTIMAL=112,interval_proves_cutoff=789;upper_skipped_by_nonnegative_interval_lower=667
222,3,lp,lower,100,1,0.008273235,0.008201360702514648,276,0,0,1,0,0,0,8,0,91,OPTIMAL=1,interval_proves_cutoff=8;lower_skipped_by_nonpositive_upper=91
222,3,lp,upper,100,1,0.007895113,0.007772207260131836,243,0,0,1,0,0,0,91,8,0,OPTIMAL=1,interval_proves_cutoff=91;upper_skipped_by_nonnegative_interval_lower=8
223,0,lp,lower,9,9,0.046008893999999995,0.0454714298248291,1341,0,0,9,0,0,0,0,0,0,OPTIMAL=9,
223,0,lp,upper,9,9,0.047001868999999995,0.04638552665710449,1492,0,0,9,0,0,0,0,0,0,OPTIMAL=9,
223,1,interval_arithmetic,lower,3136,0,0.0,0.0,0,0,0,0,0,1003,0,0,0,2133,,interval_arithmetic=1003;lower_skipped_by_nonpositive_upper=2133
223,1,interval_arithmetic,upper,3136,0,0.0,0.0,0,0,0,0,0,3136,0,0,0,0,,interval_arithmetic=3136
223,2,lp,lower,1568,83,0.08818249,0.0850210189819336,1032,0,0,83,0,0,0,698,0,787,OPTIMAL=83,interval_proves_cutoff=698;lower_skipped_by_nonpositive_upper=787
223,2,lp,upper,1568,85,0.10215772799999999,0.0926656723022461,1095,0,0,85,0,0,0,785,698,0,OPTIMAL=85,interval_proves_cutoff=785;upper_skipped_by_nonnegative_interval_lower=698
223,3,lp,lower,100,0,0.0,0.0,0,0,0,0,0,0,0,9,0,91,,interval_proves_cutoff=9;lower_skipped_by_nonpositive_upper=91
223,3,lp,upper,100,0,0.0,0.0,0,0,0,0,0,0,0,91,9,0,,interval_proves_cutoff=91;upper_skipped_by_nonnegative_interval_lower=9
224,0,lp,lower,9,9,0.05668967900000001,0.0561370849609375,1362,0,0,9,0,0,0,0,0,0,OPTIMAL=9,
224,0,lp,upper,9,9,0.05456964599999999,0.054018497467041016,1307,0,0,9,0,0,0,0,0,0,OPTIMAL=9,
224,1,interval_arithmetic,lower,3136,0,0.0,0.0,0,0,0,0,0,904,0,0,0,2232,,interval_arithmetic=904;lower_skipped_by_nonpositive_upper=2232
224,1,interval_arithmetic,upper,3136,0,0.0,0.0,0,0,0,0,0,3136,0,0,0,0,,interval_arithmetic=3136
224,2,lp,lower,1568,76,0.07621787900000003,0.07335543632507324,1003,0,0,76,0,0,0,659,0,833,OPTIMAL=76,interval_proves_cutoff=659;lower_skipped_by_nonpositive_upper=833
224,2,lp,upper,1568,79,0.09005120499999997,0.08110880851745605,1138,0,0,79,0,0,0,830,659,0,OPTIMAL=79,interval_proves_cutoff=830;upper_skipped_by_nonnegative_interval_lower=659
224,3,lp,lower,100,2,0.008473643,0.008354902267456055,250,0,0,2,0,0,0,7,0,91,OPTIMAL=2,interval_proves_cutoff=7;lower_skipped_by_nonpositive_upper=91
224,3,lp,upper,100,2,0.010320428,0.010129213333129883,305,0,0,2,0,0,0,91,7,0,OPTIMAL=2,interval_proves_cutoff=91;upper_skipped_by_nonnegative_interval_lower=7
225,0,lp,lower,9,9,0.028966198000000002,0.028475046157836914,804,0,0,9,0,0,0,0,0,0,OPTIMAL=9,
225,0,lp,upper,9,9,0.029786285,0.029265642166137695,784,0,0,9,0,0,0,0,0,0,OPTIMAL=9,
225,1,interval_arithmetic,lower,3136,0,0.0,0.0,0,0,0,0,0,834,0,0,0,2302,,interval_arithmetic=834;lower_skipped_by_nonpositive_upper=2302
225,1,interval_arithmetic,upper,3136,0,0.0,0.0,0,0,0,0,0,3136,0,0,0,0,,interval_arithmetic=3136
225,2,lp,lower,1568,70,0.066004143,0.06345248222351074,974,0,0,70,0,0,0,616,0,882,OPTIMAL=70,interval_proves_cutoff=616;lower_skipped_by_nonpositive_upper=882
225,2,lp,upper,1568,73,0.07862537500000001,0.07015848159790039,1061,0,0,73,0,0,0,879,616,0,OPTIMAL=73,interval_proves_cutoff=879;upper_skipped_by_nonnegative_interval_lower=616
225,3,lp,lower,100,1,0.003849531,0.0037794113159179688,160,0,0,1,0,0,0,8,0,91,OPTIMAL=1,interval_proves_cutoff=8;lower_skipped_by_nonpositive_upper=91
225,3,lp,upper,100,1,0.004130108,0.004011869430541992,157,0,0,1,0,0,0,91,8,0,OPTIMAL=1,interval_proves_cutoff=91;upper_skipped_by_nonnegative_interval_lower=8
226,0,lp,lower,9,9,0.05882424000000001,0.05826997756958008,1398,0,0,9,0,0,0,0,0,0,OPTIMAL=9,
226,0,lp,upper,9,9,0.074068567,0.07348060607910156,1545,0,0,9,0,0,0,0,0,0,OPTIMAL=9,
226,1,interval_arithmetic,lower,3136,0,0.0,0.0,0,0,0,0,0,933,0,0,0,2203,,interval_arithmetic=933;lower_skipped_by_nonpositive_upper=2203
226,1,interval_arithmetic,upper,3136,0,0.0,0.0,0,0,0,0,0,3136,0,0,0,0,,interval_arithmetic=3136
226,2,lp,lower,1568,85,0.09182736300000001,0.08848333358764648,1083,0,0,85,0,0,0,696,0,787,OPTIMAL=85,interval_proves_cutoff=696;lower_skipped_by_nonpositive_upper=787
226,2,lp,upper,1568,89,0.10682845999999996,0.09699249267578125,1287,0,0,89,0,0,0,783,696,0,OPTIMAL=89,interval_proves_cutoff=783;upper_skipped_by_nonnegative_interval_lower=696
226,3,lp,lower,100,2,0.009676160999999999,0.009548187255859375,270,0,0,2,0,0,0,7,0,91,OPTIMAL=2,interval_proves_cutoff=7;lower_skipped_by_nonpositive_upper=91
226,3,lp,upper,100,2,0.009569451999999999,0.00936269760131836,310,0,0,2,0,0,0,91,7,0,OPTIMAL=2,interval_proves_cutoff=91;upper_skipped_by_nonnegative_interval_lower=7
227,0,lp,lower,9,9,0.056444643,0.05588030815124512,1284,0,0,9,0,0,0,0,0,0,OPTIMAL=9,
227,0,lp,upper,9,9,0.062339634000000005,0.061788082122802734,1356,0,0,9,0,0,0,0,0,0,OPTIMAL=9,
227,1,interval_arithmetic,lower,3136,0,0.0,0.0,0,0,0,0,0,949,0,0,0,2187,,interval_arithmetic=949;lower_skipped_by_nonpositive_upper=2187
227,1,interval_arithmetic,upper,3136,0,0.0,0.0,0,0,0,0,0,3136,0,0,0,0,,interval_arithmetic=3136
227,2,lp,lower,1568,88,0.093129807,0.0897831916809082,1154,0,0,88,0,0,0,675,0,805,OPTIMAL=88,interval_proves_cutoff=675;lower_skipped_by_nonpositive_upper=805
227,2,lp,upper,1568,92,0.10602393,0.09633374214172363,1307,0,0,92,0,0,0,801,675,0,OPTIMAL=92,interval_proves_cutoff=801;upper_skipped_by_nonnegative_interval_lower=675
227,3,lp,lower,100,1,0.007339968,0.007277011871337891,251,0,0,1,0,0,0,8,0,91,OPTIMAL=1,interval_proves_cutoff=8;lower_skipped_by_nonpositive_upper=91
227,3,lp,upper,100,1,0.0056924,0.0055620670318603516,193,0,0,1,0,0,0,91,8,0,OPTIMAL=1,interval_proves_cutoff=91;upper_skipped_by_nonnegative_interval_lower=8
228,0,lp,lower,9,9,0.050038982999999995,0.04950523376464844,1080,0,0,9,0,0,0,0,0,0,OPTIMAL=9,
228,0,lp,upper,9,9,0.057266223,0.05668759346008301,1210,0,0,9,0,0,0,0,0,0,OPTIMAL=9,
228,1,interval_arithmetic,lower,3136,0,0.0,0.0,0,0,0,0,0,857,0,0,0,2279,,interval_arithmetic=857;lower_skipped_by_nonpositive_upper=2279
228,1,interval_arithmetic,upper,3136,0,0.0,0.0,0,0,0,0,0,3136,0,0,0,0,,interval_arithmetic=3136
228,2,lp,lower,1568,97,0.09685701299999996,0.09333276748657227,1385,0,0,97,0,0,0,631,0,840,OPTIMAL=97,interval_proves_cutoff=631;lower_skipped_by_nonpositive_upper=840
228,2,lp,upper,1568,101,0.10894082199999998,0.09915471076965332,1423,0,0,101,0,0,0,836,631,0,OPTIMAL=101,interval_proves_cutoff=836;upper_skipped_by_nonnegative_interval_lower=631
228,3,lp,lower,100,1,0.007484083,0.0074040889739990234,226,0,0,1,0,0,0,8,0,91,OPTIMAL=1,interval_proves_cutoff=8;lower_skipped_by_nonpositive_upper=91
228,3,lp,upper,100,1,0.007299578,0.007169961929321289,220,0,0,1,0,0,0,91,8,0,OPTIMAL=1,interval_proves_cutoff=91;upper_skipped_by_nonnegative_interval_lower=8
229,0,lp,lower,9,9,0.02087326,0.020445585250854492,623,0,0,9,0,0,0,0,0,0,OPTIMAL=9,
229,0,lp,upper,9,9,0.020980367,0.020535945892333984,592,0,0,9,0,0,0,0,0,0,OPTIMAL=9,
229,1,interval_arithmetic,lower,3136,0,0.0,0.0,0,0,0,0,0,845,0,0,0,2291,,interval_arithmetic=845;lower_skipped_by_nonpositive_upper=2291
229,1,interval_arithmetic,upper,3136,0,0.0,0.0,0,0,0,0,0,3136,0,0,0,0,,interval_arithmetic=3136
229,2,lp,lower,1568,45,0.03703618900000001,0.035431861877441406,303,0,0,45,0,0,0,634,0,889,OPTIMAL=45,interval_proves_cutoff=634;lower_skipped_by_nonpositive_upper=889
229,2,lp,upper,1568,50,0.05076557099999999,0.043053627014160156,489,0,0,50,0,0,0,884,634,0,OPTIMAL=50,interval_proves_cutoff=884;upper_skipped_by_nonnegative_interval_lower=634
229,3,lp,lower,100,1,0.002201482,0.0021522045135498047,110,0,0,1,0,0,0,8,0,91,OPTIMAL=1,interval_proves_cutoff=8;lower_skipped_by_nonpositive_upper=91
229,3,lp,upper,100,1,0.002764358,0.0026526451110839844,101,0,0,1,0,0,0,91,8,0,OPTIMAL=1,interval_proves_cutoff=91;upper_skipped_by_nonnegative_interval_lower=8
230,0,lp,lower,9,9,0.086929809,0.0862267017364502,1462,0,0,9,0,0,0,0,0,0,OPTIMAL=9,
230,0,lp,upper,9,9,0.07362805,0.0730276107788086,1426,0,0,9,0,0,0,0,0,0,OPTIMAL=9,
230,1,interval_arithmetic,lower,3136,0,0.0,0.0,0,0,0,0,0,852,0,0,0,2284,,interval_arithmetic=852;lower_skipped_by_nonpositive_upper=2284
230,1,interval_arithmetic,upper,3136,0,0.0,0.0,0,0,0,0,0,3136,0,0,0,0,,interval_arithmetic=3136
230,2,lp,lower,1568,92,0.08621171399999997,0.08285021781921387,993,0,0,92,0,0,0,628,0,848,OPTIMAL=92,interval_proves_cutoff=628;lower_skipped_by_nonpositive_upper=848
230,2,lp,upper,1568,92,0.09498545799999998,0.08578705787658691,1187,0,0,92,0,0,0,848,628,0,OPTIMAL=92,interval_proves_cutoff=848;upper_skipped_by_nonnegative_interval_lower=628
230,3,lp,lower,100,2,0.011614371,0.011495828628540039,285,0,0,2,0,0,0,7,0,91,OPTIMAL=2,interval_proves_cutoff=7;lower_skipped_by_nonpositive_upper=91
230,3,lp,upper,100,2,0.012054434,0.011885881423950195,339,0,0,2,0,0,0,91,7,0,OPTIMAL=2,interval_proves_cutoff=91;upper_skipped_by_nonnegative_interval_lower=7
231,0,lp,lower,9,9,0.06937558,0.0688326358795166,1465,0,0,9,0,0,0,0,0,0,OPTIMAL=9,
231,0,lp,upper,9,9,0.06887185,0.06831836700439453,1458,0,0,9,0,0,0,0,0,0,OPTIMAL=9,
231,1,interval_arithmetic,lower,3136,0,0.0,0.0,0,0,0,0,0,901,0,0,0,2235,,interval_arithmetic=901;lower_skipped_by_nonpositive_upper=2235
231,1,interval_arithmetic,upper,3136,0,0.0,0.0,0,0,0,0,0,3136,0,0,0,0,,interval_arithmetic=3136
231,2,lp,lower,1568,77,0.07797506100000003,0.07510709762573242,984,0,0,77,0,0,0,650,0,841,OPTIMAL=77,interval_proves_cutoff=650;lower_skipped_by_nonpositive_upper=841
231,2,lp,upper,1568,82,0.09301173500000001,0.08389759063720703,1105,0,0,82,0,0,0,836,650,0,OPTIMAL=82,interval_proves_cutoff=836;upper_skipped_by_nonnegative_interval_lower=650
231,3,lp,lower,100,1,0.006523634,0.006464958190917969,238,0,0,1,0,0,0,8,0,91,OPTIMAL=1,interval_proves_cutoff=8;lower_skipped_by_nonpositive_upper=91
231,3,lp,upper,100,1,0.004438146,0.004313230514526367,179,0,0,1,0,0,0,91,8,0,OPTIMAL=1,interval_proves_cutoff=91;upper_skipped_by_nonnegative_interval_lower=8
232,0,lp,lower,9,9,0.056193401000000004,0.05563688278198242,1469,0,0,9,0,0,0,0,0,0,OPTIMAL=9,
232,0,lp,upper,9,9,0.05818696499999999,0.0575871467590332,1535,0,0,9,0,0,0,0,0,0,OPTIMAL=9,
232,1,interval_arithmetic,lower,3136,0,0.0,0.0,0,0,0,0,0,890,0,0,0,2246,,interval_arithmetic=890;lower_skipped_by_nonpositive_upper=2246
232,1,interval_arithmetic,upper,3136,0,0.0,0.0,0,0,0,0,0,3136,0,0,0,0,,interval_arithmetic=3136
232,2,lp,lower,1568,99,0.10335800200000002,0.09952807426452637,1706,0,0,99,0,0,0,632,0,837,OPTIMAL=99,interval_proves_cutoff=632;lower_skipped_by_nonpositive_upper=837
232,2,lp,upper,1568,112,0.12750868699999993,0.11692333221435547,2079,0,0,112,0,0,0,824,632,0,OPTIMAL=112,interval_proves_cutoff=824;upper_skipped_by_nonnegative_interval_lower=632
232,3,lp,lower,100,1,0.008042312,0.00795292854309082,277,0,0,1,0,0,0,8,0,91,OPTIMAL=1,interval_proves_cutoff=8;lower_skipped_by_nonpositive_upper=91
232,3,lp,upper,100,1,0.007176596,0.006987094879150391,214,0,0,1,0,0,0,91,8,0,OPTIMAL=1,interval_proves_cutoff=91;upper_skipped_by_nonnegative_interval_lower=8
233,0,lp,lower,9,9,0.072810325,0.07210564613342285,1473,0,0,9,0,0,0,0,0,0,OPTIMAL=9,
233,0,lp,upper,9,9,0.079477704,0.07887697219848633,1492,0,0,9,0,0,0,0,0,0,OPTIMAL=9,
233,1,interval_arithmetic,lower,3136,0,0.0,0.0,0,0,0,0,0,934,0,0,0,2202,,interval_arithmetic=934;lower_skipped_by_nonpositive_upper=2202
233,1,interval_arithmetic,upper,3136,0,0.0,0.0,0,0,0,0,0,3136,0,0,0,0,,interval_arithmetic=3136
233,2,lp,lower,1568,98,0.09804066599999998,0.09437370300292969,1157,0,0,98,0,0,0,668,0,802,OPTIMAL=98,interval_proves_cutoff=668;lower_skipped_by_nonpositive_upper=802
233,2,lp,upper,1568,108,0.11948288500000001,0.10929989814758301,1420,0,0,108,0,0,0,792,668,0,OPTIMAL=108,interval_proves_cutoff=792;upper_skipped_by_nonnegative_interval_lower=668
233,3,lp,lower,100,1,0.00938683,0.009311199188232422,291,0,0,1,0,0,0,8,0,91,OPTIMAL=1,interval_proves_cutoff=8;lower_skipped_by_nonpositive_upper=91
233,3,lp,upper,100,1,0.005109754,0.004983186721801758,198,0,0,1,0,0,0,91,8,0,OPTIMAL=1,interval_proves_cutoff=91;upper_skipped_by_nonnegative_interval_lower=8
234,0,lp,lower,9,9,0.053829984000000004,0.05328226089477539,1295,0,0,9,0,0,0,0,0,0,OPTIMAL=9,
234,0,lp,upper,9,9,0.054824341,0.05411386489868164,1337,0,0,9,0,0,0,0,0,0,OPTIMAL=9,
234,1,interval_arithmetic,lower,3136,0,0.0,0.0,0,0,0,0,0,947,0,0,0,2189,,interval_arithmetic=947;lower_skipped_by_nonpositive_upper=2189
234,1,interval_arithmetic,upper,3136,0,0.0,0.0,0,0,0,0,0,3136,0,0,0,0,,interval_arithmetic=3136
234,2,lp,lower,1568,89,0.09651160799999998,0.09311676025390625,1493,0,0,89,0,0,0,662,0,817,OPTIMAL=89,interval_proves_cutoff=662;lower_skipped_by_nonpositive_upper=817
234,2,lp,upper,1568,94,0.11042014800000001,0.10040736198425293,1636,0,0,94,0,0,0,812,662,0,OPTIMAL=94,interval_proves_cutoff=812;upper_skipped_by_nonnegative_interval_lower=662
234,3,lp,lower,100,0,0.0,0.0,0,0,0,0,0,0,0,9,0,91,,interval_proves_cutoff=9;lower_skipped_by_nonpositive_upper=91
234,3,lp,upper,100,0,0.0,0.0,0,0,0,0,0,0,0,91,9,0,,interval_proves_cutoff=91;upper_skipped_by_nonnegative_interval_lower=9
235,0,lp,lower,9,9,0.035286824,0.03479146957397461,976,0,0,9,0,0,0,0,0,0,OPTIMAL=9,
235,0,lp,upper,9,9,0.037729855,0.03720831871032715,1032,0,0,9,0,0,0,0,0,0,OPTIMAL=9,
235,1,interval_arithmetic,lower,3136,0,0.0,0.0,0,0,0,0,0,871,0,0,0,2265,,interval_arithmetic=871;lower_skipped_by_nonpositive_upper=2265
235,1,interval_arithmetic,upper,3136,0,0.0,0.0,0,0,0,0,0,3136,0,0,0,0,,interval_arithmetic=3136
235,2,lp,lower,1568,72,0.07064229600000003,0.06779909133911133,1079,0,0,72,0,0,0,635,0,861,OPTIMAL=72,interval_proves_cutoff=635;lower_skipped_by_nonpositive_upper=861
235,2,lp,upper,1568,78,0.08826254200000003,0.07916784286499023,1246,0,0,78,0,0,0,855,635,0,OPTIMAL=78,interval_proves_cutoff=855;upper_skipped_by_nonnegative_interval_lower=635
235,3,lp,lower,100,0,0.0,0.0,0,0,0,0,0,0,0,8,0,92,,interval_proves_cutoff=8;lower_skipped_by_nonpositive_upper=92
235,3,lp,upper,100,1,0.004692945,0.004567384719848633,167,0,0,1,0,0,0,91,8,0,OPTIMAL=1,interval_proves_cutoff=91;upper_skipped_by_nonnegative_interval_lower=8
236,0,lp,lower,9,9,0.05526875099999999,0.0547022819519043,1402,0,0,9,0,0,0,0,0,0,OPTIMAL=9,
236,0,lp,upper,9,9,0.05848400899999999,0.05782032012939453,1461,0,0,9,0,0,0,0,0,0,OPTIMAL=9,
236,1,interval_arithmetic,lower,3136,0,0.0,0.0,0,0,0,0,0,893,0,0,0,2243,,interval_arithmetic=893;lower_skipped_by_nonpositive_upper=2243
236,1,interval_arithmetic,upper,3136,0,0.0,0.0,0,0,0,0,0,3136,0,0,0,0,,interval_arithmetic=3136
236,2,lp,lower,1568,103,0.10869005699999996,0.10474085807800293,1644,0,0,103,0,0,0,660,0,805,OPTIMAL=103,interval_proves_cutoff=660;lower_skipped_by_nonpositive_upper=805
236,2,lp,upper,1568,106,0.12025782800000001,0.11032867431640625,1754,0,0,106,0,0,0,802,660,0,OPTIMAL=106,interval_proves_cutoff=802;upper_skipped_by_nonnegative_interval_lower=660
236,3,lp,lower,100,0,0.0,0.0,0,0,0,0,0,0,0,9,0,91,,interval_proves_cutoff=9;lower_skipped_by_nonpositive_upper=91
236,3,lp,upper,100,0,0.0,0.0,0,0,0,0,0,0,0,91,9,0,,interval_proves_cutoff=91;upper_skipped_by_nonnegative_interval_lower=9
237,0,lp,lower,9,9,0.023344365000000002,0.022895097732543945,704,0,0,9,0,0,0,0,0,0,OPTIMAL=9,
237,0,lp,upper,9,9,0.024557226999999997,0.02404022216796875,729,0,0,9,0,0,0,0,0,0,OPTIMAL=9,
237,1,interval_arithmetic,lower,3136,0,0.0,0.0,0,0,0,0,0,893,0,0,0,2243,,interval_arithmetic=893;lower_skipped_by_nonpositive_upper=2243
237,1,interval_arithmetic,upper,3136,0,0.0,0.0,0,0,0,0,0,3136,0,0,0,0,,interval_arithmetic=3136
237,2,lp,lower,1568,58,0.04742648400000001,0.04541826248168945,223,0,0,58,0,0,0,676,0,834,OPTIMAL=58,interval_proves_cutoff=676;lower_skipped_by_nonpositive_upper=834
237,2,lp,upper,1568,59,0.055468919,0.04776310920715332,245,0,0,59,0,0,0,833,676,0,OPTIMAL=59,interval_proves_cutoff=833;upper_skipped_by_nonnegative_interval_lower=676
237,3,lp,lower,100,0,0.0,0.0,0,0,0,0,0,0,0,8,0,92,,interval_proves_cutoff=8;lower_skipped_by_nonpositive_upper=92
237,3,lp,upper,100,1,0.003066978,0.002954721450805664,111,0,0,1,0,0,0,91,8,0,OPTIMAL=1,interval_proves_cutoff=91;upper_skipped_by_nonnegative_interval_lower=8
238,0,lp,lower,9,9,0.032927999,0.03244352340698242,1078,0,0,9,0,0,0,0,0,0,OPTIMAL=9,
238,0,lp,upper,9,9,0.032810604,0.03223252296447754,1107,0,0,9,0,0,0,0,0,0,OPTIMAL=9,
238,1,interval_arithmetic,lower,3136,0,0.0,0.0,0,0,0,0,0,894,0,0,0,2242,,interval_arithmetic=894;lower_skipped_by_nonpositive_upper=2242
238,1,interval_arithmetic,upper,3136,0,0.0,0.0,0,0,0,0,0,3136,0,0,0,0,,interval_arithmetic=3136
238,2,lp,lower,1568,72,0.06914352000000001,0.06644988059997559,793,0,0,72,0,0,0,656,0,840,OPTIMAL=72,interval_proves_cutoff=656;lower_skipped_by_nonpositive_upper=840
238,2,lp,upper,1568,77,0.08631252299999997,0.07727766036987305,998,0,0,77,0,0,0,835,656,0,OPTIMAL=77,interval_proves_cutoff=835;upper_skipped_by_nonnegative_interval_lower=656
238,3,lp,lower,100,0,0.0,0.0,0,0,0,0,0,0,0,9,0,91,,interval_proves_cutoff=9;lower_skipped_by_nonpositive_upper=91
238,3,lp,upper,100,0,0.0,0.0,0,0,0,0,0,0,0,91,9,0,,interval_proves_cutoff=91;upper_skipped_by_nonnegative_interval_lower=9
239,0,lp,lower,9,9,0.057951649,0.05741763114929199,1283,0,0,9,0,0,0,0,0,0,OPTIMAL=9,
239,0,lp,upper,9,9,0.057208377000000005,0.05665993690490723,1265,0,0,9,0,0,0,0,0,0,OPTIMAL=9,
239,1,interval_arithmetic,lower,3136,0,0.0,0.0,0,0,0,0,0,913,0,0,0,2223,,interval_arithmetic=913;lower_skipped_by_nonpositive_upper=2223
239,1,interval_arithmetic,upper,3136,0,0.0,0.0,0,0,0,0,0,3136,0,0,0,0,,interval_arithmetic=3136
239,2,lp,lower,1568,85,0.086380092,0.08318233489990234,1067,0,0,85,0,0,0,651,0,832,OPTIMAL=85,interval_proves_cutoff=651;lower_skipped_by_nonpositive_upper=832
239,2,lp,upper,1568,94,0.103717541,0.09429764747619629,1231,0,0,94,0,0,0,823,651,0,OPTIMAL=94,interval_proves_cutoff=823;upper_skipped_by_nonnegative_interval_lower=651
239,3,lp,lower,100,2,0.010719812,0.010600566864013672,289,0,0,2,0,0,0,7,0,91,OPTIMAL=2,interval_proves_cutoff=7;lower_skipped_by_nonpositive_upper=91
239,3,lp,upper,100,2,0.010062936,0.009860992431640625,323,0,0,2,0,0,0,91,7,0,OPTIMAL=2,interval_proves_cutoff=91;upper_skipped_by_nonnegative_interval_lower=7
240,0,lp,lower,9,9,0.053297331,0.05279278755187988,1101,0,0,9,0,0,0,0,0,0,OPTIMAL=9,
240,0,lp,upper,9,9,0.04511995,0.04459953308105469,1002,0,0,9,0,0,0,0,0,0,OPTIMAL=9,
240,1,interval_arithmetic,lower,3136,0,0.0,0.0,0,0,0,0,0,849,0,0,0,2287,,interval_arithmetic=849;lower_skipped_by_nonpositive_upper=2287
240,1,interval_arithmetic,upper,3136,0,0.0,0.0,0,0,0,0,0,3136,0,0,0,0,,interval_arithmetic=3136
240,2,lp,lower,1568,73,0.067189325,0.06463050842285156,844,0,0,73,0,0,0,631,0,864,OPTIMAL=73,interval_proves_cutoff=631;lower_skipped_by_nonpositive_upper=864
240,2,lp,upper,1568,77,0.079583058,0.07086396217346191,1027,0,0,77,0,0,0,860,631,0,OPTIMAL=77,interval_proves_cutoff=860;upper_skipped_by_nonnegative_interval_lower=631
240,3,lp,lower,100,2,0.0073035240000000005,0.0071926116943359375,201,0,0,2,0,0,0,7,0,91,OPTIMAL=2,interval_proves_cutoff=7;lower_skipped_by_nonpositive_upper=91
240,3,lp,upper,100,2,0.008945065,0.008760452270507812,252,0,0,2,0,0,0,91,7,0,OPTIMAL=2,interval_proves_cutoff=91;upper_skipped_by_nonnegative_interval_lower=7
241,0,lp,lower,9,9,0.097136408,0.09654641151428223,1731,0,0,9,0,0,0,0,0,0,OPTIMAL=9,
241,0,lp,upper,9,9,0.084809936,0.08420515060424805,1641,0,0,9,0,0,0,0,0,0,OPTIMAL=9,
241,1,interval_arithmetic,lower,3136,0,0.0,0.0,0,0,0,0,0,919,0,0,0,2217,,interval_arithmetic=919;lower_skipped_by_nonpositive_upper=2217
241,1,interval_arithmetic,upper,3136,0,0.0,0.0,0,0,0,0,0,3136,0,0,0,0,,interval_arithmetic=3136
241,2,lp,lower,1568,100,0.10601995799999998,0.10215592384338379,1531,0,0,100,0,0,0,667,0,801,OPTIMAL=100,interval_proves_cutoff=667;lower_skipped_by_nonpositive_upper=801
241,2,lp,upper,1568,109,0.126628712,0.11625242233276367,1812,0,0,109,0,0,0,792,667,0,OPTIMAL=109,interval_proves_cutoff=792;upper_skipped_by_nonnegative_interval_lower=667
241,3,lp,lower,100,1,0.008827219,0.008744478225708008,302,0,0,1,0,0,0,8,0,91,OPTIMAL=1,interval_proves_cutoff=8;lower_skipped_by_nonpositive_upper=91
241,3,lp,upper,100,1,0.008271243,0.008136749267578125,245,0,0,1,0,0,0,91,8,0,OPTIMAL=1,interval_proves_cutoff=91;upper_skipped_by_nonnegative_interval_lower=8
242,0,lp,lower,9,9,0.054880704999999995,0.05430889129638672,1508,0,0,9,0,0,0,0,0,0,OPTIMAL=9,
242,0,lp,upper,9,9,0.061139029,0.06049466133117676,1705,0,0,9,0,0,0,0,0,0,OPTIMAL=9,
242,1,interval_arithmetic,lower,3136,0,0.0,0.0,0,0,0,0,0,948,0,0,0,2188,,interval_arithmetic=948;lower_skipped_by_nonpositive_upper=2188
242,1,interval_arithmetic,upper,3136,0,0.0,0.0,0,0,0,0,0,3136,0,0,0,0,,interval_arithmetic=3136
242,2,lp,lower,1568,108,0.12344330999999997,0.11927485466003418,1630,0,0,108,0,0,0,670,0,790,OPTIMAL=108,interval_proves_cutoff=670;lower_skipped_by_nonpositive_upper=790
242,2,lp,upper,1568,114,0.5307455730000001,0.1310441493988037,1797,0,0,114,0,0,0,784,670,0,OPTIMAL=114,interval_proves_cutoff=784;upper_skipped_by_nonnegative_interval_lower=670
242,3,lp,lower,100,0,0.0,0.0,0,0,0,0,0,0,0,9,0,91,,interval_proves_cutoff=9;lower_skipped_by_nonpositive_upper=91
242,3,lp,upper,100,0,0.0,0.0,0,0,0,0,0,0,0,91,9,0,,interval_proves_cutoff=91;upper_skipped_by_nonnegative_interval_lower=9
243,0,lp,lower,9,9,0.039571508,0.039069414138793945,1103,0,0,9,0,0,0,0,0,0,OPTIMAL=9,
243,0,lp,upper,9,9,0.039839998999999994,0.03929638862609863,1022,0,0,9,0,0,0,0,0,0,OPTIMAL=9,
243,1,interval_arithmetic,lower,3136,0,0.0,0.0,0,0,0,0,0,952,0,0,0,2184,,interval_arithmetic=952;lower_skipped_by_nonpositive_upper=2184
243,1,interval_arithmetic,upper,3136,0,0.0,0.0,0,0,0,0,0,3136,0,0,0,0,,interval_arithmetic=3136
243,2,lp,lower,1568,80,0.08550245000000001,0.08237528800964355,1307,0,0,80,0,0,0,674,0,814,OPTIMAL=80,interval_proves_cutoff=674;lower_skipped_by_nonpositive_upper=814
243,2,lp,upper,1568,89,0.10507214000000002,0.09548497200012207,1586,0,0,89,0,0,0,805,674,0,OPTIMAL=89,interval_proves_cutoff=805;upper_skipped_by_nonnegative_interval_lower=674
243,3,lp,lower,100,1,0.005486734,0.005418300628662109,233,0,0,1,0,0,0,8,0,91,OPTIMAL=1,interval_proves_cutoff=8;lower_skipped_by_nonpositive_upper=91
243,3,lp,upper,100,1,0.004915455,0.004796266555786133,180,0,0,1,0,0,0,91,8,0,OPTIMAL=1,interval_proves_cutoff=91;upper_skipped_by_nonnegative_interval_lower=8
244,0,lp,lower,9,9,0.06316461,0.06260514259338379,1431,0,0,9,0,0,0,0,0,0,OPTIMAL=9,
244,0,lp,upper,9,9,0.065467933,0.06487703323364258,1444,0,0,9,0,0,0,0,0,0,OPTIMAL=9,
244,1,interval_arithmetic,lower,3136,0,0.0,0.0,0,0,0,0,0,900,0,0,0,2236,,interval_arithmetic=900;lower_skipped_by_nonpositive_upper=2236
244,1,interval_arithmetic,upper,3136,0,0.0,0.0,0,0,0,0,0,3136,0,0,0,0,,interval_arithmetic=3136
244,2,lp,lower,1568,96,0.10077230999999999,0.09716272354125977,1558,0,0,96,0,0,0,657,0,815,OPTIMAL=96,interval_proves_cutoff=657;lower_skipped_by_nonpositive_upper=815
244,2,lp,upper,1568,99,0.11427283600000003,0.10437750816345215,1703,0,0,99,0,0,0,812,657,0,OPTIMAL=99,interval_proves_cutoff=812;upper_skipped_by_nonnegative_interval_lower=657
244,3,lp,lower,100,1,0.006908487,0.0068359375,243,0,0,1,0,0,0,8,0,91,OPTIMAL=1,interval_proves_cutoff=8;lower_skipped_by_nonpositive_upper=91
244,3,lp,upper,100,1,0.007148694,0.006941556930541992,224,0,0,1,0,0,0,91,8,0,OPTIMAL=1,interval_proves_cutoff=91;upper_skipped_by_nonnegative_interval_lower=8
245,0,lp,lower,9,9,0.035464333,0.03499317169189453,1057,0,0,9,0,0,0,0,0,0,OPTIMAL=9,
245,0,lp,upper,9,9,0.036296922,0.03565669059753418,1058,0,0,9,0,0,0,0,0,0,OPTIMAL=9,
245,1,interval_arithmetic,lower,3136,0,0.0,0.0,0,0,0,0,0,879,0,0,0,2257,,interval_arithmetic=879;lower_skipped_by_nonpositive_upper=2257
245,1,interval_arithmetic,upper,3136,0,0.0,0.0,0,0,0,0,0,3136,0,0,0,0,,interval_arithmetic=3136
245,2,lp,lower,1568,67,0.06410967000000001,0.06161093711853027,728,0,0,67,0,0,0,647,0,854,OPTIMAL=67,interval_proves_cutoff=647;lower_skipped_by_nonpositive_upper=854
245,2,lp,upper,1568,68,0.07325212499999999,0.06479358673095703,869,0,0,68,0,0,0,853,647,0,OPTIMAL=68,interval_proves_cutoff=853;upper_skipped_by_nonnegative_interval_lower=647
245,3,lp,lower,100,0,0.0,0.0,0,0,0,0,0,0,0,9,0,91,,interval_proves_cutoff=9;lower_skipped_by_nonpositive_upper=91
245,3,lp,upper,100,0,0.0,0.0,0,0,0,0,0,0,0,91,9,0,,interval_proves_cutoff=91;upper_skipped_by_nonnegative_interval_lower=9
246,0,lp,lower,9,9,0.102242867,0.10158085823059082,1982,0,0,9,0,0,0,0,0,0,OPTIMAL=9,
246,0,lp,upper,9,9,0.093917934,0.09321856498718262,1817,0,0,9,0,0,0,0,0,0,OPTIMAL=9,
246,1,interval_arithmetic,lower,3136,0,0.0,0.0,0,0,0,0,0,904,0,0,0,2232,,interval_arithmetic=904;lower_skipped_by_nonpositive_upper=2232
246,1,interval_arithmetic,upper,3136,0,0.0,0.0,0,0,0,0,0,3136,0,0,0,0,,interval_arithmetic=3136
246,2,lp,lower,1568,134,0.14532680799999997,0.14009332656860352,2149,0,0,134,0,0,0,653,0,781,OPTIMAL=134,interval_proves_cutoff=653;lower_skipped_by_nonpositive_upper=781
246,2,lp,upper,1568,138,0.1629237069999999,0.15118980407714844,2290,0,0,138,0,0,0,777,653,0,OPTIMAL=138,interval_proves_cutoff=777;upper_skipped_by_nonnegative_interval_lower=653
246,3,lp,lower,100,1,0.013394496,0.013313531875610352,360,0,0,1,0,0,0,8,0,91,OPTIMAL=1,interval_proves_cutoff=8;lower_skipped_by_nonpositive_upper=91
246,3,lp,upper,100,1,0.011211041,0.010986089706420898,296,0,0,1,0,0,0,91,8,0,OPTIMAL=1,interval_proves_cutoff=91;upper_skipped_by_nonnegative_interval_lower=8
247,0,lp,lower,9,9,0.07392702200000001,0.07335305213928223,1563,0,0,9,0,0,0,0,0,0,OPTIMAL=9,
247,0,lp,upper,9,9,0.065614472,0.06502747535705566,1472,0,0,9,0,0,0,0,0,0,OPTIMAL=9,
247,1,interval_arithmetic,lower,3136,0,0.0,0.0,0,0,0,0,0,954,0,0,0,2182,,interval_arithmetic=954;lower_skipped_by_nonpositive_upper=2182
247,1,interval_arithmetic,upper,3136,0,0.0,0.0,0,0,0,0,0,3136,0,0,0,0,,interval_arithmetic=3136
247,2,lp,lower,1568,111,0.11612041699999993,0.11185169219970703,993,0,0,111,0,0,0,695,0,762,OPTIMAL=111,interval_proves_cutoff=695;lower_skipped_by_nonpositive_upper=762
247,2,lp,upper,1568,114,0.13269751200000007,0.12204790115356445,1041,0,0,114,0,0,0,759,695,0,OPTIMAL=114,interval_proves_cutoff=759;upper_skipped_by_nonnegative_interval_lower=695
247,3,lp,lower,100,1,0.006290167,0.006226301193237305,255,0,0,1,0,0,0,8,0,91,OPTIMAL=1,interval_proves_cutoff=8;lower_skipped_by_nonpositive_upper=91
247,3,lp,upper,100,1,0.005609215,0.0054759979248046875,229,0,0,1,0,0,0,91,8,0,OPTIMAL=1,interval_proves_cutoff=91;upper_skipped_by_nonnegative_interval_lower=8
249,0,lp,lower,9,9,0.034284528,0.0337371826171875,1040,0,0,9,0,0,0,0,0,0,OPTIMAL=9,
249,0,lp,upper,9,9,0.036011524,0.03545665740966797,1120,0,0,9,0,0,0,0,0,0,OPTIMAL=9,
249,1,interval_arithmetic,lower,3136,0,0.0,0.0,0,0,0,0,0,934,0,0,0,2202,,interval_arithmetic=934;lower_skipped_by_nonpositive_upper=2202
249,1,interval_arithmetic,upper,3136,0,0.0,0.0,0,0,0,0,0,3136,0,0,0,0,,interval_arithmetic=3136
249,2,lp,lower,1568,84,0.08535422699999999,0.08220934867858887,957,0,0,84,0,0,0,663,0,821,OPTIMAL=84,interval_proves_cutoff=663;lower_skipped_by_nonpositive_upper=821
249,2,lp,upper,1568,88,0.09761951399999995,0.0883326530456543,1041,0,0,88,0,0,0,817,663,0,OPTIMAL=88,interval_proves_cutoff=817;upper_skipped_by_nonnegative_interval_lower=663
249,3,lp,lower,100,0,0.0,0.0,0,0,0,0,0,0,0,9,0,91,,interval_proves_cutoff=9;lower_skipped_by_nonpositive_upper=91
249,3,lp,upper,100,0,0.0,0.0,0,0,0,0,0,0,0,91,9,0,,interval_proves_cutoff=91;upper_skipped_by_nonnegative_interval_lower=9
250,0,lp,lower,9,9,0.038461451,0.037950992584228516,1055,0,0,9,0,0,0,0,0,0,OPTIMAL=9,
250,0,lp,upper,9,9,0.043013877,0.04242086410522461,1105,0,0,9,0,0,0,0,0,0,OPTIMAL=9,
250,1,interval_arithmetic,lower,3136,0,0.0,0.0,0,0,0,0,0,883,0,0,0,2253,,interval_arithmetic=883;lower_skipped_by_nonpositive_upper=2253
250,1,interval_arithmetic,upper,3136,0,0.0,0.0,0,0,0,0,0,3136,0,0,0,0,,interval_arithmetic=3136
250,2,lp,lower,1568,88,0.08601821300000001,0.08273100852966309,1110,0,0,88,0,0,0,638,0,842,OPTIMAL=88,interval_proves_cutoff=638;lower_skipped_by_nonpositive_upper=842
250,2,lp,upper,1568,98,0.10498373700000001,0.09537672996520996,1320,0,0,98,0,0,0,832,638,0,OPTIMAL=98,interval_proves_cutoff=832;upper_skipped_by_nonnegative_interval_lower=638
250,3,lp,lower,100,0,0.0,0.0,0,0,0,0,0,0,0,9,0,91,,interval_proves_cutoff=9;lower_skipped_by_nonpositive_upper=91
250,3,lp,upper,100,0,0.0,0.0,0,0,0,0,0,0,0,91,9,0,,interval_proves_cutoff=91;upper_skipped_by_nonnegative_interval_lower=9
251,0,lp,lower,9,9,0.038780646,0.03824782371520996,1087,0,0,9,0,0,0,0,0,0,OPTIMAL=9,
251,0,lp,upper,9,9,0.044301862,0.04375791549682617,1053,0,0,9,0,0,0,0,0,0,OPTIMAL=9,
251,1,interval_arithmetic,lower,3136,0,0.0,0.0,0,0,0,0,0,934,0,0,0,2202,,interval_arithmetic=934;lower_skipped_by_nonpositive_upper=2202
251,1,interval_arithmetic,upper,3136,0,0.0,0.0,0,0,0,0,0,3136,0,0,0,0,,interval_arithmetic=3136
251,2,lp,lower,1568,81,0.07608420499999997,0.07311224937438965,799,0,0,81,0,0,0,664,0,823,OPTIMAL=81,interval_proves_cutoff=664;lower_skipped_by_nonpositive_upper=823
251,2,lp,upper,1568,85,0.089187528,0.08018136024475098,980,0,0,85,0,0,0,819,664,0,OPTIMAL=85,interval_proves_cutoff=819;upper_skipped_by_nonnegative_interval_lower=664
251,3,lp,lower,100,1,0.005126017,0.005060672760009766,209,0,0,1,0,0,0,8,0,91,OPTIMAL=1,interval_proves_cutoff=8;lower_skipped_by_nonpositive_upper=91
251,3,lp,upper,100,1,0.004513417,0.0043888092041015625,169,0,0,1,0,0,0,91,8,0,OPTIMAL=1,interval_proves_cutoff=91;upper_skipped_by_nonnegative_interval_lower=8
252,0,lp,lower,9,9,0.032205596,0.031743764877319336,884,0,0,9,0,0,0,0,0,0,OPTIMAL=9,
252,0,lp,upper,9,9,0.031374312,0.03083205223083496,885,0,0,9,0,0,0,0,0,0,OPTIMAL=9,
252,1,interval_arithmetic,lower,3136,0,0.0,0.0,0,0,0,0,0,836,0,0,0,2300,,interval_arithmetic=836;lower_skipped_by_nonpositive_upper=2300
252,1,interval_arithmetic,upper,3136,0,0.0,0.0,0,0,0,0,0,3136,0,0,0,0,,interval_arithmetic=3136
252,2,lp,lower,1568,66,0.05662056000000002,0.054305315017700195,438,0,0,66,0,0,0,632,0,870,OPTIMAL=66,interval_proves_cutoff=632;lower_skipped_by_nonpositive_upper=870
252,2,lp,upper,1568,70,0.06654264700000001,0.0582737922668457,553,0,0,70,0,0,0,866,632,0,OPTIMAL=70,interval_proves_cutoff=866;upper_skipped_by_nonnegative_interval_lower=632
252,3,lp,lower,100,0,0.0,0.0,0,0,0,0,0,0,0,9,0,91,,interval_proves_cutoff=9;lower_skipped_by_nonpositive_upper=91
252,3,lp,upper,100,0,0.0,0.0,0,0,0,0,0,0,0,91,9,0,,interval_proves_cutoff=91;upper_skipped_by_nonnegative_interval_lower=9
253,0,lp,lower,9,9,0.035551167,0.03496670722961426,1045,0,0,9,0,0,0,0,0,0,OPTIMAL=9,
253,0,lp,upper,9,9,0.038377287,0.03778219223022461,1141,0,0,9,0,0,0,0,0,0,OPTIMAL=9,
253,1,interval_arithmetic,lower,3136,0,0.0,0.0,0,0,0,0,0,921,0,0,0,2215,,interval_arithmetic=921;lower_skipped_by_nonpositive_upper=2215
253,1,interval_arithmetic,upper,3136,0,0.0,0.0,0,0,0,0,0,3136,0,0,0,0,,interval_arithmetic=3136
253,2,lp,lower,1568,66,0.06744768600000002,0.0649728775024414,874,0,0,66,0,0,0,658,0,844,OPTIMAL=66,interval_proves_cutoff=658;lower_skipped_by_nonpositive_upper=844
253,2,lp,upper,1568,75,0.08566338200000001,0.07666754722595215,1064,0,0,75,0,0,0,835,658,0,OPTIMAL=75,interval_proves_cutoff=835;upper_skipped_by_nonnegative_interval_lower=658
253,3,lp,lower,100,0,0.0,0.0,0,0,0,0,0,0,0,9,0,91,,interval_proves_cutoff=9;lower_skipped_by_nonpositive_upper=91
253,3,lp,upper,100,0,0.0,0.0,0,0,0,0,0,0,0,91,9,0,,interval_proves_cutoff=91;upper_skipped_by_nonnegative_interval_lower=9
254,0,lp,lower,9,9,0.049545583,0.04899787902832031,1231,0,0,9,0,0,0,0,0,0,OPTIMAL=9,
254,0,lp,upper,9,9,0.054245324,0.05367875099182129,1265,0,0,9,0,0,0,0,0,0,OPTIMAL=9,
254,1,interval_arithmetic,lower,3136,0,0.0,0.0,0,0,0,0,0,895,0,0,0,2241,,interval_arithmetic=895;lower_skipped_by_nonpositive_upper=2241
254,1,interval_arithmetic,upper,3136,0,0.0,0.0,0,0,0,0,0,3136,0,0,0,0,,interval_arithmetic=3136
254,2,lp,lower,1568,87,0.09156059499999997,0.08826041221618652,1364,0,0,87,0,0,0,653,0,828,OPTIMAL=87,interval_proves_cutoff=653;lower_skipped_by_nonpositive_upper=828
254,2,lp,upper,1568,90,0.10396255499999998,0.0944986343383789,1420,0,0,90,0,0,0,825,653,0,OPTIMAL=90,interval_proves_cutoff=825;upper_skipped_by_nonnegative_interval_lower=653
254,3,lp,lower,100,1,0.00534993,0.005282878875732422,237,0,0,1,0,0,0,8,0,91,OPTIMAL=1,interval_proves_cutoff=8;lower_skipped_by_nonpositive_upper=91
254,3,lp,upper,100,1,0.005488736,0.005362749099731445,194,0,0,1,0,0,0,91,8,0,OPTIMAL=1,interval_proves_cutoff=91;upper_skipped_by_nonnegative_interval_lower=8
255,0,lp,lower,9,9,0.042682278,0.04215693473815918,1178,0,0,9,0,0,0,0,0,0,OPTIMAL=9,
255,0,lp,upper,9,9,0.04888354600000001,0.04832339286804199,1228,0,0,9,0,0,0,0,0,0,OPTIMAL=9,
255,1,interval_arithmetic,lower,3136,0,0.0,0.0,0,0,0,0,0,879,0,0,0,2257,,interval_arithmetic=879;lower_skipped_by_nonpositive_upper=2257
255,1,interval_arithmetic,upper,3136,0,0.0,0.0,0,0,0,0,0,3136,0,0,0,0,,interval_arithmetic=3136
255,2,lp,lower,1568,83,0.08285778799999999,0.07959890365600586,1025,0,0,83,0,0,0,640,0,845,OPTIMAL=83,interval_proves_cutoff=640;lower_skipped_by_nonpositive_upper=845
255,2,lp,upper,1568,89,0.09388819199999997,0.08451581001281738,1250,0,0,89,0,0,0,839,640,0,OPTIMAL=89,interval_proves_cutoff=839;upper_skipped_by_nonnegative_interval_lower=640
255,3,lp,lower,100,1,0.005132479,0.005051851272583008,225,0,0,1,0,0,0,7,0,92,OPTIMAL=1,interval_proves_cutoff=7;lower_skipped_by_nonpositive_upper=92
255,3,lp,upper,100,1,0.00511345,0.004991769790649414,184,0,0,1,0,0,0,92,7,0,OPTIMAL=1,interval_proves_cutoff=92;upper_skipped_by_nonnegative_interval_lower=7
256,0,lp,lower,9,9,0.046703065,0.04615902900695801,1053,0,0,9,0,0,0,0,0,0,OPTIMAL=9,
256,0,lp,upper,9,9,0.058245859000000004,0.05772256851196289,1157,0,0,9,0,0,0,0,0,0,OPTIMAL=9,
256,1,interval_arithmetic,lower,3136,0,0.0,0.0,0,0,0,0,0,876,0,0,0,2260,,interval_arithmetic=876;lower_skipped_by_nonpositive_upper=2260
256,1,interval_arithmetic,upper,3136,0,0.0,0.0,0,0,0,0,0,3136,0,0,0,0,,interval_arithmetic=3136
256,2,lp,lower,1568,64,0.054084126000000024,0.05178093910217285,458,0,0,64,0,0,0,638,0,866,OPTIMAL=64,interval_proves_cutoff=638;lower_skipped_by_nonpositive_upper=866
256,2,lp,upper,1568,64,0.063885851,0.055704593658447266,613,0,0,64,0,0,0,866,638,0,OPTIMAL=64,interval_proves_cutoff=866;upper_skipped_by_nonnegative_interval_lower=638
256,3,lp,lower,100,1,0.00293295,0.0028738975524902344,84,0,0,1,0,0,0,7,0,92,OPTIMAL=1,interval_proves_cutoff=7;lower_skipped_by_nonpositive_upper=92
256,3,lp,upper,100,2,0.00820781,0.007958173751831055,250,0,0,2,0,0,0,91,7,0,OPTIMAL=2,interval_proves_cutoff=91;upper_skipped_by_nonnegative_interval_lower=7
257,0,lp,lower,9,9,0.06395091,0.06337451934814453,1510,0,0,9,0,0,0,0,0,0,OPTIMAL=9,
257,0,lp,upper,9,9,0.079510725,0.07890200614929199,1612,0,0,9,0,0,0,0,0,0,OPTIMAL=9,
257,1,interval_arithmetic,lower,3136,0,0.0,0.0,0,0,0,0,0,918,0,0,0,2218,,interval_arithmetic=918;lower_skipped_by_nonpositive_upper=2218
257,1,interval_arithmetic,upper,3136,0,0.0,0.0,0,0,0,0,0,3136,0,0,0,0,,interval_arithmetic=3136
257,2,lp,lower,1568,92,0.10549228300000002,0.10196495056152344,1566,0,0,92,0,0,0,662,0,814,OPTIMAL=92,interval_proves_cutoff=662;lower_skipped_by_nonpositive_upper=814
257,2,lp,upper,1568,101,0.138283186,0.11352419853210449,1675,0,0,101,0,0,0,805,662,0,OPTIMAL=101,interval_proves_cutoff=805;upper_skipped_by_nonnegative_interval_lower=662
257,3,lp,lower,100,2,0.010332436,0.010193824768066406,290,0,0,2,0,0,0,7,0,91,OPTIMAL=2,interval_proves_cutoff=7;lower_skipped_by_nonpositive_upper=91
257,3,lp,upper,100,2,0.011863542000000001,0.011652469635009766,340,0,0,2,0,0,0,91,7,0,OPTIMAL=2,interval_proves_cutoff=91;upper_skipped_by_nonnegative_interval_lower=7
258,0,lp,lower,9,9,0.07413259100000001,0.0735626220703125,1451,0,0,9,0,0,0,0,0,0,OPTIMAL=9,
258,0,lp,upper,9,9,0.07839750100000001,0.07781815528869629,1497,0,0,9,0,0,0,0,0,0,OPTIMAL=9,
258,1,interval_arithmetic,lower,3136,0,0.0,0.0,0,0,0,0,0,907,0,0,0,2229,,interval_arithmetic=907;lower_skipped_by_nonpositive_upper=2229
258,1,interval_arithmetic,upper,3136,0,0.0,0.0,0,0,0,0,0,3136,0,0,0,0,,interval_arithmetic=3136
258,2,lp,lower,1568,96,0.09137998399999998,0.08785033226013184,988,0,0,96,0,0,0,625,0,847,OPTIMAL=96,interval_proves_cutoff=625;lower_skipped_by_nonpositive_upper=847
258,2,lp,upper,1568,101,0.10901441100000002,0.0994272232055664,1153,0,0,101,0,0,0,842,625,0,OPTIMAL=101,interval_proves_cutoff=842;upper_skipped_by_nonnegative_interval_lower=625
258,3,lp,lower,100,2,0.01055063,0.010434865951538086,276,0,0,2,0,0,0,7,0,91,OPTIMAL=2,interval_proves_cutoff=7;lower_skipped_by_nonpositive_upper=91
258,3,lp,upper,100,2,0.014181998000000001,0.013972759246826172,378,0,0,2,0,0,0,91,7,0,OPTIMAL=2,interval_proves_cutoff=91;upper_skipped_by_nonnegative_interval_lower=7
259,0,lp,lower,9,9,0.0450854,0.04455208778381348,1182,0,0,9,0,0,0,0,0,0,OPTIMAL=9,
259,0,lp,upper,9,9,0.05165665600000001,0.05110740661621094,1240,0,0,9,0,0,0,0,0,0,OPTIMAL=9,
259,1,interval_arithmetic,lower,3136,0,0.0,0.0,0,0,0,0,0,937,0,0,0,2199,,interval_arithmetic=937;lower_skipped_by_nonpositive_upper=2199
259,1,interval_arithmetic,upper,3136,0,0.0,0.0,0,0,0,0,0,3136,0,0,0,0,,interval_arithmetic=3136
259,2,lp,lower,1568,75,0.07931625899999999,0.07649970054626465,934,0,0,75,0,0,0,685,0,808,OPTIMAL=75,interval_proves_cutoff=685;lower_skipped_by_nonpositive_upper=808
259,2,lp,upper,1568,80,0.09405896400000001,0.08495569229125977,1038,0,0,80,0,0,0,803,685,0,OPTIMAL=80,interval_proves_cutoff=803;upper_skipped_by_nonnegative_interval_lower=685
259,3,lp,lower,100,1,0.004924119,0.004855632781982422,214,0,0,1,0,0,0,8,0,91,OPTIMAL=1,interval_proves_cutoff=8;lower_skipped_by_nonpositive_upper=91
259,3,lp,upper,100,1,0.004451796,0.004331111907958984,165,0,0,1,0,0,0,91,8,0,OPTIMAL=1,interval_proves_cutoff=91;upper_skipped_by_nonnegative_interval_lower=8
261,0,lp,lower,9,9,0.09431993699999999,0.09369444847106934,1917,0,0,9,0,0,0,0,0,0,OPTIMAL=9,
261,0,lp,upper,9,9,0.089403379,0.08866000175476074,1828,0,0,9,0,0,0,0,0,0,OPTIMAL=9,
261,1,interval_arithmetic,lower,3136,0,0.0,0.0,0,0,0,0,0,939,0,0,0,2197,,interval_arithmetic=939;lower_skipped_by_nonpositive_upper=2197
261,1,interval_arithmetic,upper,3136,0,0.0,0.0,0,0,0,0,0,3136,0,0,0,0,,interval_arithmetic=3136
261,2,lp,lower,1568,124,0.14038935399999997,0.1354820728302002,2141,0,0,124,0,0,0,673,0,771,OPTIMAL=124,interval_proves_cutoff=673;lower_skipped_by_nonpositive_upper=771
261,2,lp,upper,1568,128,0.153283589,0.1419813632965088,2268,0,0,128,0,0,0,767,673,0,OPTIMAL=128,interval_proves_cutoff=767;upper_skipped_by_nonnegative_interval_lower=673
261,3,lp,lower,100,0,0.0,0.0,0,0,0,0,0,0,0,9,0,91,,interval_proves_cutoff=9;lower_skipped_by_nonpositive_upper=91
261,3,lp,upper,100,0,0.0,0.0,0,0,0,0,0,0,0,91,9,0,,interval_proves_cutoff=91;upper_skipped_by_nonnegative_interval_lower=9
262,0,lp,lower,9,9,0.090901506,0.09030842781066895,1703,0,0,9,0,0,0,0,0,0,OPTIMAL=9,
262,0,lp,upper,9,9,0.08382426599999998,0.08316993713378906,1622,0,0,9,0,0,0,0,0,0,OPTIMAL=9,
262,1,interval_arithmetic,lower,3136,0,0.0,0.0,0,0,0,0,0,887,0,0,0,2249,,interval_arithmetic=887;lower_skipped_by_nonpositive_upper=2249
262,1,interval_arithmetic,upper,3136,0,0.0,0.0,0,0,0,0,0,3136,0,0,0,0,,interval_arithmetic=3136
262,2,lp,lower,1568,103,0.10471478400000003,0.10080647468566895,1192,0,0,103,0,0,0,649,0,816,OPTIMAL=103,interval_proves_cutoff=649;lower_skipped_by_nonpositive_upper=816
262,2,lp,upper,1568,108,0.11898158199999999,0.10889554023742676,1469,0,0,108,0,0,0,811,649,0,OPTIMAL=108,interval_proves_cutoff=811;upper_skipped_by_nonnegative_interval_lower=649
262,3,lp,lower,100,1,0.007376513,0.007303714752197266,269,0,0,1,0,0,0,8,0,91,OPTIMAL=1,interval_proves_cutoff=8;lower_skipped_by_nonpositive_upper=91
262,3,lp,upper,100,1,0.006217831,0.006075143814086914,205,0,0,1,0,0,0,91,8,0,OPTIMAL=1,interval_proves_cutoff=91;upper_skipped_by_nonnegative_interval_lower=8
263,0,lp,lower,9,9,0.038859768999999995,0.03832864761352539,1115,0,0,9,0,0,0,0,0,0,OPTIMAL=9,
263,0,lp,upper,9,9,0.036385909,0.035881996154785156,1010,0,0,9,0,0,0,0,0,0,OPTIMAL=9,
263,1,interval_arithmetic,lower,3136,0,0.0,0.0,0,0,0,0,0,898,0,0,0,2238,,interval_arithmetic=898;lower_skipped_by_nonpositive_upper=2238
263,1,interval_arithmetic,upper,3136,0,0.0,0.0,0,0,0,0,0,3136,0,0,0,0,,interval_arithmetic=3136
263,2,lp,lower,1568,71,0.06456902199999999,0.06200361251831055,657,0,0,71,0,0,0,655,0,842,OPTIMAL=71,interval_proves_cutoff=655;lower_skipped_by_nonpositive_upper=842
263,2,lp,upper,1568,73,0.077006059,0.06850051879882812,852,0,0,73,0,0,0,840,655,0,OPTIMAL=73,interval_proves_cutoff=840;upper_skipped_by_nonnegative_interval_lower=655
263,3,lp,lower,100,1,0.004362414,0.00430750846862793,197,0,0,1,0,0,0,7,0,92,OPTIMAL=1,interval_proves_cutoff=7;lower_skipped_by_nonpositive_upper=92
263,3,lp,upper,100,1,0.003887288,0.0037674903869628906,143,0,0,1,0,0,0,92,7,0,OPTIMAL=1,interval_proves_cutoff=92;upper_skipped_by_nonnegative_interval_lower=7
264,0,lp,lower,9,9,0.041348595999999994,0.040848493576049805,1122,0,0,9,0,0,0,0,0,0,OPTIMAL=9,
264,0,lp,upper,9,9,0.040894049,0.0403592586517334,1126,0,0,9,0,0,0,0,0,0,OPTIMAL=9,
264,1,interval_arithmetic,lower,3136,0,0.0,0.0,0,0,0,0,0,886,0,0,0,2250,,interval_arithmetic=886;lower_skipped_by_nonpositive_upper=2250
264,1,interval_arithmetic,upper,3136,0,0.0,0.0,0,0,0,0,0,3136,0,0,0,0,,interval_arithmetic=3136
264,2,lp,lower,1568,70,0.06552084,0.06290721893310547,616,0,0,70,0,0,0,644,0,854,OPTIMAL=70,interval_proves_cutoff=644;lower_skipped_by_nonpositive_upper=854
264,2,lp,upper,1568,72,0.07572206,0.06670880317687988,857,0,0,72,0,0,0,852,644,0,OPTIMAL=72,interval_proves_cutoff=852;upper_skipped_by_nonnegative_interval_lower=644
264,3,lp,lower,100,1,0.00456206,0.0044934749603271484,208,0,0,1,0,0,0,7,0,92,OPTIMAL=1,interval_proves_cutoff=7;lower_skipped_by_nonpositive_upper=92
264,3,lp,upper,100,1,0.00374718,0.0036318302154541016,156,0,0,1,0,0,0,92,7,0,OPTIMAL=1,interval_proves_cutoff=92;upper_skipped_by_nonnegative_interval_lower=7
265,0,lp,lower,9,9,0.037202802,0.03671765327453613,1009,0,0,9,0,0,0,0,0,0,OPTIMAL=9,
265,0,lp,upper,9,9,0.034500259000000005,0.03389787673950195,955,0,0,9,0,0,0,0,0,0,OPTIMAL=9,
265,1,interval_arithmetic,lower,3136,0,0.0,0.0,0,0,0,0,0,884,0,0,0,2252,,interval_arithmetic=884;lower_skipped_by_nonpositive_upper=2252
265,1,interval_arithmetic,upper,3136,0,0.0,0.0,0,0,0,0,0,3136,0,0,0,0,,interval_arithmetic=3136
265,2,lp,lower,1568,62,0.064483908,0.06212925910949707,1082,0,0,62,0,0,0,655,0,851,OPTIMAL=62,interval_proves_cutoff=655;lower_skipped_by_nonpositive_upper=851
265,2,lp,upper,1568,72,0.08416695600000001,0.07548093795776367,1385,0,0,72,0,0,0,841,655,0,OPTIMAL=72,interval_proves_cutoff=841;upper_skipped_by_nonnegative_interval_lower=655
265,3,lp,lower,100,0,0.0,0.0,0,0,0,0,0,0,0,9,0,91,,interval_proves_cutoff=9;lower_skipped_by_nonpositive_upper=91
265,3,lp,upper,100,0,0.0,0.0,0,0,0,0,0,0,0,91,9,0,,interval_proves_cutoff=91;upper_skipped_by_nonnegative_interval_lower=9
266,0,lp,lower,9,9,0.025966098,0.02551126480102539,693,0,0,9,0,0,0,0,0,0,OPTIMAL=9,
266,0,lp,upper,9,9,0.026269330999999996,0.025811433792114258,685,0,0,9,0,0,0,0,0,0,OPTIMAL=9,
266,1,interval_arithmetic,lower,3136,0,0.0,0.0,0,0,0,0,0,861,0,0,0,2275,,interval_arithmetic=861;lower_skipped_by_nonpositive_upper=2275
266,1,interval_arithmetic,upper,3136,0,0.0,0.0,0,0,0,0,0,3136,0,0,0,0,,interval_arithmetic=3136
266,2,lp,lower,1568,47,0.040236626000000004,0.038626670837402344,258,0,0,47,0,0,0,651,0,870,OPTIMAL=47,interval_proves_cutoff=651;lower_skipped_by_nonpositive_upper=870
266,2,lp,upper,1568,48,0.04760805899999999,0.04006218910217285,294,0,0,48,0,0,0,869,651,0,OPTIMAL=48,interval_proves_cutoff=869;upper_skipped_by_nonnegative_interval_lower=651
266,3,lp,lower,100,1,0.002715565,0.0026657581329345703,126,0,0,1,0,0,0,7,0,92,OPTIMAL=1,interval_proves_cutoff=7;lower_skipped_by_nonpositive_upper=92
266,3,lp,upper,100,1,0.002798207,0.002683401107788086,97,0,0,1,0,0,0,92,7,0,OPTIMAL=1,interval_proves_cutoff=92;upper_skipped_by_nonnegative_interval_lower=7
267,0,lp,lower,9,9,0.052962895,0.0522305965423584,1223,0,0,9,0,0,0,0,0,0,OPTIMAL=9,
267,0,lp,upper,9,9,0.06531097500000001,0.06455636024475098,1543,0,0,9,0,0,0,0,0,0,OPTIMAL=9,
267,1,interval_arithmetic,lower,3136,0,0.0,0.0,0,0,0,0,0,961,0,0,0,2175,,interval_arithmetic=961;lower_skipped_by_nonpositive_upper=2175
267,1,interval_arithmetic,upper,3136,0,0.0,0.0,0,0,0,0,0,3136,0,0,0,0,,interval_arithmetic=3136
267,2,lp,lower,1568,101,0.09843285400000001,0.09463644027709961,1229,0,0,101,0,0,0,668,0,799,OPTIMAL=101,interval_proves_cutoff=668;lower_skipped_by_nonpositive_upper=799
267,2,lp,upper,1568,108,0.11794481399999998,0.10754084587097168,1541,0,0,108,0,0,0,792,668,0,OPTIMAL=108,interval_proves_cutoff=792;upper_skipped_by_nonnegative_interval_lower=668
267,3,lp,lower,100,0,0.0,0.0,0,0,0,0,0,0,0,9,0,91,,interval_proves_cutoff=9;lower_skipped_by_nonpositive_upper=91
267,3,lp,upper,100,0,0.0,0.0,0,0,0,0,0,0,0,91,9,0,,interval_proves_cutoff=91;upper_skipped_by_nonnegative_interval_lower=9
268,0,lp,lower,9,9,0.023161391,0.022681236267089844,699,0,0,9,0,0,0,0,0,0,OPTIMAL=9,
268,0,lp,upper,9,9,0.023790887999999996,0.023317575454711914,723,0,0,9,0,0,0,0,0,0,OPTIMAL=9,
268,1,interval_arithmetic,lower,3136,0,0.0,0.0,0,0,0,0,0,864,0,0,0,2272,,interval_arithmetic=864;lower_skipped_by_nonpositive_upper=2272
268,1,interval_arithmetic,upper,3136,0,0.0,0.0,0,0,0,0,0,3136,0,0,0,0,,interval_arithmetic=3136
268,2,lp,lower,1568,48,0.041030243999999993,0.03934764862060547,287,0,0,48,0,0,0,641,0,879,OPTIMAL=48,interval_proves_cutoff=641;lower_skipped_by_nonpositive_upper=879
268,2,lp,upper,1568,48,0.04998575399999998,0.04239487648010254,343,0,0,48,0,0,0,879,641,0,OPTIMAL=48,interval_proves_cutoff=879;upper_skipped_by_nonnegative_interval_lower=641
268,3,lp,lower,100,1,0.003350899,0.003284454345703125,150,0,0,1,0,0,0,7,0,92,OPTIMAL=1,interval_proves_cutoff=7;lower_skipped_by_nonpositive_upper=92
268,3,lp,upper,100,1,0.002794191,0.0026657581329345703,109,0,0,1,0,0,0,92,7,0,OPTIMAL=1,interval_proves_cutoff=92;upper_skipped_by_nonnegative_interval_lower=7
269,0,lp,lower,9,9,0.08765668400000001,0.08702969551086426,1998,0,0,9,0,0,0,0,0,0,OPTIMAL=9,
269,0,lp,upper,9,9,0.080106399,0.07942914962768555,1938,0,0,9,0,0,0,0,0,0,OPTIMAL=9,
269,1,interval_arithmetic,lower,3136,0,0.0,0.0,0,0,0,0,0,957,0,0,0,2179,,interval_arithmetic=957;lower_skipped_by_nonpositive_upper=2179
269,1,interval_arithmetic,upper,3136,0,0.0,0.0,0,0,0,0,0,3136,0,0,0,0,,interval_arithmetic=3136
269,2,lp,lower,1568,124,0.154689694,0.1495530605316162,2566,0,0,124,0,0,0,678,0,766,OPTIMAL=124,interval_proves_cutoff=678;lower_skipped_by_nonpositive_upper=766
269,2,lp,upper,1568,138,0.18458547700000008,0.17235350608825684,2903,0,0,138,0,0,0,752,678,0,OPTIMAL=138,interval_proves_cutoff=752;upper_skipped_by_nonnegative_interval_lower=678
269,3,lp,lower,100,1,0.013721136,0.013638973236083984,383,0,0,1,0,0,0,8,0,91,OPTIMAL=1,interval_proves_cutoff=8;lower_skipped_by_nonpositive_upper=91
269,3,lp,upper,100,1,0.009855353,0.009727954864501953,287,0,0,1,0,0,0,91,8,0,OPTIMAL=1,interval_proves_cutoff=91;upper_skipped_by_nonnegative_interval_lower=8
270,0,lp,lower,9,9,0.08515223400000002,0.08455228805541992,1835,0,0,9,0,0,0,0,0,0,OPTIMAL=9,
270,0,lp,upper,9,9,0.08983855699999999,0.08917927742004395,1825,0,0,9,0,0,0,0,0,0,OPTIMAL=9,
270,1,interval_arithmetic,lower,3136,0,0.0,0.0,0,0,0,0,0,922,0,0,0,2214,,interval_arithmetic=922;lower_skipped_by_nonpositive_upper=2214
270,1,interval_arithmetic,upper,3136,0,0.0,0.0,0,0,0,0,0,3136,0,0,0,0,,interval_arithmetic=3136
270,2,lp,lower,1568,114,0.12414032000000001,0.11970114707946777,1490,0,0,114,0,0,0,678,0,776,OPTIMAL=114,interval_proves_cutoff=678;lower_skipped_by_nonpositive_upper=776
270,2,lp,upper,1568,115,0.13800909899999994,0.12710833549499512,1673,0,0,115,0,0,0,775,678,0,OPTIMAL=115,interval_proves_cutoff=775;upper_skipped_by_nonnegative_interval_lower=678
270,3,lp,lower,100,1,0.00741751,0.007338047027587891,294,0,0,1,0,0,0,8,0,91,OPTIMAL=1,interval_proves_cutoff=8;lower_skipped_by_nonpositive_upper=91
270,3,lp,upper,100,1,0.007277873,0.0071544647216796875,226,0,0,1,0,0,0,91,8,0,OPTIMAL=1,interval_proves_cutoff=91;upper_skipped_by_nonnegative_interval_lower=8
271,0,lp,lower,9,9,0.064123562,0.06357502937316895,1419,0,0,9,0,0,0,0,0,0,OPTIMAL=9,
271,0,lp,upper,9,9,0.07255344899999999,0.07195448875427246,1465,0,0,9,0,0,0,0,0,0,OPTIMAL=9,
271,1,interval_arithmetic,lower,3136,0,0.0,0.0,0,0,0,0,0,926,0,0,0,2210,,interval_arithmetic=926;lower_skipped_by_nonpositive_upper=2210
271,1,interval_arithmetic,upper,3136,0,0.0,0.0,0,0,0,0,0,3136,0,0,0,0,,interval_arithmetic=3136
271,2,lp,lower,1568,89,0.092414456,0.08905720710754395,1106,0,0,89,0,0,0,667,0,812,OPTIMAL=89,interval_proves_cutoff=667;lower_skipped_by_nonpositive_upper=812
271,2,lp,upper,1568,97,0.11275164899999998,0.10286331176757812,1255,0,0,97,0,0,0,804,667,0,OPTIMAL=97,interval_proves_cutoff=804;upper_skipped_by_nonnegative_interval_lower=667
271,3,lp,lower,100,1,0.004939929,0.004878520965576172,224,0,0,1,0,0,0,7,0,92,OPTIMAL=1,interval_proves_cutoff=7;lower_skipped_by_nonpositive_upper=92
271,3,lp,upper,100,2,0.011029388000000001,0.010813713073730469,362,0,0,2,0,0,0,91,7,0,OPTIMAL=2,interval_proves_cutoff=91;upper_skipped_by_nonnegative_interval_lower=7
272,0,lp,lower,9,9,0.050119926999999995,0.049532175064086914,1354,0,0,9,0,0,0,0,0,0,OPTIMAL=9,
272,0,lp,upper,9,9,0.05409863499999999,0.053508758544921875,1471,0,0,9,0,0,0,0,0,0,OPTIMAL=9,
272,1,interval_arithmetic,lower,3136,0,0.0,0.0,0,0,0,0,0,945,0,0,0,2191,,interval_arithmetic=945;lower_skipped_by_nonpositive_upper=2191
272,1,interval_arithmetic,upper,3136,0,0.0,0.0,0,0,0,0,0,3136,0,0,0,0,,interval_arithmetic=3136
272,2,lp,lower,1568,103,0.10427106300000002,0.10041069984436035,1189,0,0,103,0,0,0,670,0,795,OPTIMAL=103,interval_proves_cutoff=670;lower_skipped_by_nonpositive_upper=795
272,2,lp,upper,1568,106,0.119768326,0.10970258712768555,1311,0,0,106,0,0,0,792,670,0,OPTIMAL=106,interval_proves_cutoff=792;upper_skipped_by_nonnegative_interval_lower=670
272,3,lp,lower,100,1,0.008969216,0.008890390396118164,269,0,0,1,0,0,0,8,0,91,OPTIMAL=1,interval_proves_cutoff=8;lower_skipped_by_nonpositive_upper=91
272,3,lp,upper,100,1,0.005844333,0.005712270736694336,213,0,0,1,0,0,0,91,8,0,OPTIMAL=1,interval_proves_cutoff=91;upper_skipped_by_nonnegative_interval_lower=8
273,0,lp,lower,9,9,0.057698005,0.05714845657348633,1228,0,0,9,0,0,0,0,0,0,OPTIMAL=9,
273,0,lp,upper,9,9,0.054866257,0.05431962013244629,1169,0,0,9,0,0,0,0,0,0,OPTIMAL=9,
273,1,interval_arithmetic,lower,3136,0,0.0,0.0,0,0,0,0,0,851,0,0,0,2285,,interval_arithmetic=851;lower_skipped_by_nonpositive_upper=2285
273,1,interval_arithmetic,upper,3136,0,0.0,0.0,0,0,0,0,0,3136,0,0,0,0,,interval_arithmetic=3136
273,2,lp,lower,1568,87,0.08260768099999999,0.07941508293151855,1039,0,0,87,0,0,0,619,0,862,OPTIMAL=87,interval_proves_cutoff=619;lower_skipped_by_nonpositive_upper=862
273,2,lp,upper,1568,93,0.09654431799999998,0.08717846870422363,1259,0,0,93,0,0,0,856,619,0,OPTIMAL=93,interval_proves_cutoff=856;upper_skipped_by_nonnegative_interval_lower=619
273,3,lp,lower,100,3,0.014239977,0.01404881477355957,351,0,0,3,0,0,0,6,0,91,OPTIMAL=3,interval_proves_cutoff=6;lower_skipped_by_nonpositive_upper=91
273,3,lp,upper,100,3,0.013167654,0.012886524200439453,349,0,0,3,0,0,0,91,6,0,OPTIMAL=3,interval_proves_cutoff=91;upper_skipped_by_nonnegative_interval_lower=6
274,0,lp,lower,9,9,0.040745288,0.04021000862121582,1259,0,0,9,0,0,0,0,0,0,OPTIMAL=9,
274,0,lp,upper,9,9,0.046265319,0.04563164710998535,1358,0,0,9,0,0,0,0,0,0,OPTIMAL=9,
274,1,interval_arithmetic,lower,3136,0,0.0,0.0,0,0,0,0,0,917,0,0,0,2219,,interval_arithmetic=917;lower_skipped_by_nonpositive_upper=2219
274,1,interval_arithmetic,upper,3136,0,0.0,0.0,0,0,0,0,0,3136,0,0,0,0,,interval_arithmetic=3136
274,2,lp,lower,1568,84,0.08812581099999998,0.08497118949890137,1139,0,0,84,0,0,0,655,0,829,OPTIMAL=84,interval_proves_cutoff=655;lower_skipped_by_nonpositive_upper=829
274,2,lp,upper,1568,87,0.09923628700000002,0.0899512767791748,1234,0,0,87,0,0,0,826,655,0,OPTIMAL=87,interval_proves_cutoff=826;upper_skipped_by_nonnegative_interval_lower=655
274,3,lp,lower,100,0,0.0,0.0,0,0,0,0,0,0,0,9,0,91,,interval_proves_cutoff=9;lower_skipped_by_nonpositive_upper=91
274,3,lp,upper,100,0,0.0,0.0,0,0,0,0,0,0,0,91,9,0,,interval_proves_cutoff=91;upper_skipped_by_nonnegative_interval_lower=9
275,0,lp,lower,9,9,0.054507645,0.05396676063537598,1349,0,0,9,0,0,0,0,0,0,OPTIMAL=9,
275,0,lp,upper,9,9,0.06433657000000001,0.06377148628234863,1454,0,0,9,0,0,0,0,0,0,OPTIMAL=9,
275,1,interval_arithmetic,lower,3136,0,0.0,0.0,0,0,0,0,0,944,0,0,0,2192,,interval_arithmetic=944;lower_skipped_by_nonpositive_upper=2192
275,1,interval_arithmetic,upper,3136,0,0.0,0.0,0,0,0,0,0,3136,0,0,0,0,,interval_arithmetic=3136
275,2,lp,lower,1568,94,0.09913708599999997,0.09549355506896973,1500,0,0,94,0,0,0,669,0,805,OPTIMAL=94,interval_proves_cutoff=669;lower_skipped_by_nonpositive_upper=805
275,2,lp,upper,1568,101,0.118878058,0.10870146751403809,1759,0,0,101,0,0,0,798,669,0,OPTIMAL=101,interval_proves_cutoff=798;upper_skipped_by_nonnegative_interval_lower=669
275,3,lp,lower,100,1,0.007756003,0.007691621780395508,275,0,0,1,0,0,0,8,0,91,OPTIMAL=1,interval_proves_cutoff=8;lower_skipped_by_nonpositive_upper=91
275,3,lp,upper,100,1,0.005277421,0.005139350891113281,182,0,0,1,0,0,0,91,8,0,OPTIMAL=1,interval_proves_cutoff=91;upper_skipped_by_nonnegative_interval_lower=8
276,0,lp,lower,9,9,0.056035137,0.05549168586730957,1265,0,0,9,0,0,0,0,0,0,OPTIMAL=9,
276,0,lp,upper,9,9,0.05579014,0.05523943901062012,1237,0,0,9,0,0,0,0,0,0,OPTIMAL=9,
276,1,interval_arithmetic,lower,3136,0,0.0,0.0,0,0,0,0,0,908,0,0,0,2228,,interval_arithmetic=908;lower_skipped_by_nonpositive_upper=2228
276,1,interval_arithmetic,upper,3136,0,0.0,0.0,0,0,0,0,0,3136,0,0,0,0,,interval_arithmetic=3136
276,2,lp,lower,1568,88,0.08391425499999997,0.08067178726196289,925,0,0,88,0,0,0,667,0,813,OPTIMAL=88,interval_proves_cutoff=667;lower_skipped_by_nonpositive_upper=813
276,2,lp,upper,1568,89,0.093756628,0.0845193862915039,998,0,0,89,0,0,0,812,667,0,OPTIMAL=89,interval_proves_cutoff=812;upper_skipped_by_nonnegative_interval_lower=667
276,3,lp,lower,100,1,0.006170228,0.006110668182373047,237,0,0,1,0,0,0,8,0,91,OPTIMAL=1,interval_proves_cutoff=8;lower_skipped_by_nonpositive_upper=91
276,3,lp,upper,100,1,0.005768822,0.005643367767333984,203,0,0,1,0,0,0,91,8,0,OPTIMAL=1,interval_proves_cutoff=91;upper_skipped_by_nonnegative_interval_lower=8
277,0,lp,lower,9,9,0.030348371,0.029871225357055664,751,0,0,9,0,0,0,0,0,0,OPTIMAL=9,
277,0,lp,upper,9,9,0.030385146000000002,0.029868125915527344,758,0,0,9,0,0,0,0,0,0,OPTIMAL=9,
277,1,interval_arithmetic,lower,3136,0,0.0,0.0,0,0,0,0,0,853,0,0,0,2283,,interval_arithmetic=853;lower_skipped_by_nonpositive_upper=2283
277,1,interval_arithmetic,upper,3136,0,0.0,0.0,0,0,0,0,0,3136,0,0,0,0,,interval_arithmetic=3136
277,2,lp,lower,1568,57,0.04796238000000001,0.04599642753601074,405,0,0,57,0,0,0,639,0,872,OPTIMAL=57,interval_proves_cutoff=639;lower_skipped_by_nonpositive_upper=872
277,2,lp,upper,1568,57,0.05704613500000001,0.049172401428222656,540,0,0,57,0,0,0,872,639,0,OPTIMAL=57,interval_proves_cutoff=872;upper_skipped_by_nonnegative_interval_lower=639
277,3,lp,lower,100,1,0.003177501,0.003107309341430664,129,0,0,1,0,0,0,8,0,91,OPTIMAL=1,interval_proves_cutoff=8;lower_skipped_by_nonpositive_upper=91
277,3,lp,upper,100,1,0.003271621,0.0031447410583496094,116,0,0,1,0,0,0,91,8,0,OPTIMAL=1,interval_proves_cutoff=91;upper_skipped_by_nonnegative_interval_lower=8
278,0,lp,lower,9,9,0.031820428000000005,0.03132915496826172,872,0,0,9,0,0,0,0,0,0,OPTIMAL=9,
278,0,lp,upper,9,9,0.035544101,0.03497433662414551,1017,0,0,9,0,0,0,0,0,0,OPTIMAL=9,
278,1,interval_arithmetic,lower,3136,0,0.0,0.0,0,0,0,0,0,941,0,0,0,2195,,interval_arithmetic=941;lower_skipped_by_nonpositive_upper=2195
278,1,interval_arithmetic,upper,3136,0,0.0,0.0,0,0,0,0,0,3136,0,0,0,0,,interval_arithmetic=3136
278,2,lp,lower,1568,75,0.07375479899999998,0.07094717025756836,791,0,0,75,0,0,0,664,0,829,OPTIMAL=75,interval_proves_cutoff=664;lower_skipped_by_nonpositive_upper=829
278,2,lp,upper,1568,84,0.09246596199999997,0.08345317840576172,984,0,0,84,0,0,0,820,664,0,OPTIMAL=84,interval_proves_cutoff=820;upper_skipped_by_nonnegative_interval_lower=664
278,3,lp,lower,100,0,0.0,0.0,0,0,0,0,0,0,0,9,0,91,,interval_proves_cutoff=9;lower_skipped_by_nonpositive_upper=91
278,3,lp,upper,100,0,0.0,0.0,0,0,0,0,0,0,0,91,9,0,,interval_proves_cutoff=91;upper_skipped_by_nonnegative_interval_lower=9
279,0,lp,lower,9,9,0.039438847,0.03890657424926758,1071,0,0,9,0,0,0,0,0,0,OPTIMAL=9,
279,0,lp,upper,9,9,0.044461929,0.04391145706176758,1074,0,0,9,0,0,0,0,0,0,OPTIMAL=9,
279,1,interval_arithmetic,lower,3136,0,0.0,0.0,0,0,0,0,0,917,0,0,0,2219,,interval_arithmetic=917;lower_skipped_by_nonpositive_upper=2219
279,1,interval_arithmetic,upper,3136,0,0.0,0.0,0,0,0,0,0,3136,0,0,0,0,,interval_arithmetic=3136
279,2,lp,lower,1568,79,0.06999863699999999,0.06709146499633789,475,0,0,79,0,0,0,688,0,801,OPTIMAL=79,interval_proves_cutoff=688;lower_skipped_by_nonpositive_upper=801
279,2,lp,upper,1568,81,0.07948281599999998,0.07063913345336914,587,0,0,81,0,0,0,799,688,0,OPTIMAL=81,interval_proves_cutoff=799;upper_skipped_by_nonnegative_interval_lower=688
279,3,lp,lower,100,1,0.004393198,0.0043315887451171875,182,0,0,1,0,0,0,8,0,91,OPTIMAL=1,interval_proves_cutoff=8;lower_skipped_by_nonpositive_upper=91
279,3,lp,upper,100,1,0.005328848,0.005201578140258789,182,0,0,1,0,0,0,91,8,0,OPTIMAL=1,interval_proves_cutoff=91;upper_skipped_by_nonnegative_interval_lower=8
280,0,lp,lower,9,9,0.029894768000000002,0.02943873405456543,774,0,0,9,0,0,0,0,0,0,OPTIMAL=9,
280,0,lp,upper,9,9,0.02713048,0.026392221450805664,759,0,0,9,0,0,0,0,0,0,OPTIMAL=9,
280,1,interval_arithmetic,lower,3136,0,0.0,0.0,0,0,0,0,0,836,0,0,0,2300,,interval_arithmetic=836;lower_skipped_by_nonpositive_upper=2300
280,1,interval_arithmetic,upper,3136,0,0.0,0.0,0,0,0,0,0,3136,0,0,0,0,,interval_arithmetic=3136
280,2,lp,lower,1568,60,0.04985882300000001,0.047675132751464844,422,0,0,60,0,0,0,628,0,880,OPTIMAL=60,interval_proves_cutoff=628;lower_skipped_by_nonpositive_upper=880
280,2,lp,upper,1568,65,0.06436125599999999,0.056165218353271484,669,0,0,65,0,0,0,875,628,0,OPTIMAL=65,interval_proves_cutoff=875;upper_skipped_by_nonnegative_interval_lower=628
280,3,lp,lower,100,0,0.0,0.0,0,0,0,0,0,0,0,9,0,91,,interval_proves_cutoff=9;lower_skipped_by_nonpositive_upper=91
280,3,lp,upper,100,0,0.0,0.0,0,0,0,0,0,0,0,91,9,0,,interval_proves_cutoff=91;upper_skipped_by_nonnegative_interval_lower=9
281,0,lp,lower,9,9,0.032338968999999995,0.03184771537780762,1127,0,0,9,0,0,0,0,0,0,OPTIMAL=9,
281,0,lp,upper,9,9,0.03200885,0.03148031234741211,1076,0,0,9,0,0,0,0,0,0,OPTIMAL=9,
281,1,interval_arithmetic,lower,3136,0,0.0,0.0,0,0,0,0,0,921,0,0,0,2215,,interval_arithmetic=921;lower_skipped_by_nonpositive_upper=2215
281,1,interval_arithmetic,upper,3136,0,0.0,0.0,0,0,0,0,0,3136,0,0,0,0,,interval_arithmetic=3136
281,2,lp,lower,1568,71,0.07539183499999999,0.07263541221618652,948,0,0,71,0,0,0,681,0,816,OPTIMAL=71,interval_proves_cutoff=681;lower_skipped_by_nonpositive_upper=816
281,2,lp,upper,1568,79,0.095133261,0.08582925796508789,1196,0,0,79,0,0,0,808,681,0,OPTIMAL=79,interval_proves_cutoff=808;upper_skipped_by_nonnegative_interval_lower=681
281,3,lp,lower,100,2,0.006374531,0.00626373291015625,230,0,0,2,0,0,0,7,0,91,OPTIMAL=2,interval_proves_cutoff=7;lower_skipped_by_nonpositive_upper=91
281,3,lp,upper,100,2,0.007304843,0.007108926773071289,273,0,0,2,0,0,0,91,7,0,OPTIMAL=2,interval_proves_cutoff=91;upper_skipped_by_nonnegative_interval_lower=7
282,0,lp,lower,9,9,0.051466768,0.050780296325683594,1029,0,0,9,0,0,0,0,0,0,OPTIMAL=9,
282,0,lp,upper,9,9,0.049980239,0.049452781677246094,1080,0,0,9,0,0,0,0,0,0,OPTIMAL=9,
282,1,interval_arithmetic,lower,3136,0,0.0,0.0,0,0,0,0,0,907,0,0,0,2229,,interval_arithmetic=907;lower_skipped_by_nonpositive_upper=2229
282,1,interval_arithmetic,upper,3136,0,0.0,0.0,0,0,0,0,0,3136,0,0,0,0,,interval_arithmetic=3136
282,2,lp,lower,1568,75,0.07358916300000001,0.07078242301940918,780,0,0,75,0,0,0,655,0,838,OPTIMAL=75,interval_proves_cutoff=655;lower_skipped_by_nonpositive_upper=838
282,2,lp,upper,1568,88,0.09885260299999998,0.08943581581115723,1008,0,0,88,0,0,0,825,655,0,OPTIMAL=88,interval_proves_cutoff=825;upper_skipped_by_nonnegative_interval_lower=655
282,3,lp,lower,100,2,0.006869847,0.006760597229003906,214,0,0,2,0,0,0,7,0,91,OPTIMAL=2,interval_proves_cutoff=7;lower_skipped_by_nonpositive_upper=91
282,3,lp,upper,100,2,0.006910017,0.006714820861816406,220,0,0,2,0,0,0,91,7,0,OPTIMAL=2,interval_proves_cutoff=91;upper_skipped_by_nonnegative_interval_lower=7
284,0,lp,lower,9,9,0.079802447,0.07920718193054199,1583,0,0,9,0,0,0,0,0,0,OPTIMAL=9,
284,0,lp,upper,9,9,0.08836759400000001,0.0877687931060791,1693,0,0,9,0,0,0,0,0,0,OPTIMAL=9,
284,1,interval_arithmetic,lower,3136,0,0.0,0.0,0,0,0,0,0,878,0,0,0,2258,,interval_arithmetic=878;lower_skipped_by_nonpositive_upper=2258
284,1,interval_arithmetic,upper,3136,0,0.0,0.0,0,0,0,0,0,3136,0,0,0,0,,interval_arithmetic=3136
284,2,lp,lower,1568,94,0.09742365899999997,0.09389042854309082,1325,0,0,94,0,0,0,643,0,831,OPTIMAL=94,interval_proves_cutoff=643;lower_skipped_by_nonpositive_upper=831
284,2,lp,upper,1568,101,0.11744548800000003,0.1075901985168457,1579,0,0,101,0,0,0,824,643,0,OPTIMAL=101,interval_proves_cutoff=824;upper_skipped_by_nonnegative_interval_lower=643
284,3,lp,lower,100,2,0.012092776999999999,0.011951923370361328,321,0,0,2,0,0,0,7,0,91,OPTIMAL=2,interval_proves_cutoff=7;lower_skipped_by_nonpositive_upper=91
284,3,lp,upper,100,2,0.010000657999999999,0.00980067253112793,349,0,0,2,0,0,0,91,7,0,OPTIMAL=2,interval_proves_cutoff=91;upper_skipped_by_nonnegative_interval_lower=7
285,0,lp,lower,9,9,0.05877789099999999,0.058197975158691406,1448,0,0,9,0,0,0,0,0,0,OPTIMAL=9,
285,0,lp,upper,9,9,0.061696464,0.060999393463134766,1551,0,0,9,0,0,0,0,0,0,OPTIMAL=9,
285,1,interval_arithmetic,lower,3136,0,0.0,0.0,0,0,0,0,0,914,0,0,0,2222,,interval_arithmetic=914;lower_skipped_by_nonpositive_upper=2222
285,1,interval_arithmetic,upper,3136,0,0.0,0.0,0,0,0,0,0,3136,0,0,0,0,,interval_arithmetic=3136
285,2,lp,lower,1568,99,0.11112651099999996,0.10734391212463379,1811,0,0,99,0,0,0,652,0,817,OPTIMAL=99,interval_proves_cutoff=652;lower_skipped_by_nonpositive_upper=817
285,2,lp,upper,1568,107,0.13021421,0.11994338035583496,1989,0,0,107,0,0,0,809,652,0,OPTIMAL=107,interval_proves_cutoff=809;upper_skipped_by_nonnegative_interval_lower=652
285,3,lp,lower,100,0,0.0,0.0,0,0,0,0,0,0,0,9,0,91,,interval_proves_cutoff=9;lower_skipped_by_nonpositive_upper=91
285,3,lp,upper,100,0,0.0,0.0,0,0,0,0,0,0,0,91,9,0,,interval_proves_cutoff=91;upper_skipped_by_nonnegative_interval_lower=9
286,0,lp,lower,9,9,0.057695794,0.05713462829589844,1549,0,0,9,0,0,0,0,0,0,OPTIMAL=9,
286,0,lp,upper,9,9,0.062174426000000005,0.06160402297973633,1563,0,0,9,0,0,0,0,0,0,OPTIMAL=9,
286,1,interval_arithmetic,lower,3136,0,0.0,0.0,0,0,0,0,0,919,0,0,0,2217,,interval_arithmetic=919;lower_skipped_by_nonpositive_upper=2217
286,1,interval_arithmetic,upper,3136,0,0.0,0.0,0,0,0,0,0,3136,0,0,0,0,,interval_arithmetic=3136
286,2,lp,lower,1568,105,0.11035763900000002,0.10630130767822266,1366,0,0,105,0,0,0,655,0,808,OPTIMAL=105,interval_proves_cutoff=655;lower_skipped_by_nonpositive_upper=808
286,2,lp,upper,1568,115,0.13078064999999997,0.1200716495513916,1596,0,0,115,0,0,0,798,655,0,OPTIMAL=115,interval_proves_cutoff=798;upper_skipped_by_nonnegative_interval_lower=655
286,3,lp,lower,100,1,0.006353851,0.006283283233642578,278,0,0,1,0,0,0,8,0,91,OPTIMAL=1,interval_proves_cutoff=8;lower_skipped_by_nonpositive_upper=91
286,3,lp,upper,100,1,0.00587492,0.005744218826293945,214,0,0,1,0,0,0,91,8,0,OPTIMAL=1,interval_proves_cutoff=91;upper_skipped_by_nonnegative_interval_lower=8
287,0,lp,lower,9,9,0.036967821,0.036475419998168945,1115,0,0,9,0,0,0,0,0,0,OPTIMAL=9,
287,0,lp,upper,9,9,0.037046139,0.03645920753479004,1152,0,0,9,0,0,0,0,0,0,OPTIMAL=9,
287,1,interval_arithmetic,lower,3136,0,0.0,0.0,0,0,0,0,0,906,0,0,0,2230,,interval_arithmetic=906;lower_skipped_by_nonpositive_upper=2230
287,1,interval_arithmetic,upper,3136,0,0.0,0.0,0,0,0,0,0,3136,0,0,0,0,,interval_arithmetic=3136
287,2,lp,lower,1568,74,0.077036849,0.07421016693115234,1001,0,0,74,0,0,0,645,0,849,OPTIMAL=74,interval_proves_cutoff=645;lower_skipped_by_nonpositive_upper=849
287,2,lp,upper,1568,84,0.09670554300000003,0.08737802505493164,1261,0,0,84,0,0,0,839,645,0,OPTIMAL=84,interval_proves_cutoff=839;upper_skipped_by_nonnegative_interval_lower=645
287,3,lp,lower,100,0,0.0,0.0,0,0,0,0,0,0,0,9,0,91,,interval_proves_cutoff=9;lower_skipped_by_nonpositive_upper=91
287,3,lp,upper,100,0,0.0,0.0,0,0,0,0,0,0,0,91,9,0,,interval_proves_cutoff=91;upper_skipped_by_nonnegative_interval_lower=9
288,0,lp,lower,9,9,0.043223036,0.04269266128540039,1084,0,0,9,0,0,0,0,0,0,OPTIMAL=9,
288,0,lp,upper,9,9,0.041971257,0.04134106636047363,1173,0,0,9,0,0,0,0,0,0,OPTIMAL=9,
288,1,interval_arithmetic,lower,3136,0,0.0,0.0,0,0,0,0,0,920,0,0,0,2216,,interval_arithmetic=920;lower_skipped_by_nonpositive_upper=2216
288,1,interval_arithmetic,upper,3136,0,0.0,0.0,0,0,0,0,0,3136,0,0,0,0,,interval_arithmetic=3136
288,2,lp,lower,1568,94,0.090573577,0.0871591567993164,840,0,0,94,0,0,0,669,0,805,OPTIMAL=94,interval_proves_cutoff=669;lower_skipped_by_nonpositive_upper=805
288,2,lp,upper,1568,97,0.10377647200000001,0.09429764747619629,977,0,0,97,0,0,0,802,669,0,OPTIMAL=97,interval_proves_cutoff=802;upper_skipped_by_nonnegative_interval_lower=669
288,3,lp,lower,100,0,0.0,0.0,0,0,0,0,0,0,0,9,0,91,,interval_proves_cutoff=9;lower_skipped_by_nonpositive_upper=91
288,3,lp,upper,100,0,0.0,0.0,0,0,0,0,0,0,0,91,9,0,,interval_proves_cutoff=91;upper_skipped_by_nonnegative_interval_lower=9
289,0,lp,lower,9,9,0.02117818,0.020732879638671875,577,0,0,9,0,0,0,0,0,0,OPTIMAL=9,
289,0,lp,upper,9,9,0.023962927,0.023409128189086914,652,0,0,9,0,0,0,0,0,0,OPTIMAL=9,
289,1,interval_arithmetic,lower,3136,0,0.0,0.0,0,0,0,0,0,854,0,0,0,2282,,interval_arithmetic=854;lower_skipped_by_nonpositive_upper=2282
289,1,interval_arithmetic,upper,3136,0,0.0,0.0,0,0,0,0,0,3136,0,0,0,0,,interval_arithmetic=3136
289,2,lp,lower,1568,49,0.037148561999999996,0.035506486892700195,183,0,0,49,0,0,0,642,0,877,OPTIMAL=49,interval_proves_cutoff=642;lower_skipped_by_nonpositive_upper=877
289,2,lp,upper,1568,49,0.045463312000000006,0.03809309005737305,269,0,0,49,0,0,0,877,642,0,OPTIMAL=49,interval_proves_cutoff=877;upper_skipped_by_nonnegative_interval_lower=642
289,3,lp,lower,100,0,0.0,0.0,0,0,0,0,0,0,0,9,0,91,,interval_proves_cutoff=9;lower_skipped_by_nonpositive_upper=91
289,3,lp,upper,100,0,0.0,0.0,0,0,0,0,0,0,0,91,9,0,,interval_proves_cutoff=91;upper_skipped_by_nonnegative_interval_lower=9
290,0,lp,lower,9,9,0.0575455,0.05695462226867676,1363,0,0,9,0,0,0,0,0,0,OPTIMAL=9,
290,0,lp,upper,9,9,0.061665603,0.0610048770904541,1446,0,0,9,0,0,0,0,0,0,OPTIMAL=9,
290,1,interval_arithmetic,lower,3136,0,0.0,0.0,0,0,0,0,0,889,0,0,0,2247,,interval_arithmetic=889;lower_skipped_by_nonpositive_upper=2247
290,1,interval_arithmetic,upper,3136,0,0.0,0.0,0,0,0,0,0,3136,0,0,0,0,,interval_arithmetic=3136
290,2,lp,lower,1568,93,0.09409865299999999,0.0905451774597168,1188,0,0,93,0,0,0,667,0,808,OPTIMAL=93,interval_proves_cutoff=667;lower_skipped_by_nonpositive_upper=808
290,2,lp,upper,1568,95,0.12090988500000002,0.09836125373840332,1367,0,0,95,0,0,0,806,667,0,OPTIMAL=95,interval_proves_cutoff=806;upper_skipped_by_nonnegative_interval_lower=667
290,3,lp,lower,100,0,0.0,0.0,0,0,0,0,0,0,0,9,0,91,,interval_proves_cutoff=9;lower_skipped_by_nonpositive_upper=91
290,3,lp,upper,100,0,0.0,0.0,0,0,0,0,0,0,0,91,9,0,,interval_proves_cutoff=91;upper_skipped_by_nonnegative_interval_lower=9
291,0,lp,lower,9,9,0.045879553000000003,0.045351505279541016,1243,0,0,9,0,0,0,0,0,0,OPTIMAL=9,
291,0,lp,upper,9,9,0.050119235000000005,0.049564361572265625,1270,0,0,9,0,0,0,0,0,0,OPTIMAL=9,
291,1,interval_arithmetic,lower,3136,0,0.0,0.0,0,0,0,0,0,937,0,0,0,2199,,interval_arithmetic=937;lower_skipped_by_nonpositive_upper=2199
291,1,interval_arithmetic,upper,3136,0,0.0,0.0,0,0,0,0,0,3136,0,0,0,0,,interval_arithmetic=3136
291,2,lp,lower,1568,79,0.08624111799999996,0.0832674503326416,1378,0,0,79,0,0,0,687,0,802,OPTIMAL=79,interval_proves_cutoff=687;lower_skipped_by_nonpositive_upper=802
291,2,lp,upper,1568,86,0.10366509999999997,0.09391021728515625,1608,0,0,86,0,0,0,795,687,0,OPTIMAL=86,interval_proves_cutoff=795;upper_skipped_by_nonnegative_interval_lower=687
291,3,lp,lower,100,1,0.009480537,0.009418487548828125,283,0,0,1,0,0,0,8,0,91,OPTIMAL=1,interval_proves_cutoff=8;lower_skipped_by_nonpositive_upper=91
291,3,lp,upper,100,1,0.005041421,0.0048487186431884766,201,0,0,1,0,0,0,91,8,0,OPTIMAL=1,interval_proves_cutoff=91;upper_skipped_by_nonnegative_interval_lower=8
292,0,lp,lower,9,9,0.06098355900000001,0.06040763854980469,1545,0,0,9,0,0,0,0,0,0,OPTIMAL=9,
292,0,lp,upper,9,9,0.062447742,0.06178903579711914,1711,0,0,9,0,0,0,0,0,0,OPTIMAL=9,
292,1,interval_arithmetic,lower,3136,0,0.0,0.0,0,0,0,0,0,939,0,0,0,2197,,interval_arithmetic=939;lower_skipped_by_nonpositive_upper=2197
292,1,interval_arithmetic,upper,3136,0,0.0,0.0,0,0,0,0,0,3136,0,0,0,0,,interval_arithmetic=3136
292,2,lp,lower,1568,104,0.111852644,0.10773944854736328,1706,0,0,104,0,0,0,663,0,801,OPTIMAL=104,interval_proves_cutoff=663;lower_skipped_by_nonpositive_upper=801
292,2,lp,upper,1568,110,0.127194845,0.1163334846496582,1779,0,0,110,0,0,0,795,663,0,OPTIMAL=110,interval_proves_cutoff=795;upper_skipped_by_nonnegative_interval_lower=663
292,3,lp,lower,100,0,0.0,0.0,0,0,0,0,0,0,0,9,0,91,,interval_proves_cutoff=9;lower_skipped_by_nonpositive_upper=91
292,3,lp,upper,100,0,0.0,0.0,0,0,0,0,0,0,0,91,9,0,,interval_proves_cutoff=91;upper_skipped_by_nonnegative_interval_lower=9
293,0,lp,lower,9,9,0.025640339,0.02518486976623535,746,0,0,9,0,0,0,0,0,0,OPTIMAL=9,
293,0,lp,upper,9,9,0.028455864,0.027898311614990234,841,0,0,9,0,0,0,0,0,0,OPTIMAL=9,
293,1,interval_arithmetic,lower,3136,0,0.0,0.0,0,0,0,0,0,906,0,0,0,2230,,interval_arithmetic=906;lower_skipped_by_nonpositive_upper=2230
293,1,interval_arithmetic,upper,3136,0,0.0,0.0,0,0,0,0,0,3136,0,0,0,0,,interval_arithmetic=3136
293,2,lp,lower,1568,59,0.051154464999999975,0.04902958869934082,507,0,0,59,0,0,0,683,0,826,OPTIMAL=59,interval_proves_cutoff=683;lower_skipped_by_nonpositive_upper=826
293,2,lp,upper,1568,61,0.061425957999999996,0.05334115028381348,594,0,0,61,0,0,0,824,683,0,OPTIMAL=61,interval_proves_cutoff=824;upper_skipped_by_nonnegative_interval_lower=683
293,3,lp,lower,100,0,0.0,0.0,0,0,0,0,0,0,0,9,0,91,,interval_proves_cutoff=9;lower_skipped_by_nonpositive_upper=91
293,3,lp,upper,100,0,0.0,0.0,0,0,0,0,0,0,0,91,9,0,,interval_proves_cutoff=91;upper_skipped_by_nonnegative_interval_lower=9
294,0,lp,lower,9,9,0.049714903000000005,0.04915642738342285,1232,0,0,9,0,0,0,0,0,0,OPTIMAL=9,
294,0,lp,upper,9,9,0.042126499,0.041594743728637695,1121,0,0,9,0,0,0,0,0,0,OPTIMAL=9,
294,1,interval_arithmetic,lower,3136,0,0.0,0.0,0,0,0,0,0,921,0,0,0,2215,,interval_arithmetic=921;lower_skipped_by_nonpositive_upper=2215
294,1,interval_arithmetic,upper,3136,0,0.0,0.0,0,0,0,0,0,3136,0,0,0,0,,interval_arithmetic=3136
294,2,lp,lower,1568,73,0.071509215,0.06871175765991211,832,0,0,73,0,0,0,668,0,827,OPTIMAL=73,interval_proves_cutoff=668;lower_skipped_by_nonpositive_upper=827
294,2,lp,upper,1568,74,0.07972413600000001,0.0707705020904541,946,0,0,74,0,0,0,826,668,0,OPTIMAL=74,interval_proves_cutoff=826;upper_skipped_by_nonnegative_interval_lower=668
294,3,lp,lower,100,2,0.008035589999999999,0.007908344268798828,232,0,0,2,0,0,0,7,0,91,OPTIMAL=2,interval_proves_cutoff=7;lower_skipped_by_nonpositive_upper=91
294,3,lp,upper,100,2,0.008594903000000001,0.008329629898071289,250,0,0,2,0,0,0,91,7,0,OPTIMAL=2,interval_proves_cutoff=91;upper_skipped_by_nonnegative_interval_lower=7
295,0,lp,lower,9,9,0.062809533,0.062218666076660156,1534,0,0,9,0,0,0,0,0,0,OPTIMAL=9,
295,0,lp,upper,9,9,0.06304313,0.06243467330932617,1602,0,0,9,0,0,0,0,0,0,OPTIMAL=9,
295,1,interval_arithmetic,lower,3136,0,0.0,0.0,0,0,0,0,0,931,0,0,0,2205,,interval_arithmetic=931;lower_skipped_by_nonpositive_upper=2205
295,1,interval_arithmetic,upper,3136,0,0.0,0.0,0,0,0,0,0,3136,0,0,0,0,,interval_arithmetic=3136
295,2,lp,lower,1568,109,0.11985464799999998,0.11558127403259277,1652,0,0,109,0,0,0,673,0,786,OPTIMAL=109,interval_proves_cutoff=673;lower_skipped_by_nonpositive_upper=786
295,2,lp,upper,1568,116,0.13609303199999995,0.12537002563476562,1797,0,0,116,0,0,0,779,673,0,OPTIMAL=116,interval_proves_cutoff=779;upper_skipped_by_nonnegative_interval_lower=673
295,3,lp,lower,100,1,0.009291185,0.009217262268066406,287,0,0,1,0,0,0,8,0,91,OPTIMAL=1,interval_proves_cutoff=8;lower_skipped_by_nonpositive_upper=91
295,3,lp,upper,100,1,0.00725545,0.007119655609130859,244,0,0,1,0,0,0,91,8,0,OPTIMAL=1,interval_proves_cutoff=91;upper_skipped_by_nonnegative_interval_lower=8
296,0,lp,lower,9,9,0.061002787999999995,0.06041860580444336,1344,0,0,9,0,0,0,0,0,0,OPTIMAL=9,
296,0,lp,upper,9,9,0.07280334,0.07219743728637695,1423,0,0,9,0,0,0,0,0,0,OPTIMAL=9,
296,1,interval_arithmetic,lower,3136,0,0.0,0.0,0,0,0,0,0,900,0,0,0,2236,,interval_arithmetic=900;lower_skipped_by_nonpositive_upper=2236
296,1,interval_arithmetic,upper,3136,0,0.0,0.0,0,0,0,0,0,3136,0,0,0,0,,interval_arithmetic=3136
296,2,lp,lower,1568,98,0.09456759700000006,0.09093904495239258,999,0,0,98,0,0,0,663,0,807,OPTIMAL=98,interval_proves_cutoff=663;lower_skipped_by_nonpositive_upper=807
296,2,lp,upper,1568,100,0.103180491,0.09351897239685059,1029,0,0,100,0,0,0,805,663,0,OPTIMAL=100,interval_proves_cutoff=805;upper_skipped_by_nonnegative_interval_lower=663
296,3,lp,lower,100,1,0.007041652,0.0069735050201416016,242,0,0,1,0,0,0,8,0,91,OPTIMAL=1,interval_proves_cutoff=8;lower_skipped_by_nonpositive_upper=91
296,3,lp,upper,100,1,0.006083759,0.005955696105957031,217,0,0,1,0,0,0,91,8,0,OPTIMAL=1,interval_proves_cutoff=91;upper_skipped_by_nonnegative_interval_lower=8
297,0,lp,lower,9,9,0.049585722000000006,0.049042463302612305,1421,0,0,9,0,0,0,0,0,0,OPTIMAL=9,
297,0,lp,upper,9,9,0.069681914,0.06908702850341797,1666,0,0,9,0,0,0,0,0,0,OPTIMAL=9,
297,1,interval_arithmetic,lower,3136,0,0.0,0.0,0,0,0,0,0,980,0,0,0,2156,,interval_arithmetic=980;lower_skipped_by_nonpositive_upper=2156
297,1,interval_arithmetic,upper,3136,0,0.0,0.0,0,0,0,0,0,3136,0,0,0,0,,interval_arithmetic=3136
297,2,lp,lower,1568,86,0.09445600099999998,0.09107470512390137,1052,0,0,86,0,0,0,708,0,774,OPTIMAL=86,interval_proves_cutoff=708;lower_skipped_by_nonpositive_upper=774
297,2,lp,upper,1568,92,0.11111127299999995,0.10131645202636719,1146,0,0,92,0,0,0,768,708,0,OPTIMAL=92,interval_proves_cutoff=768;upper_skipped_by_nonnegative_interval_lower=708
297,3,lp,lower,100,1,0.004959018,0.004900217056274414,224,0,0,1,0,0,0,8,0,91,OPTIMAL=1,interval_proves_cutoff=8;lower_skipped_by_nonpositive_upper=91
297,3,lp,upper,100,1,0.003965012,0.0038383007049560547,177,0,0,1,0,0,0,91,8,0,OPTIMAL=1,interval_proves_cutoff=91;upper_skipped_by_nonnegative_interval_lower=8
298,0,lp,lower,9,9,0.061252317,0.06059527397155762,1613,0,0,9,0,0,0,0,0,0,OPTIMAL=9,
298,0,lp,upper,9,9,0.077552267,0.07686376571655273,1794,0,0,9,0,0,0,0,0,0,OPTIMAL=9,
298,1,interval_arithmetic,lower,3136,0,0.0,0.0,0,0,0,0,0,944,0,0,0,2192,,interval_arithmetic=944;lower_skipped_by_nonpositive_upper=2192
298,1,interval_arithmetic,upper,3136,0,0.0,0.0,0,0,0,0,0,3136,0,0,0,0,,interval_arithmetic=3136
298,2,lp,lower,1568,129,0.14093777100000007,0.13596749305725098,1572,0,0,129,0,0,0,679,0,760,OPTIMAL=129,interval_proves_cutoff=679;lower_skipped_by_nonpositive_upper=760
298,2,lp,upper,1568,134,0.156802834,0.14522099494934082,1852,0,0,134,0,0,0,755,679,0,OPTIMAL=134,interval_proves_cutoff=755;upper_skipped_by_nonnegative_interval_lower=679
298,3,lp,lower,100,1,0.01104435,0.010961532592773438,350,0,0,1,0,0,0,8,0,91,OPTIMAL=1,interval_proves_cutoff=8;lower_skipped_by_nonpositive_upper=91
298,3,lp,upper,100,1,0.010225373,0.010069131851196289,314,0,0,1,0,0,0,91,8,0,OPTIMAL=1,interval_proves_cutoff=91;upper_skipped_by_nonnegative_interval_lower=8
299,0,lp,lower,9,9,0.061794455,0.061185359954833984,1531,0,0,9,0,0,0,0,0,0,OPTIMAL=9,
299,0,lp,upper,9,9,0.068363815,0.0677030086517334,1581,0,0,9,0,0,0,0,0,0,OPTIMAL=9,
299,1,interval_arithmetic,lower,3136,0,0.0,0.0,0,0,0,0,0,950,0,0,0,2186,,interval_arithmetic=950;lower_skipped_by_nonpositive_upper=2186
299,1,interval_arithmetic,upper,3136,0,0.0,0.0,0,0,0,0,0,3136,0,0,0,0,,interval_arithmetic=3136
299,2,lp,lower,1568,96,0.11292976100000003,0.10909461975097656,1767,0,0,96,0,0,0,674,0,798,OPTIMAL=96,interval_proves_cutoff=674;lower_skipped_by_nonpositive_upper=798
299,2,lp,upper,1568,104,0.13401053400000001,0.12372326850891113,2049,0,0,104,0,0,0,790,674,0,OPTIMAL=104,interval_proves_cutoff=790;upper_skipped_by_nonnegative_interval_lower=674
299,3,lp,lower,100,1,0.008634149,0.008562803268432617,290,0,0,1,0,0,0,8,0,91,OPTIMAL=1,interval_proves_cutoff=8;lower_skipped_by_nonpositive_upper=91
299,3,lp,upper,100,1,0.005699178,0.005547285079956055,224,0,0,1,0,0,0,91,8,0,OPTIMAL=1,interval_proves_cutoff=91;upper_skipped_by_nonnegative_interval_lower=8
300,0,lp,lower,9,9,0.07154735499999999,0.07094955444335938,1557,0,0,9,0,0,0,0,0,0,OPTIMAL=9,
300,0,lp,upper,9,9,0.06000407400000001,0.0593719482421875,1371,0,0,9,0,0,0,0,0,0,OPTIMAL=9,
300,1,interval_arithmetic,lower,3136,0,0.0,0.0,0,0,0,0,0,919,0,0,0,2217,,interval_arithmetic=919;lower_skipped_by_nonpositive_upper=2217
300,1,interval_arithmetic,upper,3136,0,0.0,0.0,0,0,0,0,0,3136,0,0,0,0,,interval_arithmetic=3136
300,2,lp,lower,1568,94,0.10562281899999999,0.10189175605773926,1697,0,0,94,0,0,0,658,0,816,OPTIMAL=94,interval_proves_cutoff=658;lower_skipped_by_nonpositive_upper=816
300,2,lp,upper,1568,108,0.12844974000000003,0.11796140670776367,1952,0,0,108,0,0,0,802,658,0,OPTIMAL=108,interval_proves_cutoff=802;upper_skipped_by_nonnegative_interval_lower=658
300,3,lp,lower,100,1,0.008956989,0.008882761001586914,283,0,0,1,0,0,0,8,0,91,OPTIMAL=1,interval_proves_cutoff=8;lower_skipped_by_nonpositive_upper=91
300,3,lp,upper,100,1,0.006447369,0.0062978267669677734,200,0,0,1,0,0,0,91,8,0,OPTIMAL=1,interval_proves_cutoff=91;upper_skipped_by_nonnegative_interval_lower=8
301,0,lp,lower,9,9,0.046949226,0.04642319679260254,1182,0,0,9,0,0,0,0,0,0,OPTIMAL=9,
301,0,lp,upper,9,9,0.053033305999999995,0.052490234375,1247,0,0,9,0,0,0,0,0,0,OPTIMAL=9,
301,1,interval_arithmetic,lower,3136,0,0.0,0.0,0,0,0,0,0,883,0,0,0,2253,,interval_arithmetic=883;lower_skipped_by_nonpositive_upper=2253
301,1,interval_arithmetic,upper,3136,0,0.0,0.0,0,0,0,0,0,3136,0,0,0,0,,interval_arithmetic=3136
301,2,lp,lower,1568,82,0.08751593200000002,0.08431220054626465,1342,0,0,82,0,0,0,646,0,840,OPTIMAL=82,interval_proves_cutoff=646;lower_skipped_by_nonpositive_upper=840
301,2,lp,upper,1568,86,0.10236296300000002,0.09300899505615234,1468,0,0,86,0,0,0,836,646,0,OPTIMAL=86,interval_proves_cutoff=836;upper_skipped_by_nonnegative_interval_lower=646
301,3,lp,lower,100,1,0.00681142,0.006747722625732422,223,0,0,1,0,0,0,8,0,91,OPTIMAL=1,interval_proves_cutoff=8;lower_skipped_by_nonpositive_upper=91
301,3,lp,upper,100,1,0.00569392,0.005555629730224609,207,0,0,1,0,0,0,91,8,0,OPTIMAL=1,interval_proves_cutoff=91;upper_skipped_by_nonnegative_interval_lower=8
302,0,lp,lower,9,9,0.051314234,0.0507512092590332,1374,0,0,9,0,0,0,0,0,0,OPTIMAL=9,
302,0,lp,upper,9,9,0.05588264800000001,0.05526089668273926,1407,0,0,9,0,0,0,0,0,0,OPTIMAL=9,
302,1,interval_arithmetic,lower,3136,0,0.0,0.0,0,0,0,0,0,930,0,0,0,2206,,interval_arithmetic=930;lower_skipped_by_nonpositive_upper=2206
302,1,interval_arithmetic,upper,3136,0,0.0,0.0,0,0,0,0,0,3136,0,0,0,0,,interval_arithmetic=3136
302,2,lp,lower,1568,78,0.08368657899999994,0.08064532279968262,1246,0,0,78,0,0,0,651,0,839,OPTIMAL=78,interval_proves_cutoff=651;lower_skipped_by_nonpositive_upper=839
302,2,lp,upper,1568,82,0.09764682000000001,0.0883171558380127,1457,0,0,82,0,0,0,835,651,0,OPTIMAL=82,interval_proves_cutoff=835;upper_skipped_by_nonnegative_interval_lower=651
302,3,lp,lower,100,1,0.005631708,0.005543231964111328,237,0,0,1,0,0,0,8,0,91,OPTIMAL=1,interval_proves_cutoff=8;lower_skipped_by_nonpositive_upper=91
302,3,lp,upper,100,1,0.005240306,0.0051076412200927734,198,0,0,1,0,0,0,91,8,0,OPTIMAL=1,interval_proves_cutoff=91;upper_skipped_by_nonnegative_interval_lower=8
303,0,lp,lower,9,9,0.037327532,0.0368504524230957,874,0,0,9,0,0,0,0,0,0,OPTIMAL=9,
303,0,lp,upper,9,9,0.041228308,0.040715694427490234,912,0,0,9,0,0,0,0,0,0,OPTIMAL=9,
303,1,interval_arithmetic,lower,3136,0,0.0,0.0,0,0,0,0,0,856,0,0,0,2280,,interval_arithmetic=856;lower_skipped_by_nonpositive_upper=2280
303,1,interval_arithmetic,upper,3136,0,0.0,0.0,0,0,0,0,0,3136,0,0,0,0,,interval_arithmetic=3136
303,2,lp,lower,1568,61,0.05980464299999999,0.057610511779785156,880,0,0,61,0,0,0,644,0,863,OPTIMAL=61,interval_proves_cutoff=644;lower_skipped_by_nonpositive_upper=863
303,2,lp,upper,1568,68,0.07419202999999998,0.06568360328674316,966,0,0,68,0,0,0,856,644,0,OPTIMAL=68,interval_proves_cutoff=856;upper_skipped_by_nonnegative_interval_lower=644
303,3,lp,lower,100,2,0.007643667,0.007517337799072266,204,0,0,2,0,0,0,7,0,91,OPTIMAL=2,interval_proves_cutoff=7;lower_skipped_by_nonpositive_upper=91
303,3,lp,upper,100,2,0.007184915,0.0069844722747802734,219,0,0,2,0,0,0,91,7,0,OPTIMAL=2,interval_proves_cutoff=91;upper_skipped_by_nonnegative_interval_lower=7
304,0,lp,lower,9,9,0.096895762,0.0962061882019043,1870,0,0,9,0,0,0,0,0,0,OPTIMAL=9,
304,0,lp,upper,9,9,0.11943530999999999,0.11865520477294922,2089,0,0,9,0,0,0,0,0,0,OPTIMAL=9,
304,1,interval_arithmetic,lower,3136,0,0.0,0.0,0,0,0,0,0,891,0,0,0,2245,,interval_arithmetic=891;lower_skipped_by_nonpositive_upper=2245
304,1,interval_arithmetic,upper,3136,0,0.0,0.0,0,0,0,0,0,3136,0,0,0,0,,interval_arithmetic=3136
304,2,lp,lower,1568,116,0.12649960599999993,0.12207889556884766,1743,0,0,116,0,0,0,658,0,794,OPTIMAL=116,interval_proves_cutoff=658;lower_skipped_by_nonpositive_upper=794
304,2,lp,upper,1568,119,0.13541399299999998,0.12410950660705566,2028,0,0,119,0,0,0,791,658,0,OPTIMAL=119,interval_proves_cutoff=791;upper_skipped_by_nonnegative_interval_lower=658
304,3,lp,lower,100,1,0.017118586,0.017032623291015625,375,0,0,1,0,0,0,8,0,91,OPTIMAL=1,interval_proves_cutoff=8;lower_skipped_by_nonpositive_upper=91
304,3,lp,upper,100,1,0.010209994,0.010063886642456055,283,0,0,1,0,0,0,91,8,0,OPTIMAL=1,interval_proves_cutoff=91;upper_skipped_by_nonnegative_interval_lower=8
305,0,lp,lower,9,9,0.037508968000000004,0.036988019943237305,1071,0,0,9,0,0,0,0,0,0,OPTIMAL=9,
305,0,lp,upper,9,9,0.042579160000000005,0.0420382022857666,1113,0,0,9,0,0,0,0,0,0,OPTIMAL=9,
305,1,interval_arithmetic,lower,3136,0,0.0,0.0,0,0,0,0,0,906,0,0,0,2230,,interval_arithmetic=906;lower_skipped_by_nonpositive_upper=2230
305,1,interval_arithmetic,upper,3136,0,0.0,0.0,0,0,0,0,0,3136,0,0,0,0,,interval_arithmetic=3136
305,2,lp,lower,1568,86,0.087882969,0.08463358879089355,1293,0,0,86,0,0,0,665,0,817,OPTIMAL=86,interval_proves_cutoff=665;lower_skipped_by_nonpositive_upper=817
305,2,lp,upper,1568,89,0.10001416399999999,0.09050107002258301,1446,0,0,89,0,0,0,814,665,0,OPTIMAL=89,interval_proves_cutoff=814;upper_skipped_by_nonnegative_interval_lower=665
305,3,lp,lower,100,2,0.008370863,0.008260488510131836,255,0,0,2,0,0,0,7,0,91,OPTIMAL=2,interval_proves_cutoff=7;lower_skipped_by_nonpositive_upper=91
305,3,lp,upper,100,2,0.008180109,0.007996797561645508,305,0,0,2,0,0,0,91,7,0,OPTIMAL=2,interval_proves_cutoff=91;upper_skipped_by_nonnegative_interval_lower=7
306,0,lp,lower,9,9,0.048721161,0.048168182373046875,1387,0,0,9,0,0,0,0,0,0,OPTIMAL=9,
306,0,lp,upper,9,9,0.058455081,0.05779218673706055,1618,0,0,9,0,0,0,0,0,0,OPTIMAL=9,
306,1,interval_arithmetic,lower,3136,0,0.0,0.0,0,0,0,0,0,955,0,0,0,2181,,interval_arithmetic=955;lower_skipped_by_nonpositive_upper=2181
306,1,interval_arithmetic,upper,3136,0,0.0,0.0,0,0,0,0,0,3136,0,0,0,0,,interval_arithmetic=3136
306,2,lp,lower,1568,100,0.11392756200000002,0.10989141464233398,1904,0,0,100,0,0,0,707,0,761,OPTIMAL=100,interval_proves_cutoff=707;lower_skipped_by_nonpositive_upper=761
306,2,lp,upper,1568,105,0.12620558,0.11562442779541016,2073,0,0,105,0,0,0,756,707,0,OPTIMAL=105,interval_proves_cutoff=756;upper_skipped_by_nonnegative_interval_lower=707
306,3,lp,lower,100,0,0.0,0.0,0,0,0,0,0,0,0,9,0,91,,interval_proves_cutoff=9;lower_skipped_by_nonpositive_upper=91
306,3,lp,upper,100,0,0.0,0.0,0,0,0,0,0,0,0,91,9,0,,interval_proves_cutoff=91;upper_skipped_by_nonnegative_interval_lower=9
307,0,lp,lower,9,9,0.048798446999999995,0.048192739486694336,1427,0,0,9,0,0,0,0,0,0,OPTIMAL=9,
307,0,lp,upper,9,9,0.052609589,0.051965951919555664,1501,0,0,9,0,0,0,0,0,0,OPTIMAL=9,
307,1,interval_arithmetic,lower,3136,0,0.0,0.0,0,0,0,0,0,911,0,0,0,2225,,interval_arithmetic=911;lower_skipped_by_nonpositive_upper=2225
307,1,interval_arithmetic,upper,3136,0,0.0,0.0,0,0,0,0,0,3136,0,0,0,0,,interval_arithmetic=3136
307,2,lp,lower,1568,89,0.10599584500000002,0.10255026817321777,1509,0,0,89,0,0,0,651,0,828,OPTIMAL=89,interval_proves_cutoff=651;lower_skipped_by_nonpositive_upper=828
307,2,lp,upper,1568,94,0.11279245500000001,0.1027688980102539,1708,0,0,94,0,0,0,823,651,0,OPTIMAL=94,interval_proves_cutoff=823;upper_skipped_by_nonnegative_interval_lower=651
307,3,lp,lower,100,1,0.008423511,0.008326292037963867,271,0,0,1,0,0,0,8,0,91,OPTIMAL=1,interval_proves_cutoff=8;lower_skipped_by_nonpositive_upper=91
307,3,lp,upper,100,1,0.006189543,0.006047487258911133,224,0,0,1,0,0,0,91,8,0,OPTIMAL=1,interval_proves_cutoff=91;upper_skipped_by_nonnegative_interval_lower=8
308,0,lp,lower,9,9,0.053447760999999996,0.052847862243652344,1291,0,0,9,0,0,0,0,0,0,OPTIMAL=9,
308,0,lp,upper,9,9,0.046839919,0.046189069747924805,1153,0,0,9,0,0,0,0,0,0,OPTIMAL=9,
308,1,interval_arithmetic,lower,3136,0,0.0,0.0,0,0,0,0,0,898,0,0,0,2238,,interval_arithmetic=898;lower_skipped_by_nonpositive_upper=2238
308,1,interval_arithmetic,upper,3136,0,0.0,0.0,0,0,0,0,0,3136,0,0,0,0,,interval_arithmetic=3136
308,2,lp,lower,1568,74,0.08119965599999997,0.07834553718566895,1461,0,0,74,0,0,0,656,0,838,OPTIMAL=74,interval_proves_cutoff=656;lower_skipped_by_nonpositive_upper=838
308,2,lp,upper,1568,76,0.091766148,0.08264470100402832,1552,0,0,76,0,0,0,836,656,0,OPTIMAL=76,interval_proves_cutoff=836;upper_skipped_by_nonnegative_interval_lower=656
308,3,lp,lower,100,3,0.011630242999999998,0.01146554946899414,351,0,0,3,0,0,0,6,0,91,OPTIMAL=3,interval_proves_cutoff=6;lower_skipped_by_nonpositive_upper=91
308,3,lp,upper,100,3,0.012343274000000001,0.01210165023803711,386,0,0,3,0,0,0,91,6,0,OPTIMAL=3,interval_proves_cutoff=91;upper_skipped_by_nonnegative_interval_lower=6
309,0,lp,lower,9,9,0.06902441799999999,0.06840085983276367,1467,0,0,9,0,0,0,0,0,0,OPTIMAL=9,
309,0,lp,upper,9,9,0.05422680900000001,0.05362248420715332,1268,0,0,9,0,0,0,0,0,0,OPTIMAL=9,
309,1,interval_arithmetic,lower,3136,0,0.0,0.0,0,0,0,0,0,926,0,0,0,2210,,interval_arithmetic=926;lower_skipped_by_nonpositive_upper=2210
309,1,interval_arithmetic,upper,3136,0,0.0,0.0,0,0,0,0,0,3136,0,0,0,0,,interval_arithmetic=3136
309,2,lp,lower,1568,83,0.087221325,0.08411502838134766,1097,0,0,83,0,0,0,661,0,824,OPTIMAL=83,interval_proves_cutoff=661;lower_skipped_by_nonpositive_upper=824
309,2,lp,upper,1568,91,0.10782308800000001,0.09808635711669922,1421,0,0,91,0,0,0,816,661,0,OPTIMAL=91,interval_proves_cutoff=816;upper_skipped_by_nonnegative_interval_lower=661
309,3,lp,lower,100,2,0.008618480000000001,0.008485078811645508,269,0,0,2,0,0,0,7,0,91,OPTIMAL=2,interval_proves_cutoff=7;lower_skipped_by_nonpositive_upper=91
309,3,lp,upper,100,2,0.009426441,0.009218215942382812,322,0,0,2,0,0,0,91,7,0,OPTIMAL=2,interval_proves_cutoff=91;upper_skipped_by_nonnegative_interval_lower=7
310,0,lp,lower,9,9,0.047504968,0.0469517707824707,1273,0,0,9,0,0,0,0,0,0,OPTIMAL=9,
310,0,lp,upper,9,9,0.049930249,0.0492861270904541,1358,0,0,9,0,0,0,0,0,0,OPTIMAL=9,
310,1,interval_arithmetic,lower,3136,0,0.0,0.0,0,0,0,0,0,888,0,0,0,2248,,interval_arithmetic=888;lower_skipped_by_nonpositive_upper=2248
310,1,interval_arithmetic,upper,3136,0,0.0,0.0,0,0,0,0,0,3136,0,0,0,0,,interval_arithmetic=3136
310,2,lp,lower,1568,104,0.10356206000000003,0.0996549129486084,1091,0,0,104,0,0,0,667,0,797,OPTIMAL=104,interval_proves_cutoff=667;lower_skipped_by_nonpositive_upper=797
310,2,lp,upper,1568,109,0.12200969400000003,0.11187601089477539,1228,0,0,109,0,0,0,792,667,0,OPTIMAL=109,interval_proves_cutoff=792;upper_skipped_by_nonnegative_interval_lower=667
310,3,lp,lower,100,1,0.006185336,0.006119966506958008,258,0,0,1,0,0,0,8,0,91,OPTIMAL=1,interval_proves_cutoff=8;lower_skipped_by_nonpositive_upper=91
310,3,lp,upper,100,1,0.005589592,0.005452156066894531,210,0,0,1,0,0,0,91,8,0,OPTIMAL=1,interval_proves_cutoff=91;upper_skipped_by_nonnegative_interval_lower=8
311,0,lp,lower,9,9,0.046856335000000006,0.04625821113586426,1220,0,0,9,0,0,0,0,0,0,OPTIMAL=9,
311,0,lp,upper,9,9,0.050221632,0.04964923858642578,1276,0,0,9,0,0,0,0,0,0,OPTIMAL=9,
311,1,interval_arithmetic,lower,3136,0,0.0,0.0,0,0,0,0,0,885,0,0,0,2251,,interval_arithmetic=885;lower_skipped_by_nonpositive_upper=2251
311,1,interval_arithmetic,upper,3136,0,0.0,0.0,0,0,0,0,0,3136,0,0,0,0,,interval_arithmetic=3136
311,2,lp,lower,1568,108,0.10075469000000006,0.09677982330322266,1064,0,0,108,0,0,0,647,0,813,OPTIMAL=108,interval_proves_cutoff=647;lower_skipped_by_nonpositive_upper=813
311,2,lp,upper,1568,118,0.12449377200000006,0.11397409439086914,1276,0,0,118,0,0,0,803,647,0,OPTIMAL=118,interval_proves_cutoff=803;upper_skipped_by_nonnegative_interval_lower=647
311,3,lp,lower,100,1,0.005536613,0.005465984344482422,227,0,0,1,0,0,0,8,0,91,OPTIMAL=1,interval_proves_cutoff=8;lower_skipped_by_nonpositive_upper=91
311,3,lp,upper,100,1,0.006330262,0.006134748458862305,194,0,0,1,0,0,0,91,8,0,OPTIMAL=1,interval_proves_cutoff=91;upper_skipped_by_nonnegative_interval_lower=8
312,0,lp,lower,9,9,0.052780010999999995,0.05219101905822754,1252,0,0,9,0,0,0,0,0,0,OPTIMAL=9,
312,0,lp,upper,9,9,0.055351651,0.05479550361633301,1303,0,0,9,0,0,0,0,0,0,OPTIMAL=9,
312,1,interval_arithmetic,lower,3136,0,0.0,0.0,0,0,0,0,0,1006,0,0,0,2130,,interval_arithmetic=1006;lower_skipped_by_nonpositive_upper=2130
312,1,interval_arithmetic,upper,3136,0,0.0,0.0,0,0,0,0,0,3136,0,0,0,0,,interval_arithmetic=3136
312,2,lp,lower,1568,78,0.081720644,0.07877945899963379,924,0,0,78,0,0,0,699,0,791,OPTIMAL=78,interval_proves_cutoff=699;lower_skipped_by_nonpositive_upper=791
312,2,lp,upper,1568,87,0.103503258,0.09415507316589355,1192,0,0,87,0,0,0,782,699,0,OPTIMAL=87,interval_proves_cutoff=782;upper_skipped_by_nonnegative_interval_lower=699
312,3,lp,lower,100,1,0.005905201,0.005836963653564453,212,0,0,1,0,0,0,8,0,91,OPTIMAL=1,interval_proves_cutoff=8;lower_skipped_by_nonpositive_upper=91
312,3,lp,upper,100,1,0.005389655,0.005256175994873047,193,0,0,1,0,0,0,91,8,0,OPTIMAL=1,interval_proves_cutoff=91;upper_skipped_by_nonnegative_interval_lower=8
313,0,lp,lower,9,9,0.055237172999999994,0.05464982986450195,1419,0,0,9,0,0,0,0,0,0,OPTIMAL=9,
313,0,lp,upper,9,9,0.060577921,0.05997467041015625,1492,0,0,9,0,0,0,0,0,0,OPTIMAL=9,
313,1,interval_arithmetic,lower,3136,0,0.0,0.0,0,0,0,0,0,950,0,0,0,2186,,interval_arithmetic=950;lower_skipped_by_nonpositive_upper=2186
313,1,interval_arithmetic,upper,3136,0,0.0,0.0,0,0,0,0,0,3136,0,0,0,0,,interval_arithmetic=3136
313,2,lp,lower,1568,101,0.11257101899999998,0.1086111068725586,1628,0,0,101,0,0,0,668,0,799,OPTIMAL=101,interval_proves_cutoff=668;lower_skipped_by_nonpositive_upper=799
313,2,lp,upper,1568,104,0.125949958,0.11564874649047852,1708,0,0,104,0,0,0,796,668,0,OPTIMAL=104,interval_proves_cutoff=796;upper_skipped_by_nonnegative_interval_lower=668
313,3,lp,lower,100,1,0.009685847,0.009618997573852539,308,0,0,1,0,0,0,8,0,91,OPTIMAL=1,interval_proves_cutoff=8;lower_skipped_by_nonpositive_upper=91
313,3,lp,upper,100,1,0.006403615,0.006270647048950195,235,0,0,1,0,0,0,91,8,0,OPTIMAL=1,interval_proves_cutoff=91;upper_skipped_by_nonnegative_interval_lower=8
314,0,lp,lower,9,9,0.057640329000000004,0.05701756477355957,1551,0,0,9,0,0,0,0,0,0,OPTIMAL=9,
314,0,lp,upper,9,9,0.06151738299999999,0.060840606689453125,1710,0,0,9,0,0,0,0,0,0,OPTIMAL=9,
314,1,interval_arithmetic,lower,3136,0,0.0,0.0,0,0,0,0,0,927,0,0,0,2209,,interval_arithmetic=927;lower_skipped_by_nonpositive_upper=2209
314,1,interval_arithmetic,upper,3136,0,0.0,0.0,0,0,0,0,0,3136,0,0,0,0,,interval_arithmetic=3136
314,2,lp,lower,1568,113,0.14062307200000004,0.13597774505615234,1886,0,0,113,0,0,0,678,0,777,OPTIMAL=113,interval_proves_cutoff=678;lower_skipped_by_nonpositive_upper=777
314,2,lp,upper,1568,121,0.15614280699999997,0.144822359085083,2137,0,0,121,0,0,0,769,678,0,OPTIMAL=121,interval_proves_cutoff=769;upper_skipped_by_nonnegative_interval_lower=678
314,3,lp,lower,100,0,0.0,0.0,0,0,0,0,0,0,0,9,0,91,,interval_proves_cutoff=9;lower_skipped_by_nonpositive_upper=91
314,3,lp,upper,100,0,0.0,0.0,0,0,0,0,0,0,0,91,9,0,,interval_proves_cutoff=91;upper_skipped_by_nonnegative_interval_lower=9
315,0,lp,lower,9,9,0.025291802,0.024821996688842773,675,0,0,9,0,0,0,0,0,0,OPTIMAL=9,
315,0,lp,upper,9,9,0.0257174,0.025261640548706055,678,0,0,9,0,0,0,0,0,0,OPTIMAL=9,
315,1,interval_arithmetic,lower,3136,0,0.0,0.0,0,0,0,0,0,846,0,0,0,2290,,interval_arithmetic=846;lower_skipped_by_nonpositive_upper=2290
315,1,interval_arithmetic,upper,3136,0,0.0,0.0,0,0,0,0,0,3136,0,0,0,0,,interval_arithmetic=3136
315,2,lp,lower,1568,57,0.04195439200000001,0.040030479431152344,119,0,0,57,0,0,0,644,0,867,OPTIMAL=57,interval_proves_cutoff=644;lower_skipped_by_nonpositive_upper=867
315,2,lp,upper,1568,62,0.054870858,0.046956777572631836,300,0,0,62,0,0,0,862,644,0,OPTIMAL=62,interval_proves_cutoff=862;upper_skipped_by_nonnegative_interval_lower=644
315,3,lp,lower,100,1,0.00276248,0.0027074813842773438,115,0,0,1,0,0,0,7,0,92,OPTIMAL=1,interval_proves_cutoff=7;lower_skipped_by_nonpositive_upper=92
315,3,lp,upper,100,1,0.002819385,0.0026984214782714844,111,0,0,1,0,0,0,92,7,0,OPTIMAL=1,interval_proves_cutoff=92;upper_skipped_by_nonnegative_interval_lower=7
316,0,lp,lower,9,9,0.04576963800000001,0.04525446891784668,1343,0,0,9,0,0,0,0,0,0,OPTIMAL=9,
316,0,lp,upper,9,9,0.046070073,0.0454864501953125,1444,0,0,9,0,0,0,0,0,0,OPTIMAL=9,
316,1,interval_arithmetic,lower,3136,0,0.0,0.0,0,0,0,0,0,937,0,0,0,2199,,interval_arithmetic=937;lower_skipped_by_nonpositive_upper=2199
316,1,interval_arithmetic,upper,3136,0,0.0,0.0,0,0,0,0,0,3136,0,0,0,0,,interval_arithmetic=3136
316,2,lp,lower,1568,89,0.09329489400000002,0.08990025520324707,1228,0,0,89,0,0,0,658,0,821,OPTIMAL=89,interval_proves_cutoff=658;lower_skipped_by_nonpositive_upper=821
316,2,lp,upper,1568,104,0.13522325000000002,0.11076235771179199,1649,0,0,104,0,0,0,806,658,0,OPTIMAL=104,interval_proves_cutoff=806;upper_skipped_by_nonnegative_interval_lower=658
316,3,lp,lower,100,0,0.0,0.0,0,0,0,0,0,0,0,9,0,91,,interval_proves_cutoff=9;lower_skipped_by_nonpositive_upper=91
316,3,lp,upper,100,0,0.0,0.0,0,0,0,0,0,0,0,91,9,0,,interval_proves_cutoff=91;upper_skipped_by_nonnegative_interval_lower=9
317,0,lp,lower,9,9,0.04775756899999999,0.04723644256591797,1311,0,0,9,0,0,0,0,0,0,OPTIMAL=9,
317,0,lp,upper,9,9,0.047273920999999997,0.04673624038696289,1289,0,0,9,0,0,0,0,0,0,OPTIMAL=9,
317,1,interval_arithmetic,lower,3136,0,0.0,0.0,0,0,0,0,0,899,0,0,0,2237,,interval_arithmetic=899;lower_skipped_by_nonpositive_upper=2237
317,1,interval_arithmetic,upper,3136,0,0.0,0.0,0,0,0,0,0,3136,0,0,0,0,,interval_arithmetic=3136
317,2,lp,lower,1568,93,0.09132866800000003,0.0878758430480957,1110,0,0,93,0,0,0,635,0,840,OPTIMAL=93,interval_proves_cutoff=635;lower_skipped_by_nonpositive_upper=840
317,2,lp,upper,1568,101,0.10929210399999996,0.0994260311126709,1292,0,0,101,0,0,0,832,635,0,OPTIMAL=101,interval_proves_cutoff=832;upper_skipped_by_nonnegative_interval_lower=635
317,3,lp,lower,100,2,0.012485132,0.012371063232421875,303,0,0,2,0,0,0,7,0,91,OPTIMAL=2,interval_proves_cutoff=7;lower_skipped_by_nonpositive_upper=91
317,3,lp,upper,100,2,0.010432926,0.010237932205200195,345,0,0,2,0,0,0,91,7,0,OPTIMAL=2,interval_proves_cutoff=91;upper_skipped_by_nonnegative_interval_lower=7
318,0,lp,lower,9,9,0.038320438,0.037810325622558594,1119,0,0,9,0,0,0,0,0,0,OPTIMAL=9,
318,0,lp,upper,9,9,0.038894262,0.0381927490234375,1123,0,0,9,0,0,0,0,0,0,OPTIMAL=9,
318,1,interval_arithmetic,lower,3136,0,0.0,0.0,0,0,0,0,0,896,0,0,0,2240,,interval_arithmetic=896;lower_skipped_by_nonpositive_upper=2240
318,1,interval_arithmetic,upper,3136,0,0.0,0.0,0,0,0,0,0,3136,0,0,0,0,,interval_arithmetic=3136
318,2,lp,lower,1568,79,0.07737266600000002,0.07448458671569824,887,0,0,79,0,0,0,636,0,853,OPTIMAL=79,interval_proves_cutoff=636;lower_skipped_by_nonpositive_upper=853
318,2,lp,upper,1568,91,0.10030878800000001,0.09052658081054688,1126,0,0,91,0,0,0,841,636,0,OPTIMAL=91,interval_proves_cutoff=841;upper_skipped_by_nonnegative_interval_lower=636
318,3,lp,lower,100,0,0.0,0.0,0,0,0,0,0,0,0,9,0,91,,interval_proves_cutoff=9;lower_skipped_by_nonpositive_upper=91
318,3,lp,upper,100,0,0.0,0.0,0,0,0,0,0,0,0,91,9,0,,interval_proves_cutoff=91;upper_skipped_by_nonnegative_interval_lower=9
319,0,lp,lower,9,9,0.076519185,0.07593488693237305,1775,0,0,9,0,0,0,0,0,0,OPTIMAL=9,
319,0,lp,upper,9,9,0.076680595,0.07607817649841309,1797,0,0,9,0,0,0,0,0,0,OPTIMAL=9,
319,1,interval_arithmetic,lower,3136,0,0.0,0.0,0,0,0,0,0,958,0,0,0,2178,,interval_arithmetic=958;lower_skipped_by_nonpositive_upper=2178
319,1,interval_arithmetic,upper,3136,0,0.0,0.0,0,0,0,0,0,3136,0,0,0,0,,interval_arithmetic=3136
319,2,lp,lower,1568,108,0.127481952,0.12314748764038086,2040,0,0,108,0,0,0,682,0,778,OPTIMAL=108,interval_proves_cutoff=682;lower_skipped_by_nonpositive_upper=778
319,2,lp,upper,1568,120,0.1575695440000001,0.14604473114013672,2429,0,0,120,0,0,0,766,682,0,OPTIMAL=120,interval_proves_cutoff=766;upper_skipped_by_nonnegative_interval_lower=682
319,3,lp,lower,100,1,0.008234785,0.008163213729858398,322,0,0,1,0,0,0,8,0,91,OPTIMAL=1,interval_proves_cutoff=8;lower_skipped_by_nonpositive_upper=91
319,3,lp,upper,100,1,0.006253841,0.006122589111328125,235,0,0,1,0,0,0,91,8,0,OPTIMAL=1,interval_proves_cutoff=91;upper_skipped_by_nonnegative_interval_lower=8
320,0,lp,lower,9,9,0.062694667,0.06210589408874512,1649,0,0,9,0,0,0,0,0,0,OPTIMAL=9,
320,0,lp,upper,9,9,0.066956308,0.06633973121643066,1681,0,0,9,0,0,0,0,0,0,OPTIMAL=9,
320,1,interval_arithmetic,lower,3136,0,0.0,0.0,0,0,0,0,0,949,0,0,0,2187,,interval_arithmetic=949;lower_skipped_by_nonpositive_upper=2187
320,1,interval_arithmetic,upper,3136,0,0.0,0.0,0,0,0,0,0,3136,0,0,0,0,,interval_arithmetic=3136
320,2,lp,lower,1568,113,0.12476186000000003,0.12035274505615234,1734,0,0,113,0,0,0,680,0,775,OPTIMAL=113,interval_proves_cutoff=680;lower_skipped_by_nonpositive_upper=775
320,2,lp,upper,1568,121,0.14478252999999996,0.13356328010559082,2070,0,0,121,0,0,0,767,680,0,OPTIMAL=121,interval_proves_cutoff=767;upper_skipped_by_nonnegative_interval_lower=680
320,3,lp,lower,100,1,0.008720175,0.008648157119750977,325,0,0,1,0,0,0,8,0,91,OPTIMAL=1,interval_proves_cutoff=8;lower_skipped_by_nonpositive_upper=91
320,3,lp,upper,100,1,0.007021923,0.00688624382019043,266,0,0,1,0,0,0,91,8,0,OPTIMAL=1,interval_proves_cutoff=91;upper_skipped_by_nonnegative_interval_lower=8
321,0,lp,lower,9,9,0.034731862,0.03425240516662598,991,0,0,9,0,0,0,0,0,0,OPTIMAL=9,
321,0,lp,upper,9,9,0.034370903999999994,0.03372359275817871,964,0,0,9,0,0,0,0,0,0,OPTIMAL=9,
321,1,interval_arithmetic,lower,3136,0,0.0,0.0,0,0,0,0,0,872,0,0,0,2264,,interval_arithmetic=872;lower_skipped_by_nonpositive_upper=2264
321,1,interval_arithmetic,upper,3136,0,0.0,0.0,0,0,0,0,0,3136,0,0,0,0,,interval_arithmetic=3136
321,2,lp,lower,1568,65,0.05893563,0.05657052993774414,895,0,0,65,0,0,0,632,0,871,OPTIMAL=65,interval_proves_cutoff=632;lower_skipped_by_nonpositive_upper=871
321,2,lp,upper,1568,67,0.070247158,0.06188368797302246,926,0,0,67,0,0,0,869,632,0,OPTIMAL=67,interval_proves_cutoff=869;upper_skipped_by_nonnegative_interval_lower=632
321,3,lp,lower,100,0,0.0,0.0,0,0,0,0,0,0,0,9,0,91,,interval_proves_cutoff=9;lower_skipped_by_nonpositive_upper=91
321,3,lp,upper,100,0,0.0,0.0,0,0,0,0,0,0,0,91,9,0,,interval_proves_cutoff=91;upper_skipped_by_nonnegative_interval_lower=9
323,0,lp,lower,9,9,0.04907125899999999,0.04855537414550781,1078,0,0,9,0,0,0,0,0,0,OPTIMAL=9,
323,0,lp,upper,9,9,0.05411195900000001,0.053589582443237305,1185,0,0,9,0,0,0,0,0,0,OPTIMAL=9,
323,1,interval_arithmetic,lower,3136,0,0.0,0.0,0,0,0,0,0,901,0,0,0,2235,,interval_arithmetic=901;lower_skipped_by_nonpositive_upper=2235
323,1,interval_arithmetic,upper,3136,0,0.0,0.0,0,0,0,0,0,3136,0,0,0,0,,interval_arithmetic=3136
323,2,lp,lower,1568,73,0.06624843000000001,0.06359219551086426,703,0,0,73,0,0,0,651,0,844,OPTIMAL=73,interval_proves_cutoff=651;lower_skipped_by_nonpositive_upper=844
323,2,lp,upper,1568,82,0.08553226899999995,0.07661771774291992,1001,0,0,82,0,0,0,835,651,0,OPTIMAL=82,interval_proves_cutoff=835;upper_skipped_by_nonnegative_interval_lower=651
323,3,lp,lower,100,2,0.007890004999999999,0.007771015167236328,211,0,0,2,0,0,0,7,0,91,OPTIMAL=2,interval_proves_cutoff=7;lower_skipped_by_nonpositive_upper=91
323,3,lp,upper,100,2,0.007556548,0.007375955581665039,260,0,0,2,0,0,0,91,7,0,OPTIMAL=2,interval_proves_cutoff=91;upper_skipped_by_nonnegative_interval_lower=7
324,0,lp,lower,9,9,0.07014332100000001,0.06961297988891602,1469,0,0,9,0,0,0,0,0,0,OPTIMAL=9,
324,0,lp,upper,9,9,0.061405725999999994,0.060860633850097656,1393,0,0,9,0,0,0,0,0,0,OPTIMAL=9,
324,1,interval_arithmetic,lower,3136,0,0.0,0.0,0,0,0,0,0,904,0,0,0,2232,,interval_arithmetic=904;lower_skipped_by_nonpositive_upper=2232
324,1,interval_arithmetic,upper,3136,0,0.0,0.0,0,0,0,0,0,3136,0,0,0,0,,interval_arithmetic=3136
324,2,lp,lower,1568,78,0.08444109800000003,0.08147072792053223,1371,0,0,78,0,0,0,657,0,833,OPTIMAL=78,interval_proves_cutoff=657;lower_skipped_by_nonpositive_upper=833
324,2,lp,upper,1568,87,0.10479747800000004,0.09555435180664062,1524,0,0,87,0,0,0,824,657,0,OPTIMAL=87,interval_proves_cutoff=824;upper_skipped_by_nonnegative_interval_lower=657
324,3,lp,lower,100,1,0.005790504,0.005721330642700195,239,0,0,1,0,0,0,8,0,91,OPTIMAL=1,interval_proves_cutoff=8;lower_skipped_by_nonpositive_upper=91
324,3,lp,upper,100,1,0.005839077,0.0057103633880615234,181,0,0,1,0,0,0,91,8,0,OPTIMAL=1,interval_proves_cutoff=91;upper_skipped_by_nonnegative_interval_lower=8
325,0,lp,lower,9,9,0.065482338,0.06493711471557617,1556,0,0,9,0,0,0,0,0,0,OPTIMAL=9,
325,0,lp,upper,9,9,0.06850806499999999,0.06787943840026855,1602,0,0,9,0,0,0,0,0,0,OPTIMAL=9,
325,1,interval_arithmetic,lower,3136,0,0.0,0.0,0,0,0,0,0,902,0,0,0,2234,,interval_arithmetic=902;lower_skipped_by_nonpositive_upper=2234
325,1,interval_arithmetic,upper,3136,0,0.0,0.0,0,0,0,0,0,3136,0,0,0,0,,interval_arithmetic=3136
325,2,lp,lower,1568,102,0.11178237799999996,0.10786962509155273,1507,0,0,102,0,0,0,668,0,798,OPTIMAL=102,interval_proves_cutoff=668;lower_skipped_by_nonpositive_upper=798
325,2,lp,upper,1568,109,0.12895205500000004,0.1185605525970459,1756,0,0,109,0,0,0,791,668,0,OPTIMAL=109,interval_proves_cutoff=791;upper_skipped_by_nonnegative_interval_lower=668
325,3,lp,lower,100,0,0.0,0.0,0,0,0,0,0,0,0,9,0,91,,interval_proves_cutoff=9;lower_skipped_by_nonpositive_upper=91
325,3,lp,upper,100,0,0.0,0.0,0,0,0,0,0,0,0,91,9,0,,interval_proves_cutoff=91;upper_skipped_by_nonnegative_interval_lower=9
326,0,lp,lower,9,9,0.042189770999999994,0.04165005683898926,1134,0,0,9,0,0,0,0,0,0,OPTIMAL=9,
326,0,lp,upper,9,9,0.047527364,0.04697847366333008,1278,0,0,9,0,0,0,0,0,0,OPTIMAL=9,
326,1,interval_arithmetic,lower,3136,0,0.0,0.0,0,0,0,0,0,888,0,0,0,2248,,interval_arithmetic=888;lower_skipped_by_nonpositive_upper=2248
326,1,interval_arithmetic,upper,3136,0,0.0,0.0,0,0,0,0,0,3136,0,0,0,0,,interval_arithmetic=3136
326,2,lp,lower,1568,93,0.09204493700000002,0.0885918140411377,1002,0,0,93,0,0,0,631,0,844,OPTIMAL=93,interval_proves_cutoff=631;lower_skipped_by_nonpositive_upper=844
326,2,lp,upper,1568,93,0.10305477500000007,0.09359908103942871,1081,0,0,93,0,0,0,844,631,0,OPTIMAL=93,interval_proves_cutoff=844;upper_skipped_by_nonnegative_interval_lower=631
326,3,lp,lower,100,1,0.005649936,0.0055882930755615234,232,0,0,1,0,0,0,8,0,91,OPTIMAL=1,interval_proves_cutoff=8;lower_skipped_by_nonpositive_upper=91
326,3,lp,upper,100,1,0.005791296,0.005673646926879883,205,0,0,1,0,0,0,91,8,0,OPTIMAL=1,interval_proves_cutoff=91;upper_skipped_by_nonnegative_interval_lower=8
327,0,lp,lower,9,9,0.045802825,0.04527735710144043,1203,0,0,9,0,0,0,0,0,0,OPTIMAL=9,
327,0,lp,upper,9,9,0.044409379,0.043840646743774414,1147,0,0,9,0,0,0,0,0,0,OPTIMAL=9,
327,1,interval_arithmetic,lower,3136,0,0.0,0.0,0,0,0,0,0,900,0,0,0,2236,,interval_arithmetic=900;lower_skipped_by_nonpositive_upper=2236
327,1,interval_arithmetic,upper,3136,0,0.0,0.0,0,0,0,0,0,3136,0,0,0,0,,interval_arithmetic=3136
327,2,lp,lower,1568,89,0.09250399899999998,0.08914375305175781,1127,0,0,89,0,0,0,648,0,831,OPTIMAL=89,interval_proves_cutoff=648;lower_skipped_by_nonpositive_upper=831
327,2,lp,upper,1568,92,0.10230341700000002,0.09289169311523438,1193,0,0,92,0,0,0,828,648,0,OPTIMAL=92,interval_proves_cutoff=828;upper_skipped_by_nonnegative_interval_lower=648
327,3,lp,lower,100,1,0.005496557,0.005429983139038086,216,0,0,1,0,0,0,8,0,91,OPTIMAL=1,interval_proves_cutoff=8;lower_skipped_by_nonpositive_upper=91
327,3,lp,upper,100,1,0.005556516,0.005423784255981445,196,0,0,1,0,0,0,91,8,0,OPTIMAL=1,interval_proves_cutoff=91;upper_skipped_by_nonnegative_interval_lower=8
328,0,lp,lower,9,9,0.032345811,0.03178882598876953,918,0,0,9,0,0,0,0,0,0,OPTIMAL=9,
328,0,lp,upper,9,9,0.032518447,0.03198671340942383,968,0,0,9,0,0,0,0,0,0,OPTIMAL=9,
328,1,interval_arithmetic,lower,3136,0,0.0,0.0,0,0,0,0,0,934,0,0,0,2202,,interval_arithmetic=934;lower_skipped_by_nonpositive_upper=2202
328,1,interval_arithmetic,upper,3136,0,0.0,0.0,0,0,0,0,0,3136,0,0,0,0,,interval_arithmetic=3136
328,2,lp,lower,1568,71,0.064985589,0.06233835220336914,448,0,0,71,0,0,0,696,0,801,OPTIMAL=71,interval_proves_cutoff=696;lower_skipped_by_nonpositive_upper=801
328,2,lp,upper,1568,74,0.07993818999999999,0.07129192352294922,563,0,0,74,0,0,0,798,696,0,OPTIMAL=74,interval_proves_cutoff=798;upper_skipped_by_nonnegative_interval_lower=696
328,3,lp,lower,100,0,0.0,0.0,0,0,0,0,0,0,0,8,0,92,,interval_proves_cutoff=8;lower_skipped_by_nonpositive_upper=92
328,3,lp,upper,100,1,0.003750276,0.0036287307739257812,162,0,0,1,0,0,0,91,8,0,OPTIMAL=1,interval_proves_cutoff=91;upper_skipped_by_nonnegative_interval_lower=8
329,0,lp,lower,9,9,0.034528139,0.03400897979736328,1010,0,0,9,0,0,0,0,0,0,OPTIMAL=9,
329,0,lp,upper,9,9,0.039588598999999995,0.03899049758911133,1137,0,0,9,0,0,0,0,0,0,OPTIMAL=9,
329,1,interval_arithmetic,lower,3136,0,0.0,0.0,0,0,0,0,0,898,0,0,0,2238,,interval_arithmetic=898;lower_skipped_by_nonpositive_upper=2238
329,1,interval_arithmetic,upper,3136,0,0.0,0.0,0,0,0,0,0,3136,0,0,0,0,,interval_arithmetic=3136
329,2,lp,lower,1568,80,0.07882583800000002,0.07576823234558105,825,0,0,80,0,0,0,660,0,828,OPTIMAL=80,interval_proves_cutoff=660;lower_skipped_by_nonpositive_upper=828
329,2,lp,upper,1568,83,0.08915483899999997,0.07988643646240234,1034,0,0,83,0,0,0,825,660,0,OPTIMAL=83,interval_proves_cutoff=825;upper_skipped_by_nonnegative_interval_lower=660
329,3,lp,lower,100,0,0.0,0.0,0,0,0,0,0,0,0,9,0,91,,interval_proves_cutoff=9;lower_skipped_by_nonpositive_upper=91
329,3,lp,upper,100,0,0.0,0.0,0,0,0,0,0,0,0,91,9,0,,interval_proves_cutoff=91;upper_skipped_by_nonnegative_interval_lower=9
330,0,lp,lower,9,9,0.027602901,0.027146100997924805,786,0,0,9,0,0,0,0,0,0,OPTIMAL=9,
330,0,lp,upper,9,9,0.029798181000000003,0.029328584671020508,830,0,0,9,0,0,0,0,0,0,OPTIMAL=9,
330,1,interval_arithmetic,lower,3136,0,0.0,0.0,0,0,0,0,0,853,0,0,0,2283,,interval_arithmetic=853;lower_skipped_by_nonpositive_upper=2283
330,1,interval_arithmetic,upper,3136,0,0.0,0.0,0,0,0,0,0,3136,0,0,0,0,,interval_arithmetic=3136
330,2,lp,lower,1568,69,0.05930255700000002,0.05687117576599121,501,0,0,69,0,0,0,631,0,868,OPTIMAL=69,interval_proves_cutoff=631;lower_skipped_by_nonpositive_upper=868
330,2,lp,upper,1568,74,0.072007775,0.06363701820373535,691,0,0,74,0,0,0,863,631,0,OPTIMAL=74,interval_proves_cutoff=863;upper_skipped_by_nonnegative_interval_lower=631
330,3,lp,lower,100,1,0.003639347,0.003584146499633789,159,0,0,1,0,0,0,7,0,92,OPTIMAL=1,interval_proves_cutoff=7;lower_skipped_by_nonpositive_upper=92
330,3,lp,upper,100,1,0.003365059,0.0032405853271484375,136,0,0,1,0,0,0,92,7,0,OPTIMAL=1,interval_proves_cutoff=92;upper_skipped_by_nonnegative_interval_lower=7
331,0,lp,lower,9,9,0.032570174,0.03209543228149414,837,0,0,9,0,0,0,0,0,0,OPTIMAL=9,
331,0,lp,upper,9,9,0.034082918999999996,0.03356790542602539,826,0,0,9,0,0,0,0,0,0,OPTIMAL=9,
331,1,interval_arithmetic,lower,3136,0,0.0,0.0,0,0,0,0,0,844,0,0,0,2292,,interval_arithmetic=844;lower_skipped_by_nonpositive_upper=2292
331,1,interval_arithmetic,upper,3136,0,0.0,0.0,0,0,0,0,0,3136,0,0,0,0,,interval_arithmetic=3136
331,2,lp,lower,1568,68,0.05860315000000002,0.0561983585357666,493,0,0,68,0,0,0,633,0,867,OPTIMAL=68,interval_proves_cutoff=633;lower_skipped_by_nonpositive_upper=867
331,2,lp,upper,1568,70,0.068887914,0.06053948402404785,553,0,0,70,0,0,0,865,633,0,OPTIMAL=70,interval_proves_cutoff=865;upper_skipped_by_nonnegative_interval_lower=633
331,3,lp,lower,100,1,0.004502079,0.0044324398040771484,148,0,0,1,0,0,0,8,0,91,OPTIMAL=1,interval_proves_cutoff=8;lower_skipped_by_nonpositive_upper=91
331,3,lp,upper,100,1,0.0044017,0.00425410270690918,138,0,0,1,0,0,0,91,8,0,OPTIMAL=1,interval_proves_cutoff=91;upper_skipped_by_nonnegative_interval_lower=8
332,0,lp,lower,9,9,0.05749457299999999,0.05689406394958496,1455,0,0,9,0,0,0,0,0,0,OPTIMAL=9,
332,0,lp,upper,9,9,0.07183499000000002,0.07120084762573242,1631,0,0,9,0,0,0,0,0,0,OPTIMAL=9,
332,1,interval_arithmetic,lower,3136,0,0.0,0.0,0,0,0,0,0,900,0,0,0,2236,,interval_arithmetic=900;lower_skipped_by_nonpositive_upper=2236
332,1,interval_arithmetic,upper,3136,0,0.0,0.0,0,0,0,0,0,3136,0,0,0,0,,interval_arithmetic=3136
332,2,lp,lower,1568,115,0.12208006900000007,0.11772012710571289,1394,0,0,115,0,0,0,653,0,800,OPTIMAL=115,interval_proves_cutoff=653;lower_skipped_by_nonpositive_upper=800
332,2,lp,upper,1568,121,0.5296964330000001,0.12758564949035645,1507,0,0,121,0,0,0,794,653,0,OPTIMAL=121,interval_proves_cutoff=794;upper_skipped_by_nonnegative_interval_lower=653
332,3,lp,lower,100,2,0.013978969,0.013844013214111328,351,0,0,2,0,0,0,7,0,91,OPTIMAL=2,interval_proves_cutoff=7;lower_skipped_by_nonpositive_upper=91
332,3,lp,upper,100,2,0.012581894,0.012377738952636719,391,0,0,2,0,0,0,91,7,0,OPTIMAL=2,interval_proves_cutoff=91;upper_skipped_by_nonnegative_interval_lower=7
333,0,lp,lower,9,9,0.023471075,0.02304244041442871,674,0,0,9,0,0,0,0,0,0,OPTIMAL=9,
333,0,lp,upper,9,9,0.024421743999999995,0.023924589157104492,695,0,0,9,0,0,0,0,0,0,OPTIMAL=9,
333,1,interval_arithmetic,lower,3136,0,0.0,0.0,0,0,0,0,0,845,0,0,0,2291,,interval_arithmetic=845;lower_skipped_by_nonpositive_upper=2291
333,1,interval_arithmetic,upper,3136,0,0.0,0.0,0,0,0,0,0,3136,0,0,0,0,,interval_arithmetic=3136
333,2,lp,lower,1568,54,0.041440607,0.03962206840515137,284,0,0,54,0,0,0,637,0,877,OPTIMAL=54,interval_proves_cutoff=637;lower_skipped_by_nonpositive_upper=877
333,2,lp,upper,1568,54,0.05064880200000001,0.04312896728515625,369,0,0,54,0,0,0,877,637,0,OPTIMAL=54,interval_proves_cutoff=877;upper_skipped_by_nonnegative_interval_lower=637
333,3,lp,lower,100,0,0.0,0.0,0,0,0,0,0,0,0,8,0,92,,interval_proves_cutoff=8;lower_skipped_by_nonpositive_upper=92
333,3,lp,upper,100,0,0.0,0.0,0,0,0,0,0,0,0,92,8,0,,interval_proves_cutoff=92;upper_skipped_by_nonnegative_interval_lower=8
334,0,lp,lower,9,9,0.064222439,0.06363844871520996,1435,0,0,9,0,0,0,0,0,0,OPTIMAL=9,
334,0,lp,upper,9,9,0.072063251,0.07142829895019531,1460,0,0,9,0,0,0,0,0,0,OPTIMAL=9,
334,1,interval_arithmetic,lower,3136,0,0.0,0.0,0,0,0,0,0,912,0,0,0,2224,,interval_arithmetic=912;lower_skipped_by_nonpositive_upper=2224
334,1,interval_arithmetic,upper,3136,0,0.0,0.0,0,0,0,0,0,3136,0,0,0,0,,interval_arithmetic=3136
334,2,lp,lower,1568,87,0.09375465499999999,0.09033584594726562,1415,0,0,87,0,0,0,681,0,800,OPTIMAL=87,interval_proves_cutoff=681;lower_skipped_by_nonpositive_upper=800
334,2,lp,upper,1568,92,0.10740141800000004,0.09756755828857422,1587,0,0,92,0,0,0,795,681,0,OPTIMAL=92,interval_proves_cutoff=795;upper_skipped_by_nonnegative_interval_lower=681
334,3,lp,lower,100,1,0.006782187,0.0067195892333984375,252,0,0,1,0,0,0,8,0,91,OPTIMAL=1,interval_proves_cutoff=8;lower_skipped_by_nonpositive_upper=91
334,3,lp,upper,100,1,0.007093059,0.006791830062866211,189,0,0,1,0,0,0,91,8,0,OPTIMAL=1,interval_proves_cutoff=91;upper_skipped_by_nonnegative_interval_lower=8
335,0,lp,lower,9,9,0.069800343,0.06924104690551758,1526,0,0,9,0,0,0,0,0,0,OPTIMAL=9,
335,0,lp,upper,9,9,0.084101592,0.08349442481994629,1723,0,0,9,0,0,0,0,0,0,OPTIMAL=9,
335,1,interval_arithmetic,lower,3136,0,0.0,0.0,0,0,0,0,0,910,0,0,0,2226,,interval_arithmetic=910;lower_skipped_by_nonpositive_upper=2226
335,1,interval_arithmetic,upper,3136,0,0.0,0.0,0,0,0,0,0,3136,0,0,0,0,,interval_arithmetic=3136
335,2,lp,lower,1568,94,0.10133010299999999,0.09773015975952148,1402,0,0,94,0,0,0,669,0,805,OPTIMAL=94,interval_proves_cutoff=669;lower_skipped_by_nonpositive_upper=805
335,2,lp,upper,1568,99,0.11850328700000003,0.10842514038085938,1594,0,0,99,0,0,0,800,669,0,OPTIMAL=99,interval_proves_cutoff=800;upper_skipped_by_nonnegative_interval_lower=669
335,3,lp,lower,100,1,0.005843043,0.00577998161315918,243,0,0,1,0,0,0,8,0,91,OPTIMAL=1,interval_proves_cutoff=8;lower_skipped_by_nonpositive_upper=91
335,3,lp,upper,100,1,0.005229553,0.005095958709716797,212,0,0,1,0,0,0,91,8,0,OPTIMAL=1,interval_proves_cutoff=91;upper_skipped_by_nonnegative_interval_lower=8
336,0,lp,lower,9,9,0.042867867999999996,0.04233598709106445,1198,0,0,9,0,0,0,0,0,0,OPTIMAL=9,
336,0,lp,upper,9,9,0.042513022,0.04191422462463379,1253,0,0,9,0,0,0,0,0,0,OPTIMAL=9,
336,1,interval_arithmetic,lower,3136,0,0.0,0.0,0,0,0,0,0,895,0,0,0,2241,,interval_arithmetic=895;lower_skipped_by_nonpositive_upper=2241
336,1,interval_arithmetic,upper,3136,0,0.0,0.0,0,0,0,0,0,3136,0,0,0,0,,interval_arithmetic=3136
336,2,lp,lower,1568,88,0.09455306100000001,0.09116125106811523,1205,0,0,88,0,0,0,663,0,817,OPTIMAL=88,interval_proves_cutoff=663;lower_skipped_by_nonpositive_upper=817
336,2,lp,upper,1568,95,0.11637729100000001,0.1067197322845459,1432,0,0,95,0,0,0,810,663,0,OPTIMAL=95,interval_proves_cutoff=810;upper_skipped_by_nonnegative_interval_lower=663
336,3,lp,lower,100,0,0.0,0.0,0,0,0,0,0,0,0,9,0,91,,interval_proves_cutoff=9;lower_skipped_by_nonpositive_upper=91
336,3,lp,upper,100,0,0.0,0.0,0,0,0,0,0,0,0,91,9,0,,interval_proves_cutoff=91;upper_skipped_by_nonnegative_interval_lower=9
337,0,lp,lower,9,9,0.047998543,0.0474395751953125,1366,0,0,9,0,0,0,0,0,0,OPTIMAL=9,
337,0,lp,upper,9,9,0.054028482,0.053368330001831055,1440,0,0,9,0,0,0,0,0,0,OPTIMAL=9,
337,1,interval_arithmetic,lower,3136,0,0.0,0.0,0,0,0,0,0,926,0,0,0,2210,,interval_arithmetic=926;lower_skipped_by_nonpositive_upper=2210
337,1,interval_arithmetic,upper,3136,0,0.0,0.0,0,0,0,0,0,3136,0,0,0,0,,interval_arithmetic=3136
337,2,lp,lower,1568,95,0.10151241400000002,0.09791135787963867,1452,0,0,95,0,0,0,657,0,816,OPTIMAL=95,interval_proves_cutoff=657;lower_skipped_by_nonpositive_upper=816
337,2,lp,upper,1568,96,0.113698392,0.1040351390838623,1491,0,0,96,0,0,0,815,657,0,OPTIMAL=96,interval_proves_cutoff=815;upper_skipped_by_nonnegative_interval_lower=657
337,3,lp,lower,100,0,0.0,0.0,0,0,0,0,0,0,0,9,0,91,,interval_proves_cutoff=9;lower_skipped_by_nonpositive_upper=91
337,3,lp,upper,100,0,0.0,0.0,0,0,0,0,0,0,0,91,9,0,,interval_proves_cutoff=91;upper_skipped_by_nonnegative_interval_lower=9
338,0,lp,lower,9,9,0.043045992,0.0424497127532959,1121,0,0,9,0,0,0,0,0,0,OPTIMAL=9,
338,0,lp,upper,9,9,0.047822382999999996,0.04726004600524902,1150,0,0,9,0,0,0,0,0,0,OPTIMAL=9,
338,1,interval_arithmetic,lower,3136,0,0.0,0.0,0,0,0,0,0,889,0,0,0,2247,,interval_arithmetic=889;lower_skipped_by_nonpositive_upper=2247
338,1,interval_arithmetic,upper,3136,0,0.0,0.0,0,0,0,0,0,3136,0,0,0,0,,interval_arithmetic=3136
338,2,lp,lower,1568,75,0.07235594900000002,0.06959033012390137,786,0,0,75,0,0,0,668,0,825,OPTIMAL=75,interval_proves_cutoff=668;lower_skipped_by_nonpositive_upper=825
338,2,lp,upper,1568,79,0.08888284000000006,0.07992982864379883,1088,0,0,79,0,0,0,821,668,0,OPTIMAL=79,interval_proves_cutoff=821;upper_skipped_by_nonnegative_interval_lower=668
338,3,lp,lower,100,1,0.005513474,0.005457639694213867,217,0,0,1,0,0,0,7,0,92,OPTIMAL=1,interval_proves_cutoff=7;lower_skipped_by_nonpositive_upper=92
338,3,lp,upper,100,1,0.00410977,0.003985881805419922,163,0,0,1,0,0,0,92,7,0,OPTIMAL=1,interval_proves_cutoff=92;upper_skipped_by_nonnegative_interval_lower=7
339,0,lp,lower,9,9,0.08609198800000001,0.08546972274780273,1675,0,0,9,0,0,0,0,0,0,OPTIMAL=9,
339,0,lp,upper,9,9,0.07361589800000001,0.07298755645751953,1692,0,0,9,0,0,0,0,0,0,OPTIMAL=9,
339,1,interval_arithmetic,lower,3136,0,0.0,0.0,0,0,0,0,0,971,0,0,0,2165,,interval_arithmetic=971;lower_skipped_by_nonpositive_upper=2165
339,1,interval_arithmetic,upper,3136,0,0.0,0.0,0,0,0,0,0,3136,0,0,0,0,,interval_arithmetic=3136
339,2,lp,lower,1568,112,0.132180193,0.1275639533996582,1773,0,0,112,0,0,0,688,0,768,OPTIMAL=112,interval_proves_cutoff=688;lower_skipped_by_nonpositive_upper=768
339,2,lp,upper,1568,123,0.15552697100000007,0.14412927627563477,2021,0,0,123,0,0,0,757,688,0,OPTIMAL=123,interval_proves_cutoff=757;upper_skipped_by_nonnegative_interval_lower=688
339,3,lp,lower,100,1,0.011535162,0.011457681655883789,335,0,0,1,0,0,0,8,0,91,OPTIMAL=1,interval_proves_cutoff=8;lower_skipped_by_nonpositive_upper=91
339,3,lp,upper,100,1,0.009293845,0.009176015853881836,294,0,0,1,0,0,0,91,8,0,OPTIMAL=1,interval_proves_cutoff=91;upper_skipped_by_nonnegative_interval_lower=8
340,0,lp,lower,9,9,0.06902039,0.06842589378356934,1553,0,0,9,0,0,0,0,0,0,OPTIMAL=9,
340,0,lp,upper,9,9,0.064776102,0.06416726112365723,1534,0,0,9,0,0,0,0,0,0,OPTIMAL=9,
340,1,interval_arithmetic,lower,3136,0,0.0,0.0,0,0,0,0,0,916,0,0,0,2220,,interval_arithmetic=916;lower_skipped_by_nonpositive_upper=2220
340,1,interval_arithmetic,upper,3136,0,0.0,0.0,0,0,0,0,0,3136,0,0,0,0,,interval_arithmetic=3136
340,2,lp,lower,1568,102,0.114762218,0.11072826385498047,1513,0,0,102,0,0,0,676,0,790,OPTIMAL=102,interval_proves_cutoff=676;lower_skipped_by_nonpositive_upper=790
340,2,lp,upper,1568,105,0.12649874,0.11617469787597656,1682,0,0,105,0,0,0,787,676,0,OPTIMAL=105,interval_proves_cutoff=787;upper_skipped_by_nonnegative_interval_lower=676
340,3,lp,lower,100,1,0.008494499,0.00842142105102539,273,0,0,1,0,0,0,8,0,91,OPTIMAL=1,interval_proves_cutoff=8;lower_skipped_by_nonpositive_upper=91
340,3,lp,upper,100,1,0.006173992,0.0060384273529052734,226,0,0,1,0,0,0,91,8,0,OPTIMAL=1,interval_proves_cutoff=91;upper_skipped_by_nonnegative_interval_lower=8
342,0,lp,lower,9,9,0.083356767,0.08266949653625488,1829,0,0,9,0,0,0,0,0,0,OPTIMAL=9,
342,0,lp,upper,9,9,0.093746034,0.0930323600769043,1921,0,0,9,0,0,0,0,0,0,OPTIMAL=9,
342,1,interval_arithmetic,lower,3136,0,0.0,0.0,0,0,0,0,0,887,0,0,0,2249,,interval_arithmetic=887;lower_skipped_by_nonpositive_upper=2249
342,1,interval_arithmetic,upper,3136,0,0.0,0.0,0,0,0,0,0,3136,0,0,0,0,,interval_arithmetic=3136
342,2,lp,lower,1568,140,0.15310168700000001,0.14768338203430176,2562,0,0,140,0,0,0,622,0,806,OPTIMAL=140,interval_proves_cutoff=622;lower_skipped_by_nonpositive_upper=806
342,2,lp,upper,1568,152,0.17721724200000008,0.16515350341796875,2973,0,0,152,0,0,0,794,622,0,OPTIMAL=152,interval_proves_cutoff=794;upper_skipped_by_nonnegative_interval_lower=622
342,3,lp,lower,100,2,0.019098985,0.018955230712890625,409,0,0,2,0,0,0,7,0,91,OPTIMAL=2,interval_proves_cutoff=7;lower_skipped_by_nonpositive_upper=91
342,3,lp,upper,100,2,0.01841648,0.018187999725341797,510,0,0,2,0,0,0,91,7,0,OPTIMAL=2,interval_proves_cutoff=91;upper_skipped_by_nonnegative_interval_lower=7
343,0,lp,lower,9,9,0.04718863400000001,0.04664278030395508,1026,0,0,9,0,0,0,0,0,0,OPTIMAL=9,
343,0,lp,upper,9,9,0.05418028400000001,0.053637027740478516,1080,0,0,9,0,0,0,0,0,0,OPTIMAL=9,
343,1,interval_arithmetic,lower,3136,0,0.0,0.0,0,0,0,0,0,858,0,0,0,2278,,interval_arithmetic=858;lower_skipped_by_nonpositive_upper=2278
343,1,interval_arithmetic,upper,3136,0,0.0,0.0,0,0,0,0,0,3136,0,0,0,0,,interval_arithmetic=3136
343,2,lp,lower,1568,65,0.057760851,0.055448293685913086,689,0,0,65,0,0,0,643,0,860,OPTIMAL=65,interval_proves_cutoff=643;lower_skipped_by_nonpositive_upper=860
343,2,lp,upper,1568,70,0.072535462,0.06409168243408203,936,0,0,70,0,0,0,855,643,0,OPTIMAL=70,interval_proves_cutoff=855;upper_skipped_by_nonnegative_interval_lower=643
343,3,lp,lower,100,3,0.009867399,0.009707212448120117,258,0,0,3,0,0,0,6,0,91,OPTIMAL=3,interval_proves_cutoff=6;lower_skipped_by_nonpositive_upper=91
343,3,lp,upper,100,3,0.009273267,0.009033918380737305,295,0,0,3,0,0,0,91,6,0,OPTIMAL=3,interval_proves_cutoff=91;upper_skipped_by_nonnegative_interval_lower=6
344,0,lp,lower,9,9,0.06344561900000001,0.06283783912658691,1581,0,0,9,0,0,0,0,0,0,OPTIMAL=9,
344,0,lp,upper,9,9,0.084916446,0.08426737785339355,1840,0,0,9,0,0,0,0,0,0,OPTIMAL=9,
344,1,interval_arithmetic,lower,3136,0,0.0,0.0,0,0,0,0,0,946,0,0,0,2190,,interval_arithmetic=946;lower_skipped_by_nonpositive_upper=2190
344,1,interval_arithmetic,upper,3136,0,0.0,0.0,0,0,0,0,0,3136,0,0,0,0,,interval_arithmetic=3136
344,2,lp,lower,1568,102,0.12009994800000001,0.11595726013183594,1901,0,0,102,0,0,0,679,0,787,OPTIMAL=102,interval_proves_cutoff=679;lower_skipped_by_nonpositive_upper=787
344,2,lp,upper,1568,110,0.13892629599999998,0.1279773712158203,2120,0,0,110,0,0,0,779,679,0,OPTIMAL=110,interval_proves_cutoff=779;upper_skipped_by_nonnegative_interval_lower=679
344,3,lp,lower,100,2,0.015011001999999999,0.014871597290039062,375,0,0,2,0,0,0,7,0,91,OPTIMAL=2,interval_proves_cutoff=7;lower_skipped_by_nonpositive_upper=91
344,3,lp,upper,100,2,0.014534594999999999,0.01432180404663086,412,0,0,2,0,0,0,91,7,0,OPTIMAL=2,interval_proves_cutoff=91;upper_skipped_by_nonnegative_interval_lower=7
345,0,lp,lower,9,9,0.070491815,0.06988072395324707,1527,0,0,9,0,0,0,0,0,0,OPTIMAL=9,
345,0,lp,upper,9,9,0.064497033,0.06374549865722656,1585,0,0,9,0,0,0,0,0,0,OPTIMAL=9,
345,1,interval_arithmetic,lower,3136,0,0.0,0.0,0,0,0,0,0,922,0,0,0,2214,,interval_arithmetic=922;lower_skipped_by_nonpositive_upper=2214
345,1,interval_arithmetic,upper,3136,0,0.0,0.0,0,0,0,0,0,3136,0,0,0,0,,interval_arithmetic=3136
345,2,lp,lower,1568,116,0.132858743,0.12825870513916016,2331,0,0,116,0,0,0,651,0,801,OPTIMAL=116,interval_proves_cutoff=651;lower_skipped_by_nonpositive_upper=801
345,2,lp,upper,1568,121,0.14841717799999996,0.13730120658874512,2345,0,0,121,0,0,0,796,651,0,OPTIMAL=121,interval_proves_cutoff=796;upper_skipped_by_nonnegative_interval_lower=651
345,3,lp,lower,100,0,0.0,0.0,0,0,0,0,0,0,0,9,0,91,,interval_proves_cutoff=9;lower_skipped_by_nonpositive_upper=91
345,3,lp,upper,100,0,0.0,0.0,0,0,0,0,0,0,0,91,9,0,,interval_proves_cutoff=91;upper_skipped_by_nonnegative_interval_lower=9
346,0,lp,lower,9,9,0.020344622,0.019924163818359375,486,0,0,9,0,0,0,0,0,0,OPTIMAL=9,
346,0,lp,upper,9,9,0.020898739,0.020487546920776367,499,0,0,9,0,0,0,0,0,0,OPTIMAL=9,
346,1,interval_arithmetic,lower,3136,0,0.0,0.0,0,0,0,0,0,851,0,0,0,2285,,interval_arithmetic=851;lower_skipped_by_nonpositive_upper=2285
346,1,interval_arithmetic,upper,3136,0,0.0,0.0,0,0,0,0,0,3136,0,0,0,0,,interval_arithmetic=3136
346,2,lp,lower,1568,33,0.025032340000000004,0.02393960952758789,116,0,0,33,0,0,0,659,0,876,OPTIMAL=33,interval_proves_cutoff=659;lower_skipped_by_nonpositive_upper=876
346,2,lp,upper,1568,35,0.03551752699999999,0.028647184371948242,228,0,0,35,0,0,0,874,659,0,OPTIMAL=35,interval_proves_cutoff=874;upper_skipped_by_nonnegative_interval_lower=659
346,3,lp,lower,100,1,0.001691703,0.0016474723815917969,68,0,0,1,0,0,0,7,0,92,OPTIMAL=1,interval_proves_cutoff=7;lower_skipped_by_nonpositive_upper=92
346,3,lp,upper,100,1,0.002033431,0.001912832260131836,66,0,0,1,0,0,0,92,7,0,OPTIMAL=1,interval_proves_cutoff=92;upper_skipped_by_nonnegative_interval_lower=7
347,0,lp,lower,9,9,0.055092509000000005,0.05452895164489746,1294,0,0,9,0,0,0,0,0,0,OPTIMAL=9,
347,0,lp,upper,9,9,0.07589563499999999,0.0752718448638916,1716,0,0,9,0,0,0,0,0,0,OPTIMAL=9,
347,1,interval_arithmetic,lower,3136,0,0.0,0.0,0,0,0,0,0,922,0,0,0,2214,,interval_arithmetic=922;lower_skipped_by_nonpositive_upper=2214
347,1,interval_arithmetic,upper,3136,0,0.0,0.0,0,0,0,0,0,3136,0,0,0,0,,interval_arithmetic=3136
347,2,lp,lower,1568,98,0.09622279000000002,0.09259748458862305,1412,0,0,98,0,0,0,655,0,815,OPTIMAL=98,interval_proves_cutoff=655;lower_skipped_by_nonpositive_upper=815
347,2,lp,upper,1568,103,0.11035070399999994,0.10032486915588379,1494,0,0,103,0,0,0,810,655,0,OPTIMAL=103,interval_proves_cutoff=810;upper_skipped_by_nonnegative_interval_lower=655
347,3,lp,lower,100,0,0.0,0.0,0,0,0,0,0,0,0,9,0,91,,interval_proves_cutoff=9;lower_skipped_by_nonpositive_upper=91
347,3,lp,upper,100,0,0.0,0.0,0,0,0,0,0,0,0,91,9,0,,interval_proves_cutoff=91;upper_skipped_by_nonnegative_interval_lower=9
348,0,lp,lower,9,9,0.07882862199999999,0.077117919921875,1560,0,0,9,0,0,0,0,0,0,OPTIMAL=9,
348,0,lp,upper,9,9,0.07475547999999999,0.07415127754211426,1422,0,0,9,0,0,0,0,0,0,OPTIMAL=9,
348,1,interval_arithmetic,lower,3136,0,0.0,0.0,0,0,0,0,0,958,0,0,0,2178,,interval_arithmetic=958;lower_skipped_by_nonpositive_upper=2178
348,1,interval_arithmetic,upper,3136,0,0.0,0.0,0,0,0,0,0,3136,0,0,0,0,,interval_arithmetic=3136
348,2,lp,lower,1568,94,0.09540748099999997,0.09176516532897949,1101,0,0,94,0,0,0,684,0,790,OPTIMAL=94,interval_proves_cutoff=684;lower_skipped_by_nonpositive_upper=790
348,2,lp,upper,1568,99,0.108055223,0.09804630279541016,1242,0,0,99,0,0,0,785,684,0,OPTIMAL=99,interval_proves_cutoff=785;upper_skipped_by_nonnegative_interval_lower=684
348,3,lp,lower,100,1,0.007557107,0.007491588592529297,245,0,0,1,0,0,0,8,0,91,OPTIMAL=1,interval_proves_cutoff=8;lower_skipped_by_nonpositive_upper=91
348,3,lp,upper,100,1,0.0059437,0.005816459655761719,210,0,0,1,0,0,0,91,8,0,OPTIMAL=1,interval_proves_cutoff=91;upper_skipped_by_nonnegative_interval_lower=8
349,0,lp,lower,9,9,0.035224252,0.03471660614013672,934,0,0,9,0,0,0,0,0,0,OPTIMAL=9,
349,0,lp,upper,9,9,0.031964108000000005,0.031465768814086914,858,0,0,9,0,0,0,0,0,0,OPTIMAL=9,
349,1,interval_arithmetic,lower,3136,0,0.0,0.0,0,0,0,0,0,856,0,0,0,2280,,interval_arithmetic=856;lower_skipped_by_nonpositive_upper=2280
349,1,interval_arithmetic,upper,3136,0,0.0,0.0,0,0,0,0,0,3136,0,0,0,0,,interval_arithmetic=3136
349,2,lp,lower,1568,66,0.059793401,0.057474613189697266,643,0,0,66,0,0,0,632,0,870,OPTIMAL=66,interval_proves_cutoff=632;lower_skipped_by_nonpositive_upper=870
349,2,lp,upper,1568,70,0.07051037300000002,0.06213808059692383,753,0,0,70,0,0,0,866,632,0,OPTIMAL=70,interval_proves_cutoff=866;upper_skipped_by_nonnegative_interval_lower=632
349,3,lp,lower,100,2,0.006241071,0.006136417388916016,176,0,0,2,0,0,0,7,0,91,OPTIMAL=2,interval_proves_cutoff=7;lower_skipped_by_nonpositive_upper=91
349,3,lp,upper,100,2,0.007354365999999999,0.007169008255004883,243,0,0,2,0,0,0,91,7,0,OPTIMAL=2,interval_proves_cutoff=91;upper_skipped_by_nonnegative_interval_lower=7
350,0,lp,lower,9,9,0.039280476,0.03877401351928711,1181,0,0,9,0,0,0,0,0,0,OPTIMAL=9,
350,0,lp,upper,9,9,0.039965904999999996,0.039373159408569336,1231,0,0,9,0,0,0,0,0,0,OPTIMAL=9,
350,1,interval_arithmetic,lower,3136,0,0.0,0.0,0,0,0,0,0,898,0,0,0,2238,,interval_arithmetic=898;lower_skipped_by_nonpositive_upper=2238
350,1,interval_arithmetic,upper,3136,0,0.0,0.0,0,0,0,0,0,3136,0,0,0,0,,interval_arithmetic=3136
350,2,lp,lower,1568,75,0.08154018600000003,0.0786428451538086,1045,0,0,75,0,0,0,650,0,843,OPTIMAL=75,interval_proves_cutoff=650;lower_skipped_by_nonpositive_upper=843
350,2,lp,upper,1568,79,0.095531495,0.08661532402038574,1235,0,0,79,0,0,0,839,650,0,OPTIMAL=79,interval_proves_cutoff=839;upper_skipped_by_nonnegative_interval_lower=650
350,3,lp,lower,100,0,0.0,0.0,0,0,0,0,0,0,0,9,0,91,,interval_proves_cutoff=9;lower_skipped_by_nonpositive_upper=91
350,3,lp,upper,100,0,0.0,0.0,0,0,0,0,0,0,0,91,9,0,,interval_proves_cutoff=91;upper_skipped_by_nonnegative_interval_lower=9
351,0,lp,lower,9,9,0.022053844,0.02161550521850586,638,0,0,9,0,0,0,0,0,0,OPTIMAL=9,
351,0,lp,upper,9,9,0.022947691,0.02234935760498047,691,0,0,9,0,0,0,0,0,0,OPTIMAL=9,
351,1,interval_arithmetic,lower,3136,0,0.0,0.0,0,0,0,0,0,864,0,0,0,2272,,interval_arithmetic=864;lower_skipped_by_nonpositive_upper=2272
351,1,interval_arithmetic,upper,3136,0,0.0,0.0,0,0,0,0,0,3136,0,0,0,0,,interval_arithmetic=3136
351,2,lp,lower,1568,57,0.04611446500000001,0.044040679931640625,295,0,0,57,0,0,0,641,0,870,OPTIMAL=57,interval_proves_cutoff=641;lower_skipped_by_nonpositive_upper=870
351,2,lp,upper,1568,60,0.05921681299999999,0.050733327865600586,439,0,0,60,0,0,0,867,641,0,OPTIMAL=60,interval_proves_cutoff=867;upper_skipped_by_nonnegative_interval_lower=641
351,3,lp,lower,100,0,0.0,0.0,0,0,0,0,0,0,0,9,0,91,,interval_proves_cutoff=9;lower_skipped_by_nonpositive_upper=91
351,3,lp,upper,100,0,0.0,0.0,0,0,0,0,0,0,0,91,9,0,,interval_proves_cutoff=91;upper_skipped_by_nonnegative_interval_lower=9
352,0,lp,lower,9,9,0.078357593,0.07780098915100098,1607,0,0,9,0,0,0,0,0,0,OPTIMAL=9,
352,0,lp,upper,9,9,0.07614789799999999,0.07557392120361328,1573,0,0,9,0,0,0,0,0,0,OPTIMAL=9,
352,1,interval_arithmetic,lower,3136,0,0.0,0.0,0,0,0,0,0,935,0,0,0,2201,,interval_arithmetic=935;lower_skipped_by_nonpositive_upper=2201
352,1,interval_arithmetic,upper,3136,0,0.0,0.0,0,0,0,0,0,3136,0,0,0,0,,interval_arithmetic=3136
352,2,lp,lower,1568,82,0.08229637300000002,0.0792243480682373,1012,0,0,82,0,0,0,697,0,789,OPTIMAL=82,interval_proves_cutoff=697;lower_skipped_by_nonpositive_upper=789
352,2,lp,upper,1568,87,0.09496912299999997,0.08558416366577148,1102,0,0,87,0,0,0,784,697,0,OPTIMAL=87,interval_proves_cutoff=784;upper_skipped_by_nonnegative_interval_lower=697
352,3,lp,lower,100,1,0.005406462,0.005338907241821289,232,0,0,1,0,0,0,8,0,91,OPTIMAL=1,interval_proves_cutoff=8;lower_skipped_by_nonpositive_upper=91
352,3,lp,upper,100,1,0.006440037,0.006235837936401367,212,0,0,1,0,0,0,91,8,0,OPTIMAL=1,interval_proves_cutoff=91;upper_skipped_by_nonnegative_interval_lower=8
353,0,lp,lower,9,9,0.091515649,0.0908205509185791,1930,0,0,9,0,0,0,0,0,0,OPTIMAL=9,
353,0,lp,upper,9,9,0.11611453500000002,0.11546659469604492,2141,0,0,9,0,0,0,0,0,0,OPTIMAL=9,
353,1,interval_arithmetic,lower,3136,0,0.0,0.0,0,0,0,0,0,970,0,0,0,2166,,interval_arithmetic=970;lower_skipped_by_nonpositive_upper=2166
353,1,interval_arithmetic,upper,3136,0,0.0,0.0,0,0,0,0,0,3136,0,0,0,0,,interval_arithmetic=3136
353,2,lp,lower,1568,116,0.130271124,0.12560606002807617,1655,0,0,116,0,0,0,697,0,755,OPTIMAL=116,interval_proves_cutoff=697;lower_skipped_by_nonpositive_upper=755
353,2,lp,upper,1568,123,0.14882925899999994,0.13774514198303223,1922,0,0,123,0,0,0,748,697,0,OPTIMAL=123,interval_proves_cutoff=748;upper_skipped_by_nonnegative_interval_lower=697
353,3,lp,lower,100,1,0.010346742,0.010265111923217773,328,0,0,1,0,0,0,8,0,91,OPTIMAL=1,interval_proves_cutoff=8;lower_skipped_by_nonpositive_upper=91
353,3,lp,upper,100,1,0.007681622,0.007552146911621094,251,0,0,1,0,0,0,91,8,0,OPTIMAL=1,interval_proves_cutoff=91;upper_skipped_by_nonnegative_interval_lower=8
354,0,lp,lower,9,9,0.042897082999999996,0.04239368438720703,1225,0,0,9,0,0,0,0,0,0,OPTIMAL=9,
354,0,lp,upper,9,9,0.049956937,0.04941821098327637,1308,0,0,9,0,0,0,0,0,0,OPTIMAL=9,
354,1,interval_arithmetic,lower,3136,0,0.0,0.0,0,0,0,0,0,987,0,0,0,2149,,interval_arithmetic=987;lower_skipped_by_nonpositive_upper=2149
354,1,interval_arithmetic,upper,3136,0,0.0,0.0,0,0,0,0,0,3136,0,0,0,0,,interval_arithmetic=3136
354,2,lp,lower,1568,68,0.07466147699999999,0.07198143005371094,976,0,0,68,0,0,0,687,0,813,OPTIMAL=68,interval_proves_cutoff=687;lower_skipped_by_nonpositive_upper=813
354,2,lp,upper,1568,74,0.09108179799999999,0.08211302757263184,1145,0,0,74,0,0,0,807,687,0,OPTIMAL=74,interval_proves_cutoff=807;upper_skipped_by_nonnegative_interval_lower=687
354,3,lp,lower,100,1,0.004647866,0.004590749740600586,212,0,0,1,0,0,0,8,0,91,OPTIMAL=1,interval_proves_cutoff=8;lower_skipped_by_nonpositive_upper=91
354,3,lp,upper,100,1,0.004250064,0.004130125045776367,185,0,0,1,0,0,0,91,8,0,OPTIMAL=1,interval_proves_cutoff=91;upper_skipped_by_nonnegative_interval_lower=8
355,0,lp,lower,9,9,0.052483133,0.05198526382446289,1136,0,0,9,0,0,0,0,0,0,OPTIMAL=9,
355,0,lp,upper,9,9,0.053721070999999995,0.05318284034729004,1171,0,0,9,0,0,0,0,0,0,OPTIMAL=9,
355,1,interval_arithmetic,lower,3136,0,0.0,0.0,0,0,0,0,0,860,0,0,0,2276,,interval_arithmetic=860;lower_skipped_by_nonpositive_upper=2276
355,1,interval_arithmetic,upper,3136,0,0.0,0.0,0,0,0,0,0,3136,0,0,0,0,,interval_arithmetic=3136
355,2,lp,lower,1568,75,0.07264869499999999,0.06991839408874512,835,0,0,75,0,0,0,630,0,863,OPTIMAL=75,interval_proves_cutoff=630;lower_skipped_by_nonpositive_upper=863
355,2,lp,upper,1568,76,0.08215681199999998,0.07352423667907715,909,0,0,76,0,0,0,862,630,0,OPTIMAL=76,interval_proves_cutoff=862;upper_skipped_by_nonnegative_interval_lower=630
355,3,lp,lower,100,1,0.007733469,0.007673025131225586,225,0,0,1,0,0,0,8,0,91,OPTIMAL=1,interval_proves_cutoff=8;lower_skipped_by_nonpositive_upper=91
355,3,lp,upper,100,1,0.005266795,0.005140066146850586,169,0,0,1,0,0,0,91,8,0,OPTIMAL=1,interval_proves_cutoff=91;upper_skipped_by_nonnegative_interval_lower=8
356,0,lp,lower,9,9,0.058744595999999996,0.05817151069641113,1407,0,0,9,0,0,0,0,0,0,OPTIMAL=9,
356,0,lp,upper,9,9,0.05826343999999999,0.05761003494262695,1393,0,0,9,0,0,0,0,0,0,OPTIMAL=9,
356,1,interval_arithmetic,lower,3136,0,0.0,0.0,0,0,0,0,0,928,0,0,0,2208,,interval_arithmetic=928;lower_skipped_by_nonpositive_upper=2208
356,1,interval_arithmetic,upper,3136,0,0.0,0.0,0,0,0,0,0,3136,0,0,0,0,,interval_arithmetic=3136
356,2,lp,lower,1568,109,0.11746498400000005,0.11323833465576172,1721,0,0,109,0,0,0,655,0,804,OPTIMAL=109,interval_proves_cutoff=655;lower_skipped_by_nonpositive_upper=804
356,2,lp,upper,1568,116,0.13238870900000002,0.12174844741821289,1859,0,0,116,0,0,0,797,655,0,OPTIMAL=116,interval_proves_cutoff=797;upper_skipped_by_nonnegative_interval_lower=655
356,3,lp,lower,100,1,0.010472519,0.010404109954833984,306,0,0,1,0,0,0,8,0,91,OPTIMAL=1,interval_proves_cutoff=8;lower_skipped_by_nonpositive_upper=91
356,3,lp,upper,100,1,0.007297542,0.007164955139160156,239,0,0,1,0,0,0,91,8,0,OPTIMAL=1,interval_proves_cutoff=91;upper_skipped_by_nonnegative_interval_lower=8
357,0,lp,lower,9,9,0.087201192,0.0865621566772461,1599,0,0,9,0,0,0,0,0,0,OPTIMAL=9,
357,0,lp,upper,9,9,0.081657586,0.08107233047485352,1590,0,0,9,0,0,0,0,0,0,OPTIMAL=9,
357,1,interval_arithmetic,lower,3136,0,0.0,0.0,0,0,0,0,0,940,0,0,0,2196,,interval_arithmetic=940;lower_skipped_by_nonpositive_upper=2196
357,1,interval_arithmetic,upper,3136,0,0.0,0.0,0,0,0,0,0,3136,0,0,0,0,,interval_arithmetic=3136
357,2,lp,lower,1568,90,0.091676003,0.0882418155670166,1009,0,0,90,0,0,0,678,0,800,OPTIMAL=90,interval_proves_cutoff=678;lower_skipped_by_nonpositive_upper=800
357,2,lp,upper,1568,95,0.12001703,0.0977182388305664,1231,0,0,95,0,0,0,795,678,0,OPTIMAL=95,interval_proves_cutoff=795;upper_skipped_by_nonnegative_interval_lower=678
357,3,lp,lower,100,2,0.008605685,0.008478164672851562,268,0,0,2,0,0,0,7,0,91,OPTIMAL=2,interval_proves_cutoff=7;lower_skipped_by_nonpositive_upper=91
357,3,lp,upper,100,2,0.008823308,0.008635520935058594,329,0,0,2,0,0,0,91,7,0,OPTIMAL=2,interval_proves_cutoff=91;upper_skipped_by_nonnegative_interval_lower=7
358,0,lp,lower,9,9,0.030403891,0.029936790466308594,816,0,0,9,0,0,0,0,0,0,OPTIMAL=9,
358,0,lp,upper,9,9,0.039137276,0.03855586051940918,999,0,0,9,0,0,0,0,0,0,OPTIMAL=9,
358,1,interval_arithmetic,lower,3136,0,0.0,0.0,0,0,0,0,0,832,0,0,0,2304,,interval_arithmetic=832;lower_skipped_by_nonpositive_upper=2304
358,1,interval_arithmetic,upper,3136,0,0.0,0.0,0,0,0,0,0,3136,0,0,0,0,,interval_arithmetic=3136
358,2,lp,lower,1568,79,0.06632731600000003,0.06359100341796875,497,0,0,79,0,0,0,612,0,877,OPTIMAL=79,interval_proves_cutoff=612;lower_skipped_by_nonpositive_upper=877
358,2,lp,upper,1568,81,0.07396087999999999,0.06536507606506348,685,0,0,81,0,0,0,875,612,0,OPTIMAL=81,interval_proves_cutoff=875;upper_skipped_by_nonnegative_interval_lower=612
358,3,lp,lower,100,0,0.0,0.0,0,0,0,0,0,0,0,9,0,91,,interval_proves_cutoff=9;lower_skipped_by_nonpositive_upper=91
358,3,lp,upper,100,0,0.0,0.0,0,0,0,0,0,0,0,91,9,0,,interval_proves_cutoff=91;upper_skipped_by_nonnegative_interval_lower=9
359,0,lp,lower,9,9,0.041306756,0.040822744369506836,1007,0,0,9,0,0,0,0,0,0,OPTIMAL=9,
359,0,lp,upper,9,9,0.043565755000000005,0.043059349060058594,1073,0,0,9,0,0,0,0,0,0,OPTIMAL=9,
359,1,interval_arithmetic,lower,3136,0,0.0,0.0,0,0,0,0,0,881,0,0,0,2255,,interval_arithmetic=881;lower_skipped_by_nonpositive_upper=2255
359,1,interval_arithmetic,upper,3136,0,0.0,0.0,0,0,0,0,0,3136,0,0,0,0,,interval_arithmetic=3136
359,2,lp,lower,1568,84,0.08035134900000003,0.07730531692504883,1012,0,0,84,0,0,0,645,0,839,OPTIMAL=84,interval_proves_cutoff=645;lower_skipped_by_nonpositive_upper=839
359,2,lp,upper,1568,95,0.099995953,0.0905919075012207,1321,0,0,95,0,0,0,828,645,0,OPTIMAL=95,interval_proves_cutoff=828;upper_skipped_by_nonnegative_interval_lower=645
359,3,lp,lower,100,1,0.005762231,0.005689859390258789,199,0,0,1,0,0,0,8,0,91,OPTIMAL=1,interval_proves_cutoff=8;lower_skipped_by_nonpositive_upper=91
359,3,lp,upper,100,1,0.006044621,0.005858421325683594,174,0,0,1,0,0,0,91,8,0,OPTIMAL=1,interval_proves_cutoff=91;upper_skipped_by_nonnegative_interval_lower=8
360,0,lp,lower,9,9,0.053318514000000004,0.052780866622924805,1311,0,0,9,0,0,0,0,0,0,OPTIMAL=9,
360,0,lp,upper,9,9,0.056469283999999995,0.05592226982116699,1346,0,0,9,0,0,0,0,0,0,OPTIMAL=9,
360,1,interval_arithmetic,lower,3136,0,0.0,0.0,0,0,0,0,0,932,0,0,0,2204,,interval_arithmetic=932;lower_skipped_by_nonpositive_upper=2204
360,1,interval_arithmetic,upper,3136,0,0.0,0.0,0,0,0,0,0,3136,0,0,0,0,,interval_arithmetic=3136
360,2,lp,lower,1568,86,0.08899363499999999,0.0857534408569336,1068,0,0,86,0,0,0,665,0,817,OPTIMAL=86,interval_proves_cutoff=665;lower_skipped_by_nonpositive_upper=817
360,2,lp,upper,1568,92,0.10575731899999999,0.09589838981628418,1231,0,0,92,0,0,0,811,665,0,OPTIMAL=92,interval_proves_cutoff=811;upper_skipped_by_nonnegative_interval_lower=665
360,3,lp,lower,100,1,0.005017124,0.004954099655151367,236,0,0,1,0,0,0,8,0,91,OPTIMAL=1,interval_proves_cutoff=8;lower_skipped_by_nonpositive_upper=91
360,3,lp,upper,100,1,0.004322101,0.004187583923339844,188,0,0,1,0,0,0,91,8,0,OPTIMAL=1,interval_proves_cutoff=91;upper_skipped_by_nonnegative_interval_lower=8
361,0,lp,lower,9,9,0.040880915,0.04037594795227051,1113,0,0,9,0,0,0,0,0,0,OPTIMAL=9,
361,0,lp,upper,9,9,0.047118577999999994,0.046584129333496094,1120,0,0,9,0,0,0,0,0,0,OPTIMAL=9,
361,1,interval_arithmetic,lower,3136,0,0.0,0.0,0,0,0,0,0,919,0,0,0,2217,,interval_arithmetic=919;lower_skipped_by_nonpositive_upper=2217
361,1,interval_arithmetic,upper,3136,0,0.0,0.0,0,0,0,0,0,3136,0,0,0,0,,interval_arithmetic=3136
361,2,lp,lower,1568,73,0.07192759,0.06918907165527344,947,0,0,73,0,0,0,676,0,819,OPTIMAL=73,interval_proves_cutoff=676;lower_skipped_by_nonpositive_upper=819
361,2,lp,upper,1568,79,0.08675068599999998,0.0775291919708252,1054,0,0,79,0,0,0,813,676,0,OPTIMAL=79,interval_proves_cutoff=813;upper_skipped_by_nonnegative_interval_lower=676
361,3,lp,lower,100,2,0.006880729,0.006779193878173828,224,0,0,2,0,0,0,7,0,91,OPTIMAL=2,interval_proves_cutoff=7;lower_skipped_by_nonpositive_upper=91
361,3,lp,upper,100,2,0.008386335,0.008214473724365234,312,0,0,2,0,0,0,91,7,0,OPTIMAL=2,interval_proves_cutoff=91;upper_skipped_by_nonnegative_interval_lower=7
362,0,lp,lower,9,9,0.051122305,0.050579071044921875,1421,0,0,9,0,0,0,0,0,0,OPTIMAL=9,
362,0,lp,upper,9,9,0.05676585499999999,0.05611085891723633,1509,0,0,9,0,0,0,0,0,0,OPTIMAL=9,
362,1,interval_arithmetic,lower,3136,0,0.0,0.0,0,0,0,0,0,926,0,0,0,2210,,interval_arithmetic=926;lower_skipped_by_nonpositive_upper=2210
362,1,interval_arithmetic,upper,3136,0,0.0,0.0,0,0,0,0,0,3136,0,0,0,0,,interval_arithmetic=3136
362,2,lp,lower,1568,97,0.092738753,0.08911371231079102,1173,0,0,97,0,0,0,649,0,822,OPTIMAL=97,interval_proves_cutoff=649;lower_skipped_by_nonpositive_upper=822
362,2,lp,upper,1568,104,0.10933774099999999,0.09932875633239746,1278,0,0,104,0,0,0,815,649,0,OPTIMAL=104,interval_proves_cutoff=815;upper_skipped_by_nonnegative_interval_lower=649
362,3,lp,lower,100,0,0.0,0.0,0,0,0,0,0,0,0,8,0,92,,interval_proves_cutoff=8;lower_skipped_by_nonpositive_upper=92
362,3,lp,upper,100,1,0.005641188,0.005520343780517578,217,0,0,1,0,0,0,91,8,0,OPTIMAL=1,interval_proves_cutoff=91;upper_skipped_by_nonnegative_interval_lower=8
363,0,lp,lower,9,9,0.04428283400000001,0.0437769889831543,1365,0,0,9,0,0,0,0,0,0,OPTIMAL=9,
363,0,lp,upper,9,9,0.04537642,0.044806480407714844,1375,0,0,9,0,0,0,0,0,0,OPTIMAL=9,
363,1,interval_arithmetic,lower,3136,0,0.0,0.0,0,0,0,0,0,918,0,0,0,2218,,interval_arithmetic=918;lower_skipped_by_nonpositive_upper=2218
363,1,interval_arithmetic,upper,3136,0,0.0,0.0,0,0,0,0,0,3136,0,0,0,0,,interval_arithmetic=3136
363,2,lp,lower,1568,86,0.09171699800000002,0.0884397029876709,1255,0,0,86,0,0,0,683,0,799,OPTIMAL=86,interval_proves_cutoff=683;lower_skipped_by_nonpositive_upper=799
363,2,lp,upper,1568,89,0.105011127,0.09553885459899902,1345,0,0,89,0,0,0,796,683,0,OPTIMAL=89,interval_proves_cutoff=796;upper_skipped_by_nonnegative_interval_lower=683
363,3,lp,lower,100,0,0.0,0.0,0,0,0,0,0,0,0,8,0,92,,interval_proves_cutoff=8;lower_skipped_by_nonpositive_upper=92
363,3,lp,upper,100,1,0.005070701,0.004931449890136719,205,0,0,1,0,0,0,91,8,0,OPTIMAL=1,interval_proves_cutoff=91;upper_skipped_by_nonnegative_interval_lower=8
364,0,lp,lower,9,9,0.04050311100000001,0.039980411529541016,1184,0,0,9,0,0,0,0,0,0,OPTIMAL=9,
364,0,lp,upper,9,9,0.051375217,0.05075979232788086,1384,0,0,9,0,0,0,0,0,0,OPTIMAL=9,
364,1,interval_arithmetic,lower,3136,0,0.0,0.0,0,0,0,0,0,889,0,0,0,2247,,interval_arithmetic=889;lower_skipped_by_nonpositive_upper=2247
364,1,interval_arithmetic,upper,3136,0,0.0,0.0,0,0,0,0,0,3136,0,0,0,0,,interval_arithmetic=3136
364,2,lp,lower,1568,89,0.09294697600000003,0.0896003246307373,1053,0,0,89,0,0,0,658,0,821,OPTIMAL=89,interval_proves_cutoff=658;lower_skipped_by_nonpositive_upper=821
364,2,lp,upper,1568,94,0.10662308699999996,0.0970911979675293,1114,0,0,94,0,0,0,816,658,0,OPTIMAL=94,interval_proves_cutoff=816;upper_skipped_by_nonnegative_interval_lower=658
364,3,lp,lower,100,0,0.0,0.0,0,0,0,0,0,0,0,9,0,91,,interval_proves_cutoff=9;lower_skipped_by_nonpositive_upper=91
364,3,lp,upper,100,0,0.0,0.0,0,0,0,0,0,0,0,91,9,0,,interval_proves_cutoff=91;upper_skipped_by_nonnegative_interval_lower=9
365,0,lp,lower,9,9,0.090455497,0.08985543251037598,1721,0,0,9,0,0,0,0,0,0,OPTIMAL=9,
365,0,lp,upper,9,9,0.089577014,0.08896374702453613,1716,0,0,9,0,0,0,0,0,0,OPTIMAL=9,
365,1,interval_arithmetic,lower,3136,0,0.0,0.0,0,0,0,0,0,931,0,0,0,2205,,interval_arithmetic=931;lower_skipped_by_nonpositive_upper=2205
365,1,interval_arithmetic,upper,3136,0,0.0,0.0,0,0,0,0,0,3136,0,0,0,0,,interval_arithmetic=3136
365,2,lp,lower,1568,102,0.11154360599999998,0.10761761665344238,1333,0,0,102,0,0,0,676,0,790,OPTIMAL=102,interval_proves_cutoff=676;lower_skipped_by_nonpositive_upper=790
365,2,lp,upper,1568,111,0.13372895799999995,0.12318181991577148,1593,0,0,111,0,0,0,781,676,0,OPTIMAL=111,interval_proves_cutoff=781;upper_skipped_by_nonnegative_interval_lower=676
365,3,lp,lower,100,1,0.008169492,0.00809025764465332,281,0,0,1,0,0,0,8,0,91,OPTIMAL=1,interval_proves_cutoff=8;lower_skipped_by_nonpositive_upper=91
365,3,lp,upper,100,1,0.008009956,0.007882356643676758,244,0,0,1,0,0,0,91,8,0,OPTIMAL=1,interval_proves_cutoff=91;upper_skipped_by_nonnegative_interval_lower=8
366,0,lp,lower,9,9,0.058236108,0.057677507400512695,1437,0,0,9,0,0,0,0,0,0,OPTIMAL=9,
366,0,lp,upper,9,9,0.06670884999999999,0.0661013126373291,1594,0,0,9,0,0,0,0,0,0,OPTIMAL=9,
366,1,interval_arithmetic,lower,3136,0,0.0,0.0,0,0,0,0,0,910,0,0,0,2226,,interval_arithmetic=910;lower_skipped_by_nonpositive_upper=2226
366,1,interval_arithmetic,upper,3136,0,0.0,0.0,0,0,0,0,0,3136,0,0,0,0,,interval_arithmetic=3136
366,2,lp,lower,1568,108,0.11649518999999998,0.1123654842376709,1662,0,0,108,0,0,0,658,0,802,OPTIMAL=108,interval_proves_cutoff=658;lower_skipped_by_nonpositive_upper=802
366,2,lp,upper,1568,114,0.13491912500000003,0.12445449829101562,1886,0,0,114,0,0,0,796,658,0,OPTIMAL=114,interval_proves_cutoff=796;upper_skipped_by_nonnegative_interval_lower=658
366,3,lp,lower,100,1,0.008534745,0.00846242904663086,290,0,0,1,0,0,0,8,0,91,OPTIMAL=1,interval_proves_cutoff=8;lower_skipped_by_nonpositive_upper=91
366,3,lp,upper,100,1,0.007064561,0.006929159164428711,229,0,0,1,0,0,0,91,8,0,OPTIMAL=1,interval_proves_cutoff=91;upper_skipped_by_nonnegative_interval_lower=8
367,0,lp,lower,9,9,0.062330518999999994,0.06177544593811035,1560,0,0,9,0,0,0,0,0,0,OPTIMAL=9,
367,0,lp,upper,9,9,0.065816153,0.06513619422912598,1594,0,0,9,0,0,0,0,0,0,OPTIMAL=9,
367,1,interval_arithmetic,lower,3136,0,0.0,0.0,0,0,0,0,0,927,0,0,0,2209,,interval_arithmetic=927;lower_skipped_by_nonpositive_upper=2209
367,1,interval_arithmetic,upper,3136,0,0.0,0.0,0,0,0,0,0,3136,0,0,0,0,,interval_arithmetic=3136
367,2,lp,lower,1568,120,0.13077275199999996,0.1261599063873291,1814,0,0,120,0,0,0,647,0,801,OPTIMAL=120,interval_proves_cutoff=647;lower_skipped_by_nonpositive_upper=801
367,2,lp,upper,1568,127,0.15084233200000008,0.13998985290527344,2151,0,0,127,0,0,0,794,647,0,OPTIMAL=127,interval_proves_cutoff=794;upper_skipped_by_nonnegative_interval_lower=647
367,3,lp,lower,100,1,0.010012961,0.009946107864379883,318,0,0,1,0,0,0,8,0,91,OPTIMAL=1,interval_proves_cutoff=8;lower_skipped_by_nonpositive_upper=91
367,3,lp,upper,100,1,0.007646396,0.00751185417175293,252,0,0,1,0,0,0,91,8,0,OPTIMAL=1,interval_proves_cutoff=91;upper_skipped_by_nonnegative_interval_lower=8
368,0,lp,lower,9,9,0.055248181,0.05459761619567871,1419,0,0,9,0,0,0,0,0,0,OPTIMAL=9,
368,0,lp,upper,9,9,0.057101573,0.05639767646789551,1590,0,0,9,0,0,0,0,0,0,OPTIMAL=9,
368,1,interval_arithmetic,lower,3136,0,0.0,0.0,0,0,0,0,0,919,0,0,0,2217,,interval_arithmetic=919;lower_skipped_by_nonpositive_upper=2217
368,1,interval_arithmetic,upper,3136,0,0.0,0.0,0,0,0,0,0,3136,0,0,0,0,,interval_arithmetic=3136
368,2,lp,lower,1568,111,0.109461019,0.10534453392028809,1018,0,0,111,0,0,0,686,0,771,OPTIMAL=111,interval_proves_cutoff=686;lower_skipped_by_nonpositive_upper=771
368,2,lp,upper,1568,118,0.12293554600000002,0.11258244514465332,1099,0,0,118,0,0,0,764,686,0,OPTIMAL=118,interval_proves_cutoff=764;upper_skipped_by_nonnegative_interval_lower=686
368,3,lp,lower,100,0,0.0,0.0,0,0,0,0,0,0,0,9,0,91,,interval_proves_cutoff=9;lower_skipped_by_nonpositive_upper=91
368,3,lp,upper,100,0,0.0,0.0,0,0,0,0,0,0,0,91,9,0,,interval_proves_cutoff=91;upper_skipped_by_nonnegative_interval_lower=9
369,0,lp,lower,9,9,0.043181836,0.0426487922668457,1118,0,0,9,0,0,0,0,0,0,OPTIMAL=9,
369,0,lp,upper,9,9,0.044753572000000005,0.044144392013549805,1270,0,0,9,0,0,0,0,0,0,OPTIMAL=9,
369,1,interval_arithmetic,lower,3136,0,0.0,0.0,0,0,0,0,0,894,0,0,0,2242,,interval_arithmetic=894;lower_skipped_by_nonpositive_upper=2242
369,1,interval_arithmetic,upper,3136,0,0.0,0.0,0,0,0,0,0,3136,0,0,0,0,,interval_arithmetic=3136
369,2,lp,lower,1568,87,0.08638256500000002,0.08316874504089355,1160,0,0,87,0,0,0,651,0,830,OPTIMAL=87,interval_proves_cutoff=651;lower_skipped_by_nonpositive_upper=830
369,2,lp,upper,1568,91,0.10046039000000001,0.09058189392089844,1247,0,0,91,0,0,0,826,651,0,OPTIMAL=91,interval_proves_cutoff=826;upper_skipped_by_nonnegative_interval_lower=651
369,3,lp,lower,100,0,0.0,0.0,0,0,0,0,0,0,0,9,0,91,,interval_proves_cutoff=9;lower_skipped_by_nonpositive_upper=91
369,3,lp,upper,100,0,0.0,0.0,0,0,0,0,0,0,0,91,9,0,,interval_proves_cutoff=91;upper_skipped_by_nonnegative_interval_lower=9
370,0,lp,lower,9,9,0.05043533,0.04984545707702637,1453,0,0,9,0,0,0,0,0,0,OPTIMAL=9,
370,0,lp,upper,9,9,0.053826468,0.053131818771362305,1560,0,0,9,0,0,0,0,0,0,OPTIMAL=9,
370,1,interval_arithmetic,lower,3136,0,0.0,0.0,0,0,0,0,0,904,0,0,0,2232,,interval_arithmetic=904;lower_skipped_by_nonpositive_upper=2232
370,1,interval_arithmetic,upper,3136,0,0.0,0.0,0,0,0,0,0,3136,0,0,0,0,,interval_arithmetic=3136
370,2,lp,lower,1568,110,0.12123731300000001,0.11689376831054688,1769,0,0,110,0,0,0,661,0,797,OPTIMAL=110,interval_proves_cutoff=661;lower_skipped_by_nonpositive_upper=797
370,2,lp,upper,1568,118,0.142080971,0.13124656677246094,2057,0,0,118,0,0,0,789,661,0,OPTIMAL=118,interval_proves_cutoff=789;upper_skipped_by_nonnegative_interval_lower=661
370,3,lp,lower,100,0,0.0,0.0,0,0,0,0,0,0,0,9,0,91,,interval_proves_cutoff=9;lower_skipped_by_nonpositive_upper=91
370,3,lp,upper,100,0,0.0,0.0,0,0,0,0,0,0,0,91,9,0,,interval_proves_cutoff=91;upper_skipped_by_nonnegative_interval_lower=9
371,0,lp,lower,9,9,0.047040909,0.04652976989746094,997,0,0,9,0,0,0,0,0,0,OPTIMAL=9,
371,0,lp,upper,9,9,0.040708403000000004,0.040189266204833984,895,0,0,9,0,0,0,0,0,0,OPTIMAL=9,
371,1,interval_arithmetic,lower,3136,0,0.0,0.0,0,0,0,0,0,867,0,0,0,2269,,interval_arithmetic=867;lower_skipped_by_nonpositive_upper=2269
371,1,interval_arithmetic,upper,3136,0,0.0,0.0,0,0,0,0,0,3136,0,0,0,0,,interval_arithmetic=3136
371,2,lp,lower,1568,56,0.045939553,0.04401373863220215,282,0,0,56,0,0,0,651,0,861,OPTIMAL=56,interval_proves_cutoff=651;lower_skipped_by_nonpositive_upper=861
371,2,lp,upper,1568,58,0.05559343999999998,0.04765200614929199,398,0,0,58,0,0,0,859,651,0,OPTIMAL=58,interval_proves_cutoff=859;upper_skipped_by_nonnegative_interval_lower=651
371,3,lp,lower,100,3,0.008933199999999999,0.008778810501098633,257,0,0,3,0,0,0,6,0,91,OPTIMAL=3,interval_proves_cutoff=6;lower_skipped_by_nonpositive_upper=91
371,3,lp,upper,100,3,0.009145255,0.008919477462768555,281,0,0,3,0,0,0,91,6,0,OPTIMAL=3,interval_proves_cutoff=91;upper_skipped_by_nonnegative_interval_lower=6
372,0,lp,lower,9,9,0.03279567,0.032305002212524414,1071,0,0,9,0,0,0,0,0,0,OPTIMAL=9,
372,0,lp,upper,9,9,0.031575796,0.030961990356445312,1018,0,0,9,0,0,0,0,0,0,OPTIMAL=9,
372,1,interval_arithmetic,lower,3136,0,0.0,0.0,0,0,0,0,0,916,0,0,0,2220,,interval_arithmetic=916;lower_skipped_by_nonpositive_upper=2220
372,1,interval_arithmetic,upper,3136,0,0.0,0.0,0,0,0,0,0,3136,0,0,0,0,,interval_arithmetic=3136
372,2,lp,lower,1568,68,0.06735892500000001,0.06477069854736328,759,0,0,68,0,0,0,674,0,826,OPTIMAL=68,interval_proves_cutoff=674;lower_skipped_by_nonpositive_upper=826
372,2,lp,upper,1568,83,0.09197897499999999,0.08262133598327637,1071,0,0,83,0,0,0,811,674,0,OPTIMAL=83,interval_proves_cutoff=811;upper_skipped_by_nonnegative_interval_lower=674
372,3,lp,lower,100,1,0.004613954,0.0044939517974853516,195,0,0,1,0,0,0,7,0,92,OPTIMAL=1,interval_proves_cutoff=7;lower_skipped_by_nonpositive_upper=92
372,3,lp,upper,100,1,0.004576849,0.004445791244506836,149,0,0,1,0,0,0,92,7,0,OPTIMAL=1,interval_proves_cutoff=92;upper_skipped_by_nonnegative_interval_lower=7
373,0,lp,lower,9,9,0.088480197,0.08785080909729004,1841,0,0,9,0,0,0,0,0,0,OPTIMAL=9,
373,0,lp,upper,9,9,0.114073004,0.11339616775512695,2006,0,0,9,0,0,0,0,0,0,OPTIMAL=9,
373,1,interval_arithmetic,lower,3136,0,0.0,0.0,0,0,0,0,0,927,0,0,0,2209,,interval_arithmetic=927;lower_skipped_by_nonpositive_upper=2209
373,1,interval_arithmetic,upper,3136,0,0.0,0.0,0,0,0,0,0,3136,0,0,0,0,,interval_arithmetic=3136
373,2,lp,lower,1568,125,0.15125451200000004,0.1461927890777588,2218,0,0,125,0,0,0,673,0,770,OPTIMAL=125,interval_proves_cutoff=673;lower_skipped_by_nonpositive_upper=770
373,2,lp,upper,1568,137,0.16414194100000004,0.15227556228637695,2350,0,0,137,0,0,0,758,673,0,OPTIMAL=137,interval_proves_cutoff=758;upper_skipped_by_nonnegative_interval_lower=673
373,3,lp,lower,100,1,0.01048763,0.010406732559204102,326,0,0,1,0,0,0,8,0,91,OPTIMAL=1,interval_proves_cutoff=8;lower_skipped_by_nonpositive_upper=91
373,3,lp,upper,100,1,0.008082126,0.007962703704833984,281,0,0,1,0,0,0,91,8,0,OPTIMAL=1,interval_proves_cutoff=91;upper_skipped_by_nonnegative_interval_lower=8
374,0,lp,lower,9,9,0.056815098999999994,0.05625033378601074,1420,0,0,9,0,0,0,0,0,0,OPTIMAL=9,
374,0,lp,upper,9,9,0.059622048999999996,0.059009552001953125,1437,0,0,9,0,0,0,0,0,0,OPTIMAL=9,
374,1,interval_arithmetic,lower,3136,0,0.0,0.0,0,0,0,0,0,954,0,0,0,2182,,interval_arithmetic=954;lower_skipped_by_nonpositive_upper=2182
374,1,interval_arithmetic,upper,3136,0,0.0,0.0,0,0,0,0,0,3136,0,0,0,0,,interval_arithmetic=3136
374,2,lp,lower,1568,108,0.11850219700000003,0.11417031288146973,1898,0,0,108,0,0,0,664,0,796,OPTIMAL=108,interval_proves_cutoff=664;lower_skipped_by_nonpositive_upper=796
374,2,lp,upper,1568,112,0.13271122300000002,0.12173914909362793,2097,0,0,112,0,0,0,792,664,0,OPTIMAL=112,interval_proves_cutoff=792;upper_skipped_by_nonnegative_interval_lower=664
374,3,lp,lower,100,1,0.015447467,0.01535487174987793,358,0,0,1,0,0,0,8,0,91,OPTIMAL=1,interval_proves_cutoff=8;lower_skipped_by_nonpositive_upper=91
374,3,lp,upper,100,1,0.008649008,0.008525848388671875,275,0,0,1,0,0,0,91,8,0,OPTIMAL=1,interval_proves_cutoff=91;upper_skipped_by_nonnegative_interval_lower=8
375,0,lp,lower,9,9,0.08173677900000001,0.08099555969238281,1622,0,0,9,0,0,0,0,0,0,OPTIMAL=9,
375,0,lp,upper,9,9,0.083866985,0.0831754207611084,1839,0,0,9,0,0,0,0,0,0,OPTIMAL=9,
375,1,interval_arithmetic,lower,3136,0,0.0,0.0,0,0,0,0,0,922,0,0,0,2214,,interval_arithmetic=922;lower_skipped_by_nonpositive_upper=2214
375,1,interval_arithmetic,upper,3136,0,0.0,0.0,0,0,0,0,0,3136,0,0,0,0,,interval_arithmetic=3136
375,2,lp,lower,1568,120,0.12995132699999998,0.12524127960205078,2168,0,0,120,0,0,0,654,0,794,OPTIMAL=120,interval_proves_cutoff=654;lower_skipped_by_nonpositive_upper=794
375,2,lp,upper,1568,121,0.147411833,0.13604021072387695,2227,0,0,121,0,0,0,793,654,0,OPTIMAL=121,interval_proves_cutoff=793;upper_skipped_by_nonnegative_interval_lower=654
375,3,lp,lower,100,0,0.0,0.0,0,0,0,0,0,0,0,9,0,91,,interval_proves_cutoff=9;lower_skipped_by_nonpositive_upper=91
375,3,lp,upper,100,0,0.0,0.0,0,0,0,0,0,0,0,91,9,0,,interval_proves_cutoff=91;upper_skipped_by_nonnegative_interval_lower=9
376,0,lp,lower,9,9,0.06956717999999999,0.06897377967834473,1537,0,0,9,0,0,0,0,0,0,OPTIMAL=9,
376,0,lp,upper,9,9,0.07451838499999999,0.0739138126373291,1622,0,0,9,0,0,0,0,0,0,OPTIMAL=9,
376,1,interval_arithmetic,lower,3136,0,0.0,0.0,0,0,0,0,0,923,0,0,0,2213,,interval_arithmetic=923;lower_skipped_by_nonpositive_upper=2213
376,1,interval_arithmetic,upper,3136,0,0.0,0.0,0,0,0,0,0,3136,0,0,0,0,,interval_arithmetic=3136
376,2,lp,lower,1568,107,0.11498803300000003,0.11090612411499023,1367,0,0,107,0,0,0,667,0,794,OPTIMAL=107,interval_proves_cutoff=667;lower_skipped_by_nonpositive_upper=794
376,2,lp,upper,1568,119,0.13998686999999996,0.1291048526763916,1711,0,0,119,0,0,0,782,667,0,OPTIMAL=119,interval_proves_cutoff=782;upper_skipped_by_nonnegative_interval_lower=667
376,3,lp,lower,100,1,0.006238835,0.00617218017578125,268,0,0,1,0,0,0,8,0,91,OPTIMAL=1,interval_proves_cutoff=8;lower_skipped_by_nonpositive_upper=91
376,3,lp,upper,100,1,0.006726439,0.006597280502319336,224,0,0,1,0,0,0,91,8,0,OPTIMAL=1,interval_proves_cutoff=91;upper_skipped_by_nonnegative_interval_lower=8
378,0,lp,lower,9,9,0.032736787,0.032259464263916016,835,0,0,9,0,0,0,0,0,0,OPTIMAL=9,
378,0,lp,upper,9,9,0.039104333000000005,0.03853201866149902,999,0,0,9,0,0,0,0,0,0,OPTIMAL=9,
378,1,interval_arithmetic,lower,3136,0,0.0,0.0,0,0,0,0,0,842,0,0,0,2294,,interval_arithmetic=842;lower_skipped_by_nonpositive_upper=2294
378,1,interval_arithmetic,upper,3136,0,0.0,0.0,0,0,0,0,0,3136,0,0,0,0,,interval_arithmetic=3136
378,2,lp,lower,1568,73,0.067685663,0.06437158584594727,788,0,0,73,0,0,0,631,0,864,OPTIMAL=73,interval_proves_cutoff=631;lower_skipped_by_nonpositive_upper=864
378,2,lp,upper,1568,73,0.07296007,0.06445932388305664,927,0,0,73,0,0,0,864,631,0,OPTIMAL=73,interval_proves_cutoff=864;upper_skipped_by_nonnegative_interval_lower=631
378,3,lp,lower,100,0,0.0,0.0,0,0,0,0,0,0,0,9,0,91,,interval_proves_cutoff=9;lower_skipped_by_nonpositive_upper=91
378,3,lp,upper,100,0,0.0,0.0,0,0,0,0,0,0,0,91,9,0,,interval_proves_cutoff=91;upper_skipped_by_nonnegative_interval_lower=9
379,0,lp,lower,9,9,0.030751979,0.030286788940429688,849,0,0,9,0,0,0,0,0,0,OPTIMAL=9,
379,0,lp,upper,9,9,0.037680668,0.037189483642578125,909,0,0,9,0,0,0,0,0,0,OPTIMAL=9,
379,1,interval_arithmetic,lower,3136,0,0.0,0.0,0,0,0,0,0,849,0,0,0,2287,,interval_arithmetic=849;lower_skipped_by_nonpositive_upper=2287
379,1,interval_arithmetic,upper,3136,0,0.0,0.0,0,0,0,0,0,3136,0,0,0,0,,interval_arithmetic=3136
379,2,lp,lower,1568,62,0.05517201099999999,0.05300450325012207,646,0,0,62,0,0,0,633,0,873,OPTIMAL=62,interval_proves_cutoff=633;lower_skipped_by_nonpositive_upper=873
379,2,lp,upper,1568,63,0.064796938,0.05662870407104492,796,0,0,63,0,0,0,872,633,0,OPTIMAL=63,interval_proves_cutoff=872;upper_skipped_by_nonnegative_interval_lower=633
379,3,lp,lower,100,1,0.0043094,0.004243135452270508,178,0,0,1,0,0,0,8,0,91,OPTIMAL=1,interval_proves_cutoff=8;lower_skipped_by_nonpositive_upper=91
379,3,lp,upper,100,1,0.003596872,0.003417491912841797,131,0,0,1,0,0,0,91,8,0,OPTIMAL=1,interval_proves_cutoff=91;upper_skipped_by_nonnegative_interval_lower=8
380,0,lp,lower,9,9,0.035645975999999996,0.03514361381530762,997,0,0,9,0,0,0,0,0,0,OPTIMAL=9,
380,0,lp,upper,9,9,0.03717278400000001,0.036624908447265625,960,0,0,9,0,0,0,0,0,0,OPTIMAL=9,
380,1,interval_arithmetic,lower,3136,0,0.0,0.0,0,0,0,0,0,898,0,0,0,2238,,interval_arithmetic=898;lower_skipped_by_nonpositive_upper=2238
380,1,interval_arithmetic,upper,3136,0,0.0,0.0,0,0,0,0,0,3136,0,0,0,0,,interval_arithmetic=3136
380,2,lp,lower,1568,78,0.07854246999999998,0.0756387710571289,1129,0,0,78,0,0,0,655,0,835,OPTIMAL=78,interval_proves_cutoff=655;lower_skipped_by_nonpositive_upper=835
380,2,lp,upper,1568,87,0.09846981999999999,0.08916449546813965,1462,0,0,87,0,0,0,826,655,0,OPTIMAL=87,interval_proves_cutoff=826;upper_skipped_by_nonnegative_interval_lower=655
380,3,lp,lower,100,1,0.006194469,0.006127595901489258,201,0,0,1,0,0,0,8,0,91,OPTIMAL=1,interval_proves_cutoff=8;lower_skipped_by_nonpositive_upper=91
380,3,lp,upper,100,1,0.004867659,0.0046579837799072266,173,0,0,1,0,0,0,91,8,0,OPTIMAL=1,interval_proves_cutoff=91;upper_skipped_by_nonnegative_interval_lower=8
381,0,lp,lower,9,9,0.040323583999999996,0.03980398178100586,1365,0,0,9,0,0,0,0,0,0,OPTIMAL=9,
381,0,lp,upper,9,9,0.0470945,0.04653286933898926,1416,0,0,9,0,0,0,0,0,0,OPTIMAL=9,
381,1,interval_arithmetic,lower,3136,0,0.0,0.0,0,0,0,0,0,940,0,0,0,2196,,interval_arithmetic=940;lower_skipped_by_nonpositive_upper=2196
381,1,interval_arithmetic,upper,3136,0,0.0,0.0,0,0,0,0,0,3136,0,0,0,0,,interval_arithmetic=3136
381,2,lp,lower,1568,91,0.10903262799999998,0.10520243644714355,1417,0,0,91,0,0,0,695,0,782,OPTIMAL=91,interval_proves_cutoff=695;lower_skipped_by_nonpositive_upper=782
381,2,lp,upper,1568,98,0.12725238199999997,0.11683297157287598,1700,0,0,98,0,0,0,775,695,0,OPTIMAL=98,interval_proves_cutoff=775;upper_skipped_by_nonnegative_interval_lower=695
381,3,lp,lower,100,1,0.00626909,0.006201982498168945,281,0,0,1,0,0,0,8,0,91,OPTIMAL=1,interval_proves_cutoff=8;lower_skipped_by_nonpositive_upper=91
381,3,lp,upper,100,1,0.005024612,0.004911899566650391,189,0,0,1,0,0,0,91,8,0,OPTIMAL=1,interval_proves_cutoff=91;upper_skipped_by_nonnegative_interval_lower=8
383,0,lp,lower,9,9,0.038570162,0.03808140754699707,902,0,0,9,0,0,0,0,0,0,OPTIMAL=9,
383,0,lp,upper,9,9,0.039108106,0.03855538368225098,943,0,0,9,0,0,0,0,0,0,OPTIMAL=9,
383,1,interval_arithmetic,lower,3136,0,0.0,0.0,0,0,0,0,0,921,0,0,0,2215,,interval_arithmetic=921;lower_skipped_by_nonpositive_upper=2215
383,1,interval_arithmetic,upper,3136,0,0.0,0.0,0,0,0,0,0,3136,0,0,0,0,,interval_arithmetic=3136
383,2,lp,lower,1568,60,0.05656273799999998,0.05435347557067871,437,0,0,60,0,0,0,675,0,833,OPTIMAL=60,interval_proves_cutoff=675;lower_skipped_by_nonpositive_upper=833
383,2,lp,upper,1568,63,0.07118513900000001,0.06279301643371582,539,0,0,63,0,0,0,830,675,0,OPTIMAL=63,interval_proves_cutoff=830;upper_skipped_by_nonnegative_interval_lower=675
383,3,lp,lower,100,1,0.003843037,0.0037856101989746094,160,0,0,1,0,0,0,8,0,91,OPTIMAL=1,interval_proves_cutoff=8;lower_skipped_by_nonpositive_upper=91
383,3,lp,upper,100,1,0.002815802,0.002692699432373047,117,0,0,1,0,0,0,91,8,0,OPTIMAL=1,interval_proves_cutoff=91;upper_skipped_by_nonnegative_interval_lower=8
384,0,lp,lower,9,9,0.032834412,0.03230595588684082,882,0,0,9,0,0,0,0,0,0,OPTIMAL=9,
384,0,lp,upper,9,9,0.03428813,0.03377246856689453,830,0,0,9,0,0,0,0,0,0,OPTIMAL=9,
384,1,interval_arithmetic,lower,3136,0,0.0,0.0,0,0,0,0,0,856,0,0,0,2280,,interval_arithmetic=856;lower_skipped_by_nonpositive_upper=2280
384,1,interval_arithmetic,upper,3136,0,0.0,0.0,0,0,0,0,0,3136,0,0,0,0,,interval_arithmetic=3136
384,2,lp,lower,1568,79,0.07331196799999999,0.07041740417480469,690,0,0,79,0,0,0,641,0,848,OPTIMAL=79,interval_proves_cutoff=641;lower_skipped_by_nonpositive_upper=848
384,2,lp,upper,1568,83,0.082526494,0.07358193397521973,850,0,0,83,0,0,0,844,641,0,OPTIMAL=83,interval_proves_cutoff=844;upper_skipped_by_nonnegative_interval_lower=641
384,3,lp,lower,100,2,0.006089093,0.005983114242553711,193,0,0,2,0,0,0,7,0,91,OPTIMAL=2,interval_proves_cutoff=7;lower_skipped_by_nonpositive_upper=91
384,3,lp,upper,100,2,0.006917393,0.006736278533935547,229,0,0,2,0,0,0,91,7,0,OPTIMAL=2,interval_proves_cutoff=91;upper_skipped_by_nonnegative_interval_lower=7
385,0,lp,lower,9,9,0.06706794099999999,0.06641840934753418,1888,0,0,9,0,0,0,0,0,0,OPTIMAL=9,
385,0,lp,upper,9,9,0.07094448700000001,0.07028341293334961,1832,0,0,9,0,0,0,0,0,0,OPTIMAL=9,
385,1,interval_arithmetic,lower,3136,0,0.0,0.0,0,0,0,0,0,949,0,0,0,2187,,interval_arithmetic=949;lower_skipped_by_nonpositive_upper=2187
385,1,interval_arithmetic,upper,3136,0,0.0,0.0,0,0,0,0,0,3136,0,0,0,0,,interval_arithmetic=3136
385,2,lp,lower,1568,107,0.123711129,0.11942291259765625,1867,0,0,107,0,0,0,669,0,792,OPTIMAL=107,interval_proves_cutoff=669;lower_skipped_by_nonpositive_upper=792
385,2,lp,upper,1568,113,0.1431250799999999,0.13218212127685547,2015,0,0,113,0,0,0,786,669,0,OPTIMAL=113,interval_proves_cutoff=786;upper_skipped_by_nonnegative_interval_lower=669
385,3,lp,lower,100,0,0.0,0.0,0,0,0,0,0,0,0,8,0,92,,interval_proves_cutoff=8;lower_skipped_by_nonpositive_upper=92
385,3,lp,upper,100,1,0.008104926,0.007968425750732422,283,0,0,1,0,0,0,91,8,0,OPTIMAL=1,interval_proves_cutoff=91;upper_skipped_by_nonnegative_interval_lower=8
386,0,lp,lower,9,9,0.03489030399999999,0.03439450263977051,850,0,0,9,0,0,0,0,0,0,OPTIMAL=9,
386,0,lp,upper,9,9,0.039207968,0.03870701789855957,887,0,0,9,0,0,0,0,0,0,OPTIMAL=9,
386,1,interval_arithmetic,lower,3136,0,0.0,0.0,0,0,0,0,0,833,0,0,0,2303,,interval_arithmetic=833;lower_skipped_by_nonpositive_upper=2303
386,1,interval_arithmetic,upper,3136,0,0.0,0.0,0,0,0,0,0,3136,0,0,0,0,,interval_arithmetic=3136
386,2,lp,lower,1568,63,0.053993123999999997,0.05184507369995117,423,0,0,63,0,0,0,634,0,871,OPTIMAL=63,interval_proves_cutoff=634;lower_skipped_by_nonpositive_upper=871
386,2,lp,upper,1568,66,0.06387547699999999,0.05561113357543945,470,0,0,66,0,0,0,868,634,0,OPTIMAL=66,interval_proves_cutoff=868;upper_skipped_by_nonnegative_interval_lower=634
386,3,lp,lower,100,1,0.003419879,0.003365039825439453,142,0,0,1,0,0,0,8,0,91,OPTIMAL=1,interval_proves_cutoff=8;lower_skipped_by_nonpositive_upper=91
386,3,lp,upper,100,1,0.002967267,0.0028460025787353516,116,0,0,1,0,0,0,91,8,0,OPTIMAL=1,interval_proves_cutoff=91;upper_skipped_by_nonnegative_interval_lower=8
387,0,lp,lower,9,9,0.043598426999999995,0.04306602478027344,1205,0,0,9,0,0,0,0,0,0,OPTIMAL=9,
387,0,lp,upper,9,9,0.053236597,0.052599430084228516,1381,0,0,9,0,0,0,0,0,0,OPTIMAL=9,
387,1,interval_arithmetic,lower,3136,0,0.0,0.0,0,0,0,0,0,902,0,0,0,2234,,interval_arithmetic=902;lower_skipped_by_nonpositive_upper=2234
387,1,interval_arithmetic,upper,3136,0,0.0,0.0,0,0,0,0,0,3136,0,0,0,0,,interval_arithmetic=3136
387,2,lp,lower,1568,88,0.09241625600000003,0.08904147148132324,1234,0,0,88,0,0,0,656,0,824,OPTIMAL=88,interval_proves_cutoff=656;lower_skipped_by_nonpositive_upper=824
387,2,lp,upper,1568,94,0.11054029700000004,0.10083174705505371,1473,0,0,94,0,0,0,818,656,0,OPTIMAL=94,interval_proves_cutoff=818;upper_skipped_by_nonnegative_interval_lower=656
387,3,lp,lower,100,0,0.0,0.0,0,0,0,0,0,0,0,9,0,91,,interval_proves_cutoff=9;lower_skipped_by_nonpositive_upper=91
387,3,lp,upper,100,0,0.0,0.0,0,0,0,0,0,0,0,91,9,0,,interval_proves_cutoff=91;upper_skipped_by_nonnegative_interval_lower=9
388,0,lp,lower,9,9,0.081532607,0.08088135719299316,1789,0,0,9,0,0,0,0,0,0,OPTIMAL=9,
388,0,lp,upper,9,9,0.10395636899999999,0.10330843925476074,1910,0,0,9,0,0,0,0,0,0,OPTIMAL=9,
388,1,interval_arithmetic,lower,3136,0,0.0,0.0,0,0,0,0,0,890,0,0,0,2246,,interval_arithmetic=890;lower_skipped_by_nonpositive_upper=2246
388,1,interval_arithmetic,upper,3136,0,0.0,0.0,0,0,0,0,0,3136,0,0,0,0,,interval_arithmetic=3136
388,2,lp,lower,1568,114,0.11466695899999997,0.11030983924865723,1581,0,0,114,0,0,0,640,0,814,OPTIMAL=114,interval_proves_cutoff=640;lower_skipped_by_nonpositive_upper=814
388,2,lp,upper,1568,123,0.13429742600000008,0.12347984313964844,1937,0,0,123,0,0,0,805,640,0,OPTIMAL=123,interval_proves_cutoff=805;upper_skipped_by_nonnegative_interval_lower=640
388,3,lp,lower,100,1,0.009637496,0.009553909301757812,302,0,0,1,0,0,0,8,0,91,OPTIMAL=1,interval_proves_cutoff=8;lower_skipped_by_nonpositive_upper=91
388,3,lp,upper,100,1,0.00777485,0.0076410770416259766,265,0,0,1,0,0,0,91,8,0,OPTIMAL=1,interval_proves_cutoff=91;upper_skipped_by_nonnegative_interval_lower=8
389,0,lp,lower,9,9,0.030832783,0.03017592430114746,866,0,0,9,0,0,0,0,0,0,OPTIMAL=9,
389,0,lp,upper,9,9,0.033513085,0.03296303749084473,1020,0,0,9,0,0,0,0,0,0,OPTIMAL=9,
389,1,interval_arithmetic,lower,3136,0,0.0,0.0,0,0,0,0,0,852,0,0,0,2284,,interval_arithmetic=852;lower_skipped_by_nonpositive_upper=2284
389,1,interval_arithmetic,upper,3136,0,0.0,0.0,0,0,0,0,0,3136,0,0,0,0,,interval_arithmetic=3136
389,2,lp,lower,1568,74,0.06463275200000002,0.06197524070739746,794,0,0,74,0,0,0,624,0,870,OPTIMAL=74,interval_proves_cutoff=624;lower_skipped_by_nonpositive_upper=870
389,2,lp,upper,1568,77,0.07692985999999999,0.06815195083618164,913,0,0,77,0,0,0,867,624,0,OPTIMAL=77,interval_proves_cutoff=867;upper_skipped_by_nonnegative_interval_lower=624
389,3,lp,lower,100,0,0.0,0.0,0,0,0,0,0,0,0,9,0,91,,interval_proves_cutoff=9;lower_skipped_by_nonpositive_upper=91
389,3,lp,upper,100,0,0.0,0.0,0,0,0,0,0,0,0,91,9,0,,interval_proves_cutoff=91;upper_skipped_by_nonnegative_interval_lower=9
390,0,lp,lower,9,9,0.027857651,0.027393579483032227,761,0,0,9,0,0,0,0,0,0,OPTIMAL=9,
390,0,lp,upper,9,9,0.027948456,0.027389049530029297,833,0,0,9,0,0,0,0,0,0,OPTIMAL=9,
390,1,interval_arithmetic,lower,3136,0,0.0,0.0,0,0,0,0,0,895,0,0,0,2241,,interval_arithmetic=895;lower_skipped_by_nonpositive_upper=2241
390,1,interval_arithmetic,upper,3136,0,0.0,0.0,0,0,0,0,0,3136,0,0,0,0,,interval_arithmetic=3136
390,2,lp,lower,1568,62,0.05888651299999998,0.05660414695739746,567,0,0,62,0,0,0,664,0,842,OPTIMAL=62,interval_proves_cutoff=664;lower_skipped_by_nonpositive_upper=842
390,2,lp,upper,1568,67,0.07407701700000004,0.06565690040588379,769,0,0,67,0,0,0,837,664,0,OPTIMAL=67,interval_proves_cutoff=837;upper_skipped_by_nonnegative_interval_lower=664
390,3,lp,lower,100,0,0.0,0.0,0,0,0,0,0,0,0,9,0,91,,interval_proves_cutoff=9;lower_skipped_by_nonpositive_upper=91
390,3,lp,upper,100,0,0.0,0.0,0,0,0,0,0,0,0,91,9,0,,interval_proves_cutoff=91;upper_skipped_by_nonnegative_interval_lower=9
391,0,lp,lower,9,9,0.048320361000000006,0.04776954650878906,1365,0,0,9,0,0,0,0,0,0,OPTIMAL=9,
391,0,lp,upper,9,9,0.050983014,0.050333499908447266,1481,0,0,9,0,0,0,0,0,0,OPTIMAL=9,
391,1,interval_arithmetic,lower,3136,0,0.0,0.0,0,0,0,0,0,964,0,0,0,2172,,interval_arithmetic=964;lower_skipped_by_nonpositive_upper=2172
391,1,interval_arithmetic,upper,3136,0,0.0,0.0,0,0,0,0,0,3136,0,0,0,0,,interval_arithmetic=3136
391,2,lp,lower,1568,96,0.105673098,0.10068917274475098,851,0,0,95,0,0,0,668,0,804,OPTIMAL=95;OTHER_ERROR=1,interval_proves_cutoff=668;lower_skipped_by_nonpositive_upper=804
391,2,lp,upper,1568,97,0.104897513,0.09502220153808594,1016,0,0,97,0,0,0,803,668,0,OPTIMAL=97,interval_proves_cutoff=803;upper_skipped_by_nonnegative_interval_lower=668
391,3,lp,lower,100,0,0.0,0.0,0,0,0,0,0,0,0,9,0,91,,interval_proves_cutoff=9;lower_skipped_by_nonpositive_upper=91
391,3,lp,upper,100,0,0.0,0.0,0,0,0,0,0,0,0,91,9,0,,interval_proves_cutoff=91;upper_skipped_by_nonnegative_interval_lower=9
392,0,lp,lower,9,9,0.043578867,0.04303693771362305,1217,0,0,9,0,0,0,0,0,0,OPTIMAL=9,
392,0,lp,upper,9,9,0.047731444,0.04702186584472656,1364,0,0,9,0,0,0,0,0,0,OPTIMAL=9,
392,1,interval_arithmetic,lower,3136,0,0.0,0.0,0,0,0,0,0,955,0,0,0,2181,,interval_arithmetic=955;lower_skipped_by_nonpositive_upper=2181
392,1,interval_arithmetic,upper,3136,0,0.0,0.0,0,0,0,0,0,3136,0,0,0,0,,interval_arithmetic=3136
392,2,lp,lower,1568,86,0.09174304500000001,0.08838438987731934,1270,0,0,86,0,0,0,672,0,810,OPTIMAL=86,interval_proves_cutoff=672;lower_skipped_by_nonpositive_upper=810
392,2,lp,upper,1568,89,0.10430995200000003,0.09459257125854492,1279,0,0,89,0,0,0,807,672,0,OPTIMAL=89,interval_proves_cutoff=807;upper_skipped_by_nonnegative_interval_lower=672
392,3,lp,lower,100,0,0.0,0.0,0,0,0,0,0,0,0,9,0,91,,interval_proves_cutoff=9;lower_skipped_by_nonpositive_upper=91
392,3,lp,upper,100,0,0.0,0.0,0,0,0,0,0,0,0,91,9,0,,interval_proves_cutoff=91;upper_skipped_by_nonnegative_interval_lower=9
393,0,lp,lower,9,9,0.07830588599999999,0.07771134376525879,1675,0,0,9,0,0,0,0,0,0,OPTIMAL=9,
393,0,lp,upper,9,9,0.06700745899999999,0.06643080711364746,1583,0,0,9,0,0,0,0,0,0,OPTIMAL=9,
393,1,interval_arithmetic,lower,3136,0,0.0,0.0,0,0,0,0,0,898,0,0,0,2238,,interval_arithmetic=898;lower_skipped_by_nonpositive_upper=2238
393,1,interval_arithmetic,upper,3136,0,0.0,0.0,0,0,0,0,0,3136,0,0,0,0,,interval_arithmetic=3136
393,2,lp,lower,1568,105,0.11101313300000004,0.10692048072814941,1643,0,0,105,0,0,0,649,0,814,OPTIMAL=105,interval_proves_cutoff=649;lower_skipped_by_nonpositive_upper=814
393,2,lp,upper,1568,113,0.12666837199999997,0.11632919311523438,1910,0,0,113,0,0,0,806,649,0,OPTIMAL=113,interval_proves_cutoff=806;upper_skipped_by_nonnegative_interval_lower=649
393,3,lp,lower,100,2,0.014748198,0.01462697982788086,354,0,0,2,0,0,0,7,0,91,OPTIMAL=2,interval_proves_cutoff=7;lower_skipped_by_nonpositive_upper=91
393,3,lp,upper,100,2,0.012626106,0.012360811233520508,386,0,0,2,0,0,0,91,7,0,OPTIMAL=2,interval_proves_cutoff=91;upper_skipped_by_nonnegative_interval_lower=7
394,0,lp,lower,9,9,0.036678567,0.03619027137756348,870,0,0,9,0,0,0,0,0,0,OPTIMAL=9,
394,0,lp,upper,9,9,0.0357708,0.035162925720214844,922,0,0,9,0,0,0,0,0,0,OPTIMAL=9,
394,1,interval_arithmetic,lower,3136,0,0.0,0.0,0,0,0,0,0,849,0,0,0,2287,,interval_arithmetic=849;lower_skipped_by_nonpositive_upper=2287
394,1,interval_arithmetic,upper,3136,0,0.0,0.0,0,0,0,0,0,3136,0,0,0,0,,interval_arithmetic=3136
394,2,lp,lower,1568,68,0.058701060999999985,0.056337594985961914,551,0,0,68,0,0,0,636,0,864,OPTIMAL=68,interval_proves_cutoff=636;lower_skipped_by_nonpositive_upper=864
394,2,lp,upper,1568,68,0.06510632099999998,0.056917667388916016,614,0,0,68,0,0,0,864,636,0,OPTIMAL=68,interval_proves_cutoff=864;upper_skipped_by_nonnegative_interval_lower=636
394,3,lp,lower,100,0,0.0,0.0,0,0,0,0,0,0,0,9,0,91,,interval_proves_cutoff=9;lower_skipped_by_nonpositive_upper=91
394,3,lp,upper,100,0,0.0,0.0,0,0,0,0,0,0,0,91,9,0,,interval_proves_cutoff=91;upper_skipped_by_nonnegative_interval_lower=9
395,0,lp,lower,9,9,0.079053365,0.07838988304138184,1777,0,0,9,0,0,0,0,0,0,OPTIMAL=9,
395,0,lp,upper,9,9,0.07168871599999999,0.071075439453125,1612,0,0,9,0,0,0,0,0,0,OPTIMAL=9,
395,1,interval_arithmetic,lower,3136,0,0.0,0.0,0,0,0,0,0,898,0,0,0,2238,,interval_arithmetic=898;lower_skipped_by_nonpositive_upper=2238
395,1,interval_arithmetic,upper,3136,0,0.0,0.0,0,0,0,0,0,3136,0,0,0,0,,interval_arithmetic=3136
395,2,lp,lower,1568,125,0.14253808200000004,0.13769054412841797,2447,0,0,125,0,0,0,628,0,815,OPTIMAL=125,interval_proves_cutoff=628;lower_skipped_by_nonpositive_upper=815
395,2,lp,upper,1568,133,0.16318023299999992,0.15198349952697754,2766,0,0,133,0,0,0,807,628,0,OPTIMAL=133,interval_proves_cutoff=807;upper_skipped_by_nonnegative_interval_lower=628
395,3,lp,lower,100,1,0.008614698,0.008545637130737305,306,0,0,1,0,0,0,8,0,91,OPTIMAL=1,interval_proves_cutoff=8;lower_skipped_by_nonpositive_upper=91
395,3,lp,upper,100,1,0.009927177,0.009798288345336914,289,0,0,1,0,0,0,91,8,0,OPTIMAL=1,interval_proves_cutoff=91;upper_skipped_by_nonnegative_interval_lower=8
396,0,lp,lower,9,9,0.07160106299999999,0.07095026969909668,1686,0,0,9,0,0,0,0,0,0,OPTIMAL=9,
396,0,lp,upper,9,9,0.07598036000000001,0.0753178596496582,1729,0,0,9,0,0,0,0,0,0,OPTIMAL=9,
396,1,interval_arithmetic,lower,3136,0,0.0,0.0,0,0,0,0,0,944,0,0,0,2192,,interval_arithmetic=944;lower_skipped_by_nonpositive_upper=2192
396,1,interval_arithmetic,upper,3136,0,0.0,0.0,0,0,0,0,0,3136,0,0,0,0,,interval_arithmetic=3136
396,2,lp,lower,1568,116,0.137616706,0.13298773765563965,2151,0,0,116,0,0,0,666,0,786,OPTIMAL=116,interval_proves_cutoff=666;lower_skipped_by_nonpositive_upper=786
396,2,lp,upper,1568,131,0.165859725,0.1540694236755371,2533,0,0,131,0,0,0,771,666,0,OPTIMAL=131,interval_proves_cutoff=771;upper_skipped_by_nonnegative_interval_lower=666
396,3,lp,lower,100,0,0.0,0.0,0,0,0,0,0,0,0,8,0,92,,interval_proves_cutoff=8;lower_skipped_by_nonpositive_upper=92
396,3,lp,upper,100,1,0.008169656,0.008029937744140625,274,0,0,1,0,0,0,91,8,0,OPTIMAL=1,interval_proves_cutoff=91;upper_skipped_by_nonnegative_interval_lower=8
397,0,lp,lower,9,9,0.052769550000000005,0.05222725868225098,1506,0,0,9,0,0,0,0,0,0,OPTIMAL=9,
397,0,lp,upper,9,9,0.043743923,0.04318380355834961,1261,0,0,9,0,0,0,0,0,0,OPTIMAL=9,
397,1,interval_arithmetic,lower,3136,0,0.0,0.0,0,0,0,0,0,929,0,0,0,2207,,interval_arithmetic=929;lower_skipped_by_nonpositive_upper=2207
397,1,interval_arithmetic,upper,3136,0,0.0,0.0,0,0,0,0,0,3136,0,0,0,0,,interval_arithmetic=3136
397,2,lp,lower,1568,81,0.08574326900000002,0.08260679244995117,1165,0,0,81,0,0,0,656,0,831,OPTIMAL=81,interval_proves_cutoff=656;lower_skipped_by_nonpositive_upper=831
397,2,lp,upper,1568,84,0.10156196999999999,0.09198594093322754,1309,0,0,84,0,0,0,828,656,0,OPTIMAL=84,interval_proves_cutoff=828;upper_skipped_by_nonnegative_interval_lower=656
397,3,lp,lower,100,1,0.005373863,0.005309581756591797,232,0,0,1,0,0,0,8,0,91,OPTIMAL=1,interval_proves_cutoff=8;lower_skipped_by_nonpositive_upper=91
397,3,lp,upper,100,1,0.004800452,0.004667758941650391,175,0,0,1,0,0,0,91,8,0,OPTIMAL=1,interval_proves_cutoff=91;upper_skipped_by_nonnegative_interval_lower=8
398,0,lp,lower,9,9,0.07337854399999999,0.07280468940734863,1498,0,0,9,0,0,0,0,0,0,OPTIMAL=9,
398,0,lp,upper,9,9,0.073592863,0.07304000854492188,1458,0,0,9,0,0,0,0,0,0,OPTIMAL=9,
398,1,interval_arithmetic,lower,3136,0,0.0,0.0,0,0,0,0,0,905,0,0,0,2231,,interval_arithmetic=905;lower_skipped_by_nonpositive_upper=2231
398,1,interval_arithmetic,upper,3136,0,0.0,0.0,0,0,0,0,0,3136,0,0,0,0,,interval_arithmetic=3136
398,2,lp,lower,1568,70,0.07717927200000001,0.0744781494140625,1037,0,0,70,0,0,0,682,0,816,OPTIMAL=70,interval_proves_cutoff=682;lower_skipped_by_nonpositive_upper=816
398,2,lp,upper,1568,76,0.092085195,0.08284544944763184,1216,0,0,76,0,0,0,810,682,0,OPTIMAL=76,interval_proves_cutoff=810;upper_skipped_by_nonnegative_interval_lower=682
398,3,lp,lower,100,1,0.005976909,0.005918979644775391,255,0,0,1,0,0,0,8,0,91,OPTIMAL=1,interval_proves_cutoff=8;lower_skipped_by_nonpositive_upper=91
398,3,lp,upper,100,1,0.004837876,0.004712104797363281,172,0,0,1,0,0,0,91,8,0,OPTIMAL=1,interval_proves_cutoff=91;upper_skipped_by_nonnegative_interval_lower=8
399,0,lp,lower,9,9,0.034215178,0.033710479736328125,1009,0,0,9,0,0,0,0,0,0,OPTIMAL=9,
399,0,lp,upper,9,9,0.041155547,0.04059457778930664,1116,0,0,9,0,0,0,0,0,0,OPTIMAL=9,
399,1,interval_arithmetic,lower,3136,0,0.0,0.0,0,0,0,0,0,893,0,0,0,2243,,interval_arithmetic=893;lower_skipped_by_nonpositive_upper=2243
399,1,interval_arithmetic,upper,3136,0,0.0,0.0,0,0,0,0,0,3136,0,0,0,0,,interval_arithmetic=3136
399,2,lp,lower,1568,77,0.07583894399999999,0.07303166389465332,920,0,0,77,0,0,0,661,0,830,OPTIMAL=77,interval_proves_cutoff=661;lower_skipped_by_nonpositive_upper=830
399,2,lp,upper,1568,80,0.088892026,0.07969260215759277,1041,0,0,80,0,0,0,827,661,0,OPTIMAL=80,interval_proves_cutoff=827;upper_skipped_by_nonnegative_interval_lower=661
399,3,lp,lower,100,0,0.0,0.0,0,0,0,0,0,0,0,9,0,91,,interval_proves_cutoff=9;lower_skipped_by_nonpositive_upper=91
399,3,lp,upper,100,0,0.0,0.0,0,0,0,0,0,0,0,91,9,0,,interval_proves_cutoff=91;upper_skipped_by_nonnegative_interval_lower=9
400,0,lp,lower,9,9,0.032470705,0.03196144104003906,939,0,0,9,0,0,0,0,0,0,OPTIMAL=9,
400,0,lp,upper,9,9,0.034779945,0.034114837646484375,999,0,0,9,0,0,0,0,0,0,OPTIMAL=9,
400,1,interval_arithmetic,lower,3136,0,0.0,0.0,0,0,0,0,0,902,0,0,0,2234,,interval_arithmetic=902;lower_skipped_by_nonpositive_upper=2234
400,1,interval_arithmetic,upper,3136,0,0.0,0.0,0,0,0,0,0,3136,0,0,0,0,,interval_arithmetic=3136
400,2,lp,lower,1568,78,0.072808658,0.06999850273132324,662,0,0,78,0,0,0,670,0,820,OPTIMAL=78,interval_proves_cutoff=670;lower_skipped_by_nonpositive_upper=820
400,2,lp,upper,1568,82,0.08806970799999998,0.07894563674926758,765,0,0,82,0,0,0,816,670,0,OPTIMAL=82,interval_proves_cutoff=816;upper_skipped_by_nonnegative_interval_lower=670
400,3,lp,lower,100,0,0.0,0.0,0,0,0,0,0,0,0,9,0,91,,interval_proves_cutoff=9;lower_skipped_by_nonpositive_upper=91
400,3,lp,upper,100,0,0.0,0.0,0,0,0,0,0,0,0,91,9,0,,interval_proves_cutoff=91;upper_skipped_by_nonnegative_interval_lower=9
401,0,lp,lower,9,9,0.056192014,0.05562186241149902,1540,0,0,9,0,0,0,0,0,0,OPTIMAL=9,
401,0,lp,upper,9,9,0.054221757999999995,0.053597211837768555,1605,0,0,9,0,0,0,0,0,0,OPTIMAL=9,
401,1,interval_arithmetic,lower,3136,0,0.0,0.0,0,0,0,0,0,952,0,0,0,2184,,interval_arithmetic=952;lower_skipped_by_nonpositive_upper=2184
401,1,interval_arithmetic,upper,3136,0,0.0,0.0,0,0,0,0,0,3136,0,0,0,0,,interval_arithmetic=3136
401,2,lp,lower,1568,100,0.10815966000000003,0.10427618026733398,1558,0,0,100,0,0,0,663,0,805,OPTIMAL=100,interval_proves_cutoff=663;lower_skipped_by_nonpositive_upper=805
401,2,lp,upper,1568,113,0.13440770300000007,0.12366986274719238,1779,0,0,113,0,0,0,792,663,0,OPTIMAL=113,interval_proves_cutoff=792;upper_skipped_by_nonnegative_interval_lower=663
401,3,lp,lower,100,0,0.0,0.0,0,0,0,0,0,0,0,9,0,91,,interval_proves_cutoff=9;lower_skipped_by_nonpositive_upper=91
401,3,lp,upper,100,0,0.0,0.0,0,0,0,0,0,0,0,91,9,0,,interval_proves_cutoff=91;upper_skipped_by_nonnegative_interval_lower=9
402,0,lp,lower,9,9,0.053297676,0.052725791931152344,1329,0,0,9,0,0,0,0,0,0,OPTIMAL=9,
402,0,lp,upper,9,9,0.056945155,0.056311845779418945,1471,0,0,9,0,0,0,0,0,0,OPTIMAL=9,
402,1,interval_arithmetic,lower,3136,0,0.0,0.0,0,0,0,0,0,912,0,0,0,2224,,interval_arithmetic=912;lower_skipped_by_nonpositive_upper=2224
402,1,interval_arithmetic,upper,3136,0,0.0,0.0,0,0,0,0,0,3136,0,0,0,0,,interval_arithmetic=3136
402,2,lp,lower,1568,91,0.09651971699999999,0.09297657012939453,1674,0,0,91,0,0,0,656,0,821,OPTIMAL=91,interval_proves_cutoff=656;lower_skipped_by_nonpositive_upper=821
402,2,lp,upper,1568,101,0.11551050100000003,0.10534930229187012,2016,0,0,101,0,0,0,811,656,0,OPTIMAL=101,interval_proves_cutoff=811;upper_skipped_by_nonnegative_interval_lower=656
402,3,lp,lower,100,0,0.0,0.0,0,0,0,0,0,0,0,9,0,91,,interval_proves_cutoff=9;lower_skipped_by_nonpositive_upper=91
402,3,lp,upper,100,0,0.0,0.0,0,0,0,0,0,0,0,91,9,0,,interval_proves_cutoff=91;upper_skipped_by_nonnegative_interval_lower=9
403,0,lp,lower,9,9,0.0753827,0.07474446296691895,1851,0,0,9,0,0,0,0,0,0,OPTIMAL=9,
403,0,lp,upper,9,9,0.083440611,0.08257794380187988,1952,0,0,9,0,0,0,0,0,0,OPTIMAL=9,
403,1,interval_arithmetic,lower,3136,0,0.0,0.0,0,0,0,0,0,958,0,0,0,2178,,interval_arithmetic=958;lower_skipped_by_nonpositive_upper=2178
403,1,interval_arithmetic,upper,3136,0,0.0,0.0,0,0,0,0,0,3136,0,0,0,0,,interval_arithmetic=3136
403,2,lp,lower,1568,124,0.14386914499999992,0.13883161544799805,2284,0,0,124,0,0,0,693,0,751,OPTIMAL=124,interval_proves_cutoff=693;lower_skipped_by_nonpositive_upper=751
403,2,lp,upper,1568,132,0.160153973,0.14789295196533203,2541,0,0,132,0,0,0,743,693,0,OPTIMAL=132,interval_proves_cutoff=743;upper_skipped_by_nonnegative_interval_lower=693
403,3,lp,lower,100,0,0.0,0.0,0,0,0,0,0,0,0,9,0,91,,interval_proves_cutoff=9;lower_skipped_by_nonpositive_upper=91
403,3,lp,upper,100,0,0.0,0.0,0,0,0,0,0,0,0,91,9,0,,interval_proves_cutoff=91;upper_skipped_by_nonnegative_interval_lower=9
404,0,lp,lower,9,9,0.069931745,0.06928205490112305,1617,0,0,9,0,0,0,0,0,0,OPTIMAL=9,
404,0,lp,upper,9,9,0.087345712,0.08639383316040039,1763,0,0,9,0,0,0,0,0,0,OPTIMAL=9,
404,1,interval_arithmetic,lower,3136,0,0.0,0.0,0,0,0,0,0,921,0,0,0,2215,,interval_arithmetic=921;lower_skipped_by_nonpositive_upper=2215
404,1,interval_arithmetic,upper,3136,0,0.0,0.0,0,0,0,0,0,3136,0,0,0,0,,interval_arithmetic=3136
404,2,lp,lower,1568,99,0.15932838100000005,0.15319252014160156,2074,0,0,99,0,0,0,655,0,814,OPTIMAL=99,interval_proves_cutoff=655;lower_skipped_by_nonpositive_upper=814
404,2,lp,upper,1568,100,0.12725395600000003,0.11676287651062012,2238,0,0,100,0,0,0,813,655,0,OPTIMAL=100,interval_proves_cutoff=813;upper_skipped_by_nonnegative_interval_lower=655
404,3,lp,lower,100,0,0.0,0.0,0,0,0,0,0,0,0,9,0,91,,interval_proves_cutoff=9;lower_skipped_by_nonpositive_upper=91
404,3,lp,upper,100,0,0.0,0.0,0,0,0,0,0,0,0,91,9,0,,interval_proves_cutoff=91;upper_skipped_by_nonnegative_interval_lower=9
405,0,lp,lower,9,9,0.062141019,0.061527252197265625,1538,0,0,9,0,0,0,0,0,0,OPTIMAL=9,
405,0,lp,upper,9,9,0.07736503199999999,0.07669639587402344,1688,0,0,9,0,0,0,0,0,0,OPTIMAL=9,
405,1,interval_arithmetic,lower,3136,0,0.0,0.0,0,0,0,0,0,915,0,0,0,2221,,interval_arithmetic=915;lower_skipped_by_nonpositive_upper=2221
405,1,interval_arithmetic,upper,3136,0,0.0,0.0,0,0,0,0,0,3136,0,0,0,0,,interval_arithmetic=3136
405,2,lp,lower,1568,96,0.11084918200000005,0.10705327987670898,1710,0,0,96,0,0,0,668,0,804,OPTIMAL=96,interval_proves_cutoff=668;lower_skipped_by_nonpositive_upper=804
405,2,lp,upper,1568,100,0.126411001,0.11638474464416504,1808,0,0,100,0,0,0,800,668,0,OPTIMAL=100,interval_proves_cutoff=800;upper_skipped_by_nonnegative_interval_lower=668
405,3,lp,lower,100,2,0.010507359,0.010378360748291016,302,0,0,2,0,0,0,7,0,91,OPTIMAL=2,interval_proves_cutoff=7;lower_skipped_by_nonpositive_upper=91
405,3,lp,upper,100,2,0.01044755,0.010224103927612305,344,0,0,2,0,0,0,91,7,0,OPTIMAL=2,interval_proves_cutoff=91;upper_skipped_by_nonnegative_interval_lower=7
406,0,lp,lower,9,9,0.032615327,0.03208446502685547,999,0,0,9,0,0,0,0,0,0,OPTIMAL=9,
406,0,lp,upper,9,9,0.033470851,0.03289341926574707,1021,0,0,9,0,0,0,0,0,0,OPTIMAL=9,
406,1,interval_arithmetic,lower,3136,0,0.0,0.0,0,0,0,0,0,935,0,0,0,2201,,interval_arithmetic=935;lower_skipped_by_nonpositive_upper=2201
406,1,interval_arithmetic,upper,3136,0,0.0,0.0,0,0,0,0,0,3136,0,0,0,0,,interval_arithmetic=3136
406,2,lp,lower,1568,80,0.07852354900000001,0.07562899589538574,618,0,0,80,0,0,0,683,0,805,OPTIMAL=80,interval_proves_cutoff=683;lower_skipped_by_nonpositive_upper=805
406,2,lp,upper,1568,83,0.11686650900000001,0.08190464973449707,816,0,0,83,0,0,0,802,683,0,OPTIMAL=83,interval_proves_cutoff=802;upper_skipped_by_nonnegative_interval_lower=683
406,3,lp,lower,100,0,0.0,0.0,0,0,0,0,0,0,0,9,0,91,,interval_proves_cutoff=9;lower_skipped_by_nonpositive_upper=91
406,3,lp,upper,100,0,0.0,0.0,0,0,0,0,0,0,0,91,9,0,,interval_proves_cutoff=91;upper_skipped_by_nonnegative_interval_lower=9
407,0,lp,lower,9,9,0.04270410299999999,0.0421602725982666,1294,0,0,9,0,0,0,0,0,0,OPTIMAL=9,
407,0,lp,upper,9,9,0.048558057999999994,0.04791378974914551,1543,0,0,9,0,0,0,0,0,0,OPTIMAL=9,
407,1,interval_arithmetic,lower,3136,0,0.0,0.0,0,0,0,0,0,986,0,0,0,2150,,interval_arithmetic=986;lower_skipped_by_nonpositive_upper=2150
407,1,interval_arithmetic,upper,3136,0,0.0,0.0,0,0,0,0,0,3136,0,0,0,0,,interval_arithmetic=3136
407,2,lp,lower,1568,82,0.09311247300000003,0.08984065055847168,1297,0,0,82,0,0,0,685,0,801,OPTIMAL=82,interval_proves_cutoff=685;lower_skipped_by_nonpositive_upper=801
407,2,lp,upper,1568,88,0.11171464599999995,0.10190773010253906,1479,0,0,88,0,0,0,795,685,0,OPTIMAL=88,interval_proves_cutoff=795;upper_skipped_by_nonnegative_interval_lower=685
407,3,lp,lower,100,0,0.0,0.0,0,0,0,0,0,0,0,9,0,91,,interval_proves_cutoff=9;lower_skipped_by_nonpositive_upper=91
407,3,lp,upper,100,0,0.0,0.0,0,0,0,0,0,0,0,91,9,0,,interval_proves_cutoff=91;upper_skipped_by_nonnegative_interval_lower=9
408,0,lp,lower,9,9,0.039216222,0.038622379302978516,1030,0,0,9,0,0,0,0,0,0,OPTIMAL=9,
408,0,lp,upper,9,9,0.047652663,0.047052621841430664,1148,0,0,9,0,0,0,0,0,0,OPTIMAL=9,
408,1,interval_arithmetic,lower,3136,0,0.0,0.0,0,0,0,0,0,941,0,0,0,2195,,interval_arithmetic=941;lower_skipped_by_nonpositive_upper=2195
408,1,interval_arithmetic,upper,3136,0,0.0,0.0,0,0,0,0,0,3136,0,0,0,0,,interval_arithmetic=3136
408,2,lp,lower,1568,79,0.07663845899999999,0.07375979423522949,561,0,0,79,0,0,0,686,0,803,OPTIMAL=79,interval_proves_cutoff=686;lower_skipped_by_nonpositive_upper=803
408,2,lp,upper,1568,82,0.08615117699999994,0.0771799087524414,658,0,0,82,0,0,0,800,686,0,OPTIMAL=82,interval_proves_cutoff=800;upper_skipped_by_nonnegative_interval_lower=686
408,3,lp,lower,100,1,0.004518892,0.004447460174560547,190,0,0,1,0,0,0,8,0,91,OPTIMAL=1,interval_proves_cutoff=8;lower_skipped_by_nonpositive_upper=91
408,3,lp,upper,100,1,0.004487925,0.004361629486083984,169,0,0,1,0,0,0,91,8,0,OPTIMAL=1,interval_proves_cutoff=91;upper_skipped_by_nonnegative_interval_lower=8
409,0,lp,lower,9,9,0.074856293,0.07425737380981445,1793,0,0,9,0,0,0,0,0,0,OPTIMAL=9,
409,0,lp,upper,9,9,0.081960073,0.08135175704956055,1814,0,0,9,0,0,0,0,0,0,OPTIMAL=9,
409,1,interval_arithmetic,lower,3136,0,0.0,0.0,0,0,0,0,0,934,0,0,0,2202,,interval_arithmetic=934;lower_skipped_by_nonpositive_upper=2202
409,1,interval_arithmetic,upper,3136,0,0.0,0.0,0,0,0,0,0,3136,0,0,0,0,,interval_arithmetic=3136
409,2,lp,lower,1568,112,0.12827066700000006,0.12382888793945312,1818,0,0,112,0,0,0,674,0,782,OPTIMAL=112,interval_proves_cutoff=674;lower_skipped_by_nonpositive_upper=782
409,2,lp,upper,1568,113,0.134949366,0.12437319755554199,1853,0,0,113,0,0,0,781,674,0,OPTIMAL=113,interval_proves_cutoff=781;upper_skipped_by_nonnegative_interval_lower=674
409,3,lp,lower,100,1,0.011651835,0.011578798294067383,335,0,0,1,0,0,0,8,0,91,OPTIMAL=1,interval_proves_cutoff=8;lower_skipped_by_nonpositive_upper=91
409,3,lp,upper,100,1,0.009883999,0.00975656509399414,294,0,0,1,0,0,0,91,8,0,OPTIMAL=1,interval_proves_cutoff=91;upper_skipped_by_nonnegative_interval_lower=8
410,0,lp,lower,9,9,0.030190107999999997,0.029730796813964844,784,0,0,9,0,0,0,0,0,0,OPTIMAL=9,
410,0,lp,upper,9,9,0.027336568,0.0268704891204834,725,0,0,9,0,0,0,0,0,0,OPTIMAL=9,
410,1,interval_arithmetic,lower,3136,0,0.0,0.0,0,0,0,0,0,857,0,0,0,2279,,interval_arithmetic=857;lower_skipped_by_nonpositive_upper=2279
410,1,interval_arithmetic,upper,3136,0,0.0,0.0,0,0,0,0,0,3136,0,0,0,0,,interval_arithmetic=3136
410,2,lp,lower,1568,47,0.043869331,0.04219985008239746,473,0,0,47,0,0,0,652,0,869,OPTIMAL=47,interval_proves_cutoff=652;lower_skipped_by_nonpositive_upper=869
410,2,lp,upper,1568,50,0.055060395000000005,0.04740619659423828,539,0,0,50,0,0,0,866,652,0,OPTIMAL=50,interval_proves_cutoff=866;upper_skipped_by_nonnegative_interval_lower=652
410,3,lp,lower,100,1,0.002816453,0.0027511119842529297,126,0,0,1,0,0,0,8,0,91,OPTIMAL=1,interval_proves_cutoff=8;lower_skipped_by_nonpositive_upper=91
410,3,lp,upper,100,1,0.002993376,0.0028693675994873047,107,0,0,1,0,0,0,91,8,0,OPTIMAL=1,interval_proves_cutoff=91;upper_skipped_by_nonnegative_interval_lower=8
411,0,lp,lower,9,9,0.031330501,0.03074502944946289,919,0,0,9,0,0,0,0,0,0,OPTIMAL=9,
411,0,lp,upper,9,9,0.029684376,0.02915668487548828,845,0,0,9,0,0,0,0,0,0,OPTIMAL=9,
411,1,interval_arithmetic,lower,3136,0,0.0,0.0,0,0,0,0,0,888,0,0,0,2248,,interval_arithmetic=888;lower_skipped_by_nonpositive_upper=2248
411,1,interval_arithmetic,upper,3136,0,0.0,0.0,0,0,0,0,0,3136,0,0,0,0,,interval_arithmetic=3136
411,2,lp,lower,1568,73,0.07045713199999999,0.06780052185058594,778,0,0,73,0,0,0,662,0,833,OPTIMAL=73,interval_proves_cutoff=662;lower_skipped_by_nonpositive_upper=833
411,2,lp,upper,1568,77,0.08422147400000003,0.07528972625732422,882,0,0,77,0,0,0,829,662,0,OPTIMAL=77,interval_proves_cutoff=829;upper_skipped_by_nonnegative_interval_lower=662
411,3,lp,lower,100,1,0.003947142,0.0038712024688720703,180,0,0,1,0,0,0,7,0,92,OPTIMAL=1,interval_proves_cutoff=7;lower_skipped_by_nonpositive_upper=92
411,3,lp,upper,100,1,0.003863888,0.003734111785888672,153,0,0,1,0,0,0,92,7,0,OPTIMAL=1,interval_proves_cutoff=92;upper_skipped_by_nonnegative_interval_lower=7
412,0,lp,lower,9,9,0.032911249000000004,0.03242659568786621,882,0,0,9,0,0,0,0,0,0,OPTIMAL=9,
412,0,lp,upper,9,9,0.036691363,0.03615617752075195,925,0,0,9,0,0,0,0,0,0,OPTIMAL=9,
412,1,interval_arithmetic,lower,3136,0,0.0,0.0,0,0,0,0,0,867,0,0,0,2269,,interval_arithmetic=867;lower_skipped_by_nonpositive_upper=2269
412,1,interval_arithmetic,upper,3136,0,0.0,0.0,0,0,0,0,0,3136,0,0,0,0,,interval_arithmetic=3136
412,2,lp,lower,1568,61,0.054703576,0.05248212814331055,624,0,0,61,0,0,0,636,0,871,OPTIMAL=61,interval_proves_cutoff=636;lower_skipped_by_nonpositive_upper=871
412,2,lp,upper,1568,64,0.065266576,0.0570068359375,698,0,0,64,0,0,0,868,636,0,OPTIMAL=64,interval_proves_cutoff=868;upper_skipped_by_nonnegative_interval_lower=636
412,3,lp,lower,100,1,0.003832972,0.003773927688598633,153,0,0,1,0,0,0,8,0,91,OPTIMAL=1,interval_proves_cutoff=8;lower_skipped_by_nonpositive_upper=91
412,3,lp,upper,100,1,0.004297101,0.004173994064331055,143,0,0,1,0,0,0,91,8,0,OPTIMAL=1,interval_proves_cutoff=91;upper_skipped_by_nonnegative_interval_lower=8
413,0,lp,lower,9,9,0.029294202999999998,0.028832674026489258,940,0,0,9,0,0,0,0,0,0,OPTIMAL=9,
413,0,lp,upper,9,9,0.028708614999999996,0.028179645538330078,897,0,0,9,0,0,0,0,0,0,OPTIMAL=9,
413,1,interval_arithmetic,lower,3136,0,0.0,0.0,0,0,0,0,0,967,0,0,0,2169,,interval_arithmetic=967;lower_skipped_by_nonpositive_upper=2169
413,1,interval_arithmetic,upper,3136,0,0.0,0.0,0,0,0,0,0,3136,0,0,0,0,,interval_arithmetic=3136
413,2,lp,lower,1568,65,0.06542836500000002,0.06295561790466309,703,0,0,65,0,0,0,699,0,804,OPTIMAL=65,interval_proves_cutoff=699;lower_skipped_by_nonpositive_upper=804
413,2,lp,upper,1568,74,0.08767707300000001,0.07871437072753906,904,0,0,74,0,0,0,795,699,0,OPTIMAL=74,interval_proves_cutoff=795;upper_skipped_by_nonnegative_interval_lower=699
413,3,lp,lower,100,2,0.0065936829999999995,0.006472349166870117,223,0,0,2,0,0,0,7,0,91,OPTIMAL=2,interval_proves_cutoff=7;lower_skipped_by_nonpositive_upper=91
413,3,lp,upper,100,2,0.007240373,0.007039785385131836,234,0,0,2,0,0,0,91,7,0,OPTIMAL=2,interval_proves_cutoff=91;upper_skipped_by_nonnegative_interval_lower=7
414,0,lp,lower,9,9,0.038642803,0.03811907768249512,1081,0,0,9,0,0,0,0,0,0,OPTIMAL=9,
414,0,lp,upper,9,9,0.039581922,0.0390467643737793,1039,0,0,9,0,0,0,0,0,0,OPTIMAL=9,
414,1,interval_arithmetic,lower,3136,0,0.0,0.0,0,0,0,0,0,932,0,0,0,2204,,interval_arithmetic=932;lower_skipped_by_nonpositive_upper=2204
414,1,interval_arithmetic,upper,3136,0,0.0,0.0,0,0,0,0,0,3136,0,0,0,0,,interval_arithmetic=3136
414,2,lp,lower,1568,72,0.073299286,0.07063603401184082,862,0,0,72,0,0,0,677,0,819,OPTIMAL=72,interval_proves_cutoff=677;lower_skipped_by_nonpositive_upper=819
414,2,lp,upper,1568,72,0.08376577499999999,0.0750117301940918,928,0,0,72,0,0,0,819,677,0,OPTIMAL=72,interval_proves_cutoff=819;upper_skipped_by_nonnegative_interval_lower=677
414,3,lp,lower,100,1,0.005347232,0.0052793025970458984,213,0,0,1,0,0,0,8,0,91,OPTIMAL=1,interval_proves_cutoff=8;lower_skipped_by_nonpositive_upper=91
414,3,lp,upper,100,1,0.004432793,0.004300117492675781,164,0,0,1,0,0,0,91,8,0,OPTIMAL=1,interval_proves_cutoff=91;upper_skipped_by_nonnegative_interval_lower=8
415,0,lp,lower,9,9,0.095536897,0.09489250183105469,1803,0,0,9,0,0,0,0,0,0,OPTIMAL=9,
415,0,lp,upper,9,9,0.084898585,0.08426094055175781,1573,0,0,9,0,0,0,0,0,0,OPTIMAL=9,
415,1,interval_arithmetic,lower,3136,0,0.0,0.0,0,0,0,0,0,893,0,0,0,2243,,interval_arithmetic=893;lower_skipped_by_nonpositive_upper=2243
415,1,interval_arithmetic,upper,3136,0,0.0,0.0,0,0,0,0,0,3136,0,0,0,0,,interval_arithmetic=3136
415,2,lp,lower,1568,91,0.09093907200000001,0.08747506141662598,1497,0,0,91,0,0,0,632,0,845,OPTIMAL=91,interval_proves_cutoff=632;lower_skipped_by_nonpositive_upper=845
415,2,lp,upper,1568,96,0.10346432200000001,0.09375834465026855,1542,0,0,96,0,0,0,840,632,0,OPTIMAL=96,interval_proves_cutoff=840;upper_skipped_by_nonnegative_interval_lower=632
415,3,lp,lower,100,2,0.009802662,0.009684562683105469,273,0,0,2,0,0,0,7,0,91,OPTIMAL=2,interval_proves_cutoff=7;lower_skipped_by_nonpositive_upper=91
415,3,lp,upper,100,2,0.011572702,0.011357307434082031,336,0,0,2,0,0,0,91,7,0,OPTIMAL=2,interval_proves_cutoff=91;upper_skipped_by_nonnegative_interval_lower=7
416,0,lp,lower,9,9,0.031953916,0.0314478874206543,874,0,0,9,0,0,0,0,0,0,OPTIMAL=9,
416,0,lp,upper,9,9,0.035570989,0.03506112098693848,941,0,0,9,0,0,0,0,0,0,OPTIMAL=9,
416,1,interval_arithmetic,lower,3136,0,0.0,0.0,0,0,0,0,0,885,0,0,0,2251,,interval_arithmetic=885;lower_skipped_by_nonpositive_upper=2251
416,1,interval_arithmetic,upper,3136,0,0.0,0.0,0,0,0,0,0,3136,0,0,0,0,,interval_arithmetic=3136
416,2,lp,lower,1568,71,0.06271049299999999,0.059995174407958984,633,0,0,71,0,0,0,649,0,848,OPTIMAL=71,interval_proves_cutoff=649;lower_skipped_by_nonpositive_upper=848
416,2,lp,upper,1568,77,0.076657439,0.06771063804626465,788,0,0,77,0,0,0,842,649,0,OPTIMAL=77,interval_proves_cutoff=842;upper_skipped_by_nonnegative_interval_lower=649
416,3,lp,lower,100,1,0.003693336,0.003633737564086914,176,0,0,1,0,0,0,8,0,91,OPTIMAL=1,interval_proves_cutoff=8;lower_skipped_by_nonpositive_upper=91
416,3,lp,upper,100,1,0.003939742,0.0038115978240966797,152,0,0,1,0,0,0,91,8,0,OPTIMAL=1,interval_proves_cutoff=91;upper_skipped_by_nonnegative_interval_lower=8
417,0,lp,lower,9,9,0.026253277,0.025809049606323242,715,0,0,9,0,0,0,0,0,0,OPTIMAL=9,
417,0,lp,upper,9,9,0.027340783,0.026738643646240234,799,0,0,9,0,0,0,0,0,0,OPTIMAL=9,
417,1,interval_arithmetic,lower,3136,0,0.0,0.0,0,0,0,0,0,853,0,0,0,2283,,interval_arithmetic=853;lower_skipped_by_nonpositive_upper=2283
417,1,interval_arithmetic,upper,3136,0,0.0,0.0,0,0,0,0,0,3136,0,0,0,0,,interval_arithmetic=3136
417,2,lp,lower,1568,54,0.043786928,0.04191136360168457,340,0,0,54,0,0,0,650,0,864,OPTIMAL=54,interval_proves_cutoff=650;lower_skipped_by_nonpositive_upper=864
417,2,lp,upper,1568,55,0.052534569,0.04480433464050293,454,0,0,55,0,0,0,863,650,0,OPTIMAL=55,interval_proves_cutoff=863;upper_skipped_by_nonnegative_interval_lower=650
417,3,lp,lower,100,0,0.0,0.0,0,0,0,0,0,0,0,8,0,92,,interval_proves_cutoff=8;lower_skipped_by_nonpositive_upper=92
417,3,lp,upper,100,0,0.0,0.0,0,0,0,0,0,0,0,92,8,0,,interval_proves_cutoff=92;upper_skipped_by_nonnegative_interval_lower=8
418,0,lp,lower,9,9,0.042312283,0.04177975654602051,1144,0,0,9,0,0,0,0,0,0,OPTIMAL=9,
418,0,lp,upper,9,9,0.047879753000000004,0.04733085632324219,1259,0,0,9,0,0,0,0,0,0,OPTIMAL=9,
418,1,interval_arithmetic,lower,3136,0,0.0,0.0,0,0,0,0,0,900,0,0,0,2236,,interval_arithmetic=900;lower_skipped_by_nonpositive_upper=2236
418,1,interval_arithmetic,upper,3136,0,0.0,0.0,0,0,0,0,0,3136,0,0,0,0,,interval_arithmetic=3136
418,2,lp,lower,1568,96,0.09112645,0.08759474754333496,1136,0,0,96,0,0,0,633,0,839,OPTIMAL=96,interval_proves_cutoff=633;lower_skipped_by_nonpositive_upper=839
418,2,lp,upper,1568,107,0.11426658899999996,0.10413742065429688,1550,0,0,107,0,0,0,828,633,0,OPTIMAL=107,interval_proves_cutoff=828;upper_skipped_by_nonnegative_interval_lower=633
418,3,lp,lower,100,1,0.005980634,0.00591731071472168,241,0,0,1,0,0,0,8,0,91,OPTIMAL=1,interval_proves_cutoff=8;lower_skipped_by_nonpositive_upper=91
418,3,lp,upper,100,1,0.005551546,0.0054187774658203125,192,0,0,1,0,0,0,91,8,0,OPTIMAL=1,interval_proves_cutoff=91;upper_skipped_by_nonnegative_interval_lower=8
419,0,lp,lower,9,9,0.08412021,0.08349466323852539,1858,0,0,9,0,0,0,0,0,0,OPTIMAL=9,
419,0,lp,upper,9,9,0.08567604799999999,0.08504676818847656,1913,0,0,9,0,0,0,0,0,0,OPTIMAL=9,
419,1,interval_arithmetic,lower,3136,0,0.0,0.0,0,0,0,0,0,928,0,0,0,2208,,interval_arithmetic=928;lower_skipped_by_nonpositive_upper=2208
419,1,interval_arithmetic,upper,3136,0,0.0,0.0,0,0,0,0,0,3136,0,0,0,0,,interval_arithmetic=3136
419,2,lp,lower,1568,114,0.127809796,0.1233522891998291,1823,0,0,114,0,0,0,646,0,808,OPTIMAL=114,interval_proves_cutoff=646;lower_skipped_by_nonpositive_upper=808
419,2,lp,upper,1568,129,0.15633233100000005,0.14503097534179688,2194,0,0,129,0,0,0,793,646,0,OPTIMAL=129,interval_proves_cutoff=793;upper_skipped_by_nonnegative_interval_lower=646
419,3,lp,lower,100,1,0.012448292,0.012368202209472656,338,0,0,1,0,0,0,8,0,91,OPTIMAL=1,interval_proves_cutoff=8;lower_skipped_by_nonpositive_upper=91
419,3,lp,upper,100,1,0.009333865,0.009195089340209961,271,0,0,1,0,0,0,91,8,0,OPTIMAL=1,interval_proves_cutoff=91;upper_skipped_by_nonnegative_interval_lower=8
420,0,lp,lower,9,9,0.059069075000000006,0.05852770805358887,1236,0,0,9,0,0,0,0,0,0,OPTIMAL=9,
420,0,lp,upper,9,9,0.040536595999999994,0.04000997543334961,949,0,0,9,0,0,0,0,0,0,OPTIMAL=9,
420,1,interval_arithmetic,lower,3136,0,0.0,0.0,0,0,0,0,0,845,0,0,0,2291,,interval_arithmetic=845;lower_skipped_by_nonpositive_upper=2291
420,1,interval_arithmetic,upper,3136,0,0.0,0.0,0,0,0,0,0,3136,0,0,0,0,,interval_arithmetic=3136
420,2,lp,lower,1568,84,0.08316944900000003,0.0801384449005127,1206,0,0,84,0,0,0,621,0,863,OPTIMAL=84,interval_proves_cutoff=621;lower_skipped_by_nonpositive_upper=863
420,2,lp,upper,1568,85,0.09510663800000001,0.08588671684265137,1401,0,0,85,0,0,0,862,621,0,OPTIMAL=85,interval_proves_cutoff=862;upper_skipped_by_nonnegative_interval_lower=621
420,3,lp,lower,100,1,0.004999716,0.00494074821472168,208,0,0,1,0,0,0,8,0,91,OPTIMAL=1,interval_proves_cutoff=8;lower_skipped_by_nonpositive_upper=91
420,3,lp,upper,100,1,0.004601666,0.004477977752685547,174,0,0,1,0,0,0,91,8,0,OPTIMAL=1,interval_proves_cutoff=91;upper_skipped_by_nonnegative_interval_lower=8
421,0,lp,lower,9,9,0.058461542,0.05784749984741211,1369,0,0,9,0,0,0,0,0,0,OPTIMAL=9,
421,0,lp,upper,9,9,0.05660190999999999,0.05591320991516113,1427,0,0,9,0,0,0,0,0,0,OPTIMAL=9,
421,1,interval_arithmetic,lower,3136,0,0.0,0.0,0,0,0,0,0,880,0,0,0,2256,,interval_arithmetic=880;lower_skipped_by_nonpositive_upper=2256
421,1,interval_arithmetic,upper,3136,0,0.0,0.0,0,0,0,0,0,3136,0,0,0,0,,interval_arithmetic=3136
421,2,lp,lower,1568,98,0.10677135099999999,0.10297799110412598,1659,0,0,98,0,0,0,645,0,825,OPTIMAL=98,interval_proves_cutoff=645;lower_skipped_by_nonpositive_upper=825
421,2,lp,upper,1568,99,0.12458378700000003,0.11264896392822266,1882,0,0,99,0,0,0,824,645,0,OPTIMAL=99,interval_proves_cutoff=824;upper_skipped_by_nonnegative_interval_lower=645
421,3,lp,lower,100,0,0.0,0.0,0,0,0,0,0,0,0,9,0,91,,interval_proves_cutoff=9;lower_skipped_by_nonpositive_upper=91
421,3,lp,upper,100,0,0.0,0.0,0,0,0,0,0,0,0,91,9,0,,interval_proves_cutoff=91;upper_skipped_by_nonnegative_interval_lower=9
422,0,lp,lower,9,9,0.07025838699999999,0.06966066360473633,1620,0,0,9,0,0,0,0,0,0,OPTIMAL=9,
422,0,lp,upper,9,9,0.077557321,0.07688164710998535,1642,0,0,9,0,0,0,0,0,0,OPTIMAL=9,
422,1,interval_arithmetic,lower,3136,0,0.0,0.0,0,0,0,0,0,915,0,0,0,2221,,interval_arithmetic=915;lower_skipped_by_nonpositive_upper=2221
422,1,interval_arithmetic,upper,3136,0,0.0,0.0,0,0,0,0,0,3136,0,0,0,0,,interval_arithmetic=3136
422,2,lp,lower,1568,116,0.12357291399999996,0.11910009384155273,1507,0,0,116,0,0,0,680,0,772,OPTIMAL=116,interval_proves_cutoff=680;lower_skipped_by_nonpositive_upper=772
422,2,lp,upper,1568,126,0.14874348100000007,0.13785839080810547,1693,0,0,126,0,0,0,762,680,0,OPTIMAL=126,interval_proves_cutoff=762;upper_skipped_by_nonnegative_interval_lower=680
422,3,lp,lower,100,1,0.008591312,0.008510828018188477,307,0,0,1,0,0,0,8,0,91,OPTIMAL=1,interval_proves_cutoff=8;lower_skipped_by_nonpositive_upper=91
422,3,lp,upper,100,1,0.008193421,0.008046150207519531,263,0,0,1,0,0,0,91,8,0,OPTIMAL=1,interval_proves_cutoff=91;upper_skipped_by_nonnegative_interval_lower=8
423,0,lp,lower,9,9,0.037426244000000004,0.03692960739135742,1078,0,0,9,0,0,0,0,0,0,OPTIMAL=9,
423,0,lp,upper,9,9,0.046266838,0.04567718505859375,1174,0,0,9,0,0,0,0,0,0,OPTIMAL=9,
423,1,interval_arithmetic,lower,3136,0,0.0,0.0,0,0,0,0,0,903,0,0,0,2233,,interval_arithmetic=903;lower_skipped_by_nonpositive_upper=2233
423,1,interval_arithmetic,upper,3136,0,0.0,0.0,0,0,0,0,0,3136,0,0,0,0,,interval_arithmetic=3136
423,2,lp,lower,1568,76,0.08028809399999998,0.0773928165435791,1212,0,0,76,0,0,0,642,0,850,OPTIMAL=76,interval_proves_cutoff=642;lower_skipped_by_nonpositive_upper=850
423,2,lp,upper,1568,89,0.10665118800000004,0.09729266166687012,1626,0,0,89,0,0,0,837,642,0,OPTIMAL=89,interval_proves_cutoff=837;upper_skipped_by_nonnegative_interval_lower=642
423,3,lp,lower,100,1,0.004800491,0.0047321319580078125,208,0,0,1,0,0,0,8,0,91,OPTIMAL=1,interval_proves_cutoff=8;lower_skipped_by_nonpositive_upper=91
423,3,lp,upper,100,1,0.005596774,0.005463838577270508,196,0,0,1,0,0,0,91,8,0,OPTIMAL=1,interval_proves_cutoff=91;upper_skipped_by_nonnegative_interval_lower=8
424,0,lp,lower,9,9,0.05291494599999999,0.05237293243408203,1388,0,0,9,0,0,0,0,0,0,OPTIMAL=9,
424,0,lp,upper,9,9,0.064989485,0.0643930435180664,1525,0,0,9,0,0,0,0,0,0,OPTIMAL=9,
424,1,interval_arithmetic,lower,3136,0,0.0,0.0,0,0,0,0,0,912,0,0,0,2224,,interval_arithmetic=912;lower_skipped_by_nonpositive_upper=2224
424,1,interval_arithmetic,upper,3136,0,0.0,0.0,0,0,0,0,0,3136,0,0,0,0,,interval_arithmetic=3136
424,2,lp,lower,1568,86,0.08924112699999998,0.08602142333984375,1042,0,0,86,0,0,0,659,0,823,OPTIMAL=86,interval_proves_cutoff=659;lower_skipped_by_nonpositive_upper=823
424,2,lp,upper,1568,90,0.10315048399999997,0.09366393089294434,1226,0,0,90,0,0,0,819,659,0,OPTIMAL=90,interval_proves_cutoff=819;upper_skipped_by_nonnegative_interval_lower=659
424,3,lp,lower,100,1,0.006476447,0.00641179084777832,265,0,0,1,0,0,0,8,0,91,OPTIMAL=1,interval_proves_cutoff=8;lower_skipped_by_nonpositive_upper=91
424,3,lp,upper,100,1,0.005150017,0.005013227462768555,187,0,0,1,0,0,0,91,8,0,OPTIMAL=1,interval_proves_cutoff=91;upper_skipped_by_nonnegative_interval_lower=8
425,0,lp,lower,9,9,0.081394044,0.08074164390563965,1969,0,0,9,0,0,0,0,0,0,OPTIMAL=9,
425,0,lp,upper,9,9,0.10579565999999999,0.10509610176086426,2080,0,0,9,0,0,0,0,0,0,OPTIMAL=9,
425,1,interval_arithmetic,lower,3136,0,0.0,0.0,0,0,0,0,0,939,0,0,0,2197,,interval_arithmetic=939;lower_skipped_by_nonpositive_upper=2197
425,1,interval_arithmetic,upper,3136,0,0.0,0.0,0,0,0,0,0,3136,0,0,0,0,,interval_arithmetic=3136
425,2,lp,lower,1568,147,0.1685963920000001,0.1628434658050537,2297,0,0,147,0,0,0,659,0,762,OPTIMAL=147,interval_proves_cutoff=659;lower_skipped_by_nonpositive_upper=762
425,2,lp,upper,1568,156,0.18877307599999996,0.17610955238342285,2493,0,0,156,0,0,0,753,659,0,OPTIMAL=156,interval_proves_cutoff=753;upper_skipped_by_nonnegative_interval_lower=659
425,3,lp,lower,100,1,0.011977967,0.011905670166015625,366,0,0,1,0,0,0,8,0,91,OPTIMAL=1,interval_proves_cutoff=8;lower_skipped_by_nonpositive_upper=91
425,3,lp,upper,100,1,0.009337105,0.00919961929321289,328,0,0,1,0,0,0,91,8,0,OPTIMAL=1,interval_proves_cutoff=91;upper_skipped_by_nonnegative_interval_lower=8
426,0,lp,lower,9,9,0.035069005,0.03457164764404297,1033,0,0,9,0,0,0,0,0,0,OPTIMAL=9,
426,0,lp,upper,9,9,0.034631444000000004,0.03406190872192383,1041,0,0,9,0,0,0,0,0,0,OPTIMAL=9,
426,1,interval_arithmetic,lower,3136,0,0.0,0.0,0,0,0,0,0,919,0,0,0,2217,,interval_arithmetic=919;lower_skipped_by_nonpositive_upper=2217
426,1,interval_arithmetic,upper,3136,0,0.0,0.0,0,0,0,0,0,3136,0,0,0,0,,interval_arithmetic=3136
426,2,lp,lower,1568,69,0.07421380099999998,0.07151317596435547,879,0,0,69,0,0,0,718,0,781,OPTIMAL=69,interval_proves_cutoff=718;lower_skipped_by_nonpositive_upper=781
426,2,lp,upper,1568,69,0.08350362300000001,0.07476949691772461,947,0,0,69,0,0,0,781,718,0,OPTIMAL=69,interval_proves_cutoff=781;upper_skipped_by_nonnegative_interval_lower=718
426,3,lp,lower,100,0,0.0,0.0,0,0,0,0,0,0,0,8,0,92,,interval_proves_cutoff=8;lower_skipped_by_nonpositive_upper=92
426,3,lp,upper,100,0,0.0,0.0,0,0,0,0,0,0,0,92,8,0,,interval_proves_cutoff=92;upper_skipped_by_nonnegative_interval_lower=8
427,0,lp,lower,9,9,0.048329226999999995,0.04780149459838867,1205,0,0,9,0,0,0,0,0,0,OPTIMAL=9,
427,0,lp,upper,9,9,0.048548412000000006,0.04785561561584473,1273,0,0,9,0,0,0,0,0,0,OPTIMAL=9,
427,1,interval_arithmetic,lower,3136,0,0.0,0.0,0,0,0,0,0,882,0,0,0,2254,,interval_arithmetic=882;lower_skipped_by_nonpositive_upper=2254
427,1,interval_arithmetic,upper,3136,0,0.0,0.0,0,0,0,0,0,3136,0,0,0,0,,interval_arithmetic=3136
427,2,lp,lower,1568,82,0.08456972299999999,0.08147025108337402,1366,0,0,82,0,0,0,633,0,853,OPTIMAL=82,interval_proves_cutoff=633;lower_skipped_by_nonpositive_upper=853
427,2,lp,upper,1568,86,0.09874378899999998,0.08951568603515625,1536,0,0,86,0,0,0,849,633,0,OPTIMAL=86,interval_proves_cutoff=849;upper_skipped_by_nonnegative_interval_lower=633
427,3,lp,lower,100,0,0.0,0.0,0,0,0,0,0,0,0,9,0,91,,interval_proves_cutoff=9;lower_skipped_by_nonpositive_upper=91
427,3,lp,upper,100,0,0.0,0.0,0,0,0,0,0,0,0,91,9,0,,interval_proves_cutoff=91;upper_skipped_by_nonnegative_interval_lower=9
428,0,lp,lower,9,9,0.045842672999999994,0.0453338623046875,1038,0,0,9,0,0,0,0,0,0,OPTIMAL=9,
428,0,lp,upper,9,9,0.04711938699999999,0.04656648635864258,1016,0,0,9,0,0,0,0,0,0,OPTIMAL=9,
428,1,interval_arithmetic,lower,3136,0,0.0,0.0,0,0,0,0,0,847,0,0,0,2289,,interval_arithmetic=847;lower_skipped_by_nonpositive_upper=2289
428,1,interval_arithmetic,upper,3136,0,0.0,0.0,0,0,0,0,0,3136,0,0,0,0,,interval_arithmetic=3136
428,2,lp,lower,1568,81,0.07235609700000005,0.0694878101348877,835,0,0,81,0,0,0,634,0,853,OPTIMAL=81,interval_proves_cutoff=634;lower_skipped_by_nonpositive_upper=853
428,2,lp,upper,1568,85,0.08652941699999996,0.07757854461669922,971,0,0,85,0,0,0,849,634,0,OPTIMAL=85,interval_proves_cutoff=849;upper_skipped_by_nonnegative_interval_lower=634
428,3,lp,lower,100,2,0.008880386,0.00876927375793457,231,0,0,2,0,0,0,7,0,91,OPTIMAL=2,interval_proves_cutoff=7;lower_skipped_by_nonpositive_upper=91
428,3,lp,upper,100,2,0.008921387,0.008729696273803711,273,0,0,2,0,0,0,91,7,0,OPTIMAL=2,interval_proves_cutoff=91;upper_skipped_by_nonnegative_interval_lower=7
429,0,lp,lower,9,9,0.053650316,0.053098440170288086,1268,0,0,9,0,0,0,0,0,0,OPTIMAL=9,
429,0,lp,upper,9,9,0.055441157000000005,0.05484580993652344,1311,0,0,9,0,0,0,0,0,0,OPTIMAL=9,
429,1,interval_arithmetic,lower,3136,0,0.0,0.0,0,0,0,0,0,906,0,0,0,2230,,interval_arithmetic=906;lower_skipped_by_nonpositive_upper=2230
429,1,interval_arithmetic,upper,3136,0,0.0,0.0,0,0,0,0,0,3136,0,0,0,0,,interval_arithmetic=3136
429,2,lp,lower,1568,93,0.09250371800000001,0.08884978294372559,1276,0,0,93,0,0,0,659,0,816,OPTIMAL=93,interval_proves_cutoff=659;lower_skipped_by_nonpositive_upper=816
429,2,lp,upper,1568,97,0.10341680900000001,0.09353256225585938,1318,0,0,97,0,0,0,812,659,0,OPTIMAL=97,interval_proves_cutoff=812;upper_skipped_by_nonnegative_interval_lower=659
429,3,lp,lower,100,2,0.00910408,0.00897979736328125,300,0,0,2,0,0,0,7,0,91,OPTIMAL=2,interval_proves_cutoff=7;lower_skipped_by_nonpositive_upper=91
429,3,lp,upper,100,2,0.00847116,0.008262395858764648,331,0,0,2,0,0,0,91,7,0,OPTIMAL=2,interval_proves_cutoff=91;upper_skipped_by_nonnegative_interval_lower=7
430,0,lp,lower,9,9,0.048983195,0.04842090606689453,1380,0,0,9,0,0,0,0,0,0,OPTIMAL=9,
430,0,lp,upper,9,9,0.052570394,0.05195116996765137,1428,0,0,9,0,0,0,0,0,0,OPTIMAL=9,
430,1,interval_arithmetic,lower,3136,0,0.0,0.0,0,0,0,0,0,920,0,0,0,2216,,interval_arithmetic=920;lower_skipped_by_nonpositive_upper=2216
430,1,interval_arithmetic,upper,3136,0,0.0,0.0,0,0,0,0,0,3136,0,0,0,0,,interval_arithmetic=3136
430,2,lp,lower,1568,98,0.106172351,0.10232996940612793,1796,0,0,98,0,0,0,666,0,804,OPTIMAL=98,interval_proves_cutoff=666;lower_skipped_by_nonpositive_upper=804
430,2,lp,upper,1568,102,0.119444344,0.10898709297180176,2042,0,0,102,0,0,0,800,666,0,OPTIMAL=102,interval_proves_cutoff=800;upper_skipped_by_nonnegative_interval_lower=666
430,3,lp,lower,100,0,0.0,0.0,0,0,0,0,0,0,0,9,0,91,,interval_proves_cutoff=9;lower_skipped_by_nonpositive_upper=91
430,3,lp,upper,100,0,0.0,0.0,0,0,0,0,0,0,0,91,9,0,,interval_proves_cutoff=91;upper_skipped_by_nonnegative_interval_lower=9
431,0,lp,lower,9,9,0.03945483600000001,0.03895401954650879,1038,0,0,9,0,0,0,0,0,0,OPTIMAL=9,
431,0,lp,upper,9,9,0.046041506999999995,0.04549980163574219,1150,0,0,9,0,0,0,0,0,0,OPTIMAL=9,
431,1,interval_arithmetic,lower,3136,0,0.0,0.0,0,0,0,0,0,848,0,0,0,2288,,interval_arithmetic=848;lower_skipped_by_nonpositive_upper=2288
431,1,interval_arithmetic,upper,3136,0,0.0,0.0,0,0,0,0,0,3136,0,0,0,0,,interval_arithmetic=3136
431,2,lp,lower,1568,77,0.07076587799999998,0.06805586814880371,638,0,0,77,0,0,0,630,0,861,OPTIMAL=77,interval_proves_cutoff=630;lower_skipped_by_nonpositive_upper=861
431,2,lp,upper,1568,80,0.08312438899999998,0.07435989379882812,681,0,0,80,0,0,0,858,630,0,OPTIMAL=80,interval_proves_cutoff=858;upper_skipped_by_nonnegative_interval_lower=630
431,3,lp,lower,100,1,0.004405312,0.004347324371337891,193,0,0,1,0,0,0,8,0,91,OPTIMAL=1,interval_proves_cutoff=8;lower_skipped_by_nonpositive_upper=91
431,3,lp,upper,100,1,0.004168009,0.0040340423583984375,166,0,0,1,0,0,0,91,8,0,OPTIMAL=1,interval_proves_cutoff=91;upper_skipped_by_nonnegative_interval_lower=8
432,0,lp,lower,9,9,0.129597151,0.12874960899353027,2183,0,0,9,0,0,0,0,0,0,OPTIMAL=9,
432,0,lp,upper,9,9,0.15786562,0.15665030479431152,2526,0,0,9,0,0,0,0,0,0,OPTIMAL=9,
432,1,interval_arithmetic,lower,3136,0,0.0,0.0,0,0,0,0,0,929,0,0,0,2207,,interval_arithmetic=929;lower_skipped_by_nonpositive_upper=2207
432,1,interval_arithmetic,upper,3136,0,0.0,0.0,0,0,0,0,0,3136,0,0,0,0,,interval_arithmetic=3136
432,2,lp,lower,1568,173,0.20381022299999998,0.19674015045166016,3622,0,0,173,0,0,0,652,0,743,OPTIMAL=173,interval_proves_cutoff=652;lower_skipped_by_nonpositive_upper=743
432,2,lp,upper,1568,181,0.2175868699999999,0.2037038803100586,3534,0,0,181,0,0,0,735,652,0,OPTIMAL=181,interval_proves_cutoff=735;upper_skipped_by_nonnegative_interval_lower=652
432,3,lp,lower,100,0,0.0,0.0,0,0,0,0,0,0,0,9,0,91,,interval_proves_cutoff=9;lower_skipped_by_nonpositive_upper=91
432,3,lp,upper,100,0,0.0,0.0,0,0,0,0,0,0,0,91,9,0,,interval_proves_cutoff=91;upper_skipped_by_nonnegative_interval_lower=9
433,0,lp,lower,9,9,0.041576893000000004,0.04105973243713379,1054,0,0,9,0,0,0,0,0,0,OPTIMAL=9,
433,0,lp,upper,9,9,0.040937964,0.040271759033203125,1112,0,0,9,0,0,0,0,0,0,OPTIMAL=9,
433,1,interval_arithmetic,lower,3136,0,0.0,0.0,0,0,0,0,0,875,0,0,0,2261,,interval_arithmetic=875;lower_skipped_by_nonpositive_upper=2261
433,1,interval_arithmetic,upper,3136,0,0.0,0.0,0,0,0,0,0,3136,0,0,0,0,,interval_arithmetic=3136
433,2,lp,lower,1568,84,0.07450219400000001,0.07143378257751465,805,0,0,84,0,0,0,641,0,843,OPTIMAL=84,interval_proves_cutoff=641;lower_skipped_by_nonpositive_upper=843
433,2,lp,upper,1568,88,0.087898561,0.07855772972106934,958,0,0,88,0,0,0,839,641,0,OPTIMAL=88,interval_proves_cutoff=839;upper_skipped_by_nonnegative_interval_lower=641
433,3,lp,lower,100,0,0.0,0.0,0,0,0,0,0,0,0,9,0,91,,interval_proves_cutoff=9;lower_skipped_by_nonpositive_upper=91
433,3,lp,upper,100,0,0.0,0.0,0,0,0,0,0,0,0,91,9,0,,interval_proves_cutoff=91;upper_skipped_by_nonnegative_interval_lower=9
434,0,lp,lower,9,9,0.05650290400000001,0.055943965911865234,1471,0,0,9,0,0,0,0,0,0,OPTIMAL=9,
434,0,lp,upper,9,9,0.060594979,0.060011863708496094,1519,0,0,9,0,0,0,0,0,0,OPTIMAL=9,
434,1,interval_arithmetic,lower,3136,0,0.0,0.0,0,0,0,0,0,919,0,0,0,2217,,interval_arithmetic=919;lower_skipped_by_nonpositive_upper=2217
434,1,interval_arithmetic,upper,3136,0,0.0,0.0,0,0,0,0,0,3136,0,0,0,0,,interval_arithmetic=3136
434,2,lp,lower,1568,98,0.10570815399999998,0.10184025764465332,1591,0,0,98,0,0,0,659,0,811,OPTIMAL=98,interval_proves_cutoff=659;lower_skipped_by_nonpositive_upper=811
434,2,lp,upper,1568,101,0.12003594900000003,0.10982465744018555,1686,0,0,101,0,0,0,808,659,0,OPTIMAL=101,interval_proves_cutoff=808;upper_skipped_by_nonnegative_interval_lower=659
434,3,lp,lower,100,1,0.008576669,0.008504629135131836,301,0,0,1,0,0,0,8,0,91,OPTIMAL=1,interval_proves_cutoff=8;lower_skipped_by_nonpositive_upper=91
434,3,lp,upper,100,1,0.008365064,0.00816655158996582,254,0,0,1,0,0,0,91,8,0,OPTIMAL=1,interval_proves_cutoff=91;upper_skipped_by_nonnegative_interval_lower=8
435,0,lp,lower,9,9,0.050280370000000005,0.04974937438964844,1213,0,0,9,0,0,0,0,0,0,OPTIMAL=9,
435,0,lp,upper,9,9,0.054777748999999994,0.05422067642211914,1244,0,0,9,0,0,0,0,0,0,OPTIMAL=9,
435,1,interval_arithmetic,lower,3136,0,0.0,0.0,0,0,0,0,0,884,0,0,0,2252,,interval_arithmetic=884;lower_skipped_by_nonpositive_upper=2252
435,1,interval_arithmetic,upper,3136,0,0.0,0.0,0,0,0,0,0,3136,0,0,0,0,,interval_arithmetic=3136
435,2,lp,lower,1568,76,0.07867943699999998,0.07587766647338867,1171,0,0,76,0,0,0,641,0,851,OPTIMAL=76,interval_proves_cutoff=641;lower_skipped_by_nonpositive_upper=851
435,2,lp,upper,1568,76,0.08483110299999998,0.07582449913024902,1238,0,0,76,0,0,0,851,641,0,OPTIMAL=76,interval_proves_cutoff=851;upper_skipped_by_nonnegative_interval_lower=641
435,3,lp,lower,100,1,0.006186209,0.006124258041381836,216,0,0,1,0,0,0,8,0,91,OPTIMAL=1,interval_proves_cutoff=8;lower_skipped_by_nonpositive_upper=91
435,3,lp,upper,100,1,0.005621399,0.005493879318237305,197,0,0,1,0,0,0,91,8,0,OPTIMAL=1,interval_proves_cutoff=91;upper_skipped_by_nonnegative_interval_lower=8
436,0,lp,lower,9,9,0.032729023,0.03220677375793457,897,0,0,9,0,0,0,0,0,0,OPTIMAL=9,
436,0,lp,upper,9,9,0.034338764,0.03376054763793945,1028,0,0,9,0,0,0,0,0,0,OPTIMAL=9,
436,1,interval_arithmetic,lower,3136,0,0.0,0.0,0,0,0,0,0,912,0,0,0,2224,,interval_arithmetic=912;lower_skipped_by_nonpositive_upper=2224
436,1,interval_arithmetic,upper,3136,0,0.0,0.0,0,0,0,0,0,3136,0,0,0,0,,interval_arithmetic=3136
436,2,lp,lower,1568,61,0.061859886999999995,0.05956912040710449,857,0,0,61,0,0,0,663,0,844,OPTIMAL=61,interval_proves_cutoff=663;lower_skipped_by_nonpositive_upper=844
436,2,lp,upper,1568,66,0.07746638700000001,0.0690145492553711,1008,0,0,66,0,0,0,839,663,0,OPTIMAL=66,interval_proves_cutoff=839;upper_skipped_by_nonnegative_interval_lower=663
436,3,lp,lower,100,0,0.0,0.0,0,0,0,0,0,0,0,9,0,91,,interval_proves_cutoff=9;lower_skipped_by_nonpositive_upper=91
436,3,lp,upper,100,0,0.0,0.0,0,0,0,0,0,0,0,91,9,0,,interval_proves_cutoff=91;upper_skipped_by_nonnegative_interval_lower=9
437,0,lp,lower,9,9,0.053245386,0.05269360542297363,1354,0,0,9,0,0,0,0,0,0,OPTIMAL=9,
437,0,lp,upper,9,9,0.059553233,0.05889582633972168,1531,0,0,9,0,0,0,0,0,0,OPTIMAL=9,
437,1,interval_arithmetic,lower,3136,0,0.0,0.0,0,0,0,0,0,923,0,0,0,2213,,interval_arithmetic=923;lower_skipped_by_nonpositive_upper=2213
437,1,interval_arithmetic,upper,3136,0,0.0,0.0,0,0,0,0,0,3136,0,0,0,0,,interval_arithmetic=3136
437,2,lp,lower,1568,91,0.10924692300000001,0.10565423965454102,1932,0,0,91,0,0,0,659,0,818,OPTIMAL=91,interval_proves_cutoff=659;lower_skipped_by_nonpositive_upper=818
437,2,lp,upper,1568,107,0.13832487600000007,0.12760090827941895,2444,0,0,107,0,0,0,802,659,0,OPTIMAL=107,interval_proves_cutoff=802;upper_skipped_by_nonnegative_interval_lower=659
437,3,lp,lower,100,0,0.0,0.0,0,0,0,0,0,0,0,9,0,91,,interval_proves_cutoff=9;lower_skipped_by_nonpositive_upper=91
437,3,lp,upper,100,0,0.0,0.0,0,0,0,0,0,0,0,91,9,0,,interval_proves_cutoff=91;upper_skipped_by_nonnegative_interval_lower=9
438,0,lp,lower,9,9,0.06049845699999999,0.05992937088012695,1416,0,0,9,0,0,0,0,0,0,OPTIMAL=9,
438,0,lp,upper,9,9,0.05059798,0.050037384033203125,1309,0,0,9,0,0,0,0,0,0,OPTIMAL=9,
438,1,interval_arithmetic,lower,3136,0,0.0,0.0,0,0,0,0,0,994,0,0,0,2142,,interval_arithmetic=994;lower_skipped_by_nonpositive_upper=2142
438,1,interval_arithmetic,upper,3136,0,0.0,0.0,0,0,0,0,0,3136,0,0,0,0,,interval_arithmetic=3136
438,2,lp,lower,1568,82,0.09115780399999997,0.08794331550598145,1102,0,0,82,0,0,0,715,0,771,OPTIMAL=82,interval_proves_cutoff=715;lower_skipped_by_nonpositive_upper=771
438,2,lp,upper,1568,86,0.10492260699999997,0.09532618522644043,1263,0,0,86,0,0,0,767,715,0,OPTIMAL=86,interval_proves_cutoff=767;upper_skipped_by_nonnegative_interval_lower=715
438,3,lp,lower,100,1,0.007811302,0.007738351821899414,273,0,0,1,0,0,0,8,0,91,OPTIMAL=1,interval_proves_cutoff=8;lower_skipped_by_nonpositive_upper=91
438,3,lp,upper,100,1,0.005625686,0.005495548248291016,196,0,0,1,0,0,0,91,8,0,OPTIMAL=1,interval_proves_cutoff=91;upper_skipped_by_nonnegative_interval_lower=8
439,0,lp,lower,9,9,0.04297883499999999,0.04245901107788086,1101,0,0,9,0,0,0,0,0,0,OPTIMAL=9,
439,0,lp,upper,9,9,0.049954886,0.04925203323364258,1133,0,0,9,0,0,0,0,0,0,OPTIMAL=9,
439,1,interval_arithmetic,lower,3136,0,0.0,0.0,0,0,0,0,0,884,0,0,0,2252,,interval_arithmetic=884;lower_skipped_by_nonpositive_upper=2252
439,1,interval_arithmetic,upper,3136,0,0.0,0.0,0,0,0,0,0,3136,0,0,0,0,,interval_arithmetic=3136
439,2,lp,lower,1568,83,0.08228502899999998,0.07916784286499023,1054,0,0,83,0,0,0,652,0,833,OPTIMAL=83,interval_proves_cutoff=652;lower_skipped_by_nonpositive_upper=833
439,2,lp,upper,1568,88,0.09808919299999998,0.08850884437561035,1282,0,0,88,0,0,0,828,652,0,OPTIMAL=88,interval_proves_cutoff=828;upper_skipped_by_nonnegative_interval_lower=652
439,3,lp,lower,100,1,0.007545758,0.007478475570678711,263,0,0,1,0,0,0,7,0,92,OPTIMAL=1,interval_proves_cutoff=7;lower_skipped_by_nonpositive_upper=92
439,3,lp,upper,100,1,0.0056427,0.005510807037353516,181,0,0,1,0,0,0,92,7,0,OPTIMAL=1,interval_proves_cutoff=92;upper_skipped_by_nonnegative_interval_lower=7
440,0,lp,lower,9,9,0.055335208000000004,0.05477571487426758,1420,0,0,9,0,0,0,0,0,0,OPTIMAL=9,
440,0,lp,upper,9,9,0.053485419000000006,0.05281496047973633,1406,0,0,9,0,0,0,0,0,0,OPTIMAL=9,
440,1,interval_arithmetic,lower,3136,0,0.0,0.0,0,0,0,0,0,894,0,0,0,2242,,interval_arithmetic=894;lower_skipped_by_nonpositive_upper=2242
440,1,interval_arithmetic,upper,3136,0,0.0,0.0,0,0,0,0,0,3136,0,0,0,0,,interval_arithmetic=3136
440,2,lp,lower,1568,98,0.102021833,0.09824013710021973,1235,0,0,98,0,0,0,637,0,833,OPTIMAL=98,interval_proves_cutoff=637;lower_skipped_by_nonpositive_upper=833
440,2,lp,upper,1568,99,0.11245392800000002,0.10252904891967773,1428,0,0,99,0,0,0,832,637,0,OPTIMAL=99,interval_proves_cutoff=832;upper_skipped_by_nonnegative_interval_lower=637
440,3,lp,lower,100,0,0.0,0.0,0,0,0,0,0,0,0,9,0,91,,interval_proves_cutoff=9;lower_skipped_by_nonpositive_upper=91
440,3,lp,upper,100,0,0.0,0.0,0,0,0,0,0,0,0,91,9,0,,interval_proves_cutoff=91;upper_skipped_by_nonnegative_interval_lower=9
441,0,lp,lower,9,9,0.07720524799999999,0.07659053802490234,2000,0,0,9,0,0,0,0,0,0,OPTIMAL=9,
441,0,lp,upper,9,9,0.08680710400000001,0.08615946769714355,2036,0,0,9,0,0,0,0,0,0,OPTIMAL=9,
441,1,interval_arithmetic,lower,3136,0,0.0,0.0,0,0,0,0,0,1023,0,0,0,2113,,interval_arithmetic=1023;lower_skipped_by_nonpositive_upper=2113
441,1,interval_arithmetic,upper,3136,0,0.0,0.0,0,0,0,0,0,3136,0,0,0,0,,interval_arithmetic=3136
441,2,lp,lower,1568,119,0.122733222,0.1181182861328125,1499,0,0,119,0,0,0,688,0,761,OPTIMAL=119,interval_proves_cutoff=688;lower_skipped_by_nonpositive_upper=761
441,2,lp,upper,1568,121,0.13828452500000002,0.12715864181518555,1745,0,0,121,0,0,0,759,688,0,OPTIMAL=121,interval_proves_cutoff=759;upper_skipped_by_nonnegative_interval_lower=688
441,3,lp,lower,100,1,0.010849008,0.010772466659545898,352,0,0,1,0,0,0,8,0,91,OPTIMAL=1,interval_proves_cutoff=8;lower_skipped_by_nonpositive_upper=91
441,3,lp,upper,100,1,0.007646876,0.0075054168701171875,280,0,0,1,0,0,0,91,8,0,OPTIMAL=1,interval_proves_cutoff=91;upper_skipped_by_nonnegative_interval_lower=8
442,0,lp,lower,9,9,0.068151033,0.06740474700927734,1515,0,0,9,0,0,0,0,0,0,OPTIMAL=9,
442,0,lp,upper,9,9,0.07365563100000001,0.07305479049682617,1683,0,0,9,0,0,0,0,0,0,OPTIMAL=9,
442,1,interval_arithmetic,lower,3136,0,0.0,0.0,0,0,0,0,0,929,0,0,0,2207,,interval_arithmetic=929;lower_skipped_by_nonpositive_upper=2207
442,1,interval_arithmetic,upper,3136,0,0.0,0.0,0,0,0,0,0,3136,0,0,0,0,,interval_arithmetic=3136
442,2,lp,lower,1568,93,0.093064257,0.08952593803405762,1259,0,0,93,0,0,0,675,0,800,OPTIMAL=93,interval_proves_cutoff=675;lower_skipped_by_nonpositive_upper=800
442,2,lp,upper,1568,95,0.10617783700000004,0.09627008438110352,1434,0,0,95,0,0,0,798,675,0,OPTIMAL=95,interval_proves_cutoff=798;upper_skipped_by_nonnegative_interval_lower=675
442,3,lp,lower,100,1,0.007739023,0.007676362991333008,293,0,0,1,0,0,0,8,0,91,OPTIMAL=1,interval_proves_cutoff=8;lower_skipped_by_nonpositive_upper=91
442,3,lp,upper,100,1,0.005268047,0.005138397216796875,218,0,0,1,0,0,0,91,8,0,OPTIMAL=1,interval_proves_cutoff=91;upper_skipped_by_nonnegative_interval_lower=8
443,0,lp,lower,9,9,0.037829361,0.037307024002075195,1157,0,0,9,0,0,0,0,0,0,OPTIMAL=9,
443,0,lp,upper,9,9,0.04494969499999999,0.04436039924621582,1324,0,0,9,0,0,0,0,0,0,OPTIMAL=9,
443,1,interval_arithmetic,lower,3136,0,0.0,0.0,0,0,0,0,0,934,0,0,0,2202,,interval_arithmetic=934;lower_skipped_by_nonpositive_upper=2202
443,1,interval_arithmetic,upper,3136,0,0.0,0.0,0,0,0,0,0,3136,0,0,0,0,,interval_arithmetic=3136
443,2,lp,lower,1568,97,0.107495394,0.1036992073059082,1480,0,0,97,0,0,0,659,0,812,OPTIMAL=97,interval_proves_cutoff=659;lower_skipped_by_nonpositive_upper=812
443,2,lp,upper,1568,110,0.13243342999999996,0.12205052375793457,1823,0,0,110,0,0,0,799,659,0,OPTIMAL=110,interval_proves_cutoff=799;upper_skipped_by_nonnegative_interval_lower=659
443,3,lp,lower,100,0,0.0,0.0,0,0,0,0,0,0,0,8,0,92,,interval_proves_cutoff=8;lower_skipped_by_nonpositive_upper=92
443,3,lp,upper,100,0,0.0,0.0,0,0,0,0,0,0,0,92,8,0,,interval_proves_cutoff=92;upper_skipped_by_nonnegative_interval_lower=8
444,0,lp,lower,9,9,0.113705536,0.11304116249084473,2068,0,0,9,0,0,0,0,0,0,OPTIMAL=9,
444,0,lp,upper,9,9,0.11426763200000001,0.11351442337036133,2107,0,0,9,0,0,0,0,0,0,OPTIMAL=9,
444,1,interval_arithmetic,lower,3136,0,0.0,0.0,0,0,0,0,0,885,0,0,0,2251,,interval_arithmetic=885;lower_skipped_by_nonpositive_upper=2251
444,1,interval_arithmetic,upper,3136,0,0.0,0.0,0,0,0,0,0,3136,0,0,0,0,,interval_arithmetic=3136
444,2,lp,lower,1568,145,0.15612774900000007,0.15058183670043945,2292,0,0,145,0,0,0,603,0,820,OPTIMAL=145,interval_proves_cutoff=603;lower_skipped_by_nonpositive_upper=820
444,2,lp,upper,1568,152,0.176424916,0.1644268035888672,2614,0,0,152,0,0,0,813,603,0,OPTIMAL=152,interval_proves_cutoff=813;upper_skipped_by_nonnegative_interval_lower=603
444,3,lp,lower,100,0,0.0,0.0,0,0,0,0,0,0,0,9,0,91,,interval_proves_cutoff=9;lower_skipped_by_nonpositive_upper=91
444,3,lp,upper,100,0,0.0,0.0,0,0,0,0,0,0,0,91,9,0,,interval_proves_cutoff=91;upper_skipped_by_nonnegative_interval_lower=9
445,0,lp,lower,9,9,0.09675192399999999,0.09612584114074707,1819,0,0,9,0,0,0,0,0,0,OPTIMAL=9,
445,0,lp,upper,9,9,0.100691323,0.10004687309265137,1932,0,0,9,0,0,0,0,0,0,OPTIMAL=9,
445,1,interval_arithmetic,lower,3136,0,0.0,0.0,0,0,0,0,0,934,0,0,0,2202,,interval_arithmetic=934;lower_skipped_by_nonpositive_upper=2202
445,1,interval_arithmetic,upper,3136,0,0.0,0.0,0,0,0,0,0,3136,0,0,0,0,,interval_arithmetic=3136
445,2,lp,lower,1568,104,0.11973067700000002,0.11570572853088379,1588,0,0,104,0,0,0,662,0,802,OPTIMAL=104,interval_proves_cutoff=662;lower_skipped_by_nonpositive_upper=802
445,2,lp,upper,1568,114,0.13140842800000002,0.12048792839050293,1880,0,0,114,0,0,0,792,662,0,OPTIMAL=114,interval_proves_cutoff=792;upper_skipped_by_nonnegative_interval_lower=662
445,3,lp,lower,100,2,0.012867117,0.012722492218017578,341,0,0,2,0,0,0,7,0,91,OPTIMAL=2,interval_proves_cutoff=7;lower_skipped_by_nonpositive_upper=91
445,3,lp,upper,100,2,0.010636044,0.01041722297668457,350,0,0,2,0,0,0,91,7,0,OPTIMAL=2,interval_proves_cutoff=91;upper_skipped_by_nonnegative_interval_lower=7
446,0,lp,lower,9,9,0.12000903,0.11932516098022461,2128,0,0,9,0,0,0,0,0,0,OPTIMAL=9,
446,0,lp,upper,9,9,0.13280947899999998,0.13207435607910156,2134,0,0,9,0,0,0,0,0,0,OPTIMAL=9,
446,1,interval_arithmetic,lower,3136,0,0.0,0.0,0,0,0,0,0,923,0,0,0,2213,,interval_arithmetic=923;lower_skipped_by_nonpositive_upper=2213
446,1,interval_arithmetic,upper,3136,0,0.0,0.0,0,0,0,0,0,3136,0,0,0,0,,interval_arithmetic=3136
446,2,lp,lower,1568,142,0.160665809,0.15508270263671875,2429,0,0,142,0,0,0,650,0,776,OPTIMAL=142,interval_proves_cutoff=650;lower_skipped_by_nonpositive_upper=776
446,2,lp,upper,1568,152,0.185494659,0.17342734336853027,2829,0,0,152,0,0,0,766,650,0,OPTIMAL=152,interval_proves_cutoff=766;upper_skipped_by_nonnegative_interval_lower=650
446,3,lp,lower,100,2,0.019932419,0.01978468894958496,462,0,0,2,0,0,0,7,0,91,OPTIMAL=2,interval_proves_cutoff=7;lower_skipped_by_nonpositive_upper=91
446,3,lp,upper,100,2,0.015801363,0.015575408935546875,493,0,0,2,0,0,0,91,7,0,OPTIMAL=2,interval_proves_cutoff=91;upper_skipped_by_nonnegative_interval_lower=7
447,0,lp,lower,9,9,0.136461054,0.13579487800598145,2289,0,0,9,0,0,0,0,0,0,OPTIMAL=9,
447,0,lp,upper,9,9,0.13236935800000002,0.1316826343536377,2043,0,0,9,0,0,0,0,0,0,OPTIMAL=9,
447,1,interval_arithmetic,lower,3136,0,0.0,0.0,0,0,0,0,0,957,0,0,0,2179,,interval_arithmetic=957;lower_skipped_by_nonpositive_upper=2179
447,1,interval_arithmetic,upper,3136,0,0.0,0.0,0,0,0,0,0,3136,0,0,0,0,,interval_arithmetic=3136
447,2,lp,lower,1568,102,0.11789473100000003,0.1139078140258789,1705,0,0,102,0,0,0,659,0,807,OPTIMAL=102,interval_proves_cutoff=659;lower_skipped_by_nonpositive_upper=807
447,2,lp,upper,1568,102,0.12946736999999997,0.11922931671142578,1785,0,0,102,0,0,0,807,659,0,OPTIMAL=102,interval_proves_cutoff=807;upper_skipped_by_nonnegative_interval_lower=659
447,3,lp,lower,100,2,0.016743795,0.016600847244262695,401,0,0,2,0,0,0,7,0,91,OPTIMAL=2,interval_proves_cutoff=7;lower_skipped_by_nonpositive_upper=91
447,3,lp,upper,100,2,0.016091175,0.01586604118347168,446,0,0,2,0,0,0,91,7,0,OPTIMAL=2,interval_proves_cutoff=91;upper_skipped_by_nonnegative_interval_lower=7
448,0,lp,lower,9,9,0.037063019,0.03653216361999512,1119,0,0,9,0,0,0,0,0,0,OPTIMAL=9,
448,0,lp,upper,9,9,0.039922865,0.03931879997253418,1204,0,0,9,0,0,0,0,0,0,OPTIMAL=9,
448,1,interval_arithmetic,lower,3136,0,0.0,0.0,0,0,0,0,0,933,0,0,0,2203,,interval_arithmetic=933;lower_skipped_by_nonpositive_upper=2203
448,1,interval_arithmetic,upper,3136,0,0.0,0.0,0,0,0,0,0,3136,0,0,0,0,,interval_arithmetic=3136
448,2,lp,lower,1568,84,0.085441608,0.08230829238891602,993,0,0,84,0,0,0,650,0,834,OPTIMAL=84,interval_proves_cutoff=650;lower_skipped_by_nonpositive_upper=834
448,2,lp,upper,1568,91,0.10283143700000003,0.09320783615112305,1200,0,0,91,0,0,0,827,650,0,OPTIMAL=91,interval_proves_cutoff=827;upper_skipped_by_nonnegative_interval_lower=650
448,3,lp,lower,100,0,0.0,0.0,0,0,0,0,0,0,0,9,0,91,,interval_proves_cutoff=9;lower_skipped_by_nonpositive_upper=91
448,3,lp,upper,100,0,0.0,0.0,0,0,0,0,0,0,0,91,9,0,,interval_proves_cutoff=91;upper_skipped_by_nonnegative_interval_lower=9
449,0,lp,lower,9,9,0.046051436,0.04547619819641113,1275,0,0,9,0,0,0,0,0,0,OPTIMAL=9,
449,0,lp,upper,9,9,0.046267109,0.045584917068481445,1293,0,0,9,0,0,0,0,0,0,OPTIMAL=9,
449,1,interval_arithmetic,lower,3136,0,0.0,0.0,0,0,0,0,0,927,0,0,0,2209,,interval_arithmetic=927;lower_skipped_by_nonpositive_upper=2209
449,1,interval_arithmetic,upper,3136,0,0.0,0.0,0,0,0,0,0,3136,0,0,0,0,,interval_arithmetic=3136
449,2,lp,lower,1568,86,0.08562898799999999,0.08236122131347656,1007,0,0,86,0,0,0,661,0,821,OPTIMAL=86,interval_proves_cutoff=661;lower_skipped_by_nonpositive_upper=821
449,2,lp,upper,1568,87,0.098134018,0.08850693702697754,1076,0,0,87,0,0,0,820,661,0,OPTIMAL=87,interval_proves_cutoff=820;upper_skipped_by_nonnegative_interval_lower=661
449,3,lp,lower,100,0,0.0,0.0,0,0,0,0,0,0,0,9,0,91,,interval_proves_cutoff=9;lower_skipped_by_nonpositive_upper=91
449,3,lp,upper,100,0,0.0,0.0,0,0,0,0,0,0,0,91,9,0,,interval_proves_cutoff=91;upper_skipped_by_nonnegative_interval_lower=9
451,0,lp,lower,9,9,0.025732478,0.02526712417602539,845,0,0,9,0,0,0,0,0,0,OPTIMAL=9,
451,0,lp,upper,9,9,0.027732597999999997,0.027170658111572266,901,0,0,9,0,0,0,0,0,0,OPTIMAL=9,
451,1,interval_arithmetic,lower,3136,0,0.0,0.0,0,0,0,0,0,940,0,0,0,2196,,interval_arithmetic=940;lower_skipped_by_nonpositive_upper=2196
451,1,interval_arithmetic,upper,3136,0,0.0,0.0,0,0,0,0,0,3136,0,0,0,0,,interval_arithmetic=3136
451,2,lp,lower,1568,65,0.062451272,0.0600743293762207,506,0,0,65,0,0,0,681,0,822,OPTIMAL=65,interval_proves_cutoff=681;lower_skipped_by_nonpositive_upper=822
451,2,lp,upper,1568,71,0.07707839,0.06799006462097168,615,0,0,71,0,0,0,816,681,0,OPTIMAL=71,interval_proves_cutoff=816;upper_skipped_by_nonnegative_interval_lower=681
451,3,lp,lower,100,0,0.0,0.0,0,0,0,0,0,0,0,9,0,91,,interval_proves_cutoff=9;lower_skipped_by_nonpositive_upper=91
451,3,lp,upper,100,0,0.0,0.0,0,0,0,0,0,0,0,91,9,0,,interval_proves_cutoff=91;upper_skipped_by_nonnegative_interval_lower=9
452,0,lp,lower,9,9,0.024583411000000003,0.024126052856445312,731,0,0,9,0,0,0,0,0,0,OPTIMAL=9,
452,0,lp,upper,9,9,0.025433575,0.02485942840576172,786,0,0,9,0,0,0,0,0,0,OPTIMAL=9,
452,1,interval_arithmetic,lower,3136,0,0.0,0.0,0,0,0,0,0,941,0,0,0,2195,,interval_arithmetic=941;lower_skipped_by_nonpositive_upper=2195
452,1,interval_arithmetic,upper,3136,0,0.0,0.0,0,0,0,0,0,3136,0,0,0,0,,interval_arithmetic=3136
452,2,lp,lower,1568,54,0.05098266299999999,0.04902386665344238,297,0,0,54,0,0,0,704,0,810,OPTIMAL=54,interval_proves_cutoff=704;lower_skipped_by_nonpositive_upper=810
452,2,lp,upper,1568,58,0.061100079999999994,0.05301833152770996,409,0,0,58,0,0,0,806,704,0,OPTIMAL=58,interval_proves_cutoff=806;upper_skipped_by_nonnegative_interval_lower=704
452,3,lp,lower,100,0,0.0,0.0,0,0,0,0,0,0,0,9,0,91,,interval_proves_cutoff=9;lower_skipped_by_nonpositive_upper=91
452,3,lp,upper,100,0,0.0,0.0,0,0,0,0,0,0,0,91,9,0,,interval_proves_cutoff=91;upper_skipped_by_nonnegative_interval_lower=9
453,0,lp,lower,9,9,0.04905018,0.048399925231933594,1274,0,0,9,0,0,0,0,0,0,OPTIMAL=9,
453,0,lp,upper,9,9,0.05886852,0.05818676948547363,1389,0,0,9,0,0,0,0,0,0,OPTIMAL=9,
453,1,interval_arithmetic,lower,3136,0,0.0,0.0,0,0,0,0,0,902,0,0,0,2234,,interval_arithmetic=902;lower_skipped_by_nonpositive_upper=2234
453,1,interval_arithmetic,upper,3136,0,0.0,0.0,0,0,0,0,0,3136,0,0,0,0,,interval_arithmetic=3136
453,2,lp,lower,1568,96,0.09455921599999999,0.09103584289550781,1097,0,0,96,0,0,0,660,0,812,OPTIMAL=96,interval_proves_cutoff=660;lower_skipped_by_nonpositive_upper=812
453,2,lp,upper,1568,97,0.10516378499999995,0.09537863731384277,1143,0,0,97,0,0,0,811,660,0,OPTIMAL=97,interval_proves_cutoff=811;upper_skipped_by_nonnegative_interval_lower=660
453,3,lp,lower,100,1,0.008731668,0.008634328842163086,272,0,0,1,0,0,0,8,0,91,OPTIMAL=1,interval_proves_cutoff=8;lower_skipped_by_nonpositive_upper=91
453,3,lp,upper,100,1,0.006039079,0.0058977603912353516,198,0,0,1,0,0,0,91,8,0,OPTIMAL=1,interval_proves_cutoff=91;upper_skipped_by_nonnegative_interval_lower=8
454,0,lp,lower,9,9,0.05348654,0.0529172420501709,1521,0,0,9,0,0,0,0,0,0,OPTIMAL=9,
454,0,lp,upper,9,9,0.056678931999999994,0.056104421615600586,1553,0,0,9,0,0,0,0,0,0,OPTIMAL=9,
454,1,interval_arithmetic,lower,3136,0,0.0,0.0,0,0,0,0,0,942,0,0,0,2194,,interval_arithmetic=942;lower_skipped_by_nonpositive_upper=2194
454,1,interval_arithmetic,upper,3136,0,0.0,0.0,0,0,0,0,0,3136,0,0,0,0,,interval_arithmetic=3136
454,2,lp,lower,1568,114,0.132370924,0.12784862518310547,1765,0,0,114,0,0,0,690,0,764,OPTIMAL=114,interval_proves_cutoff=690;lower_skipped_by_nonpositive_upper=764
454,2,lp,upper,1568,124,0.15663345700000003,0.14530587196350098,1965,0,0,124,0,0,0,754,690,0,OPTIMAL=124,interval_proves_cutoff=754;upper_skipped_by_nonnegative_interval_lower=690
454,3,lp,lower,100,1,0.007829067,0.00775909423828125,295,0,0,1,0,0,0,8,0,91,OPTIMAL=1,interval_proves_cutoff=8;lower_skipped_by_nonpositive_upper=91
454,3,lp,upper,100,1,0.006233318,0.0060842037200927734,242,0,0,1,0,0,0,91,8,0,OPTIMAL=1,interval_proves_cutoff=91;upper_skipped_by_nonnegative_interval_lower=8
455,0,lp,lower,9,9,0.038470609,0.037895917892456055,1086,0,0,9,0,0,0,0,0,0,OPTIMAL=9,
455,0,lp,upper,9,9,0.04837356599999999,0.047780752182006836,1330,0,0,9,0,0,0,0,0,0,OPTIMAL=9,
455,1,interval_arithmetic,lower,3136,0,0.0,0.0,0,0,0,0,0,906,0,0,0,2230,,interval_arithmetic=906;lower_skipped_by_nonpositive_upper=2230
455,1,interval_arithmetic,upper,3136,0,0.0,0.0,0,0,0,0,0,3136,0,0,0,0,,interval_arithmetic=3136
455,2,lp,lower,1568,81,0.075936097,0.0729362964630127,1013,0,0,81,0,0,0,671,0,816,OPTIMAL=81,interval_proves_cutoff=671;lower_skipped_by_nonpositive_upper=816
455,2,lp,upper,1568,88,0.09222796800000001,0.08285117149353027,1230,0,0,88,0,0,0,809,671,0,OPTIMAL=88,interval_proves_cutoff=809;upper_skipped_by_nonnegative_interval_lower=671
455,3,lp,lower,100,0,0.0,0.0,0,0,0,0,0,0,0,9,0,91,,interval_proves_cutoff=9;lower_skipped_by_nonpositive_upper=91
455,3,lp,upper,100,0,0.0,0.0,0,0,0,0,0,0,0,91,9,0,,interval_proves_cutoff=91;upper_skipped_by_nonnegative_interval_lower=9
456,0,lp,lower,9,9,0.041951167,0.04145669937133789,982,0,0,9,0,0,0,0,0,0,OPTIMAL=9,
456,0,lp,upper,9,9,0.041200421,0.04069018363952637,976,0,0,9,0,0,0,0,0,0,OPTIMAL=9,
456,1,interval_arithmetic,lower,3136,0,0.0,0.0,0,0,0,0,0,863,0,0,0,2273,,interval_arithmetic=863;lower_skipped_by_nonpositive_upper=2273
456,1,interval_arithmetic,upper,3136,0,0.0,0.0,0,0,0,0,0,3136,0,0,0,0,,interval_arithmetic=3136
456,2,lp,lower,1568,60,0.062935268,0.06034255027770996,621,0,0,60,0,0,0,631,0,877,OPTIMAL=60,interval_proves_cutoff=631;lower_skipped_by_nonpositive_upper=877
456,2,lp,upper,1568,64,0.06544308399999998,0.05718994140625,726,0,0,64,0,0,0,873,631,0,OPTIMAL=64,interval_proves_cutoff=873;upper_skipped_by_nonnegative_interval_lower=631
456,3,lp,lower,100,2,0.006305324,0.006207942962646484,176,0,0,2,0,0,0,7,0,91,OPTIMAL=2,interval_proves_cutoff=7;lower_skipped_by_nonpositive_upper=91
456,3,lp,upper,100,2,0.005331318,0.005162715911865234,219,0,0,2,0,0,0,91,7,0,OPTIMAL=2,interval_proves_cutoff=91;upper_skipped_by_nonnegative_interval_lower=7
457,0,lp,lower,9,9,0.043242415000000006,0.04271292686462402,1182,0,0,9,0,0,0,0,0,0,OPTIMAL=9,
457,0,lp,upper,9,9,0.053274747,0.05263566970825195,1455,0,0,9,0,0,0,0,0,0,OPTIMAL=9,
457,1,interval_arithmetic,lower,3136,0,0.0,0.0,0,0,0,0,0,892,0,0,0,2244,,interval_arithmetic=892;lower_skipped_by_nonpositive_upper=2244
457,1,interval_arithmetic,upper,3136,0,0.0,0.0,0,0,0,0,0,3136,0,0,0,0,,interval_arithmetic=3136
457,2,lp,lower,1568,87,0.09788101799999997,0.0945124626159668,1479,0,0,87,0,0,0,656,0,825,OPTIMAL=87,interval_proves_cutoff=656;lower_skipped_by_nonpositive_upper=825
457,2,lp,upper,1568,93,0.11591870200000003,0.1060183048248291,1758,0,0,93,0,0,0,819,656,0,OPTIMAL=93,interval_proves_cutoff=819;upper_skipped_by_nonnegative_interval_lower=656
457,3,lp,lower,100,0,0.0,0.0,0,0,0,0,0,0,0,9,0,91,,interval_proves_cutoff=9;lower_skipped_by_nonpositive_upper=91
457,3,lp,upper,100,0,0.0,0.0,0,0,0,0,0,0,0,91,9,0,,interval_proves_cutoff=91;upper_skipped_by_nonnegative_interval_lower=9
458,0,lp,lower,9,9,0.06643993000000001,0.06588935852050781,1602,0,0,9,0,0,0,0,0,0,OPTIMAL=9,
458,0,lp,upper,9,9,0.07412632599999999,0.07356524467468262,1620,0,0,9,0,0,0,0,0,0,OPTIMAL=9,
458,1,interval_arithmetic,lower,3136,0,0.0,0.0,0,0,0,0,0,914,0,0,0,2222,,interval_arithmetic=914;lower_skipped_by_nonpositive_upper=2222
458,1,interval_arithmetic,upper,3136,0,0.0,0.0,0,0,0,0,0,3136,0,0,0,0,,interval_arithmetic=3136
458,2,lp,lower,1568,86,0.096294838,0.09294939041137695,1414,0,0,86,0,0,0,664,0,818,OPTIMAL=86,interval_proves_cutoff=664;lower_skipped_by_nonpositive_upper=818
458,2,lp,upper,1568,88,0.10924131599999999,0.09967517852783203,1558,0,0,88,0,0,0,816,664,0,OPTIMAL=88,interval_proves_cutoff=816;upper_skipped_by_nonnegative_interval_lower=664
458,3,lp,lower,100,1,0.009905602,0.009839057922363281,283,0,0,1,0,0,0,8,0,91,OPTIMAL=1,interval_proves_cutoff=8;lower_skipped_by_nonpositive_upper=91
458,3,lp,upper,100,1,0.008934309,0.008800506591796875,249,0,0,1,0,0,0,91,8,0,OPTIMAL=1,interval_proves_cutoff=91;upper_skipped_by_nonnegative_interval_lower=8
459,0,lp,lower,9,9,0.062849487,0.06224179267883301,1525,0,0,9,0,0,0,0,0,0,OPTIMAL=9,
459,0,lp,upper,9,9,0.066265532,0.06560277938842773,1659,0,0,9,0,0,0,0,0,0,OPTIMAL=9,
459,1,interval_arithmetic,lower,3136,0,0.0,0.0,0,0,0,0,0,929,0,0,0,2207,,interval_arithmetic=929;lower_skipped_by_nonpositive_upper=2207
459,1,interval_arithmetic,upper,3136,0,0.0,0.0,0,0,0,0,0,3136,0,0,0,0,,interval_arithmetic=3136
459,2,lp,lower,1568,100,0.14536686199999999,0.14063310623168945,2351,0,0,100,0,0,0,639,0,829,OPTIMAL=100,interval_proves_cutoff=639;lower_skipped_by_nonpositive_upper=829
459,2,lp,upper,1568,106,0.17298297899999995,0.1613476276397705,2551,0,0,106,0,0,0,823,639,0,OPTIMAL=106,interval_proves_cutoff=823;upper_skipped_by_nonnegative_interval_lower=639
459,3,lp,lower,100,0,0.0,0.0,0,0,0,0,0,0,0,9,0,91,,interval_proves_cutoff=9;lower_skipped_by_nonpositive_upper=91
459,3,lp,upper,100,0,0.0,0.0,0,0,0,0,0,0,0,91,9,0,,interval_proves_cutoff=91;upper_skipped_by_nonnegative_interval_lower=9
460,0,lp,lower,9,9,0.051534663,0.050954341888427734,1242,0,0,9,0,0,0,0,0,0,OPTIMAL=9,
460,0,lp,upper,9,9,0.060509020000000004,0.059891700744628906,1281,0,0,9,0,0,0,0,0,0,OPTIMAL=9,
460,1,interval_arithmetic,lower,3136,0,0.0,0.0,0,0,0,0,0,918,0,0,0,2218,,interval_arithmetic=918;lower_skipped_by_nonpositive_upper=2218
460,1,interval_arithmetic,upper,3136,0,0.0,0.0,0,0,0,0,0,3136,0,0,0,0,,interval_arithmetic=3136
460,2,lp,lower,1568,100,0.09763238699999997,0.09393978118896484,814,0,0,100,0,0,0,674,0,794,OPTIMAL=100,interval_proves_cutoff=674;lower_skipped_by_nonpositive_upper=794
460,2,lp,upper,1568,101,0.10686462000000001,0.09711480140686035,900,0,0,101,0,0,0,793,674,0,OPTIMAL=101,interval_proves_cutoff=793;upper_skipped_by_nonnegative_interval_lower=674
460,3,lp,lower,100,1,0.006279687,0.006203651428222656,246,0,0,1,0,0,0,8,0,91,OPTIMAL=1,interval_proves_cutoff=8;lower_skipped_by_nonpositive_upper=91
460,3,lp,upper,100,1,0.004716735,0.004592418670654297,188,0,0,1,0,0,0,91,8,0,OPTIMAL=1,interval_proves_cutoff=91;upper_skipped_by_nonnegative_interval_lower=8
461,0,lp,lower,9,9,0.07305245099999999,0.07248520851135254,1560,0,0,9,0,0,0,0,0,0,OPTIMAL=9,
461,0,lp,upper,9,9,0.09375214399999998,0.0931246280670166,1720,0,0,9,0,0,0,0,0,0,OPTIMAL=9,
461,1,interval_arithmetic,lower,3136,0,0.0,0.0,0,0,0,0,0,893,0,0,0,2243,,interval_arithmetic=893;lower_skipped_by_nonpositive_upper=2243
461,1,interval_arithmetic,upper,3136,0,0.0,0.0,0,0,0,0,0,3136,0,0,0,0,,interval_arithmetic=3136
461,2,lp,lower,1568,81,0.08570550099999998,0.08265542984008789,1097,0,0,81,0,0,0,650,0,837,OPTIMAL=81,interval_proves_cutoff=650;lower_skipped_by_nonpositive_upper=837
461,2,lp,upper,1568,95,0.11066648700000001,0.1007692813873291,1327,0,0,95,0,0,0,823,650,0,OPTIMAL=95,interval_proves_cutoff=823;upper_skipped_by_nonnegative_interval_lower=650
461,3,lp,lower,100,1,0.006190674,0.006124734878540039,215,0,0,1,0,0,0,8,0,91,OPTIMAL=1,interval_proves_cutoff=8;lower_skipped_by_nonpositive_upper=91
461,3,lp,upper,100,1,0.005876809,0.005741596221923828,207,0,0,1,0,0,0,91,8,0,OPTIMAL=1,interval_proves_cutoff=91;upper_skipped_by_nonnegative_interval_lower=8
462,0,lp,lower,9,9,0.029952176999999996,0.029479265213012695,949,0,0,9,0,0,0,0,0,0,OPTIMAL=9,
462,0,lp,upper,9,9,0.029137104999999996,0.0286710262298584,953,0,0,9,0,0,0,0,0,0,OPTIMAL=9,
462,1,interval_arithmetic,lower,3136,0,0.0,0.0,0,0,0,0,0,946,0,0,0,2190,,interval_arithmetic=946;lower_skipped_by_nonpositive_upper=2190
462,1,interval_arithmetic,upper,3136,0,0.0,0.0,0,0,0,0,0,3136,0,0,0,0,,interval_arithmetic=3136
462,2,lp,lower,1568,69,0.064584586,0.062067508697509766,571,0,0,69,0,0,0,686,0,813,OPTIMAL=69,interval_proves_cutoff=686;lower_skipped_by_nonpositive_upper=813
462,2,lp,upper,1568,71,0.07590633999999999,0.06731343269348145,663,0,0,71,0,0,0,811,686,0,OPTIMAL=71,interval_proves_cutoff=811;upper_skipped_by_nonnegative_interval_lower=686
462,3,lp,lower,100,1,0.003502432,0.003448963165283203,109,0,0,1,0,0,0,7,0,92,OPTIMAL=1,interval_proves_cutoff=7;lower_skipped_by_nonpositive_upper=92
462,3,lp,upper,100,2,0.006923343,0.0067446231842041016,248,0,0,2,0,0,0,91,7,0,OPTIMAL=2,interval_proves_cutoff=91;upper_skipped_by_nonnegative_interval_lower=7
463,0,lp,lower,9,9,0.03473256799999999,0.033963918685913086,780,0,0,9,0,0,0,0,0,0,OPTIMAL=9,
463,0,lp,upper,9,9,0.030126495,0.02958989143371582,881,0,0,9,0,0,0,0,0,0,OPTIMAL=9,
463,1,interval_arithmetic,lower,3136,0,0.0,0.0,0,0,0,0,0,968,0,0,0,2168,,interval_arithmetic=968;lower_skipped_by_nonpositive_upper=2168
463,1,interval_arithmetic,upper,3136,0,0.0,0.0,0,0,0,0,0,3136,0,0,0,0,,interval_arithmetic=3136
463,2,lp,lower,1568,73,0.069765086,0.06706070899963379,509,0,0,73,0,0,0,693,0,802,OPTIMAL=73,interval_proves_cutoff=693;lower_skipped_by_nonpositive_upper=802
463,2,lp,upper,1568,75,0.079536363,0.07084798812866211,562,0,0,75,0,0,0,800,693,0,OPTIMAL=75,interval_proves_cutoff=800;upper_skipped_by_nonnegative_interval_lower=693
463,3,lp,lower,100,0,0.0,0.0,0,0,0,0,0,0,0,9,0,91,,interval_proves_cutoff=9;lower_skipped_by_nonpositive_upper=91
463,3,lp,upper,100,0,0.0,0.0,0,0,0,0,0,0,0,91,9,0,,interval_proves_cutoff=91;upper_skipped_by_nonnegative_interval_lower=9
464,0,lp,lower,9,9,0.050290650000000006,0.04974555969238281,1408,0,0,9,0,0,0,0,0,0,OPTIMAL=9,
464,0,lp,upper,9,9,0.05718596700000001,0.05656909942626953,1542,0,0,9,0,0,0,0,0,0,OPTIMAL=9,
464,1,interval_arithmetic,lower,3136,0,0.0,0.0,0,0,0,0,0,945,0,0,0,2191,,interval_arithmetic=945;lower_skipped_by_nonpositive_upper=2191
464,1,interval_arithmetic,upper,3136,0,0.0,0.0,0,0,0,0,0,3136,0,0,0,0,,interval_arithmetic=3136
464,2,lp,lower,1568,106,0.107040028,0.10297632217407227,1234,0,0,106,0,0,0,667,0,795,OPTIMAL=106,interval_proves_cutoff=667;lower_skipped_by_nonpositive_upper=795
464,2,lp,upper,1568,110,0.12092889599999997,0.11071467399597168,1417,0,0,110,0,0,0,791,667,0,OPTIMAL=110,interval_proves_cutoff=791;upper_skipped_by_nonnegative_interval_lower=667
464,3,lp,lower,100,0,0.0,0.0,0,0,0,0,0,0,0,8,0,92,,interval_proves_cutoff=8;lower_skipped_by_nonpositive_upper=92
464,3,lp,upper,100,1,0.006284059,0.006155967712402344,235,0,0,1,0,0,0,91,8,0,OPTIMAL=1,interval_proves_cutoff=91;upper_skipped_by_nonnegative_interval_lower=8
465,0,lp,lower,9,9,0.174156756,0.17342519760131836,2663,0,0,9,0,0,0,0,0,0,OPTIMAL=9,
465,0,lp,upper,9,9,0.137355523,0.1366136074066162,2332,0,0,9,0,0,0,0,0,0,OPTIMAL=9,
465,1,interval_arithmetic,lower,3136,0,0.0,0.0,0,0,0,0,0,940,0,0,0,2196,,interval_arithmetic=940;lower_skipped_by_nonpositive_upper=2196
465,1,interval_arithmetic,upper,3136,0,0.0,0.0,0,0,0,0,0,3136,0,0,0,0,,interval_arithmetic=3136
465,2,lp,lower,1568,129,0.145517844,0.140289306640625,2215,0,0,129,0,0,0,646,0,793,OPTIMAL=129,interval_proves_cutoff=646;lower_skipped_by_nonpositive_upper=793
465,2,lp,upper,1568,133,0.16001130100000008,0.14842486381530762,2528,0,0,133,0,0,0,789,646,0,OPTIMAL=133,interval_proves_cutoff=789;upper_skipped_by_nonnegative_interval_lower=646
465,3,lp,lower,100,4,0.033530064000000005,0.03327679634094238,772,0,0,4,0,0,0,5,0,91,OPTIMAL=4,interval_proves_cutoff=5;lower_skipped_by_nonpositive_upper=91
465,3,lp,upper,100,4,0.032491320000000004,0.03215146064758301,859,0,0,4,0,0,0,91,5,0,OPTIMAL=4,interval_proves_cutoff=91;upper_skipped_by_nonnegative_interval_lower=5
466,0,lp,lower,9,9,0.03157041,0.030832767486572266,859,0,0,9,0,0,0,0,0,0,OPTIMAL=9,
466,0,lp,upper,9,9,0.033042116,0.03242826461791992,933,0,0,9,0,0,0,0,0,0,OPTIMAL=9,
466,1,interval_arithmetic,lower,3136,0,0.0,0.0,0,0,0,0,0,937,0,0,0,2199,,interval_arithmetic=937;lower_skipped_by_nonpositive_upper=2199
466,1,interval_arithmetic,upper,3136,0,0.0,0.0,0,0,0,0,0,3136,0,0,0,0,,interval_arithmetic=3136
466,2,lp,lower,1568,74,0.06722599400000001,0.06457209587097168,495,0,0,74,0,0,0,684,0,810,OPTIMAL=74,interval_proves_cutoff=684;lower_skipped_by_nonpositive_upper=810
466,2,lp,upper,1568,76,0.07672928200000002,0.06804752349853516,552,0,0,76,0,0,0,808,684,0,OPTIMAL=76,interval_proves_cutoff=808;upper_skipped_by_nonnegative_interval_lower=684
466,3,lp,lower,100,0,0.0,0.0,0,0,0,0,0,0,0,9,0,91,,interval_proves_cutoff=9;lower_skipped_by_nonpositive_upper=91
466,3,lp,upper,100,0,0.0,0.0,0,0,0,0,0,0,0,91,9,0,,interval_proves_cutoff=91;upper_skipped_by_nonnegative_interval_lower=9
467,0,lp,lower,9,9,0.06562696999999999,0.06502199172973633,1540,0,0,9,0,0,0,0,0,0,OPTIMAL=9,
467,0,lp,upper,9,9,0.079716428,0.0789339542388916,1859,0,0,9,0,0,0,0,0,0,OPTIMAL=9,
467,1,interval_arithmetic,lower,3136,0,0.0,0.0,0,0,0,0,0,929,0,0,0,2207,,interval_arithmetic=929;lower_skipped_by_nonpositive_upper=2207
467,1,interval_arithmetic,upper,3136,0,0.0,0.0,0,0,0,0,0,3136,0,0,0,0,,interval_arithmetic=3136
467,2,lp,lower,1568,119,0.126757462,0.12213277816772461,1799,0,0,119,0,0,0,656,0,793,OPTIMAL=119,interval_proves_cutoff=656;lower_skipped_by_nonpositive_upper=793
467,2,lp,upper,1568,123,0.138537673,0.12756943702697754,1880,0,0,123,0,0,0,789,656,0,OPTIMAL=123,interval_proves_cutoff=789;upper_skipped_by_nonnegative_interval_lower=656
467,3,lp,lower,100,0,0.0,0.0,0,0,0,0,0,0,0,9,0,91,,interval_proves_cutoff=9;lower_skipped_by_nonpositive_upper=91
467,3,lp,upper,100,0,0.0,0.0,0,0,0,0,0,0,0,91,9,0,,interval_proves_cutoff=91;upper_skipped_by_nonnegative_interval_lower=9
468,0,lp,lower,9,9,0.055050159,0.05452895164489746,1412,0,0,9,0,0,0,0,0,0,OPTIMAL=9,
468,0,lp,upper,9,9,0.055222856,0.05467081069946289,1438,0,0,9,0,0,0,0,0,0,OPTIMAL=9,
468,1,interval_arithmetic,lower,3136,0,0.0,0.0,0,0,0,0,0,925,0,0,0,2211,,interval_arithmetic=925;lower_skipped_by_nonpositive_upper=2211
468,1,interval_arithmetic,upper,3136,0,0.0,0.0,0,0,0,0,0,3136,0,0,0,0,,interval_arithmetic=3136
468,2,lp,lower,1568,84,0.083529505,0.08031105995178223,937,0,0,84,0,0,0,659,0,825,OPTIMAL=84,interval_proves_cutoff=659;lower_skipped_by_nonpositive_upper=825
468,2,lp,upper,1568,90,0.09947779799999999,0.08981847763061523,1151,0,0,90,0,0,0,819,659,0,OPTIMAL=90,interval_proves_cutoff=819;upper_skipped_by_nonnegative_interval_lower=659
468,3,lp,lower,100,1,0.00460485,0.004547595977783203,209,0,0,1,0,0,0,7,0,92,OPTIMAL=1,interval_proves_cutoff=7;lower_skipped_by_nonpositive_upper=92
468,3,lp,upper,100,1,0.00463153,0.004508256912231445,175,0,0,1,0,0,0,92,7,0,OPTIMAL=1,interval_proves_cutoff=92;upper_skipped_by_nonnegative_interval_lower=7
469,0,lp,lower,9,9,0.038611561,0.03811812400817871,944,0,0,9,0,0,0,0,0,0,OPTIMAL=9,
469,0,lp,upper,9,9,0.03998252,0.0394749641418457,957,0,0,9,0,0,0,0,0,0,OPTIMAL=9,
469,1,interval_arithmetic,lower,3136,0,0.0,0.0,0,0,0,0,0,925,0,0,0,2211,,interval_arithmetic=925;lower_skipped_by_nonpositive_upper=2211
469,1,interval_arithmetic,upper,3136,0,0.0,0.0,0,0,0,0,0,3136,0,0,0,0,,interval_arithmetic=3136
469,2,lp,lower,1568,69,0.06014741900000001,0.05759000778198242,493,0,0,69,0,0,0,666,0,833,OPTIMAL=69,interval_proves_cutoff=666;lower_skipped_by_nonpositive_upper=833
469,2,lp,upper,1568,71,0.069878312,0.06135272979736328,550,0,0,71,0,0,0,831,666,0,OPTIMAL=71,interval_proves_cutoff=831;upper_skipped_by_nonnegative_interval_lower=666
469,3,lp,lower,100,2,0.006265768,0.006160259246826172,186,0,0,2,0,0,0,7,0,91,OPTIMAL=2,interval_proves_cutoff=7;lower_skipped_by_nonpositive_upper=91
469,3,lp,upper,100,2,0.006644069,0.0064699649810791016,220,0,0,2,0,0,0,91,7,0,OPTIMAL=2,interval_proves_cutoff=91;upper_skipped_by_nonnegative_interval_lower=7
470,0,lp,lower,9,9,0.052887287,0.05236482620239258,1357,0,0,9,0,0,0,0,0,0,OPTIMAL=9,
470,0,lp,upper,9,9,0.06029966,0.059738874435424805,1413,0,0,9,0,0,0,0,0,0,OPTIMAL=9,
470,1,interval_arithmetic,lower,3136,0,0.0,0.0,0,0,0,0,0,934,0,0,0,2202,,interval_arithmetic=934;lower_skipped_by_nonpositive_upper=2202
470,1,interval_arithmetic,upper,3136,0,0.0,0.0,0,0,0,0,0,3136,0,0,0,0,,interval_arithmetic=3136
470,2,lp,lower,1568,84,0.089920349,0.08667683601379395,934,0,0,84,0,0,0,683,0,801,OPTIMAL=84,interval_proves_cutoff=683;lower_skipped_by_nonpositive_upper=801
470,2,lp,upper,1568,92,0.10553089999999998,0.09475231170654297,1123,0,0,92,0,0,0,793,683,0,OPTIMAL=92,interval_proves_cutoff=793;upper_skipped_by_nonnegative_interval_lower=683
470,3,lp,lower,100,1,0.004572061,0.004513263702392578,213,0,0,1,0,0,0,8,0,91,OPTIMAL=1,interval_proves_cutoff=8;lower_skipped_by_nonpositive_upper=91
470,3,lp,upper,100,1,0.004296842,0.0041713714599609375,176,0,0,1,0,0,0,91,8,0,OPTIMAL=1,interval_proves_cutoff=91;upper_skipped_by_nonnegative_interval_lower=8
471,0,lp,lower,9,9,0.088853832,0.08822751045227051,1727,0,0,9,0,0,0,0,0,0,OPTIMAL=9,
471,0,lp,upper,9,9,0.090822786,0.0901646614074707,1687,0,0,9,0,0,0,0,0,0,OPTIMAL=9,
471,1,interval_arithmetic,lower,3136,0,0.0,0.0,0,0,0,0,0,931,0,0,0,2205,,interval_arithmetic=931;lower_skipped_by_nonpositive_upper=2205
471,1,interval_arithmetic,upper,3136,0,0.0,0.0,0,0,0,0,0,3136,0,0,0,0,,interval_arithmetic=3136
471,2,lp,lower,1568,104,0.11449363599999998,0.11040854454040527,1921,0,0,104,0,0,0,657,0,807,OPTIMAL=104,interval_proves_cutoff=657;lower_skipped_by_nonpositive_upper=807
471,2,lp,upper,1568,108,0.12762241199999994,0.1170358657836914,2028,0,0,108,0,0,0,803,657,0,OPTIMAL=108,interval_proves_cutoff=803;upper_skipped_by_nonnegative_interval_lower=657
471,3,lp,lower,100,1,0.010975172,0.010900497436523438,310,0,0,1,0,0,0,8,0,91,OPTIMAL=1,interval_proves_cutoff=8;lower_skipped_by_nonpositive_upper=91
471,3,lp,upper,100,1,0.008101814,0.007917642593383789,233,0,0,1,0,0,0,91,8,0,OPTIMAL=1,interval_proves_cutoff=91;upper_skipped_by_nonnegative_interval_lower=8
472,0,lp,lower,9,9,0.062393551000000005,0.06183505058288574,1367,0,0,9,0,0,0,0,0,0,OPTIMAL=9,
472,0,lp,upper,9,9,0.067994348,0.0672755241394043,1335,0,0,9,0,0,0,0,0,0,OPTIMAL=9,
472,1,interval_arithmetic,lower,3136,0,0.0,0.0,0,0,0,0,0,876,0,0,0,2260,,interval_arithmetic=876;lower_skipped_by_nonpositive_upper=2260
472,1,interval_arithmetic,upper,3136,0,0.0,0.0,0,0,0,0,0,3136,0,0,0,0,,interval_arithmetic=3136
472,2,lp,lower,1568,89,0.086344634,0.08301162719726562,1195,0,0,89,0,0,0,644,0,835,OPTIMAL=89,interval_proves_cutoff=644;lower_skipped_by_nonpositive_upper=835
472,2,lp,upper,1568,94,0.10193128200000001,0.09246587753295898,1400,0,0,94,0,0,0,830,644,0,OPTIMAL=94,interval_proves_cutoff=830;upper_skipped_by_nonnegative_interval_lower=644
472,3,lp,lower,100,1,0.010752432,0.010691165924072266,274,0,0,1,0,0,0,8,0,91,OPTIMAL=1,interval_proves_cutoff=8;lower_skipped_by_nonpositive_upper=91
472,3,lp,upper,100,1,0.00682624,0.006704092025756836,216,0,0,1,0,0,0,91,8,0,OPTIMAL=1,interval_proves_cutoff=91;upper_skipped_by_nonnegative_interval_lower=8
473,0,lp,lower,9,9,0.071724403,0.07114887237548828,1532,0,0,9,0,0,0,0,0,0,OPTIMAL=9,
473,0,lp,upper,9,9,0.065060682,0.0644385814666748,1454,0,0,9,0,0,0,0,0,0,OPTIMAL=9,
473,1,interval_arithmetic,lower,3136,0,0.0,0.0,0,0,0,0,0,913,0,0,0,2223,,interval_arithmetic=913;lower_skipped_by_nonpositive_upper=2223
473,1,interval_arithmetic,upper,3136,0,0.0,0.0,0,0,0,0,0,3136,0,0,0,0,,interval_arithmetic=3136
473,2,lp,lower,1568,96,0.09286015800000003,0.08927321434020996,1133,0,0,96,0,0,0,660,0,812,OPTIMAL=96,interval_proves_cutoff=660;lower_skipped_by_nonpositive_upper=812
473,2,lp,upper,1568,102,0.11059169699999997,0.1006631851196289,1210,0,0,102,0,0,0,806,660,0,OPTIMAL=102,interval_proves_cutoff=806;upper_skipped_by_nonnegative_interval_lower=660
473,3,lp,lower,100,1,0.005560446,0.005492448806762695,227,0,0,1,0,0,0,8,0,91,OPTIMAL=1,interval_proves_cutoff=8;lower_skipped_by_nonpositive_upper=91
473,3,lp,upper,100,1,0.005881583,0.005695343017578125,228,0,0,1,0,0,0,91,8,0,OPTIMAL=1,interval_proves_cutoff=91;upper_skipped_by_nonnegative_interval_lower=8
474,0,lp,lower,9,9,0.067561618,0.0670173168182373,1351,0,0,9,0,0,0,0,0,0,OPTIMAL=9,
474,0,lp,upper,9,9,0.06392384899999999,0.06326174736022949,1388,0,0,9,0,0,0,0,0,0,OPTIMAL=9,
474,1,interval_arithmetic,lower,3136,0,0.0,0.0,0,0,0,0,0,834,0,0,0,2302,,interval_arithmetic=834;lower_skipped_by_nonpositive_upper=2302
474,1,interval_arithmetic,upper,3136,0,0.0,0.0,0,0,0,0,0,3136,0,0,0,0,,interval_arithmetic=3136
474,2,lp,lower,1568,99,0.09347670500000005,0.08999919891357422,1084,0,0,99,0,0,0,604,0,865,OPTIMAL=99,interval_proves_cutoff=604;lower_skipped_by_nonpositive_upper=865
474,2,lp,upper,1568,101,0.10150834299999993,0.09193682670593262,1113,0,0,101,0,0,0,863,604,0,OPTIMAL=101,interval_proves_cutoff=863;upper_skipped_by_nonnegative_interval_lower=604
474,3,lp,lower,100,0,0.0,0.0,0,0,0,0,0,0,0,9,0,91,,interval_proves_cutoff=9;lower_skipped_by_nonpositive_upper=91
474,3,lp,upper,100,0,0.0,0.0,0,0,0,0,0,0,0,91,9,0,,interval_proves_cutoff=91;upper_skipped_by_nonnegative_interval_lower=9
475,0,lp,lower,9,9,0.05372694099999999,0.05316329002380371,1323,0,0,9,0,0,0,0,0,0,OPTIMAL=9,
475,0,lp,upper,9,9,0.06188566200000001,0.06125760078430176,1530,0,0,9,0,0,0,0,0,0,OPTIMAL=9,
475,1,interval_arithmetic,lower,3136,0,0.0,0.0,0,0,0,0,0,967,0,0,0,2169,,interval_arithmetic=967;lower_skipped_by_nonpositive_upper=2169
475,1,interval_arithmetic,upper,3136,0,0.0,0.0,0,0,0,0,0,3136,0,0,0,0,,interval_arithmetic=3136
475,2,lp,lower,1568,107,0.12357990100000002,0.11941313743591309,1934,0,0,107,0,0,0,672,0,789,OPTIMAL=107,interval_proves_cutoff=672;lower_skipped_by_nonpositive_upper=789
475,2,lp,upper,1568,117,0.14572367199999997,0.1349198818206787,2219,0,0,117,0,0,0,779,672,0,OPTIMAL=117,interval_proves_cutoff=779;upper_skipped_by_nonnegative_interval_lower=672
475,3,lp,lower,100,0,0.0,0.0,0,0,0,0,0,0,0,9,0,91,,interval_proves_cutoff=9;lower_skipped_by_nonpositive_upper=91
475,3,lp,upper,100,0,0.0,0.0,0,0,0,0,0,0,0,91,9,0,,interval_proves_cutoff=91;upper_skipped_by_nonnegative_interval_lower=9
476,0,lp,lower,9,9,0.050402725,0.049857378005981445,1267,0,0,9,0,0,0,0,0,0,OPTIMAL=9,
476,0,lp,upper,9,9,0.05645765,0.05585813522338867,1316,0,0,9,0,0,0,0,0,0,OPTIMAL=9,
476,1,interval_arithmetic,lower,3136,0,0.0,0.0,0,0,0,0,0,958,0,0,0,2178,,interval_arithmetic=958;lower_skipped_by_nonpositive_upper=2178
476,1,interval_arithmetic,upper,3136,0,0.0,0.0,0,0,0,0,0,3136,0,0,0,0,,interval_arithmetic=3136
476,2,lp,lower,1568,92,0.09063252799999999,0.08715367317199707,875,0,0,92,0,0,0,690,0,786,OPTIMAL=92,interval_proves_cutoff=690;lower_skipped_by_nonpositive_upper=786
476,2,lp,upper,1568,94,0.10153236500000001,0.0919792652130127,1041,0,0,94,0,0,0,784,690,0,OPTIMAL=94,interval_proves_cutoff=784;upper_skipped_by_nonnegative_interval_lower=690
476,3,lp,lower,100,1,0.004852379,0.004784345626831055,235,0,0,1,0,0,0,8,0,91,OPTIMAL=1,interval_proves_cutoff=8;lower_skipped_by_nonpositive_upper=91
476,3,lp,upper,100,1,0.004856324,0.004730701446533203,206,0,0,1,0,0,0,91,8,0,OPTIMAL=1,interval_proves_cutoff=91;upper_skipped_by_nonnegative_interval_lower=8
477,0,lp,lower,9,9,0.05437751000000001,0.05383443832397461,1187,0,0,9,0,0,0,0,0,0,OPTIMAL=9,
477,0,lp,upper,9,9,0.056576778999999994,0.05604076385498047,1260,0,0,9,0,0,0,0,0,0,OPTIMAL=9,
477,1,interval_arithmetic,lower,3136,0,0.0,0.0,0,0,0,0,0,863,0,0,0,2273,,interval_arithmetic=863;lower_skipped_by_nonpositive_upper=2273
477,1,interval_arithmetic,upper,3136,0,0.0,0.0,0,0,0,0,0,3136,0,0,0,0,,interval_arithmetic=3136
477,2,lp,lower,1568,75,0.07312420499999998,0.07040977478027344,965,0,0,75,0,0,0,638,0,855,OPTIMAL=75,interval_proves_cutoff=638;lower_skipped_by_nonpositive_upper=855
477,2,lp,upper,1568,87,0.09383782900000004,0.08447766304016113,1169,0,0,87,0,0,0,843,638,0,OPTIMAL=87,interval_proves_cutoff=843;upper_skipped_by_nonnegative_interval_lower=638
477,3,lp,lower,100,3,0.013071188,0.0128936767578125,313,0,0,3,0,0,0,6,0,91,OPTIMAL=3,interval_proves_cutoff=6;lower_skipped_by_nonpositive_upper=91
477,3,lp,upper,100,3,0.013294990000000001,0.013057708740234375,393,0,0,3,0,0,0,91,6,0,OPTIMAL=3,interval_proves_cutoff=91;upper_skipped_by_nonnegative_interval_lower=6
478,0,lp,lower,9,9,0.033257717,0.032747745513916016,969,0,0,9,0,0,0,0,0,0,OPTIMAL=9,
478,0,lp,upper,9,9,0.035140251,0.03455853462219238,1086,0,0,9,0,0,0,0,0,0,OPTIMAL=9,
478,1,interval_arithmetic,lower,3136,0,0.0,0.0,0,0,0,0,0,907,0,0,0,2229,,interval_arithmetic=907;lower_skipped_by_nonpositive_upper=2229
478,1,interval_arithmetic,upper,3136,0,0.0,0.0,0,0,0,0,0,3136,0,0,0,0,,interval_arithmetic=3136
478,2,lp,lower,1568,84,0.07420771599999998,0.07114815711975098,516,0,0,84,0,0,0,684,0,800,OPTIMAL=84,interval_proves_cutoff=684;lower_skipped_by_nonpositive_upper=800
478,2,lp,upper,1568,88,0.091160653,0.08209848403930664,637,0,0,88,0,0,0,796,684,0,OPTIMAL=88,interval_proves_cutoff=796;upper_skipped_by_nonnegative_interval_lower=684
478,3,lp,lower,100,0,0.0,0.0,0,0,0,0,0,0,0,9,0,91,,interval_proves_cutoff=9;lower_skipped_by_nonpositive_upper=91
478,3,lp,upper,100,0,0.0,0.0,0,0,0,0,0,0,0,91,9,0,,interval_proves_cutoff=91;upper_skipped_by_nonnegative_interval_lower=9
479,0,lp,lower,9,9,0.047072416000000006,0.04654288291931152,1319,0,0,9,0,0,0,0,0,0,OPTIMAL=9,
479,0,lp,upper,9,9,0.050676103,0.04998779296875,1394,0,0,9,0,0,0,0,0,0,OPTIMAL=9,
479,1,interval_arithmetic,lower,3136,0,0.0,0.0,0,0,0,0,0,901,0,0,0,2235,,interval_arithmetic=901;lower_skipped_by_nonpositive_upper=2235
479,1,interval_arithmetic,upper,3136,0,0.0,0.0,0,0,0,0,0,3136,0,0,0,0,,interval_arithmetic=3136
479,2,lp,lower,1568,92,0.09579540400000001,0.09232306480407715,1386,0,0,92,0,0,0,646,0,830,OPTIMAL=92,interval_proves_cutoff=646;lower_skipped_by_nonpositive_upper=830
479,2,lp,upper,1568,106,0.12079095599999998,0.11036801338195801,1638,0,0,106,0,0,0,816,646,0,OPTIMAL=106,interval_proves_cutoff=816;upper_skipped_by_nonnegative_interval_lower=646
479,3,lp,lower,100,0,0.0,0.0,0,0,0,0,0,0,0,9,0,91,,interval_proves_cutoff=9;lower_skipped_by_nonpositive_upper=91
479,3,lp,upper,100,0,0.0,0.0,0,0,0,0,0,0,0,91,9,0,,interval_proves_cutoff=91;upper_skipped_by_nonnegative_interval_lower=9
480,0,lp,lower,9,9,0.064548512,0.0639491081237793,1581,0,0,9,0,0,0,0,0,0,OPTIMAL=9,
480,0,lp,upper,9,9,0.062783672,0.062125444412231445,1631,0,0,9,0,0,0,0,0,0,OPTIMAL=9,
480,1,interval_arithmetic,lower,3136,0,0.0,0.0,0,0,0,0,0,917,0,0,0,2219,,interval_arithmetic=917;lower_skipped_by_nonpositive_upper=2219
480,1,interval_arithmetic,upper,3136,0,0.0,0.0,0,0,0,0,0,3136,0,0,0,0,,interval_arithmetic=3136
480,2,lp,lower,1568,100,0.11363301600000003,0.10969901084899902,1995,0,0,100,0,0,0,674,0,794,OPTIMAL=100,interval_proves_cutoff=674;lower_skipped_by_nonpositive_upper=794
480,2,lp,upper,1568,102,0.12490475599999999,0.11449122428894043,2062,0,0,102,0,0,0,792,674,0,OPTIMAL=102,interval_proves_cutoff=792;upper_skipped_by_nonnegative_interval_lower=674
480,3,lp,lower,100,0,0.0,0.0,0,0,0,0,0,0,0,9,0,91,,interval_proves_cutoff=9;lower_skipped_by_nonpositive_upper=91
480,3,lp,upper,100,0,0.0,0.0,0,0,0,0,0,0,0,91,9,0,,interval_proves_cutoff=91;upper_skipped_by_nonnegative_interval_lower=9
481,0,lp,lower,9,9,0.036783080999999995,0.03626751899719238,908,0,0,9,0,0,0,0,0,0,OPTIMAL=9,
481,0,lp,upper,9,9,0.031294834,0.03078293800354004,817,0,0,9,0,0,0,0,0,0,OPTIMAL=9,
481,1,interval_arithmetic,lower,3136,0,0.0,0.0,0,0,0,0,0,843,0,0,0,2293,,interval_arithmetic=843;lower_skipped_by_nonpositive_upper=2293
481,1,interval_arithmetic,upper,3136,0,0.0,0.0,0,0,0,0,0,3136,0,0,0,0,,interval_arithmetic=3136
481,2,lp,lower,1568,64,0.05513259,0.0528712272644043,581,0,0,64,0,0,0,628,0,876,OPTIMAL=64,interval_proves_cutoff=628;lower_skipped_by_nonpositive_upper=876
481,2,lp,upper,1568,64,0.06249232900000001,0.054314613342285156,619,0,0,64,0,0,0,876,628,0,OPTIMAL=64,interval_proves_cutoff=876;upper_skipped_by_nonnegative_interval_lower=628
481,3,lp,lower,100,1,0.004381623,0.004323005676269531,158,0,0,1,0,0,0,8,0,91,OPTIMAL=1,interval_proves_cutoff=8;lower_skipped_by_nonpositive_upper=91
481,3,lp,upper,100,1,0.003531871,0.0034008026123046875,139,0,0,1,0,0,0,91,8,0,OPTIMAL=1,interval_proves_cutoff=91;upper_skipped_by_nonnegative_interval_lower=8
482,0,lp,lower,9,9,0.045438728,0.044913530349731445,1174,0,0,9,0,0,0,0,0,0,OPTIMAL=9,
482,0,lp,upper,9,9,0.049652311000000005,0.049126386642456055,1256,0,0,9,0,0,0,0,0,0,OPTIMAL=9,
482,1,interval_arithmetic,lower,3136,0,0.0,0.0,0,0,0,0,0,903,0,0,0,2233,,interval_arithmetic=903;lower_skipped_by_nonpositive_upper=2233
482,1,interval_arithmetic,upper,3136,0,0.0,0.0,0,0,0,0,0,3136,0,0,0,0,,interval_arithmetic=3136
482,2,lp,lower,1568,82,0.07407280200000003,0.07108473777770996,862,0,0,82,0,0,0,654,0,832,OPTIMAL=82,interval_proves_cutoff=654;lower_skipped_by_nonpositive_upper=832
482,2,lp,upper,1568,85,0.08564710999999998,0.07651996612548828,975,0,0,85,0,0,0,829,654,0,OPTIMAL=85,interval_proves_cutoff=829;upper_skipped_by_nonnegative_interval_lower=654
482,3,lp,lower,100,1,0.006950556,0.006888151168823242,247,0,0,1,0,0,0,8,0,91,OPTIMAL=1,interval_proves_cutoff=8;lower_skipped_by_nonpositive_upper=91
482,3,lp,upper,100,1,0.005205836,0.0050809383392333984,190,0,0,1,0,0,0,91,8,0,OPTIMAL=1,interval_proves_cutoff=91;upper_skipped_by_nonnegative_interval_lower=8
483,0,lp,lower,9,9,0.05681571,0.05629467964172363,1270,0,0,9,0,0,0,0,0,0,OPTIMAL=9,
483,0,lp,upper,9,9,0.044356238,0.04382610321044922,1142,0,0,9,0,0,0,0,0,0,OPTIMAL=9,
483,1,interval_arithmetic,lower,3136,0,0.0,0.0,0,0,0,0,0,885,0,0,0,2251,,interval_arithmetic=885;lower_skipped_by_nonpositive_upper=2251
483,1,interval_arithmetic,upper,3136,0,0.0,0.0,0,0,0,0,0,3136,0,0,0,0,,interval_arithmetic=3136
483,2,lp,lower,1568,82,0.07955659600000001,0.0765533447265625,858,0,0,82,0,0,0,655,0,831,OPTIMAL=82,interval_proves_cutoff=655;lower_skipped_by_nonpositive_upper=831
483,2,lp,upper,1568,86,0.09304409099999998,0.08388614654541016,1066,0,0,86,0,0,0,827,655,0,OPTIMAL=86,interval_proves_cutoff=827;upper_skipped_by_nonnegative_interval_lower=655
483,3,lp,lower,100,2,0.006882574,0.0067594051361083984,222,0,0,2,0,0,0,6,0,92,OPTIMAL=2,interval_proves_cutoff=6;lower_skipped_by_nonpositive_upper=92
483,3,lp,upper,100,2,0.008593093,0.008401632308959961,276,0,0,2,0,0,0,92,6,0,OPTIMAL=2,interval_proves_cutoff=92;upper_skipped_by_nonnegative_interval_lower=6
484,0,lp,lower,9,9,0.039314236999999995,0.03879094123840332,1097,0,0,9,0,0,0,0,0,0,OPTIMAL=9,
484,0,lp,upper,9,9,0.044461195,0.04386758804321289,1168,0,0,9,0,0,0,0,0,0,OPTIMAL=9,
484,1,interval_arithmetic,lower,3136,0,0.0,0.0,0,0,0,0,0,867,0,0,0,2269,,interval_arithmetic=867;lower_skipped_by_nonpositive_upper=2269
484,1,interval_arithmetic,upper,3136,0,0.0,0.0,0,0,0,0,0,3136,0,0,0,0,,interval_arithmetic=3136
484,2,lp,lower,1568,88,0.090541907,0.08727478981018066,961,0,0,88,0,0,0,647,0,833,OPTIMAL=88,interval_proves_cutoff=647;lower_skipped_by_nonpositive_upper=833
484,2,lp,upper,1568,92,0.10379409500000002,0.09444952011108398,1225,0,0,92,0,0,0,829,647,0,OPTIMAL=92,interval_proves_cutoff=829;upper_skipped_by_nonnegative_interval_lower=647
484,3,lp,lower,100,0,0.0,0.0,0,0,0,0,0,0,0,9,0,91,,interval_proves_cutoff=9;lower_skipped_by_nonpositive_upper=91
484,3,lp,upper,100,0,0.0,0.0,0,0,0,0,0,0,0,91,9,0,,interval_proves_cutoff=91;upper_skipped_by_nonnegative_interval_lower=9
485,0,lp,lower,9,9,0.046058887,0.045540571212768555,1139,0,0,9,0,0,0,0,0,0,OPTIMAL=9,
485,0,lp,upper,9,9,0.059891106,0.059331417083740234,1338,0,0,9,0,0,0,0,0,0,OPTIMAL=9,
485,1,interval_arithmetic,lower,3136,0,0.0,0.0,0,0,0,0,0,891,0,0,0,2245,,interval_arithmetic=891;lower_skipped_by_nonpositive_upper=2245
485,1,interval_arithmetic,upper,3136,0,0.0,0.0,0,0,0,0,0,3136,0,0,0,0,,interval_arithmetic=3136
485,2,lp,lower,1568,68,0.07330425200000001,0.07071876525878906,1123,0,0,68,0,0,0,664,0,836,OPTIMAL=68,interval_proves_cutoff=664;lower_skipped_by_nonpositive_upper=836
485,2,lp,upper,1568,73,0.088547863,0.07953619956970215,1311,0,0,73,0,0,0,831,664,0,OPTIMAL=73,interval_proves_cutoff=831;upper_skipped_by_nonnegative_interval_lower=664
485,3,lp,lower,100,1,0.006167233,0.0060939788818359375,225,0,0,1,0,0,0,8,0,91,OPTIMAL=1,interval_proves_cutoff=8;lower_skipped_by_nonpositive_upper=91
485,3,lp,upper,100,1,0.006000636,0.005875587463378906,210,0,0,1,0,0,0,91,8,0,OPTIMAL=1,interval_proves_cutoff=91;upper_skipped_by_nonnegative_interval_lower=8
486,0,lp,lower,9,9,0.048156089000000006,0.047603607177734375,1369,0,0,9,0,0,0,0,0,0,OPTIMAL=9,
486,0,lp,upper,9,9,0.044853317000000004,0.04425239562988281,1412,0,0,9,0,0,0,0,0,0,OPTIMAL=9,
486,1,interval_arithmetic,lower,3136,0,0.0,0.0,0,0,0,0,0,919,0,0,0,2217,,interval_arithmetic=919;lower_skipped_by_nonpositive_upper=2217
486,1,interval_arithmetic,upper,3136,0,0.0,0.0,0,0,0,0,0,3136,0,0,0,0,,interval_arithmetic=3136
486,2,lp,lower,1568,88,0.09999848800000001,0.09655356407165527,1440,0,0,88,0,0,0,668,0,812,OPTIMAL=88,interval_proves_cutoff=668;lower_skipped_by_nonpositive_upper=812
486,2,lp,upper,1568,98,0.12400267699999999,0.11385202407836914,1716,0,0,98,0,0,0,802,668,0,OPTIMAL=98,interval_proves_cutoff=802;upper_skipped_by_nonnegative_interval_lower=668
486,3,lp,lower,100,0,0.0,0.0,0,0,0,0,0,0,0,9,0,91,,interval_proves_cutoff=9;lower_skipped_by_nonpositive_upper=91
486,3,lp,upper,100,0,0.0,0.0,0,0,0,0,0,0,0,91,9,0,,interval_proves_cutoff=91;upper_skipped_by_nonnegative_interval_lower=9
487,0,lp,lower,9,9,0.047485402999999995,0.04694962501525879,1254,0,0,9,0,0,0,0,0,0,OPTIMAL=9,
487,0,lp,upper,9,9,0.046135431,0.045523881912231445,1364,0,0,9,0,0,0,0,0,0,OPTIMAL=9,
487,1,interval_arithmetic,lower,3136,0,0.0,0.0,0,0,0,0,0,926,0,0,0,2210,,interval_arithmetic=926;lower_skipped_by_nonpositive_upper=2210
487,1,interval_arithmetic,upper,3136,0,0.0,0.0,0,0,0,0,0,3136,0,0,0,0,,interval_arithmetic=3136
487,2,lp,lower,1568,89,0.09694998900000001,0.0934908390045166,1373,0,0,89,0,0,0,679,0,800,OPTIMAL=89,interval_proves_cutoff=679;lower_skipped_by_nonpositive_upper=800
487,2,lp,upper,1568,94,0.114106848,0.10417461395263672,1548,0,0,94,0,0,0,795,679,0,OPTIMAL=94,interval_proves_cutoff=795;upper_skipped_by_nonnegative_interval_lower=679
487,3,lp,lower,100,0,0.0,0.0,0,0,0,0,0,0,0,9,0,91,,interval_proves_cutoff=9;lower_skipped_by_nonpositive_upper=91
487,3,lp,upper,100,0,0.0,0.0,0,0,0,0,0,0,0,91,9,0,,interval_proves_cutoff=91;upper_skipped_by_nonnegative_interval_lower=9
488,0,lp,lower,9,9,0.07118815900000001,0.07060861587524414,1526,0,0,9,0,0,0,0,0,0,OPTIMAL=9,
488,0,lp,upper,9,9,0.070144918,0.06954193115234375,1468,0,0,9,0,0,0,0,0,0,OPTIMAL=9,
488,1,interval_arithmetic,lower,3136,0,0.0,0.0,0,0,0,0,0,917,0,0,0,2219,,interval_arithmetic=917;lower_skipped_by_nonpositive_upper=2219
488,1,interval_arithmetic,upper,3136,0,0.0,0.0,0,0,0,0,0,3136,0,0,0,0,,interval_arithmetic=3136
488,2,lp,lower,1568,89,0.09746928999999999,0.09390640258789062,1552,0,0,89,0,0,0,640,0,839,OPTIMAL=89,interval_proves_cutoff=640;lower_skipped_by_nonpositive_upper=839
488,2,lp,upper,1568,100,0.120212681,0.11006736755371094,1859,0,0,100,0,0,0,828,640,0,OPTIMAL=100,interval_proves_cutoff=828;upper_skipped_by_nonnegative_interval_lower=640
488,3,lp,lower,100,1,0.007631605,0.007570505142211914,248,0,0,1,0,0,0,8,0,91,OPTIMAL=1,interval_proves_cutoff=8;lower_skipped_by_nonpositive_upper=91
488,3,lp,upper,100,1,0.005592657,0.005468606948852539,201,0,0,1,0,0,0,91,8,0,OPTIMAL=1,interval_proves_cutoff=91;upper_skipped_by_nonnegative_interval_lower=8
489,0,lp,lower,9,9,0.049762284,0.049239397048950195,1255,0,0,9,0,0,0,0,0,0,OPTIMAL=9,
489,0,lp,upper,9,9,0.055703217,0.055077552795410156,1331,0,0,9,0,0,0,0,0,0,OPTIMAL=9,
489,1,interval_arithmetic,lower,3136,0,0.0,0.0,0,0,0,0,0,894,0,0,0,2242,,interval_arithmetic=894;lower_skipped_by_nonpositive_upper=2242
489,1,interval_arithmetic,upper,3136,0,0.0,0.0,0,0,0,0,0,3136,0,0,0,0,,interval_arithmetic=3136
489,2,lp,lower,1568,88,0.09548996700000001,0.09212183952331543,1732,0,0,88,0,0,0,655,0,825,OPTIMAL=88,interval_proves_cutoff=655;lower_skipped_by_nonpositive_upper=825
489,2,lp,upper,1568,92,0.10929162699999999,0.09973573684692383,1871,0,0,92,0,0,0,821,655,0,OPTIMAL=92,interval_proves_cutoff=821;upper_skipped_by_nonnegative_interval_lower=655
489,3,lp,lower,100,0,0.0,0.0,0,0,0,0,0,0,0,9,0,91,,interval_proves_cutoff=9;lower_skipped_by_nonpositive_upper=91
489,3,lp,upper,100,0,0.0,0.0,0,0,0,0,0,0,0,91,9,0,,interval_proves_cutoff=91;upper_skipped_by_nonnegative_interval_lower=9
490,0,lp,lower,9,9,0.034784976999999995,0.034327030181884766,800,0,0,9,0,0,0,0,0,0,OPTIMAL=9,
490,0,lp,upper,9,9,0.040516182,0.040025949478149414,886,0,0,9,0,0,0,0,0,0,OPTIMAL=9,
490,1,interval_arithmetic,lower,3136,0,0.0,0.0,0,0,0,0,0,836,0,0,0,2300,,interval_arithmetic=836;lower_skipped_by_nonpositive_upper=2300
490,1,interval_arithmetic,upper,3136,0,0.0,0.0,0,0,0,0,0,3136,0,0,0,0,,interval_arithmetic=3136
490,2,lp,lower,1568,64,0.053723490000000027,0.05153608322143555,408,0,0,64,0,0,0,632,0,872,OPTIMAL=64,interval_proves_cutoff=632;lower_skipped_by_nonpositive_upper=872
490,2,lp,upper,1568,67,0.06458060000000002,0.05632162094116211,589,0,0,67,0,0,0,869,632,0,OPTIMAL=67,interval_proves_cutoff=869;upper_skipped_by_nonnegative_interval_lower=632
490,3,lp,lower,100,2,0.005372221,0.005274057388305664,148,0,0,2,0,0,0,7,0,91,OPTIMAL=2,interval_proves_cutoff=7;lower_skipped_by_nonpositive_upper=91
490,3,lp,upper,100,2,0.006327669,0.006127119064331055,214,0,0,2,0,0,0,91,7,0,OPTIMAL=2,interval_proves_cutoff=91;upper_skipped_by_nonnegative_interval_lower=7
491,0,lp,lower,9,9,0.037192412999999994,0.03663778305053711,1177,0,0,9,0,0,0,0,0,0,OPTIMAL=9,
491,0,lp,upper,9,9,0.039958672,0.03942084312438965,1238,0,0,9,0,0,0,0,0,0,OPTIMAL=9,
491,1,interval_arithmetic,lower,3136,0,0.0,0.0,0,0,0,0,0,908,0,0,0,2228,,interval_arithmetic=908;lower_skipped_by_nonpositive_upper=2228
491,1,interval_arithmetic,upper,3136,0,0.0,0.0,0,0,0,0,0,3136,0,0,0,0,,interval_arithmetic=3136
491,2,lp,lower,1568,86,0.08812125300000001,0.0847926139831543,1161,0,0,86,0,0,0,676,0,806,OPTIMAL=86,interval_proves_cutoff=676;lower_skipped_by_nonpositive_upper=806
491,2,lp,upper,1568,99,0.112503982,0.10251140594482422,1459,0,0,99,0,0,0,793,676,0,OPTIMAL=99,interval_proves_cutoff=793;upper_skipped_by_nonnegative_interval_lower=676
491,3,lp,lower,100,1,0.005554968,0.0054814815521240234,234,0,0,1,0,0,0,8,0,91,OPTIMAL=1,interval_proves_cutoff=8;lower_skipped_by_nonpositive_upper=91
491,3,lp,upper,100,1,0.004919975,0.00478672981262207,179,0,0,1,0,0,0,91,8,0,OPTIMAL=1,interval_proves_cutoff=91;upper_skipped_by_nonnegative_interval_lower=8
492,0,lp,lower,9,9,0.07751608700000001,0.07689285278320312,1598,0,0,9,0,0,0,0,0,0,OPTIMAL=9,
492,0,lp,upper,9,9,0.082081846,0.0814204216003418,1665,0,0,9,0,0,0,0,0,0,OPTIMAL=9,
492,1,interval_arithmetic,lower,3136,0,0.0,0.0,0,0,0,0,0,906,0,0,0,2230,,interval_arithmetic=906;lower_skipped_by_nonpositive_upper=2230
492,1,interval_arithmetic,upper,3136,0,0.0,0.0,0,0,0,0,0,3136,0,0,0,0,,interval_arithmetic=3136
492,2,lp,lower,1568,96,0.10504277800000002,0.10133242607116699,1639,0,0,96,0,0,0,670,0,802,OPTIMAL=96,interval_proves_cutoff=670;lower_skipped_by_nonpositive_upper=802
492,2,lp,upper,1568,103,0.12898594400000002,0.11365151405334473,1887,0,0,103,0,0,0,795,670,0,OPTIMAL=103,interval_proves_cutoff=795;upper_skipped_by_nonnegative_interval_lower=670
492,3,lp,lower,100,1,0.008556558,0.008475542068481445,274,0,0,1,0,0,0,8,0,91,OPTIMAL=1,interval_proves_cutoff=8;lower_skipped_by_nonpositive_upper=91
492,3,lp,upper,100,1,0.005827031,0.005693197250366211,210,0,0,1,0,0,0,91,8,0,OPTIMAL=1,interval_proves_cutoff=91;upper_skipped_by_nonnegative_interval_lower=8
493,0,lp,lower,9,9,0.034437287999999996,0.03394269943237305,991,0,0,9,0,0,0,0,0,0,OPTIMAL=9,
493,0,lp,upper,9,9,0.030972789999999997,0.03033757209777832,984,0,0,9,0,0,0,0,0,0,OPTIMAL=9,
493,1,interval_arithmetic,lower,3136,0,0.0,0.0,0,0,0,0,0,916,0,0,0,2220,,interval_arithmetic=916;lower_skipped_by_nonpositive_upper=2220
493,1,interval_arithmetic,upper,3136,0,0.0,0.0,0,0,0,0,0,3136,0,0,0,0,,interval_arithmetic=3136
493,2,lp,lower,1568,75,0.06736478500000004,0.064605712890625,474,0,0,75,0,0,0,685,0,808,OPTIMAL=75,interval_proves_cutoff=685;lower_skipped_by_nonpositive_upper=808
493,2,lp,upper,1568,76,0.07680482600000003,0.06806802749633789,571,0,0,76,0,0,0,807,685,0,OPTIMAL=76,interval_proves_cutoff=807;upper_skipped_by_nonnegative_interval_lower=685
493,3,lp,lower,100,0,0.0,0.0,0,0,0,0,0,0,0,9,0,91,,interval_proves_cutoff=9;lower_skipped_by_nonpositive_upper=91
493,3,lp,upper,100,0,0.0,0.0,0,0,0,0,0,0,0,91,9,0,,interval_proves_cutoff=91;upper_skipped_by_nonnegative_interval_lower=9
494,0,lp,lower,9,9,0.108719387,0.10804128646850586,2080,0,0,9,0,0,0,0,0,0,OPTIMAL=9,
494,0,lp,upper,9,9,0.125417329,0.12466764450073242,2372,0,0,9,0,0,0,0,0,0,OPTIMAL=9,
494,1,interval_arithmetic,lower,3136,0,0.0,0.0,0,0,0,0,0,981,0,0,0,2155,,interval_arithmetic=981;lower_skipped_by_nonpositive_upper=2155
494,1,interval_arithmetic,upper,3136,0,0.0,0.0,0,0,0,0,0,3136,0,0,0,0,,interval_arithmetic=3136
494,2,lp,lower,1568,108,0.120172912,0.11578845977783203,1504,0,0,108,0,0,0,697,0,763,OPTIMAL=108,interval_proves_cutoff=697;lower_skipped_by_nonpositive_upper=763
494,2,lp,upper,1568,112,0.13759161200000006,0.12668991088867188,1828,0,0,112,0,0,0,759,697,0,OPTIMAL=112,interval_proves_cutoff=759;upper_skipped_by_nonnegative_interval_lower=697
494,3,lp,lower,100,2,0.012600104,0.012468814849853516,375,0,0,2,0,0,0,7,0,91,OPTIMAL=2,interval_proves_cutoff=7;lower_skipped_by_nonpositive_upper=91
494,3,lp,upper,100,2,0.012160402,0.011948585510253906,449,0,0,2,0,0,0,91,7,0,OPTIMAL=2,interval_proves_cutoff=91;upper_skipped_by_nonnegative_interval_lower=7
495,0,lp,lower,9,9,0.07370990599999999,0.07308340072631836,1477,0,0,9,0,0,0,0,0,0,OPTIMAL=9,
495,0,lp,upper,9,9,0.07525493100000001,0.07462525367736816,1485,0,0,9,0,0,0,0,0,0,OPTIMAL=9,
495,1,interval_arithmetic,lower,3136,0,0.0,0.0,0,0,0,0,0,909,0,0,0,2227,,interval_arithmetic=909;lower_skipped_by_nonpositive_upper=2227
495,1,interval_arithmetic,upper,3136,0,0.0,0.0,0,0,0,0,0,3136,0,0,0,0,,interval_arithmetic=3136
495,2,lp,lower,1568,99,0.09337665600000003,0.08966374397277832,970,0,0,99,0,0,0,642,0,827,OPTIMAL=99,interval_proves_cutoff=642;lower_skipped_by_nonpositive_upper=827
495,2,lp,upper,1568,99,0.10087836099999993,0.09120368957519531,1042,0,0,99,0,0,0,827,642,0,OPTIMAL=99,interval_proves_cutoff=827;upper_skipped_by_nonnegative_interval_lower=642
495,3,lp,lower,100,2,0.010969089,0.010849475860595703,310,0,0,2,0,0,0,7,0,91,OPTIMAL=2,interval_proves_cutoff=7;lower_skipped_by_nonpositive_upper=91
495,3,lp,upper,100,2,0.012624396999999999,0.012427330017089844,379,0,0,2,0,0,0,91,7,0,OPTIMAL=2,interval_proves_cutoff=91;upper_skipped_by_nonnegative_interval_lower=7
496,0,lp,lower,9,9,0.028761681999999997,0.02828383445739746,941,0,0,9,0,0,0,0,0,0,OPTIMAL=9,
496,0,lp,upper,9,9,0.030720358,0.03012561798095703,963,0,0,9,0,0,0,0,0,0,OPTIMAL=9,
496,1,interval_arithmetic,lower,3136,0,0.0,0.0,0,0,0,0,0,974,0,0,0,2162,,interval_arithmetic=974;lower_skipped_by_nonpositive_upper=2162
496,1,interval_arithmetic,upper,3136,0,0.0,0.0,0,0,0,0,0,3136,0,0,0,0,,interval_arithmetic=3136
496,2,lp,lower,1568,73,0.07626677500000002,0.07345461845397949,857,0,0,73,0,0,0,673,0,822,OPTIMAL=73,interval_proves_cutoff=673;lower_skipped_by_nonpositive_upper=822
496,2,lp,upper,1568,84,0.10262754700000001,0.0934903621673584,1150,0,0,84,0,0,0,811,673,0,OPTIMAL=84,interval_proves_cutoff=811;upper_skipped_by_nonnegative_interval_lower=673
496,3,lp,lower,100,0,0.0,0.0,0,0,0,0,0,0,0,9,0,91,,interval_proves_cutoff=9;lower_skipped_by_nonpositive_upper=91
496,3,lp,upper,100,0,0.0,0.0,0,0,0,0,0,0,0,91,9,0,,interval_proves_cutoff=91;upper_skipped_by_nonnegative_interval_lower=9
497,0,lp,lower,9,9,0.05167883299999999,0.05109405517578125,1208,0,0,9,0,0,0,0,0,0,OPTIMAL=9,
497,0,lp,upper,9,9,0.063388892,0.06265783309936523,1278,0,0,9,0,0,0,0,0,0,OPTIMAL=9,
497,1,interval_arithmetic,lower,3136,0,0.0,0.0,0,0,0,0,0,889,0,0,0,2247,,interval_arithmetic=889;lower_skipped_by_nonpositive_upper=2247
497,1,interval_arithmetic,upper,3136,0,0.0,0.0,0,0,0,0,0,3136,0,0,0,0,,interval_arithmetic=3136
497,2,lp,lower,1568,88,0.09143320499999998,0.08807492256164551,1525,0,0,88,0,0,0,642,0,838,OPTIMAL=88,interval_proves_cutoff=642;lower_skipped_by_nonpositive_upper=838
497,2,lp,upper,1568,93,0.10469932700000001,0.09503436088562012,1511,0,0,93,0,0,0,833,642,0,OPTIMAL=93,interval_proves_cutoff=833;upper_skipped_by_nonnegative_interval_lower=642
497,3,lp,lower,100,2,0.012156812,0.01200556755065918,256,0,0,2,0,0,0,7,0,91,OPTIMAL=2,interval_proves_cutoff=7;lower_skipped_by_nonpositive_upper=91
497,3,lp,upper,100,2,0.011951177,0.011657238006591797,329,0,0,2,0,0,0,91,7,0,OPTIMAL=2,interval_proves_cutoff=91;upper_skipped_by_nonnegative_interval_lower=7
498,0,lp,lower,9,9,0.03947491,0.03898286819458008,953,0,0,9,0,0,0,0,0,0,OPTIMAL=9,
498,0,lp,upper,9,9,0.044053955,0.04351210594177246,1007,0,0,9,0,0,0,0,0,0,OPTIMAL=9,
498,1,interval_arithmetic,lower,3136,0,0.0,0.0,0,0,0,0,0,877,0,0,0,2259,,interval_arithmetic=877;lower_skipped_by_nonpositive_upper=2259
498,1,interval_arithmetic,upper,3136,0,0.0,0.0,0,0,0,0,0,3136,0,0,0,0,,interval_arithmetic=3136
498,2,lp,lower,1568,66,0.06192634800000002,0.059546470642089844,677,0,0,66,0,0,0,642,0,860,OPTIMAL=66,interval_proves_cutoff=642;lower_skipped_by_nonpositive_upper=860
498,2,lp,upper,1568,67,0.072614756,0.06414031982421875,730,0,0,67,0,0,0,859,642,0,OPTIMAL=67,interval_proves_cutoff=859;upper_skipped_by_nonnegative_interval_lower=642
498,3,lp,lower,100,1,0.004273956,0.004210948944091797,177,0,0,1,0,0,0,8,0,91,OPTIMAL=1,interval_proves_cutoff=8;lower_skipped_by_nonpositive_upper=91
498,3,lp,upper,100,1,0.00404689,0.003856182098388672,156,0,0,1,0,0,0,91,8,0,OPTIMAL=1,interval_proves_cutoff=91;upper_skipped_by_nonnegative_interval_lower=8
499,0,lp,lower,9,9,0.072720748,0.07213330268859863,1627,0,0,9,0,0,0,0,0,0,OPTIMAL=9,
499,0,lp,upper,9,9,0.071187332,0.07056283950805664,1508,0,0,9,0,0,0,0,0,0,OPTIMAL=9,
499,1,interval_arithmetic,lower,3136,0,0.0,0.0,0,0,0,0,0,918,0,0,0,2218,,interval_arithmetic=918;lower_skipped_by_nonpositive_upper=2218
499,1,interval_arithmetic,upper,3136,0,0.0,0.0,0,0,0,0,0,3136,0,0,0,0,,interval_arithmetic=3136
499,2,lp,lower,1568,88,0.09156671899999999,0.08820986747741699,1291,0,0,88,0,0,0,667,0,813,OPTIMAL=88,interval_proves_cutoff=667;lower_skipped_by_nonpositive_upper=813
499,2,lp,upper,1568,93,0.10585683299999998,0.09615683555603027,1498,0,0,93,0,0,0,808,667,0,OPTIMAL=93,interval_proves_cutoff=808;upper_skipped_by_nonnegative_interval_lower=667
499,3,lp,lower,100,1,0.007753173,0.007674694061279297,259,0,0,1,0,0,0,8,0,91,OPTIMAL=1,interval_proves_cutoff=8;lower_skipped_by_nonpositive_upper=91
499,3,lp,upper,100,1,0.006487684,0.006291389465332031,216,0,0,1,0,0,0,91,8,0,OPTIMAL=1,interval_proves_cutoff=91;upper_skipped_by_nonnegative_interval_lower=8
500,0,lp,lower,9,9,0.037047044,0.03651833534240723,1021,0,0,9,0,0,0,0,0,0,OPTIMAL=9,
500,0,lp,upper,9,9,0.038135819,0.03748440742492676,1060,0,0,9,0,0,0,0,0,0,OPTIMAL=9,
500,1,interval_arithmetic,lower,3136,0,0.0,0.0,0,0,0,0,0,874,0,0,0,2262,,interval_arithmetic=874;lower_skipped_by_nonpositive_upper=2262
500,1,interval_arithmetic,upper,3136,0,0.0,0.0,0,0,0,0,0,3136,0,0,0,0,,interval_arithmetic=3136
500,2,lp,lower,1568,68,0.07363831000000003,0.07099199295043945,1018,0,0,68,0,0,0,644,0,856,OPTIMAL=68,interval_proves_cutoff=644;lower_skipped_by_nonpositive_upper=856
500,2,lp,upper,1568,69,0.08542682000000003,0.07640933990478516,1186,0,0,69,0,0,0,855,644,0,OPTIMAL=69,interval_proves_cutoff=855;upper_skipped_by_nonnegative_interval_lower=644
500,3,lp,lower,100,0,0.0,0.0,0,0,0,0,0,0,0,9,0,91,,interval_proves_cutoff=9;lower_skipped_by_nonpositive_upper=91
500,3,lp,upper,100,0,0.0,0.0,0,0,0,0,0,0,0,91,9,0,,interval_proves_cutoff=91;upper_skipped_by_nonnegative_interval_lower=9
