sample_index,relu_layer_index,tightening_algorithm,bound_type,request_count,solver_call_count,solver_wall_time_seconds,solver_reported_time_seconds,simplex_iterations,barrier_iterations,node_count,optimal_count,time_limit_count,interval_arithmetic_count,constant_expression_count,interval_cutoff_count,upper_skipped_count,lower_skipped_count,status_counts,skip_counts
1,0,lp,lower,9,9,0.0537363,0.053045034408569336,1325,0,0,9,0,0,0,0,0,0,OPTIMAL=9,
1,0,lp,upper,9,9,0.064434648,0.06368613243103027,1435,0,0,9,0,0,0,0,0,0,OPTIMAL=9,
1,1,interval_arithmetic,lower,3136,0,0.0,0.0,0,0,0,0,0,887,0,0,0,2249,,interval_arithmetic=887;lower_skipped_by_nonpositive_upper=2249
1,1,interval_arithmetic,upper,3136,0,0.0,0.0,0,0,0,0,0,3136,0,0,0,0,,interval_arithmetic=3136
1,2,lp,lower,1568,84,0.08981667900000001,0.08666038513183594,1241,0,0,84,0,0,0,638,0,846,OPTIMAL=84,interval_proves_cutoff=638;lower_skipped_by_nonpositive_upper=846
1,2,lp,upper,1568,91,0.7423953609999998,0.10420727729797363,1463,0,0,91,0,0,0,839,638,0,OPTIMAL=91,interval_proves_cutoff=839;upper_skipped_by_nonnegative_interval_lower=638
1,3,lp,lower,100,2,0.009289867,0.009098529815673828,275,0,0,2,0,0,0,7,0,91,OPTIMAL=2,interval_proves_cutoff=7;lower_skipped_by_nonpositive_upper=91
1,3,lp,upper,100,2,0.010595775,0.010375499725341797,336,0,0,2,0,0,0,91,7,0,OPTIMAL=2,interval_proves_cutoff=91;upper_skipped_by_nonnegative_interval_lower=7
2,0,lp,lower,9,9,0.036416884999999996,0.03585553169250488,1179,0,0,9,0,0,0,0,0,0,OPTIMAL=9,
2,0,lp,upper,9,9,0.039480625000000005,0.03878211975097656,1199,0,0,9,0,0,0,0,0,0,OPTIMAL=9,
2,1,interval_arithmetic,lower,3136,0,0.0,0.0,0,0,0,0,0,923,0,0,0,2213,,interval_arithmetic=923;lower_skipped_by_nonpositive_upper=2213
2,1,interval_arithmetic,upper,3136,0,0.0,0.0,0,0,0,0,0,3136,0,0,0,0,,interval_arithmetic=3136
2,2,lp,lower,1568,77,0.08049630199999999,0.07760190963745117,812,0,0,77,0,0,0,687,0,804,OPTIMAL=77,interval_proves_cutoff=687;lower_skipped_by_nonpositive_upper=804
2,2,lp,upper,1568,82,0.098938843,0.0891413688659668,963,0,0,82,0,0,0,799,687,0,OPTIMAL=82,interval_proves_cutoff=799;upper_skipped_by_nonnegative_interval_lower=687
2,3,lp,lower,100,0,0.0,0.0,0,0,0,0,0,0,0,9,0,91,,interval_proves_cutoff=9;lower_skipped_by_nonpositive_upper=91
2,3,lp,upper,100,0,0.0,0.0,0,0,0,0,0,0,0,91,9,0,,interval_proves_cutoff=91;upper_skipped_by_nonnegative_interval_lower=9
3,0,lp,lower,9,9,0.038709323999999996,0.03818154335021973,898,0,0,9,0,0,0,0,0,0,OPTIMAL=9,
3,0,lp,upper,9,9,0.042707404,0.04207015037536621,969,0,0,9,0,0,0,0,0,0,OPTIMAL=9,
3,1,interval_arithmetic,lower,3136,0,0.0,0.0,0,0,0,0,0,838,0,0,0,2298,,interval_arithmetic=838;lower_skipped_by_nonpositive_upper=2298
3,1,interval_arithmetic,upper,3136,0,0.0,0.0,0,0,0,0,0,3136,0,0,0,0,,interval_arithmetic=3136
3,2,lp,lower,1568,70,0.067691206,0.06526923179626465,745,0,0,70,0,0,0,616,0,882,OPTIMAL=70,interval_proves_cutoff=616;lower_skipped_by_nonpositive_upper=882
3,2,lp,upper,1568,74,0.081750478,0.07308554649353027,816,0,0,74,0,0,0,878,616,0,OPTIMAL=74,interval_proves_cutoff=878;upper_skipped_by_nonnegative_interval_lower=616
3,3,lp,lower,100,2,0.005703571,0.005585193634033203,161,0,0,2,0,0,0,7,0,91,OPTIMAL=2,interval_proves_cutoff=7;lower_skipped_by_nonpositive_upper=91
3,3,lp,upper,100,2,0.0063329960000000005,0.006154775619506836,217,0,0,2,0,0,0,91,7,0,OPTIMAL=2,interval_proves_cutoff=91;upper_skipped_by_nonnegative_interval_lower=7
4,0,lp,lower,9,9,0.035563059999999994,0.03499293327331543,1122,0,0,9,0,0,0,0,0,0,OPTIMAL=9,
4,0,lp,upper,9,9,0.036286774,0.03567624092102051,1161,0,0,9,0,0,0,0,0,0,OPTIMAL=9,
4,1,interval_arithmetic,lower,3136,0,0.0,0.0,0,0,0,0,0,953,0,0,0,2183,,interval_arithmetic=953;lower_skipped_by_nonpositive_upper=2183
4,1,interval_arithmetic,upper,3136,0,0.0,0.0,0,0,0,0,0,3136,0,0,0,0,,interval_arithmetic=3136
4,2,lp,lower,1568,74,0.08524828500000001,0.08232951164245605,1140,0,0,74,0,0,0,677,0,817,OPTIMAL=74,interval_proves_cutoff=677;lower_skipped_by_nonpositive_upper=817
4,2,lp,upper,1568,77,0.09854349600000005,0.08891105651855469,1178,0,0,77,0,0,0,814,677,0,OPTIMAL=77,interval_proves_cutoff=814;upper_skipped_by_nonnegative_interval_lower=677
4,3,lp,lower,100,0,0.0,0.0,0,0,0,0,0,0,0,9,0,91,,interval_proves_cutoff=9;lower_skipped_by_nonpositive_upper=91
4,3,lp,upper,100,0,0.0,0.0,0,0,0,0,0,0,0,91,9,0,,interval_proves_cutoff=91;upper_skipped_by_nonnegative_interval_lower=9
5,0,lp,lower,9,9,0.047584138,0.046898841857910156,1220,0,0,9,0,0,0,0,0,0,OPTIMAL=9,
5,0,lp,upper,9,9,0.048721502,0.047991037368774414,1264,0,0,9,0,0,0,0,0,0,OPTIMAL=9,
5,1,interval_arithmetic,lower,3136,0,0.0,0.0,0,0,0,0,0,897,0,0,0,2239,,interval_arithmetic=897;lower_skipped_by_nonpositive_upper=2239
5,1,interval_arithmetic,upper,3136,0,0.0,0.0,0,0,0,0,0,3136,0,0,0,0,,interval_arithmetic=3136
5,2,lp,lower,1568,108,0.11473978000000007,0.11080360412597656,1378,0,0,108,0,0,0,651,0,809,OPTIMAL=108,interval_proves_cutoff=651;lower_skipped_by_nonpositive_upper=809
5,2,lp,upper,1568,122,0.14244779599999996,0.13170504570007324,1688,0,0,122,0,0,0,795,651,0,OPTIMAL=122,interval_proves_cutoff=795;upper_skipped_by_nonnegative_interval_lower=651
5,3,lp,lower,100,0,0.0,0.0,0,0,0,0,0,0,0,9,0,91,,interval_proves_cutoff=9;lower_skipped_by_nonpositive_upper=91
5,3,lp,upper,100,0,0.0,0.0,0,0,0,0,0,0,0,91,9,0,,interval_proves_cutoff=91;upper_skipped_by_nonnegative_interval_lower=9
6,0,lp,lower,9,9,0.036828743000000004,0.0362699031829834,901,0,0,9,0,0,0,0,0,0,OPTIMAL=9,
6,0,lp,upper,9,9,0.033561412,0.03299593925476074,853,0,0,9,0,0,0,0,0,0,OPTIMAL=9,
6,1,interval_arithmetic,lower,3136,0,0.0,0.0,0,0,0,0,0,857,0,0,0,2279,,interval_arithmetic=857;lower_skipped_by_nonpositive_upper=2279
6,1,interval_arithmetic,upper,3136,0,0.0,0.0,0,0,0,0,0,3136,0,0,0,0,,interval_arithmetic=3136
6,2,lp,lower,1568,59,0.05599965100000002,0.0538480281829834,611,0,0,59,0,0,0,632,0,877,OPTIMAL=59,interval_proves_cutoff=632;lower_skipped_by_nonpositive_upper=877
6,2,lp,upper,1568,62,0.068581612,0.060064077377319336,693,0,0,62,0,0,0,874,632,0,OPTIMAL=62,interval_proves_cutoff=874;upper_skipped_by_nonnegative_interval_lower=632
6,3,lp,lower,100,2,0.006187023,0.0060770511627197266,178,0,0,2,0,0,0,7,0,91,OPTIMAL=2,interval_proves_cutoff=7;lower_skipped_by_nonpositive_upper=91
6,3,lp,upper,100,2,0.006125299,0.005961179733276367,207,0,0,2,0,0,0,91,7,0,OPTIMAL=2,interval_proves_cutoff=91;upper_skipped_by_nonnegative_interval_lower=7
7,0,lp,lower,9,9,0.057072236,0.056336402893066406,1400,0,0,9,0,0,0,0,0,0,OPTIMAL=9,
7,0,lp,upper,9,9,0.060349267,0.059591054916381836,1442,0,0,9,0,0,0,0,0,0,OPTIMAL=9,
7,1,interval_arithmetic,lower,3136,0,0.0,0.0,0,0,0,0,0,905,0,0,0,2231,,interval_arithmetic=905;lower_skipped_by_nonpositive_upper=2231
7,1,interval_arithmetic,upper,3136,0,0.0,0.0,0,0,0,0,0,3136,0,0,0,0,,interval_arithmetic=3136
7,2,lp,lower,1568,109,0.11700760900000003,0.11296653747558594,1443,0,0,109,0,0,0,638,0,821,OPTIMAL=109,interval_proves_cutoff=638;lower_skipped_by_nonpositive_upper=821
7,2,lp,upper,1568,116,0.1345125429999999,0.12351250648498535,1656,0,0,116,0,0,0,814,638,0,OPTIMAL=116,interval_proves_cutoff=814;upper_skipped_by_nonnegative_interval_lower=638
7,3,lp,lower,100,1,0.007203892,0.00711822509765625,272,0,0,1,0,0,0,8,0,91,OPTIMAL=1,interval_proves_cutoff=8;lower_skipped_by_nonpositive_upper=91
7,3,lp,upper,100,1,0.006804137,0.006681680679321289,238,0,0,1,0,0,0,91,8,0,OPTIMAL=1,interval_proves_cutoff=91;upper_skipped_by_nonnegative_interval_lower=8
8,0,lp,lower,9,9,0.043888768,0.04324698448181152,1210,0,0,9,0,0,0,0,0,0,OPTIMAL=9,
8,0,lp,upper,9,9,0.046768365,0.04601693153381348,1226,0,0,9,0,0,0,0,0,0,OPTIMAL=9,
8,1,interval_arithmetic,lower,3136,0,0.0,0.0,0,0,0,0,0,893,0,0,0,2243,,interval_arithmetic=893;lower_skipped_by_nonpositive_upper=2243
8,1,interval_arithmetic,upper,3136,0,0.0,0.0,0,0,0,0,0,3136,0,0,0,0,,interval_arithmetic=3136
8,2,lp,lower,1568,80,0.081501085,0.07850265502929688,1078,0,0,80,0,0,0,642,0,846,OPTIMAL=80,interval_proves_cutoff=642;lower_skipped_by_nonpositive_upper=846
8,2,lp,upper,1568,84,0.09686562700000001,0.0865473747253418,1243,0,0,84,0,0,0,842,642,0,OPTIMAL=84,interval_proves_cutoff=842;upper_skipped_by_nonnegative_interval_lower=642
8,3,lp,lower,100,0,0.0,0.0,0,0,0,0,0,0,0,9,0,91,,interval_proves_cutoff=9;lower_skipped_by_nonpositive_upper=91
8,3,lp,upper,100,0,0.0,0.0,0,0,0,0,0,0,0,91,9,0,,interval_proves_cutoff=91;upper_skipped_by_nonnegative_interval_lower=9
9,0,lp,lower,9,9,0.041531255,0.04084372520446777,1349,0,0,9,0,0,0,0,0,0,OPTIMAL=9,
9,0,lp,upper,9,9,0.044827287,0.04409027099609375,1431,0,0,9,0,0,0,0,0,0,OPTIMAL=9,
9,1,interval_arithmetic,lower,3136,0,0.0,0.0,0,0,0,0,0,936,0,0,0,2200,,interval_arithmetic=936;lower_skipped_by_nonpositive_upper=2200
9,1,interval_arithmetic,upper,3136,0,0.0,0.0,0,0,0,0,0,3136,0,0,0,0,,interval_arithmetic=3136
9,2,lp,lower,1568,92,0.10244893599999999,0.09883618354797363,1185,0,0,92,0,0,0,675,0,801,OPTIMAL=92,interval_proves_cutoff=675;lower_skipped_by_nonpositive_upper=801
9,2,lp,upper,1568,94,0.113340222,0.10297060012817383,1328,0,0,94,0,0,0,799,675,0,OPTIMAL=94,interval_proves_cutoff=799;upper_skipped_by_nonnegative_interval_lower=675
9,3,lp,lower,100,0,0.0,0.0,0,0,0,0,0,0,0,9,0,91,,interval_proves_cutoff=9;lower_skipped_by_nonpositive_upper=91
9,3,lp,upper,100,0,0.0,0.0,0,0,0,0,0,0,0,91,9,0,,interval_proves_cutoff=91;upper_skipped_by_nonnegative_interval_lower=9
10,0,lp,lower,9,9,0.066470352,0.0657966136932373,1676,0,0,9,0,0,0,0,0,0,OPTIMAL=9,
10,0,lp,upper,9,9,0.057977564,0.05725598335266113,1633,0,0,9,0,0,0,0,0,0,OPTIMAL=9,
10,1,interval_arithmetic,lower,3136,0,0.0,0.0,0,0,0,0,0,940,0,0,0,2196,,interval_arithmetic=940;lower_skipped_by_nonpositive_upper=2196
10,1,interval_arithmetic,upper,3136,0,0.0,0.0,0,0,0,0,0,3136,0,0,0,0,,interval_arithmetic=3136
10,2,lp,lower,1568,110,0.125875008,0.1215357780456543,2063,0,0,110,0,0,0,646,0,812,OPTIMAL=110,interval_proves_cutoff=646;lower_skipped_by_nonpositive_upper=812
10,2,lp,upper,1568,116,0.14276050899999995,0.13121891021728516,2346,0,0,116,0,0,0,806,646,0,OPTIMAL=116,interval_proves_cutoff=806;upper_skipped_by_nonnegative_interval_lower=646
10,3,lp,lower,100,0,0.0,0.0,0,0,0,0,0,0,0,9,0,91,,interval_proves_cutoff=9;lower_skipped_by_nonpositive_upper=91
10,3,lp,upper,100,0,0.0,0.0,0,0,0,0,0,0,0,91,9,0,,interval_proves_cutoff=91;upper_skipped_by_nonnegative_interval_lower=9
11,0,lp,lower,9,9,0.043959698000000005,0.043235063552856445,1177,0,0,9,0,0,0,0,0,0,OPTIMAL=9,
11,0,lp,upper,9,9,0.046182206999999996,0.045510053634643555,1254,0,0,9,0,0,0,0,0,0,OPTIMAL=9,
11,1,interval_arithmetic,lower,3136,0,0.0,0.0,0,0,0,0,0,932,0,0,0,2204,,interval_arithmetic=932;lower_skipped_by_nonpositive_upper=2204
11,1,interval_arithmetic,upper,3136,0,0.0,0.0,0,0,0,0,0,3136,0,0,0,0,,interval_arithmetic=3136
11,2,lp,lower,1568,93,0.09955883900000001,0.0960385799407959,1106,0,0,93,0,0,0,671,0,804,OPTIMAL=93,interval_proves_cutoff=671;lower_skipped_by_nonpositive_upper=804
11,2,lp,upper,1568,107,0.12505018300000004,0.11417388916015625,1319,0,0,107,0,0,0,790,671,0,OPTIMAL=107,interval_proves_cutoff=790;upper_skipped_by_nonnegative_interval_lower=671
11,3,lp,lower,100,1,0.005053927,0.004973649978637695,219,0,0,1,0,0,0,8,0,91,OPTIMAL=1,interval_proves_cutoff=8;lower_skipped_by_nonpositive_upper=91
11,3,lp,upper,100,1,0.005834946,0.005700826644897461,188,0,0,1,0,0,0,91,8,0,OPTIMAL=1,interval_proves_cutoff=91;upper_skipped_by_nonnegative_interval_lower=8
12,0,lp,lower,9,9,0.133264359,0.1323237419128418,2384,0,0,9,0,0,0,0,0,0,OPTIMAL=9,
12,0,lp,upper,9,9,0.138740276,0.13772153854370117,2417,0,0,9,0,0,0,0,0,0,OPTIMAL=9,
12,1,interval_arithmetic,lower,3136,0,0.0,0.0,0,0,0,0,0,942,0,0,0,2194,,interval_arithmetic=942;lower_skipped_by_nonpositive_upper=2194
12,1,interval_arithmetic,upper,3136,0,0.0,0.0,0,0,0,0,0,3136,0,0,0,0,,interval_arithmetic=3136
12,2,lp,lower,1568,154,0.17385648899999995,0.16762542724609375,2330,0,0,154,0,0,0,648,0,766,OPTIMAL=154,interval_proves_cutoff=648;lower_skipped_by_nonpositive_upper=766
12,2,lp,upper,1568,163,0.19300283699999998,0.1795351505279541,2823,0,0,163,0,0,0,757,648,0,OPTIMAL=163,interval_proves_cutoff=757;upper_skipped_by_nonnegative_interval_lower=648
12,3,lp,lower,100,1,0.008961073,0.008877754211425781,358,0,0,1,0,0,0,8,0,91,OPTIMAL=1,interval_proves_cutoff=8;lower_skipped_by_nonpositive_upper=91
12,3,lp,upper,100,1,0.009003573,0.008878231048583984,348,0,0,1,0,0,0,91,8,0,OPTIMAL=1,interval_proves_cutoff=91;upper_skipped_by_nonnegative_interval_lower=8
13,0,lp,lower,9,9,0.04958610299999999,0.04895162582397461,1209,0,0,9,0,0,0,0,0,0,OPTIMAL=9,
13,0,lp,upper,9,9,0.05482248199999999,0.0541682243347168,1308,0,0,9,0,0,0,0,0,0,OPTIMAL=9,
13,1,interval_arithmetic,lower,3136,0,0.0,0.0,0,0,0,0,0,900,0,0,0,2236,,interval_arithmetic=900;lower_skipped_by_nonpositive_upper=2236
13,1,interval_arithmetic,upper,3136,0,0.0,0.0,0,0,0,0,0,3136,0,0,0,0,,interval_arithmetic=3136
13,2,lp,lower,1568,97,0.09279195299999993,0.08924531936645508,1279,0,0,97,0,0,0,647,0,824,OPTIMAL=97,interval_proves_cutoff=647;lower_skipped_by_nonpositive_upper=824
13,2,lp,upper,1568,102,0.106156328,0.09598159790039062,1541,0,0,102,0,0,0,819,647,0,OPTIMAL=102,interval_proves_cutoff=819;upper_skipped_by_nonnegative_interval_lower=647
13,3,lp,lower,100,1,0.008544618,0.008455276489257812,273,0,0,1,0,0,0,8,0,91,OPTIMAL=1,interval_proves_cutoff=8;lower_skipped_by_nonpositive_upper=91
13,3,lp,upper,100,1,0.006255954,0.006145954132080078,208,0,0,1,0,0,0,91,8,0,OPTIMAL=1,interval_proves_cutoff=91;upper_skipped_by_nonnegative_interval_lower=8
14,0,lp,lower,9,9,0.058827512000000005,0.05803203582763672,1642,0,0,9,0,0,0,0,0,0,OPTIMAL=9,
14,0,lp,upper,9,9,0.056879356000000006,0.05613374710083008,1612,0,0,9,0,0,0,0,0,0,OPTIMAL=9,
14,1,interval_arithmetic,lower,3136,0,0.0,0.0,0,0,0,0,0,940,0,0,0,2196,,interval_arithmetic=940;lower_skipped_by_nonpositive_upper=2196
14,1,interval_arithmetic,upper,3136,0,0.0,0.0,0,0,0,0,0,3136,0,0,0,0,,interval_arithmetic=3136
14,2,lp,lower,1568,102,0.10933632100000001,0.1052403450012207,1489,0,0,102,0,0,0,675,0,791,OPTIMAL=102,interval_proves_cutoff=675;lower_skipped_by_nonpositive_upper=791
14,2,lp,upper,1568,106,0.12683655,0.11583423614501953,1605,0,0,106,0,0,0,787,675,0,OPTIMAL=106,interval_proves_cutoff=787;upper_skipped_by_nonnegative_interval_lower=675
14,3,lp,lower,100,0,0.0,0.0,0,0,0,0,0,0,0,8,0,92,,interval_proves_cutoff=8;lower_skipped_by_nonpositive_upper=92
14,3,lp,upper,100,1,0.007632964,0.0075130462646484375,272,0,0,1,0,0,0,91,8,0,OPTIMAL=1,interval_proves_cutoff=91;upper_skipped_by_nonnegative_interval_lower=8
15,0,lp,lower,9,9,0.018126126,0.017704486846923828,492,0,0,9,0,0,0,0,0,0,OPTIMAL=9,
15,0,lp,upper,9,9,0.019940057,0.019369125366210938,507,0,0,9,0,0,0,0,0,0,OPTIMAL=9,
15,1,interval_arithmetic,lower,3136,0,0.0,0.0,0,0,0,0,0,850,0,0,0,2286,,interval_arithmetic=850;lower_skipped_by_nonpositive_upper=2286
15,1,interval_arithmetic,upper,3136,0,0.0,0.0,0,0,0,0,0,3136,0,0,0,0,,interval_arithmetic=3136
15,2,lp,lower,1568,38,0.029668913999999998,0.028417110443115234,117,0,0,38,0,0,0,653,0,877,OPTIMAL=38,interval_proves_cutoff=653;lower_skipped_by_nonpositive_upper=877
15,2,lp,upper,1568,40,0.039731854,0.032392024993896484,223,0,0,40,0,0,0,875,653,0,OPTIMAL=40,interval_proves_cutoff=875;upper_skipped_by_nonnegative_interval_lower=653
15,3,lp,lower,100,0,0.0,0.0,0,0,0,0,0,0,0,8,0,92,,interval_proves_cutoff=8;lower_skipped_by_nonpositive_upper=92
15,3,lp,upper,100,0,0.0,0.0,0,0,0,0,0,0,0,92,8,0,,interval_proves_cutoff=92;upper_skipped_by_nonnegative_interval_lower=8
16,0,lp,lower,9,9,0.067307795,0.06649088859558105,1719,0,0,9,0,0,0,0,0,0,OPTIMAL=9,
16,0,lp,upper,9,9,0.05631985600000001,0.055605173110961914,1537,0,0,9,0,0,0,0,0,0,OPTIMAL=9,
16,1,interval_arithmetic,lower,3136,0,0.0,0.0,0,0,0,0,0,914,0,0,0,2222,,interval_arithmetic=914;lower_skipped_by_nonpositive_upper=2222
16,1,interval_arithmetic,upper,3136,0,0.0,0.0,0,0,0,0,0,3136,0,0,0,0,,interval_arithmetic=3136
16,2,lp,lower,1568,119,0.13436264900000003,0.12975192070007324,1920,0,0,119,0,0,0,692,0,757,OPTIMAL=119,interval_proves_cutoff=692;lower_skipped_by_nonpositive_upper=757
16,2,lp,upper,1568,131,0.15757090999999998,0.14582443237304688,2161,0,0,131,0,0,0,745,692,0,OPTIMAL=131,interval_proves_cutoff=745;upper_skipped_by_nonnegative_interval_lower=692
16,3,lp,lower,100,1,0.010729184,0.010636568069458008,347,0,0,1,0,0,0,8,0,91,OPTIMAL=1,interval_proves_cutoff=8;lower_skipped_by_nonpositive_upper=91
16,3,lp,upper,100,1,0.007589582,0.007407188415527344,232,0,0,1,0,0,0,91,8,0,OPTIMAL=1,interval_proves_cutoff=91;upper_skipped_by_nonnegative_interval_lower=8
17,0,lp,lower,9,9,0.047105674,0.046561241149902344,1347,0,0,9,0,0,0,0,0,0,OPTIMAL=9,
17,0,lp,upper,9,9,0.050759958,0.05013561248779297,1366,0,0,9,0,0,0,0,0,0,OPTIMAL=9,
17,1,interval_arithmetic,lower,3136,0,0.0,0.0,0,0,0,0,0,916,0,0,0,2220,,interval_arithmetic=916;lower_skipped_by_nonpositive_upper=2220
17,1,interval_arithmetic,upper,3136,0,0.0,0.0,0,0,0,0,0,3136,0,0,0,0,,interval_arithmetic=3136
17,2,lp,lower,1568,91,0.10417324900000002,0.10054993629455566,1673,0,0,91,0,0,0,652,0,825,OPTIMAL=91,interval_proves_cutoff=652;lower_skipped_by_nonpositive_upper=825
17,2,lp,upper,1568,102,0.12798078300000001,0.11731958389282227,2072,0,0,102,0,0,0,814,652,0,OPTIMAL=102,interval_proves_cutoff=814;upper_skipped_by_nonnegative_interval_lower=652
17,3,lp,lower,100,1,0.006516117,0.006444454193115234,256,0,0,1,0,0,0,8,0,91,OPTIMAL=1,interval_proves_cutoff=8;lower_skipped_by_nonpositive_upper=91
17,3,lp,upper,100,1,0.005809016,0.00567936897277832,196,0,0,1,0,0,0,91,8,0,OPTIMAL=1,interval_proves_cutoff=91;upper_skipped_by_nonnegative_interval_lower=8
18,0,lp,lower,9,9,0.034780012,0.03425741195678711,1075,0,0,9,0,0,0,0,0,0,OPTIMAL=9,
18,0,lp,upper,9,9,0.036257769,0.035599708557128906,1185,0,0,9,0,0,0,0,0,0,OPTIMAL=9,
18,1,interval_arithmetic,lower,3136,0,0.0,0.0,0,0,0,0,0,902,0,0,0,2234,,interval_arithmetic=902;lower_skipped_by_nonpositive_upper=2234
18,1,interval_arithmetic,upper,3136,0,0.0,0.0,0,0,0,0,0,3136,0,0,0,0,,interval_arithmetic=3136
18,2,lp,lower,1568,66,0.06670433799999999,0.06419634819030762,799,0,0,66,0,0,0,664,0,838,OPTIMAL=66,interval_proves_cutoff=664;lower_skipped_by_nonpositive_upper=838
18,2,lp,upper,1568,68,0.08087615100000002,0.07182025909423828,931,0,0,68,0,0,0,836,664,0,OPTIMAL=68,interval_proves_cutoff=836;upper_skipped_by_nonnegative_interval_lower=664
18,3,lp,lower,100,0,0.0,0.0,0,0,0,0,0,0,0,8,0,92,,interval_proves_cutoff=8;lower_skipped_by_nonpositive_upper=92
18,3,lp,upper,100,0,0.0,0.0,0,0,0,0,0,0,0,92,8,0,,interval_proves_cutoff=92;upper_skipped_by_nonnegative_interval_lower=8
19,0,lp,lower,9,9,0.08059444700000001,0.07964849472045898,1828,0,0,9,0,0,0,0,0,0,OPTIMAL=9,
19,0,lp,upper,9,9,0.07375876,0.07295513153076172,1919,0,0,9,0,0,0,0,0,0,OPTIMAL=9,
19,1,interval_arithmetic,lower,3136,0,0.0,0.0,0,0,0,0,0,966,0,0,0,2170,,interval_arithmetic=966;lower_skipped_by_nonpositive_upper=2170
19,1,interval_arithmetic,upper,3136,0,0.0,0.0,0,0,0,0,0,3136,0,0,0,0,,interval_arithmetic=3136
19,2,lp,lower,1568,121,0.136909368,0.1322634220123291,1746,0,0,121,0,0,0,682,0,765,OPTIMAL=121,interval_proves_cutoff=682;lower_skipped_by_nonpositive_upper=765
19,2,lp,upper,1568,128,0.15610691499999998,0.144089937210083,2020,0,0,128,0,0,0,758,682,0,OPTIMAL=128,interval_proves_cutoff=758;upper_skipped_by_nonnegative_interval_lower=682
19,3,lp,lower,100,0,0.0,0.0,0,0,0,0,0,0,0,9,0,91,,interval_proves_cutoff=9;lower_skipped_by_nonpositive_upper=91
19,3,lp,upper,100,0,0.0,0.0,0,0,0,0,0,0,0,91,9,0,,interval_proves_cutoff=91;upper_skipped_by_nonnegative_interval_lower=9
20,0,lp,lower,9,9,0.063455385,0.06257987022399902,1417,0,0,9,0,0,0,0,0,0,OPTIMAL=9,
20,0,lp,upper,9,9,0.08157589500000001,0.0806589126586914,1633,0,0,9,0,0,0,0,0,0,OPTIMAL=9,
20,1,interval_arithmetic,lower,3136,0,0.0,0.0,0,0,0,0,0,885,0,0,0,2251,,interval_arithmetic=885;lower_skipped_by_nonpositive_upper=2251
20,1,interval_arithmetic,upper,3136,0,0.0,0.0,0,0,0,0,0,3136,0,0,0,0,,interval_arithmetic=3136
20,2,lp,lower,1568,135,0.133753771,0.12893462181091309,1686,0,0,135,0,0,0,631,0,802,OPTIMAL=135,interval_proves_cutoff=631;lower_skipped_by_nonpositive_upper=802
20,2,lp,upper,1568,141,0.16317083799999998,0.1367793083190918,1828,0,0,141,0,0,0,796,631,0,OPTIMAL=141,interval_proves_cutoff=796;upper_skipped_by_nonnegative_interval_lower=631
20,3,lp,lower,100,1,0.011572129,0.011476516723632812,340,0,0,1,0,0,0,8,0,91,OPTIMAL=1,interval_proves_cutoff=8;lower_skipped_by_nonpositive_upper=91
20,3,lp,upper,100,1,0.009855221,0.009731054306030273,301,0,0,1,0,0,0,91,8,0,OPTIMAL=1,interval_proves_cutoff=91;upper_skipped_by_nonnegative_interval_lower=8
21,0,lp,lower,9,9,0.058687204,0.057897090911865234,1326,0,0,9,0,0,0,0,0,0,OPTIMAL=9,
21,0,lp,upper,9,9,0.06498663199999999,0.06418848037719727,1465,0,0,9,0,0,0,0,0,0,OPTIMAL=9,
21,1,interval_arithmetic,lower,3136,0,0.0,0.0,0,0,0,0,0,916,0,0,0,2220,,interval_arithmetic=916;lower_skipped_by_nonpositive_upper=2220
21,1,interval_arithmetic,upper,3136,0,0.0,0.0,0,0,0,0,0,3136,0,0,0,0,,interval_arithmetic=3136
21,2,lp,lower,1568,70,0.072151013,0.06954169273376465,931,0,0,70,0,0,0,656,0,842,OPTIMAL=70,interval_proves_cutoff=656;lower_skipped_by_nonpositive_upper=842
21,2,lp,upper,1568,72,0.093085697,0.07250118255615234,1033,0,0,72,0,0,0,840,656,0,OPTIMAL=72,interval_proves_cutoff=840;upper_skipped_by_nonnegative_interval_lower=656
21,3,lp,lower,100,1,0.005286426,0.005217075347900391,213,0,0,1,0,0,0,8,0,91,OPTIMAL=1,interval_proves_cutoff=8;lower_skipped_by_nonpositive_upper=91
21,3,lp,upper,100,1,0.004930992,0.004801034927368164,172,0,0,1,0,0,0,91,8,0,OPTIMAL=1,interval_proves_cutoff=91;upper_skipped_by_nonnegative_interval_lower=8
22,0,lp,lower,9,9,0.057756537999999996,0.057100534439086914,1382,0,0,9,0,0,0,0,0,0,OPTIMAL=9,
22,0,lp,upper,9,9,0.07183294600000001,0.07109951972961426,1504,0,0,9,0,0,0,0,0,0,OPTIMAL=9,
22,1,interval_arithmetic,lower,3136,0,0.0,0.0,0,0,0,0,0,905,0,0,0,2231,,interval_arithmetic=905;lower_skipped_by_nonpositive_upper=2231
22,1,interval_arithmetic,upper,3136,0,0.0,0.0,0,0,0,0,0,3136,0,0,0,0,,interval_arithmetic=3136
22,2,lp,lower,1568,78,0.08444315999999999,0.0813131332397461,1363,0,0,78,0,0,0,666,0,824,OPTIMAL=78,interval_proves_cutoff=666;lower_skipped_by_nonpositive_upper=824
22,2,lp,upper,1568,80,0.09785149200000001,0.08817219734191895,1541,0,0,80,0,0,0,822,666,0,OPTIMAL=80,interval_proves_cutoff=822;upper_skipped_by_nonnegative_interval_lower=666
22,3,lp,lower,100,2,0.009065525000000001,0.008914947509765625,259,0,0,2,0,0,0,7,0,91,OPTIMAL=2,interval_proves_cutoff=7;lower_skipped_by_nonpositive_upper=91
22,3,lp,upper,100,2,0.009378691,0.009181499481201172,336,0,0,2,0,0,0,91,7,0,OPTIMAL=2,interval_proves_cutoff=91;upper_skipped_by_nonnegative_interval_lower=7
23,0,lp,lower,9,9,0.071278199,0.07045698165893555,1531,0,0,9,0,0,0,0,0,0,OPTIMAL=9,
23,0,lp,upper,9,9,0.07720948699999998,0.07647013664245605,1525,0,0,9,0,0,0,0,0,0,OPTIMAL=9,
23,1,interval_arithmetic,lower,3136,0,0.0,0.0,0,0,0,0,0,911,0,0,0,2225,,interval_arithmetic=911;lower_skipped_by_nonpositive_upper=2225
23,1,interval_arithmetic,upper,3136,0,0.0,0.0,0,0,0,0,0,3136,0,0,0,0,,interval_arithmetic=3136
23,2,lp,lower,1568,113,0.11489099800000001,0.11082792282104492,1143,0,0,113,0,0,0,663,0,792,OPTIMAL=113,interval_proves_cutoff=663;lower_skipped_by_nonpositive_upper=792
23,2,lp,upper,1568,120,0.13382061600000006,0.12296247482299805,1271,0,0,120,0,0,0,785,663,0,OPTIMAL=120,interval_proves_cutoff=785;upper_skipped_by_nonnegative_interval_lower=663
23,3,lp,lower,100,2,0.013417176,0.01325678825378418,317,0,0,2,0,0,0,7,0,91,OPTIMAL=2,interval_proves_cutoff=7;lower_skipped_by_nonpositive_upper=91
23,3,lp,upper,100,2,0.012758154,0.012529373168945312,413,0,0,2,0,0,0,91,7,0,OPTIMAL=2,interval_proves_cutoff=91;upper_skipped_by_nonnegative_interval_lower=7
24,0,lp,lower,9,9,0.048595652,0.04793739318847656,1345,0,0,9,0,0,0,0,0,0,OPTIMAL=9,
24,0,lp,upper,9,9,0.056450768,0.055687665939331055,1434,0,0,9,0,0,0,0,0,0,OPTIMAL=9,
24,1,interval_arithmetic,lower,3136,0,0.0,0.0,0,0,0,0,0,909,0,0,0,2227,,interval_arithmetic=909;lower_skipped_by_nonpositive_upper=2227
24,1,interval_arithmetic,upper,3136,0,0.0,0.0,0,0,0,0,0,3136,0,0,0,0,,interval_arithmetic=3136
24,2,lp,lower,1568,92,0.09450991300000001,0.09101700782775879,1544,0,0,92,0,0,0,670,0,806,OPTIMAL=92,interval_proves_cutoff=670;lower_skipped_by_nonpositive_upper=806
24,2,lp,upper,1568,96,0.10834276800000002,0.09801912307739258,1629,0,0,96,0,0,0,802,670,0,OPTIMAL=96,interval_proves_cutoff=802;upper_skipped_by_nonnegative_interval_lower=670
24,3,lp,lower,100,1,0.006719653,0.006638288497924805,261,0,0,1,0,0,0,8,0,91,OPTIMAL=1,interval_proves_cutoff=8;lower_skipped_by_nonpositive_upper=91
24,3,lp,upper,100,1,0.007251817,0.00713348388671875,234,0,0,1,0,0,0,91,8,0,OPTIMAL=1,interval_proves_cutoff=91;upper_skipped_by_nonnegative_interval_lower=8
25,0,lp,lower,9,9,0.06349152000000001,0.06281232833862305,1435,0,0,9,0,0,0,0,0,0,OPTIMAL=9,
25,0,lp,upper,9,9,0.061185093,0.0604093074798584,1455,0,0,9,0,0,0,0,0,0,OPTIMAL=9,
25,1,interval_arithmetic,lower,3136,0,0.0,0.0,0,0,0,0,0,875,0,0,0,2261,,interval_arithmetic=875;lower_skipped_by_nonpositive_upper=2261
25,1,interval_arithmetic,upper,3136,0,0.0,0.0,0,0,0,0,0,3136,0,0,0,0,,interval_arithmetic=3136
25,2,lp,lower,1568,100,0.10855065599999997,0.1048579216003418,1615,0,0,100,0,0,0,656,0,812,OPTIMAL=100,interval_proves_cutoff=656;lower_skipped_by_nonpositive_upper=812
25,2,lp,upper,1568,108,0.13419453100000006,0.12350249290466309,1972,0,0,108,0,0,0,804,656,0,OPTIMAL=108,interval_proves_cutoff=804;upper_skipped_by_nonnegative_interval_lower=656
25,3,lp,lower,100,0,0.0,0.0,0,0,0,0,0,0,0,9,0,91,,interval_proves_cutoff=9;lower_skipped_by_nonpositive_upper=91
25,3,lp,upper,100,0,0.0,0.0,0,0,0,0,0,0,0,91,9,0,,interval_proves_cutoff=91;upper_skipped_by_nonnegative_interval_lower=9
26,0,lp,lower,9,9,0.038314016000000006,0.0377199649810791,1247,0,0,9,0,0,0,0,0,0,OPTIMAL=9,
26,0,lp,upper,9,9,0.041932287,0.041205644607543945,1369,0,0,9,0,0,0,0,0,0,OPTIMAL=9,
26,1,interval_arithmetic,lower,3136,0,0.0,0.0,0,0,0,0,0,1009,0,0,0,2127,,interval_arithmetic=1009;lower_skipped_by_nonpositive_upper=2127
26,1,interval_arithmetic,upper,3136,0,0.0,0.0,0,0,0,0,0,3136,0,0,0,0,,interval_arithmetic=3136
26,2,lp,lower,1568,95,0.10541242699999999,0.10187482833862305,1082,0,0,95,0,0,0,707,0,766,OPTIMAL=95,interval_proves_cutoff=707;lower_skipped_by_nonpositive_upper=766
26,2,lp,upper,1568,105,0.12969137300000003,0.11901736259460449,1302,0,0,105,0,0,0,756,707,0,OPTIMAL=105,interval_proves_cutoff=756;upper_skipped_by_nonnegative_interval_lower=707
26,3,lp,lower,100,0,0.0,0.0,0,0,0,0,0,0,0,8,0,92,,interval_proves_cutoff=8;lower_skipped_by_nonpositive_upper=92
26,3,lp,upper,100,0,0.0,0.0,0,0,0,0,0,0,0,92,8,0,,interval_proves_cutoff=92;upper_skipped_by_nonnegative_interval_lower=8
27,0,lp,lower,9,9,0.039812692999999996,0.0392603874206543,1085,0,0,9,0,0,0,0,0,0,OPTIMAL=9,
27,0,lp,upper,9,9,0.050112735,0.04940080642700195,1267,0,0,9,0,0,0,0,0,0,OPTIMAL=9,
27,1,interval_arithmetic,lower,3136,0,0.0,0.0,0,0,0,0,0,870,0,0,0,2266,,interval_arithmetic=870;lower_skipped_by_nonpositive_upper=2266
27,1,interval_arithmetic,upper,3136,0,0.0,0.0,0,0,0,0,0,3136,0,0,0,0,,interval_arithmetic=3136
27,2,lp,lower,1568,91,0.09306132800000003,0.08980703353881836,1175,0,0,91,0,0,0,654,0,823,OPTIMAL=91,interval_proves_cutoff=654;lower_skipped_by_nonpositive_upper=823
27,2,lp,upper,1568,95,0.108156304,0.09832286834716797,1221,0,0,95,0,0,0,819,654,0,OPTIMAL=95,interval_proves_cutoff=819;upper_skipped_by_nonnegative_interval_lower=654
27,3,lp,lower,100,0,0.0,0.0,0,0,0,0,0,0,0,8,0,92,,interval_proves_cutoff=8;lower_skipped_by_nonpositive_upper=92
27,3,lp,upper,100,0,0.0,0.0,0,0,0,0,0,0,0,92,8,0,,interval_proves_cutoff=92;upper_skipped_by_nonnegative_interval_lower=8
28,0,lp,lower,9,9,0.039451129,0.03891611099243164,938,0,0,9,0,0,0,0,0,0,OPTIMAL=9,
28,0,lp,upper,9,9,0.039947361,0.03926348686218262,986,0,0,9,0,0,0,0,0,0,OPTIMAL=9,
28,1,interval_arithmetic,lower,3136,0,0.0,0.0,0,0,0,0,0,887,0,0,0,2249,,interval_arithmetic=887;lower_skipped_by_nonpositive_upper=2249
28,1,interval_arithmetic,upper,3136,0,0.0,0.0,0,0,0,0,0,3136,0,0,0,0,,interval_arithmetic=3136
28,2,lp,lower,1568,72,0.06660799600000002,0.06392645835876465,637,0,0,72,0,0,0,666,0,830,OPTIMAL=72,interval_proves_cutoff=666;lower_skipped_by_nonpositive_upper=830
28,2,lp,upper,1568,74,0.080007526,0.07099294662475586,735,0,0,74,0,0,0,828,666,0,OPTIMAL=74,interval_proves_cutoff=828;upper_skipped_by_nonnegative_interval_lower=666
28,3,lp,lower,100,1,0.004610334,0.00454401969909668,180,0,0,1,0,0,0,8,0,91,OPTIMAL=1,interval_proves_cutoff=8;lower_skipped_by_nonpositive_upper=91
28,3,lp,upper,100,1,0.004326223,0.00421905517578125,161,0,0,1,0,0,0,91,8,0,OPTIMAL=1,interval_proves_cutoff=91;upper_skipped_by_nonnegative_interval_lower=8
29,0,lp,lower,9,9,0.051974638000000004,0.05135011672973633,1389,0,0,9,0,0,0,0,0,0,OPTIMAL=9,
29,0,lp,upper,9,9,0.054183961,0.053476572036743164,1584,0,0,9,0,0,0,0,0,0,OPTIMAL=9,
29,1,interval_arithmetic,lower,3136,0,0.0,0.0,0,0,0,0,0,952,0,0,0,2184,,interval_arithmetic=952;lower_skipped_by_nonpositive_upper=2184
29,1,interval_arithmetic,upper,3136,0,0.0,0.0,0,0,0,0,0,3136,0,0,0,0,,interval_arithmetic=3136
29,2,lp,lower,1568,98,0.10923694500000004,0.10548877716064453,1205,0,0,98,0,0,0,682,0,788,OPTIMAL=98,interval_proves_cutoff=682;lower_skipped_by_nonpositive_upper=788
29,2,lp,upper,1568,100,0.11781153500000004,0.10747265815734863,1222,0,0,100,0,0,0,786,682,0,OPTIMAL=100,interval_proves_cutoff=786;upper_skipped_by_nonnegative_interval_lower=682
29,3,lp,lower,100,0,0.0,0.0,0,0,0,0,0,0,0,9,0,91,,interval_proves_cutoff=9;lower_skipped_by_nonpositive_upper=91
29,3,lp,upper,100,0,0.0,0.0,0,0,0,0,0,0,0,91,9,0,,interval_proves_cutoff=91;upper_skipped_by_nonnegative_interval_lower=9
30,0,lp,lower,9,9,0.02543058,0.02490973472595215,696,0,0,9,0,0,0,0,0,0,OPTIMAL=9,
30,0,lp,upper,9,9,0.027319603999999997,0.02677321434020996,801,0,0,9,0,0,0,0,0,0,OPTIMAL=9,
30,1,interval_arithmetic,lower,3136,0,0.0,0.0,0,0,0,0,0,849,0,0,0,2287,,interval_arithmetic=849;lower_skipped_by_nonpositive_upper=2287
30,1,interval_arithmetic,upper,3136,0,0.0,0.0,0,0,0,0,0,3136,0,0,0,0,,interval_arithmetic=3136
30,2,lp,lower,1568,67,0.06166496900000001,0.05935263633728027,570,0,0,67,0,0,0,629,0,872,OPTIMAL=67,interval_proves_cutoff=629;lower_skipped_by_nonpositive_upper=872
30,2,lp,upper,1568,71,0.07519155800000002,0.06644129753112793,703,0,0,71,0,0,0,868,629,0,OPTIMAL=71,interval_proves_cutoff=868;upper_skipped_by_nonnegative_interval_lower=629
30,3,lp,lower,100,0,0.0,0.0,0,0,0,0,0,0,0,9,0,91,,interval_proves_cutoff=9;lower_skipped_by_nonpositive_upper=91
30,3,lp,upper,100,0,0.0,0.0,0,0,0,0,0,0,0,91,9,0,,interval_proves_cutoff=91;upper_skipped_by_nonnegative_interval_lower=9
31,0,lp,lower,9,9,0.039040084,0.03827190399169922,1131,0,0,9,0,0,0,0,0,0,OPTIMAL=9,
31,0,lp,upper,9,9,0.043128972999999994,0.04233264923095703,1219,0,0,9,0,0,0,0,0,0,OPTIMAL=9,
31,1,interval_arithmetic,lower,3136,0,0.0,0.0,0,0,0,0,0,904,0,0,0,2232,,interval_arithmetic=904;lower_skipped_by_nonpositive_upper=2232
31,1,interval_arithmetic,upper,3136,0,0.0,0.0,0,0,0,0,0,3136,0,0,0,0,,interval_arithmetic=3136
31,2,lp,lower,1568,77,0.07619557200000002,0.07341480255126953,891,0,0,77,0,0,0,657,0,834,OPTIMAL=77,interval_proves_cutoff=657;lower_skipped_by_nonpositive_upper=834
31,2,lp,upper,1568,79,0.08893515400000002,0.07936382293701172,958,0,0,79,0,0,0,832,657,0,OPTIMAL=79,interval_proves_cutoff=832;upper_skipped_by_nonnegative_interval_lower=657
31,3,lp,lower,100,0,0.0,0.0,0,0,0,0,0,0,0,8,0,92,,interval_proves_cutoff=8;lower_skipped_by_nonpositive_upper=92
31,3,lp,upper,100,0,0.0,0.0,0,0,0,0,0,0,0,92,8,0,,interval_proves_cutoff=92;upper_skipped_by_nonnegative_interval_lower=8
32,0,lp,lower,9,9,0.020671293000000004,0.02014446258544922,615,0,0,9,0,0,0,0,0,0,OPTIMAL=9,
32,0,lp,upper,9,9,0.021183498,0.02052760124206543,597,0,0,9,0,0,0,0,0,0,OPTIMAL=9,
32,1,interval_arithmetic,lower,3136,0,0.0,0.0,0,0,0,0,0,835,0,0,0,2301,,interval_arithmetic=835;lower_skipped_by_nonpositive_upper=2301
32,1,interval_arithmetic,upper,3136,0,0.0,0.0,0,0,0,0,0,3136,0,0,0,0,,interval_arithmetic=3136
32,2,lp,lower,1568,45,0.03954520399999999,0.03790712356567383,313,0,0,45,0,0,0,637,0,886,OPTIMAL=45,interval_proves_cutoff=637;lower_skipped_by_nonpositive_upper=886
32,2,lp,upper,1568,47,0.049873381,0.04171252250671387,389,0,0,47,0,0,0,884,637,0,OPTIMAL=47,interval_proves_cutoff=884;upper_skipped_by_nonnegative_interval_lower=637
32,3,lp,lower,100,0,0.0,0.0,0,0,0,0,0,0,0,9,0,91,,interval_proves_cutoff=9;lower_skipped_by_nonpositive_upper=91
32,3,lp,upper,100,0,0.0,0.0,0,0,0,0,0,0,0,91,9,0,,interval_proves_cutoff=91;upper_skipped_by_nonnegative_interval_lower=9
33,0,lp,lower,9,9,0.040850765000000004,0.040163516998291016,1269,0,0,9,0,0,0,0,0,0,OPTIMAL=9,
33,0,lp,upper,9,9,0.037139825,0.03651833534240723,1148,0,0,9,0,0,0,0,0,0,OPTIMAL=9,
33,1,interval_arithmetic,lower,3136,0,0.0,0.0,0,0,0,0,0,918,0,0,0,2218,,interval_arithmetic=918;lower_skipped_by_nonpositive_upper=2218
33,1,interval_arithmetic,upper,3136,0,0.0,0.0,0,0,0,0,0,3136,0,0,0,0,,interval_arithmetic=3136
33,2,lp,lower,1568,76,0.08216052100000004,0.07905054092407227,1052,0,0,76,0,0,0,679,0,813,OPTIMAL=76,interval_proves_cutoff=679;lower_skipped_by_nonpositive_upper=813
33,2,lp,upper,1568,87,0.10999358500000003,0.09903860092163086,1262,0,0,87,0,0,0,802,679,0,OPTIMAL=87,interval_proves_cutoff=802;upper_skipped_by_nonnegative_interval_lower=679
33,3,lp,lower,100,0,0.0,0.0,0,0,0,0,0,0,0,8,0,92,,interval_proves_cutoff=8;lower_skipped_by_nonpositive_upper=92
33,3,lp,upper,100,1,0.003748192,0.003631591796875,166,0,0,1,0,0,0,91,8,0,OPTIMAL=1,interval_proves_cutoff=91;upper_skipped_by_nonnegative_interval_lower=8
34,0,lp,lower,9,9,0.05750074800000001,0.0568089485168457,1550,0,0,9,0,0,0,0,0,0,OPTIMAL=9,
34,0,lp,upper,9,9,0.057970495000000004,0.05715680122375488,1632,0,0,9,0,0,0,0,0,0,OPTIMAL=9,
34,1,interval_arithmetic,lower,3136,0,0.0,0.0,0,0,0,0,0,917,0,0,0,2219,,interval_arithmetic=917;lower_skipped_by_nonpositive_upper=2219
34,1,interval_arithmetic,upper,3136,0,0.0,0.0,0,0,0,0,0,3136,0,0,0,0,,interval_arithmetic=3136
34,2,lp,lower,1568,116,0.13091001700000002,0.126509428024292,1750,0,0,116,0,0,0,672,0,780,OPTIMAL=116,interval_proves_cutoff=672;lower_skipped_by_nonpositive_upper=780
34,2,lp,upper,1568,121,0.14688031899999998,0.13510537147521973,1947,0,0,121,0,0,0,775,672,0,OPTIMAL=121,interval_proves_cutoff=775;upper_skipped_by_nonnegative_interval_lower=672
34,3,lp,lower,100,0,0.0,0.0,0,0,0,0,0,0,0,9,0,91,,interval_proves_cutoff=9;lower_skipped_by_nonpositive_upper=91
34,3,lp,upper,100,0,0.0,0.0,0,0,0,0,0,0,0,91,9,0,,interval_proves_cutoff=91;upper_skipped_by_nonnegative_interval_lower=9
35,0,lp,lower,9,9,0.037827164999999996,0.03722572326660156,1125,0,0,9,0,0,0,0,0,0,OPTIMAL=9,
35,0,lp,upper,9,9,0.039177131000000004,0.03857231140136719,1140,0,0,9,0,0,0,0,0,0,OPTIMAL=9,
35,1,interval_arithmetic,lower,3136,0,0.0,0.0,0,0,0,0,0,911,0,0,0,2225,,interval_arithmetic=911;lower_skipped_by_nonpositive_upper=2225
35,1,interval_arithmetic,upper,3136,0,0.0,0.0,0,0,0,0,0,3136,0,0,0,0,,interval_arithmetic=3136
35,2,lp,lower,1568,70,0.07548124899999999,0.07292532920837402,901,0,0,70,0,0,0,672,0,826,OPTIMAL=70,interval_proves_cutoff=672;lower_skipped_by_nonpositive_upper=826
35,2,lp,upper,1568,73,0.09004188,0.08096599578857422,1035,0,0,73,0,0,0,823,672,0,OPTIMAL=73,interval_proves_cutoff=823;upper_skipped_by_nonnegative_interval_lower=672
35,3,lp,lower,100,2,0.006847018999999999,0.006725311279296875,225,0,0,2,0,0,0,7,0,91,OPTIMAL=2,interval_proves_cutoff=7;lower_skipped_by_nonpositive_upper=91
35,3,lp,upper,100,2,0.00875821,0.008580684661865234,295,0,0,2,0,0,0,91,7,0,OPTIMAL=2,interval_proves_cutoff=91;upper_skipped_by_nonnegative_interval_lower=7
36,0,lp,lower,9,9,0.054354688000000005,0.05367779731750488,1563,0,0,9,0,0,0,0,0,0,OPTIMAL=9,
36,0,lp,upper,9,9,0.058667606,0.057939767837524414,1619,0,0,9,0,0,0,0,0,0,OPTIMAL=9,
36,1,interval_arithmetic,lower,3136,0,0.0,0.0,0,0,0,0,0,942,0,0,0,2194,,interval_arithmetic=942;lower_skipped_by_nonpositive_upper=2194
36,1,interval_arithmetic,upper,3136,0,0.0,0.0,0,0,0,0,0,3136,0,0,0,0,,interval_arithmetic=3136
36,2,lp,lower,1568,99,0.10496743000000001,0.10111069679260254,1365,0,0,99,0,0,0,683,0,786,OPTIMAL=99,interval_proves_cutoff=683;lower_skipped_by_nonpositive_upper=786
36,2,lp,upper,1568,106,0.12281547399999992,0.11192154884338379,1553,0,0,106,0,0,0,779,683,0,OPTIMAL=106,interval_proves_cutoff=779;upper_skipped_by_nonnegative_interval_lower=683
36,3,lp,lower,100,1,0.006088183,0.00601506233215332,271,0,0,1,0,0,0,8,0,91,OPTIMAL=1,interval_proves_cutoff=8;lower_skipped_by_nonpositive_upper=91
36,3,lp,upper,100,1,0.00559472,0.005476236343383789,247,0,0,1,0,0,0,91,8,0,OPTIMAL=1,interval_proves_cutoff=91;upper_skipped_by_nonnegative_interval_lower=8
37,0,lp,lower,9,9,0.043422130999999996,0.04285120964050293,1184,0,0,9,0,0,0,0,0,0,OPTIMAL=9,
37,0,lp,upper,9,9,0.056770799999999996,0.05605316162109375,1393,0,0,9,0,0,0,0,0,0,OPTIMAL=9,
37,1,interval_arithmetic,lower,3136,0,0.0,0.0,0,0,0,0,0,903,0,0,0,2233,,interval_arithmetic=903;lower_skipped_by_nonpositive_upper=2233
37,1,interval_arithmetic,upper,3136,0,0.0,0.0,0,0,0,0,0,3136,0,0,0,0,,interval_arithmetic=3136
37,2,lp,lower,1568,83,0.08278626000000003,0.07974386215209961,1101,0,0,83,0,0,0,678,0,807,OPTIMAL=83,interval_proves_cutoff=678;lower_skipped_by_nonpositive_upper=807
37,2,lp,upper,1568,84,0.09379236000000002,0.08402228355407715,1283,0,0,84,0,0,0,806,678,0,OPTIMAL=84,interval_proves_cutoff=806;upper_skipped_by_nonnegative_interval_lower=678
37,3,lp,lower,100,1,0.005509369,0.005439043045043945,246,0,0,1,0,0,0,8,0,91,OPTIMAL=1,interval_proves_cutoff=8;lower_skipped_by_nonpositive_upper=91
37,3,lp,upper,100,1,0.005362275,0.005167484283447266,183,0,0,1,0,0,0,91,8,0,OPTIMAL=1,interval_proves_cutoff=91;upper_skipped_by_nonnegative_interval_lower=8
38,0,lp,lower,9,9,0.055046699,0.05449652671813965,1191,0,0,9,0,0,0,0,0,0,OPTIMAL=9,
38,0,lp,upper,9,9,0.06411665,0.06334233283996582,1226,0,0,9,0,0,0,0,0,0,OPTIMAL=9,
38,1,interval_arithmetic,lower,3136,0,0.0,0.0,0,0,0,0,0,860,0,0,0,2276,,interval_arithmetic=860;lower_skipped_by_nonpositive_upper=2276
38,1,interval_arithmetic,upper,3136,0,0.0,0.0,0,0,0,0,0,3136,0,0,0,0,,interval_arithmetic=3136
38,2,lp,lower,1568,65,0.062402218999999995,0.06014609336853027,818,0,0,65,0,0,0,639,0,864,OPTIMAL=65,interval_proves_cutoff=639;lower_skipped_by_nonpositive_upper=864
38,2,lp,upper,1568,69,0.07687934600000002,0.06788206100463867,1000,0,0,69,0,0,0,860,639,0,OPTIMAL=69,interval_proves_cutoff=860;upper_skipped_by_nonnegative_interval_lower=639
38,3,lp,lower,100,2,0.006815539,0.006684780120849609,200,0,0,2,0,0,0,7,0,91,OPTIMAL=2,interval_proves_cutoff=7;lower_skipped_by_nonpositive_upper=91
38,3,lp,upper,100,2,0.006791514,0.006624698638916016,234,0,0,2,0,0,0,91,7,0,OPTIMAL=2,interval_proves_cutoff=91;upper_skipped_by_nonnegative_interval_lower=7
39,0,lp,lower,9,9,0.058164864,0.05749011039733887,1567,0,0,9,0,0,0,0,0,0,OPTIMAL=9,
39,0,lp,upper,9,9,0.066131652,0.06529617309570312,1721,0,0,9,0,0,0,0,0,0,OPTIMAL=9,
39,1,interval_arithmetic,lower,3136,0,0.0,0.0,0,0,0,0,0,901,0,0,0,2235,,interval_arithmetic=901;lower_skipped_by_nonpositive_upper=2235
39,1,interval_arithmetic,upper,3136,0,0.0,0.0,0,0,0,0,0,3136,0,0,0,0,,interval_arithmetic=3136
39,2,lp,lower,1568,94,0.105481825,0.10199356079101562,1818,0,0,94,0,0,0,664,0,810,OPTIMAL=94,interval_proves_cutoff=664;lower_skipped_by_nonpositive_upper=810
39,2,lp,upper,1568,95,0.12066007100000004,0.11029338836669922,1859,0,0,95,0,0,0,809,664,0,OPTIMAL=95,interval_proves_cutoff=809;upper_skipped_by_nonnegative_interval_lower=664
39,3,lp,lower,100,0,0.0,0.0,0,0,0,0,0,0,0,9,0,91,,interval_proves_cutoff=9;lower_skipped_by_nonpositive_upper=91
39,3,lp,upper,100,0,0.0,0.0,0,0,0,0,0,0,0,91,9,0,,interval_proves_cutoff=91;upper_skipped_by_nonnegative_interval_lower=9
40,0,lp,lower,9,9,0.04899242300000001,0.04839324951171875,1161,0,0,9,0,0,0,0,0,0,OPTIMAL=9,
40,0,lp,upper,9,9,0.05082016799999999,0.05016636848449707,1190,0,0,9,0,0,0,0,0,0,OPTIMAL=9,
40,1,interval_arithmetic,lower,3136,0,0.0,0.0,0,0,0,0,0,876,0,0,0,2260,,interval_arithmetic=876;lower_skipped_by_nonpositive_upper=2260
40,1,interval_arithmetic,upper,3136,0,0.0,0.0,0,0,0,0,0,3136,0,0,0,0,,interval_arithmetic=3136
40,2,lp,lower,1568,70,0.06776931200000001,0.06527304649353027,1032,0,0,70,0,0,0,636,0,862,OPTIMAL=70,interval_proves_cutoff=636;lower_skipped_by_nonpositive_upper=862
40,2,lp,upper,1568,71,0.07924787199999997,0.06993532180786133,1128,0,0,71,0,0,0,861,636,0,OPTIMAL=71,interval_proves_cutoff=861;upper_skipped_by_nonnegative_interval_lower=636
40,3,lp,lower,100,1,0.004678538,0.004608631134033203,188,0,0,1,0,0,0,8,0,91,OPTIMAL=1,interval_proves_cutoff=8;lower_skipped_by_nonpositive_upper=91
40,3,lp,upper,100,1,0.004630809,0.004449367523193359,180,0,0,1,0,0,0,91,8,0,OPTIMAL=1,interval_proves_cutoff=91;upper_skipped_by_nonnegative_interval_lower=8
41,0,lp,lower,9,9,0.053431493999999996,0.052739620208740234,1026,0,0,9,0,0,0,0,0,0,OPTIMAL=9,
41,0,lp,upper,9,9,0.054141739,0.053338050842285156,979,0,0,9,0,0,0,0,0,0,OPTIMAL=9,
41,1,interval_arithmetic,lower,3136,0,0.0,0.0,0,0,0,0,0,828,0,0,0,2308,,interval_arithmetic=828;lower_skipped_by_nonpositive_upper=2308
41,1,interval_arithmetic,upper,3136,0,0.0,0.0,0,0,0,0,0,3136,0,0,0,0,,interval_arithmetic=3136
41,2,lp,lower,1568,87,0.074510553,0.07148241996765137,491,0,0,87,0,0,0,614,0,867,OPTIMAL=87,interval_proves_cutoff=614;lower_skipped_by_nonpositive_upper=867
41,2,lp,upper,1568,88,0.08587134199999998,0.07684206962585449,678,0,0,88,0,0,0,866,614,0,OPTIMAL=88,interval_proves_cutoff=866;upper_skipped_by_nonnegative_interval_lower=614
41,3,lp,lower,100,1,0.004912274,0.0048139095306396484,168,0,0,1,0,0,0,8,0,91,OPTIMAL=1,interval_proves_cutoff=8;lower_skipped_by_nonpositive_upper=91
41,3,lp,upper,100,1,0.004727079,0.004609346389770508,166,0,0,1,0,0,0,91,8,0,OPTIMAL=1,interval_proves_cutoff=91;upper_skipped_by_nonnegative_interval_lower=8
42,0,lp,lower,9,9,0.075003762,0.07426643371582031,1516,0,0,9,0,0,0,0,0,0,OPTIMAL=9,
42,0,lp,upper,9,9,0.0725059,0.07167315483093262,1450,0,0,9,0,0,0,0,0,0,OPTIMAL=9,
42,1,interval_arithmetic,lower,3136,0,0.0,0.0,0,0,0,0,0,881,0,0,0,2255,,interval_arithmetic=881;lower_skipped_by_nonpositive_upper=2255
42,1,interval_arithmetic,upper,3136,0,0.0,0.0,0,0,0,0,0,3136,0,0,0,0,,interval_arithmetic=3136
42,2,lp,lower,1568,101,0.11234174100000002,0.10853385925292969,1743,0,0,101,0,0,0,643,0,824,OPTIMAL=101,interval_proves_cutoff=643;lower_skipped_by_nonpositive_upper=824
42,2,lp,upper,1568,106,0.134865086,0.12410807609558105,2100,0,0,106,0,0,0,819,643,0,OPTIMAL=106,interval_proves_cutoff=819;upper_skipped_by_nonnegative_interval_lower=643
42,3,lp,lower,100,1,0.009073457,0.009003400802612305,295,0,0,1,0,0,0,8,0,91,OPTIMAL=1,interval_proves_cutoff=8;lower_skipped_by_nonpositive_upper=91
42,3,lp,upper,100,1,0.006409982,0.006293535232543945,223,0,0,1,0,0,0,91,8,0,OPTIMAL=1,interval_proves_cutoff=91;upper_skipped_by_nonnegative_interval_lower=8
43,0,lp,lower,9,9,0.027439276999999998,0.026958465576171875,755,0,0,9,0,0,0,0,0,0,OPTIMAL=9,
43,0,lp,upper,9,9,0.027522464999999996,0.0269625186920166,717,0,0,9,0,0,0,0,0,0,OPTIMAL=9,
43,1,interval_arithmetic,lower,3136,0,0.0,0.0,0,0,0,0,0,891,0,0,0,2245,,interval_arithmetic=891;lower_skipped_by_nonpositive_upper=2245
43,1,interval_arithmetic,upper,3136,0,0.0,0.0,0,0,0,0,0,3136,0,0,0,0,,interval_arithmetic=3136
43,2,lp,lower,1568,55,0.05094275699999998,0.049001216888427734,448,0,0,55,0,0,0,668,0,845,OPTIMAL=55,interval_proves_cutoff=668;lower_skipped_by_nonpositive_upper=845
43,2,lp,upper,1568,59,0.06533431299999999,0.056696176528930664,603,0,0,59,0,0,0,841,668,0,OPTIMAL=59,interval_proves_cutoff=841;upper_skipped_by_nonnegative_interval_lower=668
43,3,lp,lower,100,1,0.002974175,0.002919435501098633,143,0,0,1,0,0,0,7,0,92,OPTIMAL=1,interval_proves_cutoff=7;lower_skipped_by_nonpositive_upper=92
43,3,lp,upper,100,1,0.002949368,0.002844572067260742,113,0,0,1,0,0,0,92,7,0,OPTIMAL=1,interval_proves_cutoff=92;upper_skipped_by_nonnegative_interval_lower=7
44,0,lp,lower,9,9,0.034507552,0.033944129943847656,1124,0,0,9,0,0,0,0,0,0,OPTIMAL=9,
44,0,lp,upper,9,9,0.039430783999999997,0.038709163665771484,1258,0,0,9,0,0,0,0,0,0,OPTIMAL=9,
44,1,interval_arithmetic,lower,3136,0,0.0,0.0,0,0,0,0,0,870,0,0,0,2266,,interval_arithmetic=870;lower_skipped_by_nonpositive_upper=2266
44,1,interval_arithmetic,upper,3136,0,0.0,0.0,0,0,0,0,0,3136,0,0,0,0,,interval_arithmetic=3136
44,2,lp,lower,1568,88,0.08739411500000001,0.08417463302612305,1087,0,0,88,0,0,0,642,0,838,OPTIMAL=88,interval_proves_cutoff=642;lower_skipped_by_nonpositive_upper=838
44,2,lp,upper,1568,96,0.107175863,0.09693264961242676,1448,0,0,96,0,0,0,830,642,0,OPTIMAL=96,interval_proves_cutoff=830;upper_skipped_by_nonnegative_interval_lower=642
44,3,lp,lower,100,0,0.0,0.0,0,0,0,0,0,0,0,9,0,91,,interval_proves_cutoff=9;lower_skipped_by_nonpositive_upper=91
44,3,lp,upper,100,0,0.0,0.0,0,0,0,0,0,0,0,91,9,0,,interval_proves_cutoff=91;upper_skipped_by_nonnegative_interval_lower=9
45,0,lp,lower,9,9,0.03942302,0.03880596160888672,1114,0,0,9,0,0,0,0,0,0,OPTIMAL=9,
45,0,lp,upper,9,9,0.040703954,0.04003477096557617,1176,0,0,9,0,0,0,0,0,0,OPTIMAL=9,
45,1,interval_arithmetic,lower,3136,0,0.0,0.0,0,0,0,0,0,884,0,0,0,2252,,interval_arithmetic=884;lower_skipped_by_nonpositive_upper=2252
45,1,interval_arithmetic,upper,3136,0,0.0,0.0,0,0,0,0,0,3136,0,0,0,0,,interval_arithmetic=3136
45,2,lp,lower,1568,81,0.080146472,0.07715749740600586,923,0,0,81,0,0,0,641,0,846,OPTIMAL=81,interval_proves_cutoff=641;lower_skipped_by_nonpositive_upper=846
45,2,lp,upper,1568,82,0.09423794999999999,0.0850839614868164,1059,0,0,82,0,0,0,845,641,0,OPTIMAL=82,interval_proves_cutoff=845;upper_skipped_by_nonnegative_interval_lower=641
45,3,lp,lower,100,0,0.0,0.0,0,0,0,0,0,0,0,9,0,91,,interval_proves_cutoff=9;lower_skipped_by_nonpositive_upper=91
45,3,lp,upper,100,0,0.0,0.0,0,0,0,0,0,0,0,91,9,0,,interval_proves_cutoff=91;upper_skipped_by_nonnegative_interval_lower=9
46,0,lp,lower,9,9,0.137212224,0.13629388809204102,2241,0,0,9,0,0,0,0,0,0,OPTIMAL=9,
46,0,lp,upper,9,9,0.13680824300000002,0.13588380813598633,2200,0,0,9,0,0,0,0,0,0,OPTIMAL=9,
46,1,interval_arithmetic,lower,3136,0,0.0,0.0,0,0,0,0,0,909,0,0,0,2227,,interval_arithmetic=909;lower_skipped_by_nonpositive_upper=2227
46,1,interval_arithmetic,upper,3136,0,0.0,0.0,0,0,0,0,0,3136,0,0,0,0,,interval_arithmetic=3136
46,2,lp,lower,1568,137,0.14537014099999998,0.14009952545166016,2581,0,0,137,0,0,0,649,0,782,OPTIMAL=137,interval_proves_cutoff=649;lower_skipped_by_nonpositive_upper=782
46,2,lp,upper,1568,145,0.1652371790000001,0.1533184051513672,2859,0,0,145,0,0,0,774,649,0,OPTIMAL=145,interval_proves_cutoff=774;upper_skipped_by_nonnegative_interval_lower=649
46,3,lp,lower,100,1,0.010576549,0.010481595993041992,340,0,0,1,0,0,0,8,0,91,OPTIMAL=1,interval_proves_cutoff=8;lower_skipped_by_nonpositive_upper=91
46,3,lp,upper,100,1,0.010913087,0.010789155960083008,305,0,0,1,0,0,0,91,8,0,OPTIMAL=1,interval_proves_cutoff=91;upper_skipped_by_nonnegative_interval_lower=8
47,0,lp,lower,9,9,0.029559616,0.02902507781982422,899,0,0,9,0,0,0,0,0,0,OPTIMAL=9,
47,0,lp,upper,9,9,0.035023846000000004,0.03438925743103027,1050,0,0,9,0,0,0,0,0,0,OPTIMAL=9,
47,1,interval_arithmetic,lower,3136,0,0.0,0.0,0,0,0,0,0,873,0,0,0,2263,,interval_arithmetic=873;lower_skipped_by_nonpositive_upper=2263
47,1,interval_arithmetic,upper,3136,0,0.0,0.0,0,0,0,0,0,3136,0,0,0,0,,interval_arithmetic=3136
47,2,lp,lower,1568,75,0.06707146900000001,0.06439971923828125,710,0,0,75,0,0,0,632,0,861,OPTIMAL=75,interval_proves_cutoff=632;lower_skipped_by_nonpositive_upper=861
47,2,lp,upper,1568,80,0.08177359200000003,0.07241535186767578,955,0,0,80,0,0,0,856,632,0,OPTIMAL=80,interval_proves_cutoff=856;upper_skipped_by_nonnegative_interval_lower=632
47,3,lp,lower,100,0,0.0,0.0,0,0,0,0,0,0,0,9,0,91,,interval_proves_cutoff=9;lower_skipped_by_nonpositive_upper=91
47,3,lp,upper,100,0,0.0,0.0,0,0,0,0,0,0,0,91,9,0,,interval_proves_cutoff=91;upper_skipped_by_nonnegative_interval_lower=9
48,0,lp,lower,9,9,0.064962292,0.0641939640045166,1673,0,0,9,0,0,0,0,0,0,OPTIMAL=9,
48,0,lp,upper,9,9,0.072085571,0.0713660717010498,1628,0,0,9,0,0,0,0,0,0,OPTIMAL=9,
48,1,interval_arithmetic,lower,3136,0,0.0,0.0,0,0,0,0,0,896,0,0,0,2240,,interval_arithmetic=896;lower_skipped_by_nonpositive_upper=2240
48,1,interval_arithmetic,upper,3136,0,0.0,0.0,0,0,0,0,0,3136,0,0,0,0,,interval_arithmetic=3136
48,2,lp,lower,1568,116,0.12956811499999998,0.12528157234191895,2104,0,0,116,0,0,0,648,0,804,OPTIMAL=116,interval_proves_cutoff=648;lower_skipped_by_nonpositive_upper=804
48,2,lp,upper,1568,123,0.15009589500000003,0.1387486457824707,2212,0,0,123,0,0,0,797,648,0,OPTIMAL=123,interval_proves_cutoff=797;upper_skipped_by_nonnegative_interval_lower=648
48,3,lp,lower,100,1,0.010408707,0.010316848754882812,313,0,0,1,0,0,0,8,0,91,OPTIMAL=1,interval_proves_cutoff=8;lower_skipped_by_nonpositive_upper=91
48,3,lp,upper,100,1,0.008434228,0.008304834365844727,270,0,0,1,0,0,0,91,8,0,OPTIMAL=1,interval_proves_cutoff=91;upper_skipped_by_nonnegative_interval_lower=8
49,0,lp,lower,9,9,0.04302705800000001,0.042501211166381836,1127,0,0,9,0,0,0,0,0,0,OPTIMAL=9,
49,0,lp,upper,9,9,0.043167021,0.04257917404174805,1159,0,0,9,0,0,0,0,0,0,OPTIMAL=9,
49,1,interval_arithmetic,lower,3136,0,0.0,0.0,0,0,0,0,0,951,0,0,0,2185,,interval_arithmetic=951;lower_skipped_by_nonpositive_upper=2185
49,1,interval_arithmetic,upper,3136,0,0.0,0.0,0,0,0,0,0,3136,0,0,0,0,,interval_arithmetic=3136
49,2,lp,lower,1568,84,0.083440899,0.08037495613098145,920,0,0,84,0,0,0,662,0,822,OPTIMAL=84,interval_proves_cutoff=662;lower_skipped_by_nonpositive_upper=822
49,2,lp,upper,1568,89,0.10195466600000001,0.09210038185119629,1106,0,0,89,0,0,0,817,662,0,OPTIMAL=89,interval_proves_cutoff=817;upper_skipped_by_nonnegative_interval_lower=662
49,3,lp,lower,100,1,0.006818238,0.006747245788574219,253,0,0,1,0,0,0,8,0,91,OPTIMAL=1,interval_proves_cutoff=8;lower_skipped_by_nonpositive_upper=91
49,3,lp,upper,100,1,0.005268393,0.005150556564331055,215,0,0,1,0,0,0,91,8,0,OPTIMAL=1,interval_proves_cutoff=91;upper_skipped_by_nonnegative_interval_lower=8
50,0,lp,lower,9,9,0.070545122,0.06980156898498535,1531,0,0,9,0,0,0,0,0,0,OPTIMAL=9,
50,0,lp,upper,9,9,0.07238703299999999,0.07157158851623535,1631,0,0,9,0,0,0,0,0,0,OPTIMAL=9,
50,1,interval_arithmetic,lower,3136,0,0.0,0.0,0,0,0,0,0,912,0,0,0,2224,,interval_arithmetic=912;lower_skipped_by_nonpositive_upper=2224
50,1,interval_arithmetic,upper,3136,0,0.0,0.0,0,0,0,0,0,3136,0,0,0,0,,interval_arithmetic=3136
50,2,lp,lower,1568,117,0.12479102800000003,0.12050890922546387,1648,0,0,117,0,0,0,651,0,800,OPTIMAL=117,interval_proves_cutoff=651;lower_skipped_by_nonpositive_upper=800
50,2,lp,upper,1568,120,0.13875948400000002,0.1277318000793457,1811,0,0,120,0,0,0,797,651,0,OPTIMAL=120,interval_proves_cutoff=797;upper_skipped_by_nonnegative_interval_lower=651
50,3,lp,lower,100,1,0.008468903,0.008355379104614258,305,0,0,1,0,0,0,8,0,91,OPTIMAL=1,interval_proves_cutoff=8;lower_skipped_by_nonpositive_upper=91
50,3,lp,upper,100,1,0.00775513,0.007630348205566406,299,0,0,1,0,0,0,91,8,0,OPTIMAL=1,interval_proves_cutoff=91;upper_skipped_by_nonnegative_interval_lower=8
51,0,lp,lower,9,9,0.061237701,0.06060624122619629,1530,0,0,9,0,0,0,0,0,0,OPTIMAL=9,
51,0,lp,upper,9,9,0.059085891,0.058403730392456055,1471,0,0,9,0,0,0,0,0,0,OPTIMAL=9,
51,1,interval_arithmetic,lower,3136,0,0.0,0.0,0,0,0,0,0,903,0,0,0,2233,,interval_arithmetic=903;lower_skipped_by_nonpositive_upper=2233
51,1,interval_arithmetic,upper,3136,0,0.0,0.0,0,0,0,0,0,3136,0,0,0,0,,interval_arithmetic=3136
51,2,lp,lower,1568,89,0.09783875,0.09449362754821777,1558,0,0,89,0,0,0,642,0,837,OPTIMAL=89,interval_proves_cutoff=642;lower_skipped_by_nonpositive_upper=837
51,2,lp,upper,1568,103,0.12430695900000004,0.11352396011352539,1750,0,0,103,0,0,0,823,642,0,OPTIMAL=103,interval_proves_cutoff=823;upper_skipped_by_nonnegative_interval_lower=642
51,3,lp,lower,100,2,0.009678242,0.009556770324707031,284,0,0,2,0,0,0,7,0,91,OPTIMAL=2,interval_proves_cutoff=7;lower_skipped_by_nonpositive_upper=91
51,3,lp,upper,100,2,0.011002307,0.010821104049682617,328,0,0,2,0,0,0,91,7,0,OPTIMAL=2,interval_proves_cutoff=91;upper_skipped_by_nonnegative_interval_lower=7
52,0,lp,lower,9,9,0.05381113,0.05311274528503418,1498,0,0,9,0,0,0,0,0,0,OPTIMAL=9,
52,0,lp,upper,9,9,0.059385681999999995,0.058684587478637695,1594,0,0,9,0,0,0,0,0,0,OPTIMAL=9,
52,1,interval_arithmetic,lower,3136,0,0.0,0.0,0,0,0,0,0,961,0,0,0,2175,,interval_arithmetic=961;lower_skipped_by_nonpositive_upper=2175
52,1,interval_arithmetic,upper,3136,0,0.0,0.0,0,0,0,0,0,3136,0,0,0,0,,interval_arithmetic=3136
52,2,lp,lower,1568,102,0.11480618199999992,0.11091852188110352,1278,0,0,102,0,0,0,684,0,782,OPTIMAL=102,interval_proves_cutoff=684;lower_skipped_by_nonpositive_upper=782
52,2,lp,upper,1568,106,0.12772826299999998,0.11721587181091309,1442,0,0,106,0,0,0,778,684,0,OPTIMAL=106,interval_proves_cutoff=778;upper_skipped_by_nonnegative_interval_lower=684
52,3,lp,lower,100,1,0.01065671,0.010558128356933594,315,0,0,1,0,0,0,8,0,91,OPTIMAL=1,interval_proves_cutoff=8;lower_skipped_by_nonpositive_upper=91
52,3,lp,upper,100,1,0.007602614,0.0074846744537353516,263,0,0,1,0,0,0,91,8,0,OPTIMAL=1,interval_proves_cutoff=91;upper_skipped_by_nonnegative_interval_lower=8
53,0,lp,lower,9,9,0.118049289,0.1171262264251709,2176,0,0,9,0,0,0,0,0,0,OPTIMAL=9,
53,0,lp,upper,9,9,0.140857663,0.13992977142333984,2331,0,0,9,0,0,0,0,0,0,OPTIMAL=9,
53,1,interval_arithmetic,lower,3136,0,0.0,0.0,0,0,0,0,0,927,0,0,0,2209,,interval_arithmetic=927;lower_skipped_by_nonpositive_upper=2209
53,1,interval_arithmetic,upper,3136,0,0.0,0.0,0,0,0,0,0,3136,0,0,0,0,,interval_arithmetic=3136
53,2,lp,lower,1568,109,0.122138685,0.11801695823669434,1744,0,0,109,0,0,0,673,0,786,OPTIMAL=109,interval_proves_cutoff=673;lower_skipped_by_nonpositive_upper=786
53,2,lp,upper,1568,116,0.14235610399999993,0.13120532035827637,1960,0,0,116,0,0,0,779,673,0,OPTIMAL=116,interval_proves_cutoff=779;upper_skipped_by_nonnegative_interval_lower=673
53,3,lp,lower,100,1,0.009330111,0.009251832962036133,326,0,0,1,0,0,0,8,0,91,OPTIMAL=1,interval_proves_cutoff=8;lower_skipped_by_nonpositive_upper=91
53,3,lp,upper,100,1,0.007762774,0.007642269134521484,273,0,0,1,0,0,0,91,8,0,OPTIMAL=1,interval_proves_cutoff=91;upper_skipped_by_nonnegative_interval_lower=8
54,0,lp,lower,9,9,0.078584638,0.07770347595214844,1703,0,0,9,0,0,0,0,0,0,OPTIMAL=9,
54,0,lp,upper,9,9,0.073723829,0.07284379005432129,1790,0,0,9,0,0,0,0,0,0,OPTIMAL=9,
54,1,interval_arithmetic,lower,3136,0,0.0,0.0,0,0,0,0,0,905,0,0,0,2231,,interval_arithmetic=905;lower_skipped_by_nonpositive_upper=2231
54,1,interval_arithmetic,upper,3136,0,0.0,0.0,0,0,0,0,0,3136,0,0,0,0,,interval_arithmetic=3136
54,2,lp,lower,1568,128,0.14305295800000004,0.138108491897583,1894,0,0,128,0,0,0,654,0,786,OPTIMAL=128,interval_proves_cutoff=654;lower_skipped_by_nonpositive_upper=786
54,2,lp,upper,1568,137,0.16202143400000005,0.1499326229095459,2159,0,0,137,0,0,0,777,654,0,OPTIMAL=137,interval_proves_cutoff=777;upper_skipped_by_nonnegative_interval_lower=654
54,3,lp,lower,100,0,0.0,0.0,0,0,0,0,0,0,0,9,0,91,,interval_proves_cutoff=9;lower_skipped_by_nonpositive_upper=91
54,3,lp,upper,100,0,0.0,0.0,0,0,0,0,0,0,0,91,9,0,,interval_proves_cutoff=91;upper_skipped_by_nonnegative_interval_lower=9
55,0,lp,lower,9,9,0.08037647299999999,0.07959413528442383,1863,0,0,9,0,0,0,0,0,0,OPTIMAL=9,
55,0,lp,upper,9,9,0.08527391000000001,0.08451223373413086,1889,0,0,9,0,0,0,0,0,0,OPTIMAL=9,
55,1,interval_arithmetic,lower,3136,0,0.0,0.0,0,0,0,0,0,962,0,0,0,2174,,interval_arithmetic=962;lower_skipped_by_nonpositive_upper=2174
55,1,interval_arithmetic,upper,3136,0,0.0,0.0,0,0,0,0,0,3136,0,0,0,0,,interval_arithmetic=3136
55,2,lp,lower,1568,112,0.13032841199999995,0.1260519027709961,2065,0,0,112,0,0,0,669,0,787,OPTIMAL=112,interval_proves_cutoff=669;lower_skipped_by_nonpositive_upper=787
55,2,lp,upper,1568,121,0.153652796,0.1419236660003662,2209,0,0,121,0,0,0,778,669,0,OPTIMAL=121,interval_proves_cutoff=778;upper_skipped_by_nonnegative_interval_lower=669
55,3,lp,lower,100,1,0.011639369,0.011554718017578125,329,0,0,1,0,0,0,8,0,91,OPTIMAL=1,interval_proves_cutoff=8;lower_skipped_by_nonpositive_upper=91
55,3,lp,upper,100,1,0.00707296,0.006960868835449219,252,0,0,1,0,0,0,91,8,0,OPTIMAL=1,interval_proves_cutoff=91;upper_skipped_by_nonnegative_interval_lower=8
56,0,lp,lower,9,9,0.034885406,0.03432726860046387,1037,0,0,9,0,0,0,0,0,0,OPTIMAL=9,
56,0,lp,upper,9,9,0.036280744000000004,0.035696983337402344,1142,0,0,9,0,0,0,0,0,0,OPTIMAL=9,
56,1,interval_arithmetic,lower,3136,0,0.0,0.0,0,0,0,0,0,915,0,0,0,2221,,interval_arithmetic=915;lower_skipped_by_nonpositive_upper=2221
56,1,interval_arithmetic,upper,3136,0,0.0,0.0,0,0,0,0,0,3136,0,0,0,0,,interval_arithmetic=3136
56,2,lp,lower,1568,76,0.07636961899999999,0.07356810569763184,926,0,0,76,0,0,0,681,0,811,OPTIMAL=76,interval_proves_cutoff=681;lower_skipped_by_nonpositive_upper=811
56,2,lp,upper,1568,82,0.09205712799999997,0.08225679397583008,1135,0,0,82,0,0,0,805,681,0,OPTIMAL=82,interval_proves_cutoff=805;upper_skipped_by_nonnegative_interval_lower=681
56,3,lp,lower,100,0,0.0,0.0,0,0,0,0,0,0,0,9,0,91,,interval_proves_cutoff=9;lower_skipped_by_nonpositive_upper=91
56,3,lp,upper,100,0,0.0,0.0,0,0,0,0,0,0,0,91,9,0,,interval_proves_cutoff=91;upper_skipped_by_nonnegative_interval_lower=9
57,0,lp,lower,9,9,0.049706219999999995,0.049135684967041016,1286,0,0,9,0,0,0,0,0,0,OPTIMAL=9,
57,0,lp,upper,9,9,0.043487194,0.042878150939941406,1103,0,0,9,0,0,0,0,0,0,OPTIMAL=9,
57,1,interval_arithmetic,lower,3136,0,0.0,0.0,0,0,0,0,0,923,0,0,0,2213,,interval_arithmetic=923;lower_skipped_by_nonpositive_upper=2213
57,1,interval_arithmetic,upper,3136,0,0.0,0.0,0,0,0,0,0,3136,0,0,0,0,,interval_arithmetic=3136
57,2,lp,lower,1568,83,0.08345491299999996,0.08044195175170898,1048,0,0,83,0,0,0,666,0,819,OPTIMAL=83,interval_proves_cutoff=666;lower_skipped_by_nonpositive_upper=819
57,2,lp,upper,1568,88,0.10196377899999998,0.09197878837585449,1286,0,0,88,0,0,0,814,666,0,OPTIMAL=88,interval_proves_cutoff=814;upper_skipped_by_nonnegative_interval_lower=666
57,3,lp,lower,100,1,0.005389296,0.00532221794128418,215,0,0,1,0,0,0,8,0,91,OPTIMAL=1,interval_proves_cutoff=8;lower_skipped_by_nonpositive_upper=91
57,3,lp,upper,100,1,0.004709336,0.00453639030456543,178,0,0,1,0,0,0,91,8,0,OPTIMAL=1,interval_proves_cutoff=91;upper_skipped_by_nonnegative_interval_lower=8
58,0,lp,lower,9,9,0.026625448,0.02612924575805664,757,0,0,9,0,0,0,0,0,0,OPTIMAL=9,
58,0,lp,upper,9,9,0.02961835,0.02901601791381836,906,0,0,9,0,0,0,0,0,0,OPTIMAL=9,
58,1,interval_arithmetic,lower,3136,0,0.0,0.0,0,0,0,0,0,838,0,0,0,2298,,interval_arithmetic=838;lower_skipped_by_nonpositive_upper=2298
58,1,interval_arithmetic,upper,3136,0,0.0,0.0,0,0,0,0,0,3136,0,0,0,0,,interval_arithmetic=3136
58,2,lp,lower,1568,61,0.05427390400000001,0.05212259292602539,435,0,0,61,0,0,0,632,0,875,OPTIMAL=61,interval_proves_cutoff=632;lower_skipped_by_nonpositive_upper=875
58,2,lp,upper,1568,61,0.061415010999999985,0.05314159393310547,556,0,0,61,0,0,0,875,632,0,OPTIMAL=61,interval_proves_cutoff=875;upper_skipped_by_nonnegative_interval_lower=632
58,3,lp,lower,100,0,0.0,0.0,0,0,0,0,0,0,0,9,0,91,,interval_proves_cutoff=9;lower_skipped_by_nonpositive_upper=91
58,3,lp,upper,100,0,0.0,0.0,0,0,0,0,0,0,0,91,9,0,,interval_proves_cutoff=91;upper_skipped_by_nonnegative_interval_lower=9
59,0,lp,lower,9,9,0.071379668,0.07071089744567871,1569,0,0,9,0,0,0,0,0,0,OPTIMAL=9,
59,0,lp,upper,9,9,0.08604553100000001,0.08533811569213867,1775,0,0,9,0,0,0,0,0,0,OPTIMAL=9,
59,1,interval_arithmetic,lower,3136,0,0.0,0.0,0,0,0,0,0,922,0,0,0,2214,,interval_arithmetic=922;lower_skipped_by_nonpositive_upper=2214
59,1,interval_arithmetic,upper,3136,0,0.0,0.0,0,0,0,0,0,3136,0,0,0,0,,interval_arithmetic=3136
59,2,lp,lower,1568,90,0.09155784600000001,0.08803057670593262,1476,0,0,90,0,0,0,656,0,822,OPTIMAL=90,interval_proves_cutoff=656;lower_skipped_by_nonpositive_upper=822
59,2,lp,upper,1568,92,0.10424862700000001,0.09395217895507812,1638,0,0,92,0,0,0,820,656,0,OPTIMAL=92,interval_proves_cutoff=820;upper_skipped_by_nonnegative_interval_lower=656
59,3,lp,lower,100,1,0.007189047,0.00712275505065918,266,0,0,1,0,0,0,8,0,91,OPTIMAL=1,interval_proves_cutoff=8;lower_skipped_by_nonpositive_upper=91
59,3,lp,upper,100,1,0.005024104,0.004914045333862305,211,0,0,1,0,0,0,91,8,0,OPTIMAL=1,interval_proves_cutoff=91;upper_skipped_by_nonnegative_interval_lower=8
60,0,lp,lower,9,9,0.047115339000000006,0.04639410972595215,1266,0,0,9,0,0,0,0,0,0,OPTIMAL=9,
60,0,lp,upper,9,9,0.052386085,0.051697492599487305,1365,0,0,9,0,0,0,0,0,0,OPTIMAL=9,
60,1,interval_arithmetic,lower,3136,0,0.0,0.0,0,0,0,0,0,870,0,0,0,2266,,interval_arithmetic=870;lower_skipped_by_nonpositive_upper=2266
60,1,interval_arithmetic,upper,3136,0,0.0,0.0,0,0,0,0,0,3136,0,0,0,0,,interval_arithmetic=3136
60,2,lp,lower,1568,91,0.099477327,0.09613275527954102,1585,0,0,91,0,0,0,635,0,842,OPTIMAL=91,interval_proves_cutoff=635;lower_skipped_by_nonpositive_upper=842
60,2,lp,upper,1568,100,0.12365344299999996,0.11337947845458984,1895,0,0,100,0,0,0,833,635,0,OPTIMAL=100,interval_proves_cutoff=833;upper_skipped_by_nonnegative_interval_lower=635
60,3,lp,lower,100,2,0.012812922000000001,0.012679576873779297,324,0,0,2,0,0,0,7,0,91,OPTIMAL=2,interval_proves_cutoff=7;lower_skipped_by_nonpositive_upper=91
60,3,lp,upper,100,2,0.008768187,0.008574485778808594,333,0,0,2,0,0,0,91,7,0,OPTIMAL=2,interval_proves_cutoff=91;upper_skipped_by_nonnegative_interval_lower=7
61,0,lp,lower,9,9,0.024313381000000002,0.023759126663208008,701,0,0,9,0,0,0,0,0,0,OPTIMAL=9,
61,0,lp,upper,9,9,0.027325097,0.026710033416748047,737,0,0,9,0,0,0,0,0,0,OPTIMAL=9,
61,1,interval_arithmetic,lower,3136,0,0.0,0.0,0,0,0,0,0,892,0,0,0,2244,,interval_arithmetic=892;lower_skipped_by_nonpositive_upper=2244
61,1,interval_arithmetic,upper,3136,0,0.0,0.0,0,0,0,0,0,3136,0,0,0,0,,interval_arithmetic=3136
61,2,lp,lower,1568,70,0.06181649300000002,0.05940437316894531,272,0,0,70,0,0,0,663,0,835,OPTIMAL=70,interval_proves_cutoff=663;lower_skipped_by_nonpositive_upper=835
61,2,lp,upper,1568,70,0.06652742399999999,0.05763816833496094,384,0,0,70,0,0,0,835,663,0,OPTIMAL=70,interval_proves_cutoff=835;upper_skipped_by_nonnegative_interval_lower=663
61,3,lp,lower,100,1,0.003334618,0.0032625198364257812,152,0,0,1,0,0,0,7,0,92,OPTIMAL=1,interval_proves_cutoff=7;lower_skipped_by_nonpositive_upper=92
61,3,lp,upper,100,1,0.003384462,0.0032701492309570312,108,0,0,1,0,0,0,92,7,0,OPTIMAL=1,interval_proves_cutoff=92;upper_skipped_by_nonnegative_interval_lower=7
62,0,lp,lower,9,9,0.052658314,0.05192375183105469,1440,0,0,9,0,0,0,0,0,0,OPTIMAL=9,
62,0,lp,upper,9,9,0.05544899300000001,0.05467391014099121,1510,0,0,9,0,0,0,0,0,0,OPTIMAL=9,
62,1,interval_arithmetic,lower,3136,0,0.0,0.0,0,0,0,0,0,945,0,0,0,2191,,interval_arithmetic=945;lower_skipped_by_nonpositive_upper=2191
62,1,interval_arithmetic,upper,3136,0,0.0,0.0,0,0,0,0,0,3136,0,0,0,0,,interval_arithmetic=3136
62,2,lp,lower,1568,107,0.12167543100000003,0.11743640899658203,1698,0,0,107,0,0,0,659,0,802,OPTIMAL=107,interval_proves_cutoff=659;lower_skipped_by_nonpositive_upper=802
62,2,lp,upper,1568,113,0.132816653,0.12099838256835938,1834,0,0,113,0,0,0,796,659,0,OPTIMAL=113,interval_proves_cutoff=796;upper_skipped_by_nonnegative_interval_lower=659
62,3,lp,lower,100,0,0.0,0.0,0,0,0,0,0,0,0,9,0,91,,interval_proves_cutoff=9;lower_skipped_by_nonpositive_upper=91
62,3,lp,upper,100,0,0.0,0.0,0,0,0,0,0,0,0,91,9,0,,interval_proves_cutoff=91;upper_skipped_by_nonnegative_interval_lower=9
63,0,lp,lower,9,9,0.077769425,0.07708454132080078,1573,0,0,9,0,0,0,0,0,0,OPTIMAL=9,
63,0,lp,upper,9,9,0.07178259099999999,0.07092833518981934,1605,0,0,9,0,0,0,0,0,0,OPTIMAL=9,
63,1,interval_arithmetic,lower,3136,0,0.0,0.0,0,0,0,0,0,876,0,0,0,2260,,interval_arithmetic=876;lower_skipped_by_nonpositive_upper=2260
63,1,interval_arithmetic,upper,3136,0,0.0,0.0,0,0,0,0,0,3136,0,0,0,0,,interval_arithmetic=3136
63,2,lp,lower,1568,123,0.12217731899999998,0.11762499809265137,1513,0,0,123,0,0,0,620,0,825,OPTIMAL=123,interval_proves_cutoff=620;lower_skipped_by_nonpositive_upper=825
63,2,lp,upper,1568,127,0.13599655300000008,0.12511348724365234,1666,0,0,127,0,0,0,821,620,0,OPTIMAL=127,interval_proves_cutoff=821;upper_skipped_by_nonnegative_interval_lower=620
63,3,lp,lower,100,0,0.0,0.0,0,0,0,0,0,0,0,9,0,91,,interval_proves_cutoff=9;lower_skipped_by_nonpositive_upper=91
63,3,lp,upper,100,0,0.0,0.0,0,0,0,0,0,0,0,91,9,0,,interval_proves_cutoff=91;upper_skipped_by_nonnegative_interval_lower=9
64,0,lp,lower,9,9,0.049718016,0.04904985427856445,1445,0,0,9,0,0,0,0,0,0,OPTIMAL=9,
64,0,lp,upper,9,9,0.053595500000000004,0.052756547927856445,1578,0,0,9,0,0,0,0,0,0,OPTIMAL=9,
64,1,interval_arithmetic,lower,3136,0,0.0,0.0,0,0,0,0,0,908,0,0,0,2228,,interval_arithmetic=908;lower_skipped_by_nonpositive_upper=2228
64,1,interval_arithmetic,upper,3136,0,0.0,0.0,0,0,0,0,0,3136,0,0,0,0,,interval_arithmetic=3136
64,2,lp,lower,1568,100,0.11077104300000001,0.1069037914276123,1535,0,0,100,0,0,0,650,0,818,OPTIMAL=100,interval_proves_cutoff=650;lower_skipped_by_nonpositive_upper=818
64,2,lp,upper,1568,104,0.125642687,0.11488699913024902,1640,0,0,104,0,0,0,814,650,0,OPTIMAL=104,interval_proves_cutoff=814;upper_skipped_by_nonnegative_interval_lower=650
64,3,lp,lower,100,0,0.0,0.0,0,0,0,0,0,0,0,9,0,91,,interval_proves_cutoff=9;lower_skipped_by_nonpositive_upper=91
64,3,lp,upper,100,0,0.0,0.0,0,0,0,0,0,0,0,91,9,0,,interval_proves_cutoff=91;upper_skipped_by_nonnegative_interval_lower=9
65,0,lp,lower,9,9,0.058617023,0.05779695510864258,1508,0,0,9,0,0,0,0,0,0,OPTIMAL=9,
65,0,lp,upper,9,9,0.068267665,0.06736111640930176,1547,0,0,9,0,0,0,0,0,0,OPTIMAL=9,
65,1,interval_arithmetic,lower,3136,0,0.0,0.0,0,0,0,0,0,942,0,0,0,2194,,interval_arithmetic=942;lower_skipped_by_nonpositive_upper=2194
65,1,interval_arithmetic,upper,3136,0,0.0,0.0,0,0,0,0,0,3136,0,0,0,0,,interval_arithmetic=3136
65,2,lp,lower,1568,109,0.12439805400000001,0.12021136283874512,1420,0,0,109,0,0,0,671,0,788,OPTIMAL=109,interval_proves_cutoff=671;lower_skipped_by_nonpositive_upper=788
65,2,lp,upper,1568,113,0.13736263299999996,0.12665009498596191,1651,0,0,113,0,0,0,784,671,0,OPTIMAL=113,interval_proves_cutoff=784;upper_skipped_by_nonnegative_interval_lower=671
65,3,lp,lower,100,2,0.013459811,0.01327371597290039,356,0,0,2,0,0,0,7,0,91,OPTIMAL=2,interval_proves_cutoff=7;lower_skipped_by_nonpositive_upper=91
65,3,lp,upper,100,2,0.014062436,0.013826847076416016,424,0,0,2,0,0,0,91,7,0,OPTIMAL=2,interval_proves_cutoff=91;upper_skipped_by_nonnegative_interval_lower=7
66,0,lp,lower,9,9,0.07262284299999999,0.07181787490844727,1480,0,0,9,0,0,0,0,0,0,OPTIMAL=9,
66,0,lp,upper,9,9,0.065345954,0.06459522247314453,1430,0,0,9,0,0,0,0,0,0,OPTIMAL=9,
66,1,interval_arithmetic,lower,3136,0,0.0,0.0,0,0,0,0,0,865,0,0,0,2271,,interval_arithmetic=865;lower_skipped_by_nonpositive_upper=2271
66,1,interval_arithmetic,upper,3136,0,0.0,0.0,0,0,0,0,0,3136,0,0,0,0,,interval_arithmetic=3136
66,2,lp,lower,1568,122,0.11295940399999997,0.10846900939941406,1274,0,0,122,0,0,0,604,0,842,OPTIMAL=122,interval_proves_cutoff=604;lower_skipped_by_nonpositive_upper=842
66,2,lp,upper,1568,122,0.12297524599999994,0.11235690116882324,1456,0,0,122,0,0,0,842,604,0,OPTIMAL=122,interval_proves_cutoff=842;upper_skipped_by_nonnegative_interval_lower=604
66,3,lp,lower,100,0,0.0,0.0,0,0,0,0,0,0,0,9,0,91,,interval_proves_cutoff=9;lower_skipped_by_nonpositive_upper=91
66,3,lp,upper,100,0,0.0,0.0,0,0,0,0,0,0,0,91,9,0,,interval_proves_cutoff=91;upper_skipped_by_nonnegative_interval_lower=9
67,0,lp,lower,9,9,0.117512048,0.11667919158935547,2069,0,0,9,0,0,0,0,0,0,OPTIMAL=9,
67,0,lp,upper,9,9,0.108440263,0.1075601577758789,2035,0,0,9,0,0,0,0,0,0,OPTIMAL=9,
67,1,interval_arithmetic,lower,3136,0,0.0,0.0,0,0,0,0,0,926,0,0,0,2210,,interval_arithmetic=926;lower_skipped_by_nonpositive_upper=2210
67,1,interval_arithmetic,upper,3136,0,0.0,0.0,0,0,0,0,0,3136,0,0,0,0,,interval_arithmetic=3136
67,2,lp,lower,1568,111,0.12728697500000002,0.12315940856933594,2079,0,0,111,0,0,0,648,0,809,OPTIMAL=111,interval_proves_cutoff=648;lower_skipped_by_nonpositive_upper=809
67,2,lp,upper,1568,120,0.14748481400000008,0.13611292839050293,2249,0,0,120,0,0,0,800,648,0,OPTIMAL=120,interval_proves_cutoff=800;upper_skipped_by_nonnegative_interval_lower=648
67,3,lp,lower,100,2,0.01666391,0.01648569107055664,388,0,0,2,0,0,0,7,0,91,OPTIMAL=2,interval_proves_cutoff=7;lower_skipped_by_nonpositive_upper=91
67,3,lp,upper,100,2,0.013574616,0.013364315032958984,451,0,0,2,0,0,0,91,7,0,OPTIMAL=2,interval_proves_cutoff=91;upper_skipped_by_nonnegative_interval_lower=7
68,0,lp,lower,9,9,0.053167941999999996,0.052488088607788086,1410,0,0,9,0,0,0,0,0,0,OPTIMAL=9,
68,0,lp,upper,9,9,0.050811418000000004,0.05014371871948242,1416,0,0,9,0,0,0,0,0,0,OPTIMAL=9,
68,1,interval_arithmetic,lower,3136,0,0.0,0.0,0,0,0,0,0,913,0,0,0,2223,,interval_arithmetic=913;lower_skipped_by_nonpositive_upper=2223
68,1,interval_arithmetic,upper,3136,0,0.0,0.0,0,0,0,0,0,3136,0,0,0,0,,interval_arithmetic=3136
68,2,lp,lower,1568,108,0.11318634999999996,0.10912203788757324,1504,0,0,108,0,0,0,657,0,803,OPTIMAL=108,interval_proves_cutoff=657;lower_skipped_by_nonpositive_upper=803
68,2,lp,upper,1568,117,0.13161527599999998,0.12053132057189941,1670,0,0,117,0,0,0,794,657,0,OPTIMAL=117,interval_proves_cutoff=794;upper_skipped_by_nonnegative_interval_lower=657
68,3,lp,lower,100,1,0.007426706,0.0073528289794921875,293,0,0,1,0,0,0,8,0,91,OPTIMAL=1,interval_proves_cutoff=8;lower_skipped_by_nonpositive_upper=91
68,3,lp,upper,100,1,0.00507084,0.004953145980834961,224,0,0,1,0,0,0,91,8,0,OPTIMAL=1,interval_proves_cutoff=91;upper_skipped_by_nonnegative_interval_lower=8
69,0,lp,lower,9,9,0.036654327,0.03603315353393555,1046,0,0,9,0,0,0,0,0,0,OPTIMAL=9,
69,0,lp,upper,9,9,0.036583484,0.03592944145202637,962,0,0,9,0,0,0,0,0,0,OPTIMAL=9,
69,1,interval_arithmetic,lower,3136,0,0.0,0.0,0,0,0,0,0,931,0,0,0,2205,,interval_arithmetic=931;lower_skipped_by_nonpositive_upper=2205
69,1,interval_arithmetic,upper,3136,0,0.0,0.0,0,0,0,0,0,3136,0,0,0,0,,interval_arithmetic=3136
69,2,lp,lower,1568,86,0.07780355700000004,0.07474803924560547,404,0,0,86,0,0,0,686,0,796,OPTIMAL=86,interval_proves_cutoff=686;lower_skipped_by_nonpositive_upper=796
69,2,lp,upper,1568,86,0.08392599800000003,0.07454609870910645,389,0,0,86,0,0,0,796,686,0,OPTIMAL=86,interval_proves_cutoff=796;upper_skipped_by_nonnegative_interval_lower=686
69,3,lp,lower,100,1,0.003908793,0.003832101821899414,187,0,0,1,0,0,0,8,0,91,OPTIMAL=1,interval_proves_cutoff=8;lower_skipped_by_nonpositive_upper=91
69,3,lp,upper,100,1,0.003785752,0.003669261932373047,164,0,0,1,0,0,0,91,8,0,OPTIMAL=1,interval_proves_cutoff=91;upper_skipped_by_nonnegative_interval_lower=8
70,0,lp,lower,9,9,0.057735896,0.05691242218017578,1432,0,0,9,0,0,0,0,0,0,OPTIMAL=9,
70,0,lp,upper,9,9,0.054389904,0.053568363189697266,1434,0,0,9,0,0,0,0,0,0,OPTIMAL=9,
70,1,interval_arithmetic,lower,3136,0,0.0,0.0,0,0,0,0,0,937,0,0,0,2199,,interval_arithmetic=937;lower_skipped_by_nonpositive_upper=2199
70,1,interval_arithmetic,upper,3136,0,0.0,0.0,0,0,0,0,0,3136,0,0,0,0,,interval_arithmetic=3136
70,2,lp,lower,1568,97,0.11134029,0.10748553276062012,1381,0,0,97,0,0,0,682,0,789,OPTIMAL=97,interval_proves_cutoff=682;lower_skipped_by_nonpositive_upper=789
70,2,lp,upper,1568,103,0.13194778899999995,0.12151503562927246,1585,0,0,103,0,0,0,783,682,0,OPTIMAL=103,interval_proves_cutoff=783;upper_skipped_by_nonnegative_interval_lower=682
70,3,lp,lower,100,1,0.006461716,0.006376504898071289,272,0,0,1,0,0,0,8,0,91,OPTIMAL=1,interval_proves_cutoff=8;lower_skipped_by_nonpositive_upper=91
70,3,lp,upper,100,1,0.005499891,0.005358457565307617,205,0,0,1,0,0,0,91,8,0,OPTIMAL=1,interval_proves_cutoff=91;upper_skipped_by_nonnegative_interval_lower=8
71,0,lp,lower,9,9,0.033756920999999995,0.03313016891479492,1070,0,0,9,0,0,0,0,0,0,OPTIMAL=9,
71,0,lp,upper,9,9,0.033307420000000004,0.032596588134765625,1068,0,0,9,0,0,0,0,0,0,OPTIMAL=9,
71,1,interval_arithmetic,lower,3136,0,0.0,0.0,0,0,0,0,0,906,0,0,0,2230,,interval_arithmetic=906;lower_skipped_by_nonpositive_upper=2230
71,1,interval_arithmetic,upper,3136,0,0.0,0.0,0,0,0,0,0,3136,0,0,0,0,,interval_arithmetic=3136
71,2,lp,lower,1568,69,0.06822548299999998,0.06547760963439941,845,0,0,69,0,0,0,661,0,838,OPTIMAL=69,interval_proves_cutoff=661;lower_skipped_by_nonpositive_upper=838
71,2,lp,upper,1568,78,0.08700106,0.0774078369140625,1078,0,0,78,0,0,0,829,661,0,OPTIMAL=78,interval_proves_cutoff=829;upper_skipped_by_nonnegative_interval_lower=661
71,3,lp,lower,100,0,0.0,0.0,0,0,0,0,0,0,0,8,0,92,,interval_proves_cutoff=8;lower_skipped_by_nonpositive_upper=92
71,3,lp,upper,100,0,0.0,0.0,0,0,0,0,0,0,0,92,8,0,,interval_proves_cutoff=92;upper_skipped_by_nonnegative_interval_lower=8
72,0,lp,lower,9,9,0.04006166,0.039458274841308594,1334,0,0,9,0,0,0,0,0,0,OPTIMAL=9,
72,0,lp,upper,9,9,0.041335888999999994,0.040611982345581055,1399,0,0,9,0,0,0,0,0,0,OPTIMAL=9,
72,1,interval_arithmetic,lower,3136,0,0.0,0.0,0,0,0,0,0,968,0,0,0,2168,,interval_arithmetic=968;lower_skipped_by_nonpositive_upper=2168
72,1,interval_arithmetic,upper,3136,0,0.0,0.0,0,0,0,0,0,3136,0,0,0,0,,interval_arithmetic=3136
72,2,lp,lower,1568,94,0.09962569600000004,0.0961465835571289,818,0,0,94,0,0,0,688,0,786,OPTIMAL=94,interval_proves_cutoff=688;lower_skipped_by_nonpositive_upper=786
72,2,lp,upper,1568,105,0.12457653700000001,0.11439990997314453,1089,0,0,105,0,0,0,775,688,0,OPTIMAL=105,interval_proves_cutoff=775;upper_skipped_by_nonnegative_interval_lower=688
72,3,lp,lower,100,0,0.0,0.0,0,0,0,0,0,0,0,8,0,92,,interval_proves_cutoff=8;lower_skipped_by_nonpositive_upper=92
72,3,lp,upper,100,1,0.004891766,0.0047740936279296875,211,0,0,1,0,0,0,91,8,0,OPTIMAL=1,interval_proves_cutoff=91;upper_skipped_by_nonnegative_interval_lower=8
73,0,lp,lower,9,9,0.07244500400000001,0.0716559886932373,1726,0,0,9,0,0,0,0,0,0,OPTIMAL=9,
73,0,lp,upper,9,9,0.06958054399999998,0.06879734992980957,1728,0,0,9,0,0,0,0,0,0,OPTIMAL=9,
73,1,interval_arithmetic,lower,3136,0,0.0,0.0,0,0,0,0,0,931,0,0,0,2205,,interval_arithmetic=931;lower_skipped_by_nonpositive_upper=2205
73,1,interval_arithmetic,upper,3136,0,0.0,0.0,0,0,0,0,0,3136,0,0,0,0,,interval_arithmetic=3136
73,2,lp,lower,1568,108,0.12613939999999998,0.12193560600280762,1623,0,0,108,0,0,0,679,0,781,OPTIMAL=108,interval_proves_cutoff=679;lower_skipped_by_nonpositive_upper=781
73,2,lp,upper,1568,114,0.14300223600000006,0.13176465034484863,1708,0,0,114,0,0,0,775,679,0,OPTIMAL=114,interval_proves_cutoff=775;upper_skipped_by_nonnegative_interval_lower=679
73,3,lp,lower,100,1,0.007669419,0.007566928863525391,300,0,0,1,0,0,0,8,0,91,OPTIMAL=1,interval_proves_cutoff=8;lower_skipped_by_nonpositive_upper=91
73,3,lp,upper,100,1,0.006485339,0.006360292434692383,229,0,0,1,0,0,0,91,8,0,OPTIMAL=1,interval_proves_cutoff=91;upper_skipped_by_nonnegative_interval_lower=8
74,0,lp,lower,9,9,0.027841014,0.02733016014099121,928,0,0,9,0,0,0,0,0,0,OPTIMAL=9,
74,0,lp,upper,9,9,0.029399370999999997,0.028798580169677734,878,0,0,9,0,0,0,0,0,0,OPTIMAL=9,
74,1,interval_arithmetic,lower,3136,0,0.0,0.0,0,0,0,0,0,910,0,0,0,2226,,interval_arithmetic=910;lower_skipped_by_nonpositive_upper=2226
74,1,interval_arithmetic,upper,3136,0,0.0,0.0,0,0,0,0,0,3136,0,0,0,0,,interval_arithmetic=3136
74,2,lp,lower,1568,61,0.06078295600000001,0.05842733383178711,634,0,0,61,0,0,0,652,0,855,OPTIMAL=61,interval_proves_cutoff=652;lower_skipped_by_nonpositive_upper=855
74,2,lp,upper,1568,63,0.072609166,0.06371641159057617,740,0,0,63,0,0,0,853,652,0,OPTIMAL=63,interval_proves_cutoff=853;upper_skipped_by_nonnegative_interval_lower=652
74,3,lp,lower,100,1,0.003669917,0.00359344482421875,163,0,0,1,0,0,0,8,0,91,OPTIMAL=1,interval_proves_cutoff=8;lower_skipped_by_nonpositive_upper=91
74,3,lp,upper,100,1,0.003609885,0.0034911632537841797,147,0,0,1,0,0,0,91,8,0,OPTIMAL=1,interval_proves_cutoff=91;upper_skipped_by_nonnegative_interval_lower=8
75,0,lp,lower,9,9,0.04928832799999999,0.04859614372253418,1162,0,0,9,0,0,0,0,0,0,OPTIMAL=9,
75,0,lp,upper,9,9,0.051454619,0.050717830657958984,1153,0,0,9,0,0,0,0,0,0,OPTIMAL=9,
75,1,interval_arithmetic,lower,3136,0,0.0,0.0,0,0,0,0,0,859,0,0,0,2277,,interval_arithmetic=859;lower_skipped_by_nonpositive_upper=2277
75,1,interval_arithmetic,upper,3136,0,0.0,0.0,0,0,0,0,0,3136,0,0,0,0,,interval_arithmetic=3136
75,2,lp,lower,1568,56,0.050639071000000015,0.04865860939025879,502,0,0,56,0,0,0,653,0,859,OPTIMAL=56,interval_proves_cutoff=653;lower_skipped_by_nonpositive_upper=859
75,2,lp,upper,1568,59,0.063135546,0.05486178398132324,662,0,0,59,0,0,0,856,653,0,OPTIMAL=59,interval_proves_cutoff=856;upper_skipped_by_nonnegative_interval_lower=653
75,3,lp,lower,100,2,0.006551643,0.006439685821533203,200,0,0,2,0,0,0,7,0,91,OPTIMAL=2,interval_proves_cutoff=7;lower_skipped_by_nonpositive_upper=91
75,3,lp,upper,100,2,0.007125863,0.0069582462310791016,244,0,0,2,0,0,0,91,7,0,OPTIMAL=2,interval_proves_cutoff=91;upper_skipped_by_nonnegative_interval_lower=7
76,0,lp,lower,9,9,0.07590271400000001,0.07502603530883789,1545,0,0,9,0,0,0,0,0,0,OPTIMAL=9,
76,0,lp,upper,9,9,0.09514472999999998,0.09424877166748047,1793,0,0,9,0,0,0,0,0,0,OPTIMAL=9,
76,1,interval_arithmetic,lower,3136,0,0.0,0.0,0,0,0,0,0,912,0,0,0,2224,,interval_arithmetic=912;lower_skipped_by_nonpositive_upper=2224
76,1,interval_arithmetic,upper,3136,0,0.0,0.0,0,0,0,0,0,3136,0,0,0,0,,interval_arithmetic=3136
76,2,lp,lower,1568,107,0.11563398199999994,0.11164641380310059,1597,0,0,107,0,0,0,653,0,808,OPTIMAL=107,interval_proves_cutoff=653;lower_skipped_by_nonpositive_upper=808
76,2,lp,upper,1568,113,0.149736986,0.1273350715637207,1932,0,0,113,0,0,0,802,653,0,OPTIMAL=113,interval_proves_cutoff=802;upper_skipped_by_nonnegative_interval_lower=653
76,3,lp,lower,100,2,0.016948910999999997,0.016776561737060547,395,0,0,2,0,0,0,7,0,91,OPTIMAL=2,interval_proves_cutoff=7;lower_skipped_by_nonpositive_upper=91
76,3,lp,upper,100,2,0.012377973,0.012165069580078125,421,0,0,2,0,0,0,91,7,0,OPTIMAL=2,interval_proves_cutoff=91;upper_skipped_by_nonnegative_interval_lower=7
77,0,lp,lower,9,9,0.107835437,0.10697007179260254,1980,0,0,9,0,0,0,0,0,0,OPTIMAL=9,
77,0,lp,upper,9,9,0.117069275,0.11616134643554688,2019,0,0,9,0,0,0,0,0,0,OPTIMAL=9,
77,1,interval_arithmetic,lower,3136,0,0.0,0.0,0,0,0,0,0,899,0,0,0,2237,,interval_arithmetic=899;lower_skipped_by_nonpositive_upper=2237
77,1,interval_arithmetic,upper,3136,0,0.0,0.0,0,0,0,0,0,3136,0,0,0,0,,interval_arithmetic=3136
77,2,lp,lower,1568,107,0.117828348,0.11370229721069336,1789,0,0,107,0,0,0,652,0,809,OPTIMAL=107,interval_proves_cutoff=652;lower_skipped_by_nonpositive_upper=809
77,2,lp,upper,1568,114,0.138388577,0.1266651153564453,2022,0,0,114,0,0,0,802,652,0,OPTIMAL=114,interval_proves_cutoff=802;upper_skipped_by_nonnegative_interval_lower=652
77,3,lp,lower,100,2,0.012679846,0.012511968612670898,313,0,0,2,0,0,0,7,0,91,OPTIMAL=2,interval_proves_cutoff=7;lower_skipped_by_nonpositive_upper=91
77,3,lp,upper,100,2,0.017974314999999998,0.01777029037475586,465,0,0,2,0,0,0,91,7,0,OPTIMAL=2,interval_proves_cutoff=91;upper_skipped_by_nonnegative_interval_lower=7
78,0,lp,lower,9,9,0.07638871600000001,0.07563161849975586,1800,0,0,9,0,0,0,0,0,0,OPTIMAL=9,
78,0,lp,upper,9,9,0.075624581,0.07483506202697754,1877,0,0,9,0,0,0,0,0,0,OPTIMAL=9,
78,1,interval_arithmetic,lower,3136,0,0.0,0.0,0,0,0,0,0,892,0,0,0,2244,,interval_arithmetic=892;lower_skipped_by_nonpositive_upper=2244
78,1,interval_arithmetic,upper,3136,0,0.0,0.0,0,0,0,0,0,3136,0,0,0,0,,interval_arithmetic=3136
78,2,lp,lower,1568,120,0.12862679999999996,0.12413978576660156,1635,0,0,120,0,0,0,652,0,796,OPTIMAL=120,interval_proves_cutoff=652;lower_skipped_by_nonpositive_upper=796
78,2,lp,upper,1568,125,0.149723987,0.13832569122314453,1916,0,0,125,0,0,0,791,652,0,OPTIMAL=125,interval_proves_cutoff=791;upper_skipped_by_nonnegative_interval_lower=652
78,3,lp,lower,100,0,0.0,0.0,0,0,0,0,0,0,0,9,0,91,,interval_proves_cutoff=9;lower_skipped_by_nonpositive_upper=91
78,3,lp,upper,100,0,0.0,0.0,0,0,0,0,0,0,0,91,9,0,,interval_proves_cutoff=91;upper_skipped_by_nonnegative_interval_lower=9
79,0,lp,lower,9,9,0.040140459,0.03960561752319336,1203,0,0,9,0,0,0,0,0,0,OPTIMAL=9,
79,0,lp,upper,9,9,0.044659462999999996,0.0440218448638916,1295,0,0,9,0,0,0,0,0,0,OPTIMAL=9,
79,1,interval_arithmetic,lower,3136,0,0.0,0.0,0,0,0,0,0,895,0,0,0,2241,,interval_arithmetic=895;lower_skipped_by_nonpositive_upper=2241
79,1,interval_arithmetic,upper,3136,0,0.0,0.0,0,0,0,0,0,3136,0,0,0,0,,interval_arithmetic=3136
79,2,lp,lower,1568,80,0.08052446899999999,0.0774695873260498,1113,0,0,80,0,0,0,633,0,855,OPTIMAL=80,interval_proves_cutoff=633;lower_skipped_by_nonpositive_upper=855
79,2,lp,upper,1568,84,0.093739018,0.08402538299560547,1226,0,0,84,0,0,0,851,633,0,OPTIMAL=84,interval_proves_cutoff=851;upper_skipped_by_nonnegative_interval_lower=633
79,3,lp,lower,100,1,0.004849718,0.004773139953613281,219,0,0,1,0,0,0,8,0,91,OPTIMAL=1,interval_proves_cutoff=8;lower_skipped_by_nonpositive_upper=91
79,3,lp,upper,100,1,0.005250105,0.005140066146850586,209,0,0,1,0,0,0,91,8,0,OPTIMAL=1,interval_proves_cutoff=91;upper_skipped_by_nonnegative_interval_lower=8
80,0,lp,lower,9,9,0.031208197,0.030643939971923828,1054,0,0,9,0,0,0,0,0,0,OPTIMAL=9,
80,0,lp,upper,9,9,0.035944553,0.03525590896606445,1167,0,0,9,0,0,0,0,0,0,OPTIMAL=9,
80,1,interval_arithmetic,lower,3136,0,0.0,0.0,0,0,0,0,0,958,0,0,0,2178,,interval_arithmetic=958;lower_skipped_by_nonpositive_upper=2178
80,1,interval_arithmetic,upper,3136,0,0.0,0.0,0,0,0,0,0,3136,0,0,0,0,,interval_arithmetic=3136
80,2,lp,lower,1568,74,0.07428010700000001,0.07155156135559082,797,0,0,74,0,0,0,674,0,820,OPTIMAL=74,interval_proves_cutoff=674;lower_skipped_by_nonpositive_upper=820
80,2,lp,upper,1568,77,0.08828995899999997,0.07887816429138184,892,0,0,77,0,0,0,817,674,0,OPTIMAL=77,interval_proves_cutoff=817;upper_skipped_by_nonnegative_interval_lower=674
80,3,lp,lower,100,0,0.0,0.0,0,0,0,0,0,0,0,9,0,91,,interval_proves_cutoff=9;lower_skipped_by_nonpositive_upper=91
80,3,lp,upper,100,0,0.0,0.0,0,0,0,0,0,0,0,91,9,0,,interval_proves_cutoff=91;upper_skipped_by_nonnegative_interval_lower=9
81,0,lp,lower,9,9,0.031619715,0.031119585037231445,867,0,0,9,0,0,0,0,0,0,OPTIMAL=9,
81,0,lp,upper,9,9,0.034018971,0.03346824645996094,820,0,0,9,0,0,0,0,0,0,OPTIMAL=9,
81,1,interval_arithmetic,lower,3136,0,0.0,0.0,0,0,0,0,0,873,0,0,0,2263,,interval_arithmetic=873;lower_skipped_by_nonpositive_upper=2263
81,1,interval_arithmetic,upper,3136,0,0.0,0.0,0,0,0,0,0,3136,0,0,0,0,,interval_arithmetic=3136
81,2,lp,lower,1568,57,0.051913236,0.0498960018157959,549,0,0,57,0,0,0,667,0,844,OPTIMAL=57,interval_proves_cutoff=667;lower_skipped_by_nonpositive_upper=844
81,2,lp,upper,1568,62,0.06769264699999998,0.05905914306640625,665,0,0,62,0,0,0,839,667,0,OPTIMAL=62,interval_proves_cutoff=839;upper_skipped_by_nonnegative_interval_lower=667
81,3,lp,lower,100,1,0.003261966,0.0031986236572265625,148,0,0,1,0,0,0,8,0,91,OPTIMAL=1,interval_proves_cutoff=8;lower_skipped_by_nonpositive_upper=91
81,3,lp,upper,100,1,0.003653076,0.0035474300384521484,132,0,0,1,0,0,0,91,8,0,OPTIMAL=1,interval_proves_cutoff=91;upper_skipped_by_nonnegative_interval_lower=8
82,0,lp,lower,9,9,0.041950786999999996,0.041352033615112305,1070,0,0,9,0,0,0,0,0,0,OPTIMAL=9,
82,0,lp,upper,9,9,0.04180599,0.04114961624145508,1135,0,0,9,0,0,0,0,0,0,OPTIMAL=9,
82,1,interval_arithmetic,lower,3136,0,0.0,0.0,0,0,0,0,0,911,0,0,0,2225,,interval_arithmetic=911;lower_skipped_by_nonpositive_upper=2225
82,1,interval_arithmetic,upper,3136,0,0.0,0.0,0,0,0,0,0,3136,0,0,0,0,,interval_arithmetic=3136
82,2,lp,lower,1568,74,0.07254553700000001,0.06992220878601074,961,0,0,74,0,0,0,672,0,822,OPTIMAL=74,interval_proves_cutoff=672;lower_skipped_by_nonpositive_upper=822
82,2,lp,upper,1568,75,0.083512402,0.0741424560546875,1070,0,0,75,0,0,0,821,672,0,OPTIMAL=75,interval_proves_cutoff=821;upper_skipped_by_nonnegative_interval_lower=672
82,3,lp,lower,100,1,0.005136873,0.005059480667114258,213,0,0,1,0,0,0,8,0,91,OPTIMAL=1,interval_proves_cutoff=8;lower_skipped_by_nonpositive_upper=91
82,3,lp,upper,100,1,0.004171543,0.003996372222900391,175,0,0,1,0,0,0,91,8,0,OPTIMAL=1,interval_proves_cutoff=91;upper_skipped_by_nonnegative_interval_lower=8
83,0,lp,lower,9,9,0.04283567,0.04223799705505371,1427,0,0,9,0,0,0,0,0,0,OPTIMAL=9,
83,0,lp,upper,9,9,0.044366234,0.04368233680725098,1402,0,0,9,0,0,0,0,0,0,OPTIMAL=9,
83,1,interval_arithmetic,lower,3136,0,0.0,0.0,0,0,0,0,0,942,0,0,0,2194,,interval_arithmetic=942;lower_skipped_by_nonpositive_upper=2194
83,1,interval_arithmetic,upper,3136,0,0.0,0.0,0,0,0,0,0,3136,0,0,0,0,,interval_arithmetic=3136
83,2,lp,lower,1568,98,0.10315483399999996,0.09950375556945801,1346,0,0,98,0,0,0,685,0,785,OPTIMAL=98,interval_proves_cutoff=685;lower_skipped_by_nonpositive_upper=785
83,2,lp,upper,1568,103,0.12035199100000002,0.10976743698120117,1493,0,0,103,0,0,0,780,685,0,OPTIMAL=103,interval_proves_cutoff=780;upper_skipped_by_nonnegative_interval_lower=685
83,3,lp,lower,100,0,0.0,0.0,0,0,0,0,0,0,0,8,0,92,,interval_proves_cutoff=8;lower_skipped_by_nonpositive_upper=92
83,3,lp,upper,100,1,0.005344551,0.005159854888916016,217,0,0,1,0,0,0,91,8,0,OPTIMAL=1,interval_proves_cutoff=91;upper_skipped_by_nonnegative_interval_lower=8
84,0,lp,lower,9,9,0.04285227,0.04233098030090332,1111,0,0,9,0,0,0,0,0,0,OPTIMAL=9,
84,0,lp,upper,9,9,0.044693918,0.04407382011413574,1155,0,0,9,0,0,0,0,0,0,OPTIMAL=9,
84,1,interval_arithmetic,lower,3136,0,0.0,0.0,0,0,0,0,0,882,0,0,0,2254,,interval_arithmetic=882;lower_skipped_by_nonpositive_upper=2254
84,1,interval_arithmetic,upper,3136,0,0.0,0.0,0,0,0,0,0,3136,0,0,0,0,,interval_arithmetic=3136
84,2,lp,lower,1568,72,0.07333567699999995,0.0706484317779541,817,0,0,72,0,0,0,653,0,843,OPTIMAL=72,interval_proves_cutoff=653;lower_skipped_by_nonpositive_upper=843
84,2,lp,upper,1568,77,0.08993828000000001,0.08085823059082031,1038,0,0,77,0,0,0,838,653,0,OPTIMAL=77,interval_proves_cutoff=838;upper_skipped_by_nonnegative_interval_lower=653
84,3,lp,lower,100,1,0.005395967,0.005324840545654297,201,0,0,1,0,0,0,8,0,91,OPTIMAL=1,interval_proves_cutoff=8;lower_skipped_by_nonpositive_upper=91
84,3,lp,upper,100,1,0.00470079,0.004590749740600586,191,0,0,1,0,0,0,91,8,0,OPTIMAL=1,interval_proves_cutoff=91;upper_skipped_by_nonnegative_interval_lower=8
85,0,lp,lower,9,9,0.061889791,0.06124138832092285,1611,0,0,9,0,0,0,0,0,0,OPTIMAL=9,
85,0,lp,upper,9,9,0.07118019400000002,0.07041716575622559,1764,0,0,9,0,0,0,0,0,0,OPTIMAL=9,
85,1,interval_arithmetic,lower,3136,0,0.0,0.0,0,0,0,0,0,952,0,0,0,2184,,interval_arithmetic=952;lower_skipped_by_nonpositive_upper=2184
85,1,interval_arithmetic,upper,3136,0,0.0,0.0,0,0,0,0,0,3136,0,0,0,0,,interval_arithmetic=3136
85,2,lp,lower,1568,106,0.13764100799999995,0.1334083080291748,2724,0,0,106,0,0,0,664,0,798,OPTIMAL=106,interval_proves_cutoff=664;lower_skipped_by_nonpositive_upper=798
85,2,lp,upper,1568,122,0.17185628999999986,0.1600642204284668,3180,0,0,122,0,0,0,782,664,0,OPTIMAL=122,interval_proves_cutoff=782;upper_skipped_by_nonnegative_interval_lower=664
85,3,lp,lower,100,1,0.009109035,0.00902247428894043,324,0,0,1,0,0,0,8,0,91,OPTIMAL=1,interval_proves_cutoff=8;lower_skipped_by_nonpositive_upper=91
85,3,lp,upper,100,1,0.008249752,0.008115291595458984,266,0,0,1,0,0,0,91,8,0,OPTIMAL=1,interval_proves_cutoff=91;upper_skipped_by_nonnegative_interval_lower=8
86,0,lp,lower,9,9,0.050782056000000006,0.05015754699707031,1263,0,0,9,0,0,0,0,0,0,OPTIMAL=9,
86,0,lp,upper,9,9,0.050403853,0.04963970184326172,1288,0,0,9,0,0,0,0,0,0,OPTIMAL=9,
86,1,interval_arithmetic,lower,3136,0,0.0,0.0,0,0,0,0,0,947,0,0,0,2189,,interval_arithmetic=947;lower_skipped_by_nonpositive_upper=2189
86,1,interval_arithmetic,upper,3136,0,0.0,0.0,0,0,0,0,0,3136,0,0,0,0,,interval_arithmetic=3136
86,2,lp,lower,1568,89,0.09571891399999996,0.09244918823242188,1143,0,0,89,0,0,0,669,0,810,OPTIMAL=89,interval_proves_cutoff=669;lower_skipped_by_nonpositive_upper=810
86,2,lp,upper,1568,93,0.11137082699999995,0.10119342803955078,1259,0,0,93,0,0,0,806,669,0,OPTIMAL=93,interval_proves_cutoff=806;upper_skipped_by_nonnegative_interval_lower=669
86,3,lp,lower,100,2,0.01007127,0.009945869445800781,278,0,0,2,0,0,0,7,0,91,OPTIMAL=2,interval_proves_cutoff=7;lower_skipped_by_nonpositive_upper=91
86,3,lp,upper,100,2,0.009987925,0.009802579879760742,350,0,0,2,0,0,0,91,7,0,OPTIMAL=2,interval_proves_cutoff=91;upper_skipped_by_nonnegative_interval_lower=7
87,0,lp,lower,9,9,0.059931185,0.05910634994506836,1302,0,0,9,0,0,0,0,0,0,OPTIMAL=9,
87,0,lp,upper,9,9,0.062351160999999995,0.06154799461364746,1287,0,0,9,0,0,0,0,0,0,OPTIMAL=9,
87,1,interval_arithmetic,lower,3136,0,0.0,0.0,0,0,0,0,0,908,0,0,0,2228,,interval_arithmetic=908;lower_skipped_by_nonpositive_upper=2228
87,1,interval_arithmetic,upper,3136,0,0.0,0.0,0,0,0,0,0,3136,0,0,0,0,,interval_arithmetic=3136
87,2,lp,lower,1568,75,0.07595165300000004,0.07324838638305664,955,0,0,75,0,0,0,652,0,841,OPTIMAL=75,interval_proves_cutoff=652;lower_skipped_by_nonpositive_upper=841
87,2,lp,upper,1568,81,0.092365993,0.08265948295593262,1149,0,0,81,0,0,0,835,652,0,OPTIMAL=81,interval_proves_cutoff=835;upper_skipped_by_nonnegative_interval_lower=652
87,3,lp,lower,100,2,0.008142632,0.007990598678588867,252,0,0,2,0,0,0,7,0,91,OPTIMAL=2,interval_proves_cutoff=7;lower_skipped_by_nonpositive_upper=91
87,3,lp,upper,100,2,0.007636568,0.007451295852661133,267,0,0,2,0,0,0,91,7,0,OPTIMAL=2,interval_proves_cutoff=91;upper_skipped_by_nonnegative_interval_lower=7
88,0,lp,lower,9,9,0.057467909,0.056684017181396484,1447,0,0,9,0,0,0,0,0,0,OPTIMAL=9,
88,0,lp,upper,9,9,0.0694053,0.06851983070373535,1648,0,0,9,0,0,0,0,0,0,OPTIMAL=9,
88,1,interval_arithmetic,lower,3136,0,0.0,0.0,0,0,0,0,0,932,0,0,0,2204,,interval_arithmetic=932;lower_skipped_by_nonpositive_upper=2204
88,1,interval_arithmetic,upper,3136,0,0.0,0.0,0,0,0,0,0,3136,0,0,0,0,,interval_arithmetic=3136
88,2,lp,lower,1568,93,0.10023030899999999,0.09661102294921875,1206,0,0,93,0,0,0,668,0,807,OPTIMAL=93,interval_proves_cutoff=668;lower_skipped_by_nonpositive_upper=807
88,2,lp,upper,1568,99,0.11721692900000003,0.10647153854370117,1430,0,0,99,0,0,0,801,668,0,OPTIMAL=99,interval_proves_cutoff=801;upper_skipped_by_nonnegative_interval_lower=668
88,3,lp,lower,100,1,0.00670477,0.006615161895751953,268,0,0,1,0,0,0,7,0,92,OPTIMAL=1,interval_proves_cutoff=7;lower_skipped_by_nonpositive_upper=92
88,3,lp,upper,100,2,0.00959958,0.00940251350402832,382,0,0,2,0,0,0,91,7,0,OPTIMAL=2,interval_proves_cutoff=91;upper_skipped_by_nonnegative_interval_lower=7
89,0,lp,lower,9,9,0.123392113,0.12238788604736328,2249,0,0,9,0,0,0,0,0,0,OPTIMAL=9,
89,0,lp,upper,9,9,0.10565704499999999,0.10475492477416992,2042,0,0,9,0,0,0,0,0,0,OPTIMAL=9,
89,1,interval_arithmetic,lower,3136,0,0.0,0.0,0,0,0,0,0,932,0,0,0,2204,,interval_arithmetic=932;lower_skipped_by_nonpositive_upper=2204
89,1,interval_arithmetic,upper,3136,0,0.0,0.0,0,0,0,0,0,3136,0,0,0,0,,interval_arithmetic=3136
89,2,lp,lower,1568,118,0.12523490999999995,0.12068533897399902,1636,0,0,118,0,0,0,658,0,792,OPTIMAL=118,interval_proves_cutoff=658;lower_skipped_by_nonpositive_upper=792
89,2,lp,upper,1568,119,0.15001128099999997,0.12649178504943848,1782,0,0,119,0,0,0,791,658,0,OPTIMAL=119,interval_proves_cutoff=791;upper_skipped_by_nonnegative_interval_lower=658
89,3,lp,lower,100,2,0.012528214,0.01234126091003418,344,0,0,2,0,0,0,7,0,91,OPTIMAL=2,interval_proves_cutoff=7;lower_skipped_by_nonpositive_upper=91
89,3,lp,upper,100,2,0.014152455,0.013926267623901367,468,0,0,2,0,0,0,91,7,0,OPTIMAL=2,interval_proves_cutoff=91;upper_skipped_by_nonnegative_interval_lower=7
90,0,lp,lower,9,9,0.021020897999999996,0.020550012588500977,626,0,0,9,0,0,0,0,0,0,OPTIMAL=9,
90,0,lp,upper,9,9,0.020289512,0.01973724365234375,613,0,0,9,0,0,0,0,0,0,OPTIMAL=9,
90,1,interval_arithmetic,lower,3136,0,0.0,0.0,0,0,0,0,0,858,0,0,0,2278,,interval_arithmetic=858;lower_skipped_by_nonpositive_upper=2278
90,1,interval_arithmetic,upper,3136,0,0.0,0.0,0,0,0,0,0,3136,0,0,0,0,,interval_arithmetic=3136
90,2,lp,lower,1568,54,0.046769661000000004,0.04472661018371582,444,0,0,54,0,0,0,635,0,879,OPTIMAL=54,interval_proves_cutoff=635;lower_skipped_by_nonpositive_upper=879
90,2,lp,upper,1568,59,0.06018424800000001,0.05142688751220703,519,0,0,59,0,0,0,874,635,0,OPTIMAL=59,interval_proves_cutoff=874;upper_skipped_by_nonnegative_interval_lower=635
90,3,lp,lower,100,0,0.0,0.0,0,0,0,0,0,0,0,8,0,92,,interval_proves_cutoff=8;lower_skipped_by_nonpositive_upper=92
90,3,lp,upper,100,0,0.0,0.0,0,0,0,0,0,0,0,92,8,0,,interval_proves_cutoff=92;upper_skipped_by_nonnegative_interval_lower=8
91,0,lp,lower,9,9,0.068715431,0.06798887252807617,1374,0,0,9,0,0,0,0,0,0,OPTIMAL=9,
91,0,lp,upper,9,9,0.06740812,0.0665733814239502,1444,0,0,9,0,0,0,0,0,0,OPTIMAL=9,
91,1,interval_arithmetic,lower,3136,0,0.0,0.0,0,0,0,0,0,920,0,0,0,2216,,interval_arithmetic=920;lower_skipped_by_nonpositive_upper=2216
91,1,interval_arithmetic,upper,3136,0,0.0,0.0,0,0,0,0,0,3136,0,0,0,0,,interval_arithmetic=3136
91,2,lp,lower,1568,84,0.08831712699999997,0.08512759208679199,879,0,0,84,0,0,0,674,0,810,OPTIMAL=84,interval_proves_cutoff=674;lower_skipped_by_nonpositive_upper=810
91,2,lp,upper,1568,85,0.10013164499999999,0.09050369262695312,933,0,0,85,0,0,0,809,674,0,OPTIMAL=85,interval_proves_cutoff=809;upper_skipped_by_nonnegative_interval_lower=674
91,3,lp,lower,100,1,0.006432847,0.006344795227050781,230,0,0,1,0,0,0,8,0,91,OPTIMAL=1,interval_proves_cutoff=8;lower_skipped_by_nonpositive_upper=91
91,3,lp,upper,100,1,0.005350647,0.005223274230957031,191,0,0,1,0,0,0,91,8,0,OPTIMAL=1,interval_proves_cutoff=91;upper_skipped_by_nonnegative_interval_lower=8
92,0,lp,lower,9,9,0.07348721000000001,0.07271146774291992,1574,0,0,9,0,0,0,0,0,0,OPTIMAL=9,
92,0,lp,upper,9,9,0.07713273400000001,0.07632017135620117,1610,0,0,9,0,0,0,0,0,0,OPTIMAL=9,
92,1,interval_arithmetic,lower,3136,0,0.0,0.0,0,0,0,0,0,908,0,0,0,2228,,interval_arithmetic=908;lower_skipped_by_nonpositive_upper=2228
92,1,interval_arithmetic,upper,3136,0,0.0,0.0,0,0,0,0,0,3136,0,0,0,0,,interval_arithmetic=3136
92,2,lp,lower,1568,106,0.10822121200000001,0.10415339469909668,1747,0,0,106,0,0,0,646,0,816,OPTIMAL=106,interval_proves_cutoff=646;lower_skipped_by_nonpositive_upper=816
92,2,lp,upper,1568,115,0.12770794900000002,0.11687827110290527,1995,0,0,115,0,0,0,807,646,0,OPTIMAL=115,interval_proves_cutoff=807;upper_skipped_by_nonnegative_interval_lower=646
92,3,lp,lower,100,2,0.012914875999999999,0.012738227844238281,341,0,0,2,0,0,0,7,0,91,OPTIMAL=2,interval_proves_cutoff=7;lower_skipped_by_nonpositive_upper=91
92,3,lp,upper,100,2,0.013309793,0.013096332550048828,406,0,0,2,0,0,0,91,7,0,OPTIMAL=2,interval_proves_cutoff=91;upper_skipped_by_nonnegative_interval_lower=7
93,0,lp,lower,9,9,0.08767910899999999,0.08688759803771973,1870,0,0,9,0,0,0,0,0,0,OPTIMAL=9,
93,0,lp,upper,9,9,0.074541927,0.0737924575805664,1587,0,0,9,0,0,0,0,0,0,OPTIMAL=9,
93,1,interval_arithmetic,lower,3136,0,0.0,0.0,0,0,0,0,0,890,0,0,0,2246,,interval_arithmetic=890;lower_skipped_by_nonpositive_upper=2246
93,1,interval_arithmetic,upper,3136,0,0.0,0.0,0,0,0,0,0,3136,0,0,0,0,,interval_arithmetic=3136
93,2,lp,lower,1568,115,0.13313374000000003,0.12880635261535645,2322,0,0,115,0,0,0,615,0,838,OPTIMAL=115,interval_proves_cutoff=615;lower_skipped_by_nonpositive_upper=838
93,2,lp,upper,1568,130,0.16407687100000004,0.15248489379882812,2667,0,0,130,0,0,0,823,615,0,OPTIMAL=130,interval_proves_cutoff=823;upper_skipped_by_nonnegative_interval_lower=615
93,3,lp,lower,100,1,0.008879995,0.008813142776489258,274,0,0,1,0,0,0,8,0,91,OPTIMAL=1,interval_proves_cutoff=8;lower_skipped_by_nonpositive_upper=91
93,3,lp,upper,100,1,0.007483308,0.007363796234130859,270,0,0,1,0,0,0,91,8,0,OPTIMAL=1,interval_proves_cutoff=91;upper_skipped_by_nonnegative_interval_lower=8
94,0,lp,lower,9,9,0.029992474999999998,0.029439687728881836,973,0,0,9,0,0,0,0,0,0,OPTIMAL=9,
94,0,lp,upper,9,9,0.032135152,0.03143906593322754,993,0,0,9,0,0,0,0,0,0,OPTIMAL=9,
94,1,interval_arithmetic,lower,3136,0,0.0,0.0,0,0,0,0,0,929,0,0,0,2207,,interval_arithmetic=929;lower_skipped_by_nonpositive_upper=2207
94,1,interval_arithmetic,upper,3136,0,0.0,0.0,0,0,0,0,0,3136,0,0,0,0,,interval_arithmetic=3136
94,2,lp,lower,1568,77,0.07708410699999999,0.07422614097595215,699,0,0,77,0,0,0,662,0,829,OPTIMAL=77,interval_proves_cutoff=662;lower_skipped_by_nonpositive_upper=829
94,2,lp,upper,1568,79,0.089674993,0.08018612861633301,764,0,0,79,0,0,0,827,662,0,OPTIMAL=79,interval_proves_cutoff=827;upper_skipped_by_nonnegative_interval_lower=662
94,3,lp,lower,100,1,0.004760135,0.004668712615966797,181,0,0,1,0,0,0,8,0,91,OPTIMAL=1,interval_proves_cutoff=8;lower_skipped_by_nonpositive_upper=91
94,3,lp,upper,100,1,0.004610556,0.0044939517974853516,173,0,0,1,0,0,0,91,8,0,OPTIMAL=1,interval_proves_cutoff=91;upper_skipped_by_nonnegative_interval_lower=8
95,0,lp,lower,9,9,0.025559988999999998,0.025080442428588867,810,0,0,9,0,0,0,0,0,0,OPTIMAL=9,
95,0,lp,upper,9,9,0.025228941,0.02464437484741211,779,0,0,9,0,0,0,0,0,0,OPTIMAL=9,
95,1,interval_arithmetic,lower,3136,0,0.0,0.0,0,0,0,0,0,880,0,0,0,2256,,interval_arithmetic=880;lower_skipped_by_nonpositive_upper=2256
95,1,interval_arithmetic,upper,3136,0,0.0,0.0,0,0,0,0,0,3136,0,0,0,0,,interval_arithmetic=3136
95,2,lp,lower,1568,50,0.047792902,0.04600024223327637,455,0,0,50,0,0,0,650,0,868,OPTIMAL=50,interval_proves_cutoff=650;lower_skipped_by_nonpositive_upper=868
95,2,lp,upper,1568,54,0.060374092000000004,0.05227804183959961,606,0,0,54,0,0,0,864,650,0,OPTIMAL=54,interval_proves_cutoff=864;upper_skipped_by_nonnegative_interval_lower=650
95,3,lp,lower,100,0,0.0,0.0,0,0,0,0,0,0,0,9,0,91,,interval_proves_cutoff=9;lower_skipped_by_nonpositive_upper=91
95,3,lp,upper,100,0,0.0,0.0,0,0,0,0,0,0,0,91,9,0,,interval_proves_cutoff=91;upper_skipped_by_nonnegative_interval_lower=9
96,0,lp,lower,9,9,0.054747371999999996,0.05394625663757324,1393,0,0,9,0,0,0,0,0,0,OPTIMAL=9,
96,0,lp,upper,9,9,0.047321631,0.046553850173950195,1350,0,0,9,0,0,0,0,0,0,OPTIMAL=9,
96,1,interval_arithmetic,lower,3136,0,0.0,0.0,0,0,0,0,0,963,0,0,0,2173,,interval_arithmetic=963;lower_skipped_by_nonpositive_upper=2173
96,1,interval_arithmetic,upper,3136,0,0.0,0.0,0,0,0,0,0,3136,0,0,0,0,,interval_arithmetic=3136
96,2,lp,lower,1568,108,0.11830965699999997,0.11409187316894531,1525,0,0,108,0,0,0,661,0,799,OPTIMAL=108,interval_proves_cutoff=661;lower_skipped_by_nonpositive_upper=799
96,2,lp,upper,1568,112,0.13401719099999998,0.12309670448303223,1654,0,0,112,0,0,0,795,661,0,OPTIMAL=112,interval_proves_cutoff=795;upper_skipped_by_nonnegative_interval_lower=661
96,3,lp,lower,100,0,0.0,0.0,0,0,0,0,0,0,0,9,0,91,,interval_proves_cutoff=9;lower_skipped_by_nonpositive_upper=91
96,3,lp,upper,100,0,0.0,0.0,0,0,0,0,0,0,0,91,9,0,,interval_proves_cutoff=91;upper_skipped_by_nonnegative_interval_lower=9
97,0,lp,lower,9,9,0.039578806,0.03895258903503418,1059,0,0,9,0,0,0,0,0,0,OPTIMAL=9,
97,0,lp,upper,9,9,0.039461866,0.03869986534118652,1059,0,0,9,0,0,0,0,0,0,OPTIMAL=9,
97,1,interval_arithmetic,lower,3136,0,0.0,0.0,0,0,0,0,0,855,0,0,0,2281,,interval_arithmetic=855;lower_skipped_by_nonpositive_upper=2281
97,1,interval_arithmetic,upper,3136,0,0.0,0.0,0,0,0,0,0,3136,0,0,0,0,,interval_arithmetic=3136
97,2,lp,lower,1568,69,0.06770406600000001,0.0651710033416748,892,0,0,69,0,0,0,617,0,882,OPTIMAL=69,interval_proves_cutoff=617;lower_skipped_by_nonpositive_upper=882
97,2,lp,upper,1568,74,0.08373923000000003,0.07461285591125488,1142,0,0,74,0,0,0,877,617,0,OPTIMAL=74,interval_proves_cutoff=877;upper_skipped_by_nonnegative_interval_lower=617
97,3,lp,lower,100,0,0.0,0.0,0,0,0,0,0,0,0,9,0,91,,interval_proves_cutoff=9;lower_skipped_by_nonpositive_upper=91
97,3,lp,upper,100,0,0.0,0.0,0,0,0,0,0,0,0,91,9,0,,interval_proves_cutoff=91;upper_skipped_by_nonnegative_interval_lower=9
98,0,lp,lower,9,9,0.06523821499999999,0.06439900398254395,1536,0,0,9,0,0,0,0,0,0,OPTIMAL=9,
98,0,lp,upper,9,9,0.08652763599999999,0.08562016487121582,1662,0,0,9,0,0,0,0,0,0,OPTIMAL=9,
98,1,interval_arithmetic,lower,3136,0,0.0,0.0,0,0,0,0,0,930,0,0,0,2206,,interval_arithmetic=930;lower_skipped_by_nonpositive_upper=2206
98,1,interval_arithmetic,upper,3136,0,0.0,0.0,0,0,0,0,0,3136,0,0,0,0,,interval_arithmetic=3136
98,2,lp,lower,1568,114,0.119367861,0.11505246162414551,1309,0,0,114,0,0,0,656,0,798,OPTIMAL=114,interval_proves_cutoff=656;lower_skipped_by_nonpositive_upper=798
98,2,lp,upper,1568,116,0.136578667,0.12553930282592773,1580,0,0,116,0,0,0,796,656,0,OPTIMAL=116,interval_proves_cutoff=796;upper_skipped_by_nonnegative_interval_lower=656
98,3,lp,lower,100,1,0.006930313,0.006853580474853516,290,0,0,1,0,0,0,8,0,91,OPTIMAL=1,interval_proves_cutoff=8;lower_skipped_by_nonpositive_upper=91
98,3,lp,upper,100,1,0.005938419,0.005811929702758789,242,0,0,1,0,0,0,91,8,0,OPTIMAL=1,interval_proves_cutoff=91;upper_skipped_by_nonnegative_interval_lower=8
99,0,lp,lower,9,9,0.050609196,0.04978370666503906,1362,0,0,9,0,0,0,0,0,0,OPTIMAL=9,
99,0,lp,upper,9,9,0.05356409699999999,0.052779197692871094,1395,0,0,9,0,0,0,0,0,0,OPTIMAL=9,
99,1,interval_arithmetic,lower,3136,0,0.0,0.0,0,0,0,0,0,911,0,0,0,2225,,interval_arithmetic=911;lower_skipped_by_nonpositive_upper=2225
99,1,interval_arithmetic,upper,3136,0,0.0,0.0,0,0,0,0,0,3136,0,0,0,0,,interval_arithmetic=3136
99,2,lp,lower,1568,93,0.102209495,0.09849810600280762,1403,0,0,93,0,0,0,669,0,806,OPTIMAL=93,interval_proves_cutoff=669;lower_skipped_by_nonpositive_upper=806
99,2,lp,upper,1568,101,0.12119376200000005,0.11053609848022461,1790,0,0,101,0,0,0,798,669,0,OPTIMAL=101,interval_proves_cutoff=798;upper_skipped_by_nonnegative_interval_lower=669
99,3,lp,lower,100,1,0.00492232,0.004834890365600586,237,0,0,1,0,0,0,8,0,91,OPTIMAL=1,interval_proves_cutoff=8;lower_skipped_by_nonpositive_upper=91
99,3,lp,upper,100,1,0.005883577,0.005764961242675781,206,0,0,1,0,0,0,91,8,0,OPTIMAL=1,interval_proves_cutoff=91;upper_skipped_by_nonnegative_interval_lower=8
100,0,lp,lower,9,9,0.043419514000000006,0.042694807052612305,1155,0,0,9,0,0,0,0,0,0,OPTIMAL=9,
100,0,lp,upper,9,9,0.040974454,0.04021906852722168,1249,0,0,9,0,0,0,0,0,0,OPTIMAL=9,
100,1,interval_arithmetic,lower,3136,0,0.0,0.0,0,0,0,0,0,927,0,0,0,2209,,interval_arithmetic=927;lower_skipped_by_nonpositive_upper=2209
100,1,interval_arithmetic,upper,3136,0,0.0,0.0,0,0,0,0,0,3136,0,0,0,0,,interval_arithmetic=3136
100,2,lp,lower,1568,75,0.08150031099999999,0.07854843139648438,1003,0,0,75,0,0,0,665,0,828,OPTIMAL=75,interval_proves_cutoff=665;lower_skipped_by_nonpositive_upper=828
100,2,lp,upper,1568,83,0.09765882300000003,0.0878603458404541,1226,0,0,83,0,0,0,820,665,0,OPTIMAL=83,interval_proves_cutoff=820;upper_skipped_by_nonnegative_interval_lower=665
100,3,lp,lower,100,0,0.0,0.0,0,0,0,0,0,0,0,9,0,91,,interval_proves_cutoff=9;lower_skipped_by_nonpositive_upper=91
100,3,lp,upper,100,0,0.0,0.0,0,0,0,0,0,0,0,91,9,0,,interval_proves_cutoff=91;upper_skipped_by_nonnegative_interval_lower=9
101,0,lp,lower,9,9,0.100786352,0.09991860389709473,2014,0,0,9,0,0,0,0,0,0,OPTIMAL=9,
101,0,lp,upper,9,9,0.12591861199999999,0.12491226196289062,2312,0,0,9,0,0,0,0,0,0,OPTIMAL=9,
101,1,interval_arithmetic,lower,3136,0,0.0,0.0,0,0,0,0,0,916,0,0,0,2220,,interval_arithmetic=916;lower_skipped_by_nonpositive_upper=2220
101,1,interval_arithmetic,upper,3136,0,0.0,0.0,0,0,0,0,0,3136,0,0,0,0,,interval_arithmetic=3136
101,2,lp,lower,1568,131,0.152111525,0.14680695533752441,2453,0,0,131,0,0,0,649,0,788,OPTIMAL=131,interval_proves_cutoff=649;lower_skipped_by_nonpositive_upper=788
101,2,lp,upper,1568,139,0.16918745300000007,0.15701580047607422,2625,0,0,139,0,0,0,780,649,0,OPTIMAL=139,interval_proves_cutoff=780;upper_skipped_by_nonnegative_interval_lower=649
101,3,lp,lower,100,2,0.017585778,0.017316341400146484,397,0,0,2,0,0,0,7,0,91,OPTIMAL=2,interval_proves_cutoff=7;lower_skipped_by_nonpositive_upper=91
101,3,lp,upper,100,2,0.021448739,0.021212339401245117,531,0,0,2,0,0,0,91,7,0,OPTIMAL=2,interval_proves_cutoff=91;upper_skipped_by_nonnegative_interval_lower=7
102,0,lp,lower,9,9,0.092409975,0.09143948554992676,1897,0,0,9,0,0,0,0,0,0,OPTIMAL=9,
102,0,lp,upper,9,9,0.12240217800000001,0.12146282196044922,2205,0,0,9,0,0,0,0,0,0,OPTIMAL=9,
102,1,interval_arithmetic,lower,3136,0,0.0,0.0,0,0,0,0,0,936,0,0,0,2200,,interval_arithmetic=936;lower_skipped_by_nonpositive_upper=2200
102,1,interval_arithmetic,upper,3136,0,0.0,0.0,0,0,0,0,0,3136,0,0,0,0,,interval_arithmetic=3136
102,2,lp,lower,1568,118,0.133962248,0.1291184425354004,1692,0,0,118,0,0,0,672,0,778,OPTIMAL=118,interval_proves_cutoff=672;lower_skipped_by_nonpositive_upper=778
102,2,lp,upper,1568,126,0.14885023900000005,0.13686466217041016,1971,0,0,126,0,0,0,770,672,0,OPTIMAL=126,interval_proves_cutoff=770;upper_skipped_by_nonnegative_interval_lower=672
102,3,lp,lower,100,1,0.008728036,0.008633852005004883,337,0,0,1,0,0,0,8,0,91,OPTIMAL=1,interval_proves_cutoff=8;lower_skipped_by_nonpositive_upper=91
102,3,lp,upper,100,1,0.008352305,0.008135557174682617,289,0,0,1,0,0,0,91,8,0,OPTIMAL=1,interval_proves_cutoff=91;upper_skipped_by_nonnegative_interval_lower=8
103,0,lp,lower,9,9,0.09520039,0.09440779685974121,1834,0,0,9,0,0,0,0,0,0,OPTIMAL=9,
103,0,lp,upper,9,9,0.101108384,0.10023808479309082,1810,0,0,9,0,0,0,0,0,0,OPTIMAL=9,
103,1,interval_arithmetic,lower,3136,0,0.0,0.0,0,0,0,0,0,935,0,0,0,2201,,interval_arithmetic=935;lower_skipped_by_nonpositive_upper=2201
103,1,interval_arithmetic,upper,3136,0,0.0,0.0,0,0,0,0,0,3136,0,0,0,0,,interval_arithmetic=3136
103,2,lp,lower,1568,122,0.13162629900000006,0.12699079513549805,1909,0,0,122,0,0,0,662,0,784,OPTIMAL=122,interval_proves_cutoff=662;lower_skipped_by_nonpositive_upper=784
103,2,lp,upper,1568,133,0.15548978999999996,0.1436448097229004,2228,0,0,133,0,0,0,773,662,0,OPTIMAL=133,interval_proves_cutoff=773;upper_skipped_by_nonnegative_interval_lower=662
103,3,lp,lower,100,2,0.01448622,0.014327287673950195,362,0,0,2,0,0,0,7,0,91,OPTIMAL=2,interval_proves_cutoff=7;lower_skipped_by_nonpositive_upper=91
103,3,lp,upper,100,2,0.013231709,0.01304006576538086,413,0,0,2,0,0,0,91,7,0,OPTIMAL=2,interval_proves_cutoff=91;upper_skipped_by_nonnegative_interval_lower=7
104,0,lp,lower,9,9,0.061997394000000004,0.06121087074279785,1415,0,0,9,0,0,0,0,0,0,OPTIMAL=9,
104,0,lp,upper,9,9,0.075374955,0.07453465461730957,1504,0,0,9,0,0,0,0,0,0,OPTIMAL=9,
104,1,interval_arithmetic,lower,3136,0,0.0,0.0,0,0,0,0,0,912,0,0,0,2224,,interval_arithmetic=912;lower_skipped_by_nonpositive_upper=2224
104,1,interval_arithmetic,upper,3136,0,0.0,0.0,0,0,0,0,0,3136,0,0,0,0,,interval_arithmetic=3136
104,2,lp,lower,1568,109,0.10781461299999996,0.10377311706542969,1507,0,0,109,0,0,0,665,0,794,OPTIMAL=109,interval_proves_cutoff=665;lower_skipped_by_nonpositive_upper=794
104,2,lp,upper,1568,116,0.12593012599999998,0.11487889289855957,1753,0,0,116,0,0,0,787,665,0,OPTIMAL=116,interval_proves_cutoff=787;upper_skipped_by_nonnegative_interval_lower=665
104,3,lp,lower,100,2,0.01195125,0.011800527572631836,316,0,0,2,0,0,0,7,0,91,OPTIMAL=2,interval_proves_cutoff=7;lower_skipped_by_nonpositive_upper=91
104,3,lp,upper,100,2,0.014099208,0.01389622688293457,421,0,0,2,0,0,0,91,7,0,OPTIMAL=2,interval_proves_cutoff=91;upper_skipped_by_nonnegative_interval_lower=7
105,0,lp,lower,9,9,0.030798027,0.030190467834472656,897,0,0,9,0,0,0,0,0,0,OPTIMAL=9,
105,0,lp,upper,9,9,0.031263361,0.030704736709594727,1023,0,0,9,0,0,0,0,0,0,OPTIMAL=9,
105,1,interval_arithmetic,lower,3136,0,0.0,0.0,0,0,0,0,0,903,0,0,0,2233,,interval_arithmetic=903;lower_skipped_by_nonpositive_upper=2233
105,1,interval_arithmetic,upper,3136,0,0.0,0.0,0,0,0,0,0,3136,0,0,0,0,,interval_arithmetic=3136
105,2,lp,lower,1568,68,0.068569873,0.06604266166687012,784,0,0,68,0,0,0,652,0,848,OPTIMAL=68,interval_proves_cutoff=652;lower_skipped_by_nonpositive_upper=848
105,2,lp,upper,1568,80,0.09130573699999996,0.08193707466125488,1027,0,0,80,0,0,0,836,652,0,OPTIMAL=80,interval_proves_cutoff=836;upper_skipped_by_nonnegative_interval_lower=652
105,3,lp,lower,100,0,0.0,0.0,0,0,0,0,0,0,0,9,0,91,,interval_proves_cutoff=9;lower_skipped_by_nonpositive_upper=91
105,3,lp,upper,100,0,0.0,0.0,0,0,0,0,0,0,0,91,9,0,,interval_proves_cutoff=91;upper_skipped_by_nonnegative_interval_lower=9
106,0,lp,lower,9,9,0.046455669,0.04570126533508301,1277,0,0,9,0,0,0,0,0,0,OPTIMAL=9,
106,0,lp,upper,9,9,0.047527973,0.04674220085144043,1390,0,0,9,0,0,0,0,0,0,OPTIMAL=9,
106,1,interval_arithmetic,lower,3136,0,0.0,0.0,0,0,0,0,0,894,0,0,0,2242,,interval_arithmetic=894;lower_skipped_by_nonpositive_upper=2242
106,1,interval_arithmetic,upper,3136,0,0.0,0.0,0,0,0,0,0,3136,0,0,0,0,,interval_arithmetic=3136
106,2,lp,lower,1568,105,0.11650376000000003,0.11255955696105957,1862,0,0,105,0,0,0,652,0,811,OPTIMAL=105,interval_proves_cutoff=652;lower_skipped_by_nonpositive_upper=811
106,2,lp,upper,1568,114,0.136184609,0.12558794021606445,1863,0,0,114,0,0,0,802,652,0,OPTIMAL=114,interval_proves_cutoff=802;upper_skipped_by_nonnegative_interval_lower=652
106,3,lp,lower,100,0,0.0,0.0,0,0,0,0,0,0,0,9,0,91,,interval_proves_cutoff=9;lower_skipped_by_nonpositive_upper=91
106,3,lp,upper,100,0,0.0,0.0,0,0,0,0,0,0,0,91,9,0,,interval_proves_cutoff=91;upper_skipped_by_nonnegative_interval_lower=9
107,0,lp,lower,9,9,0.08258088000000001,0.08166337013244629,1912,0,0,9,0,0,0,0,0,0,OPTIMAL=9,
107,0,lp,upper,9,9,0.08856221900000001,0.0875701904296875,1949,0,0,9,0,0,0,0,0,0,OPTIMAL=9,
107,1,interval_arithmetic,lower,3136,0,0.0,0.0,0,0,0,0,0,951,0,0,0,2185,,interval_arithmetic=951;lower_skipped_by_nonpositive_upper=2185
107,1,interval_arithmetic,upper,3136,0,0.0,0.0,0,0,0,0,0,3136,0,0,0,0,,interval_arithmetic=3136
107,2,lp,lower,1568,137,0.16507120899999994,0.15931105613708496,2222,0,0,137,0,0,0,662,0,769,OPTIMAL=137,interval_proves_cutoff=662;lower_skipped_by_nonpositive_upper=769
107,2,lp,upper,1568,146,0.18949816099999997,0.17666363716125488,2433,0,0,146,0,0,0,760,662,0,OPTIMAL=146,interval_proves_cutoff=760;upper_skipped_by_nonnegative_interval_lower=662
107,3,lp,lower,100,2,0.017178223,0.01695537567138672,426,0,0,2,0,0,0,7,0,91,OPTIMAL=2,interval_proves_cutoff=7;lower_skipped_by_nonpositive_upper=91
107,3,lp,upper,100,2,0.015994594,0.01575446128845215,487,0,0,2,0,0,0,91,7,0,OPTIMAL=2,interval_proves_cutoff=91;upper_skipped_by_nonnegative_interval_lower=7
108,0,lp,lower,9,9,0.028971295999999997,0.028303861618041992,745,0,0,9,0,0,0,0,0,0,OPTIMAL=9,
108,0,lp,upper,9,9,0.027093316,0.0264432430267334,711,0,0,9,0,0,0,0,0,0,OPTIMAL=9,
108,1,interval_arithmetic,lower,3136,0,0.0,0.0,0,0,0,0,0,854,0,0,0,2282,,interval_arithmetic=854;lower_skipped_by_nonpositive_upper=2282
108,1,interval_arithmetic,upper,3136,0,0.0,0.0,0,0,0,0,0,3136,0,0,0,0,,interval_arithmetic=3136
108,2,lp,lower,1568,52,0.04650012300000001,0.04469871520996094,257,0,0,52,0,0,0,638,0,878,OPTIMAL=52,interval_proves_cutoff=638;lower_skipped_by_nonpositive_upper=878
108,2,lp,upper,1568,53,0.05756114999999998,0.04935646057128906,363,0,0,53,0,0,0,877,638,0,OPTIMAL=53,interval_proves_cutoff=877;upper_skipped_by_nonnegative_interval_lower=638
108,3,lp,lower,100,1,0.00242603,0.0023603439331054688,119,0,0,1,0,0,0,8,0,91,OPTIMAL=1,interval_proves_cutoff=8;lower_skipped_by_nonpositive_upper=91
108,3,lp,upper,100,1,0.00282198,0.0027129650115966797,108,0,0,1,0,0,0,91,8,0,OPTIMAL=1,interval_proves_cutoff=91;upper_skipped_by_nonnegative_interval_lower=8
109,0,lp,lower,9,9,0.034612376,0.033966064453125,987,0,0,9,0,0,0,0,0,0,OPTIMAL=9,
109,0,lp,upper,9,9,0.037958444,0.03720402717590332,1133,0,0,9,0,0,0,0,0,0,OPTIMAL=9,
109,1,interval_arithmetic,lower,3136,0,0.0,0.0,0,0,0,0,0,899,0,0,0,2237,,interval_arithmetic=899;lower_skipped_by_nonpositive_upper=2237
109,1,interval_arithmetic,upper,3136,0,0.0,0.0,0,0,0,0,0,3136,0,0,0,0,,interval_arithmetic=3136
109,2,lp,lower,1568,67,0.07037617800000001,0.06792211532592773,998,0,0,67,0,0,0,641,0,860,OPTIMAL=67,interval_proves_cutoff=641;lower_skipped_by_nonpositive_upper=860
109,2,lp,upper,1568,68,0.08008171199999996,0.07098031044006348,1071,0,0,68,0,0,0,859,641,0,OPTIMAL=68,interval_proves_cutoff=859;upper_skipped_by_nonnegative_interval_lower=641
109,3,lp,lower,100,0,0.0,0.0,0,0,0,0,0,0,0,9,0,91,,interval_proves_cutoff=9;lower_skipped_by_nonpositive_upper=91
109,3,lp,upper,100,0,0.0,0.0,0,0,0,0,0,0,0,91,9,0,,interval_proves_cutoff=91;upper_skipped_by_nonnegative_interval_lower=9
110,0,lp,lower,9,9,0.036515650000000004,0.03576946258544922,867,0,0,9,0,0,0,0,0,0,OPTIMAL=9,
110,0,lp,upper,9,9,0.052262112,0.05157661437988281,960,0,0,9,0,0,0,0,0,0,OPTIMAL=9,
110,1,interval_arithmetic,lower,3136,0,0.0,0.0,0,0,0,0,0,882,0,0,0,2254,,interval_arithmetic=882;lower_skipped_by_nonpositive_upper=2254
110,1,interval_arithmetic,upper,3136,0,0.0,0.0,0,0,0,0,0,3136,0,0,0,0,,interval_arithmetic=3136
110,2,lp,lower,1568,91,0.08807592399999999,0.08468484878540039,967,0,0,91,0,0,0,660,0,817,OPTIMAL=91,interval_proves_cutoff=660;lower_skipped_by_nonpositive_upper=817
110,2,lp,upper,1568,102,0.11153324700000002,0.10149884223937988,1168,0,0,102,0,0,0,806,660,0,OPTIMAL=102,interval_proves_cutoff=806;upper_skipped_by_nonnegative_interval_lower=660
110,3,lp,lower,100,1,0.003942932,0.0038595199584960938,171,0,0,1,0,0,0,8,0,91,OPTIMAL=1,interval_proves_cutoff=8;lower_skipped_by_nonpositive_upper=91
110,3,lp,upper,100,1,0.004046696,0.00392603874206543,155,0,0,1,0,0,0,91,8,0,OPTIMAL=1,interval_proves_cutoff=91;upper_skipped_by_nonnegative_interval_lower=8
111,0,lp,lower,9,9,0.068249575,0.06742548942565918,1668,0,0,9,0,0,0,0,0,0,OPTIMAL=9,
111,0,lp,upper,9,9,0.079818313,0.07895302772521973,1784,0,0,9,0,0,0,0,0,0,OPTIMAL=9,
111,1,interval_arithmetic,lower,3136,0,0.0,0.0,0,0,0,0,0,946,0,0,0,2190,,interval_arithmetic=946;lower_skipped_by_nonpositive_upper=2190
111,1,interval_arithmetic,upper,3136,0,0.0,0.0,0,0,0,0,0,3136,0,0,0,0,,interval_arithmetic=3136
111,2,lp,lower,1568,105,0.12653149199999997,0.12215232849121094,2391,0,0,105,0,0,0,647,0,816,OPTIMAL=105,interval_proves_cutoff=647;lower_skipped_by_nonpositive_upper=816
111,2,lp,upper,1568,115,0.1493550669999999,0.1373004913330078,2574,0,0,115,0,0,0,806,647,0,OPTIMAL=115,interval_proves_cutoff=806;upper_skipped_by_nonnegative_interval_lower=647
111,3,lp,lower,100,1,0.008941094,0.008846759796142578,286,0,0,1,0,0,0,8,0,91,OPTIMAL=1,interval_proves_cutoff=8;lower_skipped_by_nonpositive_upper=91
111,3,lp,upper,100,1,0.00807107,0.00794529914855957,251,0,0,1,0,0,0,91,8,0,OPTIMAL=1,interval_proves_cutoff=91;upper_skipped_by_nonnegative_interval_lower=8
112,0,lp,lower,9,9,0.027413675999999998,0.02686023712158203,843,0,0,9,0,0,0,0,0,0,OPTIMAL=9,
112,0,lp,upper,9,9,0.028880523999999998,0.02819037437438965,921,0,0,9,0,0,0,0,0,0,OPTIMAL=9,
112,1,interval_arithmetic,lower,3136,0,0.0,0.0,0,0,0,0,0,873,0,0,0,2263,,interval_arithmetic=873;lower_skipped_by_nonpositive_upper=2263
112,1,interval_arithmetic,upper,3136,0,0.0,0.0,0,0,0,0,0,3136,0,0,0,0,,interval_arithmetic=3136
112,2,lp,lower,1568,57,0.053093606000000015,0.05095267295837402,560,0,0,57,0,0,0,637,0,874,OPTIMAL=57,interval_proves_cutoff=637;lower_skipped_by_nonpositive_upper=874
112,2,lp,upper,1568,59,0.062921171,0.05440711975097656,631,0,0,59,0,0,0,872,637,0,OPTIMAL=59,interval_proves_cutoff=872;upper_skipped_by_nonnegative_interval_lower=637
112,3,lp,lower,100,0,0.0,0.0,0,0,0,0,0,0,0,8,0,92,,interval_proves_cutoff=8;lower_skipped_by_nonpositive_upper=92
112,3,lp,upper,100,0,0.0,0.0,0,0,0,0,0,0,0,92,8,0,,interval_proves_cutoff=92;upper_skipped_by_nonnegative_interval_lower=8
113,0,lp,lower,9,9,0.038434442000000006,0.037830352783203125,1070,0,0,9,0,0,0,0,0,0,OPTIMAL=9,
113,0,lp,upper,9,9,0.044007950000000004,0.043343305587768555,1077,0,0,9,0,0,0,0,0,0,OPTIMAL=9,
113,1,interval_arithmetic,lower,3136,0,0.0,0.0,0,0,0,0,0,882,0,0,0,2254,,interval_arithmetic=882;lower_skipped_by_nonpositive_upper=2254
113,1,interval_arithmetic,upper,3136,0,0.0,0.0,0,0,0,0,0,3136,0,0,0,0,,interval_arithmetic=3136
113,2,lp,lower,1568,68,0.06694131,0.06439781188964844,864,0,0,68,0,0,0,652,0,848,OPTIMAL=68,interval_proves_cutoff=652;lower_skipped_by_nonpositive_upper=848
113,2,lp,upper,1568,69,0.089236119,0.06888914108276367,867,0,0,69,0,0,0,847,652,0,OPTIMAL=69,interval_proves_cutoff=847;upper_skipped_by_nonnegative_interval_lower=652
113,3,lp,lower,100,1,0.003788263,0.003712177276611328,171,0,0,1,0,0,0,8,0,91,OPTIMAL=1,interval_proves_cutoff=8;lower_skipped_by_nonpositive_upper=91
113,3,lp,upper,100,1,0.003780058,0.0036466121673583984,139,0,0,1,0,0,0,91,8,0,OPTIMAL=1,interval_proves_cutoff=91;upper_skipped_by_nonnegative_interval_lower=8
114,0,lp,lower,9,9,0.052671435,0.05191540718078613,1351,0,0,9,0,0,0,0,0,0,OPTIMAL=9,
114,0,lp,upper,9,9,0.055504755,0.05471634864807129,1343,0,0,9,0,0,0,0,0,0,OPTIMAL=9,
114,1,interval_arithmetic,lower,3136,0,0.0,0.0,0,0,0,0,0,905,0,0,0,2231,,interval_arithmetic=905;lower_skipped_by_nonpositive_upper=2231
114,1,interval_arithmetic,upper,3136,0,0.0,0.0,0,0,0,0,0,3136,0,0,0,0,,interval_arithmetic=3136
114,2,lp,lower,1568,91,0.09860446800000001,0.09500646591186523,1524,0,0,91,0,0,0,656,0,821,OPTIMAL=91,interval_proves_cutoff=656;lower_skipped_by_nonpositive_upper=821
114,2,lp,upper,1568,95,0.10928592900000003,0.09937787055969238,1714,0,0,95,0,0,0,817,656,0,OPTIMAL=95,interval_proves_cutoff=817;upper_skipped_by_nonnegative_interval_lower=656
114,3,lp,lower,100,2,0.013010342000000001,0.012826919555664062,337,0,0,2,0,0,0,7,0,91,OPTIMAL=2,interval_proves_cutoff=7;lower_skipped_by_nonpositive_upper=91
114,3,lp,upper,100,2,0.01203988,0.011827230453491211,393,0,0,2,0,0,0,91,7,0,OPTIMAL=2,interval_proves_cutoff=91;upper_skipped_by_nonnegative_interval_lower=7
115,0,lp,lower,9,9,0.033611258000000005,0.033051252365112305,942,0,0,9,0,0,0,0,0,0,OPTIMAL=9,
115,0,lp,upper,9,9,0.038380438,0.0377202033996582,998,0,0,9,0,0,0,0,0,0,OPTIMAL=9,
115,1,interval_arithmetic,lower,3136,0,0.0,0.0,0,0,0,0,0,883,0,0,0,2253,,interval_arithmetic=883;lower_skipped_by_nonpositive_upper=2253
115,1,interval_arithmetic,upper,3136,0,0.0,0.0,0,0,0,0,0,3136,0,0,0,0,,interval_arithmetic=3136
115,2,lp,lower,1568,68,0.06647063600000001,0.06406664848327637,829,0,0,68,0,0,0,647,0,853,OPTIMAL=68,interval_proves_cutoff=647;lower_skipped_by_nonpositive_upper=853
115,2,lp,upper,1568,73,0.07973542699999998,0.07052397727966309,1023,0,0,73,0,0,0,848,647,0,OPTIMAL=73,interval_proves_cutoff=848;upper_skipped_by_nonnegative_interval_lower=647
115,3,lp,lower,100,1,0.004181385,0.004109859466552734,194,0,0,1,0,0,0,8,0,91,OPTIMAL=1,interval_proves_cutoff=8;lower_skipped_by_nonpositive_upper=91
115,3,lp,upper,100,1,0.004614754,0.004420757293701172,157,0,0,1,0,0,0,91,8,0,OPTIMAL=1,interval_proves_cutoff=91;upper_skipped_by_nonnegative_interval_lower=8
116,0,lp,lower,9,9,0.034960696,0.034455299377441406,878,0,0,9,0,0,0,0,0,0,OPTIMAL=9,
116,0,lp,upper,9,9,0.039263146,0.038637638092041016,925,0,0,9,0,0,0,0,0,0,OPTIMAL=9,
116,1,interval_arithmetic,lower,3136,0,0.0,0.0,0,0,0,0,0,878,0,0,0,2258,,interval_arithmetic=878;lower_skipped_by_nonpositive_upper=2258
116,1,interval_arithmetic,upper,3136,0,0.0,0.0,0,0,0,0,0,3136,0,0,0,0,,interval_arithmetic=3136
116,2,lp,lower,1568,61,0.05597242699999999,0.05372214317321777,638,0,0,61,0,0,0,648,0,859,OPTIMAL=61,interval_proves_cutoff=648;lower_skipped_by_nonpositive_upper=859
116,2,lp,upper,1568,74,0.07875187000000004,0.06964492797851562,961,0,0,74,0,0,0,846,648,0,OPTIMAL=74,interval_proves_cutoff=846;upper_skipped_by_nonnegative_interval_lower=648
116,3,lp,lower,100,1,0.004136521,0.0040662288665771484,172,0,0,1,0,0,0,8,0,91,OPTIMAL=1,interval_proves_cutoff=8;lower_skipped_by_nonpositive_upper=91
116,3,lp,upper,100,1,0.003919306,0.003803253173828125,164,0,0,1,0,0,0,91,8,0,OPTIMAL=1,interval_proves_cutoff=91;upper_skipped_by_nonnegative_interval_lower=8
117,0,lp,lower,9,9,0.048355921,0.04771924018859863,1239,0,0,9,0,0,0,0,0,0,OPTIMAL=9,
117,0,lp,upper,9,9,0.046017294,0.04526567459106445,1131,0,0,9,0,0,0,0,0,0,OPTIMAL=9,
117,1,interval_arithmetic,lower,3136,0,0.0,0.0,0,0,0,0,0,863,0,0,0,2273,,interval_arithmetic=863;lower_skipped_by_nonpositive_upper=2273
117,1,interval_arithmetic,upper,3136,0,0.0,0.0,0,0,0,0,0,3136,0,0,0,0,,interval_arithmetic=3136
117,2,lp,lower,1568,86,0.07567473599999999,0.07258176803588867,956,0,0,86,0,0,0,628,0,854,OPTIMAL=86,interval_proves_cutoff=628;lower_skipped_by_nonpositive_upper=854
117,2,lp,upper,1568,94,0.09301356000000002,0.08308625221252441,1147,0,0,94,0,0,0,846,628,0,OPTIMAL=94,interval_proves_cutoff=846;upper_skipped_by_nonnegative_interval_lower=628
117,3,lp,lower,100,1,0.004394603,0.0043179988861083984,192,0,0,1,0,0,0,8,0,91,OPTIMAL=1,interval_proves_cutoff=8;lower_skipped_by_nonpositive_upper=91
117,3,lp,upper,100,1,0.004302471,0.004191398620605469,178,0,0,1,0,0,0,91,8,0,OPTIMAL=1,interval_proves_cutoff=91;upper_skipped_by_nonnegative_interval_lower=8
118,0,lp,lower,9,9,0.068616698,0.06781578063964844,1564,0,0,9,0,0,0,0,0,0,OPTIMAL=9,
118,0,lp,upper,9,9,0.06319019899999999,0.06240510940551758,1383,0,0,9,0,0,0,0,0,0,OPTIMAL=9,
118,1,interval_arithmetic,lower,3136,0,0.0,0.0,0,0,0,0,0,913,0,0,0,2223,,interval_arithmetic=913;lower_skipped_by_nonpositive_upper=2223
118,1,interval_arithmetic,upper,3136,0,0.0,0.0,0,0,0,0,0,3136,0,0,0,0,,interval_arithmetic=3136
118,2,lp,lower,1568,105,0.10336692399999997,0.09952116012573242,1494,0,0,105,0,0,0,660,0,803,OPTIMAL=105,interval_proves_cutoff=660;lower_skipped_by_nonpositive_upper=803
118,2,lp,upper,1568,116,0.127636653,0.11671733856201172,1766,0,0,116,0,0,0,792,660,0,OPTIMAL=116,interval_proves_cutoff=792;upper_skipped_by_nonnegative_interval_lower=660
118,3,lp,lower,100,1,0.006229187,0.006140708923339844,261,0,0,1,0,0,0,8,0,91,OPTIMAL=1,interval_proves_cutoff=8;lower_skipped_by_nonpositive_upper=91
118,3,lp,upper,100,1,0.00617123,0.005974292755126953,232,0,0,1,0,0,0,91,8,0,OPTIMAL=1,interval_proves_cutoff=91;upper_skipped_by_nonnegative_interval_lower=8
119,0,lp,lower,9,9,0.05798831,0.0572052001953125,1305,0,0,9,0,0,0,0,0,0,OPTIMAL=9,
119,0,lp,upper,9,9,0.069133078,0.06842446327209473,1498,0,0,9,0,0,0,0,0,0,OPTIMAL=9,
119,1,interval_arithmetic,lower,3136,0,0.0,0.0,0,0,0,0,0,886,0,0,0,2250,,interval_arithmetic=886;lower_skipped_by_nonpositive_upper=2250
119,1,interval_arithmetic,upper,3136,0,0.0,0.0,0,0,0,0,0,3136,0,0,0,0,,interval_arithmetic=3136
119,2,lp,lower,1568,108,0.113911935,0.1097421646118164,1728,0,0,108,0,0,0,634,0,826,OPTIMAL=108,interval_proves_cutoff=634;lower_skipped_by_nonpositive_upper=826
119,2,lp,upper,1568,115,0.13195847500000002,0.12116241455078125,1970,0,0,115,0,0,0,819,634,0,OPTIMAL=115,interval_proves_cutoff=819;upper_skipped_by_nonnegative_interval_lower=634
119,3,lp,lower,100,1,0.008806625,0.008741140365600586,273,0,0,1,0,0,0,8,0,91,OPTIMAL=1,interval_proves_cutoff=8;lower_skipped_by_nonpositive_upper=91
119,3,lp,upper,100,1,0.006740369,0.006625652313232422,239,0,0,1,0,0,0,91,8,0,OPTIMAL=1,interval_proves_cutoff=91;upper_skipped_by_nonnegative_interval_lower=8
120,0,lp,lower,9,9,0.039363032,0.03865933418273926,1121,0,0,9,0,0,0,0,0,0,OPTIMAL=9,
120,0,lp,upper,9,9,0.052815967,0.052077293395996094,1323,0,0,9,0,0,0,0,0,0,OPTIMAL=9,
120,1,interval_arithmetic,lower,3136,0,0.0,0.0,0,0,0,0,0,929,0,0,0,2207,,interval_arithmetic=929;lower_skipped_by_nonpositive_upper=2207
120,1,interval_arithmetic,upper,3136,0,0.0,0.0,0,0,0,0,0,3136,0,0,0,0,,interval_arithmetic=3136
120,2,lp,lower,1568,67,0.07357143699999996,0.07107710838317871,915,0,0,67,0,0,0,690,0,811,OPTIMAL=67,interval_proves_cutoff=690;lower_skipped_by_nonpositive_upper=811
120,2,lp,upper,1568,71,0.08905480900000001,0.07968664169311523,1063,0,0,71,0,0,0,807,690,0,OPTIMAL=71,interval_proves_cutoff=807;upper_skipped_by_nonnegative_interval_lower=690
120,3,lp,lower,100,1,0.004899083,0.004824161529541016,219,0,0,1,0,0,0,8,0,91,OPTIMAL=1,interval_proves_cutoff=8;lower_skipped_by_nonpositive_upper=91
120,3,lp,upper,100,1,0.004940811,0.00482940673828125,174,0,0,1,0,0,0,91,8,0,OPTIMAL=1,interval_proves_cutoff=91;upper_skipped_by_nonnegative_interval_lower=8
121,0,lp,lower,9,9,0.068621847,0.06772971153259277,1526,0,0,9,0,0,0,0,0,0,OPTIMAL=9,
121,0,lp,upper,9,9,0.07450153699999999,0.0736246109008789,1557,0,0,9,0,0,0,0,0,0,OPTIMAL=9,
121,1,interval_arithmetic,lower,3136,0,0.0,0.0,0,0,0,0,0,956,0,0,0,2180,,interval_arithmetic=956;lower_skipped_by_nonpositive_upper=2180
121,1,interval_arithmetic,upper,3136,0,0.0,0.0,0,0,0,0,0,3136,0,0,0,0,,interval_arithmetic=3136
121,2,lp,lower,1568,103,0.11134966799999997,0.10742950439453125,1309,0,0,103,0,0,0,684,0,781,OPTIMAL=103,interval_proves_cutoff=684;lower_skipped_by_nonpositive_upper=781
121,2,lp,upper,1568,106,0.12435863899999998,0.11357831954956055,1459,0,0,106,0,0,0,778,684,0,OPTIMAL=106,interval_proves_cutoff=778;upper_skipped_by_nonnegative_interval_lower=684
121,3,lp,lower,100,1,0.005970933,0.005875825881958008,269,0,0,1,0,0,0,8,0,91,OPTIMAL=1,interval_proves_cutoff=8;lower_skipped_by_nonpositive_upper=91
121,3,lp,upper,100,1,0.005929125,0.005712747573852539,196,0,0,1,0,0,0,91,8,0,OPTIMAL=1,interval_proves_cutoff=91;upper_skipped_by_nonnegative_interval_lower=8
122,0,lp,lower,9,9,0.05327348999999999,0.05249619483947754,1328,0,0,9,0,0,0,0,0,0,OPTIMAL=9,
122,0,lp,upper,9,9,0.062689824,0.06183004379272461,1451,0,0,9,0,0,0,0,0,0,OPTIMAL=9,
122,1,interval_arithmetic,lower,3136,0,0.0,0.0,0,0,0,0,0,899,0,0,0,2237,,interval_arithmetic=899;lower_skipped_by_nonpositive_upper=2237
122,1,interval_arithmetic,upper,3136,0,0.0,0.0,0,0,0,0,0,3136,0,0,0,0,,interval_arithmetic=3136
122,2,lp,lower,1568,117,0.12480803000000003,0.12044930458068848,1398,0,0,117,0,0,0,641,0,810,OPTIMAL=117,interval_proves_cutoff=641;lower_skipped_by_nonpositive_upper=810
122,2,lp,upper,1568,119,0.13667857700000002,0.125166654586792,1524,0,0,119,0,0,0,808,641,0,OPTIMAL=119,interval_proves_cutoff=808;upper_skipped_by_nonnegative_interval_lower=641
122,3,lp,lower,100,1,0.0068961,0.006806850433349609,285,0,0,1,0,0,0,8,0,91,OPTIMAL=1,interval_proves_cutoff=8;lower_skipped_by_nonpositive_upper=91
122,3,lp,upper,100,1,0.00559921,0.005476474761962891,227,0,0,1,0,0,0,91,8,0,OPTIMAL=1,interval_proves_cutoff=91;upper_skipped_by_nonnegative_interval_lower=8
123,0,lp,lower,9,9,0.045950966999999995,0.04528188705444336,1087,0,0,9,0,0,0,0,0,0,OPTIMAL=9,
123,0,lp,upper,9,9,0.04979361699999999,0.049092769622802734,1057,0,0,9,0,0,0,0,0,0,OPTIMAL=9,
123,1,interval_arithmetic,lower,3136,0,0.0,0.0,0,0,0,0,0,861,0,0,0,2275,,interval_arithmetic=861;lower_skipped_by_nonpositive_upper=2275
123,1,interval_arithmetic,upper,3136,0,0.0,0.0,0,0,0,0,0,3136,0,0,0,0,,interval_arithmetic=3136
123,2,lp,lower,1568,78,0.07906651199999999,0.07622885704040527,1125,0,0,78,0,0,0,626,0,864,OPTIMAL=78,interval_proves_cutoff=626;lower_skipped_by_nonpositive_upper=864
123,2,lp,upper,1568,82,0.09495952500000003,0.08546257019042969,1402,0,0,82,0,0,0,860,626,0,OPTIMAL=82,interval_proves_cutoff=860;upper_skipped_by_nonnegative_interval_lower=626
123,3,lp,lower,100,1,0.005105047,0.0050334930419921875,182,0,0,1,0,0,0,8,0,91,OPTIMAL=1,interval_proves_cutoff=8;lower_skipped_by_nonpositive_upper=91
123,3,lp,upper,100,1,0.00558919,0.005469083786010742,175,0,0,1,0,0,0,91,8,0,OPTIMAL=1,interval_proves_cutoff=91;upper_skipped_by_nonnegative_interval_lower=8
124,0,lp,lower,9,9,0.058374671999999996,0.057755231857299805,1571,0,0,9,0,0,0,0,0,0,OPTIMAL=9,
124,0,lp,upper,9,9,0.054740708000000006,0.05402231216430664,1400,0,0,9,0,0,0,0,0,0,OPTIMAL=9,
124,1,interval_arithmetic,lower,3136,0,0.0,0.0,0,0,0,0,0,926,0,0,0,2210,,interval_arithmetic=926;lower_skipped_by_nonpositive_upper=2210
124,1,interval_arithmetic,upper,3136,0,0.0,0.0,0,0,0,0,0,3136,0,0,0,0,,interval_arithmetic=3136
124,2,lp,lower,1568,91,0.10873396600000002,0.10511088371276855,1956,0,0,91,0,0,0,660,0,817,OPTIMAL=91,interval_proves_cutoff=660;lower_skipped_by_nonpositive_upper=817
124,2,lp,upper,1568,99,0.12626100299999998,0.11539721488952637,2050,0,0,99,0,0,0,809,660,0,OPTIMAL=99,interval_proves_cutoff=809;upper_skipped_by_nonnegative_interval_lower=660
124,3,lp,lower,100,0,0.0,0.0,0,0,0,0,0,0,0,8,0,92,,interval_proves_cutoff=8;lower_skipped_by_nonpositive_upper=92
124,3,lp,upper,100,1,0.006882084,0.006745338439941406,234,0,0,1,0,0,0,91,8,0,OPTIMAL=1,interval_proves_cutoff=91;upper_skipped_by_nonnegative_interval_lower=8
125,0,lp,lower,9,9,0.031844131,0.031097412109375,978,0,0,9,0,0,0,0,0,0,OPTIMAL=9,
125,0,lp,upper,9,9,0.033589935,0.03286480903625488,1111,0,0,9,0,0,0,0,0,0,OPTIMAL=9,
125,1,interval_arithmetic,lower,3136,0,0.0,0.0,0,0,0,0,0,910,0,0,0,2226,,interval_arithmetic=910;lower_skipped_by_nonpositive_upper=2226
125,1,interval_arithmetic,upper,3136,0,0.0,0.0,0,0,0,0,0,3136,0,0,0,0,,interval_arithmetic=3136
125,2,lp,lower,1568,78,0.07764178099999998,0.07468008995056152,859,0,0,78,0,0,0,664,0,826,OPTIMAL=78,interval_proves_cutoff=664;lower_skipped_by_nonpositive_upper=826
125,2,lp,upper,1568,81,0.09247321300000003,0.08283519744873047,1116,0,0,81,0,0,0,823,664,0,OPTIMAL=81,interval_proves_cutoff=823;upper_skipped_by_nonnegative_interval_lower=664
125,3,lp,lower,100,0,0.0,0.0,0,0,0,0,0,0,0,9,0,91,,interval_proves_cutoff=9;lower_skipped_by_nonpositive_upper=91
125,3,lp,upper,100,0,0.0,0.0,0,0,0,0,0,0,0,91,9,0,,interval_proves_cutoff=91;upper_skipped_by_nonnegative_interval_lower=9
126,0,lp,lower,9,9,0.050933255,0.05014610290527344,1260,0,0,9,0,0,0,0,0,0,OPTIMAL=9,
126,0,lp,upper,9,9,0.050965757,0.05030965805053711,1384,0,0,9,0,0,0,0,0,0,OPTIMAL=9,
126,1,interval_arithmetic,lower,3136,0,0.0,0.0,0,0,0,0,0,896,0,0,0,2240,,interval_arithmetic=896;lower_skipped_by_nonpositive_upper=2240
126,1,interval_arithmetic,upper,3136,0,0.0,0.0,0,0,0,0,0,3136,0,0,0,0,,interval_arithmetic=3136
126,2,lp,lower,1568,79,0.08329837600000001,0.08022856712341309,1177,0,0,79,0,0,0,653,0,836,OPTIMAL=79,interval_proves_cutoff=653;lower_skipped_by_nonpositive_upper=836
126,2,lp,upper,1568,91,0.10297303199999996,0.09273672103881836,1544,0,0,91,0,0,0,824,653,0,OPTIMAL=91,interval_proves_cutoff=824;upper_skipped_by_nonnegative_interval_lower=653
126,3,lp,lower,100,0,0.0,0.0,0,0,0,0,0,0,0,9,0,91,,interval_proves_cutoff=9;lower_skipped_by_nonpositive_upper=91
126,3,lp,upper,100,0,0.0,0.0,0,0,0,0,0,0,0,91,9,0,,interval_proves_cutoff=91;upper_skipped_by_nonnegative_interval_lower=9
127,0,lp,lower,9,9,0.044508032999999995,0.04381990432739258,1332,0,0,9,0,0,0,0,0,0,OPTIMAL=9,
127,0,lp,upper,9,9,0.048529317,0.04778599739074707,1407,0,0,9,0,0,0,0,0,0,OPTIMAL=9,
127,1,interval_arithmetic,lower,3136,0,0.0,0.0,0,0,0,0,0,942,0,0,0,2194,,interval_arithmetic=942;lower_skipped_by_nonpositive_upper=2194
127,1,interval_arithmetic,upper,3136,0,0.0,0.0,0,0,0,0,0,3136,0,0,0,0,,interval_arithmetic=3136
127,2,lp,lower,1568,100,0.10710584199999997,0.10334324836730957,1150,0,0,100,0,0,0,700,0,768,OPTIMAL=100,interval_proves_cutoff=700;lower_skipped_by_nonpositive_upper=768
127,2,lp,upper,1568,101,0.11653108199999998,0.1062319278717041,1314,0,0,101,0,0,0,767,700,0,OPTIMAL=101,interval_proves_cutoff=767;upper_skipped_by_nonnegative_interval_lower=700
127,3,lp,lower,100,1,0.006100955,0.006005525588989258,255,0,0,1,0,0,0,8,0,91,OPTIMAL=1,interval_proves_cutoff=8;lower_skipped_by_nonpositive_upper=91
127,3,lp,upper,100,1,0.006316399,0.006184577941894531,240,0,0,1,0,0,0,91,8,0,OPTIMAL=1,interval_proves_cutoff=91;upper_skipped_by_nonnegative_interval_lower=8
128,0,lp,lower,9,9,0.062533414,0.06190681457519531,1400,0,0,9,0,0,0,0,0,0,OPTIMAL=9,
128,0,lp,upper,9,9,0.066646631,0.06590509414672852,1459,0,0,9,0,0,0,0,0,0,OPTIMAL=9,
128,1,interval_arithmetic,lower,3136,0,0.0,0.0,0,0,0,0,0,921,0,0,0,2215,,interval_arithmetic=921;lower_skipped_by_nonpositive_upper=2215
128,1,interval_arithmetic,upper,3136,0,0.0,0.0,0,0,0,0,0,3136,0,0,0,0,,interval_arithmetic=3136
128,2,lp,lower,1568,81,0.08899197600000001,0.08589720726013184,1108,0,0,81,0,0,0,680,0,807,OPTIMAL=81,interval_proves_cutoff=680;lower_skipped_by_nonpositive_upper=807
128,2,lp,upper,1568,88,0.10606796699999996,0.09615254402160645,1269,0,0,88,0,0,0,800,680,0,OPTIMAL=88,interval_proves_cutoff=800;upper_skipped_by_nonnegative_interval_lower=680
128,3,lp,lower,100,1,0.00656922,0.0064847469329833984,254,0,0,1,0,0,0,8,0,91,OPTIMAL=1,interval_proves_cutoff=8;lower_skipped_by_nonpositive_upper=91
128,3,lp,upper,100,1,0.006120582,0.006002664566040039,201,0,0,1,0,0,0,91,8,0,OPTIMAL=1,interval_proves_cutoff=91;upper_skipped_by_nonnegative_interval_lower=8
129,0,lp,lower,9,9,0.041175345999999995,0.040557861328125,1193,0,0,9,0,0,0,0,0,0,OPTIMAL=9,
129,0,lp,upper,9,9,0.049645593999999994,0.04894876480102539,1307,0,0,9,0,0,0,0,0,0,OPTIMAL=9,
129,1,interval_arithmetic,lower,3136,0,0.0,0.0,0,0,0,0,0,957,0,0,0,2179,,interval_arithmetic=957;lower_skipped_by_nonpositive_upper=2179
129,1,interval_arithmetic,upper,3136,0,0.0,0.0,0,0,0,0,0,3136,0,0,0,0,,interval_arithmetic=3136
129,2,lp,lower,1568,89,0.09118337999999995,0.08781814575195312,1375,0,0,89,0,0,0,670,0,809,OPTIMAL=89,interval_proves_cutoff=670;lower_skipped_by_nonpositive_upper=809
129,2,lp,upper,1568,93,0.10451500799999998,0.09434270858764648,1413,0,0,93,0,0,0,805,670,0,OPTIMAL=93,interval_proves_cutoff=805;upper_skipped_by_nonnegative_interval_lower=670
129,3,lp,lower,100,1,0.012653676,0.012576818466186523,360,0,0,1,0,0,0,8,0,91,OPTIMAL=1,interval_proves_cutoff=8;lower_skipped_by_nonpositive_upper=91
129,3,lp,upper,100,1,0.005322053,0.00520777702331543,202,0,0,1,0,0,0,91,8,0,OPTIMAL=1,interval_proves_cutoff=91;upper_skipped_by_nonnegative_interval_lower=8
130,0,lp,lower,9,9,0.045217390999999996,0.04462838172912598,1348,0,0,9,0,0,0,0,0,0,OPTIMAL=9,
130,0,lp,upper,9,9,0.044731245,0.044008731842041016,1376,0,0,9,0,0,0,0,0,0,OPTIMAL=9,
130,1,interval_arithmetic,lower,3136,0,0.0,0.0,0,0,0,0,0,915,0,0,0,2221,,interval_arithmetic=915;lower_skipped_by_nonpositive_upper=2221
130,1,interval_arithmetic,upper,3136,0,0.0,0.0,0,0,0,0,0,3136,0,0,0,0,,interval_arithmetic=3136
130,2,lp,lower,1568,86,0.08496239400000004,0.08165502548217773,1144,0,0,86,0,0,0,664,0,818,OPTIMAL=86,interval_proves_cutoff=664;lower_skipped_by_nonpositive_upper=818
130,2,lp,upper,1568,87,0.09808826000000004,0.08827424049377441,1297,0,0,87,0,0,0,817,664,0,OPTIMAL=87,interval_proves_cutoff=817;upper_skipped_by_nonnegative_interval_lower=664
130,3,lp,lower,100,0,0.0,0.0,0,0,0,0,0,0,0,9,0,91,,interval_proves_cutoff=9;lower_skipped_by_nonpositive_upper=91
130,3,lp,upper,100,0,0.0,0.0,0,0,0,0,0,0,0,91,9,0,,interval_proves_cutoff=91;upper_skipped_by_nonnegative_interval_lower=9
131,0,lp,lower,9,9,0.071641603,0.07081007957458496,1636,0,0,9,0,0,0,0,0,0,OPTIMAL=9,
131,0,lp,upper,9,9,0.07206418199999999,0.07130861282348633,1488,0,0,9,0,0,0,0,0,0,OPTIMAL=9,
131,1,interval_arithmetic,lower,3136,0,0.0,0.0,0,0,0,0,0,938,0,0,0,2198,,interval_arithmetic=938;lower_skipped_by_nonpositive_upper=2198
131,1,interval_arithmetic,upper,3136,0,0.0,0.0,0,0,0,0,0,3136,0,0,0,0,,interval_arithmetic=3136
131,2,lp,lower,1568,88,0.09206994099999995,0.08877921104431152,913,0,0,88,0,0,0,667,0,813,OPTIMAL=88,interval_proves_cutoff=667;lower_skipped_by_nonpositive_upper=813
131,2,lp,upper,1568,88,0.10232075899999998,0.09263420104980469,1048,0,0,88,0,0,0,813,667,0,OPTIMAL=88,interval_proves_cutoff=813;upper_skipped_by_nonnegative_interval_lower=667
131,3,lp,lower,100,1,0.007283584,0.007199525833129883,261,0,0,1,0,0,0,8,0,91,OPTIMAL=1,interval_proves_cutoff=8;lower_skipped_by_nonpositive_upper=91
131,3,lp,upper,100,1,0.005675733,0.005561351776123047,239,0,0,1,0,0,0,91,8,0,OPTIMAL=1,interval_proves_cutoff=91;upper_skipped_by_nonnegative_interval_lower=8
132,0,lp,lower,9,9,0.06970421799999998,0.06877303123474121,1577,0,0,9,0,0,0,0,0,0,OPTIMAL=9,
132,0,lp,upper,9,9,0.080797883,0.07987713813781738,1721,0,0,9,0,0,0,0,0,0,OPTIMAL=9,
132,1,interval_arithmetic,lower,3136,0,0.0,0.0,0,0,0,0,0,966,0,0,0,2170,,interval_arithmetic=966;lower_skipped_by_nonpositive_upper=2170
132,1,interval_arithmetic,upper,3136,0,0.0,0.0,0,0,0,0,0,3136,0,0,0,0,,interval_arithmetic=3136
132,2,lp,lower,1568,94,0.11224265800000001,0.1085665225982666,1786,0,0,94,0,0,0,672,0,802,OPTIMAL=94,interval_proves_cutoff=672;lower_skipped_by_nonpositive_upper=802
132,2,lp,upper,1568,100,0.13076810200000002,0.12038612365722656,1979,0,0,100,0,0,0,796,672,0,OPTIMAL=100,interval_proves_cutoff=796;upper_skipped_by_nonnegative_interval_lower=672
132,3,lp,lower,100,1,0.006505822,0.006429195404052734,284,0,0,1,0,0,0,8,0,91,OPTIMAL=1,interval_proves_cutoff=8;lower_skipped_by_nonpositive_upper=91
132,3,lp,upper,100,1,0.006353838,0.006228208541870117,254,0,0,1,0,0,0,91,8,0,OPTIMAL=1,interval_proves_cutoff=91;upper_skipped_by_nonnegative_interval_lower=8
133,0,lp,lower,9,9,0.027241247999999996,0.02659296989440918,705,0,0,9,0,0,0,0,0,0,OPTIMAL=9,
133,0,lp,upper,9,9,0.028745649000000005,0.028061866760253906,698,0,0,9,0,0,0,0,0,0,OPTIMAL=9,
133,1,interval_arithmetic,lower,3136,0,0.0,0.0,0,0,0,0,0,934,0,0,0,2202,,interval_arithmetic=934;lower_skipped_by_nonpositive_upper=2202
133,1,interval_arithmetic,upper,3136,0,0.0,0.0,0,0,0,0,0,3136,0,0,0,0,,interval_arithmetic=3136
133,2,lp,lower,1568,56,0.05318541700000002,0.051178932189941406,321,0,0,56,0,0,0,692,0,820,OPTIMAL=56,interval_proves_cutoff=692;lower_skipped_by_nonpositive_upper=820
133,2,lp,upper,1568,60,0.063610534,0.054338932037353516,422,0,0,60,0,0,0,816,692,0,OPTIMAL=60,interval_proves_cutoff=816;upper_skipped_by_nonnegative_interval_lower=692
133,3,lp,lower,100,1,0.00360096,0.0035278797149658203,147,0,0,1,0,0,0,8,0,91,OPTIMAL=1,interval_proves_cutoff=8;lower_skipped_by_nonpositive_upper=91
133,3,lp,upper,100,1,0.003232122,0.00312042236328125,104,0,0,1,0,0,0,91,8,0,OPTIMAL=1,interval_proves_cutoff=91;upper_skipped_by_nonnegative_interval_lower=8
134,0,lp,lower,9,9,0.066002361,0.06515932083129883,1386,0,0,9,0,0,0,0,0,0,OPTIMAL=9,
134,0,lp,upper,9,9,0.046609128,0.045845985412597656,1139,0,0,9,0,0,0,0,0,0,OPTIMAL=9,
134,1,interval_arithmetic,lower,3136,0,0.0,0.0,0,0,0,0,0,925,0,0,0,2211,,interval_arithmetic=925;lower_skipped_by_nonpositive_upper=2211
134,1,interval_arithmetic,upper,3136,0,0.0,0.0,0,0,0,0,0,3136,0,0,0,0,,interval_arithmetic=3136
134,2,lp,lower,1568,79,0.08052452100000002,0.07756280899047852,765,0,0,79,0,0,0,671,0,818,OPTIMAL=79,interval_proves_cutoff=671;lower_skipped_by_nonpositive_upper=818
134,2,lp,upper,1568,86,0.10951863500000003,0.0858769416809082,928,0,0,86,0,0,0,811,671,0,OPTIMAL=86,interval_proves_cutoff=811;upper_skipped_by_nonnegative_interval_lower=671
134,3,lp,lower,100,2,0.009096067,0.008949995040893555,247,0,0,2,0,0,0,6,0,92,OPTIMAL=2,interval_proves_cutoff=6;lower_skipped_by_nonpositive_upper=92
134,3,lp,upper,100,3,0.01357187,0.013274192810058594,422,0,0,3,0,0,0,91,6,0,OPTIMAL=3,interval_proves_cutoff=91;upper_skipped_by_nonnegative_interval_lower=6
135,0,lp,lower,9,9,0.050969923,0.05013465881347656,1391,0,0,9,0,0,0,0,0,0,OPTIMAL=9,
135,0,lp,upper,9,9,0.058469803,0.05757880210876465,1461,0,0,9,0,0,0,0,0,0,OPTIMAL=9,
135,1,interval_arithmetic,lower,3136,0,0.0,0.0,0,0,0,0,0,938,0,0,0,2198,,interval_arithmetic=938;lower_skipped_by_nonpositive_upper=2198
135,1,interval_arithmetic,upper,3136,0,0.0,0.0,0,0,0,0,0,3136,0,0,0,0,,interval_arithmetic=3136
135,2,lp,lower,1568,100,0.11777118100000004,0.11376619338989258,1738,0,0,100,0,0,0,658,0,810,OPTIMAL=100,interval_proves_cutoff=658;lower_skipped_by_nonpositive_upper=810
135,2,lp,upper,1568,105,0.13446616200000003,0.12327766418457031,1797,0,0,105,0,0,0,805,658,0,OPTIMAL=105,interval_proves_cutoff=805;upper_skipped_by_nonnegative_interval_lower=658
135,3,lp,lower,100,1,0.008252451,0.008149862289428711,300,0,0,1,0,0,0,8,0,91,OPTIMAL=1,interval_proves_cutoff=8;lower_skipped_by_nonpositive_upper=91
135,3,lp,upper,100,1,0.006170346,0.006017923355102539,218,0,0,1,0,0,0,91,8,0,OPTIMAL=1,interval_proves_cutoff=91;upper_skipped_by_nonnegative_interval_lower=8
136,0,lp,lower,9,9,0.025945702,0.025359153747558594,699,0,0,9,0,0,0,0,0,0,OPTIMAL=9,
136,0,lp,upper,9,9,0.035623888,0.034871816635131836,846,0,0,9,0,0,0,0,0,0,OPTIMAL=9,
136,1,interval_arithmetic,lower,3136,0,0.0,0.0,0,0,0,0,0,865,0,0,0,2271,,interval_arithmetic=865;lower_skipped_by_nonpositive_upper=2271
136,1,interval_arithmetic,upper,3136,0,0.0,0.0,0,0,0,0,0,3136,0,0,0,0,,interval_arithmetic=3136
136,2,lp,lower,1568,53,0.048153189,0.04621767997741699,435,0,0,53,0,0,0,654,0,861,OPTIMAL=53,interval_proves_cutoff=654;lower_skipped_by_nonpositive_upper=861
136,2,lp,upper,1568,53,0.061166980999999995,0.052744150161743164,607,0,0,53,0,0,0,861,654,0,OPTIMAL=53,interval_proves_cutoff=861;upper_skipped_by_nonnegative_interval_lower=654
136,3,lp,lower,100,1,0.002889472,0.0028192996978759766,136,0,0,1,0,0,0,7,0,92,OPTIMAL=1,interval_proves_cutoff=7;lower_skipped_by_nonpositive_upper=92
136,3,lp,upper,100,1,0.003093343,0.002983570098876953,116,0,0,1,0,0,0,92,7,0,OPTIMAL=1,interval_proves_cutoff=92;upper_skipped_by_nonnegative_interval_lower=7
137,0,lp,lower,9,9,0.041279760000000006,0.04047060012817383,1202,0,0,9,0,0,0,0,0,0,OPTIMAL=9,
137,0,lp,upper,9,9,0.051580546,0.050614118576049805,1384,0,0,9,0,0,0,0,0,0,OPTIMAL=9,
137,1,interval_arithmetic,lower,3136,0,0.0,0.0,0,0,0,0,0,917,0,0,0,2219,,interval_arithmetic=917;lower_skipped_by_nonpositive_upper=2219
137,1,interval_arithmetic,upper,3136,0,0.0,0.0,0,0,0,0,0,3136,0,0,0,0,,interval_arithmetic=3136
137,2,lp,lower,1568,91,0.10025035899999998,0.09666061401367188,1362,0,0,91,0,0,0,678,0,799,OPTIMAL=91,interval_proves_cutoff=678;lower_skipped_by_nonpositive_upper=799
137,2,lp,upper,1568,97,0.11753647400000003,0.10725140571594238,1539,0,0,97,0,0,0,793,678,0,OPTIMAL=97,interval_proves_cutoff=793;upper_skipped_by_nonnegative_interval_lower=678
137,3,lp,lower,100,1,0.006046735,0.00594782829284668,267,0,0,1,0,0,0,8,0,91,OPTIMAL=1,interval_proves_cutoff=8;lower_skipped_by_nonpositive_upper=91
137,3,lp,upper,100,1,0.005578471,0.0054340362548828125,224,0,0,1,0,0,0,91,8,0,OPTIMAL=1,interval_proves_cutoff=91;upper_skipped_by_nonnegative_interval_lower=8
138,0,lp,lower,9,9,0.026529343000000004,0.02586054801940918,728,0,0,9,0,0,0,0,0,0,OPTIMAL=9,
138,0,lp,upper,9,9,0.031570653,0.030848979949951172,814,0,0,9,0,0,0,0,0,0,OPTIMAL=9,
138,1,interval_arithmetic,lower,3136,0,0.0,0.0,0,0,0,0,0,875,0,0,0,2261,,interval_arithmetic=875;lower_skipped_by_nonpositive_upper=2261
138,1,interval_arithmetic,upper,3136,0,0.0,0.0,0,0,0,0,0,3136,0,0,0,0,,interval_arithmetic=3136
138,2,lp,lower,1568,50,0.04823502199999999,0.04635119438171387,520,0,0,50,0,0,0,639,0,879,OPTIMAL=50,interval_proves_cutoff=639;lower_skipped_by_nonpositive_upper=879
138,2,lp,upper,1568,59,0.067202918,0.058381080627441406,699,0,0,59,0,0,0,870,639,0,OPTIMAL=59,interval_proves_cutoff=870;upper_skipped_by_nonnegative_interval_lower=639
138,3,lp,lower,100,1,0.002801178,0.0027267932891845703,128,0,0,1,0,0,0,8,0,91,OPTIMAL=1,interval_proves_cutoff=8;lower_skipped_by_nonpositive_upper=91
138,3,lp,upper,100,1,0.002629348,0.002521514892578125,118,0,0,1,0,0,0,91,8,0,OPTIMAL=1,interval_proves_cutoff=91;upper_skipped_by_nonnegative_interval_lower=8
139,0,lp,lower,9,9,0.057537183,0.056684017181396484,1556,0,0,9,0,0,0,0,0,0,OPTIMAL=9,
139,0,lp,upper,9,9,0.061724167,0.06084752082824707,1648,0,0,9,0,0,0,0,0,0,OPTIMAL=9,
139,1,interval_arithmetic,lower,3136,0,0.0,0.0,0,0,0,0,0,928,0,0,0,2208,,interval_arithmetic=928;lower_skipped_by_nonpositive_upper=2208
139,1,interval_arithmetic,upper,3136,0,0.0,0.0,0,0,0,0,0,3136,0,0,0,0,,interval_arithmetic=3136
139,2,lp,lower,1568,110,0.12055382100000002,0.11617255210876465,1457,0,0,110,0,0,0,658,0,800,OPTIMAL=110,interval_proves_cutoff=658;lower_skipped_by_nonpositive_upper=800
139,2,lp,upper,1568,115,0.13597283999999996,0.12481474876403809,1645,0,0,115,0,0,0,795,658,0,OPTIMAL=115,interval_proves_cutoff=795;upper_skipped_by_nonnegative_interval_lower=658
139,3,lp,lower,100,0,0.0,0.0,0,0,0,0,0,0,0,8,0,92,,interval_proves_cutoff=8;lower_skipped_by_nonpositive_upper=92
139,3,lp,upper,100,0,0.0,0.0,0,0,0,0,0,0,0,92,8,0,,interval_proves_cutoff=92;upper_skipped_by_nonnegative_interval_lower=8
140,0,lp,lower,9,9,0.07450256599999999,0.07363510131835938,1471,0,0,9,0,0,0,0,0,0,OPTIMAL=9,
140,0,lp,upper,9,9,0.07008096700000001,0.06924295425415039,1489,0,0,9,0,0,0,0,0,0,OPTIMAL=9,
140,1,interval_arithmetic,lower,3136,0,0.0,0.0,0,0,0,0,0,920,0,0,0,2216,,interval_arithmetic=920;lower_skipped_by_nonpositive_upper=2216
140,1,interval_arithmetic,upper,3136,0,0.0,0.0,0,0,0,0,0,3136,0,0,0,0,,interval_arithmetic=3136
140,2,lp,lower,1568,85,0.09177879299999994,0.0884859561920166,1321,0,0,85,0,0,0,663,0,820,OPTIMAL=85,interval_proves_cutoff=663;lower_skipped_by_nonpositive_upper=820
140,2,lp,upper,1568,88,0.10630877200000001,0.09619498252868652,1402,0,0,88,0,0,0,817,663,0,OPTIMAL=88,interval_proves_cutoff=817;upper_skipped_by_nonnegative_interval_lower=663
140,3,lp,lower,100,2,0.011480325,0.011297225952148438,310,0,0,2,0,0,0,7,0,91,OPTIMAL=2,interval_proves_cutoff=7;lower_skipped_by_nonpositive_upper=91
140,3,lp,upper,100,2,0.011761842,0.011550426483154297,353,0,0,2,0,0,0,91,7,0,OPTIMAL=2,interval_proves_cutoff=91;upper_skipped_by_nonnegative_interval_lower=7
141,0,lp,lower,9,9,0.10316718400000001,0.10223746299743652,1812,0,0,9,0,0,0,0,0,0,OPTIMAL=9,
141,0,lp,upper,9,9,0.09622302399999999,0.09528231620788574,1750,0,0,9,0,0,0,0,0,0,OPTIMAL=9,
141,1,interval_arithmetic,lower,3136,0,0.0,0.0,0,0,0,0,0,885,0,0,0,2251,,interval_arithmetic=885;lower_skipped_by_nonpositive_upper=2251
141,1,interval_arithmetic,upper,3136,0,0.0,0.0,0,0,0,0,0,3136,0,0,0,0,,interval_arithmetic=3136
141,2,lp,lower,1568,110,0.1192441639999999,0.11499214172363281,1837,0,0,110,0,0,0,627,0,831,OPTIMAL=110,interval_proves_cutoff=627;lower_skipped_by_nonpositive_upper=831
141,2,lp,upper,1568,118,0.14106938499999994,0.1299757957458496,2062,0,0,118,0,0,0,823,627,0,OPTIMAL=118,interval_proves_cutoff=823;upper_skipped_by_nonnegative_interval_lower=627
141,3,lp,lower,100,2,0.019399607,0.01921248435974121,402,0,0,2,0,0,0,7,0,91,OPTIMAL=2,interval_proves_cutoff=7;lower_skipped_by_nonpositive_upper=91
141,3,lp,upper,100,2,0.016187161,0.015967130661010742,416,0,0,2,0,0,0,91,7,0,OPTIMAL=2,interval_proves_cutoff=91;upper_skipped_by_nonnegative_interval_lower=7
142,0,lp,lower,9,9,0.032932591,0.03236889839172363,945,0,0,9,0,0,0,0,0,0,OPTIMAL=9,
142,0,lp,upper,9,9,0.029803002999999995,0.029172897338867188,883,0,0,9,0,0,0,0,0,0,OPTIMAL=9,
142,1,interval_arithmetic,lower,3136,0,0.0,0.0,0,0,0,0,0,889,0,0,0,2247,,interval_arithmetic=889;lower_skipped_by_nonpositive_upper=2247
142,1,interval_arithmetic,upper,3136,0,0.0,0.0,0,0,0,0,0,3136,0,0,0,0,,interval_arithmetic=3136
142,2,lp,lower,1568,78,0.069801547,0.06699824333190918,668,0,0,78,0,0,0,664,0,826,OPTIMAL=78,interval_proves_cutoff=664;lower_skipped_by_nonpositive_upper=826
142,2,lp,upper,1568,79,0.08002438999999996,0.07059693336486816,770,0,0,79,0,0,0,825,664,0,OPTIMAL=79,interval_proves_cutoff=825;upper_skipped_by_nonnegative_interval_lower=664
142,3,lp,lower,100,2,0.007104159,0.006966114044189453,221,0,0,2,0,0,0,6,0,92,OPTIMAL=2,interval_proves_cutoff=6;lower_skipped_by_nonpositive_upper=92
142,3,lp,upper,100,3,0.010581109,0.010334491729736328,355,0,0,3,0,0,0,91,6,0,OPTIMAL=3,interval_proves_cutoff=91;upper_skipped_by_nonnegative_interval_lower=6
143,0,lp,lower,9,9,0.061798457,0.06093430519104004,1652,0,0,9,0,0,0,0,0,0,OPTIMAL=9,
143,0,lp,upper,9,9,0.075458684,0.07458972930908203,1741,0,0,9,0,0,0,0,0,0,OPTIMAL=9,
143,1,interval_arithmetic,lower,3136,0,0.0,0.0,0,0,0,0,0,917,0,0,0,2219,,interval_arithmetic=917;lower_skipped_by_nonpositive_upper=2219
143,1,interval_arithmetic,upper,3136,0,0.0,0.0,0,0,0,0,0,3136,0,0,0,0,,interval_arithmetic=3136
143,2,lp,lower,1568,112,0.11806971700000002,0.11352753639221191,1666,0,0,112,0,0,0,678,0,778,OPTIMAL=112,interval_proves_cutoff=678;lower_skipped_by_nonpositive_upper=778
143,2,lp,upper,1568,116,0.13192683400000002,0.12065243721008301,1736,0,0,116,0,0,0,774,678,0,OPTIMAL=116,interval_proves_cutoff=774;upper_skipped_by_nonnegative_interval_lower=678
143,3,lp,lower,100,1,0.008086352,0.008003711700439453,305,0,0,1,0,0,0,8,0,91,OPTIMAL=1,interval_proves_cutoff=8;lower_skipped_by_nonpositive_upper=91
143,3,lp,upper,100,1,0.006807085,0.006688833236694336,244,0,0,1,0,0,0,91,8,0,OPTIMAL=1,interval_proves_cutoff=91;upper_skipped_by_nonnegative_interval_lower=8
144,0,lp,lower,9,9,0.024722964,0.02413773536682129,650,0,0,9,0,0,0,0,0,0,OPTIMAL=9,
144,0,lp,upper,9,9,0.030515622000000003,0.029851913452148438,732,0,0,9,0,0,0,0,0,0,OPTIMAL=9,
144,1,interval_arithmetic,lower,3136,0,0.0,0.0,0,0,0,0,0,841,0,0,0,2295,,interval_arithmetic=841;lower_skipped_by_nonpositive_upper=2295
144,1,interval_arithmetic,upper,3136,0,0.0,0.0,0,0,0,0,0,3136,0,0,0,0,,interval_arithmetic=3136
144,2,lp,lower,1568,54,0.050604007999999985,0.04860091209411621,355,0,0,54,0,0,0,631,0,883,OPTIMAL=54,interval_proves_cutoff=631;lower_skipped_by_nonpositive_upper=883
144,2,lp,upper,1568,57,0.06133468700000001,0.05314826965332031,488,0,0,57,0,0,0,880,631,0,OPTIMAL=57,interval_proves_cutoff=880;upper_skipped_by_nonnegative_interval_lower=631
144,3,lp,lower,100,1,0.002644596,0.0025725364685058594,126,0,0,1,0,0,0,8,0,91,OPTIMAL=1,interval_proves_cutoff=8;lower_skipped_by_nonpositive_upper=91
144,3,lp,upper,100,1,0.002857092,0.0027434825897216797,108,0,0,1,0,0,0,91,8,0,OPTIMAL=1,interval_proves_cutoff=91;upper_skipped_by_nonnegative_interval_lower=8
145,0,lp,lower,9,9,0.056275669,0.05552220344543457,1352,0,0,9,0,0,0,0,0,0,OPTIMAL=9,
145,0,lp,upper,9,9,0.06227523399999999,0.06150960922241211,1461,0,0,9,0,0,0,0,0,0,OPTIMAL=9,
145,1,interval_arithmetic,lower,3136,0,0.0,0.0,0,0,0,0,0,909,0,0,0,2227,,interval_arithmetic=909;lower_skipped_by_nonpositive_upper=2227
145,1,interval_arithmetic,upper,3136,0,0.0,0.0,0,0,0,0,0,3136,0,0,0,0,,interval_arithmetic=3136
145,2,lp,lower,1568,93,0.09926701600000001,0.09521245956420898,1363,0,0,93,0,0,0,667,0,808,OPTIMAL=93,interval_proves_cutoff=667;lower_skipped_by_nonpositive_upper=808
145,2,lp,upper,1568,100,0.112970958,0.10232710838317871,1571,0,0,100,0,0,0,801,667,0,OPTIMAL=100,interval_proves_cutoff=801;upper_skipped_by_nonnegative_interval_lower=667
145,3,lp,lower,100,2,0.010693437,0.010528802871704102,288,0,0,2,0,0,0,7,0,91,OPTIMAL=2,interval_proves_cutoff=7;lower_skipped_by_nonpositive_upper=91
145,3,lp,upper,100,2,0.010262221,0.010030746459960938,336,0,0,2,0,0,0,91,7,0,OPTIMAL=2,interval_proves_cutoff=91;upper_skipped_by_nonnegative_interval_lower=7
146,0,lp,lower,9,9,0.031183648,0.030582427978515625,761,0,0,9,0,0,0,0,0,0,OPTIMAL=9,
146,0,lp,upper,9,9,0.030698464,0.029998779296875,802,0,0,9,0,0,0,0,0,0,OPTIMAL=9,
146,1,interval_arithmetic,lower,3136,0,0.0,0.0,0,0,0,0,0,840,0,0,0,2296,,interval_arithmetic=840;lower_skipped_by_nonpositive_upper=2296
146,1,interval_arithmetic,upper,3136,0,0.0,0.0,0,0,0,0,0,3136,0,0,0,0,,interval_arithmetic=3136
146,2,lp,lower,1568,59,0.051900335000000006,0.04978132247924805,598,0,0,59,0,0,0,640,0,869,OPTIMAL=59,interval_proves_cutoff=640;lower_skipped_by_nonpositive_upper=869
146,2,lp,upper,1568,59,0.06311044700000001,0.05415916442871094,677,0,0,59,0,0,0,869,640,0,OPTIMAL=59,interval_proves_cutoff=869;upper_skipped_by_nonnegative_interval_lower=640
146,3,lp,lower,100,0,0.0,0.0,0,0,0,0,0,0,0,9,0,91,,interval_proves_cutoff=9;lower_skipped_by_nonpositive_upper=91
146,3,lp,upper,100,0,0.0,0.0,0,0,0,0,0,0,0,91,9,0,,interval_proves_cutoff=91;upper_skipped_by_nonnegative_interval_lower=9
147,0,lp,lower,9,9,0.036883516,0.03620028495788574,1162,0,0,9,0,0,0,0,0,0,OPTIMAL=9,
147,0,lp,upper,9,9,0.043556526,0.04265403747558594,1292,0,0,9,0,0,0,0,0,0,OPTIMAL=9,
147,1,interval_arithmetic,lower,3136,0,0.0,0.0,0,0,0,0,0,945,0,0,0,2191,,interval_arithmetic=945;lower_skipped_by_nonpositive_upper=2191
147,1,interval_arithmetic,upper,3136,0,0.0,0.0,0,0,0,0,0,3136,0,0,0,0,,interval_arithmetic=3136
147,2,lp,lower,1568,83,0.09164183100000002,0.08842754364013672,1310,0,0,83,0,0,0,676,0,809,OPTIMAL=83,interval_proves_cutoff=676;lower_skipped_by_nonpositive_upper=809
147,2,lp,upper,1568,92,0.11471868700000001,0.10427474975585938,1543,0,0,92,0,0,0,800,676,0,OPTIMAL=92,interval_proves_cutoff=800;upper_skipped_by_nonnegative_interval_lower=676
147,3,lp,lower,100,0,0.0,0.0,0,0,0,0,0,0,0,9,0,91,,interval_proves_cutoff=9;lower_skipped_by_nonpositive_upper=91
147,3,lp,upper,100,0,0.0,0.0,0,0,0,0,0,0,0,91,9,0,,interval_proves_cutoff=91;upper_skipped_by_nonnegative_interval_lower=9
148,0,lp,lower,9,9,0.063761741,0.06291031837463379,1558,0,0,9,0,0,0,0,0,0,OPTIMAL=9,
148,0,lp,upper,9,9,0.06464526899999999,0.06373429298400879,1573,0,0,9,0,0,0,0,0,0,OPTIMAL=9,
148,1,interval_arithmetic,lower,3136,0,0.0,0.0,0,0,0,0,0,975,0,0,0,2161,,interval_arithmetic=975;lower_skipped_by_nonpositive_upper=2161
148,1,interval_arithmetic,upper,3136,0,0.0,0.0,0,0,0,0,0,3136,0,0,0,0,,interval_arithmetic=3136
148,2,lp,lower,1568,87,0.102404281,0.09901142120361328,1378,0,0,87,0,0,0,703,0,778,OPTIMAL=87,interval_proves_cutoff=703;lower_skipped_by_nonpositive_upper=778
148,2,lp,upper,1568,92,0.115256897,0.10492897033691406,1497,0,0,92,0,0,0,773,703,0,OPTIMAL=92,interval_proves_cutoff=773;upper_skipped_by_nonnegative_interval_lower=703
148,3,lp,lower,100,1,0.007060737,0.006975889205932617,261,0,0,1,0,0,0,8,0,91,OPTIMAL=1,interval_proves_cutoff=8;lower_skipped_by_nonpositive_upper=91
148,3,lp,upper,100,1,0.005198599,0.005070924758911133,206,0,0,1,0,0,0,91,8,0,OPTIMAL=1,interval_proves_cutoff=91;upper_skipped_by_nonnegative_interval_lower=8
149,0,lp,lower,9,9,0.093281272,0.09229826927185059,1761,0,0,9,0,0,0,0,0,0,OPTIMAL=9,
149,0,lp,upper,9,9,0.09462997100000001,0.09361052513122559,1862,0,0,9,0,0,0,0,0,0,OPTIMAL=9,
149,1,interval_arithmetic,lower,3136,0,0.0,0.0,0,0,0,0,0,916,0,0,0,2220,,interval_arithmetic=916;lower_skipped_by_nonpositive_upper=2220
149,1,interval_arithmetic,upper,3136,0,0.0,0.0,0,0,0,0,0,3136,0,0,0,0,,interval_arithmetic=3136
149,2,lp,lower,1568,113,0.12546128000000004,0.1210634708404541,1682,0,0,113,0,0,0,656,0,799,OPTIMAL=113,interval_proves_cutoff=656;lower_skipped_by_nonpositive_upper=799
149,2,lp,upper,1568,118,0.14139549399999993,0.13023114204406738,1826,0,0,118,0,0,0,794,656,0,OPTIMAL=118,interval_proves_cutoff=794;upper_skipped_by_nonnegative_interval_lower=656
149,3,lp,lower,100,1,0.012711991,0.012609004974365234,334,0,0,1,0,0,0,8,0,91,OPTIMAL=1,interval_proves_cutoff=8;lower_skipped_by_nonpositive_upper=91
149,3,lp,upper,100,1,0.00954704,0.009417057037353516,254,0,0,1,0,0,0,91,8,0,OPTIMAL=1,interval_proves_cutoff=91;upper_skipped_by_nonnegative_interval_lower=8
150,0,lp,lower,9,9,0.08168135500000001,0.08086609840393066,1858,0,0,9,0,0,0,0,0,0,OPTIMAL=9,
150,0,lp,upper,9,9,0.086993808,0.08607125282287598,1957,0,0,9,0,0,0,0,0,0,OPTIMAL=9,
150,1,interval_arithmetic,lower,3136,0,0.0,0.0,0,0,0,0,0,905,0,0,0,2231,,interval_arithmetic=905;lower_skipped_by_nonpositive_upper=2231
150,1,interval_arithmetic,upper,3136,0,0.0,0.0,0,0,0,0,0,3136,0,0,0,0,,interval_arithmetic=3136
150,2,lp,lower,1568,120,0.15239887200000007,0.14761590957641602,2907,0,0,120,0,0,0,623,0,825,OPTIMAL=120,interval_proves_cutoff=623;lower_skipped_by_nonpositive_upper=825
150,2,lp,upper,1568,141,0.188870004,0.1761484146118164,3350,0,0,141,0,0,0,804,623,0,OPTIMAL=141,interval_proves_cutoff=804;upper_skipped_by_nonnegative_interval_lower=623
150,3,lp,lower,100,0,0.0,0.0,0,0,0,0,0,0,0,9,0,91,,interval_proves_cutoff=9;lower_skipped_by_nonpositive_upper=91
150,3,lp,upper,100,0,0.0,0.0,0,0,0,0,0,0,0,91,9,0,,interval_proves_cutoff=91;upper_skipped_by_nonnegative_interval_lower=9
151,0,lp,lower,9,9,0.050474497,0.0496211051940918,1201,0,0,9,0,0,0,0,0,0,OPTIMAL=9,
151,0,lp,upper,9,9,0.049517369000000006,0.04863095283508301,1323,0,0,9,0,0,0,0,0,0,OPTIMAL=9,
151,1,interval_arithmetic,lower,3136,0,0.0,0.0,0,0,0,0,0,905,0,0,0,2231,,interval_arithmetic=905;lower_skipped_by_nonpositive_upper=2231
151,1,interval_arithmetic,upper,3136,0,0.0,0.0,0,0,0,0,0,3136,0,0,0,0,,interval_arithmetic=3136
151,2,lp,lower,1568,85,0.09019727099999998,0.08685851097106934,1230,0,0,85,0,0,0,658,0,825,OPTIMAL=85,interval_proves_cutoff=658;lower_skipped_by_nonpositive_upper=825
151,2,lp,upper,1568,95,0.115178245,0.10448861122131348,1510,0,0,95,0,0,0,815,658,0,OPTIMAL=95,interval_proves_cutoff=815;upper_skipped_by_nonnegative_interval_lower=658
151,3,lp,lower,100,0,0.0,0.0,0,0,0,0,0,0,0,9,0,91,,interval_proves_cutoff=9;lower_skipped_by_nonpositive_upper=91
151,3,lp,upper,100,0,0.0,0.0,0,0,0,0,0,0,0,91,9,0,,interval_proves_cutoff=91;upper_skipped_by_nonnegative_interval_lower=9
152,0,lp,lower,9,9,0.064705363,0.06377649307250977,1655,0,0,9,0,0,0,0,0,0,OPTIMAL=9,
152,0,lp,upper,9,9,0.071327641,0.07033538818359375,1787,0,0,9,0,0,0,0,0,0,OPTIMAL=9,
152,1,interval_arithmetic,lower,3136,0,0.0,0.0,0,0,0,0,0,948,0,0,0,2188,,interval_arithmetic=948;lower_skipped_by_nonpositive_upper=2188
152,1,interval_arithmetic,upper,3136,0,0.0,0.0,0,0,0,0,0,3136,0,0,0,0,,interval_arithmetic=3136
152,2,lp,lower,1568,113,0.133130176,0.1283855438232422,1859,0,0,113,0,0,0,680,0,775,OPTIMAL=113,interval_proves_cutoff=680;lower_skipped_by_nonpositive_upper=775
152,2,lp,upper,1568,116,0.14284151399999998,0.13135647773742676,1888,0,0,116,0,0,0,772,680,0,OPTIMAL=116,interval_proves_cutoff=772;upper_skipped_by_nonnegative_interval_lower=680
152,3,lp,lower,100,0,0.0,0.0,0,0,0,0,0,0,0,9,0,91,,interval_proves_cutoff=9;lower_skipped_by_nonpositive_upper=91
152,3,lp,upper,100,0,0.0,0.0,0,0,0,0,0,0,0,91,9,0,,interval_proves_cutoff=91;upper_skipped_by_nonnegative_interval_lower=9
153,0,lp,lower,9,9,0.053494817,0.05260443687438965,1343,0,0,9,0,0,0,0,0,0,OPTIMAL=9,
153,0,lp,upper,9,9,0.050097541,0.04912066459655762,1400,0,0,9,0,0,0,0,0,0,OPTIMAL=9,
153,1,interval_arithmetic,lower,3136,0,0.0,0.0,0,0,0,0,0,903,0,0,0,2233,,interval_arithmetic=903;lower_skipped_by_nonpositive_upper=2233
153,1,interval_arithmetic,upper,3136,0,0.0,0.0,0,0,0,0,0,3136,0,0,0,0,,interval_arithmetic=3136
153,2,lp,lower,1568,90,0.10031385799999996,0.09674525260925293,1386,0,0,90,0,0,0,687,0,791,OPTIMAL=90,interval_proves_cutoff=687;lower_skipped_by_nonpositive_upper=791
153,2,lp,upper,1568,91,0.10795958400000001,0.0977315902709961,1537,0,0,91,0,0,0,790,687,0,OPTIMAL=91,interval_proves_cutoff=790;upper_skipped_by_nonnegative_interval_lower=687
153,3,lp,lower,100,0,0.0,0.0,0,0,0,0,0,0,0,9,0,91,,interval_proves_cutoff=9;lower_skipped_by_nonpositive_upper=91
153,3,lp,upper,100,0,0.0,0.0,0,0,0,0,0,0,0,91,9,0,,interval_proves_cutoff=91;upper_skipped_by_nonnegative_interval_lower=9
154,0,lp,lower,9,9,0.08508393200000001,0.08409738540649414,1753,0,0,9,0,0,0,0,0,0,OPTIMAL=9,
154,0,lp,upper,9,9,0.085156759,0.08420968055725098,1709,0,0,9,0,0,0,0,0,0,OPTIMAL=9,
154,1,interval_arithmetic,lower,3136,0,0.0,0.0,0,0,0,0,0,896,0,0,0,2240,,interval_arithmetic=896;lower_skipped_by_nonpositive_upper=2240
154,1,interval_arithmetic,upper,3136,0,0.0,0.0,0,0,0,0,0,3136,0,0,0,0,,interval_arithmetic=3136
154,2,lp,lower,1568,118,0.11526964299999995,0.11076140403747559,1119,0,0,118,0,0,0,668,0,782,OPTIMAL=118,interval_proves_cutoff=668;lower_skipped_by_nonpositive_upper=782
154,2,lp,upper,1568,122,0.129177383,0.11786389350891113,1222,0,0,122,0,0,0,778,668,0,OPTIMAL=122,interval_proves_cutoff=778;upper_skipped_by_nonnegative_interval_lower=668
154,3,lp,lower,100,1,0.008518971,0.008421182632446289,274,0,0,1,0,0,0,8,0,91,OPTIMAL=1,interval_proves_cutoff=8;lower_skipped_by_nonpositive_upper=91
154,3,lp,upper,100,1,0.006980379,0.006847858428955078,245,0,0,1,0,0,0,91,8,0,OPTIMAL=1,interval_proves_cutoff=91;upper_skipped_by_nonnegative_interval_lower=8
155,0,lp,lower,9,9,0.034937792999999995,0.03426480293273926,1004,0,0,9,0,0,0,0,0,0,OPTIMAL=9,
155,0,lp,upper,9,9,0.036338697,0.03564000129699707,1080,0,0,9,0,0,0,0,0,0,OPTIMAL=9,
155,1,interval_arithmetic,lower,3136,0,0.0,0.0,0,0,0,0,0,842,0,0,0,2294,,interval_arithmetic=842;lower_skipped_by_nonpositive_upper=2294
155,1,interval_arithmetic,upper,3136,0,0.0,0.0,0,0,0,0,0,3136,0,0,0,0,,interval_arithmetic=3136
155,2,lp,lower,1568,78,0.066358815,0.0636742115020752,604,0,0,78,0,0,0,615,0,875,OPTIMAL=78,interval_proves_cutoff=615;lower_skipped_by_nonpositive_upper=875
155,2,lp,upper,1568,82,0.07875808000000001,0.06952261924743652,844,0,0,82,0,0,0,871,615,0,OPTIMAL=82,interval_proves_cutoff=871;upper_skipped_by_nonnegative_interval_lower=615
155,3,lp,lower,100,0,0.0,0.0,0,0,0,0,0,0,0,9,0,91,,interval_proves_cutoff=9;lower_skipped_by_nonpositive_upper=91
155,3,lp,upper,100,0,0.0,0.0,0,0,0,0,0,0,0,91,9,0,,interval_proves_cutoff=91;upper_skipped_by_nonnegative_interval_lower=9
156,0,lp,lower,9,9,0.040097565,0.03941607475280762,1212,0,0,9,0,0,0,0,0,0,OPTIMAL=9,
156,0,lp,upper,9,9,0.049116308000000004,0.048192501068115234,1401,0,0,9,0,0,0,0,0,0,OPTIMAL=9,
156,1,interval_arithmetic,lower,3136,0,0.0,0.0,0,0,0,0,0,937,0,0,0,2199,,interval_arithmetic=937;lower_skipped_by_nonpositive_upper=2199
156,1,interval_arithmetic,upper,3136,0,0.0,0.0,0,0,0,0,0,3136,0,0,0,0,,interval_arithmetic=3136
156,2,lp,lower,1568,89,0.09235114199999998,0.08887934684753418,1298,0,0,89,0,0,0,661,0,818,OPTIMAL=89,interval_proves_cutoff=661;lower_skipped_by_nonpositive_upper=818
156,2,lp,upper,1568,102,0.119719374,0.1089334487915039,1688,0,0,102,0,0,0,805,661,0,OPTIMAL=102,interval_proves_cutoff=805;upper_skipped_by_nonnegative_interval_lower=661
156,3,lp,lower,100,0,0.0,0.0,0,0,0,0,0,0,0,9,0,91,,interval_proves_cutoff=9;lower_skipped_by_nonpositive_upper=91
156,3,lp,upper,100,0,0.0,0.0,0,0,0,0,0,0,0,91,9,0,,interval_proves_cutoff=91;upper_skipped_by_nonnegative_interval_lower=9
157,0,lp,lower,9,9,0.06528950300000001,0.06438899040222168,1667,0,0,9,0,0,0,0,0,0,OPTIMAL=9,
157,0,lp,upper,9,9,0.07197915,0.07101702690124512,1678,0,0,9,0,0,0,0,0,0,OPTIMAL=9,
157,1,interval_arithmetic,lower,3136,0,0.0,0.0,0,0,0,0,0,907,0,0,0,2229,,interval_arithmetic=907;lower_skipped_by_nonpositive_upper=2229
157,1,interval_arithmetic,upper,3136,0,0.0,0.0,0,0,0,0,0,3136,0,0,0,0,,interval_arithmetic=3136
157,2,lp,lower,1568,111,0.12656654800000003,0.1222233772277832,2099,0,0,111,0,0,0,654,0,803,OPTIMAL=111,interval_proves_cutoff=654;lower_skipped_by_nonpositive_upper=803
157,2,lp,upper,1568,118,0.14823546699999998,0.13671040534973145,2415,0,0,118,0,0,0,796,654,0,OPTIMAL=118,interval_proves_cutoff=796;upper_skipped_by_nonnegative_interval_lower=654
157,3,lp,lower,100,1,0.007739717,0.0076389312744140625,307,0,0,1,0,0,0,8,0,91,OPTIMAL=1,interval_proves_cutoff=8;lower_skipped_by_nonpositive_upper=91
157,3,lp,upper,100,1,0.00656317,0.006436586380004883,248,0,0,1,0,0,0,91,8,0,OPTIMAL=1,interval_proves_cutoff=91;upper_skipped_by_nonnegative_interval_lower=8
158,0,lp,lower,9,9,0.05288759700000001,0.05198168754577637,1338,0,0,9,0,0,0,0,0,0,OPTIMAL=9,
158,0,lp,upper,9,9,0.058364870000000006,0.05744361877441406,1463,0,0,9,0,0,0,0,0,0,OPTIMAL=9,
158,1,interval_arithmetic,lower,3136,0,0.0,0.0,0,0,0,0,0,901,0,0,0,2235,,interval_arithmetic=901;lower_skipped_by_nonpositive_upper=2235
158,1,interval_arithmetic,upper,3136,0,0.0,0.0,0,0,0,0,0,3136,0,0,0,0,,interval_arithmetic=3136
158,2,lp,lower,1568,95,0.099728151,0.0961008071899414,1098,0,0,95,0,0,0,663,0,810,OPTIMAL=95,interval_proves_cutoff=663;lower_skipped_by_nonpositive_upper=810
158,2,lp,upper,1568,103,0.12128021899999997,0.11079573631286621,1301,0,0,103,0,0,0,802,663,0,OPTIMAL=103,interval_proves_cutoff=802;upper_skipped_by_nonnegative_interval_lower=663
158,3,lp,lower,100,1,0.005835602,0.00574040412902832,253,0,0,1,0,0,0,8,0,91,OPTIMAL=1,interval_proves_cutoff=8;lower_skipped_by_nonpositive_upper=91
158,3,lp,upper,100,1,0.005471213,0.0053501129150390625,202,0,0,1,0,0,0,91,8,0,OPTIMAL=1,interval_proves_cutoff=91;upper_skipped_by_nonnegative_interval_lower=8
159,0,lp,lower,9,9,0.038756087,0.03797554969787598,1129,0,0,9,0,0,0,0,0,0,OPTIMAL=9,
159,0,lp,upper,9,9,0.039671319000000003,0.03881478309631348,1102,0,0,9,0,0,0,0,0,0,OPTIMAL=9,
159,1,interval_arithmetic,lower,3136,0,0.0,0.0,0,0,0,0,0,901,0,0,0,2235,,interval_arithmetic=901;lower_skipped_by_nonpositive_upper=2235
159,1,interval_arithmetic,upper,3136,0,0.0,0.0,0,0,0,0,0,3136,0,0,0,0,,interval_arithmetic=3136
159,2,lp,lower,1568,88,0.09633845799999999,0.09292984008789062,1172,0,0,88,0,0,0,672,0,808,OPTIMAL=88,interval_proves_cutoff=672;lower_skipped_by_nonpositive_upper=808
159,2,lp,upper,1568,94,0.115870522,0.10572123527526855,1286,0,0,94,0,0,0,802,672,0,OPTIMAL=94,interval_proves_cutoff=802;upper_skipped_by_nonnegative_interval_lower=672
159,3,lp,lower,100,2,0.008728590999999999,0.008569955825805664,269,0,0,2,0,0,0,7,0,91,OPTIMAL=2,interval_proves_cutoff=7;lower_skipped_by_nonpositive_upper=91
159,3,lp,upper,100,2,0.011377747,0.01114964485168457,356,0,0,2,0,0,0,91,7,0,OPTIMAL=2,interval_proves_cutoff=91;upper_skipped_by_nonnegative_interval_lower=7
160,0,lp,lower,9,9,0.042154682,0.041361331939697266,1044,0,0,9,0,0,0,0,0,0,OPTIMAL=9,
160,0,lp,upper,9,9,0.04675350799999999,0.04596519470214844,1071,0,0,9,0,0,0,0,0,0,OPTIMAL=9,
160,1,interval_arithmetic,lower,3136,0,0.0,0.0,0,0,0,0,0,868,0,0,0,2268,,interval_arithmetic=868;lower_skipped_by_nonpositive_upper=2268
160,1,interval_arithmetic,upper,3136,0,0.0,0.0,0,0,0,0,0,3136,0,0,0,0,,interval_arithmetic=3136
160,2,lp,lower,1568,63,0.06981696900000002,0.06740760803222656,1063,0,0,63,0,0,0,641,0,864,OPTIMAL=63,interval_proves_cutoff=641;lower_skipped_by_nonpositive_upper=864
160,2,lp,upper,1568,71,0.08824650999999999,0.07881379127502441,1246,0,0,71,0,0,0,856,641,0,OPTIMAL=71,interval_proves_cutoff=856;upper_skipped_by_nonnegative_interval_lower=641
160,3,lp,lower,100,3,0.009847181,0.009652853012084961,295,0,0,3,0,0,0,6,0,91,OPTIMAL=3,interval_proves_cutoff=6;lower_skipped_by_nonpositive_upper=91
160,3,lp,upper,100,3,0.011163438000000001,0.010908365249633789,354,0,0,3,0,0,0,91,6,0,OPTIMAL=3,interval_proves_cutoff=91;upper_skipped_by_nonnegative_interval_lower=6
161,0,lp,lower,9,9,0.038040336,0.037225961685180664,1050,0,0,9,0,0,0,0,0,0,OPTIMAL=9,
161,0,lp,upper,9,9,0.04266972499999999,0.04183006286621094,1215,0,0,9,0,0,0,0,0,0,OPTIMAL=9,
161,1,interval_arithmetic,lower,3136,0,0.0,0.0,0,0,0,0,0,908,0,0,0,2228,,interval_arithmetic=908;lower_skipped_by_nonpositive_upper=2228
161,1,interval_arithmetic,upper,3136,0,0.0,0.0,0,0,0,0,0,3136,0,0,0,0,,interval_arithmetic=3136
161,2,lp,lower,1568,81,0.087070744,0.08400893211364746,1212,0,0,81,0,0,0,666,0,821,OPTIMAL=81,interval_proves_cutoff=666;lower_skipped_by_nonpositive_upper=821
161,2,lp,upper,1568,87,0.10901285300000003,0.09886980056762695,1556,0,0,87,0,0,0,815,666,0,OPTIMAL=87,interval_proves_cutoff=815;upper_skipped_by_nonnegative_interval_lower=666
161,3,lp,lower,100,0,0.0,0.0,0,0,0,0,0,0,0,9,0,91,,interval_proves_cutoff=9;lower_skipped_by_nonpositive_upper=91
161,3,lp,upper,100,0,0.0,0.0,0,0,0,0,0,0,0,91,9,0,,interval_proves_cutoff=91;upper_skipped_by_nonnegative_interval_lower=9
162,0,lp,lower,9,9,0.077429063,0.07655000686645508,1801,0,0,9,0,0,0,0,0,0,OPTIMAL=9,
162,0,lp,upper,9,9,0.080668621,0.07979750633239746,1748,0,0,9,0,0,0,0,0,0,OPTIMAL=9,
162,1,interval_arithmetic,lower,3136,0,0.0,0.0,0,0,0,0,0,930,0,0,0,2206,,interval_arithmetic=930;lower_skipped_by_nonpositive_upper=2206
162,1,interval_arithmetic,upper,3136,0,0.0,0.0,0,0,0,0,0,3136,0,0,0,0,,interval_arithmetic=3136
162,2,lp,lower,1568,98,0.116906459,0.11283493041992188,1911,0,0,98,0,0,0,656,0,814,OPTIMAL=98,interval_proves_cutoff=656;lower_skipped_by_nonpositive_upper=814
162,2,lp,upper,1568,107,0.13645106299999993,0.12528133392333984,2085,0,0,107,0,0,0,805,656,0,OPTIMAL=107,interval_proves_cutoff=805;upper_skipped_by_nonnegative_interval_lower=656
162,3,lp,lower,100,1,0.007356782,0.007267475128173828,274,0,0,1,0,0,0,8,0,91,OPTIMAL=1,interval_proves_cutoff=8;lower_skipped_by_nonpositive_upper=91
162,3,lp,upper,100,1,0.006045393,0.005911111831665039,226,0,0,1,0,0,0,91,8,0,OPTIMAL=1,interval_proves_cutoff=91;upper_skipped_by_nonnegative_interval_lower=8
163,0,lp,lower,9,9,0.033700203,0.03307199478149414,1035,0,0,9,0,0,0,0,0,0,OPTIMAL=9,
163,0,lp,upper,9,9,0.034200011,0.033506155014038086,1034,0,0,9,0,0,0,0,0,0,OPTIMAL=9,
163,1,interval_arithmetic,lower,3136,0,0.0,0.0,0,0,0,0,0,941,0,0,0,2195,,interval_arithmetic=941;lower_skipped_by_nonpositive_upper=2195
163,1,interval_arithmetic,upper,3136,0,0.0,0.0,0,0,0,0,0,3136,0,0,0,0,,interval_arithmetic=3136
163,2,lp,lower,1568,75,0.080437888,0.07747125625610352,807,0,0,75,0,0,0,702,0,791,OPTIMAL=75,interval_proves_cutoff=702;lower_skipped_by_nonpositive_upper=791
163,2,lp,upper,1568,81,0.097996973,0.08836770057678223,998,0,0,81,0,0,0,785,702,0,OPTIMAL=81,interval_proves_cutoff=785;upper_skipped_by_nonnegative_interval_lower=702
163,3,lp,lower,100,0,0.0,0.0,0,0,0,0,0,0,0,8,0,92,,interval_proves_cutoff=8;lower_skipped_by_nonpositive_upper=92
163,3,lp,upper,100,1,0.004208647,0.004092216491699219,163,0,0,1,0,0,0,91,8,0,OPTIMAL=1,interval_proves_cutoff=91;upper_skipped_by_nonnegative_interval_lower=8
164,0,lp,lower,9,9,0.04017726,0.03933548927307129,996,0,0,9,0,0,0,0,0,0,OPTIMAL=9,
164,0,lp,upper,9,9,0.037462822,0.03661346435546875,928,0,0,9,0,0,0,0,0,0,OPTIMAL=9,
164,1,interval_arithmetic,lower,3136,0,0.0,0.0,0,0,0,0,0,913,0,0,0,2223,,interval_arithmetic=913;lower_skipped_by_nonpositive_upper=2223
164,1,interval_arithmetic,upper,3136,0,0.0,0.0,0,0,0,0,0,3136,0,0,0,0,,interval_arithmetic=3136
164,2,lp,lower,1568,70,0.06700410899999999,0.06450724601745605,546,0,0,70,0,0,0,681,0,817,OPTIMAL=70,interval_proves_cutoff=681;lower_skipped_by_nonpositive_upper=817
164,2,lp,upper,1568,71,0.07758392999999998,0.06845307350158691,652,0,0,71,0,0,0,816,681,0,OPTIMAL=71,interval_proves_cutoff=816;upper_skipped_by_nonnegative_interval_lower=681
164,3,lp,lower,100,1,0.004276574,0.004196643829345703,179,0,0,1,0,0,0,8,0,91,OPTIMAL=1,interval_proves_cutoff=8;lower_skipped_by_nonpositive_upper=91
164,3,lp,upper,100,1,0.003814412,0.003695249557495117,165,0,0,1,0,0,0,91,8,0,OPTIMAL=1,interval_proves_cutoff=91;upper_skipped_by_nonnegative_interval_lower=8
165,0,lp,lower,9,9,0.088989528,0.08797192573547363,1773,0,0,9,0,0,0,0,0,0,OPTIMAL=9,
165,0,lp,upper,9,9,0.07805712799999999,0.07702994346618652,1665,0,0,9,0,0,0,0,0,0,OPTIMAL=9,
165,1,interval_arithmetic,lower,3136,0,0.0,0.0,0,0,0,0,0,908,0,0,0,2228,,interval_arithmetic=908;lower_skipped_by_nonpositive_upper=2228
165,1,interval_arithmetic,upper,3136,0,0.0,0.0,0,0,0,0,0,3136,0,0,0,0,,interval_arithmetic=3136
165,2,lp,lower,1568,115,0.131474253,0.12673020362854004,1938,0,0,115,0,0,0,646,0,807,OPTIMAL=115,interval_proves_cutoff=646;lower_skipped_by_nonpositive_upper=807
165,2,lp,upper,1568,127,0.15498001099999997,0.14255666732788086,2243,0,0,127,0,0,0,795,646,0,OPTIMAL=127,interval_proves_cutoff=795;upper_skipped_by_nonnegative_interval_lower=646
165,3,lp,lower,100,2,0.012669792999999999,0.012461662292480469,322,0,0,2,0,0,0,7,0,91,OPTIMAL=2,interval_proves_cutoff=7;lower_skipped_by_nonpositive_upper=91
165,3,lp,upper,100,2,0.015821347,0.015562772750854492,409,0,0,2,0,0,0,91,7,0,OPTIMAL=2,interval_proves_cutoff=91;upper_skipped_by_nonnegative_interval_lower=7
166,0,lp,lower,9,9,0.066965232,0.0660698413848877,1438,0,0,9,0,0,0,0,0,0,OPTIMAL=9,
166,0,lp,upper,9,9,0.058522609,0.05767536163330078,1363,0,0,9,0,0,0,0,0,0,OPTIMAL=9,
166,1,interval_arithmetic,lower,3136,0,0.0,0.0,0,0,0,0,0,939,0,0,0,2197,,interval_arithmetic=939;lower_skipped_by_nonpositive_upper=2197
166,1,interval_arithmetic,upper,3136,0,0.0,0.0,0,0,0,0,0,3136,0,0,0,0,,interval_arithmetic=3136
166,2,lp,lower,1568,87,0.09031251899999998,0.08697175979614258,1008,0,0,87,0,0,0,687,0,794,OPTIMAL=87,interval_proves_cutoff=687;lower_skipped_by_nonpositive_upper=794
166,2,lp,upper,1568,89,0.10491466999999997,0.094696044921875,1161,0,0,89,0,0,0,792,687,0,OPTIMAL=89,interval_proves_cutoff=792;upper_skipped_by_nonnegative_interval_lower=687
166,3,lp,lower,100,1,0.006243556,0.006155490875244141,252,0,0,1,0,0,0,8,0,91,OPTIMAL=1,interval_proves_cutoff=8;lower_skipped_by_nonpositive_upper=91
166,3,lp,upper,100,1,0.004632689,0.004503726959228516,209,0,0,1,0,0,0,91,8,0,OPTIMAL=1,interval_proves_cutoff=91;upper_skipped_by_nonnegative_interval_lower=8
167,0,lp,lower,9,9,0.048867323000000004,0.04804062843322754,1270,0,0,9,0,0,0,0,0,0,OPTIMAL=9,
167,0,lp,upper,9,9,0.061300657999999994,0.06027674674987793,1533,0,0,9,0,0,0,0,0,0,OPTIMAL=9,
167,1,interval_arithmetic,lower,3136,0,0.0,0.0,0,0,0,0,0,917,0,0,0,2219,,interval_arithmetic=917;lower_skipped_by_nonpositive_upper=2219
167,1,interval_arithmetic,upper,3136,0,0.0,0.0,0,0,0,0,0,3136,0,0,0,0,,interval_arithmetic=3136
167,2,lp,lower,1568,106,0.12935954199999997,0.12497830390930176,2097,0,0,106,0,0,0,643,0,819,OPTIMAL=106,interval_proves_cutoff=643;lower_skipped_by_nonpositive_upper=819
167,2,lp,upper,1568,114,0.148588965,0.13722515106201172,2240,0,0,114,0,0,0,811,643,0,OPTIMAL=114,interval_proves_cutoff=811;upper_skipped_by_nonnegative_interval_lower=643
167,3,lp,lower,100,0,0.0,0.0,0,0,0,0,0,0,0,9,0,91,,interval_proves_cutoff=9;lower_skipped_by_nonpositive_upper=91
167,3,lp,upper,100,0,0.0,0.0,0,0,0,0,0,0,0,91,9,0,,interval_proves_cutoff=91;upper_skipped_by_nonnegative_interval_lower=9
168,0,lp,lower,9,9,0.043081032,0.04228925704956055,1202,0,0,9,0,0,0,0,0,0,OPTIMAL=9,
168,0,lp,upper,9,9,0.044643735999999996,0.04384565353393555,1222,0,0,9,0,0,0,0,0,0,OPTIMAL=9,
168,1,interval_arithmetic,lower,3136,0,0.0,0.0,0,0,0,0,0,894,0,0,0,2242,,interval_arithmetic=894;lower_skipped_by_nonpositive_upper=2242
168,1,interval_arithmetic,upper,3136,0,0.0,0.0,0,0,0,0,0,3136,0,0,0,0,,interval_arithmetic=3136
168,2,lp,lower,1568,91,0.08773635100000003,0.0841684341430664,1183,0,0,91,0,0,0,647,0,830,OPTIMAL=91,interval_proves_cutoff=647;lower_skipped_by_nonpositive_upper=830
168,2,lp,upper,1568,101,0.10993514799999997,0.09908175468444824,1459,0,0,101,0,0,0,820,647,0,OPTIMAL=101,interval_proves_cutoff=820;upper_skipped_by_nonnegative_interval_lower=647
168,3,lp,lower,100,1,0.006774518,0.006686687469482422,242,0,0,1,0,0,0,8,0,91,OPTIMAL=1,interval_proves_cutoff=8;lower_skipped_by_nonpositive_upper=91
168,3,lp,upper,100,1,0.005184439,0.005068063735961914,178,0,0,1,0,0,0,91,8,0,OPTIMAL=1,interval_proves_cutoff=91;upper_skipped_by_nonnegative_interval_lower=8
169,0,lp,lower,9,9,0.03354058,0.03283119201660156,927,0,0,9,0,0,0,0,0,0,OPTIMAL=9,
169,0,lp,upper,9,9,0.033337771,0.03254985809326172,877,0,0,9,0,0,0,0,0,0,OPTIMAL=9,
169,1,interval_arithmetic,lower,3136,0,0.0,0.0,0,0,0,0,0,858,0,0,0,2278,,interval_arithmetic=858;lower_skipped_by_nonpositive_upper=2278
169,1,interval_arithmetic,upper,3136,0,0.0,0.0,0,0,0,0,0,3136,0,0,0,0,,interval_arithmetic=3136
169,2,lp,lower,1568,70,0.059810839,0.05730032920837402,665,0,0,70,0,0,0,638,0,860,OPTIMAL=70,interval_proves_cutoff=638;lower_skipped_by_nonpositive_upper=860
169,2,lp,upper,1568,76,0.07418207099999999,0.0648195743560791,677,0,0,76,0,0,0,854,638,0,OPTIMAL=76,interval_proves_cutoff=854;upper_skipped_by_nonnegative_interval_lower=638
169,3,lp,lower,100,1,0.003896916,0.0038177967071533203,173,0,0,1,0,0,0,8,0,91,OPTIMAL=1,interval_proves_cutoff=8;lower_skipped_by_nonpositive_upper=91
169,3,lp,upper,100,1,0.003641178,0.0035130977630615234,146,0,0,1,0,0,0,91,8,0,OPTIMAL=1,interval_proves_cutoff=91;upper_skipped_by_nonnegative_interval_lower=8
170,0,lp,lower,9,9,0.031745646,0.03107595443725586,864,0,0,9,0,0,0,0,0,0,OPTIMAL=9,
170,0,lp,upper,9,9,0.033829027000000005,0.033002376556396484,906,0,0,9,0,0,0,0,0,0,OPTIMAL=9,
170,1,interval_arithmetic,lower,3136,0,0.0,0.0,0,0,0,0,0,889,0,0,0,2247,,interval_arithmetic=889;lower_skipped_by_nonpositive_upper=2247
170,1,interval_arithmetic,upper,3136,0,0.0,0.0,0,0,0,0,0,3136,0,0,0,0,,interval_arithmetic=3136
170,2,lp,lower,1568,76,0.07705421200000001,0.07412600517272949,837,0,0,76,0,0,0,659,0,833,OPTIMAL=76,interval_proves_cutoff=659;lower_skipped_by_nonpositive_upper=833
170,2,lp,upper,1568,88,0.10223234699999993,0.09242129325866699,1169,0,0,88,0,0,0,821,659,0,OPTIMAL=88,interval_proves_cutoff=821;upper_skipped_by_nonnegative_interval_lower=659
170,3,lp,lower,100,1,0.005459433,0.005365848541259766,177,0,0,1,0,0,0,8,0,91,OPTIMAL=1,interval_proves_cutoff=8;lower_skipped_by_nonpositive_upper=91
170,3,lp,upper,100,1,0.005464582,0.005338430404663086,181,0,0,1,0,0,0,91,8,0,OPTIMAL=1,interval_proves_cutoff=91;upper_skipped_by_nonnegative_interval_lower=8
171,0,lp,lower,9,9,0.028443905000000002,0.027693986892700195,773,0,0,9,0,0,0,0,0,0,OPTIMAL=9,
171,0,lp,upper,9,9,0.030483901,0.029602527618408203,834,0,0,9,0,0,0,0,0,0,OPTIMAL=9,
171,1,interval_arithmetic,lower,3136,0,0.0,0.0,0,0,0,0,0,881,0,0,0,2255,,interval_arithmetic=881;lower_skipped_by_nonpositive_upper=2255
171,1,interval_arithmetic,upper,3136,0,0.0,0.0,0,0,0,0,0,3136,0,0,0,0,,interval_arithmetic=3136
171,2,lp,lower,1568,65,0.06054920300000001,0.058080434799194336,628,0,0,65,0,0,0,658,0,845,OPTIMAL=65,interval_proves_cutoff=658;lower_skipped_by_nonpositive_upper=845
171,2,lp,upper,1568,67,0.07056226699999998,0.06187558174133301,721,0,0,67,0,0,0,843,658,0,OPTIMAL=67,interval_proves_cutoff=843;upper_skipped_by_nonnegative_interval_lower=658
171,3,lp,lower,100,0,0.0,0.0,0,0,0,0,0,0,0,9,0,91,,interval_proves_cutoff=9;lower_skipped_by_nonpositive_upper=91
171,3,lp,upper,100,0,0.0,0.0,0,0,0,0,0,0,0,91,9,0,,interval_proves_cutoff=91;upper_skipped_by_nonnegative_interval_lower=9
172,0,lp,lower,9,9,0.03320163699999999,0.03246116638183594,1005,0,0,9,0,0,0,0,0,0,OPTIMAL=9,
172,0,lp,upper,9,9,0.034941145,0.03406238555908203,986,0,0,9,0,0,0,0,0,0,OPTIMAL=9,
172,1,interval_arithmetic,lower,3136,0,0.0,0.0,0,0,0,0,0,936,0,0,0,2200,,interval_arithmetic=936;lower_skipped_by_nonpositive_upper=2200
172,1,interval_arithmetic,upper,3136,0,0.0,0.0,0,0,0,0,0,3136,0,0,0,0,,interval_arithmetic=3136
172,2,lp,lower,1568,72,0.072863463,0.07000946998596191,911,0,0,72,0,0,0,646,0,850,OPTIMAL=72,interval_proves_cutoff=646;lower_skipped_by_nonpositive_upper=850
172,2,lp,upper,1568,76,0.08899512800000002,0.07903432846069336,984,0,0,76,0,0,0,846,646,0,OPTIMAL=76,interval_proves_cutoff=846;upper_skipped_by_nonnegative_interval_lower=646
172,3,lp,lower,100,1,0.004365339,0.004260540008544922,213,0,0,1,0,0,0,8,0,91,OPTIMAL=1,interval_proves_cutoff=8;lower_skipped_by_nonpositive_upper=91
172,3,lp,upper,100,1,0.004007662,0.003882169723510742,164,0,0,1,0,0,0,91,8,0,OPTIMAL=1,interval_proves_cutoff=91;upper_skipped_by_nonnegative_interval_lower=8
173,0,lp,lower,9,9,0.058926056,0.05796051025390625,1598,0,0,9,0,0,0,0,0,0,OPTIMAL=9,
173,0,lp,upper,9,9,0.057563541,0.056603431701660156,1586,0,0,9,0,0,0,0,0,0,OPTIMAL=9,
173,1,interval_arithmetic,lower,3136,0,0.0,0.0,0,0,0,0,0,954,0,0,0,2182,,interval_arithmetic=954;lower_skipped_by_nonpositive_upper=2182
173,1,interval_arithmetic,upper,3136,0,0.0,0.0,0,0,0,0,0,3136,0,0,0,0,,interval_arithmetic=3136
173,2,lp,lower,1568,90,0.10557194700000001,0.10181879997253418,1543,0,0,90,0,0,0,699,0,779,OPTIMAL=90,interval_proves_cutoff=699;lower_skipped_by_nonpositive_upper=779
173,2,lp,upper,1568,97,0.13235358200000003,0.12108039855957031,1928,0,0,97,0,0,0,772,699,0,OPTIMAL=97,interval_proves_cutoff=772;upper_skipped_by_nonnegative_interval_lower=699
173,3,lp,lower,100,1,0.007000358,0.00690007209777832,295,0,0,1,0,0,0,8,0,91,OPTIMAL=1,interval_proves_cutoff=8;lower_skipped_by_nonpositive_upper=91
173,3,lp,upper,100,1,0.007905246,0.0077114105224609375,246,0,0,1,0,0,0,91,8,0,OPTIMAL=1,interval_proves_cutoff=91;upper_skipped_by_nonnegative_interval_lower=8
174,0,lp,lower,9,9,0.140794276,0.139723539352417,2373,0,0,9,0,0,0,0,0,0,OPTIMAL=9,
174,0,lp,upper,9,9,0.15875425999999998,0.15766644477844238,2343,0,0,9,0,0,0,0,0,0,OPTIMAL=9,
174,1,interval_arithmetic,lower,3136,0,0.0,0.0,0,0,0,0,0,925,0,0,0,2211,,interval_arithmetic=925;lower_skipped_by_nonpositive_upper=2211
174,1,interval_arithmetic,upper,3136,0,0.0,0.0,0,0,0,0,0,3136,0,0,0,0,,interval_arithmetic=3136
174,2,lp,lower,1568,139,0.16915798700000007,0.16321921348571777,2651,0,0,139,0,0,0,659,0,770,OPTIMAL=139,interval_proves_cutoff=659;lower_skipped_by_nonpositive_upper=770
174,2,lp,upper,1568,149,0.190842717,0.1772172451019287,3059,0,0,149,0,0,0,760,659,0,OPTIMAL=149,interval_proves_cutoff=760;upper_skipped_by_nonnegative_interval_lower=659
174,3,lp,lower,100,1,0.013791725,0.01365041732788086,366,0,0,1,0,0,0,8,0,91,OPTIMAL=1,interval_proves_cutoff=8;lower_skipped_by_nonpositive_upper=91
174,3,lp,upper,100,1,0.010990165,0.010848522186279297,322,0,0,1,0,0,0,91,8,0,OPTIMAL=1,interval_proves_cutoff=91;upper_skipped_by_nonnegative_interval_lower=8
175,0,lp,lower,9,9,0.033549505,0.032830238342285156,1043,0,0,9,0,0,0,0,0,0,OPTIMAL=9,
175,0,lp,upper,9,9,0.0381856,0.03744935989379883,1147,0,0,9,0,0,0,0,0,0,OPTIMAL=9,
175,1,interval_arithmetic,lower,3136,0,0.0,0.0,0,0,0,0,0,908,0,0,0,2228,,interval_arithmetic=908;lower_skipped_by_nonpositive_upper=2228
175,1,interval_arithmetic,upper,3136,0,0.0,0.0,0,0,0,0,0,3136,0,0,0,0,,interval_arithmetic=3136
175,2,lp,lower,1568,70,0.07489187700000004,0.07216787338256836,1090,0,0,70,0,0,0,671,0,827,OPTIMAL=70,interval_proves_cutoff=671;lower_skipped_by_nonpositive_upper=827
175,2,lp,upper,1568,76,0.090646318,0.08112192153930664,1072,0,0,76,0,0,0,821,671,0,OPTIMAL=76,interval_proves_cutoff=821;upper_skipped_by_nonnegative_interval_lower=671
175,3,lp,lower,100,0,0.0,0.0,0,0,0,0,0,0,0,9,0,91,,interval_proves_cutoff=9;lower_skipped_by_nonpositive_upper=91
175,3,lp,upper,100,0,0.0,0.0,0,0,0,0,0,0,0,91,9,0,,interval_proves_cutoff=91;upper_skipped_by_nonnegative_interval_lower=9
176,0,lp,lower,9,9,0.042436453,0.04177141189575195,1020,0,0,9,0,0,0,0,0,0,OPTIMAL=9,
176,0,lp,upper,9,9,0.045338404,0.04458045959472656,1047,0,0,9,0,0,0,0,0,0,OPTIMAL=9,
176,1,interval_arithmetic,lower,3136,0,0.0,0.0,0,0,0,0,0,839,0,0,0,2297,,interval_arithmetic=839;lower_skipped_by_nonpositive_upper=2297
176,1,interval_arithmetic,upper,3136,0,0.0,0.0,0,0,0,0,0,3136,0,0,0,0,,interval_arithmetic=3136
176,2,lp,lower,1568,87,0.08425025300000002,0.08113932609558105,1165,0,0,87,0,0,0,618,0,863,OPTIMAL=87,interval_proves_cutoff=618;lower_skipped_by_nonpositive_upper=863
176,2,lp,upper,1568,88,0.09403949200000006,0.08440732955932617,1172,0,0,88,0,0,0,862,618,0,OPTIMAL=88,interval_proves_cutoff=862;upper_skipped_by_nonnegative_interval_lower=618
176,3,lp,lower,100,1,0.005961498,0.005869865417480469,203,0,0,1,0,0,0,8,0,91,OPTIMAL=1,interval_proves_cutoff=8;lower_skipped_by_nonpositive_upper=91
176,3,lp,upper,100,1,0.004938779,0.004811286926269531,174,0,0,1,0,0,0,91,8,0,OPTIMAL=1,interval_proves_cutoff=91;upper_skipped_by_nonnegative_interval_lower=8
177,0,lp,lower,9,9,0.044703117,0.04391908645629883,1059,0,0,9,0,0,0,0,0,0,OPTIMAL=9,
177,0,lp,upper,9,9,0.048467705,0.04767441749572754,1093,0,0,9,0,0,0,0,0,0,OPTIMAL=9,
177,1,interval_arithmetic,lower,3136,0,0.0,0.0,0,0,0,0,0,835,0,0,0,2301,,interval_arithmetic=835;lower_skipped_by_nonpositive_upper=2301
177,1,interval_arithmetic,upper,3136,0,0.0,0.0,0,0,0,0,0,3136,0,0,0,0,,interval_arithmetic=3136
177,2,lp,lower,1568,102,0.088997028,0.08533239364624023,763,0,0,102,0,0,0,611,0,855,OPTIMAL=102,interval_proves_cutoff=611;lower_skipped_by_nonpositive_upper=855
177,2,lp,upper,1568,106,0.104216726,0.09402155876159668,956,0,0,106,0,0,0,851,611,0,OPTIMAL=106,interval_proves_cutoff=851;upper_skipped_by_nonnegative_interval_lower=611
177,3,lp,lower,100,1,0.008304912,0.008207082748413086,225,0,0,1,0,0,0,8,0,91,OPTIMAL=1,interval_proves_cutoff=8;lower_skipped_by_nonpositive_upper=91
177,3,lp,upper,100,1,0.007570281,0.007441282272338867,227,0,0,1,0,0,0,91,8,0,OPTIMAL=1,interval_proves_cutoff=91;upper_skipped_by_nonnegative_interval_lower=8
178,0,lp,lower,9,9,0.056302516000000004,0.05539250373840332,1347,0,0,9,0,0,0,0,0,0,OPTIMAL=9,
178,0,lp,upper,9,9,0.06351610199999999,0.06256484985351562,1552,0,0,9,0,0,0,0,0,0,OPTIMAL=9,
178,1,interval_arithmetic,lower,3136,0,0.0,0.0,0,0,0,0,0,920,0,0,0,2216,,interval_arithmetic=920;lower_skipped_by_nonpositive_upper=2216
178,1,interval_arithmetic,upper,3136,0,0.0,0.0,0,0,0,0,0,3136,0,0,0,0,,interval_arithmetic=3136
178,2,lp,lower,1568,100,0.10955335899999998,0.10541820526123047,1650,0,0,100,0,0,0,660,0,808,OPTIMAL=100,interval_proves_cutoff=660;lower_skipped_by_nonpositive_upper=808
178,2,lp,upper,1568,103,0.12297970600000004,0.11182546615600586,1829,0,0,103,0,0,0,805,660,0,OPTIMAL=103,interval_proves_cutoff=805;upper_skipped_by_nonnegative_interval_lower=660
178,3,lp,lower,100,0,0.0,0.0,0,0,0,0,0,0,0,9,0,91,,interval_proves_cutoff=9;lower_skipped_by_nonpositive_upper=91
178,3,lp,upper,100,0,0.0,0.0,0,0,0,0,0,0,0,91,9,0,,interval_proves_cutoff=91;upper_skipped_by_nonnegative_interval_lower=9
179,0,lp,lower,9,9,0.032766184,0.03208136558532715,918,0,0,9,0,0,0,0,0,0,OPTIMAL=9,
179,0,lp,upper,9,9,0.032829492,0.03208112716674805,920,0,0,9,0,0,0,0,0,0,OPTIMAL=9,
179,1,interval_arithmetic,lower,3136,0,0.0,0.0,0,0,0,0,0,856,0,0,0,2280,,interval_arithmetic=856;lower_skipped_by_nonpositive_upper=2280
179,1,interval_arithmetic,upper,3136,0,0.0,0.0,0,0,0,0,0,3136,0,0,0,0,,interval_arithmetic=3136
179,2,lp,lower,1568,62,0.06358947800000002,0.061266422271728516,957,0,0,62,0,0,0,634,0,872,OPTIMAL=62,interval_proves_cutoff=634;lower_skipped_by_nonpositive_upper=872
179,2,lp,upper,1568,65,0.08896827399999999,0.06751656532287598,1182,0,0,65,0,0,0,869,634,0,OPTIMAL=65,interval_proves_cutoff=869;upper_skipped_by_nonnegative_interval_lower=634
179,3,lp,lower,100,0,0.0,0.0,0,0,0,0,0,0,0,8,0,92,,interval_proves_cutoff=8;lower_skipped_by_nonpositive_upper=92
179,3,lp,upper,100,1,0.004057283,0.003938913345336914,144,0,0,1,0,0,0,91,8,0,OPTIMAL=1,interval_proves_cutoff=91;upper_skipped_by_nonnegative_interval_lower=8
180,0,lp,lower,9,9,0.04019360899999999,0.039464712142944336,1180,0,0,9,0,0,0,0,0,0,OPTIMAL=9,
180,0,lp,upper,9,9,0.042074815,0.04117918014526367,1256,0,0,9,0,0,0,0,0,0,OPTIMAL=9,
180,1,interval_arithmetic,lower,3136,0,0.0,0.0,0,0,0,0,0,953,0,0,0,2183,,interval_arithmetic=953;lower_skipped_by_nonpositive_upper=2183
180,1,interval_arithmetic,upper,3136,0,0.0,0.0,0,0,0,0,0,3136,0,0,0,0,,interval_arithmetic=3136
180,2,lp,lower,1568,84,0.09558253099999998,0.09229063987731934,1388,0,0,84,0,0,0,683,0,801,OPTIMAL=84,interval_proves_cutoff=683;lower_skipped_by_nonpositive_upper=801
180,2,lp,upper,1568,88,0.11110624000000004,0.10090279579162598,1629,0,0,88,0,0,0,797,683,0,OPTIMAL=88,interval_proves_cutoff=797;upper_skipped_by_nonnegative_interval_lower=683
180,3,lp,lower,100,0,0.0,0.0,0,0,0,0,0,0,0,9,0,91,,interval_proves_cutoff=9;lower_skipped_by_nonpositive_upper=91
180,3,lp,upper,100,0,0.0,0.0,0,0,0,0,0,0,0,91,9,0,,interval_proves_cutoff=91;upper_skipped_by_nonnegative_interval_lower=9
181,0,lp,lower,9,9,0.024391232000000002,0.023847103118896484,643,0,0,9,0,0,0,0,0,0,OPTIMAL=9,
181,0,lp,upper,9,9,0.023494825,0.022833585739135742,637,0,0,9,0,0,0,0,0,0,OPTIMAL=9,
181,1,interval_arithmetic,lower,3136,0,0.0,0.0,0,0,0,0,0,847,0,0,0,2289,,interval_arithmetic=847;lower_skipped_by_nonpositive_upper=2289
181,1,interval_arithmetic,upper,3136,0,0.0,0.0,0,0,0,0,0,3136,0,0,0,0,,interval_arithmetic=3136
181,2,lp,lower,1568,57,0.050375927,0.048366546630859375,365,0,0,57,0,0,0,640,0,871,OPTIMAL=57,interval_proves_cutoff=640;lower_skipped_by_nonpositive_upper=871
181,2,lp,upper,1568,59,0.063222242,0.05469202995300293,398,0,0,59,0,0,0,869,640,0,OPTIMAL=59,interval_proves_cutoff=869;upper_skipped_by_nonnegative_interval_lower=640
181,3,lp,lower,100,1,0.002939958,0.0028481483459472656,129,0,0,1,0,0,0,8,0,91,OPTIMAL=1,interval_proves_cutoff=8;lower_skipped_by_nonpositive_upper=91
181,3,lp,upper,100,1,0.00294118,0.002827882766723633,116,0,0,1,0,0,0,91,8,0,OPTIMAL=1,interval_proves_cutoff=91;upper_skipped_by_nonnegative_interval_lower=8
182,0,lp,lower,9,9,0.060385930000000004,0.0596466064453125,1340,0,0,9,0,0,0,0,0,0,OPTIMAL=9,
182,0,lp,upper,9,9,0.050041731,0.04929018020629883,1131,0,0,9,0,0,0,0,0,0,OPTIMAL=9,
182,1,interval_arithmetic,lower,3136,0,0.0,0.0,0,0,0,0,0,934,0,0,0,2202,,interval_arithmetic=934;lower_skipped_by_nonpositive_upper=2202
182,1,interval_arithmetic,upper,3136,0,0.0,0.0,0,0,0,0,0,3136,0,0,0,0,,interval_arithmetic=3136
182,2,lp,lower,1568,93,0.09327252900000002,0.08973240852355957,1424,0,0,93,0,0,0,672,0,803,OPTIMAL=93,interval_proves_cutoff=672;lower_skipped_by_nonpositive_upper=803
182,2,lp,upper,1568,105,0.11722746399999996,0.10663270950317383,1747,0,0,105,0,0,0,791,672,0,OPTIMAL=105,interval_proves_cutoff=791;upper_skipped_by_nonnegative_interval_lower=672
182,3,lp,lower,100,1,0.00695346,0.006863832473754883,239,0,0,1,0,0,0,8,0,91,OPTIMAL=1,interval_proves_cutoff=8;lower_skipped_by_nonpositive_upper=91
182,3,lp,upper,100,1,0.006014888,0.005897998809814453,195,0,0,1,0,0,0,91,8,0,OPTIMAL=1,interval_proves_cutoff=91;upper_skipped_by_nonnegative_interval_lower=8
183,0,lp,lower,9,9,0.039089457,0.03818082809448242,1030,0,0,9,0,0,0,0,0,0,OPTIMAL=9,
183,0,lp,upper,9,9,0.03843950300000001,0.03763914108276367,1113,0,0,9,0,0,0,0,0,0,OPTIMAL=9,
183,1,interval_arithmetic,lower,3136,0,0.0,0.0,0,0,0,0,0,881,0,0,0,2255,,interval_arithmetic=881;lower_skipped_by_nonpositive_upper=2255
183,1,interval_arithmetic,upper,3136,0,0.0,0.0,0,0,0,0,0,3136,0,0,0,0,,interval_arithmetic=3136
183,2,lp,lower,1568,77,0.07270964999999999,0.06984114646911621,1039,0,0,77,0,0,0,652,0,839,OPTIMAL=77,interval_proves_cutoff=652;lower_skipped_by_nonpositive_upper=839
183,2,lp,upper,1568,78,0.085700628,0.07607507705688477,1195,0,0,78,0,0,0,838,652,0,OPTIMAL=78,interval_proves_cutoff=838;upper_skipped_by_nonnegative_interval_lower=652
183,3,lp,lower,100,0,0.0,0.0,0,0,0,0,0,0,0,9,0,91,,interval_proves_cutoff=9;lower_skipped_by_nonpositive_upper=91
183,3,lp,upper,100,0,0.0,0.0,0,0,0,0,0,0,0,91,9,0,,interval_proves_cutoff=91;upper_skipped_by_nonnegative_interval_lower=9
184,0,lp,lower,9,9,0.032089251000000006,0.03146481513977051,996,0,0,9,0,0,0,0,0,0,OPTIMAL=9,
184,0,lp,upper,9,9,0.031771466,0.031112194061279297,1023,0,0,9,0,0,0,0,0,0,OPTIMAL=9,
184,1,interval_arithmetic,lower,3136,0,0.0,0.0,0,0,0,0,0,948,0,0,0,2188,,interval_arithmetic=948;lower_skipped_by_nonpositive_upper=2188
184,1,interval_arithmetic,upper,3136,0,0.0,0.0,0,0,0,0,0,3136,0,0,0,0,,interval_arithmetic=3136
184,2,lp,lower,1568,74,0.07218118499999998,0.06938624382019043,482,0,0,74,0,0,0,716,0,778,OPTIMAL=74,interval_proves_cutoff=716;lower_skipped_by_nonpositive_upper=778
184,2,lp,upper,1568,77,0.086625114,0.0771782398223877,579,0,0,77,0,0,0,775,716,0,OPTIMAL=77,interval_proves_cutoff=775;upper_skipped_by_nonnegative_interval_lower=716
184,3,lp,lower,100,0,0.0,0.0,0,0,0,0,0,0,0,8,0,92,,interval_proves_cutoff=8;lower_skipped_by_nonpositive_upper=92
184,3,lp,upper,100,0,0.0,0.0,0,0,0,0,0,0,0,92,8,0,,interval_proves_cutoff=92;upper_skipped_by_nonnegative_interval_lower=8
185,0,lp,lower,9,9,0.082296077,0.0814056396484375,1687,0,0,9,0,0,0,0,0,0,OPTIMAL=9,
185,0,lp,upper,9,9,0.087106729,0.08615350723266602,1779,0,0,9,0,0,0,0,0,0,OPTIMAL=9,
185,1,interval_arithmetic,lower,3136,0,0.0,0.0,0,0,0,0,0,928,0,0,0,2208,,interval_arithmetic=928;lower_skipped_by_nonpositive_upper=2208
185,1,interval_arithmetic,upper,3136,0,0.0,0.0,0,0,0,0,0,3136,0,0,0,0,,interval_arithmetic=3136
185,2,lp,lower,1568,112,0.12829193300000005,0.12391352653503418,1928,0,0,112,0,0,0,670,0,786,OPTIMAL=112,interval_proves_cutoff=670;lower_skipped_by_nonpositive_upper=786
185,2,lp,upper,1568,120,0.151582905,0.1397855281829834,2182,0,0,120,0,0,0,778,670,0,OPTIMAL=120,interval_proves_cutoff=778;upper_skipped_by_nonnegative_interval_lower=670
185,3,lp,lower,100,1,0.009639414,0.009548664093017578,318,0,0,1,0,0,0,8,0,91,OPTIMAL=1,interval_proves_cutoff=8;lower_skipped_by_nonpositive_upper=91
185,3,lp,upper,100,1,0.007999162,0.007876157760620117,249,0,0,1,0,0,0,91,8,0,OPTIMAL=1,interval_proves_cutoff=91;upper_skipped_by_nonnegative_interval_lower=8
186,0,lp,lower,9,9,0.044929166,0.04421663284301758,1227,0,0,9,0,0,0,0,0,0,OPTIMAL=9,
186,0,lp,upper,9,9,0.052341913999999996,0.05159139633178711,1330,0,0,9,0,0,0,0,0,0,OPTIMAL=9,
186,1,interval_arithmetic,lower,3136,0,0.0,0.0,0,0,0,0,0,910,0,0,0,2226,,interval_arithmetic=910;lower_skipped_by_nonpositive_upper=2226
186,1,interval_arithmetic,upper,3136,0,0.0,0.0,0,0,0,0,0,3136,0,0,0,0,,interval_arithmetic=3136
186,2,lp,lower,1568,91,0.097749604,0.09406781196594238,1649,0,0,91,0,0,0,641,0,836,OPTIMAL=91,interval_proves_cutoff=641;lower_skipped_by_nonpositive_upper=836
186,2,lp,upper,1568,106,0.12199125199999997,0.11123228073120117,1973,0,0,106,0,0,0,821,641,0,OPTIMAL=106,interval_proves_cutoff=821;upper_skipped_by_nonnegative_interval_lower=641
186,3,lp,lower,100,3,0.019045312000000002,0.01878666877746582,435,0,0,3,0,0,0,6,0,91,OPTIMAL=3,interval_proves_cutoff=6;lower_skipped_by_nonpositive_upper=91
186,3,lp,upper,100,3,0.016457792,0.01613903045654297,473,0,0,3,0,0,0,91,6,0,OPTIMAL=3,interval_proves_cutoff=91;upper_skipped_by_nonnegative_interval_lower=6
187,0,lp,lower,9,9,0.056840401,0.056000709533691406,1355,0,0,9,0,0,0,0,0,0,OPTIMAL=9,
187,0,lp,upper,9,9,0.067746609,0.06683778762817383,1459,0,0,9,0,0,0,0,0,0,OPTIMAL=9,
187,1,interval_arithmetic,lower,3136,0,0.0,0.0,0,0,0,0,0,957,0,0,0,2179,,interval_arithmetic=957;lower_skipped_by_nonpositive_upper=2179
187,1,interval_arithmetic,upper,3136,0,0.0,0.0,0,0,0,0,0,3136,0,0,0,0,,interval_arithmetic=3136
187,2,lp,lower,1568,85,0.09163125500000002,0.08831930160522461,814,0,0,85,0,0,0,688,0,795,OPTIMAL=85,interval_proves_cutoff=688;lower_skipped_by_nonpositive_upper=795
187,2,lp,upper,1568,86,0.09975770800000001,0.08868837356567383,917,0,0,86,0,0,0,794,688,0,OPTIMAL=86,interval_proves_cutoff=794;upper_skipped_by_nonnegative_interval_lower=688
187,3,lp,lower,100,2,0.008851442000000001,0.008665084838867188,263,0,0,2,0,0,0,7,0,91,OPTIMAL=2,interval_proves_cutoff=7;lower_skipped_by_nonpositive_upper=91
187,3,lp,upper,100,2,0.009004907999999999,0.008786201477050781,310,0,0,2,0,0,0,91,7,0,OPTIMAL=2,interval_proves_cutoff=91;upper_skipped_by_nonnegative_interval_lower=7
188,0,lp,lower,9,9,0.056785528,0.05596327781677246,1443,0,0,9,0,0,0,0,0,0,OPTIMAL=9,
188,0,lp,upper,9,9,0.050454512,0.04956531524658203,1338,0,0,9,0,0,0,0,0,0,OPTIMAL=9,
188,1,interval_arithmetic,lower,3136,0,0.0,0.0,0,0,0,0,0,933,0,0,0,2203,,interval_arithmetic=933;lower_skipped_by_nonpositive_upper=2203
188,1,interval_arithmetic,upper,3136,0,0.0,0.0,0,0,0,0,0,3136,0,0,0,0,,interval_arithmetic=3136
188,2,lp,lower,1568,88,0.10621963899999994,0.10259866714477539,1326,0,0,88,0,0,0,692,0,788,OPTIMAL=88,interval_proves_cutoff=692;lower_skipped_by_nonpositive_upper=788
188,2,lp,upper,1568,100,0.12975147700000003,0.11880016326904297,1526,0,0,100,0,0,0,776,692,0,OPTIMAL=100,interval_proves_cutoff=776;upper_skipped_by_nonnegative_interval_lower=692
188,3,lp,lower,100,1,0.00619286,0.0060884952545166016,259,0,0,1,0,0,0,8,0,91,OPTIMAL=1,interval_proves_cutoff=8;lower_skipped_by_nonpositive_upper=91
188,3,lp,upper,100,1,0.006161582,0.0060389041900634766,224,0,0,1,0,0,0,91,8,0,OPTIMAL=1,interval_proves_cutoff=91;upper_skipped_by_nonnegative_interval_lower=8
189,0,lp,lower,9,9,0.05277212499999999,0.05186724662780762,1386,0,0,9,0,0,0,0,0,0,OPTIMAL=9,
189,0,lp,upper,9,9,0.057831573000000004,0.05687546730041504,1439,0,0,9,0,0,0,0,0,0,OPTIMAL=9,
189,1,interval_arithmetic,lower,3136,0,0.0,0.0,0,0,0,0,0,961,0,0,0,2175,,interval_arithmetic=961;lower_skipped_by_nonpositive_upper=2175
189,1,interval_arithmetic,upper,3136,0,0.0,0.0,0,0,0,0,0,3136,0,0,0,0,,interval_arithmetic=3136
189,2,lp,lower,1568,73,0.08513887100000002,0.08229374885559082,1143,0,0,73,0,0,0,695,0,800,OPTIMAL=73,interval_proves_cutoff=695;lower_skipped_by_nonpositive_upper=800
189,2,lp,upper,1568,81,0.10556969100000001,0.09553909301757812,1290,0,0,81,0,0,0,792,695,0,OPTIMAL=81,interval_proves_cutoff=792;upper_skipped_by_nonnegative_interval_lower=695
189,3,lp,lower,100,1,0.004667963,0.004579305648803711,211,0,0,1,0,0,0,8,0,91,OPTIMAL=1,interval_proves_cutoff=8;lower_skipped_by_nonpositive_upper=91
189,3,lp,upper,100,1,0.004383352,0.004257917404174805,165,0,0,1,0,0,0,91,8,0,OPTIMAL=1,interval_proves_cutoff=91;upper_skipped_by_nonnegative_interval_lower=8
190,0,lp,lower,9,9,0.03667612,0.03587508201599121,933,0,0,9,0,0,0,0,0,0,OPTIMAL=9,
190,0,lp,upper,9,9,0.044152998000000006,0.04329347610473633,1113,0,0,9,0,0,0,0,0,0,OPTIMAL=9,
190,1,interval_arithmetic,lower,3136,0,0.0,0.0,0,0,0,0,0,841,0,0,0,2295,,interval_arithmetic=841;lower_skipped_by_nonpositive_upper=2295
190,1,interval_arithmetic,upper,3136,0,0.0,0.0,0,0,0,0,0,3136,0,0,0,0,,interval_arithmetic=3136
190,2,lp,lower,1568,69,0.06741557,0.06493306159973145,892,0,0,69,0,0,0,628,0,871,OPTIMAL=69,interval_proves_cutoff=628;lower_skipped_by_nonpositive_upper=871
190,2,lp,upper,1568,70,0.07833245999999999,0.0693209171295166,955,0,0,70,0,0,0,870,628,0,OPTIMAL=70,interval_proves_cutoff=870;upper_skipped_by_nonnegative_interval_lower=628
190,3,lp,lower,100,0,0.0,0.0,0,0,0,0,0,0,0,9,0,91,,interval_proves_cutoff=9;lower_skipped_by_nonpositive_upper=91
190,3,lp,upper,100,0,0.0,0.0,0,0,0,0,0,0,0,91,9,0,,interval_proves_cutoff=91;upper_skipped_by_nonnegative_interval_lower=9
191,0,lp,lower,9,9,0.027033362,0.02645564079284668,735,0,0,9,0,0,0,0,0,0,OPTIMAL=9,
191,0,lp,upper,9,9,0.026847386,0.026164770126342773,718,0,0,9,0,0,0,0,0,0,OPTIMAL=9,
191,1,interval_arithmetic,lower,3136,0,0.0,0.0,0,0,0,0,0,882,0,0,0,2254,,interval_arithmetic=882;lower_skipped_by_nonpositive_upper=2254
191,1,interval_arithmetic,upper,3136,0,0.0,0.0,0,0,0,0,0,3136,0,0,0,0,,interval_arithmetic=3136
191,2,lp,lower,1568,49,0.04435133999999999,0.042572021484375,440,0,0,49,0,0,0,648,0,871,OPTIMAL=49,interval_proves_cutoff=648;lower_skipped_by_nonpositive_upper=871
191,2,lp,upper,1568,54,0.059550915999999995,0.05070233345031738,653,0,0,54,0,0,0,866,648,0,OPTIMAL=54,interval_proves_cutoff=866;upper_skipped_by_nonnegative_interval_lower=648
191,3,lp,lower,100,2,0.005521887,0.005387067794799805,140,0,0,2,0,0,0,7,0,91,OPTIMAL=2,interval_proves_cutoff=7;lower_skipped_by_nonpositive_upper=91
191,3,lp,upper,100,2,0.005961729,0.005783796310424805,204,0,0,2,0,0,0,91,7,0,OPTIMAL=2,interval_proves_cutoff=91;upper_skipped_by_nonnegative_interval_lower=7
192,0,lp,lower,9,9,0.023402835,0.022780179977416992,738,0,0,9,0,0,0,0,0,0,OPTIMAL=9,
192,0,lp,upper,9,9,0.025624113000000004,0.024929523468017578,823,0,0,9,0,0,0,0,0,0,OPTIMAL=9,
192,1,interval_arithmetic,lower,3136,0,0.0,0.0,0,0,0,0,0,847,0,0,0,2289,,interval_arithmetic=847;lower_skipped_by_nonpositive_upper=2289
192,1,interval_arithmetic,upper,3136,0,0.0,0.0,0,0,0,0,0,3136,0,0,0,0,,interval_arithmetic=3136
192,2,lp,lower,1568,64,0.05540174199999998,0.05305647850036621,409,0,0,64,0,0,0,623,0,881,OPTIMAL=64,interval_proves_cutoff=623;lower_skipped_by_nonpositive_upper=881
192,2,lp,upper,1568,65,0.06554594399999998,0.056761741638183594,487,0,0,65,0,0,0,880,623,0,OPTIMAL=65,interval_proves_cutoff=880;upper_skipped_by_nonnegative_interval_lower=623
192,3,lp,lower,100,0,0.0,0.0,0,0,0,0,0,0,0,9,0,91,,interval_proves_cutoff=9;lower_skipped_by_nonpositive_upper=91
192,3,lp,upper,100,0,0.0,0.0,0,0,0,0,0,0,0,91,9,0,,interval_proves_cutoff=91;upper_skipped_by_nonnegative_interval_lower=9
193,0,lp,lower,9,9,0.043386709,0.04245591163635254,1357,0,0,9,0,0,0,0,0,0,OPTIMAL=9,
193,0,lp,upper,9,9,0.046185295,0.045290470123291016,1486,0,0,9,0,0,0,0,0,0,OPTIMAL=9,
193,1,interval_arithmetic,lower,3136,0,0.0,0.0,0,0,0,0,0,950,0,0,0,2186,,interval_arithmetic=950;lower_skipped_by_nonpositive_upper=2186
193,1,interval_arithmetic,upper,3136,0,0.0,0.0,0,0,0,0,0,3136,0,0,0,0,,interval_arithmetic=3136
193,2,lp,lower,1568,87,0.09309812299999999,0.08970332145690918,1224,0,0,87,0,0,0,679,0,802,OPTIMAL=87,interval_proves_cutoff=679;lower_skipped_by_nonpositive_upper=802
193,2,lp,upper,1568,92,0.11466696700000001,0.10397696495056152,1498,0,0,92,0,0,0,797,679,0,OPTIMAL=92,interval_proves_cutoff=797;upper_skipped_by_nonnegative_interval_lower=679
193,3,lp,lower,100,0,0.0,0.0,0,0,0,0,0,0,0,9,0,91,,interval_proves_cutoff=9;lower_skipped_by_nonpositive_upper=91
193,3,lp,upper,100,0,0.0,0.0,0,0,0,0,0,0,0,91,9,0,,interval_proves_cutoff=91;upper_skipped_by_nonnegative_interval_lower=9
194,0,lp,lower,9,9,0.08890644900000001,0.08797049522399902,1830,0,0,9,0,0,0,0,0,0,OPTIMAL=9,
194,0,lp,upper,9,9,0.089756035,0.08876776695251465,1781,0,0,9,0,0,0,0,0,0,OPTIMAL=9,
194,1,interval_arithmetic,lower,3136,0,0.0,0.0,0,0,0,0,0,907,0,0,0,2229,,interval_arithmetic=907;lower_skipped_by_nonpositive_upper=2229
194,1,interval_arithmetic,upper,3136,0,0.0,0.0,0,0,0,0,0,3136,0,0,0,0,,interval_arithmetic=3136
194,2,lp,lower,1568,121,0.13497300499999998,0.1302201747894287,2009,0,0,121,0,0,0,629,0,818,OPTIMAL=121,interval_proves_cutoff=629;lower_skipped_by_nonpositive_upper=818
194,2,lp,upper,1568,125,0.14730161199999997,0.13517212867736816,2258,0,0,125,0,0,0,814,629,0,OPTIMAL=125,interval_proves_cutoff=814;upper_skipped_by_nonnegative_interval_lower=629
194,3,lp,lower,100,1,0.015813008,0.015706300735473633,369,0,0,1,0,0,0,8,0,91,OPTIMAL=1,interval_proves_cutoff=8;lower_skipped_by_nonpositive_upper=91
194,3,lp,upper,100,1,0.009526523,0.009317159652709961,271,0,0,1,0,0,0,91,8,0,OPTIMAL=1,interval_proves_cutoff=91;upper_skipped_by_nonnegative_interval_lower=8
195,0,lp,lower,9,9,0.10740711500000001,0.1063988208770752,1995,0,0,9,0,0,0,0,0,0,OPTIMAL=9,
195,0,lp,upper,9,9,0.10316443599999998,0.10214710235595703,2057,0,0,9,0,0,0,0,0,0,OPTIMAL=9,
195,1,interval_arithmetic,lower,3136,0,0.0,0.0,0,0,0,0,0,949,0,0,0,2187,,interval_arithmetic=949;lower_skipped_by_nonpositive_upper=2187
195,1,interval_arithmetic,upper,3136,0,0.0,0.0,0,0,0,0,0,3136,0,0,0,0,,interval_arithmetic=3136
195,2,lp,lower,1568,114,0.12758257899999995,0.12311482429504395,1803,0,0,114,0,0,0,659,0,795,OPTIMAL=114,interval_proves_cutoff=659;lower_skipped_by_nonpositive_upper=795
195,2,lp,upper,1568,123,0.15107972399999997,0.13927888870239258,1978,0,0,123,0,0,0,786,659,0,OPTIMAL=123,interval_proves_cutoff=786;upper_skipped_by_nonnegative_interval_lower=659
195,3,lp,lower,100,1,0.00920392,0.009103059768676758,311,0,0,1,0,0,0,8,0,91,OPTIMAL=1,interval_proves_cutoff=8;lower_skipped_by_nonpositive_upper=91
195,3,lp,upper,100,1,0.007619463,0.007495880126953125,247,0,0,1,0,0,0,91,8,0,OPTIMAL=1,interval_proves_cutoff=91;upper_skipped_by_nonnegative_interval_lower=8
196,0,lp,lower,9,9,0.058441041999999985,0.05753374099731445,1499,0,0,9,0,0,0,0,0,0,OPTIMAL=9,
196,0,lp,upper,9,9,0.055691868,0.05483579635620117,1522,0,0,9,0,0,0,0,0,0,OPTIMAL=9,
196,1,interval_arithmetic,lower,3136,0,0.0,0.0,0,0,0,0,0,865,0,0,0,2271,,interval_arithmetic=865;lower_skipped_by_nonpositive_upper=2271
196,1,interval_arithmetic,upper,3136,0,0.0,0.0,0,0,0,0,0,3136,0,0,0,0,,interval_arithmetic=3136
196,2,lp,lower,1568,89,0.09043168400000001,0.08693528175354004,1626,0,0,89,0,0,0,623,0,856,OPTIMAL=89,interval_proves_cutoff=623;lower_skipped_by_nonpositive_upper=856
196,2,lp,upper,1568,97,0.10963828699999997,0.09883356094360352,1834,0,0,97,0,0,0,848,623,0,OPTIMAL=97,interval_proves_cutoff=848;upper_skipped_by_nonnegative_interval_lower=623
196,3,lp,lower,100,0,0.0,0.0,0,0,0,0,0,0,0,9,0,91,,interval_proves_cutoff=9;lower_skipped_by_nonpositive_upper=91
196,3,lp,upper,100,0,0.0,0.0,0,0,0,0,0,0,0,91,9,0,,interval_proves_cutoff=91;upper_skipped_by_nonnegative_interval_lower=9
197,0,lp,lower,9,9,0.029425115999999998,0.02877044677734375,793,0,0,9,0,0,0,0,0,0,OPTIMAL=9,
197,0,lp,upper,9,9,0.029135907,0.028287410736083984,813,0,0,9,0,0,0,0,0,0,OPTIMAL=9,
197,1,interval_arithmetic,lower,3136,0,0.0,0.0,0,0,0,0,0,869,0,0,0,2267,,interval_arithmetic=869;lower_skipped_by_nonpositive_upper=2267
197,1,interval_arithmetic,upper,3136,0,0.0,0.0,0,0,0,0,0,3136,0,0,0,0,,interval_arithmetic=3136
197,2,lp,lower,1568,63,0.052913707000000004,0.05059027671813965,432,0,0,63,0,0,0,640,0,865,OPTIMAL=63,interval_proves_cutoff=640;lower_skipped_by_nonpositive_upper=865
197,2,lp,upper,1568,64,0.06549972999999999,0.056461334228515625,641,0,0,64,0,0,0,864,640,0,OPTIMAL=64,interval_proves_cutoff=864;upper_skipped_by_nonnegative_interval_lower=640
197,3,lp,lower,100,0,0.0,0.0,0,0,0,0,0,0,0,8,0,92,,interval_proves_cutoff=8;lower_skipped_by_nonpositive_upper=92
197,3,lp,upper,100,0,0.0,0.0,0,0,0,0,0,0,0,92,8,0,,interval_proves_cutoff=92;upper_skipped_by_nonnegative_interval_lower=8
198,0,lp,lower,9,9,0.020499338,0.019827842712402344,612,0,0,9,0,0,0,0,0,0,OPTIMAL=9,
198,0,lp,upper,9,9,0.020452178999999997,0.019771575927734375,616,0,0,9,0,0,0,0,0,0,OPTIMAL=9,
198,1,interval_arithmetic,lower,3136,0,0.0,0.0,0,0,0,0,0,906,0,0,0,2230,,interval_arithmetic=906;lower_skipped_by_nonpositive_upper=2230
198,1,interval_arithmetic,upper,3136,0,0.0,0.0,0,0,0,0,0,3136,0,0,0,0,,interval_arithmetic=3136
198,2,lp,lower,1568,44,0.040530762000000005,0.0389399528503418,189,0,0,44,0,0,0,680,0,844,OPTIMAL=44,interval_proves_cutoff=680;lower_skipped_by_nonpositive_upper=844
198,2,lp,upper,1568,46,0.05029550700000002,0.04206490516662598,253,0,0,46,0,0,0,842,680,0,OPTIMAL=46,interval_proves_cutoff=842;upper_skipped_by_nonnegative_interval_lower=680
198,3,lp,lower,100,0,0.0,0.0,0,0,0,0,0,0,0,8,0,92,,interval_proves_cutoff=8;lower_skipped_by_nonpositive_upper=92
198,3,lp,upper,100,0,0.0,0.0,0,0,0,0,0,0,0,92,8,0,,interval_proves_cutoff=92;upper_skipped_by_nonnegative_interval_lower=8
199,0,lp,lower,9,9,0.057800064,0.05689668655395508,1309,0,0,9,0,0,0,0,0,0,OPTIMAL=9,
199,0,lp,upper,9,9,0.056543569,0.05558204650878906,1189,0,0,9,0,0,0,0,0,0,OPTIMAL=9,
199,1,interval_arithmetic,lower,3136,0,0.0,0.0,0,0,0,0,0,890,0,0,0,2246,,interval_arithmetic=890;lower_skipped_by_nonpositive_upper=2246
199,1,interval_arithmetic,upper,3136,0,0.0,0.0,0,0,0,0,0,3136,0,0,0,0,,interval_arithmetic=3136
199,2,lp,lower,1568,80,0.08716462999999999,0.08378338813781738,1192,0,0,80,0,0,0,641,0,847,OPTIMAL=80,interval_proves_cutoff=641;lower_skipped_by_nonpositive_upper=847
199,2,lp,upper,1568,94,0.112733315,0.10241413116455078,1547,0,0,94,0,0,0,833,641,0,OPTIMAL=94,interval_proves_cutoff=833;upper_skipped_by_nonnegative_interval_lower=641
199,3,lp,lower,100,1,0.00680334,0.006708383560180664,246,0,0,1,0,0,0,8,0,91,OPTIMAL=1,interval_proves_cutoff=8;lower_skipped_by_nonpositive_upper=91
199,3,lp,upper,100,1,0.00507882,0.004953861236572266,193,0,0,1,0,0,0,91,8,0,OPTIMAL=1,interval_proves_cutoff=91;upper_skipped_by_nonnegative_interval_lower=8
200,0,lp,lower,9,9,0.062480114,0.06158280372619629,1393,0,0,9,0,0,0,0,0,0,OPTIMAL=9,
200,0,lp,upper,9,9,0.056829212999999996,0.05584311485290527,1331,0,0,9,0,0,0,0,0,0,OPTIMAL=9,
200,1,interval_arithmetic,lower,3136,0,0.0,0.0,0,0,0,0,0,949,0,0,0,2187,,interval_arithmetic=949;lower_skipped_by_nonpositive_upper=2187
200,1,interval_arithmetic,upper,3136,0,0.0,0.0,0,0,0,0,0,3136,0,0,0,0,,interval_arithmetic=3136
200,2,lp,lower,1568,67,0.065806909,0.06301403045654297,647,0,0,67,0,0,0,673,0,828,OPTIMAL=67,interval_proves_cutoff=673;lower_skipped_by_nonpositive_upper=828
200,2,lp,upper,1568,67,0.075967427,0.06651544570922852,735,0,0,67,0,0,0,828,673,0,OPTIMAL=67,interval_proves_cutoff=828;upper_skipped_by_nonnegative_interval_lower=673
200,3,lp,lower,100,2,0.006202759,0.006023883819580078,217,0,0,2,0,0,0,7,0,91,OPTIMAL=2,interval_proves_cutoff=7;lower_skipped_by_nonpositive_upper=91
200,3,lp,upper,100,2,0.007683494000000001,0.0073964595794677734,258,0,0,2,0,0,0,91,7,0,OPTIMAL=2,interval_proves_cutoff=91;upper_skipped_by_nonnegative_interval_lower=7
201,0,lp,lower,9,9,0.039025117000000005,0.038283348083496094,1218,0,0,9,0,0,0,0,0,0,OPTIMAL=9,
201,0,lp,upper,9,9,0.039578278999999994,0.038690805435180664,1156,0,0,9,0,0,0,0,0,0,OPTIMAL=9,
201,1,interval_arithmetic,lower,3136,0,0.0,0.0,0,0,0,0,0,1004,0,0,0,2132,,interval_arithmetic=1004;lower_skipped_by_nonpositive_upper=2132
201,1,interval_arithmetic,upper,3136,0,0.0,0.0,0,0,0,0,0,3136,0,0,0,0,,interval_arithmetic=3136
201,2,lp,lower,1568,78,0.08560601300000002,0.08243823051452637,1079,0,0,78,0,0,0,706,0,784,OPTIMAL=78,interval_proves_cutoff=706;lower_skipped_by_nonpositive_upper=784
201,2,lp,upper,1568,81,0.10125246800000001,0.09089255332946777,1152,0,0,81,0,0,0,781,706,0,OPTIMAL=81,interval_proves_cutoff=781;upper_skipped_by_nonnegative_interval_lower=706
201,3,lp,lower,100,1,0.006060714,0.005970001220703125,243,0,0,1,0,0,0,8,0,91,OPTIMAL=1,interval_proves_cutoff=8;lower_skipped_by_nonpositive_upper=91
201,3,lp,upper,100,1,0.005081285,0.004885673522949219,185,0,0,1,0,0,0,91,8,0,OPTIMAL=1,interval_proves_cutoff=91;upper_skipped_by_nonnegative_interval_lower=8
202,0,lp,lower,9,9,0.063801549,0.06286072731018066,1594,0,0,9,0,0,0,0,0,0,OPTIMAL=9,
202,0,lp,upper,9,9,0.07458471900000001,0.07359099388122559,1711,0,0,9,0,0,0,0,0,0,OPTIMAL=9,
202,1,interval_arithmetic,lower,3136,0,0.0,0.0,0,0,0,0,0,944,0,0,0,2192,,interval_arithmetic=944;lower_skipped_by_nonpositive_upper=2192
202,1,interval_arithmetic,upper,3136,0,0.0,0.0,0,0,0,0,0,3136,0,0,0,0,,interval_arithmetic=3136
202,2,lp,lower,1568,106,0.12072270299999996,0.11634612083435059,1474,0,0,106,0,0,0,668,0,794,OPTIMAL=106,interval_proves_cutoff=668;lower_skipped_by_nonpositive_upper=794
202,2,lp,upper,1568,114,0.13936350999999994,0.12787342071533203,1631,0,0,114,0,0,0,786,668,0,OPTIMAL=114,interval_proves_cutoff=786;upper_skipped_by_nonnegative_interval_lower=668
202,3,lp,lower,100,1,0.007940833,0.00782155990600586,284,0,0,1,0,0,0,7,0,92,OPTIMAL=1,interval_proves_cutoff=7;lower_skipped_by_nonpositive_upper=92
202,3,lp,upper,100,1,0.006085771,0.005951642990112305,231,0,0,1,0,0,0,92,7,0,OPTIMAL=1,interval_proves_cutoff=92;upper_skipped_by_nonnegative_interval_lower=7
203,0,lp,lower,9,9,0.035580431999999995,0.03457808494567871,870,0,0,9,0,0,0,0,0,0,OPTIMAL=9,
203,0,lp,upper,9,9,0.050902772,0.05008268356323242,1006,0,0,9,0,0,0,0,0,0,OPTIMAL=9,
203,1,interval_arithmetic,lower,3136,0,0.0,0.0,0,0,0,0,0,851,0,0,0,2285,,interval_arithmetic=851;lower_skipped_by_nonpositive_upper=2285
203,1,interval_arithmetic,upper,3136,0,0.0,0.0,0,0,0,0,0,3136,0,0,0,0,,interval_arithmetic=3136
203,2,lp,lower,1568,61,0.05432586099999996,0.052100419998168945,365,0,0,61,0,0,0,629,0,878,OPTIMAL=61,interval_proves_cutoff=629;lower_skipped_by_nonpositive_upper=878
203,2,lp,upper,1568,61,0.063968423,0.05521202087402344,416,0,0,61,0,0,0,878,629,0,OPTIMAL=61,interval_proves_cutoff=878;upper_skipped_by_nonnegative_interval_lower=629
203,3,lp,lower,100,2,0.006891775,0.006746768951416016,183,0,0,2,0,0,0,7,0,91,OPTIMAL=2,interval_proves_cutoff=7;lower_skipped_by_nonpositive_upper=91
203,3,lp,upper,100,2,0.00720012,0.007002353668212891,240,0,0,2,0,0,0,91,7,0,OPTIMAL=2,interval_proves_cutoff=91;upper_skipped_by_nonnegative_interval_lower=7
204,0,lp,lower,9,9,0.037173092,0.0363924503326416,955,0,0,9,0,0,0,0,0,0,OPTIMAL=9,
204,0,lp,upper,9,9,0.047072410999999995,0.046195030212402344,1090,0,0,9,0,0,0,0,0,0,OPTIMAL=9,
204,1,interval_arithmetic,lower,3136,0,0.0,0.0,0,0,0,0,0,838,0,0,0,2298,,interval_arithmetic=838;lower_skipped_by_nonpositive_upper=2298
204,1,interval_arithmetic,upper,3136,0,0.0,0.0,0,0,0,0,0,3136,0,0,0,0,,interval_arithmetic=3136
204,2,lp,lower,1568,90,0.07951714400000001,0.07623648643493652,686,0,0,90,0,0,0,614,0,864,OPTIMAL=90,interval_proves_cutoff=614;lower_skipped_by_nonpositive_upper=864
204,2,lp,upper,1568,92,0.09295743099999998,0.08312821388244629,866,0,0,92,0,0,0,862,614,0,OPTIMAL=92,interval_proves_cutoff=862;upper_skipped_by_nonnegative_interval_lower=614
204,3,lp,lower,100,0,0.0,0.0,0,0,0,0,0,0,0,9,0,91,,interval_proves_cutoff=9;lower_skipped_by_nonpositive_upper=91
204,3,lp,upper,100,0,0.0,0.0,0,0,0,0,0,0,0,91,9,0,,interval_proves_cutoff=91;upper_skipped_by_nonnegative_interval_lower=9
205,0,lp,lower,9,9,0.036949234000000004,0.036144256591796875,879,0,0,9,0,0,0,0,0,0,OPTIMAL=9,
205,0,lp,upper,9,9,0.037821452,0.03708958625793457,898,0,0,9,0,0,0,0,0,0,OPTIMAL=9,
205,1,interval_arithmetic,lower,3136,0,0.0,0.0,0,0,0,0,0,839,0,0,0,2297,,interval_arithmetic=839;lower_skipped_by_nonpositive_upper=2297
205,1,interval_arithmetic,upper,3136,0,0.0,0.0,0,0,0,0,0,3136,0,0,0,0,,interval_arithmetic=3136
205,2,lp,lower,1568,67,0.063922523,0.06149411201477051,746,0,0,67,0,0,0,623,0,878,OPTIMAL=67,interval_proves_cutoff=623;lower_skipped_by_nonpositive_upper=878
205,2,lp,upper,1568,72,0.08119386299999999,0.07205057144165039,993,0,0,72,0,0,0,873,623,0,OPTIMAL=72,interval_proves_cutoff=873;upper_skipped_by_nonnegative_interval_lower=623
205,3,lp,lower,100,1,0.003666094,0.0035848617553710938,146,0,0,1,0,0,0,8,0,91,OPTIMAL=1,interval_proves_cutoff=8;lower_skipped_by_nonpositive_upper=91
205,3,lp,upper,100,1,0.003811254,0.003694295883178711,140,0,0,1,0,0,0,91,8,0,OPTIMAL=1,interval_proves_cutoff=91;upper_skipped_by_nonnegative_interval_lower=8
206,0,lp,lower,9,9,0.039149902,0.03835773468017578,1084,0,0,9,0,0,0,0,0,0,OPTIMAL=9,
206,0,lp,upper,9,9,0.049273611,0.048458099365234375,1167,0,0,9,0,0,0,0,0,0,OPTIMAL=9,
206,1,interval_arithmetic,lower,3136,0,0.0,0.0,0,0,0,0,0,879,0,0,0,2257,,interval_arithmetic=879;lower_skipped_by_nonpositive_upper=2257
206,1,interval_arithmetic,upper,3136,0,0.0,0.0,0,0,0,0,0,3136,0,0,0,0,,interval_arithmetic=3136
206,2,lp,lower,1568,82,0.08589688,0.08262467384338379,1278,0,0,82,0,0,0,656,0,830,OPTIMAL=82,interval_proves_cutoff=656;lower_skipped_by_nonpositive_upper=830
206,2,lp,upper,1568,86,0.10181133900000001,0.09202432632446289,1531,0,0,86,0,0,0,826,656,0,OPTIMAL=86,interval_proves_cutoff=826;upper_skipped_by_nonnegative_interval_lower=656
206,3,lp,lower,100,1,0.007874219,0.007782697677612305,225,0,0,1,0,0,0,7,0,92,OPTIMAL=1,interval_proves_cutoff=7;lower_skipped_by_nonpositive_upper=92
206,3,lp,upper,100,2,0.010230137,0.009995698928833008,328,0,0,2,0,0,0,91,7,0,OPTIMAL=2,interval_proves_cutoff=91;upper_skipped_by_nonnegative_interval_lower=7
207,0,lp,lower,9,9,0.05090172999999999,0.05008864402770996,1310,0,0,9,0,0,0,0,0,0,OPTIMAL=9,
207,0,lp,upper,9,9,0.047056803,0.04625272750854492,1326,0,0,9,0,0,0,0,0,0,OPTIMAL=9,
207,1,interval_arithmetic,lower,3136,0,0.0,0.0,0,0,0,0,0,917,0,0,0,2219,,interval_arithmetic=917;lower_skipped_by_nonpositive_upper=2219
207,1,interval_arithmetic,upper,3136,0,0.0,0.0,0,0,0,0,0,3136,0,0,0,0,,interval_arithmetic=3136
207,2,lp,lower,1568,79,0.090536611,0.08736300468444824,1422,0,0,79,0,0,0,662,0,827,OPTIMAL=79,interval_proves_cutoff=662;lower_skipped_by_nonpositive_upper=827
207,2,lp,upper,1568,81,0.10132388199999998,0.09102344512939453,1579,0,0,81,0,0,0,825,662,0,OPTIMAL=81,interval_proves_cutoff=825;upper_skipped_by_nonnegative_interval_lower=662
207,3,lp,lower,100,0,0.0,0.0,0,0,0,0,0,0,0,9,0,91,,interval_proves_cutoff=9;lower_skipped_by_nonpositive_upper=91
207,3,lp,upper,100,0,0.0,0.0,0,0,0,0,0,0,0,91,9,0,,interval_proves_cutoff=91;upper_skipped_by_nonnegative_interval_lower=9
208,0,lp,lower,9,9,0.061977625999999994,0.06107521057128906,1514,0,0,9,0,0,0,0,0,0,OPTIMAL=9,
208,0,lp,upper,9,9,0.069456606,0.06850934028625488,1521,0,0,9,0,0,0,0,0,0,OPTIMAL=9,
208,1,interval_arithmetic,lower,3136,0,0.0,0.0,0,0,0,0,0,921,0,0,0,2215,,interval_arithmetic=921;lower_skipped_by_nonpositive_upper=2215
208,1,interval_arithmetic,upper,3136,0,0.0,0.0,0,0,0,0,0,3136,0,0,0,0,,interval_arithmetic=3136
208,2,lp,lower,1568,113,0.12170396499999997,0.11725211143493652,1747,0,0,113,0,0,0,670,0,785,OPTIMAL=113,interval_proves_cutoff=670;lower_skipped_by_nonpositive_upper=785
208,2,lp,upper,1568,123,0.14228975900000004,0.13022208213806152,1989,0,0,123,0,0,0,775,670,0,OPTIMAL=123,interval_proves_cutoff=775;upper_skipped_by_nonnegative_interval_lower=670
208,3,lp,lower,100,1,0.008860691,0.008733272552490234,300,0,0,1,0,0,0,8,0,91,OPTIMAL=1,interval_proves_cutoff=8;lower_skipped_by_nonpositive_upper=91
208,3,lp,upper,100,1,0.00885507,0.008724451065063477,269,0,0,1,0,0,0,91,8,0,OPTIMAL=1,interval_proves_cutoff=91;upper_skipped_by_nonnegative_interval_lower=8
209,0,lp,lower,9,9,0.060727866,0.059807538986206055,1501,0,0,9,0,0,0,0,0,0,OPTIMAL=9,
209,0,lp,upper,9,9,0.07149288499999999,0.0705115795135498,1591,0,0,9,0,0,0,0,0,0,OPTIMAL=9,
209,1,interval_arithmetic,lower,3136,0,0.0,0.0,0,0,0,0,0,908,0,0,0,2228,,interval_arithmetic=908;lower_skipped_by_nonpositive_upper=2228
209,1,interval_arithmetic,upper,3136,0,0.0,0.0,0,0,0,0,0,3136,0,0,0,0,,interval_arithmetic=3136
209,2,lp,lower,1568,108,0.11301374699999994,0.1087806224822998,1549,0,0,108,0,0,0,662,0,798,OPTIMAL=108,interval_proves_cutoff=662;lower_skipped_by_nonpositive_upper=798
209,2,lp,upper,1568,111,0.12421513100000002,0.1130516529083252,1576,0,0,111,0,0,0,795,662,0,OPTIMAL=111,interval_proves_cutoff=795;upper_skipped_by_nonnegative_interval_lower=662
209,3,lp,lower,100,1,0.007974998,0.007877826690673828,265,0,0,1,0,0,0,8,0,91,OPTIMAL=1,interval_proves_cutoff=8;lower_skipped_by_nonpositive_upper=91
209,3,lp,upper,100,1,0.008034069,0.007910013198852539,260,0,0,1,0,0,0,91,8,0,OPTIMAL=1,interval_proves_cutoff=91;upper_skipped_by_nonnegative_interval_lower=8
210,0,lp,lower,9,9,0.02561505,0.02500128746032715,808,0,0,9,0,0,0,0,0,0,OPTIMAL=9,
210,0,lp,upper,9,9,0.025404491,0.02472209930419922,788,0,0,9,0,0,0,0,0,0,OPTIMAL=9,
210,1,interval_arithmetic,lower,3136,0,0.0,0.0,0,0,0,0,0,917,0,0,0,2219,,interval_arithmetic=917;lower_skipped_by_nonpositive_upper=2219
210,1,interval_arithmetic,upper,3136,0,0.0,0.0,0,0,0,0,0,3136,0,0,0,0,,interval_arithmetic=3136
210,2,lp,lower,1568,54,0.050040647,0.04801225662231445,453,0,0,54,0,0,0,672,0,842,OPTIMAL=54,interval_proves_cutoff=672;lower_skipped_by_nonpositive_upper=842
210,2,lp,upper,1568,55,0.060296029,0.05162501335144043,595,0,0,55,0,0,0,841,672,0,OPTIMAL=55,interval_proves_cutoff=841;upper_skipped_by_nonnegative_interval_lower=672
210,3,lp,lower,100,0,0.0,0.0,0,0,0,0,0,0,0,8,0,92,,interval_proves_cutoff=8;lower_skipped_by_nonpositive_upper=92
210,3,lp,upper,100,1,0.003460881,0.003284931182861328,131,0,0,1,0,0,0,91,8,0,OPTIMAL=1,interval_proves_cutoff=91;upper_skipped_by_nonnegative_interval_lower=8
211,0,lp,lower,9,9,0.037155788,0.036423444747924805,1094,0,0,9,0,0,0,0,0,0,OPTIMAL=9,
211,0,lp,upper,9,9,0.038725919,0.037941932678222656,1071,0,0,9,0,0,0,0,0,0,OPTIMAL=9,
211,1,interval_arithmetic,lower,3136,0,0.0,0.0,0,0,0,0,0,894,0,0,0,2242,,interval_arithmetic=894;lower_skipped_by_nonpositive_upper=2242
211,1,interval_arithmetic,upper,3136,0,0.0,0.0,0,0,0,0,0,3136,0,0,0,0,,interval_arithmetic=3136
211,2,lp,lower,1568,80,0.085485408,0.08222603797912598,1276,0,0,80,0,0,0,647,0,841,OPTIMAL=80,interval_proves_cutoff=647;lower_skipped_by_nonpositive_upper=841
211,2,lp,upper,1568,89,0.10322112599999997,0.09303832054138184,1466,0,0,89,0,0,0,832,647,0,OPTIMAL=89,interval_proves_cutoff=832;upper_skipped_by_nonnegative_interval_lower=647
211,3,lp,lower,100,1,0.005906006,0.005816936492919922,219,0,0,1,0,0,0,8,0,91,OPTIMAL=1,interval_proves_cutoff=8;lower_skipped_by_nonpositive_upper=91
211,3,lp,upper,100,1,0.005248018,0.005113840103149414,206,0,0,1,0,0,0,91,8,0,OPTIMAL=1,interval_proves_cutoff=91;upper_skipped_by_nonnegative_interval_lower=8
212,0,lp,lower,9,9,0.100374345,0.09942340850830078,1934,0,0,9,0,0,0,0,0,0,OPTIMAL=9,
212,0,lp,upper,9,9,0.09347549499999999,0.0924832820892334,1885,0,0,9,0,0,0,0,0,0,OPTIMAL=9,
212,1,interval_arithmetic,lower,3136,0,0.0,0.0,0,0,0,0,0,899,0,0,0,2237,,interval_arithmetic=899;lower_skipped_by_nonpositive_upper=2237
212,1,interval_arithmetic,upper,3136,0,0.0,0.0,0,0,0,0,0,3136,0,0,0,0,,interval_arithmetic=3136
212,2,lp,lower,1568,104,0.11974331899999999,0.11562681198120117,1846,0,0,104,0,0,0,645,0,819,OPTIMAL=104,interval_proves_cutoff=645;lower_skipped_by_nonpositive_upper=819
212,2,lp,upper,1568,110,0.13908045300000008,0.12761473655700684,2047,0,0,110,0,0,0,813,645,0,OPTIMAL=110,interval_proves_cutoff=813;upper_skipped_by_nonnegative_interval_lower=645
212,3,lp,lower,100,1,0.008959868,0.00883626937866211,318,0,0,1,0,0,0,8,0,91,OPTIMAL=1,interval_proves_cutoff=8;lower_skipped_by_nonpositive_upper=91
212,3,lp,upper,100,1,0.007044412,0.006908893585205078,237,0,0,1,0,0,0,91,8,0,OPTIMAL=1,interval_proves_cutoff=91;upper_skipped_by_nonnegative_interval_lower=8
213,0,lp,lower,9,9,0.09013449200000001,0.08916807174682617,1727,0,0,9,0,0,0,0,0,0,OPTIMAL=9,
213,0,lp,upper,9,9,0.081789166,0.080841064453125,1507,0,0,9,0,0,0,0,0,0,OPTIMAL=9,
213,1,interval_arithmetic,lower,3136,0,0.0,0.0,0,0,0,0,0,921,0,0,0,2215,,interval_arithmetic=921;lower_skipped_by_nonpositive_upper=2215
213,1,interval_arithmetic,upper,3136,0,0.0,0.0,0,0,0,0,0,3136,0,0,0,0,,interval_arithmetic=3136
213,2,lp,lower,1568,96,0.09749906500000002,0.09382104873657227,1009,0,0,96,0,0,0,651,0,821,OPTIMAL=96,interval_proves_cutoff=651;lower_skipped_by_nonpositive_upper=821
213,2,lp,upper,1568,96,0.10949721999999999,0.0990598201751709,1164,0,0,96,0,0,0,821,651,0,OPTIMAL=96,interval_proves_cutoff=821;upper_skipped_by_nonnegative_interval_lower=651
213,3,lp,lower,100,2,0.011802983,0.011620044708251953,297,0,0,2,0,0,0,7,0,91,OPTIMAL=2,interval_proves_cutoff=7;lower_skipped_by_nonpositive_upper=91
213,3,lp,upper,100,2,0.012692032999999998,0.012448310852050781,373,0,0,2,0,0,0,91,7,0,OPTIMAL=2,interval_proves_cutoff=91;upper_skipped_by_nonnegative_interval_lower=7
214,0,lp,lower,9,9,0.052232998,0.05136585235595703,1252,0,0,9,0,0,0,0,0,0,OPTIMAL=9,
214,0,lp,upper,9,9,0.058777209999999996,0.057825326919555664,1345,0,0,9,0,0,0,0,0,0,OPTIMAL=9,
214,1,interval_arithmetic,lower,3136,0,0.0,0.0,0,0,0,0,0,878,0,0,0,2258,,interval_arithmetic=878;lower_skipped_by_nonpositive_upper=2258
214,1,interval_arithmetic,upper,3136,0,0.0,0.0,0,0,0,0,0,3136,0,0,0,0,,interval_arithmetic=3136
214,2,lp,lower,1568,74,0.084338651,0.08122515678405762,1239,0,0,74,0,0,0,642,0,852,OPTIMAL=74,interval_proves_cutoff=642;lower_skipped_by_nonpositive_upper=852
214,2,lp,upper,1568,83,0.10294162299999997,0.09309768676757812,1469,0,0,83,0,0,0,843,642,0,OPTIMAL=83,interval_proves_cutoff=843;upper_skipped_by_nonnegative_interval_lower=642
214,3,lp,lower,100,2,0.009593036,0.009425878524780273,252,0,0,2,0,0,0,7,0,91,OPTIMAL=2,interval_proves_cutoff=7;lower_skipped_by_nonpositive_upper=91
214,3,lp,upper,100,2,0.008614529,0.008404970169067383,289,0,0,2,0,0,0,91,7,0,OPTIMAL=2,interval_proves_cutoff=91;upper_skipped_by_nonnegative_interval_lower=7
215,0,lp,lower,9,9,0.031295518,0.030611276626586914,934,0,0,9,0,0,0,0,0,0,OPTIMAL=9,
215,0,lp,upper,9,9,0.035370054,0.03456568717956543,972,0,0,9,0,0,0,0,0,0,OPTIMAL=9,
215,1,interval_arithmetic,lower,3136,0,0.0,0.0,0,0,0,0,0,914,0,0,0,2222,,interval_arithmetic=914;lower_skipped_by_nonpositive_upper=2222
215,1,interval_arithmetic,upper,3136,0,0.0,0.0,0,0,0,0,0,3136,0,0,0,0,,interval_arithmetic=3136
215,2,lp,lower,1568,69,0.07043309199999999,0.06775498390197754,827,0,0,69,0,0,0,664,0,835,OPTIMAL=69,interval_proves_cutoff=664;lower_skipped_by_nonpositive_upper=835
215,2,lp,upper,1568,74,0.08426861600000002,0.07488203048706055,1013,0,0,74,0,0,0,830,664,0,OPTIMAL=74,interval_proves_cutoff=830;upper_skipped_by_nonnegative_interval_lower=664
215,3,lp,lower,100,1,0.006117695,0.0060350894927978516,221,0,0,1,0,0,0,8,0,91,OPTIMAL=1,interval_proves_cutoff=8;lower_skipped_by_nonpositive_upper=91
215,3,lp,upper,100,1,0.004247352,0.004127025604248047,164,0,0,1,0,0,0,91,8,0,OPTIMAL=1,interval_proves_cutoff=91;upper_skipped_by_nonnegative_interval_lower=8
216,0,lp,lower,9,9,0.040425527999999995,0.03962373733520508,1165,0,0,9,0,0,0,0,0,0,OPTIMAL=9,
216,0,lp,upper,9,9,0.04205730499999999,0.0412297248840332,1220,0,0,9,0,0,0,0,0,0,OPTIMAL=9,
216,1,interval_arithmetic,lower,3136,0,0.0,0.0,0,0,0,0,0,938,0,0,0,2198,,interval_arithmetic=938;lower_skipped_by_nonpositive_upper=2198
216,1,interval_arithmetic,upper,3136,0,0.0,0.0,0,0,0,0,0,3136,0,0,0,0,,interval_arithmetic=3136
216,2,lp,lower,1568,77,0.08337829400000002,0.08031344413757324,1168,0,0,77,0,0,0,682,0,809,OPTIMAL=77,interval_proves_cutoff=682;lower_skipped_by_nonpositive_upper=809
216,2,lp,upper,1568,83,0.10157194300000001,0.09141302108764648,1267,0,0,83,0,0,0,803,682,0,OPTIMAL=83,interval_proves_cutoff=803;upper_skipped_by_nonnegative_interval_lower=682
216,3,lp,lower,100,1,0.005817575,0.0057218074798583984,212,0,0,1,0,0,0,8,0,91,OPTIMAL=1,interval_proves_cutoff=8;lower_skipped_by_nonpositive_upper=91
216,3,lp,upper,100,1,0.005089234,0.004965066909790039,186,0,0,1,0,0,0,91,8,0,OPTIMAL=1,interval_proves_cutoff=91;upper_skipped_by_nonnegative_interval_lower=8
217,0,lp,lower,9,9,0.050746018999999996,0.04995083808898926,1321,0,0,9,0,0,0,0,0,0,OPTIMAL=9,
217,0,lp,upper,9,9,0.066443324,0.06557464599609375,1551,0,0,9,0,0,0,0,0,0,OPTIMAL=9,
217,1,interval_arithmetic,lower,3136,0,0.0,0.0,0,0,0,0,0,915,0,0,0,2221,,interval_arithmetic=915;lower_skipped_by_nonpositive_upper=2221
217,1,interval_arithmetic,upper,3136,0,0.0,0.0,0,0,0,0,0,3136,0,0,0,0,,interval_arithmetic=3136
217,2,lp,lower,1568,89,0.09750788999999999,0.09391546249389648,1100,0,0,89,0,0,0,662,0,817,OPTIMAL=89,interval_proves_cutoff=662;lower_skipped_by_nonpositive_upper=817
217,2,lp,upper,1568,97,0.11419553799999999,0.10358786582946777,1334,0,0,97,0,0,0,809,662,0,OPTIMAL=97,interval_proves_cutoff=809;upper_skipped_by_nonnegative_interval_lower=662
217,3,lp,lower,100,2,0.009623212999999999,0.009462833404541016,276,0,0,2,0,0,0,7,0,91,OPTIMAL=2,interval_proves_cutoff=7;lower_skipped_by_nonpositive_upper=91
217,3,lp,upper,100,2,0.009905037,0.009690284729003906,352,0,0,2,0,0,0,91,7,0,OPTIMAL=2,interval_proves_cutoff=91;upper_skipped_by_nonnegative_interval_lower=7
218,0,lp,lower,9,9,0.03198778,0.031200647354125977,905,0,0,9,0,0,0,0,0,0,OPTIMAL=9,
218,0,lp,upper,9,9,0.04052701499999999,0.03967595100402832,1041,0,0,9,0,0,0,0,0,0,OPTIMAL=9,
218,1,interval_arithmetic,lower,3136,0,0.0,0.0,0,0,0,0,0,908,0,0,0,2228,,interval_arithmetic=908;lower_skipped_by_nonpositive_upper=2228
218,1,interval_arithmetic,upper,3136,0,0.0,0.0,0,0,0,0,0,3136,0,0,0,0,,interval_arithmetic=3136
218,2,lp,lower,1568,77,0.08341872599999997,0.08008480072021484,671,0,0,77,0,0,0,671,0,820,OPTIMAL=77,interval_proves_cutoff=671;lower_skipped_by_nonpositive_upper=820
218,2,lp,upper,1568,79,0.08750016600000002,0.07812261581420898,726,0,0,79,0,0,0,818,671,0,OPTIMAL=79,interval_proves_cutoff=818;upper_skipped_by_nonnegative_interval_lower=671
218,3,lp,lower,100,1,0.00414429,0.004051685333251953,182,0,0,1,0,0,0,8,0,91,OPTIMAL=1,interval_proves_cutoff=8;lower_skipped_by_nonpositive_upper=91
218,3,lp,upper,100,1,0.004483674,0.004341840744018555,168,0,0,1,0,0,0,91,8,0,OPTIMAL=1,interval_proves_cutoff=91;upper_skipped_by_nonnegative_interval_lower=8
219,0,lp,lower,9,9,0.089380872,0.08840179443359375,1750,0,0,9,0,0,0,0,0,0,OPTIMAL=9,
219,0,lp,upper,9,9,0.079888076,0.07890605926513672,1640,0,0,9,0,0,0,0,0,0,OPTIMAL=9,
219,1,interval_arithmetic,lower,3136,0,0.0,0.0,0,0,0,0,0,895,0,0,0,2241,,interval_arithmetic=895;lower_skipped_by_nonpositive_upper=2241
219,1,interval_arithmetic,upper,3136,0,0.0,0.0,0,0,0,0,0,3136,0,0,0,0,,interval_arithmetic=3136
219,2,lp,lower,1568,101,0.10907862500000004,0.10497784614562988,1455,0,0,101,0,0,0,643,0,824,OPTIMAL=101,interval_proves_cutoff=643;lower_skipped_by_nonpositive_upper=824
219,2,lp,upper,1568,105,0.124702908,0.11370539665222168,1729,0,0,105,0,0,0,820,643,0,OPTIMAL=105,interval_proves_cutoff=820;upper_skipped_by_nonnegative_interval_lower=643
219,3,lp,lower,100,1,0.005678004,0.0055849552154541016,268,0,0,1,0,0,0,8,0,91,OPTIMAL=1,interval_proves_cutoff=8;lower_skipped_by_nonpositive_upper=91
219,3,lp,upper,100,1,0.004847091,0.004724740982055664,212,0,0,1,0,0,0,91,8,0,OPTIMAL=1,interval_proves_cutoff=91;upper_skipped_by_nonnegative_interval_lower=8
220,0,lp,lower,9,9,0.05060030200000001,0.04972195625305176,1554,0,0,9,0,0,0,0,0,0,OPTIMAL=9,
220,0,lp,upper,9,9,0.053413146,0.05248689651489258,1494,0,0,9,0,0,0,0,0,0,OPTIMAL=9,
220,1,interval_arithmetic,lower,3136,0,0.0,0.0,0,0,0,0,0,923,0,0,0,2213,,interval_arithmetic=923;lower_skipped_by_nonpositive_upper=2213
220,1,interval_arithmetic,upper,3136,0,0.0,0.0,0,0,0,0,0,3136,0,0,0,0,,interval_arithmetic=3136
220,2,lp,lower,1568,97,0.10906662000000003,0.10494160652160645,1482,0,0,97,0,0,0,673,0,798,OPTIMAL=97,interval_proves_cutoff=673;lower_skipped_by_nonpositive_upper=798
220,2,lp,upper,1568,99,0.12463568500000001,0.11354398727416992,1548,0,0,99,0,0,0,796,673,0,OPTIMAL=99,interval_proves_cutoff=796;upper_skipped_by_nonnegative_interval_lower=673
220,3,lp,lower,100,1,0.007274845,0.007178544998168945,283,0,0,1,0,0,0,8,0,91,OPTIMAL=1,interval_proves_cutoff=8;lower_skipped_by_nonpositive_upper=91
220,3,lp,upper,100,1,0.004826574,0.004701375961303711,215,0,0,1,0,0,0,91,8,0,OPTIMAL=1,interval_proves_cutoff=91;upper_skipped_by_nonnegative_interval_lower=8
221,0,lp,lower,9,9,0.027375802000000005,0.026591062545776367,821,0,0,9,0,0,0,0,0,0,OPTIMAL=9,
221,0,lp,upper,9,9,0.028827293999999996,0.02809929847717285,897,0,0,9,0,0,0,0,0,0,OPTIMAL=9,
221,1,interval_arithmetic,lower,3136,0,0.0,0.0,0,0,0,0,0,906,0,0,0,2230,,interval_arithmetic=906;lower_skipped_by_nonpositive_upper=2230
221,1,interval_arithmetic,upper,3136,0,0.0,0.0,0,0,0,0,0,3136,0,0,0,0,,interval_arithmetic=3136
221,2,lp,lower,1568,56,0.055159470999999995,0.052835702896118164,485,0,0,56,0,0,0,666,0,846,OPTIMAL=56,interval_proves_cutoff=666;lower_skipped_by_nonpositive_upper=846
221,2,lp,upper,1568,56,0.06504169900000001,0.056505441665649414,532,0,0,56,0,0,0,846,666,0,OPTIMAL=56,interval_proves_cutoff=846;upper_skipped_by_nonnegative_interval_lower=666
221,3,lp,lower,100,0,0.0,0.0,0,0,0,0,0,0,0,8,0,92,,interval_proves_cutoff=8;lower_skipped_by_nonpositive_upper=92
221,3,lp,upper,100,0,0.0,0.0,0,0,0,0,0,0,0,92,8,0,,interval_proves_cutoff=92;upper_skipped_by_nonnegative_interval_lower=8
222,0,lp,lower,9,9,0.04991437800000001,0.04904913902282715,1348,0,0,9,0,0,0,0,0,0,OPTIMAL=9,
222,0,lp,upper,9,9,0.053314292,0.05244183540344238,1474,0,0,9,0,0,0,0,0,0,OPTIMAL=9,
222,1,interval_arithmetic,lower,3136,0,0.0,0.0,0,0,0,0,0,939,0,0,0,2197,,interval_arithmetic=939;lower_skipped_by_nonpositive_upper=2197
222,1,interval_arithmetic,upper,3136,0,0.0,0.0,0,0,0,0,0,3136,0,0,0,0,,interval_arithmetic=3136
222,2,lp,lower,1568,103,0.11687275199999998,0.11261343955993652,1708,0,0,103,0,0,0,667,0,798,OPTIMAL=103,interval_proves_cutoff=667;lower_skipped_by_nonpositive_upper=798
222,2,lp,upper,1568,112,0.132250828,0.12061882019042969,1931,0,0,112,0,0,0,789,667,0,OPTIMAL=112,interval_proves_cutoff=789;upper_skipped_by_nonnegative_interval_lower=667
222,3,lp,lower,100,1,0.008062046,0.007958412170410156,276,0,0,1,0,0,0,8,0,91,OPTIMAL=1,interval_proves_cutoff=8;lower_skipped_by_nonpositive_upper=91
222,3,lp,upper,100,1,0.007859657,0.007726430892944336,243,0,0,1,0,0,0,91,8,0,OPTIMAL=1,interval_proves_cutoff=91;upper_skipped_by_nonnegative_interval_lower=8
223,0,lp,lower,9,9,0.046383075999999995,0.04553532600402832,1348,0,0,9,0,0,0,0,0,0,OPTIMAL=9,
223,0,lp,upper,9,9,0.047088875,0.046083927154541016,1495,0,0,9,0,0,0,0,0,0,OPTIMAL=9,
223,1,interval_arithmetic,lower,3136,0,0.0,0.0,0,0,0,0,0,1003,0,0,0,2133,,interval_arithmetic=1003;lower_skipped_by_nonpositive_upper=2133
223,1,interval_arithmetic,upper,3136,0,0.0,0.0,0,0,0,0,0,3136,0,0,0,0,,interval_arithmetic=3136
223,2,lp,lower,1568,83,0.09058064799999997,0.08728694915771484,1032,0,0,83,0,0,0,698,0,787,OPTIMAL=83,interval_proves_cutoff=698;lower_skipped_by_nonpositive_upper=787
223,2,lp,upper,1568,85,0.11682608400000002,0.1051180362701416,1095,0,0,85,0,0,0,785,698,0,OPTIMAL=85,interval_proves_cutoff=785;upper_skipped_by_nonnegative_interval_lower=698
223,3,lp,lower,100,0,0.0,0.0,0,0,0,0,0,0,0,9,0,91,,interval_proves_cutoff=9;lower_skipped_by_nonpositive_upper=91
223,3,lp,upper,100,0,0.0,0.0,0,0,0,0,0,0,0,91,9,0,,interval_proves_cutoff=91;upper_skipped_by_nonnegative_interval_lower=9
224,0,lp,lower,9,9,0.05690921299999999,0.055986881256103516,1352,0,0,9,0,0,0,0,0,0,OPTIMAL=9,
224,0,lp,upper,9,9,0.054251469999999996,0.05329632759094238,1307,0,0,9,0,0,0,0,0,0,OPTIMAL=9,
224,1,interval_arithmetic,lower,3136,0,0.0,0.0,0,0,0,0,0,904,0,0,0,2232,,interval_arithmetic=904;lower_skipped_by_nonpositive_upper=2232
224,1,interval_arithmetic,upper,3136,0,0.0,0.0,0,0,0,0,0,3136,0,0,0,0,,interval_arithmetic=3136
224,2,lp,lower,1568,76,0.07757643999999998,0.07453322410583496,1003,0,0,76,0,0,0,659,0,833,OPTIMAL=76,interval_proves_cutoff=659;lower_skipped_by_nonpositive_upper=833
224,2,lp,upper,1568,79,0.093571358,0.0835268497467041,1138,0,0,79,0,0,0,830,659,0,OPTIMAL=79,interval_proves_cutoff=830;upper_skipped_by_nonnegative_interval_lower=659
224,3,lp,lower,100,2,0.00857321,0.008375167846679688,250,0,0,2,0,0,0,7,0,91,OPTIMAL=2,interval_proves_cutoff=7;lower_skipped_by_nonpositive_upper=91
224,3,lp,upper,100,2,0.010218611999999998,0.00998830795288086,305,0,0,2,0,0,0,91,7,0,OPTIMAL=2,interval_proves_cutoff=91;upper_skipped_by_nonnegative_interval_lower=7
225,0,lp,lower,9,9,0.029127755999999998,0.028407573699951172,804,0,0,9,0,0,0,0,0,0,OPTIMAL=9,
225,0,lp,upper,9,9,0.030230242,0.029452800750732422,784,0,0,9,0,0,0,0,0,0,OPTIMAL=9,
225,1,interval_arithmetic,lower,3136,0,0.0,0.0,0,0,0,0,0,834,0,0,0,2302,,interval_arithmetic=834;lower_skipped_by_nonpositive_upper=2302
225,1,interval_arithmetic,upper,3136,0,0.0,0.0,0,0,0,0,0,3136,0,0,0,0,,interval_arithmetic=3136
225,2,lp,lower,1568,70,0.06846376900000001,0.06581425666809082,974,0,0,70,0,0,0,616,0,882,OPTIMAL=70,interval_proves_cutoff=616;lower_skipped_by_nonpositive_upper=882
225,2,lp,upper,1568,73,0.08213147800000002,0.07321572303771973,1061,0,0,73,0,0,0,879,616,0,OPTIMAL=73,interval_proves_cutoff=879;upper_skipped_by_nonnegative_interval_lower=616
225,3,lp,lower,100,1,0.003798483,0.003717184066772461,160,0,0,1,0,0,0,8,0,91,OPTIMAL=1,interval_proves_cutoff=8;lower_skipped_by_nonpositive_upper=91
225,3,lp,upper,100,1,0.004029735,0.0039119720458984375,157,0,0,1,0,0,0,91,8,0,OPTIMAL=1,interval_proves_cutoff=91;upper_skipped_by_nonnegative_interval_lower=8
226,0,lp,lower,9,9,0.06085054399999999,0.05990481376647949,1430,0,0,9,0,0,0,0,0,0,OPTIMAL=9,
226,0,lp,upper,9,9,0.077254756,0.0762641429901123,1561,0,0,9,0,0,0,0,0,0,OPTIMAL=9,
226,1,interval_arithmetic,lower,3136,0,0.0,0.0,0,0,0,0,0,933,0,0,0,2203,,interval_arithmetic=933;lower_skipped_by_nonpositive_upper=2203
226,1,interval_arithmetic,upper,3136,0,0.0,0.0,0,0,0,0,0,3136,0,0,0,0,,interval_arithmetic=3136
226,2,lp,lower,1568,85,0.09484096699999998,0.0912320613861084,1083,0,0,85,0,0,0,696,0,787,OPTIMAL=85,interval_proves_cutoff=696;lower_skipped_by_nonpositive_upper=787
226,2,lp,upper,1568,89,0.11237873500000001,0.10185647010803223,1287,0,0,89,0,0,0,783,696,0,OPTIMAL=89,interval_proves_cutoff=783;upper_skipped_by_nonnegative_interval_lower=696
226,3,lp,lower,100,2,0.009180554,0.008991718292236328,255,0,0,2,0,0,0,7,0,91,OPTIMAL=2,interval_proves_cutoff=7;lower_skipped_by_nonpositive_upper=91
226,3,lp,upper,100,2,0.009463302,0.00924229621887207,310,0,0,2,0,0,0,91,7,0,OPTIMAL=2,interval_proves_cutoff=91;upper_skipped_by_nonnegative_interval_lower=7
227,0,lp,lower,9,9,0.057665524999999995,0.05674624443054199,1304,0,0,9,0,0,0,0,0,0,OPTIMAL=9,
227,0,lp,upper,9,9,0.062136624999999994,0.06119728088378906,1359,0,0,9,0,0,0,0,0,0,OPTIMAL=9,
227,1,interval_arithmetic,lower,3136,0,0.0,0.0,0,0,0,0,0,949,0,0,0,2187,,interval_arithmetic=949;lower_skipped_by_nonpositive_upper=2187
227,1,interval_arithmetic,upper,3136,0,0.0,0.0,0,0,0,0,0,3136,0,0,0,0,,interval_arithmetic=3136
227,2,lp,lower,1568,88,0.095528435,0.09184694290161133,1154,0,0,88,0,0,0,675,0,805,OPTIMAL=88,interval_proves_cutoff=675;lower_skipped_by_nonpositive_upper=805
227,2,lp,upper,1568,92,0.11029096299999998,0.09967231750488281,1307,0,0,92,0,0,0,801,675,0,OPTIMAL=92,interval_proves_cutoff=801;upper_skipped_by_nonnegative_interval_lower=675
227,3,lp,lower,100,1,0.007266099,0.007167339324951172,251,0,0,1,0,0,0,8,0,91,OPTIMAL=1,interval_proves_cutoff=8;lower_skipped_by_nonpositive_upper=91
227,3,lp,upper,100,1,0.005530638,0.0053980350494384766,193,0,0,1,0,0,0,91,8,0,OPTIMAL=1,interval_proves_cutoff=91;upper_skipped_by_nonnegative_interval_lower=8
228,0,lp,lower,9,9,0.050251001999999996,0.04931807518005371,1058,0,0,9,0,0,0,0,0,0,OPTIMAL=9,
228,0,lp,upper,9,9,0.055701177,0.054740190505981445,1209,0,0,9,0,0,0,0,0,0,OPTIMAL=9,
228,1,interval_arithmetic,lower,3136,0,0.0,0.0,0,0,0,0,0,857,0,0,0,2279,,interval_arithmetic=857;lower_skipped_by_nonpositive_upper=2279
228,1,interval_arithmetic,upper,3136,0,0.0,0.0,0,0,0,0,0,3136,0,0,0,0,,interval_arithmetic=3136
228,2,lp,lower,1568,97,0.09941776499999998,0.09566068649291992,1385,0,0,97,0,0,0,631,0,840,OPTIMAL=97,interval_proves_cutoff=631;lower_skipped_by_nonpositive_upper=840
228,2,lp,upper,1568,101,0.11389362,0.10303378105163574,1423,0,0,101,0,0,0,836,631,0,OPTIMAL=101,interval_proves_cutoff=836;upper_skipped_by_nonnegative_interval_lower=631
228,3,lp,lower,100,1,0.007259148,0.007153511047363281,226,0,0,1,0,0,0,8,0,91,OPTIMAL=1,interval_proves_cutoff=8;lower_skipped_by_nonpositive_upper=91
228,3,lp,upper,100,1,0.006951171,0.0068171024322509766,220,0,0,1,0,0,0,91,8,0,OPTIMAL=1,interval_proves_cutoff=91;upper_skipped_by_nonnegative_interval_lower=8
229,0,lp,lower,9,9,0.020619866999999997,0.020001888275146484,623,0,0,9,0,0,0,0,0,0,OPTIMAL=9,
229,0,lp,upper,9,9,0.021007822,0.02036261558532715,592,0,0,9,0,0,0,0,0,0,OPTIMAL=9,
229,1,interval_arithmetic,lower,3136,0,0.0,0.0,0,0,0,0,0,845,0,0,0,2291,,interval_arithmetic=845;lower_skipped_by_nonpositive_upper=2291
229,1,interval_arithmetic,upper,3136,0,0.0,0.0,0,0,0,0,0,3136,0,0,0,0,,interval_arithmetic=3136
229,2,lp,lower,1568,45,0.03879957599999999,0.03717041015625,303,0,0,45,0,0,0,634,0,889,OPTIMAL=45,interval_proves_cutoff=634;lower_skipped_by_nonpositive_upper=889
229,2,lp,upper,1568,50,0.053357712999999994,0.04467201232910156,489,0,0,50,0,0,0,884,634,0,OPTIMAL=50,interval_proves_cutoff=884;upper_skipped_by_nonnegative_interval_lower=634
229,3,lp,lower,100,1,0.002162224,0.002095460891723633,110,0,0,1,0,0,0,8,0,91,OPTIMAL=1,interval_proves_cutoff=8;lower_skipped_by_nonpositive_upper=91
229,3,lp,upper,100,1,0.002798294,0.002690553665161133,101,0,0,1,0,0,0,91,8,0,OPTIMAL=1,interval_proves_cutoff=91;upper_skipped_by_nonnegative_interval_lower=8
230,0,lp,lower,9,9,0.085550235,0.08461236953735352,1476,0,0,9,0,0,0,0,0,0,OPTIMAL=9,
230,0,lp,upper,9,9,0.07426105,0.07328271865844727,1425,0,0,9,0,0,0,0,0,0,OPTIMAL=9,
230,1,interval_arithmetic,lower,3136,0,0.0,0.0,0,0,0,0,0,852,0,0,0,2284,,interval_arithmetic=852;lower_skipped_by_nonpositive_upper=2284
230,1,interval_arithmetic,upper,3136,0,0.0,0.0,0,0,0,0,0,3136,0,0,0,0,,interval_arithmetic=3136
230,2,lp,lower,1568,92,0.09003416300000001,0.08646917343139648,993,0,0,92,0,0,0,628,0,848,OPTIMAL=92,interval_proves_cutoff=628;lower_skipped_by_nonpositive_upper=848
230,2,lp,upper,1568,92,0.09894373299999996,0.08886170387268066,1187,0,0,92,0,0,0,848,628,0,OPTIMAL=92,interval_proves_cutoff=848;upper_skipped_by_nonnegative_interval_lower=628
230,3,lp,lower,100,2,0.011821340999999999,0.011641263961791992,285,0,0,2,0,0,0,7,0,91,OPTIMAL=2,interval_proves_cutoff=7;lower_skipped_by_nonpositive_upper=91
230,3,lp,upper,100,2,0.012356652999999999,0.012126684188842773,339,0,0,2,0,0,0,91,7,0,OPTIMAL=2,interval_proves_cutoff=91;upper_skipped_by_nonnegative_interval_lower=7
231,0,lp,lower,9,9,0.06926142800000001,0.06829667091369629,1506,0,0,9,0,0,0,0,0,0,OPTIMAL=9,
231,0,lp,upper,9,9,0.067832958,0.0668497085571289,1458,0,0,9,0,0,0,0,0,0,OPTIMAL=9,
231,1,interval_arithmetic,lower,3136,0,0.0,0.0,0,0,0,0,0,901,0,0,0,2235,,interval_arithmetic=901;lower_skipped_by_nonpositive_upper=2235
231,1,interval_arithmetic,upper,3136,0,0.0,0.0,0,0,0,0,0,3136,0,0,0,0,,interval_arithmetic=3136
231,2,lp,lower,1568,77,0.081217802,0.07819080352783203,984,0,0,77,0,0,0,650,0,841,OPTIMAL=77,interval_proves_cutoff=650;lower_skipped_by_nonpositive_upper=841
231,2,lp,upper,1568,82,0.09890610099999998,0.08909130096435547,1105,0,0,82,0,0,0,836,650,0,OPTIMAL=82,interval_proves_cutoff=836;upper_skipped_by_nonnegative_interval_lower=650
231,3,lp,lower,100,1,0.006464301,0.006354570388793945,238,0,0,1,0,0,0,8,0,91,OPTIMAL=1,interval_proves_cutoff=8;lower_skipped_by_nonpositive_upper=91
231,3,lp,upper,100,1,0.004363932,0.004229068756103516,179,0,0,1,0,0,0,91,8,0,OPTIMAL=1,interval_proves_cutoff=91;upper_skipped_by_nonnegative_interval_lower=8
232,0,lp,lower,9,9,0.055038505999999994,0.054059505462646484,1469,0,0,9,0,0,0,0,0,0,OPTIMAL=9,
232,0,lp,upper,9,9,0.05582362500000001,0.05489969253540039,1535,0,0,9,0,0,0,0,0,0,OPTIMAL=9,
232,1,interval_arithmetic,lower,3136,0,0.0,0.0,0,0,0,0,0,890,0,0,0,2246,,interval_arithmetic=890;lower_skipped_by_nonpositive_upper=2246
232,1,interval_arithmetic,upper,3136,0,0.0,0.0,0,0,0,0,0,3136,0,0,0,0,,interval_arithmetic=3136
232,2,lp,lower,1568,99,0.105343226,0.10131430625915527,1706,0,0,99,0,0,0,632,0,837,OPTIMAL=99,interval_proves_cutoff=632;lower_skipped_by_nonpositive_upper=837
232,2,lp,upper,1568,112,0.13076574199999996,0.11962413787841797,2079,0,0,112,0,0,0,824,632,0,OPTIMAL=112,interval_proves_cutoff=824;upper_skipped_by_nonnegative_interval_lower=632
232,3,lp,lower,100,1,0.007586871,0.007482051849365234,277,0,0,1,0,0,0,8,0,91,OPTIMAL=1,interval_proves_cutoff=8;lower_skipped_by_nonpositive_upper=91
232,3,lp,upper,100,1,0.006532008,0.0063898563385009766,214,0,0,1,0,0,0,91,8,0,OPTIMAL=1,interval_proves_cutoff=91;upper_skipped_by_nonnegative_interval_lower=8
233,0,lp,lower,9,9,0.061881860999999996,0.060950279235839844,1381,0,0,9,0,0,0,0,0,0,OPTIMAL=9,
233,0,lp,upper,9,9,0.061503693000000005,0.06052112579345703,1285,0,0,9,0,0,0,0,0,0,OPTIMAL=9,
233,1,interval_arithmetic,lower,3136,0,0.0,0.0,0,0,0,0,0,934,0,0,0,2202,,interval_arithmetic=934;lower_skipped_by_nonpositive_upper=2202
233,1,interval_arithmetic,upper,3136,0,0.0,0.0,0,0,0,0,0,3136,0,0,0,0,,interval_arithmetic=3136
233,2,lp,lower,1568,98,0.10621036900000001,0.10209345817565918,1157,0,0,98,0,0,0,668,0,802,OPTIMAL=98,interval_proves_cutoff=668;lower_skipped_by_nonpositive_upper=802
233,2,lp,upper,1568,108,0.13226418400000003,0.1207735538482666,1420,0,0,108,0,0,0,792,668,0,OPTIMAL=108,interval_proves_cutoff=792;upper_skipped_by_nonnegative_interval_lower=668
233,3,lp,lower,100,1,0.009163442,0.009064197540283203,291,0,0,1,0,0,0,8,0,91,OPTIMAL=1,interval_proves_cutoff=8;lower_skipped_by_nonpositive_upper=91
233,3,lp,upper,100,1,0.005245706,0.00510859489440918,198,0,0,1,0,0,0,91,8,0,OPTIMAL=1,interval_proves_cutoff=91;upper_skipped_by_nonnegative_interval_lower=8
234,0,lp,lower,9,9,0.05393158300000001,0.05296182632446289,1295,0,0,9,0,0,0,0,0,0,OPTIMAL=9,
234,0,lp,upper,9,9,0.05406601299999999,0.05308723449707031,1337,0,0,9,0,0,0,0,0,0,OPTIMAL=9,
234,1,interval_arithmetic,lower,3136,0,0.0,0.0,0,0,0,0,0,947,0,0,0,2189,,interval_arithmetic=947;lower_skipped_by_nonpositive_upper=2189
234,1,interval_arithmetic,upper,3136,0,0.0,0.0,0,0,0,0,0,3136,0,0,0,0,,interval_arithmetic=3136
234,2,lp,lower,1568,89,0.10185516799999997,0.0981895923614502,1493,0,0,89,0,0,0,662,0,817,OPTIMAL=89,interval_proves_cutoff=662;lower_skipped_by_nonpositive_upper=817
234,2,lp,upper,1568,94,0.11896209600000002,0.1083986759185791,1636,0,0,94,0,0,0,812,662,0,OPTIMAL=94,interval_proves_cutoff=812;upper_skipped_by_nonnegative_interval_lower=662
234,3,lp,lower,100,0,0.0,0.0,0,0,0,0,0,0,0,9,0,91,,interval_proves_cutoff=9;lower_skipped_by_nonpositive_upper=91
234,3,lp,upper,100,0,0.0,0.0,0,0,0,0,0,0,0,91,9,0,,interval_proves_cutoff=91;upper_skipped_by_nonnegative_interval_lower=9
235,0,lp,lower,9,9,0.035375580000000004,0.03461289405822754,976,0,0,9,0,0,0,0,0,0,OPTIMAL=9,
235,0,lp,upper,9,9,0.037442271,0.03659868240356445,1032,0,0,9,0,0,0,0,0,0,OPTIMAL=9,
235,1,interval_arithmetic,lower,3136,0,0.0,0.0,0,0,0,0,0,871,0,0,0,2265,,interval_arithmetic=871;lower_skipped_by_nonpositive_upper=2265
235,1,interval_arithmetic,upper,3136,0,0.0,0.0,0,0,0,0,0,3136,0,0,0,0,,interval_arithmetic=3136
235,2,lp,lower,1568,72,0.07792882699999999,0.07491612434387207,1079,0,0,72,0,0,0,635,0,861,OPTIMAL=72,interval_proves_cutoff=635;lower_skipped_by_nonpositive_upper=861
235,2,lp,upper,1568,78,0.09688837,0.08710265159606934,1246,0,0,78,0,0,0,855,635,0,OPTIMAL=78,interval_proves_cutoff=855;upper_skipped_by_nonnegative_interval_lower=635
235,3,lp,lower,100,0,0.0,0.0,0,0,0,0,0,0,0,8,0,92,,interval_proves_cutoff=8;lower_skipped_by_nonpositive_upper=92
235,3,lp,upper,100,1,0.00456118,0.004443168640136719,167,0,0,1,0,0,0,91,8,0,OPTIMAL=1,interval_proves_cutoff=91;upper_skipped_by_nonnegative_interval_lower=8
236,0,lp,lower,9,9,0.05670832999999999,0.055710792541503906,1437,0,0,9,0,0,0,0,0,0,OPTIMAL=9,
236,0,lp,upper,9,9,0.058896625999999994,0.05787992477416992,1462,0,0,9,0,0,0,0,0,0,OPTIMAL=9,
236,1,interval_arithmetic,lower,3136,0,0.0,0.0,0,0,0,0,0,893,0,0,0,2243,,interval_arithmetic=893;lower_skipped_by_nonpositive_upper=2243
236,1,interval_arithmetic,upper,3136,0,0.0,0.0,0,0,0,0,0,3136,0,0,0,0,,interval_arithmetic=3136
236,2,lp,lower,1568,103,0.114239927,0.11009621620178223,1644,0,0,103,0,0,0,660,0,805,OPTIMAL=103,interval_proves_cutoff=660;lower_skipped_by_nonpositive_upper=805
236,2,lp,upper,1568,106,0.12910007199999995,0.11828422546386719,1754,0,0,106,0,0,0,802,660,0,OPTIMAL=106,interval_proves_cutoff=802;upper_skipped_by_nonnegative_interval_lower=660
236,3,lp,lower,100,0,0.0,0.0,0,0,0,0,0,0,0,9,0,91,,interval_proves_cutoff=9;lower_skipped_by_nonpositive_upper=91
236,3,lp,upper,100,0,0.0,0.0,0,0,0,0,0,0,0,91,9,0,,interval_proves_cutoff=91;upper_skipped_by_nonnegative_interval_lower=9
237,0,lp,lower,9,9,0.023478426,0.02285027503967285,705,0,0,9,0,0,0,0,0,0,OPTIMAL=9,
237,0,lp,upper,9,9,0.025001253,0.024144649505615234,729,0,0,9,0,0,0,0,0,0,OPTIMAL=9,
237,1,interval_arithmetic,lower,3136,0,0.0,0.0,0,0,0,0,0,893,0,0,0,2243,,interval_arithmetic=893;lower_skipped_by_nonpositive_upper=2243
237,1,interval_arithmetic,upper,3136,0,0.0,0.0,0,0,0,0,0,3136,0,0,0,0,,interval_arithmetic=3136
237,2,lp,lower,1568,58,0.05252834799999999,0.05023026466369629,223,0,0,58,0,0,0,676,0,834,OPTIMAL=58,interval_proves_cutoff=676;lower_skipped_by_nonpositive_upper=834
237,2,lp,upper,1568,59,0.06074324800000003,0.052306413650512695,245,0,0,59,0,0,0,833,676,0,OPTIMAL=59,interval_proves_cutoff=833;upper_skipped_by_nonnegative_interval_lower=676
237,3,lp,lower,100,0,0.0,0.0,0,0,0,0,0,0,0,8,0,92,,interval_proves_cutoff=8;lower_skipped_by_nonpositive_upper=92
237,3,lp,upper,100,1,0.003076487,0.002954244613647461,111,0,0,1,0,0,0,91,8,0,OPTIMAL=1,interval_proves_cutoff=91;upper_skipped_by_nonnegative_interval_lower=8
238,0,lp,lower,9,9,0.033199773,0.03242850303649902,1078,0,0,9,0,0,0,0,0,0,OPTIMAL=9,
238,0,lp,upper,9,9,0.032321635,0.03158760070800781,1107,0,0,9,0,0,0,0,0,0,OPTIMAL=9,
238,1,interval_arithmetic,lower,3136,0,0.0,0.0,0,0,0,0,0,894,0,0,0,2242,,interval_arithmetic=894;lower_skipped_by_nonpositive_upper=2242
238,1,interval_arithmetic,upper,3136,0,0.0,0.0,0,0,0,0,0,3136,0,0,0,0,,interval_arithmetic=3136
238,2,lp,lower,1568,72,0.07091884700000002,0.0681300163269043,793,0,0,72,0,0,0,656,0,840,OPTIMAL=72,interval_proves_cutoff=656;lower_skipped_by_nonpositive_upper=840
238,2,lp,upper,1568,77,0.08996707899999999,0.08016514778137207,998,0,0,77,0,0,0,835,656,0,OPTIMAL=77,interval_proves_cutoff=835;upper_skipped_by_nonnegative_interval_lower=656
238,3,lp,lower,100,0,0.0,0.0,0,0,0,0,0,0,0,9,0,91,,interval_proves_cutoff=9;lower_skipped_by_nonpositive_upper=91
238,3,lp,upper,100,0,0.0,0.0,0,0,0,0,0,0,0,91,9,0,,interval_proves_cutoff=91;upper_skipped_by_nonnegative_interval_lower=9
239,0,lp,lower,9,9,0.058691194,0.05775141716003418,1292,0,0,9,0,0,0,0,0,0,OPTIMAL=9,
239,0,lp,upper,9,9,0.058371183,0.05750846862792969,1275,0,0,9,0,0,0,0,0,0,OPTIMAL=9,
239,1,interval_arithmetic,lower,3136,0,0.0,0.0,0,0,0,0,0,913,0,0,0,2223,,interval_arithmetic=913;lower_skipped_by_nonpositive_upper=2223
239,1,interval_arithmetic,upper,3136,0,0.0,0.0,0,0,0,0,0,3136,0,0,0,0,,interval_arithmetic=3136
239,2,lp,lower,1568,85,0.08776081699999998,0.08446455001831055,1067,0,0,85,0,0,0,651,0,832,OPTIMAL=85,interval_proves_cutoff=651;lower_skipped_by_nonpositive_upper=832
239,2,lp,upper,1568,94,0.10922123999999998,0.09889841079711914,1231,0,0,94,0,0,0,823,651,0,OPTIMAL=94,interval_proves_cutoff=823;upper_skipped_by_nonnegative_interval_lower=651
239,3,lp,lower,100,2,0.010558533,0.010408639907836914,289,0,0,2,0,0,0,7,0,91,OPTIMAL=2,interval_proves_cutoff=7;lower_skipped_by_nonpositive_upper=91
239,3,lp,upper,100,2,0.009712684,0.009505987167358398,323,0,0,2,0,0,0,91,7,0,OPTIMAL=2,interval_proves_cutoff=91;upper_skipped_by_nonnegative_interval_lower=7
240,0,lp,lower,9,9,0.052708545999999995,0.05193591117858887,1103,0,0,9,0,0,0,0,0,0,OPTIMAL=9,
240,0,lp,upper,9,9,0.045701239,0.044794321060180664,1000,0,0,9,0,0,0,0,0,0,OPTIMAL=9,
240,1,interval_arithmetic,lower,3136,0,0.0,0.0,0,0,0,0,0,849,0,0,0,2287,,interval_arithmetic=849;lower_skipped_by_nonpositive_upper=2287
240,1,interval_arithmetic,upper,3136,0,0.0,0.0,0,0,0,0,0,3136,0,0,0,0,,interval_arithmetic=3136
240,2,lp,lower,1568,73,0.06939551000000001,0.06675124168395996,844,0,0,73,0,0,0,631,0,864,OPTIMAL=73,interval_proves_cutoff=631;lower_skipped_by_nonpositive_upper=864
240,2,lp,upper,1568,77,0.08336593699999997,0.0740351676940918,1027,0,0,77,0,0,0,860,631,0,OPTIMAL=77,interval_proves_cutoff=860;upper_skipped_by_nonnegative_interval_lower=631
240,3,lp,lower,100,2,0.007354218,0.007176637649536133,201,0,0,2,0,0,0,7,0,91,OPTIMAL=2,interval_proves_cutoff=7;lower_skipped_by_nonpositive_upper=91
240,3,lp,upper,100,2,0.009033283999999999,0.008795976638793945,252,0,0,2,0,0,0,91,7,0,OPTIMAL=2,interval_proves_cutoff=91;upper_skipped_by_nonnegative_interval_lower=7
241,0,lp,lower,9,9,0.092422729,0.09149980545043945,1726,0,0,9,0,0,0,0,0,0,OPTIMAL=9,
241,0,lp,upper,9,9,0.08399666,0.08304524421691895,1641,0,0,9,0,0,0,0,0,0,OPTIMAL=9,
241,1,interval_arithmetic,lower,3136,0,0.0,0.0,0,0,0,0,0,919,0,0,0,2217,,interval_arithmetic=919;lower_skipped_by_nonpositive_upper=2217
241,1,interval_arithmetic,upper,3136,0,0.0,0.0,0,0,0,0,0,3136,0,0,0,0,,interval_arithmetic=3136
241,2,lp,lower,1568,100,0.11058682399999993,0.10664868354797363,1531,0,0,100,0,0,0,667,0,801,OPTIMAL=100,interval_proves_cutoff=667;lower_skipped_by_nonpositive_upper=801
241,2,lp,upper,1568,109,0.13017504599999988,0.11906242370605469,1812,0,0,109,0,0,0,792,667,0,OPTIMAL=109,interval_proves_cutoff=792;upper_skipped_by_nonnegative_interval_lower=667
241,3,lp,lower,100,1,0.008656229,0.008555173873901367,302,0,0,1,0,0,0,8,0,91,OPTIMAL=1,interval_proves_cutoff=8;lower_skipped_by_nonpositive_upper=91
241,3,lp,upper,100,1,0.008077308,0.007947921752929688,245,0,0,1,0,0,0,91,8,0,OPTIMAL=1,interval_proves_cutoff=91;upper_skipped_by_nonnegative_interval_lower=8
242,0,lp,lower,9,9,0.055609165999999995,0.05471229553222656,1508,0,0,9,0,0,0,0,0,0,OPTIMAL=9,
242,0,lp,upper,9,9,0.060217151,0.05925559997558594,1705,0,0,9,0,0,0,0,0,0,OPTIMAL=9,
242,1,interval_arithmetic,lower,3136,0,0.0,0.0,0,0,0,0,0,948,0,0,0,2188,,interval_arithmetic=948;lower_skipped_by_nonpositive_upper=2188
242,1,interval_arithmetic,upper,3136,0,0.0,0.0,0,0,0,0,0,3136,0,0,0,0,,interval_arithmetic=3136
242,2,lp,lower,1568,108,0.126625348,0.12218284606933594,1630,0,0,108,0,0,0,670,0,790,OPTIMAL=108,interval_proves_cutoff=670;lower_skipped_by_nonpositive_upper=790
242,2,lp,upper,1568,114,0.14499146100000002,0.13394832611083984,1797,0,0,114,0,0,0,784,670,0,OPTIMAL=114,interval_proves_cutoff=784;upper_skipped_by_nonnegative_interval_lower=670
242,3,lp,lower,100,0,0.0,0.0,0,0,0,0,0,0,0,9,0,91,,interval_proves_cutoff=9;lower_skipped_by_nonpositive_upper=91
242,3,lp,upper,100,0,0.0,0.0,0,0,0,0,0,0,0,91,9,0,,interval_proves_cutoff=91;upper_skipped_by_nonnegative_interval_lower=9
243,0,lp,lower,9,9,0.038642646999999995,0.037923336029052734,1103,0,0,9,0,0,0,0,0,0,OPTIMAL=9,
243,0,lp,upper,9,9,0.038993072000000004,0.03825044631958008,1022,0,0,9,0,0,0,0,0,0,OPTIMAL=9,
243,1,interval_arithmetic,lower,3136,0,0.0,0.0,0,0,0,0,0,952,0,0,0,2184,,interval_arithmetic=952;lower_skipped_by_nonpositive_upper=2184
243,1,interval_arithmetic,upper,3136,0,0.0,0.0,0,0,0,0,0,3136,0,0,0,0,,interval_arithmetic=3136
243,2,lp,lower,1568,80,0.08460643900000002,0.08146023750305176,1307,0,0,80,0,0,0,674,0,814,OPTIMAL=80,interval_proves_cutoff=674;lower_skipped_by_nonpositive_upper=814
243,2,lp,upper,1568,89,0.10715521999999998,0.09663057327270508,1586,0,0,89,0,0,0,805,674,0,OPTIMAL=89,interval_proves_cutoff=805;upper_skipped_by_nonnegative_interval_lower=674
243,3,lp,lower,100,1,0.005280603,0.005200624465942383,233,0,0,1,0,0,0,8,0,91,OPTIMAL=1,interval_proves_cutoff=8;lower_skipped_by_nonpositive_upper=91
243,3,lp,upper,100,1,0.004696813,0.004584312438964844,180,0,0,1,0,0,0,91,8,0,OPTIMAL=1,interval_proves_cutoff=91;upper_skipped_by_nonnegative_interval_lower=8
244,0,lp,lower,9,9,0.062549571,0.06164097785949707,1427,0,0,9,0,0,0,0,0,0,OPTIMAL=9,
244,0,lp,upper,9,9,0.064490509,0.0635523796081543,1441,0,0,9,0,0,0,0,0,0,OPTIMAL=9,
244,1,interval_arithmetic,lower,3136,0,0.0,0.0,0,0,0,0,0,900,0,0,0,2236,,interval_arithmetic=900;lower_skipped_by_nonpositive_upper=2236
244,1,interval_arithmetic,upper,3136,0,0.0,0.0,0,0,0,0,0,3136,0,0,0,0,,interval_arithmetic=3136
244,2,lp,lower,1568,96,0.10181960200000002,0.0980081558227539,1558,0,0,96,0,0,0,657,0,815,OPTIMAL=96,interval_proves_cutoff=657;lower_skipped_by_nonpositive_upper=815
244,2,lp,upper,1568,99,0.11636172600000003,0.10581278800964355,1703,0,0,99,0,0,0,812,657,0,OPTIMAL=99,interval_proves_cutoff=812;upper_skipped_by_nonnegative_interval_lower=657
244,3,lp,lower,100,1,0.006775235,0.006679534912109375,243,0,0,1,0,0,0,8,0,91,OPTIMAL=1,interval_proves_cutoff=8;lower_skipped_by_nonpositive_upper=91
244,3,lp,upper,100,1,0.007003391,0.00678706169128418,224,0,0,1,0,0,0,91,8,0,OPTIMAL=1,interval_proves_cutoff=91;upper_skipped_by_nonnegative_interval_lower=8
245,0,lp,lower,9,9,0.035039035999999996,0.03435850143432617,1057,0,0,9,0,0,0,0,0,0,OPTIMAL=9,
245,0,lp,upper,9,9,0.03608723500000001,0.03522896766662598,1058,0,0,9,0,0,0,0,0,0,OPTIMAL=9,
245,1,interval_arithmetic,lower,3136,0,0.0,0.0,0,0,0,0,0,879,0,0,0,2257,,interval_arithmetic=879;lower_skipped_by_nonpositive_upper=2257
245,1,interval_arithmetic,upper,3136,0,0.0,0.0,0,0,0,0,0,3136,0,0,0,0,,interval_arithmetic=3136
245,2,lp,lower,1568,67,0.06455541999999997,0.062046051025390625,728,0,0,67,0,0,0,647,0,854,OPTIMAL=67,interval_proves_cutoff=647;lower_skipped_by_nonpositive_upper=854
245,2,lp,upper,1568,68,0.075353056,0.0664224624633789,869,0,0,68,0,0,0,853,647,0,OPTIMAL=68,interval_proves_cutoff=853;upper_skipped_by_nonnegative_interval_lower=647
245,3,lp,lower,100,0,0.0,0.0,0,0,0,0,0,0,0,9,0,91,,interval_proves_cutoff=9;lower_skipped_by_nonpositive_upper=91
245,3,lp,upper,100,0,0.0,0.0,0,0,0,0,0,0,0,91,9,0,,interval_proves_cutoff=91;upper_skipped_by_nonnegative_interval_lower=9
246,0,lp,lower,9,9,0.100168839,0.09916019439697266,1984,0,0,9,0,0,0,0,0,0,OPTIMAL=9,
246,0,lp,upper,9,9,0.09142143900000001,0.09038877487182617,1820,0,0,9,0,0,0,0,0,0,OPTIMAL=9,
246,1,interval_arithmetic,lower,3136,0,0.0,0.0,0,0,0,0,0,904,0,0,0,2232,,interval_arithmetic=904;lower_skipped_by_nonpositive_upper=2232
246,1,interval_arithmetic,upper,3136,0,0.0,0.0,0,0,0,0,0,3136,0,0,0,0,,interval_arithmetic=3136
246,2,lp,lower,1568,134,0.15250679200000009,0.14722466468811035,2149,0,0,134,0,0,0,653,0,781,OPTIMAL=134,interval_proves_cutoff=653;lower_skipped_by_nonpositive_upper=781
246,2,lp,upper,1568,138,0.16898518499999993,0.15668940544128418,2290,0,0,138,0,0,0,777,653,0,OPTIMAL=138,interval_proves_cutoff=777;upper_skipped_by_nonnegative_interval_lower=653
246,3,lp,lower,100,1,0.013034025,0.012920379638671875,360,0,0,1,0,0,0,8,0,91,OPTIMAL=1,interval_proves_cutoff=8;lower_skipped_by_nonpositive_upper=91
246,3,lp,upper,100,1,0.01084164,0.010699033737182617,296,0,0,1,0,0,0,91,8,0,OPTIMAL=1,interval_proves_cutoff=91;upper_skipped_by_nonnegative_interval_lower=8
247,0,lp,lower,9,9,0.07240537,0.07154297828674316,1550,0,0,9,0,0,0,0,0,0,OPTIMAL=9,
247,0,lp,upper,9,9,0.065020421,0.06415128707885742,1472,0,0,9,0,0,0,0,0,0,OPTIMAL=9,
247,1,interval_arithmetic,lower,3136,0,0.0,0.0,0,0,0,0,0,954,0,0,0,2182,,interval_arithmetic=954;lower_skipped_by_nonpositive_upper=2182
247,1,interval_arithmetic,upper,3136,0,0.0,0.0,0,0,0,0,0,3136,0,0,0,0,,interval_arithmetic=3136
247,2,lp,lower,1568,111,0.11562470599999997,0.11149287223815918,993,0,0,111,0,0,0,695,0,762,OPTIMAL=111,interval_proves_cutoff=695;lower_skipped_by_nonpositive_upper=762
247,2,lp,upper,1568,114,0.12992247500000004,0.11934399604797363,1041,0,0,114,0,0,0,759,695,0,OPTIMAL=114,interval_proves_cutoff=759;upper_skipped_by_nonnegative_interval_lower=695
247,3,lp,lower,100,1,0.006119801,0.006039857864379883,255,0,0,1,0,0,0,8,0,91,OPTIMAL=1,interval_proves_cutoff=8;lower_skipped_by_nonpositive_upper=91
247,3,lp,upper,100,1,0.005384839,0.005263566970825195,229,0,0,1,0,0,0,91,8,0,OPTIMAL=1,interval_proves_cutoff=91;upper_skipped_by_nonnegative_interval_lower=8
249,0,lp,lower,9,9,0.034071158,0.0332639217376709,1040,0,0,9,0,0,0,0,0,0,OPTIMAL=9,
249,0,lp,upper,9,9,0.036094537,0.03533196449279785,1120,0,0,9,0,0,0,0,0,0,OPTIMAL=9,
249,1,interval_arithmetic,lower,3136,0,0.0,0.0,0,0,0,0,0,934,0,0,0,2202,,interval_arithmetic=934;lower_skipped_by_nonpositive_upper=2202
249,1,interval_arithmetic,upper,3136,0,0.0,0.0,0,0,0,0,0,3136,0,0,0,0,,interval_arithmetic=3136
249,2,lp,lower,1568,84,0.08838638999999997,0.08517241477966309,957,0,0,84,0,0,0,663,0,821,OPTIMAL=84,interval_proves_cutoff=663;lower_skipped_by_nonpositive_upper=821
249,2,lp,upper,1568,88,0.10396307100000005,0.09380698204040527,1041,0,0,88,0,0,0,817,663,0,OPTIMAL=88,interval_proves_cutoff=817;upper_skipped_by_nonnegative_interval_lower=663
249,3,lp,lower,100,0,0.0,0.0,0,0,0,0,0,0,0,9,0,91,,interval_proves_cutoff=9;lower_skipped_by_nonpositive_upper=91
249,3,lp,upper,100,0,0.0,0.0,0,0,0,0,0,0,0,91,9,0,,interval_proves_cutoff=91;upper_skipped_by_nonnegative_interval_lower=9
250,0,lp,lower,9,9,0.03756281,0.036927223205566406,1062,0,0,9,0,0,0,0,0,0,OPTIMAL=9,
250,0,lp,upper,9,9,0.041619397,0.04093623161315918,1106,0,0,9,0,0,0,0,0,0,OPTIMAL=9,
250,1,interval_arithmetic,lower,3136,0,0.0,0.0,0,0,0,0,0,883,0,0,0,2253,,interval_arithmetic=883;lower_skipped_by_nonpositive_upper=2253
250,1,interval_arithmetic,upper,3136,0,0.0,0.0,0,0,0,0,0,3136,0,0,0,0,,interval_arithmetic=3136
250,2,lp,lower,1568,88,0.08690137799999997,0.08358454704284668,1110,0,0,88,0,0,0,638,0,842,OPTIMAL=88,interval_proves_cutoff=638;lower_skipped_by_nonpositive_upper=842
250,2,lp,upper,1568,98,0.10622251499999999,0.09629344940185547,1320,0,0,98,0,0,0,832,638,0,OPTIMAL=98,interval_proves_cutoff=832;upper_skipped_by_nonnegative_interval_lower=638
250,3,lp,lower,100,0,0.0,0.0,0,0,0,0,0,0,0,9,0,91,,interval_proves_cutoff=9;lower_skipped_by_nonpositive_upper=91
250,3,lp,upper,100,0,0.0,0.0,0,0,0,0,0,0,0,91,9,0,,interval_proves_cutoff=91;upper_skipped_by_nonnegative_interval_lower=9
251,0,lp,lower,9,9,0.037630395999999997,0.03699207305908203,1087,0,0,9,0,0,0,0,0,0,OPTIMAL=9,
251,0,lp,upper,9,9,0.042173416000000005,0.041573524475097656,1053,0,0,9,0,0,0,0,0,0,OPTIMAL=9,
251,1,interval_arithmetic,lower,3136,0,0.0,0.0,0,0,0,0,0,934,0,0,0,2202,,interval_arithmetic=934;lower_skipped_by_nonpositive_upper=2202
251,1,interval_arithmetic,upper,3136,0,0.0,0.0,0,0,0,0,0,3136,0,0,0,0,,interval_arithmetic=3136
251,2,lp,lower,1568,81,0.07812279200000001,0.07507705688476562,799,0,0,81,0,0,0,664,0,823,OPTIMAL=81,interval_proves_cutoff=664;lower_skipped_by_nonpositive_upper=823
251,2,lp,upper,1568,85,0.09124475800000002,0.08168601989746094,980,0,0,85,0,0,0,819,664,0,OPTIMAL=85,interval_proves_cutoff=819;upper_skipped_by_nonnegative_interval_lower=664
251,3,lp,lower,100,1,0.004816779,0.0047533512115478516,209,0,0,1,0,0,0,8,0,91,OPTIMAL=1,interval_proves_cutoff=8;lower_skipped_by_nonpositive_upper=91
251,3,lp,upper,100,1,0.004189075,0.004075765609741211,169,0,0,1,0,0,0,91,8,0,OPTIMAL=1,interval_proves_cutoff=91;upper_skipped_by_nonnegative_interval_lower=8
252,0,lp,lower,9,9,0.031254124,0.03071284294128418,884,0,0,9,0,0,0,0,0,0,OPTIMAL=9,
252,0,lp,upper,9,9,0.030252443999999996,0.02963995933532715,885,0,0,9,0,0,0,0,0,0,OPTIMAL=9,
252,1,interval_arithmetic,lower,3136,0,0.0,0.0,0,0,0,0,0,836,0,0,0,2300,,interval_arithmetic=836;lower_skipped_by_nonpositive_upper=2300
252,1,interval_arithmetic,upper,3136,0,0.0,0.0,0,0,0,0,0,3136,0,0,0,0,,interval_arithmetic=3136
252,2,lp,lower,1568,66,0.058072361999999995,0.05569648742675781,438,0,0,66,0,0,0,632,0,870,OPTIMAL=66,interval_proves_cutoff=632;lower_skipped_by_nonpositive_upper=870
252,2,lp,upper,1568,70,0.06785907199999998,0.05916953086853027,553,0,0,70,0,0,0,866,632,0,OPTIMAL=70,interval_proves_cutoff=866;upper_skipped_by_nonnegative_interval_lower=632
252,3,lp,lower,100,0,0.0,0.0,0,0,0,0,0,0,0,9,0,91,,interval_proves_cutoff=9;lower_skipped_by_nonpositive_upper=91
252,3,lp,upper,100,0,0.0,0.0,0,0,0,0,0,0,0,91,9,0,,interval_proves_cutoff=91;upper_skipped_by_nonnegative_interval_lower=9
253,0,lp,lower,9,9,0.035094686,0.03445029258728027,1043,0,0,9,0,0,0,0,0,0,OPTIMAL=9,
253,0,lp,upper,9,9,0.039316623,0.03846383094787598,1141,0,0,9,0,0,0,0,0,0,OPTIMAL=9,
253,1,interval_arithmetic,lower,3136,0,0.0,0.0,0,0,0,0,0,921,0,0,0,2215,,interval_arithmetic=921;lower_skipped_by_nonpositive_upper=2215
253,1,interval_arithmetic,upper,3136,0,0.0,0.0,0,0,0,0,0,3136,0,0,0,0,,interval_arithmetic=3136
253,2,lp,lower,1568,66,0.06937752400000001,0.06700849533081055,874,0,0,66,0,0,0,658,0,844,OPTIMAL=66,interval_proves_cutoff=658;lower_skipped_by_nonpositive_upper=844
253,2,lp,upper,1568,75,0.08592005400000004,0.07671356201171875,1064,0,0,75,0,0,0,835,658,0,OPTIMAL=75,interval_proves_cutoff=835;upper_skipped_by_nonnegative_interval_lower=658
253,3,lp,lower,100,0,0.0,0.0,0,0,0,0,0,0,0,9,0,91,,interval_proves_cutoff=9;lower_skipped_by_nonpositive_upper=91
253,3,lp,upper,100,0,0.0,0.0,0,0,0,0,0,0,0,91,9,0,,interval_proves_cutoff=91;upper_skipped_by_nonnegative_interval_lower=9
254,0,lp,lower,9,9,0.047187662,0.04649066925048828,1239,0,0,9,0,0,0,0,0,0,OPTIMAL=9,
254,0,lp,upper,9,9,0.052784456,0.05200958251953125,1266,0,0,9,0,0,0,0,0,0,OPTIMAL=9,
254,1,interval_arithmetic,lower,3136,0,0.0,0.0,0,0,0,0,0,895,0,0,0,2241,,interval_arithmetic=895;lower_skipped_by_nonpositive_upper=2241
254,1,interval_arithmetic,upper,3136,0,0.0,0.0,0,0,0,0,0,3136,0,0,0,0,,interval_arithmetic=3136
254,2,lp,lower,1568,87,0.09106087799999998,0.08773183822631836,1364,0,0,87,0,0,0,653,0,828,OPTIMAL=87,interval_proves_cutoff=653;lower_skipped_by_nonpositive_upper=828
254,2,lp,upper,1568,90,0.104471121,0.09457182884216309,1420,0,0,90,0,0,0,825,653,0,OPTIMAL=90,interval_proves_cutoff=825;upper_skipped_by_nonnegative_interval_lower=653
254,3,lp,lower,100,1,0.005073512,0.004993915557861328,237,0,0,1,0,0,0,8,0,91,OPTIMAL=1,interval_proves_cutoff=8;lower_skipped_by_nonpositive_upper=91
254,3,lp,upper,100,1,0.005194528,0.005078554153442383,194,0,0,1,0,0,0,91,8,0,OPTIMAL=1,interval_proves_cutoff=91;upper_skipped_by_nonnegative_interval_lower=8
255,0,lp,lower,9,9,0.041522839,0.04085421562194824,1180,0,0,9,0,0,0,0,0,0,OPTIMAL=9,
255,0,lp,upper,9,9,0.04792807699999999,0.04718899726867676,1228,0,0,9,0,0,0,0,0,0,OPTIMAL=9,
255,1,interval_arithmetic,lower,3136,0,0.0,0.0,0,0,0,0,0,879,0,0,0,2257,,interval_arithmetic=879;lower_skipped_by_nonpositive_upper=2257
255,1,interval_arithmetic,upper,3136,0,0.0,0.0,0,0,0,0,0,3136,0,0,0,0,,interval_arithmetic=3136
255,2,lp,lower,1568,83,0.08683234599999996,0.08375358581542969,1025,0,0,83,0,0,0,640,0,845,OPTIMAL=83,interval_proves_cutoff=640;lower_skipped_by_nonpositive_upper=845
255,2,lp,upper,1568,89,0.10255957600000001,0.09252810478210449,1250,0,0,89,0,0,0,839,640,0,OPTIMAL=89,interval_proves_cutoff=839;upper_skipped_by_nonnegative_interval_lower=640
255,3,lp,lower,100,1,0.004952264,0.004880428314208984,225,0,0,1,0,0,0,7,0,92,OPTIMAL=1,interval_proves_cutoff=7;lower_skipped_by_nonpositive_upper=92
255,3,lp,upper,100,1,0.005033237,0.004857063293457031,184,0,0,1,0,0,0,92,7,0,OPTIMAL=1,interval_proves_cutoff=92;upper_skipped_by_nonnegative_interval_lower=7
256,0,lp,lower,9,9,0.0449164,0.04434967041015625,1053,0,0,9,0,0,0,0,0,0,OPTIMAL=9,
256,0,lp,upper,9,9,0.056202184,0.05553293228149414,1157,0,0,9,0,0,0,0,0,0,OPTIMAL=9,
256,1,interval_arithmetic,lower,3136,0,0.0,0.0,0,0,0,0,0,876,0,0,0,2260,,interval_arithmetic=876;lower_skipped_by_nonpositive_upper=2260
256,1,interval_arithmetic,upper,3136,0,0.0,0.0,0,0,0,0,0,3136,0,0,0,0,,interval_arithmetic=3136
256,2,lp,lower,1568,64,0.057480413999999994,0.055188655853271484,458,0,0,64,0,0,0,638,0,866,OPTIMAL=64,interval_proves_cutoff=638;lower_skipped_by_nonpositive_upper=866
256,2,lp,upper,1568,64,0.06814432000000001,0.05904078483581543,613,0,0,64,0,0,0,866,638,0,OPTIMAL=64,interval_proves_cutoff=866;upper_skipped_by_nonnegative_interval_lower=638
256,3,lp,lower,100,1,0.002909855,0.0028448104858398438,84,0,0,1,0,0,0,7,0,92,OPTIMAL=1,interval_proves_cutoff=7;lower_skipped_by_nonpositive_upper=92
256,3,lp,upper,100,2,0.007897272,0.007715463638305664,250,0,0,2,0,0,0,91,7,0,OPTIMAL=2,interval_proves_cutoff=91;upper_skipped_by_nonnegative_interval_lower=7
257,0,lp,lower,9,9,0.060142936,0.05946230888366699,1510,0,0,9,0,0,0,0,0,0,OPTIMAL=9,
257,0,lp,upper,9,9,0.076771395,0.07603001594543457,1612,0,0,9,0,0,0,0,0,0,OPTIMAL=9,
257,1,interval_arithmetic,lower,3136,0,0.0,0.0,0,0,0,0,0,918,0,0,0,2218,,interval_arithmetic=918;lower_skipped_by_nonpositive_upper=2218
257,1,interval_arithmetic,upper,3136,0,0.0,0.0,0,0,0,0,0,3136,0,0,0,0,,interval_arithmetic=3136
257,2,lp,lower,1568,92,0.10475462499999999,0.10128068923950195,1566,0,0,92,0,0,0,662,0,814,OPTIMAL=92,interval_proves_cutoff=662;lower_skipped_by_nonpositive_upper=814
257,2,lp,upper,1568,101,0.12198412400000001,0.11164093017578125,1675,0,0,101,0,0,0,805,662,0,OPTIMAL=101,interval_proves_cutoff=805;upper_skipped_by_nonnegative_interval_lower=662
257,3,lp,lower,100,2,0.010097632,0.009932756423950195,290,0,0,2,0,0,0,7,0,91,OPTIMAL=2,interval_proves_cutoff=7;lower_skipped_by_nonpositive_upper=91
257,3,lp,upper,100,2,0.011481397,0.01128530502319336,340,0,0,2,0,0,0,91,7,0,OPTIMAL=2,interval_proves_cutoff=91;upper_skipped_by_nonnegative_interval_lower=7
258,0,lp,lower,9,9,0.073365595,0.07254981994628906,1456,0,0,9,0,0,0,0,0,0,OPTIMAL=9,
258,0,lp,upper,9,9,0.07916125000000002,0.07832121849060059,1541,0,0,9,0,0,0,0,0,0,OPTIMAL=9,
258,1,interval_arithmetic,lower,3136,0,0.0,0.0,0,0,0,0,0,907,0,0,0,2229,,interval_arithmetic=907;lower_skipped_by_nonpositive_upper=2229
258,1,interval_arithmetic,upper,3136,0,0.0,0.0,0,0,0,0,0,3136,0,0,0,0,,interval_arithmetic=3136
258,2,lp,lower,1568,96,0.09135748800000003,0.08784937858581543,988,0,0,96,0,0,0,625,0,847,OPTIMAL=96,interval_proves_cutoff=625;lower_skipped_by_nonpositive_upper=847
258,2,lp,upper,1568,101,0.10961264699999997,0.09924697875976562,1153,0,0,101,0,0,0,842,625,0,OPTIMAL=101,interval_proves_cutoff=842;upper_skipped_by_nonnegative_interval_lower=625
258,3,lp,lower,100,2,0.011293225,0.011133193969726562,279,0,0,2,0,0,0,7,0,91,OPTIMAL=2,interval_proves_cutoff=7;lower_skipped_by_nonpositive_upper=91
258,3,lp,upper,100,2,0.013625852,0.01340031623840332,379,0,0,2,0,0,0,91,7,0,OPTIMAL=2,interval_proves_cutoff=91;upper_skipped_by_nonnegative_interval_lower=7
259,0,lp,lower,9,9,0.044291405000000006,0.04371333122253418,1179,0,0,9,0,0,0,0,0,0,OPTIMAL=9,
259,0,lp,upper,9,9,0.049174395,0.048558950424194336,1243,0,0,9,0,0,0,0,0,0,OPTIMAL=9,
259,1,interval_arithmetic,lower,3136,0,0.0,0.0,0,0,0,0,0,937,0,0,0,2199,,interval_arithmetic=937;lower_skipped_by_nonpositive_upper=2199
259,1,interval_arithmetic,upper,3136,0,0.0,0.0,0,0,0,0,0,3136,0,0,0,0,,interval_arithmetic=3136
259,2,lp,lower,1568,75,0.08055332899999995,0.07777643203735352,934,0,0,75,0,0,0,685,0,808,OPTIMAL=75,interval_proves_cutoff=685;lower_skipped_by_nonpositive_upper=808
259,2,lp,upper,1568,80,0.09428263299999999,0.08444094657897949,1038,0,0,80,0,0,0,803,685,0,OPTIMAL=80,interval_proves_cutoff=803;upper_skipped_by_nonnegative_interval_lower=685
259,3,lp,lower,100,1,0.004610383,0.004548788070678711,214,0,0,1,0,0,0,8,0,91,OPTIMAL=1,interval_proves_cutoff=8;lower_skipped_by_nonpositive_upper=91
259,3,lp,upper,100,1,0.004223329,0.004113912582397461,165,0,0,1,0,0,0,91,8,0,OPTIMAL=1,interval_proves_cutoff=91;upper_skipped_by_nonnegative_interval_lower=8
261,0,lp,lower,9,9,0.070316377,0.06953954696655273,1665,0,0,9,0,0,0,0,0,0,OPTIMAL=9,
261,0,lp,upper,9,9,0.084321125,0.08351278305053711,1823,0,0,9,0,0,0,0,0,0,OPTIMAL=9,
261,1,interval_arithmetic,lower,3136,0,0.0,0.0,0,0,0,0,0,939,0,0,0,2197,,interval_arithmetic=939;lower_skipped_by_nonpositive_upper=2197
261,1,interval_arithmetic,upper,3136,0,0.0,0.0,0,0,0,0,0,3136,0,0,0,0,,interval_arithmetic=3136
261,2,lp,lower,1568,124,0.13795537700000002,0.1330718994140625,2141,0,0,124,0,0,0,673,0,771,OPTIMAL=124,interval_proves_cutoff=673;lower_skipped_by_nonpositive_upper=771
261,2,lp,upper,1568,128,0.15284435399999996,0.14130282402038574,2268,0,0,128,0,0,0,767,673,0,OPTIMAL=128,interval_proves_cutoff=767;upper_skipped_by_nonnegative_interval_lower=673
261,3,lp,lower,100,0,0.0,0.0,0,0,0,0,0,0,0,9,0,91,,interval_proves_cutoff=9;lower_skipped_by_nonpositive_upper=91
261,3,lp,upper,100,0,0.0,0.0,0,0,0,0,0,0,0,91,9,0,,interval_proves_cutoff=91;upper_skipped_by_nonnegative_interval_lower=9
262,0,lp,lower,9,9,0.08429579100000001,0.0834653377532959,1658,0,0,9,0,0,0,0,0,0,OPTIMAL=9,
262,0,lp,upper,9,9,0.08213714800000001,0.08134603500366211,1641,0,0,9,0,0,0,0,0,0,OPTIMAL=9,
262,1,interval_arithmetic,lower,3136,0,0.0,0.0,0,0,0,0,0,887,0,0,0,2249,,interval_arithmetic=887;lower_skipped_by_nonpositive_upper=2249
262,1,interval_arithmetic,upper,3136,0,0.0,0.0,0,0,0,0,0,3136,0,0,0,0,,interval_arithmetic=3136
262,2,lp,lower,1568,103,0.10466060999999996,0.10078740119934082,1192,0,0,103,0,0,0,649,0,816,OPTIMAL=103,interval_proves_cutoff=649;lower_skipped_by_nonpositive_upper=816
262,2,lp,upper,1568,108,0.12180005899999999,0.11097264289855957,1469,0,0,108,0,0,0,811,649,0,OPTIMAL=108,interval_proves_cutoff=811;upper_skipped_by_nonnegative_interval_lower=649
262,3,lp,lower,100,1,0.006945233,0.006858110427856445,269,0,0,1,0,0,0,8,0,91,OPTIMAL=1,interval_proves_cutoff=8;lower_skipped_by_nonpositive_upper=91
262,3,lp,upper,100,1,0.006069949,0.0059452056884765625,205,0,0,1,0,0,0,91,8,0,OPTIMAL=1,interval_proves_cutoff=91;upper_skipped_by_nonnegative_interval_lower=8
263,0,lp,lower,9,9,0.037043970999999995,0.03651618957519531,1115,0,0,9,0,0,0,0,0,0,OPTIMAL=9,
263,0,lp,upper,9,9,0.035491488,0.03483128547668457,1010,0,0,9,0,0,0,0,0,0,OPTIMAL=9,
263,1,interval_arithmetic,lower,3136,0,0.0,0.0,0,0,0,0,0,898,0,0,0,2238,,interval_arithmetic=898;lower_skipped_by_nonpositive_upper=2238
263,1,interval_arithmetic,upper,3136,0,0.0,0.0,0,0,0,0,0,3136,0,0,0,0,,interval_arithmetic=3136
263,2,lp,lower,1568,71,0.065754784,0.06327199935913086,657,0,0,71,0,0,0,655,0,842,OPTIMAL=71,interval_proves_cutoff=655;lower_skipped_by_nonpositive_upper=842
263,2,lp,upper,1568,73,0.07936863099999997,0.07001662254333496,852,0,0,73,0,0,0,840,655,0,OPTIMAL=73,interval_proves_cutoff=840;upper_skipped_by_nonnegative_interval_lower=655
263,3,lp,lower,100,1,0.004331031,0.004239559173583984,197,0,0,1,0,0,0,7,0,92,OPTIMAL=1,interval_proves_cutoff=7;lower_skipped_by_nonpositive_upper=92
263,3,lp,upper,100,1,0.003823823,0.0037126541137695312,143,0,0,1,0,0,0,92,7,0,OPTIMAL=1,interval_proves_cutoff=92;upper_skipped_by_nonnegative_interval_lower=7
264,0,lp,lower,9,9,0.042617721,0.042016029357910156,1122,0,0,9,0,0,0,0,0,0,OPTIMAL=9,
264,0,lp,upper,9,9,0.042533152000000005,0.04185771942138672,1126,0,0,9,0,0,0,0,0,0,OPTIMAL=9,
264,1,interval_arithmetic,lower,3136,0,0.0,0.0,0,0,0,0,0,886,0,0,0,2250,,interval_arithmetic=886;lower_skipped_by_nonpositive_upper=2250
264,1,interval_arithmetic,upper,3136,0,0.0,0.0,0,0,0,0,0,3136,0,0,0,0,,interval_arithmetic=3136
264,2,lp,lower,1568,70,0.06557838,0.06308937072753906,616,0,0,70,0,0,0,644,0,854,OPTIMAL=70,interval_proves_cutoff=644;lower_skipped_by_nonpositive_upper=854
264,2,lp,upper,1568,72,0.07639468699999996,0.0671844482421875,857,0,0,72,0,0,0,852,644,0,OPTIMAL=72,interval_proves_cutoff=852;upper_skipped_by_nonnegative_interval_lower=644
264,3,lp,lower,100,1,0.004638155,0.004568338394165039,208,0,0,1,0,0,0,7,0,92,OPTIMAL=1,interval_proves_cutoff=7;lower_skipped_by_nonpositive_upper=92
264,3,lp,upper,100,1,0.004043684,0.0038423538208007812,156,0,0,1,0,0,0,92,7,0,OPTIMAL=1,interval_proves_cutoff=92;upper_skipped_by_nonnegative_interval_lower=7
265,0,lp,lower,9,9,0.034636985999999995,0.034184932708740234,1010,0,0,9,0,0,0,0,0,0,OPTIMAL=9,
265,0,lp,upper,9,9,0.032018273,0.031444549560546875,955,0,0,9,0,0,0,0,0,0,OPTIMAL=9,
265,1,interval_arithmetic,lower,3136,0,0.0,0.0,0,0,0,0,0,884,0,0,0,2252,,interval_arithmetic=884;lower_skipped_by_nonpositive_upper=2252
265,1,interval_arithmetic,upper,3136,0,0.0,0.0,0,0,0,0,0,3136,0,0,0,0,,interval_arithmetic=3136
265,2,lp,lower,1568,62,0.06546852499999997,0.06315135955810547,1082,0,0,62,0,0,0,655,0,851,OPTIMAL=62,interval_proves_cutoff=655;lower_skipped_by_nonpositive_upper=851
265,2,lp,upper,1568,72,0.08658930500000002,0.07750344276428223,1385,0,0,72,0,0,0,841,655,0,OPTIMAL=72,interval_proves_cutoff=841;upper_skipped_by_nonnegative_interval_lower=655
265,3,lp,lower,100,0,0.0,0.0,0,0,0,0,0,0,0,9,0,91,,interval_proves_cutoff=9;lower_skipped_by_nonpositive_upper=91
265,3,lp,upper,100,0,0.0,0.0,0,0,0,0,0,0,0,91,9,0,,interval_proves_cutoff=91;upper_skipped_by_nonnegative_interval_lower=9
266,0,lp,lower,9,9,0.025709438999999997,0.025243520736694336,693,0,0,9,0,0,0,0,0,0,OPTIMAL=9,
266,0,lp,upper,9,9,0.026355694000000002,0.025778770446777344,685,0,0,9,0,0,0,0,0,0,OPTIMAL=9,
266,1,interval_arithmetic,lower,3136,0,0.0,0.0,0,0,0,0,0,861,0,0,0,2275,,interval_arithmetic=861;lower_skipped_by_nonpositive_upper=2275
266,1,interval_arithmetic,upper,3136,0,0.0,0.0,0,0,0,0,0,3136,0,0,0,0,,interval_arithmetic=3136
266,2,lp,lower,1568,47,0.043133551,0.04150819778442383,258,0,0,47,0,0,0,651,0,870,OPTIMAL=47,interval_proves_cutoff=651;lower_skipped_by_nonpositive_upper=870
266,2,lp,upper,1568,48,0.05103558099999999,0.04329824447631836,294,0,0,48,0,0,0,869,651,0,OPTIMAL=48,interval_proves_cutoff=869;upper_skipped_by_nonnegative_interval_lower=651
266,3,lp,lower,100,1,0.002782077,0.0027112960815429688,126,0,0,1,0,0,0,7,0,92,OPTIMAL=1,interval_proves_cutoff=7;lower_skipped_by_nonpositive_upper=92
266,3,lp,upper,100,1,0.002910497,0.0027992725372314453,97,0,0,1,0,0,0,92,7,0,OPTIMAL=1,interval_proves_cutoff=92;upper_skipped_by_nonnegative_interval_lower=7
267,0,lp,lower,9,9,0.049552779,0.04889512062072754,1234,0,0,9,0,0,0,0,0,0,OPTIMAL=9,
267,0,lp,upper,9,9,0.06321983,0.06250524520874023,1543,0,0,9,0,0,0,0,0,0,OPTIMAL=9,
267,1,interval_arithmetic,lower,3136,0,0.0,0.0,0,0,0,0,0,961,0,0,0,2175,,interval_arithmetic=961;lower_skipped_by_nonpositive_upper=2175
267,1,interval_arithmetic,upper,3136,0,0.0,0.0,0,0,0,0,0,3136,0,0,0,0,,interval_arithmetic=3136
267,2,lp,lower,1568,101,0.10578918099999998,0.1021420955657959,1229,0,0,101,0,0,0,668,0,799,OPTIMAL=101,interval_proves_cutoff=668;lower_skipped_by_nonpositive_upper=799
267,2,lp,upper,1568,108,0.12717748199999998,0.11684727668762207,1541,0,0,108,0,0,0,792,668,0,OPTIMAL=108,interval_proves_cutoff=792;upper_skipped_by_nonnegative_interval_lower=668
267,3,lp,lower,100,0,0.0,0.0,0,0,0,0,0,0,0,9,0,91,,interval_proves_cutoff=9;lower_skipped_by_nonpositive_upper=91
267,3,lp,upper,100,0,0.0,0.0,0,0,0,0,0,0,0,91,9,0,,interval_proves_cutoff=91;upper_skipped_by_nonnegative_interval_lower=9
268,0,lp,lower,9,9,0.024010202,0.023553848266601562,699,0,0,9,0,0,0,0,0,0,OPTIMAL=9,
268,0,lp,upper,9,9,0.024074494,0.023468732833862305,723,0,0,9,0,0,0,0,0,0,OPTIMAL=9,
268,1,interval_arithmetic,lower,3136,0,0.0,0.0,0,0,0,0,0,864,0,0,0,2272,,interval_arithmetic=864;lower_skipped_by_nonpositive_upper=2272
268,1,interval_arithmetic,upper,3136,0,0.0,0.0,0,0,0,0,0,3136,0,0,0,0,,interval_arithmetic=3136
268,2,lp,lower,1568,48,0.042762854999999995,0.041040658950805664,287,0,0,48,0,0,0,641,0,879,OPTIMAL=48,interval_proves_cutoff=641;lower_skipped_by_nonpositive_upper=879
268,2,lp,upper,1568,48,0.052017064999999994,0.04403114318847656,343,0,0,48,0,0,0,879,641,0,OPTIMAL=48,interval_proves_cutoff=879;upper_skipped_by_nonnegative_interval_lower=641
268,3,lp,lower,100,1,0.003278114,0.003212451934814453,150,0,0,1,0,0,0,7,0,92,OPTIMAL=1,interval_proves_cutoff=7;lower_skipped_by_nonpositive_upper=92
268,3,lp,upper,100,1,0.002789682,0.0026772022247314453,109,0,0,1,0,0,0,92,7,0,OPTIMAL=1,interval_proves_cutoff=92;upper_skipped_by_nonnegative_interval_lower=7
269,0,lp,lower,9,9,0.082833992,0.08211827278137207,1953,0,0,9,0,0,0,0,0,0,OPTIMAL=9,
269,0,lp,upper,9,9,0.077295352,0.0765225887298584,1938,0,0,9,0,0,0,0,0,0,OPTIMAL=9,
269,1,interval_arithmetic,lower,3136,0,0.0,0.0,0,0,0,0,0,957,0,0,0,2179,,interval_arithmetic=957;lower_skipped_by_nonpositive_upper=2179
269,1,interval_arithmetic,upper,3136,0,0.0,0.0,0,0,0,0,0,3136,0,0,0,0,,interval_arithmetic=3136
269,2,lp,lower,1568,124,0.15567869699999998,0.15067100524902344,2566,0,0,124,0,0,0,678,0,766,OPTIMAL=124,interval_proves_cutoff=678;lower_skipped_by_nonpositive_upper=766
269,2,lp,upper,1568,138,0.18743365899999995,0.17478585243225098,2903,0,0,138,0,0,0,752,678,0,OPTIMAL=138,interval_proves_cutoff=752;upper_skipped_by_nonnegative_interval_lower=678
269,3,lp,lower,100,1,0.013240394,0.013151407241821289,383,0,0,1,0,0,0,8,0,91,OPTIMAL=1,interval_proves_cutoff=8;lower_skipped_by_nonpositive_upper=91
269,3,lp,upper,100,1,0.009344406,0.009204387664794922,287,0,0,1,0,0,0,91,8,0,OPTIMAL=1,interval_proves_cutoff=91;upper_skipped_by_nonnegative_interval_lower=8
270,0,lp,lower,9,9,0.085116354,0.08440470695495605,1814,0,0,9,0,0,0,0,0,0,OPTIMAL=9,
270,0,lp,upper,9,9,0.08664824499999998,0.08592915534973145,1844,0,0,9,0,0,0,0,0,0,OPTIMAL=9,
270,1,interval_arithmetic,lower,3136,0,0.0,0.0,0,0,0,0,0,922,0,0,0,2214,,interval_arithmetic=922;lower_skipped_by_nonpositive_upper=2214
270,1,interval_arithmetic,upper,3136,0,0.0,0.0,0,0,0,0,0,3136,0,0,0,0,,interval_arithmetic=3136
270,2,lp,lower,1568,114,0.125674218,0.12142348289489746,1490,0,0,114,0,0,0,678,0,776,OPTIMAL=114,interval_proves_cutoff=678;lower_skipped_by_nonpositive_upper=776
270,2,lp,upper,1568,115,0.14168645100000005,0.13031530380249023,1673,0,0,115,0,0,0,775,678,0,OPTIMAL=115,interval_proves_cutoff=775;upper_skipped_by_nonnegative_interval_lower=678
270,3,lp,lower,100,1,0.00703387,0.006958723068237305,294,0,0,1,0,0,0,8,0,91,OPTIMAL=1,interval_proves_cutoff=8;lower_skipped_by_nonpositive_upper=91
270,3,lp,upper,100,1,0.006781819,0.006634235382080078,226,0,0,1,0,0,0,91,8,0,OPTIMAL=1,interval_proves_cutoff=91;upper_skipped_by_nonnegative_interval_lower=8
271,0,lp,lower,9,9,0.059423196000000005,0.05884432792663574,1406,0,0,9,0,0,0,0,0,0,OPTIMAL=9,
271,0,lp,upper,9,9,0.068783284,0.06821775436401367,1465,0,0,9,0,0,0,0,0,0,OPTIMAL=9,
271,1,interval_arithmetic,lower,3136,0,0.0,0.0,0,0,0,0,0,926,0,0,0,2210,,interval_arithmetic=926;lower_skipped_by_nonpositive_upper=2210
271,1,interval_arithmetic,upper,3136,0,0.0,0.0,0,0,0,0,0,3136,0,0,0,0,,interval_arithmetic=3136
271,2,lp,lower,1568,89,0.09398415600000003,0.09051012992858887,1106,0,0,89,0,0,0,667,0,812,OPTIMAL=89,interval_proves_cutoff=667;lower_skipped_by_nonpositive_upper=812
271,2,lp,upper,1568,97,0.11375235999999997,0.10305380821228027,1255,0,0,97,0,0,0,804,667,0,OPTIMAL=97,interval_proves_cutoff=804;upper_skipped_by_nonnegative_interval_lower=667
271,3,lp,lower,100,1,0.004704488,0.00464630126953125,224,0,0,1,0,0,0,7,0,92,OPTIMAL=1,interval_proves_cutoff=7;lower_skipped_by_nonpositive_upper=92
271,3,lp,upper,100,2,0.010551620000000001,0.010362386703491211,362,0,0,2,0,0,0,91,7,0,OPTIMAL=2,interval_proves_cutoff=91;upper_skipped_by_nonnegative_interval_lower=7
272,0,lp,lower,9,9,0.048252452,0.04764389991760254,1353,0,0,9,0,0,0,0,0,0,OPTIMAL=9,
272,0,lp,upper,9,9,0.052442727,0.051708221435546875,1471,0,0,9,0,0,0,0,0,0,OPTIMAL=9,
272,1,interval_arithmetic,lower,3136,0,0.0,0.0,0,0,0,0,0,945,0,0,0,2191,,interval_arithmetic=945;lower_skipped_by_nonpositive_upper=2191
272,1,interval_arithmetic,upper,3136,0,0.0,0.0,0,0,0,0,0,3136,0,0,0,0,,interval_arithmetic=3136
272,2,lp,lower,1568,103,0.105551217,0.10161066055297852,1189,0,0,103,0,0,0,670,0,795,OPTIMAL=103,interval_proves_cutoff=670;lower_skipped_by_nonpositive_upper=795
272,2,lp,upper,1568,106,0.12078912999999995,0.1103816032409668,1311,0,0,106,0,0,0,792,670,0,OPTIMAL=106,interval_proves_cutoff=792;upper_skipped_by_nonnegative_interval_lower=670
272,3,lp,lower,100,1,0.008624912,0.008545398712158203,269,0,0,1,0,0,0,8,0,91,OPTIMAL=1,interval_proves_cutoff=8;lower_skipped_by_nonpositive_upper=91
272,3,lp,upper,100,1,0.005630097,0.00550532341003418,213,0,0,1,0,0,0,91,8,0,OPTIMAL=1,interval_proves_cutoff=91;upper_skipped_by_nonnegative_interval_lower=8
273,0,lp,lower,9,9,0.055699776,0.05511975288391113,1227,0,0,9,0,0,0,0,0,0,OPTIMAL=9,
273,0,lp,upper,9,9,0.05354949,0.05286526679992676,1169,0,0,9,0,0,0,0,0,0,OPTIMAL=9,
273,1,interval_arithmetic,lower,3136,0,0.0,0.0,0,0,0,0,0,851,0,0,0,2285,,interval_arithmetic=851;lower_skipped_by_nonpositive_upper=2285
273,1,interval_arithmetic,upper,3136,0,0.0,0.0,0,0,0,0,0,3136,0,0,0,0,,interval_arithmetic=3136
273,2,lp,lower,1568,87,0.08244273599999999,0.07934856414794922,1039,0,0,87,0,0,0,619,0,862,OPTIMAL=87,interval_proves_cutoff=619;lower_skipped_by_nonpositive_upper=862
273,2,lp,upper,1568,93,0.09884220400000006,0.08911514282226562,1259,0,0,93,0,0,0,856,619,0,OPTIMAL=93,interval_proves_cutoff=856;upper_skipped_by_nonnegative_interval_lower=619
273,3,lp,lower,100,3,0.013682111,0.013480901718139648,351,0,0,3,0,0,0,6,0,91,OPTIMAL=3,interval_proves_cutoff=6;lower_skipped_by_nonpositive_upper=91
273,3,lp,upper,100,3,0.012671242000000001,0.012411832809448242,349,0,0,3,0,0,0,91,6,0,OPTIMAL=3,interval_proves_cutoff=91;upper_skipped_by_nonnegative_interval_lower=6
274,0,lp,lower,9,9,0.040664506,0.040099143981933594,1260,0,0,9,0,0,0,0,0,0,OPTIMAL=9,
274,0,lp,upper,9,9,0.044785445,0.04413414001464844,1358,0,0,9,0,0,0,0,0,0,OPTIMAL=9,
274,1,interval_arithmetic,lower,3136,0,0.0,0.0,0,0,0,0,0,917,0,0,0,2219,,interval_arithmetic=917;lower_skipped_by_nonpositive_upper=2219
274,1,interval_arithmetic,upper,3136,0,0.0,0.0,0,0,0,0,0,3136,0,0,0,0,,interval_arithmetic=3136
274,2,lp,lower,1568,84,0.08963442200000003,0.0864870548248291,1139,0,0,84,0,0,0,655,0,829,OPTIMAL=84,interval_proves_cutoff=655;lower_skipped_by_nonpositive_upper=829
274,2,lp,upper,1568,87,0.10200598500000001,0.09184646606445312,1234,0,0,87,0,0,0,826,655,0,OPTIMAL=87,interval_proves_cutoff=826;upper_skipped_by_nonnegative_interval_lower=655
274,3,lp,lower,100,0,0.0,0.0,0,0,0,0,0,0,0,9,0,91,,interval_proves_cutoff=9;lower_skipped_by_nonpositive_upper=91
274,3,lp,upper,100,0,0.0,0.0,0,0,0,0,0,0,0,91,9,0,,interval_proves_cutoff=91;upper_skipped_by_nonnegative_interval_lower=9
275,0,lp,lower,9,9,0.053060508,0.05238032341003418,1322,0,0,9,0,0,0,0,0,0,OPTIMAL=9,
275,0,lp,upper,9,9,0.063622598,0.06284117698669434,1454,0,0,9,0,0,0,0,0,0,OPTIMAL=9,
275,1,interval_arithmetic,lower,3136,0,0.0,0.0,0,0,0,0,0,944,0,0,0,2192,,interval_arithmetic=944;lower_skipped_by_nonpositive_upper=2192
275,1,interval_arithmetic,upper,3136,0,0.0,0.0,0,0,0,0,0,3136,0,0,0,0,,interval_arithmetic=3136
275,2,lp,lower,1568,94,0.09980828000000003,0.09632468223571777,1500,0,0,94,0,0,0,669,0,805,OPTIMAL=94,interval_proves_cutoff=669;lower_skipped_by_nonpositive_upper=805
275,2,lp,upper,1568,101,0.120720676,0.11007070541381836,1759,0,0,101,0,0,0,798,669,0,OPTIMAL=101,interval_proves_cutoff=798;upper_skipped_by_nonnegative_interval_lower=669
275,3,lp,lower,100,1,0.007644041,0.0075762271881103516,275,0,0,1,0,0,0,8,0,91,OPTIMAL=1,interval_proves_cutoff=8;lower_skipped_by_nonpositive_upper=91
275,3,lp,upper,100,1,0.005349824,0.0051610469818115234,182,0,0,1,0,0,0,91,8,0,OPTIMAL=1,interval_proves_cutoff=91;upper_skipped_by_nonnegative_interval_lower=8
276,0,lp,lower,9,9,0.054019008,0.053366661071777344,1265,0,0,9,0,0,0,0,0,0,OPTIMAL=9,
276,0,lp,upper,9,9,0.054334204,0.05352592468261719,1237,0,0,9,0,0,0,0,0,0,OPTIMAL=9,
276,1,interval_arithmetic,lower,3136,0,0.0,0.0,0,0,0,0,0,908,0,0,0,2228,,interval_arithmetic=908;lower_skipped_by_nonpositive_upper=2228
276,1,interval_arithmetic,upper,3136,0,0.0,0.0,0,0,0,0,0,3136,0,0,0,0,,interval_arithmetic=3136
276,2,lp,lower,1568,88,0.08424510500000003,0.08101773262023926,925,0,0,88,0,0,0,667,0,813,OPTIMAL=88,interval_proves_cutoff=667;lower_skipped_by_nonpositive_upper=813
276,2,lp,upper,1568,89,0.095880464,0.08612251281738281,998,0,0,89,0,0,0,812,667,0,OPTIMAL=89,interval_proves_cutoff=812;upper_skipped_by_nonnegative_interval_lower=667
276,3,lp,lower,100,1,0.005954323,0.005876779556274414,237,0,0,1,0,0,0,8,0,91,OPTIMAL=1,interval_proves_cutoff=8;lower_skipped_by_nonpositive_upper=91
276,3,lp,upper,100,1,0.005555779,0.005437135696411133,203,0,0,1,0,0,0,91,8,0,OPTIMAL=1,interval_proves_cutoff=91;upper_skipped_by_nonnegative_interval_lower=8
277,0,lp,lower,9,9,0.028972426000000003,0.028487443923950195,751,0,0,9,0,0,0,0,0,0,OPTIMAL=9,
277,0,lp,upper,9,9,0.028658127999999998,0.028125762939453125,758,0,0,9,0,0,0,0,0,0,OPTIMAL=9,
277,1,interval_arithmetic,lower,3136,0,0.0,0.0,0,0,0,0,0,853,0,0,0,2283,,interval_arithmetic=853;lower_skipped_by_nonpositive_upper=2283
277,1,interval_arithmetic,upper,3136,0,0.0,0.0,0,0,0,0,0,3136,0,0,0,0,,interval_arithmetic=3136
277,2,lp,lower,1568,57,0.046842879000000004,0.04486536979675293,405,0,0,57,0,0,0,639,0,872,OPTIMAL=57,interval_proves_cutoff=639;lower_skipped_by_nonpositive_upper=872
277,2,lp,upper,1568,57,0.05581399099999998,0.04772782325744629,540,0,0,57,0,0,0,872,639,0,OPTIMAL=57,interval_proves_cutoff=872;upper_skipped_by_nonnegative_interval_lower=639
277,3,lp,lower,100,1,0.002906731,0.002851724624633789,129,0,0,1,0,0,0,8,0,91,OPTIMAL=1,interval_proves_cutoff=8;lower_skipped_by_nonpositive_upper=91
277,3,lp,upper,100,1,0.003026334,0.0029141902923583984,116,0,0,1,0,0,0,91,8,0,OPTIMAL=1,interval_proves_cutoff=91;upper_skipped_by_nonnegative_interval_lower=8
278,0,lp,lower,9,9,0.030343135999999996,0.029874801635742188,872,0,0,9,0,0,0,0,0,0,OPTIMAL=9,
278,0,lp,upper,9,9,0.03479336,0.03415179252624512,1017,0,0,9,0,0,0,0,0,0,OPTIMAL=9,
278,1,interval_arithmetic,lower,3136,0,0.0,0.0,0,0,0,0,0,941,0,0,0,2195,,interval_arithmetic=941;lower_skipped_by_nonpositive_upper=2195
278,1,interval_arithmetic,upper,3136,0,0.0,0.0,0,0,0,0,0,3136,0,0,0,0,,interval_arithmetic=3136
278,2,lp,lower,1568,75,0.07571305599999997,0.07290792465209961,791,0,0,75,0,0,0,664,0,829,OPTIMAL=75,interval_proves_cutoff=664;lower_skipped_by_nonpositive_upper=829
278,2,lp,upper,1568,84,0.09447109600000002,0.08510875701904297,984,0,0,84,0,0,0,820,664,0,OPTIMAL=84,interval_proves_cutoff=820;upper_skipped_by_nonnegative_interval_lower=664
278,3,lp,lower,100,0,0.0,0.0,0,0,0,0,0,0,0,9,0,91,,interval_proves_cutoff=9;lower_skipped_by_nonpositive_upper=91
278,3,lp,upper,100,0,0.0,0.0,0,0,0,0,0,0,0,91,9,0,,interval_proves_cutoff=91;upper_skipped_by_nonnegative_interval_lower=9
279,0,lp,lower,9,9,0.038885915,0.038294076919555664,1071,0,0,9,0,0,0,0,0,0,OPTIMAL=9,
279,0,lp,upper,9,9,0.043930629,0.04323554039001465,1074,0,0,9,0,0,0,0,0,0,OPTIMAL=9,
279,1,interval_arithmetic,lower,3136,0,0.0,0.0,0,0,0,0,0,917,0,0,0,2219,,interval_arithmetic=917;lower_skipped_by_nonpositive_upper=2219
279,1,interval_arithmetic,upper,3136,0,0.0,0.0,0,0,0,0,0,3136,0,0,0,0,,interval_arithmetic=3136
279,2,lp,lower,1568,79,0.07512214800000001,0.07225561141967773,475,0,0,79,0,0,0,688,0,801,OPTIMAL=79,interval_proves_cutoff=688;lower_skipped_by_nonpositive_upper=801
279,2,lp,upper,1568,81,0.08658653300000005,0.07746672630310059,587,0,0,81,0,0,0,799,688,0,OPTIMAL=81,interval_proves_cutoff=799;upper_skipped_by_nonnegative_interval_lower=688
279,3,lp,lower,100,1,0.004369643,0.004294633865356445,182,0,0,1,0,0,0,8,0,91,OPTIMAL=1,interval_proves_cutoff=8;lower_skipped_by_nonpositive_upper=91
279,3,lp,upper,100,1,0.005432348,0.005308628082275391,182,0,0,1,0,0,0,91,8,0,OPTIMAL=1,interval_proves_cutoff=91;upper_skipped_by_nonnegative_interval_lower=8
280,0,lp,lower,9,9,0.028542791999999997,0.028033018112182617,774,0,0,9,0,0,0,0,0,0,OPTIMAL=9,
280,0,lp,upper,9,9,0.025541287000000003,0.02494668960571289,759,0,0,9,0,0,0,0,0,0,OPTIMAL=9,
280,1,interval_arithmetic,lower,3136,0,0.0,0.0,0,0,0,0,0,836,0,0,0,2300,,interval_arithmetic=836;lower_skipped_by_nonpositive_upper=2300
280,1,interval_arithmetic,upper,3136,0,0.0,0.0,0,0,0,0,0,3136,0,0,0,0,,interval_arithmetic=3136
280,2,lp,lower,1568,60,0.05353199299999997,0.05144667625427246,422,0,0,60,0,0,0,628,0,880,OPTIMAL=60,interval_proves_cutoff=628;lower_skipped_by_nonpositive_upper=880
280,2,lp,upper,1568,65,0.07004250399999998,0.06174612045288086,669,0,0,65,0,0,0,875,628,0,OPTIMAL=65,interval_proves_cutoff=875;upper_skipped_by_nonnegative_interval_lower=628
280,3,lp,lower,100,0,0.0,0.0,0,0,0,0,0,0,0,9,0,91,,interval_proves_cutoff=9;lower_skipped_by_nonpositive_upper=91
280,3,lp,upper,100,0,0.0,0.0,0,0,0,0,0,0,0,91,9,0,,interval_proves_cutoff=91;upper_skipped_by_nonnegative_interval_lower=9
281,0,lp,lower,9,9,0.032365936,0.031838417053222656,1126,0,0,9,0,0,0,0,0,0,OPTIMAL=9,
281,0,lp,upper,9,9,0.031555741,0.031036376953125,1076,0,0,9,0,0,0,0,0,0,OPTIMAL=9,
281,1,interval_arithmetic,lower,3136,0,0.0,0.0,0,0,0,0,0,921,0,0,0,2215,,interval_arithmetic=921;lower_skipped_by_nonpositive_upper=2215
281,1,interval_arithmetic,upper,3136,0,0.0,0.0,0,0,0,0,0,3136,0,0,0,0,,interval_arithmetic=3136
281,2,lp,lower,1568,71,0.07677858300000001,0.07400131225585938,948,0,0,71,0,0,0,681,0,816,OPTIMAL=71,interval_proves_cutoff=681;lower_skipped_by_nonpositive_upper=816
281,2,lp,upper,1568,79,0.09667034600000002,0.0872354507446289,1196,0,0,79,0,0,0,808,681,0,OPTIMAL=79,interval_proves_cutoff=808;upper_skipped_by_nonnegative_interval_lower=681
281,3,lp,lower,100,2,0.006384838,0.006254673004150391,230,0,0,2,0,0,0,7,0,91,OPTIMAL=2,interval_proves_cutoff=7;lower_skipped_by_nonpositive_upper=91
281,3,lp,upper,100,2,0.007502565,0.007277250289916992,273,0,0,2,0,0,0,91,7,0,OPTIMAL=2,interval_proves_cutoff=91;upper_skipped_by_nonnegative_interval_lower=7
282,0,lp,lower,9,9,0.045700806,0.04506254196166992,1042,0,0,9,0,0,0,0,0,0,OPTIMAL=9,
282,0,lp,upper,9,9,0.047703288,0.047054290771484375,1080,0,0,9,0,0,0,0,0,0,OPTIMAL=9,
282,1,interval_arithmetic,lower,3136,0,0.0,0.0,0,0,0,0,0,907,0,0,0,2229,,interval_arithmetic=907;lower_skipped_by_nonpositive_upper=2229
282,1,interval_arithmetic,upper,3136,0,0.0,0.0,0,0,0,0,0,3136,0,0,0,0,,interval_arithmetic=3136
282,2,lp,lower,1568,75,0.07055131899999999,0.06780004501342773,780,0,0,75,0,0,0,655,0,838,OPTIMAL=75,interval_proves_cutoff=655;lower_skipped_by_nonpositive_upper=838
282,2,lp,upper,1568,88,0.09633920000000003,0.08657646179199219,1008,0,0,88,0,0,0,825,655,0,OPTIMAL=88,interval_proves_cutoff=825;upper_skipped_by_nonnegative_interval_lower=655
282,3,lp,lower,100,2,0.006560534999999999,0.006452083587646484,214,0,0,2,0,0,0,7,0,91,OPTIMAL=2,interval_proves_cutoff=7;lower_skipped_by_nonpositive_upper=91
282,3,lp,upper,100,2,0.00670112,0.006530046463012695,220,0,0,2,0,0,0,91,7,0,OPTIMAL=2,interval_proves_cutoff=91;upper_skipped_by_nonnegative_interval_lower=7
284,0,lp,lower,9,9,0.07885498799999999,0.07816076278686523,1638,0,0,9,0,0,0,0,0,0,OPTIMAL=9,
284,0,lp,upper,9,9,0.084858663,0.08400630950927734,1693,0,0,9,0,0,0,0,0,0,OPTIMAL=9,
284,1,interval_arithmetic,lower,3136,0,0.0,0.0,0,0,0,0,0,878,0,0,0,2258,,interval_arithmetic=878;lower_skipped_by_nonpositive_upper=2258
284,1,interval_arithmetic,upper,3136,0,0.0,0.0,0,0,0,0,0,3136,0,0,0,0,,interval_arithmetic=3136
284,2,lp,lower,1568,94,0.09715904,0.09364533424377441,1325,0,0,94,0,0,0,643,0,831,OPTIMAL=94,interval_proves_cutoff=643;lower_skipped_by_nonpositive_upper=831
284,2,lp,upper,1568,101,0.116464598,0.10614585876464844,1579,0,0,101,0,0,0,824,643,0,OPTIMAL=101,interval_proves_cutoff=824;upper_skipped_by_nonnegative_interval_lower=643
284,3,lp,lower,100,2,0.011290662,0.011167287826538086,321,0,0,2,0,0,0,7,0,91,OPTIMAL=2,interval_proves_cutoff=7;lower_skipped_by_nonpositive_upper=91
284,3,lp,upper,100,2,0.009254739000000001,0.00906825065612793,349,0,0,2,0,0,0,91,7,0,OPTIMAL=2,interval_proves_cutoff=91;upper_skipped_by_nonnegative_interval_lower=7
285,0,lp,lower,9,9,0.056918529,0.05623006820678711,1462,0,0,9,0,0,0,0,0,0,OPTIMAL=9,
285,0,lp,upper,9,9,0.057813532,0.05706334114074707,1551,0,0,9,0,0,0,0,0,0,OPTIMAL=9,
285,1,interval_arithmetic,lower,3136,0,0.0,0.0,0,0,0,0,0,914,0,0,0,2222,,interval_arithmetic=914;lower_skipped_by_nonpositive_upper=2222
285,1,interval_arithmetic,upper,3136,0,0.0,0.0,0,0,0,0,0,3136,0,0,0,0,,interval_arithmetic=3136
285,2,lp,lower,1568,99,0.11076142599999998,0.1070091724395752,1811,0,0,99,0,0,0,652,0,817,OPTIMAL=99,interval_proves_cutoff=652;lower_skipped_by_nonpositive_upper=817
285,2,lp,upper,1568,107,0.12709555400000005,0.11625051498413086,1989,0,0,107,0,0,0,809,652,0,OPTIMAL=107,interval_proves_cutoff=809;upper_skipped_by_nonnegative_interval_lower=652
285,3,lp,lower,100,0,0.0,0.0,0,0,0,0,0,0,0,9,0,91,,interval_proves_cutoff=9;lower_skipped_by_nonpositive_upper=91
285,3,lp,upper,100,0,0.0,0.0,0,0,0,0,0,0,0,91,9,0,,interval_proves_cutoff=91;upper_skipped_by_nonnegative_interval_lower=9
286,0,lp,lower,9,9,0.056850770999999994,0.056215524673461914,1555,0,0,9,0,0,0,0,0,0,OPTIMAL=9,
286,0,lp,upper,9,9,0.059769262,0.05912661552429199,1566,0,0,9,0,0,0,0,0,0,OPTIMAL=9,
286,1,interval_arithmetic,lower,3136,0,0.0,0.0,0,0,0,0,0,919,0,0,0,2217,,interval_arithmetic=919;lower_skipped_by_nonpositive_upper=2217
286,1,interval_arithmetic,upper,3136,0,0.0,0.0,0,0,0,0,0,3136,0,0,0,0,,interval_arithmetic=3136
286,2,lp,lower,1568,105,0.11141087499999999,0.10754656791687012,1366,0,0,105,0,0,0,655,0,808,OPTIMAL=105,interval_proves_cutoff=655;lower_skipped_by_nonpositive_upper=808
286,2,lp,upper,1568,115,0.13093446099999997,0.11979842185974121,1596,0,0,115,0,0,0,798,655,0,OPTIMAL=115,interval_proves_cutoff=798;upper_skipped_by_nonnegative_interval_lower=655
286,3,lp,lower,100,1,0.006154838,0.006081819534301758,278,0,0,1,0,0,0,8,0,91,OPTIMAL=1,interval_proves_cutoff=8;lower_skipped_by_nonpositive_upper=91
286,3,lp,upper,100,1,0.005644865,0.0055086612701416016,214,0,0,1,0,0,0,91,8,0,OPTIMAL=1,interval_proves_cutoff=91;upper_skipped_by_nonnegative_interval_lower=8
287,0,lp,lower,9,9,0.036289371,0.03568530082702637,1115,0,0,9,0,0,0,0,0,0,OPTIMAL=9,
287,0,lp,upper,9,9,0.036137859,0.03551912307739258,1152,0,0,9,0,0,0,0,0,0,OPTIMAL=9,
287,1,interval_arithmetic,lower,3136,0,0.0,0.0,0,0,0,0,0,906,0,0,0,2230,,interval_arithmetic=906;lower_skipped_by_nonpositive_upper=2230
287,1,interval_arithmetic,upper,3136,0,0.0,0.0,0,0,0,0,0,3136,0,0,0,0,,interval_arithmetic=3136
287,2,lp,lower,1568,74,0.07724753600000002,0.07446050643920898,1001,0,0,74,0,0,0,645,0,849,OPTIMAL=74,interval_proves_cutoff=645;lower_skipped_by_nonpositive_upper=849
287,2,lp,upper,1568,84,0.09850886300000002,0.08867669105529785,1261,0,0,84,0,0,0,839,645,0,OPTIMAL=84,interval_proves_cutoff=839;upper_skipped_by_nonnegative_interval_lower=645
287,3,lp,lower,100,0,0.0,0.0,0,0,0,0,0,0,0,9,0,91,,interval_proves_cutoff=9;lower_skipped_by_nonpositive_upper=91
287,3,lp,upper,100,0,0.0,0.0,0,0,0,0,0,0,0,91,9,0,,interval_proves_cutoff=91;upper_skipped_by_nonnegative_interval_lower=9
288,0,lp,lower,9,9,0.041511007,0.0409848690032959,1084,0,0,9,0,0,0,0,0,0,OPTIMAL=9,
288,0,lp,upper,9,9,0.040923350000000004,0.04020428657531738,1173,0,0,9,0,0,0,0,0,0,OPTIMAL=9,
288,1,interval_arithmetic,lower,3136,0,0.0,0.0,0,0,0,0,0,920,0,0,0,2216,,interval_arithmetic=920;lower_skipped_by_nonpositive_upper=2216
288,1,interval_arithmetic,upper,3136,0,0.0,0.0,0,0,0,0,0,3136,0,0,0,0,,interval_arithmetic=3136
288,2,lp,lower,1568,94,0.09356346100000001,0.09002876281738281,840,0,0,94,0,0,0,669,0,805,OPTIMAL=94,interval_proves_cutoff=669;lower_skipped_by_nonpositive_upper=805
288,2,lp,upper,1568,97,0.10612551100000003,0.09598588943481445,977,0,0,97,0,0,0,802,669,0,OPTIMAL=97,interval_proves_cutoff=802;upper_skipped_by_nonnegative_interval_lower=669
288,3,lp,lower,100,0,0.0,0.0,0,0,0,0,0,0,0,9,0,91,,interval_proves_cutoff=9;lower_skipped_by_nonpositive_upper=91
288,3,lp,upper,100,0,0.0,0.0,0,0,0,0,0,0,0,91,9,0,,interval_proves_cutoff=91;upper_skipped_by_nonnegative_interval_lower=9
289,0,lp,lower,9,9,0.02064734,0.020201683044433594,577,0,0,9,0,0,0,0,0,0,OPTIMAL=9,
289,0,lp,upper,9,9,0.023298594000000002,0.02277207374572754,652,0,0,9,0,0,0,0,0,0,OPTIMAL=9,
289,1,interval_arithmetic,lower,3136,0,0.0,0.0,0,0,0,0,0,854,0,0,0,2282,,interval_arithmetic=854;lower_skipped_by_nonpositive_upper=2282
289,1,interval_arithmetic,upper,3136,0,0.0,0.0,0,0,0,0,0,3136,0,0,0,0,,interval_arithmetic=3136
289,2,lp,lower,1568,49,0.039410773999999996,0.03755545616149902,183,0,0,49,0,0,0,642,0,877,OPTIMAL=49,interval_proves_cutoff=642;lower_skipped_by_nonpositive_upper=877
289,2,lp,upper,1568,49,0.046354403,0.03841686248779297,269,0,0,49,0,0,0,877,642,0,OPTIMAL=49,interval_proves_cutoff=877;upper_skipped_by_nonnegative_interval_lower=642
289,3,lp,lower,100,0,0.0,0.0,0,0,0,0,0,0,0,9,0,91,,interval_proves_cutoff=9;lower_skipped_by_nonpositive_upper=91
289,3,lp,upper,100,0,0.0,0.0,0,0,0,0,0,0,0,91,9,0,,interval_proves_cutoff=91;upper_skipped_by_nonnegative_interval_lower=9
290,0,lp,lower,9,9,0.055435488000000005,0.05477118492126465,1350,0,0,9,0,0,0,0,0,0,OPTIMAL=9,
290,0,lp,upper,9,9,0.060402489000000004,0.05958390235900879,1460,0,0,9,0,0,0,0,0,0,OPTIMAL=9,
290,1,interval_arithmetic,lower,3136,0,0.0,0.0,0,0,0,0,0,889,0,0,0,2247,,interval_arithmetic=889;lower_skipped_by_nonpositive_upper=2247
290,1,interval_arithmetic,upper,3136,0,0.0,0.0,0,0,0,0,0,3136,0,0,0,0,,interval_arithmetic=3136
290,2,lp,lower,1568,93,0.092364957,0.08885049819946289,1188,0,0,93,0,0,0,667,0,808,OPTIMAL=93,interval_proves_cutoff=667;lower_skipped_by_nonpositive_upper=808
290,2,lp,upper,1568,95,0.10662604599999996,0.09661555290222168,1367,0,0,95,0,0,0,806,667,0,OPTIMAL=95,interval_proves_cutoff=806;upper_skipped_by_nonnegative_interval_lower=667
290,3,lp,lower,100,0,0.0,0.0,0,0,0,0,0,0,0,9,0,91,,interval_proves_cutoff=9;lower_skipped_by_nonpositive_upper=91
290,3,lp,upper,100,0,0.0,0.0,0,0,0,0,0,0,0,91,9,0,,interval_proves_cutoff=91;upper_skipped_by_nonnegative_interval_lower=9
291,0,lp,lower,9,9,0.042089825000000004,0.0415341854095459,1225,0,0,9,0,0,0,0,0,0,OPTIMAL=9,
291,0,lp,upper,9,9,0.045186032,0.04462170600891113,1227,0,0,9,0,0,0,0,0,0,OPTIMAL=9,
291,1,interval_arithmetic,lower,3136,0,0.0,0.0,0,0,0,0,0,937,0,0,0,2199,,interval_arithmetic=937;lower_skipped_by_nonpositive_upper=2199
291,1,interval_arithmetic,upper,3136,0,0.0,0.0,0,0,0,0,0,3136,0,0,0,0,,interval_arithmetic=3136
291,2,lp,lower,1568,79,0.08230322300000001,0.07924795150756836,1378,0,0,79,0,0,0,687,0,802,OPTIMAL=79,interval_proves_cutoff=687;lower_skipped_by_nonpositive_upper=802
291,2,lp,upper,1568,86,0.09934173699999999,0.08948183059692383,1608,0,0,86,0,0,0,795,687,0,OPTIMAL=86,interval_proves_cutoff=795;upper_skipped_by_nonnegative_interval_lower=687
291,3,lp,lower,100,1,0.008796273,0.008725643157958984,282,0,0,1,0,0,0,8,0,91,OPTIMAL=1,interval_proves_cutoff=8;lower_skipped_by_nonpositive_upper=91
291,3,lp,upper,100,1,0.004572612,0.004458904266357422,201,0,0,1,0,0,0,91,8,0,OPTIMAL=1,interval_proves_cutoff=91;upper_skipped_by_nonnegative_interval_lower=8
292,0,lp,lower,9,9,0.0599513,0.059266090393066406,1550,0,0,9,0,0,0,0,0,0,OPTIMAL=9,
292,0,lp,upper,9,9,0.061526827000000006,0.06074094772338867,1709,0,0,9,0,0,0,0,0,0,OPTIMAL=9,
292,1,interval_arithmetic,lower,3136,0,0.0,0.0,0,0,0,0,0,939,0,0,0,2197,,interval_arithmetic=939;lower_skipped_by_nonpositive_upper=2197
292,1,interval_arithmetic,upper,3136,0,0.0,0.0,0,0,0,0,0,3136,0,0,0,0,,interval_arithmetic=3136
292,2,lp,lower,1568,104,0.11811534199999997,0.11396503448486328,1706,0,0,104,0,0,0,663,0,801,OPTIMAL=104,interval_proves_cutoff=663;lower_skipped_by_nonpositive_upper=801
292,2,lp,upper,1568,110,0.13632650799999999,0.12534689903259277,1779,0,0,110,0,0,0,795,663,0,OPTIMAL=110,interval_proves_cutoff=795;upper_skipped_by_nonnegative_interval_lower=663
292,3,lp,lower,100,0,0.0,0.0,0,0,0,0,0,0,0,9,0,91,,interval_proves_cutoff=9;lower_skipped_by_nonpositive_upper=91
292,3,lp,upper,100,0,0.0,0.0,0,0,0,0,0,0,0,91,9,0,,interval_proves_cutoff=91;upper_skipped_by_nonnegative_interval_lower=9
293,0,lp,lower,9,9,0.025695015000000005,0.025173425674438477,746,0,0,9,0,0,0,0,0,0,OPTIMAL=9,
293,0,lp,upper,9,9,0.02857284,0.027992725372314453,841,0,0,9,0,0,0,0,0,0,OPTIMAL=9,
293,1,interval_arithmetic,lower,3136,0,0.0,0.0,0,0,0,0,0,906,0,0,0,2230,,interval_arithmetic=906;lower_skipped_by_nonpositive_upper=2230
293,1,interval_arithmetic,upper,3136,0,0.0,0.0,0,0,0,0,0,3136,0,0,0,0,,interval_arithmetic=3136
293,2,lp,lower,1568,59,0.056290316,0.054129600524902344,507,0,0,59,0,0,0,683,0,826,OPTIMAL=59,interval_proves_cutoff=683;lower_skipped_by_nonpositive_upper=826
293,2,lp,upper,1568,61,0.06767120299999999,0.059287071228027344,594,0,0,61,0,0,0,824,683,0,OPTIMAL=61,interval_proves_cutoff=824;upper_skipped_by_nonnegative_interval_lower=683
293,3,lp,lower,100,0,0.0,0.0,0,0,0,0,0,0,0,9,0,91,,interval_proves_cutoff=9;lower_skipped_by_nonpositive_upper=91
293,3,lp,upper,100,0,0.0,0.0,0,0,0,0,0,0,0,91,9,0,,interval_proves_cutoff=91;upper_skipped_by_nonnegative_interval_lower=9
294,0,lp,lower,9,9,0.04737999699999999,0.046770572662353516,1232,0,0,9,0,0,0,0,0,0,OPTIMAL=9,
294,0,lp,upper,9,9,0.040184623,0.039559364318847656,1121,0,0,9,0,0,0,0,0,0,OPTIMAL=9,
294,1,interval_arithmetic,lower,3136,0,0.0,0.0,0,0,0,0,0,921,0,0,0,2215,,interval_arithmetic=921;lower_skipped_by_nonpositive_upper=2215
294,1,interval_arithmetic,upper,3136,0,0.0,0.0,0,0,0,0,0,3136,0,0,0,0,,interval_arithmetic=3136
294,2,lp,lower,1568,73,0.077174371,0.07445716857910156,832,0,0,73,0,0,0,668,0,827,OPTIMAL=73,interval_proves_cutoff=668;lower_skipped_by_nonpositive_upper=827
294,2,lp,upper,1568,74,0.08633866300000002,0.07709074020385742,946,0,0,74,0,0,0,826,668,0,OPTIMAL=74,interval_proves_cutoff=826;upper_skipped_by_nonnegative_interval_lower=668
294,3,lp,lower,100,2,0.007495193000000001,0.007361412048339844,232,0,0,2,0,0,0,7,0,91,OPTIMAL=2,interval_proves_cutoff=7;lower_skipped_by_nonpositive_upper=91
294,3,lp,upper,100,2,0.007929904,0.007734537124633789,250,0,0,2,0,0,0,91,7,0,OPTIMAL=2,interval_proves_cutoff=91;upper_skipped_by_nonnegative_interval_lower=7
295,0,lp,lower,9,9,0.06140335499999999,0.06067323684692383,1537,0,0,9,0,0,0,0,0,0,OPTIMAL=9,
295,0,lp,upper,9,9,0.062355554,0.06150078773498535,1602,0,0,9,0,0,0,0,0,0,OPTIMAL=9,
295,1,interval_arithmetic,lower,3136,0,0.0,0.0,0,0,0,0,0,931,0,0,0,2205,,interval_arithmetic=931;lower_skipped_by_nonpositive_upper=2205
295,1,interval_arithmetic,upper,3136,0,0.0,0.0,0,0,0,0,0,3136,0,0,0,0,,interval_arithmetic=3136
295,2,lp,lower,1568,109,0.12242555299999998,0.11830568313598633,1652,0,0,109,0,0,0,673,0,786,OPTIMAL=109,interval_proves_cutoff=673;lower_skipped_by_nonpositive_upper=786
295,2,lp,upper,1568,116,0.14038713400000005,0.12940621376037598,1797,0,0,116,0,0,0,779,673,0,OPTIMAL=116,interval_proves_cutoff=779;upper_skipped_by_nonnegative_interval_lower=673
295,3,lp,lower,100,1,0.009026684,0.008947372436523438,287,0,0,1,0,0,0,8,0,91,OPTIMAL=1,interval_proves_cutoff=8;lower_skipped_by_nonpositive_upper=91
295,3,lp,upper,100,1,0.007084145,0.006956338882446289,244,0,0,1,0,0,0,91,8,0,OPTIMAL=1,interval_proves_cutoff=91;upper_skipped_by_nonnegative_interval_lower=8
296,0,lp,lower,9,9,0.059818543,0.05907559394836426,1344,0,0,9,0,0,0,0,0,0,OPTIMAL=9,
296,0,lp,upper,9,9,0.070901362,0.0701141357421875,1423,0,0,9,0,0,0,0,0,0,OPTIMAL=9,
296,1,interval_arithmetic,lower,3136,0,0.0,0.0,0,0,0,0,0,900,0,0,0,2236,,interval_arithmetic=900;lower_skipped_by_nonpositive_upper=2236
296,1,interval_arithmetic,upper,3136,0,0.0,0.0,0,0,0,0,0,3136,0,0,0,0,,interval_arithmetic=3136
296,2,lp,lower,1568,98,0.09563103499999998,0.0921328067779541,999,0,0,98,0,0,0,663,0,807,OPTIMAL=98,interval_proves_cutoff=663;lower_skipped_by_nonpositive_upper=807
296,2,lp,upper,1568,100,0.10478276000000004,0.0946645736694336,1029,0,0,100,0,0,0,805,663,0,OPTIMAL=100,interval_proves_cutoff=805;upper_skipped_by_nonnegative_interval_lower=663
296,3,lp,lower,100,1,0.007068957,0.006982088088989258,242,0,0,1,0,0,0,8,0,91,OPTIMAL=1,interval_proves_cutoff=8;lower_skipped_by_nonpositive_upper=91
296,3,lp,upper,100,1,0.005966987,0.005849599838256836,217,0,0,1,0,0,0,91,8,0,OPTIMAL=1,interval_proves_cutoff=91;upper_skipped_by_nonnegative_interval_lower=8
297,0,lp,lower,9,9,0.046618779,0.046074628829956055,1408,0,0,9,0,0,0,0,0,0,OPTIMAL=9,
297,0,lp,upper,9,9,0.054417967000000005,0.05379843711853027,1521,0,0,9,0,0,0,0,0,0,OPTIMAL=9,
297,1,interval_arithmetic,lower,3136,0,0.0,0.0,0,0,0,0,0,980,0,0,0,2156,,interval_arithmetic=980;lower_skipped_by_nonpositive_upper=2156
297,1,interval_arithmetic,upper,3136,0,0.0,0.0,0,0,0,0,0,3136,0,0,0,0,,interval_arithmetic=3136
297,2,lp,lower,1568,86,0.09426594000000003,0.09102487564086914,1052,0,0,86,0,0,0,708,0,774,OPTIMAL=86,interval_proves_cutoff=708;lower_skipped_by_nonpositive_upper=774
297,2,lp,upper,1568,92,0.11131952099999999,0.1009073257446289,1146,0,0,92,0,0,0,768,708,0,OPTIMAL=92,interval_proves_cutoff=768;upper_skipped_by_nonnegative_interval_lower=708
297,3,lp,lower,100,1,0.004842026,0.004781484603881836,224,0,0,1,0,0,0,8,0,91,OPTIMAL=1,interval_proves_cutoff=8;lower_skipped_by_nonpositive_upper=91
297,3,lp,upper,100,1,0.003788517,0.003658771514892578,177,0,0,1,0,0,0,91,8,0,OPTIMAL=1,interval_proves_cutoff=91;upper_skipped_by_nonnegative_interval_lower=8
298,0,lp,lower,9,9,0.060018529,0.05924224853515625,1613,0,0,9,0,0,0,0,0,0,OPTIMAL=9,
298,0,lp,upper,9,9,0.075420027,0.07454133033752441,1794,0,0,9,0,0,0,0,0,0,OPTIMAL=9,
298,1,interval_arithmetic,lower,3136,0,0.0,0.0,0,0,0,0,0,944,0,0,0,2192,,interval_arithmetic=944;lower_skipped_by_nonpositive_upper=2192
298,1,interval_arithmetic,upper,3136,0,0.0,0.0,0,0,0,0,0,3136,0,0,0,0,,interval_arithmetic=3136
298,2,lp,lower,1568,129,0.14013513099999997,0.13510727882385254,1572,0,0,129,0,0,0,679,0,760,OPTIMAL=129,interval_proves_cutoff=679;lower_skipped_by_nonpositive_upper=760
298,2,lp,upper,1568,134,0.15515684199999996,0.14325833320617676,1852,0,0,134,0,0,0,755,679,0,OPTIMAL=134,interval_proves_cutoff=755;upper_skipped_by_nonnegative_interval_lower=679
298,3,lp,lower,100,1,0.010444887,0.01034855842590332,350,0,0,1,0,0,0,8,0,91,OPTIMAL=1,interval_proves_cutoff=8;lower_skipped_by_nonpositive_upper=91
298,3,lp,upper,100,1,0.009604677,0.00947713851928711,314,0,0,1,0,0,0,91,8,0,OPTIMAL=1,interval_proves_cutoff=91;upper_skipped_by_nonnegative_interval_lower=8
299,0,lp,lower,9,9,0.059369056,0.058621883392333984,1528,0,0,9,0,0,0,0,0,0,OPTIMAL=9,
299,0,lp,upper,9,9,0.06418742899999999,0.06342339515686035,1582,0,0,9,0,0,0,0,0,0,OPTIMAL=9,
299,1,interval_arithmetic,lower,3136,0,0.0,0.0,0,0,0,0,0,950,0,0,0,2186,,interval_arithmetic=950;lower_skipped_by_nonpositive_upper=2186
299,1,interval_arithmetic,upper,3136,0,0.0,0.0,0,0,0,0,0,3136,0,0,0,0,,interval_arithmetic=3136
299,2,lp,lower,1568,96,0.11020041400000001,0.10643887519836426,1767,0,0,96,0,0,0,674,0,798,OPTIMAL=96,interval_proves_cutoff=674;lower_skipped_by_nonpositive_upper=798
299,2,lp,upper,1568,104,0.13249547899999997,0.12154150009155273,2049,0,0,104,0,0,0,790,674,0,OPTIMAL=104,interval_proves_cutoff=790;upper_skipped_by_nonnegative_interval_lower=674
299,3,lp,lower,100,1,0.008236851,0.008152246475219727,290,0,0,1,0,0,0,8,0,91,OPTIMAL=1,interval_proves_cutoff=8;lower_skipped_by_nonpositive_upper=91
299,3,lp,upper,100,1,0.005388659,0.005263566970825195,224,0,0,1,0,0,0,91,8,0,OPTIMAL=1,interval_proves_cutoff=91;upper_skipped_by_nonnegative_interval_lower=8
300,0,lp,lower,9,9,0.06814714499999999,0.06754183769226074,1557,0,0,9,0,0,0,0,0,0,OPTIMAL=9,
300,0,lp,upper,9,9,0.056709616,0.056040048599243164,1371,0,0,9,0,0,0,0,0,0,OPTIMAL=9,
300,1,interval_arithmetic,lower,3136,0,0.0,0.0,0,0,0,0,0,919,0,0,0,2217,,interval_arithmetic=919;lower_skipped_by_nonpositive_upper=2217
300,1,interval_arithmetic,upper,3136,0,0.0,0.0,0,0,0,0,0,3136,0,0,0,0,,interval_arithmetic=3136
300,2,lp,lower,1568,94,0.10308553100000004,0.09955120086669922,1697,0,0,94,0,0,0,658,0,816,OPTIMAL=94,interval_proves_cutoff=658;lower_skipped_by_nonpositive_upper=816
300,2,lp,upper,1568,108,0.12694415,0.11592316627502441,1952,0,0,108,0,0,0,802,658,0,OPTIMAL=108,interval_proves_cutoff=802;upper_skipped_by_nonnegative_interval_lower=658
300,3,lp,lower,100,1,0.008414433,0.008340835571289062,283,0,0,1,0,0,0,8,0,91,OPTIMAL=1,interval_proves_cutoff=8;lower_skipped_by_nonpositive_upper=91
300,3,lp,upper,100,1,0.006024767,0.005901813507080078,200,0,0,1,0,0,0,91,8,0,OPTIMAL=1,interval_proves_cutoff=91;upper_skipped_by_nonnegative_interval_lower=8
301,0,lp,lower,9,9,0.045596992,0.04501652717590332,1180,0,0,9,0,0,0,0,0,0,OPTIMAL=9,
301,0,lp,upper,9,9,0.050743545999999994,0.05006575584411621,1248,0,0,9,0,0,0,0,0,0,OPTIMAL=9,
301,1,interval_arithmetic,lower,3136,0,0.0,0.0,0,0,0,0,0,883,0,0,0,2253,,interval_arithmetic=883;lower_skipped_by_nonpositive_upper=2253
301,1,interval_arithmetic,upper,3136,0,0.0,0.0,0,0,0,0,0,3136,0,0,0,0,,interval_arithmetic=3136
301,2,lp,lower,1568,82,0.08863664099999999,0.08552408218383789,1342,0,0,82,0,0,0,646,0,840,OPTIMAL=82,interval_proves_cutoff=646;lower_skipped_by_nonpositive_upper=840
301,2,lp,upper,1568,86,0.10197266899999993,0.09213781356811523,1468,0,0,86,0,0,0,836,646,0,OPTIMAL=86,interval_proves_cutoff=836;upper_skipped_by_nonnegative_interval_lower=646
301,3,lp,lower,100,1,0.00635789,0.006276607513427734,223,0,0,1,0,0,0,8,0,91,OPTIMAL=1,interval_proves_cutoff=8;lower_skipped_by_nonpositive_upper=91
301,3,lp,upper,100,1,0.005436128,0.0053217411041259766,207,0,0,1,0,0,0,91,8,0,OPTIMAL=1,interval_proves_cutoff=91;upper_skipped_by_nonnegative_interval_lower=8
302,0,lp,lower,9,9,0.050611802,0.04993176460266113,1356,0,0,9,0,0,0,0,0,0,OPTIMAL=9,
302,0,lp,upper,9,9,0.05416188499999999,0.05348634719848633,1407,0,0,9,0,0,0,0,0,0,OPTIMAL=9,
302,1,interval_arithmetic,lower,3136,0,0.0,0.0,0,0,0,0,0,930,0,0,0,2206,,interval_arithmetic=930;lower_skipped_by_nonpositive_upper=2206
302,1,interval_arithmetic,upper,3136,0,0.0,0.0,0,0,0,0,0,3136,0,0,0,0,,interval_arithmetic=3136
302,2,lp,lower,1568,78,0.08458727300000002,0.08164787292480469,1246,0,0,78,0,0,0,651,0,839,OPTIMAL=78,interval_proves_cutoff=651;lower_skipped_by_nonpositive_upper=839
302,2,lp,upper,1568,82,0.09839691300000006,0.08840799331665039,1457,0,0,82,0,0,0,835,651,0,OPTIMAL=82,interval_proves_cutoff=835;upper_skipped_by_nonnegative_interval_lower=651
302,3,lp,lower,100,1,0.005614742,0.0055310726165771484,237,0,0,1,0,0,0,8,0,91,OPTIMAL=1,interval_proves_cutoff=8;lower_skipped_by_nonpositive_upper=91
302,3,lp,upper,100,1,0.005224823,0.005019426345825195,198,0,0,1,0,0,0,91,8,0,OPTIMAL=1,interval_proves_cutoff=91;upper_skipped_by_nonnegative_interval_lower=8
303,0,lp,lower,9,9,0.034083507,0.03361010551452637,878,0,0,9,0,0,0,0,0,0,OPTIMAL=9,
303,0,lp,upper,9,9,0.038701626999999995,0.03817296028137207,912,0,0,9,0,0,0,0,0,0,OPTIMAL=9,
303,1,interval_arithmetic,lower,3136,0,0.0,0.0,0,0,0,0,0,856,0,0,0,2280,,interval_arithmetic=856;lower_skipped_by_nonpositive_upper=2280
303,1,interval_arithmetic,upper,3136,0,0.0,0.0,0,0,0,0,0,3136,0,0,0,0,,interval_arithmetic=3136
303,2,lp,lower,1568,61,0.059911889999999995,0.05769968032836914,880,0,0,61,0,0,0,644,0,863,OPTIMAL=61,interval_proves_cutoff=644;lower_skipped_by_nonpositive_upper=863
303,2,lp,upper,1568,68,0.07474452799999998,0.06597256660461426,966,0,0,68,0,0,0,856,644,0,OPTIMAL=68,interval_proves_cutoff=856;upper_skipped_by_nonnegative_interval_lower=644
303,3,lp,lower,100,2,0.007146042,0.007044315338134766,204,0,0,2,0,0,0,7,0,91,OPTIMAL=2,interval_proves_cutoff=7;lower_skipped_by_nonpositive_upper=91
303,3,lp,upper,100,2,0.0065889009999999994,0.006401777267456055,219,0,0,2,0,0,0,91,7,0,OPTIMAL=2,interval_proves_cutoff=91;upper_skipped_by_nonnegative_interval_lower=7
304,0,lp,lower,9,9,0.095910614,0.0950765609741211,1911,0,0,9,0,0,0,0,0,0,OPTIMAL=9,
304,0,lp,upper,9,9,0.116884467,0.11614108085632324,2102,0,0,9,0,0,0,0,0,0,OPTIMAL=9,
304,1,interval_arithmetic,lower,3136,0,0.0,0.0,0,0,0,0,0,891,0,0,0,2245,,interval_arithmetic=891;lower_skipped_by_nonpositive_upper=2245
304,1,interval_arithmetic,upper,3136,0,0.0,0.0,0,0,0,0,0,3136,0,0,0,0,,interval_arithmetic=3136
304,2,lp,lower,1568,116,0.11571730999999992,0.1112675666809082,1743,0,0,116,0,0,0,658,0,794,OPTIMAL=116,interval_proves_cutoff=658;lower_skipped_by_nonpositive_upper=794
304,2,lp,upper,1568,119,0.129269258,0.11829519271850586,2028,0,0,119,0,0,0,791,658,0,OPTIMAL=119,interval_proves_cutoff=791;upper_skipped_by_nonnegative_interval_lower=658
304,3,lp,lower,100,1,0.016263219,0.016182422637939453,375,0,0,1,0,0,0,8,0,91,OPTIMAL=1,interval_proves_cutoff=8;lower_skipped_by_nonpositive_upper=91
304,3,lp,upper,100,1,0.009442925,0.00931096076965332,283,0,0,1,0,0,0,91,8,0,OPTIMAL=1,interval_proves_cutoff=91;upper_skipped_by_nonnegative_interval_lower=8
305,0,lp,lower,9,9,0.036769165000000006,0.03624463081359863,1071,0,0,9,0,0,0,0,0,0,OPTIMAL=9,
305,0,lp,upper,9,9,0.042152986,0.04152345657348633,1113,0,0,9,0,0,0,0,0,0,OPTIMAL=9,
305,1,interval_arithmetic,lower,3136,0,0.0,0.0,0,0,0,0,0,906,0,0,0,2230,,interval_arithmetic=906;lower_skipped_by_nonpositive_upper=2230
305,1,interval_arithmetic,upper,3136,0,0.0,0.0,0,0,0,0,0,3136,0,0,0,0,,interval_arithmetic=3136
305,2,lp,lower,1568,86,0.09560294400000002,0.0923609733581543,1293,0,0,86,0,0,0,665,0,817,OPTIMAL=86,interval_proves_cutoff=665;lower_skipped_by_nonpositive_upper=817
305,2,lp,upper,1568,89,0.107588148,0.09732413291931152,1446,0,0,89,0,0,0,814,665,0,OPTIMAL=89,interval_proves_cutoff=814;upper_skipped_by_nonnegative_interval_lower=665
305,3,lp,lower,100,2,0.008262018999999999,0.008134126663208008,255,0,0,2,0,0,0,7,0,91,OPTIMAL=2,interval_proves_cutoff=7;lower_skipped_by_nonpositive_upper=91
305,3,lp,upper,100,2,0.008367415,0.008160114288330078,305,0,0,2,0,0,0,91,7,0,OPTIMAL=2,interval_proves_cutoff=91;upper_skipped_by_nonnegative_interval_lower=7
306,0,lp,lower,9,9,0.049138928,0.04847526550292969,1387,0,0,9,0,0,0,0,0,0,OPTIMAL=9,
306,0,lp,upper,9,9,0.05864915500000001,0.05782723426818848,1618,0,0,9,0,0,0,0,0,0,OPTIMAL=9,
306,1,interval_arithmetic,lower,3136,0,0.0,0.0,0,0,0,0,0,955,0,0,0,2181,,interval_arithmetic=955;lower_skipped_by_nonpositive_upper=2181
306,1,interval_arithmetic,upper,3136,0,0.0,0.0,0,0,0,0,0,3136,0,0,0,0,,interval_arithmetic=3136
306,2,lp,lower,1568,100,0.114266842,0.11033511161804199,1904,0,0,100,0,0,0,707,0,761,OPTIMAL=100,interval_proves_cutoff=707;lower_skipped_by_nonpositive_upper=761
306,2,lp,upper,1568,105,0.128135904,0.11735057830810547,2073,0,0,105,0,0,0,756,707,0,OPTIMAL=105,interval_proves_cutoff=756;upper_skipped_by_nonnegative_interval_lower=707
306,3,lp,lower,100,0,0.0,0.0,0,0,0,0,0,0,0,9,0,91,,interval_proves_cutoff=9;lower_skipped_by_nonpositive_upper=91
306,3,lp,upper,100,0,0.0,0.0,0,0,0,0,0,0,0,91,9,0,,interval_proves_cutoff=91;upper_skipped_by_nonnegative_interval_lower=9
307,0,lp,lower,9,9,0.048836994999999994,0.0480804443359375,1431,0,0,9,0,0,0,0,0,0,OPTIMAL=9,
307,0,lp,upper,9,9,0.052559501999999994,0.05181741714477539,1496,0,0,9,0,0,0,0,0,0,OPTIMAL=9,
307,1,interval_arithmetic,lower,3136,0,0.0,0.0,0,0,0,0,0,911,0,0,0,2225,,interval_arithmetic=911;lower_skipped_by_nonpositive_upper=2225
307,1,interval_arithmetic,upper,3136,0,0.0,0.0,0,0,0,0,0,3136,0,0,0,0,,interval_arithmetic=3136
307,2,lp,lower,1568,89,0.10254289699999998,0.09909653663635254,1509,0,0,89,0,0,0,651,0,828,OPTIMAL=89,interval_proves_cutoff=651;lower_skipped_by_nonpositive_upper=828
307,2,lp,upper,1568,94,0.11916107100000001,0.10891532897949219,1708,0,0,94,0,0,0,823,651,0,OPTIMAL=94,interval_proves_cutoff=823;upper_skipped_by_nonnegative_interval_lower=651
307,3,lp,lower,100,1,0.007826581,0.007759809494018555,271,0,0,1,0,0,0,8,0,91,OPTIMAL=1,interval_proves_cutoff=8;lower_skipped_by_nonpositive_upper=91
307,3,lp,upper,100,1,0.005559603,0.005446672439575195,224,0,0,1,0,0,0,91,8,0,OPTIMAL=1,interval_proves_cutoff=91;upper_skipped_by_nonnegative_interval_lower=8
308,0,lp,lower,9,9,0.05144359500000001,0.050848960876464844,1300,0,0,9,0,0,0,0,0,0,OPTIMAL=9,
308,0,lp,upper,9,9,0.045525064999999997,0.0448613166809082,1153,0,0,9,0,0,0,0,0,0,OPTIMAL=9,
308,1,interval_arithmetic,lower,3136,0,0.0,0.0,0,0,0,0,0,898,0,0,0,2238,,interval_arithmetic=898;lower_skipped_by_nonpositive_upper=2238
308,1,interval_arithmetic,upper,3136,0,0.0,0.0,0,0,0,0,0,3136,0,0,0,0,,interval_arithmetic=3136
308,2,lp,lower,1568,74,0.08302318800000001,0.08021926879882812,1461,0,0,74,0,0,0,656,0,838,OPTIMAL=74,interval_proves_cutoff=656;lower_skipped_by_nonpositive_upper=838
308,2,lp,upper,1568,76,0.09643709099999999,0.08695530891418457,1552,0,0,76,0,0,0,836,656,0,OPTIMAL=76,interval_proves_cutoff=836;upper_skipped_by_nonnegative_interval_lower=656
308,3,lp,lower,100,3,0.011572614,0.011382818222045898,351,0,0,3,0,0,0,6,0,91,OPTIMAL=3,interval_proves_cutoff=6;lower_skipped_by_nonpositive_upper=91
308,3,lp,upper,100,3,0.012505928,0.012172222137451172,386,0,0,3,0,0,0,91,6,0,OPTIMAL=3,interval_proves_cutoff=91;upper_skipped_by_nonnegative_interval_lower=6
309,0,lp,lower,9,9,0.067047105,0.06633234024047852,1449,0,0,9,0,0,0,0,0,0,OPTIMAL=9,
309,0,lp,upper,9,9,0.052703230999999996,0.05203104019165039,1268,0,0,9,0,0,0,0,0,0,OPTIMAL=9,
309,1,interval_arithmetic,lower,3136,0,0.0,0.0,0,0,0,0,0,926,0,0,0,2210,,interval_arithmetic=926;lower_skipped_by_nonpositive_upper=2210
309,1,interval_arithmetic,upper,3136,0,0.0,0.0,0,0,0,0,0,3136,0,0,0,0,,interval_arithmetic=3136
309,2,lp,lower,1568,83,0.08987935799999999,0.08667874336242676,1097,0,0,83,0,0,0,661,0,824,OPTIMAL=83,interval_proves_cutoff=661;lower_skipped_by_nonpositive_upper=824
309,2,lp,upper,1568,91,0.11105650199999995,0.10056471824645996,1421,0,0,91,0,0,0,816,661,0,OPTIMAL=91,interval_proves_cutoff=816;upper_skipped_by_nonnegative_interval_lower=661
309,3,lp,lower,100,2,0.008471887,0.008333444595336914,269,0,0,2,0,0,0,7,0,91,OPTIMAL=2,interval_proves_cutoff=7;lower_skipped_by_nonpositive_upper=91
309,3,lp,upper,100,2,0.009167676999999999,0.00897526741027832,322,0,0,2,0,0,0,91,7,0,OPTIMAL=2,interval_proves_cutoff=91;upper_skipped_by_nonnegative_interval_lower=7
310,0,lp,lower,9,9,0.045717944,0.04512834548950195,1271,0,0,9,0,0,0,0,0,0,OPTIMAL=9,
310,0,lp,upper,9,9,0.048017843000000004,0.04741334915161133,1362,0,0,9,0,0,0,0,0,0,OPTIMAL=9,
310,1,interval_arithmetic,lower,3136,0,0.0,0.0,0,0,0,0,0,888,0,0,0,2248,,interval_arithmetic=888;lower_skipped_by_nonpositive_upper=2248
310,1,interval_arithmetic,upper,3136,0,0.0,0.0,0,0,0,0,0,3136,0,0,0,0,,interval_arithmetic=3136
310,2,lp,lower,1568,104,0.104811823,0.10097789764404297,1091,0,0,104,0,0,0,667,0,797,OPTIMAL=104,interval_proves_cutoff=667;lower_skipped_by_nonpositive_upper=797
310,2,lp,upper,1568,109,0.12257810699999998,0.11194109916687012,1228,0,0,109,0,0,0,792,667,0,OPTIMAL=109,interval_proves_cutoff=792;upper_skipped_by_nonnegative_interval_lower=667
310,3,lp,lower,100,1,0.006089704,0.005994081497192383,258,0,0,1,0,0,0,8,0,91,OPTIMAL=1,interval_proves_cutoff=8;lower_skipped_by_nonpositive_upper=91
310,3,lp,upper,100,1,0.005530128,0.0053997039794921875,210,0,0,1,0,0,0,91,8,0,OPTIMAL=1,interval_proves_cutoff=91;upper_skipped_by_nonnegative_interval_lower=8
311,0,lp,lower,9,9,0.044168414,0.04347634315490723,1212,0,0,9,0,0,0,0,0,0,OPTIMAL=9,
311,0,lp,upper,9,9,0.047980010999999996,0.0472412109375,1273,0,0,9,0,0,0,0,0,0,OPTIMAL=9,
311,1,interval_arithmetic,lower,3136,0,0.0,0.0,0,0,0,0,0,885,0,0,0,2251,,interval_arithmetic=885;lower_skipped_by_nonpositive_upper=2251
311,1,interval_arithmetic,upper,3136,0,0.0,0.0,0,0,0,0,0,3136,0,0,0,0,,interval_arithmetic=3136
311,2,lp,lower,1568,108,0.10395963599999998,0.0999763011932373,1064,0,0,108,0,0,0,647,0,813,OPTIMAL=108,interval_proves_cutoff=647;lower_skipped_by_nonpositive_upper=813
311,2,lp,upper,1568,118,0.13104465499999998,0.12012171745300293,1276,0,0,118,0,0,0,803,647,0,OPTIMAL=118,interval_proves_cutoff=803;upper_skipped_by_nonnegative_interval_lower=647
311,3,lp,lower,100,1,0.00522087,0.005152225494384766,227,0,0,1,0,0,0,8,0,91,OPTIMAL=1,interval_proves_cutoff=8;lower_skipped_by_nonpositive_upper=91
311,3,lp,upper,100,1,0.005851709,0.005736351013183594,194,0,0,1,0,0,0,91,8,0,OPTIMAL=1,interval_proves_cutoff=91;upper_skipped_by_nonnegative_interval_lower=8
312,0,lp,lower,9,9,0.049787850999999994,0.04923272132873535,1252,0,0,9,0,0,0,0,0,0,OPTIMAL=9,
312,0,lp,upper,9,9,0.05353895000000001,0.05294513702392578,1302,0,0,9,0,0,0,0,0,0,OPTIMAL=9,
312,1,interval_arithmetic,lower,3136,0,0.0,0.0,0,0,0,0,0,1006,0,0,0,2130,,interval_arithmetic=1006;lower_skipped_by_nonpositive_upper=2130
312,1,interval_arithmetic,upper,3136,0,0.0,0.0,0,0,0,0,0,3136,0,0,0,0,,interval_arithmetic=3136
312,2,lp,lower,1568,78,0.08223885699999996,0.0793769359588623,924,0,0,78,0,0,0,699,0,791,OPTIMAL=78,interval_proves_cutoff=699;lower_skipped_by_nonpositive_upper=791
312,2,lp,upper,1568,87,0.11802770499999994,0.09630894660949707,1192,0,0,87,0,0,0,782,699,0,OPTIMAL=87,interval_proves_cutoff=782;upper_skipped_by_nonnegative_interval_lower=699
312,3,lp,lower,100,1,0.005760872,0.005684852600097656,212,0,0,1,0,0,0,8,0,91,OPTIMAL=1,interval_proves_cutoff=8;lower_skipped_by_nonpositive_upper=91
312,3,lp,upper,100,1,0.005126357,0.005015373229980469,193,0,0,1,0,0,0,91,8,0,OPTIMAL=1,interval_proves_cutoff=91;upper_skipped_by_nonnegative_interval_lower=8
313,0,lp,lower,9,9,0.053724747999999996,0.05299687385559082,1419,0,0,9,0,0,0,0,0,0,OPTIMAL=9,
313,0,lp,upper,9,9,0.058700484,0.05795454978942871,1492,0,0,9,0,0,0,0,0,0,OPTIMAL=9,
313,1,interval_arithmetic,lower,3136,0,0.0,0.0,0,0,0,0,0,950,0,0,0,2186,,interval_arithmetic=950;lower_skipped_by_nonpositive_upper=2186
313,1,interval_arithmetic,upper,3136,0,0.0,0.0,0,0,0,0,0,3136,0,0,0,0,,interval_arithmetic=3136
313,2,lp,lower,1568,101,0.11622508600000002,0.11213111877441406,1628,0,0,101,0,0,0,668,0,799,OPTIMAL=101,interval_proves_cutoff=668;lower_skipped_by_nonpositive_upper=799
313,2,lp,upper,1568,104,0.128361313,0.11761045455932617,1708,0,0,104,0,0,0,796,668,0,OPTIMAL=104,interval_proves_cutoff=796;upper_skipped_by_nonnegative_interval_lower=668
313,3,lp,lower,100,1,0.009449143,0.009364128112792969,308,0,0,1,0,0,0,8,0,91,OPTIMAL=1,interval_proves_cutoff=8;lower_skipped_by_nonpositive_upper=91
313,3,lp,upper,100,1,0.006158565,0.006035566329956055,235,0,0,1,0,0,0,91,8,0,OPTIMAL=1,interval_proves_cutoff=91;upper_skipped_by_nonnegative_interval_lower=8
314,0,lp,lower,9,9,0.057309844,0.056592702865600586,1551,0,0,9,0,0,0,0,0,0,OPTIMAL=9,
314,0,lp,upper,9,9,0.060891396000000014,0.060028076171875,1710,0,0,9,0,0,0,0,0,0,OPTIMAL=9,
314,1,interval_arithmetic,lower,3136,0,0.0,0.0,0,0,0,0,0,927,0,0,0,2209,,interval_arithmetic=927;lower_skipped_by_nonpositive_upper=2209
314,1,interval_arithmetic,upper,3136,0,0.0,0.0,0,0,0,0,0,3136,0,0,0,0,,interval_arithmetic=3136
314,2,lp,lower,1568,113,0.13344938999999997,0.12910723686218262,1886,0,0,113,0,0,0,678,0,777,OPTIMAL=113,interval_proves_cutoff=678;lower_skipped_by_nonpositive_upper=777
314,2,lp,upper,1568,121,0.151909934,0.14008021354675293,2137,0,0,121,0,0,0,769,678,0,OPTIMAL=121,interval_proves_cutoff=769;upper_skipped_by_nonnegative_interval_lower=678
314,3,lp,lower,100,0,0.0,0.0,0,0,0,0,0,0,0,9,0,91,,interval_proves_cutoff=9;lower_skipped_by_nonpositive_upper=91
314,3,lp,upper,100,0,0.0,0.0,0,0,0,0,0,0,0,91,9,0,,interval_proves_cutoff=91;upper_skipped_by_nonnegative_interval_lower=9
315,0,lp,lower,9,9,0.02394921,0.02349400520324707,675,0,0,9,0,0,0,0,0,0,OPTIMAL=9,
315,0,lp,upper,9,9,0.024513656,0.024029016494750977,678,0,0,9,0,0,0,0,0,0,OPTIMAL=9,
315,1,interval_arithmetic,lower,3136,0,0.0,0.0,0,0,0,0,0,846,0,0,0,2290,,interval_arithmetic=846;lower_skipped_by_nonpositive_upper=2290
315,1,interval_arithmetic,upper,3136,0,0.0,0.0,0,0,0,0,0,3136,0,0,0,0,,interval_arithmetic=3136
315,2,lp,lower,1568,57,0.04240854300000001,0.040462493896484375,119,0,0,57,0,0,0,644,0,867,OPTIMAL=57,interval_proves_cutoff=644;lower_skipped_by_nonpositive_upper=867
315,2,lp,upper,1568,62,0.055907347,0.04773402214050293,300,0,0,62,0,0,0,862,644,0,OPTIMAL=62,interval_proves_cutoff=862;upper_skipped_by_nonnegative_interval_lower=644
315,3,lp,lower,100,1,0.002594948,0.0025398731231689453,115,0,0,1,0,0,0,7,0,92,OPTIMAL=1,interval_proves_cutoff=7;lower_skipped_by_nonpositive_upper=92
315,3,lp,upper,100,1,0.002615105,0.002513885498046875,111,0,0,1,0,0,0,92,7,0,OPTIMAL=1,interval_proves_cutoff=92;upper_skipped_by_nonnegative_interval_lower=7
316,0,lp,lower,9,9,0.045512121,0.0447080135345459,1343,0,0,9,0,0,0,0,0,0,OPTIMAL=9,
316,0,lp,upper,9,9,0.04462051,0.043790340423583984,1444,0,0,9,0,0,0,0,0,0,OPTIMAL=9,
316,1,interval_arithmetic,lower,3136,0,0.0,0.0,0,0,0,0,0,937,0,0,0,2199,,interval_arithmetic=937;lower_skipped_by_nonpositive_upper=2199
316,1,interval_arithmetic,upper,3136,0,0.0,0.0,0,0,0,0,0,3136,0,0,0,0,,interval_arithmetic=3136
316,2,lp,lower,1568,89,0.090220087,0.08680367469787598,1228,0,0,89,0,0,0,658,0,821,OPTIMAL=89,interval_proves_cutoff=658;lower_skipped_by_nonpositive_upper=821
316,2,lp,upper,1568,104,0.115613182,0.10483574867248535,1649,0,0,104,0,0,0,806,658,0,OPTIMAL=104,interval_proves_cutoff=806;upper_skipped_by_nonnegative_interval_lower=658
316,3,lp,lower,100,0,0.0,0.0,0,0,0,0,0,0,0,9,0,91,,interval_proves_cutoff=9;lower_skipped_by_nonpositive_upper=91
316,3,lp,upper,100,0,0.0,0.0,0,0,0,0,0,0,0,91,9,0,,interval_proves_cutoff=91;upper_skipped_by_nonnegative_interval_lower=9
317,0,lp,lower,9,9,0.048495488,0.047754526138305664,1314,0,0,9,0,0,0,0,0,0,OPTIMAL=9,
317,0,lp,upper,9,9,0.047693820000000005,0.04699277877807617,1289,0,0,9,0,0,0,0,0,0,OPTIMAL=9,
317,1,interval_arithmetic,lower,3136,0,0.0,0.0,0,0,0,0,0,899,0,0,0,2237,,interval_arithmetic=899;lower_skipped_by_nonpositive_upper=2237
317,1,interval_arithmetic,upper,3136,0,0.0,0.0,0,0,0,0,0,3136,0,0,0,0,,interval_arithmetic=3136
317,2,lp,lower,1568,93,0.08760153199999998,0.08415460586547852,1110,0,0,93,0,0,0,635,0,840,OPTIMAL=93,interval_proves_cutoff=635;lower_skipped_by_nonpositive_upper=840
317,2,lp,upper,1568,101,0.10733661099999997,0.09703540802001953,1292,0,0,101,0,0,0,832,635,0,OPTIMAL=101,interval_proves_cutoff=832;upper_skipped_by_nonnegative_interval_lower=635
317,3,lp,lower,100,2,0.012583239,0.012445926666259766,303,0,0,2,0,0,0,7,0,91,OPTIMAL=2,interval_proves_cutoff=7;lower_skipped_by_nonpositive_upper=91
317,3,lp,upper,100,2,0.01045911,0.010225772857666016,345,0,0,2,0,0,0,91,7,0,OPTIMAL=2,interval_proves_cutoff=91;upper_skipped_by_nonnegative_interval_lower=7
318,0,lp,lower,9,9,0.036085853,0.03552842140197754,1119,0,0,9,0,0,0,0,0,0,OPTIMAL=9,
318,0,lp,upper,9,9,0.036088419,0.03546309471130371,1123,0,0,9,0,0,0,0,0,0,OPTIMAL=9,
318,1,interval_arithmetic,lower,3136,0,0.0,0.0,0,0,0,0,0,896,0,0,0,2240,,interval_arithmetic=896;lower_skipped_by_nonpositive_upper=2240
318,1,interval_arithmetic,upper,3136,0,0.0,0.0,0,0,0,0,0,3136,0,0,0,0,,interval_arithmetic=3136
318,2,lp,lower,1568,79,0.07688096699999998,0.07398414611816406,887,0,0,79,0,0,0,636,0,853,OPTIMAL=79,interval_proves_cutoff=636;lower_skipped_by_nonpositive_upper=853
318,2,lp,upper,1568,91,0.102188812,0.09220242500305176,1126,0,0,91,0,0,0,841,636,0,OPTIMAL=91,interval_proves_cutoff=841;upper_skipped_by_nonnegative_interval_lower=636
318,3,lp,lower,100,0,0.0,0.0,0,0,0,0,0,0,0,9,0,91,,interval_proves_cutoff=9;lower_skipped_by_nonpositive_upper=91
318,3,lp,upper,100,0,0.0,0.0,0,0,0,0,0,0,0,91,9,0,,interval_proves_cutoff=91;upper_skipped_by_nonnegative_interval_lower=9
319,0,lp,lower,9,9,0.07610805400000001,0.07533025741577148,1813,0,0,9,0,0,0,0,0,0,OPTIMAL=9,
319,0,lp,upper,9,9,0.074373964,0.07355594635009766,1797,0,0,9,0,0,0,0,0,0,OPTIMAL=9,
319,1,interval_arithmetic,lower,3136,0,0.0,0.0,0,0,0,0,0,958,0,0,0,2178,,interval_arithmetic=958;lower_skipped_by_nonpositive_upper=2178
319,1,interval_arithmetic,upper,3136,0,0.0,0.0,0,0,0,0,0,3136,0,0,0,0,,interval_arithmetic=3136
319,2,lp,lower,1568,108,0.13350003800000004,0.12915897369384766,2040,0,0,108,0,0,0,682,0,778,OPTIMAL=108,interval_proves_cutoff=682;lower_skipped_by_nonpositive_upper=778
319,2,lp,upper,1568,120,0.16613589099999995,0.15437769889831543,2429,0,0,120,0,0,0,766,682,0,OPTIMAL=120,interval_proves_cutoff=766;upper_skipped_by_nonnegative_interval_lower=682
319,3,lp,lower,100,1,0.007888998,0.007804155349731445,322,0,0,1,0,0,0,8,0,91,OPTIMAL=1,interval_proves_cutoff=8;lower_skipped_by_nonpositive_upper=91
319,3,lp,upper,100,1,0.006017342,0.00589442253112793,235,0,0,1,0,0,0,91,8,0,OPTIMAL=1,interval_proves_cutoff=91;upper_skipped_by_nonnegative_interval_lower=8
320,0,lp,lower,9,9,0.062318471,0.061446189880371094,1645,0,0,9,0,0,0,0,0,0,OPTIMAL=9,
320,0,lp,upper,9,9,0.066158066,0.06525731086730957,1682,0,0,9,0,0,0,0,0,0,OPTIMAL=9,
320,1,interval_arithmetic,lower,3136,0,0.0,0.0,0,0,0,0,0,949,0,0,0,2187,,interval_arithmetic=949;lower_skipped_by_nonpositive_upper=2187
320,1,interval_arithmetic,upper,3136,0,0.0,0.0,0,0,0,0,0,3136,0,0,0,0,,interval_arithmetic=3136
320,2,lp,lower,1568,113,0.13478763100000002,0.13044452667236328,1734,0,0,113,0,0,0,680,0,775,OPTIMAL=113,interval_proves_cutoff=680;lower_skipped_by_nonpositive_upper=775
320,2,lp,upper,1568,121,0.159439855,0.1477491855621338,2070,0,0,121,0,0,0,767,680,0,OPTIMAL=121,interval_proves_cutoff=767;upper_skipped_by_nonnegative_interval_lower=680
320,3,lp,lower,100,1,0.008611307,0.008507490158081055,325,0,0,1,0,0,0,8,0,91,OPTIMAL=1,interval_proves_cutoff=8;lower_skipped_by_nonpositive_upper=91
320,3,lp,upper,100,1,0.006865045,0.006731271743774414,265,0,0,1,0,0,0,91,8,0,OPTIMAL=1,interval_proves_cutoff=91;upper_skipped_by_nonnegative_interval_lower=8
321,0,lp,lower,9,9,0.034421406,0.033867597579956055,971,0,0,9,0,0,0,0,0,0,OPTIMAL=9,
321,0,lp,upper,9,9,0.033571245,0.03291058540344238,964,0,0,9,0,0,0,0,0,0,OPTIMAL=9,
321,1,interval_arithmetic,lower,3136,0,0.0,0.0,0,0,0,0,0,872,0,0,0,2264,,interval_arithmetic=872;lower_skipped_by_nonpositive_upper=2264
321,1,interval_arithmetic,upper,3136,0,0.0,0.0,0,0,0,0,0,3136,0,0,0,0,,interval_arithmetic=3136
321,2,lp,lower,1568,65,0.06353421899999999,0.06112790107727051,895,0,0,65,0,0,0,632,0,871,OPTIMAL=65,interval_proves_cutoff=632;lower_skipped_by_nonpositive_upper=871
321,2,lp,upper,1568,67,0.07763008200000003,0.06870555877685547,926,0,0,67,0,0,0,869,632,0,OPTIMAL=67,interval_proves_cutoff=869;upper_skipped_by_nonnegative_interval_lower=632
321,3,lp,lower,100,0,0.0,0.0,0,0,0,0,0,0,0,9,0,91,,interval_proves_cutoff=9;lower_skipped_by_nonpositive_upper=91
321,3,lp,upper,100,0,0.0,0.0,0,0,0,0,0,0,0,91,9,0,,interval_proves_cutoff=91;upper_skipped_by_nonnegative_interval_lower=9
323,0,lp,lower,9,9,0.048504026,0.04788970947265625,1087,0,0,9,0,0,0,0,0,0,OPTIMAL=9,
323,0,lp,upper,9,9,0.052883861000000004,0.05223345756530762,1185,0,0,9,0,0,0,0,0,0,OPTIMAL=9,
323,1,interval_arithmetic,lower,3136,0,0.0,0.0,0,0,0,0,0,901,0,0,0,2235,,interval_arithmetic=901;lower_skipped_by_nonpositive_upper=2235
323,1,interval_arithmetic,upper,3136,0,0.0,0.0,0,0,0,0,0,3136,0,0,0,0,,interval_arithmetic=3136
323,2,lp,lower,1568,73,0.06748043799999996,0.0648651123046875,703,0,0,73,0,0,0,651,0,844,OPTIMAL=73,interval_proves_cutoff=651;lower_skipped_by_nonpositive_upper=844
323,2,lp,upper,1568,82,0.08715107900000002,0.07781624794006348,1001,0,0,82,0,0,0,835,651,0,OPTIMAL=82,interval_proves_cutoff=835;upper_skipped_by_nonnegative_interval_lower=651
323,3,lp,lower,100,2,0.007651446,0.007523775100708008,211,0,0,2,0,0,0,7,0,91,OPTIMAL=2,interval_proves_cutoff=7;lower_skipped_by_nonpositive_upper=91
323,3,lp,upper,100,2,0.007327462,0.007155895233154297,260,0,0,2,0,0,0,91,7,0,OPTIMAL=2,interval_proves_cutoff=91;upper_skipped_by_nonnegative_interval_lower=7
324,0,lp,lower,9,9,0.06754132700000001,0.06679129600524902,1462,0,0,9,0,0,0,0,0,0,OPTIMAL=9,
324,0,lp,upper,9,9,0.059953520999999996,0.05926251411437988,1393,0,0,9,0,0,0,0,0,0,OPTIMAL=9,
324,1,interval_arithmetic,lower,3136,0,0.0,0.0,0,0,0,0,0,904,0,0,0,2232,,interval_arithmetic=904;lower_skipped_by_nonpositive_upper=2232
324,1,interval_arithmetic,upper,3136,0,0.0,0.0,0,0,0,0,0,3136,0,0,0,0,,interval_arithmetic=3136
324,2,lp,lower,1568,78,0.08330690000000002,0.08030533790588379,1371,0,0,78,0,0,0,657,0,833,OPTIMAL=78,interval_proves_cutoff=657;lower_skipped_by_nonpositive_upper=833
324,2,lp,upper,1568,87,0.103596264,0.09371685981750488,1524,0,0,87,0,0,0,824,657,0,OPTIMAL=87,interval_proves_cutoff=824;upper_skipped_by_nonnegative_interval_lower=657
324,3,lp,lower,100,1,0.005665735,0.005601406097412109,239,0,0,1,0,0,0,8,0,91,OPTIMAL=1,interval_proves_cutoff=8;lower_skipped_by_nonpositive_upper=91
324,3,lp,upper,100,1,0.005641341,0.005520820617675781,181,0,0,1,0,0,0,91,8,0,OPTIMAL=1,interval_proves_cutoff=91;upper_skipped_by_nonnegative_interval_lower=8
325,0,lp,lower,9,9,0.06334952399999999,0.06257748603820801,1543,0,0,9,0,0,0,0,0,0,OPTIMAL=9,
325,0,lp,upper,9,9,0.065813809,0.06505203247070312,1612,0,0,9,0,0,0,0,0,0,OPTIMAL=9,
325,1,interval_arithmetic,lower,3136,0,0.0,0.0,0,0,0,0,0,902,0,0,0,2234,,interval_arithmetic=902;lower_skipped_by_nonpositive_upper=2234
325,1,interval_arithmetic,upper,3136,0,0.0,0.0,0,0,0,0,0,3136,0,0,0,0,,interval_arithmetic=3136
325,2,lp,lower,1568,102,0.11068235799999997,0.10695981979370117,1507,0,0,102,0,0,0,668,0,798,OPTIMAL=102,interval_proves_cutoff=668;lower_skipped_by_nonpositive_upper=798
325,2,lp,upper,1568,109,0.126573939,0.11584186553955078,1756,0,0,109,0,0,0,791,668,0,OPTIMAL=109,interval_proves_cutoff=791;upper_skipped_by_nonnegative_interval_lower=668
325,3,lp,lower,100,0,0.0,0.0,0,0,0,0,0,0,0,9,0,91,,interval_proves_cutoff=9;lower_skipped_by_nonpositive_upper=91
325,3,lp,upper,100,0,0.0,0.0,0,0,0,0,0,0,0,91,9,0,,interval_proves_cutoff=91;upper_skipped_by_nonnegative_interval_lower=9
326,0,lp,lower,9,9,0.040559843,0.03999447822570801,1134,0,0,9,0,0,0,0,0,0,OPTIMAL=9,
326,0,lp,upper,9,9,0.04560886799999999,0.04497241973876953,1278,0,0,9,0,0,0,0,0,0,OPTIMAL=9,
326,1,interval_arithmetic,lower,3136,0,0.0,0.0,0,0,0,0,0,888,0,0,0,2248,,interval_arithmetic=888;lower_skipped_by_nonpositive_upper=2248
326,1,interval_arithmetic,upper,3136,0,0.0,0.0,0,0,0,0,0,3136,0,0,0,0,,interval_arithmetic=3136
326,2,lp,lower,1568,93,0.093588589,0.09014201164245605,1002,0,0,93,0,0,0,631,0,844,OPTIMAL=93,interval_proves_cutoff=631;lower_skipped_by_nonpositive_upper=844
326,2,lp,upper,1568,93,0.10316638399999999,0.09296965599060059,1081,0,0,93,0,0,0,844,631,0,OPTIMAL=93,interval_proves_cutoff=844;upper_skipped_by_nonnegative_interval_lower=631
326,3,lp,lower,100,1,0.005571219,0.0054972171783447266,232,0,0,1,0,0,0,8,0,91,OPTIMAL=1,interval_proves_cutoff=8;lower_skipped_by_nonpositive_upper=91
326,3,lp,upper,100,1,0.005665334,0.0055408477783203125,205,0,0,1,0,0,0,91,8,0,OPTIMAL=1,interval_proves_cutoff=91;upper_skipped_by_nonnegative_interval_lower=8
327,0,lp,lower,9,9,0.044720659,0.044043540954589844,1203,0,0,9,0,0,0,0,0,0,OPTIMAL=9,
327,0,lp,upper,9,9,0.042141438999999996,0.04151582717895508,1147,0,0,9,0,0,0,0,0,0,OPTIMAL=9,
327,1,interval_arithmetic,lower,3136,0,0.0,0.0,0,0,0,0,0,900,0,0,0,2236,,interval_arithmetic=900;lower_skipped_by_nonpositive_upper=2236
327,1,interval_arithmetic,upper,3136,0,0.0,0.0,0,0,0,0,0,3136,0,0,0,0,,interval_arithmetic=3136
327,2,lp,lower,1568,89,0.09261014099999998,0.08918404579162598,1127,0,0,89,0,0,0,648,0,831,OPTIMAL=89,interval_proves_cutoff=648;lower_skipped_by_nonpositive_upper=831
327,2,lp,upper,1568,92,0.10224229099999999,0.0919029712677002,1193,0,0,92,0,0,0,828,648,0,OPTIMAL=92,interval_proves_cutoff=828;upper_skipped_by_nonnegative_interval_lower=648
327,3,lp,lower,100,1,0.005216185,0.005140781402587891,216,0,0,1,0,0,0,8,0,91,OPTIMAL=1,interval_proves_cutoff=8;lower_skipped_by_nonpositive_upper=91
327,3,lp,upper,100,1,0.005168376,0.005052089691162109,196,0,0,1,0,0,0,91,8,0,OPTIMAL=1,interval_proves_cutoff=91;upper_skipped_by_nonnegative_interval_lower=8
328,0,lp,lower,9,9,0.030812442,0.030318737030029297,918,0,0,9,0,0,0,0,0,0,OPTIMAL=9,
328,0,lp,upper,9,9,0.032051039999999996,0.03149223327636719,968,0,0,9,0,0,0,0,0,0,OPTIMAL=9,
328,1,interval_arithmetic,lower,3136,0,0.0,0.0,0,0,0,0,0,934,0,0,0,2202,,interval_arithmetic=934;lower_skipped_by_nonpositive_upper=2202
328,1,interval_arithmetic,upper,3136,0,0.0,0.0,0,0,0,0,0,3136,0,0,0,0,,interval_arithmetic=3136
328,2,lp,lower,1568,71,0.06600157699999999,0.06343269348144531,448,0,0,71,0,0,0,696,0,801,OPTIMAL=71,interval_proves_cutoff=696;lower_skipped_by_nonpositive_upper=801
328,2,lp,upper,1568,74,0.08001092299999998,0.07103157043457031,563,0,0,74,0,0,0,798,696,0,OPTIMAL=74,interval_proves_cutoff=798;upper_skipped_by_nonnegative_interval_lower=696
328,3,lp,lower,100,0,0.0,0.0,0,0,0,0,0,0,0,8,0,92,,interval_proves_cutoff=8;lower_skipped_by_nonpositive_upper=92
328,3,lp,upper,100,1,0.003842278,0.003648519515991211,162,0,0,1,0,0,0,91,8,0,OPTIMAL=1,interval_proves_cutoff=91;upper_skipped_by_nonnegative_interval_lower=8
329,0,lp,lower,9,9,0.033276186,0.03266787528991699,1011,0,0,9,0,0,0,0,0,0,OPTIMAL=9,
329,0,lp,upper,9,9,0.038388618,0.03766059875488281,1142,0,0,9,0,0,0,0,0,0,OPTIMAL=9,
329,1,interval_arithmetic,lower,3136,0,0.0,0.0,0,0,0,0,0,898,0,0,0,2238,,interval_arithmetic=898;lower_skipped_by_nonpositive_upper=2238
329,1,interval_arithmetic,upper,3136,0,0.0,0.0,0,0,0,0,0,3136,0,0,0,0,,interval_arithmetic=3136
329,2,lp,lower,1568,80,0.07564234600000001,0.07270169258117676,825,0,0,80,0,0,0,660,0,828,OPTIMAL=80,interval_proves_cutoff=660;lower_skipped_by_nonpositive_upper=828
329,2,lp,upper,1568,83,0.08957453700000004,0.08014321327209473,1034,0,0,83,0,0,0,825,660,0,OPTIMAL=83,interval_proves_cutoff=825;upper_skipped_by_nonnegative_interval_lower=660
329,3,lp,lower,100,0,0.0,0.0,0,0,0,0,0,0,0,9,0,91,,interval_proves_cutoff=9;lower_skipped_by_nonpositive_upper=91
329,3,lp,upper,100,0,0.0,0.0,0,0,0,0,0,0,0,91,9,0,,interval_proves_cutoff=91;upper_skipped_by_nonnegative_interval_lower=9
330,0,lp,lower,9,9,0.026548378,0.026002168655395508,786,0,0,9,0,0,0,0,0,0,OPTIMAL=9,
330,0,lp,upper,9,9,0.028352608,0.02781534194946289,830,0,0,9,0,0,0,0,0,0,OPTIMAL=9,
330,1,interval_arithmetic,lower,3136,0,0.0,0.0,0,0,0,0,0,853,0,0,0,2283,,interval_arithmetic=853;lower_skipped_by_nonpositive_upper=2283
330,1,interval_arithmetic,upper,3136,0,0.0,0.0,0,0,0,0,0,3136,0,0,0,0,,interval_arithmetic=3136
330,2,lp,lower,1568,69,0.056698585,0.05432009696960449,501,0,0,69,0,0,0,631,0,868,OPTIMAL=69,interval_proves_cutoff=631;lower_skipped_by_nonpositive_upper=868
330,2,lp,upper,1568,74,0.069876637,0.0611875057220459,691,0,0,74,0,0,0,863,631,0,OPTIMAL=74,interval_proves_cutoff=863;upper_skipped_by_nonnegative_interval_lower=631
330,3,lp,lower,100,1,0.003482987,0.0034198760986328125,159,0,0,1,0,0,0,7,0,92,OPTIMAL=1,interval_proves_cutoff=7;lower_skipped_by_nonpositive_upper=92
330,3,lp,upper,100,1,0.00308304,0.0029790401458740234,136,0,0,1,0,0,0,92,7,0,OPTIMAL=1,interval_proves_cutoff=92;upper_skipped_by_nonnegative_interval_lower=7
331,0,lp,lower,9,9,0.030820708000000002,0.030299663543701172,818,0,0,9,0,0,0,0,0,0,OPTIMAL=9,
331,0,lp,upper,9,9,0.033601736,0.03306388854980469,825,0,0,9,0,0,0,0,0,0,OPTIMAL=9,
331,1,interval_arithmetic,lower,3136,0,0.0,0.0,0,0,0,0,0,844,0,0,0,2292,,interval_arithmetic=844;lower_skipped_by_nonpositive_upper=2292
331,1,interval_arithmetic,upper,3136,0,0.0,0.0,0,0,0,0,0,3136,0,0,0,0,,interval_arithmetic=3136
331,2,lp,lower,1568,68,0.06443748799999997,0.0620729923248291,493,0,0,68,0,0,0,633,0,867,OPTIMAL=68,interval_proves_cutoff=633;lower_skipped_by_nonpositive_upper=867
331,2,lp,upper,1568,70,0.075796827,0.0672767162322998,553,0,0,70,0,0,0,865,633,0,OPTIMAL=70,interval_proves_cutoff=865;upper_skipped_by_nonnegative_interval_lower=633
331,3,lp,lower,100,1,0.004298751,0.004245281219482422,148,0,0,1,0,0,0,8,0,91,OPTIMAL=1,interval_proves_cutoff=8;lower_skipped_by_nonpositive_upper=91
331,3,lp,upper,100,1,0.004241665,0.004109382629394531,138,0,0,1,0,0,0,91,8,0,OPTIMAL=1,interval_proves_cutoff=91;upper_skipped_by_nonnegative_interval_lower=8
332,0,lp,lower,9,9,0.056236471,0.05556631088256836,1455,0,0,9,0,0,0,0,0,0,OPTIMAL=9,
332,0,lp,upper,9,9,0.070103578,0.06939220428466797,1631,0,0,9,0,0,0,0,0,0,OPTIMAL=9,
332,1,interval_arithmetic,lower,3136,0,0.0,0.0,0,0,0,0,0,900,0,0,0,2236,,interval_arithmetic=900;lower_skipped_by_nonpositive_upper=2236
332,1,interval_arithmetic,upper,3136,0,0.0,0.0,0,0,0,0,0,3136,0,0,0,0,,interval_arithmetic=3136
332,2,lp,lower,1568,115,0.115725725,0.11128783226013184,1394,0,0,115,0,0,0,653,0,800,OPTIMAL=115,interval_proves_cutoff=653;lower_skipped_by_nonpositive_upper=800
332,2,lp,upper,1568,121,0.13215229099999998,0.1209406852722168,1507,0,0,121,0,0,0,794,653,0,OPTIMAL=121,interval_proves_cutoff=794;upper_skipped_by_nonnegative_interval_lower=653
332,3,lp,lower,100,2,0.013819175999999999,0.013661623001098633,345,0,0,2,0,0,0,7,0,91,OPTIMAL=2,interval_proves_cutoff=7;lower_skipped_by_nonpositive_upper=91
332,3,lp,upper,100,2,0.012491327,0.01220393180847168,391,0,0,2,0,0,0,91,7,0,OPTIMAL=2,interval_proves_cutoff=91;upper_skipped_by_nonnegative_interval_lower=7
333,0,lp,lower,9,9,0.023757223,0.02333211898803711,674,0,0,9,0,0,0,0,0,0,OPTIMAL=9,
333,0,lp,upper,9,9,0.025147359,0.02457427978515625,695,0,0,9,0,0,0,0,0,0,OPTIMAL=9,
333,1,interval_arithmetic,lower,3136,0,0.0,0.0,0,0,0,0,0,845,0,0,0,2291,,interval_arithmetic=845;lower_skipped_by_nonpositive_upper=2291
333,1,interval_arithmetic,upper,3136,0,0.0,0.0,0,0,0,0,0,3136,0,0,0,0,,interval_arithmetic=3136
333,2,lp,lower,1568,54,0.04322238499999999,0.04143691062927246,284,0,0,54,0,0,0,637,0,877,OPTIMAL=54,interval_proves_cutoff=637;lower_skipped_by_nonpositive_upper=877
333,2,lp,upper,1568,54,0.05335532599999998,0.04548954963684082,369,0,0,54,0,0,0,877,637,0,OPTIMAL=54,interval_proves_cutoff=877;upper_skipped_by_nonnegative_interval_lower=637
333,3,lp,lower,100,0,0.0,0.0,0,0,0,0,0,0,0,8,0,92,,interval_proves_cutoff=8;lower_skipped_by_nonpositive_upper=92
333,3,lp,upper,100,0,0.0,0.0,0,0,0,0,0,0,0,92,8,0,,interval_proves_cutoff=92;upper_skipped_by_nonnegative_interval_lower=8
334,0,lp,lower,9,9,0.063750222,0.06304264068603516,1425,0,0,9,0,0,0,0,0,0,OPTIMAL=9,
334,0,lp,upper,9,9,0.070474691,0.06974387168884277,1473,0,0,9,0,0,0,0,0,0,OPTIMAL=9,
334,1,interval_arithmetic,lower,3136,0,0.0,0.0,0,0,0,0,0,912,0,0,0,2224,,interval_arithmetic=912;lower_skipped_by_nonpositive_upper=2224
334,1,interval_arithmetic,upper,3136,0,0.0,0.0,0,0,0,0,0,3136,0,0,0,0,,interval_arithmetic=3136
334,2,lp,lower,1568,87,0.09643632600000003,0.09313273429870605,1415,0,0,87,0,0,0,681,0,800,OPTIMAL=87,interval_proves_cutoff=681;lower_skipped_by_nonpositive_upper=800
334,2,lp,upper,1568,92,0.11188890200000004,0.1018671989440918,1587,0,0,92,0,0,0,795,681,0,OPTIMAL=92,interval_proves_cutoff=795;upper_skipped_by_nonnegative_interval_lower=681
334,3,lp,lower,100,1,0.006788222,0.006709098815917969,252,0,0,1,0,0,0,8,0,91,OPTIMAL=1,interval_proves_cutoff=8;lower_skipped_by_nonpositive_upper=91
334,3,lp,upper,100,1,0.006265736,0.0060672760009765625,189,0,0,1,0,0,0,91,8,0,OPTIMAL=1,interval_proves_cutoff=91;upper_skipped_by_nonnegative_interval_lower=8
335,0,lp,lower,9,9,0.066947005,0.06620597839355469,1534,0,0,9,0,0,0,0,0,0,OPTIMAL=9,
335,0,lp,upper,9,9,0.07885824500000001,0.07813239097595215,1708,0,0,9,0,0,0,0,0,0,OPTIMAL=9,
335,1,interval_arithmetic,lower,3136,0,0.0,0.0,0,0,0,0,0,910,0,0,0,2226,,interval_arithmetic=910;lower_skipped_by_nonpositive_upper=2226
335,1,interval_arithmetic,upper,3136,0,0.0,0.0,0,0,0,0,0,3136,0,0,0,0,,interval_arithmetic=3136
335,2,lp,lower,1568,94,0.10275527999999996,0.0991971492767334,1402,0,0,94,0,0,0,669,0,805,OPTIMAL=94,interval_proves_cutoff=669;lower_skipped_by_nonpositive_upper=805
335,2,lp,upper,1568,99,0.12066097400000003,0.1102447509765625,1594,0,0,99,0,0,0,800,669,0,OPTIMAL=99,interval_proves_cutoff=800;upper_skipped_by_nonnegative_interval_lower=669
335,3,lp,lower,100,1,0.005652554,0.005573749542236328,243,0,0,1,0,0,0,8,0,91,OPTIMAL=1,interval_proves_cutoff=8;lower_skipped_by_nonpositive_upper=91
335,3,lp,upper,100,1,0.005128735,0.005005836486816406,212,0,0,1,0,0,0,91,8,0,OPTIMAL=1,interval_proves_cutoff=91;upper_skipped_by_nonnegative_interval_lower=8
336,0,lp,lower,9,9,0.041888336,0.0411984920501709,1187,0,0,9,0,0,0,0,0,0,OPTIMAL=9,
336,0,lp,upper,9,9,0.041283214000000006,0.040541887283325195,1253,0,0,9,0,0,0,0,0,0,OPTIMAL=9,
336,1,interval_arithmetic,lower,3136,0,0.0,0.0,0,0,0,0,0,895,0,0,0,2241,,interval_arithmetic=895;lower_skipped_by_nonpositive_upper=2241
336,1,interval_arithmetic,upper,3136,0,0.0,0.0,0,0,0,0,0,3136,0,0,0,0,,interval_arithmetic=3136
336,2,lp,lower,1568,88,0.097678085,0.09431958198547363,1205,0,0,88,0,0,0,663,0,817,OPTIMAL=88,interval_proves_cutoff=663;lower_skipped_by_nonpositive_upper=817
336,2,lp,upper,1568,95,0.11772050200000002,0.10757184028625488,1432,0,0,95,0,0,0,810,663,0,OPTIMAL=95,interval_proves_cutoff=810;upper_skipped_by_nonnegative_interval_lower=663
336,3,lp,lower,100,0,0.0,0.0,0,0,0,0,0,0,0,9,0,91,,interval_proves_cutoff=9;lower_skipped_by_nonpositive_upper=91
336,3,lp,upper,100,0,0.0,0.0,0,0,0,0,0,0,0,91,9,0,,interval_proves_cutoff=91;upper_skipped_by_nonnegative_interval_lower=9
337,0,lp,lower,9,9,0.047008894,0.0464327335357666,1367,0,0,9,0,0,0,0,0,0,OPTIMAL=9,
337,0,lp,upper,9,9,0.052223638,0.0515592098236084,1441,0,0,9,0,0,0,0,0,0,OPTIMAL=9,
337,1,interval_arithmetic,lower,3136,0,0.0,0.0,0,0,0,0,0,926,0,0,0,2210,,interval_arithmetic=926;lower_skipped_by_nonpositive_upper=2210
337,1,interval_arithmetic,upper,3136,0,0.0,0.0,0,0,0,0,0,3136,0,0,0,0,,interval_arithmetic=3136
337,2,lp,lower,1568,95,0.10098872299999997,0.09749722480773926,1452,0,0,95,0,0,0,657,0,816,OPTIMAL=95,interval_proves_cutoff=657;lower_skipped_by_nonpositive_upper=816
337,2,lp,upper,1568,96,0.113833924,0.1038064956665039,1491,0,0,96,0,0,0,815,657,0,OPTIMAL=96,interval_proves_cutoff=815;upper_skipped_by_nonnegative_interval_lower=657
337,3,lp,lower,100,0,0.0,0.0,0,0,0,0,0,0,0,9,0,91,,interval_proves_cutoff=9;lower_skipped_by_nonpositive_upper=91
337,3,lp,upper,100,0,0.0,0.0,0,0,0,0,0,0,0,91,9,0,,interval_proves_cutoff=91;upper_skipped_by_nonnegative_interval_lower=9
338,0,lp,lower,9,9,0.041350288,0.04075813293457031,1121,0,0,9,0,0,0,0,0,0,OPTIMAL=9,
338,0,lp,upper,9,9,0.046676642000000004,0.04601311683654785,1150,0,0,9,0,0,0,0,0,0,OPTIMAL=9,
338,1,interval_arithmetic,lower,3136,0,0.0,0.0,0,0,0,0,0,889,0,0,0,2247,,interval_arithmetic=889;lower_skipped_by_nonpositive_upper=2247
338,1,interval_arithmetic,upper,3136,0,0.0,0.0,0,0,0,0,0,3136,0,0,0,0,,interval_arithmetic=3136
338,2,lp,lower,1568,75,0.07186124799999999,0.0691065788269043,786,0,0,75,0,0,0,668,0,825,OPTIMAL=75,interval_proves_cutoff=668;lower_skipped_by_nonpositive_upper=825
338,2,lp,upper,1568,79,0.087144773,0.07762885093688965,1088,0,0,79,0,0,0,821,668,0,OPTIMAL=79,interval_proves_cutoff=821;upper_skipped_by_nonnegative_interval_lower=668
338,3,lp,lower,100,1,0.005459723,0.005392551422119141,217,0,0,1,0,0,0,7,0,92,OPTIMAL=1,interval_proves_cutoff=7;lower_skipped_by_nonpositive_upper=92
338,3,lp,upper,100,1,0.004134407,0.004021167755126953,163,0,0,1,0,0,0,92,7,0,OPTIMAL=1,interval_proves_cutoff=92;upper_skipped_by_nonnegative_interval_lower=7
339,0,lp,lower,9,9,0.080742437,0.08005189895629883,1664,0,0,9,0,0,0,0,0,0,OPTIMAL=9,
339,0,lp,upper,9,9,0.071026381,0.07024097442626953,1694,0,0,9,0,0,0,0,0,0,OPTIMAL=9,
339,1,interval_arithmetic,lower,3136,0,0.0,0.0,0,0,0,0,0,971,0,0,0,2165,,interval_arithmetic=971;lower_skipped_by_nonpositive_upper=2165
339,1,interval_arithmetic,upper,3136,0,0.0,0.0,0,0,0,0,0,3136,0,0,0,0,,interval_arithmetic=3136
339,2,lp,lower,1568,112,0.13208128000000002,0.12772107124328613,1773,0,0,112,0,0,0,688,0,768,OPTIMAL=112,interval_proves_cutoff=688;lower_skipped_by_nonpositive_upper=768
339,2,lp,upper,1568,123,0.15742333399999994,0.14608168601989746,2021,0,0,123,0,0,0,757,688,0,OPTIMAL=123,interval_proves_cutoff=757;upper_skipped_by_nonnegative_interval_lower=688
339,3,lp,lower,100,1,0.011104352,0.01100611686706543,335,0,0,1,0,0,0,8,0,91,OPTIMAL=1,interval_proves_cutoff=8;lower_skipped_by_nonpositive_upper=91
339,3,lp,upper,100,1,0.008858556,0.008733749389648438,294,0,0,1,0,0,0,91,8,0,OPTIMAL=1,interval_proves_cutoff=91;upper_skipped_by_nonnegative_interval_lower=8
340,0,lp,lower,9,9,0.063286685,0.06254696846008301,1546,0,0,9,0,0,0,0,0,0,OPTIMAL=9,
340,0,lp,upper,9,9,0.06358934,0.06281805038452148,1558,0,0,9,0,0,0,0,0,0,OPTIMAL=9,
340,1,interval_arithmetic,lower,3136,0,0.0,0.0,0,0,0,0,0,916,0,0,0,2220,,interval_arithmetic=916;lower_skipped_by_nonpositive_upper=2220
340,1,interval_arithmetic,upper,3136,0,0.0,0.0,0,0,0,0,0,3136,0,0,0,0,,interval_arithmetic=3136
340,2,lp,lower,1568,102,0.10873916399999996,0.10492277145385742,1513,0,0,102,0,0,0,676,0,790,OPTIMAL=102,interval_proves_cutoff=676;lower_skipped_by_nonpositive_upper=790
340,2,lp,upper,1568,105,0.12104036000000008,0.11020755767822266,1682,0,0,105,0,0,0,787,676,0,OPTIMAL=105,interval_proves_cutoff=787;upper_skipped_by_nonnegative_interval_lower=676
340,3,lp,lower,100,1,0.008066545,0.007993698120117188,273,0,0,1,0,0,0,8,0,91,OPTIMAL=1,interval_proves_cutoff=8;lower_skipped_by_nonpositive_upper=91
340,3,lp,upper,100,1,0.005772879,0.0056552886962890625,226,0,0,1,0,0,0,91,8,0,OPTIMAL=1,interval_proves_cutoff=91;upper_skipped_by_nonnegative_interval_lower=8
342,0,lp,lower,9,9,0.081292975,0.08048629760742188,1854,0,0,9,0,0,0,0,0,0,OPTIMAL=9,
342,0,lp,upper,9,9,0.089587687,0.08873987197875977,1921,0,0,9,0,0,0,0,0,0,OPTIMAL=9,
342,1,interval_arithmetic,lower,3136,0,0.0,0.0,0,0,0,0,0,887,0,0,0,2249,,interval_arithmetic=887;lower_skipped_by_nonpositive_upper=2249
342,1,interval_arithmetic,upper,3136,0,0.0,0.0,0,0,0,0,0,3136,0,0,0,0,,interval_arithmetic=3136
342,2,lp,lower,1568,140,0.14374743200000006,0.13853979110717773,2562,0,0,140,0,0,0,622,0,806,OPTIMAL=140,interval_proves_cutoff=622;lower_skipped_by_nonpositive_upper=806
342,2,lp,upper,1568,152,0.16840921199999997,0.15603232383728027,2973,0,0,152,0,0,0,794,622,0,OPTIMAL=152,interval_proves_cutoff=794;upper_skipped_by_nonnegative_interval_lower=622
342,3,lp,lower,100,2,0.018135291999999997,0.017965316772460938,409,0,0,2,0,0,0,7,0,91,OPTIMAL=2,interval_proves_cutoff=7;lower_skipped_by_nonpositive_upper=91
342,3,lp,upper,100,2,0.017332341,0.017117977142333984,510,0,0,2,0,0,0,91,7,0,OPTIMAL=2,interval_proves_cutoff=91;upper_skipped_by_nonnegative_interval_lower=7
343,0,lp,lower,9,9,0.045351418,0.044669151306152344,1015,0,0,9,0,0,0,0,0,0,OPTIMAL=9,
343,0,lp,upper,9,9,0.05241205899999999,0.051726341247558594,1079,0,0,9,0,0,0,0,0,0,OPTIMAL=9,
343,1,interval_arithmetic,lower,3136,0,0.0,0.0,0,0,0,0,0,858,0,0,0,2278,,interval_arithmetic=858;lower_skipped_by_nonpositive_upper=2278
343,1,interval_arithmetic,upper,3136,0,0.0,0.0,0,0,0,0,0,3136,0,0,0,0,,interval_arithmetic=3136
343,2,lp,lower,1568,65,0.06165463000000001,0.059320688247680664,689,0,0,65,0,0,0,643,0,860,OPTIMAL=65,interval_proves_cutoff=643;lower_skipped_by_nonpositive_upper=860
343,2,lp,upper,1568,70,0.07773449399999997,0.06883907318115234,936,0,0,70,0,0,0,855,643,0,OPTIMAL=70,interval_proves_cutoff=855;upper_skipped_by_nonnegative_interval_lower=643
343,3,lp,lower,100,3,0.009649679,0.009470462799072266,258,0,0,3,0,0,0,6,0,91,OPTIMAL=3,interval_proves_cutoff=6;lower_skipped_by_nonpositive_upper=91
343,3,lp,upper,100,3,0.009085314,0.008829116821289062,295,0,0,3,0,0,0,91,6,0,OPTIMAL=3,interval_proves_cutoff=91;upper_skipped_by_nonnegative_interval_lower=6
344,0,lp,lower,9,9,0.06147743500000001,0.060610294342041016,1585,0,0,9,0,0,0,0,0,0,OPTIMAL=9,
344,0,lp,upper,9,9,0.08191871499999999,0.08095097541809082,1842,0,0,9,0,0,0,0,0,0,OPTIMAL=9,
344,1,interval_arithmetic,lower,3136,0,0.0,0.0,0,0,0,0,0,946,0,0,0,2190,,interval_arithmetic=946;lower_skipped_by_nonpositive_upper=2190
344,1,interval_arithmetic,upper,3136,0,0.0,0.0,0,0,0,0,0,3136,0,0,0,0,,interval_arithmetic=3136
344,2,lp,lower,1568,102,0.12281105200000007,0.1188347339630127,1901,0,0,102,0,0,0,679,0,787,OPTIMAL=102,interval_proves_cutoff=679;lower_skipped_by_nonpositive_upper=787
344,2,lp,upper,1568,110,0.14422062900000004,0.132857084274292,2120,0,0,110,0,0,0,779,679,0,OPTIMAL=110,interval_proves_cutoff=779;upper_skipped_by_nonnegative_interval_lower=679
344,3,lp,lower,100,2,0.014675858,0.014506816864013672,375,0,0,2,0,0,0,7,0,91,OPTIMAL=2,interval_proves_cutoff=7;lower_skipped_by_nonpositive_upper=91
344,3,lp,upper,100,2,0.014121864000000001,0.013913869857788086,412,0,0,2,0,0,0,91,7,0,OPTIMAL=2,interval_proves_cutoff=91;upper_skipped_by_nonnegative_interval_lower=7
345,0,lp,lower,9,9,0.066193527,0.06545448303222656,1510,0,0,9,0,0,0,0,0,0,OPTIMAL=9,
345,0,lp,upper,9,9,0.06050879,0.05969667434692383,1586,0,0,9,0,0,0,0,0,0,OPTIMAL=9,
345,1,interval_arithmetic,lower,3136,0,0.0,0.0,0,0,0,0,0,922,0,0,0,2214,,interval_arithmetic=922;lower_skipped_by_nonpositive_upper=2214
345,1,interval_arithmetic,upper,3136,0,0.0,0.0,0,0,0,0,0,3136,0,0,0,0,,interval_arithmetic=3136
345,2,lp,lower,1568,116,0.13950949200000004,0.1350545883178711,2331,0,0,116,0,0,0,651,0,801,OPTIMAL=116,interval_proves_cutoff=651;lower_skipped_by_nonpositive_upper=801
345,2,lp,upper,1568,121,0.15115093100000007,0.13934063911437988,2345,0,0,121,0,0,0,796,651,0,OPTIMAL=121,interval_proves_cutoff=796;upper_skipped_by_nonnegative_interval_lower=651
345,3,lp,lower,100,0,0.0,0.0,0,0,0,0,0,0,0,9,0,91,,interval_proves_cutoff=9;lower_skipped_by_nonpositive_upper=91
345,3,lp,upper,100,0,0.0,0.0,0,0,0,0,0,0,0,91,9,0,,interval_proves_cutoff=91;upper_skipped_by_nonnegative_interval_lower=9
346,0,lp,lower,9,9,0.020627575000000002,0.0201265811920166,486,0,0,9,0,0,0,0,0,0,OPTIMAL=9,
346,0,lp,upper,9,9,0.021025517000000004,0.02053666114807129,499,0,0,9,0,0,0,0,0,0,OPTIMAL=9,
346,1,interval_arithmetic,lower,3136,0,0.0,0.0,0,0,0,0,0,851,0,0,0,2285,,interval_arithmetic=851;lower_skipped_by_nonpositive_upper=2285
346,1,interval_arithmetic,upper,3136,0,0.0,0.0,0,0,0,0,0,3136,0,0,0,0,,interval_arithmetic=3136
346,2,lp,lower,1568,33,0.027984719,0.026875972747802734,116,0,0,33,0,0,0,659,0,876,OPTIMAL=33,interval_proves_cutoff=659;lower_skipped_by_nonpositive_upper=876
346,2,lp,upper,1568,35,0.038737407,0.0315399169921875,228,0,0,35,0,0,0,874,659,0,OPTIMAL=35,interval_proves_cutoff=874;upper_skipped_by_nonnegative_interval_lower=659
346,3,lp,lower,100,1,0.001753917,0.0016968250274658203,68,0,0,1,0,0,0,7,0,92,OPTIMAL=1,interval_proves_cutoff=7;lower_skipped_by_nonpositive_upper=92
346,3,lp,upper,100,1,0.002140108,0.002019166946411133,66,0,0,1,0,0,0,92,7,0,OPTIMAL=1,interval_proves_cutoff=92;upper_skipped_by_nonnegative_interval_lower=7
347,0,lp,lower,9,9,0.05554356299999999,0.054763078689575195,1290,0,0,9,0,0,0,0,0,0,OPTIMAL=9,
347,0,lp,upper,9,9,0.07486761100000001,0.07402324676513672,1715,0,0,9,0,0,0,0,0,0,OPTIMAL=9,
347,1,interval_arithmetic,lower,3136,0,0.0,0.0,0,0,0,0,0,922,0,0,0,2214,,interval_arithmetic=922;lower_skipped_by_nonpositive_upper=2214
347,1,interval_arithmetic,upper,3136,0,0.0,0.0,0,0,0,0,0,3136,0,0,0,0,,interval_arithmetic=3136
347,2,lp,lower,1568,98,0.10200446600000003,0.0984201431274414,1412,0,0,98,0,0,0,655,0,815,OPTIMAL=98,interval_proves_cutoff=655;lower_skipped_by_nonpositive_upper=815
347,2,lp,upper,1568,103,0.11915386300000005,0.10877776145935059,1494,0,0,103,0,0,0,810,655,0,OPTIMAL=103,interval_proves_cutoff=810;upper_skipped_by_nonnegative_interval_lower=655
347,3,lp,lower,100,0,0.0,0.0,0,0,0,0,0,0,0,9,0,91,,interval_proves_cutoff=9;lower_skipped_by_nonpositive_upper=91
347,3,lp,upper,100,0,0.0,0.0,0,0,0,0,0,0,0,91,9,0,,interval_proves_cutoff=91;upper_skipped_by_nonnegative_interval_lower=9
348,0,lp,lower,9,9,0.075849897,0.07514667510986328,1581,0,0,9,0,0,0,0,0,0,OPTIMAL=9,
348,0,lp,upper,9,9,0.07339701500000001,0.07271909713745117,1422,0,0,9,0,0,0,0,0,0,OPTIMAL=9,
348,1,interval_arithmetic,lower,3136,0,0.0,0.0,0,0,0,0,0,958,0,0,0,2178,,interval_arithmetic=958;lower_skipped_by_nonpositive_upper=2178
348,1,interval_arithmetic,upper,3136,0,0.0,0.0,0,0,0,0,0,3136,0,0,0,0,,interval_arithmetic=3136
348,2,lp,lower,1568,94,0.10137074299999997,0.09779620170593262,1101,0,0,94,0,0,0,684,0,790,OPTIMAL=94,interval_proves_cutoff=684;lower_skipped_by_nonpositive_upper=790
348,2,lp,upper,1568,99,0.117347146,0.10701489448547363,1242,0,0,99,0,0,0,785,684,0,OPTIMAL=99,interval_proves_cutoff=785;upper_skipped_by_nonnegative_interval_lower=684
348,3,lp,lower,100,1,0.007174724,0.007096529006958008,245,0,0,1,0,0,0,8,0,91,OPTIMAL=1,interval_proves_cutoff=8;lower_skipped_by_nonpositive_upper=91
348,3,lp,upper,100,1,0.005873433,0.005756855010986328,210,0,0,1,0,0,0,91,8,0,OPTIMAL=1,interval_proves_cutoff=91;upper_skipped_by_nonnegative_interval_lower=8
349,0,lp,lower,9,9,0.034517703000000004,0.03403973579406738,932,0,0,9,0,0,0,0,0,0,OPTIMAL=9,
349,0,lp,upper,9,9,0.031451816,0.030925750732421875,858,0,0,9,0,0,0,0,0,0,OPTIMAL=9,
349,1,interval_arithmetic,lower,3136,0,0.0,0.0,0,0,0,0,0,856,0,0,0,2280,,interval_arithmetic=856;lower_skipped_by_nonpositive_upper=2280
349,1,interval_arithmetic,upper,3136,0,0.0,0.0,0,0,0,0,0,3136,0,0,0,0,,interval_arithmetic=3136
349,2,lp,lower,1568,66,0.06236246900000001,0.05997800827026367,643,0,0,66,0,0,0,632,0,870,OPTIMAL=66,interval_proves_cutoff=632;lower_skipped_by_nonpositive_upper=870
349,2,lp,upper,1568,70,0.07422124400000003,0.06555843353271484,753,0,0,70,0,0,0,866,632,0,OPTIMAL=70,interval_proves_cutoff=866;upper_skipped_by_nonnegative_interval_lower=632
349,3,lp,lower,100,2,0.006169856,0.006051540374755859,176,0,0,2,0,0,0,7,0,91,OPTIMAL=2,interval_proves_cutoff=7;lower_skipped_by_nonpositive_upper=91
349,3,lp,upper,100,2,0.0072625269999999995,0.007089138031005859,243,0,0,2,0,0,0,91,7,0,OPTIMAL=2,interval_proves_cutoff=91;upper_skipped_by_nonnegative_interval_lower=7
350,0,lp,lower,9,9,0.038636671000000004,0.03800344467163086,1181,0,0,9,0,0,0,0,0,0,OPTIMAL=9,
350,0,lp,upper,9,9,0.039792478,0.03902602195739746,1231,0,0,9,0,0,0,0,0,0,OPTIMAL=9,
350,1,interval_arithmetic,lower,3136,0,0.0,0.0,0,0,0,0,0,898,0,0,0,2238,,interval_arithmetic=898;lower_skipped_by_nonpositive_upper=2238
350,1,interval_arithmetic,upper,3136,0,0.0,0.0,0,0,0,0,0,3136,0,0,0,0,,interval_arithmetic=3136
350,2,lp,lower,1568,75,0.080303693,0.07750916481018066,1045,0,0,75,0,0,0,650,0,843,OPTIMAL=75,interval_proves_cutoff=650;lower_skipped_by_nonpositive_upper=843
350,2,lp,upper,1568,79,0.09426203100000001,0.08475923538208008,1235,0,0,79,0,0,0,839,650,0,OPTIMAL=79,interval_proves_cutoff=839;upper_skipped_by_nonnegative_interval_lower=650
350,3,lp,lower,100,0,0.0,0.0,0,0,0,0,0,0,0,9,0,91,,interval_proves_cutoff=9;lower_skipped_by_nonpositive_upper=91
350,3,lp,upper,100,0,0.0,0.0,0,0,0,0,0,0,0,91,9,0,,interval_proves_cutoff=91;upper_skipped_by_nonnegative_interval_lower=9
351,0,lp,lower,9,9,0.021118770999999998,0.020700931549072266,638,0,0,9,0,0,0,0,0,0,OPTIMAL=9,
351,0,lp,upper,9,9,0.022002684,0.021457433700561523,691,0,0,9,0,0,0,0,0,0,OPTIMAL=9,
351,1,interval_arithmetic,lower,3136,0,0.0,0.0,0,0,0,0,0,864,0,0,0,2272,,interval_arithmetic=864;lower_skipped_by_nonpositive_upper=2272
351,1,interval_arithmetic,upper,3136,0,0.0,0.0,0,0,0,0,0,3136,0,0,0,0,,interval_arithmetic=3136
351,2,lp,lower,1568,57,0.047155179000000026,0.04518270492553711,295,0,0,57,0,0,0,641,0,870,OPTIMAL=57,interval_proves_cutoff=641;lower_skipped_by_nonpositive_upper=870
351,2,lp,upper,1568,60,0.06059960700000003,0.05218839645385742,439,0,0,60,0,0,0,867,641,0,OPTIMAL=60,interval_proves_cutoff=867;upper_skipped_by_nonnegative_interval_lower=641
351,3,lp,lower,100,0,0.0,0.0,0,0,0,0,0,0,0,9,0,91,,interval_proves_cutoff=9;lower_skipped_by_nonpositive_upper=91
351,3,lp,upper,100,0,0.0,0.0,0,0,0,0,0,0,0,91,9,0,,interval_proves_cutoff=91;upper_skipped_by_nonnegative_interval_lower=9
352,0,lp,lower,9,9,0.073166465,0.07250261306762695,1602,0,0,9,0,0,0,0,0,0,OPTIMAL=9,
352,0,lp,upper,9,9,0.072984324,0.07219958305358887,1546,0,0,9,0,0,0,0,0,0,OPTIMAL=9,
352,1,interval_arithmetic,lower,3136,0,0.0,0.0,0,0,0,0,0,935,0,0,0,2201,,interval_arithmetic=935;lower_skipped_by_nonpositive_upper=2201
352,1,interval_arithmetic,upper,3136,0,0.0,0.0,0,0,0,0,0,3136,0,0,0,0,,interval_arithmetic=3136
352,2,lp,lower,1568,82,0.086570444,0.0834038257598877,1012,0,0,82,0,0,0,697,0,789,OPTIMAL=82,interval_proves_cutoff=697;lower_skipped_by_nonpositive_upper=789
352,2,lp,upper,1568,87,0.09921155099999998,0.08908629417419434,1102,0,0,87,0,0,0,784,697,0,OPTIMAL=87,interval_proves_cutoff=784;upper_skipped_by_nonnegative_interval_lower=697
352,3,lp,lower,100,1,0.005216165,0.005150318145751953,232,0,0,1,0,0,0,8,0,91,OPTIMAL=1,interval_proves_cutoff=8;lower_skipped_by_nonpositive_upper=91
352,3,lp,upper,100,1,0.006052667,0.005939960479736328,212,0,0,1,0,0,0,91,8,0,OPTIMAL=1,interval_proves_cutoff=91;upper_skipped_by_nonnegative_interval_lower=8
353,0,lp,lower,9,9,0.08966264,0.08881473541259766,1952,0,0,9,0,0,0,0,0,0,OPTIMAL=9,
353,0,lp,upper,9,9,0.111494306,0.11056733131408691,2112,0,0,9,0,0,0,0,0,0,OPTIMAL=9,
353,1,interval_arithmetic,lower,3136,0,0.0,0.0,0,0,0,0,0,970,0,0,0,2166,,interval_arithmetic=970;lower_skipped_by_nonpositive_upper=2166
353,1,interval_arithmetic,upper,3136,0,0.0,0.0,0,0,0,0,0,3136,0,0,0,0,,interval_arithmetic=3136
353,2,lp,lower,1568,116,0.13007349299999998,0.12572288513183594,1655,0,0,116,0,0,0,697,0,755,OPTIMAL=116,interval_proves_cutoff=697;lower_skipped_by_nonpositive_upper=755
353,2,lp,upper,1568,123,0.14999849200000004,0.13840579986572266,1922,0,0,123,0,0,0,748,697,0,OPTIMAL=123,interval_proves_cutoff=748;upper_skipped_by_nonnegative_interval_lower=697
353,3,lp,lower,100,1,0.01024027,0.010141611099243164,328,0,0,1,0,0,0,8,0,91,OPTIMAL=1,interval_proves_cutoff=8;lower_skipped_by_nonpositive_upper=91
353,3,lp,upper,100,1,0.007733818,0.007548809051513672,251,0,0,1,0,0,0,91,8,0,OPTIMAL=1,interval_proves_cutoff=91;upper_skipped_by_nonnegative_interval_lower=8
354,0,lp,lower,9,9,0.040783444999999995,0.04020261764526367,1229,0,0,9,0,0,0,0,0,0,OPTIMAL=9,
354,0,lp,upper,9,9,0.047277654,0.04667186737060547,1308,0,0,9,0,0,0,0,0,0,OPTIMAL=9,
354,1,interval_arithmetic,lower,3136,0,0.0,0.0,0,0,0,0,0,987,0,0,0,2149,,interval_arithmetic=987;lower_skipped_by_nonpositive_upper=2149
354,1,interval_arithmetic,upper,3136,0,0.0,0.0,0,0,0,0,0,3136,0,0,0,0,,interval_arithmetic=3136
354,2,lp,lower,1568,68,0.07293178299999999,0.07038140296936035,976,0,0,68,0,0,0,687,0,813,OPTIMAL=68,interval_proves_cutoff=687;lower_skipped_by_nonpositive_upper=813
354,2,lp,upper,1568,74,0.09185040699999995,0.08239173889160156,1145,0,0,74,0,0,0,807,687,0,OPTIMAL=74,interval_proves_cutoff=807;upper_skipped_by_nonnegative_interval_lower=687
354,3,lp,lower,100,1,0.004419436,0.004337787628173828,212,0,0,1,0,0,0,8,0,91,OPTIMAL=1,interval_proves_cutoff=8;lower_skipped_by_nonpositive_upper=91
354,3,lp,upper,100,1,0.003986447,0.0038781166076660156,185,0,0,1,0,0,0,91,8,0,OPTIMAL=1,interval_proves_cutoff=91;upper_skipped_by_nonnegative_interval_lower=8
355,0,lp,lower,9,9,0.049861764999999995,0.04925727844238281,1139,0,0,9,0,0,0,0,0,0,OPTIMAL=9,
355,0,lp,upper,9,9,0.050599341,0.049979209899902344,1171,0,0,9,0,0,0,0,0,0,OPTIMAL=9,
355,1,interval_arithmetic,lower,3136,0,0.0,0.0,0,0,0,0,0,860,0,0,0,2276,,interval_arithmetic=860;lower_skipped_by_nonpositive_upper=2276
355,1,interval_arithmetic,upper,3136,0,0.0,0.0,0,0,0,0,0,3136,0,0,0,0,,interval_arithmetic=3136
355,2,lp,lower,1568,75,0.06917576399999997,0.06651544570922852,835,0,0,75,0,0,0,630,0,863,OPTIMAL=75,interval_proves_cutoff=630;lower_skipped_by_nonpositive_upper=863
355,2,lp,upper,1568,76,0.07912725799999996,0.07003092765808105,909,0,0,76,0,0,0,862,630,0,OPTIMAL=76,interval_proves_cutoff=862;upper_skipped_by_nonnegative_interval_lower=630
355,3,lp,lower,100,1,0.007258279,0.007191896438598633,224,0,0,1,0,0,0,8,0,91,OPTIMAL=1,interval_proves_cutoff=8;lower_skipped_by_nonpositive_upper=91
355,3,lp,upper,100,1,0.004921814,0.004812002182006836,169,0,0,1,0,0,0,91,8,0,OPTIMAL=1,interval_proves_cutoff=91;upper_skipped_by_nonnegative_interval_lower=8
356,0,lp,lower,9,9,0.058287042000000004,0.057634592056274414,1409,0,0,9,0,0,0,0,0,0,OPTIMAL=9,
356,0,lp,upper,9,9,0.057205624,0.056374311447143555,1387,0,0,9,0,0,0,0,0,0,OPTIMAL=9,
356,1,interval_arithmetic,lower,3136,0,0.0,0.0,0,0,0,0,0,928,0,0,0,2208,,interval_arithmetic=928;lower_skipped_by_nonpositive_upper=2208
356,1,interval_arithmetic,upper,3136,0,0.0,0.0,0,0,0,0,0,3136,0,0,0,0,,interval_arithmetic=3136
356,2,lp,lower,1568,109,0.111671459,0.10761332511901855,1721,0,0,109,0,0,0,655,0,804,OPTIMAL=109,interval_proves_cutoff=655;lower_skipped_by_nonpositive_upper=804
356,2,lp,upper,1568,116,0.12733474900000002,0.11621332168579102,1859,0,0,116,0,0,0,797,655,0,OPTIMAL=116,interval_proves_cutoff=797;upper_skipped_by_nonnegative_interval_lower=655
356,3,lp,lower,100,1,0.010153257,0.010071039199829102,306,0,0,1,0,0,0,8,0,91,OPTIMAL=1,interval_proves_cutoff=8;lower_skipped_by_nonpositive_upper=91
356,3,lp,upper,100,1,0.007466579,0.007343292236328125,239,0,0,1,0,0,0,91,8,0,OPTIMAL=1,interval_proves_cutoff=91;upper_skipped_by_nonnegative_interval_lower=8
357,0,lp,lower,9,9,0.08356933299999998,0.08289432525634766,1595,0,0,9,0,0,0,0,0,0,OPTIMAL=9,
357,0,lp,upper,9,9,0.07906395599999999,0.07832622528076172,1592,0,0,9,0,0,0,0,0,0,OPTIMAL=9,
357,1,interval_arithmetic,lower,3136,0,0.0,0.0,0,0,0,0,0,940,0,0,0,2196,,interval_arithmetic=940;lower_skipped_by_nonpositive_upper=2196
357,1,interval_arithmetic,upper,3136,0,0.0,0.0,0,0,0,0,0,3136,0,0,0,0,,interval_arithmetic=3136
357,2,lp,lower,1568,90,0.09423995099999997,0.09089350700378418,1009,0,0,90,0,0,0,678,0,800,OPTIMAL=90,interval_proves_cutoff=678;lower_skipped_by_nonpositive_upper=800
357,2,lp,upper,1568,95,0.11275995900000006,0.102508544921875,1231,0,0,95,0,0,0,795,678,0,OPTIMAL=95,interval_proves_cutoff=795;upper_skipped_by_nonnegative_interval_lower=678
357,3,lp,lower,100,2,0.008541927,0.008389949798583984,268,0,0,2,0,0,0,7,0,91,OPTIMAL=2,interval_proves_cutoff=7;lower_skipped_by_nonpositive_upper=91
357,3,lp,upper,100,2,0.008616196,0.008436918258666992,329,0,0,2,0,0,0,91,7,0,OPTIMAL=2,interval_proves_cutoff=91;upper_skipped_by_nonnegative_interval_lower=7
358,0,lp,lower,9,9,0.030375423000000002,0.029873371124267578,821,0,0,9,0,0,0,0,0,0,OPTIMAL=9,
358,0,lp,upper,9,9,0.038041303000000005,0.037395477294921875,998,0,0,9,0,0,0,0,0,0,OPTIMAL=9,
358,1,interval_arithmetic,lower,3136,0,0.0,0.0,0,0,0,0,0,832,0,0,0,2304,,interval_arithmetic=832;lower_skipped_by_nonpositive_upper=2304
358,1,interval_arithmetic,upper,3136,0,0.0,0.0,0,0,0,0,0,3136,0,0,0,0,,interval_arithmetic=3136
358,2,lp,lower,1568,79,0.07114834,0.06841039657592773,497,0,0,79,0,0,0,612,0,877,OPTIMAL=79,interval_proves_cutoff=612;lower_skipped_by_nonpositive_upper=877
358,2,lp,upper,1568,81,0.08229143199999998,0.0733342170715332,685,0,0,81,0,0,0,875,612,0,OPTIMAL=81,interval_proves_cutoff=875;upper_skipped_by_nonnegative_interval_lower=612
358,3,lp,lower,100,0,0.0,0.0,0,0,0,0,0,0,0,9,0,91,,interval_proves_cutoff=9;lower_skipped_by_nonpositive_upper=91
358,3,lp,upper,100,0,0.0,0.0,0,0,0,0,0,0,0,91,9,0,,interval_proves_cutoff=91;upper_skipped_by_nonnegative_interval_lower=9
359,0,lp,lower,9,9,0.040995783,0.04039168357849121,1017,0,0,9,0,0,0,0,0,0,OPTIMAL=9,
359,0,lp,upper,9,9,0.042657255,0.041977882385253906,1078,0,0,9,0,0,0,0,0,0,OPTIMAL=9,
359,1,interval_arithmetic,lower,3136,0,0.0,0.0,0,0,0,0,0,881,0,0,0,2255,,interval_arithmetic=881;lower_skipped_by_nonpositive_upper=2255
359,1,interval_arithmetic,upper,3136,0,0.0,0.0,0,0,0,0,0,3136,0,0,0,0,,interval_arithmetic=3136
359,2,lp,lower,1568,84,0.08281234500000001,0.07984495162963867,1012,0,0,84,0,0,0,645,0,839,OPTIMAL=84,interval_proves_cutoff=645;lower_skipped_by_nonpositive_upper=839
359,2,lp,upper,1568,95,0.10680598099999997,0.09707951545715332,1321,0,0,95,0,0,0,828,645,0,OPTIMAL=95,interval_proves_cutoff=828;upper_skipped_by_nonnegative_interval_lower=645
359,3,lp,lower,100,1,0.005301273,0.005232095718383789,199,0,0,1,0,0,0,8,0,91,OPTIMAL=1,interval_proves_cutoff=8;lower_skipped_by_nonpositive_upper=91
359,3,lp,upper,100,1,0.00555127,0.005442142486572266,174,0,0,1,0,0,0,91,8,0,OPTIMAL=1,interval_proves_cutoff=91;upper_skipped_by_nonnegative_interval_lower=8
360,0,lp,lower,9,9,0.05140399699999999,0.05081629753112793,1316,0,0,9,0,0,0,0,0,0,OPTIMAL=9,
360,0,lp,upper,9,9,0.056995151,0.0563509464263916,1357,0,0,9,0,0,0,0,0,0,OPTIMAL=9,
360,1,interval_arithmetic,lower,3136,0,0.0,0.0,0,0,0,0,0,932,0,0,0,2204,,interval_arithmetic=932;lower_skipped_by_nonpositive_upper=2204
360,1,interval_arithmetic,upper,3136,0,0.0,0.0,0,0,0,0,0,3136,0,0,0,0,,interval_arithmetic=3136
360,2,lp,lower,1568,86,0.092628757,0.08946013450622559,1068,0,0,86,0,0,0,665,0,817,OPTIMAL=86,interval_proves_cutoff=665;lower_skipped_by_nonpositive_upper=817
360,2,lp,upper,1568,92,0.11275552000000003,0.1025385856628418,1231,0,0,92,0,0,0,811,665,0,OPTIMAL=92,interval_proves_cutoff=811;upper_skipped_by_nonnegative_interval_lower=665
360,3,lp,lower,100,1,0.005063379,0.0049932003021240234,236,0,0,1,0,0,0,8,0,91,OPTIMAL=1,interval_proves_cutoff=8;lower_skipped_by_nonpositive_upper=91
360,3,lp,upper,100,1,0.004300554,0.00417780876159668,188,0,0,1,0,0,0,91,8,0,OPTIMAL=1,interval_proves_cutoff=91;upper_skipped_by_nonnegative_interval_lower=8
361,0,lp,lower,9,9,0.040474291999999995,0.03990316390991211,1113,0,0,9,0,0,0,0,0,0,OPTIMAL=9,
361,0,lp,upper,9,9,0.046879188,0.0462949275970459,1120,0,0,9,0,0,0,0,0,0,OPTIMAL=9,
361,1,interval_arithmetic,lower,3136,0,0.0,0.0,0,0,0,0,0,919,0,0,0,2217,,interval_arithmetic=919;lower_skipped_by_nonpositive_upper=2217
361,1,interval_arithmetic,upper,3136,0,0.0,0.0,0,0,0,0,0,3136,0,0,0,0,,interval_arithmetic=3136
361,2,lp,lower,1568,73,0.076495295,0.07385849952697754,947,0,0,73,0,0,0,676,0,819,OPTIMAL=73,interval_proves_cutoff=676;lower_skipped_by_nonpositive_upper=819
361,2,lp,upper,1568,79,0.09548395799999995,0.08586406707763672,1054,0,0,79,0,0,0,813,676,0,OPTIMAL=79,interval_proves_cutoff=813;upper_skipped_by_nonnegative_interval_lower=676
361,3,lp,lower,100,2,0.007051995,0.006931304931640625,224,0,0,2,0,0,0,7,0,91,OPTIMAL=2,interval_proves_cutoff=7;lower_skipped_by_nonpositive_upper=91
361,3,lp,upper,100,2,0.00862933,0.008446216583251953,312,0,0,2,0,0,0,91,7,0,OPTIMAL=2,interval_proves_cutoff=91;upper_skipped_by_nonnegative_interval_lower=7
362,0,lp,lower,9,9,0.048629216,0.048073768615722656,1421,0,0,9,0,0,0,0,0,0,OPTIMAL=9,
362,0,lp,upper,9,9,0.053674894,0.05297064781188965,1509,0,0,9,0,0,0,0,0,0,OPTIMAL=9,
362,1,interval_arithmetic,lower,3136,0,0.0,0.0,0,0,0,0,0,926,0,0,0,2210,,interval_arithmetic=926;lower_skipped_by_nonpositive_upper=2210
362,1,interval_arithmetic,upper,3136,0,0.0,0.0,0,0,0,0,0,3136,0,0,0,0,,interval_arithmetic=3136
362,2,lp,lower,1568,97,0.09873537999999998,0.09519481658935547,1173,0,0,97,0,0,0,649,0,822,OPTIMAL=97,interval_proves_cutoff=649;lower_skipped_by_nonpositive_upper=822
362,2,lp,upper,1568,104,0.11808882100000004,0.10776448249816895,1278,0,0,104,0,0,0,815,649,0,OPTIMAL=104,interval_proves_cutoff=815;upper_skipped_by_nonnegative_interval_lower=649
362,3,lp,lower,100,0,0.0,0.0,0,0,0,0,0,0,0,8,0,92,,interval_proves_cutoff=8;lower_skipped_by_nonpositive_upper=92
362,3,lp,upper,100,1,0.005556611,0.005433082580566406,217,0,0,1,0,0,0,91,8,0,OPTIMAL=1,interval_proves_cutoff=91;upper_skipped_by_nonnegative_interval_lower=8
363,0,lp,lower,9,9,0.042852627,0.042313337326049805,1366,0,0,9,0,0,0,0,0,0,OPTIMAL=9,
363,0,lp,upper,9,9,0.04354055899999999,0.04294300079345703,1377,0,0,9,0,0,0,0,0,0,OPTIMAL=9,
363,1,interval_arithmetic,lower,3136,0,0.0,0.0,0,0,0,0,0,918,0,0,0,2218,,interval_arithmetic=918;lower_skipped_by_nonpositive_upper=2218
363,1,interval_arithmetic,upper,3136,0,0.0,0.0,0,0,0,0,0,3136,0,0,0,0,,interval_arithmetic=3136
363,2,lp,lower,1568,86,0.093601865,0.09029722213745117,1255,0,0,86,0,0,0,683,0,799,OPTIMAL=86,interval_proves_cutoff=683;lower_skipped_by_nonpositive_upper=799
363,2,lp,upper,1568,89,0.10595185700000001,0.0957646369934082,1345,0,0,89,0,0,0,796,683,0,OPTIMAL=89,interval_proves_cutoff=796;upper_skipped_by_nonnegative_interval_lower=683
363,3,lp,lower,100,0,0.0,0.0,0,0,0,0,0,0,0,8,0,92,,interval_proves_cutoff=8;lower_skipped_by_nonpositive_upper=92
363,3,lp,upper,100,1,0.004899303,0.0047779083251953125,205,0,0,1,0,0,0,91,8,0,OPTIMAL=1,interval_proves_cutoff=91;upper_skipped_by_nonnegative_interval_lower=8
364,0,lp,lower,9,9,0.039972797,0.03930783271789551,1184,0,0,9,0,0,0,0,0,0,OPTIMAL=9,
364,0,lp,upper,9,9,0.050506913,0.04976940155029297,1384,0,0,9,0,0,0,0,0,0,OPTIMAL=9,
364,1,interval_arithmetic,lower,3136,0,0.0,0.0,0,0,0,0,0,889,0,0,0,2247,,interval_arithmetic=889;lower_skipped_by_nonpositive_upper=2247
364,1,interval_arithmetic,upper,3136,0,0.0,0.0,0,0,0,0,0,3136,0,0,0,0,,interval_arithmetic=3136
364,2,lp,lower,1568,89,0.091160105,0.08790397644042969,1053,0,0,89,0,0,0,658,0,821,OPTIMAL=89,interval_proves_cutoff=658;lower_skipped_by_nonpositive_upper=821
364,2,lp,upper,1568,94,0.10416569900000004,0.09444189071655273,1114,0,0,94,0,0,0,816,658,0,OPTIMAL=94,interval_proves_cutoff=816;upper_skipped_by_nonnegative_interval_lower=658
364,3,lp,lower,100,0,0.0,0.0,0,0,0,0,0,0,0,9,0,91,,interval_proves_cutoff=9;lower_skipped_by_nonpositive_upper=91
364,3,lp,upper,100,0,0.0,0.0,0,0,0,0,0,0,0,91,9,0,,interval_proves_cutoff=91;upper_skipped_by_nonnegative_interval_lower=9
365,0,lp,lower,9,9,0.088051755,0.0872952938079834,1726,0,0,9,0,0,0,0,0,0,OPTIMAL=9,
365,0,lp,upper,9,9,0.087162573,0.08628630638122559,1707,0,0,9,0,0,0,0,0,0,OPTIMAL=9,
365,1,interval_arithmetic,lower,3136,0,0.0,0.0,0,0,0,0,0,931,0,0,0,2205,,interval_arithmetic=931;lower_skipped_by_nonpositive_upper=2205
365,1,interval_arithmetic,upper,3136,0,0.0,0.0,0,0,0,0,0,3136,0,0,0,0,,interval_arithmetic=3136
365,2,lp,lower,1568,102,0.11000793600000004,0.10621905326843262,1333,0,0,102,0,0,0,676,0,790,OPTIMAL=102,interval_proves_cutoff=676;lower_skipped_by_nonpositive_upper=790
365,2,lp,upper,1568,111,0.13186528699999997,0.12082576751708984,1593,0,0,111,0,0,0,781,676,0,OPTIMAL=111,interval_proves_cutoff=781;upper_skipped_by_nonnegative_interval_lower=676
365,3,lp,lower,100,1,0.00800855,0.007932901382446289,281,0,0,1,0,0,0,8,0,91,OPTIMAL=1,interval_proves_cutoff=8;lower_skipped_by_nonpositive_upper=91
365,3,lp,upper,100,1,0.007938491,0.00780797004699707,244,0,0,1,0,0,0,91,8,0,OPTIMAL=1,interval_proves_cutoff=91;upper_skipped_by_nonnegative_interval_lower=8
366,0,lp,lower,9,9,0.055819719,0.05522871017456055,1437,0,0,9,0,0,0,0,0,0,OPTIMAL=9,
366,0,lp,upper,9,9,0.06335373500000001,0.06268835067749023,1594,0,0,9,0,0,0,0,0,0,OPTIMAL=9,
366,1,interval_arithmetic,lower,3136,0,0.0,0.0,0,0,0,0,0,910,0,0,0,2226,,interval_arithmetic=910;lower_skipped_by_nonpositive_upper=2226
366,1,interval_arithmetic,upper,3136,0,0.0,0.0,0,0,0,0,0,3136,0,0,0,0,,interval_arithmetic=3136
366,2,lp,lower,1568,108,0.11969055999999996,0.115509033203125,1662,0,0,108,0,0,0,658,0,802,OPTIMAL=108,interval_proves_cutoff=658;lower_skipped_by_nonpositive_upper=802
366,2,lp,upper,1568,114,0.13901522999999996,0.12838029861450195,1886,0,0,114,0,0,0,796,658,0,OPTIMAL=114,interval_proves_cutoff=796;upper_skipped_by_nonnegative_interval_lower=658
366,3,lp,lower,100,1,0.00805091,0.007973194122314453,290,0,0,1,0,0,0,8,0,91,OPTIMAL=1,interval_proves_cutoff=8;lower_skipped_by_nonpositive_upper=91
366,3,lp,upper,100,1,0.006762504,0.006642341613769531,229,0,0,1,0,0,0,91,8,0,OPTIMAL=1,interval_proves_cutoff=91;upper_skipped_by_nonnegative_interval_lower=8
367,0,lp,lower,9,9,0.059535729999999995,0.05890846252441406,1560,0,0,9,0,0,0,0,0,0,OPTIMAL=9,
367,0,lp,upper,9,9,0.06081986999999999,0.060126304626464844,1594,0,0,9,0,0,0,0,0,0,OPTIMAL=9,
367,1,interval_arithmetic,lower,3136,0,0.0,0.0,0,0,0,0,0,927,0,0,0,2209,,interval_arithmetic=927;lower_skipped_by_nonpositive_upper=2209
367,1,interval_arithmetic,upper,3136,0,0.0,0.0,0,0,0,0,0,3136,0,0,0,0,,interval_arithmetic=3136
367,2,lp,lower,1568,120,0.12424378499999994,0.11971235275268555,1814,0,0,120,0,0,0,647,0,801,OPTIMAL=120,interval_proves_cutoff=647;lower_skipped_by_nonpositive_upper=801
367,2,lp,upper,1568,127,0.14430473200000005,0.13271212577819824,2151,0,0,127,0,0,0,794,647,0,OPTIMAL=127,interval_proves_cutoff=794;upper_skipped_by_nonnegative_interval_lower=647
367,3,lp,lower,100,1,0.009701794,0.00958871841430664,318,0,0,1,0,0,0,8,0,91,OPTIMAL=1,interval_proves_cutoff=8;lower_skipped_by_nonpositive_upper=91
367,3,lp,upper,100,1,0.007232932,0.0071179866790771484,252,0,0,1,0,0,0,91,8,0,OPTIMAL=1,interval_proves_cutoff=91;upper_skipped_by_nonnegative_interval_lower=8
368,0,lp,lower,9,9,0.05226679399999999,0.05154752731323242,1418,0,0,9,0,0,0,0,0,0,OPTIMAL=9,
368,0,lp,upper,9,9,0.055141683,0.05433821678161621,1586,0,0,9,0,0,0,0,0,0,OPTIMAL=9,
368,1,interval_arithmetic,lower,3136,0,0.0,0.0,0,0,0,0,0,919,0,0,0,2217,,interval_arithmetic=919;lower_skipped_by_nonpositive_upper=2217
368,1,interval_arithmetic,upper,3136,0,0.0,0.0,0,0,0,0,0,3136,0,0,0,0,,interval_arithmetic=3136
368,2,lp,lower,1568,111,0.1046823149999999,0.10057950019836426,1018,0,0,111,0,0,0,686,0,771,OPTIMAL=111,interval_proves_cutoff=686;lower_skipped_by_nonpositive_upper=771
368,2,lp,upper,1568,118,0.11882263399999998,0.10779500007629395,1099,0,0,118,0,0,0,764,686,0,OPTIMAL=118,interval_proves_cutoff=764;upper_skipped_by_nonnegative_interval_lower=686
368,3,lp,lower,100,0,0.0,0.0,0,0,0,0,0,0,0,9,0,91,,interval_proves_cutoff=9;lower_skipped_by_nonpositive_upper=91
368,3,lp,upper,100,0,0.0,0.0,0,0,0,0,0,0,0,91,9,0,,interval_proves_cutoff=91;upper_skipped_by_nonnegative_interval_lower=9
369,0,lp,lower,9,9,0.042445937,0.041815757751464844,1118,0,0,9,0,0,0,0,0,0,OPTIMAL=9,
369,0,lp,upper,9,9,0.043067479000000006,0.04248619079589844,1270,0,0,9,0,0,0,0,0,0,OPTIMAL=9,
369,1,interval_arithmetic,lower,3136,0,0.0,0.0,0,0,0,0,0,894,0,0,0,2242,,interval_arithmetic=894;lower_skipped_by_nonpositive_upper=2242
369,1,interval_arithmetic,upper,3136,0,0.0,0.0,0,0,0,0,0,3136,0,0,0,0,,interval_arithmetic=3136
369,2,lp,lower,1568,87,0.08933087500000005,0.08613801002502441,1160,0,0,87,0,0,0,651,0,830,OPTIMAL=87,interval_proves_cutoff=651;lower_skipped_by_nonpositive_upper=830
369,2,lp,upper,1568,91,0.107510758,0.09760785102844238,1247,0,0,91,0,0,0,826,651,0,OPTIMAL=91,interval_proves_cutoff=826;upper_skipped_by_nonnegative_interval_lower=651
369,3,lp,lower,100,0,0.0,0.0,0,0,0,0,0,0,0,9,0,91,,interval_proves_cutoff=9;lower_skipped_by_nonpositive_upper=91
369,3,lp,upper,100,0,0.0,0.0,0,0,0,0,0,0,0,91,9,0,,interval_proves_cutoff=91;upper_skipped_by_nonnegative_interval_lower=9
370,0,lp,lower,9,9,0.048504106,0.04790210723876953,1447,0,0,9,0,0,0,0,0,0,OPTIMAL=9,
370,0,lp,upper,9,9,0.050942149,0.05019211769104004,1558,0,0,9,0,0,0,0,0,0,OPTIMAL=9,
370,1,interval_arithmetic,lower,3136,0,0.0,0.0,0,0,0,0,0,904,0,0,0,2232,,interval_arithmetic=904;lower_skipped_by_nonpositive_upper=2232
370,1,interval_arithmetic,upper,3136,0,0.0,0.0,0,0,0,0,0,3136,0,0,0,0,,interval_arithmetic=3136
370,2,lp,lower,1568,110,0.12399011000000004,0.1197366714477539,1769,0,0,110,0,0,0,661,0,797,OPTIMAL=110,interval_proves_cutoff=661;lower_skipped_by_nonpositive_upper=797
370,2,lp,upper,1568,118,0.14809121299999994,0.13687896728515625,2057,0,0,118,0,0,0,789,661,0,OPTIMAL=118,interval_proves_cutoff=789;upper_skipped_by_nonnegative_interval_lower=661
370,3,lp,lower,100,0,0.0,0.0,0,0,0,0,0,0,0,9,0,91,,interval_proves_cutoff=9;lower_skipped_by_nonpositive_upper=91
370,3,lp,upper,100,0,0.0,0.0,0,0,0,0,0,0,0,91,9,0,,interval_proves_cutoff=91;upper_skipped_by_nonnegative_interval_lower=9
371,0,lp,lower,9,9,0.048960317,0.048326730728149414,1017,0,0,9,0,0,0,0,0,0,OPTIMAL=9,
371,0,lp,upper,9,9,0.039322652,0.03877592086791992,900,0,0,9,0,0,0,0,0,0,OPTIMAL=9,
371,1,interval_arithmetic,lower,3136,0,0.0,0.0,0,0,0,0,0,867,0,0,0,2269,,interval_arithmetic=867;lower_skipped_by_nonpositive_upper=2269
371,1,interval_arithmetic,upper,3136,0,0.0,0.0,0,0,0,0,0,3136,0,0,0,0,,interval_arithmetic=3136
371,2,lp,lower,1568,56,0.049716996,0.047720909118652344,282,0,0,56,0,0,0,651,0,861,OPTIMAL=56,interval_proves_cutoff=651;lower_skipped_by_nonpositive_upper=861
371,2,lp,upper,1568,58,0.07833524100000003,0.05162692070007324,398,0,0,58,0,0,0,859,651,0,OPTIMAL=58,interval_proves_cutoff=859;upper_skipped_by_nonnegative_interval_lower=651
371,3,lp,lower,100,3,0.008812353,0.008630514144897461,257,0,0,3,0,0,0,6,0,91,OPTIMAL=3,interval_proves_cutoff=6;lower_skipped_by_nonpositive_upper=91
371,3,lp,upper,100,3,0.009279005,0.009022712707519531,281,0,0,3,0,0,0,91,6,0,OPTIMAL=3,interval_proves_cutoff=91;upper_skipped_by_nonnegative_interval_lower=6
372,0,lp,lower,9,9,0.031541495,0.030989885330200195,1071,0,0,9,0,0,0,0,0,0,OPTIMAL=9,
372,0,lp,upper,9,9,0.030500481,0.029895544052124023,1018,0,0,9,0,0,0,0,0,0,OPTIMAL=9,
372,1,interval_arithmetic,lower,3136,0,0.0,0.0,0,0,0,0,0,916,0,0,0,2220,,interval_arithmetic=916;lower_skipped_by_nonpositive_upper=2220
372,1,interval_arithmetic,upper,3136,0,0.0,0.0,0,0,0,0,0,3136,0,0,0,0,,interval_arithmetic=3136
372,2,lp,lower,1568,68,0.07057885300000002,0.06799530982971191,759,0,0,68,0,0,0,674,0,826,OPTIMAL=68,interval_proves_cutoff=674;lower_skipped_by_nonpositive_upper=826
372,2,lp,upper,1568,83,0.09907091999999998,0.08956670761108398,1071,0,0,83,0,0,0,811,674,0,OPTIMAL=83,interval_proves_cutoff=811;upper_skipped_by_nonnegative_interval_lower=674
372,3,lp,lower,100,1,0.004085061,0.004005908966064453,195,0,0,1,0,0,0,7,0,92,OPTIMAL=1,interval_proves_cutoff=7;lower_skipped_by_nonpositive_upper=92
372,3,lp,upper,100,1,0.004650618,0.00453639030456543,149,0,0,1,0,0,0,92,7,0,OPTIMAL=1,interval_proves_cutoff=92;upper_skipped_by_nonnegative_interval_lower=7
373,0,lp,lower,9,9,0.089883137,0.08898639678955078,1901,0,0,9,0,0,0,0,0,0,OPTIMAL=9,
373,0,lp,upper,9,9,0.11138657899999999,0.11050081253051758,2008,0,0,9,0,0,0,0,0,0,OPTIMAL=9,
373,1,interval_arithmetic,lower,3136,0,0.0,0.0,0,0,0,0,0,927,0,0,0,2209,,interval_arithmetic=927;lower_skipped_by_nonpositive_upper=2209
373,1,interval_arithmetic,upper,3136,0,0.0,0.0,0,0,0,0,0,3136,0,0,0,0,,interval_arithmetic=3136
373,2,lp,lower,1568,125,0.15032415800000007,0.14528632164001465,2218,0,0,125,0,0,0,673,0,770,OPTIMAL=125,interval_proves_cutoff=673;lower_skipped_by_nonpositive_upper=770
373,2,lp,upper,1568,137,0.175287659,0.16298794746398926,2350,0,0,137,0,0,0,758,673,0,OPTIMAL=137,interval_proves_cutoff=758;upper_skipped_by_nonnegative_interval_lower=673
373,3,lp,lower,100,1,0.010292939,0.01019430160522461,326,0,0,1,0,0,0,8,0,91,OPTIMAL=1,interval_proves_cutoff=8;lower_skipped_by_nonpositive_upper=91
373,3,lp,upper,100,1,0.008081588,0.007962942123413086,281,0,0,1,0,0,0,91,8,0,OPTIMAL=1,interval_proves_cutoff=91;upper_skipped_by_nonnegative_interval_lower=8
374,0,lp,lower,9,9,0.05555411700000001,0.05490922927856445,1413,0,0,9,0,0,0,0,0,0,OPTIMAL=9,
374,0,lp,upper,9,9,0.058101555,0.05740833282470703,1454,0,0,9,0,0,0,0,0,0,OPTIMAL=9,
374,1,interval_arithmetic,lower,3136,0,0.0,0.0,0,0,0,0,0,954,0,0,0,2182,,interval_arithmetic=954;lower_skipped_by_nonpositive_upper=2182
374,1,interval_arithmetic,upper,3136,0,0.0,0.0,0,0,0,0,0,3136,0,0,0,0,,interval_arithmetic=3136
374,2,lp,lower,1568,108,0.12368814400000007,0.1195211410522461,1898,0,0,108,0,0,0,664,0,796,OPTIMAL=108,interval_proves_cutoff=664;lower_skipped_by_nonpositive_upper=796
374,2,lp,upper,1568,112,0.14119571599999997,0.12999963760375977,2097,0,0,112,0,0,0,792,664,0,OPTIMAL=112,interval_proves_cutoff=792;upper_skipped_by_nonnegative_interval_lower=664
374,3,lp,lower,100,1,0.015096353,0.015018463134765625,358,0,0,1,0,0,0,8,0,91,OPTIMAL=1,interval_proves_cutoff=8;lower_skipped_by_nonpositive_upper=91
374,3,lp,upper,100,1,0.008488538,0.008368253707885742,275,0,0,1,0,0,0,91,8,0,OPTIMAL=1,interval_proves_cutoff=91;upper_skipped_by_nonnegative_interval_lower=8
375,0,lp,lower,9,9,0.073054759,0.07227540016174316,1626,0,0,9,0,0,0,0,0,0,OPTIMAL=9,
375,0,lp,upper,9,9,0.08143636900000001,0.08058476448059082,1827,0,0,9,0,0,0,0,0,0,OPTIMAL=9,
375,1,interval_arithmetic,lower,3136,0,0.0,0.0,0,0,0,0,0,922,0,0,0,2214,,interval_arithmetic=922;lower_skipped_by_nonpositive_upper=2214
375,1,interval_arithmetic,upper,3136,0,0.0,0.0,0,0,0,0,0,3136,0,0,0,0,,interval_arithmetic=3136
375,2,lp,lower,1568,120,0.139060279,0.1343700885772705,2168,0,0,120,0,0,0,654,0,794,OPTIMAL=120,interval_proves_cutoff=654;lower_skipped_by_nonpositive_upper=794
375,2,lp,upper,1568,121,0.14849869100000002,0.13705229759216309,2227,0,0,121,0,0,0,793,654,0,OPTIMAL=121,interval_proves_cutoff=793;upper_skipped_by_nonnegative_interval_lower=654
375,3,lp,lower,100,0,0.0,0.0,0,0,0,0,0,0,0,9,0,91,,interval_proves_cutoff=9;lower_skipped_by_nonpositive_upper=91
375,3,lp,upper,100,0,0.0,0.0,0,0,0,0,0,0,0,91,9,0,,interval_proves_cutoff=91;upper_skipped_by_nonnegative_interval_lower=9
376,0,lp,lower,9,9,0.06796596399999999,0.06721377372741699,1518,0,0,9,0,0,0,0,0,0,OPTIMAL=9,
376,0,lp,upper,9,9,0.067241638,0.06651997566223145,1513,0,0,9,0,0,0,0,0,0,OPTIMAL=9,
376,1,interval_arithmetic,lower,3136,0,0.0,0.0,0,0,0,0,0,923,0,0,0,2213,,interval_arithmetic=923;lower_skipped_by_nonpositive_upper=2213
376,1,interval_arithmetic,upper,3136,0,0.0,0.0,0,0,0,0,0,3136,0,0,0,0,,interval_arithmetic=3136
376,2,lp,lower,1568,107,0.11443972300000008,0.11038637161254883,1367,0,0,107,0,0,0,667,0,794,OPTIMAL=107,interval_proves_cutoff=667;lower_skipped_by_nonpositive_upper=794
376,2,lp,upper,1568,119,0.138582786,0.12735533714294434,1711,0,0,119,0,0,0,782,667,0,OPTIMAL=119,interval_proves_cutoff=782;upper_skipped_by_nonnegative_interval_lower=667
376,3,lp,lower,100,1,0.00600579,0.005926370620727539,268,0,0,1,0,0,0,8,0,91,OPTIMAL=1,interval_proves_cutoff=8;lower_skipped_by_nonpositive_upper=91
376,3,lp,upper,100,1,0.006542723,0.0064241886138916016,224,0,0,1,0,0,0,91,8,0,OPTIMAL=1,interval_proves_cutoff=91;upper_skipped_by_nonnegative_interval_lower=8
378,0,lp,lower,9,9,0.03257708100000001,0.03191781044006348,835,0,0,9,0,0,0,0,0,0,OPTIMAL=9,
378,0,lp,upper,9,9,0.038036832000000007,0.03732609748840332,999,0,0,9,0,0,0,0,0,0,OPTIMAL=9,
378,1,interval_arithmetic,lower,3136,0,0.0,0.0,0,0,0,0,0,842,0,0,0,2294,,interval_arithmetic=842;lower_skipped_by_nonpositive_upper=2294
378,1,interval_arithmetic,upper,3136,0,0.0,0.0,0,0,0,0,0,3136,0,0,0,0,,interval_arithmetic=3136
378,2,lp,lower,1568,73,0.06851451799999997,0.06599116325378418,788,0,0,73,0,0,0,631,0,864,OPTIMAL=73,interval_proves_cutoff=631;lower_skipped_by_nonpositive_upper=864
378,2,lp,upper,1568,73,0.07836553199999999,0.06931328773498535,927,0,0,73,0,0,0,864,631,0,OPTIMAL=73,interval_proves_cutoff=864;upper_skipped_by_nonnegative_interval_lower=631
378,3,lp,lower,100,0,0.0,0.0,0,0,0,0,0,0,0,9,0,91,,interval_proves_cutoff=9;lower_skipped_by_nonpositive_upper=91
378,3,lp,upper,100,0,0.0,0.0,0,0,0,0,0,0,0,91,9,0,,interval_proves_cutoff=91;upper_skipped_by_nonnegative_interval_lower=9
379,0,lp,lower,9,9,0.029836942,0.029251575469970703,849,0,0,9,0,0,0,0,0,0,OPTIMAL=9,
379,0,lp,upper,9,9,0.036616647999999995,0.035921573638916016,909,0,0,9,0,0,0,0,0,0,OPTIMAL=9,
379,1,interval_arithmetic,lower,3136,0,0.0,0.0,0,0,0,0,0,849,0,0,0,2287,,interval_arithmetic=849;lower_skipped_by_nonpositive_upper=2287
379,1,interval_arithmetic,upper,3136,0,0.0,0.0,0,0,0,0,0,3136,0,0,0,0,,interval_arithmetic=3136
379,2,lp,lower,1568,62,0.057488098,0.055245399475097656,646,0,0,62,0,0,0,633,0,873,OPTIMAL=62,interval_proves_cutoff=633;lower_skipped_by_nonpositive_upper=873
379,2,lp,upper,1568,63,0.06858524,0.05979037284851074,796,0,0,63,0,0,0,872,633,0,OPTIMAL=63,interval_proves_cutoff=872;upper_skipped_by_nonnegative_interval_lower=633
379,3,lp,lower,100,1,0.00416946,0.004105329513549805,178,0,0,1,0,0,0,8,0,91,OPTIMAL=1,interval_proves_cutoff=8;lower_skipped_by_nonpositive_upper=91
379,3,lp,upper,100,1,0.00344162,0.003331422805786133,131,0,0,1,0,0,0,91,8,0,OPTIMAL=1,interval_proves_cutoff=91;upper_skipped_by_nonnegative_interval_lower=8
380,0,lp,lower,9,9,0.034867309,0.03421592712402344,997,0,0,9,0,0,0,0,0,0,OPTIMAL=9,
380,0,lp,upper,9,9,0.036641162,0.035944461822509766,960,0,0,9,0,0,0,0,0,0,OPTIMAL=9,
380,1,interval_arithmetic,lower,3136,0,0.0,0.0,0,0,0,0,0,898,0,0,0,2238,,interval_arithmetic=898;lower_skipped_by_nonpositive_upper=2238
380,1,interval_arithmetic,upper,3136,0,0.0,0.0,0,0,0,0,0,3136,0,0,0,0,,interval_arithmetic=3136
380,2,lp,lower,1568,78,0.08414397399999998,0.08121776580810547,1129,0,0,78,0,0,0,655,0,835,OPTIMAL=78,interval_proves_cutoff=655;lower_skipped_by_nonpositive_upper=835
380,2,lp,upper,1568,87,0.10275627800000002,0.0928955078125,1462,0,0,87,0,0,0,826,655,0,OPTIMAL=87,interval_proves_cutoff=826;upper_skipped_by_nonnegative_interval_lower=655
380,3,lp,lower,100,1,0.005937372,0.005856752395629883,201,0,0,1,0,0,0,8,0,91,OPTIMAL=1,interval_proves_cutoff=8;lower_skipped_by_nonpositive_upper=91
380,3,lp,upper,100,1,0.004556883,0.0044403076171875,173,0,0,1,0,0,0,91,8,0,OPTIMAL=1,interval_proves_cutoff=91;upper_skipped_by_nonnegative_interval_lower=8
381,0,lp,lower,9,9,0.038100489999999994,0.03760266304016113,1362,0,0,9,0,0,0,0,0,0,OPTIMAL=9,
381,0,lp,upper,9,9,0.044275325,0.04366445541381836,1412,0,0,9,0,0,0,0,0,0,OPTIMAL=9,
381,1,interval_arithmetic,lower,3136,0,0.0,0.0,0,0,0,0,0,940,0,0,0,2196,,interval_arithmetic=940;lower_skipped_by_nonpositive_upper=2196
381,1,interval_arithmetic,upper,3136,0,0.0,0.0,0,0,0,0,0,3136,0,0,0,0,,interval_arithmetic=3136
381,2,lp,lower,1568,91,0.099352244,0.09583806991577148,1417,0,0,91,0,0,0,695,0,782,OPTIMAL=91,interval_proves_cutoff=695;lower_skipped_by_nonpositive_upper=782
381,2,lp,upper,1568,98,0.12141555799999998,0.11063742637634277,1700,0,0,98,0,0,0,775,695,0,OPTIMAL=98,interval_proves_cutoff=775;upper_skipped_by_nonnegative_interval_lower=695
381,3,lp,lower,100,1,0.005844057,0.005770683288574219,281,0,0,1,0,0,0,8,0,91,OPTIMAL=1,interval_proves_cutoff=8;lower_skipped_by_nonpositive_upper=91
381,3,lp,upper,100,1,0.004733043,0.004622459411621094,189,0,0,1,0,0,0,91,8,0,OPTIMAL=1,interval_proves_cutoff=91;upper_skipped_by_nonnegative_interval_lower=8
383,0,lp,lower,9,9,0.035906589,0.0353856086730957,903,0,0,9,0,0,0,0,0,0,OPTIMAL=9,
383,0,lp,upper,9,9,0.036671039,0.036045074462890625,932,0,0,9,0,0,0,0,0,0,OPTIMAL=9,
383,1,interval_arithmetic,lower,3136,0,0.0,0.0,0,0,0,0,0,921,0,0,0,2215,,interval_arithmetic=921;lower_skipped_by_nonpositive_upper=2215
383,1,interval_arithmetic,upper,3136,0,0.0,0.0,0,0,0,0,0,3136,0,0,0,0,,interval_arithmetic=3136
383,2,lp,lower,1568,60,0.053505661,0.05125093460083008,437,0,0,60,0,0,0,675,0,833,OPTIMAL=60,interval_proves_cutoff=675;lower_skipped_by_nonpositive_upper=833
383,2,lp,upper,1568,63,0.06633551999999998,0.05766129493713379,539,0,0,63,0,0,0,830,675,0,OPTIMAL=63,interval_proves_cutoff=830;upper_skipped_by_nonnegative_interval_lower=675
383,3,lp,lower,100,1,0.003612689,0.0035521984100341797,160,0,0,1,0,0,0,8,0,91,OPTIMAL=1,interval_proves_cutoff=8;lower_skipped_by_nonpositive_upper=91
383,3,lp,upper,100,1,0.002563109,0.0024580955505371094,117,0,0,1,0,0,0,91,8,0,OPTIMAL=1,interval_proves_cutoff=91;upper_skipped_by_nonnegative_interval_lower=8
384,0,lp,lower,9,9,0.032419976,0.03186202049255371,882,0,0,9,0,0,0,0,0,0,OPTIMAL=9,
384,0,lp,upper,9,9,0.033537122999999995,0.03292417526245117,830,0,0,9,0,0,0,0,0,0,OPTIMAL=9,
384,1,interval_arithmetic,lower,3136,0,0.0,0.0,0,0,0,0,0,856,0,0,0,2280,,interval_arithmetic=856;lower_skipped_by_nonpositive_upper=2280
384,1,interval_arithmetic,upper,3136,0,0.0,0.0,0,0,0,0,0,3136,0,0,0,0,,interval_arithmetic=3136
384,2,lp,lower,1568,79,0.071651887,0.06814742088317871,690,0,0,79,0,0,0,641,0,848,OPTIMAL=79,interval_proves_cutoff=641;lower_skipped_by_nonpositive_upper=848
384,2,lp,upper,1568,83,0.08108855299999997,0.07164669036865234,850,0,0,83,0,0,0,844,641,0,OPTIMAL=83,interval_proves_cutoff=844;upper_skipped_by_nonnegative_interval_lower=641
384,3,lp,lower,100,2,0.0061571230000000005,0.006032705307006836,193,0,0,2,0,0,0,7,0,91,OPTIMAL=2,interval_proves_cutoff=7;lower_skipped_by_nonpositive_upper=91
384,3,lp,upper,100,2,0.006988416000000001,0.006799459457397461,229,0,0,2,0,0,0,91,7,0,OPTIMAL=2,interval_proves_cutoff=91;upper_skipped_by_nonnegative_interval_lower=7
385,0,lp,lower,9,9,0.06484900999999998,0.0641326904296875,1882,0,0,9,0,0,0,0,0,0,OPTIMAL=9,
385,0,lp,upper,9,9,0.078598407,0.07773327827453613,1832,0,0,9,0,0,0,0,0,0,OPTIMAL=9,
385,1,interval_arithmetic,lower,3136,0,0.0,0.0,0,0,0,0,0,949,0,0,0,2187,,interval_arithmetic=949;lower_skipped_by_nonpositive_upper=2187
385,1,interval_arithmetic,upper,3136,0,0.0,0.0,0,0,0,0,0,3136,0,0,0,0,,interval_arithmetic=3136
385,2,lp,lower,1568,107,0.121097752,0.1168665885925293,1867,0,0,107,0,0,0,669,0,792,OPTIMAL=107,interval_proves_cutoff=669;lower_skipped_by_nonpositive_upper=792
385,2,lp,upper,1568,113,0.142757257,0.13111424446105957,2015,0,0,113,0,0,0,786,669,0,OPTIMAL=113,interval_proves_cutoff=786;upper_skipped_by_nonnegative_interval_lower=669
385,3,lp,lower,100,0,0.0,0.0,0,0,0,0,0,0,0,8,0,92,,interval_proves_cutoff=8;lower_skipped_by_nonpositive_upper=92
385,3,lp,upper,100,1,0.007609266,0.007493019104003906,283,0,0,1,0,0,0,91,8,0,OPTIMAL=1,interval_proves_cutoff=91;upper_skipped_by_nonnegative_interval_lower=8
386,0,lp,lower,9,9,0.03361137300000001,0.03310394287109375,853,0,0,9,0,0,0,0,0,0,OPTIMAL=9,
386,0,lp,upper,9,9,0.037439226,0.036955833435058594,887,0,0,9,0,0,0,0,0,0,OPTIMAL=9,
386,1,interval_arithmetic,lower,3136,0,0.0,0.0,0,0,0,0,0,833,0,0,0,2303,,interval_arithmetic=833;lower_skipped_by_nonpositive_upper=2303
386,1,interval_arithmetic,upper,3136,0,0.0,0.0,0,0,0,0,0,3136,0,0,0,0,,interval_arithmetic=3136
386,2,lp,lower,1568,63,0.055965129,0.05385422706604004,423,0,0,63,0,0,0,634,0,871,OPTIMAL=63,interval_proves_cutoff=634;lower_skipped_by_nonpositive_upper=871
386,2,lp,upper,1568,66,0.066878326,0.05829668045043945,470,0,0,66,0,0,0,868,634,0,OPTIMAL=66,interval_proves_cutoff=868;upper_skipped_by_nonnegative_interval_lower=634
386,3,lp,lower,100,1,0.003272654,0.0032186508178710938,142,0,0,1,0,0,0,8,0,91,OPTIMAL=1,interval_proves_cutoff=8;lower_skipped_by_nonpositive_upper=91
386,3,lp,upper,100,1,0.002910568,0.0027887821197509766,116,0,0,1,0,0,0,91,8,0,OPTIMAL=1,interval_proves_cutoff=91;upper_skipped_by_nonnegative_interval_lower=8
387,0,lp,lower,9,9,0.041977163000000005,0.04134321212768555,1208,0,0,9,0,0,0,0,0,0,OPTIMAL=9,
387,0,lp,upper,9,9,0.05127599299999999,0.050576210021972656,1381,0,0,9,0,0,0,0,0,0,OPTIMAL=9,
387,1,interval_arithmetic,lower,3136,0,0.0,0.0,0,0,0,0,0,902,0,0,0,2234,,interval_arithmetic=902;lower_skipped_by_nonpositive_upper=2234
387,1,interval_arithmetic,upper,3136,0,0.0,0.0,0,0,0,0,0,3136,0,0,0,0,,interval_arithmetic=3136
387,2,lp,lower,1568,88,0.09441187200000006,0.09120321273803711,1234,0,0,88,0,0,0,656,0,824,OPTIMAL=88,interval_proves_cutoff=656;lower_skipped_by_nonpositive_upper=824
387,2,lp,upper,1568,94,0.11421123399999998,0.10435175895690918,1473,0,0,94,0,0,0,818,656,0,OPTIMAL=94,interval_proves_cutoff=818;upper_skipped_by_nonnegative_interval_lower=656
387,3,lp,lower,100,0,0.0,0.0,0,0,0,0,0,0,0,9,0,91,,interval_proves_cutoff=9;lower_skipped_by_nonpositive_upper=91
387,3,lp,upper,100,0,0.0,0.0,0,0,0,0,0,0,0,91,9,0,,interval_proves_cutoff=91;upper_skipped_by_nonnegative_interval_lower=9
388,0,lp,lower,9,9,0.079894108,0.07917189598083496,1793,0,0,9,0,0,0,0,0,0,OPTIMAL=9,
388,0,lp,upper,9,9,0.10423750600000001,0.10346174240112305,1927,0,0,9,0,0,0,0,0,0,OPTIMAL=9,
388,1,interval_arithmetic,lower,3136,0,0.0,0.0,0,0,0,0,0,890,0,0,0,2246,,interval_arithmetic=890;lower_skipped_by_nonpositive_upper=2246
388,1,interval_arithmetic,upper,3136,0,0.0,0.0,0,0,0,0,0,3136,0,0,0,0,,interval_arithmetic=3136
388,2,lp,lower,1568,114,0.12208182900000003,0.1178903579711914,1581,0,0,114,0,0,0,640,0,814,OPTIMAL=114,interval_proves_cutoff=640;lower_skipped_by_nonpositive_upper=814
388,2,lp,upper,1568,123,0.14728706899999994,0.13587427139282227,1937,0,0,123,0,0,0,805,640,0,OPTIMAL=123,interval_proves_cutoff=805;upper_skipped_by_nonnegative_interval_lower=640
388,3,lp,lower,100,1,0.009518994,0.009440898895263672,302,0,0,1,0,0,0,8,0,91,OPTIMAL=1,interval_proves_cutoff=8;lower_skipped_by_nonpositive_upper=91
388,3,lp,upper,100,1,0.00794896,0.007828474044799805,265,0,0,1,0,0,0,91,8,0,OPTIMAL=1,interval_proves_cutoff=91;upper_skipped_by_nonnegative_interval_lower=8
389,0,lp,lower,9,9,0.029354559,0.028868436813354492,866,0,0,9,0,0,0,0,0,0,OPTIMAL=9,
389,0,lp,upper,9,9,0.033218897,0.032567739486694336,1020,0,0,9,0,0,0,0,0,0,OPTIMAL=9,
389,1,interval_arithmetic,lower,3136,0,0.0,0.0,0,0,0,0,0,852,0,0,0,2284,,interval_arithmetic=852;lower_skipped_by_nonpositive_upper=2284
389,1,interval_arithmetic,upper,3136,0,0.0,0.0,0,0,0,0,0,3136,0,0,0,0,,interval_arithmetic=3136
389,2,lp,lower,1568,74,0.06973040500000002,0.06704974174499512,794,0,0,74,0,0,0,624,0,870,OPTIMAL=74,interval_proves_cutoff=624;lower_skipped_by_nonpositive_upper=870
389,2,lp,upper,1568,77,0.08470942200000002,0.07567572593688965,913,0,0,77,0,0,0,867,624,0,OPTIMAL=77,interval_proves_cutoff=867;upper_skipped_by_nonnegative_interval_lower=624
389,3,lp,lower,100,0,0.0,0.0,0,0,0,0,0,0,0,9,0,91,,interval_proves_cutoff=9;lower_skipped_by_nonpositive_upper=91
389,3,lp,upper,100,0,0.0,0.0,0,0,0,0,0,0,0,91,9,0,,interval_proves_cutoff=91;upper_skipped_by_nonnegative_interval_lower=9
390,0,lp,lower,9,9,0.027789007999999997,0.02721118927001953,761,0,0,9,0,0,0,0,0,0,OPTIMAL=9,
390,0,lp,upper,9,9,0.028391810000000003,0.027791261672973633,833,0,0,9,0,0,0,0,0,0,OPTIMAL=9,
390,1,interval_arithmetic,lower,3136,0,0.0,0.0,0,0,0,0,0,895,0,0,0,2241,,interval_arithmetic=895;lower_skipped_by_nonpositive_upper=2241
390,1,interval_arithmetic,upper,3136,0,0.0,0.0,0,0,0,0,0,3136,0,0,0,0,,interval_arithmetic=3136
390,2,lp,lower,1568,62,0.05997983599999998,0.057715415954589844,567,0,0,62,0,0,0,664,0,842,OPTIMAL=62,interval_proves_cutoff=664;lower_skipped_by_nonpositive_upper=842
390,2,lp,upper,1568,67,0.07643428299999998,0.06791448593139648,769,0,0,67,0,0,0,837,664,0,OPTIMAL=67,interval_proves_cutoff=837;upper_skipped_by_nonnegative_interval_lower=664
390,3,lp,lower,100,0,0.0,0.0,0,0,0,0,0,0,0,9,0,91,,interval_proves_cutoff=9;lower_skipped_by_nonpositive_upper=91
390,3,lp,upper,100,0,0.0,0.0,0,0,0,0,0,0,0,91,9,0,,interval_proves_cutoff=91;upper_skipped_by_nonnegative_interval_lower=9
391,0,lp,lower,9,9,0.049359291,0.04863786697387695,1365,0,0,9,0,0,0,0,0,0,OPTIMAL=9,
391,0,lp,upper,9,9,0.050390779999999996,0.049536705017089844,1479,0,0,9,0,0,0,0,0,0,OPTIMAL=9,
391,1,interval_arithmetic,lower,3136,0,0.0,0.0,0,0,0,0,0,964,0,0,0,2172,,interval_arithmetic=964;lower_skipped_by_nonpositive_upper=2172
391,1,interval_arithmetic,upper,3136,0,0.0,0.0,0,0,0,0,0,3136,0,0,0,0,,interval_arithmetic=3136
391,2,lp,lower,1568,96,0.102657387,0.09882164001464844,851,0,0,95,0,0,0,668,0,804,OPTIMAL=95;OTHER_ERROR=1,interval_proves_cutoff=668;lower_skipped_by_nonpositive_upper=804
391,2,lp,upper,1568,97,0.11347595600000002,0.10309529304504395,1016,0,0,97,0,0,0,803,668,0,OPTIMAL=97,interval_proves_cutoff=803;upper_skipped_by_nonnegative_interval_lower=668
391,3,lp,lower,100,0,0.0,0.0,0,0,0,0,0,0,0,9,0,91,,interval_proves_cutoff=9;lower_skipped_by_nonpositive_upper=91
391,3,lp,upper,100,0,0.0,0.0,0,0,0,0,0,0,0,91,9,0,,interval_proves_cutoff=91;upper_skipped_by_nonnegative_interval_lower=9
392,0,lp,lower,9,9,0.041813284000000006,0.041222333908081055,1217,0,0,9,0,0,0,0,0,0,OPTIMAL=9,
392,0,lp,upper,9,9,0.045293879,0.04464435577392578,1364,0,0,9,0,0,0,0,0,0,OPTIMAL=9,
392,1,interval_arithmetic,lower,3136,0,0.0,0.0,0,0,0,0,0,955,0,0,0,2181,,interval_arithmetic=955;lower_skipped_by_nonpositive_upper=2181
392,1,interval_arithmetic,upper,3136,0,0.0,0.0,0,0,0,0,0,3136,0,0,0,0,,interval_arithmetic=3136
392,2,lp,lower,1568,86,0.097387989,0.09409427642822266,1270,0,0,86,0,0,0,672,0,810,OPTIMAL=86,interval_proves_cutoff=672;lower_skipped_by_nonpositive_upper=810
392,2,lp,upper,1568,89,0.10786319400000001,0.09754586219787598,1279,0,0,89,0,0,0,807,672,0,OPTIMAL=89,interval_proves_cutoff=807;upper_skipped_by_nonnegative_interval_lower=672
392,3,lp,lower,100,0,0.0,0.0,0,0,0,0,0,0,0,9,0,91,,interval_proves_cutoff=9;lower_skipped_by_nonpositive_upper=91
392,3,lp,upper,100,0,0.0,0.0,0,0,0,0,0,0,0,91,9,0,,interval_proves_cutoff=91;upper_skipped_by_nonnegative_interval_lower=9
393,0,lp,lower,9,9,0.071407854,0.07078218460083008,1653,0,0,9,0,0,0,0,0,0,OPTIMAL=9,
393,0,lp,upper,9,9,0.065167924,0.06447196006774902,1585,0,0,9,0,0,0,0,0,0,OPTIMAL=9,
393,1,interval_arithmetic,lower,3136,0,0.0,0.0,0,0,0,0,0,898,0,0,0,2238,,interval_arithmetic=898;lower_skipped_by_nonpositive_upper=2238
393,1,interval_arithmetic,upper,3136,0,0.0,0.0,0,0,0,0,0,3136,0,0,0,0,,interval_arithmetic=3136
393,2,lp,lower,1568,105,0.11230865699999999,0.1082906723022461,1643,0,0,105,0,0,0,649,0,814,OPTIMAL=105,interval_proves_cutoff=649;lower_skipped_by_nonpositive_upper=814
393,2,lp,upper,1568,113,0.13186215899999998,0.12108063697814941,1910,0,0,113,0,0,0,806,649,0,OPTIMAL=113,interval_proves_cutoff=806;upper_skipped_by_nonnegative_interval_lower=649
393,3,lp,lower,100,2,0.014033928,0.01389455795288086,354,0,0,2,0,0,0,7,0,91,OPTIMAL=2,interval_proves_cutoff=7;lower_skipped_by_nonpositive_upper=91
393,3,lp,upper,100,2,0.011987264000000001,0.01179957389831543,386,0,0,2,0,0,0,91,7,0,OPTIMAL=2,interval_proves_cutoff=91;upper_skipped_by_nonnegative_interval_lower=7
394,0,lp,lower,9,9,0.035572105,0.034989118576049805,870,0,0,9,0,0,0,0,0,0,OPTIMAL=9,
394,0,lp,upper,9,9,0.034534709999999996,0.03386354446411133,922,0,0,9,0,0,0,0,0,0,OPTIMAL=9,
394,1,interval_arithmetic,lower,3136,0,0.0,0.0,0,0,0,0,0,849,0,0,0,2287,,interval_arithmetic=849;lower_skipped_by_nonpositive_upper=2287
394,1,interval_arithmetic,upper,3136,0,0.0,0.0,0,0,0,0,0,3136,0,0,0,0,,interval_arithmetic=3136
394,2,lp,lower,1568,68,0.061657471,0.059205055236816406,551,0,0,68,0,0,0,636,0,864,OPTIMAL=68,interval_proves_cutoff=636;lower_skipped_by_nonpositive_upper=864
394,2,lp,upper,1568,68,0.06969320300000004,0.06078624725341797,614,0,0,68,0,0,0,864,636,0,OPTIMAL=68,interval_proves_cutoff=864;upper_skipped_by_nonnegative_interval_lower=636
394,3,lp,lower,100,0,0.0,0.0,0,0,0,0,0,0,0,9,0,91,,interval_proves_cutoff=9;lower_skipped_by_nonpositive_upper=91
394,3,lp,upper,100,0,0.0,0.0,0,0,0,0,0,0,0,91,9,0,,interval_proves_cutoff=91;upper_skipped_by_nonnegative_interval_lower=9
395,0,lp,lower,9,9,0.07622975300000001,0.07551026344299316,1777,0,0,9,0,0,0,0,0,0,OPTIMAL=9,
395,0,lp,upper,9,9,0.07061223800000001,0.06984806060791016,1612,0,0,9,0,0,0,0,0,0,OPTIMAL=9,
395,1,interval_arithmetic,lower,3136,0,0.0,0.0,0,0,0,0,0,898,0,0,0,2238,,interval_arithmetic=898;lower_skipped_by_nonpositive_upper=2238
395,1,interval_arithmetic,upper,3136,0,0.0,0.0,0,0,0,0,0,3136,0,0,0,0,,interval_arithmetic=3136
395,2,lp,lower,1568,125,0.142645769,0.13789010047912598,2447,0,0,125,0,0,0,628,0,815,OPTIMAL=125,interval_proves_cutoff=628;lower_skipped_by_nonpositive_upper=815
395,2,lp,upper,1568,133,0.162419951,0.15082311630249023,2766,0,0,133,0,0,0,807,628,0,OPTIMAL=133,interval_proves_cutoff=807;upper_skipped_by_nonnegative_interval_lower=628
395,3,lp,lower,100,1,0.008484811,0.008403778076171875,306,0,0,1,0,0,0,8,0,91,OPTIMAL=1,interval_proves_cutoff=8;lower_skipped_by_nonpositive_upper=91
395,3,lp,upper,100,1,0.009893454,0.0096893310546875,289,0,0,1,0,0,0,91,8,0,OPTIMAL=1,interval_proves_cutoff=91;upper_skipped_by_nonnegative_interval_lower=8
396,0,lp,lower,9,9,0.06862707900000001,0.06800365447998047,1686,0,0,9,0,0,0,0,0,0,OPTIMAL=9,
396,0,lp,upper,9,9,0.072966828,0.07214593887329102,1729,0,0,9,0,0,0,0,0,0,OPTIMAL=9,
396,1,interval_arithmetic,lower,3136,0,0.0,0.0,0,0,0,0,0,944,0,0,0,2192,,interval_arithmetic=944;lower_skipped_by_nonpositive_upper=2192
396,1,interval_arithmetic,upper,3136,0,0.0,0.0,0,0,0,0,0,3136,0,0,0,0,,interval_arithmetic=3136
396,2,lp,lower,1568,116,0.13132528599999996,0.1267101764678955,2151,0,0,116,0,0,0,666,0,786,OPTIMAL=116,interval_proves_cutoff=666;lower_skipped_by_nonpositive_upper=786
396,2,lp,upper,1568,131,0.16245416799999998,0.15044307708740234,2533,0,0,131,0,0,0,771,666,0,OPTIMAL=131,interval_proves_cutoff=771;upper_skipped_by_nonnegative_interval_lower=666
396,3,lp,lower,100,0,0.0,0.0,0,0,0,0,0,0,0,8,0,92,,interval_proves_cutoff=8;lower_skipped_by_nonpositive_upper=92
396,3,lp,upper,100,1,0.008038267,0.007917165756225586,274,0,0,1,0,0,0,91,8,0,OPTIMAL=1,interval_proves_cutoff=91;upper_skipped_by_nonnegative_interval_lower=8
397,0,lp,lower,9,9,0.04833677600000001,0.04775118827819824,1477,0,0,9,0,0,0,0,0,0,OPTIMAL=9,
397,0,lp,upper,9,9,0.040417461,0.039791107177734375,1254,0,0,9,0,0,0,0,0,0,OPTIMAL=9,
397,1,interval_arithmetic,lower,3136,0,0.0,0.0,0,0,0,0,0,929,0,0,0,2207,,interval_arithmetic=929;lower_skipped_by_nonpositive_upper=2207
397,1,interval_arithmetic,upper,3136,0,0.0,0.0,0,0,0,0,0,3136,0,0,0,0,,interval_arithmetic=3136
397,2,lp,lower,1568,81,0.081085839,0.07806181907653809,1165,0,0,81,0,0,0,656,0,831,OPTIMAL=81,interval_proves_cutoff=656;lower_skipped_by_nonpositive_upper=831
397,2,lp,upper,1568,84,0.09600669299999999,0.08615350723266602,1309,0,0,84,0,0,0,828,656,0,OPTIMAL=84,interval_proves_cutoff=828;upper_skipped_by_nonnegative_interval_lower=656
397,3,lp,lower,100,1,0.005168165,0.00508570671081543,232,0,0,1,0,0,0,8,0,91,OPTIMAL=1,interval_proves_cutoff=8;lower_skipped_by_nonpositive_upper=91
397,3,lp,upper,100,1,0.004390622,0.00428009033203125,175,0,0,1,0,0,0,91,8,0,OPTIMAL=1,interval_proves_cutoff=91;upper_skipped_by_nonnegative_interval_lower=8
398,0,lp,lower,9,9,0.073779406,0.07303142547607422,1504,0,0,9,0,0,0,0,0,0,OPTIMAL=9,
398,0,lp,upper,9,9,0.072036248,0.07122969627380371,1444,0,0,9,0,0,0,0,0,0,OPTIMAL=9,
398,1,interval_arithmetic,lower,3136,0,0.0,0.0,0,0,0,0,0,905,0,0,0,2231,,interval_arithmetic=905;lower_skipped_by_nonpositive_upper=2231
398,1,interval_arithmetic,upper,3136,0,0.0,0.0,0,0,0,0,0,3136,0,0,0,0,,interval_arithmetic=3136
398,2,lp,lower,1568,70,0.07278286599999999,0.07002711296081543,1037,0,0,70,0,0,0,682,0,816,OPTIMAL=70,interval_proves_cutoff=682;lower_skipped_by_nonpositive_upper=816
398,2,lp,upper,1568,76,0.08832334600000001,0.07854557037353516,1216,0,0,76,0,0,0,810,682,0,OPTIMAL=76,interval_proves_cutoff=810;upper_skipped_by_nonnegative_interval_lower=682
398,3,lp,lower,100,1,0.005830944,0.005751609802246094,255,0,0,1,0,0,0,8,0,91,OPTIMAL=1,interval_proves_cutoff=8;lower_skipped_by_nonpositive_upper=91
398,3,lp,upper,100,1,0.005382406,0.005265235900878906,172,0,0,1,0,0,0,91,8,0,OPTIMAL=1,interval_proves_cutoff=91;upper_skipped_by_nonnegative_interval_lower=8
399,0,lp,lower,9,9,0.033577118,0.033066511154174805,1009,0,0,9,0,0,0,0,0,0,OPTIMAL=9,
399,0,lp,upper,9,9,0.040106248000000004,0.03952670097351074,1116,0,0,9,0,0,0,0,0,0,OPTIMAL=9,
399,1,interval_arithmetic,lower,3136,0,0.0,0.0,0,0,0,0,0,893,0,0,0,2243,,interval_arithmetic=893;lower_skipped_by_nonpositive_upper=2243
399,1,interval_arithmetic,upper,3136,0,0.0,0.0,0,0,0,0,0,3136,0,0,0,0,,interval_arithmetic=3136
399,2,lp,lower,1568,77,0.07842984900000001,0.07561016082763672,920,0,0,77,0,0,0,661,0,830,OPTIMAL=77,interval_proves_cutoff=661;lower_skipped_by_nonpositive_upper=830
399,2,lp,upper,1568,80,0.09095354200000003,0.08170580863952637,1041,0,0,80,0,0,0,827,661,0,OPTIMAL=80,interval_proves_cutoff=827;upper_skipped_by_nonnegative_interval_lower=661
399,3,lp,lower,100,0,0.0,0.0,0,0,0,0,0,0,0,9,0,91,,interval_proves_cutoff=9;lower_skipped_by_nonpositive_upper=91
399,3,lp,upper,100,0,0.0,0.0,0,0,0,0,0,0,0,91,9,0,,interval_proves_cutoff=91;upper_skipped_by_nonnegative_interval_lower=9
400,0,lp,lower,9,9,0.03108333,0.03055858612060547,939,0,0,9,0,0,0,0,0,0,OPTIMAL=9,
400,0,lp,upper,9,9,0.033983037,0.03328990936279297,999,0,0,9,0,0,0,0,0,0,OPTIMAL=9,
400,1,interval_arithmetic,lower,3136,0,0.0,0.0,0,0,0,0,0,902,0,0,0,2234,,interval_arithmetic=902;lower_skipped_by_nonpositive_upper=2234
400,1,interval_arithmetic,upper,3136,0,0.0,0.0,0,0,0,0,0,3136,0,0,0,0,,interval_arithmetic=3136
400,2,lp,lower,1568,78,0.076839043,0.07407546043395996,662,0,0,78,0,0,0,670,0,820,OPTIMAL=78,interval_proves_cutoff=670;lower_skipped_by_nonpositive_upper=820
400,2,lp,upper,1568,82,0.092470671,0.08317422866821289,765,0,0,82,0,0,0,816,670,0,OPTIMAL=82,interval_proves_cutoff=816;upper_skipped_by_nonnegative_interval_lower=670
400,3,lp,lower,100,0,0.0,0.0,0,0,0,0,0,0,0,9,0,91,,interval_proves_cutoff=9;lower_skipped_by_nonpositive_upper=91
400,3,lp,upper,100,0,0.0,0.0,0,0,0,0,0,0,0,91,9,0,,interval_proves_cutoff=91;upper_skipped_by_nonnegative_interval_lower=9
401,0,lp,lower,9,9,0.057283428,0.056633949279785156,1540,0,0,9,0,0,0,0,0,0,OPTIMAL=9,
401,0,lp,upper,9,9,0.055036161,0.05432701110839844,1605,0,0,9,0,0,0,0,0,0,OPTIMAL=9,
401,1,interval_arithmetic,lower,3136,0,0.0,0.0,0,0,0,0,0,952,0,0,0,2184,,interval_arithmetic=952;lower_skipped_by_nonpositive_upper=2184
401,1,interval_arithmetic,upper,3136,0,0.0,0.0,0,0,0,0,0,3136,0,0,0,0,,interval_arithmetic=3136
401,2,lp,lower,1568,100,0.11868895999999998,0.11461901664733887,1558,0,0,100,0,0,0,663,0,805,OPTIMAL=100,interval_proves_cutoff=663;lower_skipped_by_nonpositive_upper=805
401,2,lp,upper,1568,113,0.14412438800000002,0.13205480575561523,1779,0,0,113,0,0,0,792,663,0,OPTIMAL=113,interval_proves_cutoff=792;upper_skipped_by_nonnegative_interval_lower=663
401,3,lp,lower,100,0,0.0,0.0,0,0,0,0,0,0,0,9,0,91,,interval_proves_cutoff=9;lower_skipped_by_nonpositive_upper=91
401,3,lp,upper,100,0,0.0,0.0,0,0,0,0,0,0,0,91,9,0,,interval_proves_cutoff=91;upper_skipped_by_nonnegative_interval_lower=9
402,0,lp,lower,9,9,0.053820518,0.05301046371459961,1329,0,0,9,0,0,0,0,0,0,OPTIMAL=9,
402,0,lp,upper,9,9,0.055993749,0.055278778076171875,1471,0,0,9,0,0,0,0,0,0,OPTIMAL=9,
402,1,interval_arithmetic,lower,3136,0,0.0,0.0,0,0,0,0,0,912,0,0,0,2224,,interval_arithmetic=912;lower_skipped_by_nonpositive_upper=2224
402,1,interval_arithmetic,upper,3136,0,0.0,0.0,0,0,0,0,0,3136,0,0,0,0,,interval_arithmetic=3136
402,2,lp,lower,1568,91,0.10328079700000004,0.09976482391357422,1674,0,0,91,0,0,0,656,0,821,OPTIMAL=91,interval_proves_cutoff=656;lower_skipped_by_nonpositive_upper=821
402,2,lp,upper,1568,101,0.127412179,0.11715364456176758,2016,0,0,101,0,0,0,811,656,0,OPTIMAL=101,interval_proves_cutoff=811;upper_skipped_by_nonnegative_interval_lower=656
402,3,lp,lower,100,0,0.0,0.0,0,0,0,0,0,0,0,9,0,91,,interval_proves_cutoff=9;lower_skipped_by_nonpositive_upper=91
402,3,lp,upper,100,0,0.0,0.0,0,0,0,0,0,0,0,91,9,0,,interval_proves_cutoff=91;upper_skipped_by_nonnegative_interval_lower=9
403,0,lp,lower,9,9,0.073655164,0.07285547256469727,1852,0,0,9,0,0,0,0,0,0,OPTIMAL=9,
403,0,lp,upper,9,9,0.07905844000000001,0.07828021049499512,1952,0,0,9,0,0,0,0,0,0,OPTIMAL=9,
403,1,interval_arithmetic,lower,3136,0,0.0,0.0,0,0,0,0,0,958,0,0,0,2178,,interval_arithmetic=958;lower_skipped_by_nonpositive_upper=2178
403,1,interval_arithmetic,upper,3136,0,0.0,0.0,0,0,0,0,0,3136,0,0,0,0,,interval_arithmetic=3136
403,2,lp,lower,1568,124,0.154210862,0.14932012557983398,2284,0,0,124,0,0,0,693,0,751,OPTIMAL=124,interval_proves_cutoff=693;lower_skipped_by_nonpositive_upper=751
403,2,lp,upper,1568,132,0.175313366,0.16321372985839844,2541,0,0,132,0,0,0,743,693,0,OPTIMAL=132,interval_proves_cutoff=743;upper_skipped_by_nonnegative_interval_lower=693
403,3,lp,lower,100,0,0.0,0.0,0,0,0,0,0,0,0,9,0,91,,interval_proves_cutoff=9;lower_skipped_by_nonpositive_upper=91
403,3,lp,upper,100,0,0.0,0.0,0,0,0,0,0,0,0,91,9,0,,interval_proves_cutoff=91;upper_skipped_by_nonnegative_interval_lower=9
404,0,lp,lower,9,9,0.06748126,0.06673789024353027,1617,0,0,9,0,0,0,0,0,0,OPTIMAL=9,
404,0,lp,upper,9,9,0.076671299,0.07584738731384277,1763,0,0,9,0,0,0,0,0,0,OPTIMAL=9,
404,1,interval_arithmetic,lower,3136,0,0.0,0.0,0,0,0,0,0,921,0,0,0,2215,,interval_arithmetic=921;lower_skipped_by_nonpositive_upper=2215
404,1,interval_arithmetic,upper,3136,0,0.0,0.0,0,0,0,0,0,3136,0,0,0,0,,interval_arithmetic=3136
404,2,lp,lower,1568,99,0.118552247,0.11476302146911621,2074,0,0,99,0,0,0,655,0,814,OPTIMAL=99,interval_proves_cutoff=655;lower_skipped_by_nonpositive_upper=814
404,2,lp,upper,1568,100,0.12859503300000003,0.11742019653320312,2238,0,0,100,0,0,0,813,655,0,OPTIMAL=100,interval_proves_cutoff=813;upper_skipped_by_nonnegative_interval_lower=655
404,3,lp,lower,100,0,0.0,0.0,0,0,0,0,0,0,0,9,0,91,,interval_proves_cutoff=9;lower_skipped_by_nonpositive_upper=91
404,3,lp,upper,100,0,0.0,0.0,0,0,0,0,0,0,0,91,9,0,,interval_proves_cutoff=91;upper_skipped_by_nonnegative_interval_lower=9
405,0,lp,lower,9,9,0.060612297,0.059825897216796875,1538,0,0,9,0,0,0,0,0,0,OPTIMAL=9,
405,0,lp,upper,9,9,0.07452683399999999,0.07376480102539062,1688,0,0,9,0,0,0,0,0,0,OPTIMAL=9,
405,1,interval_arithmetic,lower,3136,0,0.0,0.0,0,0,0,0,0,915,0,0,0,2221,,interval_arithmetic=915;lower_skipped_by_nonpositive_upper=2221
405,1,interval_arithmetic,upper,3136,0,0.0,0.0,0,0,0,0,0,3136,0,0,0,0,,interval_arithmetic=3136
405,2,lp,lower,1568,96,0.10806806699999996,0.1043088436126709,1710,0,0,96,0,0,0,668,0,804,OPTIMAL=96,interval_proves_cutoff=668;lower_skipped_by_nonpositive_upper=804
405,2,lp,upper,1568,100,0.126517453,0.11587882041931152,1808,0,0,100,0,0,0,800,668,0,OPTIMAL=100,interval_proves_cutoff=800;upper_skipped_by_nonnegative_interval_lower=668
405,3,lp,lower,100,2,0.010125196,0.009989261627197266,302,0,0,2,0,0,0,7,0,91,OPTIMAL=2,interval_proves_cutoff=7;lower_skipped_by_nonpositive_upper=91
405,3,lp,upper,100,2,0.010094017,0.009898185729980469,344,0,0,2,0,0,0,91,7,0,OPTIMAL=2,interval_proves_cutoff=91;upper_skipped_by_nonnegative_interval_lower=7
406,0,lp,lower,9,9,0.031791017,0.031182527542114258,998,0,0,9,0,0,0,0,0,0,OPTIMAL=9,
406,0,lp,upper,9,9,0.034008888,0.033272504806518555,1022,0,0,9,0,0,0,0,0,0,OPTIMAL=9,
406,1,interval_arithmetic,lower,3136,0,0.0,0.0,0,0,0,0,0,935,0,0,0,2201,,interval_arithmetic=935;lower_skipped_by_nonpositive_upper=2201
406,1,interval_arithmetic,upper,3136,0,0.0,0.0,0,0,0,0,0,3136,0,0,0,0,,interval_arithmetic=3136
406,2,lp,lower,1568,80,0.07935580600000001,0.07631325721740723,618,0,0,80,0,0,0,683,0,805,OPTIMAL=80,interval_proves_cutoff=683;lower_skipped_by_nonpositive_upper=805
406,2,lp,upper,1568,83,0.094059346,0.0841984748840332,816,0,0,83,0,0,0,802,683,0,OPTIMAL=83,interval_proves_cutoff=802;upper_skipped_by_nonnegative_interval_lower=683
406,3,lp,lower,100,0,0.0,0.0,0,0,0,0,0,0,0,9,0,91,,interval_proves_cutoff=9;lower_skipped_by_nonpositive_upper=91
406,3,lp,upper,100,0,0.0,0.0,0,0,0,0,0,0,0,91,9,0,,interval_proves_cutoff=91;upper_skipped_by_nonnegative_interval_lower=9
407,0,lp,lower,9,9,0.04150161,0.040853261947631836,1294,0,0,9,0,0,0,0,0,0,OPTIMAL=9,
407,0,lp,upper,9,9,0.046967922999999995,0.04620671272277832,1543,0,0,9,0,0,0,0,0,0,OPTIMAL=9,
407,1,interval_arithmetic,lower,3136,0,0.0,0.0,0,0,0,0,0,986,0,0,0,2150,,interval_arithmetic=986;lower_skipped_by_nonpositive_upper=2150
407,1,interval_arithmetic,upper,3136,0,0.0,0.0,0,0,0,0,0,3136,0,0,0,0,,interval_arithmetic=3136
407,2,lp,lower,1568,82,0.09340158800000002,0.09000253677368164,1297,0,0,82,0,0,0,685,0,801,OPTIMAL=82,interval_proves_cutoff=685;lower_skipped_by_nonpositive_upper=801
407,2,lp,upper,1568,88,0.10944077099999999,0.0993194580078125,1479,0,0,88,0,0,0,795,685,0,OPTIMAL=88,interval_proves_cutoff=795;upper_skipped_by_nonnegative_interval_lower=685
407,3,lp,lower,100,0,0.0,0.0,0,0,0,0,0,0,0,9,0,91,,interval_proves_cutoff=9;lower_skipped_by_nonpositive_upper=91
407,3,lp,upper,100,0,0.0,0.0,0,0,0,0,0,0,0,91,9,0,,interval_proves_cutoff=91;upper_skipped_by_nonnegative_interval_lower=9
408,0,lp,lower,9,9,0.038675389000000004,0.03793621063232422,1030,0,0,9,0,0,0,0,0,0,OPTIMAL=9,
408,0,lp,upper,9,9,0.04740889799999999,0.04657578468322754,1148,0,0,9,0,0,0,0,0,0,OPTIMAL=9,
408,1,interval_arithmetic,lower,3136,0,0.0,0.0,0,0,0,0,0,941,0,0,0,2195,,interval_arithmetic=941;lower_skipped_by_nonpositive_upper=2195
408,1,interval_arithmetic,upper,3136,0,0.0,0.0,0,0,0,0,0,3136,0,0,0,0,,interval_arithmetic=3136
408,2,lp,lower,1568,79,0.07822525399999997,0.0750572681427002,561,0,0,79,0,0,0,686,0,803,OPTIMAL=79,interval_proves_cutoff=686;lower_skipped_by_nonpositive_upper=803
408,2,lp,upper,1568,82,0.08699104999999997,0.07709693908691406,658,0,0,82,0,0,0,800,686,0,OPTIMAL=82,interval_proves_cutoff=800;upper_skipped_by_nonnegative_interval_lower=686
408,3,lp,lower,100,1,0.004425509,0.004335641860961914,190,0,0,1,0,0,0,8,0,91,OPTIMAL=1,interval_proves_cutoff=8;lower_skipped_by_nonpositive_upper=91
408,3,lp,upper,100,1,0.004295135,0.004166126251220703,169,0,0,1,0,0,0,91,8,0,OPTIMAL=1,interval_proves_cutoff=91;upper_skipped_by_nonnegative_interval_lower=8
409,0,lp,lower,9,9,0.072520684,0.07184457778930664,1785,0,0,9,0,0,0,0,0,0,OPTIMAL=9,
409,0,lp,upper,9,9,0.07893283300000001,0.07812762260437012,1798,0,0,9,0,0,0,0,0,0,OPTIMAL=9,
409,1,interval_arithmetic,lower,3136,0,0.0,0.0,0,0,0,0,0,934,0,0,0,2202,,interval_arithmetic=934;lower_skipped_by_nonpositive_upper=2202
409,1,interval_arithmetic,upper,3136,0,0.0,0.0,0,0,0,0,0,3136,0,0,0,0,,interval_arithmetic=3136
409,2,lp,lower,1568,112,0.12612148799999995,0.12176918983459473,1818,0,0,112,0,0,0,674,0,782,OPTIMAL=112,interval_proves_cutoff=674;lower_skipped_by_nonpositive_upper=782
409,2,lp,upper,1568,113,0.13606342099999996,0.12505483627319336,1853,0,0,113,0,0,0,781,674,0,OPTIMAL=113,interval_proves_cutoff=781;upper_skipped_by_nonnegative_interval_lower=674
409,3,lp,lower,100,1,0.0117961,0.011699914932250977,337,0,0,1,0,0,0,8,0,91,OPTIMAL=1,interval_proves_cutoff=8;lower_skipped_by_nonpositive_upper=91
409,3,lp,upper,100,1,0.010036623,0.009829282760620117,294,0,0,1,0,0,0,91,8,0,OPTIMAL=1,interval_proves_cutoff=91;upper_skipped_by_nonnegative_interval_lower=8
410,0,lp,lower,9,9,0.028796474000000002,0.02821493148803711,782,0,0,9,0,0,0,0,0,0,OPTIMAL=9,
410,0,lp,upper,9,9,0.025925348999999997,0.025403499603271484,725,0,0,9,0,0,0,0,0,0,OPTIMAL=9,
410,1,interval_arithmetic,lower,3136,0,0.0,0.0,0,0,0,0,0,857,0,0,0,2279,,interval_arithmetic=857;lower_skipped_by_nonpositive_upper=2279
410,1,interval_arithmetic,upper,3136,0,0.0,0.0,0,0,0,0,0,3136,0,0,0,0,,interval_arithmetic=3136
410,2,lp,lower,1568,47,0.04280226399999998,0.041124820709228516,473,0,0,47,0,0,0,652,0,869,OPTIMAL=47,interval_proves_cutoff=652;lower_skipped_by_nonpositive_upper=869
410,2,lp,upper,1568,50,0.055044908000000004,0.04704785346984863,539,0,0,50,0,0,0,866,652,0,OPTIMAL=50,interval_proves_cutoff=866;upper_skipped_by_nonnegative_interval_lower=652
410,3,lp,lower,100,1,0.002600098,0.002543210983276367,126,0,0,1,0,0,0,8,0,91,OPTIMAL=1,interval_proves_cutoff=8;lower_skipped_by_nonpositive_upper=91
410,3,lp,upper,100,1,0.002687451,0.0025815963745117188,107,0,0,1,0,0,0,91,8,0,OPTIMAL=1,interval_proves_cutoff=91;upper_skipped_by_nonnegative_interval_lower=8
411,0,lp,lower,9,9,0.029439414,0.028841018676757812,919,0,0,9,0,0,0,0,0,0,OPTIMAL=9,
411,0,lp,upper,9,9,0.028733613999999998,0.028069734573364258,845,0,0,9,0,0,0,0,0,0,OPTIMAL=9,
411,1,interval_arithmetic,lower,3136,0,0.0,0.0,0,0,0,0,0,888,0,0,0,2248,,interval_arithmetic=888;lower_skipped_by_nonpositive_upper=2248
411,1,interval_arithmetic,upper,3136,0,0.0,0.0,0,0,0,0,0,3136,0,0,0,0,,interval_arithmetic=3136
411,2,lp,lower,1568,73,0.06730017999999999,0.06460833549499512,778,0,0,73,0,0,0,662,0,833,OPTIMAL=73,interval_proves_cutoff=662;lower_skipped_by_nonpositive_upper=833
411,2,lp,upper,1568,77,0.079000565,0.06992554664611816,882,0,0,77,0,0,0,829,662,0,OPTIMAL=77,interval_proves_cutoff=829;upper_skipped_by_nonnegative_interval_lower=662
411,3,lp,lower,100,1,0.003676158,0.003595113754272461,180,0,0,1,0,0,0,7,0,92,OPTIMAL=1,interval_proves_cutoff=7;lower_skipped_by_nonpositive_upper=92
411,3,lp,upper,100,1,0.00355391,0.0034406185150146484,153,0,0,1,0,0,0,92,7,0,OPTIMAL=1,interval_proves_cutoff=92;upper_skipped_by_nonnegative_interval_lower=7
412,0,lp,lower,9,9,0.031704352,0.031178712844848633,894,0,0,9,0,0,0,0,0,0,OPTIMAL=9,
412,0,lp,upper,9,9,0.034581148,0.034020423889160156,926,0,0,9,0,0,0,0,0,0,OPTIMAL=9,
412,1,interval_arithmetic,lower,3136,0,0.0,0.0,0,0,0,0,0,867,0,0,0,2269,,interval_arithmetic=867;lower_skipped_by_nonpositive_upper=2269
412,1,interval_arithmetic,upper,3136,0,0.0,0.0,0,0,0,0,0,3136,0,0,0,0,,interval_arithmetic=3136
412,2,lp,lower,1568,61,0.05251322200000001,0.05030035972595215,624,0,0,61,0,0,0,636,0,871,OPTIMAL=61,interval_proves_cutoff=636;lower_skipped_by_nonpositive_upper=871
412,2,lp,upper,1568,64,0.06348907200000001,0.055043935775756836,698,0,0,64,0,0,0,868,636,0,OPTIMAL=64,interval_proves_cutoff=868;upper_skipped_by_nonnegative_interval_lower=636
412,3,lp,lower,100,1,0.003614062,0.0035581588745117188,153,0,0,1,0,0,0,8,0,91,OPTIMAL=1,interval_proves_cutoff=8;lower_skipped_by_nonpositive_upper=91
412,3,lp,upper,100,1,0.004034197,0.003927707672119141,143,0,0,1,0,0,0,91,8,0,OPTIMAL=1,interval_proves_cutoff=91;upper_skipped_by_nonnegative_interval_lower=8
413,0,lp,lower,9,9,0.028663882999999998,0.028065919876098633,940,0,0,9,0,0,0,0,0,0,OPTIMAL=9,
413,0,lp,upper,9,9,0.02796559,0.02740645408630371,897,0,0,9,0,0,0,0,0,0,OPTIMAL=9,
413,1,interval_arithmetic,lower,3136,0,0.0,0.0,0,0,0,0,0,967,0,0,0,2169,,interval_arithmetic=967;lower_skipped_by_nonpositive_upper=2169
413,1,interval_arithmetic,upper,3136,0,0.0,0.0,0,0,0,0,0,3136,0,0,0,0,,interval_arithmetic=3136
413,2,lp,lower,1568,65,0.068674348,0.06613540649414062,703,0,0,65,0,0,0,699,0,804,OPTIMAL=65,interval_proves_cutoff=699;lower_skipped_by_nonpositive_upper=804
413,2,lp,upper,1568,74,0.09361850900000003,0.08439373970031738,904,0,0,74,0,0,0,795,699,0,OPTIMAL=74,interval_proves_cutoff=795;upper_skipped_by_nonnegative_interval_lower=699
413,3,lp,lower,100,2,0.006294951,0.006181478500366211,223,0,0,2,0,0,0,7,0,91,OPTIMAL=2,interval_proves_cutoff=7;lower_skipped_by_nonpositive_upper=91
413,3,lp,upper,100,2,0.0070120519999999995,0.006835222244262695,234,0,0,2,0,0,0,91,7,0,OPTIMAL=2,interval_proves_cutoff=91;upper_skipped_by_nonnegative_interval_lower=7
414,0,lp,lower,9,9,0.037332603,0.036757707595825195,1081,0,0,9,0,0,0,0,0,0,OPTIMAL=9,
414,0,lp,upper,9,9,0.038356273999999996,0.03770804405212402,1039,0,0,9,0,0,0,0,0,0,OPTIMAL=9,
414,1,interval_arithmetic,lower,3136,0,0.0,0.0,0,0,0,0,0,932,0,0,0,2204,,interval_arithmetic=932;lower_skipped_by_nonpositive_upper=2204
414,1,interval_arithmetic,upper,3136,0,0.0,0.0,0,0,0,0,0,3136,0,0,0,0,,interval_arithmetic=3136
414,2,lp,lower,1568,72,0.076369471,0.07365870475769043,862,0,0,72,0,0,0,677,0,819,OPTIMAL=72,interval_proves_cutoff=677;lower_skipped_by_nonpositive_upper=819
414,2,lp,upper,1568,72,0.08714789599999997,0.07683253288269043,928,0,0,72,0,0,0,819,677,0,OPTIMAL=72,interval_proves_cutoff=819;upper_skipped_by_nonnegative_interval_lower=677
414,3,lp,lower,100,1,0.0051648,0.005072593688964844,213,0,0,1,0,0,0,8,0,91,OPTIMAL=1,interval_proves_cutoff=8;lower_skipped_by_nonpositive_upper=91
414,3,lp,upper,100,1,0.004299523,0.004183053970336914,164,0,0,1,0,0,0,91,8,0,OPTIMAL=1,interval_proves_cutoff=91;upper_skipped_by_nonnegative_interval_lower=8
415,0,lp,lower,9,9,0.092789716,0.09187173843383789,1774,0,0,9,0,0,0,0,0,0,OPTIMAL=9,
415,0,lp,upper,9,9,0.08353322,0.08264541625976562,1588,0,0,9,0,0,0,0,0,0,OPTIMAL=9,
415,1,interval_arithmetic,lower,3136,0,0.0,0.0,0,0,0,0,0,893,0,0,0,2243,,interval_arithmetic=893;lower_skipped_by_nonpositive_upper=2243
415,1,interval_arithmetic,upper,3136,0,0.0,0.0,0,0,0,0,0,3136,0,0,0,0,,interval_arithmetic=3136
415,2,lp,lower,1568,91,0.09201294400000003,0.08859682083129883,1497,0,0,91,0,0,0,632,0,845,OPTIMAL=91,interval_proves_cutoff=632;lower_skipped_by_nonpositive_upper=845
415,2,lp,upper,1568,96,0.106864935,0.09672212600708008,1542,0,0,96,0,0,0,840,632,0,OPTIMAL=96,interval_proves_cutoff=840;upper_skipped_by_nonnegative_interval_lower=632
415,3,lp,lower,100,2,0.009736412,0.00960087776184082,273,0,0,2,0,0,0,7,0,91,OPTIMAL=2,interval_proves_cutoff=7;lower_skipped_by_nonpositive_upper=91
415,3,lp,upper,100,2,0.01159728,0.011322259902954102,336,0,0,2,0,0,0,91,7,0,OPTIMAL=2,interval_proves_cutoff=91;upper_skipped_by_nonnegative_interval_lower=7
416,0,lp,lower,9,9,0.032408534,0.03178858757019043,874,0,0,9,0,0,0,0,0,0,OPTIMAL=9,
416,0,lp,upper,9,9,0.03582977699999999,0.035192012786865234,941,0,0,9,0,0,0,0,0,0,OPTIMAL=9,
416,1,interval_arithmetic,lower,3136,0,0.0,0.0,0,0,0,0,0,885,0,0,0,2251,,interval_arithmetic=885;lower_skipped_by_nonpositive_upper=2251
416,1,interval_arithmetic,upper,3136,0,0.0,0.0,0,0,0,0,0,3136,0,0,0,0,,interval_arithmetic=3136
416,2,lp,lower,1568,71,0.065965938,0.06329202651977539,633,0,0,71,0,0,0,649,0,848,OPTIMAL=71,interval_proves_cutoff=649;lower_skipped_by_nonpositive_upper=848
416,2,lp,upper,1568,77,0.081652346,0.07173991203308105,788,0,0,77,0,0,0,842,649,0,OPTIMAL=77,interval_proves_cutoff=842;upper_skipped_by_nonnegative_interval_lower=649
416,3,lp,lower,100,1,0.003792356,0.0037038326263427734,176,0,0,1,0,0,0,8,0,91,OPTIMAL=1,interval_proves_cutoff=8;lower_skipped_by_nonpositive_upper=91
416,3,lp,upper,100,1,0.004172296,0.003926992416381836,152,0,0,1,0,0,0,91,8,0,OPTIMAL=1,interval_proves_cutoff=91;upper_skipped_by_nonnegative_interval_lower=8
417,0,lp,lower,9,9,0.024454473,0.023893117904663086,715,0,0,9,0,0,0,0,0,0,OPTIMAL=9,
417,0,lp,upper,9,9,0.026316382,0.025625944137573242,799,0,0,9,0,0,0,0,0,0,OPTIMAL=9,
417,1,interval_arithmetic,lower,3136,0,0.0,0.0,0,0,0,0,0,853,0,0,0,2283,,interval_arithmetic=853;lower_skipped_by_nonpositive_upper=2283
417,1,interval_arithmetic,upper,3136,0,0.0,0.0,0,0,0,0,0,3136,0,0,0,0,,interval_arithmetic=3136
417,2,lp,lower,1568,54,0.04933938500000002,0.04732823371887207,340,0,0,54,0,0,0,650,0,864,OPTIMAL=54,interval_proves_cutoff=650;lower_skipped_by_nonpositive_upper=864
417,2,lp,upper,1568,55,0.059108292999999985,0.050966739654541016,454,0,0,55,0,0,0,863,650,0,OPTIMAL=55,interval_proves_cutoff=863;upper_skipped_by_nonnegative_interval_lower=650
417,3,lp,lower,100,0,0.0,0.0,0,0,0,0,0,0,0,8,0,92,,interval_proves_cutoff=8;lower_skipped_by_nonpositive_upper=92
417,3,lp,upper,100,0,0.0,0.0,0,0,0,0,0,0,0,92,8,0,,interval_proves_cutoff=92;upper_skipped_by_nonnegative_interval_lower=8
418,0,lp,lower,9,9,0.042768403999999996,0.04205036163330078,1144,0,0,9,0,0,0,0,0,0,OPTIMAL=9,
418,0,lp,upper,9,9,0.048910549000000005,0.048017263412475586,1259,0,0,9,0,0,0,0,0,0,OPTIMAL=9,
418,1,interval_arithmetic,lower,3136,0,0.0,0.0,0,0,0,0,0,900,0,0,0,2236,,interval_arithmetic=900;lower_skipped_by_nonpositive_upper=2236
418,1,interval_arithmetic,upper,3136,0,0.0,0.0,0,0,0,0,0,3136,0,0,0,0,,interval_arithmetic=3136
418,2,lp,lower,1568,96,0.09501726100000002,0.09144210815429688,1136,0,0,96,0,0,0,633,0,839,OPTIMAL=96,interval_proves_cutoff=633;lower_skipped_by_nonpositive_upper=839
418,2,lp,upper,1568,107,0.11971288400000003,0.10927009582519531,1550,0,0,107,0,0,0,828,633,0,OPTIMAL=107,interval_proves_cutoff=828;upper_skipped_by_nonnegative_interval_lower=633
418,3,lp,lower,100,1,0.006016532,0.0059282779693603516,241,0,0,1,0,0,0,8,0,91,OPTIMAL=1,interval_proves_cutoff=8;lower_skipped_by_nonpositive_upper=91
418,3,lp,upper,100,1,0.005551493,0.005449771881103516,192,0,0,1,0,0,0,91,8,0,OPTIMAL=1,interval_proves_cutoff=91;upper_skipped_by_nonnegative_interval_lower=8
419,0,lp,lower,9,9,0.08051224599999998,0.07961916923522949,1844,0,0,9,0,0,0,0,0,0,OPTIMAL=9,
419,0,lp,upper,9,9,0.08179972199999999,0.08089399337768555,1917,0,0,9,0,0,0,0,0,0,OPTIMAL=9,
419,1,interval_arithmetic,lower,3136,0,0.0,0.0,0,0,0,0,0,928,0,0,0,2208,,interval_arithmetic=928;lower_skipped_by_nonpositive_upper=2208
419,1,interval_arithmetic,upper,3136,0,0.0,0.0,0,0,0,0,0,3136,0,0,0,0,,interval_arithmetic=3136
419,2,lp,lower,1568,114,0.12668139099999998,0.12226438522338867,1823,0,0,114,0,0,0,646,0,808,OPTIMAL=114,interval_proves_cutoff=646;lower_skipped_by_nonpositive_upper=808
419,2,lp,upper,1568,129,0.15638065799999992,0.14452648162841797,2194,0,0,129,0,0,0,793,646,0,OPTIMAL=129,interval_proves_cutoff=793;upper_skipped_by_nonnegative_interval_lower=646
419,3,lp,lower,100,1,0.012037201,0.011934995651245117,338,0,0,1,0,0,0,8,0,91,OPTIMAL=1,interval_proves_cutoff=8;lower_skipped_by_nonpositive_upper=91
419,3,lp,upper,100,1,0.008818828,0.008693456649780273,270,0,0,1,0,0,0,91,8,0,OPTIMAL=1,interval_proves_cutoff=91;upper_skipped_by_nonnegative_interval_lower=8
420,0,lp,lower,9,9,0.055688083,0.05502486228942871,1239,0,0,9,0,0,0,0,0,0,OPTIMAL=9,
420,0,lp,upper,9,9,0.039150723,0.03850507736206055,949,0,0,9,0,0,0,0,0,0,OPTIMAL=9,
420,1,interval_arithmetic,lower,3136,0,0.0,0.0,0,0,0,0,0,845,0,0,0,2291,,interval_arithmetic=845;lower_skipped_by_nonpositive_upper=2291
420,1,interval_arithmetic,upper,3136,0,0.0,0.0,0,0,0,0,0,3136,0,0,0,0,,interval_arithmetic=3136
420,2,lp,lower,1568,84,0.08437248400000001,0.08134341239929199,1206,0,0,84,0,0,0,621,0,863,OPTIMAL=84,interval_proves_cutoff=621;lower_skipped_by_nonpositive_upper=863
420,2,lp,upper,1568,85,0.09382392199999996,0.08400321006774902,1401,0,0,85,0,0,0,862,621,0,OPTIMAL=85,interval_proves_cutoff=862;upper_skipped_by_nonnegative_interval_lower=621
420,3,lp,lower,100,1,0.004752801,0.004677534103393555,208,0,0,1,0,0,0,8,0,91,OPTIMAL=1,interval_proves_cutoff=8;lower_skipped_by_nonpositive_upper=91
420,3,lp,upper,100,1,0.004405422,0.004292488098144531,174,0,0,1,0,0,0,91,8,0,OPTIMAL=1,interval_proves_cutoff=91;upper_skipped_by_nonnegative_interval_lower=8
421,0,lp,lower,9,9,0.057842486,0.05703616142272949,1372,0,0,9,0,0,0,0,0,0,OPTIMAL=9,
421,0,lp,upper,9,9,0.054941316999999996,0.05415177345275879,1427,0,0,9,0,0,0,0,0,0,OPTIMAL=9,
421,1,interval_arithmetic,lower,3136,0,0.0,0.0,0,0,0,0,0,880,0,0,0,2256,,interval_arithmetic=880;lower_skipped_by_nonpositive_upper=2256
421,1,interval_arithmetic,upper,3136,0,0.0,0.0,0,0,0,0,0,3136,0,0,0,0,,interval_arithmetic=3136
421,2,lp,lower,1568,98,0.10537420099999999,0.10171246528625488,1659,0,0,98,0,0,0,645,0,825,OPTIMAL=98,interval_proves_cutoff=645;lower_skipped_by_nonpositive_upper=825
421,2,lp,upper,1568,99,0.12039419700000002,0.10992717742919922,1882,0,0,99,0,0,0,824,645,0,OPTIMAL=99,interval_proves_cutoff=824;upper_skipped_by_nonnegative_interval_lower=645
421,3,lp,lower,100,0,0.0,0.0,0,0,0,0,0,0,0,9,0,91,,interval_proves_cutoff=9;lower_skipped_by_nonpositive_upper=91
421,3,lp,upper,100,0,0.0,0.0,0,0,0,0,0,0,0,91,9,0,,interval_proves_cutoff=91;upper_skipped_by_nonnegative_interval_lower=9
422,0,lp,lower,9,9,0.067058479,0.06637382507324219,1608,0,0,9,0,0,0,0,0,0,OPTIMAL=9,
422,0,lp,upper,9,9,0.07462629,0.07384896278381348,1630,0,0,9,0,0,0,0,0,0,OPTIMAL=9,
422,1,interval_arithmetic,lower,3136,0,0.0,0.0,0,0,0,0,0,915,0,0,0,2221,,interval_arithmetic=915;lower_skipped_by_nonpositive_upper=2221
422,1,interval_arithmetic,upper,3136,0,0.0,0.0,0,0,0,0,0,3136,0,0,0,0,,interval_arithmetic=3136
422,2,lp,lower,1568,116,0.12409419500000002,0.11952686309814453,1507,0,0,116,0,0,0,680,0,772,OPTIMAL=116,interval_proves_cutoff=680;lower_skipped_by_nonpositive_upper=772
422,2,lp,upper,1568,126,0.14824477899999994,0.13662052154541016,1693,0,0,126,0,0,0,762,680,0,OPTIMAL=126,interval_proves_cutoff=762;upper_skipped_by_nonnegative_interval_lower=680
422,3,lp,lower,100,1,0.008217885,0.008138656616210938,308,0,0,1,0,0,0,8,0,91,OPTIMAL=1,interval_proves_cutoff=8;lower_skipped_by_nonpositive_upper=91
422,3,lp,upper,100,1,0.007886345,0.007768154144287109,262,0,0,1,0,0,0,91,8,0,OPTIMAL=1,interval_proves_cutoff=91;upper_skipped_by_nonnegative_interval_lower=8
423,0,lp,lower,9,9,0.035686289999999996,0.035124778747558594,1078,0,0,9,0,0,0,0,0,0,OPTIMAL=9,
423,0,lp,upper,9,9,0.043483266000000007,0.04288482666015625,1174,0,0,9,0,0,0,0,0,0,OPTIMAL=9,
423,1,interval_arithmetic,lower,3136,0,0.0,0.0,0,0,0,0,0,903,0,0,0,2233,,interval_arithmetic=903;lower_skipped_by_nonpositive_upper=2233
423,1,interval_arithmetic,upper,3136,0,0.0,0.0,0,0,0,0,0,3136,0,0,0,0,,interval_arithmetic=3136
423,2,lp,lower,1568,76,0.08256867499999998,0.07977795600891113,1212,0,0,76,0,0,0,642,0,850,OPTIMAL=76,interval_proves_cutoff=642;lower_skipped_by_nonpositive_upper=850
423,2,lp,upper,1568,89,0.111538726,0.10198616981506348,1626,0,0,89,0,0,0,837,642,0,OPTIMAL=89,interval_proves_cutoff=837;upper_skipped_by_nonnegative_interval_lower=642
423,3,lp,lower,100,1,0.004569278,0.004500627517700195,208,0,0,1,0,0,0,8,0,91,OPTIMAL=1,interval_proves_cutoff=8;lower_skipped_by_nonpositive_upper=91
423,3,lp,upper,100,1,0.005306996,0.005194664001464844,196,0,0,1,0,0,0,91,8,0,OPTIMAL=1,interval_proves_cutoff=91;upper_skipped_by_nonnegative_interval_lower=8
424,0,lp,lower,9,9,0.050707073,0.04996657371520996,1390,0,0,9,0,0,0,0,0,0,OPTIMAL=9,
424,0,lp,upper,9,9,0.062584784,0.06177878379821777,1516,0,0,9,0,0,0,0,0,0,OPTIMAL=9,
424,1,interval_arithmetic,lower,3136,0,0.0,0.0,0,0,0,0,0,912,0,0,0,2224,,interval_arithmetic=912;lower_skipped_by_nonpositive_upper=2224
424,1,interval_arithmetic,upper,3136,0,0.0,0.0,0,0,0,0,0,3136,0,0,0,0,,interval_arithmetic=3136
424,2,lp,lower,1568,86,0.08581005300000001,0.08248186111450195,1042,0,0,86,0,0,0,659,0,823,OPTIMAL=86,interval_proves_cutoff=659;lower_skipped_by_nonpositive_upper=823
424,2,lp,upper,1568,90,0.09876711100000002,0.08884763717651367,1226,0,0,90,0,0,0,819,659,0,OPTIMAL=90,interval_proves_cutoff=819;upper_skipped_by_nonnegative_interval_lower=659
424,3,lp,lower,100,1,0.006143077,0.0060672760009765625,261,0,0,1,0,0,0,8,0,91,OPTIMAL=1,interval_proves_cutoff=8;lower_skipped_by_nonpositive_upper=91
424,3,lp,upper,100,1,0.005109426,0.0049932003021240234,187,0,0,1,0,0,0,91,8,0,OPTIMAL=1,interval_proves_cutoff=91;upper_skipped_by_nonnegative_interval_lower=8
425,0,lp,lower,9,9,0.08115077899999999,0.08032369613647461,1992,0,0,9,0,0,0,0,0,0,OPTIMAL=9,
425,0,lp,upper,9,9,0.10151088800000001,0.10052919387817383,2086,0,0,9,0,0,0,0,0,0,OPTIMAL=9,
425,1,interval_arithmetic,lower,3136,0,0.0,0.0,0,0,0,0,0,939,0,0,0,2197,,interval_arithmetic=939;lower_skipped_by_nonpositive_upper=2197
425,1,interval_arithmetic,upper,3136,0,0.0,0.0,0,0,0,0,0,3136,0,0,0,0,,interval_arithmetic=3136
425,2,lp,lower,1568,147,0.1593212659999999,0.15330958366394043,2297,0,0,147,0,0,0,659,0,762,OPTIMAL=147,interval_proves_cutoff=659;lower_skipped_by_nonpositive_upper=762
425,2,lp,upper,1568,156,0.1767898549999999,0.16390419006347656,2493,0,0,156,0,0,0,753,659,0,OPTIMAL=156,interval_proves_cutoff=753;upper_skipped_by_nonnegative_interval_lower=659
425,3,lp,lower,100,1,0.011426888,0.01132822036743164,366,0,0,1,0,0,0,8,0,91,OPTIMAL=1,interval_proves_cutoff=8;lower_skipped_by_nonpositive_upper=91
425,3,lp,upper,100,1,0.008898033,0.008759260177612305,328,0,0,1,0,0,0,91,8,0,OPTIMAL=1,interval_proves_cutoff=91;upper_skipped_by_nonnegative_interval_lower=8
426,0,lp,lower,9,9,0.034159076,0.03365898132324219,1033,0,0,9,0,0,0,0,0,0,OPTIMAL=9,
426,0,lp,upper,9,9,0.0335071,0.0329279899597168,1041,0,0,9,0,0,0,0,0,0,OPTIMAL=9,
426,1,interval_arithmetic,lower,3136,0,0.0,0.0,0,0,0,0,0,919,0,0,0,2217,,interval_arithmetic=919;lower_skipped_by_nonpositive_upper=2217
426,1,interval_arithmetic,upper,3136,0,0.0,0.0,0,0,0,0,0,3136,0,0,0,0,,interval_arithmetic=3136
426,2,lp,lower,1568,69,0.077211714,0.07460618019104004,879,0,0,69,0,0,0,718,0,781,OPTIMAL=69,interval_proves_cutoff=718;lower_skipped_by_nonpositive_upper=781
426,2,lp,upper,1568,69,0.09013896499999997,0.08126664161682129,947,0,0,69,0,0,0,781,718,0,OPTIMAL=69,interval_proves_cutoff=781;upper_skipped_by_nonnegative_interval_lower=718
426,3,lp,lower,100,0,0.0,0.0,0,0,0,0,0,0,0,8,0,92,,interval_proves_cutoff=8;lower_skipped_by_nonpositive_upper=92
426,3,lp,upper,100,0,0.0,0.0,0,0,0,0,0,0,0,92,8,0,,interval_proves_cutoff=92;upper_skipped_by_nonnegative_interval_lower=8
427,0,lp,lower,9,9,0.04724222,0.04651665687561035,1211,0,0,9,0,0,0,0,0,0,OPTIMAL=9,
427,0,lp,upper,9,9,0.048618943,0.04772448539733887,1273,0,0,9,0,0,0,0,0,0,OPTIMAL=9,
427,1,interval_arithmetic,lower,3136,0,0.0,0.0,0,0,0,0,0,882,0,0,0,2254,,interval_arithmetic=882;lower_skipped_by_nonpositive_upper=2254
427,1,interval_arithmetic,upper,3136,0,0.0,0.0,0,0,0,0,0,3136,0,0,0,0,,interval_arithmetic=3136
427,2,lp,lower,1568,82,0.08170471799999997,0.07863974571228027,1366,0,0,82,0,0,0,633,0,853,OPTIMAL=82,interval_proves_cutoff=633;lower_skipped_by_nonpositive_upper=853
427,2,lp,upper,1568,86,0.09678849999999997,0.08703494071960449,1536,0,0,86,0,0,0,849,633,0,OPTIMAL=86,interval_proves_cutoff=849;upper_skipped_by_nonnegative_interval_lower=633
427,3,lp,lower,100,0,0.0,0.0,0,0,0,0,0,0,0,9,0,91,,interval_proves_cutoff=9;lower_skipped_by_nonpositive_upper=91
427,3,lp,upper,100,0,0.0,0.0,0,0,0,0,0,0,0,91,9,0,,interval_proves_cutoff=91;upper_skipped_by_nonnegative_interval_lower=9
428,0,lp,lower,9,9,0.047640205,0.046807050704956055,1057,0,0,9,0,0,0,0,0,0,OPTIMAL=9,
428,0,lp,upper,9,9,0.04742362000000001,0.046593427658081055,1016,0,0,9,0,0,0,0,0,0,OPTIMAL=9,
428,1,interval_arithmetic,lower,3136,0,0.0,0.0,0,0,0,0,0,847,0,0,0,2289,,interval_arithmetic=847;lower_skipped_by_nonpositive_upper=2289
428,1,interval_arithmetic,upper,3136,0,0.0,0.0,0,0,0,0,0,3136,0,0,0,0,,interval_arithmetic=3136
428,2,lp,lower,1568,81,0.07486646100000001,0.07201719284057617,835,0,0,81,0,0,0,634,0,853,OPTIMAL=81,interval_proves_cutoff=634;lower_skipped_by_nonpositive_upper=853
428,2,lp,upper,1568,85,0.09087235199999998,0.08150982856750488,971,0,0,85,0,0,0,849,634,0,OPTIMAL=85,interval_proves_cutoff=849;upper_skipped_by_nonnegative_interval_lower=634
428,3,lp,lower,100,2,0.008854562,0.008702993392944336,229,0,0,2,0,0,0,7,0,91,OPTIMAL=2,interval_proves_cutoff=7;lower_skipped_by_nonpositive_upper=91
428,3,lp,upper,100,2,0.008921548,0.008722305297851562,275,0,0,2,0,0,0,91,7,0,OPTIMAL=2,interval_proves_cutoff=91;upper_skipped_by_nonnegative_interval_lower=7
429,0,lp,lower,9,9,0.053378565999999995,0.052690744400024414,1268,0,0,9,0,0,0,0,0,0,OPTIMAL=9,
429,0,lp,upper,9,9,0.056683389,0.05585837364196777,1312,0,0,9,0,0,0,0,0,0,OPTIMAL=9,
429,1,interval_arithmetic,lower,3136,0,0.0,0.0,0,0,0,0,0,906,0,0,0,2230,,interval_arithmetic=906;lower_skipped_by_nonpositive_upper=2230
429,1,interval_arithmetic,upper,3136,0,0.0,0.0,0,0,0,0,0,3136,0,0,0,0,,interval_arithmetic=3136
429,2,lp,lower,1568,93,0.09886663899999999,0.0954139232635498,1276,0,0,93,0,0,0,659,0,816,OPTIMAL=93,interval_proves_cutoff=659;lower_skipped_by_nonpositive_upper=816
429,2,lp,upper,1568,97,0.11235977199999996,0.10189127922058105,1318,0,0,97,0,0,0,812,659,0,OPTIMAL=97,interval_proves_cutoff=812;upper_skipped_by_nonnegative_interval_lower=659
429,3,lp,lower,100,2,0.008989483999999999,0.008830070495605469,300,0,0,2,0,0,0,7,0,91,OPTIMAL=2,interval_proves_cutoff=7;lower_skipped_by_nonpositive_upper=91
429,3,lp,upper,100,2,0.008410954,0.008213281631469727,331,0,0,2,0,0,0,91,7,0,OPTIMAL=2,interval_proves_cutoff=91;upper_skipped_by_nonnegative_interval_lower=7
430,0,lp,lower,9,9,0.04810082300000001,0.047521352767944336,1380,0,0,9,0,0,0,0,0,0,OPTIMAL=9,
430,0,lp,upper,9,9,0.052053529,0.05131363868713379,1428,0,0,9,0,0,0,0,0,0,OPTIMAL=9,
430,1,interval_arithmetic,lower,3136,0,0.0,0.0,0,0,0,0,0,920,0,0,0,2216,,interval_arithmetic=920;lower_skipped_by_nonpositive_upper=2216
430,1,interval_arithmetic,upper,3136,0,0.0,0.0,0,0,0,0,0,3136,0,0,0,0,,interval_arithmetic=3136
430,2,lp,lower,1568,98,0.108487303,0.1046912670135498,1796,0,0,98,0,0,0,666,0,804,OPTIMAL=98,interval_proves_cutoff=666;lower_skipped_by_nonpositive_upper=804
430,2,lp,upper,1568,102,0.12697184400000003,0.11600971221923828,2042,0,0,102,0,0,0,800,666,0,OPTIMAL=102,interval_proves_cutoff=800;upper_skipped_by_nonnegative_interval_lower=666
430,3,lp,lower,100,0,0.0,0.0,0,0,0,0,0,0,0,9,0,91,,interval_proves_cutoff=9;lower_skipped_by_nonpositive_upper=91
430,3,lp,upper,100,0,0.0,0.0,0,0,0,0,0,0,0,91,9,0,,interval_proves_cutoff=91;upper_skipped_by_nonnegative_interval_lower=9
431,0,lp,lower,9,9,0.038763870000000006,0.038021087646484375,1038,0,0,9,0,0,0,0,0,0,OPTIMAL=9,
431,0,lp,upper,9,9,0.04497776,0.04423880577087402,1150,0,0,9,0,0,0,0,0,0,OPTIMAL=9,
431,1,interval_arithmetic,lower,3136,0,0.0,0.0,0,0,0,0,0,848,0,0,0,2288,,interval_arithmetic=848;lower_skipped_by_nonpositive_upper=2288
431,1,interval_arithmetic,upper,3136,0,0.0,0.0,0,0,0,0,0,3136,0,0,0,0,,interval_arithmetic=3136
431,2,lp,lower,1568,77,0.06993210500000001,0.06721615791320801,638,0,0,77,0,0,0,630,0,861,OPTIMAL=77,interval_proves_cutoff=630;lower_skipped_by_nonpositive_upper=861
431,2,lp,upper,1568,80,0.08273575400000004,0.07365703582763672,681,0,0,80,0,0,0,858,630,0,OPTIMAL=80,interval_proves_cutoff=858;upper_skipped_by_nonnegative_interval_lower=630
431,3,lp,lower,100,1,0.004245191,0.004175424575805664,193,0,0,1,0,0,0,8,0,91,OPTIMAL=1,interval_proves_cutoff=8;lower_skipped_by_nonpositive_upper=91
431,3,lp,upper,100,1,0.003999512,0.0038847923278808594,166,0,0,1,0,0,0,91,8,0,OPTIMAL=1,interval_proves_cutoff=91;upper_skipped_by_nonnegative_interval_lower=8
432,0,lp,lower,9,9,0.12451108900000002,0.1235344409942627,2185,0,0,9,0,0,0,0,0,0,OPTIMAL=9,
432,0,lp,upper,9,9,0.14500358200000002,0.14385533332824707,2523,0,0,9,0,0,0,0,0,0,OPTIMAL=9,
432,1,interval_arithmetic,lower,3136,0,0.0,0.0,0,0,0,0,0,929,0,0,0,2207,,interval_arithmetic=929;lower_skipped_by_nonpositive_upper=2207
432,1,interval_arithmetic,upper,3136,0,0.0,0.0,0,0,0,0,0,3136,0,0,0,0,,interval_arithmetic=3136
432,2,lp,lower,1568,173,0.21906630699999988,0.21217656135559082,3622,0,0,173,0,0,0,652,0,743,OPTIMAL=173,interval_proves_cutoff=652;lower_skipped_by_nonpositive_upper=743
432,2,lp,upper,1568,181,0.2345659400000001,0.2202749252319336,3534,0,0,181,0,0,0,735,652,0,OPTIMAL=181,interval_proves_cutoff=735;upper_skipped_by_nonnegative_interval_lower=652
432,3,lp,lower,100,0,0.0,0.0,0,0,0,0,0,0,0,9,0,91,,interval_proves_cutoff=9;lower_skipped_by_nonpositive_upper=91
432,3,lp,upper,100,0,0.0,0.0,0,0,0,0,0,0,0,91,9,0,,interval_proves_cutoff=91;upper_skipped_by_nonnegative_interval_lower=9
433,0,lp,lower,9,9,0.040159318000000006,0.039610862731933594,1049,0,0,9,0,0,0,0,0,0,OPTIMAL=9,
433,0,lp,upper,9,9,0.039416428,0.03879213333129883,1112,0,0,9,0,0,0,0,0,0,OPTIMAL=9,
433,1,interval_arithmetic,lower,3136,0,0.0,0.0,0,0,0,0,0,875,0,0,0,2261,,interval_arithmetic=875;lower_skipped_by_nonpositive_upper=2261
433,1,interval_arithmetic,upper,3136,0,0.0,0.0,0,0,0,0,0,3136,0,0,0,0,,interval_arithmetic=3136
433,2,lp,lower,1568,84,0.080183816,0.0771334171295166,805,0,0,84,0,0,0,641,0,843,OPTIMAL=84,interval_proves_cutoff=641;lower_skipped_by_nonpositive_upper=843
433,2,lp,upper,1568,88,0.094533788,0.08484601974487305,958,0,0,88,0,0,0,839,641,0,OPTIMAL=88,interval_proves_cutoff=839;upper_skipped_by_nonnegative_interval_lower=641
433,3,lp,lower,100,0,0.0,0.0,0,0,0,0,0,0,0,9,0,91,,interval_proves_cutoff=9;lower_skipped_by_nonpositive_upper=91
433,3,lp,upper,100,0,0.0,0.0,0,0,0,0,0,0,0,91,9,0,,interval_proves_cutoff=91;upper_skipped_by_nonnegative_interval_lower=9
434,0,lp,lower,9,9,0.055086076,0.054387807846069336,1474,0,0,9,0,0,0,0,0,0,OPTIMAL=9,
434,0,lp,upper,9,9,0.059523885,0.0586695671081543,1509,0,0,9,0,0,0,0,0,0,OPTIMAL=9,
434,1,interval_arithmetic,lower,3136,0,0.0,0.0,0,0,0,0,0,919,0,0,0,2217,,interval_arithmetic=919;lower_skipped_by_nonpositive_upper=2217
434,1,interval_arithmetic,upper,3136,0,0.0,0.0,0,0,0,0,0,3136,0,0,0,0,,interval_arithmetic=3136
434,2,lp,lower,1568,98,0.10972054000000002,0.10586261749267578,1591,0,0,98,0,0,0,659,0,811,OPTIMAL=98,interval_proves_cutoff=659;lower_skipped_by_nonpositive_upper=811
434,2,lp,upper,1568,101,0.12421718899999996,0.11372065544128418,1686,0,0,101,0,0,0,808,659,0,OPTIMAL=101,interval_proves_cutoff=808;upper_skipped_by_nonnegative_interval_lower=659
434,3,lp,lower,100,1,0.009078691,0.008994817733764648,308,0,0,1,0,0,0,8,0,91,OPTIMAL=1,interval_proves_cutoff=8;lower_skipped_by_nonpositive_upper=91
434,3,lp,upper,100,1,0.007828005,0.007708549499511719,254,0,0,1,0,0,0,91,8,0,OPTIMAL=1,interval_proves_cutoff=91;upper_skipped_by_nonnegative_interval_lower=8
435,0,lp,lower,9,9,0.05015275799999999,0.04940080642700195,1213,0,0,9,0,0,0,0,0,0,OPTIMAL=9,
435,0,lp,upper,9,9,0.052547885,0.051902055740356445,1244,0,0,9,0,0,0,0,0,0,OPTIMAL=9,
435,1,interval_arithmetic,lower,3136,0,0.0,0.0,0,0,0,0,0,884,0,0,0,2252,,interval_arithmetic=884;lower_skipped_by_nonpositive_upper=2252
435,1,interval_arithmetic,upper,3136,0,0.0,0.0,0,0,0,0,0,3136,0,0,0,0,,interval_arithmetic=3136
435,2,lp,lower,1568,76,0.079283444,0.0763702392578125,1171,0,0,76,0,0,0,641,0,851,OPTIMAL=76,interval_proves_cutoff=641;lower_skipped_by_nonpositive_upper=851
435,2,lp,upper,1568,76,0.08676306899999998,0.07729697227478027,1238,0,0,76,0,0,0,851,641,0,OPTIMAL=76,interval_proves_cutoff=851;upper_skipped_by_nonnegative_interval_lower=641
435,3,lp,lower,100,1,0.00588232,0.0058023929595947266,216,0,0,1,0,0,0,8,0,91,OPTIMAL=1,interval_proves_cutoff=8;lower_skipped_by_nonpositive_upper=91
435,3,lp,upper,100,1,0.0053367,0.0052220821380615234,197,0,0,1,0,0,0,91,8,0,OPTIMAL=1,interval_proves_cutoff=91;upper_skipped_by_nonnegative_interval_lower=8
436,0,lp,lower,9,9,0.031495211,0.03100728988647461,897,0,0,9,0,0,0,0,0,0,OPTIMAL=9,
436,0,lp,upper,9,9,0.033123281,0.03259682655334473,1028,0,0,9,0,0,0,0,0,0,OPTIMAL=9,
436,1,interval_arithmetic,lower,3136,0,0.0,0.0,0,0,0,0,0,912,0,0,0,2224,,interval_arithmetic=912;lower_skipped_by_nonpositive_upper=2224
436,1,interval_arithmetic,upper,3136,0,0.0,0.0,0,0,0,0,0,3136,0,0,0,0,,interval_arithmetic=3136
436,2,lp,lower,1568,61,0.06248129,0.060185909271240234,857,0,0,61,0,0,0,663,0,844,OPTIMAL=61,interval_proves_cutoff=663;lower_skipped_by_nonpositive_upper=844
436,2,lp,upper,1568,66,0.07908528900000004,0.07015442848205566,1008,0,0,66,0,0,0,839,663,0,OPTIMAL=66,interval_proves_cutoff=839;upper_skipped_by_nonnegative_interval_lower=663
436,3,lp,lower,100,0,0.0,0.0,0,0,0,0,0,0,0,9,0,91,,interval_proves_cutoff=9;lower_skipped_by_nonpositive_upper=91
436,3,lp,upper,100,0,0.0,0.0,0,0,0,0,0,0,0,91,9,0,,interval_proves_cutoff=91;upper_skipped_by_nonnegative_interval_lower=9
437,0,lp,lower,9,9,0.050433043,0.04979658126831055,1339,0,0,9,0,0,0,0,0,0,OPTIMAL=9,
437,0,lp,upper,9,9,0.057006375,0.056229352951049805,1529,0,0,9,0,0,0,0,0,0,OPTIMAL=9,
437,1,interval_arithmetic,lower,3136,0,0.0,0.0,0,0,0,0,0,923,0,0,0,2213,,interval_arithmetic=923;lower_skipped_by_nonpositive_upper=2213
437,1,interval_arithmetic,upper,3136,0,0.0,0.0,0,0,0,0,0,3136,0,0,0,0,,interval_arithmetic=3136
437,2,lp,lower,1568,91,0.10120170399999998,0.09765768051147461,1932,0,0,91,0,0,0,659,0,818,OPTIMAL=91,interval_proves_cutoff=659;lower_skipped_by_nonpositive_upper=818
437,2,lp,upper,1568,107,0.130080277,0.11894011497497559,2444,0,0,107,0,0,0,802,659,0,OPTIMAL=107,interval_proves_cutoff=802;upper_skipped_by_nonnegative_interval_lower=659
437,3,lp,lower,100,0,0.0,0.0,0,0,0,0,0,0,0,9,0,91,,interval_proves_cutoff=9;lower_skipped_by_nonpositive_upper=91
437,3,lp,upper,100,0,0.0,0.0,0,0,0,0,0,0,0,91,9,0,,interval_proves_cutoff=91;upper_skipped_by_nonnegative_interval_lower=9
438,0,lp,lower,9,9,0.057519970999999996,0.05684185028076172,1440,0,0,9,0,0,0,0,0,0,OPTIMAL=9,
438,0,lp,upper,9,9,0.047867548,0.047217369079589844,1308,0,0,9,0,0,0,0,0,0,OPTIMAL=9,
438,1,interval_arithmetic,lower,3136,0,0.0,0.0,0,0,0,0,0,994,0,0,0,2142,,interval_arithmetic=994;lower_skipped_by_nonpositive_upper=2142
438,1,interval_arithmetic,upper,3136,0,0.0,0.0,0,0,0,0,0,3136,0,0,0,0,,interval_arithmetic=3136
438,2,lp,lower,1568,82,0.085804769,0.08256030082702637,1102,0,0,82,0,0,0,715,0,771,OPTIMAL=82,interval_proves_cutoff=715;lower_skipped_by_nonpositive_upper=771
438,2,lp,upper,1568,86,0.098828672,0.08890318870544434,1263,0,0,86,0,0,0,767,715,0,OPTIMAL=86,interval_proves_cutoff=767;upper_skipped_by_nonnegative_interval_lower=715
438,3,lp,lower,100,1,0.007307342,0.007223367691040039,273,0,0,1,0,0,0,8,0,91,OPTIMAL=1,interval_proves_cutoff=8;lower_skipped_by_nonpositive_upper=91
438,3,lp,upper,100,1,0.00509031,0.004973411560058594,196,0,0,1,0,0,0,91,8,0,OPTIMAL=1,interval_proves_cutoff=91;upper_skipped_by_nonnegative_interval_lower=8
439,0,lp,lower,9,9,0.04140861999999999,0.04069948196411133,1101,0,0,9,0,0,0,0,0,0,OPTIMAL=9,
439,0,lp,upper,9,9,0.047777116999999994,0.04698801040649414,1133,0,0,9,0,0,0,0,0,0,OPTIMAL=9,
439,1,interval_arithmetic,lower,3136,0,0.0,0.0,0,0,0,0,0,884,0,0,0,2252,,interval_arithmetic=884;lower_skipped_by_nonpositive_upper=2252
439,1,interval_arithmetic,upper,3136,0,0.0,0.0,0,0,0,0,0,3136,0,0,0,0,,interval_arithmetic=3136
439,2,lp,lower,1568,83,0.08481591800000002,0.08165383338928223,1054,0,0,83,0,0,0,652,0,833,OPTIMAL=83,interval_proves_cutoff=652;lower_skipped_by_nonpositive_upper=833
439,2,lp,upper,1568,88,0.10316353,0.09342122077941895,1282,0,0,88,0,0,0,828,652,0,OPTIMAL=88,interval_proves_cutoff=828;upper_skipped_by_nonnegative_interval_lower=652
439,3,lp,lower,100,1,0.007240236,0.007164478302001953,263,0,0,1,0,0,0,7,0,92,OPTIMAL=1,interval_proves_cutoff=7;lower_skipped_by_nonpositive_upper=92
439,3,lp,upper,100,1,0.005553365,0.005436420440673828,181,0,0,1,0,0,0,92,7,0,OPTIMAL=1,interval_proves_cutoff=92;upper_skipped_by_nonnegative_interval_lower=7
440,0,lp,lower,9,9,0.054389544,0.05370283126831055,1420,0,0,9,0,0,0,0,0,0,OPTIMAL=9,
440,0,lp,upper,9,9,0.051359062,0.05065631866455078,1405,0,0,9,0,0,0,0,0,0,OPTIMAL=9,
440,1,interval_arithmetic,lower,3136,0,0.0,0.0,0,0,0,0,0,894,0,0,0,2242,,interval_arithmetic=894;lower_skipped_by_nonpositive_upper=2242
440,1,interval_arithmetic,upper,3136,0,0.0,0.0,0,0,0,0,0,3136,0,0,0,0,,interval_arithmetic=3136
440,2,lp,lower,1568,98,0.10709343799999996,0.10331559181213379,1235,0,0,98,0,0,0,637,0,833,OPTIMAL=98,interval_proves_cutoff=637;lower_skipped_by_nonpositive_upper=833
440,2,lp,upper,1568,99,0.11360958499999996,0.10204601287841797,1428,0,0,99,0,0,0,832,637,0,OPTIMAL=99,interval_proves_cutoff=832;upper_skipped_by_nonnegative_interval_lower=637
440,3,lp,lower,100,0,0.0,0.0,0,0,0,0,0,0,0,9,0,91,,interval_proves_cutoff=9;lower_skipped_by_nonpositive_upper=91
440,3,lp,upper,100,0,0.0,0.0,0,0,0,0,0,0,0,91,9,0,,interval_proves_cutoff=91;upper_skipped_by_nonnegative_interval_lower=9
441,0,lp,lower,9,9,0.073723805,0.07287406921386719,1979,0,0,9,0,0,0,0,0,0,OPTIMAL=9,
441,0,lp,upper,9,9,0.085158851,0.08430290222167969,2025,0,0,9,0,0,0,0,0,0,OPTIMAL=9,
441,1,interval_arithmetic,lower,3136,0,0.0,0.0,0,0,0,0,0,1023,0,0,0,2113,,interval_arithmetic=1023;lower_skipped_by_nonpositive_upper=2113
441,1,interval_arithmetic,upper,3136,0,0.0,0.0,0,0,0,0,0,3136,0,0,0,0,,interval_arithmetic=3136
441,2,lp,lower,1568,119,0.12360089,0.11893129348754883,1499,0,0,119,0,0,0,688,0,761,OPTIMAL=119,interval_proves_cutoff=688;lower_skipped_by_nonpositive_upper=761
441,2,lp,upper,1568,121,0.14161287299999997,0.1298201084136963,1745,0,0,121,0,0,0,759,688,0,OPTIMAL=121,interval_proves_cutoff=759;upper_skipped_by_nonnegative_interval_lower=688
441,3,lp,lower,100,1,0.010706283,0.010614395141601562,352,0,0,1,0,0,0,8,0,91,OPTIMAL=1,interval_proves_cutoff=8;lower_skipped_by_nonpositive_upper=91
441,3,lp,upper,100,1,0.007829347,0.007622480392456055,280,0,0,1,0,0,0,91,8,0,OPTIMAL=1,interval_proves_cutoff=91;upper_skipped_by_nonnegative_interval_lower=8
442,0,lp,lower,9,9,0.070426187,0.06946372985839844,1505,0,0,9,0,0,0,0,0,0,OPTIMAL=9,
442,0,lp,upper,9,9,0.072651214,0.07174921035766602,1677,0,0,9,0,0,0,0,0,0,OPTIMAL=9,
442,1,interval_arithmetic,lower,3136,0,0.0,0.0,0,0,0,0,0,929,0,0,0,2207,,interval_arithmetic=929;lower_skipped_by_nonpositive_upper=2207
442,1,interval_arithmetic,upper,3136,0,0.0,0.0,0,0,0,0,0,3136,0,0,0,0,,interval_arithmetic=3136
442,2,lp,lower,1568,93,0.10416874500000005,0.10033726692199707,1259,0,0,93,0,0,0,675,0,800,OPTIMAL=93,interval_proves_cutoff=675;lower_skipped_by_nonpositive_upper=800
442,2,lp,upper,1568,95,0.11093772199999999,0.10040831565856934,1434,0,0,95,0,0,0,798,675,0,OPTIMAL=95,interval_proves_cutoff=798;upper_skipped_by_nonnegative_interval_lower=675
442,3,lp,lower,100,1,0.007719953,0.007635593414306641,293,0,0,1,0,0,0,8,0,91,OPTIMAL=1,interval_proves_cutoff=8;lower_skipped_by_nonpositive_upper=91
442,3,lp,upper,100,1,0.005479046,0.005354881286621094,218,0,0,1,0,0,0,91,8,0,OPTIMAL=1,interval_proves_cutoff=91;upper_skipped_by_nonnegative_interval_lower=8
443,0,lp,lower,9,9,0.037111055999999996,0.036467790603637695,1157,0,0,9,0,0,0,0,0,0,OPTIMAL=9,
443,0,lp,upper,9,9,0.043880459999999996,0.04313850402832031,1324,0,0,9,0,0,0,0,0,0,OPTIMAL=9,
443,1,interval_arithmetic,lower,3136,0,0.0,0.0,0,0,0,0,0,934,0,0,0,2202,,interval_arithmetic=934;lower_skipped_by_nonpositive_upper=2202
443,1,interval_arithmetic,upper,3136,0,0.0,0.0,0,0,0,0,0,3136,0,0,0,0,,interval_arithmetic=3136
443,2,lp,lower,1568,97,0.10884946799999999,0.10511231422424316,1480,0,0,97,0,0,0,659,0,812,OPTIMAL=97,interval_proves_cutoff=659;lower_skipped_by_nonpositive_upper=812
443,2,lp,upper,1568,110,0.13686024600000005,0.12596940994262695,1823,0,0,110,0,0,0,799,659,0,OPTIMAL=110,interval_proves_cutoff=799;upper_skipped_by_nonnegative_interval_lower=659
443,3,lp,lower,100,0,0.0,0.0,0,0,0,0,0,0,0,8,0,92,,interval_proves_cutoff=8;lower_skipped_by_nonpositive_upper=92
443,3,lp,upper,100,0,0.0,0.0,0,0,0,0,0,0,0,92,8,0,,interval_proves_cutoff=92;upper_skipped_by_nonnegative_interval_lower=8
444,0,lp,lower,9,9,0.11831117000000001,0.1173100471496582,2174,0,0,9,0,0,0,0,0,0,OPTIMAL=9,
444,0,lp,upper,9,9,0.115325863,0.11439681053161621,2123,0,0,9,0,0,0,0,0,0,OPTIMAL=9,
444,1,interval_arithmetic,lower,3136,0,0.0,0.0,0,0,0,0,0,885,0,0,0,2251,,interval_arithmetic=885;lower_skipped_by_nonpositive_upper=2251
444,1,interval_arithmetic,upper,3136,0,0.0,0.0,0,0,0,0,0,3136,0,0,0,0,,interval_arithmetic=3136
444,2,lp,lower,1568,145,0.16053970400000003,0.1549205780029297,2292,0,0,145,0,0,0,603,0,820,OPTIMAL=145,interval_proves_cutoff=603;lower_skipped_by_nonpositive_upper=820
444,2,lp,upper,1568,152,0.17917524800000004,0.16692209243774414,2614,0,0,152,0,0,0,813,603,0,OPTIMAL=152,interval_proves_cutoff=813;upper_skipped_by_nonnegative_interval_lower=603
444,3,lp,lower,100,0,0.0,0.0,0,0,0,0,0,0,0,9,0,91,,interval_proves_cutoff=9;lower_skipped_by_nonpositive_upper=91
444,3,lp,upper,100,0,0.0,0.0,0,0,0,0,0,0,0,91,9,0,,interval_proves_cutoff=91;upper_skipped_by_nonnegative_interval_lower=9
445,0,lp,lower,9,9,0.09578681800000001,0.09481143951416016,1784,0,0,9,0,0,0,0,0,0,OPTIMAL=9,
445,0,lp,upper,9,9,0.11736751699999999,0.11640644073486328,2142,0,0,9,0,0,0,0,0,0,OPTIMAL=9,
445,1,interval_arithmetic,lower,3136,0,0.0,0.0,0,0,0,0,0,934,0,0,0,2202,,interval_arithmetic=934;lower_skipped_by_nonpositive_upper=2202
445,1,interval_arithmetic,upper,3136,0,0.0,0.0,0,0,0,0,0,3136,0,0,0,0,,interval_arithmetic=3136
445,2,lp,lower,1568,104,0.11871513699999998,0.11456108093261719,1588,0,0,104,0,0,0,662,0,802,OPTIMAL=104,interval_proves_cutoff=662;lower_skipped_by_nonpositive_upper=802
445,2,lp,upper,1568,114,0.13785509799999993,0.12677383422851562,1880,0,0,114,0,0,0,792,662,0,OPTIMAL=114,interval_proves_cutoff=792;upper_skipped_by_nonnegative_interval_lower=662
445,3,lp,lower,100,2,0.011691823,0.011490106582641602,348,0,0,2,0,0,0,7,0,91,OPTIMAL=2,interval_proves_cutoff=7;lower_skipped_by_nonpositive_upper=91
445,3,lp,upper,100,2,0.010358452,0.010129928588867188,350,0,0,2,0,0,0,91,7,0,OPTIMAL=2,interval_proves_cutoff=91;upper_skipped_by_nonnegative_interval_lower=7
446,0,lp,lower,9,9,0.110625708,0.10973095893859863,2096,0,0,9,0,0,0,0,0,0,OPTIMAL=9,
446,0,lp,upper,9,9,0.12646882,0.1254713535308838,2137,0,0,9,0,0,0,0,0,0,OPTIMAL=9,
446,1,interval_arithmetic,lower,3136,0,0.0,0.0,0,0,0,0,0,923,0,0,0,2213,,interval_arithmetic=923;lower_skipped_by_nonpositive_upper=2213
446,1,interval_arithmetic,upper,3136,0,0.0,0.0,0,0,0,0,0,3136,0,0,0,0,,interval_arithmetic=3136
446,2,lp,lower,1568,142,0.15871368100000002,0.1531217098236084,2429,0,0,142,0,0,0,650,0,776,OPTIMAL=142,interval_proves_cutoff=650;lower_skipped_by_nonpositive_upper=776
446,2,lp,upper,1568,152,0.18601600599999993,0.17293286323547363,2829,0,0,152,0,0,0,766,650,0,OPTIMAL=152,interval_proves_cutoff=766;upper_skipped_by_nonnegative_interval_lower=650
446,3,lp,lower,100,2,0.019610943,0.019425630569458008,462,0,0,2,0,0,0,7,0,91,OPTIMAL=2,interval_proves_cutoff=7;lower_skipped_by_nonpositive_upper=91
446,3,lp,upper,100,2,0.01546678,0.015228271484375,493,0,0,2,0,0,0,91,7,0,OPTIMAL=2,interval_proves_cutoff=91;upper_skipped_by_nonnegative_interval_lower=7
447,0,lp,lower,9,9,0.135732315,0.13479971885681152,2260,0,0,9,0,0,0,0,0,0,OPTIMAL=9,
447,0,lp,upper,9,9,0.128304549,0.12738752365112305,2055,0,0,9,0,0,0,0,0,0,OPTIMAL=9,
447,1,interval_arithmetic,lower,3136,0,0.0,0.0,0,0,0,0,0,957,0,0,0,2179,,interval_arithmetic=957;lower_skipped_by_nonpositive_upper=2179
447,1,interval_arithmetic,upper,3136,0,0.0,0.0,0,0,0,0,0,3136,0,0,0,0,,interval_arithmetic=3136
447,2,lp,lower,1568,102,0.11552778199999998,0.11151003837585449,1705,0,0,102,0,0,0,659,0,807,OPTIMAL=102,interval_proves_cutoff=659;lower_skipped_by_nonpositive_upper=807
447,2,lp,upper,1568,102,0.12707751600000006,0.11618232727050781,1785,0,0,102,0,0,0,807,659,0,OPTIMAL=102,interval_proves_cutoff=807;upper_skipped_by_nonnegative_interval_lower=659
447,3,lp,lower,100,2,0.016134223,0.0159757137298584,401,0,0,2,0,0,0,7,0,91,OPTIMAL=2,interval_proves_cutoff=7;lower_skipped_by_nonpositive_upper=91
447,3,lp,upper,100,2,0.015299374,0.015079021453857422,446,0,0,2,0,0,0,91,7,0,OPTIMAL=2,interval_proves_cutoff=91;upper_skipped_by_nonnegative_interval_lower=7
448,0,lp,lower,9,9,0.036004267,0.03541898727416992,1119,0,0,9,0,0,0,0,0,0,OPTIMAL=9,
448,0,lp,upper,9,9,0.038516419,0.03786659240722656,1204,0,0,9,0,0,0,0,0,0,OPTIMAL=9,
448,1,interval_arithmetic,lower,3136,0,0.0,0.0,0,0,0,0,0,933,0,0,0,2203,,interval_arithmetic=933;lower_skipped_by_nonpositive_upper=2203
448,1,interval_arithmetic,upper,3136,0,0.0,0.0,0,0,0,0,0,3136,0,0,0,0,,interval_arithmetic=3136
448,2,lp,lower,1568,84,0.08574810999999997,0.08247828483581543,993,0,0,84,0,0,0,650,0,834,OPTIMAL=84,interval_proves_cutoff=650;lower_skipped_by_nonpositive_upper=834
448,2,lp,upper,1568,91,0.10323691000000003,0.09302568435668945,1200,0,0,91,0,0,0,827,650,0,OPTIMAL=91,interval_proves_cutoff=827;upper_skipped_by_nonnegative_interval_lower=650
448,3,lp,lower,100,0,0.0,0.0,0,0,0,0,0,0,0,9,0,91,,interval_proves_cutoff=9;lower_skipped_by_nonpositive_upper=91
448,3,lp,upper,100,0,0.0,0.0,0,0,0,0,0,0,0,91,9,0,,interval_proves_cutoff=91;upper_skipped_by_nonnegative_interval_lower=9
449,0,lp,lower,9,9,0.044311209,0.04362344741821289,1272,0,0,9,0,0,0,0,0,0,OPTIMAL=9,
449,0,lp,upper,9,9,0.045106242,0.044374942779541016,1293,0,0,9,0,0,0,0,0,0,OPTIMAL=9,
449,1,interval_arithmetic,lower,3136,0,0.0,0.0,0,0,0,0,0,927,0,0,0,2209,,interval_arithmetic=927;lower_skipped_by_nonpositive_upper=2209
449,1,interval_arithmetic,upper,3136,0,0.0,0.0,0,0,0,0,0,3136,0,0,0,0,,interval_arithmetic=3136
449,2,lp,lower,1568,86,0.09177249600000002,0.08859014511108398,1007,0,0,86,0,0,0,661,0,821,OPTIMAL=86,interval_proves_cutoff=661;lower_skipped_by_nonpositive_upper=821
449,2,lp,upper,1568,87,0.099281646,0.08900141716003418,1076,0,0,87,0,0,0,820,661,0,OPTIMAL=87,interval_proves_cutoff=820;upper_skipped_by_nonnegative_interval_lower=661
449,3,lp,lower,100,0,0.0,0.0,0,0,0,0,0,0,0,9,0,91,,interval_proves_cutoff=9;lower_skipped_by_nonpositive_upper=91
449,3,lp,upper,100,0,0.0,0.0,0,0,0,0,0,0,0,91,9,0,,interval_proves_cutoff=91;upper_skipped_by_nonnegative_interval_lower=9
451,0,lp,lower,9,9,0.024474943000000002,0.023955106735229492,845,0,0,9,0,0,0,0,0,0,OPTIMAL=9,
451,0,lp,upper,9,9,0.026467849,0.02588176727294922,901,0,0,9,0,0,0,0,0,0,OPTIMAL=9,
451,1,interval_arithmetic,lower,3136,0,0.0,0.0,0,0,0,0,0,940,0,0,0,2196,,interval_arithmetic=940;lower_skipped_by_nonpositive_upper=2196
451,1,interval_arithmetic,upper,3136,0,0.0,0.0,0,0,0,0,0,3136,0,0,0,0,,interval_arithmetic=3136
451,2,lp,lower,1568,65,0.06124649199999998,0.05873870849609375,506,0,0,65,0,0,0,681,0,822,OPTIMAL=65,interval_proves_cutoff=681;lower_skipped_by_nonpositive_upper=822
451,2,lp,upper,1568,71,0.07426342500000001,0.06544184684753418,615,0,0,71,0,0,0,816,681,0,OPTIMAL=71,interval_proves_cutoff=816;upper_skipped_by_nonnegative_interval_lower=681
451,3,lp,lower,100,0,0.0,0.0,0,0,0,0,0,0,0,9,0,91,,interval_proves_cutoff=9;lower_skipped_by_nonpositive_upper=91
451,3,lp,upper,100,0,0.0,0.0,0,0,0,0,0,0,0,91,9,0,,interval_proves_cutoff=91;upper_skipped_by_nonnegative_interval_lower=9
452,0,lp,lower,9,9,0.025294626,0.024821043014526367,731,0,0,9,0,0,0,0,0,0,OPTIMAL=9,
452,0,lp,upper,9,9,0.026405152,0.025826454162597656,786,0,0,9,0,0,0,0,0,0,OPTIMAL=9,
452,1,interval_arithmetic,lower,3136,0,0.0,0.0,0,0,0,0,0,941,0,0,0,2195,,interval_arithmetic=941;lower_skipped_by_nonpositive_upper=2195
452,1,interval_arithmetic,upper,3136,0,0.0,0.0,0,0,0,0,0,3136,0,0,0,0,,interval_arithmetic=3136
452,2,lp,lower,1568,54,0.04892431700000001,0.04696464538574219,297,0,0,54,0,0,0,704,0,810,OPTIMAL=54,interval_proves_cutoff=704;lower_skipped_by_nonpositive_upper=810
452,2,lp,upper,1568,58,0.058748841,0.05037665367126465,409,0,0,58,0,0,0,806,704,0,OPTIMAL=58,interval_proves_cutoff=806;upper_skipped_by_nonnegative_interval_lower=704
452,3,lp,lower,100,0,0.0,0.0,0,0,0,0,0,0,0,9,0,91,,interval_proves_cutoff=9;lower_skipped_by_nonpositive_upper=91
452,3,lp,upper,100,0,0.0,0.0,0,0,0,0,0,0,0,91,9,0,,interval_proves_cutoff=91;upper_skipped_by_nonnegative_interval_lower=9
453,0,lp,lower,9,9,0.047282419000000006,0.046532630920410156,1274,0,0,9,0,0,0,0,0,0,OPTIMAL=9,
453,0,lp,upper,9,9,0.05644823699999999,0.05568861961364746,1389,0,0,9,0,0,0,0,0,0,OPTIMAL=9,
453,1,interval_arithmetic,lower,3136,0,0.0,0.0,0,0,0,0,0,902,0,0,0,2234,,interval_arithmetic=902;lower_skipped_by_nonpositive_upper=2234
453,1,interval_arithmetic,upper,3136,0,0.0,0.0,0,0,0,0,0,3136,0,0,0,0,,interval_arithmetic=3136
453,2,lp,lower,1568,96,0.09727819100000004,0.09372758865356445,1097,0,0,96,0,0,0,660,0,812,OPTIMAL=96,interval_proves_cutoff=660;lower_skipped_by_nonpositive_upper=812
453,2,lp,upper,1568,97,0.10811622199999998,0.09786629676818848,1143,0,0,97,0,0,0,811,660,0,OPTIMAL=97,interval_proves_cutoff=811;upper_skipped_by_nonnegative_interval_lower=660
453,3,lp,lower,100,1,0.00818851,0.00811457633972168,272,0,0,1,0,0,0,8,0,91,OPTIMAL=1,interval_proves_cutoff=8;lower_skipped_by_nonpositive_upper=91
453,3,lp,upper,100,1,0.005489347,0.005374908447265625,198,0,0,1,0,0,0,91,8,0,OPTIMAL=1,interval_proves_cutoff=91;upper_skipped_by_nonnegative_interval_lower=8
454,0,lp,lower,9,9,0.054016224,0.05321192741394043,1516,0,0,9,0,0,0,0,0,0,OPTIMAL=9,
454,0,lp,upper,9,9,0.05565289000000001,0.05478477478027344,1515,0,0,9,0,0,0,0,0,0,OPTIMAL=9,
454,1,interval_arithmetic,lower,3136,0,0.0,0.0,0,0,0,0,0,942,0,0,0,2194,,interval_arithmetic=942;lower_skipped_by_nonpositive_upper=2194
454,1,interval_arithmetic,upper,3136,0,0.0,0.0,0,0,0,0,0,3136,0,0,0,0,,interval_arithmetic=3136
454,2,lp,lower,1568,114,0.13809531199999997,0.1331768035888672,1765,0,0,114,0,0,0,690,0,764,OPTIMAL=114,interval_proves_cutoff=690;lower_skipped_by_nonpositive_upper=764
454,2,lp,upper,1568,124,0.16427279199999997,0.15206623077392578,1965,0,0,124,0,0,0,754,690,0,OPTIMAL=124,interval_proves_cutoff=754;upper_skipped_by_nonnegative_interval_lower=690
454,3,lp,lower,100,1,0.007044553,0.006948709487915039,297,0,0,1,0,0,0,8,0,91,OPTIMAL=1,interval_proves_cutoff=8;lower_skipped_by_nonpositive_upper=91
454,3,lp,upper,100,1,0.006125446,0.00598454475402832,242,0,0,1,0,0,0,91,8,0,OPTIMAL=1,interval_proves_cutoff=91;upper_skipped_by_nonnegative_interval_lower=8
455,0,lp,lower,9,9,0.037960365,0.037401437759399414,1089,0,0,9,0,0,0,0,0,0,OPTIMAL=9,
455,0,lp,upper,9,9,0.048208756,0.04743194580078125,1332,0,0,9,0,0,0,0,0,0,OPTIMAL=9,
455,1,interval_arithmetic,lower,3136,0,0.0,0.0,0,0,0,0,0,906,0,0,0,2230,,interval_arithmetic=906;lower_skipped_by_nonpositive_upper=2230
455,1,interval_arithmetic,upper,3136,0,0.0,0.0,0,0,0,0,0,3136,0,0,0,0,,interval_arithmetic=3136
455,2,lp,lower,1568,81,0.07847008200000001,0.07552790641784668,1013,0,0,81,0,0,0,671,0,816,OPTIMAL=81,interval_proves_cutoff=671;lower_skipped_by_nonpositive_upper=816
455,2,lp,upper,1568,88,0.10501524699999995,0.09442353248596191,1230,0,0,88,0,0,0,809,671,0,OPTIMAL=88,interval_proves_cutoff=809;upper_skipped_by_nonnegative_interval_lower=671
455,3,lp,lower,100,0,0.0,0.0,0,0,0,0,0,0,0,9,0,91,,interval_proves_cutoff=9;lower_skipped_by_nonpositive_upper=91
455,3,lp,upper,100,0,0.0,0.0,0,0,0,0,0,0,0,91,9,0,,interval_proves_cutoff=91;upper_skipped_by_nonnegative_interval_lower=9
456,0,lp,lower,9,9,0.042304361,0.04171013832092285,982,0,0,9,0,0,0,0,0,0,OPTIMAL=9,
456,0,lp,upper,9,9,0.040513859,0.03997325897216797,976,0,0,9,0,0,0,0,0,0,OPTIMAL=9,
456,1,interval_arithmetic,lower,3136,0,0.0,0.0,0,0,0,0,0,863,0,0,0,2273,,interval_arithmetic=863;lower_skipped_by_nonpositive_upper=2273
456,1,interval_arithmetic,upper,3136,0,0.0,0.0,0,0,0,0,0,3136,0,0,0,0,,interval_arithmetic=3136
456,2,lp,lower,1568,60,0.057721151,0.055567264556884766,621,0,0,60,0,0,0,631,0,877,OPTIMAL=60,interval_proves_cutoff=631;lower_skipped_by_nonpositive_upper=877
456,2,lp,upper,1568,64,0.070971258,0.06239914894104004,726,0,0,64,0,0,0,873,631,0,OPTIMAL=64,interval_proves_cutoff=873;upper_skipped_by_nonnegative_interval_lower=631
456,3,lp,lower,100,2,0.006169139000000001,0.006070852279663086,176,0,0,2,0,0,0,7,0,91,OPTIMAL=2,interval_proves_cutoff=7;lower_skipped_by_nonpositive_upper=91
456,3,lp,upper,100,2,0.005273898,0.005088329315185547,219,0,0,2,0,0,0,91,7,0,OPTIMAL=2,interval_proves_cutoff=91;upper_skipped_by_nonnegative_interval_lower=7
457,0,lp,lower,9,9,0.041732552,0.04114818572998047,1182,0,0,9,0,0,0,0,0,0,OPTIMAL=9,
457,0,lp,upper,9,9,0.051208120999999995,0.05052971839904785,1455,0,0,9,0,0,0,0,0,0,OPTIMAL=9,
457,1,interval_arithmetic,lower,3136,0,0.0,0.0,0,0,0,0,0,892,0,0,0,2244,,interval_arithmetic=892;lower_skipped_by_nonpositive_upper=2244
457,1,interval_arithmetic,upper,3136,0,0.0,0.0,0,0,0,0,0,3136,0,0,0,0,,interval_arithmetic=3136
457,2,lp,lower,1568,87,0.09910509700000002,0.09580445289611816,1479,0,0,87,0,0,0,656,0,825,OPTIMAL=87,interval_proves_cutoff=656;lower_skipped_by_nonpositive_upper=825
457,2,lp,upper,1568,93,0.11665979599999998,0.1062929630279541,1758,0,0,93,0,0,0,819,656,0,OPTIMAL=93,interval_proves_cutoff=819;upper_skipped_by_nonnegative_interval_lower=656
457,3,lp,lower,100,0,0.0,0.0,0,0,0,0,0,0,0,9,0,91,,interval_proves_cutoff=9;lower_skipped_by_nonpositive_upper=91
457,3,lp,upper,100,0,0.0,0.0,0,0,0,0,0,0,0,91,9,0,,interval_proves_cutoff=91;upper_skipped_by_nonnegative_interval_lower=9
458,0,lp,lower,9,9,0.064812389,0.06409239768981934,1596,0,0,9,0,0,0,0,0,0,OPTIMAL=9,
458,0,lp,upper,9,9,0.072238002,0.07142901420593262,1624,0,0,9,0,0,0,0,0,0,OPTIMAL=9,
458,1,interval_arithmetic,lower,3136,0,0.0,0.0,0,0,0,0,0,914,0,0,0,2222,,interval_arithmetic=914;lower_skipped_by_nonpositive_upper=2222
458,1,interval_arithmetic,upper,3136,0,0.0,0.0,0,0,0,0,0,3136,0,0,0,0,,interval_arithmetic=3136
458,2,lp,lower,1568,86,0.09425385699999998,0.09095072746276855,1414,0,0,86,0,0,0,664,0,818,OPTIMAL=86,interval_proves_cutoff=664;lower_skipped_by_nonpositive_upper=818
458,2,lp,upper,1568,88,0.108784035,0.09891223907470703,1558,0,0,88,0,0,0,816,664,0,OPTIMAL=88,interval_proves_cutoff=816;upper_skipped_by_nonnegative_interval_lower=664
458,3,lp,lower,100,1,0.009454113,0.009369611740112305,283,0,0,1,0,0,0,8,0,91,OPTIMAL=1,interval_proves_cutoff=8;lower_skipped_by_nonpositive_upper=91
458,3,lp,upper,100,1,0.008729209,0.00860905647277832,249,0,0,1,0,0,0,91,8,0,OPTIMAL=1,interval_proves_cutoff=91;upper_skipped_by_nonnegative_interval_lower=8
459,0,lp,lower,9,9,0.059801314999999994,0.05908465385437012,1525,0,0,9,0,0,0,0,0,0,OPTIMAL=9,
459,0,lp,upper,9,9,0.064905804,0.06418943405151367,1659,0,0,9,0,0,0,0,0,0,OPTIMAL=9,
459,1,interval_arithmetic,lower,3136,0,0.0,0.0,0,0,0,0,0,929,0,0,0,2207,,interval_arithmetic=929;lower_skipped_by_nonpositive_upper=2207
459,1,interval_arithmetic,upper,3136,0,0.0,0.0,0,0,0,0,0,3136,0,0,0,0,,interval_arithmetic=3136
459,2,lp,lower,1568,100,0.11963736699999995,0.11578941345214844,2351,0,0,100,0,0,0,639,0,829,OPTIMAL=100,interval_proves_cutoff=639;lower_skipped_by_nonpositive_upper=829
459,2,lp,upper,1568,106,0.13878250499999994,0.12757372856140137,2551,0,0,106,0,0,0,823,639,0,OPTIMAL=106,interval_proves_cutoff=823;upper_skipped_by_nonnegative_interval_lower=639
459,3,lp,lower,100,0,0.0,0.0,0,0,0,0,0,0,0,9,0,91,,interval_proves_cutoff=9;lower_skipped_by_nonpositive_upper=91
459,3,lp,upper,100,0,0.0,0.0,0,0,0,0,0,0,0,91,9,0,,interval_proves_cutoff=91;upper_skipped_by_nonnegative_interval_lower=9
460,0,lp,lower,9,9,0.049299904,0.04857516288757324,1242,0,0,9,0,0,0,0,0,0,OPTIMAL=9,
460,0,lp,upper,9,9,0.05817913200000001,0.05736660957336426,1281,0,0,9,0,0,0,0,0,0,OPTIMAL=9,
460,1,interval_arithmetic,lower,3136,0,0.0,0.0,0,0,0,0,0,918,0,0,0,2218,,interval_arithmetic=918;lower_skipped_by_nonpositive_upper=2218
460,1,interval_arithmetic,upper,3136,0,0.0,0.0,0,0,0,0,0,3136,0,0,0,0,,interval_arithmetic=3136
460,2,lp,lower,1568,100,0.09785996599999996,0.09417557716369629,814,0,0,100,0,0,0,674,0,794,OPTIMAL=100,interval_proves_cutoff=674;lower_skipped_by_nonpositive_upper=794
460,2,lp,upper,1568,101,0.10556227099999999,0.09545469284057617,900,0,0,101,0,0,0,793,674,0,OPTIMAL=101,interval_proves_cutoff=793;upper_skipped_by_nonnegative_interval_lower=674
460,3,lp,lower,100,1,0.006116787,0.006037235260009766,246,0,0,1,0,0,0,8,0,91,OPTIMAL=1,interval_proves_cutoff=8;lower_skipped_by_nonpositive_upper=91
460,3,lp,upper,100,1,0.00456542,0.004438877105712891,188,0,0,1,0,0,0,91,8,0,OPTIMAL=1,interval_proves_cutoff=91;upper_skipped_by_nonnegative_interval_lower=8
461,0,lp,lower,9,9,0.070737957,0.07010531425476074,1554,0,0,9,0,0,0,0,0,0,OPTIMAL=9,
461,0,lp,upper,9,9,0.08787839200000001,0.08712506294250488,1663,0,0,9,0,0,0,0,0,0,OPTIMAL=9,
461,1,interval_arithmetic,lower,3136,0,0.0,0.0,0,0,0,0,0,893,0,0,0,2243,,interval_arithmetic=893;lower_skipped_by_nonpositive_upper=2243
461,1,interval_arithmetic,upper,3136,0,0.0,0.0,0,0,0,0,0,3136,0,0,0,0,,interval_arithmetic=3136
461,2,lp,lower,1568,81,0.08885152400000002,0.08578372001647949,1097,0,0,81,0,0,0,650,0,837,OPTIMAL=81,interval_proves_cutoff=650;lower_skipped_by_nonpositive_upper=837
461,2,lp,upper,1568,95,0.113978376,0.10415172576904297,1327,0,0,95,0,0,0,823,650,0,OPTIMAL=95,interval_proves_cutoff=823;upper_skipped_by_nonnegative_interval_lower=650
461,3,lp,lower,100,1,0.005953393,0.00587773323059082,215,0,0,1,0,0,0,8,0,91,OPTIMAL=1,interval_proves_cutoff=8;lower_skipped_by_nonpositive_upper=91
461,3,lp,upper,100,1,0.005605012,0.005472660064697266,207,0,0,1,0,0,0,91,8,0,OPTIMAL=1,interval_proves_cutoff=91;upper_skipped_by_nonnegative_interval_lower=8
462,0,lp,lower,9,9,0.028454943,0.02790689468383789,949,0,0,9,0,0,0,0,0,0,OPTIMAL=9,
462,0,lp,upper,9,9,0.027965858,0.027335405349731445,953,0,0,9,0,0,0,0,0,0,OPTIMAL=9,
462,1,interval_arithmetic,lower,3136,0,0.0,0.0,0,0,0,0,0,946,0,0,0,2190,,interval_arithmetic=946;lower_skipped_by_nonpositive_upper=2190
462,1,interval_arithmetic,upper,3136,0,0.0,0.0,0,0,0,0,0,3136,0,0,0,0,,interval_arithmetic=3136
462,2,lp,lower,1568,69,0.06205340699999999,0.059552669525146484,571,0,0,69,0,0,0,686,0,813,OPTIMAL=69,interval_proves_cutoff=686;lower_skipped_by_nonpositive_upper=813
462,2,lp,upper,1568,71,0.072803687,0.06360340118408203,663,0,0,71,0,0,0,811,686,0,OPTIMAL=71,interval_proves_cutoff=811;upper_skipped_by_nonnegative_interval_lower=686
462,3,lp,lower,100,1,0.003338076,0.0032715797424316406,109,0,0,1,0,0,0,7,0,92,OPTIMAL=1,interval_proves_cutoff=7;lower_skipped_by_nonpositive_upper=92
462,3,lp,upper,100,2,0.0065524220000000005,0.0063512325286865234,248,0,0,2,0,0,0,91,7,0,OPTIMAL=2,interval_proves_cutoff=91;upper_skipped_by_nonnegative_interval_lower=7
463,0,lp,lower,9,9,0.027522992,0.026803255081176758,780,0,0,9,0,0,0,0,0,0,OPTIMAL=9,
463,0,lp,upper,9,9,0.027301638,0.026721954345703125,881,0,0,9,0,0,0,0,0,0,OPTIMAL=9,
463,1,interval_arithmetic,lower,3136,0,0.0,0.0,0,0,0,0,0,968,0,0,0,2168,,interval_arithmetic=968;lower_skipped_by_nonpositive_upper=2168
463,1,interval_arithmetic,upper,3136,0,0.0,0.0,0,0,0,0,0,3136,0,0,0,0,,interval_arithmetic=3136
463,2,lp,lower,1568,73,0.06608814799999999,0.0633554458618164,509,0,0,73,0,0,0,693,0,802,OPTIMAL=73,interval_proves_cutoff=693;lower_skipped_by_nonpositive_upper=802
463,2,lp,upper,1568,75,0.07569060500000004,0.06666350364685059,562,0,0,75,0,0,0,800,693,0,OPTIMAL=75,interval_proves_cutoff=800;upper_skipped_by_nonnegative_interval_lower=693
463,3,lp,lower,100,0,0.0,0.0,0,0,0,0,0,0,0,9,0,91,,interval_proves_cutoff=9;lower_skipped_by_nonpositive_upper=91
463,3,lp,upper,100,0,0.0,0.0,0,0,0,0,0,0,0,91,9,0,,interval_proves_cutoff=91;upper_skipped_by_nonnegative_interval_lower=9
464,0,lp,lower,9,9,0.048031728999999995,0.04745912551879883,1408,0,0,9,0,0,0,0,0,0,OPTIMAL=9,
464,0,lp,upper,9,9,0.054228784,0.05360603332519531,1542,0,0,9,0,0,0,0,0,0,OPTIMAL=9,
464,1,interval_arithmetic,lower,3136,0,0.0,0.0,0,0,0,0,0,945,0,0,0,2191,,interval_arithmetic=945;lower_skipped_by_nonpositive_upper=2191
464,1,interval_arithmetic,upper,3136,0,0.0,0.0,0,0,0,0,0,3136,0,0,0,0,,interval_arithmetic=3136
464,2,lp,lower,1568,106,0.11124871799999994,0.10725140571594238,1234,0,0,106,0,0,0,667,0,795,OPTIMAL=106,interval_proves_cutoff=667;lower_skipped_by_nonpositive_upper=795
464,2,lp,upper,1568,110,0.12785328199999998,0.11701154708862305,1417,0,0,110,0,0,0,791,667,0,OPTIMAL=110,interval_proves_cutoff=791;upper_skipped_by_nonnegative_interval_lower=667
464,3,lp,lower,100,0,0.0,0.0,0,0,0,0,0,0,0,8,0,92,,interval_proves_cutoff=8;lower_skipped_by_nonpositive_upper=92
464,3,lp,upper,100,1,0.006393986,0.006239414215087891,235,0,0,1,0,0,0,91,8,0,OPTIMAL=1,interval_proves_cutoff=91;upper_skipped_by_nonnegative_interval_lower=8
465,0,lp,lower,9,9,0.17362034299999998,0.1726057529449463,2690,0,0,9,0,0,0,0,0,0,OPTIMAL=9,
465,0,lp,upper,9,9,0.132935809,0.1319878101348877,2362,0,0,9,0,0,0,0,0,0,OPTIMAL=9,
465,1,interval_arithmetic,lower,3136,0,0.0,0.0,0,0,0,0,0,940,0,0,0,2196,,interval_arithmetic=940;lower_skipped_by_nonpositive_upper=2196
465,1,interval_arithmetic,upper,3136,0,0.0,0.0,0,0,0,0,0,3136,0,0,0,0,,interval_arithmetic=3136
465,2,lp,lower,1568,129,0.15095700799999998,0.1458122730255127,2215,0,0,129,0,0,0,646,0,793,OPTIMAL=129,interval_proves_cutoff=646;lower_skipped_by_nonpositive_upper=793
465,2,lp,upper,1568,133,0.17307812399999997,0.16061615943908691,2528,0,0,133,0,0,0,789,646,0,OPTIMAL=133,interval_proves_cutoff=789;upper_skipped_by_nonnegative_interval_lower=646
465,3,lp,lower,100,4,0.033368703,0.032973289489746094,772,0,0,4,0,0,0,5,0,91,OPTIMAL=4,interval_proves_cutoff=5;lower_skipped_by_nonpositive_upper=91
465,3,lp,upper,100,4,0.032271346,0.031868934631347656,859,0,0,4,0,0,0,91,5,0,OPTIMAL=4,interval_proves_cutoff=91;upper_skipped_by_nonnegative_interval_lower=5
466,0,lp,lower,9,9,0.033300787,0.03258323669433594,859,0,0,9,0,0,0,0,0,0,OPTIMAL=9,
466,0,lp,upper,9,9,0.031303711000000005,0.03053879737854004,933,0,0,9,0,0,0,0,0,0,OPTIMAL=9,
466,1,interval_arithmetic,lower,3136,0,0.0,0.0,0,0,0,0,0,937,0,0,0,2199,,interval_arithmetic=937;lower_skipped_by_nonpositive_upper=2199
466,1,interval_arithmetic,upper,3136,0,0.0,0.0,0,0,0,0,0,3136,0,0,0,0,,interval_arithmetic=3136
466,2,lp,lower,1568,74,0.07433664199999998,0.07154440879821777,495,0,0,74,0,0,0,684,0,810,OPTIMAL=74,interval_proves_cutoff=684;lower_skipped_by_nonpositive_upper=810
466,2,lp,upper,1568,76,0.08503958900000001,0.07564711570739746,552,0,0,76,0,0,0,808,684,0,OPTIMAL=76,interval_proves_cutoff=808;upper_skipped_by_nonnegative_interval_lower=684
466,3,lp,lower,100,0,0.0,0.0,0,0,0,0,0,0,0,9,0,91,,interval_proves_cutoff=9;lower_skipped_by_nonpositive_upper=91
466,3,lp,upper,100,0,0.0,0.0,0,0,0,0,0,0,0,91,9,0,,interval_proves_cutoff=91;upper_skipped_by_nonnegative_interval_lower=9
467,0,lp,lower,9,9,0.069478707,0.06876420974731445,1595,0,0,9,0,0,0,0,0,0,OPTIMAL=9,
467,0,lp,upper,9,9,0.073558473,0.07278871536254883,1808,0,0,9,0,0,0,0,0,0,OPTIMAL=9,
467,1,interval_arithmetic,lower,3136,0,0.0,0.0,0,0,0,0,0,929,0,0,0,2207,,interval_arithmetic=929;lower_skipped_by_nonpositive_upper=2207
467,1,interval_arithmetic,upper,3136,0,0.0,0.0,0,0,0,0,0,3136,0,0,0,0,,interval_arithmetic=3136
467,2,lp,lower,1568,119,0.13128361200000002,0.12673735618591309,1799,0,0,119,0,0,0,656,0,793,OPTIMAL=119,interval_proves_cutoff=656;lower_skipped_by_nonpositive_upper=793
467,2,lp,upper,1568,123,0.14649043400000009,0.1349048614501953,1880,0,0,123,0,0,0,789,656,0,OPTIMAL=123,interval_proves_cutoff=789;upper_skipped_by_nonnegative_interval_lower=656
467,3,lp,lower,100,0,0.0,0.0,0,0,0,0,0,0,0,9,0,91,,interval_proves_cutoff=9;lower_skipped_by_nonpositive_upper=91
467,3,lp,upper,100,0,0.0,0.0,0,0,0,0,0,0,0,91,9,0,,interval_proves_cutoff=91;upper_skipped_by_nonnegative_interval_lower=9
468,0,lp,lower,9,9,0.054856698999999995,0.054155826568603516,1412,0,0,9,0,0,0,0,0,0,OPTIMAL=9,
468,0,lp,upper,9,9,0.054811206,0.05411267280578613,1438,0,0,9,0,0,0,0,0,0,OPTIMAL=9,
468,1,interval_arithmetic,lower,3136,0,0.0,0.0,0,0,0,0,0,925,0,0,0,2211,,interval_arithmetic=925;lower_skipped_by_nonpositive_upper=2211
468,1,interval_arithmetic,upper,3136,0,0.0,0.0,0,0,0,0,0,3136,0,0,0,0,,interval_arithmetic=3136
468,2,lp,lower,1568,84,0.09065456700000002,0.08741927146911621,937,0,0,84,0,0,0,659,0,825,OPTIMAL=84,interval_proves_cutoff=659;lower_skipped_by_nonpositive_upper=825
468,2,lp,upper,1568,90,0.10865974300000002,0.09862160682678223,1151,0,0,90,0,0,0,819,659,0,OPTIMAL=90,interval_proves_cutoff=819;upper_skipped_by_nonnegative_interval_lower=659
468,3,lp,lower,100,1,0.004545937,0.004464864730834961,209,0,0,1,0,0,0,7,0,92,OPTIMAL=1,interval_proves_cutoff=7;lower_skipped_by_nonpositive_upper=92
468,3,lp,upper,100,1,0.004761249,0.004636287689208984,175,0,0,1,0,0,0,92,7,0,OPTIMAL=1,interval_proves_cutoff=92;upper_skipped_by_nonnegative_interval_lower=7
469,0,lp,lower,9,9,0.039153982000000004,0.03852415084838867,946,0,0,9,0,0,0,0,0,0,OPTIMAL=9,
469,0,lp,upper,9,9,0.040995491,0.04015803337097168,957,0,0,9,0,0,0,0,0,0,OPTIMAL=9,
469,1,interval_arithmetic,lower,3136,0,0.0,0.0,0,0,0,0,0,925,0,0,0,2211,,interval_arithmetic=925;lower_skipped_by_nonpositive_upper=2211
469,1,interval_arithmetic,upper,3136,0,0.0,0.0,0,0,0,0,0,3136,0,0,0,0,,interval_arithmetic=3136
469,2,lp,lower,1568,69,0.06627187300000001,0.06375765800476074,493,0,0,69,0,0,0,666,0,833,OPTIMAL=69,interval_proves_cutoff=666;lower_skipped_by_nonpositive_upper=833
469,2,lp,upper,1568,71,0.07770205499999998,0.06856131553649902,550,0,0,71,0,0,0,831,666,0,OPTIMAL=71,interval_proves_cutoff=831;upper_skipped_by_nonnegative_interval_lower=666
469,3,lp,lower,100,2,0.0064108080000000005,0.00626683235168457,186,0,0,2,0,0,0,7,0,91,OPTIMAL=2,interval_proves_cutoff=7;lower_skipped_by_nonpositive_upper=91
469,3,lp,upper,100,2,0.006836040999999999,0.006637096405029297,220,0,0,2,0,0,0,91,7,0,OPTIMAL=2,interval_proves_cutoff=91;upper_skipped_by_nonnegative_interval_lower=7
470,0,lp,lower,9,9,0.053369142,0.052570343017578125,1357,0,0,9,0,0,0,0,0,0,OPTIMAL=9,
470,0,lp,upper,9,9,0.059470049999999997,0.058612823486328125,1407,0,0,9,0,0,0,0,0,0,OPTIMAL=9,
470,1,interval_arithmetic,lower,3136,0,0.0,0.0,0,0,0,0,0,934,0,0,0,2202,,interval_arithmetic=934;lower_skipped_by_nonpositive_upper=2202
470,1,interval_arithmetic,upper,3136,0,0.0,0.0,0,0,0,0,0,3136,0,0,0,0,,interval_arithmetic=3136
470,2,lp,lower,1568,84,0.091266589,0.08784294128417969,934,0,0,84,0,0,0,683,0,801,OPTIMAL=84,interval_proves_cutoff=683;lower_skipped_by_nonpositive_upper=801
470,2,lp,upper,1568,92,0.10833310100000006,0.09774041175842285,1123,0,0,92,0,0,0,793,683,0,OPTIMAL=92,interval_proves_cutoff=793;upper_skipped_by_nonnegative_interval_lower=683
470,3,lp,lower,100,1,0.004554172,0.004471302032470703,213,0,0,1,0,0,0,8,0,91,OPTIMAL=1,interval_proves_cutoff=8;lower_skipped_by_nonpositive_upper=91
470,3,lp,upper,100,1,0.004037327,0.0039196014404296875,176,0,0,1,0,0,0,91,8,0,OPTIMAL=1,interval_proves_cutoff=91;upper_skipped_by_nonnegative_interval_lower=8
471,0,lp,lower,9,9,0.08331296,0.08240842819213867,1736,0,0,9,0,0,0,0,0,0,OPTIMAL=9,
471,0,lp,upper,9,9,0.08588856,0.0850832462310791,1672,0,0,9,0,0,0,0,0,0,OPTIMAL=9,
471,1,interval_arithmetic,lower,3136,0,0.0,0.0,0,0,0,0,0,931,0,0,0,2205,,interval_arithmetic=931;lower_skipped_by_nonpositive_upper=2205
471,1,interval_arithmetic,upper,3136,0,0.0,0.0,0,0,0,0,0,3136,0,0,0,0,,interval_arithmetic=3136
471,2,lp,lower,1568,104,0.11984531500000002,0.11574292182922363,1921,0,0,104,0,0,0,657,0,807,OPTIMAL=104,interval_proves_cutoff=657;lower_skipped_by_nonpositive_upper=807
471,2,lp,upper,1568,108,0.13257235300000003,0.12181758880615234,2028,0,0,108,0,0,0,803,657,0,OPTIMAL=108,interval_proves_cutoff=803;upper_skipped_by_nonnegative_interval_lower=657
471,3,lp,lower,100,1,0.010287736,0.010196924209594727,310,0,0,1,0,0,0,8,0,91,OPTIMAL=1,interval_proves_cutoff=8;lower_skipped_by_nonpositive_upper=91
471,3,lp,upper,100,1,0.007548442,0.007424831390380859,233,0,0,1,0,0,0,91,8,0,OPTIMAL=1,interval_proves_cutoff=91;upper_skipped_by_nonnegative_interval_lower=8
472,0,lp,lower,9,9,0.059528489,0.05890846252441406,1367,0,0,9,0,0,0,0,0,0,OPTIMAL=9,
472,0,lp,upper,9,9,0.063635489,0.06296420097351074,1336,0,0,9,0,0,0,0,0,0,OPTIMAL=9,
472,1,interval_arithmetic,lower,3136,0,0.0,0.0,0,0,0,0,0,876,0,0,0,2260,,interval_arithmetic=876;lower_skipped_by_nonpositive_upper=2260
472,1,interval_arithmetic,upper,3136,0,0.0,0.0,0,0,0,0,0,3136,0,0,0,0,,interval_arithmetic=3136
472,2,lp,lower,1568,89,0.08801722999999992,0.08477473258972168,1195,0,0,89,0,0,0,644,0,835,OPTIMAL=89,interval_proves_cutoff=644;lower_skipped_by_nonpositive_upper=835
472,2,lp,upper,1568,94,0.10425246999999997,0.09427261352539062,1400,0,0,94,0,0,0,830,644,0,OPTIMAL=94,interval_proves_cutoff=830;upper_skipped_by_nonnegative_interval_lower=644
472,3,lp,lower,100,1,0.010871762,0.010779380798339844,284,0,0,1,0,0,0,8,0,91,OPTIMAL=1,interval_proves_cutoff=8;lower_skipped_by_nonpositive_upper=91
472,3,lp,upper,100,1,0.006666625,0.006546974182128906,214,0,0,1,0,0,0,91,8,0,OPTIMAL=1,interval_proves_cutoff=91;upper_skipped_by_nonnegative_interval_lower=8
473,0,lp,lower,9,9,0.067552712,0.0668172836303711,1512,0,0,9,0,0,0,0,0,0,OPTIMAL=9,
473,0,lp,upper,9,9,0.063275853,0.062438011169433594,1456,0,0,9,0,0,0,0,0,0,OPTIMAL=9,
473,1,interval_arithmetic,lower,3136,0,0.0,0.0,0,0,0,0,0,913,0,0,0,2223,,interval_arithmetic=913;lower_skipped_by_nonpositive_upper=2223
473,1,interval_arithmetic,upper,3136,0,0.0,0.0,0,0,0,0,0,3136,0,0,0,0,,interval_arithmetic=3136
473,2,lp,lower,1568,96,0.096177296,0.09262323379516602,1133,0,0,96,0,0,0,660,0,812,OPTIMAL=96,interval_proves_cutoff=660;lower_skipped_by_nonpositive_upper=812
473,2,lp,upper,1568,102,0.11272812099999999,0.10231280326843262,1210,0,0,102,0,0,0,806,660,0,OPTIMAL=102,interval_proves_cutoff=806;upper_skipped_by_nonnegative_interval_lower=660
473,3,lp,lower,100,1,0.005404498,0.005314826965332031,227,0,0,1,0,0,0,8,0,91,OPTIMAL=1,interval_proves_cutoff=8;lower_skipped_by_nonpositive_upper=91
473,3,lp,upper,100,1,0.005697124,0.005576372146606445,228,0,0,1,0,0,0,91,8,0,OPTIMAL=1,interval_proves_cutoff=91;upper_skipped_by_nonnegative_interval_lower=8
474,0,lp,lower,9,9,0.06828932,0.06756258010864258,1353,0,0,9,0,0,0,0,0,0,OPTIMAL=9,
474,0,lp,upper,9,9,0.066655225,0.06582784652709961,1383,0,0,9,0,0,0,0,0,0,OPTIMAL=9,
474,1,interval_arithmetic,lower,3136,0,0.0,0.0,0,0,0,0,0,834,0,0,0,2302,,interval_arithmetic=834;lower_skipped_by_nonpositive_upper=2302
474,1,interval_arithmetic,upper,3136,0,0.0,0.0,0,0,0,0,0,3136,0,0,0,0,,interval_arithmetic=3136
474,2,lp,lower,1568,99,0.09359510900000002,0.0901648998260498,1084,0,0,99,0,0,0,604,0,865,OPTIMAL=99,interval_proves_cutoff=604;lower_skipped_by_nonpositive_upper=865
474,2,lp,upper,1568,101,0.10223024800000002,0.09238958358764648,1113,0,0,101,0,0,0,863,604,0,OPTIMAL=101,interval_proves_cutoff=863;upper_skipped_by_nonnegative_interval_lower=604
474,3,lp,lower,100,0,0.0,0.0,0,0,0,0,0,0,0,9,0,91,,interval_proves_cutoff=9;lower_skipped_by_nonpositive_upper=91
474,3,lp,upper,100,0,0.0,0.0,0,0,0,0,0,0,0,91,9,0,,interval_proves_cutoff=91;upper_skipped_by_nonnegative_interval_lower=9
475,0,lp,lower,9,9,0.052162346,0.05137133598327637,1323,0,0,9,0,0,0,0,0,0,OPTIMAL=9,
475,0,lp,upper,9,9,0.05943085800000001,0.05859208106994629,1530,0,0,9,0,0,0,0,0,0,OPTIMAL=9,
475,1,interval_arithmetic,lower,3136,0,0.0,0.0,0,0,0,0,0,967,0,0,0,2169,,interval_arithmetic=967;lower_skipped_by_nonpositive_upper=2169
475,1,interval_arithmetic,upper,3136,0,0.0,0.0,0,0,0,0,0,3136,0,0,0,0,,interval_arithmetic=3136
475,2,lp,lower,1568,107,0.124099987,0.11986112594604492,1934,0,0,107,0,0,0,672,0,789,OPTIMAL=107,interval_proves_cutoff=672;lower_skipped_by_nonpositive_upper=789
475,2,lp,upper,1568,117,0.148716916,0.1372983455657959,2219,0,0,117,0,0,0,779,672,0,OPTIMAL=117,interval_proves_cutoff=779;upper_skipped_by_nonnegative_interval_lower=672
475,3,lp,lower,100,0,0.0,0.0,0,0,0,0,0,0,0,9,0,91,,interval_proves_cutoff=9;lower_skipped_by_nonpositive_upper=91
475,3,lp,upper,100,0,0.0,0.0,0,0,0,0,0,0,0,91,9,0,,interval_proves_cutoff=91;upper_skipped_by_nonnegative_interval_lower=9
476,0,lp,lower,9,9,0.047201248999999994,0.04657268524169922,1265,0,0,9,0,0,0,0,0,0,OPTIMAL=9,
476,0,lp,upper,9,9,0.051724839999999994,0.05104470252990723,1317,0,0,9,0,0,0,0,0,0,OPTIMAL=9,
476,1,interval_arithmetic,lower,3136,0,0.0,0.0,0,0,0,0,0,958,0,0,0,2178,,interval_arithmetic=958;lower_skipped_by_nonpositive_upper=2178
476,1,interval_arithmetic,upper,3136,0,0.0,0.0,0,0,0,0,0,3136,0,0,0,0,,interval_arithmetic=3136
476,2,lp,lower,1568,92,0.08713616699999994,0.08365106582641602,875,0,0,92,0,0,0,690,0,786,OPTIMAL=92,interval_proves_cutoff=690;lower_skipped_by_nonpositive_upper=786
476,2,lp,upper,1568,94,0.09770761300000001,0.08754348754882812,1041,0,0,94,0,0,0,784,690,0,OPTIMAL=94,interval_proves_cutoff=784;upper_skipped_by_nonnegative_interval_lower=690
476,3,lp,lower,100,1,0.004721913,0.004643678665161133,229,0,0,1,0,0,0,8,0,91,OPTIMAL=1,interval_proves_cutoff=8;lower_skipped_by_nonpositive_upper=91
476,3,lp,upper,100,1,0.004488376,0.004370212554931641,206,0,0,1,0,0,0,91,8,0,OPTIMAL=1,interval_proves_cutoff=91;upper_skipped_by_nonnegative_interval_lower=8
477,0,lp,lower,9,9,0.052847096999999996,0.0521702766418457,1187,0,0,9,0,0,0,0,0,0,OPTIMAL=9,
477,0,lp,upper,9,9,0.05520404899999999,0.05448627471923828,1262,0,0,9,0,0,0,0,0,0,OPTIMAL=9,
477,1,interval_arithmetic,lower,3136,0,0.0,0.0,0,0,0,0,0,863,0,0,0,2273,,interval_arithmetic=863;lower_skipped_by_nonpositive_upper=2273
477,1,interval_arithmetic,upper,3136,0,0.0,0.0,0,0,0,0,0,3136,0,0,0,0,,interval_arithmetic=3136
477,2,lp,lower,1568,75,0.079203877,0.07658529281616211,965,0,0,75,0,0,0,638,0,855,OPTIMAL=75,interval_proves_cutoff=638;lower_skipped_by_nonpositive_upper=855
477,2,lp,upper,1568,87,0.091716957,0.08138084411621094,1169,0,0,87,0,0,0,843,638,0,OPTIMAL=87,interval_proves_cutoff=843;upper_skipped_by_nonnegative_interval_lower=638
477,3,lp,lower,100,3,0.012865207,0.012655496597290039,313,0,0,3,0,0,0,6,0,91,OPTIMAL=3,interval_proves_cutoff=6;lower_skipped_by_nonpositive_upper=91
477,3,lp,upper,100,3,0.013062726,0.012793540954589844,393,0,0,3,0,0,0,91,6,0,OPTIMAL=3,interval_proves_cutoff=91;upper_skipped_by_nonnegative_interval_lower=6
478,0,lp,lower,9,9,0.033761598,0.03314208984375,965,0,0,9,0,0,0,0,0,0,OPTIMAL=9,
478,0,lp,upper,9,9,0.032863381000000004,0.03228282928466797,1086,0,0,9,0,0,0,0,0,0,OPTIMAL=9,
478,1,interval_arithmetic,lower,3136,0,0.0,0.0,0,0,0,0,0,907,0,0,0,2229,,interval_arithmetic=907;lower_skipped_by_nonpositive_upper=2229
478,1,interval_arithmetic,upper,3136,0,0.0,0.0,0,0,0,0,0,3136,0,0,0,0,,interval_arithmetic=3136
478,2,lp,lower,1568,84,0.07441931299999997,0.07139229774475098,516,0,0,84,0,0,0,684,0,800,OPTIMAL=84,interval_proves_cutoff=684;lower_skipped_by_nonpositive_upper=800
478,2,lp,upper,1568,88,0.09129207900000005,0.08163762092590332,637,0,0,88,0,0,0,796,684,0,OPTIMAL=88,interval_proves_cutoff=796;upper_skipped_by_nonnegative_interval_lower=684
478,3,lp,lower,100,0,0.0,0.0,0,0,0,0,0,0,0,9,0,91,,interval_proves_cutoff=9;lower_skipped_by_nonpositive_upper=91
478,3,lp,upper,100,0,0.0,0.0,0,0,0,0,0,0,0,91,9,0,,interval_proves_cutoff=91;upper_skipped_by_nonnegative_interval_lower=9
479,0,lp,lower,9,9,0.044947327,0.044257164001464844,1320,0,0,9,0,0,0,0,0,0,OPTIMAL=9,
479,0,lp,upper,9,9,0.047931975999999994,0.04722166061401367,1395,0,0,9,0,0,0,0,0,0,OPTIMAL=9,
479,1,interval_arithmetic,lower,3136,0,0.0,0.0,0,0,0,0,0,901,0,0,0,2235,,interval_arithmetic=901;lower_skipped_by_nonpositive_upper=2235
479,1,interval_arithmetic,upper,3136,0,0.0,0.0,0,0,0,0,0,3136,0,0,0,0,,interval_arithmetic=3136
479,2,lp,lower,1568,92,0.09890022500000001,0.0954887866973877,1386,0,0,92,0,0,0,646,0,830,OPTIMAL=92,interval_proves_cutoff=646;lower_skipped_by_nonpositive_upper=830
479,2,lp,upper,1568,106,0.12606151300000007,0.11545586585998535,1638,0,0,106,0,0,0,816,646,0,OPTIMAL=106,interval_proves_cutoff=816;upper_skipped_by_nonnegative_interval_lower=646
479,3,lp,lower,100,0,0.0,0.0,0,0,0,0,0,0,0,9,0,91,,interval_proves_cutoff=9;lower_skipped_by_nonpositive_upper=91
479,3,lp,upper,100,0,0.0,0.0,0,0,0,0,0,0,0,91,9,0,,interval_proves_cutoff=91;upper_skipped_by_nonnegative_interval_lower=9
480,0,lp,lower,9,9,0.063236079,0.06245779991149902,1575,0,0,9,0,0,0,0,0,0,OPTIMAL=9,
480,0,lp,upper,9,9,0.061354773999999994,0.06053590774536133,1631,0,0,9,0,0,0,0,0,0,OPTIMAL=9,
480,1,interval_arithmetic,lower,3136,0,0.0,0.0,0,0,0,0,0,917,0,0,0,2219,,interval_arithmetic=917;lower_skipped_by_nonpositive_upper=2219
480,1,interval_arithmetic,upper,3136,0,0.0,0.0,0,0,0,0,0,3136,0,0,0,0,,interval_arithmetic=3136
480,2,lp,lower,1568,100,0.11827551800000002,0.11447644233703613,1995,0,0,100,0,0,0,674,0,794,OPTIMAL=100,interval_proves_cutoff=674;lower_skipped_by_nonpositive_upper=794
480,2,lp,upper,1568,102,0.13256160099999997,0.1218266487121582,2062,0,0,102,0,0,0,792,674,0,OPTIMAL=102,interval_proves_cutoff=792;upper_skipped_by_nonnegative_interval_lower=674
480,3,lp,lower,100,0,0.0,0.0,0,0,0,0,0,0,0,9,0,91,,interval_proves_cutoff=9;lower_skipped_by_nonpositive_upper=91
480,3,lp,upper,100,0,0.0,0.0,0,0,0,0,0,0,0,91,9,0,,interval_proves_cutoff=91;upper_skipped_by_nonnegative_interval_lower=9
481,0,lp,lower,9,9,0.037519068999999995,0.036969661712646484,907,0,0,9,0,0,0,0,0,0,OPTIMAL=9,
481,0,lp,upper,9,9,0.032269857,0.03166532516479492,819,0,0,9,0,0,0,0,0,0,OPTIMAL=9,
481,1,interval_arithmetic,lower,3136,0,0.0,0.0,0,0,0,0,0,843,0,0,0,2293,,interval_arithmetic=843;lower_skipped_by_nonpositive_upper=2293
481,1,interval_arithmetic,upper,3136,0,0.0,0.0,0,0,0,0,0,3136,0,0,0,0,,interval_arithmetic=3136
481,2,lp,lower,1568,64,0.058839853000000004,0.05661630630493164,581,0,0,64,0,0,0,628,0,876,OPTIMAL=64,interval_proves_cutoff=628;lower_skipped_by_nonpositive_upper=876
481,2,lp,upper,1568,64,0.06787553400000006,0.05907845497131348,619,0,0,64,0,0,0,876,628,0,OPTIMAL=64,interval_proves_cutoff=876;upper_skipped_by_nonnegative_interval_lower=628
481,3,lp,lower,100,1,0.004495223,0.004426479339599609,158,0,0,1,0,0,0,8,0,91,OPTIMAL=1,interval_proves_cutoff=8;lower_skipped_by_nonpositive_upper=91
481,3,lp,upper,100,1,0.003756704,0.0036423206329345703,139,0,0,1,0,0,0,91,8,0,OPTIMAL=1,interval_proves_cutoff=91;upper_skipped_by_nonnegative_interval_lower=8
482,0,lp,lower,9,9,0.04602664,0.045384883880615234,1179,0,0,9,0,0,0,0,0,0,OPTIMAL=9,
482,0,lp,upper,9,9,0.051309815,0.05059099197387695,1249,0,0,9,0,0,0,0,0,0,OPTIMAL=9,
482,1,interval_arithmetic,lower,3136,0,0.0,0.0,0,0,0,0,0,903,0,0,0,2233,,interval_arithmetic=903;lower_skipped_by_nonpositive_upper=2233
482,1,interval_arithmetic,upper,3136,0,0.0,0.0,0,0,0,0,0,3136,0,0,0,0,,interval_arithmetic=3136
482,2,lp,lower,1568,82,0.07871038000000001,0.07573699951171875,862,0,0,82,0,0,0,654,0,832,OPTIMAL=82,interval_proves_cutoff=654;lower_skipped_by_nonpositive_upper=832
482,2,lp,upper,1568,85,0.09352527400000002,0.08406448364257812,975,0,0,85,0,0,0,829,654,0,OPTIMAL=85,interval_proves_cutoff=829;upper_skipped_by_nonnegative_interval_lower=654
482,3,lp,lower,100,1,0.006931554,0.006841182708740234,247,0,0,1,0,0,0,8,0,91,OPTIMAL=1,interval_proves_cutoff=8;lower_skipped_by_nonpositive_upper=91
482,3,lp,upper,100,1,0.005186035,0.005070686340332031,190,0,0,1,0,0,0,91,8,0,OPTIMAL=1,interval_proves_cutoff=91;upper_skipped_by_nonnegative_interval_lower=8
483,0,lp,lower,9,9,0.056121611,0.05557107925415039,1272,0,0,9,0,0,0,0,0,0,OPTIMAL=9,
483,0,lp,upper,9,9,0.043169344,0.04254961013793945,1144,0,0,9,0,0,0,0,0,0,OPTIMAL=9,
483,1,interval_arithmetic,lower,3136,0,0.0,0.0,0,0,0,0,0,885,0,0,0,2251,,interval_arithmetic=885;lower_skipped_by_nonpositive_upper=2251
483,1,interval_arithmetic,upper,3136,0,0.0,0.0,0,0,0,0,0,3136,0,0,0,0,,interval_arithmetic=3136
483,2,lp,lower,1568,82,0.081545639,0.07861042022705078,858,0,0,82,0,0,0,655,0,831,OPTIMAL=82,interval_proves_cutoff=655;lower_skipped_by_nonpositive_upper=831
483,2,lp,upper,1568,86,0.09518456299999997,0.0853421688079834,1066,0,0,86,0,0,0,827,655,0,OPTIMAL=86,interval_proves_cutoff=827;upper_skipped_by_nonnegative_interval_lower=655
483,3,lp,lower,100,2,0.006642224,0.006511211395263672,222,0,0,2,0,0,0,6,0,92,OPTIMAL=2,interval_proves_cutoff=6;lower_skipped_by_nonpositive_upper=92
483,3,lp,upper,100,2,0.008215682,0.00803995132446289,276,0,0,2,0,0,0,92,6,0,OPTIMAL=2,interval_proves_cutoff=92;upper_skipped_by_nonnegative_interval_lower=6
484,0,lp,lower,9,9,0.038802488999999996,0.03808259963989258,1097,0,0,9,0,0,0,0,0,0,OPTIMAL=9,
484,0,lp,upper,9,9,0.044077481999999994,0.043318748474121094,1168,0,0,9,0,0,0,0,0,0,OPTIMAL=9,
484,1,interval_arithmetic,lower,3136,0,0.0,0.0,0,0,0,0,0,867,0,0,0,2269,,interval_arithmetic=867;lower_skipped_by_nonpositive_upper=2269
484,1,interval_arithmetic,upper,3136,0,0.0,0.0,0,0,0,0,0,3136,0,0,0,0,,interval_arithmetic=3136
484,2,lp,lower,1568,88,0.08922609799999999,0.0860598087310791,961,0,0,88,0,0,0,647,0,833,OPTIMAL=88,interval_proves_cutoff=647;lower_skipped_by_nonpositive_upper=833
484,2,lp,upper,1568,92,0.10310084899999998,0.09352231025695801,1225,0,0,92,0,0,0,829,647,0,OPTIMAL=92,interval_proves_cutoff=829;upper_skipped_by_nonnegative_interval_lower=647
484,3,lp,lower,100,0,0.0,0.0,0,0,0,0,0,0,0,9,0,91,,interval_proves_cutoff=9;lower_skipped_by_nonpositive_upper=91
484,3,lp,upper,100,0,0.0,0.0,0,0,0,0,0,0,0,91,9,0,,interval_proves_cutoff=91;upper_skipped_by_nonnegative_interval_lower=9
485,0,lp,lower,9,9,0.045049298,0.04443359375,1139,0,0,9,0,0,0,0,0,0,OPTIMAL=9,
485,0,lp,upper,9,9,0.058141764,0.0574190616607666,1337,0,0,9,0,0,0,0,0,0,OPTIMAL=9,
485,1,interval_arithmetic,lower,3136,0,0.0,0.0,0,0,0,0,0,891,0,0,0,2245,,interval_arithmetic=891;lower_skipped_by_nonpositive_upper=2245
485,1,interval_arithmetic,upper,3136,0,0.0,0.0,0,0,0,0,0,3136,0,0,0,0,,interval_arithmetic=3136
485,2,lp,lower,1568,68,0.072549549,0.07001757621765137,1123,0,0,68,0,0,0,664,0,836,OPTIMAL=68,interval_proves_cutoff=664;lower_skipped_by_nonpositive_upper=836
485,2,lp,upper,1568,73,0.08886051499999996,0.07936716079711914,1311,0,0,73,0,0,0,831,664,0,OPTIMAL=73,interval_proves_cutoff=831;upper_skipped_by_nonnegative_interval_lower=664
485,3,lp,lower,100,1,0.005867988,0.00579524040222168,225,0,0,1,0,0,0,8,0,91,OPTIMAL=1,interval_proves_cutoff=8;lower_skipped_by_nonpositive_upper=91
485,3,lp,upper,100,1,0.005841278,0.005702018737792969,210,0,0,1,0,0,0,91,8,0,OPTIMAL=1,interval_proves_cutoff=91;upper_skipped_by_nonnegative_interval_lower=8
486,0,lp,lower,9,9,0.046908165,0.0463099479675293,1370,0,0,9,0,0,0,0,0,0,OPTIMAL=9,
486,0,lp,upper,9,9,0.043299276,0.04265546798706055,1412,0,0,9,0,0,0,0,0,0,OPTIMAL=9,
486,1,interval_arithmetic,lower,3136,0,0.0,0.0,0,0,0,0,0,919,0,0,0,2217,,interval_arithmetic=919;lower_skipped_by_nonpositive_upper=2217
486,1,interval_arithmetic,upper,3136,0,0.0,0.0,0,0,0,0,0,3136,0,0,0,0,,interval_arithmetic=3136
486,2,lp,lower,1568,88,0.09868087999999996,0.09514117240905762,1440,0,0,88,0,0,0,668,0,812,OPTIMAL=88,interval_proves_cutoff=668;lower_skipped_by_nonpositive_upper=812
486,2,lp,upper,1568,98,0.12513081399999998,0.11378931999206543,1716,0,0,98,0,0,0,802,668,0,OPTIMAL=98,interval_proves_cutoff=802;upper_skipped_by_nonnegative_interval_lower=668
486,3,lp,lower,100,0,0.0,0.0,0,0,0,0,0,0,0,9,0,91,,interval_proves_cutoff=9;lower_skipped_by_nonpositive_upper=91
486,3,lp,upper,100,0,0.0,0.0,0,0,0,0,0,0,0,91,9,0,,interval_proves_cutoff=91;upper_skipped_by_nonnegative_interval_lower=9
487,0,lp,lower,9,9,0.04700711,0.046327829360961914,1254,0,0,9,0,0,0,0,0,0,OPTIMAL=9,
487,0,lp,upper,9,9,0.045969605,0.04515695571899414,1364,0,0,9,0,0,0,0,0,0,OPTIMAL=9,
487,1,interval_arithmetic,lower,3136,0,0.0,0.0,0,0,0,0,0,926,0,0,0,2210,,interval_arithmetic=926;lower_skipped_by_nonpositive_upper=2210
487,1,interval_arithmetic,upper,3136,0,0.0,0.0,0,0,0,0,0,3136,0,0,0,0,,interval_arithmetic=3136
487,2,lp,lower,1568,89,0.09642298800000004,0.09295439720153809,1373,0,0,89,0,0,0,679,0,800,OPTIMAL=89,interval_proves_cutoff=679;lower_skipped_by_nonpositive_upper=800
487,2,lp,upper,1568,94,0.11400908600000001,0.10345339775085449,1548,0,0,94,0,0,0,795,679,0,OPTIMAL=94,interval_proves_cutoff=795;upper_skipped_by_nonnegative_interval_lower=679
487,3,lp,lower,100,0,0.0,0.0,0,0,0,0,0,0,0,9,0,91,,interval_proves_cutoff=9;lower_skipped_by_nonpositive_upper=91
487,3,lp,upper,100,0,0.0,0.0,0,0,0,0,0,0,0,91,9,0,,interval_proves_cutoff=91;upper_skipped_by_nonnegative_interval_lower=9
488,0,lp,lower,9,9,0.069212298,0.06854867935180664,1509,0,0,9,0,0,0,0,0,0,OPTIMAL=9,
488,0,lp,upper,9,9,0.06723406300000001,0.06658267974853516,1468,0,0,9,0,0,0,0,0,0,OPTIMAL=9,
488,1,interval_arithmetic,lower,3136,0,0.0,0.0,0,0,0,0,0,917,0,0,0,2219,,interval_arithmetic=917;lower_skipped_by_nonpositive_upper=2219
488,1,interval_arithmetic,upper,3136,0,0.0,0.0,0,0,0,0,0,3136,0,0,0,0,,interval_arithmetic=3136
488,2,lp,lower,1568,89,0.09944830999999997,0.09527969360351562,1552,0,0,89,0,0,0,640,0,839,OPTIMAL=89,interval_proves_cutoff=640;lower_skipped_by_nonpositive_upper=839
488,2,lp,upper,1568,100,0.11944734600000001,0.10842680931091309,1859,0,0,100,0,0,0,828,640,0,OPTIMAL=100,interval_proves_cutoff=828;upper_skipped_by_nonnegative_interval_lower=640
488,3,lp,lower,100,1,0.007403164,0.007331371307373047,248,0,0,1,0,0,0,8,0,91,OPTIMAL=1,interval_proves_cutoff=8;lower_skipped_by_nonpositive_upper=91
488,3,lp,upper,100,1,0.005455568,0.00533604621887207,201,0,0,1,0,0,0,91,8,0,OPTIMAL=1,interval_proves_cutoff=91;upper_skipped_by_nonnegative_interval_lower=8
489,0,lp,lower,9,9,0.04738304300000001,0.04680919647216797,1255,0,0,9,0,0,0,0,0,0,OPTIMAL=9,
489,0,lp,upper,9,9,0.052556264000000005,0.05188179016113281,1331,0,0,9,0,0,0,0,0,0,OPTIMAL=9,
489,1,interval_arithmetic,lower,3136,0,0.0,0.0,0,0,0,0,0,894,0,0,0,2242,,interval_arithmetic=894;lower_skipped_by_nonpositive_upper=2242
489,1,interval_arithmetic,upper,3136,0,0.0,0.0,0,0,0,0,0,3136,0,0,0,0,,interval_arithmetic=3136
489,2,lp,lower,1568,88,0.09179893499999998,0.08847332000732422,1732,0,0,88,0,0,0,655,0,825,OPTIMAL=88,interval_proves_cutoff=655;lower_skipped_by_nonpositive_upper=825
489,2,lp,upper,1568,92,0.10739703200000002,0.09710168838500977,1871,0,0,92,0,0,0,821,655,0,OPTIMAL=92,interval_proves_cutoff=821;upper_skipped_by_nonnegative_interval_lower=655
489,3,lp,lower,100,0,0.0,0.0,0,0,0,0,0,0,0,9,0,91,,interval_proves_cutoff=9;lower_skipped_by_nonpositive_upper=91
489,3,lp,upper,100,0,0.0,0.0,0,0,0,0,0,0,0,91,9,0,,interval_proves_cutoff=91;upper_skipped_by_nonnegative_interval_lower=9
490,0,lp,lower,9,9,0.034087123000000004,0.03353309631347656,814,0,0,9,0,0,0,0,0,0,OPTIMAL=9,
490,0,lp,upper,9,9,0.038988848,0.038481712341308594,888,0,0,9,0,0,0,0,0,0,OPTIMAL=9,
490,1,interval_arithmetic,lower,3136,0,0.0,0.0,0,0,0,0,0,836,0,0,0,2300,,interval_arithmetic=836;lower_skipped_by_nonpositive_upper=2300
490,1,interval_arithmetic,upper,3136,0,0.0,0.0,0,0,0,0,0,3136,0,0,0,0,,interval_arithmetic=3136
490,2,lp,lower,1568,64,0.057474534999999986,0.05524897575378418,408,0,0,64,0,0,0,632,0,872,OPTIMAL=64,interval_proves_cutoff=632;lower_skipped_by_nonpositive_upper=872
490,2,lp,upper,1568,67,0.06956297299999997,0.06121325492858887,589,0,0,67,0,0,0,869,632,0,OPTIMAL=67,interval_proves_cutoff=869;upper_skipped_by_nonnegative_interval_lower=632
490,3,lp,lower,100,2,0.00518372,0.005087614059448242,148,0,0,2,0,0,0,7,0,91,OPTIMAL=2,interval_proves_cutoff=7;lower_skipped_by_nonpositive_upper=91
490,3,lp,upper,100,2,0.006089902,0.005939960479736328,214,0,0,2,0,0,0,91,7,0,OPTIMAL=2,interval_proves_cutoff=91;upper_skipped_by_nonnegative_interval_lower=7
491,0,lp,lower,9,9,0.035660194000000006,0.03507733345031738,1178,0,0,9,0,0,0,0,0,0,OPTIMAL=9,
491,0,lp,upper,9,9,0.039303195000000006,0.03873324394226074,1235,0,0,9,0,0,0,0,0,0,OPTIMAL=9,
491,1,interval_arithmetic,lower,3136,0,0.0,0.0,0,0,0,0,0,908,0,0,0,2228,,interval_arithmetic=908;lower_skipped_by_nonpositive_upper=2228
491,1,interval_arithmetic,upper,3136,0,0.0,0.0,0,0,0,0,0,3136,0,0,0,0,,interval_arithmetic=3136
491,2,lp,lower,1568,86,0.09238661799999999,0.08921074867248535,1161,0,0,86,0,0,0,676,0,806,OPTIMAL=86,interval_proves_cutoff=676;lower_skipped_by_nonpositive_upper=806
491,2,lp,upper,1568,99,0.11997477500000003,0.1096029281616211,1459,0,0,99,0,0,0,793,676,0,OPTIMAL=99,interval_proves_cutoff=793;upper_skipped_by_nonnegative_interval_lower=676
491,3,lp,lower,100,1,0.005185364,0.0051000118255615234,234,0,0,1,0,0,0,8,0,91,OPTIMAL=1,interval_proves_cutoff=8;lower_skipped_by_nonpositive_upper=91
491,3,lp,upper,100,1,0.004741063,0.004627227783203125,179,0,0,1,0,0,0,91,8,0,OPTIMAL=1,interval_proves_cutoff=91;upper_skipped_by_nonnegative_interval_lower=8
492,0,lp,lower,9,9,0.076128372,0.07514429092407227,1571,0,0,9,0,0,0,0,0,0,OPTIMAL=9,
492,0,lp,upper,9,9,0.08268563599999999,0.08166837692260742,1663,0,0,9,0,0,0,0,0,0,OPTIMAL=9,
492,1,interval_arithmetic,lower,3136,0,0.0,0.0,0,0,0,0,0,906,0,0,0,2230,,interval_arithmetic=906;lower_skipped_by_nonpositive_upper=2230
492,1,interval_arithmetic,upper,3136,0,0.0,0.0,0,0,0,0,0,3136,0,0,0,0,,interval_arithmetic=3136
492,2,lp,lower,1568,96,0.109281863,0.10553431510925293,1639,0,0,96,0,0,0,670,0,802,OPTIMAL=96,interval_proves_cutoff=670;lower_skipped_by_nonpositive_upper=802
492,2,lp,upper,1568,103,0.13064806000000004,0.11973404884338379,1887,0,0,103,0,0,0,795,670,0,OPTIMAL=103,interval_proves_cutoff=795;upper_skipped_by_nonnegative_interval_lower=670
492,3,lp,lower,100,1,0.008581506,0.00848245620727539,274,0,0,1,0,0,0,8,0,91,OPTIMAL=1,interval_proves_cutoff=8;lower_skipped_by_nonpositive_upper=91
492,3,lp,upper,100,1,0.006175122,0.00604557991027832,210,0,0,1,0,0,0,91,8,0,OPTIMAL=1,interval_proves_cutoff=91;upper_skipped_by_nonnegative_interval_lower=8
493,0,lp,lower,9,9,0.03326356,0.03268623352050781,992,0,0,9,0,0,0,0,0,0,OPTIMAL=9,
493,0,lp,upper,9,9,0.030136402,0.02948307991027832,984,0,0,9,0,0,0,0,0,0,OPTIMAL=9,
493,1,interval_arithmetic,lower,3136,0,0.0,0.0,0,0,0,0,0,916,0,0,0,2220,,interval_arithmetic=916;lower_skipped_by_nonpositive_upper=2220
493,1,interval_arithmetic,upper,3136,0,0.0,0.0,0,0,0,0,0,3136,0,0,0,0,,interval_arithmetic=3136
493,2,lp,lower,1568,75,0.07016505700000002,0.06737256050109863,474,0,0,75,0,0,0,685,0,808,OPTIMAL=75,interval_proves_cutoff=685;lower_skipped_by_nonpositive_upper=808
493,2,lp,upper,1568,76,0.08352594,0.07423257827758789,571,0,0,76,0,0,0,807,685,0,OPTIMAL=76,interval_proves_cutoff=807;upper_skipped_by_nonnegative_interval_lower=685
493,3,lp,lower,100,0,0.0,0.0,0,0,0,0,0,0,0,9,0,91,,interval_proves_cutoff=9;lower_skipped_by_nonpositive_upper=91
493,3,lp,upper,100,0,0.0,0.0,0,0,0,0,0,0,0,91,9,0,,interval_proves_cutoff=91;upper_skipped_by_nonnegative_interval_lower=9
494,0,lp,lower,9,9,0.109182293,0.10835933685302734,2188,0,0,9,0,0,0,0,0,0,OPTIMAL=9,
494,0,lp,upper,9,9,0.121421808,0.12056946754455566,2364,0,0,9,0,0,0,0,0,0,OPTIMAL=9,
494,1,interval_arithmetic,lower,3136,0,0.0,0.0,0,0,0,0,0,981,0,0,0,2155,,interval_arithmetic=981;lower_skipped_by_nonpositive_upper=2155
494,1,interval_arithmetic,upper,3136,0,0.0,0.0,0,0,0,0,0,3136,0,0,0,0,,interval_arithmetic=3136
494,2,lp,lower,1568,108,0.127395098,0.12306928634643555,1504,0,0,108,0,0,0,697,0,763,OPTIMAL=108,interval_proves_cutoff=697;lower_skipped_by_nonpositive_upper=763
494,2,lp,upper,1568,112,0.14540031499999997,0.13440442085266113,1828,0,0,112,0,0,0,759,697,0,OPTIMAL=112,interval_proves_cutoff=759;upper_skipped_by_nonnegative_interval_lower=697
494,3,lp,lower,100,2,0.012441936,0.012265682220458984,375,0,0,2,0,0,0,7,0,91,OPTIMAL=2,interval_proves_cutoff=7;lower_skipped_by_nonpositive_upper=91
494,3,lp,upper,100,2,0.012162604,0.011954784393310547,449,0,0,2,0,0,0,91,7,0,OPTIMAL=2,interval_proves_cutoff=91;upper_skipped_by_nonnegative_interval_lower=7
495,0,lp,lower,9,9,0.071296047,0.07059931755065918,1483,0,0,9,0,0,0,0,0,0,OPTIMAL=9,
495,0,lp,upper,9,9,0.07359233400000001,0.07288932800292969,1485,0,0,9,0,0,0,0,0,0,OPTIMAL=9,
495,1,interval_arithmetic,lower,3136,0,0.0,0.0,0,0,0,0,0,909,0,0,0,2227,,interval_arithmetic=909;lower_skipped_by_nonpositive_upper=2227
495,1,interval_arithmetic,upper,3136,0,0.0,0.0,0,0,0,0,0,3136,0,0,0,0,,interval_arithmetic=3136
495,2,lp,lower,1568,99,0.10048482500000001,0.09690475463867188,970,0,0,99,0,0,0,642,0,827,OPTIMAL=99,interval_proves_cutoff=642;lower_skipped_by_nonpositive_upper=827
495,2,lp,upper,1568,99,0.11228221900000002,0.10227441787719727,1042,0,0,99,0,0,0,827,642,0,OPTIMAL=99,interval_proves_cutoff=827;upper_skipped_by_nonnegative_interval_lower=642
495,3,lp,lower,100,2,0.010780533,0.010638236999511719,310,0,0,2,0,0,0,7,0,91,OPTIMAL=2,interval_proves_cutoff=7;lower_skipped_by_nonpositive_upper=91
495,3,lp,upper,100,2,0.012468805999999999,0.012273550033569336,379,0,0,2,0,0,0,91,7,0,OPTIMAL=2,interval_proves_cutoff=91;upper_skipped_by_nonnegative_interval_lower=7
496,0,lp,lower,9,9,0.028625852000000004,0.02796459197998047,941,0,0,9,0,0,0,0,0,0,OPTIMAL=9,
496,0,lp,upper,9,9,0.030125790000000003,0.0294191837310791,963,0,0,9,0,0,0,0,0,0,OPTIMAL=9,
496,1,interval_arithmetic,lower,3136,0,0.0,0.0,0,0,0,0,0,974,0,0,0,2162,,interval_arithmetic=974;lower_skipped_by_nonpositive_upper=2162
496,1,interval_arithmetic,upper,3136,0,0.0,0.0,0,0,0,0,0,3136,0,0,0,0,,interval_arithmetic=3136
496,2,lp,lower,1568,73,0.07372248299999998,0.07108139991760254,857,0,0,73,0,0,0,673,0,822,OPTIMAL=73,interval_proves_cutoff=673;lower_skipped_by_nonpositive_upper=822
496,2,lp,upper,1568,84,0.10261602700000003,0.09279203414916992,1150,0,0,84,0,0,0,811,673,0,OPTIMAL=84,interval_proves_cutoff=811;upper_skipped_by_nonnegative_interval_lower=673
496,3,lp,lower,100,0,0.0,0.0,0,0,0,0,0,0,0,9,0,91,,interval_proves_cutoff=9;lower_skipped_by_nonpositive_upper=91
496,3,lp,upper,100,0,0.0,0.0,0,0,0,0,0,0,0,91,9,0,,interval_proves_cutoff=91;upper_skipped_by_nonnegative_interval_lower=9
497,0,lp,lower,9,9,0.049212753,0.04862189292907715,1210,0,0,9,0,0,0,0,0,0,OPTIMAL=9,
497,0,lp,upper,9,9,0.05269613099999999,0.05200934410095215,1278,0,0,9,0,0,0,0,0,0,OPTIMAL=9,
497,1,interval_arithmetic,lower,3136,0,0.0,0.0,0,0,0,0,0,889,0,0,0,2247,,interval_arithmetic=889;lower_skipped_by_nonpositive_upper=2247
497,1,interval_arithmetic,upper,3136,0,0.0,0.0,0,0,0,0,0,3136,0,0,0,0,,interval_arithmetic=3136
497,2,lp,lower,1568,88,0.09445781400000001,0.09117412567138672,1525,0,0,88,0,0,0,642,0,838,OPTIMAL=88,interval_proves_cutoff=642;lower_skipped_by_nonpositive_upper=838
497,2,lp,upper,1568,93,0.11084394500000004,0.10047531127929688,1511,0,0,93,0,0,0,833,642,0,OPTIMAL=93,interval_proves_cutoff=833;upper_skipped_by_nonnegative_interval_lower=642
497,3,lp,lower,100,2,0.011320121,0.011193275451660156,256,0,0,2,0,0,0,7,0,91,OPTIMAL=2,interval_proves_cutoff=7;lower_skipped_by_nonpositive_upper=91
497,3,lp,upper,100,2,0.010950501,0.010761260986328125,329,0,0,2,0,0,0,91,7,0,OPTIMAL=2,interval_proves_cutoff=91;upper_skipped_by_nonnegative_interval_lower=7
498,0,lp,lower,9,9,0.038474362,0.03781771659851074,953,0,0,9,0,0,0,0,0,0,OPTIMAL=9,
498,0,lp,upper,9,9,0.043316414000000004,0.04253745079040527,1007,0,0,9,0,0,0,0,0,0,OPTIMAL=9,
498,1,interval_arithmetic,lower,3136,0,0.0,0.0,0,0,0,0,0,877,0,0,0,2259,,interval_arithmetic=877;lower_skipped_by_nonpositive_upper=2259
498,1,interval_arithmetic,upper,3136,0,0.0,0.0,0,0,0,0,0,3136,0,0,0,0,,interval_arithmetic=3136
498,2,lp,lower,1568,66,0.06247924799999999,0.06014704704284668,677,0,0,66,0,0,0,642,0,860,OPTIMAL=66,interval_proves_cutoff=642;lower_skipped_by_nonpositive_upper=860
498,2,lp,upper,1568,67,0.07365190700000002,0.06470370292663574,730,0,0,67,0,0,0,859,642,0,OPTIMAL=67,interval_proves_cutoff=859;upper_skipped_by_nonnegative_interval_lower=642
498,3,lp,lower,100,1,0.003970996,0.0039048194885253906,177,0,0,1,0,0,0,8,0,91,OPTIMAL=1,interval_proves_cutoff=8;lower_skipped_by_nonpositive_upper=91
498,3,lp,upper,100,1,0.003675073,0.003564596176147461,156,0,0,1,0,0,0,91,8,0,OPTIMAL=1,interval_proves_cutoff=91;upper_skipped_by_nonnegative_interval_lower=8
499,0,lp,lower,9,9,0.071382508,0.0706021785736084,1656,0,0,9,0,0,0,0,0,0,OPTIMAL=9,
499,0,lp,upper,9,9,0.068922173,0.06809520721435547,1508,0,0,9,0,0,0,0,0,0,OPTIMAL=9,
499,1,interval_arithmetic,lower,3136,0,0.0,0.0,0,0,0,0,0,918,0,0,0,2218,,interval_arithmetic=918;lower_skipped_by_nonpositive_upper=2218
499,1,interval_arithmetic,upper,3136,0,0.0,0.0,0,0,0,0,0,3136,0,0,0,0,,interval_arithmetic=3136
499,2,lp,lower,1568,88,0.09981953500000003,0.09640932083129883,1291,0,0,88,0,0,0,667,0,813,OPTIMAL=88,interval_proves_cutoff=667;lower_skipped_by_nonpositive_upper=813
499,2,lp,upper,1568,93,0.109046695,0.09848451614379883,1498,0,0,93,0,0,0,808,667,0,OPTIMAL=93,interval_proves_cutoff=808;upper_skipped_by_nonnegative_interval_lower=667
499,3,lp,lower,100,1,0.007428212,0.007337808609008789,259,0,0,1,0,0,0,8,0,91,OPTIMAL=1,interval_proves_cutoff=8;lower_skipped_by_nonpositive_upper=91
499,3,lp,upper,100,1,0.006128786,0.005999565124511719,216,0,0,1,0,0,0,91,8,0,OPTIMAL=1,interval_proves_cutoff=91;upper_skipped_by_nonnegative_interval_lower=8
500,0,lp,lower,9,9,0.035307809,0.03470563888549805,1021,0,0,9,0,0,0,0,0,0,OPTIMAL=9,
500,0,lp,upper,9,9,0.035358393,0.03473210334777832,1060,0,0,9,0,0,0,0,0,0,OPTIMAL=9,
500,1,interval_arithmetic,lower,3136,0,0.0,0.0,0,0,0,0,0,874,0,0,0,2262,,interval_arithmetic=874;lower_skipped_by_nonpositive_upper=2262
500,1,interval_arithmetic,upper,3136,0,0.0,0.0,0,0,0,0,0,3136,0,0,0,0,,interval_arithmetic=3136
500,2,lp,lower,1568,68,0.068572329,0.0660245418548584,1018,0,0,68,0,0,0,644,0,856,OPTIMAL=68,interval_proves_cutoff=644;lower_skipped_by_nonpositive_upper=856
500,2,lp,upper,1568,69,0.08038435199999996,0.07128024101257324,1186,0,0,69,0,0,0,855,644,0,OPTIMAL=69,interval_proves_cutoff=855;upper_skipped_by_nonnegative_interval_lower=644
500,3,lp,lower,100,0,0.0,0.0,0,0,0,0,0,0,0,9,0,91,,interval_proves_cutoff=9;lower_skipped_by_nonpositive_upper=91
500,3,lp,upper,100,0,0.0,0.0,0,0,0,0,0,0,0,91,9,0,,interval_proves_cutoff=91;upper_skipped_by_nonnegative_interval_lower=9
