sample_index,relu_layer_index,tightening_algorithm,bound_type,request_count,solver_call_count,solver_wall_time_seconds,solver_reported_time_seconds,simplex_iterations,barrier_iterations,node_count,optimal_count,time_limit_count,interval_arithmetic_count,constant_expression_count,interval_cutoff_count,upper_skipped_count,lower_skipped_count,status_counts,skip_counts
1,0,lp,lower,9,9,0.048092465,0.047502756118774414,1310,0,0,9,0,0,0,0,0,0,OPTIMAL=9,
1,0,lp,upper,9,9,0.056184272,0.055529117584228516,1433,0,0,9,0,0,0,0,0,0,OPTIMAL=9,
1,1,interval_arithmetic,lower,3136,0,0.0,0.0,0,0,0,0,0,887,0,0,0,2249,,interval_arithmetic=887;lower_skipped_by_nonpositive_upper=2249
1,1,interval_arithmetic,upper,3136,0,0.0,0.0,0,0,0,0,0,3136,0,0,0,0,,interval_arithmetic=3136
1,2,lp,lower,1568,84,0.077692904,0.07477927207946777,1241,0,0,84,0,0,0,638,0,846,OPTIMAL=84,interval_proves_cutoff=638;lower_skipped_by_nonpositive_upper=846
1,2,lp,upper,1568,91,0.5303020980000002,0.08608317375183105,1463,0,0,91,0,0,0,839,638,0,OPTIMAL=91,interval_proves_cutoff=839;upper_skipped_by_nonnegative_interval_lower=638
1,3,lp,lower,100,2,0.008126277000000001,0.00798487663269043,275,0,0,2,0,0,0,7,0,91,OPTIMAL=2,interval_proves_cutoff=7;lower_skipped_by_nonpositive_upper=91
1,3,lp,upper,100,2,0.00932562,0.009139537811279297,336,0,0,2,0,0,0,91,7,0,OPTIMAL=2,interval_proves_cutoff=91;upper_skipped_by_nonnegative_interval_lower=7
2,0,lp,lower,9,9,0.033345943999999995,0.0327913761138916,1178,0,0,9,0,0,0,0,0,0,OPTIMAL=9,
2,0,lp,upper,9,9,0.034633835,0.0340728759765625,1198,0,0,9,0,0,0,0,0,0,OPTIMAL=9,
2,1,interval_arithmetic,lower,3136,0,0.0,0.0,0,0,0,0,0,923,0,0,0,2213,,interval_arithmetic=923;lower_skipped_by_nonpositive_upper=2213
2,1,interval_arithmetic,upper,3136,0,0.0,0.0,0,0,0,0,0,3136,0,0,0,0,,interval_arithmetic=3136
2,2,lp,lower,1568,77,0.07106808799999997,0.06831526756286621,812,0,0,77,0,0,0,687,0,804,OPTIMAL=77,interval_proves_cutoff=687;lower_skipped_by_nonpositive_upper=804
2,2,lp,upper,1568,82,0.08339798999999999,0.07555079460144043,963,0,0,82,0,0,0,799,687,0,OPTIMAL=82,interval_proves_cutoff=799;upper_skipped_by_nonnegative_interval_lower=687
2,3,lp,lower,100,0,0.0,0.0,0,0,0,0,0,0,0,9,0,91,,interval_proves_cutoff=9;lower_skipped_by_nonpositive_upper=91
2,3,lp,upper,100,0,0.0,0.0,0,0,0,0,0,0,0,91,9,0,,interval_proves_cutoff=91;upper_skipped_by_nonnegative_interval_lower=9
3,0,lp,lower,9,9,0.034624933999999996,0.03414154052734375,902,0,0,9,0,0,0,0,0,0,OPTIMAL=9,
3,0,lp,upper,9,9,0.038532001999999996,0.03802227973937988,977,0,0,9,0,0,0,0,0,0,OPTIMAL=9,
3,1,interval_arithmetic,lower,3136,0,0.0,0.0,0,0,0,0,0,838,0,0,0,2298,,interval_arithmetic=838;lower_skipped_by_nonpositive_upper=2298
3,1,interval_arithmetic,upper,3136,0,0.0,0.0,0,0,0,0,0,3136,0,0,0,0,,interval_arithmetic=3136
3,2,lp,lower,1568,70,0.055543903000000006,0.05334210395812988,745,0,0,70,0,0,0,616,0,882,OPTIMAL=70,interval_proves_cutoff=616;lower_skipped_by_nonpositive_upper=882
3,2,lp,upper,1568,74,0.06664589999999995,0.05949759483337402,816,0,0,74,0,0,0,878,616,0,OPTIMAL=74,interval_proves_cutoff=878;upper_skipped_by_nonnegative_interval_lower=616
3,3,lp,lower,100,2,0.005111799,0.005005359649658203,161,0,0,2,0,0,0,7,0,91,OPTIMAL=2,interval_proves_cutoff=7;lower_skipped_by_nonpositive_upper=91
3,3,lp,upper,100,2,0.00523654,0.005111217498779297,217,0,0,2,0,0,0,91,7,0,OPTIMAL=2,interval_proves_cutoff=91;upper_skipped_by_nonnegative_interval_lower=7
4,0,lp,lower,9,9,0.031108746000000003,0.030595779418945312,1122,0,0,9,0,0,0,0,0,0,OPTIMAL=9,
4,0,lp,upper,9,9,0.033391355000000005,0.03282594680786133,1161,0,0,9,0,0,0,0,0,0,OPTIMAL=9,
4,1,interval_arithmetic,lower,3136,0,0.0,0.0,0,0,0,0,0,953,0,0,0,2183,,interval_arithmetic=953;lower_skipped_by_nonpositive_upper=2183
4,1,interval_arithmetic,upper,3136,0,0.0,0.0,0,0,0,0,0,3136,0,0,0,0,,interval_arithmetic=3136
4,2,lp,lower,1568,74,0.074720662,0.07202029228210449,1140,0,0,74,0,0,0,677,0,817,OPTIMAL=74,interval_proves_cutoff=677;lower_skipped_by_nonpositive_upper=817
4,2,lp,upper,1568,77,0.083040708,0.07521915435791016,1178,0,0,77,0,0,0,814,677,0,OPTIMAL=77,interval_proves_cutoff=814;upper_skipped_by_nonnegative_interval_lower=677
4,3,lp,lower,100,0,0.0,0.0,0,0,0,0,0,0,0,9,0,91,,interval_proves_cutoff=9;lower_skipped_by_nonpositive_upper=91
4,3,lp,upper,100,0,0.0,0.0,0,0,0,0,0,0,0,91,9,0,,interval_proves_cutoff=91;upper_skipped_by_nonnegative_interval_lower=9
5,0,lp,lower,9,9,0.042230449,0.04162883758544922,1215,0,0,9,0,0,0,0,0,0,OPTIMAL=9,
5,0,lp,upper,9,9,0.043174299,0.04253959655761719,1264,0,0,9,0,0,0,0,0,0,OPTIMAL=9,
5,1,interval_arithmetic,lower,3136,0,0.0,0.0,0,0,0,0,0,897,0,0,0,2239,,interval_arithmetic=897;lower_skipped_by_nonpositive_upper=2239
5,1,interval_arithmetic,upper,3136,0,0.0,0.0,0,0,0,0,0,3136,0,0,0,0,,interval_arithmetic=3136
5,2,lp,lower,1568,108,0.10188579600000001,0.09809303283691406,1378,0,0,108,0,0,0,651,0,809,OPTIMAL=108,interval_proves_cutoff=651;lower_skipped_by_nonpositive_upper=809
5,2,lp,upper,1568,122,0.12670993599999997,0.1171884536743164,1688,0,0,122,0,0,0,795,651,0,OPTIMAL=122,interval_proves_cutoff=795;upper_skipped_by_nonnegative_interval_lower=651
5,3,lp,lower,100,0,0.0,0.0,0,0,0,0,0,0,0,9,0,91,,interval_proves_cutoff=9;lower_skipped_by_nonpositive_upper=91
5,3,lp,upper,100,0,0.0,0.0,0,0,0,0,0,0,0,91,9,0,,interval_proves_cutoff=91;upper_skipped_by_nonnegative_interval_lower=9
6,0,lp,lower,9,9,0.035310994,0.03482246398925781,952,0,0,9,0,0,0,0,0,0,OPTIMAL=9,
6,0,lp,upper,9,9,0.028971845000000003,0.02847456932067871,859,0,0,9,0,0,0,0,0,0,OPTIMAL=9,
6,1,interval_arithmetic,lower,3136,0,0.0,0.0,0,0,0,0,0,857,0,0,0,2279,,interval_arithmetic=857;lower_skipped_by_nonpositive_upper=2279
6,1,interval_arithmetic,upper,3136,0,0.0,0.0,0,0,0,0,0,3136,0,0,0,0,,interval_arithmetic=3136
6,2,lp,lower,1568,59,0.045806394,0.04392576217651367,611,0,0,59,0,0,0,632,0,877,OPTIMAL=59,interval_proves_cutoff=632;lower_skipped_by_nonpositive_upper=877
6,2,lp,upper,1568,62,0.05598699799999998,0.04934835433959961,693,0,0,62,0,0,0,874,632,0,OPTIMAL=62,interval_proves_cutoff=874;upper_skipped_by_nonnegative_interval_lower=632
6,3,lp,lower,100,2,0.005350958,0.005235433578491211,178,0,0,2,0,0,0,7,0,91,OPTIMAL=2,interval_proves_cutoff=7;lower_skipped_by_nonpositive_upper=91
6,3,lp,upper,100,2,0.005211731000000001,0.0050890445709228516,207,0,0,2,0,0,0,91,7,0,OPTIMAL=2,interval_proves_cutoff=91;upper_skipped_by_nonnegative_interval_lower=7
7,0,lp,lower,9,9,0.051813468999999994,0.05119013786315918,1428,0,0,9,0,0,0,0,0,0,OPTIMAL=9,
7,0,lp,upper,9,9,0.054196993,0.0535275936126709,1440,0,0,9,0,0,0,0,0,0,OPTIMAL=9,
7,1,interval_arithmetic,lower,3136,0,0.0,0.0,0,0,0,0,0,905,0,0,0,2231,,interval_arithmetic=905;lower_skipped_by_nonpositive_upper=2231
7,1,interval_arithmetic,upper,3136,0,0.0,0.0,0,0,0,0,0,3136,0,0,0,0,,interval_arithmetic=3136
7,2,lp,lower,1568,109,0.10918916599999998,0.10517454147338867,1443,0,0,109,0,0,0,638,0,821,OPTIMAL=109,interval_proves_cutoff=638;lower_skipped_by_nonpositive_upper=821
7,2,lp,upper,1568,116,0.11619800100000001,0.10738444328308105,1656,0,0,116,0,0,0,814,638,0,OPTIMAL=116,interval_proves_cutoff=814;upper_skipped_by_nonnegative_interval_lower=638
7,3,lp,lower,100,1,0.006985926,0.006913423538208008,272,0,0,1,0,0,0,8,0,91,OPTIMAL=1,interval_proves_cutoff=8;lower_skipped_by_nonpositive_upper=91
7,3,lp,upper,100,1,0.005302716,0.005217552185058594,238,0,0,1,0,0,0,91,8,0,OPTIMAL=1,interval_proves_cutoff=91;upper_skipped_by_nonnegative_interval_lower=8
8,0,lp,lower,9,9,0.037979509,0.037456512451171875,1212,0,0,9,0,0,0,0,0,0,OPTIMAL=9,
8,0,lp,upper,9,9,0.041711772,0.041133880615234375,1226,0,0,9,0,0,0,0,0,0,OPTIMAL=9,
8,1,interval_arithmetic,lower,3136,0,0.0,0.0,0,0,0,0,0,893,0,0,0,2243,,interval_arithmetic=893;lower_skipped_by_nonpositive_upper=2243
8,1,interval_arithmetic,upper,3136,0,0.0,0.0,0,0,0,0,0,3136,0,0,0,0,,interval_arithmetic=3136
8,2,lp,lower,1568,80,0.07213115199999999,0.06931877136230469,1078,0,0,80,0,0,0,642,0,846,OPTIMAL=80,interval_proves_cutoff=642;lower_skipped_by_nonpositive_upper=846
8,2,lp,upper,1568,84,0.080413466,0.0726478099822998,1243,0,0,84,0,0,0,842,642,0,OPTIMAL=84,interval_proves_cutoff=842;upper_skipped_by_nonnegative_interval_lower=642
8,3,lp,lower,100,0,0.0,0.0,0,0,0,0,0,0,0,9,0,91,,interval_proves_cutoff=9;lower_skipped_by_nonpositive_upper=91
8,3,lp,upper,100,0,0.0,0.0,0,0,0,0,0,0,0,91,9,0,,interval_proves_cutoff=91;upper_skipped_by_nonnegative_interval_lower=9
9,0,lp,lower,9,9,0.035114471,0.03455209732055664,1349,0,0,9,0,0,0,0,0,0,OPTIMAL=9,
9,0,lp,upper,9,9,0.038498074,0.03789186477661133,1431,0,0,9,0,0,0,0,0,0,OPTIMAL=9,
9,1,interval_arithmetic,lower,3136,0,0.0,0.0,0,0,0,0,0,936,0,0,0,2200,,interval_arithmetic=936;lower_skipped_by_nonpositive_upper=2200
9,1,interval_arithmetic,upper,3136,0,0.0,0.0,0,0,0,0,0,3136,0,0,0,0,,interval_arithmetic=3136
9,2,lp,lower,1568,92,0.08817816499999999,0.08488202095031738,1185,0,0,92,0,0,0,675,0,801,OPTIMAL=92,interval_proves_cutoff=675;lower_skipped_by_nonpositive_upper=801
9,2,lp,upper,1568,94,0.11279456400000003,0.09046435356140137,1328,0,0,94,0,0,0,799,675,0,OPTIMAL=94,interval_proves_cutoff=799;upper_skipped_by_nonnegative_interval_lower=675
9,3,lp,lower,100,0,0.0,0.0,0,0,0,0,0,0,0,9,0,91,,interval_proves_cutoff=9;lower_skipped_by_nonpositive_upper=91
9,3,lp,upper,100,0,0.0,0.0,0,0,0,0,0,0,0,91,9,0,,interval_proves_cutoff=91;upper_skipped_by_nonnegative_interval_lower=9
10,0,lp,lower,9,9,0.059380500999999995,0.058737754821777344,1650,0,0,9,0,0,0,0,0,0,OPTIMAL=9,
10,0,lp,upper,9,9,0.052761376000000006,0.05209517478942871,1622,0,0,9,0,0,0,0,0,0,OPTIMAL=9,
10,1,interval_arithmetic,lower,3136,0,0.0,0.0,0,0,0,0,0,940,0,0,0,2196,,interval_arithmetic=940;lower_skipped_by_nonpositive_upper=2196
10,1,interval_arithmetic,upper,3136,0,0.0,0.0,0,0,0,0,0,3136,0,0,0,0,,interval_arithmetic=3136
10,2,lp,lower,1568,110,0.11388720899999996,0.10973548889160156,2063,0,0,110,0,0,0,646,0,812,OPTIMAL=110,interval_proves_cutoff=646;lower_skipped_by_nonpositive_upper=812
10,2,lp,upper,1568,116,0.12441426899999995,0.11519241333007812,2346,0,0,116,0,0,0,806,646,0,OPTIMAL=116,interval_proves_cutoff=806;upper_skipped_by_nonnegative_interval_lower=646
10,3,lp,lower,100,0,0.0,0.0,0,0,0,0,0,0,0,9,0,91,,interval_proves_cutoff=9;lower_skipped_by_nonpositive_upper=91
10,3,lp,upper,100,0,0.0,0.0,0,0,0,0,0,0,0,91,9,0,,interval_proves_cutoff=91;upper_skipped_by_nonnegative_interval_lower=9
11,0,lp,lower,9,9,0.038320978000000006,0.03776121139526367,1179,0,0,9,0,0,0,0,0,0,OPTIMAL=9,
11,0,lp,upper,9,9,0.040363983,0.03980422019958496,1242,0,0,9,0,0,0,0,0,0,OPTIMAL=9,
11,1,interval_arithmetic,lower,3136,0,0.0,0.0,0,0,0,0,0,932,0,0,0,2204,,interval_arithmetic=932;lower_skipped_by_nonpositive_upper=2204
11,1,interval_arithmetic,upper,3136,0,0.0,0.0,0,0,0,0,0,3136,0,0,0,0,,interval_arithmetic=3136
11,2,lp,lower,1568,93,0.092890934,0.08944487571716309,1106,0,0,93,0,0,0,671,0,804,OPTIMAL=93,interval_proves_cutoff=671;lower_skipped_by_nonpositive_upper=804
11,2,lp,upper,1568,107,0.11258891499999994,0.1037454605102539,1319,0,0,107,0,0,0,790,671,0,OPTIMAL=107,interval_proves_cutoff=790;upper_skipped_by_nonnegative_interval_lower=671
11,3,lp,lower,100,1,0.004485786,0.004418611526489258,219,0,0,1,0,0,0,8,0,91,OPTIMAL=1,interval_proves_cutoff=8;lower_skipped_by_nonpositive_upper=91
11,3,lp,upper,100,1,0.004903466,0.004799604415893555,188,0,0,1,0,0,0,91,8,0,OPTIMAL=1,interval_proves_cutoff=91;upper_skipped_by_nonnegative_interval_lower=8
12,0,lp,lower,9,9,0.12402127900000001,0.12328362464904785,2464,0,0,9,0,0,0,0,0,0,OPTIMAL=9,
12,0,lp,upper,9,9,0.124528973,0.12376117706298828,2405,0,0,9,0,0,0,0,0,0,OPTIMAL=9,
12,1,interval_arithmetic,lower,3136,0,0.0,0.0,0,0,0,0,0,942,0,0,0,2194,,interval_arithmetic=942;lower_skipped_by_nonpositive_upper=2194
12,1,interval_arithmetic,upper,3136,0,0.0,0.0,0,0,0,0,0,3136,0,0,0,0,,interval_arithmetic=3136
12,2,lp,lower,1568,154,0.15430167400000006,0.14848613739013672,2330,0,0,154,0,0,0,648,0,766,OPTIMAL=154,interval_proves_cutoff=648;lower_skipped_by_nonpositive_upper=766
12,2,lp,upper,1568,163,0.172678358,0.16089963912963867,2823,0,0,163,0,0,0,757,648,0,OPTIMAL=163,interval_proves_cutoff=757;upper_skipped_by_nonnegative_interval_lower=648
12,3,lp,lower,100,1,0.008105768,0.008015632629394531,358,0,0,1,0,0,0,8,0,91,OPTIMAL=1,interval_proves_cutoff=8;lower_skipped_by_nonpositive_upper=91
12,3,lp,upper,100,1,0.0080311,0.00792384147644043,348,0,0,1,0,0,0,91,8,0,OPTIMAL=1,interval_proves_cutoff=91;upper_skipped_by_nonnegative_interval_lower=8
13,0,lp,lower,9,9,0.045335728000000006,0.044757843017578125,1205,0,0,9,0,0,0,0,0,0,OPTIMAL=9,
13,0,lp,upper,9,9,0.050993737,0.05039381980895996,1279,0,0,9,0,0,0,0,0,0,OPTIMAL=9,
13,1,interval_arithmetic,lower,3136,0,0.0,0.0,0,0,0,0,0,900,0,0,0,2236,,interval_arithmetic=900;lower_skipped_by_nonpositive_upper=2236
13,1,interval_arithmetic,upper,3136,0,0.0,0.0,0,0,0,0,0,3136,0,0,0,0,,interval_arithmetic=3136
13,2,lp,lower,1568,97,0.08731052400000001,0.0838778018951416,1279,0,0,97,0,0,0,647,0,824,OPTIMAL=97,interval_proves_cutoff=647;lower_skipped_by_nonpositive_upper=824
13,2,lp,upper,1568,102,0.09644170700000002,0.08793401718139648,1541,0,0,102,0,0,0,819,647,0,OPTIMAL=102,interval_proves_cutoff=819;upper_skipped_by_nonnegative_interval_lower=647
13,3,lp,lower,100,1,0.007826448,0.0077571868896484375,273,0,0,1,0,0,0,8,0,91,OPTIMAL=1,interval_proves_cutoff=8;lower_skipped_by_nonpositive_upper=91
13,3,lp,upper,100,1,0.00579611,0.00571131706237793,208,0,0,1,0,0,0,91,8,0,OPTIMAL=1,interval_proves_cutoff=91;upper_skipped_by_nonnegative_interval_lower=8
14,0,lp,lower,9,9,0.052217015000000006,0.05162215232849121,1642,0,0,9,0,0,0,0,0,0,OPTIMAL=9,
14,0,lp,upper,9,9,0.050046396,0.04942440986633301,1612,0,0,9,0,0,0,0,0,0,OPTIMAL=9,
14,1,interval_arithmetic,lower,3136,0,0.0,0.0,0,0,0,0,0,940,0,0,0,2196,,interval_arithmetic=940;lower_skipped_by_nonpositive_upper=2196
14,1,interval_arithmetic,upper,3136,0,0.0,0.0,0,0,0,0,0,3136,0,0,0,0,,interval_arithmetic=3136
14,2,lp,lower,1568,102,0.098782742,0.09502649307250977,1489,0,0,102,0,0,0,675,0,791,OPTIMAL=102,interval_proves_cutoff=675;lower_skipped_by_nonpositive_upper=791
14,2,lp,upper,1568,106,0.118231496,0.10121035575866699,1605,0,0,106,0,0,0,787,675,0,OPTIMAL=106,interval_proves_cutoff=787;upper_skipped_by_nonnegative_interval_lower=675
14,3,lp,lower,100,0,0.0,0.0,0,0,0,0,0,0,0,8,0,92,,interval_proves_cutoff=8;lower_skipped_by_nonpositive_upper=92
14,3,lp,upper,100,1,0.006518562,0.006430387496948242,272,0,0,1,0,0,0,91,8,0,OPTIMAL=1,interval_proves_cutoff=91;upper_skipped_by_nonnegative_interval_lower=8
15,0,lp,lower,9,9,0.016547895,0.01611185073852539,484,0,0,9,0,0,0,0,0,0,OPTIMAL=9,
15,0,lp,upper,9,9,0.017370768,0.016820430755615234,504,0,0,9,0,0,0,0,0,0,OPTIMAL=9,
15,1,interval_arithmetic,lower,3136,0,0.0,0.0,0,0,0,0,0,850,0,0,0,2286,,interval_arithmetic=850;lower_skipped_by_nonpositive_upper=2286
15,1,interval_arithmetic,upper,3136,0,0.0,0.0,0,0,0,0,0,3136,0,0,0,0,,interval_arithmetic=3136
15,2,lp,lower,1568,38,0.02463543699999999,0.023502588272094727,117,0,0,38,0,0,0,653,0,877,OPTIMAL=38,interval_proves_cutoff=653;lower_skipped_by_nonpositive_upper=877
15,2,lp,upper,1568,40,0.03283446699999999,0.027234792709350586,223,0,0,40,0,0,0,875,653,0,OPTIMAL=40,interval_proves_cutoff=875;upper_skipped_by_nonnegative_interval_lower=653
15,3,lp,lower,100,0,0.0,0.0,0,0,0,0,0,0,0,8,0,92,,interval_proves_cutoff=8;lower_skipped_by_nonpositive_upper=92
15,3,lp,upper,100,0,0.0,0.0,0,0,0,0,0,0,0,92,8,0,,interval_proves_cutoff=92;upper_skipped_by_nonnegative_interval_lower=8
16,0,lp,lower,9,9,0.059045935,0.0584254264831543,1725,0,0,9,0,0,0,0,0,0,OPTIMAL=9,
16,0,lp,upper,9,9,0.048458211,0.04784250259399414,1540,0,0,9,0,0,0,0,0,0,OPTIMAL=9,
16,1,interval_arithmetic,lower,3136,0,0.0,0.0,0,0,0,0,0,914,0,0,0,2222,,interval_arithmetic=914;lower_skipped_by_nonpositive_upper=2222
16,1,interval_arithmetic,upper,3136,0,0.0,0.0,0,0,0,0,0,3136,0,0,0,0,,interval_arithmetic=3136
16,2,lp,lower,1568,119,0.12271768499999994,0.11825203895568848,1920,0,0,119,0,0,0,692,0,757,OPTIMAL=119,interval_proves_cutoff=692;lower_skipped_by_nonpositive_upper=757
16,2,lp,upper,1568,131,0.13908034400000005,0.12916994094848633,2161,0,0,131,0,0,0,745,692,0,OPTIMAL=131,interval_proves_cutoff=745;upper_skipped_by_nonnegative_interval_lower=692
16,3,lp,lower,100,1,0.009392955,0.009317398071289062,347,0,0,1,0,0,0,8,0,91,OPTIMAL=1,interval_proves_cutoff=8;lower_skipped_by_nonpositive_upper=91
16,3,lp,upper,100,1,0.006679752,0.006585597991943359,232,0,0,1,0,0,0,91,8,0,OPTIMAL=1,interval_proves_cutoff=91;upper_skipped_by_nonnegative_interval_lower=8
17,0,lp,lower,9,9,0.042936615,0.042356252670288086,1342,0,0,9,0,0,0,0,0,0,OPTIMAL=9,
17,0,lp,upper,9,9,0.04544865000000001,0.04487776756286621,1369,0,0,9,0,0,0,0,0,0,OPTIMAL=9,
17,1,interval_arithmetic,lower,3136,0,0.0,0.0,0,0,0,0,0,916,0,0,0,2220,,interval_arithmetic=916;lower_skipped_by_nonpositive_upper=2220
17,1,interval_arithmetic,upper,3136,0,0.0,0.0,0,0,0,0,0,3136,0,0,0,0,,interval_arithmetic=3136
17,2,lp,lower,1568,91,0.09201630199999998,0.08863687515258789,1673,0,0,91,0,0,0,652,0,825,OPTIMAL=91,interval_proves_cutoff=652;lower_skipped_by_nonpositive_upper=825
17,2,lp,upper,1568,102,0.11347091500000002,0.10489392280578613,2072,0,0,102,0,0,0,814,652,0,OPTIMAL=102,interval_proves_cutoff=814;upper_skipped_by_nonnegative_interval_lower=652
17,3,lp,lower,100,1,0.005751275,0.005684614181518555,256,0,0,1,0,0,0,8,0,91,OPTIMAL=1,interval_proves_cutoff=8;lower_skipped_by_nonpositive_upper=91
17,3,lp,upper,100,1,0.005099254,0.005018711090087891,196,0,0,1,0,0,0,91,8,0,OPTIMAL=1,interval_proves_cutoff=91;upper_skipped_by_nonnegative_interval_lower=8
18,0,lp,lower,9,9,0.031647834,0.03110957145690918,1075,0,0,9,0,0,0,0,0,0,OPTIMAL=9,
18,0,lp,upper,9,9,0.031592797,0.031056880950927734,1185,0,0,9,0,0,0,0,0,0,OPTIMAL=9,
18,1,interval_arithmetic,lower,3136,0,0.0,0.0,0,0,0,0,0,902,0,0,0,2234,,interval_arithmetic=902;lower_skipped_by_nonpositive_upper=2234
18,1,interval_arithmetic,upper,3136,0,0.0,0.0,0,0,0,0,0,3136,0,0,0,0,,interval_arithmetic=3136
18,2,lp,lower,1568,66,0.061323948,0.05895566940307617,799,0,0,66,0,0,0,664,0,838,OPTIMAL=66,interval_proves_cutoff=664;lower_skipped_by_nonpositive_upper=838
18,2,lp,upper,1568,68,0.07091344699999999,0.06365394592285156,931,0,0,68,0,0,0,836,664,0,OPTIMAL=68,interval_proves_cutoff=836;upper_skipped_by_nonnegative_interval_lower=664
18,3,lp,lower,100,0,0.0,0.0,0,0,0,0,0,0,0,8,0,92,,interval_proves_cutoff=8;lower_skipped_by_nonpositive_upper=92
18,3,lp,upper,100,0,0.0,0.0,0,0,0,0,0,0,0,92,8,0,,interval_proves_cutoff=92;upper_skipped_by_nonnegative_interval_lower=8
19,0,lp,lower,9,9,0.064564897,0.0639033317565918,1838,0,0,9,0,0,0,0,0,0,OPTIMAL=9,
19,0,lp,upper,9,9,0.066572211,0.06587338447570801,1922,0,0,9,0,0,0,0,0,0,OPTIMAL=9,
19,1,interval_arithmetic,lower,3136,0,0.0,0.0,0,0,0,0,0,966,0,0,0,2170,,interval_arithmetic=966;lower_skipped_by_nonpositive_upper=2170
19,1,interval_arithmetic,upper,3136,0,0.0,0.0,0,0,0,0,0,3136,0,0,0,0,,interval_arithmetic=3136
19,2,lp,lower,1568,121,0.12763108700000003,0.12284708023071289,1746,0,0,121,0,0,0,682,0,765,OPTIMAL=121,interval_proves_cutoff=682;lower_skipped_by_nonpositive_upper=765
19,2,lp,upper,1568,128,0.1358325079999999,0.1262514591217041,2020,0,0,128,0,0,0,758,682,0,OPTIMAL=128,interval_proves_cutoff=758;upper_skipped_by_nonnegative_interval_lower=682
19,3,lp,lower,100,0,0.0,0.0,0,0,0,0,0,0,0,9,0,91,,interval_proves_cutoff=9;lower_skipped_by_nonpositive_upper=91
19,3,lp,upper,100,0,0.0,0.0,0,0,0,0,0,0,0,91,9,0,,interval_proves_cutoff=91;upper_skipped_by_nonnegative_interval_lower=9
20,0,lp,lower,9,9,0.055509838000000006,0.05485033988952637,1428,0,0,9,0,0,0,0,0,0,OPTIMAL=9,
20,0,lp,upper,9,9,0.071233679,0.07054305076599121,1633,0,0,9,0,0,0,0,0,0,OPTIMAL=9,
20,1,interval_arithmetic,lower,3136,0,0.0,0.0,0,0,0,0,0,885,0,0,0,2251,,interval_arithmetic=885;lower_skipped_by_nonpositive_upper=2251
20,1,interval_arithmetic,upper,3136,0,0.0,0.0,0,0,0,0,0,3136,0,0,0,0,,interval_arithmetic=3136
20,2,lp,lower,1568,135,0.11764728999999997,0.1131441593170166,1686,0,0,135,0,0,0,631,0,802,OPTIMAL=135,interval_proves_cutoff=631;lower_skipped_by_nonpositive_upper=802
20,2,lp,upper,1568,141,0.12605374299999997,0.11670684814453125,1828,0,0,141,0,0,0,796,631,0,OPTIMAL=141,interval_proves_cutoff=796;upper_skipped_by_nonnegative_interval_lower=631
20,3,lp,lower,100,1,0.010211435,0.010132789611816406,340,0,0,1,0,0,0,8,0,91,OPTIMAL=1,interval_proves_cutoff=8;lower_skipped_by_nonpositive_upper=91
20,3,lp,upper,100,1,0.008795978,0.008696794509887695,301,0,0,1,0,0,0,91,8,0,OPTIMAL=1,interval_proves_cutoff=91;upper_skipped_by_nonnegative_interval_lower=8
21,0,lp,lower,9,9,0.054502443000000005,0.05395221710205078,1322,0,0,9,0,0,0,0,0,0,OPTIMAL=9,
21,0,lp,upper,9,9,0.057846688,0.057299137115478516,1465,0,0,9,0,0,0,0,0,0,OPTIMAL=9,
21,1,interval_arithmetic,lower,3136,0,0.0,0.0,0,0,0,0,0,916,0,0,0,2220,,interval_arithmetic=916;lower_skipped_by_nonpositive_upper=2220
21,1,interval_arithmetic,upper,3136,0,0.0,0.0,0,0,0,0,0,3136,0,0,0,0,,interval_arithmetic=3136
21,2,lp,lower,1568,70,0.06393730699999998,0.06147885322570801,931,0,0,70,0,0,0,656,0,842,OPTIMAL=70,interval_proves_cutoff=656;lower_skipped_by_nonpositive_upper=842
21,2,lp,upper,1568,72,0.071139761,0.06381082534790039,1033,0,0,72,0,0,0,840,656,0,OPTIMAL=72,interval_proves_cutoff=840;upper_skipped_by_nonnegative_interval_lower=656
21,3,lp,lower,100,1,0.004982028,0.004915952682495117,213,0,0,1,0,0,0,8,0,91,OPTIMAL=1,interval_proves_cutoff=8;lower_skipped_by_nonpositive_upper=91
21,3,lp,upper,100,1,0.004311115,0.004231929779052734,172,0,0,1,0,0,0,91,8,0,OPTIMAL=1,interval_proves_cutoff=91;upper_skipped_by_nonnegative_interval_lower=8
22,0,lp,lower,9,9,0.050676959,0.05008888244628906,1367,0,0,9,0,0,0,0,0,0,OPTIMAL=9,
22,0,lp,upper,9,9,0.06496167800000001,0.06437182426452637,1504,0,0,9,0,0,0,0,0,0,OPTIMAL=9,
22,1,interval_arithmetic,lower,3136,0,0.0,0.0,0,0,0,0,0,905,0,0,0,2231,,interval_arithmetic=905;lower_skipped_by_nonpositive_upper=2231
22,1,interval_arithmetic,upper,3136,0,0.0,0.0,0,0,0,0,0,3136,0,0,0,0,,interval_arithmetic=3136
22,2,lp,lower,1568,78,0.07462959500000002,0.07180047035217285,1363,0,0,78,0,0,0,666,0,824,OPTIMAL=78,interval_proves_cutoff=666;lower_skipped_by_nonpositive_upper=824
22,2,lp,upper,1568,80,0.08651731300000001,0.07877922058105469,1541,0,0,80,0,0,0,822,666,0,OPTIMAL=80,interval_proves_cutoff=822;upper_skipped_by_nonnegative_interval_lower=666
22,3,lp,lower,100,2,0.007899362,0.007778644561767578,259,0,0,2,0,0,0,7,0,91,OPTIMAL=2,interval_proves_cutoff=7;lower_skipped_by_nonpositive_upper=91
22,3,lp,upper,100,2,0.008095036,0.007957935333251953,336,0,0,2,0,0,0,91,7,0,OPTIMAL=2,interval_proves_cutoff=91;upper_skipped_by_nonnegative_interval_lower=7
23,0,lp,lower,9,9,0.06321961400000001,0.0625765323638916,1518,0,0,9,0,0,0,0,0,0,OPTIMAL=9,
23,0,lp,upper,9,9,0.06870457299999999,0.06802821159362793,1514,0,0,9,0,0,0,0,0,0,OPTIMAL=9,
23,1,interval_arithmetic,lower,3136,0,0.0,0.0,0,0,0,0,0,911,0,0,0,2225,,interval_arithmetic=911;lower_skipped_by_nonpositive_upper=2225
23,1,interval_arithmetic,upper,3136,0,0.0,0.0,0,0,0,0,0,3136,0,0,0,0,,interval_arithmetic=3136
23,2,lp,lower,1568,113,0.09449284299999998,0.09058427810668945,1143,0,0,113,0,0,0,663,0,792,OPTIMAL=113,interval_proves_cutoff=663;lower_skipped_by_nonpositive_upper=792
23,2,lp,upper,1568,120,0.107546706,0.09856081008911133,1271,0,0,120,0,0,0,785,663,0,OPTIMAL=120,interval_proves_cutoff=785;upper_skipped_by_nonnegative_interval_lower=663
23,3,lp,lower,100,2,0.011761921,0.01161050796508789,317,0,0,2,0,0,0,7,0,91,OPTIMAL=2,interval_proves_cutoff=7;lower_skipped_by_nonpositive_upper=91
23,3,lp,upper,100,2,0.010958159,0.010791778564453125,413,0,0,2,0,0,0,91,7,0,OPTIMAL=2,interval_proves_cutoff=91;upper_skipped_by_nonnegative_interval_lower=7
24,0,lp,lower,9,9,0.044456657000000004,0.04384636878967285,1345,0,0,9,0,0,0,0,0,0,OPTIMAL=9,
24,0,lp,upper,9,9,0.049938103,0.04934096336364746,1434,0,0,9,0,0,0,0,0,0,OPTIMAL=9,
24,1,interval_arithmetic,lower,3136,0,0.0,0.0,0,0,0,0,0,909,0,0,0,2227,,interval_arithmetic=909;lower_skipped_by_nonpositive_upper=2227
24,1,interval_arithmetic,upper,3136,0,0.0,0.0,0,0,0,0,0,3136,0,0,0,0,,interval_arithmetic=3136
24,2,lp,lower,1568,92,0.08484147300000003,0.08161067962646484,1544,0,0,92,0,0,0,670,0,806,OPTIMAL=92,interval_proves_cutoff=670;lower_skipped_by_nonpositive_upper=806
24,2,lp,upper,1568,96,0.098472321,0.09017157554626465,1629,0,0,96,0,0,0,802,670,0,OPTIMAL=96,interval_proves_cutoff=802;upper_skipped_by_nonnegative_interval_lower=670
24,3,lp,lower,100,1,0.006194483,0.006121635437011719,261,0,0,1,0,0,0,8,0,91,OPTIMAL=1,interval_proves_cutoff=8;lower_skipped_by_nonpositive_upper=91
24,3,lp,upper,100,1,0.00700861,0.006920337677001953,234,0,0,1,0,0,0,91,8,0,OPTIMAL=1,interval_proves_cutoff=91;upper_skipped_by_nonnegative_interval_lower=8
25,0,lp,lower,9,9,0.05649791,0.05591011047363281,1432,0,0,9,0,0,0,0,0,0,OPTIMAL=9,
25,0,lp,upper,9,9,0.05532578999999999,0.05469083786010742,1455,0,0,9,0,0,0,0,0,0,OPTIMAL=9,
25,1,interval_arithmetic,lower,3136,0,0.0,0.0,0,0,0,0,0,875,0,0,0,2261,,interval_arithmetic=875;lower_skipped_by_nonpositive_upper=2261
25,1,interval_arithmetic,upper,3136,0,0.0,0.0,0,0,0,0,0,3136,0,0,0,0,,interval_arithmetic=3136
25,2,lp,lower,1568,100,0.09173666300000002,0.08825397491455078,1615,0,0,100,0,0,0,656,0,812,OPTIMAL=100,interval_proves_cutoff=656;lower_skipped_by_nonpositive_upper=812
25,2,lp,upper,1568,108,0.108305549,0.09979367256164551,1972,0,0,108,0,0,0,804,656,0,OPTIMAL=108,interval_proves_cutoff=804;upper_skipped_by_nonnegative_interval_lower=656
25,3,lp,lower,100,0,0.0,0.0,0,0,0,0,0,0,0,9,0,91,,interval_proves_cutoff=9;lower_skipped_by_nonpositive_upper=91
25,3,lp,upper,100,0,0.0,0.0,0,0,0,0,0,0,0,91,9,0,,interval_proves_cutoff=91;upper_skipped_by_nonnegative_interval_lower=9
26,0,lp,lower,9,9,0.033912108,0.03335857391357422,1247,0,0,9,0,0,0,0,0,0,OPTIMAL=9,
26,0,lp,upper,9,9,0.037511199,0.03690218925476074,1369,0,0,9,0,0,0,0,0,0,OPTIMAL=9,
26,1,interval_arithmetic,lower,3136,0,0.0,0.0,0,0,0,0,0,1009,0,0,0,2127,,interval_arithmetic=1009;lower_skipped_by_nonpositive_upper=2127
26,1,interval_arithmetic,upper,3136,0,0.0,0.0,0,0,0,0,0,3136,0,0,0,0,,interval_arithmetic=3136
26,2,lp,lower,1568,95,0.08875330499999999,0.08544397354125977,1082,0,0,95,0,0,0,707,0,766,OPTIMAL=95,interval_proves_cutoff=707;lower_skipped_by_nonpositive_upper=766
26,2,lp,upper,1568,105,0.10706150900000001,0.09868335723876953,1302,0,0,105,0,0,0,756,707,0,OPTIMAL=105,interval_proves_cutoff=756;upper_skipped_by_nonnegative_interval_lower=707
26,3,lp,lower,100,0,0.0,0.0,0,0,0,0,0,0,0,8,0,92,,interval_proves_cutoff=8;lower_skipped_by_nonpositive_upper=92
26,3,lp,upper,100,0,0.0,0.0,0,0,0,0,0,0,0,92,8,0,,interval_proves_cutoff=92;upper_skipped_by_nonnegative_interval_lower=8
27,0,lp,lower,9,9,0.036301494999999996,0.03575396537780762,1082,0,0,9,0,0,0,0,0,0,OPTIMAL=9,
27,0,lp,upper,9,9,0.043434443999999996,0.04283332824707031,1278,0,0,9,0,0,0,0,0,0,OPTIMAL=9,
27,1,interval_arithmetic,lower,3136,0,0.0,0.0,0,0,0,0,0,870,0,0,0,2266,,interval_arithmetic=870;lower_skipped_by_nonpositive_upper=2266
27,1,interval_arithmetic,upper,3136,0,0.0,0.0,0,0,0,0,0,3136,0,0,0,0,,interval_arithmetic=3136
27,2,lp,lower,1568,91,0.07792617900000001,0.0750114917755127,1175,0,0,91,0,0,0,654,0,823,OPTIMAL=91,interval_proves_cutoff=654;lower_skipped_by_nonpositive_upper=823
27,2,lp,upper,1568,95,0.08911087800000005,0.08144927024841309,1221,0,0,95,0,0,0,819,654,0,OPTIMAL=95,interval_proves_cutoff=819;upper_skipped_by_nonnegative_interval_lower=654
27,3,lp,lower,100,0,0.0,0.0,0,0,0,0,0,0,0,8,0,92,,interval_proves_cutoff=8;lower_skipped_by_nonpositive_upper=92
27,3,lp,upper,100,0,0.0,0.0,0,0,0,0,0,0,0,92,8,0,,interval_proves_cutoff=92;upper_skipped_by_nonnegative_interval_lower=8
28,0,lp,lower,9,9,0.036247137,0.03569960594177246,938,0,0,9,0,0,0,0,0,0,OPTIMAL=9,
28,0,lp,upper,9,9,0.036067853,0.035512447357177734,986,0,0,9,0,0,0,0,0,0,OPTIMAL=9,
28,1,interval_arithmetic,lower,3136,0,0.0,0.0,0,0,0,0,0,887,0,0,0,2249,,interval_arithmetic=887;lower_skipped_by_nonpositive_upper=2249
28,1,interval_arithmetic,upper,3136,0,0.0,0.0,0,0,0,0,0,3136,0,0,0,0,,interval_arithmetic=3136
28,2,lp,lower,1568,72,0.056865429,0.05450105667114258,637,0,0,72,0,0,0,666,0,830,OPTIMAL=72,interval_proves_cutoff=666;lower_skipped_by_nonpositive_upper=830
28,2,lp,upper,1568,74,0.06627254000000002,0.059496164321899414,735,0,0,74,0,0,0,828,666,0,OPTIMAL=74,interval_proves_cutoff=828;upper_skipped_by_nonnegative_interval_lower=666
28,3,lp,lower,100,1,0.004069842,0.004009246826171875,180,0,0,1,0,0,0,8,0,91,OPTIMAL=1,interval_proves_cutoff=8;lower_skipped_by_nonpositive_upper=91
28,3,lp,upper,100,1,0.003705824,0.003635883331298828,161,0,0,1,0,0,0,91,8,0,OPTIMAL=1,interval_proves_cutoff=91;upper_skipped_by_nonnegative_interval_lower=8
29,0,lp,lower,9,9,0.04617164800000001,0.045572519302368164,1391,0,0,9,0,0,0,0,0,0,OPTIMAL=9,
29,0,lp,upper,9,9,0.049434203,0.04881572723388672,1584,0,0,9,0,0,0,0,0,0,OPTIMAL=9,
29,1,interval_arithmetic,lower,3136,0,0.0,0.0,0,0,0,0,0,952,0,0,0,2184,,interval_arithmetic=952;lower_skipped_by_nonpositive_upper=2184
29,1,interval_arithmetic,upper,3136,0,0.0,0.0,0,0,0,0,0,3136,0,0,0,0,,interval_arithmetic=3136
29,2,lp,lower,1568,98,0.09553552399999997,0.09199762344360352,1205,0,0,98,0,0,0,682,0,788,OPTIMAL=98,interval_proves_cutoff=682;lower_skipped_by_nonpositive_upper=788
29,2,lp,upper,1568,100,0.09893704199999998,0.0908665657043457,1222,0,0,100,0,0,0,786,682,0,OPTIMAL=100,interval_proves_cutoff=786;upper_skipped_by_nonnegative_interval_lower=682
29,3,lp,lower,100,0,0.0,0.0,0,0,0,0,0,0,0,9,0,91,,interval_proves_cutoff=9;lower_skipped_by_nonpositive_upper=91
29,3,lp,upper,100,0,0.0,0.0,0,0,0,0,0,0,0,91,9,0,,interval_proves_cutoff=91;upper_skipped_by_nonnegative_interval_lower=9
30,0,lp,lower,9,9,0.021965884999999997,0.021509885787963867,696,0,0,9,0,0,0,0,0,0,OPTIMAL=9,
30,0,lp,upper,9,9,0.023446193,0.022960424423217773,801,0,0,9,0,0,0,0,0,0,OPTIMAL=9,
30,1,interval_arithmetic,lower,3136,0,0.0,0.0,0,0,0,0,0,849,0,0,0,2287,,interval_arithmetic=849;lower_skipped_by_nonpositive_upper=2287
30,1,interval_arithmetic,upper,3136,0,0.0,0.0,0,0,0,0,0,3136,0,0,0,0,,interval_arithmetic=3136
30,2,lp,lower,1568,67,0.05312133500000001,0.05101752281188965,570,0,0,67,0,0,0,629,0,872,OPTIMAL=67,interval_proves_cutoff=629;lower_skipped_by_nonpositive_upper=872
30,2,lp,upper,1568,71,0.06431507399999999,0.05701470375061035,703,0,0,71,0,0,0,868,629,0,OPTIMAL=71,interval_proves_cutoff=868;upper_skipped_by_nonnegative_interval_lower=629
30,3,lp,lower,100,0,0.0,0.0,0,0,0,0,0,0,0,9,0,91,,interval_proves_cutoff=9;lower_skipped_by_nonpositive_upper=91
30,3,lp,upper,100,0,0.0,0.0,0,0,0,0,0,0,0,91,9,0,,interval_proves_cutoff=91;upper_skipped_by_nonnegative_interval_lower=9
31,0,lp,lower,9,9,0.033107489000000004,0.03256416320800781,1129,0,0,9,0,0,0,0,0,0,OPTIMAL=9,
31,0,lp,upper,9,9,0.038245347000000006,0.037673234939575195,1219,0,0,9,0,0,0,0,0,0,OPTIMAL=9,
31,1,interval_arithmetic,lower,3136,0,0.0,0.0,0,0,0,0,0,904,0,0,0,2232,,interval_arithmetic=904;lower_skipped_by_nonpositive_upper=2232
31,1,interval_arithmetic,upper,3136,0,0.0,0.0,0,0,0,0,0,3136,0,0,0,0,,interval_arithmetic=3136
31,2,lp,lower,1568,77,0.06569663300000003,0.06307125091552734,891,0,0,77,0,0,0,657,0,834,OPTIMAL=77,interval_proves_cutoff=657;lower_skipped_by_nonpositive_upper=834
31,2,lp,upper,1568,79,0.07465122499999999,0.06725025177001953,958,0,0,79,0,0,0,832,657,0,OPTIMAL=79,interval_proves_cutoff=832;upper_skipped_by_nonnegative_interval_lower=657
31,3,lp,lower,100,0,0.0,0.0,0,0,0,0,0,0,0,8,0,92,,interval_proves_cutoff=8;lower_skipped_by_nonpositive_upper=92
31,3,lp,upper,100,0,0.0,0.0,0,0,0,0,0,0,0,92,8,0,,interval_proves_cutoff=92;upper_skipped_by_nonnegative_interval_lower=8
32,0,lp,lower,9,9,0.017790766,0.01736283302307129,615,0,0,9,0,0,0,0,0,0,OPTIMAL=9,
32,0,lp,upper,9,9,0.018185163,0.017726659774780273,597,0,0,9,0,0,0,0,0,0,OPTIMAL=9,
32,1,interval_arithmetic,lower,3136,0,0.0,0.0,0,0,0,0,0,835,0,0,0,2301,,interval_arithmetic=835;lower_skipped_by_nonpositive_upper=2301
32,1,interval_arithmetic,upper,3136,0,0.0,0.0,0,0,0,0,0,3136,0,0,0,0,,interval_arithmetic=3136
32,2,lp,lower,1568,45,0.033777005,0.03239917755126953,313,0,0,45,0,0,0,637,0,886,OPTIMAL=45,interval_proves_cutoff=637;lower_skipped_by_nonpositive_upper=886
32,2,lp,upper,1568,47,0.041476565,0.03544330596923828,389,0,0,47,0,0,0,884,637,0,OPTIMAL=47,interval_proves_cutoff=884;upper_skipped_by_nonnegative_interval_lower=637
32,3,lp,lower,100,0,0.0,0.0,0,0,0,0,0,0,0,9,0,91,,interval_proves_cutoff=9;lower_skipped_by_nonpositive_upper=91
32,3,lp,upper,100,0,0.0,0.0,0,0,0,0,0,0,0,91,9,0,,interval_proves_cutoff=91;upper_skipped_by_nonnegative_interval_lower=9
33,0,lp,lower,9,9,0.037881429999999994,0.03734898567199707,1274,0,0,9,0,0,0,0,0,0,OPTIMAL=9,
33,0,lp,upper,9,9,0.03564778300000001,0.035065650939941406,1151,0,0,9,0,0,0,0,0,0,OPTIMAL=9,
33,1,interval_arithmetic,lower,3136,0,0.0,0.0,0,0,0,0,0,918,0,0,0,2218,,interval_arithmetic=918;lower_skipped_by_nonpositive_upper=2218
33,1,interval_arithmetic,upper,3136,0,0.0,0.0,0,0,0,0,0,3136,0,0,0,0,,interval_arithmetic=3136
33,2,lp,lower,1568,76,0.06745684500000002,0.0648193359375,1052,0,0,76,0,0,0,679,0,813,OPTIMAL=76,interval_proves_cutoff=679;lower_skipped_by_nonpositive_upper=813
33,2,lp,upper,1568,87,0.08813041399999996,0.07995319366455078,1262,0,0,87,0,0,0,802,679,0,OPTIMAL=87,interval_proves_cutoff=802;upper_skipped_by_nonnegative_interval_lower=679
33,3,lp,lower,100,0,0.0,0.0,0,0,0,0,0,0,0,8,0,92,,interval_proves_cutoff=8;lower_skipped_by_nonpositive_upper=92
33,3,lp,upper,100,1,0.003788316,0.0036292076110839844,166,0,0,1,0,0,0,91,8,0,OPTIMAL=1,interval_proves_cutoff=91;upper_skipped_by_nonnegative_interval_lower=8
34,0,lp,lower,9,9,0.051590225,0.05096125602722168,1554,0,0,9,0,0,0,0,0,0,OPTIMAL=9,
34,0,lp,upper,9,9,0.051655134000000005,0.05099606513977051,1632,0,0,9,0,0,0,0,0,0,OPTIMAL=9,
34,1,interval_arithmetic,lower,3136,0,0.0,0.0,0,0,0,0,0,917,0,0,0,2219,,interval_arithmetic=917;lower_skipped_by_nonpositive_upper=2219
34,1,interval_arithmetic,upper,3136,0,0.0,0.0,0,0,0,0,0,3136,0,0,0,0,,interval_arithmetic=3136
34,2,lp,lower,1568,116,0.113070454,0.10898852348327637,1750,0,0,116,0,0,0,672,0,780,OPTIMAL=116,interval_proves_cutoff=672;lower_skipped_by_nonpositive_upper=780
34,2,lp,upper,1568,121,0.12239130899999999,0.11323928833007812,1947,0,0,121,0,0,0,775,672,0,OPTIMAL=121,interval_proves_cutoff=775;upper_skipped_by_nonnegative_interval_lower=672
34,3,lp,lower,100,0,0.0,0.0,0,0,0,0,0,0,0,9,0,91,,interval_proves_cutoff=9;lower_skipped_by_nonpositive_upper=91
34,3,lp,upper,100,0,0.0,0.0,0,0,0,0,0,0,0,91,9,0,,interval_proves_cutoff=91;upper_skipped_by_nonnegative_interval_lower=9
35,0,lp,lower,9,9,0.034130584000000005,0.03357815742492676,1125,0,0,9,0,0,0,0,0,0,OPTIMAL=9,
35,0,lp,upper,9,9,0.035147213,0.03456592559814453,1140,0,0,9,0,0,0,0,0,0,OPTIMAL=9,
35,1,interval_arithmetic,lower,3136,0,0.0,0.0,0,0,0,0,0,911,0,0,0,2225,,interval_arithmetic=911;lower_skipped_by_nonpositive_upper=2225
35,1,interval_arithmetic,upper,3136,0,0.0,0.0,0,0,0,0,0,3136,0,0,0,0,,interval_arithmetic=3136
35,2,lp,lower,1568,70,0.06322084000000001,0.06086111068725586,901,0,0,70,0,0,0,672,0,826,OPTIMAL=70,interval_proves_cutoff=672;lower_skipped_by_nonpositive_upper=826
35,2,lp,upper,1568,73,0.07291190599999998,0.0652625560760498,1035,0,0,73,0,0,0,823,672,0,OPTIMAL=73,interval_proves_cutoff=823;upper_skipped_by_nonnegative_interval_lower=672
35,3,lp,lower,100,2,0.005902809,0.00578618049621582,225,0,0,2,0,0,0,7,0,91,OPTIMAL=2,interval_proves_cutoff=7;lower_skipped_by_nonpositive_upper=91
35,3,lp,upper,100,2,0.007622089,0.007481813430786133,295,0,0,2,0,0,0,91,7,0,OPTIMAL=2,interval_proves_cutoff=91;upper_skipped_by_nonnegative_interval_lower=7
36,0,lp,lower,9,9,0.048065672000000004,0.0474545955657959,1567,0,0,9,0,0,0,0,0,0,OPTIMAL=9,
36,0,lp,upper,9,9,0.053601014,0.052973031997680664,1619,0,0,9,0,0,0,0,0,0,OPTIMAL=9,
36,1,interval_arithmetic,lower,3136,0,0.0,0.0,0,0,0,0,0,942,0,0,0,2194,,interval_arithmetic=942;lower_skipped_by_nonpositive_upper=2194
36,1,interval_arithmetic,upper,3136,0,0.0,0.0,0,0,0,0,0,3136,0,0,0,0,,interval_arithmetic=3136
36,2,lp,lower,1568,99,0.09688737199999997,0.09340548515319824,1365,0,0,99,0,0,0,683,0,786,OPTIMAL=99,interval_proves_cutoff=683;lower_skipped_by_nonpositive_upper=786
36,2,lp,upper,1568,106,0.109842874,0.10117101669311523,1553,0,0,106,0,0,0,779,683,0,OPTIMAL=106,interval_proves_cutoff=779;upper_skipped_by_nonnegative_interval_lower=683
36,3,lp,lower,100,1,0.005462854,0.00539088249206543,271,0,0,1,0,0,0,8,0,91,OPTIMAL=1,interval_proves_cutoff=8;lower_skipped_by_nonpositive_upper=91
36,3,lp,upper,100,1,0.005497723,0.005405426025390625,247,0,0,1,0,0,0,91,8,0,OPTIMAL=1,interval_proves_cutoff=91;upper_skipped_by_nonnegative_interval_lower=8
37,0,lp,lower,9,9,0.037247497,0.03670072555541992,1187,0,0,9,0,0,0,0,0,0,OPTIMAL=9,
37,0,lp,upper,9,9,0.050161914999999994,0.049581050872802734,1392,0,0,9,0,0,0,0,0,0,OPTIMAL=9,
37,1,interval_arithmetic,lower,3136,0,0.0,0.0,0,0,0,0,0,903,0,0,0,2233,,interval_arithmetic=903;lower_skipped_by_nonpositive_upper=2233
37,1,interval_arithmetic,upper,3136,0,0.0,0.0,0,0,0,0,0,3136,0,0,0,0,,interval_arithmetic=3136
37,2,lp,lower,1568,83,0.077774017,0.07487010955810547,1101,0,0,83,0,0,0,678,0,807,OPTIMAL=83,interval_proves_cutoff=678;lower_skipped_by_nonpositive_upper=807
37,2,lp,upper,1568,84,0.08352008700000002,0.07606196403503418,1283,0,0,84,0,0,0,806,678,0,OPTIMAL=84,interval_proves_cutoff=806;upper_skipped_by_nonnegative_interval_lower=678
37,3,lp,lower,100,1,0.004743456,0.004679679870605469,246,0,0,1,0,0,0,8,0,91,OPTIMAL=1,interval_proves_cutoff=8;lower_skipped_by_nonpositive_upper=91
37,3,lp,upper,100,1,0.004400138,0.004327535629272461,183,0,0,1,0,0,0,91,8,0,OPTIMAL=1,interval_proves_cutoff=91;upper_skipped_by_nonnegative_interval_lower=8
38,0,lp,lower,9,9,0.047809667,0.047287702560424805,1171,0,0,9,0,0,0,0,0,0,OPTIMAL=9,
38,0,lp,upper,9,9,0.053349205,0.05279850959777832,1237,0,0,9,0,0,0,0,0,0,OPTIMAL=9,
38,1,interval_arithmetic,lower,3136,0,0.0,0.0,0,0,0,0,0,860,0,0,0,2276,,interval_arithmetic=860;lower_skipped_by_nonpositive_upper=2276
38,1,interval_arithmetic,upper,3136,0,0.0,0.0,0,0,0,0,0,3136,0,0,0,0,,interval_arithmetic=3136
38,2,lp,lower,1568,65,0.05475654900000001,0.05263328552246094,818,0,0,65,0,0,0,639,0,864,OPTIMAL=65,interval_proves_cutoff=639;lower_skipped_by_nonpositive_upper=864
38,2,lp,upper,1568,69,0.06523490200000003,0.05827474594116211,1000,0,0,69,0,0,0,860,639,0,OPTIMAL=69,interval_proves_cutoff=860;upper_skipped_by_nonnegative_interval_lower=639
38,3,lp,lower,100,2,0.005957591,0.00585174560546875,200,0,0,2,0,0,0,7,0,91,OPTIMAL=2,interval_proves_cutoff=7;lower_skipped_by_nonpositive_upper=91
38,3,lp,upper,100,2,0.005853229,0.0057337284088134766,234,0,0,2,0,0,0,91,7,0,OPTIMAL=2,interval_proves_cutoff=91;upper_skipped_by_nonnegative_interval_lower=7
39,0,lp,lower,9,9,0.050762847,0.050133466720581055,1559,0,0,9,0,0,0,0,0,0,OPTIMAL=9,
39,0,lp,upper,9,9,0.060804899,0.060178279876708984,1721,0,0,9,0,0,0,0,0,0,OPTIMAL=9,
39,1,interval_arithmetic,lower,3136,0,0.0,0.0,0,0,0,0,0,901,0,0,0,2235,,interval_arithmetic=901;lower_skipped_by_nonpositive_upper=2235
39,1,interval_arithmetic,upper,3136,0,0.0,0.0,0,0,0,0,0,3136,0,0,0,0,,interval_arithmetic=3136
39,2,lp,lower,1568,94,0.093124786,0.08978080749511719,1818,0,0,94,0,0,0,664,0,810,OPTIMAL=94,interval_proves_cutoff=664;lower_skipped_by_nonpositive_upper=810
39,2,lp,upper,1568,95,0.10159724299999996,0.09298467636108398,1859,0,0,95,0,0,0,809,664,0,OPTIMAL=95,interval_proves_cutoff=809;upper_skipped_by_nonnegative_interval_lower=664
39,3,lp,lower,100,0,0.0,0.0,0,0,0,0,0,0,0,9,0,91,,interval_proves_cutoff=9;lower_skipped_by_nonpositive_upper=91
39,3,lp,upper,100,0,0.0,0.0,0,0,0,0,0,0,0,91,9,0,,interval_proves_cutoff=91;upper_skipped_by_nonnegative_interval_lower=9
40,0,lp,lower,9,9,0.042939040000000005,0.04241323471069336,1161,0,0,9,0,0,0,0,0,0,OPTIMAL=9,
40,0,lp,upper,9,9,0.044962485,0.044416189193725586,1190,0,0,9,0,0,0,0,0,0,OPTIMAL=9,
40,1,interval_arithmetic,lower,3136,0,0.0,0.0,0,0,0,0,0,876,0,0,0,2260,,interval_arithmetic=876;lower_skipped_by_nonpositive_upper=2260
40,1,interval_arithmetic,upper,3136,0,0.0,0.0,0,0,0,0,0,3136,0,0,0,0,,interval_arithmetic=3136
40,2,lp,lower,1568,70,0.05972710499999999,0.05745553970336914,1032,0,0,70,0,0,0,636,0,862,OPTIMAL=70,interval_proves_cutoff=636;lower_skipped_by_nonpositive_upper=862
40,2,lp,upper,1568,71,0.065628988,0.05825614929199219,1128,0,0,71,0,0,0,861,636,0,OPTIMAL=71,interval_proves_cutoff=861;upper_skipped_by_nonnegative_interval_lower=636
40,3,lp,lower,100,1,0.003997901,0.003932476043701172,188,0,0,1,0,0,0,8,0,91,OPTIMAL=1,interval_proves_cutoff=8;lower_skipped_by_nonpositive_upper=91
40,3,lp,upper,100,1,0.003733676,0.003659486770629883,180,0,0,1,0,0,0,91,8,0,OPTIMAL=1,interval_proves_cutoff=91;upper_skipped_by_nonnegative_interval_lower=8
41,0,lp,lower,9,9,0.047973871,0.04742431640625,1008,0,0,9,0,0,0,0,0,0,OPTIMAL=9,
41,0,lp,upper,9,9,0.047011665,0.04643750190734863,997,0,0,9,0,0,0,0,0,0,OPTIMAL=9,
41,1,interval_arithmetic,lower,3136,0,0.0,0.0,0,0,0,0,0,828,0,0,0,2308,,interval_arithmetic=828;lower_skipped_by_nonpositive_upper=2308
41,1,interval_arithmetic,upper,3136,0,0.0,0.0,0,0,0,0,0,3136,0,0,0,0,,interval_arithmetic=3136
41,2,lp,lower,1568,87,0.06131282500000001,0.05875349044799805,491,0,0,87,0,0,0,614,0,867,OPTIMAL=87,interval_proves_cutoff=614;lower_skipped_by_nonpositive_upper=867
41,2,lp,upper,1568,88,0.07172522000000002,0.06441402435302734,678,0,0,88,0,0,0,866,614,0,OPTIMAL=88,interval_proves_cutoff=866;upper_skipped_by_nonnegative_interval_lower=614
41,3,lp,lower,100,1,0.004077083,0.004011392593383789,168,0,0,1,0,0,0,8,0,91,OPTIMAL=1,interval_proves_cutoff=8;lower_skipped_by_nonpositive_upper=91
41,3,lp,upper,100,1,0.003786919,0.003709554672241211,166,0,0,1,0,0,0,91,8,0,OPTIMAL=1,interval_proves_cutoff=91;upper_skipped_by_nonnegative_interval_lower=8
42,0,lp,lower,9,9,0.069790243,0.06918025016784668,1525,0,0,9,0,0,0,0,0,0,OPTIMAL=9,
42,0,lp,upper,9,9,0.065091534,0.0644538402557373,1440,0,0,9,0,0,0,0,0,0,OPTIMAL=9,
42,1,interval_arithmetic,lower,3136,0,0.0,0.0,0,0,0,0,0,881,0,0,0,2255,,interval_arithmetic=881;lower_skipped_by_nonpositive_upper=2255
42,1,interval_arithmetic,upper,3136,0,0.0,0.0,0,0,0,0,0,3136,0,0,0,0,,interval_arithmetic=3136
42,2,lp,lower,1568,101,0.09439925999999998,0.09096813201904297,1743,0,0,101,0,0,0,643,0,824,OPTIMAL=101,interval_proves_cutoff=643;lower_skipped_by_nonpositive_upper=824
42,2,lp,upper,1568,106,0.11480313399999999,0.10596776008605957,2100,0,0,106,0,0,0,819,643,0,OPTIMAL=106,interval_proves_cutoff=819;upper_skipped_by_nonnegative_interval_lower=643
42,3,lp,lower,100,1,0.008228029,0.008147954940795898,295,0,0,1,0,0,0,8,0,91,OPTIMAL=1,interval_proves_cutoff=8;lower_skipped_by_nonpositive_upper=91
42,3,lp,upper,100,1,0.005781554,0.005620479583740234,223,0,0,1,0,0,0,91,8,0,OPTIMAL=1,interval_proves_cutoff=91;upper_skipped_by_nonnegative_interval_lower=8
43,0,lp,lower,9,9,0.023984822,0.02352142333984375,755,0,0,9,0,0,0,0,0,0,OPTIMAL=9,
43,0,lp,upper,9,9,0.024417446000000002,0.02393507957458496,717,0,0,9,0,0,0,0,0,0,OPTIMAL=9,
43,1,interval_arithmetic,lower,3136,0,0.0,0.0,0,0,0,0,0,891,0,0,0,2245,,interval_arithmetic=891;lower_skipped_by_nonpositive_upper=2245
43,1,interval_arithmetic,upper,3136,0,0.0,0.0,0,0,0,0,0,3136,0,0,0,0,,interval_arithmetic=3136
43,2,lp,lower,1568,55,0.04142138300000001,0.03975081443786621,448,0,0,55,0,0,0,668,0,845,OPTIMAL=55,interval_proves_cutoff=668;lower_skipped_by_nonpositive_upper=845
43,2,lp,upper,1568,59,0.05380262499999999,0.04738044738769531,603,0,0,59,0,0,0,841,668,0,OPTIMAL=59,interval_proves_cutoff=841;upper_skipped_by_nonnegative_interval_lower=668
43,3,lp,lower,100,1,0.002673052,0.0026161670684814453,143,0,0,1,0,0,0,7,0,92,OPTIMAL=1,interval_proves_cutoff=7;lower_skipped_by_nonpositive_upper=92
43,3,lp,upper,100,1,0.002756983,0.002687215805053711,113,0,0,1,0,0,0,92,7,0,OPTIMAL=1,interval_proves_cutoff=92;upper_skipped_by_nonnegative_interval_lower=7
44,0,lp,lower,9,9,0.030688666000000003,0.030149221420288086,1124,0,0,9,0,0,0,0,0,0,OPTIMAL=9,
44,0,lp,upper,9,9,0.034796481,0.034236907958984375,1258,0,0,9,0,0,0,0,0,0,OPTIMAL=9,
44,1,interval_arithmetic,lower,3136,0,0.0,0.0,0,0,0,0,0,870,0,0,0,2266,,interval_arithmetic=870;lower_skipped_by_nonpositive_upper=2266
44,1,interval_arithmetic,upper,3136,0,0.0,0.0,0,0,0,0,0,3136,0,0,0,0,,interval_arithmetic=3136
44,2,lp,lower,1568,88,0.07742020100000001,0.07438874244689941,1087,0,0,88,0,0,0,642,0,838,OPTIMAL=88,interval_proves_cutoff=642;lower_skipped_by_nonpositive_upper=838
44,2,lp,upper,1568,96,0.09301758699999997,0.08516049385070801,1448,0,0,96,0,0,0,830,642,0,OPTIMAL=96,interval_proves_cutoff=830;upper_skipped_by_nonnegative_interval_lower=642
44,3,lp,lower,100,0,0.0,0.0,0,0,0,0,0,0,0,9,0,91,,interval_proves_cutoff=9;lower_skipped_by_nonpositive_upper=91
44,3,lp,upper,100,0,0.0,0.0,0,0,0,0,0,0,0,91,9,0,,interval_proves_cutoff=91;upper_skipped_by_nonnegative_interval_lower=9
45,0,lp,lower,9,9,0.036325780999999994,0.03577709197998047,1114,0,0,9,0,0,0,0,0,0,OPTIMAL=9,
45,0,lp,upper,9,9,0.035367095,0.034804344177246094,1176,0,0,9,0,0,0,0,0,0,OPTIMAL=9,
45,1,interval_arithmetic,lower,3136,0,0.0,0.0,0,0,0,0,0,884,0,0,0,2252,,interval_arithmetic=884;lower_skipped_by_nonpositive_upper=2252
45,1,interval_arithmetic,upper,3136,0,0.0,0.0,0,0,0,0,0,3136,0,0,0,0,,interval_arithmetic=3136
45,2,lp,lower,1568,81,0.06754541900000001,0.06491923332214355,923,0,0,81,0,0,0,641,0,846,OPTIMAL=81,interval_proves_cutoff=641;lower_skipped_by_nonpositive_upper=846
45,2,lp,upper,1568,82,0.078928615,0.07125973701477051,1059,0,0,82,0,0,0,845,641,0,OPTIMAL=82,interval_proves_cutoff=845;upper_skipped_by_nonnegative_interval_lower=641
45,3,lp,lower,100,0,0.0,0.0,0,0,0,0,0,0,0,9,0,91,,interval_proves_cutoff=9;lower_skipped_by_nonpositive_upper=91
45,3,lp,upper,100,0,0.0,0.0,0,0,0,0,0,0,0,91,9,0,,interval_proves_cutoff=91;upper_skipped_by_nonnegative_interval_lower=9
46,0,lp,lower,9,9,0.125566149,0.12485456466674805,2313,0,0,9,0,0,0,0,0,0,OPTIMAL=9,
46,0,lp,upper,9,9,0.126781795,0.12601971626281738,2178,0,0,9,0,0,0,0,0,0,OPTIMAL=9,
46,1,interval_arithmetic,lower,3136,0,0.0,0.0,0,0,0,0,0,909,0,0,0,2227,,interval_arithmetic=909;lower_skipped_by_nonpositive_upper=2227
46,1,interval_arithmetic,upper,3136,0,0.0,0.0,0,0,0,0,0,3136,0,0,0,0,,interval_arithmetic=3136
46,2,lp,lower,1568,137,0.136095766,0.13117218017578125,2581,0,0,137,0,0,0,649,0,782,OPTIMAL=137,interval_proves_cutoff=649;lower_skipped_by_nonpositive_upper=782
46,2,lp,upper,1568,145,0.15106291500000002,0.14107537269592285,2859,0,0,145,0,0,0,774,649,0,OPTIMAL=145,interval_proves_cutoff=774;upper_skipped_by_nonnegative_interval_lower=649
46,3,lp,lower,100,1,0.00986754,0.009778022766113281,340,0,0,1,0,0,0,8,0,91,OPTIMAL=1,interval_proves_cutoff=8;lower_skipped_by_nonpositive_upper=91
46,3,lp,upper,100,1,0.010757659,0.010657787322998047,305,0,0,1,0,0,0,91,8,0,OPTIMAL=1,interval_proves_cutoff=91;upper_skipped_by_nonnegative_interval_lower=8
47,0,lp,lower,9,9,0.027254808,0.026750564575195312,900,0,0,9,0,0,0,0,0,0,OPTIMAL=9,
47,0,lp,upper,9,9,0.032032446,0.03148937225341797,1052,0,0,9,0,0,0,0,0,0,OPTIMAL=9,
47,1,interval_arithmetic,lower,3136,0,0.0,0.0,0,0,0,0,0,873,0,0,0,2263,,interval_arithmetic=873;lower_skipped_by_nonpositive_upper=2263
47,1,interval_arithmetic,upper,3136,0,0.0,0.0,0,0,0,0,0,3136,0,0,0,0,,interval_arithmetic=3136
47,2,lp,lower,1568,75,0.059913501999999993,0.05758929252624512,710,0,0,75,0,0,0,632,0,861,OPTIMAL=75,interval_proves_cutoff=632;lower_skipped_by_nonpositive_upper=861
47,2,lp,upper,1568,80,0.07142817800000001,0.06368660926818848,955,0,0,80,0,0,0,856,632,0,OPTIMAL=80,interval_proves_cutoff=856;upper_skipped_by_nonnegative_interval_lower=632
47,3,lp,lower,100,0,0.0,0.0,0,0,0,0,0,0,0,9,0,91,,interval_proves_cutoff=9;lower_skipped_by_nonpositive_upper=91
47,3,lp,upper,100,0,0.0,0.0,0,0,0,0,0,0,0,91,9,0,,interval_proves_cutoff=91;upper_skipped_by_nonnegative_interval_lower=9
48,0,lp,lower,9,9,0.059251373999999996,0.0586094856262207,1673,0,0,9,0,0,0,0,0,0,OPTIMAL=9,
48,0,lp,upper,9,9,0.065294272,0.06466221809387207,1628,0,0,9,0,0,0,0,0,0,OPTIMAL=9,
48,1,interval_arithmetic,lower,3136,0,0.0,0.0,0,0,0,0,0,896,0,0,0,2240,,interval_arithmetic=896;lower_skipped_by_nonpositive_upper=2240
48,1,interval_arithmetic,upper,3136,0,0.0,0.0,0,0,0,0,0,3136,0,0,0,0,,interval_arithmetic=3136
48,2,lp,lower,1568,116,0.11121416600000002,0.107177734375,2104,0,0,116,0,0,0,648,0,804,OPTIMAL=116,interval_proves_cutoff=648;lower_skipped_by_nonpositive_upper=804
48,2,lp,upper,1568,123,0.125576867,0.11641263961791992,2212,0,0,123,0,0,0,797,648,0,OPTIMAL=123,interval_proves_cutoff=797;upper_skipped_by_nonnegative_interval_lower=648
48,3,lp,lower,100,1,0.009951986,0.009873151779174805,313,0,0,1,0,0,0,8,0,91,OPTIMAL=1,interval_proves_cutoff=8;lower_skipped_by_nonpositive_upper=91
48,3,lp,upper,100,1,0.007429249,0.007335662841796875,270,0,0,1,0,0,0,91,8,0,OPTIMAL=1,interval_proves_cutoff=91;upper_skipped_by_nonnegative_interval_lower=8
49,0,lp,lower,9,9,0.036335992,0.03576540946960449,1121,0,0,9,0,0,0,0,0,0,OPTIMAL=9,
49,0,lp,upper,9,9,0.037024541,0.03644371032714844,1155,0,0,9,0,0,0,0,0,0,OPTIMAL=9,
49,1,interval_arithmetic,lower,3136,0,0.0,0.0,0,0,0,0,0,951,0,0,0,2185,,interval_arithmetic=951;lower_skipped_by_nonpositive_upper=2185
49,1,interval_arithmetic,upper,3136,0,0.0,0.0,0,0,0,0,0,3136,0,0,0,0,,interval_arithmetic=3136
49,2,lp,lower,1568,84,0.07010998599999999,0.0673375129699707,920,0,0,84,0,0,0,662,0,822,OPTIMAL=84,interval_proves_cutoff=662;lower_skipped_by_nonpositive_upper=822
49,2,lp,upper,1568,89,0.08203350799999999,0.0738217830657959,1106,0,0,89,0,0,0,817,662,0,OPTIMAL=89,interval_proves_cutoff=817;upper_skipped_by_nonnegative_interval_lower=662
49,3,lp,lower,100,1,0.005842951,0.005776405334472656,253,0,0,1,0,0,0,8,0,91,OPTIMAL=1,interval_proves_cutoff=8;lower_skipped_by_nonpositive_upper=91
49,3,lp,upper,100,1,0.004389897,0.004305362701416016,215,0,0,1,0,0,0,91,8,0,OPTIMAL=1,interval_proves_cutoff=91;upper_skipped_by_nonnegative_interval_lower=8
50,0,lp,lower,9,9,0.061093178000000005,0.060433387756347656,1530,0,0,9,0,0,0,0,0,0,OPTIMAL=9,
50,0,lp,upper,9,9,0.06486575000000001,0.06417965888977051,1631,0,0,9,0,0,0,0,0,0,OPTIMAL=9,
50,1,interval_arithmetic,lower,3136,0,0.0,0.0,0,0,0,0,0,912,0,0,0,2224,,interval_arithmetic=912;lower_skipped_by_nonpositive_upper=2224
50,1,interval_arithmetic,upper,3136,0,0.0,0.0,0,0,0,0,0,3136,0,0,0,0,,interval_arithmetic=3136
50,2,lp,lower,1568,117,0.10714562599999998,0.10314393043518066,1648,0,0,117,0,0,0,651,0,800,OPTIMAL=117,interval_proves_cutoff=651;lower_skipped_by_nonpositive_upper=800
50,2,lp,upper,1568,120,0.11363531699999994,0.1048440933227539,1811,0,0,120,0,0,0,797,651,0,OPTIMAL=120,interval_proves_cutoff=797;upper_skipped_by_nonnegative_interval_lower=651
50,3,lp,lower,100,1,0.00721997,0.007145404815673828,305,0,0,1,0,0,0,8,0,91,OPTIMAL=1,interval_proves_cutoff=8;lower_skipped_by_nonpositive_upper=91
50,3,lp,upper,100,1,0.006616594,0.006522655487060547,299,0,0,1,0,0,0,91,8,0,OPTIMAL=1,interval_proves_cutoff=91;upper_skipped_by_nonnegative_interval_lower=8
51,0,lp,lower,9,9,0.051936948999999996,0.051349639892578125,1524,0,0,9,0,0,0,0,0,0,OPTIMAL=9,
51,0,lp,upper,9,9,0.054117163,0.0535433292388916,1481,0,0,9,0,0,0,0,0,0,OPTIMAL=9,
51,1,interval_arithmetic,lower,3136,0,0.0,0.0,0,0,0,0,0,903,0,0,0,2233,,interval_arithmetic=903;lower_skipped_by_nonpositive_upper=2233
51,1,interval_arithmetic,upper,3136,0,0.0,0.0,0,0,0,0,0,3136,0,0,0,0,,interval_arithmetic=3136
51,2,lp,lower,1568,89,0.083346538,0.08019304275512695,1558,0,0,89,0,0,0,642,0,837,OPTIMAL=89,interval_proves_cutoff=642;lower_skipped_by_nonpositive_upper=837
51,2,lp,upper,1568,103,0.10105465900000003,0.09265398979187012,1750,0,0,103,0,0,0,823,642,0,OPTIMAL=103,interval_proves_cutoff=823;upper_skipped_by_nonnegative_interval_lower=642
51,3,lp,lower,100,2,0.008741048,0.008608818054199219,284,0,0,2,0,0,0,7,0,91,OPTIMAL=2,interval_proves_cutoff=7;lower_skipped_by_nonpositive_upper=91
51,3,lp,upper,100,2,0.010073757,0.00987386703491211,328,0,0,2,0,0,0,91,7,0,OPTIMAL=2,interval_proves_cutoff=91;upper_skipped_by_nonnegative_interval_lower=7
52,0,lp,lower,9,9,0.048437494,0.04785966873168945,1494,0,0,9,0,0,0,0,0,0,OPTIMAL=9,
52,0,lp,upper,9,9,0.05281968100000001,0.052224159240722656,1597,0,0,9,0,0,0,0,0,0,OPTIMAL=9,
52,1,interval_arithmetic,lower,3136,0,0.0,0.0,0,0,0,0,0,961,0,0,0,2175,,interval_arithmetic=961;lower_skipped_by_nonpositive_upper=2175
52,1,interval_arithmetic,upper,3136,0,0.0,0.0,0,0,0,0,0,3136,0,0,0,0,,interval_arithmetic=3136
52,2,lp,lower,1568,102,0.09802005599999997,0.0944986343383789,1278,0,0,102,0,0,0,684,0,782,OPTIMAL=102,interval_proves_cutoff=684;lower_skipped_by_nonpositive_upper=782
52,2,lp,upper,1568,106,0.109239123,0.10024738311767578,1442,0,0,106,0,0,0,778,684,0,OPTIMAL=106,interval_proves_cutoff=778;upper_skipped_by_nonnegative_interval_lower=684
52,3,lp,lower,100,1,0.009252096,0.009170293807983398,314,0,0,1,0,0,0,8,0,91,OPTIMAL=1,interval_proves_cutoff=8;lower_skipped_by_nonpositive_upper=91
52,3,lp,upper,100,1,0.006784458,0.0067005157470703125,263,0,0,1,0,0,0,91,8,0,OPTIMAL=1,interval_proves_cutoff=91;upper_skipped_by_nonnegative_interval_lower=8
53,0,lp,lower,9,9,0.10339457099999999,0.10275673866271973,2228,0,0,9,0,0,0,0,0,0,OPTIMAL=9,
53,0,lp,upper,9,9,0.12641689200000003,0.1257483959197998,2381,0,0,9,0,0,0,0,0,0,OPTIMAL=9,
53,1,interval_arithmetic,lower,3136,0,0.0,0.0,0,0,0,0,0,927,0,0,0,2209,,interval_arithmetic=927;lower_skipped_by_nonpositive_upper=2209
53,1,interval_arithmetic,upper,3136,0,0.0,0.0,0,0,0,0,0,3136,0,0,0,0,,interval_arithmetic=3136
53,2,lp,lower,1568,109,0.10674836500000003,0.10285210609436035,1744,0,0,109,0,0,0,673,0,786,OPTIMAL=109,interval_proves_cutoff=673;lower_skipped_by_nonpositive_upper=786
53,2,lp,upper,1568,116,0.12471839300000007,0.11529350280761719,1960,0,0,116,0,0,0,779,673,0,OPTIMAL=116,interval_proves_cutoff=779;upper_skipped_by_nonnegative_interval_lower=673
53,3,lp,lower,100,1,0.008363056,0.008290290832519531,326,0,0,1,0,0,0,8,0,91,OPTIMAL=1,interval_proves_cutoff=8;lower_skipped_by_nonpositive_upper=91
53,3,lp,upper,100,1,0.006591161,0.006509065628051758,273,0,0,1,0,0,0,91,8,0,OPTIMAL=1,interval_proves_cutoff=91;upper_skipped_by_nonnegative_interval_lower=8
54,0,lp,lower,9,9,0.06850278,0.06778979301452637,1705,0,0,9,0,0,0,0,0,0,OPTIMAL=9,
54,0,lp,upper,9,9,0.06625645799999999,0.06553268432617188,1797,0,0,9,0,0,0,0,0,0,OPTIMAL=9,
54,1,interval_arithmetic,lower,3136,0,0.0,0.0,0,0,0,0,0,905,0,0,0,2231,,interval_arithmetic=905;lower_skipped_by_nonpositive_upper=2231
54,1,interval_arithmetic,upper,3136,0,0.0,0.0,0,0,0,0,0,3136,0,0,0,0,,interval_arithmetic=3136
54,2,lp,lower,1568,128,0.12791267899999995,0.12347531318664551,1894,0,0,128,0,0,0,654,0,786,OPTIMAL=128,interval_proves_cutoff=654;lower_skipped_by_nonpositive_upper=786
54,2,lp,upper,1568,137,0.13900714500000005,0.1295766830444336,2159,0,0,137,0,0,0,777,654,0,OPTIMAL=137,interval_proves_cutoff=777;upper_skipped_by_nonnegative_interval_lower=654
54,3,lp,lower,100,0,0.0,0.0,0,0,0,0,0,0,0,9,0,91,,interval_proves_cutoff=9;lower_skipped_by_nonpositive_upper=91
54,3,lp,upper,100,0,0.0,0.0,0,0,0,0,0,0,0,91,9,0,,interval_proves_cutoff=91;upper_skipped_by_nonnegative_interval_lower=9
55,0,lp,lower,9,9,0.07359748900000002,0.07293367385864258,1863,0,0,9,0,0,0,0,0,0,OPTIMAL=9,
55,0,lp,upper,9,9,0.07671333300000001,0.07604336738586426,1889,0,0,9,0,0,0,0,0,0,OPTIMAL=9,
55,1,interval_arithmetic,lower,3136,0,0.0,0.0,0,0,0,0,0,962,0,0,0,2174,,interval_arithmetic=962;lower_skipped_by_nonpositive_upper=2174
55,1,interval_arithmetic,upper,3136,0,0.0,0.0,0,0,0,0,0,3136,0,0,0,0,,interval_arithmetic=3136
55,2,lp,lower,1568,112,0.11742096399999996,0.11338353157043457,2065,0,0,112,0,0,0,669,0,787,OPTIMAL=112,interval_proves_cutoff=669;lower_skipped_by_nonpositive_upper=787
55,2,lp,upper,1568,121,0.12996325400000003,0.12063217163085938,2209,0,0,121,0,0,0,778,669,0,OPTIMAL=121,interval_proves_cutoff=778;upper_skipped_by_nonnegative_interval_lower=669
55,3,lp,lower,100,1,0.010409489,0.010338544845581055,329,0,0,1,0,0,0,8,0,91,OPTIMAL=1,interval_proves_cutoff=8;lower_skipped_by_nonpositive_upper=91
55,3,lp,upper,100,1,0.006135503,0.006056070327758789,252,0,0,1,0,0,0,91,8,0,OPTIMAL=1,interval_proves_cutoff=91;upper_skipped_by_nonnegative_interval_lower=8
56,0,lp,lower,9,9,0.030794044000000003,0.03028416633605957,1037,0,0,9,0,0,0,0,0,0,OPTIMAL=9,
56,0,lp,upper,9,9,0.032381644,0.0317997932434082,1142,0,0,9,0,0,0,0,0,0,OPTIMAL=9,
56,1,interval_arithmetic,lower,3136,0,0.0,0.0,0,0,0,0,0,915,0,0,0,2221,,interval_arithmetic=915;lower_skipped_by_nonpositive_upper=2221
56,1,interval_arithmetic,upper,3136,0,0.0,0.0,0,0,0,0,0,3136,0,0,0,0,,interval_arithmetic=3136
56,2,lp,lower,1568,76,0.067734371,0.06522965431213379,926,0,0,76,0,0,0,681,0,811,OPTIMAL=76,interval_proves_cutoff=681;lower_skipped_by_nonpositive_upper=811
56,2,lp,upper,1568,82,0.07954461399999999,0.07195496559143066,1135,0,0,82,0,0,0,805,681,0,OPTIMAL=82,interval_proves_cutoff=805;upper_skipped_by_nonnegative_interval_lower=681
56,3,lp,lower,100,0,0.0,0.0,0,0,0,0,0,0,0,9,0,91,,interval_proves_cutoff=9;lower_skipped_by_nonpositive_upper=91
56,3,lp,upper,100,0,0.0,0.0,0,0,0,0,0,0,0,91,9,0,,interval_proves_cutoff=91;upper_skipped_by_nonnegative_interval_lower=9
57,0,lp,lower,9,9,0.043687910999999996,0.04312610626220703,1287,0,0,9,0,0,0,0,0,0,OPTIMAL=9,
57,0,lp,upper,9,9,0.038533081,0.03795647621154785,1105,0,0,9,0,0,0,0,0,0,OPTIMAL=9,
57,1,interval_arithmetic,lower,3136,0,0.0,0.0,0,0,0,0,0,923,0,0,0,2213,,interval_arithmetic=923;lower_skipped_by_nonpositive_upper=2213
57,1,interval_arithmetic,upper,3136,0,0.0,0.0,0,0,0,0,0,3136,0,0,0,0,,interval_arithmetic=3136
57,2,lp,lower,1568,83,0.07286062199999999,0.07013678550720215,1048,0,0,83,0,0,0,666,0,819,OPTIMAL=83,interval_proves_cutoff=666;lower_skipped_by_nonpositive_upper=819
57,2,lp,upper,1568,88,0.08376446,0.07628464698791504,1286,0,0,88,0,0,0,814,666,0,OPTIMAL=88,interval_proves_cutoff=814;upper_skipped_by_nonnegative_interval_lower=666
57,3,lp,lower,100,1,0.00435785,0.004292726516723633,215,0,0,1,0,0,0,8,0,91,OPTIMAL=1,interval_proves_cutoff=8;lower_skipped_by_nonpositive_upper=91
57,3,lp,upper,100,1,0.003741741,0.003665447235107422,178,0,0,1,0,0,0,91,8,0,OPTIMAL=1,interval_proves_cutoff=91;upper_skipped_by_nonnegative_interval_lower=8
58,0,lp,lower,9,9,0.023592819,0.023138761520385742,763,0,0,9,0,0,0,0,0,0,OPTIMAL=9,
58,0,lp,upper,9,9,0.02717126,0.026683568954467773,906,0,0,9,0,0,0,0,0,0,OPTIMAL=9,
58,1,interval_arithmetic,lower,3136,0,0.0,0.0,0,0,0,0,0,838,0,0,0,2298,,interval_arithmetic=838;lower_skipped_by_nonpositive_upper=2298
58,1,interval_arithmetic,upper,3136,0,0.0,0.0,0,0,0,0,0,3136,0,0,0,0,,interval_arithmetic=3136
58,2,lp,lower,1568,61,0.04612819700000001,0.04432392120361328,435,0,0,61,0,0,0,632,0,875,OPTIMAL=61,interval_proves_cutoff=632;lower_skipped_by_nonpositive_upper=875
58,2,lp,upper,1568,61,0.052591529,0.046179771423339844,556,0,0,61,0,0,0,875,632,0,OPTIMAL=61,interval_proves_cutoff=875;upper_skipped_by_nonnegative_interval_lower=632
58,3,lp,lower,100,0,0.0,0.0,0,0,0,0,0,0,0,9,0,91,,interval_proves_cutoff=9;lower_skipped_by_nonpositive_upper=91
58,3,lp,upper,100,0,0.0,0.0,0,0,0,0,0,0,0,91,9,0,,interval_proves_cutoff=91;upper_skipped_by_nonnegative_interval_lower=9
59,0,lp,lower,9,9,0.06542131200000001,0.06483340263366699,1623,0,0,9,0,0,0,0,0,0,OPTIMAL=9,
59,0,lp,upper,9,9,0.07937443599999999,0.07877016067504883,1790,0,0,9,0,0,0,0,0,0,OPTIMAL=9,
59,1,interval_arithmetic,lower,3136,0,0.0,0.0,0,0,0,0,0,922,0,0,0,2214,,interval_arithmetic=922;lower_skipped_by_nonpositive_upper=2214
59,1,interval_arithmetic,upper,3136,0,0.0,0.0,0,0,0,0,0,3136,0,0,0,0,,interval_arithmetic=3136
59,2,lp,lower,1568,90,0.08265844599999997,0.07964134216308594,1476,0,0,90,0,0,0,656,0,822,OPTIMAL=90,interval_proves_cutoff=656;lower_skipped_by_nonpositive_upper=822
59,2,lp,upper,1568,92,0.09185362499999997,0.08349990844726562,1638,0,0,92,0,0,0,820,656,0,OPTIMAL=92,interval_proves_cutoff=820;upper_skipped_by_nonnegative_interval_lower=656
59,3,lp,lower,100,1,0.006517179,0.006439924240112305,266,0,0,1,0,0,0,8,0,91,OPTIMAL=1,interval_proves_cutoff=8;lower_skipped_by_nonpositive_upper=91
59,3,lp,upper,100,1,0.004634133,0.0045013427734375,211,0,0,1,0,0,0,91,8,0,OPTIMAL=1,interval_proves_cutoff=91;upper_skipped_by_nonnegative_interval_lower=8
60,0,lp,lower,9,9,0.042529151,0.04196786880493164,1251,0,0,9,0,0,0,0,0,0,OPTIMAL=9,
60,0,lp,upper,9,9,0.047017178,0.04644179344177246,1371,0,0,9,0,0,0,0,0,0,OPTIMAL=9,
60,1,interval_arithmetic,lower,3136,0,0.0,0.0,0,0,0,0,0,870,0,0,0,2266,,interval_arithmetic=870;lower_skipped_by_nonpositive_upper=2266
60,1,interval_arithmetic,upper,3136,0,0.0,0.0,0,0,0,0,0,3136,0,0,0,0,,interval_arithmetic=3136
60,2,lp,lower,1568,91,0.08224640999999998,0.07925796508789062,1585,0,0,91,0,0,0,635,0,842,OPTIMAL=91,interval_proves_cutoff=635;lower_skipped_by_nonpositive_upper=842
60,2,lp,upper,1568,100,0.10021746999999999,0.09185934066772461,1895,0,0,100,0,0,0,833,635,0,OPTIMAL=100,interval_proves_cutoff=833;upper_skipped_by_nonnegative_interval_lower=635
60,3,lp,lower,100,2,0.011326145,0.011200904846191406,324,0,0,2,0,0,0,7,0,91,OPTIMAL=2,interval_proves_cutoff=7;lower_skipped_by_nonpositive_upper=91
60,3,lp,upper,100,2,0.008067278,0.007921218872070312,333,0,0,2,0,0,0,91,7,0,OPTIMAL=2,interval_proves_cutoff=91;upper_skipped_by_nonnegative_interval_lower=7
61,0,lp,lower,9,9,0.020525389,0.020041704177856445,694,0,0,9,0,0,0,0,0,0,OPTIMAL=9,
61,0,lp,upper,9,9,0.024231681,0.023734569549560547,749,0,0,9,0,0,0,0,0,0,OPTIMAL=9,
61,1,interval_arithmetic,lower,3136,0,0.0,0.0,0,0,0,0,0,892,0,0,0,2244,,interval_arithmetic=892;lower_skipped_by_nonpositive_upper=2244
61,1,interval_arithmetic,upper,3136,0,0.0,0.0,0,0,0,0,0,3136,0,0,0,0,,interval_arithmetic=3136
61,2,lp,lower,1568,70,0.04988580599999999,0.047786712646484375,272,0,0,70,0,0,0,663,0,835,OPTIMAL=70,interval_proves_cutoff=663;lower_skipped_by_nonpositive_upper=835
61,2,lp,upper,1568,70,0.057170262999999985,0.05060863494873047,384,0,0,70,0,0,0,835,663,0,OPTIMAL=70,interval_proves_cutoff=835;upper_skipped_by_nonnegative_interval_lower=663
61,3,lp,lower,100,1,0.003229276,0.0031609535217285156,152,0,0,1,0,0,0,7,0,92,OPTIMAL=1,interval_proves_cutoff=7;lower_skipped_by_nonpositive_upper=92
61,3,lp,upper,100,1,0.002910186,0.002840280532836914,108,0,0,1,0,0,0,92,7,0,OPTIMAL=1,interval_proves_cutoff=92;upper_skipped_by_nonnegative_interval_lower=7
62,0,lp,lower,9,9,0.047933141,0.047339439392089844,1440,0,0,9,0,0,0,0,0,0,OPTIMAL=9,
62,0,lp,upper,9,9,0.048571397999999995,0.04795503616333008,1510,0,0,9,0,0,0,0,0,0,OPTIMAL=9,
62,1,interval_arithmetic,lower,3136,0,0.0,0.0,0,0,0,0,0,945,0,0,0,2191,,interval_arithmetic=945;lower_skipped_by_nonpositive_upper=2191
62,1,interval_arithmetic,upper,3136,0,0.0,0.0,0,0,0,0,0,3136,0,0,0,0,,interval_arithmetic=3136
62,2,lp,lower,1568,107,0.10366685599999999,0.09993982315063477,1698,0,0,107,0,0,0,659,0,802,OPTIMAL=107,interval_proves_cutoff=659;lower_skipped_by_nonpositive_upper=802
62,2,lp,upper,1568,113,0.11556790299999994,0.10658764839172363,1834,0,0,113,0,0,0,796,659,0,OPTIMAL=113,interval_proves_cutoff=796;upper_skipped_by_nonnegative_interval_lower=659
62,3,lp,lower,100,0,0.0,0.0,0,0,0,0,0,0,0,9,0,91,,interval_proves_cutoff=9;lower_skipped_by_nonpositive_upper=91
62,3,lp,upper,100,0,0.0,0.0,0,0,0,0,0,0,0,91,9,0,,interval_proves_cutoff=91;upper_skipped_by_nonnegative_interval_lower=9
63,0,lp,lower,9,9,0.067024948,0.06637310981750488,1578,0,0,9,0,0,0,0,0,0,OPTIMAL=9,
63,0,lp,upper,9,9,0.066513083,0.06579089164733887,1604,0,0,9,0,0,0,0,0,0,OPTIMAL=9,
63,1,interval_arithmetic,lower,3136,0,0.0,0.0,0,0,0,0,0,876,0,0,0,2260,,interval_arithmetic=876;lower_skipped_by_nonpositive_upper=2260
63,1,interval_arithmetic,upper,3136,0,0.0,0.0,0,0,0,0,0,3136,0,0,0,0,,interval_arithmetic=3136
63,2,lp,lower,1568,123,0.10634117099999997,0.10227179527282715,1513,0,0,123,0,0,0,620,0,825,OPTIMAL=123,interval_proves_cutoff=620;lower_skipped_by_nonpositive_upper=825
63,2,lp,upper,1568,127,0.11410239900000003,0.10549259185791016,1666,0,0,127,0,0,0,821,620,0,OPTIMAL=127,interval_proves_cutoff=821;upper_skipped_by_nonnegative_interval_lower=620
63,3,lp,lower,100,0,0.0,0.0,0,0,0,0,0,0,0,9,0,91,,interval_proves_cutoff=9;lower_skipped_by_nonpositive_upper=91
63,3,lp,upper,100,0,0.0,0.0,0,0,0,0,0,0,0,91,9,0,,interval_proves_cutoff=91;upper_skipped_by_nonnegative_interval_lower=9
64,0,lp,lower,9,9,0.045125073,0.044559478759765625,1444,0,0,9,0,0,0,0,0,0,OPTIMAL=9,
64,0,lp,upper,9,9,0.047951843,0.04734396934509277,1578,0,0,9,0,0,0,0,0,0,OPTIMAL=9,
64,1,interval_arithmetic,lower,3136,0,0.0,0.0,0,0,0,0,0,908,0,0,0,2228,,interval_arithmetic=908;lower_skipped_by_nonpositive_upper=2228
64,1,interval_arithmetic,upper,3136,0,0.0,0.0,0,0,0,0,0,3136,0,0,0,0,,interval_arithmetic=3136
64,2,lp,lower,1568,100,0.09631963799999999,0.09275412559509277,1535,0,0,100,0,0,0,650,0,818,OPTIMAL=100,interval_proves_cutoff=650;lower_skipped_by_nonpositive_upper=818
64,2,lp,upper,1568,104,0.10590560699999998,0.0968623161315918,1640,0,0,104,0,0,0,814,650,0,OPTIMAL=104,interval_proves_cutoff=814;upper_skipped_by_nonnegative_interval_lower=650
64,3,lp,lower,100,0,0.0,0.0,0,0,0,0,0,0,0,9,0,91,,interval_proves_cutoff=9;lower_skipped_by_nonpositive_upper=91
64,3,lp,upper,100,0,0.0,0.0,0,0,0,0,0,0,0,91,9,0,,interval_proves_cutoff=91;upper_skipped_by_nonnegative_interval_lower=9
65,0,lp,lower,9,9,0.051988577999999994,0.05132913589477539,1508,0,0,9,0,0,0,0,0,0,OPTIMAL=9,
65,0,lp,upper,9,9,0.059944504,0.0592954158782959,1547,0,0,9,0,0,0,0,0,0,OPTIMAL=9,
65,1,interval_arithmetic,lower,3136,0,0.0,0.0,0,0,0,0,0,942,0,0,0,2194,,interval_arithmetic=942;lower_skipped_by_nonpositive_upper=2194
65,1,interval_arithmetic,upper,3136,0,0.0,0.0,0,0,0,0,0,3136,0,0,0,0,,interval_arithmetic=3136
65,2,lp,lower,1568,109,0.10727415299999998,0.10350370407104492,1420,0,0,109,0,0,0,671,0,788,OPTIMAL=109,interval_proves_cutoff=671;lower_skipped_by_nonpositive_upper=788
65,2,lp,upper,1568,113,0.11615445999999997,0.1072549819946289,1651,0,0,113,0,0,0,784,671,0,OPTIMAL=113,interval_proves_cutoff=784;upper_skipped_by_nonnegative_interval_lower=671
65,3,lp,lower,100,2,0.011681185,0.011540651321411133,356,0,0,2,0,0,0,7,0,91,OPTIMAL=2,interval_proves_cutoff=7;lower_skipped_by_nonpositive_upper=91
65,3,lp,upper,100,2,0.012406918,0.012238025665283203,424,0,0,2,0,0,0,91,7,0,OPTIMAL=2,interval_proves_cutoff=91;upper_skipped_by_nonnegative_interval_lower=7
66,0,lp,lower,9,9,0.05647466699999999,0.05585789680480957,1389,0,0,9,0,0,0,0,0,0,OPTIMAL=9,
66,0,lp,upper,9,9,0.05843477000000001,0.0577692985534668,1450,0,0,9,0,0,0,0,0,0,OPTIMAL=9,
66,1,interval_arithmetic,lower,3136,0,0.0,0.0,0,0,0,0,0,865,0,0,0,2271,,interval_arithmetic=865;lower_skipped_by_nonpositive_upper=2271
66,1,interval_arithmetic,upper,3136,0,0.0,0.0,0,0,0,0,0,3136,0,0,0,0,,interval_arithmetic=3136
66,2,lp,lower,1568,122,0.09251366700000002,0.08879232406616211,1274,0,0,122,0,0,0,604,0,842,OPTIMAL=122,interval_proves_cutoff=604;lower_skipped_by_nonpositive_upper=842
66,2,lp,upper,1568,122,0.10076764299999992,0.09243369102478027,1456,0,0,122,0,0,0,842,604,0,OPTIMAL=122,interval_proves_cutoff=842;upper_skipped_by_nonnegative_interval_lower=604
66,3,lp,lower,100,0,0.0,0.0,0,0,0,0,0,0,0,9,0,91,,interval_proves_cutoff=9;lower_skipped_by_nonpositive_upper=91
66,3,lp,upper,100,0,0.0,0.0,0,0,0,0,0,0,0,91,9,0,,interval_proves_cutoff=91;upper_skipped_by_nonnegative_interval_lower=9
67,0,lp,lower,9,9,0.10817698799999999,0.10747694969177246,2087,0,0,9,0,0,0,0,0,0,OPTIMAL=9,
67,0,lp,upper,9,9,0.095488747,0.09481668472290039,2038,0,0,9,0,0,0,0,0,0,OPTIMAL=9,
67,1,interval_arithmetic,lower,3136,0,0.0,0.0,0,0,0,0,0,926,0,0,0,2210,,interval_arithmetic=926;lower_skipped_by_nonpositive_upper=2210
67,1,interval_arithmetic,upper,3136,0,0.0,0.0,0,0,0,0,0,3136,0,0,0,0,,interval_arithmetic=3136
67,2,lp,lower,1568,111,0.110833678,0.10692071914672852,2079,0,0,111,0,0,0,648,0,809,OPTIMAL=111,interval_proves_cutoff=648;lower_skipped_by_nonpositive_upper=809
67,2,lp,upper,1568,120,0.12383287200000007,0.11504697799682617,2249,0,0,120,0,0,0,800,648,0,OPTIMAL=120,interval_proves_cutoff=800;upper_skipped_by_nonnegative_interval_lower=648
67,3,lp,lower,100,2,0.014755850000000001,0.014623641967773438,388,0,0,2,0,0,0,7,0,91,OPTIMAL=2,interval_proves_cutoff=7;lower_skipped_by_nonpositive_upper=91
67,3,lp,upper,100,2,0.011784329999999999,0.011630773544311523,451,0,0,2,0,0,0,91,7,0,OPTIMAL=2,interval_proves_cutoff=91;upper_skipped_by_nonnegative_interval_lower=7
68,0,lp,lower,9,9,0.046563643,0.045986175537109375,1410,0,0,9,0,0,0,0,0,0,OPTIMAL=9,
68,0,lp,upper,9,9,0.045257265000000005,0.04466748237609863,1416,0,0,9,0,0,0,0,0,0,OPTIMAL=9,
68,1,interval_arithmetic,lower,3136,0,0.0,0.0,0,0,0,0,0,913,0,0,0,2223,,interval_arithmetic=913;lower_skipped_by_nonpositive_upper=2223
68,1,interval_arithmetic,upper,3136,0,0.0,0.0,0,0,0,0,0,3136,0,0,0,0,,interval_arithmetic=3136
68,2,lp,lower,1568,108,0.09545301700000001,0.09187626838684082,1504,0,0,108,0,0,0,657,0,803,OPTIMAL=108,interval_proves_cutoff=657;lower_skipped_by_nonpositive_upper=803
68,2,lp,upper,1568,117,0.10932420400000001,0.10013365745544434,1670,0,0,117,0,0,0,794,657,0,OPTIMAL=117,interval_proves_cutoff=794;upper_skipped_by_nonnegative_interval_lower=657
68,3,lp,lower,100,1,0.006890103,0.0068187713623046875,293,0,0,1,0,0,0,8,0,91,OPTIMAL=1,interval_proves_cutoff=8;lower_skipped_by_nonpositive_upper=91
68,3,lp,upper,100,1,0.004259738,0.004172086715698242,224,0,0,1,0,0,0,91,8,0,OPTIMAL=1,interval_proves_cutoff=91;upper_skipped_by_nonnegative_interval_lower=8
69,0,lp,lower,9,9,0.032486201000000006,0.0319366455078125,1046,0,0,9,0,0,0,0,0,0,OPTIMAL=9,
69,0,lp,upper,9,9,0.032877043,0.03233790397644043,962,0,0,9,0,0,0,0,0,0,OPTIMAL=9,
69,1,interval_arithmetic,lower,3136,0,0.0,0.0,0,0,0,0,0,931,0,0,0,2205,,interval_arithmetic=931;lower_skipped_by_nonpositive_upper=2205
69,1,interval_arithmetic,upper,3136,0,0.0,0.0,0,0,0,0,0,3136,0,0,0,0,,interval_arithmetic=3136
69,2,lp,lower,1568,86,0.067780369,0.06514406204223633,404,0,0,86,0,0,0,686,0,796,OPTIMAL=86,interval_proves_cutoff=686;lower_skipped_by_nonpositive_upper=796
69,2,lp,upper,1568,86,0.07127613700000003,0.06374716758728027,389,0,0,86,0,0,0,796,686,0,OPTIMAL=86,interval_proves_cutoff=796;upper_skipped_by_nonnegative_interval_lower=686
69,3,lp,lower,100,1,0.003433849,0.003355741500854492,187,0,0,1,0,0,0,8,0,91,OPTIMAL=1,interval_proves_cutoff=8;lower_skipped_by_nonpositive_upper=91
69,3,lp,upper,100,1,0.003400264,0.0033245086669921875,164,0,0,1,0,0,0,91,8,0,OPTIMAL=1,interval_proves_cutoff=91;upper_skipped_by_nonnegative_interval_lower=8
70,0,lp,lower,9,9,0.050811656000000004,0.05018258094787598,1412,0,0,9,0,0,0,0,0,0,OPTIMAL=9,
70,0,lp,upper,9,9,0.048269358000000005,0.047678232192993164,1436,0,0,9,0,0,0,0,0,0,OPTIMAL=9,
70,1,interval_arithmetic,lower,3136,0,0.0,0.0,0,0,0,0,0,937,0,0,0,2199,,interval_arithmetic=937;lower_skipped_by_nonpositive_upper=2199
70,1,interval_arithmetic,upper,3136,0,0.0,0.0,0,0,0,0,0,3136,0,0,0,0,,interval_arithmetic=3136
70,2,lp,lower,1568,97,0.093350806,0.09001564979553223,1381,0,0,97,0,0,0,682,0,789,OPTIMAL=97,interval_proves_cutoff=682;lower_skipped_by_nonpositive_upper=789
70,2,lp,upper,1568,103,0.109816463,0.10068941116333008,1585,0,0,103,0,0,0,783,682,0,OPTIMAL=103,interval_proves_cutoff=783;upper_skipped_by_nonnegative_interval_lower=682
70,3,lp,lower,100,1,0.005889082,0.0058209896087646484,272,0,0,1,0,0,0,8,0,91,OPTIMAL=1,interval_proves_cutoff=8;lower_skipped_by_nonpositive_upper=91
70,3,lp,upper,100,1,0.004610634,0.004530668258666992,205,0,0,1,0,0,0,91,8,0,OPTIMAL=1,interval_proves_cutoff=91;upper_skipped_by_nonnegative_interval_lower=8
71,0,lp,lower,9,9,0.027585975000000002,0.02709341049194336,1070,0,0,9,0,0,0,0,0,0,OPTIMAL=9,
71,0,lp,upper,9,9,0.027024638,0.02651524543762207,1068,0,0,9,0,0,0,0,0,0,OPTIMAL=9,
71,1,interval_arithmetic,lower,3136,0,0.0,0.0,0,0,0,0,0,906,0,0,0,2230,,interval_arithmetic=906;lower_skipped_by_nonpositive_upper=2230
71,1,interval_arithmetic,upper,3136,0,0.0,0.0,0,0,0,0,0,3136,0,0,0,0,,interval_arithmetic=3136
71,2,lp,lower,1568,69,0.059838946,0.05755734443664551,845,0,0,69,0,0,0,661,0,838,OPTIMAL=69,interval_proves_cutoff=661;lower_skipped_by_nonpositive_upper=838
71,2,lp,upper,1568,78,0.07807252299999998,0.070587158203125,1078,0,0,78,0,0,0,829,661,0,OPTIMAL=78,interval_proves_cutoff=829;upper_skipped_by_nonnegative_interval_lower=661
71,3,lp,lower,100,0,0.0,0.0,0,0,0,0,0,0,0,8,0,92,,interval_proves_cutoff=8;lower_skipped_by_nonpositive_upper=92
71,3,lp,upper,100,0,0.0,0.0,0,0,0,0,0,0,0,92,8,0,,interval_proves_cutoff=92;upper_skipped_by_nonnegative_interval_lower=8
72,0,lp,lower,9,9,0.03622431300000001,0.0356595516204834,1327,0,0,9,0,0,0,0,0,0,OPTIMAL=9,
72,0,lp,upper,9,9,0.036157189000000006,0.03559565544128418,1399,0,0,9,0,0,0,0,0,0,OPTIMAL=9,
72,1,interval_arithmetic,lower,3136,0,0.0,0.0,0,0,0,0,0,968,0,0,0,2168,,interval_arithmetic=968;lower_skipped_by_nonpositive_upper=2168
72,1,interval_arithmetic,upper,3136,0,0.0,0.0,0,0,0,0,0,3136,0,0,0,0,,interval_arithmetic=3136
72,2,lp,lower,1568,94,0.08413782,0.08094382286071777,818,0,0,94,0,0,0,688,0,786,OPTIMAL=94,interval_proves_cutoff=688;lower_skipped_by_nonpositive_upper=786
72,2,lp,upper,1568,105,0.10168113700000005,0.09305524826049805,1089,0,0,105,0,0,0,775,688,0,OPTIMAL=105,interval_proves_cutoff=775;upper_skipped_by_nonnegative_interval_lower=688
72,3,lp,lower,100,0,0.0,0.0,0,0,0,0,0,0,0,8,0,92,,interval_proves_cutoff=8;lower_skipped_by_nonpositive_upper=92
72,3,lp,upper,100,1,0.004010903,0.003932476043701172,211,0,0,1,0,0,0,91,8,0,OPTIMAL=1,interval_proves_cutoff=91;upper_skipped_by_nonnegative_interval_lower=8
73,0,lp,lower,9,9,0.065936866,0.06529903411865234,1718,0,0,9,0,0,0,0,0,0,OPTIMAL=9,
73,0,lp,upper,9,9,0.059554181,0.05891728401184082,1725,0,0,9,0,0,0,0,0,0,OPTIMAL=9,
73,1,interval_arithmetic,lower,3136,0,0.0,0.0,0,0,0,0,0,931,0,0,0,2205,,interval_arithmetic=931;lower_skipped_by_nonpositive_upper=2205
73,1,interval_arithmetic,upper,3136,0,0.0,0.0,0,0,0,0,0,3136,0,0,0,0,,interval_arithmetic=3136
73,2,lp,lower,1568,108,0.10572970100000001,0.10189485549926758,1623,0,0,108,0,0,0,679,0,781,OPTIMAL=108,interval_proves_cutoff=679;lower_skipped_by_nonpositive_upper=781
73,2,lp,upper,1568,114,0.11725404800000006,0.10772585868835449,1708,0,0,114,0,0,0,775,679,0,OPTIMAL=114,interval_proves_cutoff=775;upper_skipped_by_nonnegative_interval_lower=679
73,3,lp,lower,100,1,0.006424224,0.006350278854370117,300,0,0,1,0,0,0,8,0,91,OPTIMAL=1,interval_proves_cutoff=8;lower_skipped_by_nonpositive_upper=91
73,3,lp,upper,100,1,0.00546887,0.005383729934692383,229,0,0,1,0,0,0,91,8,0,OPTIMAL=1,interval_proves_cutoff=91;upper_skipped_by_nonnegative_interval_lower=8
74,0,lp,lower,9,9,0.024563065,0.02410101890563965,928,0,0,9,0,0,0,0,0,0,OPTIMAL=9,
74,0,lp,upper,9,9,0.025136409000000002,0.024645566940307617,878,0,0,9,0,0,0,0,0,0,OPTIMAL=9,
74,1,interval_arithmetic,lower,3136,0,0.0,0.0,0,0,0,0,0,910,0,0,0,2226,,interval_arithmetic=910;lower_skipped_by_nonpositive_upper=2226
74,1,interval_arithmetic,upper,3136,0,0.0,0.0,0,0,0,0,0,3136,0,0,0,0,,interval_arithmetic=3136
74,2,lp,lower,1568,61,0.050741382,0.04873847961425781,634,0,0,61,0,0,0,652,0,855,OPTIMAL=61,interval_proves_cutoff=652;lower_skipped_by_nonpositive_upper=855
74,2,lp,upper,1568,63,0.059807159999999984,0.05299973487854004,740,0,0,63,0,0,0,853,652,0,OPTIMAL=63,interval_proves_cutoff=853;upper_skipped_by_nonnegative_interval_lower=652
74,3,lp,lower,100,1,0.003130017,0.0030753612518310547,163,0,0,1,0,0,0,8,0,91,OPTIMAL=1,interval_proves_cutoff=8;lower_skipped_by_nonpositive_upper=91
74,3,lp,upper,100,1,0.00289415,0.0028314590454101562,147,0,0,1,0,0,0,91,8,0,OPTIMAL=1,interval_proves_cutoff=91;upper_skipped_by_nonnegative_interval_lower=8
75,0,lp,lower,9,9,0.042007937,0.04150748252868652,1157,0,0,9,0,0,0,0,0,0,OPTIMAL=9,
75,0,lp,upper,9,9,0.043904287,0.043398141860961914,1153,0,0,9,0,0,0,0,0,0,OPTIMAL=9,
75,1,interval_arithmetic,lower,3136,0,0.0,0.0,0,0,0,0,0,859,0,0,0,2277,,interval_arithmetic=859;lower_skipped_by_nonpositive_upper=2277
75,1,interval_arithmetic,upper,3136,0,0.0,0.0,0,0,0,0,0,3136,0,0,0,0,,interval_arithmetic=3136
75,2,lp,lower,1568,56,0.040661447000000024,0.03901958465576172,502,0,0,56,0,0,0,653,0,859,OPTIMAL=56,interval_proves_cutoff=653;lower_skipped_by_nonpositive_upper=859
75,2,lp,upper,1568,59,0.05106070100000001,0.044219017028808594,662,0,0,59,0,0,0,856,653,0,OPTIMAL=59,interval_proves_cutoff=856;upper_skipped_by_nonnegative_interval_lower=653
75,3,lp,lower,100,2,0.005859614,0.0057489871978759766,200,0,0,2,0,0,0,7,0,91,OPTIMAL=2,interval_proves_cutoff=7;lower_skipped_by_nonpositive_upper=91
75,3,lp,upper,100,2,0.006430034,0.0063054561614990234,244,0,0,2,0,0,0,91,7,0,OPTIMAL=2,interval_proves_cutoff=91;upper_skipped_by_nonnegative_interval_lower=7
76,0,lp,lower,9,9,0.066191036,0.06554508209228516,1542,0,0,9,0,0,0,0,0,0,OPTIMAL=9,
76,0,lp,upper,9,9,0.083566373,0.08291864395141602,1790,0,0,9,0,0,0,0,0,0,OPTIMAL=9,
76,1,interval_arithmetic,lower,3136,0,0.0,0.0,0,0,0,0,0,912,0,0,0,2224,,interval_arithmetic=912;lower_skipped_by_nonpositive_upper=2224
76,1,interval_arithmetic,upper,3136,0,0.0,0.0,0,0,0,0,0,3136,0,0,0,0,,interval_arithmetic=3136
76,2,lp,lower,1568,107,0.099071596,0.09532880783081055,1597,0,0,107,0,0,0,653,0,808,OPTIMAL=107,interval_proves_cutoff=653;lower_skipped_by_nonpositive_upper=808
76,2,lp,upper,1568,113,0.115860224,0.10663795471191406,1932,0,0,113,0,0,0,802,653,0,OPTIMAL=113,interval_proves_cutoff=802;upper_skipped_by_nonnegative_interval_lower=653
76,3,lp,lower,100,2,0.015901386,0.015757322311401367,395,0,0,2,0,0,0,7,0,91,OPTIMAL=2,interval_proves_cutoff=7;lower_skipped_by_nonpositive_upper=91
76,3,lp,upper,100,2,0.012011045000000001,0.011838197708129883,421,0,0,2,0,0,0,91,7,0,OPTIMAL=2,interval_proves_cutoff=91;upper_skipped_by_nonnegative_interval_lower=7
77,0,lp,lower,9,9,0.09248783899999999,0.09186029434204102,1897,0,0,9,0,0,0,0,0,0,OPTIMAL=9,
77,0,lp,upper,9,9,0.10475911399999999,0.1041097640991211,2030,0,0,9,0,0,0,0,0,0,OPTIMAL=9,
77,1,interval_arithmetic,lower,3136,0,0.0,0.0,0,0,0,0,0,899,0,0,0,2237,,interval_arithmetic=899;lower_skipped_by_nonpositive_upper=2237
77,1,interval_arithmetic,upper,3136,0,0.0,0.0,0,0,0,0,0,3136,0,0,0,0,,interval_arithmetic=3136
77,2,lp,lower,1568,107,0.10331416099999999,0.09960556030273438,1789,0,0,107,0,0,0,652,0,809,OPTIMAL=107,interval_proves_cutoff=652;lower_skipped_by_nonpositive_upper=809
77,2,lp,upper,1568,114,0.11557854299999999,0.10694098472595215,2022,0,0,114,0,0,0,802,652,0,OPTIMAL=114,interval_proves_cutoff=802;upper_skipped_by_nonnegative_interval_lower=652
77,3,lp,lower,100,2,0.01109161,0.010933160781860352,313,0,0,2,0,0,0,7,0,91,OPTIMAL=2,interval_proves_cutoff=7;lower_skipped_by_nonpositive_upper=91
77,3,lp,upper,100,2,0.016949763,0.016777992248535156,465,0,0,2,0,0,0,91,7,0,OPTIMAL=2,interval_proves_cutoff=91;upper_skipped_by_nonnegative_interval_lower=7
78,0,lp,lower,9,9,0.06775178600000001,0.0671076774597168,1802,0,0,9,0,0,0,0,0,0,OPTIMAL=9,
78,0,lp,upper,9,9,0.069220563,0.06852841377258301,1877,0,0,9,0,0,0,0,0,0,OPTIMAL=9,
78,1,interval_arithmetic,lower,3136,0,0.0,0.0,0,0,0,0,0,892,0,0,0,2244,,interval_arithmetic=892;lower_skipped_by_nonpositive_upper=2244
78,1,interval_arithmetic,upper,3136,0,0.0,0.0,0,0,0,0,0,3136,0,0,0,0,,interval_arithmetic=3136
78,2,lp,lower,1568,120,0.11465916800000003,0.11049818992614746,1635,0,0,120,0,0,0,652,0,796,OPTIMAL=120,interval_proves_cutoff=652;lower_skipped_by_nonpositive_upper=796
78,2,lp,upper,1568,125,0.129455192,0.12041187286376953,1916,0,0,125,0,0,0,791,652,0,OPTIMAL=125,interval_proves_cutoff=791;upper_skipped_by_nonnegative_interval_lower=652
78,3,lp,lower,100,0,0.0,0.0,0,0,0,0,0,0,0,9,0,91,,interval_proves_cutoff=9;lower_skipped_by_nonpositive_upper=91
78,3,lp,upper,100,0,0.0,0.0,0,0,0,0,0,0,0,91,9,0,,interval_proves_cutoff=91;upper_skipped_by_nonnegative_interval_lower=9
79,0,lp,lower,9,9,0.03598628300000001,0.03546142578125,1193,0,0,9,0,0,0,0,0,0,OPTIMAL=9,
79,0,lp,upper,9,9,0.040297379,0.039764404296875,1302,0,0,9,0,0,0,0,0,0,OPTIMAL=9,
79,1,interval_arithmetic,lower,3136,0,0.0,0.0,0,0,0,0,0,895,0,0,0,2241,,interval_arithmetic=895;lower_skipped_by_nonpositive_upper=2241
79,1,interval_arithmetic,upper,3136,0,0.0,0.0,0,0,0,0,0,3136,0,0,0,0,,interval_arithmetic=3136
79,2,lp,lower,1568,80,0.06887974899999999,0.06624078750610352,1113,0,0,80,0,0,0,633,0,855,OPTIMAL=80,interval_proves_cutoff=633;lower_skipped_by_nonpositive_upper=855
79,2,lp,upper,1568,84,0.07937523500000002,0.07202267646789551,1226,0,0,84,0,0,0,851,633,0,OPTIMAL=84,interval_proves_cutoff=851;upper_skipped_by_nonnegative_interval_lower=633
79,3,lp,lower,100,1,0.004178781,0.004117488861083984,219,0,0,1,0,0,0,8,0,91,OPTIMAL=1,interval_proves_cutoff=8;lower_skipped_by_nonpositive_upper=91
79,3,lp,upper,100,1,0.004447944,0.004377603530883789,209,0,0,1,0,0,0,91,8,0,OPTIMAL=1,interval_proves_cutoff=91;upper_skipped_by_nonnegative_interval_lower=8
80,0,lp,lower,9,9,0.028030396,0.0275118350982666,1054,0,0,9,0,0,0,0,0,0,OPTIMAL=9,
80,0,lp,upper,9,9,0.030599454999999998,0.030046701431274414,1167,0,0,9,0,0,0,0,0,0,OPTIMAL=9,
80,1,interval_arithmetic,lower,3136,0,0.0,0.0,0,0,0,0,0,958,0,0,0,2178,,interval_arithmetic=958;lower_skipped_by_nonpositive_upper=2178
80,1,interval_arithmetic,upper,3136,0,0.0,0.0,0,0,0,0,0,3136,0,0,0,0,,interval_arithmetic=3136
80,2,lp,lower,1568,74,0.06483506299999998,0.06244778633117676,797,0,0,74,0,0,0,674,0,820,OPTIMAL=74,interval_proves_cutoff=674;lower_skipped_by_nonpositive_upper=820
80,2,lp,upper,1568,77,0.077810185,0.07004904747009277,892,0,0,77,0,0,0,817,674,0,OPTIMAL=77,interval_proves_cutoff=817;upper_skipped_by_nonnegative_interval_lower=674
80,3,lp,lower,100,0,0.0,0.0,0,0,0,0,0,0,0,9,0,91,,interval_proves_cutoff=9;lower_skipped_by_nonpositive_upper=91
80,3,lp,upper,100,0,0.0,0.0,0,0,0,0,0,0,0,91,9,0,,interval_proves_cutoff=91;upper_skipped_by_nonnegative_interval_lower=9
81,0,lp,lower,9,9,0.028328362,0.027859210968017578,861,0,0,9,0,0,0,0,0,0,OPTIMAL=9,
81,0,lp,upper,9,9,0.032449468999999995,0.03193831443786621,831,0,0,9,0,0,0,0,0,0,OPTIMAL=9,
81,1,interval_arithmetic,lower,3136,0,0.0,0.0,0,0,0,0,0,873,0,0,0,2263,,interval_arithmetic=873;lower_skipped_by_nonpositive_upper=2263
81,1,interval_arithmetic,upper,3136,0,0.0,0.0,0,0,0,0,0,3136,0,0,0,0,,interval_arithmetic=3136
81,2,lp,lower,1568,57,0.04243473600000001,0.04074287414550781,549,0,0,57,0,0,0,667,0,844,OPTIMAL=57,interval_proves_cutoff=667;lower_skipped_by_nonpositive_upper=844
81,2,lp,upper,1568,62,0.055274892000000006,0.048834800720214844,665,0,0,62,0,0,0,839,667,0,OPTIMAL=62,interval_proves_cutoff=839;upper_skipped_by_nonnegative_interval_lower=667
81,3,lp,lower,100,1,0.003063524,0.0030069351196289062,148,0,0,1,0,0,0,8,0,91,OPTIMAL=1,interval_proves_cutoff=8;lower_skipped_by_nonpositive_upper=91
81,3,lp,upper,100,1,0.003263946,0.0031890869140625,132,0,0,1,0,0,0,91,8,0,OPTIMAL=1,interval_proves_cutoff=91;upper_skipped_by_nonnegative_interval_lower=8
82,0,lp,lower,9,9,0.036530431999999995,0.035994529724121094,1066,0,0,9,0,0,0,0,0,0,OPTIMAL=9,
82,0,lp,upper,9,9,0.035608187,0.03506612777709961,1135,0,0,9,0,0,0,0,0,0,OPTIMAL=9,
82,1,interval_arithmetic,lower,3136,0,0.0,0.0,0,0,0,0,0,911,0,0,0,2225,,interval_arithmetic=911;lower_skipped_by_nonpositive_upper=2225
82,1,interval_arithmetic,upper,3136,0,0.0,0.0,0,0,0,0,0,3136,0,0,0,0,,interval_arithmetic=3136
82,2,lp,lower,1568,74,0.066822292,0.06432819366455078,961,0,0,74,0,0,0,672,0,822,OPTIMAL=74,interval_proves_cutoff=672;lower_skipped_by_nonpositive_upper=822
82,2,lp,upper,1568,75,0.07391116799999997,0.06690740585327148,1070,0,0,75,0,0,0,821,672,0,OPTIMAL=75,interval_proves_cutoff=821;upper_skipped_by_nonnegative_interval_lower=672
82,3,lp,lower,100,1,0.004911288,0.004842519760131836,213,0,0,1,0,0,0,8,0,91,OPTIMAL=1,interval_proves_cutoff=8;lower_skipped_by_nonpositive_upper=91
82,3,lp,upper,100,1,0.003921248,0.003839731216430664,175,0,0,1,0,0,0,91,8,0,OPTIMAL=1,interval_proves_cutoff=91;upper_skipped_by_nonnegative_interval_lower=8
83,0,lp,lower,9,9,0.038208662000000004,0.03764033317565918,1427,0,0,9,0,0,0,0,0,0,OPTIMAL=9,
83,0,lp,upper,9,9,0.039975088,0.03936171531677246,1402,0,0,9,0,0,0,0,0,0,OPTIMAL=9,
83,1,interval_arithmetic,lower,3136,0,0.0,0.0,0,0,0,0,0,942,0,0,0,2194,,interval_arithmetic=942;lower_skipped_by_nonpositive_upper=2194
83,1,interval_arithmetic,upper,3136,0,0.0,0.0,0,0,0,0,0,3136,0,0,0,0,,interval_arithmetic=3136
83,2,lp,lower,1568,98,0.092447999,0.08900189399719238,1346,0,0,98,0,0,0,685,0,785,OPTIMAL=98,interval_proves_cutoff=685;lower_skipped_by_nonpositive_upper=785
83,2,lp,upper,1568,103,0.10463312699999996,0.0962381362915039,1493,0,0,103,0,0,0,780,685,0,OPTIMAL=103,interval_proves_cutoff=780;upper_skipped_by_nonnegative_interval_lower=685
83,3,lp,lower,100,0,0.0,0.0,0,0,0,0,0,0,0,8,0,92,,interval_proves_cutoff=8;lower_skipped_by_nonpositive_upper=92
83,3,lp,upper,100,1,0.004254921,0.004167079925537109,217,0,0,1,0,0,0,91,8,0,OPTIMAL=1,interval_proves_cutoff=91;upper_skipped_by_nonnegative_interval_lower=8
84,0,lp,lower,9,9,0.038779373000000006,0.03824973106384277,1111,0,0,9,0,0,0,0,0,0,OPTIMAL=9,
84,0,lp,upper,9,9,0.040377449,0.039818763732910156,1155,0,0,9,0,0,0,0,0,0,OPTIMAL=9,
84,1,interval_arithmetic,lower,3136,0,0.0,0.0,0,0,0,0,0,882,0,0,0,2254,,interval_arithmetic=882;lower_skipped_by_nonpositive_upper=2254
84,1,interval_arithmetic,upper,3136,0,0.0,0.0,0,0,0,0,0,3136,0,0,0,0,,interval_arithmetic=3136
84,2,lp,lower,1568,72,0.062360421,0.060014963150024414,817,0,0,72,0,0,0,653,0,843,OPTIMAL=72,interval_proves_cutoff=653;lower_skipped_by_nonpositive_upper=843
84,2,lp,upper,1568,77,0.073945804,0.06642770767211914,1038,0,0,77,0,0,0,838,653,0,OPTIMAL=77,interval_proves_cutoff=838;upper_skipped_by_nonnegative_interval_lower=653
84,3,lp,lower,100,1,0.004661723,0.004601478576660156,201,0,0,1,0,0,0,8,0,91,OPTIMAL=1,interval_proves_cutoff=8;lower_skipped_by_nonpositive_upper=91
84,3,lp,upper,100,1,0.004053037,0.003985404968261719,191,0,0,1,0,0,0,91,8,0,OPTIMAL=1,interval_proves_cutoff=91;upper_skipped_by_nonnegative_interval_lower=8
85,0,lp,lower,9,9,0.05507481,0.054454803466796875,1597,0,0,9,0,0,0,0,0,0,OPTIMAL=9,
85,0,lp,upper,9,9,0.064917697,0.06421589851379395,1760,0,0,9,0,0,0,0,0,0,OPTIMAL=9,
85,1,interval_arithmetic,lower,3136,0,0.0,0.0,0,0,0,0,0,952,0,0,0,2184,,interval_arithmetic=952;lower_skipped_by_nonpositive_upper=2184
85,1,interval_arithmetic,upper,3136,0,0.0,0.0,0,0,0,0,0,3136,0,0,0,0,,interval_arithmetic=3136
85,2,lp,lower,1568,106,0.115103484,0.11128711700439453,2724,0,0,106,0,0,0,664,0,798,OPTIMAL=106,interval_proves_cutoff=664;lower_skipped_by_nonpositive_upper=798
85,2,lp,upper,1568,122,0.14339512399999996,0.13384485244750977,3180,0,0,122,0,0,0,782,664,0,OPTIMAL=122,interval_proves_cutoff=782;upper_skipped_by_nonnegative_interval_lower=664
85,3,lp,lower,100,1,0.008541678,0.008453845977783203,323,0,0,1,0,0,0,8,0,91,OPTIMAL=1,interval_proves_cutoff=8;lower_skipped_by_nonpositive_upper=91
85,3,lp,upper,100,1,0.007571624,0.00748896598815918,266,0,0,1,0,0,0,91,8,0,OPTIMAL=1,interval_proves_cutoff=91;upper_skipped_by_nonnegative_interval_lower=8
86,0,lp,lower,9,9,0.046534599,0.04597187042236328,1266,0,0,9,0,0,0,0,0,0,OPTIMAL=9,
86,0,lp,upper,9,9,0.04432297,0.04372763633728027,1288,0,0,9,0,0,0,0,0,0,OPTIMAL=9,
86,1,interval_arithmetic,lower,3136,0,0.0,0.0,0,0,0,0,0,947,0,0,0,2189,,interval_arithmetic=947;lower_skipped_by_nonpositive_upper=2189
86,1,interval_arithmetic,upper,3136,0,0.0,0.0,0,0,0,0,0,3136,0,0,0,0,,interval_arithmetic=3136
86,2,lp,lower,1568,89,0.08562770400000001,0.08252406120300293,1143,0,0,89,0,0,0,669,0,810,OPTIMAL=89,interval_proves_cutoff=669;lower_skipped_by_nonpositive_upper=810
86,2,lp,upper,1568,93,0.092868105,0.08493781089782715,1259,0,0,93,0,0,0,806,669,0,OPTIMAL=93,interval_proves_cutoff=806;upper_skipped_by_nonnegative_interval_lower=669
86,3,lp,lower,100,2,0.008998882,0.008874893188476562,278,0,0,2,0,0,0,7,0,91,OPTIMAL=2,interval_proves_cutoff=7;lower_skipped_by_nonpositive_upper=91
86,3,lp,upper,100,2,0.009112666,0.008955001831054688,350,0,0,2,0,0,0,91,7,0,OPTIMAL=2,interval_proves_cutoff=91;upper_skipped_by_nonnegative_interval_lower=7
87,0,lp,lower,9,9,0.053568183,0.053006649017333984,1363,0,0,9,0,0,0,0,0,0,OPTIMAL=9,
87,0,lp,upper,9,9,0.052682208999999994,0.05211758613586426,1281,0,0,9,0,0,0,0,0,0,OPTIMAL=9,
87,1,interval_arithmetic,lower,3136,0,0.0,0.0,0,0,0,0,0,908,0,0,0,2228,,interval_arithmetic=908;lower_skipped_by_nonpositive_upper=2228
87,1,interval_arithmetic,upper,3136,0,0.0,0.0,0,0,0,0,0,3136,0,0,0,0,,interval_arithmetic=3136
87,2,lp,lower,1568,75,0.06389256299999999,0.06147122383117676,955,0,0,75,0,0,0,652,0,841,OPTIMAL=75,interval_proves_cutoff=652;lower_skipped_by_nonpositive_upper=841
87,2,lp,upper,1568,81,0.07814809200000002,0.07096600532531738,1149,0,0,81,0,0,0,835,652,0,OPTIMAL=81,interval_proves_cutoff=835;upper_skipped_by_nonnegative_interval_lower=652
87,3,lp,lower,100,2,0.007814933999999999,0.0076847076416015625,252,0,0,2,0,0,0,7,0,91,OPTIMAL=2,interval_proves_cutoff=7;lower_skipped_by_nonpositive_upper=91
87,3,lp,upper,100,2,0.006760665,0.00662684440612793,267,0,0,2,0,0,0,91,7,0,OPTIMAL=2,interval_proves_cutoff=91;upper_skipped_by_nonnegative_interval_lower=7
88,0,lp,lower,9,9,0.050368899,0.049770355224609375,1456,0,0,9,0,0,0,0,0,0,OPTIMAL=9,
88,0,lp,upper,9,9,0.05957238199999999,0.058983802795410156,1628,0,0,9,0,0,0,0,0,0,OPTIMAL=9,
88,1,interval_arithmetic,lower,3136,0,0.0,0.0,0,0,0,0,0,932,0,0,0,2204,,interval_arithmetic=932;lower_skipped_by_nonpositive_upper=2204
88,1,interval_arithmetic,upper,3136,0,0.0,0.0,0,0,0,0,0,3136,0,0,0,0,,interval_arithmetic=3136
88,2,lp,lower,1568,93,0.08742760800000003,0.08420634269714355,1206,0,0,93,0,0,0,668,0,807,OPTIMAL=93,interval_proves_cutoff=668;lower_skipped_by_nonpositive_upper=807
88,2,lp,upper,1568,99,0.10011659700000002,0.09147119522094727,1430,0,0,99,0,0,0,801,668,0,OPTIMAL=99,interval_proves_cutoff=801;upper_skipped_by_nonnegative_interval_lower=668
88,3,lp,lower,100,1,0.005814217,0.005749940872192383,268,0,0,1,0,0,0,7,0,92,OPTIMAL=1,interval_proves_cutoff=7;lower_skipped_by_nonpositive_upper=92
88,3,lp,upper,100,2,0.00931743,0.00915670394897461,382,0,0,2,0,0,0,91,7,0,OPTIMAL=2,interval_proves_cutoff=91;upper_skipped_by_nonnegative_interval_lower=7
89,0,lp,lower,9,9,0.11562139500000002,0.11489295959472656,2323,0,0,9,0,0,0,0,0,0,OPTIMAL=9,
89,0,lp,upper,9,9,0.093923579,0.09319853782653809,2035,0,0,9,0,0,0,0,0,0,OPTIMAL=9,
89,1,interval_arithmetic,lower,3136,0,0.0,0.0,0,0,0,0,0,932,0,0,0,2204,,interval_arithmetic=932;lower_skipped_by_nonpositive_upper=2204
89,1,interval_arithmetic,upper,3136,0,0.0,0.0,0,0,0,0,0,3136,0,0,0,0,,interval_arithmetic=3136
89,2,lp,lower,1568,118,0.10953403500000002,0.10552358627319336,1636,0,0,118,0,0,0,658,0,792,OPTIMAL=118,interval_proves_cutoff=658;lower_skipped_by_nonpositive_upper=792
89,2,lp,upper,1568,119,0.11969797099999997,0.11107373237609863,1782,0,0,119,0,0,0,791,658,0,OPTIMAL=119,interval_proves_cutoff=791;upper_skipped_by_nonnegative_interval_lower=658
89,3,lp,lower,100,2,0.011099975,0.010959386825561523,345,0,0,2,0,0,0,7,0,91,OPTIMAL=2,interval_proves_cutoff=7;lower_skipped_by_nonpositive_upper=91
89,3,lp,upper,100,2,0.012503399,0.012345314025878906,468,0,0,2,0,0,0,91,7,0,OPTIMAL=2,interval_proves_cutoff=91;upper_skipped_by_nonnegative_interval_lower=7
90,0,lp,lower,9,9,0.019104714999999998,0.018666982650756836,626,0,0,9,0,0,0,0,0,0,OPTIMAL=9,
90,0,lp,upper,9,9,0.018425873000000002,0.01796126365661621,613,0,0,9,0,0,0,0,0,0,OPTIMAL=9,
90,1,interval_arithmetic,lower,3136,0,0.0,0.0,0,0,0,0,0,858,0,0,0,2278,,interval_arithmetic=858;lower_skipped_by_nonpositive_upper=2278
90,1,interval_arithmetic,upper,3136,0,0.0,0.0,0,0,0,0,0,3136,0,0,0,0,,interval_arithmetic=3136
90,2,lp,lower,1568,54,0.039316415,0.03776407241821289,444,0,0,54,0,0,0,635,0,879,OPTIMAL=54,interval_proves_cutoff=635;lower_skipped_by_nonpositive_upper=879
90,2,lp,upper,1568,59,0.048836669,0.04265594482421875,519,0,0,59,0,0,0,874,635,0,OPTIMAL=59,interval_proves_cutoff=874;upper_skipped_by_nonnegative_interval_lower=635
90,3,lp,lower,100,0,0.0,0.0,0,0,0,0,0,0,0,8,0,92,,interval_proves_cutoff=8;lower_skipped_by_nonpositive_upper=92
90,3,lp,upper,100,0,0.0,0.0,0,0,0,0,0,0,0,92,8,0,,interval_proves_cutoff=92;upper_skipped_by_nonnegative_interval_lower=8
91,0,lp,lower,9,9,0.061015585,0.06045222282409668,1395,0,0,9,0,0,0,0,0,0,OPTIMAL=9,
91,0,lp,upper,9,9,0.060954392999999996,0.06036829948425293,1444,0,0,9,0,0,0,0,0,0,OPTIMAL=9,
91,1,interval_arithmetic,lower,3136,0,0.0,0.0,0,0,0,0,0,920,0,0,0,2216,,interval_arithmetic=920;lower_skipped_by_nonpositive_upper=2216
91,1,interval_arithmetic,upper,3136,0,0.0,0.0,0,0,0,0,0,3136,0,0,0,0,,interval_arithmetic=3136
91,2,lp,lower,1568,84,0.075041637,0.07213711738586426,879,0,0,84,0,0,0,674,0,810,OPTIMAL=84,interval_proves_cutoff=674;lower_skipped_by_nonpositive_upper=810
91,2,lp,upper,1568,85,0.08045664300000001,0.07298707962036133,933,0,0,85,0,0,0,809,674,0,OPTIMAL=85,interval_proves_cutoff=809;upper_skipped_by_nonnegative_interval_lower=674
91,3,lp,lower,100,1,0.005470545,0.005406379699707031,230,0,0,1,0,0,0,8,0,91,OPTIMAL=1,interval_proves_cutoff=8;lower_skipped_by_nonpositive_upper=91
91,3,lp,upper,100,1,0.004165941,0.004087209701538086,191,0,0,1,0,0,0,91,8,0,OPTIMAL=1,interval_proves_cutoff=91;upper_skipped_by_nonnegative_interval_lower=8
92,0,lp,lower,9,9,0.069622106,0.06899428367614746,1611,0,0,9,0,0,0,0,0,0,OPTIMAL=9,
92,0,lp,upper,9,9,0.070250841,0.0696115493774414,1606,0,0,9,0,0,0,0,0,0,OPTIMAL=9,
92,1,interval_arithmetic,lower,3136,0,0.0,0.0,0,0,0,0,0,908,0,0,0,2228,,interval_arithmetic=908;lower_skipped_by_nonpositive_upper=2228
92,1,interval_arithmetic,upper,3136,0,0.0,0.0,0,0,0,0,0,3136,0,0,0,0,,interval_arithmetic=3136
92,2,lp,lower,1568,106,0.10086442200000005,0.09719347953796387,1747,0,0,106,0,0,0,646,0,816,OPTIMAL=106,interval_proves_cutoff=646;lower_skipped_by_nonpositive_upper=816
92,2,lp,upper,1568,115,0.11273120600000003,0.10431957244873047,1995,0,0,115,0,0,0,807,646,0,OPTIMAL=115,interval_proves_cutoff=807;upper_skipped_by_nonnegative_interval_lower=646
92,3,lp,lower,100,2,0.011653821,0.011520862579345703,341,0,0,2,0,0,0,7,0,91,OPTIMAL=2,interval_proves_cutoff=7;lower_skipped_by_nonpositive_upper=91
92,3,lp,upper,100,2,0.01191945,0.01177215576171875,406,0,0,2,0,0,0,91,7,0,OPTIMAL=2,interval_proves_cutoff=91;upper_skipped_by_nonnegative_interval_lower=7
93,0,lp,lower,9,9,0.073981606,0.07338476181030273,1778,0,0,9,0,0,0,0,0,0,OPTIMAL=9,
93,0,lp,upper,9,9,0.068506073,0.06789016723632812,1603,0,0,9,0,0,0,0,0,0,OPTIMAL=9,
93,1,interval_arithmetic,lower,3136,0,0.0,0.0,0,0,0,0,0,890,0,0,0,2246,,interval_arithmetic=890;lower_skipped_by_nonpositive_upper=2246
93,1,interval_arithmetic,upper,3136,0,0.0,0.0,0,0,0,0,0,3136,0,0,0,0,,interval_arithmetic=3136
93,2,lp,lower,1568,115,0.11058798600000001,0.10660624504089355,2322,0,0,115,0,0,0,615,0,838,OPTIMAL=115,interval_proves_cutoff=615;lower_skipped_by_nonpositive_upper=838
93,2,lp,upper,1568,130,0.13471677999999998,0.12525200843811035,2667,0,0,130,0,0,0,823,615,0,OPTIMAL=130,interval_proves_cutoff=823;upper_skipped_by_nonnegative_interval_lower=615
93,3,lp,lower,100,1,0.007951743,0.007879257202148438,274,0,0,1,0,0,0,8,0,91,OPTIMAL=1,interval_proves_cutoff=8;lower_skipped_by_nonpositive_upper=91
93,3,lp,upper,100,1,0.006378634,0.0062983036041259766,270,0,0,1,0,0,0,91,8,0,OPTIMAL=1,interval_proves_cutoff=91;upper_skipped_by_nonnegative_interval_lower=8
94,0,lp,lower,9,9,0.026603924999999997,0.026094675064086914,973,0,0,9,0,0,0,0,0,0,OPTIMAL=9,
94,0,lp,upper,9,9,0.027435117999999998,0.026923656463623047,993,0,0,9,0,0,0,0,0,0,OPTIMAL=9,
94,1,interval_arithmetic,lower,3136,0,0.0,0.0,0,0,0,0,0,929,0,0,0,2207,,interval_arithmetic=929;lower_skipped_by_nonpositive_upper=2207
94,1,interval_arithmetic,upper,3136,0,0.0,0.0,0,0,0,0,0,3136,0,0,0,0,,interval_arithmetic=3136
94,2,lp,lower,1568,77,0.06310164400000001,0.060655832290649414,699,0,0,77,0,0,0,662,0,829,OPTIMAL=77,interval_proves_cutoff=662;lower_skipped_by_nonpositive_upper=829
94,2,lp,upper,1568,79,0.07455862399999998,0.0672006607055664,764,0,0,79,0,0,0,827,662,0,OPTIMAL=79,interval_proves_cutoff=827;upper_skipped_by_nonnegative_interval_lower=662
94,3,lp,lower,100,1,0.00410499,0.0040433406829833984,181,0,0,1,0,0,0,8,0,91,OPTIMAL=1,interval_proves_cutoff=8;lower_skipped_by_nonpositive_upper=91
94,3,lp,upper,100,1,0.003998219,0.0039212703704833984,173,0,0,1,0,0,0,91,8,0,OPTIMAL=1,interval_proves_cutoff=91;upper_skipped_by_nonnegative_interval_lower=8
95,0,lp,lower,9,9,0.023152143000000003,0.022710084915161133,810,0,0,9,0,0,0,0,0,0,OPTIMAL=9,
95,0,lp,upper,9,9,0.023357462,0.022771596908569336,779,0,0,9,0,0,0,0,0,0,OPTIMAL=9,
95,1,interval_arithmetic,lower,3136,0,0.0,0.0,0,0,0,0,0,880,0,0,0,2256,,interval_arithmetic=880;lower_skipped_by_nonpositive_upper=2256
95,1,interval_arithmetic,upper,3136,0,0.0,0.0,0,0,0,0,0,3136,0,0,0,0,,interval_arithmetic=3136
95,2,lp,lower,1568,50,0.039743904999999996,0.03816342353820801,455,0,0,50,0,0,0,650,0,868,OPTIMAL=50,interval_proves_cutoff=650;lower_skipped_by_nonpositive_upper=868
95,2,lp,upper,1568,54,0.04784436,0.041664838790893555,606,0,0,54,0,0,0,864,650,0,OPTIMAL=54,interval_proves_cutoff=864;upper_skipped_by_nonnegative_interval_lower=650
95,3,lp,lower,100,0,0.0,0.0,0,0,0,0,0,0,0,9,0,91,,interval_proves_cutoff=9;lower_skipped_by_nonpositive_upper=91
95,3,lp,upper,100,0,0.0,0.0,0,0,0,0,0,0,0,91,9,0,,interval_proves_cutoff=91;upper_skipped_by_nonnegative_interval_lower=9
96,0,lp,lower,9,9,0.047857301,0.04728341102600098,1393,0,0,9,0,0,0,0,0,0,OPTIMAL=9,
96,0,lp,upper,9,9,0.041819333,0.04118084907531738,1350,0,0,9,0,0,0,0,0,0,OPTIMAL=9,
96,1,interval_arithmetic,lower,3136,0,0.0,0.0,0,0,0,0,0,963,0,0,0,2173,,interval_arithmetic=963;lower_skipped_by_nonpositive_upper=2173
96,1,interval_arithmetic,upper,3136,0,0.0,0.0,0,0,0,0,0,3136,0,0,0,0,,interval_arithmetic=3136
96,2,lp,lower,1568,108,0.09827477200000001,0.09470415115356445,1525,0,0,108,0,0,0,661,0,799,OPTIMAL=108,interval_proves_cutoff=661;lower_skipped_by_nonpositive_upper=799
96,2,lp,upper,1568,112,0.10855186099999997,0.09993362426757812,1654,0,0,112,0,0,0,795,661,0,OPTIMAL=112,interval_proves_cutoff=795;upper_skipped_by_nonnegative_interval_lower=661
96,3,lp,lower,100,0,0.0,0.0,0,0,0,0,0,0,0,9,0,91,,interval_proves_cutoff=9;lower_skipped_by_nonpositive_upper=91
96,3,lp,upper,100,0,0.0,0.0,0,0,0,0,0,0,0,91,9,0,,interval_proves_cutoff=91;upper_skipped_by_nonnegative_interval_lower=9
97,0,lp,lower,9,9,0.035844815,0.03500080108642578,1059,0,0,9,0,0,0,0,0,0,OPTIMAL=9,
97,0,lp,upper,9,9,0.034801194,0.03427004814147949,1059,0,0,9,0,0,0,0,0,0,OPTIMAL=9,
97,1,interval_arithmetic,lower,3136,0,0.0,0.0,0,0,0,0,0,855,0,0,0,2281,,interval_arithmetic=855;lower_skipped_by_nonpositive_upper=2281
97,1,interval_arithmetic,upper,3136,0,0.0,0.0,0,0,0,0,0,3136,0,0,0,0,,interval_arithmetic=3136
97,2,lp,lower,1568,69,0.057090655000000025,0.05497932434082031,892,0,0,69,0,0,0,617,0,882,OPTIMAL=69,interval_proves_cutoff=617;lower_skipped_by_nonpositive_upper=882
97,2,lp,upper,1568,74,0.07175854900000002,0.06484222412109375,1142,0,0,74,0,0,0,877,617,0,OPTIMAL=74,interval_proves_cutoff=877;upper_skipped_by_nonnegative_interval_lower=617
97,3,lp,lower,100,0,0.0,0.0,0,0,0,0,0,0,0,9,0,91,,interval_proves_cutoff=9;lower_skipped_by_nonpositive_upper=91
97,3,lp,upper,100,0,0.0,0.0,0,0,0,0,0,0,0,91,9,0,,interval_proves_cutoff=91;upper_skipped_by_nonnegative_interval_lower=9
98,0,lp,lower,9,9,0.057072845,0.05641293525695801,1517,0,0,9,0,0,0,0,0,0,OPTIMAL=9,
98,0,lp,upper,9,9,0.077688904,0.07704448699951172,1664,0,0,9,0,0,0,0,0,0,OPTIMAL=9,
98,1,interval_arithmetic,lower,3136,0,0.0,0.0,0,0,0,0,0,930,0,0,0,2206,,interval_arithmetic=930;lower_skipped_by_nonpositive_upper=2206
98,1,interval_arithmetic,upper,3136,0,0.0,0.0,0,0,0,0,0,3136,0,0,0,0,,interval_arithmetic=3136
98,2,lp,lower,1568,114,0.10286730099999997,0.09905099868774414,1309,0,0,114,0,0,0,656,0,798,OPTIMAL=114,interval_proves_cutoff=656;lower_skipped_by_nonpositive_upper=798
98,2,lp,upper,1568,116,0.11513656900000002,0.10664916038513184,1580,0,0,116,0,0,0,796,656,0,OPTIMAL=116,interval_proves_cutoff=796;upper_skipped_by_nonnegative_interval_lower=656
98,3,lp,lower,100,1,0.006092378,0.005994081497192383,290,0,0,1,0,0,0,8,0,91,OPTIMAL=1,interval_proves_cutoff=8;lower_skipped_by_nonpositive_upper=91
98,3,lp,upper,100,1,0.005646681,0.005560874938964844,242,0,0,1,0,0,0,91,8,0,OPTIMAL=1,interval_proves_cutoff=91;upper_skipped_by_nonnegative_interval_lower=8
99,0,lp,lower,9,9,0.045506524,0.04493379592895508,1363,0,0,9,0,0,0,0,0,0,OPTIMAL=9,
99,0,lp,upper,9,9,0.04611570300000001,0.04556012153625488,1395,0,0,9,0,0,0,0,0,0,OPTIMAL=9,
99,1,interval_arithmetic,lower,3136,0,0.0,0.0,0,0,0,0,0,911,0,0,0,2225,,interval_arithmetic=911;lower_skipped_by_nonpositive_upper=2225
99,1,interval_arithmetic,upper,3136,0,0.0,0.0,0,0,0,0,0,3136,0,0,0,0,,interval_arithmetic=3136
99,2,lp,lower,1568,93,0.08843700699999997,0.08524489402770996,1403,0,0,93,0,0,0,669,0,806,OPTIMAL=93,interval_proves_cutoff=669;lower_skipped_by_nonpositive_upper=806
99,2,lp,upper,1568,101,0.10209757099999997,0.0935816764831543,1790,0,0,101,0,0,0,798,669,0,OPTIMAL=101,interval_proves_cutoff=798;upper_skipped_by_nonnegative_interval_lower=669
99,3,lp,lower,100,1,0.004325154,0.00426030158996582,237,0,0,1,0,0,0,8,0,91,OPTIMAL=1,interval_proves_cutoff=8;lower_skipped_by_nonpositive_upper=91
99,3,lp,upper,100,1,0.005253727,0.005177736282348633,206,0,0,1,0,0,0,91,8,0,OPTIMAL=1,interval_proves_cutoff=91;upper_skipped_by_nonnegative_interval_lower=8
100,0,lp,lower,9,9,0.039323019,0.038788795471191406,1155,0,0,9,0,0,0,0,0,0,OPTIMAL=9,
100,0,lp,upper,9,9,0.035818219,0.035292625427246094,1249,0,0,9,0,0,0,0,0,0,OPTIMAL=9,
100,1,interval_arithmetic,lower,3136,0,0.0,0.0,0,0,0,0,0,927,0,0,0,2209,,interval_arithmetic=927;lower_skipped_by_nonpositive_upper=2209
100,1,interval_arithmetic,upper,3136,0,0.0,0.0,0,0,0,0,0,3136,0,0,0,0,,interval_arithmetic=3136
100,2,lp,lower,1568,75,0.06921974899999998,0.06670451164245605,1003,0,0,75,0,0,0,665,0,828,OPTIMAL=75,interval_proves_cutoff=665;lower_skipped_by_nonpositive_upper=828
100,2,lp,upper,1568,83,0.08430735600000001,0.07685708999633789,1226,0,0,83,0,0,0,820,665,0,OPTIMAL=83,interval_proves_cutoff=820;upper_skipped_by_nonnegative_interval_lower=665
100,3,lp,lower,100,0,0.0,0.0,0,0,0,0,0,0,0,9,0,91,,interval_proves_cutoff=9;lower_skipped_by_nonpositive_upper=91
100,3,lp,upper,100,0,0.0,0.0,0,0,0,0,0,0,0,91,9,0,,interval_proves_cutoff=91;upper_skipped_by_nonnegative_interval_lower=9
101,0,lp,lower,9,9,0.08510145100000001,0.08443856239318848,1951,0,0,9,0,0,0,0,0,0,OPTIMAL=9,
101,0,lp,upper,9,9,0.10416372,0.10349678993225098,2261,0,0,9,0,0,0,0,0,0,OPTIMAL=9,
101,1,interval_arithmetic,lower,3136,0,0.0,0.0,0,0,0,0,0,916,0,0,0,2220,,interval_arithmetic=916;lower_skipped_by_nonpositive_upper=2220
101,1,interval_arithmetic,upper,3136,0,0.0,0.0,0,0,0,0,0,3136,0,0,0,0,,interval_arithmetic=3136
101,2,lp,lower,1568,131,0.132909415,0.1283249855041504,2453,0,0,131,0,0,0,649,0,788,OPTIMAL=131,interval_proves_cutoff=649;lower_skipped_by_nonpositive_upper=788
101,2,lp,upper,1568,139,0.14481310799999997,0.13528060913085938,2625,0,0,139,0,0,0,780,649,0,OPTIMAL=139,interval_proves_cutoff=780;upper_skipped_by_nonnegative_interval_lower=649
101,3,lp,lower,100,2,0.015177707,0.015017986297607422,397,0,0,2,0,0,0,7,0,91,OPTIMAL=2,interval_proves_cutoff=7;lower_skipped_by_nonpositive_upper=91
101,3,lp,upper,100,2,0.019006893,0.018834590911865234,531,0,0,2,0,0,0,91,7,0,OPTIMAL=2,interval_proves_cutoff=91;upper_skipped_by_nonnegative_interval_lower=7
102,0,lp,lower,9,9,0.07726998700000001,0.07661104202270508,1869,0,0,9,0,0,0,0,0,0,OPTIMAL=9,
102,0,lp,upper,9,9,0.10763296800000001,0.10692739486694336,2214,0,0,9,0,0,0,0,0,0,OPTIMAL=9,
102,1,interval_arithmetic,lower,3136,0,0.0,0.0,0,0,0,0,0,936,0,0,0,2200,,interval_arithmetic=936;lower_skipped_by_nonpositive_upper=2200
102,1,interval_arithmetic,upper,3136,0,0.0,0.0,0,0,0,0,0,3136,0,0,0,0,,interval_arithmetic=3136
102,2,lp,lower,1568,118,0.11283115799999999,0.1086275577545166,1692,0,0,118,0,0,0,672,0,778,OPTIMAL=118,interval_proves_cutoff=672;lower_skipped_by_nonpositive_upper=778
102,2,lp,upper,1568,126,0.12574531699999997,0.11660075187683105,1971,0,0,126,0,0,0,770,672,0,OPTIMAL=126,interval_proves_cutoff=770;upper_skipped_by_nonnegative_interval_lower=672
102,3,lp,lower,100,1,0.007757569,0.0076847076416015625,337,0,0,1,0,0,0,8,0,91,OPTIMAL=1,interval_proves_cutoff=8;lower_skipped_by_nonpositive_upper=91
102,3,lp,upper,100,1,0.007515869,0.007426023483276367,289,0,0,1,0,0,0,91,8,0,OPTIMAL=1,interval_proves_cutoff=91;upper_skipped_by_nonnegative_interval_lower=8
103,0,lp,lower,9,9,0.08158382900000001,0.08095288276672363,1787,0,0,9,0,0,0,0,0,0,OPTIMAL=9,
103,0,lp,upper,9,9,0.089410045,0.08877801895141602,1816,0,0,9,0,0,0,0,0,0,OPTIMAL=9,
103,1,interval_arithmetic,lower,3136,0,0.0,0.0,0,0,0,0,0,935,0,0,0,2201,,interval_arithmetic=935;lower_skipped_by_nonpositive_upper=2201
103,1,interval_arithmetic,upper,3136,0,0.0,0.0,0,0,0,0,0,3136,0,0,0,0,,interval_arithmetic=3136
103,2,lp,lower,1568,122,0.12050052800000001,0.11617565155029297,1909,0,0,122,0,0,0,662,0,784,OPTIMAL=122,interval_proves_cutoff=662;lower_skipped_by_nonpositive_upper=784
103,2,lp,upper,1568,133,0.13575914200000005,0.12606501579284668,2228,0,0,133,0,0,0,773,662,0,OPTIMAL=133,interval_proves_cutoff=773;upper_skipped_by_nonnegative_interval_lower=662
103,3,lp,lower,100,2,0.013123639999999999,0.012989282608032227,362,0,0,2,0,0,0,7,0,91,OPTIMAL=2,interval_proves_cutoff=7;lower_skipped_by_nonpositive_upper=91
103,3,lp,upper,100,2,0.01178211,0.011623144149780273,413,0,0,2,0,0,0,91,7,0,OPTIMAL=2,interval_proves_cutoff=91;upper_skipped_by_nonnegative_interval_lower=7
104,0,lp,lower,9,9,0.057485523,0.05684804916381836,1421,0,0,9,0,0,0,0,0,0,OPTIMAL=9,
104,0,lp,upper,9,9,0.067637714,0.06697392463684082,1505,0,0,9,0,0,0,0,0,0,OPTIMAL=9,
104,1,interval_arithmetic,lower,3136,0,0.0,0.0,0,0,0,0,0,912,0,0,0,2224,,interval_arithmetic=912;lower_skipped_by_nonpositive_upper=2224
104,1,interval_arithmetic,upper,3136,0,0.0,0.0,0,0,0,0,0,3136,0,0,0,0,,interval_arithmetic=3136
104,2,lp,lower,1568,109,0.09996692400000004,0.0963754653930664,1507,0,0,109,0,0,0,665,0,794,OPTIMAL=109,interval_proves_cutoff=665;lower_skipped_by_nonpositive_upper=794
104,2,lp,upper,1568,116,0.11514428899999997,0.1065373420715332,1753,0,0,116,0,0,0,787,665,0,OPTIMAL=116,interval_proves_cutoff=787;upper_skipped_by_nonnegative_interval_lower=665
104,3,lp,lower,100,2,0.010930849999999999,0.010789632797241211,316,0,0,2,0,0,0,7,0,91,OPTIMAL=2,interval_proves_cutoff=7;lower_skipped_by_nonpositive_upper=91
104,3,lp,upper,100,2,0.012565652,0.01240682601928711,421,0,0,2,0,0,0,91,7,0,OPTIMAL=2,interval_proves_cutoff=91;upper_skipped_by_nonnegative_interval_lower=7
105,0,lp,lower,9,9,0.027751832,0.027259349822998047,897,0,0,9,0,0,0,0,0,0,OPTIMAL=9,
105,0,lp,upper,9,9,0.02793337,0.027365446090698242,1023,0,0,9,0,0,0,0,0,0,OPTIMAL=9,
105,1,interval_arithmetic,lower,3136,0,0.0,0.0,0,0,0,0,0,903,0,0,0,2233,,interval_arithmetic=903;lower_skipped_by_nonpositive_upper=2233
105,1,interval_arithmetic,upper,3136,0,0.0,0.0,0,0,0,0,0,3136,0,0,0,0,,interval_arithmetic=3136
105,2,lp,lower,1568,68,0.057827123,0.05561685562133789,784,0,0,68,0,0,0,652,0,848,OPTIMAL=68,interval_proves_cutoff=652;lower_skipped_by_nonpositive_upper=848
105,2,lp,upper,1568,80,0.0729407,0.06563663482666016,1027,0,0,80,0,0,0,836,652,0,OPTIMAL=80,interval_proves_cutoff=836;upper_skipped_by_nonnegative_interval_lower=652
105,3,lp,lower,100,0,0.0,0.0,0,0,0,0,0,0,0,9,0,91,,interval_proves_cutoff=9;lower_skipped_by_nonpositive_upper=91
105,3,lp,upper,100,0,0.0,0.0,0,0,0,0,0,0,0,91,9,0,,interval_proves_cutoff=91;upper_skipped_by_nonnegative_interval_lower=9
106,0,lp,lower,9,9,0.042779188999999995,0.04220438003540039,1279,0,0,9,0,0,0,0,0,0,OPTIMAL=9,
106,0,lp,upper,9,9,0.042340909,0.04169344902038574,1398,0,0,9,0,0,0,0,0,0,OPTIMAL=9,
106,1,interval_arithmetic,lower,3136,0,0.0,0.0,0,0,0,0,0,894,0,0,0,2242,,interval_arithmetic=894;lower_skipped_by_nonpositive_upper=2242
106,1,interval_arithmetic,upper,3136,0,0.0,0.0,0,0,0,0,0,3136,0,0,0,0,,interval_arithmetic=3136
106,2,lp,lower,1568,105,0.10111737399999995,0.09755563735961914,1862,0,0,105,0,0,0,652,0,811,OPTIMAL=105,interval_proves_cutoff=652;lower_skipped_by_nonpositive_upper=811
106,2,lp,upper,1568,114,0.113467316,0.10473942756652832,1863,0,0,114,0,0,0,802,652,0,OPTIMAL=114,interval_proves_cutoff=802;upper_skipped_by_nonnegative_interval_lower=652
106,3,lp,lower,100,0,0.0,0.0,0,0,0,0,0,0,0,9,0,91,,interval_proves_cutoff=9;lower_skipped_by_nonpositive_upper=91
106,3,lp,upper,100,0,0.0,0.0,0,0,0,0,0,0,0,91,9,0,,interval_proves_cutoff=91;upper_skipped_by_nonnegative_interval_lower=9
107,0,lp,lower,9,9,0.074932714,0.07424712181091309,1917,0,0,9,0,0,0,0,0,0,OPTIMAL=9,
107,0,lp,upper,9,9,0.079447306,0.07874608039855957,1945,0,0,9,0,0,0,0,0,0,OPTIMAL=9,
107,1,interval_arithmetic,lower,3136,0,0.0,0.0,0,0,0,0,0,951,0,0,0,2185,,interval_arithmetic=951;lower_skipped_by_nonpositive_upper=2185
107,1,interval_arithmetic,upper,3136,0,0.0,0.0,0,0,0,0,0,3136,0,0,0,0,,interval_arithmetic=3136
107,2,lp,lower,1568,137,0.13873702,0.13387799263000488,2222,0,0,137,0,0,0,662,0,769,OPTIMAL=137,interval_proves_cutoff=662;lower_skipped_by_nonpositive_upper=769
107,2,lp,upper,1568,146,0.155210346,0.14504241943359375,2433,0,0,146,0,0,0,760,662,0,OPTIMAL=146,interval_proves_cutoff=760;upper_skipped_by_nonnegative_interval_lower=662
107,3,lp,lower,100,2,0.015307979999999999,0.015157938003540039,426,0,0,2,0,0,0,7,0,91,OPTIMAL=2,interval_proves_cutoff=7;lower_skipped_by_nonpositive_upper=91
107,3,lp,upper,100,2,0.015105133,0.014872550964355469,487,0,0,2,0,0,0,91,7,0,OPTIMAL=2,interval_proves_cutoff=91;upper_skipped_by_nonnegative_interval_lower=7
108,0,lp,lower,9,9,0.02405862,0.02360820770263672,745,0,0,9,0,0,0,0,0,0,OPTIMAL=9,
108,0,lp,upper,9,9,0.023094486999999997,0.022603750228881836,711,0,0,9,0,0,0,0,0,0,OPTIMAL=9,
108,1,interval_arithmetic,lower,3136,0,0.0,0.0,0,0,0,0,0,854,0,0,0,2282,,interval_arithmetic=854;lower_skipped_by_nonpositive_upper=2282
108,1,interval_arithmetic,upper,3136,0,0.0,0.0,0,0,0,0,0,3136,0,0,0,0,,interval_arithmetic=3136
108,2,lp,lower,1568,52,0.036866396,0.03536486625671387,257,0,0,52,0,0,0,638,0,878,OPTIMAL=52,interval_proves_cutoff=638;lower_skipped_by_nonpositive_upper=878
108,2,lp,upper,1568,53,0.04372038000000002,0.03793621063232422,363,0,0,53,0,0,0,877,638,0,OPTIMAL=53,interval_proves_cutoff=877;upper_skipped_by_nonnegative_interval_lower=638
108,3,lp,lower,100,1,0.002013686,0.001960277557373047,119,0,0,1,0,0,0,8,0,91,OPTIMAL=1,interval_proves_cutoff=8;lower_skipped_by_nonpositive_upper=91
108,3,lp,upper,100,1,0.002211437,0.002151012420654297,108,0,0,1,0,0,0,91,8,0,OPTIMAL=1,interval_proves_cutoff=91;upper_skipped_by_nonnegative_interval_lower=8
109,0,lp,lower,9,9,0.030197926,0.029697418212890625,987,0,0,9,0,0,0,0,0,0,OPTIMAL=9,
109,0,lp,upper,9,9,0.032797652,0.03226661682128906,1133,0,0,9,0,0,0,0,0,0,OPTIMAL=9,
109,1,interval_arithmetic,lower,3136,0,0.0,0.0,0,0,0,0,0,899,0,0,0,2237,,interval_arithmetic=899;lower_skipped_by_nonpositive_upper=2237
109,1,interval_arithmetic,upper,3136,0,0.0,0.0,0,0,0,0,0,3136,0,0,0,0,,interval_arithmetic=3136
109,2,lp,lower,1568,67,0.059685520000000006,0.05751371383666992,998,0,0,67,0,0,0,641,0,860,OPTIMAL=67,interval_proves_cutoff=641;lower_skipped_by_nonpositive_upper=860
109,2,lp,upper,1568,68,0.06519713200000002,0.05840921401977539,1071,0,0,68,0,0,0,859,641,0,OPTIMAL=68,interval_proves_cutoff=859;upper_skipped_by_nonnegative_interval_lower=641
109,3,lp,lower,100,0,0.0,0.0,0,0,0,0,0,0,0,9,0,91,,interval_proves_cutoff=9;lower_skipped_by_nonpositive_upper=91
109,3,lp,upper,100,0,0.0,0.0,0,0,0,0,0,0,0,91,9,0,,interval_proves_cutoff=91;upper_skipped_by_nonnegative_interval_lower=9
110,0,lp,lower,9,9,0.029498860999999998,0.02898883819580078,858,0,0,9,0,0,0,0,0,0,OPTIMAL=9,
110,0,lp,upper,9,9,0.038662999,0.03812885284423828,960,0,0,9,0,0,0,0,0,0,OPTIMAL=9,
110,1,interval_arithmetic,lower,3136,0,0.0,0.0,0,0,0,0,0,882,0,0,0,2254,,interval_arithmetic=882;lower_skipped_by_nonpositive_upper=2254
110,1,interval_arithmetic,upper,3136,0,0.0,0.0,0,0,0,0,0,3136,0,0,0,0,,interval_arithmetic=3136
110,2,lp,lower,1568,91,0.07585163899999998,0.07292008399963379,967,0,0,91,0,0,0,660,0,817,OPTIMAL=91,interval_proves_cutoff=660;lower_skipped_by_nonpositive_upper=817
110,2,lp,upper,1568,102,0.08980983600000002,0.08207225799560547,1168,0,0,102,0,0,0,806,660,0,OPTIMAL=102,interval_proves_cutoff=806;upper_skipped_by_nonnegative_interval_lower=660
110,3,lp,lower,100,1,0.003386239,0.003323078155517578,171,0,0,1,0,0,0,8,0,91,OPTIMAL=1,interval_proves_cutoff=8;lower_skipped_by_nonpositive_upper=91
110,3,lp,upper,100,1,0.003372168,0.0032982826232910156,155,0,0,1,0,0,0,91,8,0,OPTIMAL=1,interval_proves_cutoff=91;upper_skipped_by_nonnegative_interval_lower=8
111,0,lp,lower,9,9,0.061462616000000005,0.0608668327331543,1666,0,0,9,0,0,0,0,0,0,OPTIMAL=9,
111,0,lp,upper,9,9,0.07201129399999999,0.07138299942016602,1782,0,0,9,0,0,0,0,0,0,OPTIMAL=9,
111,1,interval_arithmetic,lower,3136,0,0.0,0.0,0,0,0,0,0,946,0,0,0,2190,,interval_arithmetic=946;lower_skipped_by_nonpositive_upper=2190
111,1,interval_arithmetic,upper,3136,0,0.0,0.0,0,0,0,0,0,3136,0,0,0,0,,interval_arithmetic=3136
111,2,lp,lower,1568,105,0.10696305400000002,0.10328340530395508,2391,0,0,105,0,0,0,647,0,816,OPTIMAL=105,interval_proves_cutoff=647;lower_skipped_by_nonpositive_upper=816
111,2,lp,upper,1568,115,0.12596295299999996,0.1168968677520752,2574,0,0,115,0,0,0,806,647,0,OPTIMAL=115,interval_proves_cutoff=806;upper_skipped_by_nonnegative_interval_lower=647
111,3,lp,lower,100,1,0.007919636,0.00785064697265625,286,0,0,1,0,0,0,8,0,91,OPTIMAL=1,interval_proves_cutoff=8;lower_skipped_by_nonpositive_upper=91
111,3,lp,upper,100,1,0.007023044,0.0069429874420166016,251,0,0,1,0,0,0,91,8,0,OPTIMAL=1,interval_proves_cutoff=91;upper_skipped_by_nonnegative_interval_lower=8
112,0,lp,lower,9,9,0.024783278,0.0242919921875,843,0,0,9,0,0,0,0,0,0,OPTIMAL=9,
112,0,lp,upper,9,9,0.025932928,0.025430679321289062,921,0,0,9,0,0,0,0,0,0,OPTIMAL=9,
112,1,interval_arithmetic,lower,3136,0,0.0,0.0,0,0,0,0,0,873,0,0,0,2263,,interval_arithmetic=873;lower_skipped_by_nonpositive_upper=2263
112,1,interval_arithmetic,upper,3136,0,0.0,0.0,0,0,0,0,0,3136,0,0,0,0,,interval_arithmetic=3136
112,2,lp,lower,1568,57,0.043687928,0.04191732406616211,560,0,0,57,0,0,0,637,0,874,OPTIMAL=57,interval_proves_cutoff=637;lower_skipped_by_nonpositive_upper=874
112,2,lp,upper,1568,59,0.05057640299999999,0.04419517517089844,631,0,0,59,0,0,0,872,637,0,OPTIMAL=59,interval_proves_cutoff=872;upper_skipped_by_nonnegative_interval_lower=637
112,3,lp,lower,100,0,0.0,0.0,0,0,0,0,0,0,0,8,0,92,,interval_proves_cutoff=8;lower_skipped_by_nonpositive_upper=92
112,3,lp,upper,100,0,0.0,0.0,0,0,0,0,0,0,0,92,8,0,,interval_proves_cutoff=92;upper_skipped_by_nonnegative_interval_lower=8
113,0,lp,lower,9,9,0.033741781,0.03324389457702637,1058,0,0,9,0,0,0,0,0,0,OPTIMAL=9,
113,0,lp,upper,9,9,0.039019828,0.038461923599243164,1073,0,0,9,0,0,0,0,0,0,OPTIMAL=9,
113,1,interval_arithmetic,lower,3136,0,0.0,0.0,0,0,0,0,0,882,0,0,0,2254,,interval_arithmetic=882;lower_skipped_by_nonpositive_upper=2254
113,1,interval_arithmetic,upper,3136,0,0.0,0.0,0,0,0,0,0,3136,0,0,0,0,,interval_arithmetic=3136
113,2,lp,lower,1568,68,0.05635080300000002,0.05424356460571289,864,0,0,68,0,0,0,652,0,848,OPTIMAL=68,interval_proves_cutoff=652;lower_skipped_by_nonpositive_upper=848
113,2,lp,upper,1568,69,0.06441226200000001,0.057189226150512695,867,0,0,69,0,0,0,847,652,0,OPTIMAL=69,interval_proves_cutoff=847;upper_skipped_by_nonnegative_interval_lower=652
113,3,lp,lower,100,1,0.003295547,0.0032341480255126953,171,0,0,1,0,0,0,8,0,91,OPTIMAL=1,interval_proves_cutoff=8;lower_skipped_by_nonpositive_upper=91
113,3,lp,upper,100,1,0.003210351,0.003139972686767578,139,0,0,1,0,0,0,91,8,0,OPTIMAL=1,interval_proves_cutoff=91;upper_skipped_by_nonnegative_interval_lower=8
114,0,lp,lower,9,9,0.046285360000000005,0.045731544494628906,1353,0,0,9,0,0,0,0,0,0,OPTIMAL=9,
114,0,lp,upper,9,9,0.047919483,0.04736757278442383,1343,0,0,9,0,0,0,0,0,0,OPTIMAL=9,
114,1,interval_arithmetic,lower,3136,0,0.0,0.0,0,0,0,0,0,905,0,0,0,2231,,interval_arithmetic=905;lower_skipped_by_nonpositive_upper=2231
114,1,interval_arithmetic,upper,3136,0,0.0,0.0,0,0,0,0,0,3136,0,0,0,0,,interval_arithmetic=3136
114,2,lp,lower,1568,91,0.081634804,0.07863950729370117,1524,0,0,91,0,0,0,656,0,821,OPTIMAL=91,interval_proves_cutoff=656;lower_skipped_by_nonpositive_upper=821
114,2,lp,upper,1568,95,0.09022172300000003,0.08201336860656738,1714,0,0,95,0,0,0,817,656,0,OPTIMAL=95,interval_proves_cutoff=817;upper_skipped_by_nonnegative_interval_lower=656
114,3,lp,lower,100,2,0.011168479,0.011039495468139648,337,0,0,2,0,0,0,7,0,91,OPTIMAL=2,interval_proves_cutoff=7;lower_skipped_by_nonpositive_upper=91
114,3,lp,upper,100,2,0.011400631,0.011247396469116211,393,0,0,2,0,0,0,91,7,0,OPTIMAL=2,interval_proves_cutoff=91;upper_skipped_by_nonnegative_interval_lower=7
115,0,lp,lower,9,9,0.029887122000000002,0.029378175735473633,936,0,0,9,0,0,0,0,0,0,OPTIMAL=9,
115,0,lp,upper,9,9,0.033187202,0.032669782638549805,998,0,0,9,0,0,0,0,0,0,OPTIMAL=9,
115,1,interval_arithmetic,lower,3136,0,0.0,0.0,0,0,0,0,0,883,0,0,0,2253,,interval_arithmetic=883;lower_skipped_by_nonpositive_upper=2253
115,1,interval_arithmetic,upper,3136,0,0.0,0.0,0,0,0,0,0,3136,0,0,0,0,,interval_arithmetic=3136
115,2,lp,lower,1568,68,0.05776498999999998,0.05559539794921875,829,0,0,68,0,0,0,647,0,853,OPTIMAL=68,interval_proves_cutoff=647;lower_skipped_by_nonpositive_upper=853
115,2,lp,upper,1568,73,0.06801227099999999,0.06090497970581055,1023,0,0,73,0,0,0,848,647,0,OPTIMAL=73,interval_proves_cutoff=848;upper_skipped_by_nonnegative_interval_lower=647
115,3,lp,lower,100,1,0.003577513,0.0035178661346435547,194,0,0,1,0,0,0,8,0,91,OPTIMAL=1,interval_proves_cutoff=8;lower_skipped_by_nonpositive_upper=91
115,3,lp,upper,100,1,0.003677835,0.0036058425903320312,157,0,0,1,0,0,0,91,8,0,OPTIMAL=1,interval_proves_cutoff=91;upper_skipped_by_nonnegative_interval_lower=8
116,0,lp,lower,9,9,0.030899910999999995,0.03038501739501953,865,0,0,9,0,0,0,0,0,0,OPTIMAL=9,
116,0,lp,upper,9,9,0.03597424799999999,0.03546285629272461,926,0,0,9,0,0,0,0,0,0,OPTIMAL=9,
116,1,interval_arithmetic,lower,3136,0,0.0,0.0,0,0,0,0,0,878,0,0,0,2258,,interval_arithmetic=878;lower_skipped_by_nonpositive_upper=2258
116,1,interval_arithmetic,upper,3136,0,0.0,0.0,0,0,0,0,0,3136,0,0,0,0,,interval_arithmetic=3136
116,2,lp,lower,1568,61,0.048165494999999996,0.04626750946044922,638,0,0,61,0,0,0,648,0,859,OPTIMAL=61,interval_proves_cutoff=648;lower_skipped_by_nonpositive_upper=859
116,2,lp,upper,1568,74,0.06659402899999999,0.05964970588684082,961,0,0,74,0,0,0,846,648,0,OPTIMAL=74,interval_proves_cutoff=846;upper_skipped_by_nonnegative_interval_lower=648
116,3,lp,lower,100,1,0.00380325,0.0037384033203125,172,0,0,1,0,0,0,8,0,91,OPTIMAL=1,interval_proves_cutoff=8;lower_skipped_by_nonpositive_upper=91
116,3,lp,upper,100,1,0.003918527,0.0038192272186279297,164,0,0,1,0,0,0,91,8,0,OPTIMAL=1,interval_proves_cutoff=91;upper_skipped_by_nonnegative_interval_lower=8
117,0,lp,lower,9,9,0.044667088,0.044121503829956055,1239,0,0,9,0,0,0,0,0,0,OPTIMAL=9,
117,0,lp,upper,9,9,0.042350771,0.041806697845458984,1126,0,0,9,0,0,0,0,0,0,OPTIMAL=9,
117,1,interval_arithmetic,lower,3136,0,0.0,0.0,0,0,0,0,0,863,0,0,0,2273,,interval_arithmetic=863;lower_skipped_by_nonpositive_upper=2273
117,1,interval_arithmetic,upper,3136,0,0.0,0.0,0,0,0,0,0,3136,0,0,0,0,,interval_arithmetic=3136
117,2,lp,lower,1568,86,0.06877310700000003,0.0661003589630127,956,0,0,86,0,0,0,628,0,854,OPTIMAL=86,interval_proves_cutoff=628;lower_skipped_by_nonpositive_upper=854
117,2,lp,upper,1568,94,0.08096216699999999,0.07344198226928711,1147,0,0,94,0,0,0,846,628,0,OPTIMAL=94,interval_proves_cutoff=846;upper_skipped_by_nonnegative_interval_lower=628
117,3,lp,lower,100,1,0.003953855,0.0038900375366210938,192,0,0,1,0,0,0,8,0,91,OPTIMAL=1,interval_proves_cutoff=8;lower_skipped_by_nonpositive_upper=91
117,3,lp,upper,100,1,0.003710689,0.003635406494140625,178,0,0,1,0,0,0,91,8,0,OPTIMAL=1,interval_proves_cutoff=91;upper_skipped_by_nonnegative_interval_lower=8
118,0,lp,lower,9,9,0.062391601000000005,0.06178784370422363,1570,0,0,9,0,0,0,0,0,0,OPTIMAL=9,
118,0,lp,upper,9,9,0.05493320699999999,0.054346323013305664,1383,0,0,9,0,0,0,0,0,0,OPTIMAL=9,
118,1,interval_arithmetic,lower,3136,0,0.0,0.0,0,0,0,0,0,913,0,0,0,2223,,interval_arithmetic=913;lower_skipped_by_nonpositive_upper=2223
118,1,interval_arithmetic,upper,3136,0,0.0,0.0,0,0,0,0,0,3136,0,0,0,0,,interval_arithmetic=3136
118,2,lp,lower,1568,105,0.09614281200000005,0.09267163276672363,1494,0,0,105,0,0,0,660,0,803,OPTIMAL=105,interval_proves_cutoff=660;lower_skipped_by_nonpositive_upper=803
118,2,lp,upper,1568,116,0.11448482299999996,0.10613131523132324,1766,0,0,116,0,0,0,792,660,0,OPTIMAL=116,interval_proves_cutoff=792;upper_skipped_by_nonnegative_interval_lower=660
118,3,lp,lower,100,1,0.005555024,0.005482912063598633,261,0,0,1,0,0,0,8,0,91,OPTIMAL=1,interval_proves_cutoff=8;lower_skipped_by_nonpositive_upper=91
118,3,lp,upper,100,1,0.004975926,0.0048906803131103516,232,0,0,1,0,0,0,91,8,0,OPTIMAL=1,interval_proves_cutoff=91;upper_skipped_by_nonnegative_interval_lower=8
119,0,lp,lower,9,9,0.051727516,0.05115079879760742,1313,0,0,9,0,0,0,0,0,0,OPTIMAL=9,
119,0,lp,upper,9,9,0.063456886,0.06281495094299316,1463,0,0,9,0,0,0,0,0,0,OPTIMAL=9,
119,1,interval_arithmetic,lower,3136,0,0.0,0.0,0,0,0,0,0,886,0,0,0,2250,,interval_arithmetic=886;lower_skipped_by_nonpositive_upper=2250
119,1,interval_arithmetic,upper,3136,0,0.0,0.0,0,0,0,0,0,3136,0,0,0,0,,interval_arithmetic=3136
119,2,lp,lower,1568,108,0.09804569500000002,0.09444832801818848,1728,0,0,108,0,0,0,634,0,826,OPTIMAL=108,interval_proves_cutoff=634;lower_skipped_by_nonpositive_upper=826
119,2,lp,upper,1568,115,0.10990390000000001,0.10140419006347656,1970,0,0,115,0,0,0,819,634,0,OPTIMAL=115,interval_proves_cutoff=819;upper_skipped_by_nonnegative_interval_lower=634
119,3,lp,lower,100,1,0.008683159,0.00860738754272461,273,0,0,1,0,0,0,8,0,91,OPTIMAL=1,interval_proves_cutoff=8;lower_skipped_by_nonpositive_upper=91
119,3,lp,upper,100,1,0.006593244,0.0065038204193115234,239,0,0,1,0,0,0,91,8,0,OPTIMAL=1,interval_proves_cutoff=91;upper_skipped_by_nonnegative_interval_lower=8
120,0,lp,lower,9,9,0.03510253,0.034552574157714844,1120,0,0,9,0,0,0,0,0,0,OPTIMAL=9,
120,0,lp,upper,9,9,0.04782093999999999,0.04724860191345215,1318,0,0,9,0,0,0,0,0,0,OPTIMAL=9,
120,1,interval_arithmetic,lower,3136,0,0.0,0.0,0,0,0,0,0,929,0,0,0,2207,,interval_arithmetic=929;lower_skipped_by_nonpositive_upper=2207
120,1,interval_arithmetic,upper,3136,0,0.0,0.0,0,0,0,0,0,3136,0,0,0,0,,interval_arithmetic=3136
120,2,lp,lower,1568,67,0.061891117999999995,0.059587717056274414,915,0,0,67,0,0,0,690,0,811,OPTIMAL=67,interval_proves_cutoff=690;lower_skipped_by_nonpositive_upper=811
120,2,lp,upper,1568,71,0.07737194899999998,0.06986212730407715,1063,0,0,71,0,0,0,807,690,0,OPTIMAL=71,interval_proves_cutoff=807;upper_skipped_by_nonnegative_interval_lower=690
120,3,lp,lower,100,1,0.004912084,0.004846096038818359,219,0,0,1,0,0,0,8,0,91,OPTIMAL=1,interval_proves_cutoff=8;lower_skipped_by_nonpositive_upper=91
120,3,lp,upper,100,1,0.004488097,0.004420280456542969,174,0,0,1,0,0,0,91,8,0,OPTIMAL=1,interval_proves_cutoff=91;upper_skipped_by_nonnegative_interval_lower=8
121,0,lp,lower,9,9,0.059688490000000004,0.05906176567077637,1525,0,0,9,0,0,0,0,0,0,OPTIMAL=9,
121,0,lp,upper,9,9,0.064814258,0.06420111656188965,1558,0,0,9,0,0,0,0,0,0,OPTIMAL=9,
121,1,interval_arithmetic,lower,3136,0,0.0,0.0,0,0,0,0,0,956,0,0,0,2180,,interval_arithmetic=956;lower_skipped_by_nonpositive_upper=2180
121,1,interval_arithmetic,upper,3136,0,0.0,0.0,0,0,0,0,0,3136,0,0,0,0,,interval_arithmetic=3136
121,2,lp,lower,1568,103,0.09422766599999995,0.09075713157653809,1309,0,0,103,0,0,0,684,0,781,OPTIMAL=103,interval_proves_cutoff=684;lower_skipped_by_nonpositive_upper=781
121,2,lp,upper,1568,106,0.103263625,0.09484553337097168,1459,0,0,106,0,0,0,778,684,0,OPTIMAL=106,interval_proves_cutoff=778;upper_skipped_by_nonnegative_interval_lower=684
121,3,lp,lower,100,1,0.004899451,0.00483250617980957,269,0,0,1,0,0,0,8,0,91,OPTIMAL=1,interval_proves_cutoff=8;lower_skipped_by_nonpositive_upper=91
121,3,lp,upper,100,1,0.004723102,0.0046465396881103516,196,0,0,1,0,0,0,91,8,0,OPTIMAL=1,interval_proves_cutoff=91;upper_skipped_by_nonnegative_interval_lower=8
122,0,lp,lower,9,9,0.04744861300000001,0.04684305191040039,1323,0,0,9,0,0,0,0,0,0,OPTIMAL=9,
122,0,lp,upper,9,9,0.05696270299999999,0.05633711814880371,1450,0,0,9,0,0,0,0,0,0,OPTIMAL=9,
122,1,interval_arithmetic,lower,3136,0,0.0,0.0,0,0,0,0,0,899,0,0,0,2237,,interval_arithmetic=899;lower_skipped_by_nonpositive_upper=2237
122,1,interval_arithmetic,upper,3136,0,0.0,0.0,0,0,0,0,0,3136,0,0,0,0,,interval_arithmetic=3136
122,2,lp,lower,1568,117,0.11093329999999998,0.10698771476745605,1398,0,0,117,0,0,0,641,0,810,OPTIMAL=117,interval_proves_cutoff=641;lower_skipped_by_nonpositive_upper=810
122,2,lp,upper,1568,119,0.11457388700000001,0.10595250129699707,1524,0,0,119,0,0,0,808,641,0,OPTIMAL=119,interval_proves_cutoff=808;upper_skipped_by_nonnegative_interval_lower=641
122,3,lp,lower,100,1,0.006114321,0.006033420562744141,285,0,0,1,0,0,0,8,0,91,OPTIMAL=1,interval_proves_cutoff=8;lower_skipped_by_nonpositive_upper=91
122,3,lp,upper,100,1,0.005063136,0.004909992218017578,227,0,0,1,0,0,0,91,8,0,OPTIMAL=1,interval_proves_cutoff=91;upper_skipped_by_nonnegative_interval_lower=8
123,0,lp,lower,9,9,0.040018982,0.039498329162597656,1085,0,0,9,0,0,0,0,0,0,OPTIMAL=9,
123,0,lp,upper,9,9,0.044325918,0.04375791549682617,1058,0,0,9,0,0,0,0,0,0,OPTIMAL=9,
123,1,interval_arithmetic,lower,3136,0,0.0,0.0,0,0,0,0,0,861,0,0,0,2275,,interval_arithmetic=861;lower_skipped_by_nonpositive_upper=2275
123,1,interval_arithmetic,upper,3136,0,0.0,0.0,0,0,0,0,0,3136,0,0,0,0,,interval_arithmetic=3136
123,2,lp,lower,1568,78,0.06878896699999996,0.06621003150939941,1125,0,0,78,0,0,0,626,0,864,OPTIMAL=78,interval_proves_cutoff=626;lower_skipped_by_nonpositive_upper=864
123,2,lp,upper,1568,82,0.07672198400000001,0.06922459602355957,1402,0,0,82,0,0,0,860,626,0,OPTIMAL=82,interval_proves_cutoff=860;upper_skipped_by_nonnegative_interval_lower=626
123,3,lp,lower,100,1,0.0044464,0.004384279251098633,182,0,0,1,0,0,0,8,0,91,OPTIMAL=1,interval_proves_cutoff=8;lower_skipped_by_nonpositive_upper=91
123,3,lp,upper,100,1,0.004661977,0.0045909881591796875,175,0,0,1,0,0,0,91,8,0,OPTIMAL=1,interval_proves_cutoff=91;upper_skipped_by_nonnegative_interval_lower=8
124,0,lp,lower,9,9,0.052251401999999995,0.05167412757873535,1572,0,0,9,0,0,0,0,0,0,OPTIMAL=9,
124,0,lp,upper,9,9,0.049978075,0.04935097694396973,1400,0,0,9,0,0,0,0,0,0,OPTIMAL=9,
124,1,interval_arithmetic,lower,3136,0,0.0,0.0,0,0,0,0,0,926,0,0,0,2210,,interval_arithmetic=926;lower_skipped_by_nonpositive_upper=2210
124,1,interval_arithmetic,upper,3136,0,0.0,0.0,0,0,0,0,0,3136,0,0,0,0,,interval_arithmetic=3136
124,2,lp,lower,1568,91,0.08878988600000001,0.0856623649597168,1956,0,0,91,0,0,0,660,0,817,OPTIMAL=91,interval_proves_cutoff=660;lower_skipped_by_nonpositive_upper=817
124,2,lp,upper,1568,99,0.10380534999999999,0.0951688289642334,2050,0,0,99,0,0,0,809,660,0,OPTIMAL=99,interval_proves_cutoff=809;upper_skipped_by_nonnegative_interval_lower=660
124,3,lp,lower,100,0,0.0,0.0,0,0,0,0,0,0,0,8,0,92,,interval_proves_cutoff=8;lower_skipped_by_nonpositive_upper=92
124,3,lp,upper,100,1,0.00567001,0.00559234619140625,234,0,0,1,0,0,0,91,8,0,OPTIMAL=1,interval_proves_cutoff=91;upper_skipped_by_nonnegative_interval_lower=8
125,0,lp,lower,9,9,0.027504150999999998,0.026998043060302734,978,0,0,9,0,0,0,0,0,0,OPTIMAL=9,
125,0,lp,upper,9,9,0.030402078,0.02983403205871582,1111,0,0,9,0,0,0,0,0,0,OPTIMAL=9,
125,1,interval_arithmetic,lower,3136,0,0.0,0.0,0,0,0,0,0,910,0,0,0,2226,,interval_arithmetic=910;lower_skipped_by_nonpositive_upper=2226
125,1,interval_arithmetic,upper,3136,0,0.0,0.0,0,0,0,0,0,3136,0,0,0,0,,interval_arithmetic=3136
125,2,lp,lower,1568,78,0.06751109800000002,0.06489348411560059,859,0,0,78,0,0,0,664,0,826,OPTIMAL=78,interval_proves_cutoff=664;lower_skipped_by_nonpositive_upper=826
125,2,lp,upper,1568,81,0.08100582399999999,0.07293200492858887,1116,0,0,81,0,0,0,823,664,0,OPTIMAL=81,interval_proves_cutoff=823;upper_skipped_by_nonnegative_interval_lower=664
125,3,lp,lower,100,0,0.0,0.0,0,0,0,0,0,0,0,9,0,91,,interval_proves_cutoff=9;lower_skipped_by_nonpositive_upper=91
125,3,lp,upper,100,0,0.0,0.0,0,0,0,0,0,0,0,91,9,0,,interval_proves_cutoff=91;upper_skipped_by_nonnegative_interval_lower=9
126,0,lp,lower,9,9,0.045820863,0.045269012451171875,1260,0,0,9,0,0,0,0,0,0,OPTIMAL=9,
126,0,lp,upper,9,9,0.045917885,0.04531979560852051,1384,0,0,9,0,0,0,0,0,0,OPTIMAL=9,
126,1,interval_arithmetic,lower,3136,0,0.0,0.0,0,0,0,0,0,896,0,0,0,2240,,interval_arithmetic=896;lower_skipped_by_nonpositive_upper=2240
126,1,interval_arithmetic,upper,3136,0,0.0,0.0,0,0,0,0,0,3136,0,0,0,0,,interval_arithmetic=3136
126,2,lp,lower,1568,79,0.07240807,0.06975650787353516,1177,0,0,79,0,0,0,653,0,836,OPTIMAL=79,interval_proves_cutoff=653;lower_skipped_by_nonpositive_upper=836
126,2,lp,upper,1568,91,0.087643464,0.08014559745788574,1544,0,0,91,0,0,0,824,653,0,OPTIMAL=91,interval_proves_cutoff=824;upper_skipped_by_nonnegative_interval_lower=653
126,3,lp,lower,100,0,0.0,0.0,0,0,0,0,0,0,0,9,0,91,,interval_proves_cutoff=9;lower_skipped_by_nonpositive_upper=91
126,3,lp,upper,100,0,0.0,0.0,0,0,0,0,0,0,0,91,9,0,,interval_proves_cutoff=91;upper_skipped_by_nonnegative_interval_lower=9
127,0,lp,lower,9,9,0.039025531,0.03845787048339844,1332,0,0,9,0,0,0,0,0,0,OPTIMAL=9,
127,0,lp,upper,9,9,0.042910848999999994,0.04232430458068848,1407,0,0,9,0,0,0,0,0,0,OPTIMAL=9,
127,1,interval_arithmetic,lower,3136,0,0.0,0.0,0,0,0,0,0,942,0,0,0,2194,,interval_arithmetic=942;lower_skipped_by_nonpositive_upper=2194
127,1,interval_arithmetic,upper,3136,0,0.0,0.0,0,0,0,0,0,3136,0,0,0,0,,interval_arithmetic=3136
127,2,lp,lower,1568,100,0.09349069099999999,0.09016227722167969,1150,0,0,100,0,0,0,700,0,768,OPTIMAL=100,interval_proves_cutoff=700;lower_skipped_by_nonpositive_upper=768
127,2,lp,upper,1568,101,0.10042812899999995,0.09221673011779785,1314,0,0,101,0,0,0,767,700,0,OPTIMAL=101,interval_proves_cutoff=767;upper_skipped_by_nonnegative_interval_lower=700
127,3,lp,lower,100,1,0.005237367,0.0051670074462890625,255,0,0,1,0,0,0,8,0,91,OPTIMAL=1,interval_proves_cutoff=8;lower_skipped_by_nonpositive_upper=91
127,3,lp,upper,100,1,0.005477459,0.0053675174713134766,240,0,0,1,0,0,0,91,8,0,OPTIMAL=1,interval_proves_cutoff=91;upper_skipped_by_nonnegative_interval_lower=8
128,0,lp,lower,9,9,0.055095117,0.0545504093170166,1381,0,0,9,0,0,0,0,0,0,OPTIMAL=9,
128,0,lp,upper,9,9,0.059284605,0.05873417854309082,1460,0,0,9,0,0,0,0,0,0,OPTIMAL=9,
128,1,interval_arithmetic,lower,3136,0,0.0,0.0,0,0,0,0,0,921,0,0,0,2215,,interval_arithmetic=921;lower_skipped_by_nonpositive_upper=2215
128,1,interval_arithmetic,upper,3136,0,0.0,0.0,0,0,0,0,0,3136,0,0,0,0,,interval_arithmetic=3136
128,2,lp,lower,1568,81,0.07841283599999999,0.0755605697631836,1108,0,0,81,0,0,0,680,0,807,OPTIMAL=81,interval_proves_cutoff=680;lower_skipped_by_nonpositive_upper=807
128,2,lp,upper,1568,88,0.08866148800000001,0.0809624195098877,1269,0,0,88,0,0,0,800,680,0,OPTIMAL=88,interval_proves_cutoff=800;upper_skipped_by_nonnegative_interval_lower=680
128,3,lp,lower,100,1,0.005708897,0.005647182464599609,254,0,0,1,0,0,0,8,0,91,OPTIMAL=1,interval_proves_cutoff=8;lower_skipped_by_nonpositive_upper=91
128,3,lp,upper,100,1,0.005154227,0.005076169967651367,201,0,0,1,0,0,0,91,8,0,OPTIMAL=1,interval_proves_cutoff=91;upper_skipped_by_nonnegative_interval_lower=8
129,0,lp,lower,9,9,0.039113185,0.03854203224182129,1227,0,0,9,0,0,0,0,0,0,OPTIMAL=9,
129,0,lp,upper,9,9,0.042756451,0.04219627380371094,1285,0,0,9,0,0,0,0,0,0,OPTIMAL=9,
129,1,interval_arithmetic,lower,3136,0,0.0,0.0,0,0,0,0,0,957,0,0,0,2179,,interval_arithmetic=957;lower_skipped_by_nonpositive_upper=2179
129,1,interval_arithmetic,upper,3136,0,0.0,0.0,0,0,0,0,0,3136,0,0,0,0,,interval_arithmetic=3136
129,2,lp,lower,1568,89,0.08403962200000002,0.08094120025634766,1375,0,0,89,0,0,0,670,0,809,OPTIMAL=89,interval_proves_cutoff=670;lower_skipped_by_nonpositive_upper=809
129,2,lp,upper,1568,93,0.091499257,0.08367109298706055,1413,0,0,93,0,0,0,805,670,0,OPTIMAL=93,interval_proves_cutoff=805;upper_skipped_by_nonnegative_interval_lower=670
129,3,lp,lower,100,1,0.011874287,0.01180267333984375,360,0,0,1,0,0,0,8,0,91,OPTIMAL=1,interval_proves_cutoff=8;lower_skipped_by_nonpositive_upper=91
129,3,lp,upper,100,1,0.004826746,0.004750967025756836,202,0,0,1,0,0,0,91,8,0,OPTIMAL=1,interval_proves_cutoff=91;upper_skipped_by_nonnegative_interval_lower=8
130,0,lp,lower,9,9,0.040884751999999996,0.0402987003326416,1348,0,0,9,0,0,0,0,0,0,OPTIMAL=9,
130,0,lp,upper,9,9,0.040273884,0.03970193862915039,1375,0,0,9,0,0,0,0,0,0,OPTIMAL=9,
130,1,interval_arithmetic,lower,3136,0,0.0,0.0,0,0,0,0,0,915,0,0,0,2221,,interval_arithmetic=915;lower_skipped_by_nonpositive_upper=2221
130,1,interval_arithmetic,upper,3136,0,0.0,0.0,0,0,0,0,0,3136,0,0,0,0,,interval_arithmetic=3136
130,2,lp,lower,1568,86,0.07847353699999998,0.07540559768676758,1144,0,0,86,0,0,0,664,0,818,OPTIMAL=86,interval_proves_cutoff=664;lower_skipped_by_nonpositive_upper=818
130,2,lp,upper,1568,87,0.08725909499999998,0.07959771156311035,1297,0,0,87,0,0,0,817,664,0,OPTIMAL=87,interval_proves_cutoff=817;upper_skipped_by_nonnegative_interval_lower=664
130,3,lp,lower,100,0,0.0,0.0,0,0,0,0,0,0,0,9,0,91,,interval_proves_cutoff=9;lower_skipped_by_nonpositive_upper=91
130,3,lp,upper,100,0,0.0,0.0,0,0,0,0,0,0,0,91,9,0,,interval_proves_cutoff=91;upper_skipped_by_nonnegative_interval_lower=9
131,0,lp,lower,9,9,0.066386574,0.06581711769104004,1676,0,0,9,0,0,0,0,0,0,OPTIMAL=9,
131,0,lp,upper,9,9,0.062614197,0.06203269958496094,1487,0,0,9,0,0,0,0,0,0,OPTIMAL=9,
131,1,interval_arithmetic,lower,3136,0,0.0,0.0,0,0,0,0,0,938,0,0,0,2198,,interval_arithmetic=938;lower_skipped_by_nonpositive_upper=2198
131,1,interval_arithmetic,upper,3136,0,0.0,0.0,0,0,0,0,0,3136,0,0,0,0,,interval_arithmetic=3136
131,2,lp,lower,1568,88,0.07588368299999998,0.07295107841491699,913,0,0,88,0,0,0,667,0,813,OPTIMAL=88,interval_proves_cutoff=667;lower_skipped_by_nonpositive_upper=813
131,2,lp,upper,1568,88,0.08175002099999999,0.07428932189941406,1048,0,0,88,0,0,0,813,667,0,OPTIMAL=88,interval_proves_cutoff=813;upper_skipped_by_nonnegative_interval_lower=667
131,3,lp,lower,100,1,0.006635822,0.006571531295776367,261,0,0,1,0,0,0,8,0,91,OPTIMAL=1,interval_proves_cutoff=8;lower_skipped_by_nonpositive_upper=91
131,3,lp,upper,100,1,0.005195757,0.0051152706146240234,239,0,0,1,0,0,0,91,8,0,OPTIMAL=1,interval_proves_cutoff=91;upper_skipped_by_nonnegative_interval_lower=8
132,0,lp,lower,9,9,0.055723385000000014,0.0551295280456543,1571,0,0,9,0,0,0,0,0,0,OPTIMAL=9,
132,0,lp,upper,9,9,0.069038684,0.06842184066772461,1711,0,0,9,0,0,0,0,0,0,OPTIMAL=9,
132,1,interval_arithmetic,lower,3136,0,0.0,0.0,0,0,0,0,0,966,0,0,0,2170,,interval_arithmetic=966;lower_skipped_by_nonpositive_upper=2170
132,1,interval_arithmetic,upper,3136,0,0.0,0.0,0,0,0,0,0,3136,0,0,0,0,,interval_arithmetic=3136
132,2,lp,lower,1568,94,0.09168539300000005,0.0883479118347168,1786,0,0,94,0,0,0,672,0,802,OPTIMAL=94,interval_proves_cutoff=672;lower_skipped_by_nonpositive_upper=802
132,2,lp,upper,1568,100,0.10567206999999998,0.09682393074035645,1979,0,0,100,0,0,0,796,672,0,OPTIMAL=100,interval_proves_cutoff=796;upper_skipped_by_nonnegative_interval_lower=672
132,3,lp,lower,100,1,0.005705639,0.005635738372802734,284,0,0,1,0,0,0,8,0,91,OPTIMAL=1,interval_proves_cutoff=8;lower_skipped_by_nonpositive_upper=91
132,3,lp,upper,100,1,0.00601181,0.00591588020324707,254,0,0,1,0,0,0,91,8,0,OPTIMAL=1,interval_proves_cutoff=91;upper_skipped_by_nonnegative_interval_lower=8
133,0,lp,lower,9,9,0.024467652,0.023965120315551758,705,0,0,9,0,0,0,0,0,0,OPTIMAL=9,
133,0,lp,upper,9,9,0.024849525,0.024359703063964844,698,0,0,9,0,0,0,0,0,0,OPTIMAL=9,
133,1,interval_arithmetic,lower,3136,0,0.0,0.0,0,0,0,0,0,934,0,0,0,2202,,interval_arithmetic=934;lower_skipped_by_nonpositive_upper=2202
133,1,interval_arithmetic,upper,3136,0,0.0,0.0,0,0,0,0,0,3136,0,0,0,0,,interval_arithmetic=3136
133,2,lp,lower,1568,56,0.045167709,0.04326272010803223,321,0,0,56,0,0,0,692,0,820,OPTIMAL=56,interval_proves_cutoff=692;lower_skipped_by_nonpositive_upper=820
133,2,lp,upper,1568,60,0.052120707,0.045722246170043945,422,0,0,60,0,0,0,816,692,0,OPTIMAL=60,interval_proves_cutoff=816;upper_skipped_by_nonnegative_interval_lower=692
133,3,lp,lower,100,1,0.003016603,0.0029604434967041016,147,0,0,1,0,0,0,8,0,91,OPTIMAL=1,interval_proves_cutoff=8;lower_skipped_by_nonpositive_upper=91
133,3,lp,upper,100,1,0.00258766,0.0025255680084228516,104,0,0,1,0,0,0,91,8,0,OPTIMAL=1,interval_proves_cutoff=91;upper_skipped_by_nonnegative_interval_lower=8
134,0,lp,lower,9,9,0.056059422000000005,0.0555269718170166,1383,0,0,9,0,0,0,0,0,0,OPTIMAL=9,
134,0,lp,upper,9,9,0.040940081999999996,0.04032087326049805,1139,0,0,9,0,0,0,0,0,0,OPTIMAL=9,
134,1,interval_arithmetic,lower,3136,0,0.0,0.0,0,0,0,0,0,925,0,0,0,2211,,interval_arithmetic=925;lower_skipped_by_nonpositive_upper=2211
134,1,interval_arithmetic,upper,3136,0,0.0,0.0,0,0,0,0,0,3136,0,0,0,0,,interval_arithmetic=3136
134,2,lp,lower,1568,79,0.06729205499999999,0.06466484069824219,765,0,0,79,0,0,0,671,0,818,OPTIMAL=79,interval_proves_cutoff=671;lower_skipped_by_nonpositive_upper=818
134,2,lp,upper,1568,86,0.07574481200000001,0.0684967041015625,928,0,0,86,0,0,0,811,671,0,OPTIMAL=86,interval_proves_cutoff=811;upper_skipped_by_nonnegative_interval_lower=671
134,3,lp,lower,100,2,0.007803134,0.007685184478759766,247,0,0,2,0,0,0,6,0,92,OPTIMAL=2,interval_proves_cutoff=6;lower_skipped_by_nonpositive_upper=92
134,3,lp,upper,100,3,0.012689514,0.01247096061706543,422,0,0,3,0,0,0,91,6,0,OPTIMAL=3,interval_proves_cutoff=91;upper_skipped_by_nonnegative_interval_lower=6
135,0,lp,lower,9,9,0.044305684,0.04372429847717285,1385,0,0,9,0,0,0,0,0,0,OPTIMAL=9,
135,0,lp,upper,9,9,0.051086720999999995,0.050476789474487305,1463,0,0,9,0,0,0,0,0,0,OPTIMAL=9,
135,1,interval_arithmetic,lower,3136,0,0.0,0.0,0,0,0,0,0,938,0,0,0,2198,,interval_arithmetic=938;lower_skipped_by_nonpositive_upper=2198
135,1,interval_arithmetic,upper,3136,0,0.0,0.0,0,0,0,0,0,3136,0,0,0,0,,interval_arithmetic=3136
135,2,lp,lower,1568,100,0.09668252799999999,0.09330177307128906,1738,0,0,100,0,0,0,658,0,810,OPTIMAL=100,interval_proves_cutoff=658;lower_skipped_by_nonpositive_upper=810
135,2,lp,upper,1568,105,0.108605101,0.10006356239318848,1797,0,0,105,0,0,0,805,658,0,OPTIMAL=105,interval_proves_cutoff=805;upper_skipped_by_nonnegative_interval_lower=658
135,3,lp,lower,100,1,0.007078389,0.007008552551269531,300,0,0,1,0,0,0,8,0,91,OPTIMAL=1,interval_proves_cutoff=8;lower_skipped_by_nonpositive_upper=91
135,3,lp,upper,100,1,0.005215312,0.0051348209381103516,218,0,0,1,0,0,0,91,8,0,OPTIMAL=1,interval_proves_cutoff=91;upper_skipped_by_nonnegative_interval_lower=8
136,0,lp,lower,9,9,0.022117125,0.021664142608642578,699,0,0,9,0,0,0,0,0,0,OPTIMAL=9,
136,0,lp,upper,9,9,0.030430930999999998,0.029903888702392578,846,0,0,9,0,0,0,0,0,0,OPTIMAL=9,
136,1,interval_arithmetic,lower,3136,0,0.0,0.0,0,0,0,0,0,865,0,0,0,2271,,interval_arithmetic=865;lower_skipped_by_nonpositive_upper=2271
136,1,interval_arithmetic,upper,3136,0,0.0,0.0,0,0,0,0,0,3136,0,0,0,0,,interval_arithmetic=3136
136,2,lp,lower,1568,53,0.03932654800000002,0.037784576416015625,435,0,0,53,0,0,0,654,0,861,OPTIMAL=53,interval_proves_cutoff=654;lower_skipped_by_nonpositive_upper=861
136,2,lp,upper,1568,53,0.047246291999999995,0.04107928276062012,607,0,0,53,0,0,0,861,654,0,OPTIMAL=53,interval_proves_cutoff=861;upper_skipped_by_nonnegative_interval_lower=654
136,3,lp,lower,100,1,0.002441852,0.002385377883911133,136,0,0,1,0,0,0,7,0,92,OPTIMAL=1,interval_proves_cutoff=7;lower_skipped_by_nonpositive_upper=92
136,3,lp,upper,100,1,0.002385898,0.002321958541870117,116,0,0,1,0,0,0,92,7,0,OPTIMAL=1,interval_proves_cutoff=92;upper_skipped_by_nonnegative_interval_lower=7
137,0,lp,lower,9,9,0.03500234,0.03446793556213379,1211,0,0,9,0,0,0,0,0,0,OPTIMAL=9,
137,0,lp,upper,9,9,0.043070545,0.04253268241882324,1388,0,0,9,0,0,0,0,0,0,OPTIMAL=9,
137,1,interval_arithmetic,lower,3136,0,0.0,0.0,0,0,0,0,0,917,0,0,0,2219,,interval_arithmetic=917;lower_skipped_by_nonpositive_upper=2219
137,1,interval_arithmetic,upper,3136,0,0.0,0.0,0,0,0,0,0,3136,0,0,0,0,,interval_arithmetic=3136
137,2,lp,lower,1568,91,0.08443817499999998,0.08136653900146484,1362,0,0,91,0,0,0,678,0,799,OPTIMAL=91,interval_proves_cutoff=678;lower_skipped_by_nonpositive_upper=799
137,2,lp,upper,1568,97,0.09782576900000002,0.08986520767211914,1539,0,0,97,0,0,0,793,678,0,OPTIMAL=97,interval_proves_cutoff=793;upper_skipped_by_nonnegative_interval_lower=678
137,3,lp,lower,100,1,0.005269346,0.0052034854888916016,267,0,0,1,0,0,0,8,0,91,OPTIMAL=1,interval_proves_cutoff=8;lower_skipped_by_nonpositive_upper=91
137,3,lp,upper,100,1,0.004652879,0.0045778751373291016,224,0,0,1,0,0,0,91,8,0,OPTIMAL=1,interval_proves_cutoff=91;upper_skipped_by_nonnegative_interval_lower=8
138,0,lp,lower,9,9,0.022143552999999996,0.0217132568359375,728,0,0,9,0,0,0,0,0,0,OPTIMAL=9,
138,0,lp,upper,9,9,0.026605664999999997,0.026143312454223633,814,0,0,9,0,0,0,0,0,0,OPTIMAL=9,
138,1,interval_arithmetic,lower,3136,0,0.0,0.0,0,0,0,0,0,875,0,0,0,2261,,interval_arithmetic=875;lower_skipped_by_nonpositive_upper=2261
138,1,interval_arithmetic,upper,3136,0,0.0,0.0,0,0,0,0,0,3136,0,0,0,0,,interval_arithmetic=3136
138,2,lp,lower,1568,50,0.04016342400000001,0.03866386413574219,520,0,0,50,0,0,0,639,0,879,OPTIMAL=50,interval_proves_cutoff=639;lower_skipped_by_nonpositive_upper=879
138,2,lp,upper,1568,59,0.054742265,0.048380136489868164,699,0,0,59,0,0,0,870,639,0,OPTIMAL=59,interval_proves_cutoff=870;upper_skipped_by_nonnegative_interval_lower=639
138,3,lp,lower,100,1,0.00275363,0.0026891231536865234,128,0,0,1,0,0,0,8,0,91,OPTIMAL=1,interval_proves_cutoff=8;lower_skipped_by_nonpositive_upper=91
138,3,lp,upper,100,1,0.002489123,0.002430438995361328,118,0,0,1,0,0,0,91,8,0,OPTIMAL=1,interval_proves_cutoff=91;upper_skipped_by_nonnegative_interval_lower=8
139,0,lp,lower,9,9,0.049622822,0.04902315139770508,1550,0,0,9,0,0,0,0,0,0,OPTIMAL=9,
139,0,lp,upper,9,9,0.05525487600000001,0.05457735061645508,1647,0,0,9,0,0,0,0,0,0,OPTIMAL=9,
139,1,interval_arithmetic,lower,3136,0,0.0,0.0,0,0,0,0,0,928,0,0,0,2208,,interval_arithmetic=928;lower_skipped_by_nonpositive_upper=2208
139,1,interval_arithmetic,upper,3136,0,0.0,0.0,0,0,0,0,0,3136,0,0,0,0,,interval_arithmetic=3136
139,2,lp,lower,1568,110,0.10241021,0.09870123863220215,1457,0,0,110,0,0,0,658,0,800,OPTIMAL=110,interval_proves_cutoff=658;lower_skipped_by_nonpositive_upper=800
139,2,lp,upper,1568,115,0.11769449199999997,0.10880851745605469,1645,0,0,115,0,0,0,795,658,0,OPTIMAL=115,interval_proves_cutoff=795;upper_skipped_by_nonnegative_interval_lower=658
139,3,lp,lower,100,0,0.0,0.0,0,0,0,0,0,0,0,8,0,92,,interval_proves_cutoff=8;lower_skipped_by_nonpositive_upper=92
139,3,lp,upper,100,0,0.0,0.0,0,0,0,0,0,0,0,92,8,0,,interval_proves_cutoff=92;upper_skipped_by_nonnegative_interval_lower=8
140,0,lp,lower,9,9,0.063379249,0.06276702880859375,1458,0,0,9,0,0,0,0,0,0,OPTIMAL=9,
140,0,lp,upper,9,9,0.062014183,0.061388492584228516,1501,0,0,9,0,0,0,0,0,0,OPTIMAL=9,
140,1,interval_arithmetic,lower,3136,0,0.0,0.0,0,0,0,0,0,920,0,0,0,2216,,interval_arithmetic=920;lower_skipped_by_nonpositive_upper=2216
140,1,interval_arithmetic,upper,3136,0,0.0,0.0,0,0,0,0,0,3136,0,0,0,0,,interval_arithmetic=3136
140,2,lp,lower,1568,85,0.077956042,0.07505202293395996,1321,0,0,85,0,0,0,663,0,820,OPTIMAL=85,interval_proves_cutoff=663;lower_skipped_by_nonpositive_upper=820
140,2,lp,upper,1568,88,0.08870673600000001,0.08054637908935547,1402,0,0,88,0,0,0,817,663,0,OPTIMAL=88,interval_proves_cutoff=817;upper_skipped_by_nonnegative_interval_lower=663
140,3,lp,lower,100,2,0.010158918999999999,0.010033607482910156,310,0,0,2,0,0,0,7,0,91,OPTIMAL=2,interval_proves_cutoff=7;lower_skipped_by_nonpositive_upper=91
140,3,lp,upper,100,2,0.01015895,0.010021686553955078,353,0,0,2,0,0,0,91,7,0,OPTIMAL=2,interval_proves_cutoff=91;upper_skipped_by_nonnegative_interval_lower=7
141,0,lp,lower,9,9,0.091854661,0.09120655059814453,1848,0,0,9,0,0,0,0,0,0,OPTIMAL=9,
141,0,lp,upper,9,9,0.08601149999999999,0.08535909652709961,1765,0,0,9,0,0,0,0,0,0,OPTIMAL=9,
141,1,interval_arithmetic,lower,3136,0,0.0,0.0,0,0,0,0,0,885,0,0,0,2251,,interval_arithmetic=885;lower_skipped_by_nonpositive_upper=2251
141,1,interval_arithmetic,upper,3136,0,0.0,0.0,0,0,0,0,0,3136,0,0,0,0,,interval_arithmetic=3136
141,2,lp,lower,1568,110,0.100904288,0.09727215766906738,1837,0,0,110,0,0,0,627,0,831,OPTIMAL=110,interval_proves_cutoff=627;lower_skipped_by_nonpositive_upper=831
141,2,lp,upper,1568,118,0.11380242199999997,0.10533499717712402,2062,0,0,118,0,0,0,823,627,0,OPTIMAL=118,interval_proves_cutoff=823;upper_skipped_by_nonnegative_interval_lower=627
141,3,lp,lower,100,2,0.017949332999999998,0.01780843734741211,402,0,0,2,0,0,0,7,0,91,OPTIMAL=2,interval_proves_cutoff=7;lower_skipped_by_nonpositive_upper=91
141,3,lp,upper,100,2,0.015096729,0.014941215515136719,416,0,0,2,0,0,0,91,7,0,OPTIMAL=2,interval_proves_cutoff=91;upper_skipped_by_nonnegative_interval_lower=7
142,0,lp,lower,9,9,0.030729809,0.030204057693481445,945,0,0,9,0,0,0,0,0,0,OPTIMAL=9,
142,0,lp,upper,9,9,0.027008023,0.026491403579711914,883,0,0,9,0,0,0,0,0,0,OPTIMAL=9,
142,1,interval_arithmetic,lower,3136,0,0.0,0.0,0,0,0,0,0,889,0,0,0,2247,,interval_arithmetic=889;lower_skipped_by_nonpositive_upper=2247
142,1,interval_arithmetic,upper,3136,0,0.0,0.0,0,0,0,0,0,3136,0,0,0,0,,interval_arithmetic=3136
142,2,lp,lower,1568,78,0.06200306700000001,0.05957818031311035,668,0,0,78,0,0,0,664,0,826,OPTIMAL=78,interval_proves_cutoff=664;lower_skipped_by_nonpositive_upper=826
142,2,lp,upper,1568,79,0.071042519,0.06394696235656738,770,0,0,79,0,0,0,825,664,0,OPTIMAL=79,interval_proves_cutoff=825;upper_skipped_by_nonnegative_interval_lower=664
142,3,lp,lower,100,2,0.006173957,0.00606083869934082,221,0,0,2,0,0,0,6,0,92,OPTIMAL=2,interval_proves_cutoff=6;lower_skipped_by_nonpositive_upper=92
142,3,lp,upper,100,3,0.009428481,0.009238481521606445,355,0,0,3,0,0,0,91,6,0,OPTIMAL=3,interval_proves_cutoff=91;upper_skipped_by_nonnegative_interval_lower=6
143,0,lp,lower,9,9,0.055080858999999996,0.05443739891052246,1661,0,0,9,0,0,0,0,0,0,OPTIMAL=9,
143,0,lp,upper,9,9,0.06974627800000001,0.06904792785644531,1752,0,0,9,0,0,0,0,0,0,OPTIMAL=9,
143,1,interval_arithmetic,lower,3136,0,0.0,0.0,0,0,0,0,0,917,0,0,0,2219,,interval_arithmetic=917;lower_skipped_by_nonpositive_upper=2219
143,1,interval_arithmetic,upper,3136,0,0.0,0.0,0,0,0,0,0,3136,0,0,0,0,,interval_arithmetic=3136
143,2,lp,lower,1568,112,0.10780266700000003,0.1038973331451416,1666,0,0,112,0,0,0,678,0,778,OPTIMAL=112,interval_proves_cutoff=678;lower_skipped_by_nonpositive_upper=778
143,2,lp,upper,1568,116,0.117621647,0.10846972465515137,1736,0,0,116,0,0,0,774,678,0,OPTIMAL=116,interval_proves_cutoff=774;upper_skipped_by_nonnegative_interval_lower=678
143,3,lp,lower,100,1,0.007760937,0.007684230804443359,305,0,0,1,0,0,0,8,0,91,OPTIMAL=1,interval_proves_cutoff=8;lower_skipped_by_nonpositive_upper=91
143,3,lp,upper,100,1,0.006090072,0.006005764007568359,244,0,0,1,0,0,0,91,8,0,OPTIMAL=1,interval_proves_cutoff=91;upper_skipped_by_nonnegative_interval_lower=8
144,0,lp,lower,9,9,0.021422979,0.02094864845275879,650,0,0,9,0,0,0,0,0,0,OPTIMAL=9,
144,0,lp,upper,9,9,0.027211796,0.026720046997070312,732,0,0,9,0,0,0,0,0,0,OPTIMAL=9,
144,1,interval_arithmetic,lower,3136,0,0.0,0.0,0,0,0,0,0,841,0,0,0,2295,,interval_arithmetic=841;lower_skipped_by_nonpositive_upper=2295
144,1,interval_arithmetic,upper,3136,0,0.0,0.0,0,0,0,0,0,3136,0,0,0,0,,interval_arithmetic=3136
144,2,lp,lower,1568,54,0.038624966000000004,0.03706717491149902,355,0,0,54,0,0,0,631,0,883,OPTIMAL=54,interval_proves_cutoff=631;lower_skipped_by_nonpositive_upper=883
144,2,lp,upper,1568,57,0.04778732800000001,0.04165458679199219,488,0,0,57,0,0,0,880,631,0,OPTIMAL=57,interval_proves_cutoff=880;upper_skipped_by_nonnegative_interval_lower=631
144,3,lp,lower,100,1,0.002231885,0.002178668975830078,126,0,0,1,0,0,0,8,0,91,OPTIMAL=1,interval_proves_cutoff=8;lower_skipped_by_nonpositive_upper=91
144,3,lp,upper,100,1,0.002099933,0.0020394325256347656,108,0,0,1,0,0,0,91,8,0,OPTIMAL=1,interval_proves_cutoff=91;upper_skipped_by_nonnegative_interval_lower=8
145,0,lp,lower,9,9,0.048884699,0.04832124710083008,1332,0,0,9,0,0,0,0,0,0,OPTIMAL=9,
145,0,lp,upper,9,9,0.05827568899999999,0.05768156051635742,1556,0,0,9,0,0,0,0,0,0,OPTIMAL=9,
145,1,interval_arithmetic,lower,3136,0,0.0,0.0,0,0,0,0,0,909,0,0,0,2227,,interval_arithmetic=909;lower_skipped_by_nonpositive_upper=2227
145,1,interval_arithmetic,upper,3136,0,0.0,0.0,0,0,0,0,0,3136,0,0,0,0,,interval_arithmetic=3136
145,2,lp,lower,1568,93,0.08511299100000001,0.08194136619567871,1363,0,0,93,0,0,0,667,0,808,OPTIMAL=93,interval_proves_cutoff=667;lower_skipped_by_nonpositive_upper=808
145,2,lp,upper,1568,100,0.099464489,0.09139633178710938,1571,0,0,100,0,0,0,801,667,0,OPTIMAL=100,interval_proves_cutoff=801;upper_skipped_by_nonnegative_interval_lower=667
145,3,lp,lower,100,2,0.009087282,0.008960485458374023,288,0,0,2,0,0,0,7,0,91,OPTIMAL=2,interval_proves_cutoff=7;lower_skipped_by_nonpositive_upper=91
145,3,lp,upper,100,2,0.008492517,0.008345842361450195,336,0,0,2,0,0,0,91,7,0,OPTIMAL=2,interval_proves_cutoff=91;upper_skipped_by_nonnegative_interval_lower=7
146,0,lp,lower,9,9,0.02727693,0.026805639266967773,761,0,0,9,0,0,0,0,0,0,OPTIMAL=9,
146,0,lp,upper,9,9,0.025622639000000003,0.025138378143310547,802,0,0,9,0,0,0,0,0,0,OPTIMAL=9,
146,1,interval_arithmetic,lower,3136,0,0.0,0.0,0,0,0,0,0,840,0,0,0,2296,,interval_arithmetic=840;lower_skipped_by_nonpositive_upper=2296
146,1,interval_arithmetic,upper,3136,0,0.0,0.0,0,0,0,0,0,3136,0,0,0,0,,interval_arithmetic=3136
146,2,lp,lower,1568,59,0.04646659,0.044632673263549805,598,0,0,59,0,0,0,640,0,869,OPTIMAL=59,interval_proves_cutoff=640;lower_skipped_by_nonpositive_upper=869
146,2,lp,upper,1568,59,0.05229525199999999,0.046009063720703125,677,0,0,59,0,0,0,869,640,0,OPTIMAL=59,interval_proves_cutoff=869;upper_skipped_by_nonnegative_interval_lower=640
146,3,lp,lower,100,0,0.0,0.0,0,0,0,0,0,0,0,9,0,91,,interval_proves_cutoff=9;lower_skipped_by_nonpositive_upper=91
146,3,lp,upper,100,0,0.0,0.0,0,0,0,0,0,0,0,91,9,0,,interval_proves_cutoff=91;upper_skipped_by_nonnegative_interval_lower=9
147,0,lp,lower,9,9,0.032233749000000006,0.03168749809265137,1162,0,0,9,0,0,0,0,0,0,OPTIMAL=9,
147,0,lp,upper,9,9,0.038340558999999996,0.03775811195373535,1292,0,0,9,0,0,0,0,0,0,OPTIMAL=9,
147,1,interval_arithmetic,lower,3136,0,0.0,0.0,0,0,0,0,0,945,0,0,0,2191,,interval_arithmetic=945;lower_skipped_by_nonpositive_upper=2191
147,1,interval_arithmetic,upper,3136,0,0.0,0.0,0,0,0,0,0,3136,0,0,0,0,,interval_arithmetic=3136
147,2,lp,lower,1568,83,0.08250210300000001,0.07957220077514648,1310,0,0,83,0,0,0,676,0,809,OPTIMAL=83,interval_proves_cutoff=676;lower_skipped_by_nonpositive_upper=809
147,2,lp,upper,1568,92,0.09795004900000004,0.0898888111114502,1543,0,0,92,0,0,0,800,676,0,OPTIMAL=92,interval_proves_cutoff=800;upper_skipped_by_nonnegative_interval_lower=676
147,3,lp,lower,100,0,0.0,0.0,0,0,0,0,0,0,0,9,0,91,,interval_proves_cutoff=9;lower_skipped_by_nonpositive_upper=91
147,3,lp,upper,100,0,0.0,0.0,0,0,0,0,0,0,0,91,9,0,,interval_proves_cutoff=91;upper_skipped_by_nonnegative_interval_lower=9
148,0,lp,lower,9,9,0.052980179000000016,0.052416324615478516,1540,0,0,9,0,0,0,0,0,0,OPTIMAL=9,
148,0,lp,upper,9,9,0.055456037,0.05485939979553223,1585,0,0,9,0,0,0,0,0,0,OPTIMAL=9,
148,1,interval_arithmetic,lower,3136,0,0.0,0.0,0,0,0,0,0,975,0,0,0,2161,,interval_arithmetic=975;lower_skipped_by_nonpositive_upper=2161
148,1,interval_arithmetic,upper,3136,0,0.0,0.0,0,0,0,0,0,3136,0,0,0,0,,interval_arithmetic=3136
148,2,lp,lower,1568,87,0.08373636899999999,0.0807332992553711,1378,0,0,87,0,0,0,703,0,778,OPTIMAL=87,interval_proves_cutoff=703;lower_skipped_by_nonpositive_upper=778
148,2,lp,upper,1568,92,0.09500686500000002,0.0869596004486084,1497,0,0,92,0,0,0,773,703,0,OPTIMAL=92,interval_proves_cutoff=773;upper_skipped_by_nonnegative_interval_lower=703
148,3,lp,lower,100,1,0.006114823,0.006047725677490234,261,0,0,1,0,0,0,8,0,91,OPTIMAL=1,interval_proves_cutoff=8;lower_skipped_by_nonpositive_upper=91
148,3,lp,upper,100,1,0.00421261,0.004137516021728516,206,0,0,1,0,0,0,91,8,0,OPTIMAL=1,interval_proves_cutoff=91;upper_skipped_by_nonnegative_interval_lower=8
149,0,lp,lower,9,9,0.080004105,0.07933759689331055,1761,0,0,9,0,0,0,0,0,0,OPTIMAL=9,
149,0,lp,upper,9,9,0.08377896599999998,0.08313441276550293,1885,0,0,9,0,0,0,0,0,0,OPTIMAL=9,
149,1,interval_arithmetic,lower,3136,0,0.0,0.0,0,0,0,0,0,916,0,0,0,2220,,interval_arithmetic=916;lower_skipped_by_nonpositive_upper=2220
149,1,interval_arithmetic,upper,3136,0,0.0,0.0,0,0,0,0,0,3136,0,0,0,0,,interval_arithmetic=3136
149,2,lp,lower,1568,113,0.10653975300000004,0.10270094871520996,1682,0,0,113,0,0,0,656,0,799,OPTIMAL=113,interval_proves_cutoff=656;lower_skipped_by_nonpositive_upper=799
149,2,lp,upper,1568,118,0.11725656199999998,0.10849905014038086,1826,0,0,118,0,0,0,794,656,0,OPTIMAL=118,interval_proves_cutoff=794;upper_skipped_by_nonnegative_interval_lower=656
149,3,lp,lower,100,1,0.011085648,0.011010169982910156,334,0,0,1,0,0,0,8,0,91,OPTIMAL=1,interval_proves_cutoff=8;lower_skipped_by_nonpositive_upper=91
149,3,lp,upper,100,1,0.008645492,0.008559226989746094,254,0,0,1,0,0,0,91,8,0,OPTIMAL=1,interval_proves_cutoff=91;upper_skipped_by_nonnegative_interval_lower=8
150,0,lp,lower,9,9,0.072898004,0.07228350639343262,1865,0,0,9,0,0,0,0,0,0,OPTIMAL=9,
150,0,lp,upper,9,9,0.076888861,0.07624340057373047,1934,0,0,9,0,0,0,0,0,0,OPTIMAL=9,
150,1,interval_arithmetic,lower,3136,0,0.0,0.0,0,0,0,0,0,905,0,0,0,2231,,interval_arithmetic=905;lower_skipped_by_nonpositive_upper=2231
150,1,interval_arithmetic,upper,3136,0,0.0,0.0,0,0,0,0,0,3136,0,0,0,0,,interval_arithmetic=3136
150,2,lp,lower,1568,120,0.13307582499999995,0.12871742248535156,2907,0,0,120,0,0,0,623,0,825,OPTIMAL=120,interval_proves_cutoff=623;lower_skipped_by_nonpositive_upper=825
150,2,lp,upper,1568,141,0.163080073,0.15299773216247559,3350,0,0,141,0,0,0,804,623,0,OPTIMAL=141,interval_proves_cutoff=804;upper_skipped_by_nonnegative_interval_lower=623
150,3,lp,lower,100,0,0.0,0.0,0,0,0,0,0,0,0,9,0,91,,interval_proves_cutoff=9;lower_skipped_by_nonpositive_upper=91
150,3,lp,upper,100,0,0.0,0.0,0,0,0,0,0,0,0,91,9,0,,interval_proves_cutoff=91;upper_skipped_by_nonnegative_interval_lower=9
151,0,lp,lower,9,9,0.04463893,0.04408884048461914,1211,0,0,9,0,0,0,0,0,0,OPTIMAL=9,
151,0,lp,upper,9,9,0.042678001,0.04210686683654785,1323,0,0,9,0,0,0,0,0,0,OPTIMAL=9,
151,1,interval_arithmetic,lower,3136,0,0.0,0.0,0,0,0,0,0,905,0,0,0,2231,,interval_arithmetic=905;lower_skipped_by_nonpositive_upper=2231
151,1,interval_arithmetic,upper,3136,0,0.0,0.0,0,0,0,0,0,3136,0,0,0,0,,interval_arithmetic=3136
151,2,lp,lower,1568,85,0.077667308,0.07482552528381348,1230,0,0,85,0,0,0,658,0,825,OPTIMAL=85,interval_proves_cutoff=658;lower_skipped_by_nonpositive_upper=825
151,2,lp,upper,1568,95,0.09726866900000004,0.08873748779296875,1510,0,0,95,0,0,0,815,658,0,OPTIMAL=95,interval_proves_cutoff=815;upper_skipped_by_nonnegative_interval_lower=658
151,3,lp,lower,100,0,0.0,0.0,0,0,0,0,0,0,0,9,0,91,,interval_proves_cutoff=9;lower_skipped_by_nonpositive_upper=91
151,3,lp,upper,100,0,0.0,0.0,0,0,0,0,0,0,0,91,9,0,,interval_proves_cutoff=91;upper_skipped_by_nonnegative_interval_lower=9
152,0,lp,lower,9,9,0.057400350999999995,0.0567784309387207,1671,0,0,9,0,0,0,0,0,0,OPTIMAL=9,
152,0,lp,upper,9,9,0.065227105,0.06455802917480469,1781,0,0,9,0,0,0,0,0,0,OPTIMAL=9,
152,1,interval_arithmetic,lower,3136,0,0.0,0.0,0,0,0,0,0,948,0,0,0,2188,,interval_arithmetic=948;lower_skipped_by_nonpositive_upper=2188
152,1,interval_arithmetic,upper,3136,0,0.0,0.0,0,0,0,0,0,3136,0,0,0,0,,interval_arithmetic=3136
152,2,lp,lower,1568,113,0.11585238799999997,0.11181759834289551,1859,0,0,113,0,0,0,680,0,775,OPTIMAL=113,interval_proves_cutoff=680;lower_skipped_by_nonpositive_upper=775
152,2,lp,upper,1568,116,0.12244931200000002,0.11369490623474121,1888,0,0,116,0,0,0,772,680,0,OPTIMAL=116,interval_proves_cutoff=772;upper_skipped_by_nonnegative_interval_lower=680
152,3,lp,lower,100,0,0.0,0.0,0,0,0,0,0,0,0,9,0,91,,interval_proves_cutoff=9;lower_skipped_by_nonpositive_upper=91
152,3,lp,upper,100,0,0.0,0.0,0,0,0,0,0,0,0,91,9,0,,interval_proves_cutoff=91;upper_skipped_by_nonnegative_interval_lower=9
153,0,lp,lower,9,9,0.04680154999999999,0.04622364044189453,1340,0,0,9,0,0,0,0,0,0,OPTIMAL=9,
153,0,lp,upper,9,9,0.043529415,0.0429387092590332,1400,0,0,9,0,0,0,0,0,0,OPTIMAL=9,
153,1,interval_arithmetic,lower,3136,0,0.0,0.0,0,0,0,0,0,903,0,0,0,2233,,interval_arithmetic=903;lower_skipped_by_nonpositive_upper=2233
153,1,interval_arithmetic,upper,3136,0,0.0,0.0,0,0,0,0,0,3136,0,0,0,0,,interval_arithmetic=3136
153,2,lp,lower,1568,90,0.08601505200000005,0.08295607566833496,1386,0,0,90,0,0,0,687,0,791,OPTIMAL=90,interval_proves_cutoff=687;lower_skipped_by_nonpositive_upper=791
153,2,lp,upper,1568,91,0.09084264899999997,0.0824897289276123,1537,0,0,91,0,0,0,790,687,0,OPTIMAL=91,interval_proves_cutoff=790;upper_skipped_by_nonnegative_interval_lower=687
153,3,lp,lower,100,0,0.0,0.0,0,0,0,0,0,0,0,9,0,91,,interval_proves_cutoff=9;lower_skipped_by_nonpositive_upper=91
153,3,lp,upper,100,0,0.0,0.0,0,0,0,0,0,0,0,91,9,0,,interval_proves_cutoff=91;upper_skipped_by_nonnegative_interval_lower=9
154,0,lp,lower,9,9,0.072443006,0.07181930541992188,1739,0,0,9,0,0,0,0,0,0,OPTIMAL=9,
154,0,lp,upper,9,9,0.075051808,0.07441091537475586,1706,0,0,9,0,0,0,0,0,0,OPTIMAL=9,
154,1,interval_arithmetic,lower,3136,0,0.0,0.0,0,0,0,0,0,896,0,0,0,2240,,interval_arithmetic=896;lower_skipped_by_nonpositive_upper=2240
154,1,interval_arithmetic,upper,3136,0,0.0,0.0,0,0,0,0,0,3136,0,0,0,0,,interval_arithmetic=3136
154,2,lp,lower,1568,118,0.10330643000000003,0.09935450553894043,1119,0,0,118,0,0,0,668,0,782,OPTIMAL=118,interval_proves_cutoff=668;lower_skipped_by_nonpositive_upper=782
154,2,lp,upper,1568,122,0.10827028199999997,0.09975123405456543,1222,0,0,122,0,0,0,778,668,0,OPTIMAL=122,interval_proves_cutoff=778;upper_skipped_by_nonnegative_interval_lower=668
154,3,lp,lower,100,1,0.007499873,0.007418632507324219,274,0,0,1,0,0,0,8,0,91,OPTIMAL=1,interval_proves_cutoff=8;lower_skipped_by_nonpositive_upper=91
154,3,lp,upper,100,1,0.006162459,0.006074190139770508,245,0,0,1,0,0,0,91,8,0,OPTIMAL=1,interval_proves_cutoff=91;upper_skipped_by_nonnegative_interval_lower=8
155,0,lp,lower,9,9,0.032086606,0.03156018257141113,1004,0,0,9,0,0,0,0,0,0,OPTIMAL=9,
155,0,lp,upper,9,9,0.031925142,0.03141045570373535,1080,0,0,9,0,0,0,0,0,0,OPTIMAL=9,
155,1,interval_arithmetic,lower,3136,0,0.0,0.0,0,0,0,0,0,842,0,0,0,2294,,interval_arithmetic=842;lower_skipped_by_nonpositive_upper=2294
155,1,interval_arithmetic,upper,3136,0,0.0,0.0,0,0,0,0,0,3136,0,0,0,0,,interval_arithmetic=3136
155,2,lp,lower,1568,78,0.059136068000000014,0.05671334266662598,604,0,0,78,0,0,0,615,0,875,OPTIMAL=78,interval_proves_cutoff=615;lower_skipped_by_nonpositive_upper=875
155,2,lp,upper,1568,82,0.06779305999999999,0.06071114540100098,844,0,0,82,0,0,0,871,615,0,OPTIMAL=82,interval_proves_cutoff=871;upper_skipped_by_nonnegative_interval_lower=615
155,3,lp,lower,100,0,0.0,0.0,0,0,0,0,0,0,0,9,0,91,,interval_proves_cutoff=9;lower_skipped_by_nonpositive_upper=91
155,3,lp,upper,100,0,0.0,0.0,0,0,0,0,0,0,0,91,9,0,,interval_proves_cutoff=91;upper_skipped_by_nonnegative_interval_lower=9
156,0,lp,lower,9,9,0.033273441,0.032747745513916016,1212,0,0,9,0,0,0,0,0,0,OPTIMAL=9,
156,0,lp,upper,9,9,0.041511364,0.040923357009887695,1401,0,0,9,0,0,0,0,0,0,OPTIMAL=9,
156,1,interval_arithmetic,lower,3136,0,0.0,0.0,0,0,0,0,0,937,0,0,0,2199,,interval_arithmetic=937;lower_skipped_by_nonpositive_upper=2199
156,1,interval_arithmetic,upper,3136,0,0.0,0.0,0,0,0,0,0,3136,0,0,0,0,,interval_arithmetic=3136
156,2,lp,lower,1568,89,0.08367932800000001,0.08058309555053711,1298,0,0,89,0,0,0,661,0,818,OPTIMAL=89,interval_proves_cutoff=661;lower_skipped_by_nonpositive_upper=818
156,2,lp,upper,1568,102,0.10500492299999997,0.09679555892944336,1688,0,0,102,0,0,0,805,661,0,OPTIMAL=102,interval_proves_cutoff=805;upper_skipped_by_nonnegative_interval_lower=661
156,3,lp,lower,100,0,0.0,0.0,0,0,0,0,0,0,0,9,0,91,,interval_proves_cutoff=9;lower_skipped_by_nonpositive_upper=91
156,3,lp,upper,100,0,0.0,0.0,0,0,0,0,0,0,0,91,9,0,,interval_proves_cutoff=91;upper_skipped_by_nonnegative_interval_lower=9
157,0,lp,lower,9,9,0.056660298,0.0560755729675293,1644,0,0,9,0,0,0,0,0,0,OPTIMAL=9,
157,0,lp,upper,9,9,0.0641834,0.06355929374694824,1677,0,0,9,0,0,0,0,0,0,OPTIMAL=9,
157,1,interval_arithmetic,lower,3136,0,0.0,0.0,0,0,0,0,0,907,0,0,0,2229,,interval_arithmetic=907;lower_skipped_by_nonpositive_upper=2229
157,1,interval_arithmetic,upper,3136,0,0.0,0.0,0,0,0,0,0,3136,0,0,0,0,,interval_arithmetic=3136
157,2,lp,lower,1568,111,0.10967570000000001,0.10563516616821289,2099,0,0,111,0,0,0,654,0,803,OPTIMAL=111,interval_proves_cutoff=654;lower_skipped_by_nonpositive_upper=803
157,2,lp,upper,1568,118,0.12043356199999992,0.11114192008972168,2415,0,0,118,0,0,0,796,654,0,OPTIMAL=118,interval_proves_cutoff=796;upper_skipped_by_nonnegative_interval_lower=654
157,3,lp,lower,100,1,0.006660309,0.0065844058990478516,307,0,0,1,0,0,0,8,0,91,OPTIMAL=1,interval_proves_cutoff=8;lower_skipped_by_nonpositive_upper=91
157,3,lp,upper,100,1,0.005576914,0.005495309829711914,248,0,0,1,0,0,0,91,8,0,OPTIMAL=1,interval_proves_cutoff=91;upper_skipped_by_nonnegative_interval_lower=8
158,0,lp,lower,9,9,0.044031034,0.04346036911010742,1335,0,0,9,0,0,0,0,0,0,OPTIMAL=9,
158,0,lp,upper,9,9,0.051244514000000005,0.05066037178039551,1465,0,0,9,0,0,0,0,0,0,OPTIMAL=9,
158,1,interval_arithmetic,lower,3136,0,0.0,0.0,0,0,0,0,0,901,0,0,0,2235,,interval_arithmetic=901;lower_skipped_by_nonpositive_upper=2235
158,1,interval_arithmetic,upper,3136,0,0.0,0.0,0,0,0,0,0,3136,0,0,0,0,,interval_arithmetic=3136
158,2,lp,lower,1568,95,0.08420719700000003,0.0811312198638916,1098,0,0,95,0,0,0,663,0,810,OPTIMAL=95,interval_proves_cutoff=663;lower_skipped_by_nonpositive_upper=810
158,2,lp,upper,1568,103,0.09859063399999997,0.09072399139404297,1301,0,0,103,0,0,0,802,663,0,OPTIMAL=103,interval_proves_cutoff=802;upper_skipped_by_nonnegative_interval_lower=663
158,3,lp,lower,100,1,0.00504503,0.004975795745849609,253,0,0,1,0,0,0,8,0,91,OPTIMAL=1,interval_proves_cutoff=8;lower_skipped_by_nonpositive_upper=91
158,3,lp,upper,100,1,0.004629147,0.004549741744995117,202,0,0,1,0,0,0,91,8,0,OPTIMAL=1,interval_proves_cutoff=91;upper_skipped_by_nonnegative_interval_lower=8
159,0,lp,lower,9,9,0.034253347,0.03371000289916992,1115,0,0,9,0,0,0,0,0,0,OPTIMAL=9,
159,0,lp,upper,9,9,0.033425569,0.032888174057006836,1097,0,0,9,0,0,0,0,0,0,OPTIMAL=9,
159,1,interval_arithmetic,lower,3136,0,0.0,0.0,0,0,0,0,0,901,0,0,0,2235,,interval_arithmetic=901;lower_skipped_by_nonpositive_upper=2235
159,1,interval_arithmetic,upper,3136,0,0.0,0.0,0,0,0,0,0,3136,0,0,0,0,,interval_arithmetic=3136
159,2,lp,lower,1568,88,0.07839016899999995,0.07547378540039062,1172,0,0,88,0,0,0,672,0,808,OPTIMAL=88,interval_proves_cutoff=672;lower_skipped_by_nonpositive_upper=808
159,2,lp,upper,1568,94,0.09082912200000007,0.08306145668029785,1286,0,0,94,0,0,0,802,672,0,OPTIMAL=94,interval_proves_cutoff=802;upper_skipped_by_nonnegative_interval_lower=672
159,3,lp,lower,100,2,0.007207749,0.007088899612426758,267,0,0,2,0,0,0,7,0,91,OPTIMAL=2,interval_proves_cutoff=7;lower_skipped_by_nonpositive_upper=91
159,3,lp,upper,100,2,0.009516057000000001,0.009375810623168945,356,0,0,2,0,0,0,91,7,0,OPTIMAL=2,interval_proves_cutoff=91;upper_skipped_by_nonnegative_interval_lower=7
160,0,lp,lower,9,9,0.03754029,0.037035226821899414,1044,0,0,9,0,0,0,0,0,0,OPTIMAL=9,
160,0,lp,upper,9,9,0.040724197,0.04023146629333496,1067,0,0,9,0,0,0,0,0,0,OPTIMAL=9,
160,1,interval_arithmetic,lower,3136,0,0.0,0.0,0,0,0,0,0,868,0,0,0,2268,,interval_arithmetic=868;lower_skipped_by_nonpositive_upper=2268
160,1,interval_arithmetic,upper,3136,0,0.0,0.0,0,0,0,0,0,3136,0,0,0,0,,interval_arithmetic=3136
160,2,lp,lower,1568,63,0.058947398,0.05688905715942383,1063,0,0,63,0,0,0,641,0,864,OPTIMAL=63,interval_proves_cutoff=641;lower_skipped_by_nonpositive_upper=864
160,2,lp,upper,1568,71,0.07153239399999999,0.06460070610046387,1246,0,0,71,0,0,0,856,641,0,OPTIMAL=71,interval_proves_cutoff=856;upper_skipped_by_nonnegative_interval_lower=641
160,3,lp,lower,100,3,0.008551447,0.008395910263061523,295,0,0,3,0,0,0,6,0,91,OPTIMAL=3,interval_proves_cutoff=6;lower_skipped_by_nonpositive_upper=91
160,3,lp,upper,100,3,0.009786029000000002,0.009604692459106445,354,0,0,3,0,0,0,91,6,0,OPTIMAL=3,interval_proves_cutoff=91;upper_skipped_by_nonnegative_interval_lower=6
161,0,lp,lower,9,9,0.03151231499999999,0.030988693237304688,1044,0,0,9,0,0,0,0,0,0,OPTIMAL=9,
161,0,lp,upper,9,9,0.036947113,0.036377668380737305,1215,0,0,9,0,0,0,0,0,0,OPTIMAL=9,
161,1,interval_arithmetic,lower,3136,0,0.0,0.0,0,0,0,0,0,908,0,0,0,2228,,interval_arithmetic=908;lower_skipped_by_nonpositive_upper=2228
161,1,interval_arithmetic,upper,3136,0,0.0,0.0,0,0,0,0,0,3136,0,0,0,0,,interval_arithmetic=3136
161,2,lp,lower,1568,81,0.07456221900000001,0.07190299034118652,1212,0,0,81,0,0,0,666,0,821,OPTIMAL=81,interval_proves_cutoff=666;lower_skipped_by_nonpositive_upper=821
161,2,lp,upper,1568,87,0.08869090299999997,0.08112502098083496,1556,0,0,87,0,0,0,815,666,0,OPTIMAL=87,interval_proves_cutoff=815;upper_skipped_by_nonnegative_interval_lower=666
161,3,lp,lower,100,0,0.0,0.0,0,0,0,0,0,0,0,9,0,91,,interval_proves_cutoff=9;lower_skipped_by_nonpositive_upper=91
161,3,lp,upper,100,0,0.0,0.0,0,0,0,0,0,0,0,91,9,0,,interval_proves_cutoff=91;upper_skipped_by_nonnegative_interval_lower=9
162,0,lp,lower,9,9,0.070179185,0.06959295272827148,1821,0,0,9,0,0,0,0,0,0,OPTIMAL=9,
162,0,lp,upper,9,9,0.073793728,0.07318925857543945,1800,0,0,9,0,0,0,0,0,0,OPTIMAL=9,
162,1,interval_arithmetic,lower,3136,0,0.0,0.0,0,0,0,0,0,930,0,0,0,2206,,interval_arithmetic=930;lower_skipped_by_nonpositive_upper=2206
162,1,interval_arithmetic,upper,3136,0,0.0,0.0,0,0,0,0,0,3136,0,0,0,0,,interval_arithmetic=3136
162,2,lp,lower,1568,98,0.09890336100000005,0.09537744522094727,1911,0,0,98,0,0,0,656,0,814,OPTIMAL=98,interval_proves_cutoff=656;lower_skipped_by_nonpositive_upper=814
162,2,lp,upper,1568,107,0.11582464299999998,0.10731315612792969,2085,0,0,107,0,0,0,805,656,0,OPTIMAL=107,interval_proves_cutoff=805;upper_skipped_by_nonnegative_interval_lower=656
162,3,lp,lower,100,1,0.006509722,0.006443500518798828,274,0,0,1,0,0,0,8,0,91,OPTIMAL=1,interval_proves_cutoff=8;lower_skipped_by_nonpositive_upper=91
162,3,lp,upper,100,1,0.005799559,0.0057179927825927734,226,0,0,1,0,0,0,91,8,0,OPTIMAL=1,interval_proves_cutoff=91;upper_skipped_by_nonnegative_interval_lower=8
163,0,lp,lower,9,9,0.029208945,0.02870917320251465,1035,0,0,9,0,0,0,0,0,0,OPTIMAL=9,
163,0,lp,upper,9,9,0.030162223,0.029627561569213867,1034,0,0,9,0,0,0,0,0,0,OPTIMAL=9,
163,1,interval_arithmetic,lower,3136,0,0.0,0.0,0,0,0,0,0,941,0,0,0,2195,,interval_arithmetic=941;lower_skipped_by_nonpositive_upper=2195
163,1,interval_arithmetic,upper,3136,0,0.0,0.0,0,0,0,0,0,3136,0,0,0,0,,interval_arithmetic=3136
163,2,lp,lower,1568,75,0.07176766500000002,0.06910371780395508,807,0,0,75,0,0,0,702,0,791,OPTIMAL=75,interval_proves_cutoff=702;lower_skipped_by_nonpositive_upper=791
163,2,lp,upper,1568,81,0.083757601,0.07590723037719727,998,0,0,81,0,0,0,785,702,0,OPTIMAL=81,interval_proves_cutoff=785;upper_skipped_by_nonnegative_interval_lower=702
163,3,lp,lower,100,0,0.0,0.0,0,0,0,0,0,0,0,8,0,92,,interval_proves_cutoff=8;lower_skipped_by_nonpositive_upper=92
163,3,lp,upper,100,1,0.00367278,0.003596782684326172,163,0,0,1,0,0,0,91,8,0,OPTIMAL=1,interval_proves_cutoff=91;upper_skipped_by_nonnegative_interval_lower=8
164,0,lp,lower,9,9,0.033725952999999996,0.03321194648742676,991,0,0,9,0,0,0,0,0,0,OPTIMAL=9,
164,0,lp,upper,9,9,0.031224664,0.03070855140686035,928,0,0,9,0,0,0,0,0,0,OPTIMAL=9,
164,1,interval_arithmetic,lower,3136,0,0.0,0.0,0,0,0,0,0,913,0,0,0,2223,,interval_arithmetic=913;lower_skipped_by_nonpositive_upper=2223
164,1,interval_arithmetic,upper,3136,0,0.0,0.0,0,0,0,0,0,3136,0,0,0,0,,interval_arithmetic=3136
164,2,lp,lower,1568,70,0.05876867499999999,0.05648922920227051,546,0,0,70,0,0,0,681,0,817,OPTIMAL=70,interval_proves_cutoff=681;lower_skipped_by_nonpositive_upper=817
164,2,lp,upper,1568,71,0.06494334900000001,0.05809640884399414,652,0,0,71,0,0,0,816,681,0,OPTIMAL=71,interval_proves_cutoff=816;upper_skipped_by_nonnegative_interval_lower=681
164,3,lp,lower,100,1,0.003671668,0.003612041473388672,179,0,0,1,0,0,0,8,0,91,OPTIMAL=1,interval_proves_cutoff=8;lower_skipped_by_nonpositive_upper=91
164,3,lp,upper,100,1,0.003176178,0.0031075477600097656,165,0,0,1,0,0,0,91,8,0,OPTIMAL=1,interval_proves_cutoff=91;upper_skipped_by_nonnegative_interval_lower=8
165,0,lp,lower,9,9,0.076976373,0.07636451721191406,1782,0,0,9,0,0,0,0,0,0,OPTIMAL=9,
165,0,lp,upper,9,9,0.065598352,0.06498479843139648,1664,0,0,9,0,0,0,0,0,0,OPTIMAL=9,
165,1,interval_arithmetic,lower,3136,0,0.0,0.0,0,0,0,0,0,908,0,0,0,2228,,interval_arithmetic=908;lower_skipped_by_nonpositive_upper=2228
165,1,interval_arithmetic,upper,3136,0,0.0,0.0,0,0,0,0,0,3136,0,0,0,0,,interval_arithmetic=3136
165,2,lp,lower,1568,115,0.11135687199999998,0.10736703872680664,1938,0,0,115,0,0,0,646,0,807,OPTIMAL=115,interval_proves_cutoff=646;lower_skipped_by_nonpositive_upper=807
165,2,lp,upper,1568,127,0.126814033,0.11777424812316895,2243,0,0,127,0,0,0,795,646,0,OPTIMAL=127,interval_proves_cutoff=795;upper_skipped_by_nonnegative_interval_lower=646
165,3,lp,lower,100,2,0.011720234,0.011571884155273438,322,0,0,2,0,0,0,7,0,91,OPTIMAL=2,interval_proves_cutoff=7;lower_skipped_by_nonpositive_upper=91
165,3,lp,upper,100,2,0.013418478000000001,0.013265848159790039,409,0,0,2,0,0,0,91,7,0,OPTIMAL=2,interval_proves_cutoff=91;upper_skipped_by_nonnegative_interval_lower=7
166,0,lp,lower,9,9,0.05627982200000001,0.05569601058959961,1421,0,0,9,0,0,0,0,0,0,OPTIMAL=9,
166,0,lp,upper,9,9,0.051173053,0.05057811737060547,1364,0,0,9,0,0,0,0,0,0,OPTIMAL=9,
166,1,interval_arithmetic,lower,3136,0,0.0,0.0,0,0,0,0,0,939,0,0,0,2197,,interval_arithmetic=939;lower_skipped_by_nonpositive_upper=2197
166,1,interval_arithmetic,upper,3136,0,0.0,0.0,0,0,0,0,0,3136,0,0,0,0,,interval_arithmetic=3136
166,2,lp,lower,1568,87,0.07543077300000002,0.07251572608947754,1008,0,0,87,0,0,0,687,0,794,OPTIMAL=87,interval_proves_cutoff=687;lower_skipped_by_nonpositive_upper=794
166,2,lp,upper,1568,89,0.08829025300000003,0.08054900169372559,1161,0,0,89,0,0,0,792,687,0,OPTIMAL=89,interval_proves_cutoff=792;upper_skipped_by_nonnegative_interval_lower=687
166,3,lp,lower,100,1,0.005389651,0.0053255558013916016,252,0,0,1,0,0,0,8,0,91,OPTIMAL=1,interval_proves_cutoff=8;lower_skipped_by_nonpositive_upper=91
166,3,lp,upper,100,1,0.003919476,0.003847360610961914,209,0,0,1,0,0,0,91,8,0,OPTIMAL=1,interval_proves_cutoff=91;upper_skipped_by_nonnegative_interval_lower=8
167,0,lp,lower,9,9,0.043464159999999995,0.042868614196777344,1270,0,0,9,0,0,0,0,0,0,OPTIMAL=9,
167,0,lp,upper,9,9,0.053478269,0.05285215377807617,1533,0,0,9,0,0,0,0,0,0,OPTIMAL=9,
167,1,interval_arithmetic,lower,3136,0,0.0,0.0,0,0,0,0,0,917,0,0,0,2219,,interval_arithmetic=917;lower_skipped_by_nonpositive_upper=2219
167,1,interval_arithmetic,upper,3136,0,0.0,0.0,0,0,0,0,0,3136,0,0,0,0,,interval_arithmetic=3136
167,2,lp,lower,1568,106,0.10773562099999999,0.10399484634399414,2097,0,0,106,0,0,0,643,0,819,OPTIMAL=106,interval_proves_cutoff=643;lower_skipped_by_nonpositive_upper=819
167,2,lp,upper,1568,114,0.2671572790000001,0.11357355117797852,2240,0,0,114,0,0,0,811,643,0,OPTIMAL=114,interval_proves_cutoff=811;upper_skipped_by_nonnegative_interval_lower=643
167,3,lp,lower,100,0,0.0,0.0,0,0,0,0,0,0,0,9,0,91,,interval_proves_cutoff=9;lower_skipped_by_nonpositive_upper=91
167,3,lp,upper,100,0,0.0,0.0,0,0,0,0,0,0,0,91,9,0,,interval_proves_cutoff=91;upper_skipped_by_nonnegative_interval_lower=9
168,0,lp,lower,9,9,0.038692576000000006,0.03816056251525879,1202,0,0,9,0,0,0,0,0,0,OPTIMAL=9,
168,0,lp,upper,9,9,0.040152885,0.03959918022155762,1222,0,0,9,0,0,0,0,0,0,OPTIMAL=9,
168,1,interval_arithmetic,lower,3136,0,0.0,0.0,0,0,0,0,0,894,0,0,0,2242,,interval_arithmetic=894;lower_skipped_by_nonpositive_upper=2242
168,1,interval_arithmetic,upper,3136,0,0.0,0.0,0,0,0,0,0,3136,0,0,0,0,,interval_arithmetic=3136
168,2,lp,lower,1568,91,0.07733264799999999,0.07444000244140625,1183,0,0,91,0,0,0,647,0,830,OPTIMAL=91,interval_proves_cutoff=647;lower_skipped_by_nonpositive_upper=830
168,2,lp,upper,1568,101,0.09407501600000007,0.08596301078796387,1459,0,0,101,0,0,0,820,647,0,OPTIMAL=101,interval_proves_cutoff=820;upper_skipped_by_nonnegative_interval_lower=647
168,3,lp,lower,100,1,0.006802183,0.006721973419189453,242,0,0,1,0,0,0,8,0,91,OPTIMAL=1,interval_proves_cutoff=8;lower_skipped_by_nonpositive_upper=91
168,3,lp,upper,100,1,0.004406964,0.004332304000854492,178,0,0,1,0,0,0,91,8,0,OPTIMAL=1,interval_proves_cutoff=91;upper_skipped_by_nonnegative_interval_lower=8
169,0,lp,lower,9,9,0.030239748999999996,0.0297391414642334,928,0,0,9,0,0,0,0,0,0,OPTIMAL=9,
169,0,lp,upper,9,9,0.030908067000000004,0.03037405014038086,877,0,0,9,0,0,0,0,0,0,OPTIMAL=9,
169,1,interval_arithmetic,lower,3136,0,0.0,0.0,0,0,0,0,0,858,0,0,0,2278,,interval_arithmetic=858;lower_skipped_by_nonpositive_upper=2278
169,1,interval_arithmetic,upper,3136,0,0.0,0.0,0,0,0,0,0,3136,0,0,0,0,,interval_arithmetic=3136
169,2,lp,lower,1568,70,0.053648160000000014,0.051511526107788086,665,0,0,70,0,0,0,638,0,860,OPTIMAL=70,interval_proves_cutoff=638;lower_skipped_by_nonpositive_upper=860
169,2,lp,upper,1568,76,0.06226851500000001,0.055501461029052734,677,0,0,76,0,0,0,854,638,0,OPTIMAL=76,interval_proves_cutoff=854;upper_skipped_by_nonnegative_interval_lower=638
169,3,lp,lower,100,1,0.003921583,0.003854990005493164,173,0,0,1,0,0,0,8,0,91,OPTIMAL=1,interval_proves_cutoff=8;lower_skipped_by_nonpositive_upper=91
169,3,lp,upper,100,1,0.003241803,0.0031719207763671875,146,0,0,1,0,0,0,91,8,0,OPTIMAL=1,interval_proves_cutoff=91;upper_skipped_by_nonnegative_interval_lower=8
170,0,lp,lower,9,9,0.029945845000000002,0.02941417694091797,864,0,0,9,0,0,0,0,0,0,OPTIMAL=9,
170,0,lp,upper,9,9,0.029753417999999997,0.0292356014251709,906,0,0,9,0,0,0,0,0,0,OPTIMAL=9,
170,1,interval_arithmetic,lower,3136,0,0.0,0.0,0,0,0,0,0,889,0,0,0,2247,,interval_arithmetic=889;lower_skipped_by_nonpositive_upper=2247
170,1,interval_arithmetic,upper,3136,0,0.0,0.0,0,0,0,0,0,3136,0,0,0,0,,interval_arithmetic=3136
170,2,lp,lower,1568,76,0.06111569300000002,0.058829307556152344,837,0,0,76,0,0,0,659,0,833,OPTIMAL=76,interval_proves_cutoff=659;lower_skipped_by_nonpositive_upper=833
170,2,lp,upper,1568,88,0.07904493100000003,0.07161951065063477,1169,0,0,88,0,0,0,821,659,0,OPTIMAL=88,interval_proves_cutoff=821;upper_skipped_by_nonnegative_interval_lower=659
170,3,lp,lower,100,1,0.005156487,0.0050847530364990234,177,0,0,1,0,0,0,8,0,91,OPTIMAL=1,interval_proves_cutoff=8;lower_skipped_by_nonpositive_upper=91
170,3,lp,upper,100,1,0.005183991,0.005068063735961914,181,0,0,1,0,0,0,91,8,0,OPTIMAL=1,interval_proves_cutoff=91;upper_skipped_by_nonnegative_interval_lower=8
171,0,lp,lower,9,9,0.023961526999999996,0.023485660552978516,773,0,0,9,0,0,0,0,0,0,OPTIMAL=9,
171,0,lp,upper,9,9,0.026402334000000003,0.025881052017211914,834,0,0,9,0,0,0,0,0,0,OPTIMAL=9,
171,1,interval_arithmetic,lower,3136,0,0.0,0.0,0,0,0,0,0,881,0,0,0,2255,,interval_arithmetic=881;lower_skipped_by_nonpositive_upper=2255
171,1,interval_arithmetic,upper,3136,0,0.0,0.0,0,0,0,0,0,3136,0,0,0,0,,interval_arithmetic=3136
171,2,lp,lower,1568,65,0.053120244,0.051081180572509766,628,0,0,65,0,0,0,658,0,845,OPTIMAL=65,interval_proves_cutoff=658;lower_skipped_by_nonpositive_upper=845
171,2,lp,upper,1568,67,0.061015708999999994,0.053869009017944336,721,0,0,67,0,0,0,843,658,0,OPTIMAL=67,interval_proves_cutoff=843;upper_skipped_by_nonnegative_interval_lower=658
171,3,lp,lower,100,0,0.0,0.0,0,0,0,0,0,0,0,9,0,91,,interval_proves_cutoff=9;lower_skipped_by_nonpositive_upper=91
171,3,lp,upper,100,0,0.0,0.0,0,0,0,0,0,0,0,91,9,0,,interval_proves_cutoff=91;upper_skipped_by_nonnegative_interval_lower=9
172,0,lp,lower,9,9,0.028176901999999997,0.027681827545166016,1005,0,0,9,0,0,0,0,0,0,OPTIMAL=9,
172,0,lp,upper,9,9,0.028342496999999998,0.027846813201904297,986,0,0,9,0,0,0,0,0,0,OPTIMAL=9,
172,1,interval_arithmetic,lower,3136,0,0.0,0.0,0,0,0,0,0,936,0,0,0,2200,,interval_arithmetic=936;lower_skipped_by_nonpositive_upper=2200
172,1,interval_arithmetic,upper,3136,0,0.0,0.0,0,0,0,0,0,3136,0,0,0,0,,interval_arithmetic=3136
172,2,lp,lower,1568,72,0.062573306,0.06020855903625488,911,0,0,72,0,0,0,646,0,850,OPTIMAL=72,interval_proves_cutoff=646;lower_skipped_by_nonpositive_upper=850
172,2,lp,upper,1568,76,0.07451822700000002,0.06732726097106934,984,0,0,76,0,0,0,846,646,0,OPTIMAL=76,interval_proves_cutoff=846;upper_skipped_by_nonnegative_interval_lower=646
172,3,lp,lower,100,1,0.003708851,0.003648996353149414,213,0,0,1,0,0,0,8,0,91,OPTIMAL=1,interval_proves_cutoff=8;lower_skipped_by_nonpositive_upper=91
172,3,lp,upper,100,1,0.003308763,0.0032355785369873047,164,0,0,1,0,0,0,91,8,0,OPTIMAL=1,interval_proves_cutoff=91;upper_skipped_by_nonnegative_interval_lower=8
173,0,lp,lower,9,9,0.050725847,0.050153493881225586,1598,0,0,9,0,0,0,0,0,0,OPTIMAL=9,
173,0,lp,upper,9,9,0.048741718999999996,0.04814457893371582,1586,0,0,9,0,0,0,0,0,0,OPTIMAL=9,
173,1,interval_arithmetic,lower,3136,0,0.0,0.0,0,0,0,0,0,954,0,0,0,2182,,interval_arithmetic=954;lower_skipped_by_nonpositive_upper=2182
173,1,interval_arithmetic,upper,3136,0,0.0,0.0,0,0,0,0,0,3136,0,0,0,0,,interval_arithmetic=3136
173,2,lp,lower,1568,90,0.09026952199999998,0.08702540397644043,1543,0,0,90,0,0,0,699,0,779,OPTIMAL=90,interval_proves_cutoff=699;lower_skipped_by_nonpositive_upper=779
173,2,lp,upper,1568,97,0.10843277400000002,0.09996676445007324,1928,0,0,97,0,0,0,772,699,0,OPTIMAL=97,interval_proves_cutoff=772;upper_skipped_by_nonnegative_interval_lower=699
173,3,lp,lower,100,1,0.0057996,0.005730390548706055,295,0,0,1,0,0,0,8,0,91,OPTIMAL=1,interval_proves_cutoff=8;lower_skipped_by_nonpositive_upper=91
173,3,lp,upper,100,1,0.006547066,0.006455659866333008,246,0,0,1,0,0,0,91,8,0,OPTIMAL=1,interval_proves_cutoff=91;upper_skipped_by_nonnegative_interval_lower=8
174,0,lp,lower,9,9,0.12092455399999999,0.12021064758300781,2314,0,0,9,0,0,0,0,0,0,OPTIMAL=9,
174,0,lp,upper,9,9,0.137268162,0.13652777671813965,2349,0,0,9,0,0,0,0,0,0,OPTIMAL=9,
174,1,interval_arithmetic,lower,3136,0,0.0,0.0,0,0,0,0,0,925,0,0,0,2211,,interval_arithmetic=925;lower_skipped_by_nonpositive_upper=2211
174,1,interval_arithmetic,upper,3136,0,0.0,0.0,0,0,0,0,0,3136,0,0,0,0,,interval_arithmetic=3136
174,2,lp,lower,1568,139,0.14548992700000005,0.1403825283050537,2651,0,0,139,0,0,0,659,0,770,OPTIMAL=139,interval_proves_cutoff=659;lower_skipped_by_nonpositive_upper=770
174,2,lp,upper,1568,149,0.1644412290000001,0.15354609489440918,3059,0,0,149,0,0,0,760,659,0,OPTIMAL=149,interval_proves_cutoff=760;upper_skipped_by_nonnegative_interval_lower=659
174,3,lp,lower,100,1,0.012478821,0.012396812438964844,366,0,0,1,0,0,0,8,0,91,OPTIMAL=1,interval_proves_cutoff=8;lower_skipped_by_nonpositive_upper=91
174,3,lp,upper,100,1,0.009544615,0.009448528289794922,322,0,0,1,0,0,0,91,8,0,OPTIMAL=1,interval_proves_cutoff=91;upper_skipped_by_nonnegative_interval_lower=8
175,0,lp,lower,9,9,0.028883609,0.02839064598083496,1043,0,0,9,0,0,0,0,0,0,OPTIMAL=9,
175,0,lp,upper,9,9,0.040337014000000004,0.03288578987121582,1147,0,0,9,0,0,0,0,0,0,OPTIMAL=9,
175,1,interval_arithmetic,lower,3136,0,0.0,0.0,0,0,0,0,0,908,0,0,0,2228,,interval_arithmetic=908;lower_skipped_by_nonpositive_upper=2228
175,1,interval_arithmetic,upper,3136,0,0.0,0.0,0,0,0,0,0,3136,0,0,0,0,,interval_arithmetic=3136
175,2,lp,lower,1568,70,0.063510694,0.06120705604553223,1090,0,0,70,0,0,0,671,0,827,OPTIMAL=70,interval_proves_cutoff=671;lower_skipped_by_nonpositive_upper=827
175,2,lp,upper,1568,76,0.07616557199999999,0.06839370727539062,1072,0,0,76,0,0,0,821,671,0,OPTIMAL=76,interval_proves_cutoff=821;upper_skipped_by_nonnegative_interval_lower=671
175,3,lp,lower,100,0,0.0,0.0,0,0,0,0,0,0,0,9,0,91,,interval_proves_cutoff=9;lower_skipped_by_nonpositive_upper=91
175,3,lp,upper,100,0,0.0,0.0,0,0,0,0,0,0,0,91,9,0,,interval_proves_cutoff=91;upper_skipped_by_nonnegative_interval_lower=9
176,0,lp,lower,9,9,0.036786491,0.036254167556762695,1020,0,0,9,0,0,0,0,0,0,OPTIMAL=9,
176,0,lp,upper,9,9,0.041040841,0.04042935371398926,1050,0,0,9,0,0,0,0,0,0,OPTIMAL=9,
176,1,interval_arithmetic,lower,3136,0,0.0,0.0,0,0,0,0,0,839,0,0,0,2297,,interval_arithmetic=839;lower_skipped_by_nonpositive_upper=2297
176,1,interval_arithmetic,upper,3136,0,0.0,0.0,0,0,0,0,0,3136,0,0,0,0,,interval_arithmetic=3136
176,2,lp,lower,1568,87,0.07231412799999999,0.06955242156982422,1165,0,0,87,0,0,0,618,0,863,OPTIMAL=87,interval_proves_cutoff=618;lower_skipped_by_nonpositive_upper=863
176,2,lp,upper,1568,88,0.07676221000000003,0.06960701942443848,1172,0,0,88,0,0,0,862,618,0,OPTIMAL=88,interval_proves_cutoff=862;upper_skipped_by_nonnegative_interval_lower=618
176,3,lp,lower,100,1,0.005105452,0.005041599273681641,203,0,0,1,0,0,0,8,0,91,OPTIMAL=1,interval_proves_cutoff=8;lower_skipped_by_nonpositive_upper=91
176,3,lp,upper,100,1,0.004169565,0.004097938537597656,174,0,0,1,0,0,0,91,8,0,OPTIMAL=1,interval_proves_cutoff=91;upper_skipped_by_nonnegative_interval_lower=8
177,0,lp,lower,9,9,0.038830975000000004,0.03822779655456543,1059,0,0,9,0,0,0,0,0,0,OPTIMAL=9,
177,0,lp,upper,9,9,0.041362620999999995,0.040776729583740234,1086,0,0,9,0,0,0,0,0,0,OPTIMAL=9,
177,1,interval_arithmetic,lower,3136,0,0.0,0.0,0,0,0,0,0,835,0,0,0,2301,,interval_arithmetic=835;lower_skipped_by_nonpositive_upper=2301
177,1,interval_arithmetic,upper,3136,0,0.0,0.0,0,0,0,0,0,3136,0,0,0,0,,interval_arithmetic=3136
177,2,lp,lower,1568,102,0.07532345300000003,0.0724031925201416,763,0,0,102,0,0,0,611,0,855,OPTIMAL=102,interval_proves_cutoff=611;lower_skipped_by_nonpositive_upper=855
177,2,lp,upper,1568,106,0.08496041100000003,0.07715559005737305,956,0,0,106,0,0,0,851,611,0,OPTIMAL=106,interval_proves_cutoff=851;upper_skipped_by_nonnegative_interval_lower=611
177,3,lp,lower,100,1,0.007153286,0.007085323333740234,226,0,0,1,0,0,0,8,0,91,OPTIMAL=1,interval_proves_cutoff=8;lower_skipped_by_nonpositive_upper=91
177,3,lp,upper,100,1,0.007000605,0.006918907165527344,227,0,0,1,0,0,0,91,8,0,OPTIMAL=1,interval_proves_cutoff=91;upper_skipped_by_nonnegative_interval_lower=8
178,0,lp,lower,9,9,0.048644434,0.0480647087097168,1346,0,0,9,0,0,0,0,0,0,OPTIMAL=9,
178,0,lp,upper,9,9,0.056192001000000005,0.05554962158203125,1566,0,0,9,0,0,0,0,0,0,OPTIMAL=9,
178,1,interval_arithmetic,lower,3136,0,0.0,0.0,0,0,0,0,0,920,0,0,0,2216,,interval_arithmetic=920;lower_skipped_by_nonpositive_upper=2216
178,1,interval_arithmetic,upper,3136,0,0.0,0.0,0,0,0,0,0,3136,0,0,0,0,,interval_arithmetic=3136
178,2,lp,lower,1568,100,0.08793703100000003,0.0847177505493164,1650,0,0,100,0,0,0,660,0,808,OPTIMAL=100,interval_proves_cutoff=660;lower_skipped_by_nonpositive_upper=808
178,2,lp,upper,1568,103,0.10052592599999996,0.09220623970031738,1829,0,0,103,0,0,0,805,660,0,OPTIMAL=103,interval_proves_cutoff=805;upper_skipped_by_nonnegative_interval_lower=660
178,3,lp,lower,100,0,0.0,0.0,0,0,0,0,0,0,0,9,0,91,,interval_proves_cutoff=9;lower_skipped_by_nonpositive_upper=91
178,3,lp,upper,100,0,0.0,0.0,0,0,0,0,0,0,0,91,9,0,,interval_proves_cutoff=91;upper_skipped_by_nonnegative_interval_lower=9
179,0,lp,lower,9,9,0.02945048,0.028985261917114258,918,0,0,9,0,0,0,0,0,0,OPTIMAL=9,
179,0,lp,upper,9,9,0.028847546999999998,0.028367280960083008,920,0,0,9,0,0,0,0,0,0,OPTIMAL=9,
179,1,interval_arithmetic,lower,3136,0,0.0,0.0,0,0,0,0,0,856,0,0,0,2280,,interval_arithmetic=856;lower_skipped_by_nonpositive_upper=2280
179,1,interval_arithmetic,upper,3136,0,0.0,0.0,0,0,0,0,0,3136,0,0,0,0,,interval_arithmetic=3136
179,2,lp,lower,1568,62,0.05393604500000002,0.051976680755615234,957,0,0,62,0,0,0,634,0,872,OPTIMAL=62,interval_proves_cutoff=634;lower_skipped_by_nonpositive_upper=872
179,2,lp,upper,1568,65,0.062829628,0.05583000183105469,1182,0,0,65,0,0,0,869,634,0,OPTIMAL=65,interval_proves_cutoff=869;upper_skipped_by_nonnegative_interval_lower=634
179,3,lp,lower,100,0,0.0,0.0,0,0,0,0,0,0,0,8,0,92,,interval_proves_cutoff=8;lower_skipped_by_nonpositive_upper=92
179,3,lp,upper,100,1,0.00356907,0.0035049915313720703,144,0,0,1,0,0,0,91,8,0,OPTIMAL=1,interval_proves_cutoff=91;upper_skipped_by_nonnegative_interval_lower=8
180,0,lp,lower,9,9,0.034476287,0.03394460678100586,1180,0,0,9,0,0,0,0,0,0,OPTIMAL=9,
180,0,lp,upper,9,9,0.034901272,0.034343719482421875,1256,0,0,9,0,0,0,0,0,0,OPTIMAL=9,
180,1,interval_arithmetic,lower,3136,0,0.0,0.0,0,0,0,0,0,953,0,0,0,2183,,interval_arithmetic=953;lower_skipped_by_nonpositive_upper=2183
180,1,interval_arithmetic,upper,3136,0,0.0,0.0,0,0,0,0,0,3136,0,0,0,0,,interval_arithmetic=3136
180,2,lp,lower,1568,84,0.08311255399999999,0.08018374443054199,1388,0,0,84,0,0,0,683,0,801,OPTIMAL=84,interval_proves_cutoff=683;lower_skipped_by_nonpositive_upper=801
180,2,lp,upper,1568,88,0.09579240199999998,0.0879669189453125,1629,0,0,88,0,0,0,797,683,0,OPTIMAL=88,interval_proves_cutoff=797;upper_skipped_by_nonnegative_interval_lower=683
180,3,lp,lower,100,0,0.0,0.0,0,0,0,0,0,0,0,9,0,91,,interval_proves_cutoff=9;lower_skipped_by_nonpositive_upper=91
180,3,lp,upper,100,0,0.0,0.0,0,0,0,0,0,0,0,91,9,0,,interval_proves_cutoff=91;upper_skipped_by_nonnegative_interval_lower=9
181,0,lp,lower,9,9,0.021895141,0.0214383602142334,643,0,0,9,0,0,0,0,0,0,OPTIMAL=9,
181,0,lp,upper,9,9,0.02021125,0.019754648208618164,637,0,0,9,0,0,0,0,0,0,OPTIMAL=9,
181,1,interval_arithmetic,lower,3136,0,0.0,0.0,0,0,0,0,0,847,0,0,0,2289,,interval_arithmetic=847;lower_skipped_by_nonpositive_upper=2289
181,1,interval_arithmetic,upper,3136,0,0.0,0.0,0,0,0,0,0,3136,0,0,0,0,,interval_arithmetic=3136
181,2,lp,lower,1568,57,0.043455176999999984,0.04176688194274902,365,0,0,57,0,0,0,640,0,871,OPTIMAL=57,interval_proves_cutoff=640;lower_skipped_by_nonpositive_upper=871
181,2,lp,upper,1568,59,0.048703892999999984,0.04271101951599121,398,0,0,59,0,0,0,869,640,0,OPTIMAL=59,interval_proves_cutoff=869;upper_skipped_by_nonnegative_interval_lower=640
181,3,lp,lower,100,1,0.002544106,0.002489328384399414,129,0,0,1,0,0,0,8,0,91,OPTIMAL=1,interval_proves_cutoff=8;lower_skipped_by_nonpositive_upper=91
181,3,lp,upper,100,1,0.002320561,0.002258777618408203,116,0,0,1,0,0,0,91,8,0,OPTIMAL=1,interval_proves_cutoff=91;upper_skipped_by_nonnegative_interval_lower=8
182,0,lp,lower,9,9,0.05391665700000001,0.053337812423706055,1340,0,0,9,0,0,0,0,0,0,OPTIMAL=9,
182,0,lp,upper,9,9,0.045401601,0.044803619384765625,1131,0,0,9,0,0,0,0,0,0,OPTIMAL=9,
182,1,interval_arithmetic,lower,3136,0,0.0,0.0,0,0,0,0,0,934,0,0,0,2202,,interval_arithmetic=934;lower_skipped_by_nonpositive_upper=2202
182,1,interval_arithmetic,upper,3136,0,0.0,0.0,0,0,0,0,0,3136,0,0,0,0,,interval_arithmetic=3136
182,2,lp,lower,1568,93,0.084169453,0.08091378211975098,1424,0,0,93,0,0,0,672,0,803,OPTIMAL=93,interval_proves_cutoff=672;lower_skipped_by_nonpositive_upper=803
182,2,lp,upper,1568,105,0.10181889499999998,0.09356474876403809,1747,0,0,105,0,0,0,791,672,0,OPTIMAL=105,interval_proves_cutoff=791;upper_skipped_by_nonnegative_interval_lower=672
182,3,lp,lower,100,1,0.005857793,0.005790233612060547,239,0,0,1,0,0,0,8,0,91,OPTIMAL=1,interval_proves_cutoff=8;lower_skipped_by_nonpositive_upper=91
182,3,lp,upper,100,1,0.005272083,0.005196809768676758,195,0,0,1,0,0,0,91,8,0,OPTIMAL=1,interval_proves_cutoff=91;upper_skipped_by_nonnegative_interval_lower=8
183,0,lp,lower,9,9,0.031688191,0.031172513961791992,1030,0,0,9,0,0,0,0,0,0,OPTIMAL=9,
183,0,lp,upper,9,9,0.032891117,0.032375335693359375,1113,0,0,9,0,0,0,0,0,0,OPTIMAL=9,
183,1,interval_arithmetic,lower,3136,0,0.0,0.0,0,0,0,0,0,881,0,0,0,2255,,interval_arithmetic=881;lower_skipped_by_nonpositive_upper=2255
183,1,interval_arithmetic,upper,3136,0,0.0,0.0,0,0,0,0,0,3136,0,0,0,0,,interval_arithmetic=3136
183,2,lp,lower,1568,77,0.064444335,0.06194734573364258,1039,0,0,77,0,0,0,652,0,839,OPTIMAL=77,interval_proves_cutoff=652;lower_skipped_by_nonpositive_upper=839
183,2,lp,upper,1568,78,0.074607369,0.06754326820373535,1195,0,0,78,0,0,0,838,652,0,OPTIMAL=78,interval_proves_cutoff=838;upper_skipped_by_nonnegative_interval_lower=652
183,3,lp,lower,100,0,0.0,0.0,0,0,0,0,0,0,0,9,0,91,,interval_proves_cutoff=9;lower_skipped_by_nonpositive_upper=91
183,3,lp,upper,100,0,0.0,0.0,0,0,0,0,0,0,0,91,9,0,,interval_proves_cutoff=91;upper_skipped_by_nonnegative_interval_lower=9
184,0,lp,lower,9,9,0.027661728,0.027164220809936523,996,0,0,9,0,0,0,0,0,0,OPTIMAL=9,
184,0,lp,upper,9,9,0.028582715999999998,0.028038978576660156,1023,0,0,9,0,0,0,0,0,0,OPTIMAL=9,
184,1,interval_arithmetic,lower,3136,0,0.0,0.0,0,0,0,0,0,948,0,0,0,2188,,interval_arithmetic=948;lower_skipped_by_nonpositive_upper=2188
184,1,interval_arithmetic,upper,3136,0,0.0,0.0,0,0,0,0,0,3136,0,0,0,0,,interval_arithmetic=3136
184,2,lp,lower,1568,74,0.06112175,0.05874347686767578,482,0,0,74,0,0,0,716,0,778,OPTIMAL=74,interval_proves_cutoff=716;lower_skipped_by_nonpositive_upper=778
184,2,lp,upper,1568,77,0.07098082700000002,0.0632314682006836,579,0,0,77,0,0,0,775,716,0,OPTIMAL=77,interval_proves_cutoff=775;upper_skipped_by_nonnegative_interval_lower=716
184,3,lp,lower,100,0,0.0,0.0,0,0,0,0,0,0,0,8,0,92,,interval_proves_cutoff=8;lower_skipped_by_nonpositive_upper=92
184,3,lp,upper,100,0,0.0,0.0,0,0,0,0,0,0,0,92,8,0,,interval_proves_cutoff=92;upper_skipped_by_nonnegative_interval_lower=8
185,0,lp,lower,9,9,0.07557675199999998,0.074951171875,1680,0,0,9,0,0,0,0,0,0,OPTIMAL=9,
185,0,lp,upper,9,9,0.080008565,0.07935190200805664,1803,0,0,9,0,0,0,0,0,0,OPTIMAL=9,
185,1,interval_arithmetic,lower,3136,0,0.0,0.0,0,0,0,0,0,928,0,0,0,2208,,interval_arithmetic=928;lower_skipped_by_nonpositive_upper=2208
185,1,interval_arithmetic,upper,3136,0,0.0,0.0,0,0,0,0,0,3136,0,0,0,0,,interval_arithmetic=3136
185,2,lp,lower,1568,112,0.11182790699999999,0.10778689384460449,1928,0,0,112,0,0,0,670,0,786,OPTIMAL=112,interval_proves_cutoff=670;lower_skipped_by_nonpositive_upper=786
185,2,lp,upper,1568,120,0.12694406799999994,0.11765766143798828,2182,0,0,120,0,0,0,778,670,0,OPTIMAL=120,interval_proves_cutoff=778;upper_skipped_by_nonnegative_interval_lower=670
185,3,lp,lower,100,1,0.008436273,0.008362770080566406,318,0,0,1,0,0,0,8,0,91,OPTIMAL=1,interval_proves_cutoff=8;lower_skipped_by_nonpositive_upper=91
185,3,lp,upper,100,1,0.006839504,0.006752967834472656,249,0,0,1,0,0,0,91,8,0,OPTIMAL=1,interval_proves_cutoff=91;upper_skipped_by_nonnegative_interval_lower=8
186,0,lp,lower,9,9,0.0389472,0.038407087326049805,1227,0,0,9,0,0,0,0,0,0,OPTIMAL=9,
186,0,lp,upper,9,9,0.046114353,0.04556083679199219,1330,0,0,9,0,0,0,0,0,0,OPTIMAL=9,
186,1,interval_arithmetic,lower,3136,0,0.0,0.0,0,0,0,0,0,910,0,0,0,2226,,interval_arithmetic=910;lower_skipped_by_nonpositive_upper=2226
186,1,interval_arithmetic,upper,3136,0,0.0,0.0,0,0,0,0,0,3136,0,0,0,0,,interval_arithmetic=3136
186,2,lp,lower,1568,91,0.08530591999999998,0.08213281631469727,1649,0,0,91,0,0,0,641,0,836,OPTIMAL=91,interval_proves_cutoff=641;lower_skipped_by_nonpositive_upper=836
186,2,lp,upper,1568,106,0.10601867400000001,0.0975193977355957,1973,0,0,106,0,0,0,821,641,0,OPTIMAL=106,interval_proves_cutoff=821;upper_skipped_by_nonnegative_interval_lower=641
186,3,lp,lower,100,3,0.016903533000000002,0.016717910766601562,435,0,0,3,0,0,0,6,0,91,OPTIMAL=3,interval_proves_cutoff=6;lower_skipped_by_nonpositive_upper=91
186,3,lp,upper,100,3,0.013848968,0.013653039932250977,473,0,0,3,0,0,0,91,6,0,OPTIMAL=3,interval_proves_cutoff=91;upper_skipped_by_nonnegative_interval_lower=6
187,0,lp,lower,9,9,0.049069465,0.0484929084777832,1355,0,0,9,0,0,0,0,0,0,OPTIMAL=9,
187,0,lp,upper,9,9,0.05930300299999999,0.0587010383605957,1459,0,0,9,0,0,0,0,0,0,OPTIMAL=9,
187,1,interval_arithmetic,lower,3136,0,0.0,0.0,0,0,0,0,0,957,0,0,0,2179,,interval_arithmetic=957;lower_skipped_by_nonpositive_upper=2179
187,1,interval_arithmetic,upper,3136,0,0.0,0.0,0,0,0,0,0,3136,0,0,0,0,,interval_arithmetic=3136
187,2,lp,lower,1568,85,0.07554052399999998,0.07265782356262207,814,0,0,85,0,0,0,688,0,795,OPTIMAL=85,interval_proves_cutoff=688;lower_skipped_by_nonpositive_upper=795
187,2,lp,upper,1568,86,0.081201281,0.0735926628112793,917,0,0,86,0,0,0,794,688,0,OPTIMAL=86,interval_proves_cutoff=794;upper_skipped_by_nonnegative_interval_lower=688
187,3,lp,lower,100,2,0.0078101,0.007684230804443359,263,0,0,2,0,0,0,7,0,91,OPTIMAL=2,interval_proves_cutoff=7;lower_skipped_by_nonpositive_upper=91
187,3,lp,upper,100,2,0.007973615,0.007822036743164062,310,0,0,2,0,0,0,91,7,0,OPTIMAL=2,interval_proves_cutoff=91;upper_skipped_by_nonnegative_interval_lower=7
188,0,lp,lower,9,9,0.048665980000000005,0.04809761047363281,1449,0,0,9,0,0,0,0,0,0,OPTIMAL=9,
188,0,lp,upper,9,9,0.044107576,0.04352903366088867,1338,0,0,9,0,0,0,0,0,0,OPTIMAL=9,
188,1,interval_arithmetic,lower,3136,0,0.0,0.0,0,0,0,0,0,933,0,0,0,2203,,interval_arithmetic=933;lower_skipped_by_nonpositive_upper=2203
188,1,interval_arithmetic,upper,3136,0,0.0,0.0,0,0,0,0,0,3136,0,0,0,0,,interval_arithmetic=3136
188,2,lp,lower,1568,88,0.09029782100000001,0.08715462684631348,1326,0,0,88,0,0,0,692,0,788,OPTIMAL=88,interval_proves_cutoff=692;lower_skipped_by_nonpositive_upper=788
188,2,lp,upper,1568,100,0.10587999299999999,0.09717822074890137,1526,0,0,100,0,0,0,776,692,0,OPTIMAL=100,interval_proves_cutoff=776;upper_skipped_by_nonnegative_interval_lower=692
188,3,lp,lower,100,1,0.005231361,0.00516510009765625,259,0,0,1,0,0,0,8,0,91,OPTIMAL=1,interval_proves_cutoff=8;lower_skipped_by_nonpositive_upper=91
188,3,lp,upper,100,1,0.005189832,0.005112409591674805,224,0,0,1,0,0,0,91,8,0,OPTIMAL=1,interval_proves_cutoff=91;upper_skipped_by_nonnegative_interval_lower=8
189,0,lp,lower,9,9,0.044020818,0.043508291244506836,1386,0,0,9,0,0,0,0,0,0,OPTIMAL=9,
189,0,lp,upper,9,9,0.051182084,0.05063486099243164,1439,0,0,9,0,0,0,0,0,0,OPTIMAL=9,
189,1,interval_arithmetic,lower,3136,0,0.0,0.0,0,0,0,0,0,961,0,0,0,2175,,interval_arithmetic=961;lower_skipped_by_nonpositive_upper=2175
189,1,interval_arithmetic,upper,3136,0,0.0,0.0,0,0,0,0,0,3136,0,0,0,0,,interval_arithmetic=3136
189,2,lp,lower,1568,73,0.07219930100000002,0.06963944435119629,1143,0,0,73,0,0,0,695,0,800,OPTIMAL=73,interval_proves_cutoff=695;lower_skipped_by_nonpositive_upper=800
189,2,lp,upper,1568,81,0.08510136200000001,0.07742905616760254,1290,0,0,81,0,0,0,792,695,0,OPTIMAL=81,interval_proves_cutoff=792;upper_skipped_by_nonnegative_interval_lower=695
189,3,lp,lower,100,1,0.003835571,0.0037775039672851562,211,0,0,1,0,0,0,8,0,91,OPTIMAL=1,interval_proves_cutoff=8;lower_skipped_by_nonpositive_upper=91
189,3,lp,upper,100,1,0.003350278,0.0032815933227539062,165,0,0,1,0,0,0,91,8,0,OPTIMAL=1,interval_proves_cutoff=91;upper_skipped_by_nonnegative_interval_lower=8
190,0,lp,lower,9,9,0.031431608,0.03093266487121582,933,0,0,9,0,0,0,0,0,0,OPTIMAL=9,
190,0,lp,upper,9,9,0.040009027,0.039453744888305664,1113,0,0,9,0,0,0,0,0,0,OPTIMAL=9,
190,1,interval_arithmetic,lower,3136,0,0.0,0.0,0,0,0,0,0,841,0,0,0,2295,,interval_arithmetic=841;lower_skipped_by_nonpositive_upper=2295
190,1,interval_arithmetic,upper,3136,0,0.0,0.0,0,0,0,0,0,3136,0,0,0,0,,interval_arithmetic=3136
190,2,lp,lower,1568,69,0.056279707000000005,0.054232120513916016,892,0,0,69,0,0,0,628,0,871,OPTIMAL=69,interval_proves_cutoff=628;lower_skipped_by_nonpositive_upper=871
190,2,lp,upper,1568,70,0.065490803,0.05831003189086914,955,0,0,70,0,0,0,870,628,0,OPTIMAL=70,interval_proves_cutoff=870;upper_skipped_by_nonnegative_interval_lower=628
190,3,lp,lower,100,0,0.0,0.0,0,0,0,0,0,0,0,9,0,91,,interval_proves_cutoff=9;lower_skipped_by_nonpositive_upper=91
190,3,lp,upper,100,0,0.0,0.0,0,0,0,0,0,0,0,91,9,0,,interval_proves_cutoff=91;upper_skipped_by_nonnegative_interval_lower=9
191,0,lp,lower,9,9,0.024121003,0.02367568016052246,735,0,0,9,0,0,0,0,0,0,OPTIMAL=9,
191,0,lp,upper,9,9,0.023975983,0.0235140323638916,718,0,0,9,0,0,0,0,0,0,OPTIMAL=9,
191,1,interval_arithmetic,lower,3136,0,0.0,0.0,0,0,0,0,0,882,0,0,0,2254,,interval_arithmetic=882;lower_skipped_by_nonpositive_upper=2254
191,1,interval_arithmetic,upper,3136,0,0.0,0.0,0,0,0,0,0,3136,0,0,0,0,,interval_arithmetic=3136
191,2,lp,lower,1568,49,0.036446739,0.0350344181060791,440,0,0,49,0,0,0,648,0,871,OPTIMAL=49,interval_proves_cutoff=648;lower_skipped_by_nonpositive_upper=871
191,2,lp,upper,1568,54,0.04842466199999999,0.041953325271606445,653,0,0,54,0,0,0,866,648,0,OPTIMAL=54,interval_proves_cutoff=866;upper_skipped_by_nonnegative_interval_lower=648
191,3,lp,lower,100,2,0.004816674,0.004716634750366211,140,0,0,2,0,0,0,7,0,91,OPTIMAL=2,interval_proves_cutoff=7;lower_skipped_by_nonpositive_upper=91
191,3,lp,upper,100,2,0.005322709,0.005172014236450195,204,0,0,2,0,0,0,91,7,0,OPTIMAL=2,interval_proves_cutoff=91;upper_skipped_by_nonnegative_interval_lower=7
192,0,lp,lower,9,9,0.020764882999999998,0.020293474197387695,738,0,0,9,0,0,0,0,0,0,OPTIMAL=9,
192,0,lp,upper,9,9,0.022177628999999997,0.02163219451904297,823,0,0,9,0,0,0,0,0,0,OPTIMAL=9,
192,1,interval_arithmetic,lower,3136,0,0.0,0.0,0,0,0,0,0,847,0,0,0,2289,,interval_arithmetic=847;lower_skipped_by_nonpositive_upper=2289
192,1,interval_arithmetic,upper,3136,0,0.0,0.0,0,0,0,0,0,3136,0,0,0,0,,interval_arithmetic=3136
192,2,lp,lower,1568,64,0.046441445999999977,0.04453682899475098,409,0,0,64,0,0,0,623,0,881,OPTIMAL=64,interval_proves_cutoff=623;lower_skipped_by_nonpositive_upper=881
192,2,lp,upper,1568,65,0.05331140300000001,0.046666622161865234,487,0,0,65,0,0,0,880,623,0,OPTIMAL=65,interval_proves_cutoff=880;upper_skipped_by_nonnegative_interval_lower=623
192,3,lp,lower,100,0,0.0,0.0,0,0,0,0,0,0,0,9,0,91,,interval_proves_cutoff=9;lower_skipped_by_nonpositive_upper=91
192,3,lp,upper,100,0,0.0,0.0,0,0,0,0,0,0,0,91,9,0,,interval_proves_cutoff=91;upper_skipped_by_nonnegative_interval_lower=9
193,0,lp,lower,9,9,0.04127189099999999,0.04070115089416504,1383,0,0,9,0,0,0,0,0,0,OPTIMAL=9,
193,0,lp,upper,9,9,0.039637381,0.03905081748962402,1490,0,0,9,0,0,0,0,0,0,OPTIMAL=9,
193,1,interval_arithmetic,lower,3136,0,0.0,0.0,0,0,0,0,0,950,0,0,0,2186,,interval_arithmetic=950;lower_skipped_by_nonpositive_upper=2186
193,1,interval_arithmetic,upper,3136,0,0.0,0.0,0,0,0,0,0,3136,0,0,0,0,,interval_arithmetic=3136
193,2,lp,lower,1568,87,0.08331053,0.08017873764038086,1224,0,0,87,0,0,0,679,0,802,OPTIMAL=87,interval_proves_cutoff=679;lower_skipped_by_nonpositive_upper=802
193,2,lp,upper,1568,92,0.09991548700000003,0.09194445610046387,1498,0,0,92,0,0,0,797,679,0,OPTIMAL=92,interval_proves_cutoff=797;upper_skipped_by_nonnegative_interval_lower=679
193,3,lp,lower,100,0,0.0,0.0,0,0,0,0,0,0,0,9,0,91,,interval_proves_cutoff=9;lower_skipped_by_nonpositive_upper=91
193,3,lp,upper,100,0,0.0,0.0,0,0,0,0,0,0,0,91,9,0,,interval_proves_cutoff=91;upper_skipped_by_nonnegative_interval_lower=9
194,0,lp,lower,9,9,0.080037579,0.07937741279602051,1800,0,0,9,0,0,0,0,0,0,OPTIMAL=9,
194,0,lp,upper,9,9,0.078295583,0.07762956619262695,1772,0,0,9,0,0,0,0,0,0,OPTIMAL=9,
194,1,interval_arithmetic,lower,3136,0,0.0,0.0,0,0,0,0,0,907,0,0,0,2229,,interval_arithmetic=907;lower_skipped_by_nonpositive_upper=2229
194,1,interval_arithmetic,upper,3136,0,0.0,0.0,0,0,0,0,0,3136,0,0,0,0,,interval_arithmetic=3136
194,2,lp,lower,1568,121,0.11347182500000001,0.10937285423278809,2009,0,0,121,0,0,0,629,0,818,OPTIMAL=121,interval_proves_cutoff=629;lower_skipped_by_nonpositive_upper=818
194,2,lp,upper,1568,125,0.125771147,0.11688661575317383,2258,0,0,125,0,0,0,814,629,0,OPTIMAL=125,interval_proves_cutoff=814;upper_skipped_by_nonnegative_interval_lower=629
194,3,lp,lower,100,1,0.013558881,0.013483524322509766,369,0,0,1,0,0,0,8,0,91,OPTIMAL=1,interval_proves_cutoff=8;lower_skipped_by_nonpositive_upper=91
194,3,lp,upper,100,1,0.007861683,0.007779359817504883,271,0,0,1,0,0,0,91,8,0,OPTIMAL=1,interval_proves_cutoff=91;upper_skipped_by_nonnegative_interval_lower=8
195,0,lp,lower,9,9,0.100609267,0.09993791580200195,2041,0,0,9,0,0,0,0,0,0,OPTIMAL=9,
195,0,lp,upper,9,9,0.09277971700000001,0.09210848808288574,2038,0,0,9,0,0,0,0,0,0,OPTIMAL=9,
195,1,interval_arithmetic,lower,3136,0,0.0,0.0,0,0,0,0,0,949,0,0,0,2187,,interval_arithmetic=949;lower_skipped_by_nonpositive_upper=2187
195,1,interval_arithmetic,upper,3136,0,0.0,0.0,0,0,0,0,0,3136,0,0,0,0,,interval_arithmetic=3136
195,2,lp,lower,1568,114,0.11831904700000001,0.11409139633178711,1803,0,0,114,0,0,0,659,0,795,OPTIMAL=114,interval_proves_cutoff=659;lower_skipped_by_nonpositive_upper=795
195,2,lp,upper,1568,123,0.14240682600000001,0.12450146675109863,1978,0,0,123,0,0,0,786,659,0,OPTIMAL=123,interval_proves_cutoff=786;upper_skipped_by_nonnegative_interval_lower=659
195,3,lp,lower,100,1,0.008253999,0.008181333541870117,311,0,0,1,0,0,0,8,0,91,OPTIMAL=1,interval_proves_cutoff=8;lower_skipped_by_nonpositive_upper=91
195,3,lp,upper,100,1,0.006750465,0.0066716670989990234,247,0,0,1,0,0,0,91,8,0,OPTIMAL=1,interval_proves_cutoff=91;upper_skipped_by_nonnegative_interval_lower=8
196,0,lp,lower,9,9,0.052389094,0.05179715156555176,1467,0,0,9,0,0,0,0,0,0,OPTIMAL=9,
196,0,lp,upper,9,9,0.048944987,0.04833483695983887,1515,0,0,9,0,0,0,0,0,0,OPTIMAL=9,
196,1,interval_arithmetic,lower,3136,0,0.0,0.0,0,0,0,0,0,865,0,0,0,2271,,interval_arithmetic=865;lower_skipped_by_nonpositive_upper=2271
196,1,interval_arithmetic,upper,3136,0,0.0,0.0,0,0,0,0,0,3136,0,0,0,0,,interval_arithmetic=3136
196,2,lp,lower,1568,89,0.08249525999999996,0.07931709289550781,1626,0,0,89,0,0,0,623,0,856,OPTIMAL=89,interval_proves_cutoff=623;lower_skipped_by_nonpositive_upper=856
196,2,lp,upper,1568,97,0.09601734499999999,0.0875401496887207,1834,0,0,97,0,0,0,848,623,0,OPTIMAL=97,interval_proves_cutoff=848;upper_skipped_by_nonnegative_interval_lower=623
196,3,lp,lower,100,0,0.0,0.0,0,0,0,0,0,0,0,9,0,91,,interval_proves_cutoff=9;lower_skipped_by_nonpositive_upper=91
196,3,lp,upper,100,0,0.0,0.0,0,0,0,0,0,0,0,91,9,0,,interval_proves_cutoff=91;upper_skipped_by_nonnegative_interval_lower=9
197,0,lp,lower,9,9,0.025132563,0.024639606475830078,793,0,0,9,0,0,0,0,0,0,OPTIMAL=9,
197,0,lp,upper,9,9,0.024173199000000003,0.02367091178894043,813,0,0,9,0,0,0,0,0,0,OPTIMAL=9,
197,1,interval_arithmetic,lower,3136,0,0.0,0.0,0,0,0,0,0,869,0,0,0,2267,,interval_arithmetic=869;lower_skipped_by_nonpositive_upper=2267
197,1,interval_arithmetic,upper,3136,0,0.0,0.0,0,0,0,0,0,3136,0,0,0,0,,interval_arithmetic=3136
197,2,lp,lower,1568,63,0.046414978,0.04454541206359863,432,0,0,63,0,0,0,640,0,865,OPTIMAL=63,interval_proves_cutoff=640;lower_skipped_by_nonpositive_upper=865
197,2,lp,upper,1568,64,0.20368178799999986,0.05121946334838867,641,0,0,64,0,0,0,864,640,0,OPTIMAL=64,interval_proves_cutoff=864;upper_skipped_by_nonnegative_interval_lower=640
197,3,lp,lower,100,0,0.0,0.0,0,0,0,0,0,0,0,8,0,92,,interval_proves_cutoff=8;lower_skipped_by_nonpositive_upper=92
197,3,lp,upper,100,0,0.0,0.0,0,0,0,0,0,0,0,92,8,0,,interval_proves_cutoff=92;upper_skipped_by_nonnegative_interval_lower=8
198,0,lp,lower,9,9,0.016552128,0.016124486923217773,612,0,0,9,0,0,0,0,0,0,OPTIMAL=9,
198,0,lp,upper,9,9,0.016873777,0.016400814056396484,616,0,0,9,0,0,0,0,0,0,OPTIMAL=9,
198,1,interval_arithmetic,lower,3136,0,0.0,0.0,0,0,0,0,0,906,0,0,0,2230,,interval_arithmetic=906;lower_skipped_by_nonpositive_upper=2230
198,1,interval_arithmetic,upper,3136,0,0.0,0.0,0,0,0,0,0,3136,0,0,0,0,,interval_arithmetic=3136
198,2,lp,lower,1568,44,0.032487258000000005,0.03116130828857422,189,0,0,44,0,0,0,680,0,844,OPTIMAL=44,interval_proves_cutoff=680;lower_skipped_by_nonpositive_upper=844
198,2,lp,upper,1568,46,0.038788207000000005,0.03292989730834961,253,0,0,46,0,0,0,842,680,0,OPTIMAL=46,interval_proves_cutoff=842;upper_skipped_by_nonnegative_interval_lower=680
198,3,lp,lower,100,0,0.0,0.0,0,0,0,0,0,0,0,8,0,92,,interval_proves_cutoff=8;lower_skipped_by_nonpositive_upper=92
198,3,lp,upper,100,0,0.0,0.0,0,0,0,0,0,0,0,92,8,0,,interval_proves_cutoff=92;upper_skipped_by_nonnegative_interval_lower=8
199,0,lp,lower,9,9,0.047605418000000004,0.04706549644470215,1247,0,0,9,0,0,0,0,0,0,OPTIMAL=9,
199,0,lp,upper,9,9,0.047658810999999995,0.04712939262390137,1189,0,0,9,0,0,0,0,0,0,OPTIMAL=9,
199,1,interval_arithmetic,lower,3136,0,0.0,0.0,0,0,0,0,0,890,0,0,0,2246,,interval_arithmetic=890;lower_skipped_by_nonpositive_upper=2246
199,1,interval_arithmetic,upper,3136,0,0.0,0.0,0,0,0,0,0,3136,0,0,0,0,,interval_arithmetic=3136
199,2,lp,lower,1568,80,0.06945654599999997,0.06676888465881348,1192,0,0,80,0,0,0,641,0,847,OPTIMAL=80,interval_proves_cutoff=641;lower_skipped_by_nonpositive_upper=847
199,2,lp,upper,1568,94,0.08763892999999998,0.07966494560241699,1547,0,0,94,0,0,0,833,641,0,OPTIMAL=94,interval_proves_cutoff=833;upper_skipped_by_nonnegative_interval_lower=641
199,3,lp,lower,100,1,0.005984455,0.005917787551879883,246,0,0,1,0,0,0,8,0,91,OPTIMAL=1,interval_proves_cutoff=8;lower_skipped_by_nonpositive_upper=91
199,3,lp,upper,100,1,0.004423738,0.0043163299560546875,193,0,0,1,0,0,0,91,8,0,OPTIMAL=1,interval_proves_cutoff=91;upper_skipped_by_nonnegative_interval_lower=8
200,0,lp,lower,9,9,0.055570443,0.05492711067199707,1424,0,0,9,0,0,0,0,0,0,OPTIMAL=9,
200,0,lp,upper,9,9,0.04869953600000001,0.0481259822845459,1331,0,0,9,0,0,0,0,0,0,OPTIMAL=9,
200,1,interval_arithmetic,lower,3136,0,0.0,0.0,0,0,0,0,0,949,0,0,0,2187,,interval_arithmetic=949;lower_skipped_by_nonpositive_upper=2187
200,1,interval_arithmetic,upper,3136,0,0.0,0.0,0,0,0,0,0,3136,0,0,0,0,,interval_arithmetic=3136
200,2,lp,lower,1568,67,0.058635501000000013,0.05629897117614746,647,0,0,67,0,0,0,673,0,828,OPTIMAL=67,interval_proves_cutoff=673;lower_skipped_by_nonpositive_upper=828
200,2,lp,upper,1568,67,0.06579917600000003,0.05868339538574219,735,0,0,67,0,0,0,828,673,0,OPTIMAL=67,interval_proves_cutoff=828;upper_skipped_by_nonnegative_interval_lower=673
200,3,lp,lower,100,2,0.005378102,0.005258083343505859,217,0,0,2,0,0,0,7,0,91,OPTIMAL=2,interval_proves_cutoff=7;lower_skipped_by_nonpositive_upper=91
200,3,lp,upper,100,2,0.0068668110000000004,0.0067174434661865234,258,0,0,2,0,0,0,91,7,0,OPTIMAL=2,interval_proves_cutoff=91;upper_skipped_by_nonnegative_interval_lower=7
201,0,lp,lower,9,9,0.033731145,0.033197641372680664,1218,0,0,9,0,0,0,0,0,0,OPTIMAL=9,
201,0,lp,upper,9,9,0.034213591,0.03365731239318848,1156,0,0,9,0,0,0,0,0,0,OPTIMAL=9,
201,1,interval_arithmetic,lower,3136,0,0.0,0.0,0,0,0,0,0,1004,0,0,0,2132,,interval_arithmetic=1004;lower_skipped_by_nonpositive_upper=2132
201,1,interval_arithmetic,upper,3136,0,0.0,0.0,0,0,0,0,0,3136,0,0,0,0,,interval_arithmetic=3136
201,2,lp,lower,1568,78,0.074429682,0.07170867919921875,1079,0,0,78,0,0,0,706,0,784,OPTIMAL=78,interval_proves_cutoff=706;lower_skipped_by_nonpositive_upper=784
201,2,lp,upper,1568,81,0.08268849200000006,0.07513952255249023,1152,0,0,81,0,0,0,781,706,0,OPTIMAL=81,interval_proves_cutoff=781;upper_skipped_by_nonnegative_interval_lower=706
201,3,lp,lower,100,1,0.005231157,0.005165576934814453,243,0,0,1,0,0,0,8,0,91,OPTIMAL=1,interval_proves_cutoff=8;lower_skipped_by_nonpositive_upper=91
201,3,lp,upper,100,1,0.004105679,0.00400233268737793,185,0,0,1,0,0,0,91,8,0,OPTIMAL=1,interval_proves_cutoff=91;upper_skipped_by_nonnegative_interval_lower=8
202,0,lp,lower,9,9,0.055657921,0.05503439903259277,1590,0,0,9,0,0,0,0,0,0,OPTIMAL=9,
202,0,lp,upper,9,9,0.066511245,0.06587934494018555,1711,0,0,9,0,0,0,0,0,0,OPTIMAL=9,
202,1,interval_arithmetic,lower,3136,0,0.0,0.0,0,0,0,0,0,944,0,0,0,2192,,interval_arithmetic=944;lower_skipped_by_nonpositive_upper=2192
202,1,interval_arithmetic,upper,3136,0,0.0,0.0,0,0,0,0,0,3136,0,0,0,0,,interval_arithmetic=3136
202,2,lp,lower,1568,106,0.10224311400000001,0.09831976890563965,1474,0,0,106,0,0,0,668,0,794,OPTIMAL=106,interval_proves_cutoff=668;lower_skipped_by_nonpositive_upper=794
202,2,lp,upper,1568,114,0.11517642400000001,0.10628581047058105,1631,0,0,114,0,0,0,786,668,0,OPTIMAL=114,interval_proves_cutoff=786;upper_skipped_by_nonnegative_interval_lower=668
202,3,lp,lower,100,1,0.006959399,0.0068857669830322266,284,0,0,1,0,0,0,7,0,92,OPTIMAL=1,interval_proves_cutoff=7;lower_skipped_by_nonpositive_upper=92
202,3,lp,upper,100,1,0.005225093,0.005141258239746094,231,0,0,1,0,0,0,92,7,0,OPTIMAL=1,interval_proves_cutoff=92;upper_skipped_by_nonnegative_interval_lower=7
203,0,lp,lower,9,9,0.031281234000000005,0.030776500701904297,871,0,0,9,0,0,0,0,0,0,OPTIMAL=9,
203,0,lp,upper,9,9,0.042960773,0.04246187210083008,1014,0,0,9,0,0,0,0,0,0,OPTIMAL=9,
203,1,interval_arithmetic,lower,3136,0,0.0,0.0,0,0,0,0,0,851,0,0,0,2285,,interval_arithmetic=851;lower_skipped_by_nonpositive_upper=2285
203,1,interval_arithmetic,upper,3136,0,0.0,0.0,0,0,0,0,0,3136,0,0,0,0,,interval_arithmetic=3136
203,2,lp,lower,1568,61,0.044378728,0.042471885681152344,365,0,0,61,0,0,0,629,0,878,OPTIMAL=61,interval_proves_cutoff=629;lower_skipped_by_nonpositive_upper=878
203,2,lp,upper,1568,61,0.049977088999999995,0.04372859001159668,416,0,0,61,0,0,0,878,629,0,OPTIMAL=61,interval_proves_cutoff=878;upper_skipped_by_nonnegative_interval_lower=629
203,3,lp,lower,100,2,0.006233544000000001,0.0061092376708984375,183,0,0,2,0,0,0,7,0,91,OPTIMAL=2,interval_proves_cutoff=7;lower_skipped_by_nonpositive_upper=91
203,3,lp,upper,100,2,0.0058175169999999995,0.005698442459106445,240,0,0,2,0,0,0,91,7,0,OPTIMAL=2,interval_proves_cutoff=91;upper_skipped_by_nonnegative_interval_lower=7
204,0,lp,lower,9,9,0.031818349999999995,0.03126263618469238,959,0,0,9,0,0,0,0,0,0,OPTIMAL=9,
204,0,lp,upper,9,9,0.040409372000000006,0.03981757164001465,1080,0,0,9,0,0,0,0,0,0,OPTIMAL=9,
204,1,interval_arithmetic,lower,3136,0,0.0,0.0,0,0,0,0,0,838,0,0,0,2298,,interval_arithmetic=838;lower_skipped_by_nonpositive_upper=2298
204,1,interval_arithmetic,upper,3136,0,0.0,0.0,0,0,0,0,0,3136,0,0,0,0,,interval_arithmetic=3136
204,2,lp,lower,1568,90,0.06450827999999999,0.06179666519165039,686,0,0,90,0,0,0,614,0,864,OPTIMAL=90,interval_proves_cutoff=614;lower_skipped_by_nonpositive_upper=864
204,2,lp,upper,1568,92,0.07489212399999996,0.06770920753479004,866,0,0,92,0,0,0,862,614,0,OPTIMAL=92,interval_proves_cutoff=862;upper_skipped_by_nonnegative_interval_lower=614
204,3,lp,lower,100,0,0.0,0.0,0,0,0,0,0,0,0,9,0,91,,interval_proves_cutoff=9;lower_skipped_by_nonpositive_upper=91
204,3,lp,upper,100,0,0.0,0.0,0,0,0,0,0,0,0,91,9,0,,interval_proves_cutoff=91;upper_skipped_by_nonnegative_interval_lower=9
205,0,lp,lower,9,9,0.032219742,0.031705379486083984,884,0,0,9,0,0,0,0,0,0,OPTIMAL=9,
205,0,lp,upper,9,9,0.033080495,0.032564640045166016,898,0,0,9,0,0,0,0,0,0,OPTIMAL=9,
205,1,interval_arithmetic,lower,3136,0,0.0,0.0,0,0,0,0,0,839,0,0,0,2297,,interval_arithmetic=839;lower_skipped_by_nonpositive_upper=2297
205,1,interval_arithmetic,upper,3136,0,0.0,0.0,0,0,0,0,0,3136,0,0,0,0,,interval_arithmetic=3136
205,2,lp,lower,1568,67,0.053579555,0.05141758918762207,746,0,0,67,0,0,0,623,0,878,OPTIMAL=67,interval_proves_cutoff=623;lower_skipped_by_nonpositive_upper=878
205,2,lp,upper,1568,72,0.06441732,0.057624101638793945,993,0,0,72,0,0,0,873,623,0,OPTIMAL=72,interval_proves_cutoff=873;upper_skipped_by_nonnegative_interval_lower=623
205,3,lp,lower,100,1,0.003199409,0.0031430721282958984,146,0,0,1,0,0,0,8,0,91,OPTIMAL=1,interval_proves_cutoff=8;lower_skipped_by_nonpositive_upper=91
205,3,lp,upper,100,1,0.003043702,0.0029799938201904297,140,0,0,1,0,0,0,91,8,0,OPTIMAL=1,interval_proves_cutoff=91;upper_skipped_by_nonnegative_interval_lower=8
206,0,lp,lower,9,9,0.033308335,0.0327448844909668,1080,0,0,9,0,0,0,0,0,0,OPTIMAL=9,
206,0,lp,upper,9,9,0.041646029999999994,0.04108309745788574,1169,0,0,9,0,0,0,0,0,0,OPTIMAL=9,
206,1,interval_arithmetic,lower,3136,0,0.0,0.0,0,0,0,0,0,879,0,0,0,2257,,interval_arithmetic=879;lower_skipped_by_nonpositive_upper=2257
206,1,interval_arithmetic,upper,3136,0,0.0,0.0,0,0,0,0,0,3136,0,0,0,0,,interval_arithmetic=3136
206,2,lp,lower,1568,82,0.07524444000000005,0.07237911224365234,1278,0,0,82,0,0,0,656,0,830,OPTIMAL=82,interval_proves_cutoff=656;lower_skipped_by_nonpositive_upper=830
206,2,lp,upper,1568,86,0.085794513,0.07773685455322266,1531,0,0,86,0,0,0,826,656,0,OPTIMAL=86,interval_proves_cutoff=826;upper_skipped_by_nonnegative_interval_lower=656
206,3,lp,lower,100,1,0.006750031,0.006681680679321289,226,0,0,1,0,0,0,7,0,92,OPTIMAL=1,interval_proves_cutoff=7;lower_skipped_by_nonpositive_upper=92
206,3,lp,upper,100,2,0.00938977,0.009238004684448242,324,0,0,2,0,0,0,91,7,0,OPTIMAL=2,interval_proves_cutoff=91;upper_skipped_by_nonnegative_interval_lower=7
207,0,lp,lower,9,9,0.044759924000000006,0.04422640800476074,1310,0,0,9,0,0,0,0,0,0,OPTIMAL=9,
207,0,lp,upper,9,9,0.042487747,0.04189896583557129,1326,0,0,9,0,0,0,0,0,0,OPTIMAL=9,
207,1,interval_arithmetic,lower,3136,0,0.0,0.0,0,0,0,0,0,917,0,0,0,2219,,interval_arithmetic=917;lower_skipped_by_nonpositive_upper=2219
207,1,interval_arithmetic,upper,3136,0,0.0,0.0,0,0,0,0,0,3136,0,0,0,0,,interval_arithmetic=3136
207,2,lp,lower,1568,79,0.07644039099999997,0.073577880859375,1422,0,0,79,0,0,0,662,0,827,OPTIMAL=79,interval_proves_cutoff=662;lower_skipped_by_nonpositive_upper=827
207,2,lp,upper,1568,81,0.08341994199999998,0.07597184181213379,1579,0,0,81,0,0,0,825,662,0,OPTIMAL=81,interval_proves_cutoff=825;upper_skipped_by_nonnegative_interval_lower=662
207,3,lp,lower,100,0,0.0,0.0,0,0,0,0,0,0,0,9,0,91,,interval_proves_cutoff=9;lower_skipped_by_nonpositive_upper=91
207,3,lp,upper,100,0,0.0,0.0,0,0,0,0,0,0,0,91,9,0,,interval_proves_cutoff=91;upper_skipped_by_nonnegative_interval_lower=9
208,0,lp,lower,9,9,0.058423879,0.05775260925292969,1512,0,0,9,0,0,0,0,0,0,OPTIMAL=9,
208,0,lp,upper,9,9,0.063823087,0.06315112113952637,1517,0,0,9,0,0,0,0,0,0,OPTIMAL=9,
208,1,interval_arithmetic,lower,3136,0,0.0,0.0,0,0,0,0,0,921,0,0,0,2215,,interval_arithmetic=921;lower_skipped_by_nonpositive_upper=2215
208,1,interval_arithmetic,upper,3136,0,0.0,0.0,0,0,0,0,0,3136,0,0,0,0,,interval_arithmetic=3136
208,2,lp,lower,1568,113,0.10666639500000004,0.10274577140808105,1747,0,0,113,0,0,0,670,0,785,OPTIMAL=113,interval_proves_cutoff=670;lower_skipped_by_nonpositive_upper=785
208,2,lp,upper,1568,123,0.12530748700000002,0.11524844169616699,1989,0,0,123,0,0,0,775,670,0,OPTIMAL=123,interval_proves_cutoff=775;upper_skipped_by_nonnegative_interval_lower=670
208,3,lp,lower,100,1,0.007891405,0.007817268371582031,300,0,0,1,0,0,0,8,0,91,OPTIMAL=1,interval_proves_cutoff=8;lower_skipped_by_nonpositive_upper=91
208,3,lp,upper,100,1,0.007661311,0.007573843002319336,269,0,0,1,0,0,0,91,8,0,OPTIMAL=1,interval_proves_cutoff=91;upper_skipped_by_nonnegative_interval_lower=8
209,0,lp,lower,9,9,0.05621646,0.055572509765625,1505,0,0,9,0,0,0,0,0,0,OPTIMAL=9,
209,0,lp,upper,9,9,0.064210345,0.0635373592376709,1591,0,0,9,0,0,0,0,0,0,OPTIMAL=9,
209,1,interval_arithmetic,lower,3136,0,0.0,0.0,0,0,0,0,0,908,0,0,0,2228,,interval_arithmetic=908;lower_skipped_by_nonpositive_upper=2228
209,1,interval_arithmetic,upper,3136,0,0.0,0.0,0,0,0,0,0,3136,0,0,0,0,,interval_arithmetic=3136
209,2,lp,lower,1568,108,0.100247679,0.09654951095581055,1549,0,0,108,0,0,0,662,0,798,OPTIMAL=108,interval_proves_cutoff=662;lower_skipped_by_nonpositive_upper=798
209,2,lp,upper,1568,111,0.106434962,0.09798312187194824,1576,0,0,111,0,0,0,795,662,0,OPTIMAL=111,interval_proves_cutoff=795;upper_skipped_by_nonnegative_interval_lower=662
209,3,lp,lower,100,1,0.007208515,0.0071299076080322266,265,0,0,1,0,0,0,8,0,91,OPTIMAL=1,interval_proves_cutoff=8;lower_skipped_by_nonpositive_upper=91
209,3,lp,upper,100,1,0.007145458,0.007013082504272461,260,0,0,1,0,0,0,91,8,0,OPTIMAL=1,interval_proves_cutoff=91;upper_skipped_by_nonnegative_interval_lower=8
210,0,lp,lower,9,9,0.021481426,0.02102208137512207,808,0,0,9,0,0,0,0,0,0,OPTIMAL=9,
210,0,lp,upper,9,9,0.021129238,0.020655393600463867,788,0,0,9,0,0,0,0,0,0,OPTIMAL=9,
210,1,interval_arithmetic,lower,3136,0,0.0,0.0,0,0,0,0,0,917,0,0,0,2219,,interval_arithmetic=917;lower_skipped_by_nonpositive_upper=2219
210,1,interval_arithmetic,upper,3136,0,0.0,0.0,0,0,0,0,0,3136,0,0,0,0,,interval_arithmetic=3136
210,2,lp,lower,1568,54,0.04433384800000001,0.042523860931396484,453,0,0,54,0,0,0,672,0,842,OPTIMAL=54,interval_proves_cutoff=672;lower_skipped_by_nonpositive_upper=842
210,2,lp,upper,1568,55,0.0534569,0.046756744384765625,595,0,0,55,0,0,0,841,672,0,OPTIMAL=55,interval_proves_cutoff=841;upper_skipped_by_nonnegative_interval_lower=672
210,3,lp,lower,100,0,0.0,0.0,0,0,0,0,0,0,0,8,0,92,,interval_proves_cutoff=8;lower_skipped_by_nonpositive_upper=92
210,3,lp,upper,100,1,0.002735311,0.002633333206176758,131,0,0,1,0,0,0,91,8,0,OPTIMAL=1,interval_proves_cutoff=91;upper_skipped_by_nonnegative_interval_lower=8
211,0,lp,lower,9,9,0.034037457,0.033484697341918945,1094,0,0,9,0,0,0,0,0,0,OPTIMAL=9,
211,0,lp,upper,9,9,0.03623015,0.03566598892211914,1071,0,0,9,0,0,0,0,0,0,OPTIMAL=9,
211,1,interval_arithmetic,lower,3136,0,0.0,0.0,0,0,0,0,0,894,0,0,0,2242,,interval_arithmetic=894;lower_skipped_by_nonpositive_upper=2242
211,1,interval_arithmetic,upper,3136,0,0.0,0.0,0,0,0,0,0,3136,0,0,0,0,,interval_arithmetic=3136
211,2,lp,lower,1568,80,0.073259603,0.0704345703125,1276,0,0,80,0,0,0,647,0,841,OPTIMAL=80,interval_proves_cutoff=647;lower_skipped_by_nonpositive_upper=841
211,2,lp,upper,1568,89,0.08760863900000002,0.07970857620239258,1466,0,0,89,0,0,0,832,647,0,OPTIMAL=89,interval_proves_cutoff=832;upper_skipped_by_nonnegative_interval_lower=647
211,3,lp,lower,100,1,0.005101834,0.005034923553466797,219,0,0,1,0,0,0,8,0,91,OPTIMAL=1,interval_proves_cutoff=8;lower_skipped_by_nonpositive_upper=91
211,3,lp,upper,100,1,0.004939206,0.004826545715332031,206,0,0,1,0,0,0,91,8,0,OPTIMAL=1,interval_proves_cutoff=91;upper_skipped_by_nonnegative_interval_lower=8
212,0,lp,lower,9,9,0.087462898,0.0868229866027832,1939,0,0,9,0,0,0,0,0,0,OPTIMAL=9,
212,0,lp,upper,9,9,0.082885358,0.08221673965454102,1899,0,0,9,0,0,0,0,0,0,OPTIMAL=9,
212,1,interval_arithmetic,lower,3136,0,0.0,0.0,0,0,0,0,0,899,0,0,0,2237,,interval_arithmetic=899;lower_skipped_by_nonpositive_upper=2237
212,1,interval_arithmetic,upper,3136,0,0.0,0.0,0,0,0,0,0,3136,0,0,0,0,,interval_arithmetic=3136
212,2,lp,lower,1568,104,0.09979467799999997,0.09601402282714844,1846,0,0,104,0,0,0,645,0,819,OPTIMAL=104,interval_proves_cutoff=645;lower_skipped_by_nonpositive_upper=819
212,2,lp,upper,1568,110,0.11167350600000003,0.10304474830627441,2047,0,0,110,0,0,0,813,645,0,OPTIMAL=110,interval_proves_cutoff=813;upper_skipped_by_nonnegative_interval_lower=645
212,3,lp,lower,100,1,0.007645058,0.007569789886474609,318,0,0,1,0,0,0,8,0,91,OPTIMAL=1,interval_proves_cutoff=8;lower_skipped_by_nonpositive_upper=91
212,3,lp,upper,100,1,0.005971821,0.005883693695068359,237,0,0,1,0,0,0,91,8,0,OPTIMAL=1,interval_proves_cutoff=91;upper_skipped_by_nonnegative_interval_lower=8
213,0,lp,lower,9,9,0.080767878,0.08013463020324707,1714,0,0,9,0,0,0,0,0,0,OPTIMAL=9,
213,0,lp,upper,9,9,0.07260435800000001,0.0719602108001709,1511,0,0,9,0,0,0,0,0,0,OPTIMAL=9,
213,1,interval_arithmetic,lower,3136,0,0.0,0.0,0,0,0,0,0,921,0,0,0,2215,,interval_arithmetic=921;lower_skipped_by_nonpositive_upper=2215
213,1,interval_arithmetic,upper,3136,0,0.0,0.0,0,0,0,0,0,3136,0,0,0,0,,interval_arithmetic=3136
213,2,lp,lower,1568,96,0.08190098600000002,0.07869291305541992,1009,0,0,96,0,0,0,651,0,821,OPTIMAL=96,interval_proves_cutoff=651;lower_skipped_by_nonpositive_upper=821
213,2,lp,upper,1568,96,0.094168869,0.0852968692779541,1164,0,0,96,0,0,0,821,651,0,OPTIMAL=96,interval_proves_cutoff=821;upper_skipped_by_nonnegative_interval_lower=651
213,3,lp,lower,100,2,0.010706254,0.01057124137878418,297,0,0,2,0,0,0,7,0,91,OPTIMAL=2,interval_proves_cutoff=7;lower_skipped_by_nonpositive_upper=91
213,3,lp,upper,100,2,0.010588467,0.01043248176574707,373,0,0,2,0,0,0,91,7,0,OPTIMAL=2,interval_proves_cutoff=91;upper_skipped_by_nonnegative_interval_lower=7
214,0,lp,lower,9,9,0.044447319,0.04389691352844238,1271,0,0,9,0,0,0,0,0,0,OPTIMAL=9,
214,0,lp,upper,9,9,0.051689034,0.051088571548461914,1344,0,0,9,0,0,0,0,0,0,OPTIMAL=9,
214,1,interval_arithmetic,lower,3136,0,0.0,0.0,0,0,0,0,0,878,0,0,0,2258,,interval_arithmetic=878;lower_skipped_by_nonpositive_upper=2258
214,1,interval_arithmetic,upper,3136,0,0.0,0.0,0,0,0,0,0,3136,0,0,0,0,,interval_arithmetic=3136
214,2,lp,lower,1568,74,0.07045068699999998,0.06786918640136719,1239,0,0,74,0,0,0,642,0,852,OPTIMAL=74,interval_proves_cutoff=642;lower_skipped_by_nonpositive_upper=852
214,2,lp,upper,1568,83,0.08278710499999994,0.0753324031829834,1469,0,0,83,0,0,0,843,642,0,OPTIMAL=83,interval_proves_cutoff=843;upper_skipped_by_nonnegative_interval_lower=642
214,3,lp,lower,100,2,0.008224565999999999,0.008106231689453125,252,0,0,2,0,0,0,7,0,91,OPTIMAL=2,interval_proves_cutoff=7;lower_skipped_by_nonpositive_upper=91
214,3,lp,upper,100,2,0.0073261590000000005,0.007188320159912109,289,0,0,2,0,0,0,91,7,0,OPTIMAL=2,interval_proves_cutoff=91;upper_skipped_by_nonnegative_interval_lower=7
215,0,lp,lower,9,9,0.027491127,0.026990890502929688,934,0,0,9,0,0,0,0,0,0,OPTIMAL=9,
215,0,lp,upper,9,9,0.030993541,0.03047037124633789,972,0,0,9,0,0,0,0,0,0,OPTIMAL=9,
215,1,interval_arithmetic,lower,3136,0,0.0,0.0,0,0,0,0,0,914,0,0,0,2222,,interval_arithmetic=914;lower_skipped_by_nonpositive_upper=2222
215,1,interval_arithmetic,upper,3136,0,0.0,0.0,0,0,0,0,0,3136,0,0,0,0,,interval_arithmetic=3136
215,2,lp,lower,1568,69,0.058656940000000005,0.05630350112915039,827,0,0,69,0,0,0,664,0,835,OPTIMAL=69,interval_proves_cutoff=664;lower_skipped_by_nonpositive_upper=835
215,2,lp,upper,1568,74,0.068176066,0.06123757362365723,1013,0,0,74,0,0,0,830,664,0,OPTIMAL=74,interval_proves_cutoff=830;upper_skipped_by_nonnegative_interval_lower=664
215,3,lp,lower,100,1,0.0057319,0.005670785903930664,221,0,0,1,0,0,0,8,0,91,OPTIMAL=1,interval_proves_cutoff=8;lower_skipped_by_nonpositive_upper=91
215,3,lp,upper,100,1,0.003703462,0.0036246776580810547,164,0,0,1,0,0,0,91,8,0,OPTIMAL=1,interval_proves_cutoff=91;upper_skipped_by_nonnegative_interval_lower=8
216,0,lp,lower,9,9,0.034767414,0.03422188758850098,1163,0,0,9,0,0,0,0,0,0,OPTIMAL=9,
216,0,lp,upper,9,9,0.036220988999999995,0.03567171096801758,1219,0,0,9,0,0,0,0,0,0,OPTIMAL=9,
216,1,interval_arithmetic,lower,3136,0,0.0,0.0,0,0,0,0,0,938,0,0,0,2198,,interval_arithmetic=938;lower_skipped_by_nonpositive_upper=2198
216,1,interval_arithmetic,upper,3136,0,0.0,0.0,0,0,0,0,0,3136,0,0,0,0,,interval_arithmetic=3136
216,2,lp,lower,1568,77,0.071557523,0.06882953643798828,1168,0,0,77,0,0,0,682,0,809,OPTIMAL=77,interval_proves_cutoff=682;lower_skipped_by_nonpositive_upper=809
216,2,lp,upper,1568,83,0.084345952,0.07659530639648438,1267,0,0,83,0,0,0,803,682,0,OPTIMAL=83,interval_proves_cutoff=803;upper_skipped_by_nonnegative_interval_lower=682
216,3,lp,lower,100,1,0.005485691,0.005415916442871094,215,0,0,1,0,0,0,8,0,91,OPTIMAL=1,interval_proves_cutoff=8;lower_skipped_by_nonpositive_upper=91
216,3,lp,upper,100,1,0.004905806,0.004829883575439453,186,0,0,1,0,0,0,91,8,0,OPTIMAL=1,interval_proves_cutoff=91;upper_skipped_by_nonnegative_interval_lower=8
217,0,lp,lower,9,9,0.046603507999999995,0.04602193832397461,1354,0,0,9,0,0,0,0,0,0,OPTIMAL=9,
217,0,lp,upper,9,9,0.058882541000000004,0.058271169662475586,1551,0,0,9,0,0,0,0,0,0,OPTIMAL=9,
217,1,interval_arithmetic,lower,3136,0,0.0,0.0,0,0,0,0,0,915,0,0,0,2221,,interval_arithmetic=915;lower_skipped_by_nonpositive_upper=2221
217,1,interval_arithmetic,upper,3136,0,0.0,0.0,0,0,0,0,0,3136,0,0,0,0,,interval_arithmetic=3136
217,2,lp,lower,1568,89,0.08209167600000003,0.07903933525085449,1100,0,0,89,0,0,0,662,0,817,OPTIMAL=89,interval_proves_cutoff=662;lower_skipped_by_nonpositive_upper=817
217,2,lp,upper,1568,97,0.09559196199999999,0.08745360374450684,1334,0,0,97,0,0,0,809,662,0,OPTIMAL=97,interval_proves_cutoff=809;upper_skipped_by_nonnegative_interval_lower=662
217,3,lp,lower,100,2,0.008357346,0.008226394653320312,275,0,0,2,0,0,0,7,0,91,OPTIMAL=2,interval_proves_cutoff=7;lower_skipped_by_nonpositive_upper=91
217,3,lp,upper,100,2,0.00848816,0.008332490921020508,352,0,0,2,0,0,0,91,7,0,OPTIMAL=2,interval_proves_cutoff=91;upper_skipped_by_nonnegative_interval_lower=7
218,0,lp,lower,9,9,0.028340601,0.02779698371887207,909,0,0,9,0,0,0,0,0,0,OPTIMAL=9,
218,0,lp,upper,9,9,0.034850401,0.034308433532714844,1040,0,0,9,0,0,0,0,0,0,OPTIMAL=9,
218,1,interval_arithmetic,lower,3136,0,0.0,0.0,0,0,0,0,0,908,0,0,0,2228,,interval_arithmetic=908;lower_skipped_by_nonpositive_upper=2228
218,1,interval_arithmetic,upper,3136,0,0.0,0.0,0,0,0,0,0,3136,0,0,0,0,,interval_arithmetic=3136
218,2,lp,lower,1568,77,0.06337855899999999,0.06082868576049805,671,0,0,77,0,0,0,671,0,820,OPTIMAL=77,interval_proves_cutoff=671;lower_skipped_by_nonpositive_upper=820
218,2,lp,upper,1568,79,0.07305595900000003,0.06514167785644531,726,0,0,79,0,0,0,818,671,0,OPTIMAL=79,interval_proves_cutoff=818;upper_skipped_by_nonnegative_interval_lower=671
218,3,lp,lower,100,1,0.003453936,0.0033855438232421875,182,0,0,1,0,0,0,8,0,91,OPTIMAL=1,interval_proves_cutoff=8;lower_skipped_by_nonpositive_upper=91
218,3,lp,upper,100,1,0.00373066,0.0036559104919433594,168,0,0,1,0,0,0,91,8,0,OPTIMAL=1,interval_proves_cutoff=91;upper_skipped_by_nonnegative_interval_lower=8
219,0,lp,lower,9,9,0.07719093,0.07658576965332031,1714,0,0,9,0,0,0,0,0,0,OPTIMAL=9,
219,0,lp,upper,9,9,0.068395044,0.06776642799377441,1633,0,0,9,0,0,0,0,0,0,OPTIMAL=9,
219,1,interval_arithmetic,lower,3136,0,0.0,0.0,0,0,0,0,0,895,0,0,0,2241,,interval_arithmetic=895;lower_skipped_by_nonpositive_upper=2241
219,1,interval_arithmetic,upper,3136,0,0.0,0.0,0,0,0,0,0,3136,0,0,0,0,,interval_arithmetic=3136
219,2,lp,lower,1568,101,0.09274362500000001,0.08911895751953125,1455,0,0,101,0,0,0,643,0,824,OPTIMAL=101,interval_proves_cutoff=643;lower_skipped_by_nonpositive_upper=824
219,2,lp,upper,1568,105,0.106288193,0.09773659706115723,1729,0,0,105,0,0,0,820,643,0,OPTIMAL=105,interval_proves_cutoff=820;upper_skipped_by_nonnegative_interval_lower=643
219,3,lp,lower,100,1,0.005276878,0.005202770233154297,268,0,0,1,0,0,0,8,0,91,OPTIMAL=1,interval_proves_cutoff=8;lower_skipped_by_nonpositive_upper=91
219,3,lp,upper,100,1,0.004328494,0.004235267639160156,212,0,0,1,0,0,0,91,8,0,OPTIMAL=1,interval_proves_cutoff=91;upper_skipped_by_nonnegative_interval_lower=8
220,0,lp,lower,9,9,0.04568033899999999,0.045075416564941406,1542,0,0,9,0,0,0,0,0,0,OPTIMAL=9,
220,0,lp,upper,9,9,0.047087455,0.0464785099029541,1494,0,0,9,0,0,0,0,0,0,OPTIMAL=9,
220,1,interval_arithmetic,lower,3136,0,0.0,0.0,0,0,0,0,0,923,0,0,0,2213,,interval_arithmetic=923;lower_skipped_by_nonpositive_upper=2213
220,1,interval_arithmetic,upper,3136,0,0.0,0.0,0,0,0,0,0,3136,0,0,0,0,,interval_arithmetic=3136
220,2,lp,lower,1568,97,0.09400080399999997,0.09044718742370605,1482,0,0,97,0,0,0,673,0,798,OPTIMAL=97,interval_proves_cutoff=673;lower_skipped_by_nonpositive_upper=798
220,2,lp,upper,1568,99,0.10164103699999999,0.09340882301330566,1548,0,0,99,0,0,0,796,673,0,OPTIMAL=99,interval_proves_cutoff=796;upper_skipped_by_nonnegative_interval_lower=673
220,3,lp,lower,100,1,0.006478711,0.006406545639038086,283,0,0,1,0,0,0,8,0,91,OPTIMAL=1,interval_proves_cutoff=8;lower_skipped_by_nonpositive_upper=91
220,3,lp,upper,100,1,0.004271193,0.004185914993286133,215,0,0,1,0,0,0,91,8,0,OPTIMAL=1,interval_proves_cutoff=91;upper_skipped_by_nonnegative_interval_lower=8
221,0,lp,lower,9,9,0.022735165999999998,0.022255420684814453,820,0,0,9,0,0,0,0,0,0,OPTIMAL=9,
221,0,lp,upper,9,9,0.024578463000000005,0.024040699005126953,897,0,0,9,0,0,0,0,0,0,OPTIMAL=9,
221,1,interval_arithmetic,lower,3136,0,0.0,0.0,0,0,0,0,0,906,0,0,0,2230,,interval_arithmetic=906;lower_skipped_by_nonpositive_upper=2230
221,1,interval_arithmetic,upper,3136,0,0.0,0.0,0,0,0,0,0,3136,0,0,0,0,,interval_arithmetic=3136
221,2,lp,lower,1568,56,0.043290822000000014,0.04148411750793457,485,0,0,56,0,0,0,666,0,846,OPTIMAL=56,interval_proves_cutoff=666;lower_skipped_by_nonpositive_upper=846
221,2,lp,upper,1568,56,0.051566266000000006,0.04488635063171387,532,0,0,56,0,0,0,846,666,0,OPTIMAL=56,interval_proves_cutoff=846;upper_skipped_by_nonnegative_interval_lower=666
221,3,lp,lower,100,0,0.0,0.0,0,0,0,0,0,0,0,8,0,92,,interval_proves_cutoff=8;lower_skipped_by_nonpositive_upper=92
221,3,lp,upper,100,0,0.0,0.0,0,0,0,0,0,0,0,92,8,0,,interval_proves_cutoff=92;upper_skipped_by_nonnegative_interval_lower=8
222,0,lp,lower,9,9,0.042395092,0.04179954528808594,1347,0,0,9,0,0,0,0,0,0,OPTIMAL=9,
222,0,lp,upper,9,9,0.04692060099999999,0.04631638526916504,1474,0,0,9,0,0,0,0,0,0,OPTIMAL=9,
222,1,interval_arithmetic,lower,3136,0,0.0,0.0,0,0,0,0,0,939,0,0,0,2197,,interval_arithmetic=939;lower_skipped_by_nonpositive_upper=2197
222,1,interval_arithmetic,upper,3136,0,0.0,0.0,0,0,0,0,0,3136,0,0,0,0,,interval_arithmetic=3136
222,2,lp,lower,1568,103,0.09912745399999996,0.0953218936920166,1708,0,0,103,0,0,0,667,0,798,OPTIMAL=103,interval_proves_cutoff=667;lower_skipped_by_nonpositive_upper=798
222,2,lp,upper,1568,112,0.11452192499999998,0.1055595874786377,1931,0,0,112,0,0,0,789,667,0,OPTIMAL=112,interval_proves_cutoff=789;upper_skipped_by_nonnegative_interval_lower=667
222,3,lp,lower,100,1,0.00684708,0.006773710250854492,276,0,0,1,0,0,0,8,0,91,OPTIMAL=1,interval_proves_cutoff=8;lower_skipped_by_nonpositive_upper=91
222,3,lp,upper,100,1,0.006394875,0.006315469741821289,243,0,0,1,0,0,0,91,8,0,OPTIMAL=1,interval_proves_cutoff=91;upper_skipped_by_nonnegative_interval_lower=8
223,0,lp,lower,9,9,0.040920447,0.040352821350097656,1340,0,0,9,0,0,0,0,0,0,OPTIMAL=9,
223,0,lp,upper,9,9,0.039005009,0.038407087326049805,1491,0,0,9,0,0,0,0,0,0,OPTIMAL=9,
223,1,interval_arithmetic,lower,3136,0,0.0,0.0,0,0,0,0,0,1003,0,0,0,2133,,interval_arithmetic=1003;lower_skipped_by_nonpositive_upper=2133
223,1,interval_arithmetic,upper,3136,0,0.0,0.0,0,0,0,0,0,3136,0,0,0,0,,interval_arithmetic=3136
223,2,lp,lower,1568,83,0.07578110200000002,0.07281064987182617,1032,0,0,83,0,0,0,698,0,787,OPTIMAL=83,interval_proves_cutoff=698;lower_skipped_by_nonpositive_upper=787
223,2,lp,upper,1568,85,0.08416889999999999,0.0766751766204834,1095,0,0,85,0,0,0,785,698,0,OPTIMAL=85,interval_proves_cutoff=785;upper_skipped_by_nonnegative_interval_lower=698
223,3,lp,lower,100,0,0.0,0.0,0,0,0,0,0,0,0,9,0,91,,interval_proves_cutoff=9;lower_skipped_by_nonpositive_upper=91
223,3,lp,upper,100,0,0.0,0.0,0,0,0,0,0,0,0,91,9,0,,interval_proves_cutoff=91;upper_skipped_by_nonnegative_interval_lower=9
224,0,lp,lower,9,9,0.0495617,0.04898476600646973,1354,0,0,9,0,0,0,0,0,0,OPTIMAL=9,
224,0,lp,upper,9,9,0.047447699999999995,0.04684638977050781,1307,0,0,9,0,0,0,0,0,0,OPTIMAL=9,
224,1,interval_arithmetic,lower,3136,0,0.0,0.0,0,0,0,0,0,904,0,0,0,2232,,interval_arithmetic=904;lower_skipped_by_nonpositive_upper=2232
224,1,interval_arithmetic,upper,3136,0,0.0,0.0,0,0,0,0,0,3136,0,0,0,0,,interval_arithmetic=3136
224,2,lp,lower,1568,76,0.06577982699999999,0.06319260597229004,1003,0,0,76,0,0,0,659,0,833,OPTIMAL=76,interval_proves_cutoff=659;lower_skipped_by_nonpositive_upper=833
224,2,lp,upper,1568,79,0.07500267700000002,0.06748580932617188,1138,0,0,79,0,0,0,830,659,0,OPTIMAL=79,interval_proves_cutoff=830;upper_skipped_by_nonnegative_interval_lower=659
224,3,lp,lower,100,2,0.0072743140000000005,0.007145881652832031,250,0,0,2,0,0,0,7,0,91,OPTIMAL=2,interval_proves_cutoff=7;lower_skipped_by_nonpositive_upper=91
224,3,lp,upper,100,2,0.009075945,0.008873462677001953,305,0,0,2,0,0,0,91,7,0,OPTIMAL=2,interval_proves_cutoff=91;upper_skipped_by_nonnegative_interval_lower=7
225,0,lp,lower,9,9,0.025427958999999997,0.02491021156311035,804,0,0,9,0,0,0,0,0,0,OPTIMAL=9,
225,0,lp,upper,9,9,0.025437048999999996,0.024928569793701172,784,0,0,9,0,0,0,0,0,0,OPTIMAL=9,
225,1,interval_arithmetic,lower,3136,0,0.0,0.0,0,0,0,0,0,834,0,0,0,2302,,interval_arithmetic=834;lower_skipped_by_nonpositive_upper=2302
225,1,interval_arithmetic,upper,3136,0,0.0,0.0,0,0,0,0,0,3136,0,0,0,0,,interval_arithmetic=3136
225,2,lp,lower,1568,70,0.05811054500000001,0.05585670471191406,974,0,0,70,0,0,0,616,0,882,OPTIMAL=70,interval_proves_cutoff=616;lower_skipped_by_nonpositive_upper=882
225,2,lp,upper,1568,73,0.067003975,0.0600435733795166,1061,0,0,73,0,0,0,879,616,0,OPTIMAL=73,interval_proves_cutoff=879;upper_skipped_by_nonnegative_interval_lower=616
225,3,lp,lower,100,1,0.00319119,0.003125905990600586,160,0,0,1,0,0,0,8,0,91,OPTIMAL=1,interval_proves_cutoff=8;lower_skipped_by_nonpositive_upper=91
225,3,lp,upper,100,1,0.003502266,0.0034258365631103516,157,0,0,1,0,0,0,91,8,0,OPTIMAL=1,interval_proves_cutoff=91;upper_skipped_by_nonnegative_interval_lower=8
226,0,lp,lower,9,9,0.056197528,0.05557107925415039,1435,0,0,9,0,0,0,0,0,0,OPTIMAL=9,
226,0,lp,upper,9,9,0.06812557699999999,0.06751489639282227,1561,0,0,9,0,0,0,0,0,0,OPTIMAL=9,
226,1,interval_arithmetic,lower,3136,0,0.0,0.0,0,0,0,0,0,933,0,0,0,2203,,interval_arithmetic=933;lower_skipped_by_nonpositive_upper=2203
226,1,interval_arithmetic,upper,3136,0,0.0,0.0,0,0,0,0,0,3136,0,0,0,0,,interval_arithmetic=3136
226,2,lp,lower,1568,85,0.08203429900000002,0.07898879051208496,1083,0,0,85,0,0,0,696,0,787,OPTIMAL=85,interval_proves_cutoff=696;lower_skipped_by_nonpositive_upper=787
226,2,lp,upper,1568,89,0.093505562,0.08547472953796387,1287,0,0,89,0,0,0,783,696,0,OPTIMAL=89,interval_proves_cutoff=783;upper_skipped_by_nonnegative_interval_lower=696
226,3,lp,lower,100,2,0.0077755310000000005,0.0076503753662109375,255,0,0,2,0,0,0,7,0,91,OPTIMAL=2,interval_proves_cutoff=7;lower_skipped_by_nonpositive_upper=91
226,3,lp,upper,100,2,0.008088303,0.007896900177001953,310,0,0,2,0,0,0,91,7,0,OPTIMAL=2,interval_proves_cutoff=91;upper_skipped_by_nonnegative_interval_lower=7
227,0,lp,lower,9,9,0.050127554,0.049546241760253906,1297,0,0,9,0,0,0,0,0,0,OPTIMAL=9,
227,0,lp,upper,9,9,0.055359135000000004,0.054737091064453125,1359,0,0,9,0,0,0,0,0,0,OPTIMAL=9,
227,1,interval_arithmetic,lower,3136,0,0.0,0.0,0,0,0,0,0,949,0,0,0,2187,,interval_arithmetic=949;lower_skipped_by_nonpositive_upper=2187
227,1,interval_arithmetic,upper,3136,0,0.0,0.0,0,0,0,0,0,3136,0,0,0,0,,interval_arithmetic=3136
227,2,lp,lower,1568,88,0.08251270200000001,0.0794527530670166,1154,0,0,88,0,0,0,675,0,805,OPTIMAL=88,interval_proves_cutoff=675;lower_skipped_by_nonpositive_upper=805
227,2,lp,upper,1568,92,0.09257682900000001,0.08483457565307617,1307,0,0,92,0,0,0,801,675,0,OPTIMAL=92,interval_proves_cutoff=801;upper_skipped_by_nonnegative_interval_lower=675
227,3,lp,lower,100,1,0.006219961,0.0061528682708740234,251,0,0,1,0,0,0,8,0,91,OPTIMAL=1,interval_proves_cutoff=8;lower_skipped_by_nonpositive_upper=91
227,3,lp,upper,100,1,0.004711509,0.004633903503417969,193,0,0,1,0,0,0,91,8,0,OPTIMAL=1,interval_proves_cutoff=91;upper_skipped_by_nonnegative_interval_lower=8
228,0,lp,lower,9,9,0.040272308,0.03970599174499512,1048,0,0,9,0,0,0,0,0,0,OPTIMAL=9,
228,0,lp,upper,9,9,0.049654722,0.04905295372009277,1206,0,0,9,0,0,0,0,0,0,OPTIMAL=9,
228,1,interval_arithmetic,lower,3136,0,0.0,0.0,0,0,0,0,0,857,0,0,0,2279,,interval_arithmetic=857;lower_skipped_by_nonpositive_upper=2279
228,1,interval_arithmetic,upper,3136,0,0.0,0.0,0,0,0,0,0,3136,0,0,0,0,,interval_arithmetic=3136
228,2,lp,lower,1568,97,0.08688534100000002,0.0836946964263916,1385,0,0,97,0,0,0,631,0,840,OPTIMAL=97,interval_proves_cutoff=631;lower_skipped_by_nonpositive_upper=840
228,2,lp,upper,1568,101,0.09501552200000002,0.08709502220153809,1423,0,0,101,0,0,0,836,631,0,OPTIMAL=101,interval_proves_cutoff=836;upper_skipped_by_nonnegative_interval_lower=631
228,3,lp,lower,100,1,0.006297574,0.0062291622161865234,226,0,0,1,0,0,0,8,0,91,OPTIMAL=1,interval_proves_cutoff=8;lower_skipped_by_nonpositive_upper=91
228,3,lp,upper,100,1,0.005885352,0.005805253982543945,220,0,0,1,0,0,0,91,8,0,OPTIMAL=1,interval_proves_cutoff=91;upper_skipped_by_nonnegative_interval_lower=8
229,0,lp,lower,9,9,0.017929943,0.01749277114868164,623,0,0,9,0,0,0,0,0,0,OPTIMAL=9,
229,0,lp,upper,9,9,0.017987633000000003,0.017541170120239258,592,0,0,9,0,0,0,0,0,0,OPTIMAL=9,
229,1,interval_arithmetic,lower,3136,0,0.0,0.0,0,0,0,0,0,845,0,0,0,2291,,interval_arithmetic=845;lower_skipped_by_nonpositive_upper=2291
229,1,interval_arithmetic,upper,3136,0,0.0,0.0,0,0,0,0,0,3136,0,0,0,0,,interval_arithmetic=3136
229,2,lp,lower,1568,45,0.032286447999999995,0.03085017204284668,303,0,0,45,0,0,0,634,0,889,OPTIMAL=45,interval_proves_cutoff=634;lower_skipped_by_nonpositive_upper=889
229,2,lp,upper,1568,50,0.04312086400000001,0.03724956512451172,489,0,0,50,0,0,0,884,634,0,OPTIMAL=50,interval_proves_cutoff=884;upper_skipped_by_nonnegative_interval_lower=634
229,3,lp,lower,100,1,0.001804252,0.0017502307891845703,110,0,0,1,0,0,0,8,0,91,OPTIMAL=1,interval_proves_cutoff=8;lower_skipped_by_nonpositive_upper=91
229,3,lp,upper,100,1,0.002173563,0.0021059513092041016,101,0,0,1,0,0,0,91,8,0,OPTIMAL=1,interval_proves_cutoff=91;upper_skipped_by_nonnegative_interval_lower=8
230,0,lp,lower,9,9,0.07273985,0.07212209701538086,1453,0,0,9,0,0,0,0,0,0,OPTIMAL=9,
230,0,lp,upper,9,9,0.06445193399999999,0.06384634971618652,1426,0,0,9,0,0,0,0,0,0,OPTIMAL=9,
230,1,interval_arithmetic,lower,3136,0,0.0,0.0,0,0,0,0,0,852,0,0,0,2284,,interval_arithmetic=852;lower_skipped_by_nonpositive_upper=2284
230,1,interval_arithmetic,upper,3136,0,0.0,0.0,0,0,0,0,0,3136,0,0,0,0,,interval_arithmetic=3136
230,2,lp,lower,1568,92,0.07539842500000002,0.07238316535949707,993,0,0,92,0,0,0,628,0,848,OPTIMAL=92,interval_proves_cutoff=628;lower_skipped_by_nonpositive_upper=848
230,2,lp,upper,1568,92,0.08245410799999998,0.07493257522583008,1187,0,0,92,0,0,0,848,628,0,OPTIMAL=92,interval_proves_cutoff=848;upper_skipped_by_nonnegative_interval_lower=628
230,3,lp,lower,100,2,0.010029343999999999,0.009900569915771484,285,0,0,2,0,0,0,7,0,91,OPTIMAL=2,interval_proves_cutoff=7;lower_skipped_by_nonpositive_upper=91
230,3,lp,upper,100,2,0.0101962,0.010046958923339844,339,0,0,2,0,0,0,91,7,0,OPTIMAL=2,interval_proves_cutoff=91;upper_skipped_by_nonnegative_interval_lower=7
231,0,lp,lower,9,9,0.061840426,0.061269521713256836,1482,0,0,9,0,0,0,0,0,0,OPTIMAL=9,
231,0,lp,upper,9,9,0.060362848,0.059752702713012695,1458,0,0,9,0,0,0,0,0,0,OPTIMAL=9,
231,1,interval_arithmetic,lower,3136,0,0.0,0.0,0,0,0,0,0,901,0,0,0,2235,,interval_arithmetic=901;lower_skipped_by_nonpositive_upper=2235
231,1,interval_arithmetic,upper,3136,0,0.0,0.0,0,0,0,0,0,3136,0,0,0,0,,interval_arithmetic=3136
231,2,lp,lower,1568,77,0.065265662,0.06263041496276855,984,0,0,77,0,0,0,650,0,841,OPTIMAL=77,interval_proves_cutoff=650;lower_skipped_by_nonpositive_upper=841
231,2,lp,upper,1568,82,0.07726723499999999,0.06987905502319336,1105,0,0,82,0,0,0,836,650,0,OPTIMAL=82,interval_proves_cutoff=836;upper_skipped_by_nonnegative_interval_lower=650
231,3,lp,lower,100,1,0.005503996,0.005438566207885742,238,0,0,1,0,0,0,8,0,91,OPTIMAL=1,interval_proves_cutoff=8;lower_skipped_by_nonpositive_upper=91
231,3,lp,upper,100,1,0.00376024,0.0036787986755371094,179,0,0,1,0,0,0,91,8,0,OPTIMAL=1,interval_proves_cutoff=91;upper_skipped_by_nonnegative_interval_lower=8
232,0,lp,lower,9,9,0.05022526199999999,0.049640655517578125,1488,0,0,9,0,0,0,0,0,0,OPTIMAL=9,
232,0,lp,upper,9,9,0.050399459,0.049767494201660156,1535,0,0,9,0,0,0,0,0,0,OPTIMAL=9,
232,1,interval_arithmetic,lower,3136,0,0.0,0.0,0,0,0,0,0,890,0,0,0,2246,,interval_arithmetic=890;lower_skipped_by_nonpositive_upper=2246
232,1,interval_arithmetic,upper,3136,0,0.0,0.0,0,0,0,0,0,3136,0,0,0,0,,interval_arithmetic=3136
232,2,lp,lower,1568,99,0.09058320199999996,0.08708477020263672,1706,0,0,99,0,0,0,632,0,837,OPTIMAL=99,interval_proves_cutoff=632;lower_skipped_by_nonpositive_upper=837
232,2,lp,upper,1568,112,0.11144901100000004,0.10243105888366699,2079,0,0,112,0,0,0,824,632,0,OPTIMAL=112,interval_proves_cutoff=824;upper_skipped_by_nonnegative_interval_lower=632
232,3,lp,lower,100,1,0.007471503,0.007391691207885742,277,0,0,1,0,0,0,8,0,91,OPTIMAL=1,interval_proves_cutoff=8;lower_skipped_by_nonpositive_upper=91
232,3,lp,upper,100,1,0.005553362,0.005470752716064453,214,0,0,1,0,0,0,91,8,0,OPTIMAL=1,interval_proves_cutoff=91;upper_skipped_by_nonnegative_interval_lower=8
233,0,lp,lower,9,9,0.055435991,0.05484366416931152,1381,0,0,9,0,0,0,0,0,0,OPTIMAL=9,
233,0,lp,upper,9,9,0.062626779,0.062018394470214844,1417,0,0,9,0,0,0,0,0,0,OPTIMAL=9,
233,1,interval_arithmetic,lower,3136,0,0.0,0.0,0,0,0,0,0,934,0,0,0,2202,,interval_arithmetic=934;lower_skipped_by_nonpositive_upper=2202
233,1,interval_arithmetic,upper,3136,0,0.0,0.0,0,0,0,0,0,3136,0,0,0,0,,interval_arithmetic=3136
233,2,lp,lower,1568,98,0.08869211799999997,0.08498644828796387,1157,0,0,98,0,0,0,668,0,802,OPTIMAL=98,interval_proves_cutoff=668;lower_skipped_by_nonpositive_upper=802
233,2,lp,upper,1568,108,0.10141863100000001,0.09310150146484375,1420,0,0,108,0,0,0,792,668,0,OPTIMAL=108,interval_proves_cutoff=792;upper_skipped_by_nonnegative_interval_lower=668
233,3,lp,lower,100,1,0.007971327,0.007899284362792969,291,0,0,1,0,0,0,8,0,91,OPTIMAL=1,interval_proves_cutoff=8;lower_skipped_by_nonpositive_upper=91
233,3,lp,upper,100,1,0.004287969,0.004200458526611328,198,0,0,1,0,0,0,91,8,0,OPTIMAL=1,interval_proves_cutoff=91;upper_skipped_by_nonnegative_interval_lower=8
234,0,lp,lower,9,9,0.045441485,0.04486680030822754,1295,0,0,9,0,0,0,0,0,0,OPTIMAL=9,
234,0,lp,upper,9,9,0.048452616999999996,0.04778933525085449,1337,0,0,9,0,0,0,0,0,0,OPTIMAL=9,
234,1,interval_arithmetic,lower,3136,0,0.0,0.0,0,0,0,0,0,947,0,0,0,2189,,interval_arithmetic=947;lower_skipped_by_nonpositive_upper=2189
234,1,interval_arithmetic,upper,3136,0,0.0,0.0,0,0,0,0,0,3136,0,0,0,0,,interval_arithmetic=3136
234,2,lp,lower,1568,89,0.08447087900000001,0.08137345314025879,1493,0,0,89,0,0,0,662,0,817,OPTIMAL=89,interval_proves_cutoff=662;lower_skipped_by_nonpositive_upper=817
234,2,lp,upper,1568,94,0.09264951899999999,0.08447861671447754,1636,0,0,94,0,0,0,812,662,0,OPTIMAL=94,interval_proves_cutoff=812;upper_skipped_by_nonnegative_interval_lower=662
234,3,lp,lower,100,0,0.0,0.0,0,0,0,0,0,0,0,9,0,91,,interval_proves_cutoff=9;lower_skipped_by_nonpositive_upper=91
234,3,lp,upper,100,0,0.0,0.0,0,0,0,0,0,0,0,91,9,0,,interval_proves_cutoff=91;upper_skipped_by_nonnegative_interval_lower=9
235,0,lp,lower,9,9,0.029827245,0.02933049201965332,976,0,0,9,0,0,0,0,0,0,OPTIMAL=9,
235,0,lp,upper,9,9,0.032361736999999995,0.031835079193115234,1032,0,0,9,0,0,0,0,0,0,OPTIMAL=9,
235,1,interval_arithmetic,lower,3136,0,0.0,0.0,0,0,0,0,0,871,0,0,0,2265,,interval_arithmetic=871;lower_skipped_by_nonpositive_upper=2265
235,1,interval_arithmetic,upper,3136,0,0.0,0.0,0,0,0,0,0,3136,0,0,0,0,,interval_arithmetic=3136
235,2,lp,lower,1568,72,0.06251026000000001,0.06011795997619629,1079,0,0,72,0,0,0,635,0,861,OPTIMAL=72,interval_proves_cutoff=635;lower_skipped_by_nonpositive_upper=861
235,2,lp,upper,1568,78,0.07651543900000002,0.0689401626586914,1246,0,0,78,0,0,0,855,635,0,OPTIMAL=78,interval_proves_cutoff=855;upper_skipped_by_nonnegative_interval_lower=635
235,3,lp,lower,100,0,0.0,0.0,0,0,0,0,0,0,0,8,0,92,,interval_proves_cutoff=8;lower_skipped_by_nonpositive_upper=92
235,3,lp,upper,100,1,0.004258266,0.0041506290435791016,167,0,0,1,0,0,0,91,8,0,OPTIMAL=1,interval_proves_cutoff=91;upper_skipped_by_nonnegative_interval_lower=8
236,0,lp,lower,9,9,0.04949936399999999,0.04888296127319336,1410,0,0,9,0,0,0,0,0,0,OPTIMAL=9,
236,0,lp,upper,9,9,0.050472205000000006,0.04984569549560547,1466,0,0,9,0,0,0,0,0,0,OPTIMAL=9,
236,1,interval_arithmetic,lower,3136,0,0.0,0.0,0,0,0,0,0,893,0,0,0,2243,,interval_arithmetic=893;lower_skipped_by_nonpositive_upper=2243
236,1,interval_arithmetic,upper,3136,0,0.0,0.0,0,0,0,0,0,3136,0,0,0,0,,interval_arithmetic=3136
236,2,lp,lower,1568,103,0.09579990600000006,0.09220671653747559,1644,0,0,103,0,0,0,660,0,805,OPTIMAL=103,interval_proves_cutoff=660;lower_skipped_by_nonpositive_upper=805
236,2,lp,upper,1568,106,0.10317752399999999,0.09478259086608887,1754,0,0,106,0,0,0,802,660,0,OPTIMAL=106,interval_proves_cutoff=802;upper_skipped_by_nonnegative_interval_lower=660
236,3,lp,lower,100,0,0.0,0.0,0,0,0,0,0,0,0,9,0,91,,interval_proves_cutoff=9;lower_skipped_by_nonpositive_upper=91
236,3,lp,upper,100,0,0.0,0.0,0,0,0,0,0,0,0,91,9,0,,interval_proves_cutoff=91;upper_skipped_by_nonnegative_interval_lower=9
237,0,lp,lower,9,9,0.020120684,0.019657373428344727,705,0,0,9,0,0,0,0,0,0,OPTIMAL=9,
237,0,lp,upper,9,9,0.02111516,0.02063298225402832,729,0,0,9,0,0,0,0,0,0,OPTIMAL=9,
237,1,interval_arithmetic,lower,3136,0,0.0,0.0,0,0,0,0,0,893,0,0,0,2243,,interval_arithmetic=893;lower_skipped_by_nonpositive_upper=2243
237,1,interval_arithmetic,upper,3136,0,0.0,0.0,0,0,0,0,0,3136,0,0,0,0,,interval_arithmetic=3136
237,2,lp,lower,1568,58,0.042621281,0.04079556465148926,223,0,0,58,0,0,0,676,0,834,OPTIMAL=58,interval_proves_cutoff=676;lower_skipped_by_nonpositive_upper=834
237,2,lp,upper,1568,59,0.047255939000000004,0.04129433631896973,245,0,0,59,0,0,0,833,676,0,OPTIMAL=59,interval_proves_cutoff=833;upper_skipped_by_nonnegative_interval_lower=676
237,3,lp,lower,100,0,0.0,0.0,0,0,0,0,0,0,0,8,0,92,,interval_proves_cutoff=8;lower_skipped_by_nonpositive_upper=92
237,3,lp,upper,100,1,0.002509943,0.0024449825286865234,111,0,0,1,0,0,0,91,8,0,OPTIMAL=1,interval_proves_cutoff=91;upper_skipped_by_nonnegative_interval_lower=8
238,0,lp,lower,9,9,0.028253377,0.027741670608520508,1078,0,0,9,0,0,0,0,0,0,OPTIMAL=9,
238,0,lp,upper,9,9,0.028372787999999996,0.027832508087158203,1107,0,0,9,0,0,0,0,0,0,OPTIMAL=9,
238,1,interval_arithmetic,lower,3136,0,0.0,0.0,0,0,0,0,0,894,0,0,0,2242,,interval_arithmetic=894;lower_skipped_by_nonpositive_upper=2242
238,1,interval_arithmetic,upper,3136,0,0.0,0.0,0,0,0,0,0,3136,0,0,0,0,,interval_arithmetic=3136
238,2,lp,lower,1568,72,0.058427674,0.05604863166809082,793,0,0,72,0,0,0,656,0,840,OPTIMAL=72,interval_proves_cutoff=656;lower_skipped_by_nonpositive_upper=840
238,2,lp,upper,1568,77,0.075493396,0.06820917129516602,998,0,0,77,0,0,0,835,656,0,OPTIMAL=77,interval_proves_cutoff=835;upper_skipped_by_nonnegative_interval_lower=656
238,3,lp,lower,100,0,0.0,0.0,0,0,0,0,0,0,0,9,0,91,,interval_proves_cutoff=9;lower_skipped_by_nonpositive_upper=91
238,3,lp,upper,100,0,0.0,0.0,0,0,0,0,0,0,0,91,9,0,,interval_proves_cutoff=91;upper_skipped_by_nonnegative_interval_lower=9
239,0,lp,lower,9,9,0.050079914,0.04949760437011719,1282,0,0,9,0,0,0,0,0,0,OPTIMAL=9,
239,0,lp,upper,9,9,0.051278294,0.05068778991699219,1277,0,0,9,0,0,0,0,0,0,OPTIMAL=9,
239,1,interval_arithmetic,lower,3136,0,0.0,0.0,0,0,0,0,0,913,0,0,0,2223,,interval_arithmetic=913;lower_skipped_by_nonpositive_upper=2223
239,1,interval_arithmetic,upper,3136,0,0.0,0.0,0,0,0,0,0,3136,0,0,0,0,,interval_arithmetic=3136
239,2,lp,lower,1568,85,0.07502776600000002,0.07210230827331543,1067,0,0,85,0,0,0,651,0,832,OPTIMAL=85,interval_proves_cutoff=651;lower_skipped_by_nonpositive_upper=832
239,2,lp,upper,1568,94,0.08959716499999998,0.08118939399719238,1231,0,0,94,0,0,0,823,651,0,OPTIMAL=94,interval_proves_cutoff=823;upper_skipped_by_nonnegative_interval_lower=651
239,3,lp,lower,100,2,0.009819129999999999,0.009689569473266602,289,0,0,2,0,0,0,7,0,91,OPTIMAL=2,interval_proves_cutoff=7;lower_skipped_by_nonpositive_upper=91
239,3,lp,upper,100,2,0.008308142,0.008159160614013672,323,0,0,2,0,0,0,91,7,0,OPTIMAL=2,interval_proves_cutoff=91;upper_skipped_by_nonnegative_interval_lower=7
240,0,lp,lower,9,9,0.046711178000000006,0.04616546630859375,1103,0,0,9,0,0,0,0,0,0,OPTIMAL=9,
240,0,lp,upper,9,9,0.038425107,0.03787541389465332,1000,0,0,9,0,0,0,0,0,0,OPTIMAL=9,
240,1,interval_arithmetic,lower,3136,0,0.0,0.0,0,0,0,0,0,849,0,0,0,2287,,interval_arithmetic=849;lower_skipped_by_nonpositive_upper=2287
240,1,interval_arithmetic,upper,3136,0,0.0,0.0,0,0,0,0,0,3136,0,0,0,0,,interval_arithmetic=3136
240,2,lp,lower,1568,73,0.058511545,0.05610466003417969,844,0,0,73,0,0,0,631,0,864,OPTIMAL=73,interval_proves_cutoff=631;lower_skipped_by_nonpositive_upper=864
240,2,lp,upper,1568,77,0.06717434300000001,0.06027340888977051,1027,0,0,77,0,0,0,860,631,0,OPTIMAL=77,interval_proves_cutoff=860;upper_skipped_by_nonnegative_interval_lower=631
240,3,lp,lower,100,2,0.006747868,0.0066149234771728516,201,0,0,2,0,0,0,7,0,91,OPTIMAL=2,interval_proves_cutoff=7;lower_skipped_by_nonpositive_upper=91
240,3,lp,upper,100,2,0.008064654000000001,0.007921218872070312,252,0,0,2,0,0,0,91,7,0,OPTIMAL=2,interval_proves_cutoff=91;upper_skipped_by_nonnegative_interval_lower=7
241,0,lp,lower,9,9,0.083702189,0.08307266235351562,1718,0,0,9,0,0,0,0,0,0,OPTIMAL=9,
241,0,lp,upper,9,9,0.074351972,0.07367968559265137,1641,0,0,9,0,0,0,0,0,0,OPTIMAL=9,
241,1,interval_arithmetic,lower,3136,0,0.0,0.0,0,0,0,0,0,919,0,0,0,2217,,interval_arithmetic=919;lower_skipped_by_nonpositive_upper=2217
241,1,interval_arithmetic,upper,3136,0,0.0,0.0,0,0,0,0,0,3136,0,0,0,0,,interval_arithmetic=3136
241,2,lp,lower,1568,100,0.09511771100000004,0.09145665168762207,1531,0,0,100,0,0,0,667,0,801,OPTIMAL=100,interval_proves_cutoff=667;lower_skipped_by_nonpositive_upper=801
241,2,lp,upper,1568,109,0.11314208000000002,0.10446429252624512,1812,0,0,109,0,0,0,792,667,0,OPTIMAL=109,interval_proves_cutoff=792;upper_skipped_by_nonnegative_interval_lower=667
241,3,lp,lower,100,1,0.007758088,0.007682323455810547,302,0,0,1,0,0,0,8,0,91,OPTIMAL=1,interval_proves_cutoff=8;lower_skipped_by_nonpositive_upper=91
241,3,lp,upper,100,1,0.006864312,0.006779670715332031,245,0,0,1,0,0,0,91,8,0,OPTIMAL=1,interval_proves_cutoff=91;upper_skipped_by_nonnegative_interval_lower=8
242,0,lp,lower,9,9,0.048448268,0.0477900505065918,1508,0,0,9,0,0,0,0,0,0,OPTIMAL=9,
242,0,lp,upper,9,9,0.05217599,0.05151700973510742,1705,0,0,9,0,0,0,0,0,0,OPTIMAL=9,
242,1,interval_arithmetic,lower,3136,0,0.0,0.0,0,0,0,0,0,948,0,0,0,2188,,interval_arithmetic=948;lower_skipped_by_nonpositive_upper=2188
242,1,interval_arithmetic,upper,3136,0,0.0,0.0,0,0,0,0,0,3136,0,0,0,0,,interval_arithmetic=3136
242,2,lp,lower,1568,108,0.10112172900000002,0.09700322151184082,1630,0,0,108,0,0,0,670,0,790,OPTIMAL=108,interval_proves_cutoff=670;lower_skipped_by_nonpositive_upper=790
242,2,lp,upper,1568,114,0.11794856899999998,0.1084604263305664,1797,0,0,114,0,0,0,784,670,0,OPTIMAL=114,interval_proves_cutoff=784;upper_skipped_by_nonnegative_interval_lower=670
242,3,lp,lower,100,0,0.0,0.0,0,0,0,0,0,0,0,9,0,91,,interval_proves_cutoff=9;lower_skipped_by_nonpositive_upper=91
242,3,lp,upper,100,0,0.0,0.0,0,0,0,0,0,0,0,91,9,0,,interval_proves_cutoff=91;upper_skipped_by_nonnegative_interval_lower=9
243,0,lp,lower,9,9,0.034938852,0.034403324127197266,1103,0,0,9,0,0,0,0,0,0,OPTIMAL=9,
243,0,lp,upper,9,9,0.036458884,0.03584551811218262,1022,0,0,9,0,0,0,0,0,0,OPTIMAL=9,
243,1,interval_arithmetic,lower,3136,0,0.0,0.0,0,0,0,0,0,952,0,0,0,2184,,interval_arithmetic=952;lower_skipped_by_nonpositive_upper=2184
243,1,interval_arithmetic,upper,3136,0,0.0,0.0,0,0,0,0,0,3136,0,0,0,0,,interval_arithmetic=3136
243,2,lp,lower,1568,80,0.07852101499999999,0.07562065124511719,1307,0,0,80,0,0,0,674,0,814,OPTIMAL=80,interval_proves_cutoff=674;lower_skipped_by_nonpositive_upper=814
243,2,lp,upper,1568,89,0.09379257900000001,0.08557558059692383,1586,0,0,89,0,0,0,805,674,0,OPTIMAL=89,interval_proves_cutoff=805;upper_skipped_by_nonnegative_interval_lower=674
243,3,lp,lower,100,1,0.004655654,0.004592418670654297,233,0,0,1,0,0,0,8,0,91,OPTIMAL=1,interval_proves_cutoff=8;lower_skipped_by_nonpositive_upper=91
243,3,lp,upper,100,1,0.004078852,0.004004478454589844,180,0,0,1,0,0,0,91,8,0,OPTIMAL=1,interval_proves_cutoff=91;upper_skipped_by_nonnegative_interval_lower=8
244,0,lp,lower,9,9,0.053367665,0.052767038345336914,1435,0,0,9,0,0,0,0,0,0,OPTIMAL=9,
244,0,lp,upper,9,9,0.056472979,0.055864572525024414,1441,0,0,9,0,0,0,0,0,0,OPTIMAL=9,
244,1,interval_arithmetic,lower,3136,0,0.0,0.0,0,0,0,0,0,900,0,0,0,2236,,interval_arithmetic=900;lower_skipped_by_nonpositive_upper=2236
244,1,interval_arithmetic,upper,3136,0,0.0,0.0,0,0,0,0,0,3136,0,0,0,0,,interval_arithmetic=3136
244,2,lp,lower,1568,96,0.09291437199999998,0.08940672874450684,1558,0,0,96,0,0,0,657,0,815,OPTIMAL=96,interval_proves_cutoff=657;lower_skipped_by_nonpositive_upper=815
244,2,lp,upper,1568,99,0.10600828800000003,0.09746527671813965,1703,0,0,99,0,0,0,812,657,0,OPTIMAL=99,interval_proves_cutoff=812;upper_skipped_by_nonnegative_interval_lower=657
244,3,lp,lower,100,1,0.005812546,0.005742788314819336,243,0,0,1,0,0,0,8,0,91,OPTIMAL=1,interval_proves_cutoff=8;lower_skipped_by_nonpositive_upper=91
244,3,lp,upper,100,1,0.006321762,0.006241321563720703,224,0,0,1,0,0,0,91,8,0,OPTIMAL=1,interval_proves_cutoff=91;upper_skipped_by_nonnegative_interval_lower=8
245,0,lp,lower,9,9,0.031516457,0.031002044677734375,1057,0,0,9,0,0,0,0,0,0,OPTIMAL=9,
245,0,lp,upper,9,9,0.0303898,0.029877185821533203,1058,0,0,9,0,0,0,0,0,0,OPTIMAL=9,
245,1,interval_arithmetic,lower,3136,0,0.0,0.0,0,0,0,0,0,879,0,0,0,2257,,interval_arithmetic=879;lower_skipped_by_nonpositive_upper=2257
245,1,interval_arithmetic,upper,3136,0,0.0,0.0,0,0,0,0,0,3136,0,0,0,0,,interval_arithmetic=3136
245,2,lp,lower,1568,67,0.05693536400000001,0.05465292930603027,728,0,0,67,0,0,0,647,0,854,OPTIMAL=67,interval_proves_cutoff=647;lower_skipped_by_nonpositive_upper=854
245,2,lp,upper,1568,68,0.063246433,0.056025028228759766,869,0,0,68,0,0,0,853,647,0,OPTIMAL=68,interval_proves_cutoff=853;upper_skipped_by_nonnegative_interval_lower=647
245,3,lp,lower,100,0,0.0,0.0,0,0,0,0,0,0,0,9,0,91,,interval_proves_cutoff=9;lower_skipped_by_nonpositive_upper=91
245,3,lp,upper,100,0,0.0,0.0,0,0,0,0,0,0,0,91,9,0,,interval_proves_cutoff=91;upper_skipped_by_nonnegative_interval_lower=9
246,0,lp,lower,9,9,0.08877934600000001,0.08805704116821289,1985,0,0,9,0,0,0,0,0,0,OPTIMAL=9,
246,0,lp,upper,9,9,0.080186864,0.0794217586517334,1820,0,0,9,0,0,0,0,0,0,OPTIMAL=9,
246,1,interval_arithmetic,lower,3136,0,0.0,0.0,0,0,0,0,0,904,0,0,0,2232,,interval_arithmetic=904;lower_skipped_by_nonpositive_upper=2232
246,1,interval_arithmetic,upper,3136,0,0.0,0.0,0,0,0,0,0,3136,0,0,0,0,,interval_arithmetic=3136
246,2,lp,lower,1568,134,0.12975315199999998,0.1248321533203125,2149,0,0,134,0,0,0,653,0,781,OPTIMAL=134,interval_proves_cutoff=653;lower_skipped_by_nonpositive_upper=781
246,2,lp,upper,1568,138,0.14331735299999995,0.1335618495941162,2290,0,0,138,0,0,0,777,653,0,OPTIMAL=138,interval_proves_cutoff=777;upper_skipped_by_nonnegative_interval_lower=653
246,3,lp,lower,100,1,0.011114955,0.011030435562133789,360,0,0,1,0,0,0,8,0,91,OPTIMAL=1,interval_proves_cutoff=8;lower_skipped_by_nonpositive_upper=91
246,3,lp,upper,100,1,0.009242141,0.0091400146484375,296,0,0,1,0,0,0,91,8,0,OPTIMAL=1,interval_proves_cutoff=91;upper_skipped_by_nonnegative_interval_lower=8
247,0,lp,lower,9,9,0.068122798,0.06749749183654785,1578,0,0,9,0,0,0,0,0,0,OPTIMAL=9,
247,0,lp,upper,9,9,0.056235271999999996,0.05560016632080078,1473,0,0,9,0,0,0,0,0,0,OPTIMAL=9,
247,1,interval_arithmetic,lower,3136,0,0.0,0.0,0,0,0,0,0,954,0,0,0,2182,,interval_arithmetic=954;lower_skipped_by_nonpositive_upper=2182
247,1,interval_arithmetic,upper,3136,0,0.0,0.0,0,0,0,0,0,3136,0,0,0,0,,interval_arithmetic=3136
247,2,lp,lower,1568,111,0.10173016000000004,0.09780144691467285,993,0,0,111,0,0,0,695,0,762,OPTIMAL=111,interval_proves_cutoff=695;lower_skipped_by_nonpositive_upper=762
247,2,lp,upper,1568,114,0.11129739300000001,0.10238361358642578,1041,0,0,114,0,0,0,759,695,0,OPTIMAL=114,interval_proves_cutoff=759;upper_skipped_by_nonnegative_interval_lower=695
247,3,lp,lower,100,1,0.005351491,0.00527644157409668,255,0,0,1,0,0,0,8,0,91,OPTIMAL=1,interval_proves_cutoff=8;lower_skipped_by_nonpositive_upper=91
247,3,lp,upper,100,1,0.004538888,0.004452943801879883,229,0,0,1,0,0,0,91,8,0,OPTIMAL=1,interval_proves_cutoff=91;upper_skipped_by_nonnegative_interval_lower=8
249,0,lp,lower,9,9,0.029128319,0.02859973907470703,1029,0,0,9,0,0,0,0,0,0,OPTIMAL=9,
249,0,lp,upper,9,9,0.031815681,0.031244993209838867,1120,0,0,9,0,0,0,0,0,0,OPTIMAL=9,
249,1,interval_arithmetic,lower,3136,0,0.0,0.0,0,0,0,0,0,934,0,0,0,2202,,interval_arithmetic=934;lower_skipped_by_nonpositive_upper=2202
249,1,interval_arithmetic,upper,3136,0,0.0,0.0,0,0,0,0,0,3136,0,0,0,0,,interval_arithmetic=3136
249,2,lp,lower,1568,84,0.09399194300000001,0.09036874771118164,957,0,0,84,0,0,0,663,0,821,OPTIMAL=84,interval_proves_cutoff=663;lower_skipped_by_nonpositive_upper=821
249,2,lp,upper,1568,88,0.09352879200000003,0.08536338806152344,1041,0,0,88,0,0,0,817,663,0,OPTIMAL=88,interval_proves_cutoff=817;upper_skipped_by_nonnegative_interval_lower=663
249,3,lp,lower,100,0,0.0,0.0,0,0,0,0,0,0,0,9,0,91,,interval_proves_cutoff=9;lower_skipped_by_nonpositive_upper=91
249,3,lp,upper,100,0,0.0,0.0,0,0,0,0,0,0,0,91,9,0,,interval_proves_cutoff=91;upper_skipped_by_nonnegative_interval_lower=9
250,0,lp,lower,9,9,0.033325328,0.03278326988220215,1059,0,0,9,0,0,0,0,0,0,OPTIMAL=9,
250,0,lp,upper,9,9,0.036214075,0.03566455841064453,1102,0,0,9,0,0,0,0,0,0,OPTIMAL=9,
250,1,interval_arithmetic,lower,3136,0,0.0,0.0,0,0,0,0,0,883,0,0,0,2253,,interval_arithmetic=883;lower_skipped_by_nonpositive_upper=2253
250,1,interval_arithmetic,upper,3136,0,0.0,0.0,0,0,0,0,0,3136,0,0,0,0,,interval_arithmetic=3136
250,2,lp,lower,1568,88,0.07691877899999999,0.07384753227233887,1110,0,0,88,0,0,0,638,0,842,OPTIMAL=88,interval_proves_cutoff=638;lower_skipped_by_nonpositive_upper=842
250,2,lp,upper,1568,98,0.09199717300000002,0.08386683464050293,1320,0,0,98,0,0,0,832,638,0,OPTIMAL=98,interval_proves_cutoff=832;upper_skipped_by_nonnegative_interval_lower=638
250,3,lp,lower,100,0,0.0,0.0,0,0,0,0,0,0,0,9,0,91,,interval_proves_cutoff=9;lower_skipped_by_nonpositive_upper=91
250,3,lp,upper,100,0,0.0,0.0,0,0,0,0,0,0,0,91,9,0,,interval_proves_cutoff=91;upper_skipped_by_nonnegative_interval_lower=9
251,0,lp,lower,9,9,0.034284713,0.033721208572387695,1090,0,0,9,0,0,0,0,0,0,OPTIMAL=9,
251,0,lp,upper,9,9,0.038743981000000004,0.03817176818847656,1051,0,0,9,0,0,0,0,0,0,OPTIMAL=9,
251,1,interval_arithmetic,lower,3136,0,0.0,0.0,0,0,0,0,0,934,0,0,0,2202,,interval_arithmetic=934;lower_skipped_by_nonpositive_upper=2202
251,1,interval_arithmetic,upper,3136,0,0.0,0.0,0,0,0,0,0,3136,0,0,0,0,,interval_arithmetic=3136
251,2,lp,lower,1568,81,0.067756705,0.06496524810791016,799,0,0,81,0,0,0,664,0,823,OPTIMAL=81,interval_proves_cutoff=664;lower_skipped_by_nonpositive_upper=823
251,2,lp,upper,1568,85,0.07786262799999998,0.07037830352783203,980,0,0,85,0,0,0,819,664,0,OPTIMAL=85,interval_proves_cutoff=819;upper_skipped_by_nonnegative_interval_lower=664
251,3,lp,lower,100,1,0.004308483,0.004243135452270508,209,0,0,1,0,0,0,8,0,91,OPTIMAL=1,interval_proves_cutoff=8;lower_skipped_by_nonpositive_upper=91
251,3,lp,upper,100,1,0.003655204,0.0035827159881591797,169,0,0,1,0,0,0,91,8,0,OPTIMAL=1,interval_proves_cutoff=91;upper_skipped_by_nonnegative_interval_lower=8
252,0,lp,lower,9,9,0.027865844,0.02736806869506836,884,0,0,9,0,0,0,0,0,0,OPTIMAL=9,
252,0,lp,upper,9,9,0.028020433,0.027488231658935547,885,0,0,9,0,0,0,0,0,0,OPTIMAL=9,
252,1,interval_arithmetic,lower,3136,0,0.0,0.0,0,0,0,0,0,836,0,0,0,2300,,interval_arithmetic=836;lower_skipped_by_nonpositive_upper=2300
252,1,interval_arithmetic,upper,3136,0,0.0,0.0,0,0,0,0,0,3136,0,0,0,0,,interval_arithmetic=3136
252,2,lp,lower,1568,66,0.04770691599999999,0.045701026916503906,438,0,0,66,0,0,0,632,0,870,OPTIMAL=66,interval_proves_cutoff=632;lower_skipped_by_nonpositive_upper=870
252,2,lp,upper,1568,70,0.058016166999999993,0.05100440979003906,553,0,0,70,0,0,0,866,632,0,OPTIMAL=70,interval_proves_cutoff=866;upper_skipped_by_nonnegative_interval_lower=632
252,3,lp,lower,100,0,0.0,0.0,0,0,0,0,0,0,0,9,0,91,,interval_proves_cutoff=9;lower_skipped_by_nonpositive_upper=91
252,3,lp,upper,100,0,0.0,0.0,0,0,0,0,0,0,0,91,9,0,,interval_proves_cutoff=91;upper_skipped_by_nonnegative_interval_lower=9
253,0,lp,lower,9,9,0.03062538,0.030122756958007812,1043,0,0,9,0,0,0,0,0,0,OPTIMAL=9,
253,0,lp,upper,9,9,0.032693072999999996,0.03216433525085449,1141,0,0,9,0,0,0,0,0,0,OPTIMAL=9,
253,1,interval_arithmetic,lower,3136,0,0.0,0.0,0,0,0,0,0,921,0,0,0,2215,,interval_arithmetic=921;lower_skipped_by_nonpositive_upper=2215
253,1,interval_arithmetic,upper,3136,0,0.0,0.0,0,0,0,0,0,3136,0,0,0,0,,interval_arithmetic=3136
253,2,lp,lower,1568,66,0.059502494,0.05725598335266113,874,0,0,66,0,0,0,658,0,844,OPTIMAL=66,interval_proves_cutoff=658;lower_skipped_by_nonpositive_upper=844
253,2,lp,upper,1568,75,0.07472476699999998,0.06753683090209961,1064,0,0,75,0,0,0,835,658,0,OPTIMAL=75,interval_proves_cutoff=835;upper_skipped_by_nonnegative_interval_lower=658
253,3,lp,lower,100,0,0.0,0.0,0,0,0,0,0,0,0,9,0,91,,interval_proves_cutoff=9;lower_skipped_by_nonpositive_upper=91
253,3,lp,upper,100,0,0.0,0.0,0,0,0,0,0,0,0,91,9,0,,interval_proves_cutoff=91;upper_skipped_by_nonnegative_interval_lower=9
254,0,lp,lower,9,9,0.042874024999999996,0.042276620864868164,1238,0,0,9,0,0,0,0,0,0,OPTIMAL=9,
254,0,lp,upper,9,9,0.053048623999999996,0.052361488342285156,1265,0,0,9,0,0,0,0,0,0,OPTIMAL=9,
254,1,interval_arithmetic,lower,3136,0,0.0,0.0,0,0,0,0,0,895,0,0,0,2241,,interval_arithmetic=895;lower_skipped_by_nonpositive_upper=2241
254,1,interval_arithmetic,upper,3136,0,0.0,0.0,0,0,0,0,0,3136,0,0,0,0,,interval_arithmetic=3136
254,2,lp,lower,1568,87,0.08654756,0.08316802978515625,1364,0,0,87,0,0,0,653,0,828,OPTIMAL=87,interval_proves_cutoff=653;lower_skipped_by_nonpositive_upper=828
254,2,lp,upper,1568,90,0.08757307299999997,0.07969951629638672,1420,0,0,90,0,0,0,825,653,0,OPTIMAL=90,interval_proves_cutoff=825;upper_skipped_by_nonnegative_interval_lower=653
254,3,lp,lower,100,1,0.004493974,0.004424571990966797,237,0,0,1,0,0,0,8,0,91,OPTIMAL=1,interval_proves_cutoff=8;lower_skipped_by_nonpositive_upper=91
254,3,lp,upper,100,1,0.004705491,0.004622936248779297,194,0,0,1,0,0,0,91,8,0,OPTIMAL=1,interval_proves_cutoff=91;upper_skipped_by_nonnegative_interval_lower=8
255,0,lp,lower,9,9,0.035597415,0.03505373001098633,1180,0,0,9,0,0,0,0,0,0,OPTIMAL=9,
255,0,lp,upper,9,9,0.043437476999999995,0.042867183685302734,1228,0,0,9,0,0,0,0,0,0,OPTIMAL=9,
255,1,interval_arithmetic,lower,3136,0,0.0,0.0,0,0,0,0,0,879,0,0,0,2257,,interval_arithmetic=879;lower_skipped_by_nonpositive_upper=2257
255,1,interval_arithmetic,upper,3136,0,0.0,0.0,0,0,0,0,0,3136,0,0,0,0,,interval_arithmetic=3136
255,2,lp,lower,1568,83,0.07497082899999999,0.07204985618591309,1025,0,0,83,0,0,0,640,0,845,OPTIMAL=83,interval_proves_cutoff=640;lower_skipped_by_nonpositive_upper=845
255,2,lp,upper,1568,89,0.08724695600000001,0.07925701141357422,1250,0,0,89,0,0,0,839,640,0,OPTIMAL=89,interval_proves_cutoff=839;upper_skipped_by_nonnegative_interval_lower=640
255,3,lp,lower,100,1,0.004378013,0.004313945770263672,225,0,0,1,0,0,0,7,0,92,OPTIMAL=1,interval_proves_cutoff=7;lower_skipped_by_nonpositive_upper=92
255,3,lp,upper,100,1,0.004096799,0.004024982452392578,184,0,0,1,0,0,0,92,7,0,OPTIMAL=1,interval_proves_cutoff=92;upper_skipped_by_nonnegative_interval_lower=7
256,0,lp,lower,9,9,0.039952749999999995,0.03941679000854492,1053,0,0,9,0,0,0,0,0,0,OPTIMAL=9,
256,0,lp,upper,9,9,0.049595566,0.0490565299987793,1157,0,0,9,0,0,0,0,0,0,OPTIMAL=9,
256,1,interval_arithmetic,lower,3136,0,0.0,0.0,0,0,0,0,0,876,0,0,0,2260,,interval_arithmetic=876;lower_skipped_by_nonpositive_upper=2260
256,1,interval_arithmetic,upper,3136,0,0.0,0.0,0,0,0,0,0,3136,0,0,0,0,,interval_arithmetic=3136
256,2,lp,lower,1568,64,0.048645693000000004,0.04649519920349121,458,0,0,64,0,0,0,638,0,866,OPTIMAL=64,interval_proves_cutoff=638;lower_skipped_by_nonpositive_upper=866
256,2,lp,upper,1568,64,0.055182861000000014,0.04830646514892578,613,0,0,64,0,0,0,866,638,0,OPTIMAL=64,interval_proves_cutoff=866;upper_skipped_by_nonnegative_interval_lower=638
256,3,lp,lower,100,1,0.002438115,0.0023810863494873047,84,0,0,1,0,0,0,7,0,92,OPTIMAL=1,interval_proves_cutoff=7;lower_skipped_by_nonpositive_upper=92
256,3,lp,upper,100,2,0.007380640000000001,0.007242918014526367,250,0,0,2,0,0,0,91,7,0,OPTIMAL=2,interval_proves_cutoff=91;upper_skipped_by_nonnegative_interval_lower=7
257,0,lp,lower,9,9,0.056167461,0.05554962158203125,1514,0,0,9,0,0,0,0,0,0,OPTIMAL=9,
257,0,lp,upper,9,9,0.068330938,0.06768918037414551,1610,0,0,9,0,0,0,0,0,0,OPTIMAL=9,
257,1,interval_arithmetic,lower,3136,0,0.0,0.0,0,0,0,0,0,918,0,0,0,2218,,interval_arithmetic=918;lower_skipped_by_nonpositive_upper=2218
257,1,interval_arithmetic,upper,3136,0,0.0,0.0,0,0,0,0,0,3136,0,0,0,0,,interval_arithmetic=3136
257,2,lp,lower,1568,92,0.09219509000000002,0.08878016471862793,1566,0,0,92,0,0,0,662,0,814,OPTIMAL=92,interval_proves_cutoff=662;lower_skipped_by_nonpositive_upper=814
257,2,lp,upper,1568,101,0.10167870999999999,0.09333062171936035,1675,0,0,101,0,0,0,805,662,0,OPTIMAL=101,interval_proves_cutoff=805;upper_skipped_by_nonnegative_interval_lower=662
257,3,lp,lower,100,2,0.008810795,0.008681297302246094,290,0,0,2,0,0,0,7,0,91,OPTIMAL=2,interval_proves_cutoff=7;lower_skipped_by_nonpositive_upper=91
257,3,lp,upper,100,2,0.00981459,0.009668350219726562,340,0,0,2,0,0,0,91,7,0,OPTIMAL=2,interval_proves_cutoff=91;upper_skipped_by_nonnegative_interval_lower=7
258,0,lp,lower,9,9,0.065780337,0.06517744064331055,1451,0,0,9,0,0,0,0,0,0,OPTIMAL=9,
258,0,lp,upper,9,9,0.07598063999999999,0.07533431053161621,1557,0,0,9,0,0,0,0,0,0,OPTIMAL=9,
258,1,interval_arithmetic,lower,3136,0,0.0,0.0,0,0,0,0,0,907,0,0,0,2229,,interval_arithmetic=907;lower_skipped_by_nonpositive_upper=2229
258,1,interval_arithmetic,upper,3136,0,0.0,0.0,0,0,0,0,0,3136,0,0,0,0,,interval_arithmetic=3136
258,2,lp,lower,1568,96,0.07912678299999998,0.07589530944824219,988,0,0,96,0,0,0,625,0,847,OPTIMAL=96,interval_proves_cutoff=625;lower_skipped_by_nonpositive_upper=847
258,2,lp,upper,1568,101,0.092758441,0.08454132080078125,1153,0,0,101,0,0,0,842,625,0,OPTIMAL=101,interval_proves_cutoff=842;upper_skipped_by_nonnegative_interval_lower=625
258,3,lp,lower,100,2,0.009859018,0.009723901748657227,286,0,0,2,0,0,0,7,0,91,OPTIMAL=2,interval_proves_cutoff=7;lower_skipped_by_nonpositive_upper=91
258,3,lp,upper,100,2,0.011822852,0.011671781539916992,387,0,0,2,0,0,0,91,7,0,OPTIMAL=2,interval_proves_cutoff=91;upper_skipped_by_nonnegative_interval_lower=7
259,0,lp,lower,9,9,0.040504674000000004,0.03992652893066406,1179,0,0,9,0,0,0,0,0,0,OPTIMAL=9,
259,0,lp,upper,9,9,0.043522767999999996,0.042963504791259766,1240,0,0,9,0,0,0,0,0,0,OPTIMAL=9,
259,1,interval_arithmetic,lower,3136,0,0.0,0.0,0,0,0,0,0,937,0,0,0,2199,,interval_arithmetic=937;lower_skipped_by_nonpositive_upper=2199
259,1,interval_arithmetic,upper,3136,0,0.0,0.0,0,0,0,0,0,3136,0,0,0,0,,interval_arithmetic=3136
259,2,lp,lower,1568,75,0.07045315899999999,0.0678560733795166,934,0,0,75,0,0,0,685,0,808,OPTIMAL=75,interval_proves_cutoff=685;lower_skipped_by_nonpositive_upper=808
259,2,lp,upper,1568,80,0.08192932800000002,0.07379388809204102,1038,0,0,80,0,0,0,803,685,0,OPTIMAL=80,interval_proves_cutoff=803;upper_skipped_by_nonnegative_interval_lower=685
259,3,lp,lower,100,1,0.004123221,0.0040531158447265625,214,0,0,1,0,0,0,8,0,91,OPTIMAL=1,interval_proves_cutoff=8;lower_skipped_by_nonpositive_upper=91
259,3,lp,upper,100,1,0.00363329,0.003559112548828125,165,0,0,1,0,0,0,91,8,0,OPTIMAL=1,interval_proves_cutoff=91;upper_skipped_by_nonnegative_interval_lower=8
261,0,lp,lower,9,9,0.08428200300000001,0.08356976509094238,1903,0,0,9,0,0,0,0,0,0,OPTIMAL=9,
261,0,lp,upper,9,9,0.077517743,0.07680439949035645,1827,0,0,9,0,0,0,0,0,0,OPTIMAL=9,
261,1,interval_arithmetic,lower,3136,0,0.0,0.0,0,0,0,0,0,939,0,0,0,2197,,interval_arithmetic=939;lower_skipped_by_nonpositive_upper=2197
261,1,interval_arithmetic,upper,3136,0,0.0,0.0,0,0,0,0,0,3136,0,0,0,0,,interval_arithmetic=3136
261,2,lp,lower,1568,124,0.12999213600000004,0.12512493133544922,2141,0,0,124,0,0,0,673,0,771,OPTIMAL=124,interval_proves_cutoff=673;lower_skipped_by_nonpositive_upper=771
261,2,lp,upper,1568,128,0.13772870400000006,0.1282343864440918,2268,0,0,128,0,0,0,767,673,0,OPTIMAL=128,interval_proves_cutoff=767;upper_skipped_by_nonnegative_interval_lower=673
261,3,lp,lower,100,0,0.0,0.0,0,0,0,0,0,0,0,9,0,91,,interval_proves_cutoff=9;lower_skipped_by_nonpositive_upper=91
261,3,lp,upper,100,0,0.0,0.0,0,0,0,0,0,0,0,91,9,0,,interval_proves_cutoff=91;upper_skipped_by_nonnegative_interval_lower=9
262,0,lp,lower,9,9,0.07936006300000001,0.07872962951660156,1707,0,0,9,0,0,0,0,0,0,OPTIMAL=9,
262,0,lp,upper,9,9,0.073851978,0.07321286201477051,1592,0,0,9,0,0,0,0,0,0,OPTIMAL=9,
262,1,interval_arithmetic,lower,3136,0,0.0,0.0,0,0,0,0,0,887,0,0,0,2249,,interval_arithmetic=887;lower_skipped_by_nonpositive_upper=2249
262,1,interval_arithmetic,upper,3136,0,0.0,0.0,0,0,0,0,0,3136,0,0,0,0,,interval_arithmetic=3136
262,2,lp,lower,1568,103,0.09579960900000002,0.09215688705444336,1192,0,0,103,0,0,0,649,0,816,OPTIMAL=103,interval_proves_cutoff=649;lower_skipped_by_nonpositive_upper=816
262,2,lp,upper,1568,108,0.10539742699999992,0.09694862365722656,1469,0,0,108,0,0,0,811,649,0,OPTIMAL=108,interval_proves_cutoff=811;upper_skipped_by_nonnegative_interval_lower=649
262,3,lp,lower,100,1,0.006331901,0.006249904632568359,269,0,0,1,0,0,0,8,0,91,OPTIMAL=1,interval_proves_cutoff=8;lower_skipped_by_nonpositive_upper=91
262,3,lp,upper,100,1,0.005354287,0.005270242691040039,205,0,0,1,0,0,0,91,8,0,OPTIMAL=1,interval_proves_cutoff=91;upper_skipped_by_nonnegative_interval_lower=8
263,0,lp,lower,9,9,0.033800714,0.03326988220214844,1115,0,0,9,0,0,0,0,0,0,OPTIMAL=9,
263,0,lp,upper,9,9,0.033052025,0.03249096870422363,1010,0,0,9,0,0,0,0,0,0,OPTIMAL=9,
263,1,interval_arithmetic,lower,3136,0,0.0,0.0,0,0,0,0,0,898,0,0,0,2238,,interval_arithmetic=898;lower_skipped_by_nonpositive_upper=2238
263,1,interval_arithmetic,upper,3136,0,0.0,0.0,0,0,0,0,0,3136,0,0,0,0,,interval_arithmetic=3136
263,2,lp,lower,1568,71,0.057227814999999994,0.054886579513549805,657,0,0,71,0,0,0,655,0,842,OPTIMAL=71,interval_proves_cutoff=655;lower_skipped_by_nonpositive_upper=842
263,2,lp,upper,1568,73,0.06714758799999998,0.05963897705078125,852,0,0,73,0,0,0,840,655,0,OPTIMAL=73,interval_proves_cutoff=840;upper_skipped_by_nonnegative_interval_lower=655
263,3,lp,lower,100,1,0.003825416,0.003762960433959961,197,0,0,1,0,0,0,7,0,92,OPTIMAL=1,interval_proves_cutoff=7;lower_skipped_by_nonpositive_upper=92
263,3,lp,upper,100,1,0.00329611,0.003225088119506836,143,0,0,1,0,0,0,92,7,0,OPTIMAL=1,interval_proves_cutoff=92;upper_skipped_by_nonnegative_interval_lower=7
264,0,lp,lower,9,9,0.037090105,0.03654217720031738,1122,0,0,9,0,0,0,0,0,0,OPTIMAL=9,
264,0,lp,upper,9,9,0.035849481,0.0352933406829834,1126,0,0,9,0,0,0,0,0,0,OPTIMAL=9,
264,1,interval_arithmetic,lower,3136,0,0.0,0.0,0,0,0,0,0,886,0,0,0,2250,,interval_arithmetic=886;lower_skipped_by_nonpositive_upper=2250
264,1,interval_arithmetic,upper,3136,0,0.0,0.0,0,0,0,0,0,3136,0,0,0,0,,interval_arithmetic=3136
264,2,lp,lower,1568,70,0.05781156199999999,0.055466651916503906,616,0,0,70,0,0,0,644,0,854,OPTIMAL=70,interval_proves_cutoff=644;lower_skipped_by_nonpositive_upper=854
264,2,lp,upper,1568,72,0.06700154000000001,0.05945420265197754,857,0,0,72,0,0,0,852,644,0,OPTIMAL=72,interval_proves_cutoff=852;upper_skipped_by_nonnegative_interval_lower=644
264,3,lp,lower,100,1,0.003838554,0.003774404525756836,208,0,0,1,0,0,0,7,0,92,OPTIMAL=1,interval_proves_cutoff=7;lower_skipped_by_nonpositive_upper=92
264,3,lp,upper,100,1,0.003064543,0.002991199493408203,156,0,0,1,0,0,0,92,7,0,OPTIMAL=1,interval_proves_cutoff=92;upper_skipped_by_nonnegative_interval_lower=7
265,0,lp,lower,9,9,0.032217825,0.031723737716674805,1009,0,0,9,0,0,0,0,0,0,OPTIMAL=9,
265,0,lp,upper,9,9,0.029096036,0.028577804565429688,955,0,0,9,0,0,0,0,0,0,OPTIMAL=9,
265,1,interval_arithmetic,lower,3136,0,0.0,0.0,0,0,0,0,0,884,0,0,0,2252,,interval_arithmetic=884;lower_skipped_by_nonpositive_upper=2252
265,1,interval_arithmetic,upper,3136,0,0.0,0.0,0,0,0,0,0,3136,0,0,0,0,,interval_arithmetic=3136
265,2,lp,lower,1568,62,0.056285435000000016,0.05411887168884277,1082,0,0,62,0,0,0,655,0,851,OPTIMAL=62,interval_proves_cutoff=655;lower_skipped_by_nonpositive_upper=851
265,2,lp,upper,1568,72,0.07317850899999996,0.0660257339477539,1385,0,0,72,0,0,0,841,655,0,OPTIMAL=72,interval_proves_cutoff=841;upper_skipped_by_nonnegative_interval_lower=655
265,3,lp,lower,100,0,0.0,0.0,0,0,0,0,0,0,0,9,0,91,,interval_proves_cutoff=9;lower_skipped_by_nonpositive_upper=91
265,3,lp,upper,100,0,0.0,0.0,0,0,0,0,0,0,0,91,9,0,,interval_proves_cutoff=91;upper_skipped_by_nonnegative_interval_lower=9
266,0,lp,lower,9,9,0.024468945000000002,0.023993730545043945,691,0,0,9,0,0,0,0,0,0,OPTIMAL=9,
266,0,lp,upper,9,9,0.022623700000000004,0.02215886116027832,685,0,0,9,0,0,0,0,0,0,OPTIMAL=9,
266,1,interval_arithmetic,lower,3136,0,0.0,0.0,0,0,0,0,0,861,0,0,0,2275,,interval_arithmetic=861;lower_skipped_by_nonpositive_upper=2275
266,1,interval_arithmetic,upper,3136,0,0.0,0.0,0,0,0,0,0,3136,0,0,0,0,,interval_arithmetic=3136
266,2,lp,lower,1568,47,0.03552170600000001,0.03410673141479492,258,0,0,47,0,0,0,651,0,870,OPTIMAL=47,interval_proves_cutoff=651;lower_skipped_by_nonpositive_upper=870
266,2,lp,upper,1568,48,0.03958579800000002,0.03351092338562012,294,0,0,48,0,0,0,869,651,0,OPTIMAL=48,interval_proves_cutoff=869;upper_skipped_by_nonnegative_interval_lower=651
266,3,lp,lower,100,1,0.002303317,0.0022482872009277344,126,0,0,1,0,0,0,7,0,92,OPTIMAL=1,interval_proves_cutoff=7;lower_skipped_by_nonpositive_upper=92
266,3,lp,upper,100,1,0.002185502,0.0021212100982666016,97,0,0,1,0,0,0,92,7,0,OPTIMAL=1,interval_proves_cutoff=92;upper_skipped_by_nonnegative_interval_lower=7
267,0,lp,lower,9,9,0.044464008,0.04387378692626953,1223,0,0,9,0,0,0,0,0,0,OPTIMAL=9,
267,0,lp,upper,9,9,0.056565726999999996,0.05592918395996094,1543,0,0,9,0,0,0,0,0,0,OPTIMAL=9,
267,1,interval_arithmetic,lower,3136,0,0.0,0.0,0,0,0,0,0,961,0,0,0,2175,,interval_arithmetic=961;lower_skipped_by_nonpositive_upper=2175
267,1,interval_arithmetic,upper,3136,0,0.0,0.0,0,0,0,0,0,3136,0,0,0,0,,interval_arithmetic=3136
267,2,lp,lower,1568,101,0.09046247299999997,0.0868830680847168,1229,0,0,101,0,0,0,668,0,799,OPTIMAL=101,interval_proves_cutoff=668;lower_skipped_by_nonpositive_upper=799
267,2,lp,upper,1568,108,0.10565101599999999,0.09706759452819824,1541,0,0,108,0,0,0,792,668,0,OPTIMAL=108,interval_proves_cutoff=792;upper_skipped_by_nonnegative_interval_lower=668
267,3,lp,lower,100,0,0.0,0.0,0,0,0,0,0,0,0,9,0,91,,interval_proves_cutoff=9;lower_skipped_by_nonpositive_upper=91
267,3,lp,upper,100,0,0.0,0.0,0,0,0,0,0,0,0,91,9,0,,interval_proves_cutoff=91;upper_skipped_by_nonnegative_interval_lower=9
268,0,lp,lower,9,9,0.019660516,0.019218921661376953,699,0,0,9,0,0,0,0,0,0,OPTIMAL=9,
268,0,lp,upper,9,9,0.020316551999999998,0.019861698150634766,723,0,0,9,0,0,0,0,0,0,OPTIMAL=9,
268,1,interval_arithmetic,lower,3136,0,0.0,0.0,0,0,0,0,0,864,0,0,0,2272,,interval_arithmetic=864;lower_skipped_by_nonpositive_upper=2272
268,1,interval_arithmetic,upper,3136,0,0.0,0.0,0,0,0,0,0,3136,0,0,0,0,,interval_arithmetic=3136
268,2,lp,lower,1568,48,0.034877184000000006,0.03336286544799805,287,0,0,48,0,0,0,641,0,879,OPTIMAL=48,interval_proves_cutoff=641;lower_skipped_by_nonpositive_upper=879
268,2,lp,upper,1568,48,0.04182812900000001,0.03583025932312012,343,0,0,48,0,0,0,879,641,0,OPTIMAL=48,interval_proves_cutoff=879;upper_skipped_by_nonnegative_interval_lower=641
268,3,lp,lower,100,1,0.003052176,0.0029783248901367188,150,0,0,1,0,0,0,7,0,92,OPTIMAL=1,interval_proves_cutoff=7;lower_skipped_by_nonpositive_upper=92
268,3,lp,upper,100,1,0.002210457,0.002132892608642578,109,0,0,1,0,0,0,92,7,0,OPTIMAL=1,interval_proves_cutoff=92;upper_skipped_by_nonnegative_interval_lower=7
269,0,lp,lower,9,9,0.081923119,0.0812222957611084,2020,0,0,9,0,0,0,0,0,0,OPTIMAL=9,
269,0,lp,upper,9,9,0.07448156,0.07377934455871582,1938,0,0,9,0,0,0,0,0,0,OPTIMAL=9,
269,1,interval_arithmetic,lower,3136,0,0.0,0.0,0,0,0,0,0,957,0,0,0,2179,,interval_arithmetic=957;lower_skipped_by_nonpositive_upper=2179
269,1,interval_arithmetic,upper,3136,0,0.0,0.0,0,0,0,0,0,3136,0,0,0,0,,interval_arithmetic=3136
269,2,lp,lower,1568,124,0.13765955700000002,0.13269639015197754,2566,0,0,124,0,0,0,678,0,766,OPTIMAL=124,interval_proves_cutoff=678;lower_skipped_by_nonpositive_upper=766
269,2,lp,upper,1568,138,0.158915765,0.14836430549621582,2903,0,0,138,0,0,0,752,678,0,OPTIMAL=138,interval_proves_cutoff=752;upper_skipped_by_nonnegative_interval_lower=678
269,3,lp,lower,100,1,0.012146961,0.012067079544067383,383,0,0,1,0,0,0,8,0,91,OPTIMAL=1,interval_proves_cutoff=8;lower_skipped_by_nonpositive_upper=91
269,3,lp,upper,100,1,0.008338747,0.008245468139648438,287,0,0,1,0,0,0,91,8,0,OPTIMAL=1,interval_proves_cutoff=91;upper_skipped_by_nonnegative_interval_lower=8
270,0,lp,lower,9,9,0.078097902,0.07744717597961426,1830,0,0,9,0,0,0,0,0,0,OPTIMAL=9,
270,0,lp,upper,9,9,0.079222699,0.07857275009155273,1822,0,0,9,0,0,0,0,0,0,OPTIMAL=9,
270,1,interval_arithmetic,lower,3136,0,0.0,0.0,0,0,0,0,0,922,0,0,0,2214,,interval_arithmetic=922;lower_skipped_by_nonpositive_upper=2214
270,1,interval_arithmetic,upper,3136,0,0.0,0.0,0,0,0,0,0,3136,0,0,0,0,,interval_arithmetic=3136
270,2,lp,lower,1568,114,0.116540923,0.11225223541259766,1490,0,0,114,0,0,0,678,0,776,OPTIMAL=114,interval_proves_cutoff=678;lower_skipped_by_nonpositive_upper=776
270,2,lp,upper,1568,115,0.12932096499999998,0.1199343204498291,1673,0,0,115,0,0,0,775,678,0,OPTIMAL=115,interval_proves_cutoff=775;upper_skipped_by_nonnegative_interval_lower=678
270,3,lp,lower,100,1,0.006384874,0.006309032440185547,294,0,0,1,0,0,0,8,0,91,OPTIMAL=1,interval_proves_cutoff=8;lower_skipped_by_nonpositive_upper=91
270,3,lp,upper,100,1,0.005905299,0.005817890167236328,226,0,0,1,0,0,0,91,8,0,OPTIMAL=1,interval_proves_cutoff=91;upper_skipped_by_nonnegative_interval_lower=8
271,0,lp,lower,9,9,0.055310855,0.05471444129943848,1408,0,0,9,0,0,0,0,0,0,OPTIMAL=9,
271,0,lp,upper,9,9,0.059876043999999996,0.05929255485534668,1414,0,0,9,0,0,0,0,0,0,OPTIMAL=9,
271,1,interval_arithmetic,lower,3136,0,0.0,0.0,0,0,0,0,0,926,0,0,0,2210,,interval_arithmetic=926;lower_skipped_by_nonpositive_upper=2210
271,1,interval_arithmetic,upper,3136,0,0.0,0.0,0,0,0,0,0,3136,0,0,0,0,,interval_arithmetic=3136
271,2,lp,lower,1568,89,0.081627559,0.07854771614074707,1106,0,0,89,0,0,0,667,0,812,OPTIMAL=89,interval_proves_cutoff=667;lower_skipped_by_nonpositive_upper=812
271,2,lp,upper,1568,97,0.098152289,0.09018945693969727,1255,0,0,97,0,0,0,804,667,0,OPTIMAL=97,interval_proves_cutoff=804;upper_skipped_by_nonnegative_interval_lower=667
271,3,lp,lower,100,1,0.004686587,0.0046062469482421875,224,0,0,1,0,0,0,7,0,92,OPTIMAL=1,interval_proves_cutoff=7;lower_skipped_by_nonpositive_upper=92
271,3,lp,upper,100,2,0.009617951,0.009469747543334961,362,0,0,2,0,0,0,91,7,0,OPTIMAL=2,interval_proves_cutoff=91;upper_skipped_by_nonnegative_interval_lower=7
272,0,lp,lower,9,9,0.043050159000000005,0.04245162010192871,1353,0,0,9,0,0,0,0,0,0,OPTIMAL=9,
272,0,lp,upper,9,9,0.04799979000000001,0.047356605529785156,1471,0,0,9,0,0,0,0,0,0,OPTIMAL=9,
272,1,interval_arithmetic,lower,3136,0,0.0,0.0,0,0,0,0,0,945,0,0,0,2191,,interval_arithmetic=945;lower_skipped_by_nonpositive_upper=2191
272,1,interval_arithmetic,upper,3136,0,0.0,0.0,0,0,0,0,0,3136,0,0,0,0,,interval_arithmetic=3136
272,2,lp,lower,1568,103,0.09463915700000003,0.09101557731628418,1189,0,0,103,0,0,0,670,0,795,OPTIMAL=103,interval_proves_cutoff=670;lower_skipped_by_nonpositive_upper=795
272,2,lp,upper,1568,106,0.104863606,0.09633040428161621,1311,0,0,106,0,0,0,792,670,0,OPTIMAL=106,interval_proves_cutoff=792;upper_skipped_by_nonnegative_interval_lower=670
272,3,lp,lower,100,1,0.007544166,0.007466554641723633,269,0,0,1,0,0,0,8,0,91,OPTIMAL=1,interval_proves_cutoff=8;lower_skipped_by_nonpositive_upper=91
272,3,lp,upper,100,1,0.00486563,0.004777193069458008,213,0,0,1,0,0,0,91,8,0,OPTIMAL=1,interval_proves_cutoff=91;upper_skipped_by_nonnegative_interval_lower=8
273,0,lp,lower,9,9,0.049171962,0.04863572120666504,1228,0,0,9,0,0,0,0,0,0,OPTIMAL=9,
273,0,lp,upper,9,9,0.047980884,0.04742240905761719,1169,0,0,9,0,0,0,0,0,0,OPTIMAL=9,
273,1,interval_arithmetic,lower,3136,0,0.0,0.0,0,0,0,0,0,851,0,0,0,2285,,interval_arithmetic=851;lower_skipped_by_nonpositive_upper=2285
273,1,interval_arithmetic,upper,3136,0,0.0,0.0,0,0,0,0,0,3136,0,0,0,0,,interval_arithmetic=3136
273,2,lp,lower,1568,87,0.07118202600000001,0.06841754913330078,1039,0,0,87,0,0,0,619,0,862,OPTIMAL=87,interval_proves_cutoff=619;lower_skipped_by_nonpositive_upper=862
273,2,lp,upper,1568,93,0.08285427400000002,0.07544517517089844,1259,0,0,93,0,0,0,856,619,0,OPTIMAL=93,interval_proves_cutoff=856;upper_skipped_by_nonnegative_interval_lower=619
273,3,lp,lower,100,3,0.012146617,0.011966466903686523,352,0,0,3,0,0,0,6,0,91,OPTIMAL=3,interval_proves_cutoff=6;lower_skipped_by_nonpositive_upper=91
273,3,lp,upper,100,3,0.011727509,0.011514425277709961,349,0,0,3,0,0,0,91,6,0,OPTIMAL=3,interval_proves_cutoff=91;upper_skipped_by_nonnegative_interval_lower=6
274,0,lp,lower,9,9,0.038909358,0.03832817077636719,1264,0,0,9,0,0,0,0,0,0,OPTIMAL=9,
274,0,lp,upper,9,9,0.04149122300000001,0.040880441665649414,1358,0,0,9,0,0,0,0,0,0,OPTIMAL=9,
274,1,interval_arithmetic,lower,3136,0,0.0,0.0,0,0,0,0,0,917,0,0,0,2219,,interval_arithmetic=917;lower_skipped_by_nonpositive_upper=2219
274,1,interval_arithmetic,upper,3136,0,0.0,0.0,0,0,0,0,0,3136,0,0,0,0,,interval_arithmetic=3136
274,2,lp,lower,1568,84,0.07936625200000001,0.0763390064239502,1139,0,0,84,0,0,0,655,0,829,OPTIMAL=84,interval_proves_cutoff=655;lower_skipped_by_nonpositive_upper=829
274,2,lp,upper,1568,87,0.08647719199999998,0.0783853530883789,1234,0,0,87,0,0,0,826,655,0,OPTIMAL=87,interval_proves_cutoff=826;upper_skipped_by_nonnegative_interval_lower=655
274,3,lp,lower,100,0,0.0,0.0,0,0,0,0,0,0,0,9,0,91,,interval_proves_cutoff=9;lower_skipped_by_nonpositive_upper=91
274,3,lp,upper,100,0,0.0,0.0,0,0,0,0,0,0,0,91,9,0,,interval_proves_cutoff=91;upper_skipped_by_nonnegative_interval_lower=9
275,0,lp,lower,9,9,0.046199248,0.04561591148376465,1324,0,0,9,0,0,0,0,0,0,OPTIMAL=9,
275,0,lp,upper,9,9,0.055340742,0.05474281311035156,1454,0,0,9,0,0,0,0,0,0,OPTIMAL=9,
275,1,interval_arithmetic,lower,3136,0,0.0,0.0,0,0,0,0,0,944,0,0,0,2192,,interval_arithmetic=944;lower_skipped_by_nonpositive_upper=2192
275,1,interval_arithmetic,upper,3136,0,0.0,0.0,0,0,0,0,0,3136,0,0,0,0,,interval_arithmetic=3136
275,2,lp,lower,1568,94,0.08954601599999999,0.08621692657470703,1500,0,0,94,0,0,0,669,0,805,OPTIMAL=94,interval_proves_cutoff=669;lower_skipped_by_nonpositive_upper=805
275,2,lp,upper,1568,101,0.104561099,0.09612011909484863,1759,0,0,101,0,0,0,798,669,0,OPTIMAL=101,interval_proves_cutoff=798;upper_skipped_by_nonnegative_interval_lower=669
275,3,lp,lower,100,1,0.006692071,0.0066187381744384766,275,0,0,1,0,0,0,8,0,91,OPTIMAL=1,interval_proves_cutoff=8;lower_skipped_by_nonpositive_upper=91
275,3,lp,upper,100,1,0.004946788,0.0048596858978271484,182,0,0,1,0,0,0,91,8,0,OPTIMAL=1,interval_proves_cutoff=91;upper_skipped_by_nonnegative_interval_lower=8
276,0,lp,lower,9,9,0.050187436999999994,0.049576520919799805,1258,0,0,9,0,0,0,0,0,0,OPTIMAL=9,
276,0,lp,upper,9,9,0.047741541,0.047167301177978516,1237,0,0,9,0,0,0,0,0,0,OPTIMAL=9,
276,1,interval_arithmetic,lower,3136,0,0.0,0.0,0,0,0,0,0,908,0,0,0,2228,,interval_arithmetic=908;lower_skipped_by_nonpositive_upper=2228
276,1,interval_arithmetic,upper,3136,0,0.0,0.0,0,0,0,0,0,3136,0,0,0,0,,interval_arithmetic=3136
276,2,lp,lower,1568,88,0.07393549900000003,0.07095646858215332,925,0,0,88,0,0,0,667,0,813,OPTIMAL=88,interval_proves_cutoff=667;lower_skipped_by_nonpositive_upper=813
276,2,lp,upper,1568,89,0.080915073,0.07305383682250977,998,0,0,89,0,0,0,812,667,0,OPTIMAL=89,interval_proves_cutoff=812;upper_skipped_by_nonnegative_interval_lower=667
276,3,lp,lower,100,1,0.006042546,0.005967140197753906,237,0,0,1,0,0,0,8,0,91,OPTIMAL=1,interval_proves_cutoff=8;lower_skipped_by_nonpositive_upper=91
276,3,lp,upper,100,1,0.004865049,0.004789829254150391,203,0,0,1,0,0,0,91,8,0,OPTIMAL=1,interval_proves_cutoff=91;upper_skipped_by_nonnegative_interval_lower=8
277,0,lp,lower,9,9,0.027269524,0.026764392852783203,751,0,0,9,0,0,0,0,0,0,OPTIMAL=9,
277,0,lp,upper,9,9,0.026783005,0.026271343231201172,758,0,0,9,0,0,0,0,0,0,OPTIMAL=9,
277,1,interval_arithmetic,lower,3136,0,0.0,0.0,0,0,0,0,0,853,0,0,0,2283,,interval_arithmetic=853;lower_skipped_by_nonpositive_upper=2283
277,1,interval_arithmetic,upper,3136,0,0.0,0.0,0,0,0,0,0,3136,0,0,0,0,,interval_arithmetic=3136
277,2,lp,lower,1568,57,0.04227682600000001,0.04051065444946289,405,0,0,57,0,0,0,639,0,872,OPTIMAL=57,interval_proves_cutoff=639;lower_skipped_by_nonpositive_upper=872
277,2,lp,upper,1568,57,0.049572795999999995,0.04330277442932129,540,0,0,57,0,0,0,872,639,0,OPTIMAL=57,interval_proves_cutoff=872;upper_skipped_by_nonnegative_interval_lower=639
277,3,lp,lower,100,1,0.002671792,0.002612590789794922,129,0,0,1,0,0,0,8,0,91,OPTIMAL=1,interval_proves_cutoff=8;lower_skipped_by_nonpositive_upper=91
277,3,lp,upper,100,1,0.002764521,0.002692699432373047,116,0,0,1,0,0,0,91,8,0,OPTIMAL=1,interval_proves_cutoff=91;upper_skipped_by_nonnegative_interval_lower=8
278,0,lp,lower,9,9,0.027855112999999997,0.027326107025146484,872,0,0,9,0,0,0,0,0,0,OPTIMAL=9,
278,0,lp,upper,9,9,0.031412573000000006,0.030867338180541992,1017,0,0,9,0,0,0,0,0,0,OPTIMAL=9,
278,1,interval_arithmetic,lower,3136,0,0.0,0.0,0,0,0,0,0,941,0,0,0,2195,,interval_arithmetic=941;lower_skipped_by_nonpositive_upper=2195
278,1,interval_arithmetic,upper,3136,0,0.0,0.0,0,0,0,0,0,3136,0,0,0,0,,interval_arithmetic=3136
278,2,lp,lower,1568,75,0.06394094899999998,0.0614778995513916,791,0,0,75,0,0,0,664,0,829,OPTIMAL=75,interval_proves_cutoff=664;lower_skipped_by_nonpositive_upper=829
278,2,lp,upper,1568,84,0.07979783400000001,0.0715484619140625,984,0,0,84,0,0,0,820,664,0,OPTIMAL=84,interval_proves_cutoff=820;upper_skipped_by_nonnegative_interval_lower=664
278,3,lp,lower,100,0,0.0,0.0,0,0,0,0,0,0,0,9,0,91,,interval_proves_cutoff=9;lower_skipped_by_nonpositive_upper=91
278,3,lp,upper,100,0,0.0,0.0,0,0,0,0,0,0,0,91,9,0,,interval_proves_cutoff=91;upper_skipped_by_nonnegative_interval_lower=9
279,0,lp,lower,9,9,0.03547164999999999,0.03490567207336426,1071,0,0,9,0,0,0,0,0,0,OPTIMAL=9,
279,0,lp,upper,9,9,0.037673973,0.037117719650268555,1074,0,0,9,0,0,0,0,0,0,OPTIMAL=9,
279,1,interval_arithmetic,lower,3136,0,0.0,0.0,0,0,0,0,0,917,0,0,0,2219,,interval_arithmetic=917;lower_skipped_by_nonpositive_upper=2219
279,1,interval_arithmetic,upper,3136,0,0.0,0.0,0,0,0,0,0,3136,0,0,0,0,,interval_arithmetic=3136
279,2,lp,lower,1568,79,0.062275554,0.05968761444091797,475,0,0,79,0,0,0,688,0,801,OPTIMAL=79,interval_proves_cutoff=688;lower_skipped_by_nonpositive_upper=801
279,2,lp,upper,1568,81,0.07100323000000001,0.06357955932617188,587,0,0,81,0,0,0,799,688,0,OPTIMAL=81,interval_proves_cutoff=799;upper_skipped_by_nonnegative_interval_lower=688
279,3,lp,lower,100,1,0.003741263,0.0036690235137939453,182,0,0,1,0,0,0,8,0,91,OPTIMAL=1,interval_proves_cutoff=8;lower_skipped_by_nonpositive_upper=91
279,3,lp,upper,100,1,0.004526178,0.004453420639038086,182,0,0,1,0,0,0,91,8,0,OPTIMAL=1,interval_proves_cutoff=91;upper_skipped_by_nonnegative_interval_lower=8
280,0,lp,lower,9,9,0.024695213,0.024235248565673828,774,0,0,9,0,0,0,0,0,0,OPTIMAL=9,
280,0,lp,upper,9,9,0.023165594,0.022666215896606445,761,0,0,9,0,0,0,0,0,0,OPTIMAL=9,
280,1,interval_arithmetic,lower,3136,0,0.0,0.0,0,0,0,0,0,836,0,0,0,2300,,interval_arithmetic=836;lower_skipped_by_nonpositive_upper=2300
280,1,interval_arithmetic,upper,3136,0,0.0,0.0,0,0,0,0,0,3136,0,0,0,0,,interval_arithmetic=3136
280,2,lp,lower,1568,60,0.044926349000000004,0.04307055473327637,422,0,0,60,0,0,0,628,0,880,OPTIMAL=60,interval_proves_cutoff=628;lower_skipped_by_nonpositive_upper=880
280,2,lp,upper,1568,65,0.06278420600000002,0.05621814727783203,669,0,0,65,0,0,0,875,628,0,OPTIMAL=65,interval_proves_cutoff=875;upper_skipped_by_nonnegative_interval_lower=628
280,3,lp,lower,100,0,0.0,0.0,0,0,0,0,0,0,0,9,0,91,,interval_proves_cutoff=9;lower_skipped_by_nonpositive_upper=91
280,3,lp,upper,100,0,0.0,0.0,0,0,0,0,0,0,0,91,9,0,,interval_proves_cutoff=91;upper_skipped_by_nonnegative_interval_lower=9
281,0,lp,lower,9,9,0.028464843999999996,0.02793717384338379,1126,0,0,9,0,0,0,0,0,0,OPTIMAL=9,
281,0,lp,upper,9,9,0.028926856,0.02834153175354004,1076,0,0,9,0,0,0,0,0,0,OPTIMAL=9,
281,1,interval_arithmetic,lower,3136,0,0.0,0.0,0,0,0,0,0,921,0,0,0,2215,,interval_arithmetic=921;lower_skipped_by_nonpositive_upper=2215
281,1,interval_arithmetic,upper,3136,0,0.0,0.0,0,0,0,0,0,3136,0,0,0,0,,interval_arithmetic=3136
281,2,lp,lower,1568,71,0.066507961,0.06399226188659668,948,0,0,71,0,0,0,681,0,816,OPTIMAL=71,interval_proves_cutoff=681;lower_skipped_by_nonpositive_upper=816
281,2,lp,upper,1568,79,0.08404881999999998,0.0764622688293457,1196,0,0,79,0,0,0,808,681,0,OPTIMAL=79,interval_proves_cutoff=808;upper_skipped_by_nonnegative_interval_lower=681
281,3,lp,lower,100,2,0.005400871,0.0052831172943115234,230,0,0,2,0,0,0,7,0,91,OPTIMAL=2,interval_proves_cutoff=7;lower_skipped_by_nonpositive_upper=91
281,3,lp,upper,100,2,0.006153005,0.006014823913574219,273,0,0,2,0,0,0,91,7,0,OPTIMAL=2,interval_proves_cutoff=91;upper_skipped_by_nonnegative_interval_lower=7
282,0,lp,lower,9,9,0.03993417999999999,0.039379119873046875,1037,0,0,9,0,0,0,0,0,0,OPTIMAL=9,
282,0,lp,upper,9,9,0.043428913,0.04287910461425781,1079,0,0,9,0,0,0,0,0,0,OPTIMAL=9,
282,1,interval_arithmetic,lower,3136,0,0.0,0.0,0,0,0,0,0,907,0,0,0,2229,,interval_arithmetic=907;lower_skipped_by_nonpositive_upper=2229
282,1,interval_arithmetic,upper,3136,0,0.0,0.0,0,0,0,0,0,3136,0,0,0,0,,interval_arithmetic=3136
282,2,lp,lower,1568,75,0.06144926499999999,0.0588529109954834,780,0,0,75,0,0,0,655,0,838,OPTIMAL=75,interval_proves_cutoff=655;lower_skipped_by_nonpositive_upper=838
282,2,lp,upper,1568,88,0.08180652800000002,0.07421112060546875,1008,0,0,88,0,0,0,825,655,0,OPTIMAL=88,interval_proves_cutoff=825;upper_skipped_by_nonnegative_interval_lower=655
282,3,lp,lower,100,2,0.0057740510000000005,0.005660057067871094,214,0,0,2,0,0,0,7,0,91,OPTIMAL=2,interval_proves_cutoff=7;lower_skipped_by_nonpositive_upper=91
282,3,lp,upper,100,2,0.0057988910000000005,0.005669355392456055,220,0,0,2,0,0,0,91,7,0,OPTIMAL=2,interval_proves_cutoff=91;upper_skipped_by_nonnegative_interval_lower=7
284,0,lp,lower,9,9,0.071766766,0.0711660385131836,1593,0,0,9,0,0,0,0,0,0,OPTIMAL=9,
284,0,lp,upper,9,9,0.078015537,0.07738184928894043,1694,0,0,9,0,0,0,0,0,0,OPTIMAL=9,
284,1,interval_arithmetic,lower,3136,0,0.0,0.0,0,0,0,0,0,878,0,0,0,2258,,interval_arithmetic=878;lower_skipped_by_nonpositive_upper=2258
284,1,interval_arithmetic,upper,3136,0,0.0,0.0,0,0,0,0,0,3136,0,0,0,0,,interval_arithmetic=3136
284,2,lp,lower,1568,94,0.08612993099999999,0.08284544944763184,1325,0,0,94,0,0,0,643,0,831,OPTIMAL=94,interval_proves_cutoff=643;lower_skipped_by_nonpositive_upper=831
284,2,lp,upper,1568,101,0.09930041299999998,0.09131026268005371,1579,0,0,101,0,0,0,824,643,0,OPTIMAL=101,interval_proves_cutoff=824;upper_skipped_by_nonnegative_interval_lower=643
284,3,lp,lower,100,2,0.011084856,0.010943412780761719,321,0,0,2,0,0,0,7,0,91,OPTIMAL=2,interval_proves_cutoff=7;lower_skipped_by_nonpositive_upper=91
284,3,lp,upper,100,2,0.009004584999999999,0.008835792541503906,349,0,0,2,0,0,0,91,7,0,OPTIMAL=2,interval_proves_cutoff=91;upper_skipped_by_nonnegative_interval_lower=7
285,0,lp,lower,9,9,0.05101689000000001,0.050408124923706055,1448,0,0,9,0,0,0,0,0,0,OPTIMAL=9,
285,0,lp,upper,9,9,0.05136781000000001,0.05074930191040039,1551,0,0,9,0,0,0,0,0,0,OPTIMAL=9,
285,1,interval_arithmetic,lower,3136,0,0.0,0.0,0,0,0,0,0,914,0,0,0,2222,,interval_arithmetic=914;lower_skipped_by_nonpositive_upper=2222
285,1,interval_arithmetic,upper,3136,0,0.0,0.0,0,0,0,0,0,3136,0,0,0,0,,interval_arithmetic=3136
285,2,lp,lower,1568,99,0.09773907299999997,0.09405636787414551,1811,0,0,99,0,0,0,652,0,817,OPTIMAL=99,interval_proves_cutoff=652;lower_skipped_by_nonpositive_upper=817
285,2,lp,upper,1568,107,0.11475308499999999,0.10541939735412598,1989,0,0,107,0,0,0,809,652,0,OPTIMAL=107,interval_proves_cutoff=809;upper_skipped_by_nonnegative_interval_lower=652
285,3,lp,lower,100,0,0.0,0.0,0,0,0,0,0,0,0,9,0,91,,interval_proves_cutoff=9;lower_skipped_by_nonpositive_upper=91
285,3,lp,upper,100,0,0.0,0.0,0,0,0,0,0,0,0,91,9,0,,interval_proves_cutoff=91;upper_skipped_by_nonnegative_interval_lower=9
286,0,lp,lower,9,9,0.05049928299999999,0.0498814582824707,1548,0,0,9,0,0,0,0,0,0,OPTIMAL=9,
286,0,lp,upper,9,9,0.054886881,0.05426907539367676,1586,0,0,9,0,0,0,0,0,0,OPTIMAL=9,
286,1,interval_arithmetic,lower,3136,0,0.0,0.0,0,0,0,0,0,919,0,0,0,2217,,interval_arithmetic=919;lower_skipped_by_nonpositive_upper=2217
286,1,interval_arithmetic,upper,3136,0,0.0,0.0,0,0,0,0,0,3136,0,0,0,0,,interval_arithmetic=3136
286,2,lp,lower,1568,105,0.09727121500000002,0.09352231025695801,1366,0,0,105,0,0,0,655,0,808,OPTIMAL=105,interval_proves_cutoff=655;lower_skipped_by_nonpositive_upper=808
286,2,lp,upper,1568,115,0.11023465099999996,0.1007232666015625,1596,0,0,115,0,0,0,798,655,0,OPTIMAL=115,interval_proves_cutoff=798;upper_skipped_by_nonnegative_interval_lower=655
286,3,lp,lower,100,1,0.006109289,0.006028890609741211,278,0,0,1,0,0,0,8,0,91,OPTIMAL=1,interval_proves_cutoff=8;lower_skipped_by_nonpositive_upper=91
286,3,lp,upper,100,1,0.004952994,0.0048711299896240234,214,0,0,1,0,0,0,91,8,0,OPTIMAL=1,interval_proves_cutoff=91;upper_skipped_by_nonnegative_interval_lower=8
287,0,lp,lower,9,9,0.03298095400000001,0.03243708610534668,1115,0,0,9,0,0,0,0,0,0,OPTIMAL=9,
287,0,lp,upper,9,9,0.031013699000000002,0.030463457107543945,1152,0,0,9,0,0,0,0,0,0,OPTIMAL=9,
287,1,interval_arithmetic,lower,3136,0,0.0,0.0,0,0,0,0,0,906,0,0,0,2230,,interval_arithmetic=906;lower_skipped_by_nonpositive_upper=2230
287,1,interval_arithmetic,upper,3136,0,0.0,0.0,0,0,0,0,0,3136,0,0,0,0,,interval_arithmetic=3136
287,2,lp,lower,1568,74,0.067297989,0.06464719772338867,1001,0,0,74,0,0,0,645,0,849,OPTIMAL=74,interval_proves_cutoff=645;lower_skipped_by_nonpositive_upper=849
287,2,lp,upper,1568,84,0.08230474400000003,0.07474255561828613,1261,0,0,84,0,0,0,839,645,0,OPTIMAL=84,interval_proves_cutoff=839;upper_skipped_by_nonnegative_interval_lower=645
287,3,lp,lower,100,0,0.0,0.0,0,0,0,0,0,0,0,9,0,91,,interval_proves_cutoff=9;lower_skipped_by_nonpositive_upper=91
287,3,lp,upper,100,0,0.0,0.0,0,0,0,0,0,0,0,91,9,0,,interval_proves_cutoff=91;upper_skipped_by_nonnegative_interval_lower=9
288,0,lp,lower,9,9,0.038261647,0.03769183158874512,1084,0,0,9,0,0,0,0,0,0,OPTIMAL=9,
288,0,lp,upper,9,9,0.037093168999999995,0.03647160530090332,1173,0,0,9,0,0,0,0,0,0,OPTIMAL=9,
288,1,interval_arithmetic,lower,3136,0,0.0,0.0,0,0,0,0,0,920,0,0,0,2216,,interval_arithmetic=920;lower_skipped_by_nonpositive_upper=2216
288,1,interval_arithmetic,upper,3136,0,0.0,0.0,0,0,0,0,0,3136,0,0,0,0,,interval_arithmetic=3136
288,2,lp,lower,1568,94,0.08064844599999998,0.07744932174682617,840,0,0,94,0,0,0,669,0,805,OPTIMAL=94,interval_proves_cutoff=669;lower_skipped_by_nonpositive_upper=805
288,2,lp,upper,1568,97,0.09128224900000001,0.08309149742126465,977,0,0,97,0,0,0,802,669,0,OPTIMAL=97,interval_proves_cutoff=802;upper_skipped_by_nonnegative_interval_lower=669
288,3,lp,lower,100,0,0.0,0.0,0,0,0,0,0,0,0,9,0,91,,interval_proves_cutoff=9;lower_skipped_by_nonpositive_upper=91
288,3,lp,upper,100,0,0.0,0.0,0,0,0,0,0,0,0,91,9,0,,interval_proves_cutoff=91;upper_skipped_by_nonnegative_interval_lower=9
289,0,lp,lower,9,9,0.018555756,0.018079280853271484,577,0,0,9,0,0,0,0,0,0,OPTIMAL=9,
289,0,lp,upper,9,9,0.020891951000000002,0.020412445068359375,652,0,0,9,0,0,0,0,0,0,OPTIMAL=9,
289,1,interval_arithmetic,lower,3136,0,0.0,0.0,0,0,0,0,0,854,0,0,0,2282,,interval_arithmetic=854;lower_skipped_by_nonpositive_upper=2282
289,1,interval_arithmetic,upper,3136,0,0.0,0.0,0,0,0,0,0,3136,0,0,0,0,,interval_arithmetic=3136
289,2,lp,lower,1568,49,0.03202915900000001,0.030625104904174805,183,0,0,49,0,0,0,642,0,877,OPTIMAL=49,interval_proves_cutoff=642;lower_skipped_by_nonpositive_upper=877
289,2,lp,upper,1568,49,0.19172899100000002,0.034371137619018555,269,0,0,49,0,0,0,877,642,0,OPTIMAL=49,interval_proves_cutoff=877;upper_skipped_by_nonnegative_interval_lower=642
289,3,lp,lower,100,0,0.0,0.0,0,0,0,0,0,0,0,9,0,91,,interval_proves_cutoff=9;lower_skipped_by_nonpositive_upper=91
289,3,lp,upper,100,0,0.0,0.0,0,0,0,0,0,0,0,91,9,0,,interval_proves_cutoff=91;upper_skipped_by_nonnegative_interval_lower=9
290,0,lp,lower,9,9,0.04984277899999999,0.04928183555603027,1348,0,0,9,0,0,0,0,0,0,OPTIMAL=9,
290,0,lp,upper,9,9,0.053409793,0.05277514457702637,1442,0,0,9,0,0,0,0,0,0,OPTIMAL=9,
290,1,interval_arithmetic,lower,3136,0,0.0,0.0,0,0,0,0,0,889,0,0,0,2247,,interval_arithmetic=889;lower_skipped_by_nonpositive_upper=2247
290,1,interval_arithmetic,upper,3136,0,0.0,0.0,0,0,0,0,0,3136,0,0,0,0,,interval_arithmetic=3136
290,2,lp,lower,1568,93,0.08137383899999999,0.07822394371032715,1188,0,0,93,0,0,0,667,0,808,OPTIMAL=93,interval_proves_cutoff=667;lower_skipped_by_nonpositive_upper=808
290,2,lp,upper,1568,95,0.092009049,0.08413243293762207,1367,0,0,95,0,0,0,806,667,0,OPTIMAL=95,interval_proves_cutoff=806;upper_skipped_by_nonnegative_interval_lower=667
290,3,lp,lower,100,0,0.0,0.0,0,0,0,0,0,0,0,9,0,91,,interval_proves_cutoff=9;lower_skipped_by_nonpositive_upper=91
290,3,lp,upper,100,0,0.0,0.0,0,0,0,0,0,0,0,91,9,0,,interval_proves_cutoff=91;upper_skipped_by_nonnegative_interval_lower=9
291,0,lp,lower,9,9,0.041025277,0.04046440124511719,1226,0,0,9,0,0,0,0,0,0,OPTIMAL=9,
291,0,lp,upper,9,9,0.040991112999999996,0.04042673110961914,1206,0,0,9,0,0,0,0,0,0,OPTIMAL=9,
291,1,interval_arithmetic,lower,3136,0,0.0,0.0,0,0,0,0,0,937,0,0,0,2199,,interval_arithmetic=937;lower_skipped_by_nonpositive_upper=2199
291,1,interval_arithmetic,upper,3136,0,0.0,0.0,0,0,0,0,0,3136,0,0,0,0,,interval_arithmetic=3136
291,2,lp,lower,1568,79,0.079013193,0.07610559463500977,1378,0,0,79,0,0,0,687,0,802,OPTIMAL=79,interval_proves_cutoff=687;lower_skipped_by_nonpositive_upper=802
291,2,lp,upper,1568,86,0.09503091500000004,0.08655834197998047,1608,0,0,86,0,0,0,795,687,0,OPTIMAL=86,interval_proves_cutoff=795;upper_skipped_by_nonnegative_interval_lower=687
291,3,lp,lower,100,1,0.008540191,0.008473396301269531,282,0,0,1,0,0,0,8,0,91,OPTIMAL=1,interval_proves_cutoff=8;lower_skipped_by_nonpositive_upper=91
291,3,lp,upper,100,1,0.004313878,0.004235744476318359,201,0,0,1,0,0,0,91,8,0,OPTIMAL=1,interval_proves_cutoff=91;upper_skipped_by_nonnegative_interval_lower=8
292,0,lp,lower,9,9,0.055279856,0.054674625396728516,1553,0,0,9,0,0,0,0,0,0,OPTIMAL=9,
292,0,lp,upper,9,9,0.055619456,0.05496859550476074,1711,0,0,9,0,0,0,0,0,0,OPTIMAL=9,
292,1,interval_arithmetic,lower,3136,0,0.0,0.0,0,0,0,0,0,939,0,0,0,2197,,interval_arithmetic=939;lower_skipped_by_nonpositive_upper=2197
292,1,interval_arithmetic,upper,3136,0,0.0,0.0,0,0,0,0,0,3136,0,0,0,0,,interval_arithmetic=3136
292,2,lp,lower,1568,104,0.09869126599999997,0.09492754936218262,1706,0,0,104,0,0,0,663,0,801,OPTIMAL=104,interval_proves_cutoff=663;lower_skipped_by_nonpositive_upper=801
292,2,lp,upper,1568,110,0.11067446600000001,0.10175728797912598,1779,0,0,110,0,0,0,795,663,0,OPTIMAL=110,interval_proves_cutoff=795;upper_skipped_by_nonnegative_interval_lower=663
292,3,lp,lower,100,0,0.0,0.0,0,0,0,0,0,0,0,9,0,91,,interval_proves_cutoff=9;lower_skipped_by_nonpositive_upper=91
292,3,lp,upper,100,0,0.0,0.0,0,0,0,0,0,0,0,91,9,0,,interval_proves_cutoff=91;upper_skipped_by_nonnegative_interval_lower=9
293,0,lp,lower,9,9,0.023218057999999996,0.022716522216796875,746,0,0,9,0,0,0,0,0,0,OPTIMAL=9,
293,0,lp,upper,9,9,0.025849671,0.025331974029541016,841,0,0,9,0,0,0,0,0,0,OPTIMAL=9,
293,1,interval_arithmetic,lower,3136,0,0.0,0.0,0,0,0,0,0,906,0,0,0,2230,,interval_arithmetic=906;lower_skipped_by_nonpositive_upper=2230
293,1,interval_arithmetic,upper,3136,0,0.0,0.0,0,0,0,0,0,3136,0,0,0,0,,interval_arithmetic=3136
293,2,lp,lower,1568,59,0.045766201999999985,0.04387259483337402,507,0,0,59,0,0,0,683,0,826,OPTIMAL=59,interval_proves_cutoff=683;lower_skipped_by_nonpositive_upper=826
293,2,lp,upper,1568,61,0.056319740000000014,0.04989886283874512,594,0,0,61,0,0,0,824,683,0,OPTIMAL=61,interval_proves_cutoff=824;upper_skipped_by_nonnegative_interval_lower=683
293,3,lp,lower,100,0,0.0,0.0,0,0,0,0,0,0,0,9,0,91,,interval_proves_cutoff=9;lower_skipped_by_nonpositive_upper=91
293,3,lp,upper,100,0,0.0,0.0,0,0,0,0,0,0,0,91,9,0,,interval_proves_cutoff=91;upper_skipped_by_nonnegative_interval_lower=9
294,0,lp,lower,9,9,0.043452017,0.042893171310424805,1232,0,0,9,0,0,0,0,0,0,OPTIMAL=9,
294,0,lp,upper,9,9,0.03626257,0.03570699691772461,1121,0,0,9,0,0,0,0,0,0,OPTIMAL=9,
294,1,interval_arithmetic,lower,3136,0,0.0,0.0,0,0,0,0,0,921,0,0,0,2215,,interval_arithmetic=921;lower_skipped_by_nonpositive_upper=2215
294,1,interval_arithmetic,upper,3136,0,0.0,0.0,0,0,0,0,0,3136,0,0,0,0,,interval_arithmetic=3136
294,2,lp,lower,1568,73,0.06625599,0.06371593475341797,832,0,0,73,0,0,0,668,0,827,OPTIMAL=73,interval_proves_cutoff=668;lower_skipped_by_nonpositive_upper=827
294,2,lp,upper,1568,74,0.072671978,0.06556582450866699,946,0,0,74,0,0,0,826,668,0,OPTIMAL=74,interval_proves_cutoff=826;upper_skipped_by_nonnegative_interval_lower=668
294,3,lp,lower,100,2,0.006596009,0.006471872329711914,232,0,0,2,0,0,0,7,0,91,OPTIMAL=2,interval_proves_cutoff=7;lower_skipped_by_nonpositive_upper=91
294,3,lp,upper,100,2,0.007113002,0.006972551345825195,250,0,0,2,0,0,0,91,7,0,OPTIMAL=2,interval_proves_cutoff=91;upper_skipped_by_nonnegative_interval_lower=7
295,0,lp,lower,9,9,0.055658436,0.05501270294189453,1537,0,0,9,0,0,0,0,0,0,OPTIMAL=9,
295,0,lp,upper,9,9,0.055087669000000006,0.05446028709411621,1602,0,0,9,0,0,0,0,0,0,OPTIMAL=9,
295,1,interval_arithmetic,lower,3136,0,0.0,0.0,0,0,0,0,0,931,0,0,0,2205,,interval_arithmetic=931;lower_skipped_by_nonpositive_upper=2205
295,1,interval_arithmetic,upper,3136,0,0.0,0.0,0,0,0,0,0,3136,0,0,0,0,,interval_arithmetic=3136
295,2,lp,lower,1568,109,0.10716678100000002,0.1032102108001709,1652,0,0,109,0,0,0,673,0,786,OPTIMAL=109,interval_proves_cutoff=673;lower_skipped_by_nonpositive_upper=786
295,2,lp,upper,1568,116,0.11906724800000001,0.1102895736694336,1797,0,0,116,0,0,0,779,673,0,OPTIMAL=116,interval_proves_cutoff=779;upper_skipped_by_nonnegative_interval_lower=673
295,3,lp,lower,100,1,0.008598541,0.008515119552612305,287,0,0,1,0,0,0,8,0,91,OPTIMAL=1,interval_proves_cutoff=8;lower_skipped_by_nonpositive_upper=91
295,3,lp,upper,100,1,0.006526054,0.006434202194213867,244,0,0,1,0,0,0,91,8,0,OPTIMAL=1,interval_proves_cutoff=91;upper_skipped_by_nonnegative_interval_lower=8
296,0,lp,lower,9,9,0.05174990199999999,0.05112314224243164,1337,0,0,9,0,0,0,0,0,0,OPTIMAL=9,
296,0,lp,upper,9,9,0.062993895,0.06237196922302246,1419,0,0,9,0,0,0,0,0,0,OPTIMAL=9,
296,1,interval_arithmetic,lower,3136,0,0.0,0.0,0,0,0,0,0,900,0,0,0,2236,,interval_arithmetic=900;lower_skipped_by_nonpositive_upper=2236
296,1,interval_arithmetic,upper,3136,0,0.0,0.0,0,0,0,0,0,3136,0,0,0,0,,interval_arithmetic=3136
296,2,lp,lower,1568,98,0.084642303,0.08130431175231934,999,0,0,98,0,0,0,663,0,807,OPTIMAL=98,interval_proves_cutoff=663;lower_skipped_by_nonpositive_upper=807
296,2,lp,upper,1568,100,0.09329563999999999,0.08507299423217773,1029,0,0,100,0,0,0,805,663,0,OPTIMAL=100,interval_proves_cutoff=805;upper_skipped_by_nonnegative_interval_lower=663
296,3,lp,lower,100,1,0.00599963,0.005928754806518555,242,0,0,1,0,0,0,8,0,91,OPTIMAL=1,interval_proves_cutoff=8;lower_skipped_by_nonpositive_upper=91
296,3,lp,upper,100,1,0.005016953,0.004938602447509766,217,0,0,1,0,0,0,91,8,0,OPTIMAL=1,interval_proves_cutoff=91;upper_skipped_by_nonnegative_interval_lower=8
297,0,lp,lower,9,9,0.043484487,0.04289507865905762,1419,0,0,9,0,0,0,0,0,0,OPTIMAL=9,
297,0,lp,upper,9,9,0.05729496800000001,0.05670905113220215,1670,0,0,9,0,0,0,0,0,0,OPTIMAL=9,
297,1,interval_arithmetic,lower,3136,0,0.0,0.0,0,0,0,0,0,980,0,0,0,2156,,interval_arithmetic=980;lower_skipped_by_nonpositive_upper=2156
297,1,interval_arithmetic,upper,3136,0,0.0,0.0,0,0,0,0,0,3136,0,0,0,0,,interval_arithmetic=3136
297,2,lp,lower,1568,86,0.08231368300000003,0.07916712760925293,1052,0,0,86,0,0,0,708,0,774,OPTIMAL=86,interval_proves_cutoff=708;lower_skipped_by_nonpositive_upper=774
297,2,lp,upper,1568,92,0.09421682299999999,0.08578944206237793,1146,0,0,92,0,0,0,768,708,0,OPTIMAL=92,interval_proves_cutoff=768;upper_skipped_by_nonnegative_interval_lower=708
297,3,lp,lower,100,1,0.004596412,0.004525423049926758,224,0,0,1,0,0,0,8,0,91,OPTIMAL=1,interval_proves_cutoff=8;lower_skipped_by_nonpositive_upper=91
297,3,lp,upper,100,1,0.003614183,0.0035305023193359375,177,0,0,1,0,0,0,91,8,0,OPTIMAL=1,interval_proves_cutoff=91;upper_skipped_by_nonnegative_interval_lower=8
298,0,lp,lower,9,9,0.054017674,0.05331301689147949,1613,0,0,9,0,0,0,0,0,0,OPTIMAL=9,
298,0,lp,upper,9,9,0.07080183699999999,0.07005906105041504,1794,0,0,9,0,0,0,0,0,0,OPTIMAL=9,
298,1,interval_arithmetic,lower,3136,0,0.0,0.0,0,0,0,0,0,944,0,0,0,2192,,interval_arithmetic=944;lower_skipped_by_nonpositive_upper=2192
298,1,interval_arithmetic,upper,3136,0,0.0,0.0,0,0,0,0,0,3136,0,0,0,0,,interval_arithmetic=3136
298,2,lp,lower,1568,129,0.12400923999999998,0.11942839622497559,1572,0,0,129,0,0,0,679,0,760,OPTIMAL=129,interval_proves_cutoff=679;lower_skipped_by_nonpositive_upper=760
298,2,lp,upper,1568,134,0.13897279499999993,0.1291489601135254,1852,0,0,134,0,0,0,755,679,0,OPTIMAL=134,interval_proves_cutoff=755;upper_skipped_by_nonnegative_interval_lower=679
298,3,lp,lower,100,1,0.010600731,0.01051020622253418,350,0,0,1,0,0,0,8,0,91,OPTIMAL=1,interval_proves_cutoff=8;lower_skipped_by_nonpositive_upper=91
298,3,lp,upper,100,1,0.009546024,0.009436607360839844,314,0,0,1,0,0,0,91,8,0,OPTIMAL=1,interval_proves_cutoff=91;upper_skipped_by_nonnegative_interval_lower=8
299,0,lp,lower,9,9,0.051841346999999996,0.05122113227844238,1528,0,0,9,0,0,0,0,0,0,OPTIMAL=9,
299,0,lp,upper,9,9,0.058604615000000006,0.057962656021118164,1582,0,0,9,0,0,0,0,0,0,OPTIMAL=9,
299,1,interval_arithmetic,lower,3136,0,0.0,0.0,0,0,0,0,0,950,0,0,0,2186,,interval_arithmetic=950;lower_skipped_by_nonpositive_upper=2186
299,1,interval_arithmetic,upper,3136,0,0.0,0.0,0,0,0,0,0,3136,0,0,0,0,,interval_arithmetic=3136
299,2,lp,lower,1568,96,0.09641090500000002,0.09286069869995117,1767,0,0,96,0,0,0,674,0,798,OPTIMAL=96,interval_proves_cutoff=674;lower_skipped_by_nonpositive_upper=798
299,2,lp,upper,1568,104,0.11456980700000001,0.10508942604064941,2049,0,0,104,0,0,0,790,674,0,OPTIMAL=104,interval_proves_cutoff=790;upper_skipped_by_nonnegative_interval_lower=674
299,3,lp,lower,100,1,0.007203339,0.007133007049560547,290,0,0,1,0,0,0,8,0,91,OPTIMAL=1,interval_proves_cutoff=8;lower_skipped_by_nonpositive_upper=91
299,3,lp,upper,100,1,0.004517258,0.0044367313385009766,224,0,0,1,0,0,0,91,8,0,OPTIMAL=1,interval_proves_cutoff=91;upper_skipped_by_nonnegative_interval_lower=8
300,0,lp,lower,9,9,0.063223422,0.06261467933654785,1563,0,0,9,0,0,0,0,0,0,OPTIMAL=9,
300,0,lp,upper,9,9,0.0534284,0.05282950401306152,1371,0,0,9,0,0,0,0,0,0,OPTIMAL=9,
300,1,interval_arithmetic,lower,3136,0,0.0,0.0,0,0,0,0,0,919,0,0,0,2217,,interval_arithmetic=919;lower_skipped_by_nonpositive_upper=2217
300,1,interval_arithmetic,upper,3136,0,0.0,0.0,0,0,0,0,0,3136,0,0,0,0,,interval_arithmetic=3136
300,2,lp,lower,1568,94,0.09312627099999997,0.08971881866455078,1697,0,0,94,0,0,0,658,0,816,OPTIMAL=94,interval_proves_cutoff=658;lower_skipped_by_nonpositive_upper=816
300,2,lp,upper,1568,108,0.11126135600000003,0.10268163681030273,1952,0,0,108,0,0,0,802,658,0,OPTIMAL=108,interval_proves_cutoff=802;upper_skipped_by_nonnegative_interval_lower=658
300,3,lp,lower,100,1,0.007532503,0.007463216781616211,283,0,0,1,0,0,0,8,0,91,OPTIMAL=1,interval_proves_cutoff=8;lower_skipped_by_nonpositive_upper=91
300,3,lp,upper,100,1,0.00526938,0.005193471908569336,200,0,0,1,0,0,0,91,8,0,OPTIMAL=1,interval_proves_cutoff=91;upper_skipped_by_nonnegative_interval_lower=8
301,0,lp,lower,9,9,0.04262956300000001,0.042079925537109375,1178,0,0,9,0,0,0,0,0,0,OPTIMAL=9,
301,0,lp,upper,9,9,0.045778165,0.04520773887634277,1248,0,0,9,0,0,0,0,0,0,OPTIMAL=9,
301,1,interval_arithmetic,lower,3136,0,0.0,0.0,0,0,0,0,0,883,0,0,0,2253,,interval_arithmetic=883;lower_skipped_by_nonpositive_upper=2253
301,1,interval_arithmetic,upper,3136,0,0.0,0.0,0,0,0,0,0,3136,0,0,0,0,,interval_arithmetic=3136
301,2,lp,lower,1568,82,0.07747517000000002,0.07457089424133301,1342,0,0,82,0,0,0,646,0,840,OPTIMAL=82,interval_proves_cutoff=646;lower_skipped_by_nonpositive_upper=840
301,2,lp,upper,1568,86,0.09299241400000001,0.08492279052734375,1468,0,0,86,0,0,0,836,646,0,OPTIMAL=86,interval_proves_cutoff=836;upper_skipped_by_nonnegative_interval_lower=646
301,3,lp,lower,100,1,0.005617003,0.005551338195800781,223,0,0,1,0,0,0,8,0,91,OPTIMAL=1,interval_proves_cutoff=8;lower_skipped_by_nonpositive_upper=91
301,3,lp,upper,100,1,0.004744934,0.004667758941650391,207,0,0,1,0,0,0,91,8,0,OPTIMAL=1,interval_proves_cutoff=91;upper_skipped_by_nonnegative_interval_lower=8
302,0,lp,lower,9,9,0.044403883000000005,0.043845415115356445,1355,0,0,9,0,0,0,0,0,0,OPTIMAL=9,
302,0,lp,upper,9,9,0.04930223300000001,0.0487062931060791,1407,0,0,9,0,0,0,0,0,0,OPTIMAL=9,
302,1,interval_arithmetic,lower,3136,0,0.0,0.0,0,0,0,0,0,930,0,0,0,2206,,interval_arithmetic=930;lower_skipped_by_nonpositive_upper=2206
302,1,interval_arithmetic,upper,3136,0,0.0,0.0,0,0,0,0,0,3136,0,0,0,0,,interval_arithmetic=3136
302,2,lp,lower,1568,78,0.07391608500000002,0.07108402252197266,1246,0,0,78,0,0,0,651,0,839,OPTIMAL=78,interval_proves_cutoff=651;lower_skipped_by_nonpositive_upper=839
302,2,lp,upper,1568,82,0.08775835100000001,0.07937121391296387,1457,0,0,82,0,0,0,835,651,0,OPTIMAL=82,interval_proves_cutoff=835;upper_skipped_by_nonnegative_interval_lower=651
302,3,lp,lower,100,1,0.005270146,0.005196094512939453,237,0,0,1,0,0,0,8,0,91,OPTIMAL=1,interval_proves_cutoff=8;lower_skipped_by_nonpositive_upper=91
302,3,lp,upper,100,1,0.004473601,0.004399538040161133,198,0,0,1,0,0,0,91,8,0,OPTIMAL=1,interval_proves_cutoff=91;upper_skipped_by_nonnegative_interval_lower=8
303,0,lp,lower,9,9,0.032742381,0.03222799301147461,874,0,0,9,0,0,0,0,0,0,OPTIMAL=9,
303,0,lp,upper,9,9,0.0357944,0.035284996032714844,912,0,0,9,0,0,0,0,0,0,OPTIMAL=9,
303,1,interval_arithmetic,lower,3136,0,0.0,0.0,0,0,0,0,0,856,0,0,0,2280,,interval_arithmetic=856;lower_skipped_by_nonpositive_upper=2280
303,1,interval_arithmetic,upper,3136,0,0.0,0.0,0,0,0,0,0,3136,0,0,0,0,,interval_arithmetic=3136
303,2,lp,lower,1568,61,0.05292876299999998,0.050948381423950195,880,0,0,61,0,0,0,644,0,863,OPTIMAL=61,interval_proves_cutoff=644;lower_skipped_by_nonpositive_upper=863
303,2,lp,upper,1568,68,0.063479326,0.05672407150268555,966,0,0,68,0,0,0,856,644,0,OPTIMAL=68,interval_proves_cutoff=856;upper_skipped_by_nonnegative_interval_lower=644
303,3,lp,lower,100,2,0.006443011,0.0063288211822509766,204,0,0,2,0,0,0,7,0,91,OPTIMAL=2,interval_proves_cutoff=7;lower_skipped_by_nonpositive_upper=91
303,3,lp,upper,100,2,0.005895078999999999,0.005769968032836914,219,0,0,2,0,0,0,91,7,0,OPTIMAL=2,interval_proves_cutoff=91;upper_skipped_by_nonnegative_interval_lower=7
304,0,lp,lower,9,9,0.09205568799999998,0.09138059616088867,2011,0,0,9,0,0,0,0,0,0,OPTIMAL=9,
304,0,lp,upper,9,9,0.101803957,0.10111021995544434,2089,0,0,9,0,0,0,0,0,0,OPTIMAL=9,
304,1,interval_arithmetic,lower,3136,0,0.0,0.0,0,0,0,0,0,891,0,0,0,2245,,interval_arithmetic=891;lower_skipped_by_nonpositive_upper=2245
304,1,interval_arithmetic,upper,3136,0,0.0,0.0,0,0,0,0,0,3136,0,0,0,0,,interval_arithmetic=3136
304,2,lp,lower,1568,116,0.107717371,0.10358214378356934,1743,0,0,116,0,0,0,658,0,794,OPTIMAL=116,interval_proves_cutoff=658;lower_skipped_by_nonpositive_upper=794
304,2,lp,upper,1568,119,0.11839593800000002,0.10928702354431152,2028,0,0,119,0,0,0,791,658,0,OPTIMAL=119,interval_proves_cutoff=791;upper_skipped_by_nonnegative_interval_lower=658
304,3,lp,lower,100,1,0.011744236,0.01166677474975586,342,0,0,1,0,0,0,8,0,91,OPTIMAL=1,interval_proves_cutoff=8;lower_skipped_by_nonpositive_upper=91
304,3,lp,upper,100,1,0.008477981,0.008377552032470703,283,0,0,1,0,0,0,91,8,0,OPTIMAL=1,interval_proves_cutoff=91;upper_skipped_by_nonnegative_interval_lower=8
305,0,lp,lower,9,9,0.033937905,0.03337264060974121,1071,0,0,9,0,0,0,0,0,0,OPTIMAL=9,
305,0,lp,upper,9,9,0.039266805,0.03869128227233887,1113,0,0,9,0,0,0,0,0,0,OPTIMAL=9,
305,1,interval_arithmetic,lower,3136,0,0.0,0.0,0,0,0,0,0,906,0,0,0,2230,,interval_arithmetic=906;lower_skipped_by_nonpositive_upper=2230
305,1,interval_arithmetic,upper,3136,0,0.0,0.0,0,0,0,0,0,3136,0,0,0,0,,interval_arithmetic=3136
305,2,lp,lower,1568,86,0.08129038699999998,0.07824110984802246,1293,0,0,86,0,0,0,665,0,817,OPTIMAL=86,interval_proves_cutoff=665;lower_skipped_by_nonpositive_upper=817
305,2,lp,upper,1568,89,0.09030711700000003,0.08264279365539551,1446,0,0,89,0,0,0,814,665,0,OPTIMAL=89,interval_proves_cutoff=814;upper_skipped_by_nonnegative_interval_lower=665
305,3,lp,lower,100,2,0.008075385,0.007945775985717773,255,0,0,2,0,0,0,7,0,91,OPTIMAL=2,interval_proves_cutoff=7;lower_skipped_by_nonpositive_upper=91
305,3,lp,upper,100,2,0.007218448,0.007080078125,305,0,0,2,0,0,0,91,7,0,OPTIMAL=2,interval_proves_cutoff=91;upper_skipped_by_nonnegative_interval_lower=7
306,0,lp,lower,9,9,0.041621783,0.04102659225463867,1382,0,0,9,0,0,0,0,0,0,OPTIMAL=9,
306,0,lp,upper,9,9,0.051411851999999994,0.05078625679016113,1607,0,0,9,0,0,0,0,0,0,OPTIMAL=9,
306,1,interval_arithmetic,lower,3136,0,0.0,0.0,0,0,0,0,0,955,0,0,0,2181,,interval_arithmetic=955;lower_skipped_by_nonpositive_upper=2181
306,1,interval_arithmetic,upper,3136,0,0.0,0.0,0,0,0,0,0,3136,0,0,0,0,,interval_arithmetic=3136
306,2,lp,lower,1568,100,0.10719480699999999,0.10342240333557129,1904,0,0,100,0,0,0,707,0,761,OPTIMAL=100,interval_proves_cutoff=707;lower_skipped_by_nonpositive_upper=761
306,2,lp,upper,1568,105,0.11623335,0.10740423202514648,2073,0,0,105,0,0,0,756,707,0,OPTIMAL=105,interval_proves_cutoff=756;upper_skipped_by_nonnegative_interval_lower=707
306,3,lp,lower,100,0,0.0,0.0,0,0,0,0,0,0,0,9,0,91,,interval_proves_cutoff=9;lower_skipped_by_nonpositive_upper=91
306,3,lp,upper,100,0,0.0,0.0,0,0,0,0,0,0,0,91,9,0,,interval_proves_cutoff=91;upper_skipped_by_nonnegative_interval_lower=9
307,0,lp,lower,9,9,0.042826088,0.042218923568725586,1431,0,0,9,0,0,0,0,0,0,OPTIMAL=9,
307,0,lp,upper,9,9,0.045258888000000004,0.04465842247009277,1496,0,0,9,0,0,0,0,0,0,OPTIMAL=9,
307,1,interval_arithmetic,lower,3136,0,0.0,0.0,0,0,0,0,0,911,0,0,0,2225,,interval_arithmetic=911;lower_skipped_by_nonpositive_upper=2225
307,1,interval_arithmetic,upper,3136,0,0.0,0.0,0,0,0,0,0,3136,0,0,0,0,,interval_arithmetic=3136
307,2,lp,lower,1568,89,0.09289850699999999,0.0895226001739502,1509,0,0,89,0,0,0,651,0,828,OPTIMAL=89,interval_proves_cutoff=651;lower_skipped_by_nonpositive_upper=828
307,2,lp,upper,1568,94,0.10256985699999997,0.09412169456481934,1708,0,0,94,0,0,0,823,651,0,OPTIMAL=94,interval_proves_cutoff=823;upper_skipped_by_nonnegative_interval_lower=651
307,3,lp,lower,100,1,0.007924308,0.007847070693969727,271,0,0,1,0,0,0,8,0,91,OPTIMAL=1,interval_proves_cutoff=8;lower_skipped_by_nonpositive_upper=91
307,3,lp,upper,100,1,0.004935217,0.0048503875732421875,224,0,0,1,0,0,0,91,8,0,OPTIMAL=1,interval_proves_cutoff=91;upper_skipped_by_nonnegative_interval_lower=8
308,0,lp,lower,9,9,0.04689537999999999,0.0463404655456543,1291,0,0,9,0,0,0,0,0,0,OPTIMAL=9,
308,0,lp,upper,9,9,0.040968184,0.040407657623291016,1153,0,0,9,0,0,0,0,0,0,OPTIMAL=9,
308,1,interval_arithmetic,lower,3136,0,0.0,0.0,0,0,0,0,0,898,0,0,0,2238,,interval_arithmetic=898;lower_skipped_by_nonpositive_upper=2238
308,1,interval_arithmetic,upper,3136,0,0.0,0.0,0,0,0,0,0,3136,0,0,0,0,,interval_arithmetic=3136
308,2,lp,lower,1568,74,0.07234810499999997,0.06971001625061035,1461,0,0,74,0,0,0,656,0,838,OPTIMAL=74,interval_proves_cutoff=656;lower_skipped_by_nonpositive_upper=838
308,2,lp,upper,1568,76,0.08181816499999997,0.07351469993591309,1552,0,0,76,0,0,0,836,656,0,OPTIMAL=76,interval_proves_cutoff=836;upper_skipped_by_nonnegative_interval_lower=656
308,3,lp,lower,100,3,0.010021720999999999,0.00984811782836914,351,0,0,3,0,0,0,6,0,91,OPTIMAL=3,interval_proves_cutoff=6;lower_skipped_by_nonpositive_upper=91
308,3,lp,upper,100,3,0.011772126,0.01154947280883789,386,0,0,3,0,0,0,91,6,0,OPTIMAL=3,interval_proves_cutoff=91;upper_skipped_by_nonnegative_interval_lower=6
309,0,lp,lower,9,9,0.058665616999999996,0.05808258056640625,1467,0,0,9,0,0,0,0,0,0,OPTIMAL=9,
309,0,lp,upper,9,9,0.046833269999999996,0.046240806579589844,1268,0,0,9,0,0,0,0,0,0,OPTIMAL=9,
309,1,interval_arithmetic,lower,3136,0,0.0,0.0,0,0,0,0,0,926,0,0,0,2210,,interval_arithmetic=926;lower_skipped_by_nonpositive_upper=2210
309,1,interval_arithmetic,upper,3136,0,0.0,0.0,0,0,0,0,0,3136,0,0,0,0,,interval_arithmetic=3136
309,2,lp,lower,1568,83,0.07431956000000003,0.07141923904418945,1097,0,0,83,0,0,0,661,0,824,OPTIMAL=83,interval_proves_cutoff=661;lower_skipped_by_nonpositive_upper=824
309,2,lp,upper,1568,91,0.09180289300000001,0.08377742767333984,1421,0,0,91,0,0,0,816,661,0,OPTIMAL=91,interval_proves_cutoff=816;upper_skipped_by_nonnegative_interval_lower=661
309,3,lp,lower,100,2,0.008049058,0.00790715217590332,269,0,0,2,0,0,0,7,0,91,OPTIMAL=2,interval_proves_cutoff=7;lower_skipped_by_nonpositive_upper=91
309,3,lp,upper,100,2,0.007835986999999999,0.007693290710449219,322,0,0,2,0,0,0,91,7,0,OPTIMAL=2,interval_proves_cutoff=91;upper_skipped_by_nonnegative_interval_lower=7
310,0,lp,lower,9,9,0.042610281,0.042012929916381836,1271,0,0,9,0,0,0,0,0,0,OPTIMAL=9,
310,0,lp,upper,9,9,0.04365635400000001,0.04303789138793945,1364,0,0,9,0,0,0,0,0,0,OPTIMAL=9,
310,1,interval_arithmetic,lower,3136,0,0.0,0.0,0,0,0,0,0,888,0,0,0,2248,,interval_arithmetic=888;lower_skipped_by_nonpositive_upper=2248
310,1,interval_arithmetic,upper,3136,0,0.0,0.0,0,0,0,0,0,3136,0,0,0,0,,interval_arithmetic=3136
310,2,lp,lower,1568,104,0.0911936,0.08766007423400879,1091,0,0,104,0,0,0,667,0,797,OPTIMAL=104,interval_proves_cutoff=667;lower_skipped_by_nonpositive_upper=797
310,2,lp,upper,1568,109,0.10465509599999992,0.09547257423400879,1228,0,0,109,0,0,0,792,667,0,OPTIMAL=109,interval_proves_cutoff=792;upper_skipped_by_nonnegative_interval_lower=667
310,3,lp,lower,100,1,0.005412903,0.0053365230560302734,258,0,0,1,0,0,0,8,0,91,OPTIMAL=1,interval_proves_cutoff=8;lower_skipped_by_nonpositive_upper=91
310,3,lp,upper,100,1,0.004743638,0.004656791687011719,210,0,0,1,0,0,0,91,8,0,OPTIMAL=1,interval_proves_cutoff=91;upper_skipped_by_nonnegative_interval_lower=8
311,0,lp,lower,9,9,0.039192595000000004,0.038609981536865234,1207,0,0,9,0,0,0,0,0,0,OPTIMAL=9,
311,0,lp,upper,9,9,0.04263791200000001,0.04203438758850098,1274,0,0,9,0,0,0,0,0,0,OPTIMAL=9,
311,1,interval_arithmetic,lower,3136,0,0.0,0.0,0,0,0,0,0,885,0,0,0,2251,,interval_arithmetic=885;lower_skipped_by_nonpositive_upper=2251
311,1,interval_arithmetic,upper,3136,0,0.0,0.0,0,0,0,0,0,3136,0,0,0,0,,interval_arithmetic=3136
311,2,lp,lower,1568,108,0.09052718799999998,0.08672022819519043,1064,0,0,108,0,0,0,647,0,813,OPTIMAL=108,interval_proves_cutoff=647;lower_skipped_by_nonpositive_upper=813
311,2,lp,upper,1568,118,0.10817696100000006,0.09865784645080566,1276,0,0,118,0,0,0,803,647,0,OPTIMAL=118,interval_proves_cutoff=803;upper_skipped_by_nonnegative_interval_lower=647
311,3,lp,lower,100,1,0.004594025,0.00452423095703125,227,0,0,1,0,0,0,8,0,91,OPTIMAL=1,interval_proves_cutoff=8;lower_skipped_by_nonpositive_upper=91
311,3,lp,upper,100,1,0.0050571,0.0049762725830078125,194,0,0,1,0,0,0,91,8,0,OPTIMAL=1,interval_proves_cutoff=91;upper_skipped_by_nonnegative_interval_lower=8
312,0,lp,lower,9,9,0.045452829,0.044888973236083984,1253,0,0,9,0,0,0,0,0,0,OPTIMAL=9,
312,0,lp,upper,9,9,0.049366214,0.04879903793334961,1304,0,0,9,0,0,0,0,0,0,OPTIMAL=9,
312,1,interval_arithmetic,lower,3136,0,0.0,0.0,0,0,0,0,0,1006,0,0,0,2130,,interval_arithmetic=1006;lower_skipped_by_nonpositive_upper=2130
312,1,interval_arithmetic,upper,3136,0,0.0,0.0,0,0,0,0,0,3136,0,0,0,0,,interval_arithmetic=3136
312,2,lp,lower,1568,78,0.07450810700000003,0.07168388366699219,924,0,0,78,0,0,0,699,0,791,OPTIMAL=78,interval_proves_cutoff=699;lower_skipped_by_nonpositive_upper=791
312,2,lp,upper,1568,87,0.08997323199999999,0.08200621604919434,1192,0,0,87,0,0,0,782,699,0,OPTIMAL=87,interval_proves_cutoff=782;upper_skipped_by_nonnegative_interval_lower=699
312,3,lp,lower,100,1,0.005008083,0.004945993423461914,212,0,0,1,0,0,0,8,0,91,OPTIMAL=1,interval_proves_cutoff=8;lower_skipped_by_nonpositive_upper=91
312,3,lp,upper,100,1,0.004448993,0.004380702972412109,193,0,0,1,0,0,0,91,8,0,OPTIMAL=1,interval_proves_cutoff=91;upper_skipped_by_nonnegative_interval_lower=8
313,0,lp,lower,9,9,0.050613496,0.0499725341796875,1420,0,0,9,0,0,0,0,0,0,OPTIMAL=9,
313,0,lp,upper,9,9,0.05363582,0.05300188064575195,1484,0,0,9,0,0,0,0,0,0,OPTIMAL=9,
313,1,interval_arithmetic,lower,3136,0,0.0,0.0,0,0,0,0,0,950,0,0,0,2186,,interval_arithmetic=950;lower_skipped_by_nonpositive_upper=2186
313,1,interval_arithmetic,upper,3136,0,0.0,0.0,0,0,0,0,0,3136,0,0,0,0,,interval_arithmetic=3136
313,2,lp,lower,1568,101,0.09758878100000004,0.0939338207244873,1628,0,0,101,0,0,0,668,0,799,OPTIMAL=101,interval_proves_cutoff=668;lower_skipped_by_nonpositive_upper=799
313,2,lp,upper,1568,104,0.11094452000000006,0.10245394706726074,1708,0,0,104,0,0,0,796,668,0,OPTIMAL=104,interval_proves_cutoff=796;upper_skipped_by_nonnegative_interval_lower=668
313,3,lp,lower,100,1,0.00835786,0.0082855224609375,308,0,0,1,0,0,0,8,0,91,OPTIMAL=1,interval_proves_cutoff=8;lower_skipped_by_nonpositive_upper=91
313,3,lp,upper,100,1,0.006088884,0.0059871673583984375,235,0,0,1,0,0,0,91,8,0,OPTIMAL=1,interval_proves_cutoff=91;upper_skipped_by_nonnegative_interval_lower=8
314,0,lp,lower,9,9,0.05211444899999999,0.05147242546081543,1551,0,0,9,0,0,0,0,0,0,OPTIMAL=9,
314,0,lp,upper,9,9,0.054394714999999996,0.05373191833496094,1710,0,0,9,0,0,0,0,0,0,OPTIMAL=9,
314,1,interval_arithmetic,lower,3136,0,0.0,0.0,0,0,0,0,0,927,0,0,0,2209,,interval_arithmetic=927;lower_skipped_by_nonpositive_upper=2209
314,1,interval_arithmetic,upper,3136,0,0.0,0.0,0,0,0,0,0,3136,0,0,0,0,,interval_arithmetic=3136
314,2,lp,lower,1568,113,0.12148084200000003,0.11720037460327148,1886,0,0,113,0,0,0,678,0,777,OPTIMAL=113,interval_proves_cutoff=678;lower_skipped_by_nonpositive_upper=777
314,2,lp,upper,1568,121,0.131781398,0.12187910079956055,2137,0,0,121,0,0,0,769,678,0,OPTIMAL=121,interval_proves_cutoff=769;upper_skipped_by_nonnegative_interval_lower=678
314,3,lp,lower,100,0,0.0,0.0,0,0,0,0,0,0,0,9,0,91,,interval_proves_cutoff=9;lower_skipped_by_nonpositive_upper=91
314,3,lp,upper,100,0,0.0,0.0,0,0,0,0,0,0,0,91,9,0,,interval_proves_cutoff=91;upper_skipped_by_nonnegative_interval_lower=9
315,0,lp,lower,9,9,0.021885674000000004,0.021391630172729492,675,0,0,9,0,0,0,0,0,0,OPTIMAL=9,
315,0,lp,upper,9,9,0.023883315000000002,0.023386240005493164,678,0,0,9,0,0,0,0,0,0,OPTIMAL=9,
315,1,interval_arithmetic,lower,3136,0,0.0,0.0,0,0,0,0,0,846,0,0,0,2290,,interval_arithmetic=846;lower_skipped_by_nonpositive_upper=2290
315,1,interval_arithmetic,upper,3136,0,0.0,0.0,0,0,0,0,0,3136,0,0,0,0,,interval_arithmetic=3136
315,2,lp,lower,1568,57,0.035316478000000005,0.03369259834289551,119,0,0,57,0,0,0,644,0,867,OPTIMAL=57,interval_proves_cutoff=644;lower_skipped_by_nonpositive_upper=867
315,2,lp,upper,1568,62,0.04767402200000001,0.0414891242980957,300,0,0,62,0,0,0,862,644,0,OPTIMAL=62,interval_proves_cutoff=862;upper_skipped_by_nonnegative_interval_lower=644
315,3,lp,lower,100,1,0.002314798,0.0022552013397216797,115,0,0,1,0,0,0,7,0,92,OPTIMAL=1,interval_proves_cutoff=7;lower_skipped_by_nonpositive_upper=92
315,3,lp,upper,100,1,0.00221465,0.002150297164916992,111,0,0,1,0,0,0,92,7,0,OPTIMAL=1,interval_proves_cutoff=92;upper_skipped_by_nonnegative_interval_lower=7
316,0,lp,lower,9,9,0.039391844,0.03885936737060547,1343,0,0,9,0,0,0,0,0,0,OPTIMAL=9,
316,0,lp,upper,9,9,0.04073967,0.0401456356048584,1444,0,0,9,0,0,0,0,0,0,OPTIMAL=9,
316,1,interval_arithmetic,lower,3136,0,0.0,0.0,0,0,0,0,0,937,0,0,0,2199,,interval_arithmetic=937;lower_skipped_by_nonpositive_upper=2199
316,1,interval_arithmetic,upper,3136,0,0.0,0.0,0,0,0,0,0,3136,0,0,0,0,,interval_arithmetic=3136
316,2,lp,lower,1568,89,0.08276203300000004,0.0794985294342041,1228,0,0,89,0,0,0,658,0,821,OPTIMAL=89,interval_proves_cutoff=658;lower_skipped_by_nonpositive_upper=821
316,2,lp,upper,1568,104,0.10478715900000005,0.09596514701843262,1649,0,0,104,0,0,0,806,658,0,OPTIMAL=104,interval_proves_cutoff=806;upper_skipped_by_nonnegative_interval_lower=658
316,3,lp,lower,100,0,0.0,0.0,0,0,0,0,0,0,0,9,0,91,,interval_proves_cutoff=9;lower_skipped_by_nonpositive_upper=91
316,3,lp,upper,100,0,0.0,0.0,0,0,0,0,0,0,0,91,9,0,,interval_proves_cutoff=91;upper_skipped_by_nonnegative_interval_lower=9
317,0,lp,lower,9,9,0.042267896,0.04170703887939453,1312,0,0,9,0,0,0,0,0,0,OPTIMAL=9,
317,0,lp,upper,9,9,0.040829774,0.04024147987365723,1289,0,0,9,0,0,0,0,0,0,OPTIMAL=9,
317,1,interval_arithmetic,lower,3136,0,0.0,0.0,0,0,0,0,0,899,0,0,0,2237,,interval_arithmetic=899;lower_skipped_by_nonpositive_upper=2237
317,1,interval_arithmetic,upper,3136,0,0.0,0.0,0,0,0,0,0,3136,0,0,0,0,,interval_arithmetic=3136
317,2,lp,lower,1568,93,0.079424242,0.076324462890625,1110,0,0,93,0,0,0,635,0,840,OPTIMAL=93,interval_proves_cutoff=635;lower_skipped_by_nonpositive_upper=840
317,2,lp,upper,1568,101,0.095452806,0.08727502822875977,1292,0,0,101,0,0,0,832,635,0,OPTIMAL=101,interval_proves_cutoff=832;upper_skipped_by_nonnegative_interval_lower=635
317,3,lp,lower,100,2,0.010700409000000001,0.010567188262939453,303,0,0,2,0,0,0,7,0,91,OPTIMAL=2,interval_proves_cutoff=7;lower_skipped_by_nonpositive_upper=91
317,3,lp,upper,100,2,0.009370370999999999,0.009213447570800781,345,0,0,2,0,0,0,91,7,0,OPTIMAL=2,interval_proves_cutoff=91;upper_skipped_by_nonnegative_interval_lower=7
318,0,lp,lower,9,9,0.033064076000000005,0.03252601623535156,1117,0,0,9,0,0,0,0,0,0,OPTIMAL=9,
318,0,lp,upper,9,9,0.032098677,0.03152012825012207,1123,0,0,9,0,0,0,0,0,0,OPTIMAL=9,
318,1,interval_arithmetic,lower,3136,0,0.0,0.0,0,0,0,0,0,896,0,0,0,2240,,interval_arithmetic=896;lower_skipped_by_nonpositive_upper=2240
318,1,interval_arithmetic,upper,3136,0,0.0,0.0,0,0,0,0,0,3136,0,0,0,0,,interval_arithmetic=3136
318,2,lp,lower,1568,79,0.06743842099999998,0.06478500366210938,887,0,0,79,0,0,0,636,0,853,OPTIMAL=79,interval_proves_cutoff=636;lower_skipped_by_nonpositive_upper=853
318,2,lp,upper,1568,91,0.08608589799999995,0.07832932472229004,1126,0,0,91,0,0,0,841,636,0,OPTIMAL=91,interval_proves_cutoff=841;upper_skipped_by_nonnegative_interval_lower=636
318,3,lp,lower,100,0,0.0,0.0,0,0,0,0,0,0,0,9,0,91,,interval_proves_cutoff=9;lower_skipped_by_nonpositive_upper=91
318,3,lp,upper,100,0,0.0,0.0,0,0,0,0,0,0,0,91,9,0,,interval_proves_cutoff=91;upper_skipped_by_nonnegative_interval_lower=9
319,0,lp,lower,9,9,0.06769622800000001,0.06704521179199219,1768,0,0,9,0,0,0,0,0,0,OPTIMAL=9,
319,0,lp,upper,9,9,0.065888386,0.06521964073181152,1797,0,0,9,0,0,0,0,0,0,OPTIMAL=9,
319,1,interval_arithmetic,lower,3136,0,0.0,0.0,0,0,0,0,0,958,0,0,0,2178,,interval_arithmetic=958;lower_skipped_by_nonpositive_upper=2178
319,1,interval_arithmetic,upper,3136,0,0.0,0.0,0,0,0,0,0,3136,0,0,0,0,,interval_arithmetic=3136
319,2,lp,lower,1568,108,0.109433207,0.10542988777160645,2040,0,0,108,0,0,0,682,0,778,OPTIMAL=108,interval_proves_cutoff=682;lower_skipped_by_nonpositive_upper=778
319,2,lp,upper,1568,120,0.15711546800000006,0.1460268497467041,2429,0,0,120,0,0,0,766,682,0,OPTIMAL=120,interval_proves_cutoff=766;upper_skipped_by_nonnegative_interval_lower=682
319,3,lp,lower,100,1,0.007909484,0.007823705673217773,322,0,0,1,0,0,0,8,0,91,OPTIMAL=1,interval_proves_cutoff=8;lower_skipped_by_nonpositive_upper=91
319,3,lp,upper,100,1,0.005723848,0.0055921077728271484,235,0,0,1,0,0,0,91,8,0,OPTIMAL=1,interval_proves_cutoff=91;upper_skipped_by_nonnegative_interval_lower=8
320,0,lp,lower,9,9,0.056950559000000005,0.056321144104003906,1653,0,0,9,0,0,0,0,0,0,OPTIMAL=9,
320,0,lp,upper,9,9,0.058561257,0.057935476303100586,1683,0,0,9,0,0,0,0,0,0,OPTIMAL=9,
320,1,interval_arithmetic,lower,3136,0,0.0,0.0,0,0,0,0,0,949,0,0,0,2187,,interval_arithmetic=949;lower_skipped_by_nonpositive_upper=2187
320,1,interval_arithmetic,upper,3136,0,0.0,0.0,0,0,0,0,0,3136,0,0,0,0,,interval_arithmetic=3136
320,2,lp,lower,1568,113,0.10989162000000004,0.10571718215942383,1734,0,0,113,0,0,0,680,0,775,OPTIMAL=113,interval_proves_cutoff=680;lower_skipped_by_nonpositive_upper=775
320,2,lp,upper,1568,121,0.12931776700000003,0.11976504325866699,2070,0,0,121,0,0,0,767,680,0,OPTIMAL=121,interval_proves_cutoff=767;upper_skipped_by_nonnegative_interval_lower=680
320,3,lp,lower,100,1,0.008353416,0.008270978927612305,325,0,0,1,0,0,0,8,0,91,OPTIMAL=1,interval_proves_cutoff=8;lower_skipped_by_nonpositive_upper=91
320,3,lp,upper,100,1,0.0062799,0.006146907806396484,266,0,0,1,0,0,0,91,8,0,OPTIMAL=1,interval_proves_cutoff=91;upper_skipped_by_nonnegative_interval_lower=8
321,0,lp,lower,9,9,0.030346201000000003,0.029816627502441406,971,0,0,9,0,0,0,0,0,0,OPTIMAL=9,
321,0,lp,upper,9,9,0.028499731,0.0279848575592041,964,0,0,9,0,0,0,0,0,0,OPTIMAL=9,
321,1,interval_arithmetic,lower,3136,0,0.0,0.0,0,0,0,0,0,872,0,0,0,2264,,interval_arithmetic=872;lower_skipped_by_nonpositive_upper=2264
321,1,interval_arithmetic,upper,3136,0,0.0,0.0,0,0,0,0,0,3136,0,0,0,0,,interval_arithmetic=3136
321,2,lp,lower,1568,65,0.053491367000000005,0.05136370658874512,895,0,0,65,0,0,0,632,0,871,OPTIMAL=65,interval_proves_cutoff=632;lower_skipped_by_nonpositive_upper=871
321,2,lp,upper,1568,67,0.07590926599999999,0.05621910095214844,926,0,0,67,0,0,0,869,632,0,OPTIMAL=67,interval_proves_cutoff=869;upper_skipped_by_nonnegative_interval_lower=632
321,3,lp,lower,100,0,0.0,0.0,0,0,0,0,0,0,0,9,0,91,,interval_proves_cutoff=9;lower_skipped_by_nonpositive_upper=91
321,3,lp,upper,100,0,0.0,0.0,0,0,0,0,0,0,0,91,9,0,,interval_proves_cutoff=91;upper_skipped_by_nonnegative_interval_lower=9
323,0,lp,lower,9,9,0.041584041,0.04107093811035156,1077,0,0,9,0,0,0,0,0,0,OPTIMAL=9,
323,0,lp,upper,9,9,0.049520231,0.048963308334350586,1185,0,0,9,0,0,0,0,0,0,OPTIMAL=9,
323,1,interval_arithmetic,lower,3136,0,0.0,0.0,0,0,0,0,0,901,0,0,0,2235,,interval_arithmetic=901;lower_skipped_by_nonpositive_upper=2235
323,1,interval_arithmetic,upper,3136,0,0.0,0.0,0,0,0,0,0,3136,0,0,0,0,,interval_arithmetic=3136
323,2,lp,lower,1568,73,0.058759739000000005,0.05640745162963867,703,0,0,73,0,0,0,651,0,844,OPTIMAL=73,interval_proves_cutoff=651;lower_skipped_by_nonpositive_upper=844
323,2,lp,upper,1568,82,0.075861995,0.06843757629394531,1001,0,0,82,0,0,0,835,651,0,OPTIMAL=82,interval_proves_cutoff=835;upper_skipped_by_nonnegative_interval_lower=651
323,3,lp,lower,100,2,0.006734773,0.00661921501159668,211,0,0,2,0,0,0,7,0,91,OPTIMAL=2,interval_proves_cutoff=7;lower_skipped_by_nonpositive_upper=91
323,3,lp,upper,100,2,0.006553982999999999,0.006407499313354492,260,0,0,2,0,0,0,91,7,0,OPTIMAL=2,interval_proves_cutoff=91;upper_skipped_by_nonnegative_interval_lower=7
324,0,lp,lower,9,9,0.05894920900000001,0.058347225189208984,1475,0,0,9,0,0,0,0,0,0,OPTIMAL=9,
324,0,lp,upper,9,9,0.054431086999999996,0.05383896827697754,1409,0,0,9,0,0,0,0,0,0,OPTIMAL=9,
324,1,interval_arithmetic,lower,3136,0,0.0,0.0,0,0,0,0,0,904,0,0,0,2232,,interval_arithmetic=904;lower_skipped_by_nonpositive_upper=2232
324,1,interval_arithmetic,upper,3136,0,0.0,0.0,0,0,0,0,0,3136,0,0,0,0,,interval_arithmetic=3136
324,2,lp,lower,1568,78,0.07236796899999998,0.06960654258728027,1371,0,0,78,0,0,0,657,0,833,OPTIMAL=78,interval_proves_cutoff=657;lower_skipped_by_nonpositive_upper=833
324,2,lp,upper,1568,87,0.087364344,0.07937359809875488,1524,0,0,87,0,0,0,824,657,0,OPTIMAL=87,interval_proves_cutoff=824;upper_skipped_by_nonnegative_interval_lower=657
324,3,lp,lower,100,1,0.005635785,0.005562305450439453,239,0,0,1,0,0,0,8,0,91,OPTIMAL=1,interval_proves_cutoff=8;lower_skipped_by_nonpositive_upper=91
324,3,lp,upper,100,1,0.005039282,0.004950761795043945,181,0,0,1,0,0,0,91,8,0,OPTIMAL=1,interval_proves_cutoff=91;upper_skipped_by_nonnegative_interval_lower=8
325,0,lp,lower,9,9,0.056475855,0.055869102478027344,1538,0,0,9,0,0,0,0,0,0,OPTIMAL=9,
325,0,lp,upper,9,9,0.05984822399999999,0.05920886993408203,1610,0,0,9,0,0,0,0,0,0,OPTIMAL=9,
325,1,interval_arithmetic,lower,3136,0,0.0,0.0,0,0,0,0,0,902,0,0,0,2234,,interval_arithmetic=902;lower_skipped_by_nonpositive_upper=2234
325,1,interval_arithmetic,upper,3136,0,0.0,0.0,0,0,0,0,0,3136,0,0,0,0,,interval_arithmetic=3136
325,2,lp,lower,1568,102,0.09724593599999999,0.09362912178039551,1507,0,0,102,0,0,0,668,0,798,OPTIMAL=102,interval_proves_cutoff=668;lower_skipped_by_nonpositive_upper=798
325,2,lp,upper,1568,109,0.11095788299999997,0.10183835029602051,1756,0,0,109,0,0,0,791,668,0,OPTIMAL=109,interval_proves_cutoff=791;upper_skipped_by_nonnegative_interval_lower=668
325,3,lp,lower,100,0,0.0,0.0,0,0,0,0,0,0,0,9,0,91,,interval_proves_cutoff=9;lower_skipped_by_nonpositive_upper=91
325,3,lp,upper,100,0,0.0,0.0,0,0,0,0,0,0,0,91,9,0,,interval_proves_cutoff=91;upper_skipped_by_nonnegative_interval_lower=9
326,0,lp,lower,9,9,0.035741007000000005,0.03518486022949219,1134,0,0,9,0,0,0,0,0,0,OPTIMAL=9,
326,0,lp,upper,9,9,0.041263732,0.04066872596740723,1278,0,0,9,0,0,0,0,0,0,OPTIMAL=9,
326,1,interval_arithmetic,lower,3136,0,0.0,0.0,0,0,0,0,0,888,0,0,0,2248,,interval_arithmetic=888;lower_skipped_by_nonpositive_upper=2248
326,1,interval_arithmetic,upper,3136,0,0.0,0.0,0,0,0,0,0,3136,0,0,0,0,,interval_arithmetic=3136
326,2,lp,lower,1568,93,0.08011118700000004,0.07696199417114258,1002,0,0,93,0,0,0,631,0,844,OPTIMAL=93,interval_proves_cutoff=631;lower_skipped_by_nonpositive_upper=844
326,2,lp,upper,1568,93,0.08697366300000003,0.07905173301696777,1081,0,0,93,0,0,0,844,631,0,OPTIMAL=93,interval_proves_cutoff=844;upper_skipped_by_nonnegative_interval_lower=631
326,3,lp,lower,100,1,0.004793132,0.004721403121948242,232,0,0,1,0,0,0,8,0,91,OPTIMAL=1,interval_proves_cutoff=8;lower_skipped_by_nonpositive_upper=91
326,3,lp,upper,100,1,0.004777555,0.00469660758972168,205,0,0,1,0,0,0,91,8,0,OPTIMAL=1,interval_proves_cutoff=91;upper_skipped_by_nonnegative_interval_lower=8
327,0,lp,lower,9,9,0.039870929,0.03930401802062988,1190,0,0,9,0,0,0,0,0,0,OPTIMAL=9,
327,0,lp,upper,9,9,0.039986730000000005,0.0393826961517334,1168,0,0,9,0,0,0,0,0,0,OPTIMAL=9,
327,1,interval_arithmetic,lower,3136,0,0.0,0.0,0,0,0,0,0,900,0,0,0,2236,,interval_arithmetic=900;lower_skipped_by_nonpositive_upper=2236
327,1,interval_arithmetic,upper,3136,0,0.0,0.0,0,0,0,0,0,3136,0,0,0,0,,interval_arithmetic=3136
327,2,lp,lower,1568,89,0.08477597199999999,0.08165645599365234,1127,0,0,89,0,0,0,648,0,831,OPTIMAL=89,interval_proves_cutoff=648;lower_skipped_by_nonpositive_upper=831
327,2,lp,upper,1568,92,0.087808621,0.07997822761535645,1193,0,0,92,0,0,0,828,648,0,OPTIMAL=92,interval_proves_cutoff=828;upper_skipped_by_nonnegative_interval_lower=648
327,3,lp,lower,100,1,0.005348774,0.0052661895751953125,216,0,0,1,0,0,0,8,0,91,OPTIMAL=1,interval_proves_cutoff=8;lower_skipped_by_nonpositive_upper=91
327,3,lp,upper,100,1,0.004723914,0.004578828811645508,196,0,0,1,0,0,0,91,8,0,OPTIMAL=1,interval_proves_cutoff=91;upper_skipped_by_nonnegative_interval_lower=8
328,0,lp,lower,9,9,0.027945156000000002,0.027425050735473633,918,0,0,9,0,0,0,0,0,0,OPTIMAL=9,
328,0,lp,upper,9,9,0.029546773999999998,0.029012203216552734,968,0,0,9,0,0,0,0,0,0,OPTIMAL=9,
328,1,interval_arithmetic,lower,3136,0,0.0,0.0,0,0,0,0,0,934,0,0,0,2202,,interval_arithmetic=934;lower_skipped_by_nonpositive_upper=2202
328,1,interval_arithmetic,upper,3136,0,0.0,0.0,0,0,0,0,0,3136,0,0,0,0,,interval_arithmetic=3136
328,2,lp,lower,1568,71,0.05865577199999996,0.05624818801879883,448,0,0,71,0,0,0,696,0,801,OPTIMAL=71,interval_proves_cutoff=696;lower_skipped_by_nonpositive_upper=801
328,2,lp,upper,1568,74,0.069362398,0.06229519844055176,563,0,0,74,0,0,0,798,696,0,OPTIMAL=74,interval_proves_cutoff=798;upper_skipped_by_nonnegative_interval_lower=696
328,3,lp,lower,100,0,0.0,0.0,0,0,0,0,0,0,0,8,0,92,,interval_proves_cutoff=8;lower_skipped_by_nonpositive_upper=92
328,3,lp,upper,100,1,0.003124882,0.003055572509765625,162,0,0,1,0,0,0,91,8,0,OPTIMAL=1,interval_proves_cutoff=91;upper_skipped_by_nonnegative_interval_lower=8
329,0,lp,lower,9,9,0.03156876299999999,0.031006813049316406,1010,0,0,9,0,0,0,0,0,0,OPTIMAL=9,
329,0,lp,upper,9,9,0.033487883999999996,0.03293156623840332,1137,0,0,9,0,0,0,0,0,0,OPTIMAL=9,
329,1,interval_arithmetic,lower,3136,0,0.0,0.0,0,0,0,0,0,898,0,0,0,2238,,interval_arithmetic=898;lower_skipped_by_nonpositive_upper=2238
329,1,interval_arithmetic,upper,3136,0,0.0,0.0,0,0,0,0,0,3136,0,0,0,0,,interval_arithmetic=3136
329,2,lp,lower,1568,80,0.068250853,0.06554961204528809,825,0,0,80,0,0,0,660,0,828,OPTIMAL=80,interval_proves_cutoff=660;lower_skipped_by_nonpositive_upper=828
329,2,lp,upper,1568,83,0.079840105,0.07235121726989746,1034,0,0,83,0,0,0,825,660,0,OPTIMAL=83,interval_proves_cutoff=825;upper_skipped_by_nonnegative_interval_lower=660
329,3,lp,lower,100,0,0.0,0.0,0,0,0,0,0,0,0,9,0,91,,interval_proves_cutoff=9;lower_skipped_by_nonpositive_upper=91
329,3,lp,upper,100,0,0.0,0.0,0,0,0,0,0,0,0,91,9,0,,interval_proves_cutoff=91;upper_skipped_by_nonnegative_interval_lower=9
330,0,lp,lower,9,9,0.024741651000000003,0.02424168586730957,786,0,0,9,0,0,0,0,0,0,OPTIMAL=9,
330,0,lp,upper,9,9,0.027197954,0.026696205139160156,830,0,0,9,0,0,0,0,0,0,OPTIMAL=9,
330,1,interval_arithmetic,lower,3136,0,0.0,0.0,0,0,0,0,0,853,0,0,0,2283,,interval_arithmetic=853;lower_skipped_by_nonpositive_upper=2283
330,1,interval_arithmetic,upper,3136,0,0.0,0.0,0,0,0,0,0,3136,0,0,0,0,,interval_arithmetic=3136
330,2,lp,lower,1568,69,0.051438010000000006,0.04939723014831543,501,0,0,69,0,0,0,631,0,868,OPTIMAL=69,interval_proves_cutoff=631;lower_skipped_by_nonpositive_upper=868
330,2,lp,upper,1568,74,0.062680706,0.056053876876831055,691,0,0,74,0,0,0,863,631,0,OPTIMAL=74,interval_proves_cutoff=863;upper_skipped_by_nonnegative_interval_lower=631
330,3,lp,lower,100,1,0.003113227,0.003054380416870117,159,0,0,1,0,0,0,7,0,92,OPTIMAL=1,interval_proves_cutoff=7;lower_skipped_by_nonpositive_upper=92
330,3,lp,upper,100,1,0.002798179,0.0027239322662353516,136,0,0,1,0,0,0,92,7,0,OPTIMAL=1,interval_proves_cutoff=92;upper_skipped_by_nonnegative_interval_lower=7
331,0,lp,lower,9,9,0.027979246,0.02747344970703125,834,0,0,9,0,0,0,0,0,0,OPTIMAL=9,
331,0,lp,upper,9,9,0.029657353000000004,0.029124975204467773,826,0,0,9,0,0,0,0,0,0,OPTIMAL=9,
331,1,interval_arithmetic,lower,3136,0,0.0,0.0,0,0,0,0,0,844,0,0,0,2292,,interval_arithmetic=844;lower_skipped_by_nonpositive_upper=2292
331,1,interval_arithmetic,upper,3136,0,0.0,0.0,0,0,0,0,0,3136,0,0,0,0,,interval_arithmetic=3136
331,2,lp,lower,1568,68,0.051538310000000004,0.0494539737701416,493,0,0,68,0,0,0,633,0,867,OPTIMAL=68,interval_proves_cutoff=633;lower_skipped_by_nonpositive_upper=867
331,2,lp,upper,1568,70,0.06029554200000002,0.05377840995788574,553,0,0,70,0,0,0,865,633,0,OPTIMAL=70,interval_proves_cutoff=865;upper_skipped_by_nonnegative_interval_lower=633
331,3,lp,lower,100,1,0.003908097,0.00384521484375,148,0,0,1,0,0,0,8,0,91,OPTIMAL=1,interval_proves_cutoff=8;lower_skipped_by_nonpositive_upper=91
331,3,lp,upper,100,1,0.003933667,0.0038514137268066406,138,0,0,1,0,0,0,91,8,0,OPTIMAL=1,interval_proves_cutoff=91;upper_skipped_by_nonnegative_interval_lower=8
332,0,lp,lower,9,9,0.050789060000000004,0.05013251304626465,1457,0,0,9,0,0,0,0,0,0,OPTIMAL=9,
332,0,lp,upper,9,9,0.064857607,0.06417298316955566,1631,0,0,9,0,0,0,0,0,0,OPTIMAL=9,
332,1,interval_arithmetic,lower,3136,0,0.0,0.0,0,0,0,0,0,900,0,0,0,2236,,interval_arithmetic=900;lower_skipped_by_nonpositive_upper=2236
332,1,interval_arithmetic,upper,3136,0,0.0,0.0,0,0,0,0,0,3136,0,0,0,0,,interval_arithmetic=3136
332,2,lp,lower,1568,115,0.10568988800000001,0.10158395767211914,1394,0,0,115,0,0,0,653,0,800,OPTIMAL=115,interval_proves_cutoff=653;lower_skipped_by_nonpositive_upper=800
332,2,lp,upper,1568,121,0.11776378400000002,0.10888814926147461,1507,0,0,121,0,0,0,794,653,0,OPTIMAL=121,interval_proves_cutoff=794;upper_skipped_by_nonnegative_interval_lower=653
332,3,lp,lower,100,2,0.01192905,0.011781454086303711,351,0,0,2,0,0,0,7,0,91,OPTIMAL=2,interval_proves_cutoff=7;lower_skipped_by_nonpositive_upper=91
332,3,lp,upper,100,2,0.010757257,0.010588884353637695,391,0,0,2,0,0,0,91,7,0,OPTIMAL=2,interval_proves_cutoff=91;upper_skipped_by_nonnegative_interval_lower=7
333,0,lp,lower,9,9,0.022196359,0.021723031997680664,674,0,0,9,0,0,0,0,0,0,OPTIMAL=9,
333,0,lp,upper,9,9,0.021791157,0.02128434181213379,695,0,0,9,0,0,0,0,0,0,OPTIMAL=9,
333,1,interval_arithmetic,lower,3136,0,0.0,0.0,0,0,0,0,0,845,0,0,0,2291,,interval_arithmetic=845;lower_skipped_by_nonpositive_upper=2291
333,1,interval_arithmetic,upper,3136,0,0.0,0.0,0,0,0,0,0,3136,0,0,0,0,,interval_arithmetic=3136
333,2,lp,lower,1568,54,0.03756382099999999,0.03590273857116699,284,0,0,54,0,0,0,637,0,877,OPTIMAL=54,interval_proves_cutoff=637;lower_skipped_by_nonpositive_upper=877
333,2,lp,upper,1568,54,0.04546422,0.03938579559326172,369,0,0,54,0,0,0,877,637,0,OPTIMAL=54,interval_proves_cutoff=877;upper_skipped_by_nonnegative_interval_lower=637
333,3,lp,lower,100,0,0.0,0.0,0,0,0,0,0,0,0,8,0,92,,interval_proves_cutoff=8;lower_skipped_by_nonpositive_upper=92
333,3,lp,upper,100,0,0.0,0.0,0,0,0,0,0,0,0,92,8,0,,interval_proves_cutoff=92;upper_skipped_by_nonnegative_interval_lower=8
334,0,lp,lower,9,9,0.056932534,0.0563509464263916,1452,0,0,9,0,0,0,0,0,0,OPTIMAL=9,
334,0,lp,upper,9,9,0.060800254,0.06019949913024902,1478,0,0,9,0,0,0,0,0,0,OPTIMAL=9,
334,1,interval_arithmetic,lower,3136,0,0.0,0.0,0,0,0,0,0,912,0,0,0,2224,,interval_arithmetic=912;lower_skipped_by_nonpositive_upper=2224
334,1,interval_arithmetic,upper,3136,0,0.0,0.0,0,0,0,0,0,3136,0,0,0,0,,interval_arithmetic=3136
334,2,lp,lower,1568,87,0.08586489500000007,0.08271121978759766,1415,0,0,87,0,0,0,681,0,800,OPTIMAL=87,interval_proves_cutoff=681;lower_skipped_by_nonpositive_upper=800
334,2,lp,upper,1568,92,0.096773219,0.08810019493103027,1587,0,0,92,0,0,0,795,681,0,OPTIMAL=92,interval_proves_cutoff=795;upper_skipped_by_nonnegative_interval_lower=681
334,3,lp,lower,100,1,0.006204302,0.006135463714599609,252,0,0,1,0,0,0,8,0,91,OPTIMAL=1,interval_proves_cutoff=8;lower_skipped_by_nonpositive_upper=91
334,3,lp,upper,100,1,0.00502666,0.004945516586303711,189,0,0,1,0,0,0,91,8,0,OPTIMAL=1,interval_proves_cutoff=91;upper_skipped_by_nonnegative_interval_lower=8
335,0,lp,lower,9,9,0.058370942999999995,0.05778384208679199,1509,0,0,9,0,0,0,0,0,0,OPTIMAL=9,
335,0,lp,upper,9,9,0.070828896,0.07023119926452637,1713,0,0,9,0,0,0,0,0,0,OPTIMAL=9,
335,1,interval_arithmetic,lower,3136,0,0.0,0.0,0,0,0,0,0,910,0,0,0,2226,,interval_arithmetic=910;lower_skipped_by_nonpositive_upper=2226
335,1,interval_arithmetic,upper,3136,0,0.0,0.0,0,0,0,0,0,3136,0,0,0,0,,interval_arithmetic=3136
335,2,lp,lower,1568,94,0.08733222100000002,0.0839083194732666,1402,0,0,94,0,0,0,669,0,805,OPTIMAL=94,interval_proves_cutoff=669;lower_skipped_by_nonpositive_upper=805
335,2,lp,upper,1568,99,0.10160003099999997,0.09321832656860352,1594,0,0,99,0,0,0,800,669,0,OPTIMAL=99,interval_proves_cutoff=800;upper_skipped_by_nonnegative_interval_lower=669
335,3,lp,lower,100,1,0.0049803,0.004910945892333984,243,0,0,1,0,0,0,8,0,91,OPTIMAL=1,interval_proves_cutoff=8;lower_skipped_by_nonpositive_upper=91
335,3,lp,upper,100,1,0.004289158,0.004210233688354492,212,0,0,1,0,0,0,91,8,0,OPTIMAL=1,interval_proves_cutoff=91;upper_skipped_by_nonnegative_interval_lower=8
336,0,lp,lower,9,9,0.037737995999999996,0.037180423736572266,1198,0,0,9,0,0,0,0,0,0,OPTIMAL=9,
336,0,lp,upper,9,9,0.037102367,0.036493778228759766,1253,0,0,9,0,0,0,0,0,0,OPTIMAL=9,
336,1,interval_arithmetic,lower,3136,0,0.0,0.0,0,0,0,0,0,895,0,0,0,2241,,interval_arithmetic=895;lower_skipped_by_nonpositive_upper=2241
336,1,interval_arithmetic,upper,3136,0,0.0,0.0,0,0,0,0,0,3136,0,0,0,0,,interval_arithmetic=3136
336,2,lp,lower,1568,88,0.08150664299999998,0.07834911346435547,1205,0,0,88,0,0,0,663,0,817,OPTIMAL=88,interval_proves_cutoff=663;lower_skipped_by_nonpositive_upper=817
336,2,lp,upper,1568,95,0.09637835799999998,0.08845257759094238,1432,0,0,95,0,0,0,810,663,0,OPTIMAL=95,interval_proves_cutoff=810;upper_skipped_by_nonnegative_interval_lower=663
336,3,lp,lower,100,0,0.0,0.0,0,0,0,0,0,0,0,9,0,91,,interval_proves_cutoff=9;lower_skipped_by_nonpositive_upper=91
336,3,lp,upper,100,0,0.0,0.0,0,0,0,0,0,0,0,91,9,0,,interval_proves_cutoff=91;upper_skipped_by_nonnegative_interval_lower=9
337,0,lp,lower,9,9,0.042335662,0.04173564910888672,1370,0,0,9,0,0,0,0,0,0,OPTIMAL=9,
337,0,lp,upper,9,9,0.04795733,0.04732394218444824,1441,0,0,9,0,0,0,0,0,0,OPTIMAL=9,
337,1,interval_arithmetic,lower,3136,0,0.0,0.0,0,0,0,0,0,926,0,0,0,2210,,interval_arithmetic=926;lower_skipped_by_nonpositive_upper=2210
337,1,interval_arithmetic,upper,3136,0,0.0,0.0,0,0,0,0,0,3136,0,0,0,0,,interval_arithmetic=3136
337,2,lp,lower,1568,95,0.08832616600000001,0.08496451377868652,1452,0,0,95,0,0,0,657,0,816,OPTIMAL=95,interval_proves_cutoff=657;lower_skipped_by_nonpositive_upper=816
337,2,lp,upper,1568,96,0.09739828099999999,0.08917856216430664,1491,0,0,96,0,0,0,815,657,0,OPTIMAL=96,interval_proves_cutoff=815;upper_skipped_by_nonnegative_interval_lower=657
337,3,lp,lower,100,0,0.0,0.0,0,0,0,0,0,0,0,9,0,91,,interval_proves_cutoff=9;lower_skipped_by_nonpositive_upper=91
337,3,lp,upper,100,0,0.0,0.0,0,0,0,0,0,0,0,91,9,0,,interval_proves_cutoff=91;upper_skipped_by_nonnegative_interval_lower=9
338,0,lp,lower,9,9,0.037309551,0.036750078201293945,1121,0,0,9,0,0,0,0,0,0,OPTIMAL=9,
338,0,lp,upper,9,9,0.042187244000000006,0.04157233238220215,1150,0,0,9,0,0,0,0,0,0,OPTIMAL=9,
338,1,interval_arithmetic,lower,3136,0,0.0,0.0,0,0,0,0,0,889,0,0,0,2247,,interval_arithmetic=889;lower_skipped_by_nonpositive_upper=2247
338,1,interval_arithmetic,upper,3136,0,0.0,0.0,0,0,0,0,0,3136,0,0,0,0,,interval_arithmetic=3136
338,2,lp,lower,1568,75,0.06146739700000004,0.05901813507080078,786,0,0,75,0,0,0,668,0,825,OPTIMAL=75,interval_proves_cutoff=668;lower_skipped_by_nonpositive_upper=825
338,2,lp,upper,1568,79,0.07317111299999998,0.06571769714355469,1088,0,0,79,0,0,0,821,668,0,OPTIMAL=79,interval_proves_cutoff=821;upper_skipped_by_nonnegative_interval_lower=668
338,3,lp,lower,100,1,0.004901771,0.004836082458496094,217,0,0,1,0,0,0,7,0,92,OPTIMAL=1,interval_proves_cutoff=7;lower_skipped_by_nonpositive_upper=92
338,3,lp,upper,100,1,0.003295605,0.0032227039337158203,163,0,0,1,0,0,0,92,7,0,OPTIMAL=1,interval_proves_cutoff=92;upper_skipped_by_nonnegative_interval_lower=7
339,0,lp,lower,9,9,0.0721851,0.07154083251953125,1633,0,0,9,0,0,0,0,0,0,OPTIMAL=9,
339,0,lp,upper,9,9,0.06423890600000001,0.0635676383972168,1694,0,0,9,0,0,0,0,0,0,OPTIMAL=9,
339,1,interval_arithmetic,lower,3136,0,0.0,0.0,0,0,0,0,0,971,0,0,0,2165,,interval_arithmetic=971;lower_skipped_by_nonpositive_upper=2165
339,1,interval_arithmetic,upper,3136,0,0.0,0.0,0,0,0,0,0,3136,0,0,0,0,,interval_arithmetic=3136
339,2,lp,lower,1568,112,0.114033706,0.10992836952209473,1773,0,0,112,0,0,0,688,0,768,OPTIMAL=112,interval_proves_cutoff=688;lower_skipped_by_nonpositive_upper=768
339,2,lp,upper,1568,123,0.134229154,0.12476730346679688,2021,0,0,123,0,0,0,757,688,0,OPTIMAL=123,interval_proves_cutoff=757;upper_skipped_by_nonnegative_interval_lower=688
339,3,lp,lower,100,1,0.010238705,0.010108470916748047,335,0,0,1,0,0,0,8,0,91,OPTIMAL=1,interval_proves_cutoff=8;lower_skipped_by_nonpositive_upper=91
339,3,lp,upper,100,1,0.007689742,0.007600545883178711,294,0,0,1,0,0,0,91,8,0,OPTIMAL=1,interval_proves_cutoff=91;upper_skipped_by_nonnegative_interval_lower=8
340,0,lp,lower,9,9,0.05867184,0.05803656578063965,1546,0,0,9,0,0,0,0,0,0,OPTIMAL=9,
340,0,lp,upper,9,9,0.057602052,0.05694174766540527,1536,0,0,9,0,0,0,0,0,0,OPTIMAL=9,
340,1,interval_arithmetic,lower,3136,0,0.0,0.0,0,0,0,0,0,916,0,0,0,2220,,interval_arithmetic=916;lower_skipped_by_nonpositive_upper=2220
340,1,interval_arithmetic,upper,3136,0,0.0,0.0,0,0,0,0,0,3136,0,0,0,0,,interval_arithmetic=3136
340,2,lp,lower,1568,102,0.09992007600000001,0.09629201889038086,1513,0,0,102,0,0,0,676,0,790,OPTIMAL=102,interval_proves_cutoff=676;lower_skipped_by_nonpositive_upper=790
340,2,lp,upper,1568,105,0.107422208,0.09888935089111328,1682,0,0,105,0,0,0,787,676,0,OPTIMAL=105,interval_proves_cutoff=787;upper_skipped_by_nonnegative_interval_lower=676
340,3,lp,lower,100,1,0.007459237,0.00738072395324707,265,0,0,1,0,0,0,8,0,91,OPTIMAL=1,interval_proves_cutoff=8;lower_skipped_by_nonpositive_upper=91
340,3,lp,upper,100,1,0.005127249,0.005002021789550781,226,0,0,1,0,0,0,91,8,0,OPTIMAL=1,interval_proves_cutoff=91;upper_skipped_by_nonnegative_interval_lower=8
342,0,lp,lower,9,9,0.07318035999999999,0.07246088981628418,1833,0,0,9,0,0,0,0,0,0,OPTIMAL=9,
342,0,lp,upper,9,9,0.08040589799999999,0.07970809936523438,1921,0,0,9,0,0,0,0,0,0,OPTIMAL=9,
342,1,interval_arithmetic,lower,3136,0,0.0,0.0,0,0,0,0,0,887,0,0,0,2249,,interval_arithmetic=887;lower_skipped_by_nonpositive_upper=2249
342,1,interval_arithmetic,upper,3136,0,0.0,0.0,0,0,0,0,0,3136,0,0,0,0,,interval_arithmetic=3136
342,2,lp,lower,1568,140,0.135322723,0.13028192520141602,2562,0,0,140,0,0,0,622,0,806,OPTIMAL=140,interval_proves_cutoff=622;lower_skipped_by_nonpositive_upper=806
342,2,lp,upper,1568,152,0.15759894200000002,0.14699101448059082,2973,0,0,152,0,0,0,794,622,0,OPTIMAL=152,interval_proves_cutoff=794;upper_skipped_by_nonnegative_interval_lower=622
342,3,lp,lower,100,2,0.016413388,0.016244173049926758,409,0,0,2,0,0,0,7,0,91,OPTIMAL=2,interval_proves_cutoff=7;lower_skipped_by_nonpositive_upper=91
342,3,lp,upper,100,2,0.017060528,0.016869068145751953,510,0,0,2,0,0,0,91,7,0,OPTIMAL=2,interval_proves_cutoff=91;upper_skipped_by_nonnegative_interval_lower=7
343,0,lp,lower,9,9,0.041371844,0.04083847999572754,1025,0,0,9,0,0,0,0,0,0,OPTIMAL=9,
343,0,lp,upper,9,9,0.04695435099999999,0.046418190002441406,1077,0,0,9,0,0,0,0,0,0,OPTIMAL=9,
343,1,interval_arithmetic,lower,3136,0,0.0,0.0,0,0,0,0,0,858,0,0,0,2278,,interval_arithmetic=858;lower_skipped_by_nonpositive_upper=2278
343,1,interval_arithmetic,upper,3136,0,0.0,0.0,0,0,0,0,0,3136,0,0,0,0,,interval_arithmetic=3136
343,2,lp,lower,1568,65,0.05041535399999998,0.04828047752380371,689,0,0,65,0,0,0,643,0,860,OPTIMAL=65,interval_proves_cutoff=643;lower_skipped_by_nonpositive_upper=860
343,2,lp,upper,1568,70,0.06064019299999999,0.05388951301574707,936,0,0,70,0,0,0,855,643,0,OPTIMAL=70,interval_proves_cutoff=855;upper_skipped_by_nonnegative_interval_lower=643
343,3,lp,lower,100,3,0.009030232999999999,0.008864164352416992,257,0,0,3,0,0,0,6,0,91,OPTIMAL=3,interval_proves_cutoff=6;lower_skipped_by_nonpositive_upper=91
343,3,lp,upper,100,3,0.007817838,0.0076313018798828125,295,0,0,3,0,0,0,91,6,0,OPTIMAL=3,interval_proves_cutoff=91;upper_skipped_by_nonnegative_interval_lower=6
344,0,lp,lower,9,9,0.055919948,0.055278778076171875,1581,0,0,9,0,0,0,0,0,0,OPTIMAL=9,
344,0,lp,upper,9,9,0.07478811499999999,0.07413005828857422,1840,0,0,9,0,0,0,0,0,0,OPTIMAL=9,
344,1,interval_arithmetic,lower,3136,0,0.0,0.0,0,0,0,0,0,946,0,0,0,2190,,interval_arithmetic=946;lower_skipped_by_nonpositive_upper=2190
344,1,interval_arithmetic,upper,3136,0,0.0,0.0,0,0,0,0,0,3136,0,0,0,0,,interval_arithmetic=3136
344,2,lp,lower,1568,102,0.10648083300000001,0.10253500938415527,1901,0,0,102,0,0,0,679,0,787,OPTIMAL=102,interval_proves_cutoff=679;lower_skipped_by_nonpositive_upper=787
344,2,lp,upper,1568,110,0.11786208599999994,0.10887789726257324,2120,0,0,110,0,0,0,779,679,0,OPTIMAL=110,interval_proves_cutoff=779;upper_skipped_by_nonnegative_interval_lower=679
344,3,lp,lower,100,2,0.012966479,0.012819051742553711,375,0,0,2,0,0,0,7,0,91,OPTIMAL=2,interval_proves_cutoff=7;lower_skipped_by_nonpositive_upper=91
344,3,lp,upper,100,2,0.012233293,0.012068748474121094,412,0,0,2,0,0,0,91,7,0,OPTIMAL=2,interval_proves_cutoff=91;upper_skipped_by_nonnegative_interval_lower=7
345,0,lp,lower,9,9,0.059707297000000006,0.05908536911010742,1521,0,0,9,0,0,0,0,0,0,OPTIMAL=9,
345,0,lp,upper,9,9,0.054226914,0.05356454849243164,1586,0,0,9,0,0,0,0,0,0,OPTIMAL=9,
345,1,interval_arithmetic,lower,3136,0,0.0,0.0,0,0,0,0,0,922,0,0,0,2214,,interval_arithmetic=922;lower_skipped_by_nonpositive_upper=2214
345,1,interval_arithmetic,upper,3136,0,0.0,0.0,0,0,0,0,0,3136,0,0,0,0,,interval_arithmetic=3136
345,2,lp,lower,1568,116,0.11844028600000003,0.11412930488586426,2331,0,0,116,0,0,0,651,0,801,OPTIMAL=116,interval_proves_cutoff=651;lower_skipped_by_nonpositive_upper=801
345,2,lp,upper,1568,121,0.12762098000000002,0.1183474063873291,2345,0,0,121,0,0,0,796,651,0,OPTIMAL=121,interval_proves_cutoff=796;upper_skipped_by_nonnegative_interval_lower=651
345,3,lp,lower,100,0,0.0,0.0,0,0,0,0,0,0,0,9,0,91,,interval_proves_cutoff=9;lower_skipped_by_nonpositive_upper=91
345,3,lp,upper,100,0,0.0,0.0,0,0,0,0,0,0,0,91,9,0,,interval_proves_cutoff=91;upper_skipped_by_nonnegative_interval_lower=9
346,0,lp,lower,9,9,0.017470496,0.017069101333618164,486,0,0,9,0,0,0,0,0,0,OPTIMAL=9,
346,0,lp,upper,9,9,0.018880499999999998,0.018431425094604492,499,0,0,9,0,0,0,0,0,0,OPTIMAL=9,
346,1,interval_arithmetic,lower,3136,0,0.0,0.0,0,0,0,0,0,851,0,0,0,2285,,interval_arithmetic=851;lower_skipped_by_nonpositive_upper=2285
346,1,interval_arithmetic,upper,3136,0,0.0,0.0,0,0,0,0,0,3136,0,0,0,0,,interval_arithmetic=3136
346,2,lp,lower,1568,33,0.020884326,0.01994037628173828,116,0,0,33,0,0,0,659,0,876,OPTIMAL=33,interval_proves_cutoff=659;lower_skipped_by_nonpositive_upper=876
346,2,lp,upper,1568,35,0.02881477300000001,0.02345418930053711,228,0,0,35,0,0,0,874,659,0,OPTIMAL=35,interval_proves_cutoff=874;upper_skipped_by_nonnegative_interval_lower=659
346,3,lp,lower,100,1,0.001750556,0.0016965866088867188,68,0,0,1,0,0,0,7,0,92,OPTIMAL=1,interval_proves_cutoff=7;lower_skipped_by_nonpositive_upper=92
346,3,lp,upper,100,1,0.001627152,0.0015704631805419922,66,0,0,1,0,0,0,92,7,0,OPTIMAL=1,interval_proves_cutoff=92;upper_skipped_by_nonnegative_interval_lower=7
347,0,lp,lower,9,9,0.049698978000000005,0.04908609390258789,1288,0,0,9,0,0,0,0,0,0,OPTIMAL=9,
347,0,lp,upper,9,9,0.066237981,0.0656135082244873,1718,0,0,9,0,0,0,0,0,0,OPTIMAL=9,
347,1,interval_arithmetic,lower,3136,0,0.0,0.0,0,0,0,0,0,922,0,0,0,2214,,interval_arithmetic=922;lower_skipped_by_nonpositive_upper=2214
347,1,interval_arithmetic,upper,3136,0,0.0,0.0,0,0,0,0,0,3136,0,0,0,0,,interval_arithmetic=3136
347,2,lp,lower,1568,98,0.08805394500000001,0.08479094505310059,1412,0,0,98,0,0,0,655,0,815,OPTIMAL=98,interval_proves_cutoff=655;lower_skipped_by_nonpositive_upper=815
347,2,lp,upper,1568,103,0.10163486600000003,0.0931708812713623,1494,0,0,103,0,0,0,810,655,0,OPTIMAL=103,interval_proves_cutoff=810;upper_skipped_by_nonnegative_interval_lower=655
347,3,lp,lower,100,0,0.0,0.0,0,0,0,0,0,0,0,9,0,91,,interval_proves_cutoff=9;lower_skipped_by_nonpositive_upper=91
347,3,lp,upper,100,0,0.0,0.0,0,0,0,0,0,0,0,91,9,0,,interval_proves_cutoff=91;upper_skipped_by_nonnegative_interval_lower=9
348,0,lp,lower,9,9,0.069159581,0.06854081153869629,1572,0,0,9,0,0,0,0,0,0,OPTIMAL=9,
348,0,lp,upper,9,9,0.06701869099999999,0.0663902759552002,1443,0,0,9,0,0,0,0,0,0,OPTIMAL=9,
348,1,interval_arithmetic,lower,3136,0,0.0,0.0,0,0,0,0,0,958,0,0,0,2178,,interval_arithmetic=958;lower_skipped_by_nonpositive_upper=2178
348,1,interval_arithmetic,upper,3136,0,0.0,0.0,0,0,0,0,0,3136,0,0,0,0,,interval_arithmetic=3136
348,2,lp,lower,1568,94,0.08663860699999996,0.08340883255004883,1101,0,0,94,0,0,0,684,0,790,OPTIMAL=94,interval_proves_cutoff=684;lower_skipped_by_nonpositive_upper=790
348,2,lp,upper,1568,99,0.09836774900000003,0.09005188941955566,1242,0,0,99,0,0,0,785,684,0,OPTIMAL=99,interval_proves_cutoff=785;upper_skipped_by_nonnegative_interval_lower=684
348,3,lp,lower,100,1,0.00617114,0.00610041618347168,245,0,0,1,0,0,0,8,0,91,OPTIMAL=1,interval_proves_cutoff=8;lower_skipped_by_nonpositive_upper=91
348,3,lp,upper,100,1,0.005010616,0.004931211471557617,210,0,0,1,0,0,0,91,8,0,OPTIMAL=1,interval_proves_cutoff=91;upper_skipped_by_nonnegative_interval_lower=8
349,0,lp,lower,9,9,0.032217943000000006,0.03169107437133789,930,0,0,9,0,0,0,0,0,0,OPTIMAL=9,
349,0,lp,upper,9,9,0.027655245,0.027144670486450195,858,0,0,9,0,0,0,0,0,0,OPTIMAL=9,
349,1,interval_arithmetic,lower,3136,0,0.0,0.0,0,0,0,0,0,856,0,0,0,2280,,interval_arithmetic=856;lower_skipped_by_nonpositive_upper=2280
349,1,interval_arithmetic,upper,3136,0,0.0,0.0,0,0,0,0,0,3136,0,0,0,0,,interval_arithmetic=3136
349,2,lp,lower,1568,66,0.053580345000000015,0.05145406723022461,643,0,0,66,0,0,0,632,0,870,OPTIMAL=66,interval_proves_cutoff=632;lower_skipped_by_nonpositive_upper=870
349,2,lp,upper,1568,70,0.060243482999999994,0.05322432518005371,753,0,0,70,0,0,0,866,632,0,OPTIMAL=70,interval_proves_cutoff=866;upper_skipped_by_nonnegative_interval_lower=632
349,3,lp,lower,100,2,0.0054754899999999995,0.005364894866943359,176,0,0,2,0,0,0,7,0,91,OPTIMAL=2,interval_proves_cutoff=7;lower_skipped_by_nonpositive_upper=91
349,3,lp,upper,100,2,0.006466154,0.006339311599731445,243,0,0,2,0,0,0,91,7,0,OPTIMAL=2,interval_proves_cutoff=91;upper_skipped_by_nonnegative_interval_lower=7
350,0,lp,lower,9,9,0.033491364,0.032953739166259766,1181,0,0,9,0,0,0,0,0,0,OPTIMAL=9,
350,0,lp,upper,9,9,0.035148829,0.03454303741455078,1231,0,0,9,0,0,0,0,0,0,OPTIMAL=9,
350,1,interval_arithmetic,lower,3136,0,0.0,0.0,0,0,0,0,0,898,0,0,0,2238,,interval_arithmetic=898;lower_skipped_by_nonpositive_upper=2238
350,1,interval_arithmetic,upper,3136,0,0.0,0.0,0,0,0,0,0,3136,0,0,0,0,,interval_arithmetic=3136
350,2,lp,lower,1568,75,0.071843484,0.06916379928588867,1045,0,0,75,0,0,0,650,0,843,OPTIMAL=75,interval_proves_cutoff=650;lower_skipped_by_nonpositive_upper=843
350,2,lp,upper,1568,79,0.08436413799999998,0.0762481689453125,1235,0,0,79,0,0,0,839,650,0,OPTIMAL=79,interval_proves_cutoff=839;upper_skipped_by_nonnegative_interval_lower=650
350,3,lp,lower,100,0,0.0,0.0,0,0,0,0,0,0,0,9,0,91,,interval_proves_cutoff=9;lower_skipped_by_nonpositive_upper=91
350,3,lp,upper,100,0,0.0,0.0,0,0,0,0,0,0,0,91,9,0,,interval_proves_cutoff=91;upper_skipped_by_nonnegative_interval_lower=9
351,0,lp,lower,9,9,0.019570128,0.019112110137939453,638,0,0,9,0,0,0,0,0,0,OPTIMAL=9,
351,0,lp,upper,9,9,0.019273407000000003,0.018798112869262695,691,0,0,9,0,0,0,0,0,0,OPTIMAL=9,
351,1,interval_arithmetic,lower,3136,0,0.0,0.0,0,0,0,0,0,864,0,0,0,2272,,interval_arithmetic=864;lower_skipped_by_nonpositive_upper=2272
351,1,interval_arithmetic,upper,3136,0,0.0,0.0,0,0,0,0,0,3136,0,0,0,0,,interval_arithmetic=3136
351,2,lp,lower,1568,57,0.041866414,0.040125370025634766,295,0,0,57,0,0,0,641,0,870,OPTIMAL=57,interval_proves_cutoff=641;lower_skipped_by_nonpositive_upper=870
351,2,lp,upper,1568,60,0.05068890699999999,0.04419970512390137,439,0,0,60,0,0,0,867,641,0,OPTIMAL=60,interval_proves_cutoff=867;upper_skipped_by_nonnegative_interval_lower=641
351,3,lp,lower,100,0,0.0,0.0,0,0,0,0,0,0,0,9,0,91,,interval_proves_cutoff=9;lower_skipped_by_nonpositive_upper=91
351,3,lp,upper,100,0,0.0,0.0,0,0,0,0,0,0,0,91,9,0,,interval_proves_cutoff=91;upper_skipped_by_nonnegative_interval_lower=9
352,0,lp,lower,9,9,0.067212361,0.06663155555725098,1597,0,0,9,0,0,0,0,0,0,OPTIMAL=9,
352,0,lp,upper,9,9,0.068405963,0.06780242919921875,1573,0,0,9,0,0,0,0,0,0,OPTIMAL=9,
352,1,interval_arithmetic,lower,3136,0,0.0,0.0,0,0,0,0,0,935,0,0,0,2201,,interval_arithmetic=935;lower_skipped_by_nonpositive_upper=2201
352,1,interval_arithmetic,upper,3136,0,0.0,0.0,0,0,0,0,0,3136,0,0,0,0,,interval_arithmetic=3136
352,2,lp,lower,1568,82,0.078019274,0.0750589370727539,1012,0,0,82,0,0,0,697,0,789,OPTIMAL=82,interval_proves_cutoff=697;lower_skipped_by_nonpositive_upper=789
352,2,lp,upper,1568,87,0.08417045900000003,0.07596611976623535,1102,0,0,87,0,0,0,784,697,0,OPTIMAL=87,interval_proves_cutoff=784;upper_skipped_by_nonnegative_interval_lower=697
352,3,lp,lower,100,1,0.005079971,0.005007743835449219,232,0,0,1,0,0,0,8,0,91,OPTIMAL=1,interval_proves_cutoff=8;lower_skipped_by_nonpositive_upper=91
352,3,lp,upper,100,1,0.005628897,0.005551815032958984,212,0,0,1,0,0,0,91,8,0,OPTIMAL=1,interval_proves_cutoff=91;upper_skipped_by_nonnegative_interval_lower=8
353,0,lp,lower,9,9,0.078899733,0.07825207710266113,1952,0,0,9,0,0,0,0,0,0,OPTIMAL=9,
353,0,lp,upper,9,9,0.097291447,0.09661507606506348,2057,0,0,9,0,0,0,0,0,0,OPTIMAL=9,
353,1,interval_arithmetic,lower,3136,0,0.0,0.0,0,0,0,0,0,970,0,0,0,2166,,interval_arithmetic=970;lower_skipped_by_nonpositive_upper=2166
353,1,interval_arithmetic,upper,3136,0,0.0,0.0,0,0,0,0,0,3136,0,0,0,0,,interval_arithmetic=3136
353,2,lp,lower,1568,116,0.11605037400000004,0.11165785789489746,1655,0,0,116,0,0,0,697,0,755,OPTIMAL=116,interval_proves_cutoff=697;lower_skipped_by_nonpositive_upper=755
353,2,lp,upper,1568,123,0.12804424700000003,0.11877107620239258,1922,0,0,123,0,0,0,748,697,0,OPTIMAL=123,interval_proves_cutoff=748;upper_skipped_by_nonnegative_interval_lower=697
353,3,lp,lower,100,1,0.008747814,0.00867462158203125,328,0,0,1,0,0,0,8,0,91,OPTIMAL=1,interval_proves_cutoff=8;lower_skipped_by_nonpositive_upper=91
353,3,lp,upper,100,1,0.006355556,0.006273031234741211,251,0,0,1,0,0,0,91,8,0,OPTIMAL=1,interval_proves_cutoff=91;upper_skipped_by_nonnegative_interval_lower=8
354,0,lp,lower,9,9,0.036858022,0.036314964294433594,1225,0,0,9,0,0,0,0,0,0,OPTIMAL=9,
354,0,lp,upper,9,9,0.044093674,0.043503761291503906,1308,0,0,9,0,0,0,0,0,0,OPTIMAL=9,
354,1,interval_arithmetic,lower,3136,0,0.0,0.0,0,0,0,0,0,987,0,0,0,2149,,interval_arithmetic=987;lower_skipped_by_nonpositive_upper=2149
354,1,interval_arithmetic,upper,3136,0,0.0,0.0,0,0,0,0,0,3136,0,0,0,0,,interval_arithmetic=3136
354,2,lp,lower,1568,68,0.065872802,0.06342411041259766,976,0,0,68,0,0,0,687,0,813,OPTIMAL=68,interval_proves_cutoff=687;lower_skipped_by_nonpositive_upper=813
354,2,lp,upper,1568,74,0.07716554299999999,0.0698399543762207,1145,0,0,74,0,0,0,807,687,0,OPTIMAL=74,interval_proves_cutoff=807;upper_skipped_by_nonnegative_interval_lower=687
354,3,lp,lower,100,1,0.004040785,0.003980159759521484,212,0,0,1,0,0,0,8,0,91,OPTIMAL=1,interval_proves_cutoff=8;lower_skipped_by_nonpositive_upper=91
354,3,lp,upper,100,1,0.003515656,0.003446817398071289,185,0,0,1,0,0,0,91,8,0,OPTIMAL=1,interval_proves_cutoff=91;upper_skipped_by_nonnegative_interval_lower=8
355,0,lp,lower,9,9,0.045701206,0.045137643814086914,1139,0,0,9,0,0,0,0,0,0,OPTIMAL=9,
355,0,lp,upper,9,9,0.046953855,0.04637598991394043,1171,0,0,9,0,0,0,0,0,0,OPTIMAL=9,
355,1,interval_arithmetic,lower,3136,0,0.0,0.0,0,0,0,0,0,860,0,0,0,2276,,interval_arithmetic=860;lower_skipped_by_nonpositive_upper=2276
355,1,interval_arithmetic,upper,3136,0,0.0,0.0,0,0,0,0,0,3136,0,0,0,0,,interval_arithmetic=3136
355,2,lp,lower,1568,75,0.06278254400000002,0.060274600982666016,835,0,0,75,0,0,0,630,0,863,OPTIMAL=75,interval_proves_cutoff=630;lower_skipped_by_nonpositive_upper=863
355,2,lp,upper,1568,76,0.07121601899999998,0.06344246864318848,909,0,0,76,0,0,0,862,630,0,OPTIMAL=76,interval_proves_cutoff=862;upper_skipped_by_nonnegative_interval_lower=630
355,3,lp,lower,100,1,0.006601941,0.0065119266510009766,224,0,0,1,0,0,0,8,0,91,OPTIMAL=1,interval_proves_cutoff=8;lower_skipped_by_nonpositive_upper=91
355,3,lp,upper,100,1,0.012467117,0.004273176193237305,169,0,0,1,0,0,0,91,8,0,OPTIMAL=1,interval_proves_cutoff=91;upper_skipped_by_nonnegative_interval_lower=8
356,0,lp,lower,9,9,0.054372181000000006,0.053699493408203125,1407,0,0,9,0,0,0,0,0,0,OPTIMAL=9,
356,0,lp,upper,9,9,0.050636833,0.050016164779663086,1393,0,0,9,0,0,0,0,0,0,OPTIMAL=9,
356,1,interval_arithmetic,lower,3136,0,0.0,0.0,0,0,0,0,0,928,0,0,0,2208,,interval_arithmetic=928;lower_skipped_by_nonpositive_upper=2208
356,1,interval_arithmetic,upper,3136,0,0.0,0.0,0,0,0,0,0,3136,0,0,0,0,,interval_arithmetic=3136
356,2,lp,lower,1568,109,0.10496177400000002,0.1009972095489502,1721,0,0,109,0,0,0,655,0,804,OPTIMAL=109,interval_proves_cutoff=655;lower_skipped_by_nonpositive_upper=804
356,2,lp,upper,1568,116,0.11652256900000006,0.10745549201965332,1859,0,0,116,0,0,0,797,655,0,OPTIMAL=116,interval_proves_cutoff=797;upper_skipped_by_nonnegative_interval_lower=655
356,3,lp,lower,100,1,0.008918436,0.00884556770324707,306,0,0,1,0,0,0,8,0,91,OPTIMAL=1,interval_proves_cutoff=8;lower_skipped_by_nonpositive_upper=91
356,3,lp,upper,100,1,0.006111297,0.006025791168212891,239,0,0,1,0,0,0,91,8,0,OPTIMAL=1,interval_proves_cutoff=91;upper_skipped_by_nonnegative_interval_lower=8
357,0,lp,lower,9,9,0.07556226499999999,0.0749502182006836,1628,0,0,9,0,0,0,0,0,0,OPTIMAL=9,
357,0,lp,upper,9,9,0.073521952,0.0728912353515625,1607,0,0,9,0,0,0,0,0,0,OPTIMAL=9,
357,1,interval_arithmetic,lower,3136,0,0.0,0.0,0,0,0,0,0,940,0,0,0,2196,,interval_arithmetic=940;lower_skipped_by_nonpositive_upper=2196
357,1,interval_arithmetic,upper,3136,0,0.0,0.0,0,0,0,0,0,3136,0,0,0,0,,interval_arithmetic=3136
357,2,lp,lower,1568,90,0.08327150399999997,0.08007121086120605,1009,0,0,90,0,0,0,678,0,800,OPTIMAL=90,interval_proves_cutoff=678;lower_skipped_by_nonpositive_upper=800
357,2,lp,upper,1568,95,0.09521768500000004,0.08691549301147461,1231,0,0,95,0,0,0,795,678,0,OPTIMAL=95,interval_proves_cutoff=795;upper_skipped_by_nonnegative_interval_lower=678
357,3,lp,lower,100,2,0.007441966999999999,0.007312297821044922,268,0,0,2,0,0,0,7,0,91,OPTIMAL=2,interval_proves_cutoff=7;lower_skipped_by_nonpositive_upper=91
357,3,lp,upper,100,2,0.007557874,0.007405757904052734,329,0,0,2,0,0,0,91,7,0,OPTIMAL=2,interval_proves_cutoff=91;upper_skipped_by_nonnegative_interval_lower=7
358,0,lp,lower,9,9,0.026888255,0.02637338638305664,816,0,0,9,0,0,0,0,0,0,OPTIMAL=9,
358,0,lp,upper,9,9,0.032934055,0.0323948860168457,999,0,0,9,0,0,0,0,0,0,OPTIMAL=9,
358,1,interval_arithmetic,lower,3136,0,0.0,0.0,0,0,0,0,0,832,0,0,0,2304,,interval_arithmetic=832;lower_skipped_by_nonpositive_upper=2304
358,1,interval_arithmetic,upper,3136,0,0.0,0.0,0,0,0,0,0,3136,0,0,0,0,,interval_arithmetic=3136
358,2,lp,lower,1568,79,0.055502025,0.05329465866088867,497,0,0,79,0,0,0,612,0,877,OPTIMAL=79,interval_proves_cutoff=612;lower_skipped_by_nonpositive_upper=877
358,2,lp,upper,1568,81,0.062768004,0.05586695671081543,685,0,0,81,0,0,0,875,612,0,OPTIMAL=81,interval_proves_cutoff=875;upper_skipped_by_nonnegative_interval_lower=612
358,3,lp,lower,100,0,0.0,0.0,0,0,0,0,0,0,0,9,0,91,,interval_proves_cutoff=9;lower_skipped_by_nonpositive_upper=91
358,3,lp,upper,100,0,0.0,0.0,0,0,0,0,0,0,0,91,9,0,,interval_proves_cutoff=91;upper_skipped_by_nonnegative_interval_lower=9
359,0,lp,lower,9,9,0.035746494999999996,0.035223960876464844,1015,0,0,9,0,0,0,0,0,0,OPTIMAL=9,
359,0,lp,upper,9,9,0.038840983999999995,0.03831362724304199,1078,0,0,9,0,0,0,0,0,0,OPTIMAL=9,
359,1,interval_arithmetic,lower,3136,0,0.0,0.0,0,0,0,0,0,881,0,0,0,2255,,interval_arithmetic=881;lower_skipped_by_nonpositive_upper=2255
359,1,interval_arithmetic,upper,3136,0,0.0,0.0,0,0,0,0,0,3136,0,0,0,0,,interval_arithmetic=3136
359,2,lp,lower,1568,84,0.07155852199999996,0.06876516342163086,1012,0,0,84,0,0,0,645,0,839,OPTIMAL=84,interval_proves_cutoff=645;lower_skipped_by_nonpositive_upper=839
359,2,lp,upper,1568,95,0.089623962,0.08183789253234863,1321,0,0,95,0,0,0,828,645,0,OPTIMAL=95,interval_proves_cutoff=828;upper_skipped_by_nonnegative_interval_lower=645
359,3,lp,lower,100,1,0.00481106,0.00475001335144043,199,0,0,1,0,0,0,8,0,91,OPTIMAL=1,interval_proves_cutoff=8;lower_skipped_by_nonpositive_upper=91
359,3,lp,upper,100,1,0.004889056,0.004819631576538086,174,0,0,1,0,0,0,91,8,0,OPTIMAL=1,interval_proves_cutoff=91;upper_skipped_by_nonnegative_interval_lower=8
360,0,lp,lower,9,9,0.046652118000000006,0.04606294631958008,1308,0,0,9,0,0,0,0,0,0,OPTIMAL=9,
360,0,lp,upper,9,9,0.04921186599999999,0.04861044883728027,1346,0,0,9,0,0,0,0,0,0,OPTIMAL=9,
360,1,interval_arithmetic,lower,3136,0,0.0,0.0,0,0,0,0,0,932,0,0,0,2204,,interval_arithmetic=932;lower_skipped_by_nonpositive_upper=2204
360,1,interval_arithmetic,upper,3136,0,0.0,0.0,0,0,0,0,0,3136,0,0,0,0,,interval_arithmetic=3136
360,2,lp,lower,1568,86,0.07892803999999999,0.07579946517944336,1068,0,0,86,0,0,0,665,0,817,OPTIMAL=86,interval_proves_cutoff=665;lower_skipped_by_nonpositive_upper=817
360,2,lp,upper,1568,92,0.09170391099999999,0.08353185653686523,1231,0,0,92,0,0,0,811,665,0,OPTIMAL=92,interval_proves_cutoff=811;upper_skipped_by_nonnegative_interval_lower=665
360,3,lp,lower,100,1,0.004287457,0.004218101501464844,236,0,0,1,0,0,0,8,0,91,OPTIMAL=1,interval_proves_cutoff=8;lower_skipped_by_nonpositive_upper=91
360,3,lp,upper,100,1,0.003623336,0.003543376922607422,188,0,0,1,0,0,0,91,8,0,OPTIMAL=1,interval_proves_cutoff=91;upper_skipped_by_nonnegative_interval_lower=8
361,0,lp,lower,9,9,0.035887135,0.035355567932128906,1119,0,0,9,0,0,0,0,0,0,OPTIMAL=9,
361,0,lp,upper,9,9,0.043429592,0.04285120964050293,1120,0,0,9,0,0,0,0,0,0,OPTIMAL=9,
361,1,interval_arithmetic,lower,3136,0,0.0,0.0,0,0,0,0,0,919,0,0,0,2217,,interval_arithmetic=919;lower_skipped_by_nonpositive_upper=2217
361,1,interval_arithmetic,upper,3136,0,0.0,0.0,0,0,0,0,0,3136,0,0,0,0,,interval_arithmetic=3136
361,2,lp,lower,1568,73,0.07260042599999998,0.06990242004394531,947,0,0,73,0,0,0,676,0,819,OPTIMAL=73,interval_proves_cutoff=676;lower_skipped_by_nonpositive_upper=819
361,2,lp,upper,1568,79,0.08044232900000003,0.07297801971435547,1054,0,0,79,0,0,0,813,676,0,OPTIMAL=79,interval_proves_cutoff=813;upper_skipped_by_nonnegative_interval_lower=676
361,3,lp,lower,100,2,0.00610624,0.005984067916870117,224,0,0,2,0,0,0,7,0,91,OPTIMAL=2,interval_proves_cutoff=7;lower_skipped_by_nonpositive_upper=91
361,3,lp,upper,100,2,0.007412241,0.007266044616699219,312,0,0,2,0,0,0,91,7,0,OPTIMAL=2,interval_proves_cutoff=91;upper_skipped_by_nonnegative_interval_lower=7
362,0,lp,lower,9,9,0.043942226,0.04336237907409668,1414,0,0,9,0,0,0,0,0,0,OPTIMAL=9,
362,0,lp,upper,9,9,0.046891204000000006,0.046289682388305664,1510,0,0,9,0,0,0,0,0,0,OPTIMAL=9,
362,1,interval_arithmetic,lower,3136,0,0.0,0.0,0,0,0,0,0,926,0,0,0,2210,,interval_arithmetic=926;lower_skipped_by_nonpositive_upper=2210
362,1,interval_arithmetic,upper,3136,0,0.0,0.0,0,0,0,0,0,3136,0,0,0,0,,interval_arithmetic=3136
362,2,lp,lower,1568,97,0.09095438999999998,0.08738350868225098,1173,0,0,97,0,0,0,649,0,822,OPTIMAL=97,interval_proves_cutoff=649;lower_skipped_by_nonpositive_upper=822
362,2,lp,upper,1568,104,0.10148299600000003,0.09319090843200684,1278,0,0,104,0,0,0,815,649,0,OPTIMAL=104,interval_proves_cutoff=815;upper_skipped_by_nonnegative_interval_lower=649
362,3,lp,lower,100,0,0.0,0.0,0,0,0,0,0,0,0,8,0,92,,interval_proves_cutoff=8;lower_skipped_by_nonpositive_upper=92
362,3,lp,upper,100,1,0.004819855,0.004739522933959961,217,0,0,1,0,0,0,91,8,0,OPTIMAL=1,interval_proves_cutoff=91;upper_skipped_by_nonnegative_interval_lower=8
363,0,lp,lower,9,9,0.038070369,0.03752422332763672,1366,0,0,9,0,0,0,0,0,0,OPTIMAL=9,
363,0,lp,upper,9,9,0.039250613,0.03865480422973633,1377,0,0,9,0,0,0,0,0,0,OPTIMAL=9,
363,1,interval_arithmetic,lower,3136,0,0.0,0.0,0,0,0,0,0,918,0,0,0,2218,,interval_arithmetic=918;lower_skipped_by_nonpositive_upper=2218
363,1,interval_arithmetic,upper,3136,0,0.0,0.0,0,0,0,0,0,3136,0,0,0,0,,interval_arithmetic=3136
363,2,lp,lower,1568,86,0.082349793,0.07919001579284668,1255,0,0,86,0,0,0,683,0,799,OPTIMAL=86,interval_proves_cutoff=683;lower_skipped_by_nonpositive_upper=799
363,2,lp,upper,1568,89,0.09064482099999997,0.08226656913757324,1345,0,0,89,0,0,0,796,683,0,OPTIMAL=89,interval_proves_cutoff=796;upper_skipped_by_nonnegative_interval_lower=683
363,3,lp,lower,100,0,0.0,0.0,0,0,0,0,0,0,0,8,0,92,,interval_proves_cutoff=8;lower_skipped_by_nonpositive_upper=92
363,3,lp,upper,100,1,0.004107195,0.00403141975402832,205,0,0,1,0,0,0,91,8,0,OPTIMAL=1,interval_proves_cutoff=91;upper_skipped_by_nonnegative_interval_lower=8
364,0,lp,lower,9,9,0.033985642999999996,0.03341412544250488,1187,0,0,9,0,0,0,0,0,0,OPTIMAL=9,
364,0,lp,upper,9,9,0.045406862000000006,0.04480552673339844,1370,0,0,9,0,0,0,0,0,0,OPTIMAL=9,
364,1,interval_arithmetic,lower,3136,0,0.0,0.0,0,0,0,0,0,889,0,0,0,2247,,interval_arithmetic=889;lower_skipped_by_nonpositive_upper=2247
364,1,interval_arithmetic,upper,3136,0,0.0,0.0,0,0,0,0,0,3136,0,0,0,0,,interval_arithmetic=3136
364,2,lp,lower,1568,89,0.08155436599999999,0.07841324806213379,1053,0,0,89,0,0,0,658,0,821,OPTIMAL=89,interval_proves_cutoff=658;lower_skipped_by_nonpositive_upper=821
364,2,lp,upper,1568,94,0.09084006099999997,0.0821537971496582,1114,0,0,94,0,0,0,816,658,0,OPTIMAL=94,interval_proves_cutoff=816;upper_skipped_by_nonnegative_interval_lower=658
364,3,lp,lower,100,0,0.0,0.0,0,0,0,0,0,0,0,9,0,91,,interval_proves_cutoff=9;lower_skipped_by_nonpositive_upper=91
364,3,lp,upper,100,0,0.0,0.0,0,0,0,0,0,0,0,91,9,0,,interval_proves_cutoff=91;upper_skipped_by_nonnegative_interval_lower=9
365,0,lp,lower,9,9,0.078047618,0.07744216918945312,1729,0,0,9,0,0,0,0,0,0,OPTIMAL=9,
365,0,lp,upper,9,9,0.07623937,0.07560920715332031,1705,0,0,9,0,0,0,0,0,0,OPTIMAL=9,
365,1,interval_arithmetic,lower,3136,0,0.0,0.0,0,0,0,0,0,931,0,0,0,2205,,interval_arithmetic=931;lower_skipped_by_nonpositive_upper=2205
365,1,interval_arithmetic,upper,3136,0,0.0,0.0,0,0,0,0,0,3136,0,0,0,0,,interval_arithmetic=3136
365,2,lp,lower,1568,102,0.10214744400000002,0.09836387634277344,1333,0,0,102,0,0,0,676,0,790,OPTIMAL=102,interval_proves_cutoff=676;lower_skipped_by_nonpositive_upper=790
365,2,lp,upper,1568,111,0.11559496799999995,0.10667300224304199,1593,0,0,111,0,0,0,781,676,0,OPTIMAL=111,interval_proves_cutoff=781;upper_skipped_by_nonnegative_interval_lower=676
365,3,lp,lower,100,1,0.007216786,0.0071370601654052734,281,0,0,1,0,0,0,8,0,91,OPTIMAL=1,interval_proves_cutoff=8;lower_skipped_by_nonpositive_upper=91
365,3,lp,upper,100,1,0.007535634,0.007445335388183594,244,0,0,1,0,0,0,91,8,0,OPTIMAL=1,interval_proves_cutoff=91;upper_skipped_by_nonnegative_interval_lower=8
366,0,lp,lower,9,9,0.052419773999999995,0.05179929733276367,1440,0,0,9,0,0,0,0,0,0,OPTIMAL=9,
366,0,lp,upper,9,9,0.056082721999999995,0.05546975135803223,1595,0,0,9,0,0,0,0,0,0,OPTIMAL=9,
366,1,interval_arithmetic,lower,3136,0,0.0,0.0,0,0,0,0,0,910,0,0,0,2226,,interval_arithmetic=910;lower_skipped_by_nonpositive_upper=2226
366,1,interval_arithmetic,upper,3136,0,0.0,0.0,0,0,0,0,0,3136,0,0,0,0,,interval_arithmetic=3136
366,2,lp,lower,1568,108,0.10416844700000003,0.10035300254821777,1662,0,0,108,0,0,0,658,0,802,OPTIMAL=108,interval_proves_cutoff=658;lower_skipped_by_nonpositive_upper=802
366,2,lp,upper,1568,114,0.11933504300000002,0.11030864715576172,1886,0,0,114,0,0,0,796,658,0,OPTIMAL=114,interval_proves_cutoff=796;upper_skipped_by_nonnegative_interval_lower=658
366,3,lp,lower,100,1,0.007353445,0.007275819778442383,290,0,0,1,0,0,0,8,0,91,OPTIMAL=1,interval_proves_cutoff=8;lower_skipped_by_nonpositive_upper=91
366,3,lp,upper,100,1,0.005817696,0.005731344223022461,229,0,0,1,0,0,0,91,8,0,OPTIMAL=1,interval_proves_cutoff=91;upper_skipped_by_nonnegative_interval_lower=8
367,0,lp,lower,9,9,0.05380895199999999,0.05320262908935547,1559,0,0,9,0,0,0,0,0,0,OPTIMAL=9,
367,0,lp,upper,9,9,0.056669344999999996,0.05605173110961914,1595,0,0,9,0,0,0,0,0,0,OPTIMAL=9,
367,1,interval_arithmetic,lower,3136,0,0.0,0.0,0,0,0,0,0,927,0,0,0,2209,,interval_arithmetic=927;lower_skipped_by_nonpositive_upper=2209
367,1,interval_arithmetic,upper,3136,0,0.0,0.0,0,0,0,0,0,3136,0,0,0,0,,interval_arithmetic=3136
367,2,lp,lower,1568,120,0.11293743799999999,0.10869240760803223,1814,0,0,120,0,0,0,647,0,801,OPTIMAL=120,interval_proves_cutoff=647;lower_skipped_by_nonpositive_upper=801
367,2,lp,upper,1568,127,0.13110027899999993,0.1217947006225586,2151,0,0,127,0,0,0,794,647,0,OPTIMAL=127,interval_proves_cutoff=794;upper_skipped_by_nonnegative_interval_lower=647
367,3,lp,lower,100,1,0.009292198,0.009212732315063477,319,0,0,1,0,0,0,8,0,91,OPTIMAL=1,interval_proves_cutoff=8;lower_skipped_by_nonpositive_upper=91
367,3,lp,upper,100,1,0.007133364,0.007048130035400391,252,0,0,1,0,0,0,91,8,0,OPTIMAL=1,interval_proves_cutoff=91;upper_skipped_by_nonnegative_interval_lower=8
368,0,lp,lower,9,9,0.048691622000000004,0.04806041717529297,1418,0,0,9,0,0,0,0,0,0,OPTIMAL=9,
368,0,lp,upper,9,9,0.05037546000000001,0.04968833923339844,1586,0,0,9,0,0,0,0,0,0,OPTIMAL=9,
368,1,interval_arithmetic,lower,3136,0,0.0,0.0,0,0,0,0,0,919,0,0,0,2217,,interval_arithmetic=919;lower_skipped_by_nonpositive_upper=2217
368,1,interval_arithmetic,upper,3136,0,0.0,0.0,0,0,0,0,0,3136,0,0,0,0,,interval_arithmetic=3136
368,2,lp,lower,1568,111,0.09972981499999997,0.09588432312011719,1018,0,0,111,0,0,0,686,0,771,OPTIMAL=111,interval_proves_cutoff=686;lower_skipped_by_nonpositive_upper=771
368,2,lp,upper,1568,118,0.10943406799999997,0.10068798065185547,1099,0,0,118,0,0,0,764,686,0,OPTIMAL=118,interval_proves_cutoff=764;upper_skipped_by_nonnegative_interval_lower=686
368,3,lp,lower,100,0,0.0,0.0,0,0,0,0,0,0,0,9,0,91,,interval_proves_cutoff=9;lower_skipped_by_nonpositive_upper=91
368,3,lp,upper,100,0,0.0,0.0,0,0,0,0,0,0,0,91,9,0,,interval_proves_cutoff=91;upper_skipped_by_nonnegative_interval_lower=9
369,0,lp,lower,9,9,0.039343727,0.038785457611083984,1118,0,0,9,0,0,0,0,0,0,OPTIMAL=9,
369,0,lp,upper,9,9,0.038334199,0.03775763511657715,1270,0,0,9,0,0,0,0,0,0,OPTIMAL=9,
369,1,interval_arithmetic,lower,3136,0,0.0,0.0,0,0,0,0,0,894,0,0,0,2242,,interval_arithmetic=894;lower_skipped_by_nonpositive_upper=2242
369,1,interval_arithmetic,upper,3136,0,0.0,0.0,0,0,0,0,0,3136,0,0,0,0,,interval_arithmetic=3136
369,2,lp,lower,1568,87,0.076199868,0.07325100898742676,1160,0,0,87,0,0,0,651,0,830,OPTIMAL=87,interval_proves_cutoff=651;lower_skipped_by_nonpositive_upper=830
369,2,lp,upper,1568,91,0.08991458300000003,0.08145809173583984,1247,0,0,91,0,0,0,826,651,0,OPTIMAL=91,interval_proves_cutoff=826;upper_skipped_by_nonnegative_interval_lower=651
369,3,lp,lower,100,0,0.0,0.0,0,0,0,0,0,0,0,9,0,91,,interval_proves_cutoff=9;lower_skipped_by_nonpositive_upper=91
369,3,lp,upper,100,0,0.0,0.0,0,0,0,0,0,0,0,91,9,0,,interval_proves_cutoff=91;upper_skipped_by_nonnegative_interval_lower=9
370,0,lp,lower,9,9,0.04431054500000001,0.04368019104003906,1453,0,0,9,0,0,0,0,0,0,OPTIMAL=9,
370,0,lp,upper,9,9,0.045584854,0.044938087463378906,1560,0,0,9,0,0,0,0,0,0,OPTIMAL=9,
370,1,interval_arithmetic,lower,3136,0,0.0,0.0,0,0,0,0,0,904,0,0,0,2232,,interval_arithmetic=904;lower_skipped_by_nonpositive_upper=2232
370,1,interval_arithmetic,upper,3136,0,0.0,0.0,0,0,0,0,0,3136,0,0,0,0,,interval_arithmetic=3136
370,2,lp,lower,1568,110,0.10752924399999998,0.10352039337158203,1769,0,0,110,0,0,0,661,0,797,OPTIMAL=110,interval_proves_cutoff=661;lower_skipped_by_nonpositive_upper=797
370,2,lp,upper,1568,118,0.122788483,0.11350679397583008,2057,0,0,118,0,0,0,789,661,0,OPTIMAL=118,interval_proves_cutoff=789;upper_skipped_by_nonnegative_interval_lower=661
370,3,lp,lower,100,0,0.0,0.0,0,0,0,0,0,0,0,9,0,91,,interval_proves_cutoff=9;lower_skipped_by_nonpositive_upper=91
370,3,lp,upper,100,0,0.0,0.0,0,0,0,0,0,0,0,91,9,0,,interval_proves_cutoff=91;upper_skipped_by_nonnegative_interval_lower=9
371,0,lp,lower,9,9,0.04360646,0.04308152198791504,1018,0,0,9,0,0,0,0,0,0,OPTIMAL=9,
371,0,lp,upper,9,9,0.036011987,0.03547501564025879,898,0,0,9,0,0,0,0,0,0,OPTIMAL=9,
371,1,interval_arithmetic,lower,3136,0,0.0,0.0,0,0,0,0,0,867,0,0,0,2269,,interval_arithmetic=867;lower_skipped_by_nonpositive_upper=2269
371,1,interval_arithmetic,upper,3136,0,0.0,0.0,0,0,0,0,0,3136,0,0,0,0,,interval_arithmetic=3136
371,2,lp,lower,1568,56,0.04100068799999999,0.039263010025024414,282,0,0,56,0,0,0,651,0,861,OPTIMAL=56,interval_proves_cutoff=651;lower_skipped_by_nonpositive_upper=861
371,2,lp,upper,1568,58,0.048481896,0.04227447509765625,398,0,0,58,0,0,0,859,651,0,OPTIMAL=58,interval_proves_cutoff=859;upper_skipped_by_nonnegative_interval_lower=651
371,3,lp,lower,100,3,0.007629984,0.007475852966308594,257,0,0,3,0,0,0,6,0,91,OPTIMAL=3,interval_proves_cutoff=6;lower_skipped_by_nonpositive_upper=91
371,3,lp,upper,100,3,0.008378329,0.00816965103149414,281,0,0,3,0,0,0,91,6,0,OPTIMAL=3,interval_proves_cutoff=91;upper_skipped_by_nonnegative_interval_lower=6
372,0,lp,lower,9,9,0.028708934,0.02816915512084961,1071,0,0,9,0,0,0,0,0,0,OPTIMAL=9,
372,0,lp,upper,9,9,0.027070256,0.02654862403869629,1018,0,0,9,0,0,0,0,0,0,OPTIMAL=9,
372,1,interval_arithmetic,lower,3136,0,0.0,0.0,0,0,0,0,0,916,0,0,0,2220,,interval_arithmetic=916;lower_skipped_by_nonpositive_upper=2220
372,1,interval_arithmetic,upper,3136,0,0.0,0.0,0,0,0,0,0,3136,0,0,0,0,,interval_arithmetic=3136
372,2,lp,lower,1568,68,0.06090643700000001,0.058435916900634766,759,0,0,68,0,0,0,674,0,826,OPTIMAL=68,interval_proves_cutoff=674;lower_skipped_by_nonpositive_upper=826
372,2,lp,upper,1568,83,0.07895537999999996,0.07127547264099121,1071,0,0,83,0,0,0,811,674,0,OPTIMAL=83,interval_proves_cutoff=811;upper_skipped_by_nonnegative_interval_lower=674
372,3,lp,lower,100,1,0.00357854,0.003515005111694336,195,0,0,1,0,0,0,7,0,92,OPTIMAL=1,interval_proves_cutoff=7;lower_skipped_by_nonpositive_upper=92
372,3,lp,upper,100,1,0.003914431,0.0038433074951171875,149,0,0,1,0,0,0,92,7,0,OPTIMAL=1,interval_proves_cutoff=92;upper_skipped_by_nonnegative_interval_lower=7
373,0,lp,lower,9,9,0.08299257700000001,0.08233094215393066,1934,0,0,9,0,0,0,0,0,0,OPTIMAL=9,
373,0,lp,upper,9,9,0.09763966900000001,0.09694862365722656,2006,0,0,9,0,0,0,0,0,0,OPTIMAL=9,
373,1,interval_arithmetic,lower,3136,0,0.0,0.0,0,0,0,0,0,927,0,0,0,2209,,interval_arithmetic=927;lower_skipped_by_nonpositive_upper=2209
373,1,interval_arithmetic,upper,3136,0,0.0,0.0,0,0,0,0,0,3136,0,0,0,0,,interval_arithmetic=3136
373,2,lp,lower,1568,125,0.12812252400000002,0.12354159355163574,2218,0,0,125,0,0,0,673,0,770,OPTIMAL=125,interval_proves_cutoff=673;lower_skipped_by_nonpositive_upper=770
373,2,lp,upper,1568,137,0.149451087,0.13932061195373535,2350,0,0,137,0,0,0,758,673,0,OPTIMAL=137,interval_proves_cutoff=758;upper_skipped_by_nonnegative_interval_lower=673
373,3,lp,lower,100,1,0.009288998,0.009204626083374023,326,0,0,1,0,0,0,8,0,91,OPTIMAL=1,interval_proves_cutoff=8;lower_skipped_by_nonpositive_upper=91
373,3,lp,upper,100,1,0.007358982,0.007269382476806641,281,0,0,1,0,0,0,91,8,0,OPTIMAL=1,interval_proves_cutoff=91;upper_skipped_by_nonnegative_interval_lower=8
374,0,lp,lower,9,9,0.050359855999999995,0.04974222183227539,1420,0,0,9,0,0,0,0,0,0,OPTIMAL=9,
374,0,lp,upper,9,9,0.051660065000000005,0.05103325843811035,1437,0,0,9,0,0,0,0,0,0,OPTIMAL=9,
374,1,interval_arithmetic,lower,3136,0,0.0,0.0,0,0,0,0,0,954,0,0,0,2182,,interval_arithmetic=954;lower_skipped_by_nonpositive_upper=2182
374,1,interval_arithmetic,upper,3136,0,0.0,0.0,0,0,0,0,0,3136,0,0,0,0,,interval_arithmetic=3136
374,2,lp,lower,1568,108,0.10672860900000006,0.1026923656463623,1898,0,0,108,0,0,0,664,0,796,OPTIMAL=108,interval_proves_cutoff=664;lower_skipped_by_nonpositive_upper=796
374,2,lp,upper,1568,112,0.11809921599999994,0.10855937004089355,2097,0,0,112,0,0,0,792,664,0,OPTIMAL=112,interval_proves_cutoff=792;upper_skipped_by_nonnegative_interval_lower=664
374,3,lp,lower,100,1,0.014402653,0.014329195022583008,358,0,0,1,0,0,0,8,0,91,OPTIMAL=1,interval_proves_cutoff=8;lower_skipped_by_nonpositive_upper=91
374,3,lp,upper,100,1,0.007360326,0.007277727127075195,275,0,0,1,0,0,0,91,8,0,OPTIMAL=1,interval_proves_cutoff=91;upper_skipped_by_nonnegative_interval_lower=8
375,0,lp,lower,9,9,0.066376412,0.06568741798400879,1648,0,0,9,0,0,0,0,0,0,OPTIMAL=9,
375,0,lp,upper,9,9,0.072657195,0.07193446159362793,1845,0,0,9,0,0,0,0,0,0,OPTIMAL=9,
375,1,interval_arithmetic,lower,3136,0,0.0,0.0,0,0,0,0,0,922,0,0,0,2214,,interval_arithmetic=922;lower_skipped_by_nonpositive_upper=2214
375,1,interval_arithmetic,upper,3136,0,0.0,0.0,0,0,0,0,0,3136,0,0,0,0,,interval_arithmetic=3136
375,2,lp,lower,1568,120,0.120445434,0.11594319343566895,2168,0,0,120,0,0,0,654,0,794,OPTIMAL=120,interval_proves_cutoff=654;lower_skipped_by_nonpositive_upper=794
375,2,lp,upper,1568,121,0.12476965200000002,0.11546683311462402,2227,0,0,121,0,0,0,793,654,0,OPTIMAL=121,interval_proves_cutoff=793;upper_skipped_by_nonnegative_interval_lower=654
375,3,lp,lower,100,0,0.0,0.0,0,0,0,0,0,0,0,9,0,91,,interval_proves_cutoff=9;lower_skipped_by_nonpositive_upper=91
375,3,lp,upper,100,0,0.0,0.0,0,0,0,0,0,0,0,91,9,0,,interval_proves_cutoff=91;upper_skipped_by_nonnegative_interval_lower=9
376,0,lp,lower,9,9,0.058779367000000006,0.05817389488220215,1526,0,0,9,0,0,0,0,0,0,OPTIMAL=9,
376,0,lp,upper,9,9,0.065872815,0.06524300575256348,1689,0,0,9,0,0,0,0,0,0,OPTIMAL=9,
376,1,interval_arithmetic,lower,3136,0,0.0,0.0,0,0,0,0,0,923,0,0,0,2213,,interval_arithmetic=923;lower_skipped_by_nonpositive_upper=2213
376,1,interval_arithmetic,upper,3136,0,0.0,0.0,0,0,0,0,0,3136,0,0,0,0,,interval_arithmetic=3136
376,2,lp,lower,1568,107,0.10117795,0.09737586975097656,1367,0,0,107,0,0,0,667,0,794,OPTIMAL=107,interval_proves_cutoff=667;lower_skipped_by_nonpositive_upper=794
376,2,lp,upper,1568,119,0.11754466,0.10864472389221191,1711,0,0,119,0,0,0,782,667,0,OPTIMAL=119,interval_proves_cutoff=782;upper_skipped_by_nonnegative_interval_lower=667
376,3,lp,lower,100,1,0.00604549,0.005957365036010742,268,0,0,1,0,0,0,8,0,91,OPTIMAL=1,interval_proves_cutoff=8;lower_skipped_by_nonpositive_upper=91
376,3,lp,upper,100,1,0.005608933,0.0055277347564697266,224,0,0,1,0,0,0,91,8,0,OPTIMAL=1,interval_proves_cutoff=91;upper_skipped_by_nonnegative_interval_lower=8
378,0,lp,lower,9,9,0.028497023,0.027988672256469727,835,0,0,9,0,0,0,0,0,0,OPTIMAL=9,
378,0,lp,upper,9,9,0.034495905,0.03394341468811035,999,0,0,9,0,0,0,0,0,0,OPTIMAL=9,
378,1,interval_arithmetic,lower,3136,0,0.0,0.0,0,0,0,0,0,842,0,0,0,2294,,interval_arithmetic=842;lower_skipped_by_nonpositive_upper=2294
378,1,interval_arithmetic,upper,3136,0,0.0,0.0,0,0,0,0,0,3136,0,0,0,0,,interval_arithmetic=3136
378,2,lp,lower,1568,73,0.05916852600000003,0.05682229995727539,788,0,0,73,0,0,0,631,0,864,OPTIMAL=73,interval_proves_cutoff=631;lower_skipped_by_nonpositive_upper=864
378,2,lp,upper,1568,73,0.06259257800000002,0.055649757385253906,927,0,0,73,0,0,0,864,631,0,OPTIMAL=73,interval_proves_cutoff=864;upper_skipped_by_nonnegative_interval_lower=631
378,3,lp,lower,100,0,0.0,0.0,0,0,0,0,0,0,0,9,0,91,,interval_proves_cutoff=9;lower_skipped_by_nonpositive_upper=91
378,3,lp,upper,100,0,0.0,0.0,0,0,0,0,0,0,0,91,9,0,,interval_proves_cutoff=91;upper_skipped_by_nonnegative_interval_lower=9
379,0,lp,lower,9,9,0.026013289999999998,0.025525569915771484,849,0,0,9,0,0,0,0,0,0,OPTIMAL=9,
379,0,lp,upper,9,9,0.03237537,0.03185677528381348,909,0,0,9,0,0,0,0,0,0,OPTIMAL=9,
379,1,interval_arithmetic,lower,3136,0,0.0,0.0,0,0,0,0,0,849,0,0,0,2287,,interval_arithmetic=849;lower_skipped_by_nonpositive_upper=2287
379,1,interval_arithmetic,upper,3136,0,0.0,0.0,0,0,0,0,0,3136,0,0,0,0,,interval_arithmetic=3136
379,2,lp,lower,1568,62,0.04861970800000001,0.04668378829956055,646,0,0,62,0,0,0,633,0,873,OPTIMAL=62,interval_proves_cutoff=633;lower_skipped_by_nonpositive_upper=873
379,2,lp,upper,1568,63,0.056870932,0.050313711166381836,796,0,0,63,0,0,0,872,633,0,OPTIMAL=63,interval_proves_cutoff=872;upper_skipped_by_nonnegative_interval_lower=633
379,3,lp,lower,100,1,0.003541356,0.0034799575805664062,178,0,0,1,0,0,0,8,0,91,OPTIMAL=1,interval_proves_cutoff=8;lower_skipped_by_nonpositive_upper=91
379,3,lp,upper,100,1,0.002748005,0.0026781558990478516,131,0,0,1,0,0,0,91,8,0,OPTIMAL=1,interval_proves_cutoff=91;upper_skipped_by_nonnegative_interval_lower=8
380,0,lp,lower,9,9,0.029868607,0.02934885025024414,997,0,0,9,0,0,0,0,0,0,OPTIMAL=9,
380,0,lp,upper,9,9,0.033487893000000005,0.0329442024230957,960,0,0,9,0,0,0,0,0,0,OPTIMAL=9,
380,1,interval_arithmetic,lower,3136,0,0.0,0.0,0,0,0,0,0,898,0,0,0,2238,,interval_arithmetic=898;lower_skipped_by_nonpositive_upper=2238
380,1,interval_arithmetic,upper,3136,0,0.0,0.0,0,0,0,0,0,3136,0,0,0,0,,interval_arithmetic=3136
380,2,lp,lower,1568,78,0.07159833400000004,0.06896853446960449,1129,0,0,78,0,0,0,655,0,835,OPTIMAL=78,interval_proves_cutoff=655;lower_skipped_by_nonpositive_upper=835
380,2,lp,upper,1568,87,0.088142711,0.07986855506896973,1462,0,0,87,0,0,0,826,655,0,OPTIMAL=87,interval_proves_cutoff=826;upper_skipped_by_nonnegative_interval_lower=655
380,3,lp,lower,100,1,0.005414545,0.005343198776245117,201,0,0,1,0,0,0,8,0,91,OPTIMAL=1,interval_proves_cutoff=8;lower_skipped_by_nonpositive_upper=91
380,3,lp,upper,100,1,0.004084792,0.004010200500488281,173,0,0,1,0,0,0,91,8,0,OPTIMAL=1,interval_proves_cutoff=91;upper_skipped_by_nonnegative_interval_lower=8
381,0,lp,lower,9,9,0.035809867999999995,0.035254716873168945,1362,0,0,9,0,0,0,0,0,0,OPTIMAL=9,
381,0,lp,upper,9,9,0.040661936999999995,0.040093183517456055,1412,0,0,9,0,0,0,0,0,0,OPTIMAL=9,
381,1,interval_arithmetic,lower,3136,0,0.0,0.0,0,0,0,0,0,940,0,0,0,2196,,interval_arithmetic=940;lower_skipped_by_nonpositive_upper=2196
381,1,interval_arithmetic,upper,3136,0,0.0,0.0,0,0,0,0,0,3136,0,0,0,0,,interval_arithmetic=3136
381,2,lp,lower,1568,91,0.09374016800000004,0.09032630920410156,1417,0,0,91,0,0,0,695,0,782,OPTIMAL=91,interval_proves_cutoff=695;lower_skipped_by_nonpositive_upper=782
381,2,lp,upper,1568,98,0.11196235199999997,0.10319828987121582,1700,0,0,98,0,0,0,775,695,0,OPTIMAL=98,interval_proves_cutoff=775;upper_skipped_by_nonnegative_interval_lower=695
381,3,lp,lower,100,1,0.005304032,0.005221843719482422,281,0,0,1,0,0,0,8,0,91,OPTIMAL=1,interval_proves_cutoff=8;lower_skipped_by_nonpositive_upper=91
381,3,lp,upper,100,1,0.004269222,0.004171133041381836,189,0,0,1,0,0,0,91,8,0,OPTIMAL=1,interval_proves_cutoff=91;upper_skipped_by_nonnegative_interval_lower=8
383,0,lp,lower,9,9,0.032579076,0.032073974609375,892,0,0,9,0,0,0,0,0,0,OPTIMAL=9,
383,0,lp,upper,9,9,0.034851532000000005,0.034310102462768555,925,0,0,9,0,0,0,0,0,0,OPTIMAL=9,
383,1,interval_arithmetic,lower,3136,0,0.0,0.0,0,0,0,0,0,921,0,0,0,2215,,interval_arithmetic=921;lower_skipped_by_nonpositive_upper=2215
383,1,interval_arithmetic,upper,3136,0,0.0,0.0,0,0,0,0,0,3136,0,0,0,0,,interval_arithmetic=3136
383,2,lp,lower,1568,60,0.049183211000000025,0.04719829559326172,437,0,0,60,0,0,0,675,0,833,OPTIMAL=60,interval_proves_cutoff=675;lower_skipped_by_nonpositive_upper=833
383,2,lp,upper,1568,63,0.06020581399999999,0.053534507751464844,539,0,0,63,0,0,0,830,675,0,OPTIMAL=63,interval_proves_cutoff=830;upper_skipped_by_nonnegative_interval_lower=675
383,3,lp,lower,100,1,0.00373589,0.0036673545837402344,160,0,0,1,0,0,0,8,0,91,OPTIMAL=1,interval_proves_cutoff=8;lower_skipped_by_nonpositive_upper=91
383,3,lp,upper,100,1,0.002564043,0.0024862289428710938,117,0,0,1,0,0,0,91,8,0,OPTIMAL=1,interval_proves_cutoff=91;upper_skipped_by_nonnegative_interval_lower=8
384,0,lp,lower,9,9,0.027645994000000004,0.027120351791381836,886,0,0,9,0,0,0,0,0,0,OPTIMAL=9,
384,0,lp,upper,9,9,0.03009126,0.029502153396606445,830,0,0,9,0,0,0,0,0,0,OPTIMAL=9,
384,1,interval_arithmetic,lower,3136,0,0.0,0.0,0,0,0,0,0,856,0,0,0,2280,,interval_arithmetic=856;lower_skipped_by_nonpositive_upper=2280
384,1,interval_arithmetic,upper,3136,0,0.0,0.0,0,0,0,0,0,3136,0,0,0,0,,interval_arithmetic=3136
384,2,lp,lower,1568,79,0.06636223,0.0637366771697998,690,0,0,79,0,0,0,641,0,848,OPTIMAL=79,interval_proves_cutoff=641;lower_skipped_by_nonpositive_upper=848
384,2,lp,upper,1568,83,0.07416256199999999,0.06679439544677734,850,0,0,83,0,0,0,844,641,0,OPTIMAL=83,interval_proves_cutoff=844;upper_skipped_by_nonnegative_interval_lower=641
384,3,lp,lower,100,2,0.005751414,0.0056264400482177734,193,0,0,2,0,0,0,7,0,91,OPTIMAL=2,interval_proves_cutoff=7;lower_skipped_by_nonpositive_upper=91
384,3,lp,upper,100,2,0.006402068,0.006255626678466797,229,0,0,2,0,0,0,91,7,0,OPTIMAL=2,interval_proves_cutoff=91;upper_skipped_by_nonnegative_interval_lower=7
385,0,lp,lower,9,9,0.061014162,0.060353994369506836,1875,0,0,9,0,0,0,0,0,0,OPTIMAL=9,
385,0,lp,upper,9,9,0.064260977,0.06358504295349121,1826,0,0,9,0,0,0,0,0,0,OPTIMAL=9,
385,1,interval_arithmetic,lower,3136,0,0.0,0.0,0,0,0,0,0,949,0,0,0,2187,,interval_arithmetic=949;lower_skipped_by_nonpositive_upper=2187
385,1,interval_arithmetic,upper,3136,0,0.0,0.0,0,0,0,0,0,3136,0,0,0,0,,interval_arithmetic=3136
385,2,lp,lower,1568,107,0.10920269100000003,0.10515069961547852,1867,0,0,107,0,0,0,669,0,792,OPTIMAL=107,interval_proves_cutoff=669;lower_skipped_by_nonpositive_upper=792
385,2,lp,upper,1568,113,0.12456468000000005,0.1154780387878418,2015,0,0,113,0,0,0,786,669,0,OPTIMAL=113,interval_proves_cutoff=786;upper_skipped_by_nonnegative_interval_lower=669
385,3,lp,lower,100,0,0.0,0.0,0,0,0,0,0,0,0,8,0,92,,interval_proves_cutoff=8;lower_skipped_by_nonpositive_upper=92
385,3,lp,upper,100,1,0.0066762,0.006585836410522461,283,0,0,1,0,0,0,91,8,0,OPTIMAL=1,interval_proves_cutoff=91;upper_skipped_by_nonnegative_interval_lower=8
386,0,lp,lower,9,9,0.030833208,0.03032088279724121,850,0,0,9,0,0,0,0,0,0,OPTIMAL=9,
386,0,lp,upper,9,9,0.033817122000000005,0.03329634666442871,887,0,0,9,0,0,0,0,0,0,OPTIMAL=9,
386,1,interval_arithmetic,lower,3136,0,0.0,0.0,0,0,0,0,0,833,0,0,0,2303,,interval_arithmetic=833;lower_skipped_by_nonpositive_upper=2303
386,1,interval_arithmetic,upper,3136,0,0.0,0.0,0,0,0,0,0,3136,0,0,0,0,,interval_arithmetic=3136
386,2,lp,lower,1568,63,0.04730003,0.04528450965881348,423,0,0,63,0,0,0,634,0,871,OPTIMAL=63,interval_proves_cutoff=634;lower_skipped_by_nonpositive_upper=871
386,2,lp,upper,1568,66,0.05350639399999999,0.047019004821777344,470,0,0,66,0,0,0,868,634,0,OPTIMAL=66,interval_proves_cutoff=868;upper_skipped_by_nonnegative_interval_lower=634
386,3,lp,lower,100,1,0.002891782,0.00283050537109375,142,0,0,1,0,0,0,8,0,91,OPTIMAL=1,interval_proves_cutoff=8;lower_skipped_by_nonpositive_upper=91
386,3,lp,upper,100,1,0.002404971,0.0023386478424072266,116,0,0,1,0,0,0,91,8,0,OPTIMAL=1,interval_proves_cutoff=91;upper_skipped_by_nonnegative_interval_lower=8
387,0,lp,lower,9,9,0.037752153000000004,0.03719210624694824,1208,0,0,9,0,0,0,0,0,0,OPTIMAL=9,
387,0,lp,upper,9,9,0.046852475,0.046257972717285156,1381,0,0,9,0,0,0,0,0,0,OPTIMAL=9,
387,1,interval_arithmetic,lower,3136,0,0.0,0.0,0,0,0,0,0,902,0,0,0,2234,,interval_arithmetic=902;lower_skipped_by_nonpositive_upper=2234
387,1,interval_arithmetic,upper,3136,0,0.0,0.0,0,0,0,0,0,3136,0,0,0,0,,interval_arithmetic=3136
387,2,lp,lower,1568,88,0.081731385,0.07854056358337402,1234,0,0,88,0,0,0,656,0,824,OPTIMAL=88,interval_proves_cutoff=656;lower_skipped_by_nonpositive_upper=824
387,2,lp,upper,1568,94,0.10171535099999997,0.0851891040802002,1473,0,0,94,0,0,0,818,656,0,OPTIMAL=94,interval_proves_cutoff=818;upper_skipped_by_nonnegative_interval_lower=656
387,3,lp,lower,100,0,0.0,0.0,0,0,0,0,0,0,0,9,0,91,,interval_proves_cutoff=9;lower_skipped_by_nonpositive_upper=91
387,3,lp,upper,100,0,0.0,0.0,0,0,0,0,0,0,0,91,9,0,,interval_proves_cutoff=91;upper_skipped_by_nonnegative_interval_lower=9
388,0,lp,lower,9,9,0.071695027,0.07105326652526855,1796,0,0,9,0,0,0,0,0,0,OPTIMAL=9,
388,0,lp,upper,9,9,0.091990018,0.09133386611938477,1908,0,0,9,0,0,0,0,0,0,OPTIMAL=9,
388,1,interval_arithmetic,lower,3136,0,0.0,0.0,0,0,0,0,0,890,0,0,0,2246,,interval_arithmetic=890;lower_skipped_by_nonpositive_upper=2246
388,1,interval_arithmetic,upper,3136,0,0.0,0.0,0,0,0,0,0,3136,0,0,0,0,,interval_arithmetic=3136
388,2,lp,lower,1568,114,0.10379947600000004,0.09981632232666016,1581,0,0,114,0,0,0,640,0,814,OPTIMAL=114,interval_proves_cutoff=640;lower_skipped_by_nonpositive_upper=814
388,2,lp,upper,1568,123,0.12359175,0.11366462707519531,1937,0,0,123,0,0,0,805,640,0,OPTIMAL=123,interval_proves_cutoff=805;upper_skipped_by_nonnegative_interval_lower=640
388,3,lp,lower,100,1,0.008846018,0.008767127990722656,302,0,0,1,0,0,0,8,0,91,OPTIMAL=1,interval_proves_cutoff=8;lower_skipped_by_nonpositive_upper=91
388,3,lp,upper,100,1,0.00695226,0.006861209869384766,265,0,0,1,0,0,0,91,8,0,OPTIMAL=1,interval_proves_cutoff=91;upper_skipped_by_nonnegative_interval_lower=8
389,0,lp,lower,9,9,0.025879013,0.025374889373779297,866,0,0,9,0,0,0,0,0,0,OPTIMAL=9,
389,0,lp,upper,9,9,0.02909764,0.02857494354248047,1020,0,0,9,0,0,0,0,0,0,OPTIMAL=9,
389,1,interval_arithmetic,lower,3136,0,0.0,0.0,0,0,0,0,0,852,0,0,0,2284,,interval_arithmetic=852;lower_skipped_by_nonpositive_upper=2284
389,1,interval_arithmetic,upper,3136,0,0.0,0.0,0,0,0,0,0,3136,0,0,0,0,,interval_arithmetic=3136
389,2,lp,lower,1568,74,0.057541222,0.05525851249694824,794,0,0,74,0,0,0,624,0,870,OPTIMAL=74,interval_proves_cutoff=624;lower_skipped_by_nonpositive_upper=870
389,2,lp,upper,1568,77,0.06739952699999997,0.05976152420043945,913,0,0,77,0,0,0,867,624,0,OPTIMAL=77,interval_proves_cutoff=867;upper_skipped_by_nonnegative_interval_lower=624
389,3,lp,lower,100,0,0.0,0.0,0,0,0,0,0,0,0,9,0,91,,interval_proves_cutoff=9;lower_skipped_by_nonpositive_upper=91
389,3,lp,upper,100,0,0.0,0.0,0,0,0,0,0,0,0,91,9,0,,interval_proves_cutoff=91;upper_skipped_by_nonnegative_interval_lower=9
390,0,lp,lower,9,9,0.023804535,0.0233154296875,761,0,0,9,0,0,0,0,0,0,OPTIMAL=9,
390,0,lp,upper,9,9,0.025583870999999998,0.024990558624267578,833,0,0,9,0,0,0,0,0,0,OPTIMAL=9,
390,1,interval_arithmetic,lower,3136,0,0.0,0.0,0,0,0,0,0,895,0,0,0,2241,,interval_arithmetic=895;lower_skipped_by_nonpositive_upper=2241
390,1,interval_arithmetic,upper,3136,0,0.0,0.0,0,0,0,0,0,3136,0,0,0,0,,interval_arithmetic=3136
390,2,lp,lower,1568,62,0.049821464999999995,0.047838687896728516,567,0,0,62,0,0,0,664,0,842,OPTIMAL=62,interval_proves_cutoff=664;lower_skipped_by_nonpositive_upper=842
390,2,lp,upper,1568,67,0.058704551000000015,0.05210447311401367,769,0,0,67,0,0,0,837,664,0,OPTIMAL=67,interval_proves_cutoff=837;upper_skipped_by_nonnegative_interval_lower=664
390,3,lp,lower,100,0,0.0,0.0,0,0,0,0,0,0,0,9,0,91,,interval_proves_cutoff=9;lower_skipped_by_nonpositive_upper=91
390,3,lp,upper,100,0,0.0,0.0,0,0,0,0,0,0,0,91,9,0,,interval_proves_cutoff=91;upper_skipped_by_nonnegative_interval_lower=9
391,0,lp,lower,9,9,0.04231025100000001,0.04172801971435547,1364,0,0,9,0,0,0,0,0,0,OPTIMAL=9,
391,0,lp,upper,9,9,0.043987621000000005,0.04329657554626465,1479,0,0,9,0,0,0,0,0,0,OPTIMAL=9,
391,1,interval_arithmetic,lower,3136,0,0.0,0.0,0,0,0,0,0,964,0,0,0,2172,,interval_arithmetic=964;lower_skipped_by_nonpositive_upper=2172
391,1,interval_arithmetic,upper,3136,0,0.0,0.0,0,0,0,0,0,3136,0,0,0,0,,interval_arithmetic=3136
391,2,lp,lower,1568,96,0.09023765399999996,0.08671164512634277,851,0,0,95,0,0,0,668,0,804,OPTIMAL=95;OTHER_ERROR=1,interval_proves_cutoff=668;lower_skipped_by_nonpositive_upper=804
391,2,lp,upper,1568,97,0.09593049100000003,0.08768463134765625,1016,0,0,97,0,0,0,803,668,0,OPTIMAL=97,interval_proves_cutoff=803;upper_skipped_by_nonnegative_interval_lower=668
391,3,lp,lower,100,0,0.0,0.0,0,0,0,0,0,0,0,9,0,91,,interval_proves_cutoff=9;lower_skipped_by_nonpositive_upper=91
391,3,lp,upper,100,0,0.0,0.0,0,0,0,0,0,0,0,91,9,0,,interval_proves_cutoff=91;upper_skipped_by_nonnegative_interval_lower=9
392,0,lp,lower,9,9,0.03703849100000001,0.03646564483642578,1217,0,0,9,0,0,0,0,0,0,OPTIMAL=9,
392,0,lp,upper,9,9,0.041095243999999996,0.04043912887573242,1364,0,0,9,0,0,0,0,0,0,OPTIMAL=9,
392,1,interval_arithmetic,lower,3136,0,0.0,0.0,0,0,0,0,0,955,0,0,0,2181,,interval_arithmetic=955;lower_skipped_by_nonpositive_upper=2181
392,1,interval_arithmetic,upper,3136,0,0.0,0.0,0,0,0,0,0,3136,0,0,0,0,,interval_arithmetic=3136
392,2,lp,lower,1568,86,0.08172947600000002,0.07870697975158691,1270,0,0,86,0,0,0,672,0,810,OPTIMAL=86,interval_proves_cutoff=672;lower_skipped_by_nonpositive_upper=810
392,2,lp,upper,1568,89,0.09198882299999998,0.0839393138885498,1279,0,0,89,0,0,0,807,672,0,OPTIMAL=89,interval_proves_cutoff=807;upper_skipped_by_nonnegative_interval_lower=672
392,3,lp,lower,100,0,0.0,0.0,0,0,0,0,0,0,0,9,0,91,,interval_proves_cutoff=9;lower_skipped_by_nonpositive_upper=91
392,3,lp,upper,100,0,0.0,0.0,0,0,0,0,0,0,0,91,9,0,,interval_proves_cutoff=91;upper_skipped_by_nonnegative_interval_lower=9
393,0,lp,lower,9,9,0.068800491,0.06818389892578125,1681,0,0,9,0,0,0,0,0,0,OPTIMAL=9,
393,0,lp,upper,9,9,0.06094221799999999,0.06029391288757324,1633,0,0,9,0,0,0,0,0,0,OPTIMAL=9,
393,1,interval_arithmetic,lower,3136,0,0.0,0.0,0,0,0,0,0,898,0,0,0,2238,,interval_arithmetic=898;lower_skipped_by_nonpositive_upper=2238
393,1,interval_arithmetic,upper,3136,0,0.0,0.0,0,0,0,0,0,3136,0,0,0,0,,interval_arithmetic=3136
393,2,lp,lower,1568,105,0.09853301299999997,0.09437060356140137,1643,0,0,105,0,0,0,649,0,814,OPTIMAL=105,interval_proves_cutoff=649;lower_skipped_by_nonpositive_upper=814
393,2,lp,upper,1568,113,0.11608080600000001,0.10716772079467773,1910,0,0,113,0,0,0,806,649,0,OPTIMAL=113,interval_proves_cutoff=806;upper_skipped_by_nonnegative_interval_lower=649
393,3,lp,lower,100,2,0.012303861999999999,0.012157678604125977,354,0,0,2,0,0,0,7,0,91,OPTIMAL=2,interval_proves_cutoff=7;lower_skipped_by_nonpositive_upper=91
393,3,lp,upper,100,2,0.011289945999999999,0.011121034622192383,386,0,0,2,0,0,0,91,7,0,OPTIMAL=2,interval_proves_cutoff=91;upper_skipped_by_nonnegative_interval_lower=7
394,0,lp,lower,9,9,0.033321992999999994,0.03279757499694824,870,0,0,9,0,0,0,0,0,0,OPTIMAL=9,
394,0,lp,upper,9,9,0.030443579999999998,0.029927730560302734,922,0,0,9,0,0,0,0,0,0,OPTIMAL=9,
394,1,interval_arithmetic,lower,3136,0,0.0,0.0,0,0,0,0,0,849,0,0,0,2287,,interval_arithmetic=849;lower_skipped_by_nonpositive_upper=2287
394,1,interval_arithmetic,upper,3136,0,0.0,0.0,0,0,0,0,0,3136,0,0,0,0,,interval_arithmetic=3136
394,2,lp,lower,1568,68,0.053509827000000024,0.05137062072753906,551,0,0,68,0,0,0,636,0,864,OPTIMAL=68,interval_proves_cutoff=636;lower_skipped_by_nonpositive_upper=864
394,2,lp,upper,1568,68,0.056935504000000005,0.05045914649963379,614,0,0,68,0,0,0,864,636,0,OPTIMAL=68,interval_proves_cutoff=864;upper_skipped_by_nonnegative_interval_lower=636
394,3,lp,lower,100,0,0.0,0.0,0,0,0,0,0,0,0,9,0,91,,interval_proves_cutoff=9;lower_skipped_by_nonpositive_upper=91
394,3,lp,upper,100,0,0.0,0.0,0,0,0,0,0,0,0,91,9,0,,interval_proves_cutoff=91;upper_skipped_by_nonnegative_interval_lower=9
395,0,lp,lower,9,9,0.069283977,0.0686180591583252,1781,0,0,9,0,0,0,0,0,0,OPTIMAL=9,
395,0,lp,upper,9,9,0.06297663499999999,0.0622861385345459,1599,0,0,9,0,0,0,0,0,0,OPTIMAL=9,
395,1,interval_arithmetic,lower,3136,0,0.0,0.0,0,0,0,0,0,898,0,0,0,2238,,interval_arithmetic=898;lower_skipped_by_nonpositive_upper=2238
395,1,interval_arithmetic,upper,3136,0,0.0,0.0,0,0,0,0,0,3136,0,0,0,0,,interval_arithmetic=3136
395,2,lp,lower,1568,125,0.12691173100000003,0.12234735488891602,2447,0,0,125,0,0,0,628,0,815,OPTIMAL=125,interval_proves_cutoff=628;lower_skipped_by_nonpositive_upper=815
395,2,lp,upper,1568,133,0.14121470600000002,0.13162684440612793,2766,0,0,133,0,0,0,807,628,0,OPTIMAL=133,interval_proves_cutoff=807;upper_skipped_by_nonnegative_interval_lower=628
395,3,lp,lower,100,1,0.007395157,0.007311344146728516,306,0,0,1,0,0,0,8,0,91,OPTIMAL=1,interval_proves_cutoff=8;lower_skipped_by_nonpositive_upper=91
395,3,lp,upper,100,1,0.008396581,0.008301258087158203,289,0,0,1,0,0,0,91,8,0,OPTIMAL=1,interval_proves_cutoff=91;upper_skipped_by_nonnegative_interval_lower=8
396,0,lp,lower,9,9,0.06149388,0.060877084732055664,1678,0,0,9,0,0,0,0,0,0,OPTIMAL=9,
396,0,lp,upper,9,9,0.067607812,0.06697368621826172,1737,0,0,9,0,0,0,0,0,0,OPTIMAL=9,
396,1,interval_arithmetic,lower,3136,0,0.0,0.0,0,0,0,0,0,944,0,0,0,2192,,interval_arithmetic=944;lower_skipped_by_nonpositive_upper=2192
396,1,interval_arithmetic,upper,3136,0,0.0,0.0,0,0,0,0,0,3136,0,0,0,0,,interval_arithmetic=3136
396,2,lp,lower,1568,116,0.11645796900000004,0.11218714714050293,2151,0,0,116,0,0,0,666,0,786,OPTIMAL=116,interval_proves_cutoff=666;lower_skipped_by_nonpositive_upper=786
396,2,lp,upper,1568,131,0.14160396600000003,0.13167667388916016,2533,0,0,131,0,0,0,771,666,0,OPTIMAL=131,interval_proves_cutoff=771;upper_skipped_by_nonnegative_interval_lower=666
396,3,lp,lower,100,0,0.0,0.0,0,0,0,0,0,0,0,8,0,92,,interval_proves_cutoff=8;lower_skipped_by_nonpositive_upper=92
396,3,lp,upper,100,1,0.007838583,0.007737159729003906,274,0,0,1,0,0,0,91,8,0,OPTIMAL=1,interval_proves_cutoff=91;upper_skipped_by_nonnegative_interval_lower=8
397,0,lp,lower,9,9,0.047041379999999994,0.04646801948547363,1475,0,0,9,0,0,0,0,0,0,OPTIMAL=9,
397,0,lp,upper,9,9,0.037846997,0.03727364540100098,1261,0,0,9,0,0,0,0,0,0,OPTIMAL=9,
397,1,interval_arithmetic,lower,3136,0,0.0,0.0,0,0,0,0,0,929,0,0,0,2207,,interval_arithmetic=929;lower_skipped_by_nonpositive_upper=2207
397,1,interval_arithmetic,upper,3136,0,0.0,0.0,0,0,0,0,0,3136,0,0,0,0,,interval_arithmetic=3136
397,2,lp,lower,1568,81,0.07613666399999998,0.0732729434967041,1165,0,0,81,0,0,0,656,0,831,OPTIMAL=81,interval_proves_cutoff=656;lower_skipped_by_nonpositive_upper=831
397,2,lp,upper,1568,84,0.08949971299999997,0.0817873477935791,1309,0,0,84,0,0,0,828,656,0,OPTIMAL=84,interval_proves_cutoff=828;upper_skipped_by_nonnegative_interval_lower=656
397,3,lp,lower,100,1,0.004681009,0.0046062469482421875,232,0,0,1,0,0,0,8,0,91,OPTIMAL=1,interval_proves_cutoff=8;lower_skipped_by_nonpositive_upper=91
397,3,lp,upper,100,1,0.003937985,0.003855466842651367,175,0,0,1,0,0,0,91,8,0,OPTIMAL=1,interval_proves_cutoff=91;upper_skipped_by_nonnegative_interval_lower=8
398,0,lp,lower,9,9,0.059714419,0.05914664268493652,1487,0,0,9,0,0,0,0,0,0,OPTIMAL=9,
398,0,lp,upper,9,9,0.062021073,0.06144070625305176,1457,0,0,9,0,0,0,0,0,0,OPTIMAL=9,
398,1,interval_arithmetic,lower,3136,0,0.0,0.0,0,0,0,0,0,905,0,0,0,2231,,interval_arithmetic=905;lower_skipped_by_nonpositive_upper=2231
398,1,interval_arithmetic,upper,3136,0,0.0,0.0,0,0,0,0,0,3136,0,0,0,0,,interval_arithmetic=3136
398,2,lp,lower,1568,70,0.06844527899999997,0.0658864974975586,1037,0,0,70,0,0,0,682,0,816,OPTIMAL=70,interval_proves_cutoff=682;lower_skipped_by_nonpositive_upper=816
398,2,lp,upper,1568,76,0.07918567499999997,0.07163596153259277,1216,0,0,76,0,0,0,810,682,0,OPTIMAL=76,interval_proves_cutoff=810;upper_skipped_by_nonnegative_interval_lower=682
398,3,lp,lower,100,1,0.004982305,0.004920244216918945,255,0,0,1,0,0,0,8,0,91,OPTIMAL=1,interval_proves_cutoff=8;lower_skipped_by_nonpositive_upper=91
398,3,lp,upper,100,1,0.003921306,0.0038449764251708984,172,0,0,1,0,0,0,91,8,0,OPTIMAL=1,interval_proves_cutoff=91;upper_skipped_by_nonnegative_interval_lower=8
399,0,lp,lower,9,9,0.030598193,0.03005194664001465,1009,0,0,9,0,0,0,0,0,0,OPTIMAL=9,
399,0,lp,upper,9,9,0.037677708,0.03704833984375,1116,0,0,9,0,0,0,0,0,0,OPTIMAL=9,
399,1,interval_arithmetic,lower,3136,0,0.0,0.0,0,0,0,0,0,893,0,0,0,2243,,interval_arithmetic=893;lower_skipped_by_nonpositive_upper=2243
399,1,interval_arithmetic,upper,3136,0,0.0,0.0,0,0,0,0,0,3136,0,0,0,0,,interval_arithmetic=3136
399,2,lp,lower,1568,77,0.06647310599999999,0.06390023231506348,920,0,0,77,0,0,0,661,0,830,OPTIMAL=77,interval_proves_cutoff=661;lower_skipped_by_nonpositive_upper=830
399,2,lp,upper,1568,80,0.07452132600000001,0.06660866737365723,1041,0,0,80,0,0,0,827,661,0,OPTIMAL=80,interval_proves_cutoff=827;upper_skipped_by_nonnegative_interval_lower=661
399,3,lp,lower,100,0,0.0,0.0,0,0,0,0,0,0,0,9,0,91,,interval_proves_cutoff=9;lower_skipped_by_nonpositive_upper=91
399,3,lp,upper,100,0,0.0,0.0,0,0,0,0,0,0,0,91,9,0,,interval_proves_cutoff=91;upper_skipped_by_nonnegative_interval_lower=9
400,0,lp,lower,9,9,0.028306787,0.027775287628173828,939,0,0,9,0,0,0,0,0,0,OPTIMAL=9,
400,0,lp,upper,9,9,0.029025922000000003,0.028427600860595703,999,0,0,9,0,0,0,0,0,0,OPTIMAL=9,
400,1,interval_arithmetic,lower,3136,0,0.0,0.0,0,0,0,0,0,902,0,0,0,2234,,interval_arithmetic=902;lower_skipped_by_nonpositive_upper=2234
400,1,interval_arithmetic,upper,3136,0,0.0,0.0,0,0,0,0,0,3136,0,0,0,0,,interval_arithmetic=3136
400,2,lp,lower,1568,78,0.06406055899999999,0.061545610427856445,662,0,0,78,0,0,0,670,0,820,OPTIMAL=78,interval_proves_cutoff=670;lower_skipped_by_nonpositive_upper=820
400,2,lp,upper,1568,82,0.075699091,0.06841921806335449,765,0,0,82,0,0,0,816,670,0,OPTIMAL=82,interval_proves_cutoff=816;upper_skipped_by_nonnegative_interval_lower=670
400,3,lp,lower,100,0,0.0,0.0,0,0,0,0,0,0,0,9,0,91,,interval_proves_cutoff=9;lower_skipped_by_nonpositive_upper=91
400,3,lp,upper,100,0,0.0,0.0,0,0,0,0,0,0,0,91,9,0,,interval_proves_cutoff=91;upper_skipped_by_nonnegative_interval_lower=9
401,0,lp,lower,9,9,0.049846174,0.04925894737243652,1540,0,0,9,0,0,0,0,0,0,OPTIMAL=9,
401,0,lp,upper,9,9,0.04871969799999999,0.04804372787475586,1605,0,0,9,0,0,0,0,0,0,OPTIMAL=9,
401,1,interval_arithmetic,lower,3136,0,0.0,0.0,0,0,0,0,0,952,0,0,0,2184,,interval_arithmetic=952;lower_skipped_by_nonpositive_upper=2184
401,1,interval_arithmetic,upper,3136,0,0.0,0.0,0,0,0,0,0,3136,0,0,0,0,,interval_arithmetic=3136
401,2,lp,lower,1568,100,0.09869570000000005,0.0950474739074707,1558,0,0,100,0,0,0,663,0,805,OPTIMAL=100,interval_proves_cutoff=663;lower_skipped_by_nonpositive_upper=805
401,2,lp,upper,1568,113,0.118002767,0.10892820358276367,1779,0,0,113,0,0,0,792,663,0,OPTIMAL=113,interval_proves_cutoff=792;upper_skipped_by_nonnegative_interval_lower=663
401,3,lp,lower,100,0,0.0,0.0,0,0,0,0,0,0,0,9,0,91,,interval_proves_cutoff=9;lower_skipped_by_nonpositive_upper=91
401,3,lp,upper,100,0,0.0,0.0,0,0,0,0,0,0,0,91,9,0,,interval_proves_cutoff=91;upper_skipped_by_nonnegative_interval_lower=9
402,0,lp,lower,9,9,0.04870345,0.048104286193847656,1329,0,0,9,0,0,0,0,0,0,OPTIMAL=9,
402,0,lp,upper,9,9,0.050846594999999994,0.05022621154785156,1471,0,0,9,0,0,0,0,0,0,OPTIMAL=9,
402,1,interval_arithmetic,lower,3136,0,0.0,0.0,0,0,0,0,0,912,0,0,0,2224,,interval_arithmetic=912;lower_skipped_by_nonpositive_upper=2224
402,1,interval_arithmetic,upper,3136,0,0.0,0.0,0,0,0,0,0,3136,0,0,0,0,,interval_arithmetic=3136
402,2,lp,lower,1568,91,0.089071788,0.08574652671813965,1674,0,0,91,0,0,0,656,0,821,OPTIMAL=91,interval_proves_cutoff=656;lower_skipped_by_nonpositive_upper=821
402,2,lp,upper,1568,101,0.10459073399999999,0.09647178649902344,2016,0,0,101,0,0,0,811,656,0,OPTIMAL=101,interval_proves_cutoff=811;upper_skipped_by_nonnegative_interval_lower=656
402,3,lp,lower,100,0,0.0,0.0,0,0,0,0,0,0,0,9,0,91,,interval_proves_cutoff=9;lower_skipped_by_nonpositive_upper=91
402,3,lp,upper,100,0,0.0,0.0,0,0,0,0,0,0,0,91,9,0,,interval_proves_cutoff=91;upper_skipped_by_nonnegative_interval_lower=9
403,0,lp,lower,9,9,0.06588778899999999,0.06522417068481445,1854,0,0,9,0,0,0,0,0,0,OPTIMAL=9,
403,0,lp,upper,9,9,0.07279271,0.07207512855529785,1965,0,0,9,0,0,0,0,0,0,OPTIMAL=9,
403,1,interval_arithmetic,lower,3136,0,0.0,0.0,0,0,0,0,0,958,0,0,0,2178,,interval_arithmetic=958;lower_skipped_by_nonpositive_upper=2178
403,1,interval_arithmetic,upper,3136,0,0.0,0.0,0,0,0,0,0,3136,0,0,0,0,,interval_arithmetic=3136
403,2,lp,lower,1568,124,0.13291124800000004,0.12813854217529297,2284,0,0,124,0,0,0,693,0,751,OPTIMAL=124,interval_proves_cutoff=693;lower_skipped_by_nonpositive_upper=751
403,2,lp,upper,1568,132,0.147923521,0.13780498504638672,2541,0,0,132,0,0,0,743,693,0,OPTIMAL=132,interval_proves_cutoff=743;upper_skipped_by_nonnegative_interval_lower=693
403,3,lp,lower,100,0,0.0,0.0,0,0,0,0,0,0,0,9,0,91,,interval_proves_cutoff=9;lower_skipped_by_nonpositive_upper=91
403,3,lp,upper,100,0,0.0,0.0,0,0,0,0,0,0,0,91,9,0,,interval_proves_cutoff=91;upper_skipped_by_nonnegative_interval_lower=9
404,0,lp,lower,9,9,0.061303418,0.06065869331359863,1628,0,0,9,0,0,0,0,0,0,OPTIMAL=9,
404,0,lp,upper,9,9,0.066846273,0.06616497039794922,1762,0,0,9,0,0,0,0,0,0,OPTIMAL=9,
404,1,interval_arithmetic,lower,3136,0,0.0,0.0,0,0,0,0,0,921,0,0,0,2215,,interval_arithmetic=921;lower_skipped_by_nonpositive_upper=2215
404,1,interval_arithmetic,upper,3136,0,0.0,0.0,0,0,0,0,0,3136,0,0,0,0,,interval_arithmetic=3136
404,2,lp,lower,1568,99,0.10551463799999998,0.10178232192993164,2074,0,0,99,0,0,0,655,0,814,OPTIMAL=99,interval_proves_cutoff=655;lower_skipped_by_nonpositive_upper=814
404,2,lp,upper,1568,100,0.111508619,0.10244417190551758,2238,0,0,100,0,0,0,813,655,0,OPTIMAL=100,interval_proves_cutoff=813;upper_skipped_by_nonnegative_interval_lower=655
404,3,lp,lower,100,0,0.0,0.0,0,0,0,0,0,0,0,9,0,91,,interval_proves_cutoff=9;lower_skipped_by_nonpositive_upper=91
404,3,lp,upper,100,0,0.0,0.0,0,0,0,0,0,0,0,91,9,0,,interval_proves_cutoff=91;upper_skipped_by_nonnegative_interval_lower=9
405,0,lp,lower,9,9,0.05379862099999999,0.05314922332763672,1539,0,0,9,0,0,0,0,0,0,OPTIMAL=9,
405,0,lp,upper,9,9,0.06600566,0.06537556648254395,1688,0,0,9,0,0,0,0,0,0,OPTIMAL=9,
405,1,interval_arithmetic,lower,3136,0,0.0,0.0,0,0,0,0,0,915,0,0,0,2221,,interval_arithmetic=915;lower_skipped_by_nonpositive_upper=2221
405,1,interval_arithmetic,upper,3136,0,0.0,0.0,0,0,0,0,0,3136,0,0,0,0,,interval_arithmetic=3136
405,2,lp,lower,1568,96,0.09627901600000001,0.09265947341918945,1710,0,0,96,0,0,0,668,0,804,OPTIMAL=96,interval_proves_cutoff=668;lower_skipped_by_nonpositive_upper=804
405,2,lp,upper,1568,100,0.10469142800000002,0.09609127044677734,1808,0,0,100,0,0,0,800,668,0,OPTIMAL=100,interval_proves_cutoff=800;upper_skipped_by_nonnegative_interval_lower=668
405,3,lp,lower,100,2,0.008891764,0.00876307487487793,302,0,0,2,0,0,0,7,0,91,OPTIMAL=2,interval_proves_cutoff=7;lower_skipped_by_nonpositive_upper=91
405,3,lp,upper,100,2,0.008803986,0.008643627166748047,344,0,0,2,0,0,0,91,7,0,OPTIMAL=2,interval_proves_cutoff=91;upper_skipped_by_nonnegative_interval_lower=7
406,0,lp,lower,9,9,0.027449729,0.026936769485473633,998,0,0,9,0,0,0,0,0,0,OPTIMAL=9,
406,0,lp,upper,9,9,0.029580066,0.02901315689086914,1022,0,0,9,0,0,0,0,0,0,OPTIMAL=9,
406,1,interval_arithmetic,lower,3136,0,0.0,0.0,0,0,0,0,0,935,0,0,0,2201,,interval_arithmetic=935;lower_skipped_by_nonpositive_upper=2201
406,1,interval_arithmetic,upper,3136,0,0.0,0.0,0,0,0,0,0,3136,0,0,0,0,,interval_arithmetic=3136
406,2,lp,lower,1568,80,0.06883987400000001,0.06611895561218262,618,0,0,80,0,0,0,683,0,805,OPTIMAL=80,interval_proves_cutoff=683;lower_skipped_by_nonpositive_upper=805
406,2,lp,upper,1568,83,0.078338669,0.07073259353637695,816,0,0,83,0,0,0,802,683,0,OPTIMAL=83,interval_proves_cutoff=802;upper_skipped_by_nonnegative_interval_lower=683
406,3,lp,lower,100,0,0.0,0.0,0,0,0,0,0,0,0,9,0,91,,interval_proves_cutoff=9;lower_skipped_by_nonpositive_upper=91
406,3,lp,upper,100,0,0.0,0.0,0,0,0,0,0,0,0,91,9,0,,interval_proves_cutoff=91;upper_skipped_by_nonnegative_interval_lower=9
407,0,lp,lower,9,9,0.036824347,0.036267757415771484,1291,0,0,9,0,0,0,0,0,0,OPTIMAL=9,
407,0,lp,upper,9,9,0.043378401999999996,0.04278564453125,1543,0,0,9,0,0,0,0,0,0,OPTIMAL=9,
407,1,interval_arithmetic,lower,3136,0,0.0,0.0,0,0,0,0,0,986,0,0,0,2150,,interval_arithmetic=986;lower_skipped_by_nonpositive_upper=2150
407,1,interval_arithmetic,upper,3136,0,0.0,0.0,0,0,0,0,0,3136,0,0,0,0,,interval_arithmetic=3136
407,2,lp,lower,1568,82,0.07784421600000001,0.0749044418334961,1297,0,0,82,0,0,0,685,0,801,OPTIMAL=82,interval_proves_cutoff=685;lower_skipped_by_nonpositive_upper=801
407,2,lp,upper,1568,88,0.091861998,0.08315396308898926,1479,0,0,88,0,0,0,795,685,0,OPTIMAL=88,interval_proves_cutoff=795;upper_skipped_by_nonnegative_interval_lower=685
407,3,lp,lower,100,0,0.0,0.0,0,0,0,0,0,0,0,9,0,91,,interval_proves_cutoff=9;lower_skipped_by_nonpositive_upper=91
407,3,lp,upper,100,0,0.0,0.0,0,0,0,0,0,0,0,91,9,0,,interval_proves_cutoff=91;upper_skipped_by_nonnegative_interval_lower=9
408,0,lp,lower,9,9,0.033092813,0.032540321350097656,1030,0,0,9,0,0,0,0,0,0,OPTIMAL=9,
408,0,lp,upper,9,9,0.043604016999999995,0.043021440505981445,1148,0,0,9,0,0,0,0,0,0,OPTIMAL=9,
408,1,interval_arithmetic,lower,3136,0,0.0,0.0,0,0,0,0,0,941,0,0,0,2195,,interval_arithmetic=941;lower_skipped_by_nonpositive_upper=2195
408,1,interval_arithmetic,upper,3136,0,0.0,0.0,0,0,0,0,0,3136,0,0,0,0,,interval_arithmetic=3136
408,2,lp,lower,1568,79,0.06384970599999998,0.06128978729248047,561,0,0,79,0,0,0,686,0,803,OPTIMAL=79,interval_proves_cutoff=686;lower_skipped_by_nonpositive_upper=803
408,2,lp,upper,1568,82,0.070548296,0.0632317066192627,658,0,0,82,0,0,0,800,686,0,OPTIMAL=82,interval_proves_cutoff=800;upper_skipped_by_nonnegative_interval_lower=686
408,3,lp,lower,100,1,0.003858513,0.0037889480590820312,190,0,0,1,0,0,0,8,0,91,OPTIMAL=1,interval_proves_cutoff=8;lower_skipped_by_nonpositive_upper=91
408,3,lp,upper,100,1,0.003811752,0.0036911964416503906,169,0,0,1,0,0,0,91,8,0,OPTIMAL=1,interval_proves_cutoff=91;upper_skipped_by_nonnegative_interval_lower=8
409,0,lp,lower,9,9,0.06622477099999999,0.06558847427368164,1790,0,0,9,0,0,0,0,0,0,OPTIMAL=9,
409,0,lp,upper,9,9,0.07286324799999999,0.07221293449401855,1857,0,0,9,0,0,0,0,0,0,OPTIMAL=9,
409,1,interval_arithmetic,lower,3136,0,0.0,0.0,0,0,0,0,0,934,0,0,0,2202,,interval_arithmetic=934;lower_skipped_by_nonpositive_upper=2202
409,1,interval_arithmetic,upper,3136,0,0.0,0.0,0,0,0,0,0,3136,0,0,0,0,,interval_arithmetic=3136
409,2,lp,lower,1568,112,0.11079754600000001,0.1067202091217041,1818,0,0,112,0,0,0,674,0,782,OPTIMAL=112,interval_proves_cutoff=674;lower_skipped_by_nonpositive_upper=782
409,2,lp,upper,1568,113,0.11792170800000001,0.10900282859802246,1853,0,0,113,0,0,0,781,674,0,OPTIMAL=113,interval_proves_cutoff=781;upper_skipped_by_nonnegative_interval_lower=674
409,3,lp,lower,100,1,0.010377321,0.010294675827026367,337,0,0,1,0,0,0,8,0,91,OPTIMAL=1,interval_proves_cutoff=8;lower_skipped_by_nonpositive_upper=91
409,3,lp,upper,100,1,0.008412218,0.008278131484985352,294,0,0,1,0,0,0,91,8,0,OPTIMAL=1,interval_proves_cutoff=91;upper_skipped_by_nonnegative_interval_lower=8
410,0,lp,lower,9,9,0.02659399,0.02611255645751953,787,0,0,9,0,0,0,0,0,0,OPTIMAL=9,
410,0,lp,upper,9,9,0.023004017999999998,0.022528648376464844,725,0,0,9,0,0,0,0,0,0,OPTIMAL=9,
410,1,interval_arithmetic,lower,3136,0,0.0,0.0,0,0,0,0,0,857,0,0,0,2279,,interval_arithmetic=857;lower_skipped_by_nonpositive_upper=2279
410,1,interval_arithmetic,upper,3136,0,0.0,0.0,0,0,0,0,0,3136,0,0,0,0,,interval_arithmetic=3136
410,2,lp,lower,1568,47,0.037475288999999995,0.03600001335144043,473,0,0,47,0,0,0,652,0,869,OPTIMAL=47,interval_proves_cutoff=652;lower_skipped_by_nonpositive_upper=869
410,2,lp,upper,1568,50,0.045542965,0.03944659233093262,539,0,0,50,0,0,0,866,652,0,OPTIMAL=50,interval_proves_cutoff=866;upper_skipped_by_nonnegative_interval_lower=652
410,3,lp,lower,100,1,0.002314023,0.0022597312927246094,126,0,0,1,0,0,0,8,0,91,OPTIMAL=1,interval_proves_cutoff=8;lower_skipped_by_nonpositive_upper=91
410,3,lp,upper,100,1,0.002305528,0.0022063255310058594,107,0,0,1,0,0,0,91,8,0,OPTIMAL=1,interval_proves_cutoff=91;upper_skipped_by_nonnegative_interval_lower=8
411,0,lp,lower,9,9,0.027531457000000002,0.027011394500732422,919,0,0,9,0,0,0,0,0,0,OPTIMAL=9,
411,0,lp,upper,9,9,0.027241692000000005,0.026701927185058594,845,0,0,9,0,0,0,0,0,0,OPTIMAL=9,
411,1,interval_arithmetic,lower,3136,0,0.0,0.0,0,0,0,0,0,888,0,0,0,2248,,interval_arithmetic=888;lower_skipped_by_nonpositive_upper=2248
411,1,interval_arithmetic,upper,3136,0,0.0,0.0,0,0,0,0,0,3136,0,0,0,0,,interval_arithmetic=3136
411,2,lp,lower,1568,73,0.06034709900000002,0.05797982215881348,778,0,0,73,0,0,0,662,0,833,OPTIMAL=73,interval_proves_cutoff=662;lower_skipped_by_nonpositive_upper=833
411,2,lp,upper,1568,77,0.07158935600000005,0.06464362144470215,882,0,0,77,0,0,0,829,662,0,OPTIMAL=77,interval_proves_cutoff=829;upper_skipped_by_nonnegative_interval_lower=662
411,3,lp,lower,100,1,0.0034481,0.003384113311767578,180,0,0,1,0,0,0,7,0,92,OPTIMAL=1,interval_proves_cutoff=7;lower_skipped_by_nonpositive_upper=92
411,3,lp,upper,100,1,0.003146084,0.0030634403228759766,153,0,0,1,0,0,0,92,7,0,OPTIMAL=1,interval_proves_cutoff=92;upper_skipped_by_nonnegative_interval_lower=7
412,0,lp,lower,9,9,0.029683327000000002,0.029183149337768555,894,0,0,9,0,0,0,0,0,0,OPTIMAL=9,
412,0,lp,upper,9,9,0.032286178000000006,0.03174638748168945,926,0,0,9,0,0,0,0,0,0,OPTIMAL=9,
412,1,interval_arithmetic,lower,3136,0,0.0,0.0,0,0,0,0,0,867,0,0,0,2269,,interval_arithmetic=867;lower_skipped_by_nonpositive_upper=2269
412,1,interval_arithmetic,upper,3136,0,0.0,0.0,0,0,0,0,0,3136,0,0,0,0,,interval_arithmetic=3136
412,2,lp,lower,1568,61,0.04799781200000001,0.04601883888244629,624,0,0,61,0,0,0,636,0,871,OPTIMAL=61,interval_proves_cutoff=636;lower_skipped_by_nonpositive_upper=871
412,2,lp,upper,1568,64,0.05770076400000003,0.05124092102050781,698,0,0,64,0,0,0,868,636,0,OPTIMAL=64,interval_proves_cutoff=868;upper_skipped_by_nonnegative_interval_lower=636
412,3,lp,lower,100,1,0.003268829,0.0032091140747070312,153,0,0,1,0,0,0,8,0,91,OPTIMAL=1,interval_proves_cutoff=8;lower_skipped_by_nonpositive_upper=91
412,3,lp,upper,100,1,0.00352703,0.0034584999084472656,143,0,0,1,0,0,0,91,8,0,OPTIMAL=1,interval_proves_cutoff=91;upper_skipped_by_nonnegative_interval_lower=8
413,0,lp,lower,9,9,0.024687087,0.02420210838317871,940,0,0,9,0,0,0,0,0,0,OPTIMAL=9,
413,0,lp,upper,9,9,0.024375945,0.023873567581176758,897,0,0,9,0,0,0,0,0,0,OPTIMAL=9,
413,1,interval_arithmetic,lower,3136,0,0.0,0.0,0,0,0,0,0,967,0,0,0,2169,,interval_arithmetic=967;lower_skipped_by_nonpositive_upper=2169
413,1,interval_arithmetic,upper,3136,0,0.0,0.0,0,0,0,0,0,3136,0,0,0,0,,interval_arithmetic=3136
413,2,lp,lower,1568,65,0.059810284000000005,0.05750465393066406,703,0,0,65,0,0,0,699,0,804,OPTIMAL=65,interval_proves_cutoff=699;lower_skipped_by_nonpositive_upper=804
413,2,lp,upper,1568,74,0.07811581799999999,0.07019376754760742,904,0,0,74,0,0,0,795,699,0,OPTIMAL=74,interval_proves_cutoff=795;upper_skipped_by_nonnegative_interval_lower=699
413,3,lp,lower,100,2,0.006208213,0.006081581115722656,223,0,0,2,0,0,0,7,0,91,OPTIMAL=2,interval_proves_cutoff=7;lower_skipped_by_nonpositive_upper=91
413,3,lp,upper,100,2,0.006581542,0.006423234939575195,234,0,0,2,0,0,0,91,7,0,OPTIMAL=2,interval_proves_cutoff=91;upper_skipped_by_nonnegative_interval_lower=7
414,0,lp,lower,9,9,0.032661380999999996,0.03212857246398926,1082,0,0,9,0,0,0,0,0,0,OPTIMAL=9,
414,0,lp,upper,9,9,0.034944875,0.03438997268676758,1039,0,0,9,0,0,0,0,0,0,OPTIMAL=9,
414,1,interval_arithmetic,lower,3136,0,0.0,0.0,0,0,0,0,0,932,0,0,0,2204,,interval_arithmetic=932;lower_skipped_by_nonpositive_upper=2204
414,1,interval_arithmetic,upper,3136,0,0.0,0.0,0,0,0,0,0,3136,0,0,0,0,,interval_arithmetic=3136
414,2,lp,lower,1568,72,0.06264942500000001,0.06018185615539551,862,0,0,72,0,0,0,677,0,819,OPTIMAL=72,interval_proves_cutoff=677;lower_skipped_by_nonpositive_upper=819
414,2,lp,upper,1568,72,0.071900735,0.06469869613647461,928,0,0,72,0,0,0,819,677,0,OPTIMAL=72,interval_proves_cutoff=819;upper_skipped_by_nonnegative_interval_lower=677
414,3,lp,lower,100,1,0.00475417,0.00467991828918457,213,0,0,1,0,0,0,8,0,91,OPTIMAL=1,interval_proves_cutoff=8;lower_skipped_by_nonpositive_upper=91
414,3,lp,upper,100,1,0.004050735,0.003968477249145508,164,0,0,1,0,0,0,91,8,0,OPTIMAL=1,interval_proves_cutoff=91;upper_skipped_by_nonnegative_interval_lower=8
415,0,lp,lower,9,9,0.08071113299999999,0.08015060424804688,1822,0,0,9,0,0,0,0,0,0,OPTIMAL=9,
415,0,lp,upper,9,9,0.07353058999999999,0.07293510437011719,1563,0,0,9,0,0,0,0,0,0,OPTIMAL=9,
415,1,interval_arithmetic,lower,3136,0,0.0,0.0,0,0,0,0,0,893,0,0,0,2243,,interval_arithmetic=893;lower_skipped_by_nonpositive_upper=2243
415,1,interval_arithmetic,upper,3136,0,0.0,0.0,0,0,0,0,0,3136,0,0,0,0,,interval_arithmetic=3136
415,2,lp,lower,1568,91,0.08334522299999995,0.08012843132019043,1497,0,0,91,0,0,0,632,0,845,OPTIMAL=91,interval_proves_cutoff=632;lower_skipped_by_nonpositive_upper=845
415,2,lp,upper,1568,96,0.094693101,0.08669924736022949,1542,0,0,96,0,0,0,840,632,0,OPTIMAL=96,interval_proves_cutoff=840;upper_skipped_by_nonnegative_interval_lower=632
415,3,lp,lower,100,2,0.008452543,0.008311986923217773,273,0,0,2,0,0,0,7,0,91,OPTIMAL=2,interval_proves_cutoff=7;lower_skipped_by_nonpositive_upper=91
415,3,lp,upper,100,2,0.009892926,0.009745597839355469,336,0,0,2,0,0,0,91,7,0,OPTIMAL=2,interval_proves_cutoff=91;upper_skipped_by_nonnegative_interval_lower=7
416,0,lp,lower,9,9,0.027623538,0.027091264724731445,868,0,0,9,0,0,0,0,0,0,OPTIMAL=9,
416,0,lp,upper,9,9,0.03009376,0.029548168182373047,938,0,0,9,0,0,0,0,0,0,OPTIMAL=9,
416,1,interval_arithmetic,lower,3136,0,0.0,0.0,0,0,0,0,0,885,0,0,0,2251,,interval_arithmetic=885;lower_skipped_by_nonpositive_upper=2251
416,1,interval_arithmetic,upper,3136,0,0.0,0.0,0,0,0,0,0,3136,0,0,0,0,,interval_arithmetic=3136
416,2,lp,lower,1568,71,0.05673446000000001,0.05439496040344238,633,0,0,71,0,0,0,649,0,848,OPTIMAL=71,interval_proves_cutoff=649;lower_skipped_by_nonpositive_upper=848
416,2,lp,upper,1568,77,0.066587645,0.05932807922363281,788,0,0,77,0,0,0,842,649,0,OPTIMAL=77,interval_proves_cutoff=842;upper_skipped_by_nonnegative_interval_lower=649
416,3,lp,lower,100,1,0.003180587,0.0031168460845947266,176,0,0,1,0,0,0,8,0,91,OPTIMAL=1,interval_proves_cutoff=8;lower_skipped_by_nonpositive_upper=91
416,3,lp,upper,100,1,0.003552809,0.0034792423248291016,152,0,0,1,0,0,0,91,8,0,OPTIMAL=1,interval_proves_cutoff=91;upper_skipped_by_nonnegative_interval_lower=8
417,0,lp,lower,9,9,0.021259807,0.02080559730529785,715,0,0,9,0,0,0,0,0,0,OPTIMAL=9,
417,0,lp,upper,9,9,0.022502537,0.02202296257019043,799,0,0,9,0,0,0,0,0,0,OPTIMAL=9,
417,1,interval_arithmetic,lower,3136,0,0.0,0.0,0,0,0,0,0,853,0,0,0,2283,,interval_arithmetic=853;lower_skipped_by_nonpositive_upper=2283
417,1,interval_arithmetic,upper,3136,0,0.0,0.0,0,0,0,0,0,3136,0,0,0,0,,interval_arithmetic=3136
417,2,lp,lower,1568,54,0.040922958,0.03924250602722168,340,0,0,54,0,0,0,650,0,864,OPTIMAL=54,interval_proves_cutoff=650;lower_skipped_by_nonpositive_upper=864
417,2,lp,upper,1568,55,0.046659269999999996,0.04065871238708496,454,0,0,55,0,0,0,863,650,0,OPTIMAL=55,interval_proves_cutoff=863;upper_skipped_by_nonnegative_interval_lower=650
417,3,lp,lower,100,0,0.0,0.0,0,0,0,0,0,0,0,8,0,92,,interval_proves_cutoff=8;lower_skipped_by_nonpositive_upper=92
417,3,lp,upper,100,0,0.0,0.0,0,0,0,0,0,0,0,92,8,0,,interval_proves_cutoff=92;upper_skipped_by_nonnegative_interval_lower=8
418,0,lp,lower,9,9,0.037602312,0.0370333194732666,1141,0,0,9,0,0,0,0,0,0,OPTIMAL=9,
418,0,lp,upper,9,9,0.041064594,0.04049253463745117,1259,0,0,9,0,0,0,0,0,0,OPTIMAL=9,
418,1,interval_arithmetic,lower,3136,0,0.0,0.0,0,0,0,0,0,900,0,0,0,2236,,interval_arithmetic=900;lower_skipped_by_nonpositive_upper=2236
418,1,interval_arithmetic,upper,3136,0,0.0,0.0,0,0,0,0,0,3136,0,0,0,0,,interval_arithmetic=3136
418,2,lp,lower,1568,96,0.081173511,0.07799410820007324,1136,0,0,96,0,0,0,633,0,839,OPTIMAL=96,interval_proves_cutoff=633;lower_skipped_by_nonpositive_upper=839
418,2,lp,upper,1568,107,0.10300162199999999,0.09442734718322754,1550,0,0,107,0,0,0,828,633,0,OPTIMAL=107,interval_proves_cutoff=828;upper_skipped_by_nonnegative_interval_lower=633
418,3,lp,lower,100,1,0.005071873,0.005003690719604492,241,0,0,1,0,0,0,8,0,91,OPTIMAL=1,interval_proves_cutoff=8;lower_skipped_by_nonpositive_upper=91
418,3,lp,upper,100,1,0.004611782,0.0045320987701416016,192,0,0,1,0,0,0,91,8,0,OPTIMAL=1,interval_proves_cutoff=91;upper_skipped_by_nonnegative_interval_lower=8
419,0,lp,lower,9,9,0.07460387299999999,0.07397317886352539,1870,0,0,9,0,0,0,0,0,0,OPTIMAL=9,
419,0,lp,upper,9,9,0.07561549099999999,0.07495880126953125,1921,0,0,9,0,0,0,0,0,0,OPTIMAL=9,
419,1,interval_arithmetic,lower,3136,0,0.0,0.0,0,0,0,0,0,928,0,0,0,2208,,interval_arithmetic=928;lower_skipped_by_nonpositive_upper=2208
419,1,interval_arithmetic,upper,3136,0,0.0,0.0,0,0,0,0,0,3136,0,0,0,0,,interval_arithmetic=3136
419,2,lp,lower,1568,114,0.112702505,0.10853195190429688,1823,0,0,114,0,0,0,646,0,808,OPTIMAL=114,interval_proves_cutoff=646;lower_skipped_by_nonpositive_upper=808
419,2,lp,upper,1568,129,0.13428933800000006,0.12479496002197266,2194,0,0,129,0,0,0,793,646,0,OPTIMAL=129,interval_proves_cutoff=793;upper_skipped_by_nonnegative_interval_lower=646
419,3,lp,lower,100,1,0.010463473,0.010390520095825195,338,0,0,1,0,0,0,8,0,91,OPTIMAL=1,interval_proves_cutoff=8;lower_skipped_by_nonpositive_upper=91
419,3,lp,upper,100,1,0.007686155,0.007602214813232422,271,0,0,1,0,0,0,91,8,0,OPTIMAL=1,interval_proves_cutoff=91;upper_skipped_by_nonnegative_interval_lower=8
420,0,lp,lower,9,9,0.05043946500000001,0.04989314079284668,1237,0,0,9,0,0,0,0,0,0,OPTIMAL=9,
420,0,lp,upper,9,9,0.035493241999999994,0.03493022918701172,949,0,0,9,0,0,0,0,0,0,OPTIMAL=9,
420,1,interval_arithmetic,lower,3136,0,0.0,0.0,0,0,0,0,0,845,0,0,0,2291,,interval_arithmetic=845;lower_skipped_by_nonpositive_upper=2291
420,1,interval_arithmetic,upper,3136,0,0.0,0.0,0,0,0,0,0,3136,0,0,0,0,,interval_arithmetic=3136
420,2,lp,lower,1568,84,0.07025477299999998,0.06754493713378906,1206,0,0,84,0,0,0,621,0,863,OPTIMAL=84,interval_proves_cutoff=621;lower_skipped_by_nonpositive_upper=863
420,2,lp,upper,1568,85,0.07833612399999998,0.0708322525024414,1401,0,0,85,0,0,0,862,621,0,OPTIMAL=85,interval_proves_cutoff=862;upper_skipped_by_nonnegative_interval_lower=621
420,3,lp,lower,100,1,0.004168727,0.004103183746337891,208,0,0,1,0,0,0,8,0,91,OPTIMAL=1,interval_proves_cutoff=8;lower_skipped_by_nonpositive_upper=91
420,3,lp,upper,100,1,0.003787966,0.003712892532348633,174,0,0,1,0,0,0,91,8,0,OPTIMAL=1,interval_proves_cutoff=91;upper_skipped_by_nonnegative_interval_lower=8
421,0,lp,lower,9,9,0.051514606000000004,0.05090451240539551,1372,0,0,9,0,0,0,0,0,0,OPTIMAL=9,
421,0,lp,upper,9,9,0.048119776,0.04749941825866699,1427,0,0,9,0,0,0,0,0,0,OPTIMAL=9,
421,1,interval_arithmetic,lower,3136,0,0.0,0.0,0,0,0,0,0,880,0,0,0,2256,,interval_arithmetic=880;lower_skipped_by_nonpositive_upper=2256
421,1,interval_arithmetic,upper,3136,0,0.0,0.0,0,0,0,0,0,3136,0,0,0,0,,interval_arithmetic=3136
421,2,lp,lower,1568,98,0.10020635200000003,0.09659695625305176,1659,0,0,98,0,0,0,645,0,825,OPTIMAL=98,interval_proves_cutoff=645;lower_skipped_by_nonpositive_upper=825
421,2,lp,upper,1568,99,0.10462844699999996,0.09607934951782227,1882,0,0,99,0,0,0,824,645,0,OPTIMAL=99,interval_proves_cutoff=824;upper_skipped_by_nonnegative_interval_lower=645
421,3,lp,lower,100,0,0.0,0.0,0,0,0,0,0,0,0,9,0,91,,interval_proves_cutoff=9;lower_skipped_by_nonpositive_upper=91
421,3,lp,upper,100,0,0.0,0.0,0,0,0,0,0,0,0,91,9,0,,interval_proves_cutoff=91;upper_skipped_by_nonnegative_interval_lower=9
422,0,lp,lower,9,9,0.06213257999999999,0.06152057647705078,1654,0,0,9,0,0,0,0,0,0,OPTIMAL=9,
422,0,lp,upper,9,9,0.06557498299999999,0.0649271011352539,1634,0,0,9,0,0,0,0,0,0,OPTIMAL=9,
422,1,interval_arithmetic,lower,3136,0,0.0,0.0,0,0,0,0,0,915,0,0,0,2221,,interval_arithmetic=915;lower_skipped_by_nonpositive_upper=2221
422,1,interval_arithmetic,upper,3136,0,0.0,0.0,0,0,0,0,0,3136,0,0,0,0,,interval_arithmetic=3136
422,2,lp,lower,1568,116,0.109362572,0.10527396202087402,1507,0,0,116,0,0,0,680,0,772,OPTIMAL=116,interval_proves_cutoff=680;lower_skipped_by_nonpositive_upper=772
422,2,lp,upper,1568,126,0.123909219,0.11474847793579102,1693,0,0,126,0,0,0,762,680,0,OPTIMAL=126,interval_proves_cutoff=762;upper_skipped_by_nonnegative_interval_lower=680
422,3,lp,lower,100,1,0.007278207,0.007204771041870117,308,0,0,1,0,0,0,8,0,91,OPTIMAL=1,interval_proves_cutoff=8;lower_skipped_by_nonpositive_upper=91
422,3,lp,upper,100,1,0.006817978,0.00673675537109375,262,0,0,1,0,0,0,91,8,0,OPTIMAL=1,interval_proves_cutoff=91;upper_skipped_by_nonnegative_interval_lower=8
423,0,lp,lower,9,9,0.031855531,0.031328439712524414,1078,0,0,9,0,0,0,0,0,0,OPTIMAL=9,
423,0,lp,upper,9,9,0.039246211,0.038712263107299805,1174,0,0,9,0,0,0,0,0,0,OPTIMAL=9,
423,1,interval_arithmetic,lower,3136,0,0.0,0.0,0,0,0,0,0,903,0,0,0,2233,,interval_arithmetic=903;lower_skipped_by_nonpositive_upper=2233
423,1,interval_arithmetic,upper,3136,0,0.0,0.0,0,0,0,0,0,3136,0,0,0,0,,interval_arithmetic=3136
423,2,lp,lower,1568,76,0.069562789,0.06685543060302734,1212,0,0,76,0,0,0,642,0,850,OPTIMAL=76,interval_proves_cutoff=642;lower_skipped_by_nonpositive_upper=850
423,2,lp,upper,1568,89,0.091908303,0.0840609073638916,1626,0,0,89,0,0,0,837,642,0,OPTIMAL=89,interval_proves_cutoff=837;upper_skipped_by_nonnegative_interval_lower=642
423,3,lp,lower,100,1,0.004019559,0.003954887390136719,208,0,0,1,0,0,0,8,0,91,OPTIMAL=1,interval_proves_cutoff=8;lower_skipped_by_nonpositive_upper=91
423,3,lp,upper,100,1,0.00452028,0.004445552825927734,196,0,0,1,0,0,0,91,8,0,OPTIMAL=1,interval_proves_cutoff=91;upper_skipped_by_nonnegative_interval_lower=8
424,0,lp,lower,9,9,0.048799119,0.04818272590637207,1388,0,0,9,0,0,0,0,0,0,OPTIMAL=9,
424,0,lp,upper,9,9,0.057860168000000003,0.0571901798248291,1521,0,0,9,0,0,0,0,0,0,OPTIMAL=9,
424,1,interval_arithmetic,lower,3136,0,0.0,0.0,0,0,0,0,0,912,0,0,0,2224,,interval_arithmetic=912;lower_skipped_by_nonpositive_upper=2224
424,1,interval_arithmetic,upper,3136,0,0.0,0.0,0,0,0,0,0,3136,0,0,0,0,,interval_arithmetic=3136
424,2,lp,lower,1568,86,0.07662664600000002,0.07367110252380371,1042,0,0,86,0,0,0,659,0,823,OPTIMAL=86,interval_proves_cutoff=659;lower_skipped_by_nonpositive_upper=823
424,2,lp,upper,1568,90,0.08529554700000001,0.07774615287780762,1226,0,0,90,0,0,0,819,659,0,OPTIMAL=90,interval_proves_cutoff=819;upper_skipped_by_nonnegative_interval_lower=659
424,3,lp,lower,100,1,0.005505552,0.005439281463623047,265,0,0,1,0,0,0,8,0,91,OPTIMAL=1,interval_proves_cutoff=8;lower_skipped_by_nonpositive_upper=91
424,3,lp,upper,100,1,0.004187943,0.0041141510009765625,187,0,0,1,0,0,0,91,8,0,OPTIMAL=1,interval_proves_cutoff=91;upper_skipped_by_nonnegative_interval_lower=8
425,0,lp,lower,9,9,0.074840765,0.07414078712463379,1992,0,0,9,0,0,0,0,0,0,OPTIMAL=9,
425,0,lp,upper,9,9,0.09116294,0.09045076370239258,2086,0,0,9,0,0,0,0,0,0,OPTIMAL=9,
425,1,interval_arithmetic,lower,3136,0,0.0,0.0,0,0,0,0,0,939,0,0,0,2197,,interval_arithmetic=939;lower_skipped_by_nonpositive_upper=2197
425,1,interval_arithmetic,upper,3136,0,0.0,0.0,0,0,0,0,0,3136,0,0,0,0,,interval_arithmetic=3136
425,2,lp,lower,1568,147,0.15135055500000005,0.14596772193908691,2297,0,0,147,0,0,0,659,0,762,OPTIMAL=147,interval_proves_cutoff=659;lower_skipped_by_nonpositive_upper=762
425,2,lp,upper,1568,156,0.16590423100000007,0.1546616554260254,2493,0,0,156,0,0,0,753,659,0,OPTIMAL=156,interval_proves_cutoff=753;upper_skipped_by_nonnegative_interval_lower=659
425,3,lp,lower,100,1,0.010165295,0.01007699966430664,366,0,0,1,0,0,0,8,0,91,OPTIMAL=1,interval_proves_cutoff=8;lower_skipped_by_nonpositive_upper=91
425,3,lp,upper,100,1,0.007867029,0.007767200469970703,328,0,0,1,0,0,0,91,8,0,OPTIMAL=1,interval_proves_cutoff=91;upper_skipped_by_nonnegative_interval_lower=8
426,0,lp,lower,9,9,0.02983117,0.029340505599975586,1033,0,0,9,0,0,0,0,0,0,OPTIMAL=9,
426,0,lp,upper,9,9,0.030957442,0.03040909767150879,1041,0,0,9,0,0,0,0,0,0,OPTIMAL=9,
426,1,interval_arithmetic,lower,3136,0,0.0,0.0,0,0,0,0,0,919,0,0,0,2217,,interval_arithmetic=919;lower_skipped_by_nonpositive_upper=2217
426,1,interval_arithmetic,upper,3136,0,0.0,0.0,0,0,0,0,0,3136,0,0,0,0,,interval_arithmetic=3136
426,2,lp,lower,1568,69,0.063632389,0.06127214431762695,879,0,0,69,0,0,0,718,0,781,OPTIMAL=69,interval_proves_cutoff=718;lower_skipped_by_nonpositive_upper=781
426,2,lp,upper,1568,69,0.07172076500000003,0.06444931030273438,947,0,0,69,0,0,0,781,718,0,OPTIMAL=69,interval_proves_cutoff=781;upper_skipped_by_nonnegative_interval_lower=718
426,3,lp,lower,100,0,0.0,0.0,0,0,0,0,0,0,0,8,0,92,,interval_proves_cutoff=8;lower_skipped_by_nonpositive_upper=92
426,3,lp,upper,100,0,0.0,0.0,0,0,0,0,0,0,0,92,8,0,,interval_proves_cutoff=92;upper_skipped_by_nonnegative_interval_lower=8
427,0,lp,lower,9,9,0.040394446,0.03981304168701172,1204,0,0,9,0,0,0,0,0,0,OPTIMAL=9,
427,0,lp,upper,9,9,0.042494567,0.04188728332519531,1271,0,0,9,0,0,0,0,0,0,OPTIMAL=9,
427,1,interval_arithmetic,lower,3136,0,0.0,0.0,0,0,0,0,0,882,0,0,0,2254,,interval_arithmetic=882;lower_skipped_by_nonpositive_upper=2254
427,1,interval_arithmetic,upper,3136,0,0.0,0.0,0,0,0,0,0,3136,0,0,0,0,,interval_arithmetic=3136
427,2,lp,lower,1568,82,0.074736444,0.0719306468963623,1366,0,0,82,0,0,0,633,0,853,OPTIMAL=82,interval_proves_cutoff=633;lower_skipped_by_nonpositive_upper=853
427,2,lp,upper,1568,86,0.086182292,0.07853460311889648,1536,0,0,86,0,0,0,849,633,0,OPTIMAL=86,interval_proves_cutoff=849;upper_skipped_by_nonnegative_interval_lower=633
427,3,lp,lower,100,0,0.0,0.0,0,0,0,0,0,0,0,9,0,91,,interval_proves_cutoff=9;lower_skipped_by_nonpositive_upper=91
427,3,lp,upper,100,0,0.0,0.0,0,0,0,0,0,0,0,91,9,0,,interval_proves_cutoff=91;upper_skipped_by_nonnegative_interval_lower=9
428,0,lp,lower,9,9,0.040230514999999994,0.039698123931884766,1049,0,0,9,0,0,0,0,0,0,OPTIMAL=9,
428,0,lp,upper,9,9,0.041762347000000005,0.041207075119018555,1016,0,0,9,0,0,0,0,0,0,OPTIMAL=9,
428,1,interval_arithmetic,lower,3136,0,0.0,0.0,0,0,0,0,0,847,0,0,0,2289,,interval_arithmetic=847;lower_skipped_by_nonpositive_upper=2289
428,1,interval_arithmetic,upper,3136,0,0.0,0.0,0,0,0,0,0,3136,0,0,0,0,,interval_arithmetic=3136
428,2,lp,lower,1568,81,0.06507145400000001,0.06244707107543945,835,0,0,81,0,0,0,634,0,853,OPTIMAL=81,interval_proves_cutoff=634;lower_skipped_by_nonpositive_upper=853
428,2,lp,upper,1568,85,0.07293557999999999,0.06565022468566895,971,0,0,85,0,0,0,849,634,0,OPTIMAL=85,interval_proves_cutoff=849;upper_skipped_by_nonnegative_interval_lower=634
428,3,lp,lower,100,2,0.008187084,0.008061408996582031,231,0,0,2,0,0,0,7,0,91,OPTIMAL=2,interval_proves_cutoff=7;lower_skipped_by_nonpositive_upper=91
428,3,lp,upper,100,2,0.009109769,0.00896143913269043,273,0,0,2,0,0,0,91,7,0,OPTIMAL=2,interval_proves_cutoff=91;upper_skipped_by_nonnegative_interval_lower=7
429,0,lp,lower,9,9,0.04564147700000001,0.0450444221496582,1268,0,0,9,0,0,0,0,0,0,OPTIMAL=9,
429,0,lp,upper,9,9,0.05082591,0.05017423629760742,1311,0,0,9,0,0,0,0,0,0,OPTIMAL=9,
429,1,interval_arithmetic,lower,3136,0,0.0,0.0,0,0,0,0,0,906,0,0,0,2230,,interval_arithmetic=906;lower_skipped_by_nonpositive_upper=2230
429,1,interval_arithmetic,upper,3136,0,0.0,0.0,0,0,0,0,0,3136,0,0,0,0,,interval_arithmetic=3136
429,2,lp,lower,1568,93,0.08650119699999996,0.08322405815124512,1276,0,0,93,0,0,0,659,0,816,OPTIMAL=93,interval_proves_cutoff=659;lower_skipped_by_nonpositive_upper=816
429,2,lp,upper,1568,97,0.095710158,0.08759379386901855,1318,0,0,97,0,0,0,812,659,0,OPTIMAL=97,interval_proves_cutoff=812;upper_skipped_by_nonnegative_interval_lower=659
429,3,lp,lower,100,2,0.007766445,0.007639169692993164,300,0,0,2,0,0,0,7,0,91,OPTIMAL=2,interval_proves_cutoff=7;lower_skipped_by_nonpositive_upper=91
429,3,lp,upper,100,2,0.007706210999999999,0.007552146911621094,331,0,0,2,0,0,0,91,7,0,OPTIMAL=2,interval_proves_cutoff=91;upper_skipped_by_nonnegative_interval_lower=7
430,0,lp,lower,9,9,0.042564712,0.04198598861694336,1380,0,0,9,0,0,0,0,0,0,OPTIMAL=9,
430,0,lp,upper,9,9,0.046828355,0.04620099067687988,1428,0,0,9,0,0,0,0,0,0,OPTIMAL=9,
430,1,interval_arithmetic,lower,3136,0,0.0,0.0,0,0,0,0,0,920,0,0,0,2216,,interval_arithmetic=920;lower_skipped_by_nonpositive_upper=2216
430,1,interval_arithmetic,upper,3136,0,0.0,0.0,0,0,0,0,0,3136,0,0,0,0,,interval_arithmetic=3136
430,2,lp,lower,1568,98,0.09770410099999997,0.09416508674621582,1796,0,0,98,0,0,0,666,0,804,OPTIMAL=98,interval_proves_cutoff=666;lower_skipped_by_nonpositive_upper=804
430,2,lp,upper,1568,102,0.10906501299999999,0.10041689872741699,2042,0,0,102,0,0,0,800,666,0,OPTIMAL=102,interval_proves_cutoff=800;upper_skipped_by_nonnegative_interval_lower=666
430,3,lp,lower,100,0,0.0,0.0,0,0,0,0,0,0,0,9,0,91,,interval_proves_cutoff=9;lower_skipped_by_nonpositive_upper=91
430,3,lp,upper,100,0,0.0,0.0,0,0,0,0,0,0,0,91,9,0,,interval_proves_cutoff=91;upper_skipped_by_nonnegative_interval_lower=9
431,0,lp,lower,9,9,0.035243158,0.03469347953796387,1038,0,0,9,0,0,0,0,0,0,OPTIMAL=9,
431,0,lp,upper,9,9,0.039701618,0.03912615776062012,1150,0,0,9,0,0,0,0,0,0,OPTIMAL=9,
431,1,interval_arithmetic,lower,3136,0,0.0,0.0,0,0,0,0,0,848,0,0,0,2288,,interval_arithmetic=848;lower_skipped_by_nonpositive_upper=2288
431,1,interval_arithmetic,upper,3136,0,0.0,0.0,0,0,0,0,0,3136,0,0,0,0,,interval_arithmetic=3136
431,2,lp,lower,1568,77,0.059942810999999985,0.05756068229675293,638,0,0,77,0,0,0,630,0,861,OPTIMAL=77,interval_proves_cutoff=630;lower_skipped_by_nonpositive_upper=861
431,2,lp,upper,1568,80,0.06978807399999999,0.06268024444580078,681,0,0,80,0,0,0,858,630,0,OPTIMAL=80,interval_proves_cutoff=858;upper_skipped_by_nonnegative_interval_lower=630
431,3,lp,lower,100,1,0.003986093,0.00391387939453125,193,0,0,1,0,0,0,8,0,91,OPTIMAL=1,interval_proves_cutoff=8;lower_skipped_by_nonpositive_upper=91
431,3,lp,upper,100,1,0.003761331,0.0036754608154296875,166,0,0,1,0,0,0,91,8,0,OPTIMAL=1,interval_proves_cutoff=91;upper_skipped_by_nonnegative_interval_lower=8
432,0,lp,lower,9,9,0.11254391799999999,0.11172175407409668,2192,0,0,9,0,0,0,0,0,0,OPTIMAL=9,
432,0,lp,upper,9,9,0.12864704600000001,0.12779569625854492,2520,0,0,9,0,0,0,0,0,0,OPTIMAL=9,
432,1,interval_arithmetic,lower,3136,0,0.0,0.0,0,0,0,0,0,929,0,0,0,2207,,interval_arithmetic=929;lower_skipped_by_nonpositive_upper=2207
432,1,interval_arithmetic,upper,3136,0,0.0,0.0,0,0,0,0,0,3136,0,0,0,0,,interval_arithmetic=3136
432,2,lp,lower,1568,173,0.18526418299999997,0.17875957489013672,3622,0,0,173,0,0,0,652,0,743,OPTIMAL=173,interval_proves_cutoff=652;lower_skipped_by_nonpositive_upper=743
432,2,lp,upper,1568,181,0.20159766499999995,0.1890246868133545,3534,0,0,181,0,0,0,735,652,0,OPTIMAL=181,interval_proves_cutoff=735;upper_skipped_by_nonnegative_interval_lower=652
432,3,lp,lower,100,0,0.0,0.0,0,0,0,0,0,0,0,9,0,91,,interval_proves_cutoff=9;lower_skipped_by_nonpositive_upper=91
432,3,lp,upper,100,0,0.0,0.0,0,0,0,0,0,0,0,91,9,0,,interval_proves_cutoff=91;upper_skipped_by_nonnegative_interval_lower=9
433,0,lp,lower,9,9,0.036420248999999995,0.035888671875,1054,0,0,9,0,0,0,0,0,0,OPTIMAL=9,
433,0,lp,upper,9,9,0.03566214300000001,0.03508257865905762,1112,0,0,9,0,0,0,0,0,0,OPTIMAL=9,
433,1,interval_arithmetic,lower,3136,0,0.0,0.0,0,0,0,0,0,875,0,0,0,2261,,interval_arithmetic=875;lower_skipped_by_nonpositive_upper=2261
433,1,interval_arithmetic,upper,3136,0,0.0,0.0,0,0,0,0,0,3136,0,0,0,0,,interval_arithmetic=3136
433,2,lp,lower,1568,84,0.06588725100000002,0.06317615509033203,805,0,0,84,0,0,0,641,0,843,OPTIMAL=84,interval_proves_cutoff=641;lower_skipped_by_nonpositive_upper=843
433,2,lp,upper,1568,88,0.07766573499999996,0.07013916969299316,958,0,0,88,0,0,0,839,641,0,OPTIMAL=88,interval_proves_cutoff=839;upper_skipped_by_nonnegative_interval_lower=641
433,3,lp,lower,100,0,0.0,0.0,0,0,0,0,0,0,0,9,0,91,,interval_proves_cutoff=9;lower_skipped_by_nonpositive_upper=91
433,3,lp,upper,100,0,0.0,0.0,0,0,0,0,0,0,0,91,9,0,,interval_proves_cutoff=91;upper_skipped_by_nonnegative_interval_lower=9
434,0,lp,lower,9,9,0.050263956,0.049660682678222656,1491,0,0,9,0,0,0,0,0,0,OPTIMAL=9,
434,0,lp,upper,9,9,0.051905304,0.05130648612976074,1509,0,0,9,0,0,0,0,0,0,OPTIMAL=9,
434,1,interval_arithmetic,lower,3136,0,0.0,0.0,0,0,0,0,0,919,0,0,0,2217,,interval_arithmetic=919;lower_skipped_by_nonpositive_upper=2217
434,1,interval_arithmetic,upper,3136,0,0.0,0.0,0,0,0,0,0,3136,0,0,0,0,,interval_arithmetic=3136
434,2,lp,lower,1568,98,0.09557999699999996,0.09205126762390137,1591,0,0,98,0,0,0,659,0,811,OPTIMAL=98,interval_proves_cutoff=659;lower_skipped_by_nonpositive_upper=811
434,2,lp,upper,1568,101,0.112294133,0.10321331024169922,1686,0,0,101,0,0,0,808,659,0,OPTIMAL=101,interval_proves_cutoff=808;upper_skipped_by_nonnegative_interval_lower=659
434,3,lp,lower,100,1,0.008886174,0.008805274963378906,308,0,0,1,0,0,0,8,0,91,OPTIMAL=1,interval_proves_cutoff=8;lower_skipped_by_nonpositive_upper=91
434,3,lp,upper,100,1,0.006899559,0.006814718246459961,254,0,0,1,0,0,0,91,8,0,OPTIMAL=1,interval_proves_cutoff=91;upper_skipped_by_nonnegative_interval_lower=8
435,0,lp,lower,9,9,0.042657308,0.042128562927246094,1218,0,0,9,0,0,0,0,0,0,OPTIMAL=9,
435,0,lp,upper,9,9,0.047595134,0.04703807830810547,1245,0,0,9,0,0,0,0,0,0,OPTIMAL=9,
435,1,interval_arithmetic,lower,3136,0,0.0,0.0,0,0,0,0,0,884,0,0,0,2252,,interval_arithmetic=884;lower_skipped_by_nonpositive_upper=2252
435,1,interval_arithmetic,upper,3136,0,0.0,0.0,0,0,0,0,0,3136,0,0,0,0,,interval_arithmetic=3136
435,2,lp,lower,1568,76,0.06475382799999999,0.0622715950012207,1171,0,0,76,0,0,0,641,0,851,OPTIMAL=76,interval_proves_cutoff=641;lower_skipped_by_nonpositive_upper=851
435,2,lp,upper,1568,76,0.07148625700000001,0.06432890892028809,1238,0,0,76,0,0,0,851,641,0,OPTIMAL=76,interval_proves_cutoff=851;upper_skipped_by_nonnegative_interval_lower=641
435,3,lp,lower,100,1,0.005737633,0.005667209625244141,216,0,0,1,0,0,0,8,0,91,OPTIMAL=1,interval_proves_cutoff=8;lower_skipped_by_nonpositive_upper=91
435,3,lp,upper,100,1,0.004968478,0.004888057708740234,197,0,0,1,0,0,0,91,8,0,OPTIMAL=1,interval_proves_cutoff=91;upper_skipped_by_nonnegative_interval_lower=8
436,0,lp,lower,9,9,0.027327379999999995,0.026841402053833008,897,0,0,9,0,0,0,0,0,0,OPTIMAL=9,
436,0,lp,upper,9,9,0.030309373000000008,0.029763460159301758,1028,0,0,9,0,0,0,0,0,0,OPTIMAL=9,
436,1,interval_arithmetic,lower,3136,0,0.0,0.0,0,0,0,0,0,912,0,0,0,2224,,interval_arithmetic=912;lower_skipped_by_nonpositive_upper=2224
436,1,interval_arithmetic,upper,3136,0,0.0,0.0,0,0,0,0,0,3136,0,0,0,0,,interval_arithmetic=3136
436,2,lp,lower,1568,61,0.054046354000000005,0.051892995834350586,857,0,0,61,0,0,0,663,0,844,OPTIMAL=61,interval_proves_cutoff=663;lower_skipped_by_nonpositive_upper=844
436,2,lp,upper,1568,66,0.06409293599999998,0.0571446418762207,1008,0,0,66,0,0,0,839,663,0,OPTIMAL=66,interval_proves_cutoff=839;upper_skipped_by_nonnegative_interval_lower=663
436,3,lp,lower,100,0,0.0,0.0,0,0,0,0,0,0,0,9,0,91,,interval_proves_cutoff=9;lower_skipped_by_nonpositive_upper=91
436,3,lp,upper,100,0,0.0,0.0,0,0,0,0,0,0,0,91,9,0,,interval_proves_cutoff=91;upper_skipped_by_nonnegative_interval_lower=9
437,0,lp,lower,9,9,0.045522074999999995,0.044933319091796875,1345,0,0,9,0,0,0,0,0,0,OPTIMAL=9,
437,0,lp,upper,9,9,0.052187842,0.05151653289794922,1527,0,0,9,0,0,0,0,0,0,OPTIMAL=9,
437,1,interval_arithmetic,lower,3136,0,0.0,0.0,0,0,0,0,0,923,0,0,0,2213,,interval_arithmetic=923;lower_skipped_by_nonpositive_upper=2213
437,1,interval_arithmetic,upper,3136,0,0.0,0.0,0,0,0,0,0,3136,0,0,0,0,,interval_arithmetic=3136
437,2,lp,lower,1568,91,0.09660126499999999,0.09315371513366699,1932,0,0,91,0,0,0,659,0,818,OPTIMAL=91,interval_proves_cutoff=659;lower_skipped_by_nonpositive_upper=818
437,2,lp,upper,1568,107,0.11609095999999997,0.10725259780883789,2444,0,0,107,0,0,0,802,659,0,OPTIMAL=107,interval_proves_cutoff=802;upper_skipped_by_nonnegative_interval_lower=659
437,3,lp,lower,100,0,0.0,0.0,0,0,0,0,0,0,0,9,0,91,,interval_proves_cutoff=9;lower_skipped_by_nonpositive_upper=91
437,3,lp,upper,100,0,0.0,0.0,0,0,0,0,0,0,0,91,9,0,,interval_proves_cutoff=91;upper_skipped_by_nonnegative_interval_lower=9
438,0,lp,lower,9,9,0.051743658000000005,0.0511629581451416,1417,0,0,9,0,0,0,0,0,0,OPTIMAL=9,
438,0,lp,upper,9,9,0.041578803000000004,0.040999412536621094,1296,0,0,9,0,0,0,0,0,0,OPTIMAL=9,
438,1,interval_arithmetic,lower,3136,0,0.0,0.0,0,0,0,0,0,994,0,0,0,2142,,interval_arithmetic=994;lower_skipped_by_nonpositive_upper=2142
438,1,interval_arithmetic,upper,3136,0,0.0,0.0,0,0,0,0,0,3136,0,0,0,0,,interval_arithmetic=3136
438,2,lp,lower,1568,82,0.07939743500000002,0.07637476921081543,1102,0,0,82,0,0,0,715,0,771,OPTIMAL=82,interval_proves_cutoff=715;lower_skipped_by_nonpositive_upper=771
438,2,lp,upper,1568,86,0.08904518999999998,0.0811913013458252,1263,0,0,86,0,0,0,767,715,0,OPTIMAL=86,interval_proves_cutoff=767;upper_skipped_by_nonnegative_interval_lower=715
438,3,lp,lower,100,1,0.006551925,0.006487131118774414,274,0,0,1,0,0,0,8,0,91,OPTIMAL=1,interval_proves_cutoff=8;lower_skipped_by_nonpositive_upper=91
438,3,lp,upper,100,1,0.004994307,0.004915475845336914,196,0,0,1,0,0,0,91,8,0,OPTIMAL=1,interval_proves_cutoff=91;upper_skipped_by_nonnegative_interval_lower=8
439,0,lp,lower,9,9,0.03605423499999999,0.03549790382385254,1103,0,0,9,0,0,0,0,0,0,OPTIMAL=9,
439,0,lp,upper,9,9,0.043177967000000005,0.042611122131347656,1137,0,0,9,0,0,0,0,0,0,OPTIMAL=9,
439,1,interval_arithmetic,lower,3136,0,0.0,0.0,0,0,0,0,0,884,0,0,0,2252,,interval_arithmetic=884;lower_skipped_by_nonpositive_upper=2252
439,1,interval_arithmetic,upper,3136,0,0.0,0.0,0,0,0,0,0,3136,0,0,0,0,,interval_arithmetic=3136
439,2,lp,lower,1568,83,0.07226126299999999,0.06948542594909668,1054,0,0,83,0,0,0,652,0,833,OPTIMAL=83,interval_proves_cutoff=652;lower_skipped_by_nonpositive_upper=833
439,2,lp,upper,1568,88,0.08571191700000001,0.07810354232788086,1282,0,0,88,0,0,0,828,652,0,OPTIMAL=88,interval_proves_cutoff=828;upper_skipped_by_nonnegative_interval_lower=652
439,3,lp,lower,100,1,0.006352435,0.00628209114074707,263,0,0,1,0,0,0,7,0,92,OPTIMAL=1,interval_proves_cutoff=7;lower_skipped_by_nonpositive_upper=92
439,3,lp,upper,100,1,0.004688914,0.0046079158782958984,181,0,0,1,0,0,0,92,7,0,OPTIMAL=1,interval_proves_cutoff=92;upper_skipped_by_nonnegative_interval_lower=7
440,0,lp,lower,9,9,0.048614935,0.048004150390625,1420,0,0,9,0,0,0,0,0,0,OPTIMAL=9,
440,0,lp,upper,9,9,0.046965522,0.04629325866699219,1408,0,0,9,0,0,0,0,0,0,OPTIMAL=9,
440,1,interval_arithmetic,lower,3136,0,0.0,0.0,0,0,0,0,0,894,0,0,0,2242,,interval_arithmetic=894;lower_skipped_by_nonpositive_upper=2242
440,1,interval_arithmetic,upper,3136,0,0.0,0.0,0,0,0,0,0,3136,0,0,0,0,,interval_arithmetic=3136
440,2,lp,lower,1568,98,0.09372772699999998,0.09018492698669434,1235,0,0,98,0,0,0,637,0,833,OPTIMAL=98,interval_proves_cutoff=637;lower_skipped_by_nonpositive_upper=833
440,2,lp,upper,1568,99,0.10906796500000002,0.08936595916748047,1428,0,0,99,0,0,0,832,637,0,OPTIMAL=99,interval_proves_cutoff=832;upper_skipped_by_nonnegative_interval_lower=637
440,3,lp,lower,100,0,0.0,0.0,0,0,0,0,0,0,0,9,0,91,,interval_proves_cutoff=9;lower_skipped_by_nonpositive_upper=91
440,3,lp,upper,100,0,0.0,0.0,0,0,0,0,0,0,0,91,9,0,,interval_proves_cutoff=91;upper_skipped_by_nonnegative_interval_lower=9
441,0,lp,lower,9,9,0.07012310000000001,0.06946372985839844,1991,0,0,9,0,0,0,0,0,0,OPTIMAL=9,
441,0,lp,upper,9,9,0.077175971,0.07648324966430664,2019,0,0,9,0,0,0,0,0,0,OPTIMAL=9,
441,1,interval_arithmetic,lower,3136,0,0.0,0.0,0,0,0,0,0,1023,0,0,0,2113,,interval_arithmetic=1023;lower_skipped_by_nonpositive_upper=2113
441,1,interval_arithmetic,upper,3136,0,0.0,0.0,0,0,0,0,0,3136,0,0,0,0,,interval_arithmetic=3136
441,2,lp,lower,1568,119,0.11636433399999999,0.11195254325866699,1499,0,0,119,0,0,0,688,0,761,OPTIMAL=119,interval_proves_cutoff=688;lower_skipped_by_nonpositive_upper=761
441,2,lp,upper,1568,121,0.12944623500000002,0.12007951736450195,1745,0,0,121,0,0,0,759,688,0,OPTIMAL=121,interval_proves_cutoff=759;upper_skipped_by_nonnegative_interval_lower=688
441,3,lp,lower,100,1,0.010314618,0.010230064392089844,352,0,0,1,0,0,0,8,0,91,OPTIMAL=1,interval_proves_cutoff=8;lower_skipped_by_nonpositive_upper=91
441,3,lp,upper,100,1,0.007193056,0.007094621658325195,280,0,0,1,0,0,0,91,8,0,OPTIMAL=1,interval_proves_cutoff=91;upper_skipped_by_nonnegative_interval_lower=8
442,0,lp,lower,9,9,0.061237089999999994,0.06062960624694824,1525,0,0,9,0,0,0,0,0,0,OPTIMAL=9,
442,0,lp,upper,9,9,0.068480736,0.06782674789428711,1679,0,0,9,0,0,0,0,0,0,OPTIMAL=9,
442,1,interval_arithmetic,lower,3136,0,0.0,0.0,0,0,0,0,0,929,0,0,0,2207,,interval_arithmetic=929;lower_skipped_by_nonpositive_upper=2207
442,1,interval_arithmetic,upper,3136,0,0.0,0.0,0,0,0,0,0,3136,0,0,0,0,,interval_arithmetic=3136
442,2,lp,lower,1568,93,0.08646512500000002,0.08317184448242188,1259,0,0,93,0,0,0,675,0,800,OPTIMAL=93,interval_proves_cutoff=675;lower_skipped_by_nonpositive_upper=800
442,2,lp,upper,1568,95,0.09677793799999998,0.08870315551757812,1434,0,0,95,0,0,0,798,675,0,OPTIMAL=95,interval_proves_cutoff=798;upper_skipped_by_nonnegative_interval_lower=675
442,3,lp,lower,100,1,0.006655272,0.006587982177734375,293,0,0,1,0,0,0,8,0,91,OPTIMAL=1,interval_proves_cutoff=8;lower_skipped_by_nonpositive_upper=91
442,3,lp,upper,100,1,0.004479656,0.004403114318847656,218,0,0,1,0,0,0,91,8,0,OPTIMAL=1,interval_proves_cutoff=91;upper_skipped_by_nonnegative_interval_lower=8
443,0,lp,lower,9,9,0.033467921000000005,0.032891273498535156,1157,0,0,9,0,0,0,0,0,0,OPTIMAL=9,
443,0,lp,upper,9,9,0.03974359499999999,0.03915071487426758,1324,0,0,9,0,0,0,0,0,0,OPTIMAL=9,
443,1,interval_arithmetic,lower,3136,0,0.0,0.0,0,0,0,0,0,934,0,0,0,2202,,interval_arithmetic=934;lower_skipped_by_nonpositive_upper=2202
443,1,interval_arithmetic,upper,3136,0,0.0,0.0,0,0,0,0,0,3136,0,0,0,0,,interval_arithmetic=3136
443,2,lp,lower,1568,97,0.092300335,0.08878803253173828,1480,0,0,97,0,0,0,659,0,812,OPTIMAL=97,interval_proves_cutoff=659;lower_skipped_by_nonpositive_upper=812
443,2,lp,upper,1568,110,0.11066614000000001,0.10199522972106934,1823,0,0,110,0,0,0,799,659,0,OPTIMAL=110,interval_proves_cutoff=799;upper_skipped_by_nonnegative_interval_lower=659
443,3,lp,lower,100,0,0.0,0.0,0,0,0,0,0,0,0,8,0,92,,interval_proves_cutoff=8;lower_skipped_by_nonpositive_upper=92
443,3,lp,upper,100,0,0.0,0.0,0,0,0,0,0,0,0,92,8,0,,interval_proves_cutoff=92;upper_skipped_by_nonnegative_interval_lower=8
444,0,lp,lower,9,9,0.098455368,0.09774589538574219,2048,0,0,9,0,0,0,0,0,0,OPTIMAL=9,
444,0,lp,upper,9,9,0.099995223,0.09922647476196289,2123,0,0,9,0,0,0,0,0,0,OPTIMAL=9,
444,1,interval_arithmetic,lower,3136,0,0.0,0.0,0,0,0,0,0,885,0,0,0,2251,,interval_arithmetic=885;lower_skipped_by_nonpositive_upper=2251
444,1,interval_arithmetic,upper,3136,0,0.0,0.0,0,0,0,0,0,3136,0,0,0,0,,interval_arithmetic=3136
444,2,lp,lower,1568,145,0.13784460699999995,0.1327042579650879,2292,0,0,145,0,0,0,603,0,820,OPTIMAL=145,interval_proves_cutoff=603;lower_skipped_by_nonpositive_upper=820
444,2,lp,upper,1568,152,0.15205043099999999,0.14134478569030762,2614,0,0,152,0,0,0,813,603,0,OPTIMAL=152,interval_proves_cutoff=813;upper_skipped_by_nonnegative_interval_lower=603
444,3,lp,lower,100,0,0.0,0.0,0,0,0,0,0,0,0,9,0,91,,interval_proves_cutoff=9;lower_skipped_by_nonpositive_upper=91
444,3,lp,upper,100,0,0.0,0.0,0,0,0,0,0,0,0,91,9,0,,interval_proves_cutoff=91;upper_skipped_by_nonnegative_interval_lower=9
445,0,lp,lower,9,9,0.082110752,0.08146858215332031,1815,0,0,9,0,0,0,0,0,0,OPTIMAL=9,
445,0,lp,upper,9,9,0.08813365799999999,0.08745956420898438,1924,0,0,9,0,0,0,0,0,0,OPTIMAL=9,
445,1,interval_arithmetic,lower,3136,0,0.0,0.0,0,0,0,0,0,934,0,0,0,2202,,interval_arithmetic=934;lower_skipped_by_nonpositive_upper=2202
445,1,interval_arithmetic,upper,3136,0,0.0,0.0,0,0,0,0,0,3136,0,0,0,0,,interval_arithmetic=3136
445,2,lp,lower,1568,104,0.09879682799999999,0.09505891799926758,1588,0,0,104,0,0,0,662,0,802,OPTIMAL=104,interval_proves_cutoff=662;lower_skipped_by_nonpositive_upper=802
445,2,lp,upper,1568,114,0.11287619900000001,0.10388565063476562,1880,0,0,114,0,0,0,792,662,0,OPTIMAL=114,interval_proves_cutoff=792;upper_skipped_by_nonnegative_interval_lower=662
445,3,lp,lower,100,2,0.010495989,0.010350227355957031,348,0,0,2,0,0,0,7,0,91,OPTIMAL=2,interval_proves_cutoff=7;lower_skipped_by_nonpositive_upper=91
445,3,lp,upper,100,2,0.008913631,0.008758306503295898,350,0,0,2,0,0,0,91,7,0,OPTIMAL=2,interval_proves_cutoff=91;upper_skipped_by_nonnegative_interval_lower=7
446,0,lp,lower,9,9,0.10217977900000001,0.10148286819458008,2108,0,0,9,0,0,0,0,0,0,OPTIMAL=9,
446,0,lp,upper,9,9,0.110847861,0.11011552810668945,2112,0,0,9,0,0,0,0,0,0,OPTIMAL=9,
446,1,interval_arithmetic,lower,3136,0,0.0,0.0,0,0,0,0,0,923,0,0,0,2213,,interval_arithmetic=923;lower_skipped_by_nonpositive_upper=2213
446,1,interval_arithmetic,upper,3136,0,0.0,0.0,0,0,0,0,0,3136,0,0,0,0,,interval_arithmetic=3136
446,2,lp,lower,1568,142,0.14310219500000002,0.13786911964416504,2429,0,0,142,0,0,0,650,0,776,OPTIMAL=142,interval_proves_cutoff=650;lower_skipped_by_nonpositive_upper=776
446,2,lp,upper,1568,152,0.16269709400000007,0.15223073959350586,2829,0,0,152,0,0,0,766,650,0,OPTIMAL=152,interval_proves_cutoff=766;upper_skipped_by_nonnegative_interval_lower=650
446,3,lp,lower,100,2,0.018120408,0.01795816421508789,462,0,0,2,0,0,0,7,0,91,OPTIMAL=2,interval_proves_cutoff=7;lower_skipped_by_nonpositive_upper=91
446,3,lp,upper,100,2,0.014818040000000001,0.014632225036621094,493,0,0,2,0,0,0,91,7,0,OPTIMAL=2,interval_proves_cutoff=91;upper_skipped_by_nonnegative_interval_lower=7
447,0,lp,lower,9,9,0.11817825000000001,0.11751508712768555,2241,0,0,9,0,0,0,0,0,0,OPTIMAL=9,
447,0,lp,upper,9,9,0.111246869,0.11056017875671387,2038,0,0,9,0,0,0,0,0,0,OPTIMAL=9,
447,1,interval_arithmetic,lower,3136,0,0.0,0.0,0,0,0,0,0,957,0,0,0,2179,,interval_arithmetic=957;lower_skipped_by_nonpositive_upper=2179
447,1,interval_arithmetic,upper,3136,0,0.0,0.0,0,0,0,0,0,3136,0,0,0,0,,interval_arithmetic=3136
447,2,lp,lower,1568,102,0.10238602700000002,0.09856820106506348,1705,0,0,102,0,0,0,659,0,807,OPTIMAL=102,interval_proves_cutoff=659;lower_skipped_by_nonpositive_upper=807
447,2,lp,upper,1568,102,0.11207570599999998,0.10290956497192383,1785,0,0,102,0,0,0,807,659,0,OPTIMAL=102,interval_proves_cutoff=807;upper_skipped_by_nonnegative_interval_lower=659
447,3,lp,lower,100,2,0.014172997,0.014033079147338867,401,0,0,2,0,0,0,7,0,91,OPTIMAL=2,interval_proves_cutoff=7;lower_skipped_by_nonpositive_upper=91
447,3,lp,upper,100,2,0.014361464,0.014182329177856445,446,0,0,2,0,0,0,91,7,0,OPTIMAL=2,interval_proves_cutoff=91;upper_skipped_by_nonnegative_interval_lower=7
448,0,lp,lower,9,9,0.033068583,0.03252696990966797,1119,0,0,9,0,0,0,0,0,0,OPTIMAL=9,
448,0,lp,upper,9,9,0.033930953,0.0333559513092041,1204,0,0,9,0,0,0,0,0,0,OPTIMAL=9,
448,1,interval_arithmetic,lower,3136,0,0.0,0.0,0,0,0,0,0,933,0,0,0,2203,,interval_arithmetic=933;lower_skipped_by_nonpositive_upper=2203
448,1,interval_arithmetic,upper,3136,0,0.0,0.0,0,0,0,0,0,3136,0,0,0,0,,interval_arithmetic=3136
448,2,lp,lower,1568,84,0.07422124699999999,0.0713644027709961,993,0,0,84,0,0,0,650,0,834,OPTIMAL=84,interval_proves_cutoff=650;lower_skipped_by_nonpositive_upper=834
448,2,lp,upper,1568,91,0.08900568600000006,0.0811464786529541,1200,0,0,91,0,0,0,827,650,0,OPTIMAL=91,interval_proves_cutoff=827;upper_skipped_by_nonnegative_interval_lower=650
448,3,lp,lower,100,0,0.0,0.0,0,0,0,0,0,0,0,9,0,91,,interval_proves_cutoff=9;lower_skipped_by_nonpositive_upper=91
448,3,lp,upper,100,0,0.0,0.0,0,0,0,0,0,0,0,91,9,0,,interval_proves_cutoff=91;upper_skipped_by_nonnegative_interval_lower=9
449,0,lp,lower,9,9,0.039691422000000004,0.03911900520324707,1275,0,0,9,0,0,0,0,0,0,OPTIMAL=9,
449,0,lp,upper,9,9,0.040420819000000004,0.03979897499084473,1293,0,0,9,0,0,0,0,0,0,OPTIMAL=9,
449,1,interval_arithmetic,lower,3136,0,0.0,0.0,0,0,0,0,0,927,0,0,0,2209,,interval_arithmetic=927;lower_skipped_by_nonpositive_upper=2209
449,1,interval_arithmetic,upper,3136,0,0.0,0.0,0,0,0,0,0,3136,0,0,0,0,,interval_arithmetic=3136
449,2,lp,lower,1568,86,0.07490438800000003,0.0719449520111084,1007,0,0,86,0,0,0,661,0,821,OPTIMAL=86,interval_proves_cutoff=661;lower_skipped_by_nonpositive_upper=821
449,2,lp,upper,1568,87,0.08475431700000001,0.07688140869140625,1076,0,0,87,0,0,0,820,661,0,OPTIMAL=87,interval_proves_cutoff=820;upper_skipped_by_nonnegative_interval_lower=661
449,3,lp,lower,100,0,0.0,0.0,0,0,0,0,0,0,0,9,0,91,,interval_proves_cutoff=9;lower_skipped_by_nonpositive_upper=91
449,3,lp,upper,100,0,0.0,0.0,0,0,0,0,0,0,0,91,9,0,,interval_proves_cutoff=91;upper_skipped_by_nonnegative_interval_lower=9
451,0,lp,lower,9,9,0.021641577999999998,0.021146535873413086,845,0,0,9,0,0,0,0,0,0,OPTIMAL=9,
451,0,lp,upper,9,9,0.024219823,0.02370762825012207,901,0,0,9,0,0,0,0,0,0,OPTIMAL=9,
451,1,interval_arithmetic,lower,3136,0,0.0,0.0,0,0,0,0,0,940,0,0,0,2196,,interval_arithmetic=940;lower_skipped_by_nonpositive_upper=2196
451,1,interval_arithmetic,upper,3136,0,0.0,0.0,0,0,0,0,0,3136,0,0,0,0,,interval_arithmetic=3136
451,2,lp,lower,1568,65,0.05307756700000001,0.05098557472229004,506,0,0,65,0,0,0,681,0,822,OPTIMAL=65,interval_proves_cutoff=681;lower_skipped_by_nonpositive_upper=822
451,2,lp,upper,1568,71,0.06711744500000004,0.059860944747924805,615,0,0,71,0,0,0,816,681,0,OPTIMAL=71,interval_proves_cutoff=816;upper_skipped_by_nonnegative_interval_lower=681
451,3,lp,lower,100,0,0.0,0.0,0,0,0,0,0,0,0,9,0,91,,interval_proves_cutoff=9;lower_skipped_by_nonpositive_upper=91
451,3,lp,upper,100,0,0.0,0.0,0,0,0,0,0,0,0,91,9,0,,interval_proves_cutoff=91;upper_skipped_by_nonnegative_interval_lower=9
452,0,lp,lower,9,9,0.020807665,0.020337581634521484,731,0,0,9,0,0,0,0,0,0,OPTIMAL=9,
452,0,lp,upper,9,9,0.021689166,0.021204471588134766,786,0,0,9,0,0,0,0,0,0,OPTIMAL=9,
452,1,interval_arithmetic,lower,3136,0,0.0,0.0,0,0,0,0,0,941,0,0,0,2195,,interval_arithmetic=941;lower_skipped_by_nonpositive_upper=2195
452,1,interval_arithmetic,upper,3136,0,0.0,0.0,0,0,0,0,0,3136,0,0,0,0,,interval_arithmetic=3136
452,2,lp,lower,1568,54,0.043804476000000016,0.04206442832946777,297,0,0,54,0,0,0,704,0,810,OPTIMAL=54,interval_proves_cutoff=704;lower_skipped_by_nonpositive_upper=810
452,2,lp,upper,1568,58,0.052873959,0.0461728572845459,409,0,0,58,0,0,0,806,704,0,OPTIMAL=58,interval_proves_cutoff=806;upper_skipped_by_nonnegative_interval_lower=704
452,3,lp,lower,100,0,0.0,0.0,0,0,0,0,0,0,0,9,0,91,,interval_proves_cutoff=9;lower_skipped_by_nonpositive_upper=91
452,3,lp,upper,100,0,0.0,0.0,0,0,0,0,0,0,0,91,9,0,,interval_proves_cutoff=91;upper_skipped_by_nonnegative_interval_lower=9
453,0,lp,lower,9,9,0.043067807,0.042493343353271484,1272,0,0,9,0,0,0,0,0,0,OPTIMAL=9,
453,0,lp,upper,9,9,0.049676159,0.04909157752990723,1391,0,0,9,0,0,0,0,0,0,OPTIMAL=9,
453,1,interval_arithmetic,lower,3136,0,0.0,0.0,0,0,0,0,0,902,0,0,0,2234,,interval_arithmetic=902;lower_skipped_by_nonpositive_upper=2234
453,1,interval_arithmetic,upper,3136,0,0.0,0.0,0,0,0,0,0,3136,0,0,0,0,,interval_arithmetic=3136
453,2,lp,lower,1568,96,0.08311828699999996,0.07984018325805664,1097,0,0,96,0,0,0,660,0,812,OPTIMAL=96,interval_proves_cutoff=660;lower_skipped_by_nonpositive_upper=812
453,2,lp,upper,1568,97,0.09036273999999994,0.08229756355285645,1143,0,0,97,0,0,0,811,660,0,OPTIMAL=97,interval_proves_cutoff=811;upper_skipped_by_nonnegative_interval_lower=660
453,3,lp,lower,100,1,0.007872042,0.0078008174896240234,272,0,0,1,0,0,0,8,0,91,OPTIMAL=1,interval_proves_cutoff=8;lower_skipped_by_nonpositive_upper=91
453,3,lp,upper,100,1,0.004779393,0.0046961307525634766,198,0,0,1,0,0,0,91,8,0,OPTIMAL=1,interval_proves_cutoff=91;upper_skipped_by_nonnegative_interval_lower=8
454,0,lp,lower,9,9,0.044412652,0.043821096420288086,1487,0,0,9,0,0,0,0,0,0,OPTIMAL=9,
454,0,lp,upper,9,9,0.048905402,0.04826664924621582,1515,0,0,9,0,0,0,0,0,0,OPTIMAL=9,
454,1,interval_arithmetic,lower,3136,0,0.0,0.0,0,0,0,0,0,942,0,0,0,2194,,interval_arithmetic=942;lower_skipped_by_nonpositive_upper=2194
454,1,interval_arithmetic,upper,3136,0,0.0,0.0,0,0,0,0,0,3136,0,0,0,0,,interval_arithmetic=3136
454,2,lp,lower,1568,114,0.11671688100000002,0.11246848106384277,1765,0,0,114,0,0,0,690,0,764,OPTIMAL=114,interval_proves_cutoff=690;lower_skipped_by_nonpositive_upper=764
454,2,lp,upper,1568,124,0.13807131099999992,0.12852859497070312,1965,0,0,124,0,0,0,754,690,0,OPTIMAL=124,interval_proves_cutoff=754;upper_skipped_by_nonnegative_interval_lower=690
454,3,lp,lower,100,1,0.006115403,0.0060427188873291016,297,0,0,1,0,0,0,8,0,91,OPTIMAL=1,interval_proves_cutoff=8;lower_skipped_by_nonpositive_upper=91
454,3,lp,upper,100,1,0.005242526,0.005155324935913086,242,0,0,1,0,0,0,91,8,0,OPTIMAL=1,interval_proves_cutoff=91;upper_skipped_by_nonnegative_interval_lower=8
455,0,lp,lower,9,9,0.034059499,0.03351926803588867,1087,0,0,9,0,0,0,0,0,0,OPTIMAL=9,
455,0,lp,upper,9,9,0.042987990999999996,0.04241466522216797,1330,0,0,9,0,0,0,0,0,0,OPTIMAL=9,
455,1,interval_arithmetic,lower,3136,0,0.0,0.0,0,0,0,0,0,906,0,0,0,2230,,interval_arithmetic=906;lower_skipped_by_nonpositive_upper=2230
455,1,interval_arithmetic,upper,3136,0,0.0,0.0,0,0,0,0,0,3136,0,0,0,0,,interval_arithmetic=3136
455,2,lp,lower,1568,81,0.06940285300000003,0.06664180755615234,1013,0,0,81,0,0,0,671,0,816,OPTIMAL=81,interval_proves_cutoff=671;lower_skipped_by_nonpositive_upper=816
455,2,lp,upper,1568,88,0.08165683600000002,0.0735621452331543,1230,0,0,88,0,0,0,809,671,0,OPTIMAL=88,interval_proves_cutoff=809;upper_skipped_by_nonnegative_interval_lower=671
455,3,lp,lower,100,0,0.0,0.0,0,0,0,0,0,0,0,9,0,91,,interval_proves_cutoff=9;lower_skipped_by_nonpositive_upper=91
455,3,lp,upper,100,0,0.0,0.0,0,0,0,0,0,0,0,91,9,0,,interval_proves_cutoff=91;upper_skipped_by_nonnegative_interval_lower=9
456,0,lp,lower,9,9,0.035623590999999996,0.035091400146484375,974,0,0,9,0,0,0,0,0,0,OPTIMAL=9,
456,0,lp,upper,9,9,0.037526202999999994,0.036986351013183594,995,0,0,9,0,0,0,0,0,0,OPTIMAL=9,
456,1,interval_arithmetic,lower,3136,0,0.0,0.0,0,0,0,0,0,863,0,0,0,2273,,interval_arithmetic=863;lower_skipped_by_nonpositive_upper=2273
456,1,interval_arithmetic,upper,3136,0,0.0,0.0,0,0,0,0,0,3136,0,0,0,0,,interval_arithmetic=3136
456,2,lp,lower,1568,60,0.05103003099999999,0.048990726470947266,621,0,0,60,0,0,0,631,0,877,OPTIMAL=60,interval_proves_cutoff=631;lower_skipped_by_nonpositive_upper=877
456,2,lp,upper,1568,64,0.05709845200000001,0.04978299140930176,726,0,0,64,0,0,0,873,631,0,OPTIMAL=64,interval_proves_cutoff=873;upper_skipped_by_nonnegative_interval_lower=631
456,3,lp,lower,100,2,0.005478795,0.005373239517211914,176,0,0,2,0,0,0,7,0,91,OPTIMAL=2,interval_proves_cutoff=7;lower_skipped_by_nonpositive_upper=91
456,3,lp,upper,100,2,0.004541235,0.004419088363647461,219,0,0,2,0,0,0,91,7,0,OPTIMAL=2,interval_proves_cutoff=91;upper_skipped_by_nonnegative_interval_lower=7
457,0,lp,lower,9,9,0.03761716,0.037053823471069336,1182,0,0,9,0,0,0,0,0,0,OPTIMAL=9,
457,0,lp,upper,9,9,0.046622486000000005,0.04601931571960449,1455,0,0,9,0,0,0,0,0,0,OPTIMAL=9,
457,1,interval_arithmetic,lower,3136,0,0.0,0.0,0,0,0,0,0,892,0,0,0,2244,,interval_arithmetic=892;lower_skipped_by_nonpositive_upper=2244
457,1,interval_arithmetic,upper,3136,0,0.0,0.0,0,0,0,0,0,3136,0,0,0,0,,interval_arithmetic=3136
457,2,lp,lower,1568,87,0.084865388,0.08172059059143066,1479,0,0,87,0,0,0,656,0,825,OPTIMAL=87,interval_proves_cutoff=656;lower_skipped_by_nonpositive_upper=825
457,2,lp,upper,1568,93,0.10020162300000005,0.09179258346557617,1758,0,0,93,0,0,0,819,656,0,OPTIMAL=93,interval_proves_cutoff=819;upper_skipped_by_nonnegative_interval_lower=656
457,3,lp,lower,100,0,0.0,0.0,0,0,0,0,0,0,0,9,0,91,,interval_proves_cutoff=9;lower_skipped_by_nonpositive_upper=91
457,3,lp,upper,100,0,0.0,0.0,0,0,0,0,0,0,0,91,9,0,,interval_proves_cutoff=91;upper_skipped_by_nonnegative_interval_lower=9
458,0,lp,lower,9,9,0.056716786,0.05611371994018555,1607,0,0,9,0,0,0,0,0,0,OPTIMAL=9,
458,0,lp,upper,9,9,0.064727201,0.06412792205810547,1607,0,0,9,0,0,0,0,0,0,OPTIMAL=9,
458,1,interval_arithmetic,lower,3136,0,0.0,0.0,0,0,0,0,0,914,0,0,0,2222,,interval_arithmetic=914;lower_skipped_by_nonpositive_upper=2222
458,1,interval_arithmetic,upper,3136,0,0.0,0.0,0,0,0,0,0,3136,0,0,0,0,,interval_arithmetic=3136
458,2,lp,lower,1568,86,0.08252777,0.07946586608886719,1414,0,0,86,0,0,0,664,0,818,OPTIMAL=86,interval_proves_cutoff=664;lower_skipped_by_nonpositive_upper=818
458,2,lp,upper,1568,88,0.09205925000000002,0.08413219451904297,1558,0,0,88,0,0,0,816,664,0,OPTIMAL=88,interval_proves_cutoff=816;upper_skipped_by_nonnegative_interval_lower=664
458,3,lp,lower,100,1,0.008422099,0.008352994918823242,283,0,0,1,0,0,0,8,0,91,OPTIMAL=1,interval_proves_cutoff=8;lower_skipped_by_nonpositive_upper=91
458,3,lp,upper,100,1,0.008266389,0.008178472518920898,249,0,0,1,0,0,0,91,8,0,OPTIMAL=1,interval_proves_cutoff=91;upper_skipped_by_nonnegative_interval_lower=8
459,0,lp,lower,9,9,0.052761978,0.05216407775878906,1532,0,0,9,0,0,0,0,0,0,OPTIMAL=9,
459,0,lp,upper,9,9,0.057070631999999996,0.05643105506896973,1650,0,0,9,0,0,0,0,0,0,OPTIMAL=9,
459,1,interval_arithmetic,lower,3136,0,0.0,0.0,0,0,0,0,0,929,0,0,0,2207,,interval_arithmetic=929;lower_skipped_by_nonpositive_upper=2207
459,1,interval_arithmetic,upper,3136,0,0.0,0.0,0,0,0,0,0,3136,0,0,0,0,,interval_arithmetic=3136
459,2,lp,lower,1568,100,0.10548050199999999,0.10174083709716797,2351,0,0,100,0,0,0,639,0,829,OPTIMAL=100,interval_proves_cutoff=639;lower_skipped_by_nonpositive_upper=829
459,2,lp,upper,1568,106,0.12017981499999998,0.11123442649841309,2551,0,0,106,0,0,0,823,639,0,OPTIMAL=106,interval_proves_cutoff=823;upper_skipped_by_nonnegative_interval_lower=639
459,3,lp,lower,100,0,0.0,0.0,0,0,0,0,0,0,0,9,0,91,,interval_proves_cutoff=9;lower_skipped_by_nonpositive_upper=91
459,3,lp,upper,100,0,0.0,0.0,0,0,0,0,0,0,0,91,9,0,,interval_proves_cutoff=91;upper_skipped_by_nonnegative_interval_lower=9
460,0,lp,lower,9,9,0.044703122,0.04410052299499512,1248,0,0,9,0,0,0,0,0,0,OPTIMAL=9,
460,0,lp,upper,9,9,0.04918826,0.04859042167663574,1275,0,0,9,0,0,0,0,0,0,OPTIMAL=9,
460,1,interval_arithmetic,lower,3136,0,0.0,0.0,0,0,0,0,0,918,0,0,0,2218,,interval_arithmetic=918;lower_skipped_by_nonpositive_upper=2218
460,1,interval_arithmetic,upper,3136,0,0.0,0.0,0,0,0,0,0,3136,0,0,0,0,,interval_arithmetic=3136
460,2,lp,lower,1568,100,0.08304625700000003,0.07963824272155762,814,0,0,100,0,0,0,674,0,794,OPTIMAL=100,interval_proves_cutoff=674;lower_skipped_by_nonpositive_upper=794
460,2,lp,upper,1568,101,0.08781117399999999,0.08001589775085449,900,0,0,101,0,0,0,793,674,0,OPTIMAL=101,interval_proves_cutoff=793;upper_skipped_by_nonnegative_interval_lower=674
460,3,lp,lower,100,1,0.005868528,0.005800008773803711,246,0,0,1,0,0,0,8,0,91,OPTIMAL=1,interval_proves_cutoff=8;lower_skipped_by_nonpositive_upper=91
460,3,lp,upper,100,1,0.003751422,0.003676891326904297,188,0,0,1,0,0,0,91,8,0,OPTIMAL=1,interval_proves_cutoff=91;upper_skipped_by_nonnegative_interval_lower=8
461,0,lp,lower,9,9,0.066170888,0.06561088562011719,1575,0,0,9,0,0,0,0,0,0,OPTIMAL=9,
461,0,lp,upper,9,9,0.079228678,0.07864713668823242,1712,0,0,9,0,0,0,0,0,0,OPTIMAL=9,
461,1,interval_arithmetic,lower,3136,0,0.0,0.0,0,0,0,0,0,893,0,0,0,2243,,interval_arithmetic=893;lower_skipped_by_nonpositive_upper=2243
461,1,interval_arithmetic,upper,3136,0,0.0,0.0,0,0,0,0,0,3136,0,0,0,0,,interval_arithmetic=3136
461,2,lp,lower,1568,81,0.07385473600000002,0.07100725173950195,1097,0,0,81,0,0,0,650,0,837,OPTIMAL=81,interval_proves_cutoff=650;lower_skipped_by_nonpositive_upper=837
461,2,lp,upper,1568,95,0.09180656899999999,0.0837562084197998,1327,0,0,95,0,0,0,823,650,0,OPTIMAL=95,interval_proves_cutoff=823;upper_skipped_by_nonnegative_interval_lower=650
461,3,lp,lower,100,1,0.005239605,0.005174160003662109,215,0,0,1,0,0,0,8,0,91,OPTIMAL=1,interval_proves_cutoff=8;lower_skipped_by_nonpositive_upper=91
461,3,lp,upper,100,1,0.004796442,0.004723072052001953,207,0,0,1,0,0,0,91,8,0,OPTIMAL=1,interval_proves_cutoff=91;upper_skipped_by_nonnegative_interval_lower=8
462,0,lp,lower,9,9,0.025486041999999997,0.024995088577270508,949,0,0,9,0,0,0,0,0,0,OPTIMAL=9,
462,0,lp,upper,9,9,0.025010589000000003,0.024504423141479492,953,0,0,9,0,0,0,0,0,0,OPTIMAL=9,
462,1,interval_arithmetic,lower,3136,0,0.0,0.0,0,0,0,0,0,946,0,0,0,2190,,interval_arithmetic=946;lower_skipped_by_nonpositive_upper=2190
462,1,interval_arithmetic,upper,3136,0,0.0,0.0,0,0,0,0,0,3136,0,0,0,0,,interval_arithmetic=3136
462,2,lp,lower,1568,69,0.056751118999999975,0.05442452430725098,571,0,0,69,0,0,0,686,0,813,OPTIMAL=69,interval_proves_cutoff=686;lower_skipped_by_nonpositive_upper=813
462,2,lp,upper,1568,71,0.063939906,0.057109832763671875,663,0,0,71,0,0,0,811,686,0,OPTIMAL=71,interval_proves_cutoff=811;upper_skipped_by_nonnegative_interval_lower=686
462,3,lp,lower,100,1,0.002970263,0.0029129981994628906,109,0,0,1,0,0,0,7,0,92,OPTIMAL=1,interval_proves_cutoff=7;lower_skipped_by_nonpositive_upper=92
462,3,lp,upper,100,2,0.005674166,0.005544185638427734,248,0,0,2,0,0,0,91,7,0,OPTIMAL=2,interval_proves_cutoff=91;upper_skipped_by_nonnegative_interval_lower=7
463,0,lp,lower,9,9,0.023516590000000004,0.023016691207885742,782,0,0,9,0,0,0,0,0,0,OPTIMAL=9,
463,0,lp,upper,9,9,0.025686332,0.02514481544494629,881,0,0,9,0,0,0,0,0,0,OPTIMAL=9,
463,1,interval_arithmetic,lower,3136,0,0.0,0.0,0,0,0,0,0,968,0,0,0,2168,,interval_arithmetic=968;lower_skipped_by_nonpositive_upper=2168
463,1,interval_arithmetic,upper,3136,0,0.0,0.0,0,0,0,0,0,3136,0,0,0,0,,interval_arithmetic=3136
463,2,lp,lower,1568,73,0.062538774,0.06001138687133789,509,0,0,73,0,0,0,693,0,802,OPTIMAL=73,interval_proves_cutoff=693;lower_skipped_by_nonpositive_upper=802
463,2,lp,upper,1568,75,0.06952416799999998,0.06247735023498535,562,0,0,75,0,0,0,800,693,0,OPTIMAL=75,interval_proves_cutoff=800;upper_skipped_by_nonnegative_interval_lower=693
463,3,lp,lower,100,0,0.0,0.0,0,0,0,0,0,0,0,9,0,91,,interval_proves_cutoff=9;lower_skipped_by_nonpositive_upper=91
463,3,lp,upper,100,0,0.0,0.0,0,0,0,0,0,0,0,91,9,0,,interval_proves_cutoff=91;upper_skipped_by_nonnegative_interval_lower=9
464,0,lp,lower,9,9,0.046190635,0.04556131362915039,1420,0,0,9,0,0,0,0,0,0,OPTIMAL=9,
464,0,lp,upper,9,9,0.0489763,0.04836153984069824,1542,0,0,9,0,0,0,0,0,0,OPTIMAL=9,
464,1,interval_arithmetic,lower,3136,0,0.0,0.0,0,0,0,0,0,945,0,0,0,2191,,interval_arithmetic=945;lower_skipped_by_nonpositive_upper=2191
464,1,interval_arithmetic,upper,3136,0,0.0,0.0,0,0,0,0,0,3136,0,0,0,0,,interval_arithmetic=3136
464,2,lp,lower,1568,106,0.09159259200000003,0.08805227279663086,1234,0,0,106,0,0,0,667,0,795,OPTIMAL=106,interval_proves_cutoff=667;lower_skipped_by_nonpositive_upper=795
464,2,lp,upper,1568,110,0.10253098199999994,0.09322762489318848,1417,0,0,110,0,0,0,791,667,0,OPTIMAL=110,interval_proves_cutoff=791;upper_skipped_by_nonnegative_interval_lower=667
464,3,lp,lower,100,0,0.0,0.0,0,0,0,0,0,0,0,8,0,92,,interval_proves_cutoff=8;lower_skipped_by_nonpositive_upper=92
464,3,lp,upper,100,1,0.005892436,0.005763530731201172,235,0,0,1,0,0,0,91,8,0,OPTIMAL=1,interval_proves_cutoff=91;upper_skipped_by_nonnegative_interval_lower=8
465,0,lp,lower,9,9,0.150197296,0.14949250221252441,2631,0,0,9,0,0,0,0,0,0,OPTIMAL=9,
465,0,lp,upper,9,9,0.114430956,0.1137087345123291,2356,0,0,9,0,0,0,0,0,0,OPTIMAL=9,
465,1,interval_arithmetic,lower,3136,0,0.0,0.0,0,0,0,0,0,940,0,0,0,2196,,interval_arithmetic=940;lower_skipped_by_nonpositive_upper=2196
465,1,interval_arithmetic,upper,3136,0,0.0,0.0,0,0,0,0,0,3136,0,0,0,0,,interval_arithmetic=3136
465,2,lp,lower,1568,129,0.12706948599999998,0.12228035926818848,2215,0,0,129,0,0,0,646,0,793,OPTIMAL=129,interval_proves_cutoff=646;lower_skipped_by_nonpositive_upper=793
465,2,lp,upper,1568,133,0.13890244800000004,0.12918782234191895,2528,0,0,133,0,0,0,789,646,0,OPTIMAL=133,interval_proves_cutoff=789;upper_skipped_by_nonnegative_interval_lower=646
465,3,lp,lower,100,4,0.029975612000000002,0.029682636260986328,772,0,0,4,0,0,0,5,0,91,OPTIMAL=4,interval_proves_cutoff=5;lower_skipped_by_nonpositive_upper=91
465,3,lp,upper,100,4,0.029082205,0.02872323989868164,859,0,0,4,0,0,0,91,5,0,OPTIMAL=4,interval_proves_cutoff=91;upper_skipped_by_nonnegative_interval_lower=5
466,0,lp,lower,9,9,0.027357521000000003,0.02684187889099121,859,0,0,9,0,0,0,0,0,0,OPTIMAL=9,
466,0,lp,upper,9,9,0.026965010999999997,0.026437044143676758,933,0,0,9,0,0,0,0,0,0,OPTIMAL=9,
466,1,interval_arithmetic,lower,3136,0,0.0,0.0,0,0,0,0,0,937,0,0,0,2199,,interval_arithmetic=937;lower_skipped_by_nonpositive_upper=2199
466,1,interval_arithmetic,upper,3136,0,0.0,0.0,0,0,0,0,0,3136,0,0,0,0,,interval_arithmetic=3136
466,2,lp,lower,1568,74,0.06157279800000001,0.0590672492980957,495,0,0,74,0,0,0,684,0,810,OPTIMAL=74,interval_proves_cutoff=684;lower_skipped_by_nonpositive_upper=810
466,2,lp,upper,1568,76,0.066443193,0.05942249298095703,552,0,0,76,0,0,0,808,684,0,OPTIMAL=76,interval_proves_cutoff=808;upper_skipped_by_nonnegative_interval_lower=684
466,3,lp,lower,100,0,0.0,0.0,0,0,0,0,0,0,0,9,0,91,,interval_proves_cutoff=9;lower_skipped_by_nonpositive_upper=91
466,3,lp,upper,100,0,0.0,0.0,0,0,0,0,0,0,0,91,9,0,,interval_proves_cutoff=91;upper_skipped_by_nonnegative_interval_lower=9
467,0,lp,lower,9,9,0.062082853,0.06138968467712402,1592,0,0,9,0,0,0,0,0,0,OPTIMAL=9,
467,0,lp,upper,9,9,0.064834817,0.0641176700592041,1808,0,0,9,0,0,0,0,0,0,OPTIMAL=9,
467,1,interval_arithmetic,lower,3136,0,0.0,0.0,0,0,0,0,0,929,0,0,0,2207,,interval_arithmetic=929;lower_skipped_by_nonpositive_upper=2207
467,1,interval_arithmetic,upper,3136,0,0.0,0.0,0,0,0,0,0,3136,0,0,0,0,,interval_arithmetic=3136
467,2,lp,lower,1568,119,0.11693804500000002,0.11256694793701172,1799,0,0,119,0,0,0,656,0,793,OPTIMAL=119,interval_proves_cutoff=656;lower_skipped_by_nonpositive_upper=793
467,2,lp,upper,1568,123,0.12119243900000003,0.11231160163879395,1880,0,0,123,0,0,0,789,656,0,OPTIMAL=123,interval_proves_cutoff=789;upper_skipped_by_nonnegative_interval_lower=656
467,3,lp,lower,100,0,0.0,0.0,0,0,0,0,0,0,0,9,0,91,,interval_proves_cutoff=9;lower_skipped_by_nonpositive_upper=91
467,3,lp,upper,100,0,0.0,0.0,0,0,0,0,0,0,0,91,9,0,,interval_proves_cutoff=91;upper_skipped_by_nonnegative_interval_lower=9
468,0,lp,lower,9,9,0.048753839,0.04820060729980469,1415,0,0,9,0,0,0,0,0,0,OPTIMAL=9,
468,0,lp,upper,9,9,0.047896042,0.047318458557128906,1434,0,0,9,0,0,0,0,0,0,OPTIMAL=9,
468,1,interval_arithmetic,lower,3136,0,0.0,0.0,0,0,0,0,0,925,0,0,0,2211,,interval_arithmetic=925;lower_skipped_by_nonpositive_upper=2211
468,1,interval_arithmetic,upper,3136,0,0.0,0.0,0,0,0,0,0,3136,0,0,0,0,,interval_arithmetic=3136
468,2,lp,lower,1568,84,0.076680455,0.07368159294128418,937,0,0,84,0,0,0,659,0,825,OPTIMAL=84,interval_proves_cutoff=659;lower_skipped_by_nonpositive_upper=825
468,2,lp,upper,1568,90,0.08838429399999997,0.08047795295715332,1151,0,0,90,0,0,0,819,659,0,OPTIMAL=90,interval_proves_cutoff=819;upper_skipped_by_nonnegative_interval_lower=659
468,3,lp,lower,100,1,0.004405578,0.0043294429779052734,209,0,0,1,0,0,0,7,0,92,OPTIMAL=1,interval_proves_cutoff=7;lower_skipped_by_nonpositive_upper=92
468,3,lp,upper,100,1,0.003932213,0.0038552284240722656,175,0,0,1,0,0,0,92,7,0,OPTIMAL=1,interval_proves_cutoff=92;upper_skipped_by_nonnegative_interval_lower=7
469,0,lp,lower,9,9,0.033768055000000005,0.0332338809967041,946,0,0,9,0,0,0,0,0,0,OPTIMAL=9,
469,0,lp,upper,9,9,0.03577327400000001,0.03521394729614258,957,0,0,9,0,0,0,0,0,0,OPTIMAL=9,
469,1,interval_arithmetic,lower,3136,0,0.0,0.0,0,0,0,0,0,925,0,0,0,2211,,interval_arithmetic=925;lower_skipped_by_nonpositive_upper=2211
469,1,interval_arithmetic,upper,3136,0,0.0,0.0,0,0,0,0,0,3136,0,0,0,0,,interval_arithmetic=3136
469,2,lp,lower,1568,69,0.054243262,0.0518956184387207,493,0,0,69,0,0,0,666,0,833,OPTIMAL=69,interval_proves_cutoff=666;lower_skipped_by_nonpositive_upper=833
469,2,lp,upper,1568,71,0.06208731200000001,0.05535316467285156,550,0,0,71,0,0,0,831,666,0,OPTIMAL=71,interval_proves_cutoff=831;upper_skipped_by_nonnegative_interval_lower=666
469,3,lp,lower,100,2,0.005495059,0.005383968353271484,186,0,0,2,0,0,0,7,0,91,OPTIMAL=2,interval_proves_cutoff=7;lower_skipped_by_nonpositive_upper=91
469,3,lp,upper,100,2,0.005794093,0.00566411018371582,220,0,0,2,0,0,0,91,7,0,OPTIMAL=2,interval_proves_cutoff=91;upper_skipped_by_nonnegative_interval_lower=7
470,0,lp,lower,9,9,0.046591459,0.04601573944091797,1357,0,0,9,0,0,0,0,0,0,OPTIMAL=9,
470,0,lp,upper,9,9,0.051639321,0.05106091499328613,1413,0,0,9,0,0,0,0,0,0,OPTIMAL=9,
470,1,interval_arithmetic,lower,3136,0,0.0,0.0,0,0,0,0,0,934,0,0,0,2202,,interval_arithmetic=934;lower_skipped_by_nonpositive_upper=2202
470,1,interval_arithmetic,upper,3136,0,0.0,0.0,0,0,0,0,0,3136,0,0,0,0,,interval_arithmetic=3136
470,2,lp,lower,1568,84,0.07638938700000003,0.07329344749450684,934,0,0,84,0,0,0,683,0,801,OPTIMAL=84,interval_proves_cutoff=683;lower_skipped_by_nonpositive_upper=801
470,2,lp,upper,1568,92,0.09018655699999997,0.08171629905700684,1123,0,0,92,0,0,0,793,683,0,OPTIMAL=92,interval_proves_cutoff=793;upper_skipped_by_nonnegative_interval_lower=683
470,3,lp,lower,100,1,0.003828751,0.0037615299224853516,213,0,0,1,0,0,0,8,0,91,OPTIMAL=1,interval_proves_cutoff=8;lower_skipped_by_nonpositive_upper=91
470,3,lp,upper,100,1,0.003454976,0.0033795833587646484,176,0,0,1,0,0,0,91,8,0,OPTIMAL=1,interval_proves_cutoff=91;upper_skipped_by_nonnegative_interval_lower=8
471,0,lp,lower,9,9,0.075334008,0.07467865943908691,1724,0,0,9,0,0,0,0,0,0,OPTIMAL=9,
471,0,lp,upper,9,9,0.07797591699999999,0.07722711563110352,1675,0,0,9,0,0,0,0,0,0,OPTIMAL=9,
471,1,interval_arithmetic,lower,3136,0,0.0,0.0,0,0,0,0,0,931,0,0,0,2205,,interval_arithmetic=931;lower_skipped_by_nonpositive_upper=2205
471,1,interval_arithmetic,upper,3136,0,0.0,0.0,0,0,0,0,0,3136,0,0,0,0,,interval_arithmetic=3136
471,2,lp,lower,1568,104,0.104970097,0.10108709335327148,1921,0,0,104,0,0,0,657,0,807,OPTIMAL=104,interval_proves_cutoff=657;lower_skipped_by_nonpositive_upper=807
471,2,lp,upper,1568,108,0.11359170699999999,0.1044769287109375,2028,0,0,108,0,0,0,803,657,0,OPTIMAL=108,interval_proves_cutoff=803;upper_skipped_by_nonnegative_interval_lower=657
471,3,lp,lower,100,1,0.009025667,0.00895071029663086,310,0,0,1,0,0,0,8,0,91,OPTIMAL=1,interval_proves_cutoff=8;lower_skipped_by_nonpositive_upper=91
471,3,lp,upper,100,1,0.006415312,0.006333112716674805,233,0,0,1,0,0,0,91,8,0,OPTIMAL=1,interval_proves_cutoff=91;upper_skipped_by_nonnegative_interval_lower=8
472,0,lp,lower,9,9,0.053123557,0.05252695083618164,1362,0,0,9,0,0,0,0,0,0,OPTIMAL=9,
472,0,lp,upper,9,9,0.057185654,0.05659008026123047,1335,0,0,9,0,0,0,0,0,0,OPTIMAL=9,
472,1,interval_arithmetic,lower,3136,0,0.0,0.0,0,0,0,0,0,876,0,0,0,2260,,interval_arithmetic=876;lower_skipped_by_nonpositive_upper=2260
472,1,interval_arithmetic,upper,3136,0,0.0,0.0,0,0,0,0,0,3136,0,0,0,0,,interval_arithmetic=3136
472,2,lp,lower,1568,89,0.07906851900000002,0.07603049278259277,1195,0,0,89,0,0,0,644,0,835,OPTIMAL=89,interval_proves_cutoff=644;lower_skipped_by_nonpositive_upper=835
472,2,lp,upper,1568,94,0.088643849,0.08076953887939453,1400,0,0,94,0,0,0,830,644,0,OPTIMAL=94,interval_proves_cutoff=830;upper_skipped_by_nonnegative_interval_lower=644
472,3,lp,lower,100,1,0.00914265,0.009074687957763672,274,0,0,1,0,0,0,8,0,91,OPTIMAL=1,interval_proves_cutoff=8;lower_skipped_by_nonpositive_upper=91
472,3,lp,upper,100,1,0.005737542,0.005659341812133789,216,0,0,1,0,0,0,91,8,0,OPTIMAL=1,interval_proves_cutoff=91;upper_skipped_by_nonnegative_interval_lower=8
473,0,lp,lower,9,9,0.06410253699999999,0.06350016593933105,1563,0,0,9,0,0,0,0,0,0,OPTIMAL=9,
473,0,lp,upper,9,9,0.056896035,0.05629539489746094,1451,0,0,9,0,0,0,0,0,0,OPTIMAL=9,
473,1,interval_arithmetic,lower,3136,0,0.0,0.0,0,0,0,0,0,913,0,0,0,2223,,interval_arithmetic=913;lower_skipped_by_nonpositive_upper=2223
473,1,interval_arithmetic,upper,3136,0,0.0,0.0,0,0,0,0,0,3136,0,0,0,0,,interval_arithmetic=3136
473,2,lp,lower,1568,96,0.07898595900000005,0.07581067085266113,1133,0,0,96,0,0,0,660,0,812,OPTIMAL=96,interval_proves_cutoff=660;lower_skipped_by_nonpositive_upper=812
473,2,lp,upper,1568,102,0.09294692999999996,0.08482789993286133,1210,0,0,102,0,0,0,806,660,0,OPTIMAL=102,interval_proves_cutoff=806;upper_skipped_by_nonnegative_interval_lower=660
473,3,lp,lower,100,1,0.00484733,0.004774570465087891,227,0,0,1,0,0,0,8,0,91,OPTIMAL=1,interval_proves_cutoff=8;lower_skipped_by_nonpositive_upper=91
473,3,lp,upper,100,1,0.00497898,0.0048601627349853516,228,0,0,1,0,0,0,91,8,0,OPTIMAL=1,interval_proves_cutoff=91;upper_skipped_by_nonnegative_interval_lower=8
474,0,lp,lower,9,9,0.057507145999999995,0.056932687759399414,1346,0,0,9,0,0,0,0,0,0,OPTIMAL=9,
474,0,lp,upper,9,9,0.055454589,0.05479264259338379,1383,0,0,9,0,0,0,0,0,0,OPTIMAL=9,
474,1,interval_arithmetic,lower,3136,0,0.0,0.0,0,0,0,0,0,834,0,0,0,2302,,interval_arithmetic=834;lower_skipped_by_nonpositive_upper=2302
474,1,interval_arithmetic,upper,3136,0,0.0,0.0,0,0,0,0,0,3136,0,0,0,0,,interval_arithmetic=3136
474,2,lp,lower,1568,99,0.07824535499999997,0.07511496543884277,1084,0,0,99,0,0,0,604,0,865,OPTIMAL=99,interval_proves_cutoff=604;lower_skipped_by_nonpositive_upper=865
474,2,lp,upper,1568,101,0.08570746599999998,0.07791018486022949,1113,0,0,101,0,0,0,863,604,0,OPTIMAL=101,interval_proves_cutoff=863;upper_skipped_by_nonnegative_interval_lower=604
474,3,lp,lower,100,0,0.0,0.0,0,0,0,0,0,0,0,9,0,91,,interval_proves_cutoff=9;lower_skipped_by_nonpositive_upper=91
474,3,lp,upper,100,0,0.0,0.0,0,0,0,0,0,0,0,91,9,0,,interval_proves_cutoff=91;upper_skipped_by_nonnegative_interval_lower=9
475,0,lp,lower,9,9,0.04687712399999999,0.04625558853149414,1323,0,0,9,0,0,0,0,0,0,OPTIMAL=9,
475,0,lp,upper,9,9,0.054679156,0.05402398109436035,1530,0,0,9,0,0,0,0,0,0,OPTIMAL=9,
475,1,interval_arithmetic,lower,3136,0,0.0,0.0,0,0,0,0,0,967,0,0,0,2169,,interval_arithmetic=967;lower_skipped_by_nonpositive_upper=2169
475,1,interval_arithmetic,upper,3136,0,0.0,0.0,0,0,0,0,0,3136,0,0,0,0,,interval_arithmetic=3136
475,2,lp,lower,1568,107,0.10945408099999995,0.10546684265136719,1934,0,0,107,0,0,0,672,0,789,OPTIMAL=107,interval_proves_cutoff=672;lower_skipped_by_nonpositive_upper=789
475,2,lp,upper,1568,117,0.12379544700000004,0.11458444595336914,2219,0,0,117,0,0,0,779,672,0,OPTIMAL=117,interval_proves_cutoff=779;upper_skipped_by_nonnegative_interval_lower=672
475,3,lp,lower,100,0,0.0,0.0,0,0,0,0,0,0,0,9,0,91,,interval_proves_cutoff=9;lower_skipped_by_nonpositive_upper=91
475,3,lp,upper,100,0,0.0,0.0,0,0,0,0,0,0,0,91,9,0,,interval_proves_cutoff=91;upper_skipped_by_nonnegative_interval_lower=9
476,0,lp,lower,9,9,0.042596842999999995,0.042028188705444336,1262,0,0,9,0,0,0,0,0,0,OPTIMAL=9,
476,0,lp,upper,9,9,0.047845252,0.04724931716918945,1317,0,0,9,0,0,0,0,0,0,OPTIMAL=9,
476,1,interval_arithmetic,lower,3136,0,0.0,0.0,0,0,0,0,0,958,0,0,0,2178,,interval_arithmetic=958;lower_skipped_by_nonpositive_upper=2178
476,1,interval_arithmetic,upper,3136,0,0.0,0.0,0,0,0,0,0,3136,0,0,0,0,,interval_arithmetic=3136
476,2,lp,lower,1568,92,0.08151064100000002,0.07836532592773438,875,0,0,92,0,0,0,690,0,786,OPTIMAL=92,interval_proves_cutoff=690;lower_skipped_by_nonpositive_upper=786
476,2,lp,upper,1568,94,0.08706856900000001,0.07907533645629883,1041,0,0,94,0,0,0,784,690,0,OPTIMAL=94,interval_proves_cutoff=784;upper_skipped_by_nonnegative_interval_lower=690
476,3,lp,lower,100,1,0.004295565,0.004229068756103516,229,0,0,1,0,0,0,8,0,91,OPTIMAL=1,interval_proves_cutoff=8;lower_skipped_by_nonpositive_upper=91
476,3,lp,upper,100,1,0.003968371,0.003895998001098633,206,0,0,1,0,0,0,91,8,0,OPTIMAL=1,interval_proves_cutoff=91;upper_skipped_by_nonnegative_interval_lower=8
477,0,lp,lower,9,9,0.047757495,0.04718327522277832,1187,0,0,9,0,0,0,0,0,0,OPTIMAL=9,
477,0,lp,upper,9,9,0.047864326000000006,0.047299861907958984,1262,0,0,9,0,0,0,0,0,0,OPTIMAL=9,
477,1,interval_arithmetic,lower,3136,0,0.0,0.0,0,0,0,0,0,863,0,0,0,2273,,interval_arithmetic=863;lower_skipped_by_nonpositive_upper=2273
477,1,interval_arithmetic,upper,3136,0,0.0,0.0,0,0,0,0,0,3136,0,0,0,0,,interval_arithmetic=3136
477,2,lp,lower,1568,75,0.063303766,0.06084918975830078,965,0,0,75,0,0,0,638,0,855,OPTIMAL=75,interval_proves_cutoff=638;lower_skipped_by_nonpositive_upper=855
477,2,lp,upper,1568,87,0.08592088600000002,0.07770681381225586,1169,0,0,87,0,0,0,843,638,0,OPTIMAL=87,interval_proves_cutoff=843;upper_skipped_by_nonnegative_interval_lower=638
477,3,lp,lower,100,3,0.012265130999999999,0.01207280158996582,313,0,0,3,0,0,0,6,0,91,OPTIMAL=3,interval_proves_cutoff=6;lower_skipped_by_nonpositive_upper=91
477,3,lp,upper,100,3,0.011169719,0.01097416877746582,393,0,0,3,0,0,0,91,6,0,OPTIMAL=3,interval_proves_cutoff=91;upper_skipped_by_nonnegative_interval_lower=6
478,0,lp,lower,9,9,0.029680235,0.02912306785583496,965,0,0,9,0,0,0,0,0,0,OPTIMAL=9,
478,0,lp,upper,9,9,0.030701980999999996,0.030093908309936523,1086,0,0,9,0,0,0,0,0,0,OPTIMAL=9,
478,1,interval_arithmetic,lower,3136,0,0.0,0.0,0,0,0,0,0,907,0,0,0,2229,,interval_arithmetic=907;lower_skipped_by_nonpositive_upper=2229
478,1,interval_arithmetic,upper,3136,0,0.0,0.0,0,0,0,0,0,3136,0,0,0,0,,interval_arithmetic=3136
478,2,lp,lower,1568,84,0.065343093,0.06256747245788574,516,0,0,84,0,0,0,684,0,800,OPTIMAL=84,interval_proves_cutoff=684;lower_skipped_by_nonpositive_upper=800
478,2,lp,upper,1568,88,0.08683147399999996,0.07056164741516113,637,0,0,88,0,0,0,796,684,0,OPTIMAL=88,interval_proves_cutoff=796;upper_skipped_by_nonnegative_interval_lower=684
478,3,lp,lower,100,0,0.0,0.0,0,0,0,0,0,0,0,9,0,91,,interval_proves_cutoff=9;lower_skipped_by_nonpositive_upper=91
478,3,lp,upper,100,0,0.0,0.0,0,0,0,0,0,0,0,91,9,0,,interval_proves_cutoff=91;upper_skipped_by_nonnegative_interval_lower=9
479,0,lp,lower,9,9,0.04125458299999999,0.040685176849365234,1320,0,0,9,0,0,0,0,0,0,OPTIMAL=9,
479,0,lp,upper,9,9,0.042717617,0.042113304138183594,1395,0,0,9,0,0,0,0,0,0,OPTIMAL=9,
479,1,interval_arithmetic,lower,3136,0,0.0,0.0,0,0,0,0,0,901,0,0,0,2235,,interval_arithmetic=901;lower_skipped_by_nonpositive_upper=2235
479,1,interval_arithmetic,upper,3136,0,0.0,0.0,0,0,0,0,0,3136,0,0,0,0,,interval_arithmetic=3136
479,2,lp,lower,1568,92,0.08786259899999994,0.08427786827087402,1386,0,0,92,0,0,0,646,0,830,OPTIMAL=92,interval_proves_cutoff=646;lower_skipped_by_nonpositive_upper=830
479,2,lp,upper,1568,106,0.10428082799999999,0.09576082229614258,1638,0,0,106,0,0,0,816,646,0,OPTIMAL=106,interval_proves_cutoff=816;upper_skipped_by_nonnegative_interval_lower=646
479,3,lp,lower,100,0,0.0,0.0,0,0,0,0,0,0,0,9,0,91,,interval_proves_cutoff=9;lower_skipped_by_nonpositive_upper=91
479,3,lp,upper,100,0,0.0,0.0,0,0,0,0,0,0,0,91,9,0,,interval_proves_cutoff=91;upper_skipped_by_nonnegative_interval_lower=9
480,0,lp,lower,9,9,0.055069369,0.054415225982666016,1569,0,0,9,0,0,0,0,0,0,OPTIMAL=9,
480,0,lp,upper,9,9,0.053902231999999994,0.05324554443359375,1631,0,0,9,0,0,0,0,0,0,OPTIMAL=9,
480,1,interval_arithmetic,lower,3136,0,0.0,0.0,0,0,0,0,0,917,0,0,0,2219,,interval_arithmetic=917;lower_skipped_by_nonpositive_upper=2219
480,1,interval_arithmetic,upper,3136,0,0.0,0.0,0,0,0,0,0,3136,0,0,0,0,,interval_arithmetic=3136
480,2,lp,lower,1568,100,0.10218537400000004,0.09844565391540527,1995,0,0,100,0,0,0,674,0,794,OPTIMAL=100,interval_proves_cutoff=674;lower_skipped_by_nonpositive_upper=794
480,2,lp,upper,1568,102,0.10773011499999997,0.09912872314453125,2062,0,0,102,0,0,0,792,674,0,OPTIMAL=102,interval_proves_cutoff=792;upper_skipped_by_nonnegative_interval_lower=674
480,3,lp,lower,100,0,0.0,0.0,0,0,0,0,0,0,0,9,0,91,,interval_proves_cutoff=9;lower_skipped_by_nonpositive_upper=91
480,3,lp,upper,100,0,0.0,0.0,0,0,0,0,0,0,0,91,9,0,,interval_proves_cutoff=91;upper_skipped_by_nonnegative_interval_lower=9
481,0,lp,lower,9,9,0.03326435800000001,0.032753705978393555,904,0,0,9,0,0,0,0,0,0,OPTIMAL=9,
481,0,lp,upper,9,9,0.028341336,0.027791500091552734,819,0,0,9,0,0,0,0,0,0,OPTIMAL=9,
481,1,interval_arithmetic,lower,3136,0,0.0,0.0,0,0,0,0,0,843,0,0,0,2293,,interval_arithmetic=843;lower_skipped_by_nonpositive_upper=2293
481,1,interval_arithmetic,upper,3136,0,0.0,0.0,0,0,0,0,0,3136,0,0,0,0,,interval_arithmetic=3136
481,2,lp,lower,1568,64,0.050504211,0.04853320121765137,581,0,0,64,0,0,0,628,0,876,OPTIMAL=64,interval_proves_cutoff=628;lower_skipped_by_nonpositive_upper=876
481,2,lp,upper,1568,64,0.06034477200000002,0.053611040115356445,619,0,0,64,0,0,0,876,628,0,OPTIMAL=64,interval_proves_cutoff=876;upper_skipped_by_nonnegative_interval_lower=628
481,3,lp,lower,100,1,0.004042793,0.0039789676666259766,158,0,0,1,0,0,0,8,0,91,OPTIMAL=1,interval_proves_cutoff=8;lower_skipped_by_nonpositive_upper=91
481,3,lp,upper,100,1,0.003129022,0.0030591487884521484,139,0,0,1,0,0,0,91,8,0,OPTIMAL=1,interval_proves_cutoff=91;upper_skipped_by_nonnegative_interval_lower=8
482,0,lp,lower,9,9,0.038266737,0.03771209716796875,1170,0,0,9,0,0,0,0,0,0,OPTIMAL=9,
482,0,lp,upper,9,9,0.046526469,0.045923709869384766,1250,0,0,9,0,0,0,0,0,0,OPTIMAL=9,
482,1,interval_arithmetic,lower,3136,0,0.0,0.0,0,0,0,0,0,903,0,0,0,2233,,interval_arithmetic=903;lower_skipped_by_nonpositive_upper=2233
482,1,interval_arithmetic,upper,3136,0,0.0,0.0,0,0,0,0,0,3136,0,0,0,0,,interval_arithmetic=3136
482,2,lp,lower,1568,82,0.06477321099999998,0.062189579010009766,862,0,0,82,0,0,0,654,0,832,OPTIMAL=82,interval_proves_cutoff=654;lower_skipped_by_nonpositive_upper=832
482,2,lp,upper,1568,85,0.07494152100000001,0.06733131408691406,975,0,0,85,0,0,0,829,654,0,OPTIMAL=85,interval_proves_cutoff=829;upper_skipped_by_nonnegative_interval_lower=654
482,3,lp,lower,100,1,0.006923373,0.006844997406005859,247,0,0,1,0,0,0,8,0,91,OPTIMAL=1,interval_proves_cutoff=8;lower_skipped_by_nonpositive_upper=91
482,3,lp,upper,100,1,0.004574709,0.0044515132904052734,190,0,0,1,0,0,0,91,8,0,OPTIMAL=1,interval_proves_cutoff=91;upper_skipped_by_nonnegative_interval_lower=8
483,0,lp,lower,9,9,0.048042257000000005,0.047484636306762695,1232,0,0,9,0,0,0,0,0,0,OPTIMAL=9,
483,0,lp,upper,9,9,0.04038844700000001,0.03983116149902344,1168,0,0,9,0,0,0,0,0,0,OPTIMAL=9,
483,1,interval_arithmetic,lower,3136,0,0.0,0.0,0,0,0,0,0,885,0,0,0,2251,,interval_arithmetic=885;lower_skipped_by_nonpositive_upper=2251
483,1,interval_arithmetic,upper,3136,0,0.0,0.0,0,0,0,0,0,3136,0,0,0,0,,interval_arithmetic=3136
483,2,lp,lower,1568,82,0.069296338,0.06635642051696777,858,0,0,82,0,0,0,655,0,831,OPTIMAL=82,interval_proves_cutoff=655;lower_skipped_by_nonpositive_upper=831
483,2,lp,upper,1568,86,0.078730282,0.0705866813659668,1066,0,0,86,0,0,0,827,655,0,OPTIMAL=86,interval_proves_cutoff=827;upper_skipped_by_nonnegative_interval_lower=655
483,3,lp,lower,100,2,0.006333247,0.006199836730957031,222,0,0,2,0,0,0,6,0,92,OPTIMAL=2,interval_proves_cutoff=6;lower_skipped_by_nonpositive_upper=92
483,3,lp,upper,100,2,0.007266031,0.007130622863769531,276,0,0,2,0,0,0,92,6,0,OPTIMAL=2,interval_proves_cutoff=92;upper_skipped_by_nonnegative_interval_lower=6
484,0,lp,lower,9,9,0.033612808,0.033069610595703125,1097,0,0,9,0,0,0,0,0,0,OPTIMAL=9,
484,0,lp,upper,9,9,0.039355604,0.0387721061706543,1168,0,0,9,0,0,0,0,0,0,OPTIMAL=9,
484,1,interval_arithmetic,lower,3136,0,0.0,0.0,0,0,0,0,0,867,0,0,0,2269,,interval_arithmetic=867;lower_skipped_by_nonpositive_upper=2269
484,1,interval_arithmetic,upper,3136,0,0.0,0.0,0,0,0,0,0,3136,0,0,0,0,,interval_arithmetic=3136
484,2,lp,lower,1568,88,0.08060458800000002,0.07758426666259766,961,0,0,88,0,0,0,647,0,833,OPTIMAL=88,interval_proves_cutoff=647;lower_skipped_by_nonpositive_upper=833
484,2,lp,upper,1568,92,0.089939295,0.08234763145446777,1225,0,0,92,0,0,0,829,647,0,OPTIMAL=92,interval_proves_cutoff=829;upper_skipped_by_nonnegative_interval_lower=647
484,3,lp,lower,100,0,0.0,0.0,0,0,0,0,0,0,0,9,0,91,,interval_proves_cutoff=9;lower_skipped_by_nonpositive_upper=91
484,3,lp,upper,100,0,0.0,0.0,0,0,0,0,0,0,0,91,9,0,,interval_proves_cutoff=91;upper_skipped_by_nonnegative_interval_lower=9
485,0,lp,lower,9,9,0.039389708,0.03886699676513672,1139,0,0,9,0,0,0,0,0,0,OPTIMAL=9,
485,0,lp,upper,9,9,0.05309436,0.05252432823181152,1337,0,0,9,0,0,0,0,0,0,OPTIMAL=9,
485,1,interval_arithmetic,lower,3136,0,0.0,0.0,0,0,0,0,0,891,0,0,0,2245,,interval_arithmetic=891;lower_skipped_by_nonpositive_upper=2245
485,1,interval_arithmetic,upper,3136,0,0.0,0.0,0,0,0,0,0,3136,0,0,0,0,,interval_arithmetic=3136
485,2,lp,lower,1568,68,0.062879237,0.06055951118469238,1123,0,0,68,0,0,0,664,0,836,OPTIMAL=68,interval_proves_cutoff=664;lower_skipped_by_nonpositive_upper=836
485,2,lp,upper,1568,73,0.07399024600000002,0.06623435020446777,1311,0,0,73,0,0,0,831,664,0,OPTIMAL=73,interval_proves_cutoff=831;upper_skipped_by_nonnegative_interval_lower=664
485,3,lp,lower,100,1,0.005104635,0.005037069320678711,225,0,0,1,0,0,0,8,0,91,OPTIMAL=1,interval_proves_cutoff=8;lower_skipped_by_nonpositive_upper=91
485,3,lp,upper,100,1,0.00491359,0.0048389434814453125,210,0,0,1,0,0,0,91,8,0,OPTIMAL=1,interval_proves_cutoff=91;upper_skipped_by_nonnegative_interval_lower=8
486,0,lp,lower,9,9,0.043146414,0.042574405670166016,1369,0,0,9,0,0,0,0,0,0,OPTIMAL=9,
486,0,lp,upper,9,9,0.038191609999999994,0.037595272064208984,1412,0,0,9,0,0,0,0,0,0,OPTIMAL=9,
486,1,interval_arithmetic,lower,3136,0,0.0,0.0,0,0,0,0,0,919,0,0,0,2217,,interval_arithmetic=919;lower_skipped_by_nonpositive_upper=2217
486,1,interval_arithmetic,upper,3136,0,0.0,0.0,0,0,0,0,0,3136,0,0,0,0,,interval_arithmetic=3136
486,2,lp,lower,1568,88,0.08696702999999999,0.08369588851928711,1440,0,0,88,0,0,0,668,0,812,OPTIMAL=88,interval_proves_cutoff=668;lower_skipped_by_nonpositive_upper=812
486,2,lp,upper,1568,98,0.10433202999999998,0.09587550163269043,1716,0,0,98,0,0,0,802,668,0,OPTIMAL=98,interval_proves_cutoff=802;upper_skipped_by_nonnegative_interval_lower=668
486,3,lp,lower,100,0,0.0,0.0,0,0,0,0,0,0,0,9,0,91,,interval_proves_cutoff=9;lower_skipped_by_nonpositive_upper=91
486,3,lp,upper,100,0,0.0,0.0,0,0,0,0,0,0,0,91,9,0,,interval_proves_cutoff=91;upper_skipped_by_nonnegative_interval_lower=9
487,0,lp,lower,9,9,0.040476565,0.03990602493286133,1254,0,0,9,0,0,0,0,0,0,OPTIMAL=9,
487,0,lp,upper,9,9,0.040974625,0.04035782814025879,1364,0,0,9,0,0,0,0,0,0,OPTIMAL=9,
487,1,interval_arithmetic,lower,3136,0,0.0,0.0,0,0,0,0,0,926,0,0,0,2210,,interval_arithmetic=926;lower_skipped_by_nonpositive_upper=2210
487,1,interval_arithmetic,upper,3136,0,0.0,0.0,0,0,0,0,0,3136,0,0,0,0,,interval_arithmetic=3136
487,2,lp,lower,1568,89,0.08527138499999999,0.08203768730163574,1373,0,0,89,0,0,0,679,0,800,OPTIMAL=89,interval_proves_cutoff=679;lower_skipped_by_nonpositive_upper=800
487,2,lp,upper,1568,94,0.09655125300000002,0.08855772018432617,1548,0,0,94,0,0,0,795,679,0,OPTIMAL=94,interval_proves_cutoff=795;upper_skipped_by_nonnegative_interval_lower=679
487,3,lp,lower,100,0,0.0,0.0,0,0,0,0,0,0,0,9,0,91,,interval_proves_cutoff=9;lower_skipped_by_nonpositive_upper=91
487,3,lp,upper,100,0,0.0,0.0,0,0,0,0,0,0,0,91,9,0,,interval_proves_cutoff=91;upper_skipped_by_nonnegative_interval_lower=9
488,0,lp,lower,9,9,0.061465110999999996,0.06088376045227051,1518,0,0,9,0,0,0,0,0,0,OPTIMAL=9,
488,0,lp,upper,9,9,0.06117882399999999,0.06053423881530762,1468,0,0,9,0,0,0,0,0,0,OPTIMAL=9,
488,1,interval_arithmetic,lower,3136,0,0.0,0.0,0,0,0,0,0,917,0,0,0,2219,,interval_arithmetic=917;lower_skipped_by_nonpositive_upper=2219
488,1,interval_arithmetic,upper,3136,0,0.0,0.0,0,0,0,0,0,3136,0,0,0,0,,interval_arithmetic=3136
488,2,lp,lower,1568,89,0.08304755400000004,0.079864501953125,1552,0,0,89,0,0,0,640,0,839,OPTIMAL=89,interval_proves_cutoff=640;lower_skipped_by_nonpositive_upper=839
488,2,lp,upper,1568,100,0.10114855800000001,0.09290432929992676,1859,0,0,100,0,0,0,828,640,0,OPTIMAL=100,interval_proves_cutoff=828;upper_skipped_by_nonnegative_interval_lower=640
488,3,lp,lower,100,1,0.006459276,0.006381988525390625,248,0,0,1,0,0,0,8,0,91,OPTIMAL=1,interval_proves_cutoff=8;lower_skipped_by_nonpositive_upper=91
488,3,lp,upper,100,1,0.004587784,0.0045125484466552734,201,0,0,1,0,0,0,91,8,0,OPTIMAL=1,interval_proves_cutoff=91;upper_skipped_by_nonnegative_interval_lower=8
489,0,lp,lower,9,9,0.043666977,0.043107032775878906,1255,0,0,9,0,0,0,0,0,0,OPTIMAL=9,
489,0,lp,upper,9,9,0.048091010999999996,0.0475001335144043,1331,0,0,9,0,0,0,0,0,0,OPTIMAL=9,
489,1,interval_arithmetic,lower,3136,0,0.0,0.0,0,0,0,0,0,894,0,0,0,2242,,interval_arithmetic=894;lower_skipped_by_nonpositive_upper=2242
489,1,interval_arithmetic,upper,3136,0,0.0,0.0,0,0,0,0,0,3136,0,0,0,0,,interval_arithmetic=3136
489,2,lp,lower,1568,88,0.08269591000000003,0.07968473434448242,1732,0,0,88,0,0,0,655,0,825,OPTIMAL=88,interval_proves_cutoff=655;lower_skipped_by_nonpositive_upper=825
489,2,lp,upper,1568,92,0.096259073,0.08828520774841309,1871,0,0,92,0,0,0,821,655,0,OPTIMAL=92,interval_proves_cutoff=821;upper_skipped_by_nonnegative_interval_lower=655
489,3,lp,lower,100,0,0.0,0.0,0,0,0,0,0,0,0,9,0,91,,interval_proves_cutoff=9;lower_skipped_by_nonpositive_upper=91
489,3,lp,upper,100,0,0.0,0.0,0,0,0,0,0,0,0,91,9,0,,interval_proves_cutoff=91;upper_skipped_by_nonnegative_interval_lower=9
490,0,lp,lower,9,9,0.030109957,0.029577255249023438,800,0,0,9,0,0,0,0,0,0,OPTIMAL=9,
490,0,lp,upper,9,9,0.034689621000000004,0.03418850898742676,886,0,0,9,0,0,0,0,0,0,OPTIMAL=9,
490,1,interval_arithmetic,lower,3136,0,0.0,0.0,0,0,0,0,0,836,0,0,0,2300,,interval_arithmetic=836;lower_skipped_by_nonpositive_upper=2300
490,1,interval_arithmetic,upper,3136,0,0.0,0.0,0,0,0,0,0,3136,0,0,0,0,,interval_arithmetic=3136
490,2,lp,lower,1568,64,0.048533675999999984,0.04652762413024902,408,0,0,64,0,0,0,632,0,872,OPTIMAL=64,interval_proves_cutoff=632;lower_skipped_by_nonpositive_upper=872
490,2,lp,upper,1568,67,0.054223051,0.04765748977661133,589,0,0,67,0,0,0,869,632,0,OPTIMAL=67,interval_proves_cutoff=869;upper_skipped_by_nonnegative_interval_lower=632
490,3,lp,lower,100,2,0.004669523,0.004560947418212891,148,0,0,2,0,0,0,7,0,91,OPTIMAL=2,interval_proves_cutoff=7;lower_skipped_by_nonpositive_upper=91
490,3,lp,upper,100,2,0.005559897,0.005432844161987305,214,0,0,2,0,0,0,91,7,0,OPTIMAL=2,interval_proves_cutoff=91;upper_skipped_by_nonnegative_interval_lower=7
491,0,lp,lower,9,9,0.031862995000000005,0.031319379806518555,1178,0,0,9,0,0,0,0,0,0,OPTIMAL=9,
491,0,lp,upper,9,9,0.034925753000000004,0.03438425064086914,1235,0,0,9,0,0,0,0,0,0,OPTIMAL=9,
491,1,interval_arithmetic,lower,3136,0,0.0,0.0,0,0,0,0,0,908,0,0,0,2228,,interval_arithmetic=908;lower_skipped_by_nonpositive_upper=2228
491,1,interval_arithmetic,upper,3136,0,0.0,0.0,0,0,0,0,0,3136,0,0,0,0,,interval_arithmetic=3136
491,2,lp,lower,1568,86,0.077164077,0.07418298721313477,1161,0,0,86,0,0,0,676,0,806,OPTIMAL=86,interval_proves_cutoff=676;lower_skipped_by_nonpositive_upper=806
491,2,lp,upper,1568,99,0.097496499,0.08917045593261719,1459,0,0,99,0,0,0,793,676,0,OPTIMAL=99,interval_proves_cutoff=793;upper_skipped_by_nonnegative_interval_lower=676
491,3,lp,lower,100,1,0.004838598,0.004765510559082031,234,0,0,1,0,0,0,8,0,91,OPTIMAL=1,interval_proves_cutoff=8;lower_skipped_by_nonpositive_upper=91
491,3,lp,upper,100,1,0.00416198,0.0040395259857177734,179,0,0,1,0,0,0,91,8,0,OPTIMAL=1,interval_proves_cutoff=91;upper_skipped_by_nonnegative_interval_lower=8
492,0,lp,lower,9,9,0.067404189,0.06678080558776855,1571,0,0,9,0,0,0,0,0,0,OPTIMAL=9,
492,0,lp,upper,9,9,0.07079252899999999,0.07014966011047363,1663,0,0,9,0,0,0,0,0,0,OPTIMAL=9,
492,1,interval_arithmetic,lower,3136,0,0.0,0.0,0,0,0,0,0,906,0,0,0,2230,,interval_arithmetic=906;lower_skipped_by_nonpositive_upper=2230
492,1,interval_arithmetic,upper,3136,0,0.0,0.0,0,0,0,0,0,3136,0,0,0,0,,interval_arithmetic=3136
492,2,lp,lower,1568,96,0.092092335,0.0885472297668457,1639,0,0,96,0,0,0,670,0,802,OPTIMAL=96,interval_proves_cutoff=670;lower_skipped_by_nonpositive_upper=802
492,2,lp,upper,1568,103,0.10452131900000004,0.09575796127319336,1887,0,0,103,0,0,0,795,670,0,OPTIMAL=103,interval_proves_cutoff=795;upper_skipped_by_nonnegative_interval_lower=670
492,3,lp,lower,100,1,0.007279764,0.0072002410888671875,274,0,0,1,0,0,0,8,0,91,OPTIMAL=1,interval_proves_cutoff=8;lower_skipped_by_nonpositive_upper=91
492,3,lp,upper,100,1,0.004821651,0.004732370376586914,210,0,0,1,0,0,0,91,8,0,OPTIMAL=1,interval_proves_cutoff=91;upper_skipped_by_nonnegative_interval_lower=8
493,0,lp,lower,9,9,0.030143458,0.029613971710205078,992,0,0,9,0,0,0,0,0,0,OPTIMAL=9,
493,0,lp,upper,9,9,0.026288264,0.02574634552001953,984,0,0,9,0,0,0,0,0,0,OPTIMAL=9,
493,1,interval_arithmetic,lower,3136,0,0.0,0.0,0,0,0,0,0,916,0,0,0,2220,,interval_arithmetic=916;lower_skipped_by_nonpositive_upper=2220
493,1,interval_arithmetic,upper,3136,0,0.0,0.0,0,0,0,0,0,3136,0,0,0,0,,interval_arithmetic=3136
493,2,lp,lower,1568,75,0.058157939,0.05576014518737793,474,0,0,75,0,0,0,685,0,808,OPTIMAL=75,interval_proves_cutoff=685;lower_skipped_by_nonpositive_upper=808
493,2,lp,upper,1568,76,0.06943585099999999,0.06251764297485352,571,0,0,76,0,0,0,807,685,0,OPTIMAL=76,interval_proves_cutoff=807;upper_skipped_by_nonnegative_interval_lower=685
493,3,lp,lower,100,0,0.0,0.0,0,0,0,0,0,0,0,9,0,91,,interval_proves_cutoff=9;lower_skipped_by_nonpositive_upper=91
493,3,lp,upper,100,0,0.0,0.0,0,0,0,0,0,0,0,91,9,0,,interval_proves_cutoff=91;upper_skipped_by_nonnegative_interval_lower=9
494,0,lp,lower,9,9,0.09562119599999999,0.09495067596435547,2060,0,0,9,0,0,0,0,0,0,OPTIMAL=9,
494,0,lp,upper,9,9,0.11121430199999999,0.11050605773925781,2413,0,0,9,0,0,0,0,0,0,OPTIMAL=9,
494,1,interval_arithmetic,lower,3136,0,0.0,0.0,0,0,0,0,0,981,0,0,0,2155,,interval_arithmetic=981;lower_skipped_by_nonpositive_upper=2155
494,1,interval_arithmetic,upper,3136,0,0.0,0.0,0,0,0,0,0,3136,0,0,0,0,,interval_arithmetic=3136
494,2,lp,lower,1568,108,0.10741312099999999,0.10341572761535645,1504,0,0,108,0,0,0,697,0,763,OPTIMAL=108,interval_proves_cutoff=697;lower_skipped_by_nonpositive_upper=763
494,2,lp,upper,1568,112,0.12241126000000004,0.1126701831817627,1828,0,0,112,0,0,0,759,697,0,OPTIMAL=112,interval_proves_cutoff=759;upper_skipped_by_nonnegative_interval_lower=697
494,3,lp,lower,100,2,0.010800957,0.01065969467163086,375,0,0,2,0,0,0,7,0,91,OPTIMAL=2,interval_proves_cutoff=7;lower_skipped_by_nonpositive_upper=91
494,3,lp,upper,100,2,0.010293739,0.010131359100341797,449,0,0,2,0,0,0,91,7,0,OPTIMAL=2,interval_proves_cutoff=91;upper_skipped_by_nonnegative_interval_lower=7
495,0,lp,lower,9,9,0.064987183,0.0643312931060791,1511,0,0,9,0,0,0,0,0,0,OPTIMAL=9,
495,0,lp,upper,9,9,0.06448673799999999,0.06385254859924316,1485,0,0,9,0,0,0,0,0,0,OPTIMAL=9,
495,1,interval_arithmetic,lower,3136,0,0.0,0.0,0,0,0,0,0,909,0,0,0,2227,,interval_arithmetic=909;lower_skipped_by_nonpositive_upper=2227
495,1,interval_arithmetic,upper,3136,0,0.0,0.0,0,0,0,0,0,3136,0,0,0,0,,interval_arithmetic=3136
495,2,lp,lower,1568,99,0.08724544200000005,0.08389592170715332,970,0,0,99,0,0,0,642,0,827,OPTIMAL=99,interval_proves_cutoff=642;lower_skipped_by_nonpositive_upper=827
495,2,lp,upper,1568,99,0.09123467000000002,0.08323788642883301,1042,0,0,99,0,0,0,827,642,0,OPTIMAL=99,interval_proves_cutoff=827;upper_skipped_by_nonnegative_interval_lower=642
495,3,lp,lower,100,2,0.010107766,0.009977579116821289,310,0,0,2,0,0,0,7,0,91,OPTIMAL=2,interval_proves_cutoff=7;lower_skipped_by_nonpositive_upper=91
495,3,lp,upper,100,2,0.011265984,0.011109113693237305,379,0,0,2,0,0,0,91,7,0,OPTIMAL=2,interval_proves_cutoff=91;upper_skipped_by_nonnegative_interval_lower=7
496,0,lp,lower,9,9,0.024308383000000003,0.023819446563720703,941,0,0,9,0,0,0,0,0,0,OPTIMAL=9,
496,0,lp,upper,9,9,0.026420977,0.025890350341796875,963,0,0,9,0,0,0,0,0,0,OPTIMAL=9,
496,1,interval_arithmetic,lower,3136,0,0.0,0.0,0,0,0,0,0,974,0,0,0,2162,,interval_arithmetic=974;lower_skipped_by_nonpositive_upper=2162
496,1,interval_arithmetic,upper,3136,0,0.0,0.0,0,0,0,0,0,3136,0,0,0,0,,interval_arithmetic=3136
496,2,lp,lower,1568,73,0.062731248,0.060201168060302734,857,0,0,73,0,0,0,673,0,822,OPTIMAL=73,interval_proves_cutoff=673;lower_skipped_by_nonpositive_upper=822
496,2,lp,upper,1568,84,0.086272301,0.07846593856811523,1150,0,0,84,0,0,0,811,673,0,OPTIMAL=84,interval_proves_cutoff=811;upper_skipped_by_nonnegative_interval_lower=673
496,3,lp,lower,100,0,0.0,0.0,0,0,0,0,0,0,0,9,0,91,,interval_proves_cutoff=9;lower_skipped_by_nonpositive_upper=91
496,3,lp,upper,100,0,0.0,0.0,0,0,0,0,0,0,0,91,9,0,,interval_proves_cutoff=91;upper_skipped_by_nonnegative_interval_lower=9
497,0,lp,lower,9,9,0.043060864000000004,0.04250311851501465,1208,0,0,9,0,0,0,0,0,0,OPTIMAL=9,
497,0,lp,upper,9,9,0.046980606999999994,0.04639148712158203,1278,0,0,9,0,0,0,0,0,0,OPTIMAL=9,
497,1,interval_arithmetic,lower,3136,0,0.0,0.0,0,0,0,0,0,889,0,0,0,2247,,interval_arithmetic=889;lower_skipped_by_nonpositive_upper=2247
497,1,interval_arithmetic,upper,3136,0,0.0,0.0,0,0,0,0,0,3136,0,0,0,0,,interval_arithmetic=3136
497,2,lp,lower,1568,88,0.084605956,0.08152627944946289,1525,0,0,88,0,0,0,642,0,838,OPTIMAL=88,interval_proves_cutoff=642;lower_skipped_by_nonpositive_upper=838
497,2,lp,upper,1568,93,0.103304318,0.08548712730407715,1511,0,0,93,0,0,0,833,642,0,OPTIMAL=93,interval_proves_cutoff=833;upper_skipped_by_nonnegative_interval_lower=642
497,3,lp,lower,100,2,0.009828904,0.009699106216430664,256,0,0,2,0,0,0,7,0,91,OPTIMAL=2,interval_proves_cutoff=7;lower_skipped_by_nonpositive_upper=91
497,3,lp,upper,100,2,0.009405553,0.009251832962036133,329,0,0,2,0,0,0,91,7,0,OPTIMAL=2,interval_proves_cutoff=91;upper_skipped_by_nonnegative_interval_lower=7
498,0,lp,lower,9,9,0.033592207,0.03307485580444336,954,0,0,9,0,0,0,0,0,0,OPTIMAL=9,
498,0,lp,upper,9,9,0.038302974999999996,0.03773617744445801,1007,0,0,9,0,0,0,0,0,0,OPTIMAL=9,
498,1,interval_arithmetic,lower,3136,0,0.0,0.0,0,0,0,0,0,877,0,0,0,2259,,interval_arithmetic=877;lower_skipped_by_nonpositive_upper=2259
498,1,interval_arithmetic,upper,3136,0,0.0,0.0,0,0,0,0,0,3136,0,0,0,0,,interval_arithmetic=3136
498,2,lp,lower,1568,66,0.055235897,0.05313372611999512,677,0,0,66,0,0,0,642,0,860,OPTIMAL=66,interval_proves_cutoff=642;lower_skipped_by_nonpositive_upper=860
498,2,lp,upper,1568,67,0.06317221400000002,0.05612802505493164,730,0,0,67,0,0,0,859,642,0,OPTIMAL=67,interval_proves_cutoff=859;upper_skipped_by_nonnegative_interval_lower=642
498,3,lp,lower,100,1,0.003550157,0.003487110137939453,177,0,0,1,0,0,0,8,0,91,OPTIMAL=1,interval_proves_cutoff=8;lower_skipped_by_nonpositive_upper=91
498,3,lp,upper,100,1,0.003258828,0.003186464309692383,156,0,0,1,0,0,0,91,8,0,OPTIMAL=1,interval_proves_cutoff=91;upper_skipped_by_nonnegative_interval_lower=8
499,0,lp,lower,9,9,0.062989236,0.06238555908203125,1655,0,0,9,0,0,0,0,0,0,OPTIMAL=9,
499,0,lp,upper,9,9,0.05994177700000001,0.05934262275695801,1508,0,0,9,0,0,0,0,0,0,OPTIMAL=9,
499,1,interval_arithmetic,lower,3136,0,0.0,0.0,0,0,0,0,0,918,0,0,0,2218,,interval_arithmetic=918;lower_skipped_by_nonpositive_upper=2218
499,1,interval_arithmetic,upper,3136,0,0.0,0.0,0,0,0,0,0,3136,0,0,0,0,,interval_arithmetic=3136
499,2,lp,lower,1568,88,0.07974041000000004,0.07670760154724121,1291,0,0,88,0,0,0,667,0,813,OPTIMAL=88,interval_proves_cutoff=667;lower_skipped_by_nonpositive_upper=813
499,2,lp,upper,1568,93,0.08976644699999997,0.08135652542114258,1498,0,0,93,0,0,0,808,667,0,OPTIMAL=93,interval_proves_cutoff=808;upper_skipped_by_nonnegative_interval_lower=667
499,3,lp,lower,100,1,0.007411703,0.0073392391204833984,259,0,0,1,0,0,0,8,0,91,OPTIMAL=1,interval_proves_cutoff=8;lower_skipped_by_nonpositive_upper=91
499,3,lp,upper,100,1,0.004977593,0.0048980712890625,216,0,0,1,0,0,0,91,8,0,OPTIMAL=1,interval_proves_cutoff=91;upper_skipped_by_nonnegative_interval_lower=8
500,0,lp,lower,9,9,0.033565703,0.0330348014831543,1022,0,0,9,0,0,0,0,0,0,OPTIMAL=9,
500,0,lp,upper,9,9,0.032639726,0.03207206726074219,1060,0,0,9,0,0,0,0,0,0,OPTIMAL=9,
500,1,interval_arithmetic,lower,3136,0,0.0,0.0,0,0,0,0,0,874,0,0,0,2262,,interval_arithmetic=874;lower_skipped_by_nonpositive_upper=2262
500,1,interval_arithmetic,upper,3136,0,0.0,0.0,0,0,0,0,0,3136,0,0,0,0,,interval_arithmetic=3136
500,2,lp,lower,1568,68,0.062713458,0.06035590171813965,1018,0,0,68,0,0,0,644,0,856,OPTIMAL=68,interval_proves_cutoff=644;lower_skipped_by_nonpositive_upper=856
500,2,lp,upper,1568,69,0.07305050599999996,0.06605005264282227,1186,0,0,69,0,0,0,855,644,0,OPTIMAL=69,interval_proves_cutoff=855;upper_skipped_by_nonnegative_interval_lower=644
500,3,lp,lower,100,0,0.0,0.0,0,0,0,0,0,0,0,9,0,91,,interval_proves_cutoff=9;lower_skipped_by_nonpositive_upper=91
500,3,lp,upper,100,0,0.0,0.0,0,0,0,0,0,0,0,91,9,0,,interval_proves_cutoff=91;upper_skipped_by_nonnegative_interval_lower=9
